set	sample_id	contig_id	ORF_ID	Best_Hit_ARO	ARO	Cut_Off	Best_Identities	Percentage_Length_of_Reference_Sequence	Drug_Class	Resistance_Mechanism	AMR_Gene_Family	Antibiotic	matched_to_genomad	genomad_context	chromosome_score	plasmid_score	virus_score
selected8	ERR1713369	k141_208196	k141_208196_6 # 3931 # 4440 # -1 # ID=843_6;partial=00;start_type=ATG;rbs_motif=GGAGG;rbs_spacer=5-10bp;gc_cont=0.412	nimJ	3007112	Strict	55.83	102.42	nitroimidazole antibiotic	antibiotic inactivation	nitroimidazole reductase	metronidazole	yes	plasmid_like	0.006	0.9823	0.0118
selected8	ERR1713369	k141_520540	k141_520540_1 # 206 # 1072 # 1 # ID=1872_1;partial=00;start_type=ATG;rbs_motif=GGAG/GAGG;rbs_spacer=5-10bp;gc_cont=0.383	CARB-4	3002243	Strict	97.92	100.00	penam	antibiotic inactivation	CARB beta-lactamase		yes	plasmid_like	0.199	0.6414	0.1596
selected8	ERR1713369	k141_625322	k141_625322_1 # 291 # 1841 # 1 # ID=3213_1;partial=01;start_type=ATG;rbs_motif=None;rbs_spacer=None;gc_cont=0.531	vanT gene in vanG cluster	3002972	Strict	33.24	72.61	glycopeptide antibiotic	antibiotic target alteration	glycopeptide resistance gene cluster; vanT	vancomycin	yes	chromosome_like	0.5963	0.2429	0.1608
selected8	ERR1713369	k141_314564	k141_314564_1 # 372 # 1163 # -1 # ID=4416_1;partial=00;start_type=ATG;rbs_motif=GGAG/GAGG;rbs_spacer=5-10bp;gc_cont=0.650	Erm(51)	3007033	Strict	99.62	100.00	macrolide antibiotic; lincosamide antibiotic; streptogramin antibiotic; streptogramin B antibiotic	antibiotic target alteration	Erm 23S ribosomal RNA methyltransferase	erythromycin; clarithromycin; clindamycin; azithromycin; pristinamycin IB	yes	virus_like	0.1357	0.3837	0.4806
selected8	ERR1713369	k141_211072	k141_211072_1 # 3 # 890 # -1 # ID=4856_1;partial=10;start_type=ATG;rbs_motif=AGGAGG;rbs_spacer=5-10bp;gc_cont=0.577	vanT gene in vanG cluster	3002972	Strict	35.81	41.57	glycopeptide antibiotic	antibiotic target alteration	glycopeptide resistance gene cluster; vanT	vancomycin	yes	chromosome_like	0.5447	0.3075	0.1478
selected8	ERR1713369	k141_418732	k141_418732_2 # 623 # 955 # 1 # ID=4966_2;partial=00;start_type=ATG;rbs_motif=GGA/GAG/AGG;rbs_spacer=5-10bp;gc_cont=0.375	qacG	3007015	Strict	45.71	102.80	disinfecting agents and antiseptics	antibiotic efflux	small multidrug resistance (SMR) antibiotic efflux pump	benzalkonium chloride	yes	chromosome_like	0.96	0.0288	0.0112
selected8	ERR1713369	k141_211906	k141_211906_1 # 250 # 1626 # 1 # ID=5990_1;partial=00;start_type=ATG;rbs_motif=TAA;rbs_spacer=4bp;gc_cont=0.396	vanY gene in vanM cluster	3002961	Strict	32.05	196.57	glycopeptide antibiotic	antibiotic target alteration	vanY; glycopeptide resistance gene cluster	vancomycin; teicoplanin	yes	plasmid_like	0.1913	0.4732	0.3355
selected8	ERR1713369	k141_419531	k141_419531_2 # 647 # 1372 # 1 # ID=6128_2;partial=00;start_type=ATG;rbs_motif=GGAG/GAGG;rbs_spacer=5-10bp;gc_cont=0.326	vanY gene in vanB cluster	3002956	Strict	47.37	89.93	glycopeptide antibiotic	antibiotic target alteration	vanY; glycopeptide resistance gene cluster	vancomycin	yes	plasmid_like	0.0296	0.8761	0.0943
selected8	ERR1713369	k141_212016	k141_212016_2 # 788 # 1783 # -1 # ID=6166_2;partial=00;start_type=ATG;rbs_motif=TATAA;rbs_spacer=3bp;gc_cont=0.358	CfxA6	3003097	Strict	99.4	100.00	cephamycin	antibiotic inactivation	CfxA beta-lactamase		yes	plasmid_like	0.1448	0.7562	0.099
selected8	ERR1713369	k141_212227	k141_212227_2 # 460 # 1617 # -1 # ID=6451_2;partial=00;start_type=ATG;rbs_motif=GGA/GAG/AGG;rbs_spacer=5-10bp;gc_cont=0.547	mdtE	3000795	Perfect	100.0	100.00	macrolide antibiotic; fluoroquinolone antibiotic; penam	antibiotic efflux	resistance-nodulation-cell division (RND) antibiotic efflux pump	erythromycin; cloxacillin; oxacillin; norfloxacin	yes	plasmid_like	0.0744	0.8433	0.0822
selected8	ERR1713369	k141_523641	k141_523641_2 # 527 # 1966 # 1 # ID=6591_2;partial=00;start_type=ATG;rbs_motif=GGA/GAG/AGG;rbs_spacer=5-10bp;gc_cont=0.247	AAC(6')-Ie-APH(2'')-Ia bifunctional protein	3002597	Perfect	100.0	100.00	aminoglycoside antibiotic	antibiotic inactivation	aminoglycoside bifunctional resistance protein	dibekacin; amikacin; sisomicin; netilmicin; kanamycin A; tobramycin; gentamicin A; 2'-N-ethylnetilmicin; 5-episisomicin; gentamicin	yes	chromosome_like	0.5413	0.2418	0.2169
selected8	ERR1713369	k141_523832	k141_523832_2 # 807 # 2078 # 1 # ID=6883_2;partial=01;start_type=ATG;rbs_motif=GGAGG;rbs_spacer=5-10bp;gc_cont=0.398	vanW gene in vanI cluster	3003724	Strict	35.44	113.67	glycopeptide antibiotic	antibiotic target alteration	vanW; glycopeptide resistance gene cluster	vancomycin; teicoplanin	yes	chromosome_like	0.9465	0.0384	0.0151
selected8	ERR1713369	k141_316537	k141_316537_3 # 822 # 2006 # 1 # ID=7658_3;partial=00;start_type=ATG;rbs_motif=AGGA;rbs_spacer=5-10bp;gc_cont=0.576	tet(D)	3000168	Perfect	100.0	100.00	tetracycline antibiotic	antibiotic efflux	major facilitator superfamily (MFS) antibiotic efflux pump	tetracycline	yes	plasmid_like	0.0316	0.9413	0.0271
selected8	ERR1713369	k141_108985	k141_108985_2 # 443 # 1339 # 1 # ID=8075_2;partial=00;start_type=ATG;rbs_motif=TAA;rbs_spacer=6bp;gc_cont=0.419	CARB-8	3002247	Perfect	100.0	100.00	penam	antibiotic inactivation	CARB beta-lactamase		yes	plasmid_like	0.0971	0.6949	0.208
selected8	ERR1713369	k141_732571	k141_732571_3 # 1568 # 2776 # 1 # ID=9136_3;partial=00;start_type=ATG;rbs_motif=GGxGG;rbs_spacer=5-10bp;gc_cont=0.597	vanT gene in vanG cluster	3002972	Strict	35.11	56.46	glycopeptide antibiotic	antibiotic target alteration	glycopeptide resistance gene cluster; vanT	vancomycin	yes	chromosome_like	0.5307	0.3873	0.082
selected8	ERR1713369	k141_4788	k141_4788_2 # 517 # 1086 # -1 # ID=11218_2;partial=00;start_type=ATG;rbs_motif=GGAG/GAGG;rbs_spacer=5-10bp;gc_cont=0.463	dfrA19	3003015	Strict	99.47	100.00	diaminopyrimidine antibiotic	antibiotic target replacement	trimethoprim resistant dihydrofolate reductase dfr	trimethoprim	yes	virus_like	0.2971	0.3044	0.3985
selected8	ERR1713369	k141_319693	k141_319693_2 # 630 # 1052 # -1 # ID=12276_2;partial=01;start_type=Edge;rbs_motif=None;rbs_spacer=None;gc_cont=0.626	vanY gene in vanB cluster	3002956	Strict	43.51	52.24	glycopeptide antibiotic	antibiotic target alteration	vanY; glycopeptide resistance gene cluster	vancomycin	yes	plasmid_like	0.2623	0.508	0.2296
selected8	ERR1713369	k141_5302	k141_5302_3 # 1965 # 2804 # -1 # ID=12357_3;partial=00;start_type=GTG;rbs_motif=TAA;rbs_spacer=5bp;gc_cont=0.335	vanW gene in vanG cluster	3002965	Strict	28.63	99.29	glycopeptide antibiotic	antibiotic target alteration	vanW; glycopeptide resistance gene cluster	vancomycin	yes	plasmid_like	0.0693	0.7878	0.1429
selected8	ERR1713369	k141_111880	k141_111880_5 # 4433 # 6124 # -1 # ID=12507_5;partial=00;start_type=ATG;rbs_motif=GGA/GAG/AGG;rbs_spacer=5-10bp;gc_cont=0.467	ICR-Mo	3004569	Strict	95.38	100.90	peptide antibiotic	antibiotic target alteration	intrinsic colistin resistant phosphoethanolamine transferase	colistin A; colistin B	yes	chromosome_like	0.6606	0.2804	0.059
selected8	ERR1713369	k141_631390	k141_631390_3 # 1118 # 2272 # -1 # ID=12597_3;partial=01;start_type=Edge;rbs_motif=None;rbs_spacer=None;gc_cont=0.567	Klebsiella pneumoniae KpnH	3004597	Strict	99.48	75.00	macrolide antibiotic; fluoroquinolone antibiotic; aminoglycoside antibiotic; carbapenem; cephalosporin; penam; peptide antibiotic; penem	antibiotic efflux	major facilitator superfamily (MFS) antibiotic efflux pump	erythromycin; gentamicin C; ciprofloxacin; spectinomycin; streptomycin; tobramycin; ceftazidime; ertapenem; piperacillin; azithromycin; imipenem; polymyxin B; polymyxin B1; polymyxin B2; polymyxin B3; polymyxin B4; norfloxacin; ticarcillin; gentamicin	yes	chromosome_like	0.6358	0.2729	0.0913
selected8	ERR1713369	k141_632028	k141_632028_1 # 2 # 655 # 1 # ID=13531_1;partial=10;start_type=Edge;rbs_motif=None;rbs_spacer=None;gc_cont=0.402	vanY gene in vanB cluster	3002956	Strict	42.16	80.97	glycopeptide antibiotic	antibiotic target alteration	vanY; glycopeptide resistance gene cluster	vancomycin	yes	plasmid_like	0.3327	0.3454	0.3219
selected8	ERR1713369	k141_424421	k141_424421_1 # 286 # 1068 # -1 # ID=13569_1;partial=00;start_type=ATG;rbs_motif=GGA/GAG/AGG;rbs_spacer=11-12bp;gc_cont=0.522	NPS-1	3004239	Perfect	100.0	100.00	cephalosporin; penam	antibiotic inactivation	NPS beta-lactamase		yes	plasmid_like	0.3913	0.5335	0.0752
selected8	ERR1713369	k141_112648	k141_112648_2 # 431 # 1210 # 1 # ID=13899_2;partial=00;start_type=GTG;rbs_motif=GGAG/GAGG;rbs_spacer=5-10bp;gc_cont=0.519	aadA2	3002602	Perfect	100.0	100.00	aminoglycoside antibiotic	antibiotic inactivation	ANT(3'')	spectinomycin; streptomycin	yes	plasmid_like	0.0294	0.9366	0.034
selected8	ERR1713369	k141_217491	k141_217491_2 # 643 # 1398 # -1 # ID=14518_2;partial=01;start_type=Edge;rbs_motif=None;rbs_spacer=None;gc_cont=0.317	EreD	3004608	Strict	99.6	61.52	macrolide antibiotic	antibiotic inactivation	macrolide esterase	erythromycin	yes	chromosome_like	0.6144	0.2146	0.171
selected8	ERR1713369	k141_217500	k141_217500_1 # 1 # 756 # 1 # ID=14568_1;partial=10;start_type=Edge;rbs_motif=None;rbs_spacer=None;gc_cont=0.317	EreD	3004608	Strict	92.83	61.52	macrolide antibiotic	antibiotic inactivation	macrolide esterase	erythromycin	yes	chromosome_like	0.6276	0.1784	0.194
selected8	ERR1713369	k141_632891	k141_632891_35 # 36925 # 37995 # 1 # ID=14857_35;partial=00;start_type=ATG;rbs_motif=AGGAG;rbs_spacer=5-10bp;gc_cont=0.285	vanT gene in vanG cluster	3002972	Strict	33.79	50.00	glycopeptide antibiotic	antibiotic target alteration	glycopeptide resistance gene cluster; vanT	vancomycin	yes	chromosome_like	0.8011	0.1381	0.0608
selected8	ERR1713369	k141_113371	k141_113371_2 # 1361 # 1705 # 1 # ID=15054_2;partial=00;start_type=ATG;rbs_motif=TAA;rbs_spacer=11bp;gc_cont=0.371	qacJ	3007014	Strict	46.23	106.54	disinfecting agents and antiseptics	antibiotic efflux	small multidrug resistance (SMR) antibiotic efflux pump	benzalkonium chloride	yes	chromosome_like	0.5993	0.3649	0.0358
selected8	ERR1713369	k141_218006	k141_218006_4 # 1309 # 2355 # 1 # ID=15315_4;partial=01;start_type=ATG;rbs_motif=None;rbs_spacer=None;gc_cont=0.469	vanW gene in vanI cluster	3003724	Strict	29.34	93.57	glycopeptide antibiotic	antibiotic target alteration	vanW; glycopeptide resistance gene cluster	vancomycin; teicoplanin	yes	chromosome_like	0.7899	0.1521	0.058
selected8	ERR1713369	k141_633282	k141_633282_1 # 289 # 1239 # 1 # ID=15404_1;partial=01;start_type=GTG;rbs_motif=AGGAG;rbs_spacer=5-10bp;gc_cont=0.518	vanT gene in vanG cluster	3002972	Strict	37.78	44.52	glycopeptide antibiotic	antibiotic target alteration	glycopeptide resistance gene cluster; vanT	vancomycin	yes	chromosome_like	0.571	0.2543	0.1747
selected8	ERR1713369	k141_218229	k141_218229_6 # 4652 # 6010 # -1 # ID=15736_6;partial=00;start_type=GTG;rbs_motif=GGA/GAG/AGG;rbs_spacer=5-10bp;gc_cont=0.492	vanW gene in vanI cluster	3003724	Strict	32.03	121.18	glycopeptide antibiotic	antibiotic target alteration	vanW; glycopeptide resistance gene cluster	vancomycin; teicoplanin	yes	chromosome_like	0.9564	0.0315	0.0121
selected8	ERR1713369	k141_6885	k141_6885_4 # 2329 # 2826 # 1 # ID=16007_4;partial=00;start_type=ATG;rbs_motif=TAAAAA;rbs_spacer=13bp;gc_cont=0.321	dfrG	3002868	Perfect	100.0	100.00	diaminopyrimidine antibiotic	antibiotic target replacement	trimethoprim resistant dihydrofolate reductase dfr	trimethoprim	yes	plasmid_like	0.0053	0.9781	0.0165
selected8	ERR1713369	k141_530645	k141_530645_2 # 494 # 988 # 1 # ID=17006_2;partial=00;start_type=ATG;rbs_motif=GGAGG;rbs_spacer=5-10bp;gc_cont=0.349	lnuD	3002838	Strict	84.15	100.00	lincosamide antibiotic	antibiotic inactivation	lincosamide nucleotidyltransferase (LNU)	lincomycin; clindamycin	yes	plasmid_like	0.1795	0.675	0.1455
selected8	ERR1713369	k141_323306	k141_323306_17 # 11776 # 12534 # 1 # ID=17762_17;partial=00;start_type=ATG;rbs_motif=None;rbs_spacer=None;gc_cont=0.406	vanY gene in vanB cluster	3002956	Strict	42.06	94.03	glycopeptide antibiotic	antibiotic target alteration	vanY; glycopeptide resistance gene cluster	vancomycin	yes	chromosome_like	0.4848	0.4633	0.052
selected8	ERR1713369	k141_323482	k141_323482_3 # 2431 # 3597 # 1 # ID=17980_3;partial=00;start_type=ATG;rbs_motif=None;rbs_spacer=None;gc_cont=0.374	tet(X)	3000205	Strict	99.48	100.00	glycylcycline; tetracycline antibiotic	antibiotic inactivation	tetracycline inactivation enzyme	tigecycline; tetracycline; doxycycline; minocycline; chlortetracycline; demeclocycline; oxytetracycline	yes	chromosome_like	0.5334	0.4278	0.0388
selected8	ERR1713369	k141_323645	k141_323645_2 # 554 # 1021 # -1 # ID=18240_2;partial=01;start_type=Edge;rbs_motif=None;rbs_spacer=None;gc_cont=0.521	tet(W/N/W)	3004442	Strict	96.1	24.26	tetracycline antibiotic	antibiotic target protection	tetracycline-resistant ribosomal protection protein	tetracycline; minocycline; chlortetracycline	yes	plasmid_like	0.3978	0.4151	0.1872
selected8	ERR1713369	k141_635214	k141_635214_1 # 46 # 1095 # -1 # ID=18284_1;partial=00;start_type=ATG;rbs_motif=AGGAG/GGAGG;rbs_spacer=11-12bp;gc_cont=0.279	vanG	3002909	Strict	53.35	100.00	glycopeptide antibiotic	antibiotic target alteration	glycopeptide resistance gene cluster; Van ligase	vancomycin	yes	chromosome_like	0.452	0.3373	0.2107
selected8	ERR1713369	k141_532029	k141_532029_5 # 1621 # 3504 # 1 # ID=18969_5;partial=00;start_type=ATG;rbs_motif=AGGAGG;rbs_spacer=5-10bp;gc_cont=0.459	vanY gene in vanB cluster	3002956	Strict	43.09	233.96	glycopeptide antibiotic	antibiotic target alteration	vanY; glycopeptide resistance gene cluster	vancomycin	yes	plasmid_like	0.1686	0.7624	0.0689
selected8	ERR1713369	k141_740144	k141_740144_2 # 263 # 940 # 1 # ID=20666_2;partial=00;start_type=GTG;rbs_motif=GGA/GAG/AGG;rbs_spacer=5-10bp;gc_cont=0.572	kdpE	3003841	Strict	99.11	100.00	aminoglycoside antibiotic	antibiotic efflux	kdpDE	kanamycin A	yes	chromosome_like	0.5888	0.275	0.1362
selected8	ERR1713369	k141_740756	k141_740756_2 # 816 # 1148 # 1 # ID=21618_2;partial=00;start_type=ATG;rbs_motif=AGGA;rbs_spacer=5-10bp;gc_cont=0.547	qacJ	3007014	Strict	40.95	102.80	disinfecting agents and antiseptics	antibiotic efflux	small multidrug resistance (SMR) antibiotic efflux pump	benzalkonium chloride	yes	plasmid_like	0.0983	0.8403	0.0613
selected8	ERR1713369	k141_326057	k141_326057_2 # 893 # 1735 # -1 # ID=22177_2;partial=00;start_type=ATG;rbs_motif=None;rbs_spacer=None;gc_cont=0.498	vanW gene in vanG cluster	3002965	Strict	34.29	99.64	glycopeptide antibiotic	antibiotic target alteration	vanW; glycopeptide resistance gene cluster	vancomycin	yes	chromosome_like	0.7179	0.1787	0.1034
selected8	ERR1713369	k141_741148	k141_741148_1 # 1 # 777 # 1 # ID=22229_1;partial=10;start_type=Edge;rbs_motif=None;rbs_spacer=None;gc_cont=0.417	vanT gene in vanG cluster	3002972	Strict	39.22	36.24	glycopeptide antibiotic	antibiotic target alteration	glycopeptide resistance gene cluster; vanT	vancomycin	yes	chromosome_like	0.74	0.2083	0.0517
selected8	ERR1713369	k141_430188	k141_430188_3 # 1168 # 3618 # 1 # ID=22235_3;partial=00;start_type=ATG;rbs_motif=AATAA;rbs_spacer=6bp;gc_cont=0.302	vanT gene in vanG cluster	3002972	Strict	34.8	114.61	glycopeptide antibiotic	antibiotic target alteration	glycopeptide resistance gene cluster; vanT	vancomycin	yes	chromosome_like	0.9714	0.0205	0.0081
selected8	ERR1713369	k141_431008	k141_431008_12 # 9444 # 11363 # -1 # ID=23421_12;partial=00;start_type=ATG;rbs_motif=AGGAGG;rbs_spacer=5-10bp;gc_cont=0.412	tet(32)	3000196	Strict	98.9	100.00	tetracycline antibiotic	antibiotic target protection	tetracycline-resistant ribosomal protection protein	tetracycline; doxycycline; minocycline; chlortetracycline; demeclocycline; oxytetracycline	yes	plasmid_like	0.0019	0.9914	0.0067
selected8	ERR1713369	k141_535927	k141_535927_4 # 2174 # 3388 # -1 # ID=24841_4;partial=00;start_type=ATG;rbs_motif=AGGA/GGAG/GAGG;rbs_spacer=11-12bp;gc_cont=0.584	floR	3002705	Strict	99.75	100.00	phenicol antibiotic	antibiotic efflux	major facilitator superfamily (MFS) antibiotic efflux pump	chloramphenicol; florfenicol	yes	plasmid_like	0.0117	0.9703	0.018
selected8	ERR1713369	k141_433232	k141_433232_2 # 377 # 3577 # -1 # ID=26661_2;partial=00;start_type=ATG;rbs_motif=GGAG/GAGG;rbs_spacer=5-10bp;gc_cont=0.644	adeF	3000777	Strict	46.28	100.66	fluoroquinolone antibiotic; tetracycline antibiotic	antibiotic efflux	resistance-nodulation-cell division (RND) antibiotic efflux pump	tetracycline	yes	chromosome_like	0.9245	0.0599	0.0155
selected8	ERR1713369	k141_329367	k141_329367_2 # 545 # 1585 # -1 # ID=26899_2;partial=00;start_type=ATG;rbs_motif=GGA/GAG/AGG;rbs_spacer=5-10bp;gc_cont=0.468	vanG	3002909	Strict	39.42	99.14	glycopeptide antibiotic	antibiotic target alteration	glycopeptide resistance gene cluster; Van ligase	vancomycin	yes	chromosome_like	0.9741	0.0184	0.0075
selected8	ERR1713369	k141_433578	k141_433578_2 # 1086 # 1271 # -1 # ID=27166_2;partial=00;start_type=ATG;rbs_motif=AGGAG;rbs_spacer=5-10bp;gc_cont=0.495	rsmA	3005069	Strict	85.25	100.00	fluoroquinolone antibiotic; diaminopyrimidine antibiotic; phenicol antibiotic	antibiotic efflux	resistance-nodulation-cell division (RND) antibiotic efflux pump	trimethoprim; chloramphenicol	yes	plasmid_like	0.2278	0.5414	0.2308
selected8	ERR1713369	k141_11608	k141_11608_9 # 8639 # 8956 # 1 # ID=27205_9;partial=00;start_type=ATG;rbs_motif=AGGA;rbs_spacer=5-10bp;gc_cont=0.286	qacJ	3007014	Strict	43.88	98.13	disinfecting agents and antiseptics	antibiotic efflux	small multidrug resistance (SMR) antibiotic efflux pump	benzalkonium chloride	yes	chromosome_like	0.9507	0.0353	0.014
selected8	ERR1713369	k141_12003	k141_12003_2 # 298 # 732 # -1 # ID=28022_2;partial=00;start_type=GTG;rbs_motif=GGA/GAG/AGG;rbs_spacer=5-10bp;gc_cont=0.480	Escherichia coli AcrAB-TolC with MarR mutations conferring resistance to ciprofloxacin and tetracycline	3003378	Strict	88.89	100.00	fluoroquinolone antibiotic; cephalosporin; glycylcycline; penam; tetracycline antibiotic; rifamycin antibiotic; phenicol antibiotic; disinfecting agents and antiseptics	antibiotic target alteration; antibiotic efflux	resistance-nodulation-cell division (RND) antibiotic efflux pump	tigecycline; ciprofloxacin; tetracycline; rifampin; chloramphenicol; ampicillin; cefalotin; triclosan	yes	plasmid_like	0.1998	0.7132	0.0871
selected8	ERR1713369	k141_330285	k141_330285_4 # 3966 # 5597 # -1 # ID=28214_4;partial=00;start_type=ATG;rbs_motif=AGGA;rbs_spacer=5-10bp;gc_cont=0.470	ICR-Mo	3004569	Strict	80.88	97.31	peptide antibiotic	antibiotic target alteration	intrinsic colistin resistant phosphoethanolamine transferase	colistin A; colistin B	yes	chromosome_like	0.8054	0.1518	0.0428
selected8	ERR1713369	k141_538316	k141_538316_1 # 1 # 3135 # 1 # ID=28451_1;partial=10;start_type=Edge;rbs_motif=None;rbs_spacer=None;gc_cont=0.626	adeF	3000777	Strict	43.38	98.58	fluoroquinolone antibiotic; tetracycline antibiotic	antibiotic efflux	resistance-nodulation-cell division (RND) antibiotic efflux pump	tetracycline	yes	chromosome_like	0.6326	0.3085	0.059
selected8	ERR1713369	k141_122215	k141_122215_2 # 182 # 511 # 1 # ID=28537_2;partial=00;start_type=ATG;rbs_motif=GGAGG;rbs_spacer=5-10bp;gc_cont=0.515	Klebsiella pneumoniae KpnF	3004583	Strict	85.32	100.00	macrolide antibiotic; aminoglycoside antibiotic; cephalosporin; tetracycline antibiotic; peptide antibiotic; rifamycin antibiotic; disinfecting agents and antiseptics	antibiotic efflux	small multidrug resistance (SMR) antibiotic efflux pump	erythromycin; streptomycin; tetracycline; cefepime; ceftriaxone; rifampin; colistin A; colistin B; triclosan; benzalkonium chloride; chlorhexidine	yes	plasmid_like	0.4106	0.49	0.0994
selected8	ERR1713369	k141_745849	k141_745849_1 # 124 # 921 # 1 # ID=29244_1;partial=00;start_type=ATG;rbs_motif=None;rbs_spacer=None;gc_cont=0.541	aadA7	3002607	Strict	96.6	100.00	aminoglycoside antibiotic	antibiotic inactivation	ANT(3'')	spectinomycin; streptomycin	yes	plasmid_like	0.1516	0.5514	0.2971
selected8	ERR1713369	k141_435131	k141_435131_1 # 75 # 1046 # 1 # ID=29248_1;partial=00;start_type=ATG;rbs_motif=AGGAG;rbs_spacer=5-10bp;gc_cont=0.497	vanH gene in vanM cluster	3002947	Strict	37.42	99.08	glycopeptide antibiotic	antibiotic target alteration	vanH; glycopeptide resistance gene cluster	vancomycin; teicoplanin	yes	chromosome_like	0.9284	0.0534	0.0182
selected8	ERR1713369	k141_539006	k141_539006_1 # 3 # 878 # 1 # ID=29664_1;partial=10;start_type=Edge;rbs_motif=None;rbs_spacer=None;gc_cont=0.627	ArnT	3005053	Strict	99.66	52.81	peptide antibiotic	antibiotic target alteration	pmr phosphoethanolamine transferase	colistin A; colistin B	yes	chromosome_like	0.504	0.3111	0.1849
selected8	ERR1713369	k141_123075	k141_123075_2 # 1033 # 1932 # -1 # ID=29867_2;partial=00;start_type=ATG;rbs_motif=AGGAG;rbs_spacer=5-10bp;gc_cont=0.313	VEB-1	3002370	Perfect	100.0	100.00	monobactam; cephalosporin	antibiotic inactivation	VEB beta-lactamase		yes	plasmid_like	0.1272	0.7897	0.0831
selected8	ERR1713369	k141_123075	k141_123075_3 # 2051 # 3310 # -1 # ID=29867_3;partial=00;start_type=GTG;rbs_motif=AGGAG;rbs_spacer=5-10bp;gc_cont=0.555	cmlA5	3002695	Perfect	100.0	100.00	phenicol antibiotic	antibiotic efflux	major facilitator superfamily (MFS) antibiotic efflux pump	chloramphenicol	yes	plasmid_like	0.1272	0.7897	0.0831
selected8	ERR1713369	k141_123139	k141_123139_2 # 789 # 1118 # 1 # ID=29951_2;partial=00;start_type=ATG;rbs_motif=TAA;rbs_spacer=12bp;gc_cont=0.330	qacJ	3007014	Strict	49.06	101.87	disinfecting agents and antiseptics	antibiotic efflux	small multidrug resistance (SMR) antibiotic efflux pump	benzalkonium chloride	yes	chromosome_like	0.6624	0.3109	0.0267
selected8	ERR1713369	k141_746611	k141_746611_3 # 1211 # 1543 # 1 # ID=30361_3;partial=00;start_type=ATG;rbs_motif=GGA/GAG/AGG;rbs_spacer=5-10bp;gc_cont=0.529	qacJ	3007014	Strict	36.54	102.80	disinfecting agents and antiseptics	antibiotic efflux	small multidrug resistance (SMR) antibiotic efflux pump	benzalkonium chloride	yes	chromosome_like	0.9637	0.0273	0.009
selected8	ERR1713369	k141_539663	k141_539663_2 # 557 # 769 # 1 # ID=30714_2;partial=00;start_type=ATG;rbs_motif=GGAGG;rbs_spacer=5-10bp;gc_cont=0.408	vanU gene in vanG cluster	3004253	Strict	80.6	93.33	glycopeptide antibiotic	antibiotic target alteration	glycopeptide resistance gene cluster; vanU	vancomycin	yes	plasmid_like	0.05	0.8576	0.0924
selected8	ERR1713369	k141_13231	k141_13231_3 # 2066 # 3052 # -1 # ID=30944_3;partial=00;start_type=ATG;rbs_motif=AGGAGG;rbs_spacer=11-12bp;gc_cont=0.406	vanH gene in vanB cluster	3002943	Strict	40.25	101.55	glycopeptide antibiotic	antibiotic target alteration	vanH; glycopeptide resistance gene cluster	vancomycin	yes	plasmid_like	0.2088	0.6996	0.0915
selected8	ERR1713369	k141_124386	k141_124386_8 # 6664 # 7011 # -1 # ID=31803_8;partial=00;start_type=ATG;rbs_motif=GGA/GAG/AGG;rbs_spacer=5-10bp;gc_cont=0.632	qacG	3007015	Strict	40.38	107.48	disinfecting agents and antiseptics	antibiotic efflux	small multidrug resistance (SMR) antibiotic efflux pump	benzalkonium chloride	yes	chromosome_like	0.8573	0.1191	0.0236
selected8	ERR1713369	k141_747603	k141_747603_1 # 2 # 1756 # 1 # ID=31917_1;partial=10;start_type=Edge;rbs_motif=None;rbs_spacer=None;gc_cont=0.491	tet(Q)	3000191	Strict	33.45	88.89	tetracycline antibiotic	antibiotic target protection	tetracycline-resistant ribosomal protection protein	tetracycline; doxycycline; minocycline; chlortetracycline; demeclocycline; oxytetracycline	yes	chromosome_like	0.7815	0.1153	0.1032
selected8	ERR1713369	k141_14119	k141_14119_5 # 4027 # 5205 # -1 # ID=33067_5;partial=00;start_type=GTG;rbs_motif=AGGAGG;rbs_spacer=5-10bp;gc_cont=0.530	vanT gene in vanG cluster	3002972	Strict	33.78	55.06	glycopeptide antibiotic	antibiotic target alteration	glycopeptide resistance gene cluster; vanT	vancomycin	yes	chromosome_like	0.9535	0.0333	0.0132
selected8	ERR1713369	k141_334121	k141_334121_5 # 2698 # 3516 # -1 # ID=33743_5;partial=00;start_type=ATG;rbs_motif=None;rbs_spacer=None;gc_cont=0.331	vanW gene in vanG cluster	3002965	Strict	34.09	96.80	glycopeptide antibiotic	antibiotic target alteration	vanW; glycopeptide resistance gene cluster	vancomycin	yes	chromosome_like	0.9756	0.0174	0.0071
selected8	ERR1713369	k141_125896	k141_125896_1 # 137 # 997 # 1 # ID=33925_1;partial=00;start_type=ATG;rbs_motif=AGGAG;rbs_spacer=5-10bp;gc_cont=0.598	AAC(3)-IId	3004623	Perfect	100.0	100.00	aminoglycoside antibiotic	antibiotic inactivation	AAC(3)	dibekacin; sisomicin; netilmicin; tobramycin; 6'-N-ethylnetilmicin; 2'-N-ethylnetilmicin; gentamicin	yes	plasmid_like	0.208	0.5451	0.2469
selected8	ERR1713369	k141_542723	k141_542723_2 # 202 # 2124 # -1 # ID=35101_2;partial=00;start_type=ATG;rbs_motif=AAA;rbs_spacer=4bp;gc_cont=0.308	tet(44)	3000556	Strict	97.66	100.00	tetracycline antibiotic	antibiotic target protection	tetracycline-resistant ribosomal protection protein	tetracycline; doxycycline; minocycline; chlortetracycline; demeclocycline; oxytetracycline	yes	plasmid_like	0.2606	0.6504	0.089
selected8	ERR1713369	k141_335294	k141_335294_2 # 395 # 814 # -1 # ID=35578_2;partial=00;start_type=ATG;rbs_motif=GGAGG;rbs_spacer=5-10bp;gc_cont=0.629	FosA6	3004111	Strict	96.4	100.00	phosphonic acid antibiotic	antibiotic inactivation	fosfomycin thiol transferase	fosfomycin	yes	plasmid_like	0.365	0.5737	0.0613
selected8	ERR1713369	k141_750472	k141_750472_2 # 524 # 1351 # 1 # ID=36004_2;partial=01;start_type=ATG;rbs_motif=TAAAAA;rbs_spacer=8bp;gc_cont=0.465	vanY gene in vanB cluster	3002956	Strict	33.82	102.99	glycopeptide antibiotic	antibiotic target alteration	vanY; glycopeptide resistance gene cluster	vancomycin	yes	plasmid_like	0.3674	0.5004	0.1322
selected8	ERR1713369	k141_231374	k141_231374_3 # 3749 # 4267 # -1 # ID=36115_3;partial=01;start_type=Edge;rbs_motif=None;rbs_spacer=None;gc_cont=0.391	tet(Q)	3000191	Strict	99.42	26.18	tetracycline antibiotic	antibiotic target protection	tetracycline-resistant ribosomal protection protein	tetracycline; doxycycline; minocycline; chlortetracycline; demeclocycline; oxytetracycline	yes	plasmid_like	0.248	0.605	0.147
selected8	ERR1713369	k141_646845	k141_646845_1 # 3 # 275 # 1 # ID=36150_1;partial=10;start_type=Edge;rbs_motif=None;rbs_spacer=None;gc_cont=0.359	vanY gene in vanG cluster	3002959	Strict	50.79	32.26	glycopeptide antibiotic	antibiotic target alteration	vanY; glycopeptide resistance gene cluster	vancomycin	yes	virus_like	0.3701	0.1691	0.4609
selected8	ERR1713369	k141_750698	k141_750698_2 # 382 # 1164 # 1 # ID=36329_2;partial=00;start_type=ATG;rbs_motif=TAA;rbs_spacer=12bp;gc_cont=0.303	LnuH	3004600	Perfect	100.0	100.00	lincosamide antibiotic	antibiotic inactivation	lincosamide nucleotidyltransferase (LNU)		yes	plasmid_like	0.1498	0.8181	0.0321
selected8	ERR1713369	k141_647064	k141_647064_2 # 321 # 1175 # 1 # ID=36457_2;partial=00;start_type=ATG;rbs_motif=AGGAG;rbs_spacer=5-10bp;gc_cont=0.563	ErmX	3000596	Strict	90.14	100.00	macrolide antibiotic; lincosamide antibiotic; streptogramin antibiotic; streptogramin A antibiotic; streptogramin B antibiotic	antibiotic target alteration	Erm 23S ribosomal RNA methyltransferase	erythromycin; roxithromycin; lincomycin; telithromycin; clarithromycin; clindamycin; tylosin; spiramycin; azithromycin; dirithromycin; pristinamycin IA; quinupristin; virginiamycin M1; madumycin II; griseoviridin; dalfopristin; pristinamycin IB; virginiamycin S2; pristinamycin IC; vernamycin C; patricin A; patricin B; ostreogrycin B3; oleandomycin	yes	plasmid_like	0.0158	0.9136	0.0705
selected8	ERR1713369	k141_127948	k141_127948_1 # 2 # 1030 # -1 # ID=37012_1;partial=10;start_type=ATG;rbs_motif=GGAG/GAGG;rbs_spacer=5-10bp;gc_cont=0.385	tet(44)	3000556	Strict	48.8	53.59	tetracycline antibiotic	antibiotic target protection	tetracycline-resistant ribosomal protection protein	tetracycline; doxycycline; minocycline; chlortetracycline; demeclocycline; oxytetracycline	yes	plasmid_like	0.2872	0.4953	0.2176
selected8	ERR1713369	k141_232048	k141_232048_2 # 512 # 1357 # -1 # ID=37034_2;partial=00;start_type=ATG;rbs_motif=None;rbs_spacer=None;gc_cont=0.535	aadA11	3002611	Strict	99.64	100.00	aminoglycoside antibiotic	antibiotic inactivation	ANT(3'')	spectinomycin; streptomycin	yes	plasmid_like	0.0841	0.8103	0.1056
selected8	ERR1713369	k141_751209	k141_751209_2 # 101 # 922 # -1 # ID=37049_2;partial=00;start_type=ATG;rbs_motif=GGA/GAG/AGG;rbs_spacer=5-10bp;gc_cont=0.526	bacA	3002986	Perfect	100.0	100.00	peptide antibiotic	antibiotic target alteration	undecaprenyl pyrophosphate related proteins	bacitracin; bacitracin A; bacitracin B; bacitracin F	yes	chromosome_like	0.657	0.2549	0.0881
selected8	ERR1713369	k141_16165	k141_16165_2 # 719 # 1060 # 1 # ID=38118_2;partial=00;start_type=ATG;rbs_motif=AGGAG;rbs_spacer=5-10bp;gc_cont=0.678	qacJ	3007014	Strict	34.65	105.61	disinfecting agents and antiseptics	antibiotic efflux	small multidrug resistance (SMR) antibiotic efflux pump	benzalkonium chloride	yes	chromosome_like	0.4975	0.4084	0.0941
selected8	ERR1713369	k141_544982	k141_544982_1 # 434 # 1237 # -1 # ID=38284_1;partial=00;start_type=ATG;rbs_motif=GGA/GAG/AGG;rbs_spacer=5-10bp;gc_cont=0.311	lnuB	3002836	Strict	99.25	100.00	lincosamide antibiotic	antibiotic inactivation	lincosamide nucleotidyltransferase (LNU)	lincomycin; clindamycin	yes	plasmid_like	0.012	0.9687	0.0192
selected8	ERR1713369	k141_544982	k141_544982_2 # 1291 # 2775 # -1 # ID=38284_2;partial=00;start_type=ATG;rbs_motif=AGGAG;rbs_spacer=5-10bp;gc_cont=0.322	lsaE	3003206	Strict	98.79	100.00	lincosamide antibiotic; streptogramin antibiotic; pleuromutilin antibiotic	antibiotic target protection	lsa-type ABC-F protein	lincomycin; pleuromutilin	yes	plasmid_like	0.012	0.9687	0.0192
selected8	ERR1713369	k141_233044	k141_233044_7 # 7371 # 7946 # -1 # ID=38388_7;partial=01;start_type=Edge;rbs_motif=None;rbs_spacer=None;gc_cont=0.380	tet(Q)	3000191	Strict	96.13	29.07	tetracycline antibiotic	antibiotic target protection	tetracycline-resistant ribosomal protection protein	tetracycline; doxycycline; minocycline; chlortetracycline; demeclocycline; oxytetracycline	yes	plasmid_like	0.1363	0.6352	0.2285
selected8	ERR1713369	k141_648529	k141_648529_10 # 10563 # 10892 # 1 # ID=38535_10;partial=00;start_type=ATG;rbs_motif=AGGAG;rbs_spacer=5-10bp;gc_cont=0.439	qacG	3007015	Strict	44.34	101.87	disinfecting agents and antiseptics	antibiotic efflux	small multidrug resistance (SMR) antibiotic efflux pump	benzalkonium chloride	yes	chromosome_like	0.8193	0.1506	0.0301
selected8	ERR1713369	k141_234529	k141_234529_1 # 97 # 1083 # -1 # ID=40665_1;partial=01;start_type=Edge;rbs_motif=None;rbs_spacer=None;gc_cont=0.354	vanY gene in vanG cluster	3002959	Strict	31.46	117.56	glycopeptide antibiotic	antibiotic target alteration	vanY; glycopeptide resistance gene cluster	vancomycin	yes	virus_like	0.2039	0.2736	0.5225
selected8	ERR1713369	k141_649886	k141_649886_3 # 629 # 1744 # 1 # ID=40715_3;partial=00;start_type=ATG;rbs_motif=None;rbs_spacer=None;gc_cont=0.403	vanT gene in vanG cluster	3002972	Strict	31.52	52.11	glycopeptide antibiotic	antibiotic target alteration	glycopeptide resistance gene cluster; vanT	vancomycin	yes	chromosome_like	0.6847	0.1886	0.1267
selected8	ERR1713369	k141_649910	k141_649910_2 # 1665 # 2288 # -1 # ID=40757_2;partial=00;start_type=GTG;rbs_motif=GGxGG;rbs_spacer=11-12bp;gc_cont=0.542	AAC(6')-Ib9	3002580	Strict	100.0	101.97	aminoglycoside antibiotic	antibiotic inactivation	AAC(6')	amikacin; kanamycin A; tobramycin	yes	plasmid_like	0.035	0.8619	0.1031
selected8	ERR1713369	k141_649910	k141_649910_3 # 2386 # 3042 # -1 # ID=40757_3;partial=00;start_type=ATG;rbs_motif=GGAG/GAGG;rbs_spacer=5-10bp;gc_cont=0.381	QnrVC4	3002801	Perfect	100.0	100.00	fluoroquinolone antibiotic	antibiotic target protection	quinolone resistance protein (qnr)	ciprofloxacin; levofloxacin; moxifloxacin; gatifloxacin; nalidixic acid; norfloxacin; sparfloxacin	yes	plasmid_like	0.035	0.8619	0.1031
selected8	ERR1713369	k141_133053	k141_133053_5 # 4528 # 5856 # 1 # ID=44408_5;partial=00;start_type=ATG;rbs_motif=None;rbs_spacer=None;gc_cont=0.357	vanW gene in vanI cluster	3003724	Strict	31.55	118.50	glycopeptide antibiotic	antibiotic target alteration	vanW; glycopeptide resistance gene cluster	vancomycin; teicoplanin	yes	chromosome_like	0.875	0.0819	0.0431
selected8	ERR1713369	k141_652464	k141_652464_1 # 2 # 1111 # -1 # ID=44436_1;partial=10;start_type=TTG;rbs_motif=GGAG/GAGG;rbs_spacer=5-10bp;gc_cont=0.523	vanW gene in vanI cluster	3003724	Strict	30.96	99.20	glycopeptide antibiotic	antibiotic target alteration	vanW; glycopeptide resistance gene cluster	vancomycin; teicoplanin	yes	chromosome_like	0.6312	0.2213	0.1475
selected8	ERR1713369	k141_756992	k141_756992_3 # 1154 # 2341 # -1 # ID=45271_3;partial=00;start_type=GTG;rbs_motif=AGxAGG/AGGxGG;rbs_spacer=5-10bp;gc_cont=0.405	tet(39)	3000566	Perfect	100.0	100.00	tetracycline antibiotic	antibiotic efflux	major facilitator superfamily (MFS) antibiotic efflux pump	tetracycline	yes	plasmid_like	0.0022	0.9924	0.0054
selected8	ERR1713369	k141_19399	k141_19399_1 # 2 # 1270 # -1 # ID=45574_1;partial=11;start_type=Edge;rbs_motif=None;rbs_spacer=None;gc_cont=0.549	vanW gene in vanI cluster	3003724	Strict	36.6	113.40	glycopeptide antibiotic	antibiotic target alteration	vanW; glycopeptide resistance gene cluster	vancomycin; teicoplanin	yes	virus_like	0.2358	0.2808	0.4834
selected8	ERR1713369	k141_342994	k141_342994_1 # 154 # 627 # 1 # ID=46215_1;partial=00;start_type=GTG;rbs_motif=GGA/GAG/AGG;rbs_spacer=5-10bp;gc_cont=0.473	dfrA5	3002861	Strict	98.73	100.00	diaminopyrimidine antibiotic	antibiotic target replacement	trimethoprim resistant dihydrofolate reductase dfr	trimethoprim	yes	plasmid_like	0.0351	0.8558	0.1091
selected8	ERR1713369	k141_654165	k141_654165_1 # 150 # 950 # 1 # ID=46818_1;partial=00;start_type=ATG;rbs_motif=AGGAGG;rbs_spacer=3-4bp;gc_cont=0.407	OXA-101	3001439	Perfect	100.0	100.00	carbapenem; cephalosporin; penam	antibiotic inactivation	OXA beta-lactamase	cloxacillin; oxacillin; cefalotin	yes	plasmid_like	0.1087	0.8077	0.0836
selected8	ERR1713369	k141_551397	k141_551397_2 # 770 # 1618 # -1 # ID=48055_2;partial=00;start_type=ATG;rbs_motif=None;rbs_spacer=None;gc_cont=0.302	vanY gene in vanF cluster	3002958	Strict	32.78	96.25	glycopeptide antibiotic	antibiotic target alteration	vanY; glycopeptide resistance gene cluster	vancomycin	yes	plasmid_like	0.3583	0.4313	0.2104
selected8	ERR1713369	k141_551971	k141_551971_1 # 15 # 1097 # -1 # ID=48950_1;partial=00;start_type=ATG;rbs_motif=GGAG/GAGG;rbs_spacer=5-10bp;gc_cont=0.332	vanT gene in vanG cluster	3002972	Strict	29.62	50.56	glycopeptide antibiotic	antibiotic target alteration	glycopeptide resistance gene cluster; vanT	vancomycin	yes	chromosome_like	0.7289	0.168	0.1031
selected8	ERR1713369	k141_239939	k141_239939_1 # 161 # 853 # -1 # ID=48983_1;partial=00;start_type=ATG;rbs_motif=TAA;rbs_spacer=7bp;gc_cont=0.309	vanW gene in vanG cluster	3002965	Strict	36.02	81.85	glycopeptide antibiotic	antibiotic target alteration	vanW; glycopeptide resistance gene cluster	vancomycin	yes	chromosome_like	0.9188	0.0586	0.0227
selected8	ERR1713369	k141_760588	k141_760588_3 # 3317 # 3655 # -1 # ID=50500_3;partial=00;start_type=ATG;rbs_motif=AGGAG;rbs_spacer=5-10bp;gc_cont=0.678	qacG	3007015	Strict	38.61	104.67	disinfecting agents and antiseptics	antibiotic efflux	small multidrug resistance (SMR) antibiotic efflux pump	benzalkonium chloride	yes	chromosome_like	0.5833	0.0847	0.332
selected8	ERR1713369	k141_241087	k141_241087_1 # 55 # 519 # -1 # ID=50674_1;partial=00;start_type=ATG;rbs_motif=GGA/GAG/AGG;rbs_spacer=5-10bp;gc_cont=0.660	FosI	3007370	Strict	73.28	114.93	phosphonic acid antibiotic	antibiotic inactivation	fosfomycin thiol transferase	fosfomycin	yes	chromosome_like	0.5006	0.45	0.0494
selected8	ERR1713369	k141_760776	k141_760776_2 # 599 # 1666 # -1 # ID=50787_2;partial=00;start_type=ATG;rbs_motif=TAA;rbs_spacer=7bp;gc_cont=0.316	vanY gene in vanG cluster	3002959	Strict	33.33	127.24	glycopeptide antibiotic	antibiotic target alteration	vanY; glycopeptide resistance gene cluster	vancomycin	yes	chromosome_like	0.6698	0.1741	0.1562
selected8	ERR1713369	k141_243447	k141_243447_3 # 1847 # 2668 # 1 # ID=54061_3;partial=00;start_type=ATG;rbs_motif=None;rbs_spacer=None;gc_cont=0.405	vanW gene in vanG cluster	3002965	Strict	32.32	97.15	glycopeptide antibiotic	antibiotic target alteration	vanW; glycopeptide resistance gene cluster	vancomycin	yes	chromosome_like	0.854	0.1019	0.0441
selected8	ERR1713369	k141_348649	k141_348649_1 # 445 # 1350 # 1 # ID=54108_1;partial=00;start_type=ATG;rbs_motif=AGGAG;rbs_spacer=5-10bp;gc_cont=0.655	mphA	3000316	Strict	99.67	100.00	macrolide antibiotic	antibiotic inactivation	macrolide phosphotransferase (MPH)	erythromycin; roxithromycin; telithromycin; clarithromycin; azithromycin; dirithromycin; oleandomycin	yes	plasmid_like	0.0049	0.9895	0.0056
selected8	ERR1713369	k141_348649	k141_348649_2 # 1347 # 2585 # 1 # ID=54108_2;partial=00;start_type=ATG;rbs_motif=None;rbs_spacer=None;gc_cont=0.651	Mrx	3003839	Perfect	100.0	100.00	macrolide antibiotic	antibiotic inactivation	macrolide phosphotransferase (MPH)		yes	plasmid_like	0.0049	0.9895	0.0056
selected8	ERR1713369	k141_140218	k141_140218_3 # 908 # 1153 # 1 # ID=55007_3;partial=01;start_type=GTG;rbs_motif=GGAG/GAGG;rbs_spacer=5-10bp;gc_cont=0.455	qacJ	3007014	Strict	48.75	76.64	disinfecting agents and antiseptics	antibiotic efflux	small multidrug resistance (SMR) antibiotic efflux pump	benzalkonium chloride	yes	chromosome_like	0.512	0.3773	0.1107
selected8	ERR1713369	k141_23492	k141_23492_4 # 1274 # 2407 # 1 # ID=55165_4;partial=00;start_type=ATG;rbs_motif=GGA/GAG/AGG;rbs_spacer=11-12bp;gc_cont=0.504	EC-14	3006875	Strict	98.67	100.00	cephalosporin	antibiotic inactivation	EC beta-lactamase		yes	plasmid_like	0.3275	0.5437	0.1288
selected8	ERR1713369	k141_556294	k141_556294_1 # 3 # 1277 # -1 # ID=55238_1;partial=10;start_type=GTG;rbs_motif=GGA/GAG/AGG;rbs_spacer=5-10bp;gc_cont=0.482	vanW gene in vanI cluster	3003724	Strict	29.05	113.94	glycopeptide antibiotic	antibiotic target alteration	vanW; glycopeptide resistance gene cluster	vancomycin; teicoplanin	yes	chromosome_like	0.8013	0.1544	0.0443
selected8	ERR1713369	k141_244616	k141_244616_2 # 901 # 1431 # -1 # ID=55659_2;partial=00;start_type=ATG;rbs_motif=GGAG/GAGG;rbs_spacer=5-10bp;gc_cont=0.488	emrR	3000516	Strict	99.43	100.00	fluoroquinolone antibiotic	antibiotic efflux	major facilitator superfamily (MFS) antibiotic efflux pump	nalidixic acid	yes	plasmid_like	0.3433	0.5968	0.0598
selected8	ERR1713369	k141_350115	k141_350115_3 # 748 # 1077 # -1 # ID=56771_3;partial=00;start_type=ATG;rbs_motif=None;rbs_spacer=None;gc_cont=0.348	mefH	3007047	Perfect	100.0	100.00	macrolide antibiotic	antibiotic efflux	major facilitator superfamily (MFS) antibiotic efflux pump		yes	plasmid_like	0.1097	0.5561	0.3342
selected8	ERR1713369	k141_557789	k141_557789_2 # 487 # 897 # 1 # ID=57461_2;partial=00;start_type=ATG;rbs_motif=AGGAG;rbs_spacer=5-10bp;gc_cont=0.341	FosBx1	3007372	Strict	51.15	98.55	phosphonic acid antibiotic	antibiotic inactivation	fosfomycin thiol transferase	fosfomycin	yes	chromosome_like	0.852	0.1168	0.0313
selected8	ERR1713369	k141_245901	k141_245901_3 # 1630 # 3192 # 1 # ID=57497_3;partial=00;start_type=TTG;rbs_motif=GGAG/GAGG;rbs_spacer=5-10bp;gc_cont=0.459	vanW gene in vanI cluster	3003724	Strict	28.45	139.41	glycopeptide antibiotic	antibiotic target alteration	vanW; glycopeptide resistance gene cluster	vancomycin; teicoplanin	yes	plasmid_like	0.2969	0.5688	0.1343
selected8	ERR1713369	k141_765740	k141_765740_2 # 286 # 1470 # -1 # ID=57805_2;partial=00;start_type=ATG;rbs_motif=GGAG/GAGG;rbs_spacer=5-10bp;gc_cont=0.527	Escherichia coli EF-Tu mutants conferring resistance to Pulvomycin	3003369	Strict	98.48	96.33	elfamycin antibiotic	antibiotic target alteration	elfamycin resistant EF-Tu	pulvomycin	yes	chromosome_like	0.7827	0.1066	0.1107
selected8	ERR1713369	k141_661930	k141_661930_2 # 413 # 1243 # -1 # ID=58072_2;partial=00;start_type=ATG;rbs_motif=AAA;rbs_spacer=12bp;gc_cont=0.342	OXA-392	3001578	Strict	99.64	100.00	carbapenem; cephalosporin; penam	antibiotic inactivation	OXA beta-lactamase	cloxacillin; oxacillin; cefalotin	yes	plasmid_like	0.059	0.8886	0.0523
selected8	ERR1713369	k141_24829	k141_24829_4 # 2326 # 2736 # 1 # ID=58096_4;partial=00;start_type=ATG;rbs_motif=None;rbs_spacer=None;gc_cont=0.591	FosA8	3007371	Strict	55.88	96.45	phosphonic acid antibiotic	antibiotic inactivation	fosfomycin thiol transferase	fosfomycin	yes	chromosome_like	0.6518	0.3105	0.0378
selected8	ERR1713369	k141_142753	k141_142753_2 # 1206 # 4346 # 1 # ID=58705_2;partial=00;start_type=ATG;rbs_motif=AGGA;rbs_spacer=5-10bp;gc_cont=0.638	adeF	3000777	Strict	46.12	98.77	fluoroquinolone antibiotic; tetracycline antibiotic	antibiotic efflux	resistance-nodulation-cell division (RND) antibiotic efflux pump	tetracycline	yes	chromosome_like	0.896	0.0819	0.0222
selected8	ERR1713369	k141_142913	k141_142913_5 # 3070 # 3954 # -1 # ID=58953_5;partial=00;start_type=ATG;rbs_motif=TAA;rbs_spacer=12bp;gc_cont=0.365	mphE	3003741	Perfect	100.0	100.00	macrolide antibiotic	antibiotic inactivation	macrolide phosphotransferase (MPH)	erythromycin	yes	plasmid_like	0.0014	0.9936	0.0049
selected8	ERR1713369	k141_142913	k141_142913_6 # 4010 # 5485 # -1 # ID=58953_6;partial=00;start_type=ATG;rbs_motif=TAAA;rbs_spacer=5bp;gc_cont=0.399	msrE	3003109	Perfect	100.0	100.00	macrolide antibiotic; streptogramin antibiotic	antibiotic target protection	msr-type ABC-F protein	erythromycin	yes	plasmid_like	0.0014	0.9936	0.0049
selected8	ERR1713369	k141_143409	k141_143409_2 # 867 # 1052 # 1 # ID=59622_2;partial=00;start_type=ATG;rbs_motif=AGGAG;rbs_spacer=5-10bp;gc_cont=0.511	rsmA	3005069	Strict	85.25	100.00	fluoroquinolone antibiotic; diaminopyrimidine antibiotic; phenicol antibiotic	antibiotic efflux	resistance-nodulation-cell division (RND) antibiotic efflux pump	trimethoprim; chloramphenicol	yes	plasmid_like	0.0986	0.7229	0.1785
selected8	ERR1713369	k141_143597	k141_143597_1 # 3 # 2321 # -1 # ID=59916_1;partial=10;start_type=ATG;rbs_motif=AATAA;rbs_spacer=7bp;gc_cont=0.306	vanT gene in vanG cluster	3002972	Strict	36.22	108.57	glycopeptide antibiotic	antibiotic target alteration	glycopeptide resistance gene cluster; vanT	vancomycin	yes	chromosome_like	0.9725	0.0194	0.0081
selected8	ERR1713369	k141_665145	k141_665145_2 # 1158 # 2714 # 1 # ID=62512_2;partial=01;start_type=GTG;rbs_motif=AGGAGG;rbs_spacer=5-10bp;gc_cont=0.399	tet(Q)	3000191	Strict	97.11	79.00	tetracycline antibiotic	antibiotic target protection	tetracycline-resistant ribosomal protection protein	tetracycline; doxycycline; minocycline; chlortetracycline; demeclocycline; oxytetracycline	yes	plasmid_like	0.0825	0.8142	0.1032
selected8	ERR1713369	k141_354763	k141_354763_3 # 1711 # 2142 # -1 # ID=63093_3;partial=00;start_type=ATG;rbs_motif=None;rbs_spacer=None;gc_cont=0.602	vanY gene in vanB cluster	3002956	Strict	40.94	53.36	glycopeptide antibiotic	antibiotic target alteration	vanY; glycopeptide resistance gene cluster	vancomycin	yes	plasmid_like	0.2118	0.6567	0.1315
selected8	ERR1713369	k141_27158	k141_27158_4 # 2506 # 3618 # -1 # ID=63323_4;partial=00;start_type=GTG;rbs_motif=AGGAG;rbs_spacer=5-10bp;gc_cont=0.395	vanT gene in vanG cluster	3002972	Strict	38.52	51.97	glycopeptide antibiotic	antibiotic target alteration	glycopeptide resistance gene cluster; vanT	vancomycin	yes	chromosome_like	0.661	0.176	0.163
selected8	ERR1713369	k141_355073	k141_355073_3 # 1219 # 1554 # -1 # ID=63547_3;partial=00;start_type=ATG;rbs_motif=GGAG/GAGG;rbs_spacer=5-10bp;gc_cont=0.577	qacG	3007015	Strict	42.31	103.74	disinfecting agents and antiseptics	antibiotic efflux	small multidrug resistance (SMR) antibiotic efflux pump	benzalkonium chloride	yes	plasmid_like	0.1482	0.8003	0.0515
selected8	ERR1713369	k141_355075	k141_355075_3 # 1048 # 1362 # -1 # ID=63553_3;partial=01;start_type=Edge;rbs_motif=None;rbs_spacer=None;gc_cont=0.584	qacG	3007015	Strict	41.58	97.20	disinfecting agents and antiseptics	antibiotic efflux	small multidrug resistance (SMR) antibiotic efflux pump	benzalkonium chloride	yes	plasmid_like	0.3738	0.5632	0.063
selected8	ERR1713369	k141_250374	k141_250374_2 # 747 # 1379 # -1 # ID=63961_2;partial=00;start_type=ATG;rbs_motif=None;rbs_spacer=None;gc_cont=0.498	catB2	3002675	Strict	99.52	100.00	phenicol antibiotic	antibiotic inactivation	chloramphenicol acetyltransferase (CAT)	azidamfenicol; chloramphenicol; thiamphenicol	yes	plasmid_like	0.2791	0.6901	0.0308
selected8	ERR1713369	k141_355609	k141_355609_14 # 10858 # 11268 # -1 # ID=64738_14;partial=00;start_type=ATG;rbs_motif=GGAG/GAGG;rbs_spacer=5-10bp;gc_cont=0.550	FosI	3007370	Strict	65.15	101.49	phosphonic acid antibiotic	antibiotic inactivation	fosfomycin thiol transferase	fosfomycin	yes	chromosome_like	0.9405	0.0434	0.0161
selected8	ERR1713369	k141_147163	k141_147163_4 # 1248 # 1742 # -1 # ID=65311_4;partial=00;start_type=ATG;rbs_motif=GGAG/GAGG;rbs_spacer=5-10bp;gc_cont=0.325	dfrF	3002867	Perfect	100.0	100.00	diaminopyrimidine antibiotic	antibiotic target replacement	trimethoprim resistant dihydrofolate reductase dfr	trimethoprim	yes	plasmid_like	0.3852	0.5108	0.1039
selected8	ERR1713369	k141_668089	k141_668089_2 # 241 # 2211 # -1 # ID=66645_2;partial=00;start_type=ATG;rbs_motif=GGAG/GAGG;rbs_spacer=5-10bp;gc_cont=0.403	tet(O)	3000190	Strict	52.02	102.66	tetracycline antibiotic	antibiotic target protection	tetracycline-resistant ribosomal protection protein	tetracycline; doxycycline; minocycline; chlortetracycline; demeclocycline; oxytetracycline	yes	plasmid_like	0.0483	0.8879	0.0638
selected8	ERR1713369	k141_148645	k141_148645_4 # 1487 # 1822 # -1 # ID=67361_4;partial=00;start_type=ATG;rbs_motif=None;rbs_spacer=None;gc_cont=0.690	qacJ	3007014	Strict	39.05	103.74	disinfecting agents and antiseptics	antibiotic efflux	small multidrug resistance (SMR) antibiotic efflux pump	benzalkonium chloride	yes	chromosome_like	0.741	0.209	0.05
selected8	ERR1713369	k141_148959	k141_148959_2 # 827 # 1972 # -1 # ID=67783_2;partial=00;start_type=ATG;rbs_motif=GGA/GAG/AGG;rbs_spacer=5-10bp;gc_cont=0.592	vanT gene in vanG cluster	3002972	Strict	32.11	53.51	glycopeptide antibiotic	antibiotic target alteration	glycopeptide resistance gene cluster; vanT	vancomycin	yes	chromosome_like	0.7115	0.1876	0.101
selected8	ERR1713369	k141_670737	k141_670737_2 # 269 # 505 # 1 # ID=70294_2;partial=00;start_type=ATG;rbs_motif=AGGAGG;rbs_spacer=5-10bp;gc_cont=0.553	dfrB5	3004549	Perfect	100.0	100.00	diaminopyrimidine antibiotic	antibiotic target replacement	trimethoprim resistant dihydrofolate reductase dfr	trimethoprim	yes	plasmid_like	0.0012	0.9945	0.0043
selected8	ERR1713369	k141_671393	k141_671393_1 # 1 # 3012 # 1 # ID=71218_1;partial=10;start_type=Edge;rbs_motif=None;rbs_spacer=None;gc_cont=0.667	adeF	3000777	Strict	57.41	94.71	fluoroquinolone antibiotic; tetracycline antibiotic	antibiotic efflux	resistance-nodulation-cell division (RND) antibiotic efflux pump	tetracycline	yes	plasmid_like	0.1878	0.6459	0.1662
selected8	ERR1713369	k141_31078	k141_31078_2 # 202 # 1026 # 1 # ID=72516_2;partial=00;start_type=ATG;rbs_motif=None;rbs_spacer=None;gc_cont=0.467	OXA-650	3005866	Perfect	100.0	100.00	carbapenem; cephalosporin; penam	antibiotic inactivation	OXA beta-lactamase	cloxacillin; oxacillin; cefalotin	yes	plasmid_like	0.283	0.6645	0.0525
selected8	ERR1713369	k141_256651	k141_256651_2 # 699 # 1859 # 1 # ID=72571_2;partial=00;start_type=ATG;rbs_motif=AGxAGG/AGGxGG;rbs_spacer=5-10bp;gc_cont=0.446	vanT gene in vanG cluster	3002972	Strict	38.11	54.21	glycopeptide antibiotic	antibiotic target alteration	glycopeptide resistance gene cluster; vanT	vancomycin	yes	chromosome_like	0.9331	0.0429	0.024
selected8	ERR1713369	k141_361917	k141_361917_4 # 3899 # 4783 # 1 # ID=73428_4;partial=00;start_type=ATG;rbs_motif=AAAAA;rbs_spacer=11bp;gc_cont=0.368	mphG	3003742	Strict	99.32	100.00	macrolide antibiotic	antibiotic inactivation	macrolide phosphotransferase (MPH)	erythromycin; clarithromycin; azithromycin	yes	plasmid_like	0.181	0.6588	0.1602
selected8	ERR1713369	k141_568972	k141_568972_13 # 10413 # 11885 # 1 # ID=73670_13;partial=00;start_type=ATG;rbs_motif=GGAG/GAGG;rbs_spacer=5-10bp;gc_cont=0.486	vanW gene in vanI cluster	3003724	Strict	32.12	131.37	glycopeptide antibiotic	antibiotic target alteration	vanW; glycopeptide resistance gene cluster	vancomycin; teicoplanin	yes	chromosome_like	0.9612	0.0275	0.0113
selected8	ERR1713369	k141_31700	k141_31700_2 # 1187 # 2050 # -1 # ID=73947_2;partial=00;start_type=ATG;rbs_motif=TAAAA;rbs_spacer=14bp;gc_cont=0.315	aadS	3004683	Perfect	100.0	100.00	aminoglycoside antibiotic	antibiotic inactivation	ANT(6)	streptomycin	yes	chromosome_like	0.6536	0.3144	0.0321
selected8	ERR1713369	k141_674103	k141_674103_1 # 3 # 1244 # 1 # ID=74849_1;partial=10;start_type=Edge;rbs_motif=None;rbs_spacer=None;gc_cont=0.517	mdtG	3001329	Strict	99.74	101.23	phosphonic acid antibiotic	antibiotic efflux	major facilitator superfamily (MFS) antibiotic efflux pump	fosfomycin	yes	plasmid_like	0.14	0.6004	0.2596
selected8	ERR1713369	k141_468136	k141_468136_2 # 91 # 1194 # -1 # ID=76837_2;partial=01;start_type=Edge;rbs_motif=None;rbs_spacer=None;gc_cont=0.511	vanT gene in vanG cluster	3002972	Strict	33.42	51.54	glycopeptide antibiotic	antibiotic target alteration	glycopeptide resistance gene cluster; vanT	vancomycin	yes	chromosome_like	0.6679	0.225	0.1071
selected8	ERR1713369	k141_156172	k141_156172_1 # 80 # 973 # -1 # ID=77834_1;partial=00;start_type=ATG;rbs_motif=None;rbs_spacer=None;gc_cont=0.482	vanY gene in vanA cluster	3002955	Strict	26.04	98.02	glycopeptide antibiotic	antibiotic target alteration	vanY; glycopeptide resistance gene cluster	vancomycin; teicoplanin	yes	chromosome_like	0.8588	0.1094	0.0317
selected8	ERR1713369	k141_677538	k141_677538_1 # 182 # 952 # -1 # ID=79464_1;partial=00;start_type=ATG;rbs_motif=TAA;rbs_spacer=11bp;gc_cont=0.322	LnuH	3004600	Strict	93.36	98.46	lincosamide antibiotic	antibiotic inactivation	lincosamide nucleotidyltransferase (LNU)		yes	plasmid_like	0.1003	0.8652	0.0345
selected8	ERR1713369	k141_366285	k141_366285_4 # 4161 # 7325 # 1 # ID=79474_4;partial=00;start_type=ATG;rbs_motif=GGA/GAG/AGG;rbs_spacer=5-10bp;gc_cont=0.612	adeF	3000777	Strict	44.87	99.53	fluoroquinolone antibiotic; tetracycline antibiotic	antibiotic efflux	resistance-nodulation-cell division (RND) antibiotic efflux pump	tetracycline	yes	chromosome_like	0.6839	0.2209	0.0953
selected8	ERR1713369	k141_157773	k141_157773_3 # 1924 # 3312 # 1 # ID=79928_3;partial=00;start_type=TTG;rbs_motif=GGA/GAG/AGG;rbs_spacer=5-10bp;gc_cont=0.557	vanW gene in vanI cluster	3003724	Strict	33.8	123.86	glycopeptide antibiotic	antibiotic target alteration	vanW; glycopeptide resistance gene cluster	vancomycin; teicoplanin	yes	chromosome_like	0.6393	0.2835	0.0772
selected8	ERR1713369	k141_157841	k141_157841_4 # 2655 # 3800 # 1 # ID=80123_4;partial=00;start_type=ATG;rbs_motif=GGAG/GAGG;rbs_spacer=5-10bp;gc_cont=0.447	vanT gene in vanG cluster	3002972	Strict	34.6	53.51	glycopeptide antibiotic	antibiotic target alteration	glycopeptide resistance gene cluster; vanT	vancomycin	yes	chromosome_like	0.9481	0.0373	0.0146
selected8	ERR1713369	k141_263081	k141_263081_1 # 1 # 342 # -1 # ID=81463_1;partial=10;start_type=ATG;rbs_motif=AGGAG;rbs_spacer=5-10bp;gc_cont=0.465	Klebsiella pneumoniae KpnE	3004580	Strict	99.12	95.00	macrolide antibiotic; aminoglycoside antibiotic; cephalosporin; tetracycline antibiotic; peptide antibiotic; rifamycin antibiotic; disinfecting agents and antiseptics	antibiotic efflux	small multidrug resistance (SMR) antibiotic efflux pump	erythromycin; streptomycin; tetracycline; cefepime; ceftriaxone; rifampin; colistin A; colistin B; triclosan; benzalkonium chloride; chlorhexidine	yes	chromosome_like	0.8891	0.0874	0.0235
selected8	ERR1713369	k141_575070	k141_575070_2 # 1183 # 3123 # 1 # ID=82428_2;partial=00;start_type=ATG;rbs_motif=None;rbs_spacer=None;gc_cont=0.333	tet(S)	3000192	Strict	99.84	100.78	tetracycline antibiotic	antibiotic target protection	tetracycline-resistant ribosomal protection protein	tetracycline; doxycycline; minocycline; chlortetracycline; demeclocycline; oxytetracycline	yes	plasmid_like	0.0725	0.8301	0.0974
selected8	ERR1713369	k141_783203	k141_783203_2 # 269 # 2350 # -1 # ID=82879_2;partial=00;start_type=ATG;rbs_motif=GGxGG;rbs_spacer=5-10bp;gc_cont=0.607	vanT gene in vanG cluster	3002972	Strict	46.05	97.33	glycopeptide antibiotic	antibiotic target alteration	glycopeptide resistance gene cluster; vanT	vancomycin	yes	chromosome_like	0.7681	0.1439	0.088
selected8	ERR1713369	k141_783203	k141_783203_3 # 2337 # 3089 # -1 # ID=82879_3;partial=00;start_type=ATG;rbs_motif=GGxGG;rbs_spacer=5-10bp;gc_cont=0.625	vanXY gene in vanG cluster	3003069	Strict	47.83	98.43	glycopeptide antibiotic	antibiotic target alteration	glycopeptide resistance gene cluster; vanXY	vancomycin	yes	chromosome_like	0.7681	0.1439	0.088
selected8	ERR1713369	k141_783203	k141_783203_4 # 3086 # 4012 # -1 # ID=82879_4;partial=01;start_type=Edge;rbs_motif=None;rbs_spacer=None;gc_cont=0.640	vanG	3002909	Strict	58.77	88.25	glycopeptide antibiotic	antibiotic target alteration	glycopeptide resistance gene cluster; Van ligase	vancomycin	yes	chromosome_like	0.7681	0.1439	0.088
selected8	ERR1713369	k141_264463	k141_264463_3 # 1946 # 2266 # 1 # ID=83250_3;partial=00;start_type=ATG;rbs_motif=GGAGG;rbs_spacer=5-10bp;gc_cont=0.383	qacJ	3007014	Strict	38.1	99.07	disinfecting agents and antiseptics	antibiotic efflux	small multidrug resistance (SMR) antibiotic efflux pump	benzalkonium chloride	yes	chromosome_like	0.802	0.1733	0.0246
selected8	ERR1713369	k141_160633	k141_160633_2 # 257 # 1363 # -1 # ID=83984_2;partial=01;start_type=Edge;rbs_motif=None;rbs_spacer=None;gc_cont=0.537	vanW gene in vanI cluster	3003724	Strict	32.65	98.66	glycopeptide antibiotic	antibiotic target alteration	vanW; glycopeptide resistance gene cluster	vancomycin; teicoplanin	yes	chromosome_like	0.9218	0.0557	0.0225
selected8	ERR1713369	k141_162163	k141_162163_2 # 919 # 1248 # -1 # ID=86084_2;partial=00;start_type=ATG;rbs_motif=AGGAG;rbs_spacer=5-10bp;gc_cont=0.376	qacG	3007015	Strict	41.51	101.87	disinfecting agents and antiseptics	antibiotic efflux	small multidrug resistance (SMR) antibiotic efflux pump	benzalkonium chloride	yes	plasmid_like	0.3762	0.457	0.1669
selected8	ERR1713369	k141_266622	k141_266622_1 # 190 # 960 # -1 # ID=86529_1;partial=00;start_type=ATG;rbs_motif=TAA;rbs_spacer=11bp;gc_cont=0.319	LnuH	3004600	Strict	82.35	98.46	lincosamide antibiotic	antibiotic inactivation	lincosamide nucleotidyltransferase (LNU)		yes	plasmid_like	0.0292	0.9448	0.026
selected8	ERR1713369	k141_785816	k141_785816_2 # 403 # 1221 # -1 # ID=86552_2;partial=00;start_type=ATG;rbs_motif=None;rbs_spacer=None;gc_cont=0.297	vanW gene in vanG cluster	3002965	Strict	36.68	96.80	glycopeptide antibiotic	antibiotic target alteration	vanW; glycopeptide resistance gene cluster	vancomycin	yes	chromosome_like	0.972	0.0201	0.0079
selected8	ERR1713369	k141_475957	k141_475957_2 # 471 # 1316 # 1 # ID=87585_2;partial=00;start_type=ATG;rbs_motif=GGA/GAG/AGG;rbs_spacer=11-12bp;gc_cont=0.550	aadA16	3002616	Strict	97.86	100.00	aminoglycoside antibiotic	antibiotic inactivation	ANT(3'')	spectinomycin; streptomycin	yes	plasmid_like	0.1884	0.6149	0.1967
selected8	ERR1713369	k141_683602	k141_683602_3 # 1894 # 2088 # -1 # ID=87813_3;partial=01;start_type=Edge;rbs_motif=None;rbs_spacer=None;gc_cont=0.487	vanY gene in vanM cluster	3002961	Strict	50.94	27.47	glycopeptide antibiotic	antibiotic target alteration	vanY; glycopeptide resistance gene cluster	vancomycin; teicoplanin	yes	chromosome_like	0.3978	0.3955	0.2067
selected8	ERR1713369	k141_578835	k141_578835_1 # 3 # 1010 # -1 # ID=87898_1;partial=10;start_type=ATG;rbs_motif=None;rbs_spacer=None;gc_cont=0.599	vanY gene in vanF cluster	3002958	Strict	23.28	114.68	glycopeptide antibiotic	antibiotic target alteration	vanY; glycopeptide resistance gene cluster	vancomycin	yes	chromosome_like	0.4844	0.4086	0.107
selected8	ERR1713369	k141_787561	k141_787561_4 # 2731 # 3054 # -1 # ID=89271_4;partial=00;start_type=ATG;rbs_motif=AGGAGG;rbs_spacer=5-10bp;gc_cont=0.463	qacG	3007015	Strict	49.53	100.00	disinfecting agents and antiseptics	antibiotic efflux	small multidrug resistance (SMR) antibiotic efflux pump	benzalkonium chloride	yes	chromosome_like	0.8714	0.1048	0.0239
selected8	ERR1713369	k141_788134	k141_788134_3 # 2237 # 2569 # -1 # ID=90052_3;partial=00;start_type=ATG;rbs_motif=GGA/GAG/AGG;rbs_spacer=5-10bp;gc_cont=0.414	qacG	3007015	Strict	44.76	102.80	disinfecting agents and antiseptics	antibiotic efflux	small multidrug resistance (SMR) antibiotic efflux pump	benzalkonium chloride	yes	chromosome_like	0.8277	0.1307	0.0415
selected8	ERR1713369	k141_788585	k141_788585_2 # 1646 # 2281 # -1 # ID=90666_2;partial=01;start_type=Edge;rbs_motif=None;rbs_spacer=None;gc_cont=0.498	CRP	3000518	Strict	99.52	100.48	macrolide antibiotic; fluoroquinolone antibiotic; penam	antibiotic efflux	resistance-nodulation-cell division (RND) antibiotic efflux pump	erythromycin; cloxacillin; oxacillin; norfloxacin	yes	chromosome_like	0.6605	0.2557	0.0838
selected8	ERR1713369	k141_39323	k141_39323_1 # 3 # 1025 # -1 # ID=90899_1;partial=11;start_type=Edge;rbs_motif=None;rbs_spacer=None;gc_cont=0.364	tet(M)	3000186	Strict	93.84	53.36	tetracycline antibiotic	antibiotic target protection	tetracycline-resistant ribosomal protection protein	tetracycline; doxycycline; minocycline; chlortetracycline; demeclocycline; oxytetracycline	yes	plasmid_like	0.1084	0.5522	0.3394
selected8	ERR1713369	k141_39335	k141_39335_1 # 66 # 608 # -1 # ID=90930_1;partial=00;start_type=GTG;rbs_motif=AGxAGG/AGGxGG;rbs_spacer=5-10bp;gc_cont=0.379	SAT-4	3002897	Strict	99.44	100.00	nucleoside antibiotic	antibiotic inactivation	streptothricin acetyltransferase (SAT)	streptothricin	yes	chromosome_like	0.6746	0.1845	0.1409
selected8	ERR1713369	k141_581138	k141_581138_4 # 2256 # 2756 # 1 # ID=91224_4;partial=00;start_type=ATG;rbs_motif=AGGAG;rbs_spacer=5-10bp;gc_cont=0.325	nimJ	3007112	Strict	60.13	100.61	nitroimidazole antibiotic	antibiotic inactivation	nitroimidazole reductase	metronidazole	yes	plasmid_like	0.0023	0.9916	0.0061
selected8	ERR1713369	k141_686354	k141_686354_2 # 1201 # 1833 # -1 # ID=91489_2;partial=00;start_type=ATG;rbs_motif=GGAG/GAGG;rbs_spacer=5-10bp;gc_cont=0.507	CRP	3000518	Strict	99.05	100.00	macrolide antibiotic; fluoroquinolone antibiotic; penam	antibiotic efflux	resistance-nodulation-cell division (RND) antibiotic efflux pump	erythromycin; cloxacillin; oxacillin; norfloxacin	yes	chromosome_like	0.9323	0.0497	0.0181
selected8	ERR1713369	k141_582707	k141_582707_7 # 3400 # 3891 # -1 # ID=93446_7;partial=00;start_type=ATG;rbs_motif=GGAGG;rbs_spacer=5-10bp;gc_cont=0.374	nimA	3007104	Strict	56.52	92.61	nitroimidazole antibiotic	antibiotic inactivation	nitroimidazole reductase	metronidazole	yes	plasmid_like	0.0474	0.8882	0.0644
selected8	ERR1713369	k141_583643	k141_583643_1 # 258 # 602 # 1 # ID=94704_1;partial=00;start_type=ATG;rbs_motif=None;rbs_spacer=None;gc_cont=0.333	qacG	3007015	Strict	47.12	106.54	disinfecting agents and antiseptics	antibiotic efflux	small multidrug resistance (SMR) antibiotic efflux pump	benzalkonium chloride	yes	plasmid_like	0.0047	0.987	0.0083
selected8	ERR1713369	k141_584558	k141_584558_2 # 456 # 1217 # 1 # ID=95819_2;partial=00;start_type=GTG;rbs_motif=GGAG/GAGG;rbs_spacer=5-10bp;gc_cont=0.374	vanW gene in vanG cluster	3002965	Strict	32.51	90.04	glycopeptide antibiotic	antibiotic target alteration	vanW; glycopeptide resistance gene cluster	vancomycin	yes	plasmid_like	0.175	0.5695	0.2554
selected8	ERR1713369	k141_273696	k141_273696_2 # 625 # 1437 # -1 # ID=96457_2;partial=01;start_type=Edge;rbs_motif=None;rbs_spacer=None;gc_cont=0.353	vanY gene in vanB cluster	3002956	Strict	34.31	100.75	glycopeptide antibiotic	antibiotic target alteration	vanY; glycopeptide resistance gene cluster	vancomycin	yes	chromosome_like	0.7321	0.1708	0.0971
selected8	ERR1713369	k141_273818	k141_273818_2 # 591 # 2516 # 1 # ID=96612_2;partial=00;start_type=ATG;rbs_motif=None;rbs_spacer=None;gc_cont=0.380	tet(Q)	3000191	Strict	89.39	97.56	tetracycline antibiotic	antibiotic target protection	tetracycline-resistant ribosomal protection protein	tetracycline; doxycycline; minocycline; chlortetracycline; demeclocycline; oxytetracycline	yes	plasmid_like	0.095	0.6603	0.2446
selected8	ERR1713369	k141_483826	k141_483826_2 # 649 # 1473 # -1 # ID=98189_2;partial=00;start_type=ATG;rbs_motif=None;rbs_spacer=None;gc_cont=0.412	gadX	3000508	Strict	97.45	100.00	macrolide antibiotic; fluoroquinolone antibiotic; penam	antibiotic efflux	resistance-nodulation-cell division (RND) antibiotic efflux pump	erythromycin; cloxacillin; oxacillin; norfloxacin	yes	plasmid_like	0.1115	0.7254	0.1631
selected8	ERR1713369	k141_276409	k141_276409_10 # 11655 # 14855 # -1 # ID=100121_10;partial=00;start_type=ATG;rbs_motif=GGAGG;rbs_spacer=5-10bp;gc_cont=0.549	adeF	3000777	Strict	41.71	100.66	fluoroquinolone antibiotic; tetracycline antibiotic	antibiotic efflux	resistance-nodulation-cell division (RND) antibiotic efflux pump	tetracycline	yes	chromosome_like	0.9445	0.0397	0.0158
selected8	ERR1713369	k141_381422	k141_381422_3 # 1730 # 3037 # 1 # ID=100573_3;partial=00;start_type=ATG;rbs_motif=None;rbs_spacer=None;gc_cont=0.340	vanW gene in vanI cluster	3003724	Strict	28.53	116.62	glycopeptide antibiotic	antibiotic target alteration	vanW; glycopeptide resistance gene cluster	vancomycin; teicoplanin	yes	chromosome_like	0.9427	0.0438	0.0135
selected8	ERR1713369	k141_796603	k141_796603_2 # 244 # 3396 # -1 # ID=101395_2;partial=00;start_type=ATG;rbs_motif=GGA/GAG/AGG;rbs_spacer=5-10bp;gc_cont=0.318	adeF	3000777	Strict	41.81	99.15	fluoroquinolone antibiotic; tetracycline antibiotic	antibiotic efflux	resistance-nodulation-cell division (RND) antibiotic efflux pump	tetracycline	yes	chromosome_like	0.7955	0.1248	0.0798
selected8	ERR1713369	k141_796904	k141_796904_1 # 3 # 1232 # 1 # ID=101802_1;partial=11;start_type=Edge;rbs_motif=None;rbs_spacer=None;gc_cont=0.312	tetB(P)	3000195	Strict	75.37	62.88	tetracycline antibiotic	antibiotic target protection	tetracycline-resistant ribosomal protection protein	tetracycline; doxycycline; minocycline; chlortetracycline; demeclocycline; oxytetracycline	yes	virus_like	0.3043	0.2516	0.444
selected8	ERR1713369	k141_695092	k141_695092_2 # 390 # 719 # -1 # ID=102584_2;partial=00;start_type=ATG;rbs_motif=AGGA/GGAG/GAGG;rbs_spacer=11-12bp;gc_cont=0.394	qacJ	3007014	Strict	35.85	101.87	disinfecting agents and antiseptics	antibiotic efflux	small multidrug resistance (SMR) antibiotic efflux pump	benzalkonium chloride	yes	plasmid_like	0.2677	0.4689	0.2634
selected8	ERR1713369	k141_173656	k141_173656_1 # 2 # 1117 # 1 # ID=102745_1;partial=10;start_type=Edge;rbs_motif=None;rbs_spacer=None;gc_cont=0.660	vanT gene in vanG cluster	3002972	Strict	33.99	52.11	glycopeptide antibiotic	antibiotic target alteration	glycopeptide resistance gene cluster; vanT	vancomycin	yes	plasmid_like	0.3551	0.4187	0.2262
selected8	ERR1713369	k141_695872	k141_695872_3 # 1656 # 1976 # 1 # ID=103613_3;partial=01;start_type=GTG;rbs_motif=GGA/GAG/AGG;rbs_spacer=5-10bp;gc_cont=0.498	Escherichia coli AcrAB-TolC with MarR mutations conferring resistance to ciprofloxacin and tetracycline	3003378	Strict	99.07	74.31	fluoroquinolone antibiotic; cephalosporin; glycylcycline; penam; tetracycline antibiotic; rifamycin antibiotic; phenicol antibiotic; disinfecting agents and antiseptics	antibiotic target alteration; antibiotic efflux	resistance-nodulation-cell division (RND) antibiotic efflux pump	tigecycline; ciprofloxacin; tetracycline; rifampin; chloramphenicol; ampicillin; cefalotin; triclosan	yes	chromosome_like	0.8006	0.1482	0.0512
selected8	ERR1713369	k141_695996	k141_695996_3 # 859 # 1191 # -1 # ID=103788_3;partial=00;start_type=TTG;rbs_motif=GGAG/GAGG;rbs_spacer=5-10bp;gc_cont=0.462	qacG	3007015	Strict	40.0	102.80	disinfecting agents and antiseptics	antibiotic efflux	small multidrug resistance (SMR) antibiotic efflux pump	benzalkonium chloride	yes	plasmid_like	0.3387	0.5526	0.1086
selected8	ERR1713369	k141_590336	k141_590336_1 # 1 # 735 # 1 # ID=104179_1;partial=10;start_type=Edge;rbs_motif=None;rbs_spacer=None;gc_cont=0.471	vanY gene in vanG cluster	3002959	Strict	40.82	87.46	glycopeptide antibiotic	antibiotic target alteration	vanY; glycopeptide resistance gene cluster	vancomycin	yes	chromosome_like	0.7419	0.1485	0.1096
selected8	ERR1713369	k141_488532	k141_488532_2 # 228 # 1259 # 1 # ID=104531_2;partial=00;start_type=ATG;rbs_motif=GGA/GAG/AGG;rbs_spacer=5-10bp;gc_cont=0.559	mdtN	3003548	Perfect	100.0	100.00	nucleoside antibiotic; disinfecting agents and antiseptics	antibiotic efflux	major facilitator superfamily (MFS) antibiotic efflux pump	acriflavine; puromycin	yes	plasmid_like	0.2291	0.7368	0.0341
selected8	ERR1713369	k141_46028	k141_46028_5 # 3435 # 4421 # -1 # ID=105453_5;partial=00;start_type=ATG;rbs_motif=AGGAG;rbs_spacer=5-10bp;gc_cont=0.571	vanH gene in vanO cluster	3002948	Strict	41.14	93.71	glycopeptide antibiotic	antibiotic target alteration	vanH; glycopeptide resistance gene cluster	vancomycin	yes	chromosome_like	0.834	0.1295	0.0365
selected8	ERR1713369	k141_697707	k141_697707_1 # 2 # 1078 # -1 # ID=106129_1;partial=11;start_type=Edge;rbs_motif=None;rbs_spacer=None;gc_cont=0.397	tet(Q)	3000191	Strict	98.33	54.64	tetracycline antibiotic	antibiotic target protection	tetracycline-resistant ribosomal protection protein	tetracycline; doxycycline; minocycline; chlortetracycline; demeclocycline; oxytetracycline	yes	chromosome_like	0.48	0.2204	0.2996
selected8	ERR1713369	k141_46401	k141_46401_3 # 2147 # 2413 # 1 # ID=106197_3;partial=00;start_type=GTG;rbs_motif=None;rbs_spacer=None;gc_cont=0.667	FosI	3007370	Strict	67.82	65.67	phosphonic acid antibiotic	antibiotic inactivation	fosfomycin thiol transferase	fosfomycin	yes	chromosome_like	0.7462	0.1761	0.0777
selected8	ERR1713369	k141_591780	k141_591780_7 # 4826 # 6610 # -1 # ID=106287_7;partial=00;start_type=ATG;rbs_motif=GGAG/GAGG;rbs_spacer=5-10bp;gc_cont=0.386	patB	3000025	Strict	67.68	101.02	fluoroquinolone antibiotic	antibiotic efflux	ATP-binding cassette (ABC) antibiotic efflux pump	ciprofloxacin; norfloxacin	yes	plasmid_like	0.0647	0.5071	0.4283
selected8	ERR1713369	k141_490256	k141_490256_2 # 1717 # 2817 # -1 # ID=106862_2;partial=00;start_type=ATG;rbs_motif=GGAGG;rbs_spacer=5-10bp;gc_cont=0.553	vanT gene in vanG cluster	3002972	Strict	33.33	51.40	glycopeptide antibiotic	antibiotic target alteration	glycopeptide resistance gene cluster; vanT	vancomycin	yes	virus_like	0.2193	0.2258	0.5549
selected8	ERR1713369	k141_281122	k141_281122_1 # 483 # 1142 # -1 # ID=106933_1;partial=00;start_type=ATG;rbs_motif=AGGAGG;rbs_spacer=5-10bp;gc_cont=0.355	catQ	3002687	Strict	99.54	100.00	phenicol antibiotic	antibiotic inactivation	chloramphenicol acetyltransferase (CAT)	azidamfenicol; chloramphenicol; thiamphenicol	yes	plasmid_like	0.1469	0.492	0.3611
selected8	ERR1713369	k141_386207	k141_386207_2 # 370 # 1002 # -1 # ID=107147_2;partial=00;start_type=ATG;rbs_motif=GGAG/GAGG;rbs_spacer=5-10bp;gc_cont=0.520	CRP	3000518	Strict	99.05	100.00	macrolide antibiotic; fluoroquinolone antibiotic; penam	antibiotic efflux	resistance-nodulation-cell division (RND) antibiotic efflux pump	erythromycin; cloxacillin; oxacillin; norfloxacin	yes	chromosome_like	0.4846	0.4469	0.0685
selected8	ERR1713369	k141_800893	k141_800893_1 # 1 # 300 # 1 # ID=107369_1;partial=10;start_type=Edge;rbs_motif=None;rbs_spacer=None;gc_cont=0.453	vanY gene in vanM cluster	3002961	Strict	45.36	42.49	glycopeptide antibiotic	antibiotic target alteration	vanY; glycopeptide resistance gene cluster	vancomycin; teicoplanin	yes	chromosome_like	0.7001	0.1975	0.1025
selected8	ERR1713369	k141_47112	k141_47112_3 # 467 # 2080 # 1 # ID=107766_3;partial=00;start_type=ATG;rbs_motif=GGAG/GAGG;rbs_spacer=5-10bp;gc_cont=0.494	vanW gene in vanI cluster	3003724	Strict	29.83	143.97	glycopeptide antibiotic	antibiotic target alteration	vanW; glycopeptide resistance gene cluster	vancomycin; teicoplanin	yes	plasmid_like	0.4422	0.4584	0.0995
selected8	ERR1713369	k141_801201	k141_801201_1 # 2 # 298 # 1 # ID=107806_1;partial=10;start_type=Edge;rbs_motif=None;rbs_spacer=None;gc_cont=0.485	vanY gene in vanF cluster	3002958	Strict	52.33	33.45	glycopeptide antibiotic	antibiotic target alteration	vanY; glycopeptide resistance gene cluster	vancomycin	yes	chromosome_like	0.7287	0.1582	0.1131
selected8	ERR1713369	k141_177891	k141_177891_2 # 188 # 1186 # -1 # ID=108778_2;partial=01;start_type=Edge;rbs_motif=None;rbs_spacer=None;gc_cont=0.538	vanW gene in vanI cluster	3003724	Strict	41.52	89.01	glycopeptide antibiotic	antibiotic target alteration	vanW; glycopeptide resistance gene cluster	vancomycin; teicoplanin	yes	plasmid_like	0.2257	0.4006	0.3737
selected8	ERR1713369	k141_803593	k141_803593_2 # 376 # 897 # 1 # ID=111202_2;partial=00;start_type=ATG;rbs_motif=AGGA/GGAG/GAGG;rbs_spacer=11-12bp;gc_cont=0.626	nimI	3007111	Strict	47.9	100.58	nitroimidazole antibiotic	antibiotic inactivation	nitroimidazole reductase	metronidazole	yes	chromosome_like	0.7626	0.1972	0.0401
selected8	ERR1713369	k141_803692	k141_803692_2 # 813 # 2132 # 1 # ID=111328_2;partial=00;start_type=ATG;rbs_motif=AGGAGG;rbs_spacer=11-12bp;gc_cont=0.366	vanW gene in vanI cluster	3003724	Strict	33.19	117.69	glycopeptide antibiotic	antibiotic target alteration	vanW; glycopeptide resistance gene cluster	vancomycin; teicoplanin	yes	chromosome_like	0.48	0.4273	0.0927
selected8	ERR1713369	k141_179912	k141_179912_2 # 491 # 1684 # 1 # ID=111630_2;partial=00;start_type=ATG;rbs_motif=AGGAG/GGAGG;rbs_spacer=11-12bp;gc_cont=0.350	mefJ	3007049	Strict	99.24	100.00	macrolide antibiotic	antibiotic efflux	major facilitator superfamily (MFS) antibiotic efflux pump		yes	chromosome_like	0.4817	0.3989	0.1194
selected8	ERR1713369	k141_389638	k141_389638_4 # 2968 # 3723 # 1 # ID=111858_4;partial=00;start_type=ATG;rbs_motif=GGAG/GAGG;rbs_spacer=5-10bp;gc_cont=0.454	vanY gene in vanM cluster	3002961	Strict	36.36	107.73	glycopeptide antibiotic	antibiotic target alteration	vanY; glycopeptide resistance gene cluster	vancomycin; teicoplanin	yes	plasmid_like	0.3132	0.374	0.3128
selected8	ERR1713369	k141_804330	k141_804330_2 # 672 # 1817 # -1 # ID=112197_2;partial=00;start_type=ATG;rbs_motif=GGA/GAG/AGG;rbs_spacer=5-10bp;gc_cont=0.539	CMY-4	3002015	Perfect	100.0	100.00	cephamycin	antibiotic inactivation	CMY beta-lactamase		yes	plasmid_like	0.0044	0.9867	0.0089
selected8	ERR1713369	k141_596807	k141_596807_1 # 1 # 615 # 1 # ID=113455_1;partial=10;start_type=Edge;rbs_motif=None;rbs_spacer=None;gc_cont=0.366	vanY gene in vanM cluster	3002961	Strict	40.0	87.55	glycopeptide antibiotic	antibiotic target alteration	vanY; glycopeptide resistance gene cluster	vancomycin; teicoplanin	yes	virus_like	0.2061	0.373	0.4209
selected8	ERR1713369	k141_805544	k141_805544_1 # 244 # 576 # -1 # ID=113936_1;partial=00;start_type=GTG;rbs_motif=AGGAG;rbs_spacer=5-10bp;gc_cont=0.517	qacL	3005098	Strict	92.73	100.00	disinfecting agents and antiseptics	antibiotic efflux	small multidrug resistance (SMR) antibiotic efflux pump		yes	plasmid_like	0.0912	0.8451	0.0637
selected8	ERR1713369	k141_805544	k141_805544_2 # 788 # 1576 # -1 # ID=113936_2;partial=00;start_type=ATG;rbs_motif=GGA/GAG/AGG;rbs_spacer=11-12bp;gc_cont=0.582	aadA5	3002605	Strict	99.62	100.00	aminoglycoside antibiotic	antibiotic inactivation	ANT(3'')	spectinomycin; streptomycin	yes	plasmid_like	0.0912	0.8451	0.0637
selected8	ERR1713369	k141_391450	k141_391450_2 # 384 # 1208 # -1 # ID=114298_2;partial=00;start_type=ATG;rbs_motif=None;rbs_spacer=None;gc_cont=0.461	OXA-651	3005867	Strict	97.45	100.00	carbapenem; cephalosporin; penam	antibiotic inactivation	OXA beta-lactamase	cloxacillin; oxacillin; cefalotin	yes	plasmid_like	0.1507	0.7823	0.067
selected8	ERR1713369	k141_597738	k141_597738_1 # 2 # 1669 # 1 # ID=114797_1;partial=11;start_type=Edge;rbs_motif=None;rbs_spacer=None;gc_cont=0.659	adeF	3000777	Strict	72.3	52.50	fluoroquinolone antibiotic; tetracycline antibiotic	antibiotic efflux	resistance-nodulation-cell division (RND) antibiotic efflux pump	tetracycline	yes	chromosome_like	0.5117	0.3005	0.1878
selected8	ERR1713369	k141_704625	k141_704625_1 # 1 # 738 # 1 # ID=115178_1;partial=10;start_type=Edge;rbs_motif=None;rbs_spacer=None;gc_cont=0.446	ANT(3'')-IIc	3004091	Strict	99.59	94.59	aminoglycoside antibiotic	antibiotic inactivation	ANT(3'')	spectinomycin; streptomycin	yes	chromosome_like	0.7299	0.2187	0.0513
selected8	ERR1713369	k141_704904	k141_704904_3 # 749 # 1261 # -1 # ID=115542_3;partial=00;start_type=ATG;rbs_motif=TAA;rbs_spacer=11bp;gc_cont=0.402	nimE	3007107	Perfect	100.0	100.00	nitroimidazole antibiotic	antibiotic inactivation	nitroimidazole reductase	metronidazole	yes	plasmid_like	0.204	0.713	0.083
selected8	ERR1713369	k141_806792	k141_806792_1 # 39 # 1958 # -1 # ID=115720_1;partial=00;start_type=ATG;rbs_motif=AGGAGG;rbs_spacer=5-10bp;gc_cont=0.406	tet(O)	3000190	Strict	98.75	100.00	tetracycline antibiotic	antibiotic target protection	tetracycline-resistant ribosomal protection protein	tetracycline; doxycycline; minocycline; chlortetracycline; demeclocycline; oxytetracycline	yes	plasmid_like	0.1209	0.7557	0.1234
selected8	ERR1713369	k141_498100	k141_498100_2 # 209 # 997 # 1 # ID=117994_2;partial=00;start_type=ATG;rbs_motif=TAA;rbs_spacer=11bp;gc_cont=0.375	ANT(3'')-IIc	3004091	Strict	69.38	101.16	aminoglycoside antibiotic	antibiotic inactivation	ANT(3'')	spectinomycin; streptomycin	yes	plasmid_like	0.002	0.9929	0.0051
selected8	ERR1713369	k141_52025	k141_52025_1 # 65 # 409 # 1 # ID=118249_1;partial=00;start_type=ATG;rbs_motif=AGGA/GGAG/GAGG;rbs_spacer=11-12bp;gc_cont=0.412	qacG	3007015	Strict	45.19	106.54	disinfecting agents and antiseptics	antibiotic efflux	small multidrug resistance (SMR) antibiotic efflux pump	benzalkonium chloride	yes	chromosome_like	0.5708	0.3247	0.1046
selected8	ERR1713369	k141_707450	k141_707450_5 # 4494 # 6050 # -1 # ID=118902_5;partial=00;start_type=ATG;rbs_motif=None;rbs_spacer=None;gc_cont=0.453	vanW gene in vanI cluster	3003724	Strict	31.42	138.87	glycopeptide antibiotic	antibiotic target alteration	vanW; glycopeptide resistance gene cluster	vancomycin; teicoplanin	yes	plasmid_like	0.4588	0.4637	0.0775
selected8	ERR1713369	k141_707882	k141_707882_4 # 2836 # 3168 # 1 # ID=119451_4;partial=00;start_type=ATG;rbs_motif=GGA/GAG/AGG;rbs_spacer=5-10bp;gc_cont=0.532	qacJ	3007014	Strict	36.54	102.80	disinfecting agents and antiseptics	antibiotic efflux	small multidrug resistance (SMR) antibiotic efflux pump	benzalkonium chloride	yes	chromosome_like	0.9552	0.0335	0.0113
selected8	ERR1713369	k141_395495	k141_395495_4 # 1999 # 2544 # 1 # ID=119629_4;partial=00;start_type=ATG;rbs_motif=None;rbs_spacer=None;gc_cont=0.582	ANT(2'')-Ia	3000230	Strict	97.18	102.26	aminoglycoside antibiotic	antibiotic inactivation	ANT(2'')	dibekacin; sisomicin; kanamycin A; tobramycin; gentamicin	yes	plasmid_like	0.0012	0.995	0.0038
selected8	ERR1713369	k141_395495	k141_395495_9 # 7399 # 8187 # 1 # ID=119629_9;partial=00;start_type=ATG;rbs_motif=AAAA;rbs_spacer=11bp;gc_cont=0.444	aadA27	3004682	Perfect	100.0	100.00	aminoglycoside antibiotic	antibiotic inactivation	ANT(3'')	spectinomycin; streptomycin	yes	plasmid_like	0.0012	0.995	0.0038
selected8	ERR1713369	k141_809814	k141_809814_3 # 2013 # 2345 # -1 # ID=120055_3;partial=00;start_type=ATG;rbs_motif=GGAG/GAGG;rbs_spacer=5-10bp;gc_cont=0.685	qacG	3007015	Strict	37.74	102.80	disinfecting agents and antiseptics	antibiotic efflux	small multidrug resistance (SMR) antibiotic efflux pump	benzalkonium chloride	yes	chromosome_like	0.9352	0.0505	0.0143
selected8	ERR1713369	k141_809814	k141_809814_4 # 2373 # 2702 # -1 # ID=120055_4;partial=00;start_type=ATG;rbs_motif=None;rbs_spacer=None;gc_cont=0.694	qacJ	3007014	Strict	36.79	101.87	disinfecting agents and antiseptics	antibiotic efflux	small multidrug resistance (SMR) antibiotic efflux pump	benzalkonium chloride	yes	chromosome_like	0.9352	0.0505	0.0143
selected8	ERR1713369	k141_809970	k141_809970_3 # 1735 # 4911 # -1 # ID=120265_3;partial=00;start_type=ATG;rbs_motif=GGA/GAG/AGG;rbs_spacer=11-12bp;gc_cont=0.538	adeF	3000777	Strict	42.83	99.91	fluoroquinolone antibiotic; tetracycline antibiotic	antibiotic efflux	resistance-nodulation-cell division (RND) antibiotic efflux pump	tetracycline	yes	chromosome_like	0.7791	0.1901	0.0308
selected8	ERR1713369	k141_396571	k141_396571_5 # 2048 # 2710 # -1 # ID=121285_5;partial=00;start_type=ATG;rbs_motif=None;rbs_spacer=None;gc_cont=0.439	AcrS	3000656	Perfect	100.0	100.00	fluoroquinolone antibiotic; cephalosporin; glycylcycline; cephamycin; penam; tetracycline antibiotic; rifamycin antibiotic; phenicol antibiotic; disinfecting agents and antiseptics	antibiotic efflux	resistance-nodulation-cell division (RND) antibiotic efflux pump	tigecycline; ciprofloxacin; tetracycline; rifampin; chloramphenicol; ampicillin; cefalotin; triclosan	yes	plasmid_like	0.071	0.8804	0.0486
selected8	ERR1713369	k141_396571	k141_396571_6 # 3109 # 4266 # 1 # ID=121285_6;partial=00;start_type=ATG;rbs_motif=GGAG/GAGG;rbs_spacer=5-10bp;gc_cont=0.520	AcrE	3000499	Perfect	100.0	100.00	fluoroquinolone antibiotic; cephalosporin; cephamycin; penam	antibiotic efflux	resistance-nodulation-cell division (RND) antibiotic efflux pump	ciprofloxacin	yes	plasmid_like	0.071	0.8804	0.0486
selected8	ERR1713369	k141_397005	k141_397005_2 # 598 # 1320 # -1 # ID=121984_2;partial=00;start_type=ATG;rbs_motif=GGA/GAG/AGG;rbs_spacer=5-10bp;gc_cont=0.559	baeR	3000828	Strict	96.25	100.00	aminoglycoside antibiotic; aminocoumarin antibiotic	antibiotic efflux	resistance-nodulation-cell division (RND) antibiotic efflux pump	novobiocin	yes	plasmid_like	0.0831	0.7564	0.1606
selected8	ERR1713369	k141_187450	k141_187450_2 # 584 # 1066 # -1 # ID=122299_2;partial=00;start_type=ATG;rbs_motif=None;rbs_spacer=None;gc_cont=0.462	dfrA14	3002859	Strict	99.36	101.91	diaminopyrimidine antibiotic	antibiotic target replacement	trimethoprim resistant dihydrofolate reductase dfr	trimethoprim	yes	plasmid_like	0.0214	0.9538	0.0249
selected8	ERR1713369	k141_294235	k141_294235_3 # 1213 # 1536 # 1 # ID=124460_3;partial=01;start_type=ATG;rbs_motif=None;rbs_spacer=None;gc_cont=0.660	FosH	3007369	Strict	71.57	81.20	phosphonic acid antibiotic	antibiotic inactivation	fosfomycin thiol transferase	fosfomycin	yes	plasmid_like	0.3491	0.4546	0.1963
selected8	ERR1713369	k141_813495	k141_813495_2 # 368 # 1477 # -1 # ID=125035_2;partial=00;start_type=ATG;rbs_motif=None;rbs_spacer=None;gc_cont=0.639	vanT gene in vanG cluster	3002972	Strict	38.42	51.83	glycopeptide antibiotic	antibiotic target alteration	glycopeptide resistance gene cluster; vanT	vancomycin	yes	chromosome_like	0.7127	0.222	0.0653
selected8	ERR1713369	k141_294849	k141_294849_3 # 1513 # 1932 # 1 # ID=125303_3;partial=00;start_type=ATG;rbs_motif=None;rbs_spacer=None;gc_cont=0.650	FosI	3007370	Strict	71.76	103.73	phosphonic acid antibiotic	antibiotic inactivation	fosfomycin thiol transferase	fosfomycin	yes	chromosome_like	0.7829	0.1745	0.0426
selected8	ERR1713369	k141_605677	k141_605677_1 # 148 # 990 # 1 # ID=125514_1;partial=00;start_type=ATG;rbs_motif=TAA;rbs_spacer=11bp;gc_cont=0.374	OXA-58	3001611	Perfect	100.0	100.00	carbapenem; cephalosporin; penam	antibiotic inactivation	OXA beta-lactamase	cloxacillin; oxacillin; cefalotin	yes	plasmid_like	0.3151	0.6337	0.0512
selected8	ERR1713369	k141_605880	k141_605880_5 # 2128 # 2880 # 1 # ID=125863_5;partial=00;start_type=ATG;rbs_motif=GGA/GAG/AGG;rbs_spacer=5-10bp;gc_cont=0.530	vanY gene in vanF cluster	3002958	Strict	34.39	85.32	glycopeptide antibiotic	antibiotic target alteration	vanY; glycopeptide resistance gene cluster	vancomycin	yes	chromosome_like	0.9354	0.0419	0.0226
selected8	ERR1713369	k141_712723	k141_712723_3 # 847 # 1977 # -1 # ID=125879_3;partial=00;start_type=ATG;rbs_motif=GGxGG;rbs_spacer=5-10bp;gc_cont=0.460	vanT gene in vanG cluster	3002972	Strict	37.46	52.81	glycopeptide antibiotic	antibiotic target alteration	glycopeptide resistance gene cluster; vanT	vancomycin	yes	chromosome_like	0.884	0.0899	0.026
selected8	ERR1713369	k141_400344	k141_400344_2 # 167 # 580 # -1 # ID=126297_2;partial=00;start_type=ATG;rbs_motif=AGxAGG/AGGxGG;rbs_spacer=5-10bp;gc_cont=0.524	FosH	3007369	Strict	61.07	103.01	phosphonic acid antibiotic	antibiotic inactivation	fosfomycin thiol transferase	fosfomycin	yes	chromosome_like	0.6319	0.2114	0.1567
selected8	ERR1713369	k141_713422	k141_713422_2 # 1099 # 1557 # -1 # ID=126732_2;partial=00;start_type=ATG;rbs_motif=None;rbs_spacer=None;gc_cont=0.401	dfrA1	3002854	Strict	98.03	96.82	diaminopyrimidine antibiotic	antibiotic target replacement	trimethoprim resistant dihydrofolate reductase dfr	trimethoprim	yes	plasmid_like	0.2277	0.4487	0.3236
selected8	ERR1713369	k141_190845	k141_190845_2 # 508 # 1176 # -1 # ID=126742_2;partial=00;start_type=TTG;rbs_motif=None;rbs_spacer=None;gc_cont=0.259	ErmT	3000595	Strict	98.65	90.98	macrolide antibiotic; lincosamide antibiotic; streptogramin antibiotic; streptogramin A antibiotic; streptogramin B antibiotic	antibiotic target alteration	Erm 23S ribosomal RNA methyltransferase	erythromycin; roxithromycin; lincomycin; telithromycin; clarithromycin; clindamycin; tylosin; spiramycin; azithromycin; dirithromycin; pristinamycin IA; quinupristin; virginiamycin M1; madumycin II; griseoviridin; dalfopristin; pristinamycin IB; virginiamycin S2; pristinamycin IC; vernamycin C; patricin A; patricin B; ostreogrycin B3; oleandomycin	yes	plasmid_like	0.0038	0.9853	0.0109
selected8	ERR1713369	k141_56284	k141_56284_2 # 1506 # 2162 # 1 # ID=127088_2;partial=00;start_type=ATG;rbs_motif=AGGAG;rbs_spacer=5-10bp;gc_cont=0.438	QnrS2	3002791	Perfect	100.0	100.00	fluoroquinolone antibiotic	antibiotic target protection	quinolone resistance protein (qnr)	ciprofloxacin; levofloxacin; moxifloxacin; gatifloxacin; nalidixic acid; norfloxacin; sparfloxacin	yes	plasmid_like	0.0014	0.9941	0.0045
selected8	ERR1713369	k141_401599	k141_401599_1 # 529 # 993 # -1 # ID=128084_1;partial=00;start_type=ATG;rbs_motif=AGGA/GGAG/GAGG;rbs_spacer=11-12bp;gc_cont=0.518	Escherichia coli soxR with mutation conferring antibiotic resistance	3003381	Strict	100.0	100.00	fluoroquinolone antibiotic; cephalosporin; glycylcycline; penam; tetracycline antibiotic; rifamycin antibiotic; phenicol antibiotic; disinfecting agents and antiseptics	antibiotic target alteration; antibiotic efflux	ATP-binding cassette (ABC) antibiotic efflux pump; major facilitator superfamily (MFS) antibiotic efflux pump; resistance-nodulation-cell division (RND) antibiotic efflux pump	tigecycline; ciprofloxacin; tetracycline; rifampin; chloramphenicol; ampicillin; nalidixic acid; norfloxacin; cefalotin; triclosan	yes	chromosome_like	0.5892	0.3601	0.0508
selected8	ERR1713369	k141_401599	k141_401599_2 # 1079 # 1402 # 1 # ID=128084_2;partial=00;start_type=ATG;rbs_motif=GGAG/GAGG;rbs_spacer=5-10bp;gc_cont=0.509	Escherichia coli soxS with mutation conferring antibiotic resistance	3003511	Strict	100.0	100.00	fluoroquinolone antibiotic; monobactam; carbapenem; cephalosporin; glycylcycline; cephamycin; penam; tetracycline antibiotic; rifamycin antibiotic; phenicol antibiotic; penem; disinfecting agents and antiseptics	antibiotic target alteration; antibiotic efflux; reduced permeability to antibiotic	ATP-binding cassette (ABC) antibiotic efflux pump; major facilitator superfamily (MFS) antibiotic efflux pump; resistance-nodulation-cell division (RND) antibiotic efflux pump; General Bacterial Porin with reduced permeability to beta-lactams	tigecycline; ciprofloxacin; tetracycline; rifampin; chloramphenicol; ampicillin; norfloxacin; cefalotin; triclosan; enrofloxacin	yes	chromosome_like	0.5892	0.3601	0.0508
selected8	ERR1713369	k141_816052	k141_816052_2 # 362 # 1225 # -1 # ID=128491_2;partial=00;start_type=ATG;rbs_motif=GGA/GAG/AGG;rbs_spacer=5-10bp;gc_cont=0.534	GES-5	3002334	Perfect	100.0	100.00	carbapenem; cephalosporin; penam	antibiotic inactivation	GES beta-lactamase		yes	plasmid_like	0.122	0.6699	0.2081
selected8	ERR1713369	k141_506008	k141_506008_5 # 2205 # 3362 # 1 # ID=128934_5;partial=00;start_type=ATG;rbs_motif=GGA/GAG/AGG;rbs_spacer=5-10bp;gc_cont=0.446	vanT gene in vanG cluster	3002972	Strict	32.34	54.07	glycopeptide antibiotic	antibiotic target alteration	glycopeptide resistance gene cluster; vanT	vancomycin	yes	chromosome_like	0.9726	0.0189	0.0085
selected8	ERR1713369	k141_715595	k141_715595_1 # 175 # 999 # 1 # ID=129574_1;partial=00;start_type=ATG;rbs_motif=None;rbs_spacer=None;gc_cont=0.259	OXA-347	3001777	Perfect	100.0	100.00	carbapenem; cephalosporin; penam	antibiotic inactivation	OXA beta-lactamase	cloxacillin; oxacillin; cefalotin	yes	plasmid_like	0.4821	0.4975	0.0204
selected8	ERR1713369	k141_193906	k141_193906_3 # 2229 # 3092 # -1 # ID=131062_3;partial=00;start_type=ATG;rbs_motif=AGGA;rbs_spacer=5-10bp;gc_cont=0.557	sul4	3004361	Perfect	100.0	100.00	sulfonamide antibiotic	antibiotic target replacement	sulfonamide resistant sul	sulfamethoxazole	yes	plasmid_like	0.1137	0.856	0.0303
selected8	ERR1713369	k141_609525	k141_609525_3 # 1441 # 1785 # 1 # ID=131110_3;partial=00;start_type=ATG;rbs_motif=GGA/GAG/AGG;rbs_spacer=5-10bp;gc_cont=0.386	qacJ	3007014	Strict	44.34	106.54	disinfecting agents and antiseptics	antibiotic efflux	small multidrug resistance (SMR) antibiotic efflux pump	benzalkonium chloride	yes	plasmid_like	0.3982	0.5633	0.0386
selected8	ERR1713369	k141_58045	k141_58045_2 # 409 # 1236 # 1 # ID=131176_2;partial=00;start_type=ATG;rbs_motif=AGGA;rbs_spacer=5-10bp;gc_cont=0.477	OXA-732	3005937	Strict	99.25	103.38	carbapenem; cephalosporin; penam	antibiotic inactivation	OXA beta-lactamase	cloxacillin; oxacillin; cefalotin	yes	plasmid_like	0.1327	0.8301	0.0372
selected8	ERR1713369	k141_609681	k141_609681_1 # 3 # 1070 # 1 # ID=131362_1;partial=10;start_type=Edge;rbs_motif=None;rbs_spacer=None;gc_cont=0.415	CARB-3	3002242	Strict	99.67	116.78	penam	antibiotic inactivation	CARB beta-lactamase		yes	plasmid_like	0.1477	0.7325	0.1198
selected8	ERR1713369	k141_609681	k141_609681_2 # 1287 # 1634 # 1 # ID=131362_2;partial=00;start_type=ATG;rbs_motif=GGAG/GAGG;rbs_spacer=5-10bp;gc_cont=0.500	qacEdelta1	3005010	Perfect	100.0	100.00	disinfecting agents and antiseptics	antibiotic efflux	major facilitator superfamily (MFS) antibiotic efflux pump		yes	plasmid_like	0.1477	0.7325	0.1198
selected8	ERR1713369	k141_507940	k141_507940_3 # 1598 # 2800 # -1 # ID=131642_3;partial=00;start_type=ATG;rbs_motif=AGGA;rbs_spacer=5-10bp;gc_cont=0.413	tet(H)	3000175	Perfect	100.0	100.00	tetracycline antibiotic	antibiotic efflux	major facilitator superfamily (MFS) antibiotic efflux pump	tetracycline	yes	plasmid_like	0.0424	0.9319	0.0257
selected8	ERR1713369	k141_818673	k141_818673_1 # 1 # 723 # 1 # ID=132225_1;partial=10;start_type=Edge;rbs_motif=None;rbs_spacer=None;gc_cont=0.450	vanW gene in vanI cluster	3003724	Strict	37.67	64.34	glycopeptide antibiotic	antibiotic target alteration	vanW; glycopeptide resistance gene cluster	vancomycin; teicoplanin	yes	chromosome_like	0.5301	0.3804	0.0896
selected8	ERR1713369	k141_819467	k141_819467_1 # 152 # 922 # -1 # ID=133251_1;partial=00;start_type=ATG;rbs_motif=TAA;rbs_spacer=11bp;gc_cont=0.323	LnuH	3004600	Strict	89.45	98.46	lincosamide antibiotic	antibiotic inactivation	lincosamide nucleotidyltransferase (LNU)		yes	plasmid_like	0.0632	0.9165	0.0204
selected8	ERR1713369	k141_612016	k141_612016_1 # 290 # 1072 # 1 # ID=134566_1;partial=00;start_type=ATG;rbs_motif=TAA;rbs_spacer=12bp;gc_cont=0.331	LnuH	3004600	Strict	92.69	100.00	lincosamide antibiotic	antibiotic inactivation	lincosamide nucleotidyltransferase (LNU)		yes	plasmid_like	0.1226	0.8479	0.0295
selected8	ERR1713369	k141_301919	k141_301919_1 # 1 # 1647 # 1 # ID=134825_1;partial=10;start_type=Edge;rbs_motif=None;rbs_spacer=None;gc_cont=0.492	vanT gene in vanG cluster	3002972	Strict	34.96	76.97	glycopeptide antibiotic	antibiotic target alteration	glycopeptide resistance gene cluster; vanT	vancomycin	yes	plasmid_like	0.1584	0.6245	0.2172
selected8	ERR1713369	k141_510429	k141_510429_1 # 195 # 1370 # -1 # ID=135028_1;partial=01;start_type=Edge;rbs_motif=None;rbs_spacer=None;gc_cont=0.526	vanW gene in vanI cluster	3003724	Strict	30.67	104.83	glycopeptide antibiotic	antibiotic target alteration	vanW; glycopeptide resistance gene cluster	vancomycin; teicoplanin	yes	chromosome_like	0.7638	0.1206	0.1156
selected8	ERR1713369	k141_302599	k141_302599_2 # 626 # 1063 # -1 # ID=135719_2;partial=00;start_type=ATG;rbs_motif=None;rbs_spacer=None;gc_cont=0.623	qacJ	3007014	Strict	40.38	135.51	disinfecting agents and antiseptics	antibiotic efflux	small multidrug resistance (SMR) antibiotic efflux pump	benzalkonium chloride	yes	chromosome_like	0.8575	0.1143	0.0282
selected8	ERR1713369	k141_303074	k141_303074_2 # 409 # 1209 # -1 # ID=136371_2;partial=00;start_type=ATG;rbs_motif=None;rbs_spacer=None;gc_cont=0.492	OXA-205	3001483	Perfect	100.0	100.00	carbapenem; cephalosporin; penam	antibiotic inactivation	OXA beta-lactamase	cloxacillin; oxacillin; cefalotin	yes	chromosome_like	0.5598	0.3308	0.1094
selected8	ERR1713369	k141_511405	k141_511405_5 # 3524 # 4738 # -1 # ID=136546_5;partial=00;start_type=ATG;rbs_motif=GGAG/GAGG;rbs_spacer=5-10bp;gc_cont=0.587	cmlA9	3005043	Perfect	100.0	100.00	phenicol antibiotic	antibiotic efflux	major facilitator superfamily (MFS) antibiotic efflux pump	chloramphenicol	yes	plasmid_like	0.0065	0.9832	0.0103
selected8	ERR1713369	k141_821950	k141_821950_2 # 202 # 1461 # 1 # ID=136800_2;partial=00;start_type=ATG;rbs_motif=AGGA;rbs_spacer=5-10bp;gc_cont=0.566	vanT gene in vanG cluster	3002972	Strict	37.94	58.85	glycopeptide antibiotic	antibiotic target alteration	glycopeptide resistance gene cluster; vanT	vancomycin	yes	chromosome_like	0.7906	0.125	0.0844
selected8	ERR1713369	k141_303680	k141_303680_1 # 106 # 990 # -1 # ID=137129_1;partial=00;start_type=ATG;rbs_motif=None;rbs_spacer=None;gc_cont=0.388	mphG	3003742	Strict	90.14	100.00	macrolide antibiotic	antibiotic inactivation	macrolide phosphotransferase (MPH)	erythromycin; clarithromycin; azithromycin	yes	chromosome_like	0.5445	0.2591	0.1965
selected8	ERR1713369	k141_512197	k141_512197_1 # 1 # 504 # 1 # ID=137635_1;partial=10;start_type=Edge;rbs_motif=None;rbs_spacer=None;gc_cont=0.393	vanY gene in vanB cluster	3002956	Strict	42.86	62.31	glycopeptide antibiotic	antibiotic target alteration	vanY; glycopeptide resistance gene cluster	vancomycin	yes	plasmid_like	0.121	0.6696	0.2094
selected8	ERR1713369	k141_822586	k141_822586_1 # 2 # 607 # 1 # ID=137780_1;partial=10;start_type=Edge;rbs_motif=None;rbs_spacer=None;gc_cont=0.637	vanY gene in vanB cluster	3002956	Strict	36.76	75.00	glycopeptide antibiotic	antibiotic target alteration	vanY; glycopeptide resistance gene cluster	vancomycin	yes	chromosome_like	0.5341	0.3179	0.148
selected8	ERR1713369	k141_199126	k141_199126_2 # 330 # 1073 # -1 # ID=138161_2;partial=00;start_type=ATG;rbs_motif=None;rbs_spacer=None;gc_cont=0.366	vanY gene in vanB cluster	3002956	Strict	60.45	92.16	glycopeptide antibiotic	antibiotic target alteration	vanY; glycopeptide resistance gene cluster	vancomycin	yes	chromosome_like	0.5822	0.1956	0.2222
selected8	ERR1713369	k141_615013	k141_615013_2 # 2469 # 3116 # -1 # ID=138683_2;partial=00;start_type=ATG;rbs_motif=None;rbs_spacer=None;gc_cont=0.455	Escherichia coli AcrAB-TolC with AcrR mutation conferring resistance to ciprofloxacin, tetracycline, and ceftazidime	3003807	Strict	100.0	100.00	fluoroquinolone antibiotic; cephalosporin; glycylcycline; penam; tetracycline antibiotic; rifamycin antibiotic; phenicol antibiotic; disinfecting agents and antiseptics	antibiotic target alteration; antibiotic efflux	resistance-nodulation-cell division (RND) antibiotic efflux pump	tigecycline; ciprofloxacin; tetracycline; ceftazidime; rifampin; chloramphenicol; ampicillin; cefalotin; triclosan	yes	chromosome_like	0.4634	0.4115	0.1251
selected8	ERR1713369	k141_615013	k141_615013_3 # 3258 # 4451 # 1 # ID=138683_3;partial=00;start_type=ATG;rbs_motif=GGAG/GAGG;rbs_spacer=5-10bp;gc_cont=0.547	Escherichia coli acrA	3004043	Strict	93.2	100.00	fluoroquinolone antibiotic; cephalosporin; glycylcycline; penam; tetracycline antibiotic; rifamycin antibiotic; phenicol antibiotic; disinfecting agents and antiseptics	antibiotic efflux	resistance-nodulation-cell division (RND) antibiotic efflux pump	tigecycline; tetracycline; rifampin; chloramphenicol; ampicillin; cefalotin; triclosan	yes	chromosome_like	0.4634	0.4115	0.1251
selected8	ERR1713369	k141_823643	k141_823643_2 # 629 # 1522 # 1 # ID=139463_2;partial=00;start_type=TTG;rbs_motif=AGGA/GGAG/GAGG;rbs_spacer=11-12bp;gc_cont=0.497	vanY gene in vanG cluster	3002959	Strict	42.19	106.45	glycopeptide antibiotic	antibiotic target alteration	vanY; glycopeptide resistance gene cluster	vancomycin	yes	plasmid_like	0.2535	0.6357	0.1108
selected8	ERR1713369	k141_410228	k141_410228_2 # 329 # 1141 # -1 # ID=139920_2;partial=00;start_type=ATG;rbs_motif=AGxAGG/AGGxGG;rbs_spacer=11-12bp;gc_cont=0.656	vanY gene in vanB cluster	3002956	Strict	30.81	100.75	glycopeptide antibiotic	antibiotic target alteration	vanY; glycopeptide resistance gene cluster	vancomycin	yes	plasmid_like	0.3367	0.5146	0.1487
selected8	ERR1713369	k141_200617	k141_200617_14 # 10333 # 11739 # -1 # ID=140096_14;partial=00;start_type=GTG;rbs_motif=AGGA;rbs_spacer=5-10bp;gc_cont=0.336	vanW gene in vanI cluster	3003724	Strict	34.2	125.47	glycopeptide antibiotic	antibiotic target alteration	vanW; glycopeptide resistance gene cluster	vancomycin; teicoplanin	yes	chromosome_like	0.9438	0.0359	0.0203
selected8	ERR1713369	k141_200850	k141_200850_2 # 344 # 832 # 1 # ID=140458_2;partial=00;start_type=ATG;rbs_motif=GGxGG;rbs_spacer=5-10bp;gc_cont=0.456	nimJ	3007112	Strict	51.57	98.18	nitroimidazole antibiotic	antibiotic inactivation	nitroimidazole reductase	metronidazole	yes	chromosome_like	0.7941	0.1682	0.0376
selected8	ERR1713369	k141_410835	k141_410835_1 # 3 # 1121 # -1 # ID=140759_1;partial=10;start_type=ATG;rbs_motif=GGAG/GAGG;rbs_spacer=5-10bp;gc_cont=0.426	vanT gene in vanG cluster	3002972	Strict	35.92	52.39	glycopeptide antibiotic	antibiotic target alteration	glycopeptide resistance gene cluster; vanT	vancomycin	yes	chromosome_like	0.541	0.3336	0.1254
selected8	ERR1713369	k141_306545	k141_306545_2 # 712 # 897 # -1 # ID=141064_2;partial=00;start_type=ATG;rbs_motif=AGGAG;rbs_spacer=5-10bp;gc_cont=0.484	rsmA	3005069	Strict	85.25	100.00	fluoroquinolone antibiotic; diaminopyrimidine antibiotic; phenicol antibiotic	antibiotic efflux	resistance-nodulation-cell division (RND) antibiotic efflux pump	trimethoprim; chloramphenicol	yes	chromosome_like	0.7107	0.1903	0.099
selected8	ERR1713369	k141_724524	k141_724524_3 # 1182 # 2507 # 1 # ID=141677_3;partial=00;start_type=TTG;rbs_motif=GGA/GAG/AGG;rbs_spacer=11-12bp;gc_cont=0.394	vanW gene in vanI cluster	3003724	Strict	33.18	118.23	glycopeptide antibiotic	antibiotic target alteration	vanW; glycopeptide resistance gene cluster	vancomycin; teicoplanin	yes	chromosome_like	0.9413	0.0456	0.0131
selected8	ERR1713369	k141_825535	k141_825535_2 # 440 # 1510 # 1 # ID=142067_2;partial=00;start_type=ATG;rbs_motif=GGA/GAG/AGG;rbs_spacer=5-10bp;gc_cont=0.348	vanG	3002909	Strict	41.5	102.01	glycopeptide antibiotic	antibiotic target alteration	glycopeptide resistance gene cluster; Van ligase	vancomycin	yes	chromosome_like	0.9725	0.0196	0.0079
selected8	ERR1713369	k141_516234	k141_516234_1 # 1 # 1890 # -1 # ID=143137_1;partial=10;start_type=ATG;rbs_motif=AAAA;rbs_spacer=4bp;gc_cont=0.369	tet(36)	3000197	Strict	92.86	98.44	tetracycline antibiotic	antibiotic target protection	tetracycline-resistant ribosomal protection protein	tetracycline; doxycycline; minocycline; chlortetracycline; demeclocycline; oxytetracycline	yes	plasmid_like	0.1782	0.6265	0.1953
selected8	ERR1713369	k141_63786	k141_63786_5 # 3122 # 3922 # 1 # ID=143554_5;partial=00;start_type=ATG;rbs_motif=GGAG/GAGG;rbs_spacer=5-10bp;gc_cont=0.409	vanY gene in vanM cluster	3002961	Strict	28.28	114.16	glycopeptide antibiotic	antibiotic target alteration	vanY; glycopeptide resistance gene cluster	vancomycin; teicoplanin	yes	plasmid_like	0.1008	0.7628	0.1364
selected8	ERR1713369	k141_517055	k141_517055_1 # 1 # 861 # 1 # ID=144339_1;partial=10;start_type=Edge;rbs_motif=None;rbs_spacer=None;gc_cont=0.655	vanW gene in vanI cluster	3003724	Strict	32.12	76.68	glycopeptide antibiotic	antibiotic target alteration	vanW; glycopeptide resistance gene cluster	vancomycin; teicoplanin	yes	chromosome_like	0.6	0.2088	0.1912
selected8	ERR1713369	k141_517797	k141_517797_1 # 524 # 1468 # 1 # ID=145398_1;partial=00;start_type=ATG;rbs_motif=GGAG/GAGG;rbs_spacer=5-10bp;gc_cont=0.459	leuO	3003843	Strict	99.04	100.00	nucleoside antibiotic; disinfecting agents and antiseptics	antibiotic efflux	major facilitator superfamily (MFS) antibiotic efflux pump	acriflavine; puromycin	yes	plasmid_like	0.0377	0.8597	0.1026
selected8	ERR1713369	k141_310051	k141_310051_2 # 629 # 1783 # -1 # ID=145876_2;partial=00;start_type=ATG;rbs_motif=GGA/GAG/AGG;rbs_spacer=5-10bp;gc_cont=0.360	vanT gene in vanG cluster	3002972	Strict	33.51	53.93	glycopeptide antibiotic	antibiotic target alteration	glycopeptide resistance gene cluster; vanT	vancomycin	yes	chromosome_like	0.7575	0.16	0.0825
selected8	ERR1713369	k141_829018	k141_829018_4 # 3619 # 4725 # 1 # ID=146530_4;partial=00;start_type=ATG;rbs_motif=AGGAG;rbs_spacer=5-10bp;gc_cont=0.349	vanW gene in vanI cluster	3003724	Strict	33.57	98.66	glycopeptide antibiotic	antibiotic target alteration	vanW; glycopeptide resistance gene cluster	vancomycin; teicoplanin	yes	chromosome_like	0.5904	0.2753	0.1343
selected8	ERR1713369	k141_207170	k141_207170_2 # 688 # 1134 # -1 # ID=147700_2;partial=01;start_type=Edge;rbs_motif=None;rbs_spacer=None;gc_cont=0.356	vanW gene in vanI cluster	3003724	Strict	36.51	39.68	glycopeptide antibiotic	antibiotic target alteration	vanW; glycopeptide resistance gene cluster	vancomycin; teicoplanin	yes	plasmid_like	0.2325	0.3899	0.3776
selected8	ERR1713369	k141_67106	k141_67106_1 # 63 # 1178 # -1 # ID=147981_1;partial=00;start_type=ATG;rbs_motif=AGGAGG;rbs_spacer=5-10bp;gc_cont=0.595	vanT gene in vanG cluster	3002972	Strict	33.79	52.11	glycopeptide antibiotic	antibiotic target alteration	glycopeptide resistance gene cluster; vanT	vancomycin	yes	chromosome_like	0.9235	0.0587	0.0178
selected8	ERR1713369	k141_74099	k141_74099_2 # 228 # 1217 # -1 # ID=149293_2;partial=01;start_type=Edge;rbs_motif=None;rbs_spacer=None;gc_cont=0.426	vanW gene in vanI cluster	3003724	Strict	36.92	88.20	glycopeptide antibiotic	antibiotic target alteration	vanW; glycopeptide resistance gene cluster	vancomycin; teicoplanin	yes	chromosome_like	0.4498	0.2839	0.2663
selected8	ERR1713369	k141_77784	k141_77784_4 # 4021 # 5241 # 1 # ID=149983_4;partial=00;start_type=ATG;rbs_motif=GGA/GAG/AGG;rbs_spacer=5-10bp;gc_cont=0.495	EreA	3000361	Strict	98.28	100.00	macrolide antibiotic	antibiotic inactivation	macrolide esterase	erythromycin; roxithromycin; clarithromycin	yes	chromosome_like	0.8649	0.0976	0.0375
selected8	ERR1713369	k141_77784	k141_77784_5 # 5338 # 6138 # 1 # ID=149983_5;partial=00;start_type=ATG;rbs_motif=AGxAGG/AGGxGG;rbs_spacer=3-4bp;gc_cont=0.419	OXA-10	3001405	Perfect	100.0	100.00	carbapenem; cephalosporin; penam	antibiotic inactivation	OXA beta-lactamase	cloxacillin; oxacillin; cefalotin	yes	chromosome_like	0.8649	0.0976	0.0375
selected8	ERR1713369	k141_78713	k141_78713_1 # 281 # 1021 # 1 # ID=150167_1;partial=00;start_type=ATG;rbs_motif=GGAG/GAGG;rbs_spacer=5-10bp;gc_cont=0.265	ErmT	3000595	Strict	86.12	100.82	macrolide antibiotic; lincosamide antibiotic; streptogramin antibiotic; streptogramin A antibiotic; streptogramin B antibiotic	antibiotic target alteration	Erm 23S ribosomal RNA methyltransferase	erythromycin; roxithromycin; lincomycin; telithromycin; clarithromycin; clindamycin; tylosin; spiramycin; azithromycin; dirithromycin; pristinamycin IA; quinupristin; virginiamycin M1; madumycin II; griseoviridin; dalfopristin; pristinamycin IB; virginiamycin S2; pristinamycin IC; vernamycin C; patricin A; patricin B; ostreogrycin B3; oleandomycin	yes	plasmid_like	0.0193	0.9612	0.0195
selected8	ERR1713369	k141_80577	k141_80577_3 # 1302 # 2267 # 1 # ID=150499_3;partial=00;start_type=ATG;rbs_motif=TAA;rbs_spacer=11bp;gc_cont=0.357	CfxA5	3003096	Perfect	100.0	100.00	cephamycin	antibiotic inactivation	CfxA beta-lactamase		yes	plasmid_like	0.0348	0.9279	0.0372
selected8	ERR1713369	k141_82528	k141_82528_1 # 306 # 794 # -1 # ID=150862_1;partial=00;start_type=ATG;rbs_motif=GGAG/GAGG;rbs_spacer=5-10bp;gc_cont=0.413	nimG	3007109	Strict	50.31	98.78	nitroimidazole antibiotic	antibiotic inactivation	nitroimidazole reductase	metronidazole	yes	chromosome_like	0.5486	0.3974	0.054
selected8	ERR1713369	k141_87108	k141_87108_1 # 222 # 1067 # -1 # ID=151724_1;partial=00;start_type=ATG;rbs_motif=None;rbs_spacer=None;gc_cont=0.535	aadA6	3002606	Strict	88.61	100.00	aminoglycoside antibiotic	antibiotic inactivation	ANT(3'')	spectinomycin; streptomycin	yes	plasmid_like	0.0801	0.8697	0.0501
selected8	ERR1713369	k141_87108	k141_87108_2 # 1104 # 2087 # -1 # ID=151724_2;partial=01;start_type=Edge;rbs_motif=None;rbs_spacer=None;gc_cont=0.499	OXA-2	3001397	Strict	99.64	118.91	carbapenem; cephalosporin; penam	antibiotic inactivation	OXA beta-lactamase	cloxacillin; oxacillin; ceftazidime; amoxicillin; meropenem; ampicillin; cefalotin	yes	plasmid_like	0.0801	0.8697	0.0501
selected8	ERR1713369	k141_88536	k141_88536_3 # 2095 # 2958 # -1 # ID=151990_3;partial=00;start_type=ATG;rbs_motif=AGGAG;rbs_spacer=5-10bp;gc_cont=0.329	ANT(6)-Ia	3002626	Perfect	100.0	100.00	aminoglycoside antibiotic	antibiotic inactivation	ANT(6)	streptomycin	yes	plasmid_like	0.1269	0.5414	0.3317
selected8	ERR1713369	k141_88553	k141_88553_2 # 717 # 1091 # -1 # ID=151994_2;partial=01;start_type=Edge;rbs_motif=None;rbs_spacer=None;gc_cont=0.584	vanY gene in vanB cluster	3002956	Strict	41.6	46.27	glycopeptide antibiotic	antibiotic target alteration	vanY; glycopeptide resistance gene cluster	vancomycin	yes	chromosome_like	0.5831	0.179	0.2379
selected8	ERR1713369	k141_88724	k141_88724_2 # 382 # 1611 # -1 # ID=152028_2;partial=01;start_type=Edge;rbs_motif=None;rbs_spacer=None;gc_cont=0.413	tet(32)	3000196	Strict	87.22	64.01	tetracycline antibiotic	antibiotic target protection	tetracycline-resistant ribosomal protection protein	tetracycline; doxycycline; minocycline; chlortetracycline; demeclocycline; oxytetracycline	yes	plasmid_like	0.0823	0.7877	0.13
selected8	ERR1713369	k141_103650	k141_103650_2 # 1319 # 2302 # -1 # ID=154654_2;partial=00;start_type=ATG;rbs_motif=AGxAGG/AGGxGG;rbs_spacer=5-10bp;gc_cont=0.439	vanH gene in vanO cluster	3002948	Strict	41.48	93.43	glycopeptide antibiotic	antibiotic target alteration	vanH; glycopeptide resistance gene cluster	vancomycin	yes	chromosome_like	0.8327	0.1435	0.0238
selected8	ERR1713369	k141_288409	k141_288409_2 # 2025 # 2399 # 1 # ID=116491_2;partial=00;start_type=GTG;rbs_motif=AGGAG;rbs_spacer=5-10bp;gc_cont=0.619	Mycobacterium tuberculosis rpsL mutations conferring resistance to Streptomycin	3003395	Strict	85.37	100.00	aminoglycoside antibiotic	antibiotic target alteration	antibiotic-resistant rpsL	streptomycin	yes	chromosome_like	0.8397	0.1074	0.0529
