sample_id	aro_id	card_hit_name	diamond_read_hits	unique_reads	mean_pident	median_pident	mean_bitscore	median_bitscore	max_bitscore
ERR1713350	ARO:3000005	vanD	2	2	82.5	82.5	49.9	49.9	57.8
ERR1713350	ARO:3000010	vanA	2	2	97.3	97.3	77.6	77.6	97.4
ERR1713350	ARO:3000013	vanB	12	12	80.44166666666666	80.0	41.699999999999996	40.4	55.8
ERR1713350	ARO:3000024	patA	122	122	83.17459016393443	83.15	80.24180327868852	83.2	90.9
ERR1713350	ARO:3000025	patB	132	132	83.35000000000001	82.0	79.56969696969698	78.6	98.2
ERR1713350	ARO:3000027	emrA	102	102	95.62745098039215	99.0	92.16470588235293	95.7	105.0
ERR1713350	ARO:3000074	emrB	303	303	91.65544554455445	95.9	89.82970297029703	92.0	111.0
ERR1713350	ARO:3000118	vgaB	4	4	81.6	80.8	43.6	43.5	43.9
ERR1713350	ARO:3000149	FosA	1	1	83.3	83.3	69.7	69.7	69.7
ERR1713350	ARO:3000165	tet(A)	13	13	99.53076923076924	100.0	79.89230769230768	94.4	102.0
ERR1713350	ARO:3000166	tet(B)	10	10	98.45	100.0	92.47	92.80000000000001	103.0
ERR1713350	ARO:3000167	tet(C)	6	6	94.58333333333333	100.0	72.38333333333334	71.4	92.0
ERR1713350	ARO:3000173	tet(E)	24	24	95.97083333333335	98.0	92.1125	93.2	105.0
ERR1713350	ARO:3000174	tet(G)	31	31	93.45806451612903	95.0	87.14193548387097	89.7	100.0
ERR1713350	ARO:3000175	tet(H)	22	22	99.17727272727274	100.0	87.83181818181818	96.44999999999999	102.0
ERR1713350	ARO:3000179	tet(L)	3	3	91.33333333333333	90.0	93.3	92.8	95.1
ERR1713350	ARO:3000180	tetA(P)	22	22	90.88181818181819	90.0	83.5909090909091	85.1	102.0
ERR1713350	ARO:3000181	tet(V)	2	2	80.2	80.2	73.75	73.75	75.9
ERR1713350	ARO:3000182	tet(Y)	6	6	98.33333333333333	98.0	97.7	97.80000000000001	101.0
ERR1713350	ARO:3000183	tet(Z)	2	2	91.65	91.65	91.15	91.15	106.0
ERR1713350	ARO:3000186	tet(M)	92	92	95.45652173913044	96.0	85.74347826086957	92.2	111.0
ERR1713350	ARO:3000190	tet(O)	757	757	97.75257595772787	100.0	96.51585204755614	99.4	114.0
ERR1713350	ARO:3000191	tet(Q)	1496	1496	95.24110962566846	96.0	94.57513368983957	98.2	113.0
ERR1713350	ARO:3000192	tet(S)	105	105	98.78476190476191	100.0	97.05142857142857	100.0	114.0
ERR1713350	ARO:3000193	tet(T)	15	15	89.38666666666667	92.0	76.7	92.4	102.0
ERR1713350	ARO:3000194	tet(W)	1614	1614	98.88791821561338	100.0	95.85824039653036	99.0	113.0
ERR1713350	ARO:3000195	tetB(P)	28	28	87.94285714285715	85.0	72.925	81.3	102.0
ERR1713350	ARO:3000196	tet(32)	261	261	97.26858237547893	100.0	96.79885057471265	100.0	112.0
ERR1713350	ARO:3000197	tet(36)	9	9	89.88888888888889	92.0	85.88888888888889	90.1	98.6
ERR1713350	ARO:3000198	FosX	23	23	80.92608695652174	80.0	57.01304347826087	66.6	82.4
ERR1713350	ARO:3000205	tet(X)	145	145	98.75586206896551	100.0	98.85862068965517	102.0	111.0
ERR1713350	ARO:3000206	emrK	101	101	97.35742574257426	100.0	87.92178217821782	92.8	103.0
ERR1713350	ARO:3000216	acrB	1745	1745	87.7397134670487	86.0	82.74704871060172	82.0	114.0
ERR1713350	ARO:3000217	blaR1	2	2	81.55	81.55	61.65	61.65	70.5
ERR1713350	ARO:3000230	ANT(2'')-Ia	29	29	97.64482758620689	98.0	88.87931034482759	102.0	117.0
ERR1713350	ARO:3000237	TolC	235	235	95.37914893617021	98.0	89.04808510638297	92.0	103.0
ERR1713350	ARO:3000245	RbpA	8	8	88.1375	88.8	77.6875	84.15	101.0
ERR1713350	ARO:3000251	msrA	5	5	87.72	85.0	59.980000000000004	37.7	97.4
ERR1713350	ARO:3000254	emrY	131	131	97.3618320610687	100.0	95.23358778625955	97.8	111.0
ERR1713350	ARO:3000263	marA	34	34	97.42058823529412	98.0	93.3	97.25	107.0
ERR1713350	ARO:3000300	lsaA	6	6	81.18333333333334	80.9	80.73333333333333	81.44999999999999	81.6
ERR1713350	ARO:3000316	mphA	24	24	99.08749999999999	100.0	93.22916666666667	100.0	114.0
ERR1713350	ARO:3000318	mphB	12	12	88.375	87.75	87.10000000000001	93.94999999999999	117.0
ERR1713350	ARO:3000343	tap	7	7	85.5	87.8	80.10000000000001	82.0	90.1
ERR1713350	ARO:3000347	ErmA	4	4	89.175	89.4	81.55	87.85	94.7
ERR1713350	ARO:3000361	EreA	16	16	97.30625	99.0	95.3375	99.4	104.0
ERR1713350	ARO:3000363	EreB	14	14	87.79285714285713	88.0	91.32142857142857	93.75	100.0
ERR1713350	ARO:3000368	vanC	8	8	81.7625	81.8	42.675	42.900000000000006	45.8
ERR1713350	ARO:3000375	ErmB	640	640	98.12125	100.0	77.14390625	80.9	111.0
ERR1713350	ARO:3000377	MexA	40	40	83.07000000000001	82.0	81.125	81.05	94.4
ERR1713350	ARO:3000378	MexB	1596	1596	85.63884711779448	84.0	76.71284461152882	79.3	107.0
ERR1713350	ARO:3000379	OprM	70	70	82.03714285714287	81.35	75.32714285714285	75.1	92.0
ERR1713350	ARO:3000410	sul1	62	62	98.78870967741935	100.0	87.25806451612904	94.4	106.0
ERR1713350	ARO:3000412	sul2	20	20	99.325	100.0	77.49	91.7	101.0
ERR1713350	ARO:3000413	sul3	2	2	97.0	97.0	95.15	95.15	96.3
ERR1713350	ARO:3000421	norB	11	11	83.25454545454545	81.6	85.32727272727273	86.3	97.1
ERR1713350	ARO:3000444	rphA	211	211	83.72748815165876	84.0	47.838862559241704	47.8	71.6
ERR1713350	ARO:3000448	QepA1	26	26	85.19615384615385	85.5	67.60384615384615	65.1	87.4
ERR1713350	ARO:3000464	Ngon_porin	72	72	84.21111111111111	83.3	45.15277777777778	45.4	55.8
ERR1713350	ARO:3000476	tet(31)	4	4	100.0	100.0	99.05	97.25	107.0
ERR1713350	ARO:3000478	tet(33)	2	2	92.85	92.85	85.7	85.7	85.9
ERR1713350	ARO:3000481	tet(35)	7	7	82.27142857142857	82.1	73.21428571428571	73.9	86.3
ERR1713350	ARO:3000491	acrD	797	797	90.71442910915934	91.8	86.48381430363865	87.4	111.0
ERR1713350	ARO:3000498	ErmF	344	344	97.40552325581395	98.0	90.43168604651163	96.9	105.0
ERR1713350	ARO:3000499	AcrE	121	121	94.46363636363637	98.0	88.97355371900827	92.8	104.0
ERR1713350	ARO:3000501	rpoB2	573	573	83.50191972076789	82.0	74.25270506108203	77.4	107.0
ERR1713350	ARO:3000502	AcrF	791	791	91.11276864728192	90.0	82.18432364096081	82.8	113.0
ERR1713350	ARO:3000504	golS	50	50	84.47399999999999	84.4	51.168	44.099999999999994	93.2
ERR1713350	ARO:3000508	gadX	69	69	96.28260869565217	98.0	91.61304347826088	96.3	105.0
ERR1713350	ARO:3000510	Saur_mupB_MUP	30	30	81.99333333333334	81.0	62.626666666666665	64.3	84.3
ERR1713350	ARO:3000516	emrR	91	91	96.45714285714286	98.0	90.29010989010989	96.7	110.0
ERR1713350	ARO:3000518	CRP	233	233	93.36523605150214	96.0	88.96909871244635	94.7	107.0
ERR1713350	ARO:3000521	Saur_mupA_MUP	7	7	82.74285714285715	81.6	88.04285714285713	92.8	99.8
ERR1713350	ARO:3000522	ErmG	120	120	97.38916666666667	98.0	90.42	94.55000000000001	108.0
ERR1713350	ARO:3000533	macA	83	83	82.53253012048192	82.0	78.06626506024097	78.2	84.7
ERR1713350	ARO:3000535	macB	1042	1042	85.28301343570057	84.0	77.95355086372362	79.3	98.6
ERR1713350	ARO:3000549	adeS	1	1	94.3	94.3	62.4	62.4	62.4
ERR1713350	ARO:3000553	adeR	9	9	85.63333333333334	82.0	78.63333333333334	83.2	100.0
ERR1713350	ARO:3000556	tet(44)	266	266	97.09661654135338	98.0	98.35451127819549	99.8	112.0
ERR1713350	ARO:3000559	adeN	155	155	86.70645161290322	86.0	88.85870967741936	90.9	103.0
ERR1713350	ARO:3000566	tet(39)	1070	1070	99.19990654205607	100.0	91.75971962616822	96.3	108.0
ERR1713350	ARO:3000567	tet(40)	175	175	97.77428571428571	100.0	88.37714285714286	93.2	109.0
ERR1713350	ARO:3000572	tet(42)	2	2	85.25	85.25	59.5	59.5	71.6
ERR1713350	ARO:3000573	tet(43)	11	11	85.61818181818181	86.0	76.92727272727274	85.9	92.0
ERR1713350	ARO:3000578	CcrA	2	2	100.0	100.0	95.6	95.6	113.0
ERR1713350	ARO:3000582	L1_BLA	4	4	84.0	82.2	84.325	83.15	91.7
ERR1713350	ARO:3000593	ErmQ	4	4	100.0	100.0	101.25	101.5	103.0
ERR1713350	ARO:3000595	ErmT	1	1	80.0	80.0	82.8	82.8	82.8
ERR1713350	ARO:3000596	ErmX	5	5	95.2	98.0	88.03999999999999	94.0	102.0
ERR1713350	ARO:3000602	Erm(39)	2	2	83.0	83.0	89.15	89.15	91.3
ERR1713350	ARO:3000604	Erm(35)	50	50	85.196	85.6	69.9	64.85	90.5
ERR1713350	ARO:3000614	mef(E)	61	61	86.01147540983607	85.7	83.76393442622951	83.2	99.4
ERR1713350	ARO:3000616	mel	1765	1765	91.94164305949009	92.0	86.06373937677054	88.2	102.0
ERR1713350	ARO:3000620	adeL	1	1	80.0	80.0	38.1	38.1	38.1
ERR1713350	ARO:3000656	AcrS	64	64	98.26875	100.0	93.3390625	100.0	109.0
ERR1713350	ARO:3000676	H-NS	70	70	94.6	98.0	72.33571428571429	71.8	103.0
ERR1713350	ARO:3000753	abeM	740	740	85.90675675675676	85.4	82.64635135135136	84.0	100.0
ERR1713350	ARO:3000768	abeS	2	2	81.5	81.5	43.7	43.7	43.9
ERR1713350	ARO:3000774	adeA	17	17	88.1470588235294	88.0	81.34705882352942	87.0	94.7
ERR1713350	ARO:3000775	adeB	151	151	86.78145695364239	86.0	78.24503311258277	80.1	92.0
ERR1713350	ARO:3000777	adeF	769	769	86.2888166449935	85.7	79.65877763328999	82.8	98.2
ERR1713350	ARO:3000778	adeG	6	6	92.48333333333333	93.9	90.76666666666667	91.65	94.0
ERR1713350	ARO:3000779	adeH	2	2	85.45	85.45	60.65	60.65	79.3
ERR1713350	ARO:3000780	adeI	1057	1057	86.58694418164616	86.0	80.05638599810786	83.6	97.1
ERR1713350	ARO:3000781	adeJ	4244	4244	87.96055607917059	87.5	84.57785108388313	86.7	110.0
ERR1713350	ARO:3000782	adeK	1558	1558	86.94011553273428	86.0	84.65430038510911	85.9	102.0
ERR1713350	ARO:3000784	cmeB	80	80	82.56625	81.6	56.55125	50.1	80.1
ERR1713350	ARO:3000789	mdsA	22	22	81.85000000000001	82.0	79.74090909090908	79.15	88.6
ERR1713350	ARO:3000790	mdsB	171	171	85.50584795321637	85.7	81.57426900584795	84.3	94.7
ERR1713350	ARO:3000791	mdsC	25	25	81.18	80.4	56.74	54.3	83.6
ERR1713350	ARO:3000792	mdtA	140	140	93.13499999999999	94.0	87.02642857142858	90.1	105.0
ERR1713350	ARO:3000793	mdtB	2095	2095	87.18305489260143	86.0	79.56797136038186	80.1	105.0
ERR1713350	ARO:3000794	mdtC	1153	1153	86.65342584562012	82.9	80.46279271465743	79.0	106.0
ERR1713350	ARO:3000795	mdtE	76	76	99.25263157894737	100.0	90.19605263157894	94.9	104.0
ERR1713350	ARO:3000796	mdtF	494	494	91.52753036437247	96.0	84.48238866396761	87.2	109.0
ERR1713350	ARO:3000800	MexC	688	688	84.83531976744186	84.25	65.87979651162792	64.3	89.0
ERR1713350	ARO:3000801	MexD	280	280	83.64107142857142	82.0	76.8875	77.0	102.0
ERR1713350	ARO:3000802	OprJ	16	16	83.99375	83.5	75.75625	77.8	87.4
ERR1713350	ARO:3000803	MexE	79	79	83.99746835443038	84.0	82.1113924050633	84.3	95.1
ERR1713350	ARO:3000804	MexF	650	650	87.26246153846154	86.2	81.98861538461539	83.2	103.0
ERR1713350	ARO:3000805	OprN	93	93	84.45806451612904	84.0	77.41290322580645	78.6	92.8
ERR1713350	ARO:3000808	MexI	87	87	85.05402298850575	84.0	76.19310344827586	80.5	93.6
ERR1713350	ARO:3000809	OpmD	1	1	84.8	84.8	75.9	75.9	75.9
ERR1713350	ARO:3000810	mtrC	43	43	83.54883720930232	84.0	77.06279069767442	80.5	86.7
ERR1713350	ARO:3000811	mtrD	2187	2187	84.89272976680384	84.0	76.88641975308643	78.6	95.5
ERR1713350	ARO:3000812	mtrE	182	182	82.25769230769231	82.0	71.88956043956044	76.3	83.2
ERR1713350	ARO:3000813	MexS	1	1	84.2	84.2	38.5	38.5	38.5
ERR1713350	ARO:3000814	MexT	102	102	86.25196078431374	86.0	77.0656862745098	82.4	93.2
ERR1713350	ARO:3000817	mtrR	58	58	82.55	82.85	73.2655172413793	73.94999999999999	93.2
ERR1713350	ARO:3000819	nalD	17	17	84.40588235294118	84.0	84.08235294117648	87.4	93.2
ERR1713350	ARO:3000822	pmrA	5	5	80.4	80.0	82.94000000000001	82.4	85.1
ERR1713350	ARO:3000823	ramA	22	22	89.88181818181819	89.65	81.0909090909091	87.05	105.0
ERR1713350	ARO:3000826	sdiA	15	15	91.10666666666665	91.8	82.50666666666666	86.3	95.1
ERR1713350	ARO:3000828	baeR	128	128	91.68203125	95.0	79.3859375	86.85	105.0
ERR1713350	ARO:3000829	baeS	126	126	89.42142857142858	90.0	86.61746031746031	88.19999999999999	117.0
ERR1713350	ARO:3000830	cpxA	290	290	96.57724137931035	100.0	93.8296551724138	96.7	110.0
ERR1713350	ARO:3000832	evgA	43	43	98.64418604651162	100.0	90.8906976744186	97.4	109.0
ERR1713350	ARO:3000833	evgS	215	215	97.94790697674418	100.0	98.99302325581395	100.0	114.0
ERR1713350	ARO:3000838	arlR	149	149	82.74362416107383	81.8	50.18053691275168	49.7	60.1
ERR1713350	ARO:3000842	EBR-1	3	3	90.86666666666667	90.9	42.46666666666667	42.7	47.0
ERR1713350	ARO:3000851	THIN-B	1	1	86.0	86.0	91.3	91.3	91.3
ERR1713350	ARO:3000853	AIM-1	111	111	97.88378378378378	100.0	91.17927927927927	100.0	114.0
ERR1713350	ARO:3000928	TEM-59	1	1	100.0	100.0	102.0	102.0	102.0
ERR1713350	ARO:3000988	TEM-126	2	2	100.0	100.0	93.2	93.2	95.5
ERR1713350	ARO:3001079	SHV-21	2	2	100.0	100.0	100.0	100.0	100.0
ERR1713350	ARO:3001080	SHV-22	1	1	100.0	100.0	93.6	93.6	93.6
ERR1713350	ARO:3001110	SHV-53	4	4	100.0	100.0	99.95	99.7	103.0
ERR1713350	ARO:3001171	SHV-124	1	1	100.0	100.0	50.8	50.8	50.8
ERR1713350	ARO:3001172	SHV-125	3	3	100.0	100.0	100.03333333333335	101.0	102.0
ERR1713350	ARO:3001173	SHV-126	1	1	100.0	100.0	67.8	67.8	67.8
ERR1713350	ARO:3001205	BRP(MBL)	3	3	89.39999999999999	85.2	68.83333333333333	55.5	95.5
ERR1713350	ARO:3001214	mdtM	128	128	93.88984375	96.0	89.57109375	94.0	103.0
ERR1713350	ARO:3001216	mdtH	145	145	94.76965517241379	98.0	93.67241379310344	95.1	110.0
ERR1713350	ARO:3001301	RlmA(II)	1	1	80.6	80.6	64.3	64.3	64.3
ERR1713350	ARO:3001327	MdtK	95	95	87.49578947368421	87.8	88.24105263157894	88.6	104.0
ERR1713350	ARO:3001328	Ecol_mdfA	179	179	93.4882681564246	95.9	89.16703910614525	91.7	102.0
ERR1713350	ARO:3001329	mdtG	167	167	94.07485029940119	95.7	88.48922155688624	90.9	108.0
ERR1713350	ARO:3001351	SHV-183	1	1	81.8	81.8	54.3	54.3	54.3
ERR1713350	ARO:3001397	OXA-2	22	22	99.72727272727273	100.0	104.23636363636363	105.0	108.0
ERR1713350	ARO:3001398	OXA-3	9	9	84.08888888888889	84.0	101.03333333333333	102.0	107.0
ERR1713350	ARO:3001400	OXA-5	21	21	93.47619047619048	92.0	90.99047619047619	95.1	105.0
ERR1713350	ARO:3001402	OXA-7	8	8	98.4625	100.0	72.65	72.8	94.7
ERR1713350	ARO:3001404	OXA-9	2	2	99.0	99.0	107.5	107.5	109.0
ERR1713350	ARO:3001411	OXA-16	162	162	99.29382716049383	100.0	96.35123456790123	100.0	111.0
ERR1713350	ARO:3001412	OXA-17	1	1	100.0	100.0	105.0	105.0	105.0
ERR1713350	ARO:3001415	OXA-20	20	20	97.705	97.8	88.505	91.25	105.0
ERR1713350	ARO:3001416	OXA-21	13	13	89.0076923076923	83.7	94.36153846153846	92.4	111.0
ERR1713350	ARO:3001423	OXA-28	1	1	100.0	100.0	100.0	100.0	100.0
ERR1713350	ARO:3001425	OXA-31	16	16	98.81875	100.0	66.25	61.2	96.3
ERR1713350	ARO:3001427	OXA-33	13	13	99.84615384615384	100.0	100.5923076923077	101.0	104.0
ERR1713350	ARO:3001428	OXA-34	32	32	99.74375	100.0	88.3	93.6	108.0
ERR1713350	ARO:3001429	OXA-35	14	14	100.0	100.0	96.69285714285715	99.3	102.0
ERR1713350	ARO:3001430	OXA-36	97	97	97.62268041237112	100.0	102.98453608247422	103.0	117.0
ERR1713350	ARO:3001431	OXA-37	107	107	96.98130841121495	100.0	94.5392523364486	101.0	119.0
ERR1713350	ARO:3001439	OXA-101	10	10	99.39	100.0	97.85	99.0	102.0
ERR1713350	ARO:3001452	OXA-140	26	26	99.21538461538461	100.0	102.77307692307691	103.0	111.0
ERR1713350	ARO:3001483	OXA-205	81	81	98.1753086419753	100.0	101.66543209876542	104.0	120.0
ERR1713350	ARO:3001487	OXA-210	1	1	80.4	80.4	80.1	80.1	80.1
ERR1713350	ARO:3001495	OXA-233	19	19	99.47368421052632	100.0	103.53157894736842	105.0	108.0
ERR1713350	ARO:3001504	OXA-309	4	4	95.0	94.0	94.425	95.3	97.4
ERR1713350	ARO:3001521	OXA-333	248	248	99.15120967741936	100.0	96.13951612903226	101.0	113.0
ERR1713350	ARO:3001522	OXA-334	26	26	98.94615384615385	100.0	94.38076923076923	100.0	112.0
ERR1713350	ARO:3001523	OXA-335	1	1	100.0	100.0	44.7	44.7	44.7
ERR1713350	ARO:3001535	OXA-348	4	4	80.9	80.8	83.375	83.95	84.7
ERR1713350	ARO:3001542	OXA-355	4	4	89.325	87.25	48.925	48.75	51.6
ERR1713350	ARO:3001548	OXA-361	1	1	100.0	100.0	76.3	76.3	76.3
ERR1713350	ARO:3001549	OXA-362	7	7	97.71428571428571	100.0	79.07142857142857	92.4	99.8
ERR1713350	ARO:3001550	OXA-363	5	5	82.74	83.7	88.88	89.0	89.7
ERR1713350	ARO:3001558	OXA-372	3	3	97.96666666666665	98.0	99.0	101.0	104.0
ERR1713350	ARO:3001559	OXA-373	52	52	99.0576923076923	100.0	103.9673076923077	102.0	115.0
ERR1713350	ARO:3001608	OXA-417	7	7	82.68571428571428	81.6	86.82857142857142	90.9	95.5
ERR1713350	ARO:3001631	OXA-96	17	17	99.75882352941177	100.0	107.0	107.0	109.0
ERR1713350	ARO:3001662	OXA-164	102	102	99.37843137254902	100.0	95.96470588235293	101.0	107.0
ERR1713350	ARO:3001677	OXA-236	1	1	100.0	100.0	105.0	105.0	105.0
ERR1713350	ARO:3001681	OXA-278	3	3	100.0	100.0	58.800000000000004	38.5	99.4
ERR1713350	ARO:3001692	OXA-229	8	8	83.95	83.65	82.825	90.1	100.0
ERR1713350	ARO:3001693	OXA-230	1	1	80.9	80.9	73.2	73.2	73.2
ERR1713350	ARO:3001694	OXA-257	6	6	84.51666666666667	84.7	92.26666666666667	96.65	101.0
ERR1713350	ARO:3001695	OXA-134	8	8	83.2125	83.65	85.025	84.9	88.6
ERR1713350	ARO:3001705	OXA-72	1	1	80.5	80.5	75.5	75.5	75.5
ERR1713350	ARO:3001709	OXA-182	1	1	80.4	80.4	77.8	77.8	77.8
ERR1713350	ARO:3001710	OXA-211	171	171	98.80643274853801	100.0	98.07836257309943	102.0	114.0
ERR1713350	ARO:3001711	OXA-212	124	124	98.43306451612904	100.0	87.35967741935484	100.5	108.0
ERR1713350	ARO:3001722	OXA-266	6	6	86.71666666666665	87.6	86.96666666666665	85.85	96.3
ERR1713350	ARO:3001728	OXA-272	5	5	85.6	80.0	91.9	90.1	96.7
ERR1713350	ARO:3001730	OXA-274	1	1	81.6	81.6	84.7	84.7	84.7
ERR1713350	ARO:3001731	OXA-275	6	6	86.61666666666667	84.85	98.06666666666666	94.7	112.0
ERR1713350	ARO:3001735	OXA-280	8	8	97.5625	98.0	83.3	82.6	100.0
ERR1713350	ARO:3001736	OXA-281	18	18	98.84444444444445	100.0	89.82777777777778	104.5	114.0
ERR1713350	ARO:3001737	OXA-282	2	2	100.0	100.0	67.8	67.8	88.2
ERR1713350	ARO:3001738	OXA-283	1	1	100.0	100.0	107.0	107.0	107.0
ERR1713350	ARO:3001750	OXA-295	1	1	80.0	80.0	90.5	90.5	90.5
ERR1713350	ARO:3001751	OXA-296	70	70	95.32428571428571	98.0	92.22857142857143	97.8	110.0
ERR1713350	ARO:3001754	OXA-299	7	7	80.97142857142856	81.6	88.14285714285714	88.2	89.7
ERR1713350	ARO:3001755	OXA-300	1	1	81.6	81.6	89.7	89.7	89.7
ERR1713350	ARO:3001763	OXA-308	1	1	80.0	80.0	83.2	83.2	83.2
ERR1713350	ARO:3001764	OXA-63	2	2	83.9	83.9	57.4	57.4	57.4
ERR1713350	ARO:3001766	OXA-192	10	10	80.0	80.0	81.25	81.25	81.6
ERR1713350	ARO:3001767	OXA-137	32	32	88.09375	88.0	93.76875	94.95	97.1
ERR1713350	ARO:3001775	OXA-119	156	156	97.01602564102564	98.0	101.84551282051282	105.0	120.0
ERR1713350	ARO:3001777	OXA-347	30	30	98.02666666666667	100.0	93.07666666666667	102.0	110.0
ERR1713350	ARO:3001781	OXA-47	42	42	99.57142857142857	100.0	99.46904761904761	101.5	112.0
ERR1713350	ARO:3001793	OXA-320	1	1	100.0	100.0	103.0	103.0	103.0
ERR1713350	ARO:3001797	OXA-46	68	68	94.95294117647059	96.0	75.18235294117646	73.19999999999999	119.0
ERR1713350	ARO:3001799	OXA-161	1	1	100.0	100.0	100.0	100.0	100.0
ERR1713350	ARO:3001804	OXA-145	81	81	99.1604938271605	100.0	91.78024691358024	100.0	111.0
ERR1713350	ARO:3001805	OXA-198	8	8	96.65	99.0	89.3125	99.0	107.0
ERR1713350	ARO:3001807	OXA-246	1	1	94.0	94.0	97.4	97.4	97.4
ERR1713350	ARO:3001809	OXA-209	116	116	88.67327586206896	89.8	92.97500000000001	95.69999999999999	105.0
ERR1713350	ARO:3001810	OXA-53	2	2	84.2	84.2	85.3	85.3	94.0
ERR1713350	ARO:3001811	OXA-129	205	205	98.52634146341464	100.0	93.09463414634148	99.4	110.0
ERR1713350	ARO:3001817	ACC-3	2	2	88.6	88.6	71.05000000000001	71.05000000000001	97.4
ERR1713350	ARO:3001818	ACC-4	1	1	100.0	100.0	103.0	103.0	103.0
ERR1713350	ARO:3001848	ACT-28	1	1	100.0	100.0	114.0	114.0	114.0
ERR1713350	ARO:3001874	CTX-M-11	2	2	100.0	100.0	94.15	94.15	94.7
ERR1713350	ARO:3001902	CTX-M-40	1	1	81.8	81.8	70.5	70.5	70.5
ERR1713350	ARO:3001907	CTX-M-45	33	33	85.95151515151515	86.4	41.412121212121214	39.7	97.8
ERR1713350	ARO:3001935	CTX-M-74	1	1	80.0	80.0	77.8	77.8	77.8
ERR1713350	ARO:3001967	CTX-M-107	2	2	100.0	100.0	94.75	94.75	96.7
ERR1713350	ARO:3002055	CMY-44	1	1	100.0	100.0	75.1	75.1	75.1
ERR1713350	ARO:3002074	CMY-61	1	1	100.0	100.0	104.0	104.0	104.0
ERR1713350	ARO:3002078	CMY-65	1	1	100.0	100.0	108.0	108.0	108.0
ERR1713350	ARO:3002083	CMY-70	2	2	100.0	100.0	104.0	104.0	104.0
ERR1713350	ARO:3002096	CMY-83	2	2	100.0	100.0	110.0	110.0	110.0
ERR1713350	ARO:3002111	CMY-98	4	4	98.0	99.0	101.725	102.5	106.0
ERR1713350	ARO:3002112	CMY-100	1	1	100.0	100.0	110.0	110.0	110.0
ERR1713350	ARO:3002146	DHA-15	2	2	88.8	88.8	67.2	67.2	96.7
ERR1713350	ARO:3002156	FOX-2	1	1	84.1	84.1	80.5	80.5	80.5
ERR1713350	ARO:3002157	FOX-3	5	5	97.6	96.0	103.0	103.0	105.0
ERR1713350	ARO:3002165	FOX-12	6	6	92.21666666666665	91.85	97.5	99.5	105.0
ERR1713350	ARO:3002168	MIR-2	3	3	100.0	100.0	105.66666666666667	105.0	107.0
ERR1713350	ARO:3002169	MIR-3	1	1	100.0	100.0	113.0	113.0	113.0
ERR1713350	ARO:3002179	MIR-14	1	1	83.7	83.7	99.0	99.0	99.0
ERR1713350	ARO:3002191	MOX-9	20	20	97.295	99.0	98.565	100.0	108.0
ERR1713350	ARO:3002241	CARB-2	4	4	100.0	100.0	77.8	75.85	99.4
ERR1713350	ARO:3002243	CARB-4	5	5	100.0	100.0	90.62	104.0	106.0
ERR1713350	ARO:3002244	CARB-5	175	175	99.4662857142857	100.0	96.37257142857143	100.0	111.0
ERR1713350	ARO:3002249	CARB-10	22	22	99.54545454545455	100.0	74.66363636363636	82.80000000000001	101.0
ERR1713350	ARO:3002252	CARB-14	11	11	100.0	100.0	75.55454545454546	69.3	96.3
ERR1713350	ARO:3002341	GES-12	5	5	99.6	100.0	101.88	100.0	105.0
ERR1713350	ARO:3002343	GES-14	8	8	99.25	100.0	101.8375	101.2	107.0
ERR1713350	ARO:3002350	GES-21	66	66	99.69242424242424	100.0	89.38939393939394	99.0	113.0
ERR1713350	ARO:3002368	PER-6	2	2	100.0	100.0	93.6	93.6	95.9
ERR1713350	ARO:3002372	VEB-3	2	2	90.25	90.25	86.95	86.95	105.0
ERR1713350	ARO:3002385	BEL-1	14	14	98.71428571428571	100.0	93.82857142857142	98.80000000000001	105.0
ERR1713350	ARO:3002390	OXY-1-2	2	2	99.0	99.0	91.85	91.85	93.6
ERR1713350	ARO:3002410	OXY-4-1	1	1	100.0	100.0	102.0	102.0	102.0
ERR1713350	ARO:3002411	OXY-5-1	2	2	98.0	98.0	96.7	96.7	96.7
ERR1713350	ARO:3002414	OXY-6-2	1	1	100.0	100.0	108.0	108.0	108.0
ERR1713350	ARO:3002415	OXY-6-3	2	2	100.0	100.0	45.8	45.8	45.8
ERR1713350	ARO:3002443	OKP-B-10	1	1	100.0	100.0	64.7	64.7	64.7
ERR1713350	ARO:3002475	LEN-3	8	8	99.5	100.0	99.05	98.4	102.0
ERR1713350	ARO:3002481	AER-1	110	110	93.72090909090909	94.0	91.35818181818182	93.8	106.0
ERR1713350	ARO:3002482	LRA-1	1	1	81.6	81.6	85.9	85.9	85.9
ERR1713350	ARO:3002522	novA	8	8	82.6875	81.8	84.925	84.35	91.3
ERR1713350	ARO:3002528	AAC(3)-Ia	16	16	93.325	94.0	81.43125	88.95	102.0
ERR1713350	ARO:3002529	AAC(3)-Id	2	2	85.3	85.3	66.6	66.6	82.8
ERR1713350	ARO:3002530	AAC(3)-Ib	13	13	92.45384615384616	94.7	52.06153846153846	42.7	82.4
ERR1713350	ARO:3002531	AAC(3)-Ic	7	7	88.77142857142857	91.2	69.58571428571429	69.3	79.7
ERR1713350	ARO:3002533	AAC(3)-IIa	1	1	92.5	92.5	81.6	81.6	81.6
ERR1713350	ARO:3002534	AAC(3)-IIb	1	1	81.6	81.6	91.3	91.3	91.3
ERR1713350	ARO:3002535	AAC(3)-IIc	2	2	91.85	91.85	93.85	93.85	101.0
ERR1713350	ARO:3002537	AAC(3)-IIIb	1	1	89.8	89.8	88.2	88.2	88.2
ERR1713350	ARO:3002540	AAC(3)-VIa	2	2	88.9	88.9	97.85	97.85	98.6
ERR1713350	ARO:3002546	AAC(6')-Ib	7	7	98.85714285714286	100.0	99.41428571428571	105.0	110.0
ERR1713350	ARO:3002547	AAC(6')-Ib-cr1	1	1	100.0	100.0	92.4	92.4	92.4
ERR1713350	ARO:3002572	AAC(6')-Iad	1	1	95.0	95.0	47.4	47.4	47.4
ERR1713350	ARO:3002578	AAC(6')-Ib7	208	208	96.95144230769232	100.0	79.63365384615385	82.6	109.0
ERR1713350	ARO:3002579	AAC(6')-Ib8	29	29	83.60000000000001	83.9	49.800000000000004	52.8	63.2
ERR1713350	ARO:3002580	AAC(6')-Ib9	2	2	94.6	94.6	93.9	93.9	100.0
ERR1713350	ARO:3002585	AAC(6')-31	3	3	87.3	87.8	64.06666666666666	55.5	95.1
ERR1713350	ARO:3002586	AAC(6')-32	1	1	82.0	82.0	91.7	91.7	91.7
ERR1713350	ARO:3002591	AAC_6_IB_Su	20	20	99.4	100.0	104.52000000000001	105.5	109.0
ERR1713350	ARO:3002592	AAC6_IB_HZ	35	35	99.53714285714287	100.0	95.28285714285714	102.0	107.0
ERR1713350	ARO:3002594	AAC(6')-IIa	3	3	96.53333333333335	97.6	101.0	102.0	112.0
ERR1713350	ARO:3002595	AAC(6')-IIb	1	1	81.6	81.6	90.9	90.9	90.9
ERR1713350	ARO:3002597	AAC6_Ie_APH2_Ia	22	22	94.05	97.7	99.48636363636363	102.5	110.0
ERR1713350	ARO:3002599	AAC6_30_AAC6_Ib	1	1	88.6	88.6	61.6	61.6	61.6
ERR1713350	ARO:3002601	aadA	27	27	99.16666666666667	100.0	69.8	64.7	99.8
ERR1713350	ARO:3002602	aadA2	35	35	98.12285714285714	100.0	96.82571428571428	97.4	108.0
ERR1713350	ARO:3002603	aadA3	1	1	86.4	86.4	44.3	44.3	44.3
ERR1713350	ARO:3002604	aadA4	55	55	99.28545454545454	100.0	67.49636363636364	60.1	108.0
ERR1713350	ARO:3002605	aadA5	459	459	99.40370370370371	100.0	99.89324618736383	102.0	114.0
ERR1713350	ARO:3002606	aadA6	75	75	97.44	100.0	69.284	66.6	102.0
ERR1713350	ARO:3002607	aadA7	27	27	97.57407407407408	98.0	88.34074074074073	95.5	107.0
ERR1713350	ARO:3002608	aadA8	1	1	92.0	92.0	102.0	102.0	102.0
ERR1713350	ARO:3002609	aadA9	12	12	94.52499999999999	93.0	43.34166666666667	44.25	47.4
ERR1713350	ARO:3002611	aadA11	161	161	99.25341614906831	100.0	90.4385093167702	95.9	112.0
ERR1713350	ARO:3002612	aadA12	3	3	97.43333333333334	100.0	75.0	89.0	90.9
ERR1713350	ARO:3002613	aadA13	47	47	98.62127659574467	100.0	90.33617021276596	97.8	109.0
ERR1713350	ARO:3002614	aadA14	1	1	87.8	87.8	93.6	93.6	93.6
ERR1713350	ARO:3002616	aadA16	42	42	96.17619047619048	98.0	80.9095238095238	93.2	110.0
ERR1713350	ARO:3002620	aadA23	59	59	97.13389830508474	98.0	75.9186440677966	75.1	111.0
ERR1713350	ARO:3002621	aadA24	8	8	98.475	100.0	96.73750000000001	97.4	100.0
ERR1713350	ARO:3002622	aadA6/aadA10	521	521	99.19769673704414	100.0	95.65086372360844	101.0	111.0
ERR1713350	ARO:3002623	ANT(4')-Ia	1	1	100.0	100.0	66.6	66.6	66.6
ERR1713350	ARO:3002626	ANT(6)-Ia	67	67	98.4731343283582	100.0	92.08507462686566	100.0	115.0
ERR1713350	ARO:3002628	aad(6)	40	40	96.67999999999999	100.0	101.58500000000001	105.5	116.0
ERR1713350	ARO:3002629	ANT(6)-Ib	67	67	90.93134328358208	87.8	94.34029850746269	92.8	114.0
ERR1713350	ARO:3002630	ANT(9)-Ia	2	2	80.45	80.45	80.3	80.3	81.3
ERR1713350	ARO:3002635	APH(2'')-IIa	5	5	89.4	90.0	88.97999999999999	90.9	94.0
ERR1713350	ARO:3002639	APH(3'')-Ib	38	38	96.84736842105262	97.05000000000001	76.47894736842105	76.25	110.0
ERR1713350	ARO:3002640	APH(3'')-Ic	2	2	84.9	84.9	85.5	85.5	93.2
ERR1713350	ARO:3002641	APH(3')-Ia	5	5	95.26	96.0	77.47999999999999	76.3	107.0
ERR1713350	ARO:3002642	APH(3')-Ib	6	6	97.66666666666667	97.7	96.76666666666667	95.5	107.0
ERR1713350	ARO:3002645	APH(3')-IIb	1	1	81.3	81.3	84.7	84.7	84.7
ERR1713350	ARO:3002647	APH(3')-IIIa	57	57	92.25263157894736	91.8	87.05789473684212	95.1	105.0
ERR1713350	ARO:3002659	APH(6)-Ic	4	4	90.3	90.3	73.025	69.3	100.0
ERR1713350	ARO:3002660	APH(6)-Id	12	12	97.15833333333335	97.05	72.52499999999999	70.1	100.0
ERR1713350	ARO:3002666	rmtF	2	2	92.8	92.8	94.75	94.75	98.6
ERR1713350	ARO:3002671	Lreu_cat-TC	4	4	99.0	99.0	92.25	101.5	104.0
ERR1713350	ARO:3002675	catB2	3	3	83.73333333333333	81.6	92.3	90.5	95.9
ERR1713350	ARO:3002676	catB3	12	12	97.26666666666667	99.0	97.2	101.4	114.0
ERR1713350	ARO:3002679	Paer_catB7	4	4	86.95	86.0	98.85	97.8	102.0
ERR1713350	ARO:3002680	catB8	10	10	91.3	92.4	79.57000000000001	86.25	111.0
ERR1713350	ARO:3002681	catB9	1	1	81.8	81.8	43.9	43.9	43.9
ERR1713350	ARO:3002685	catIII	1	1	81.0	81.0	43.9	43.9	43.9
ERR1713350	ARO:3002686	catP	3	3	96.53333333333335	96.3	74.56666666666666	66.6	95.9
ERR1713350	ARO:3002687	catQ	27	27	98.27407407407408	98.0	101.04814814814816	105.0	112.0
ERR1713350	ARO:3002688	catS	10	10	97.35	100.0	98.89	102.0	112.0
ERR1713350	ARO:3002691	Sent_cmlA	10	10	99.4	100.0	102.84	102.5	107.0
ERR1713350	ARO:3002695	cmlA5	8	8	99.4875	100.0	93.47500000000001	92.0	99.4
ERR1713350	ARO:3002699	cmlB1	6	6	93.13333333333333	95.55	88.25	88.35	98.2
ERR1713350	ARO:3002703	cmx	34	34	94.89411764705882	96.0	85.43529411764706	88.6	96.7
ERR1713350	ARO:3002705	floR	12	12	94.56666666666666	96.6	88.89999999999999	94.15	100.0
ERR1713350	ARO:3002735	QnrB20	1	1	95.5	95.5	43.9	43.9	43.9
ERR1713350	ARO:3002737	QnrB22	3	3	95.23333333333333	95.5	73.56666666666666	76.6	96.7
ERR1713350	ARO:3002738	QnrB23	1	1	92.0	92.0	105.0	105.0	105.0
ERR1713350	ARO:3002748	QnrB33	2	2	87.9	87.9	96.30000000000001	96.30000000000001	99.4
ERR1713350	ARO:3002762	QnrB47	1	1	100.0	100.0	107.0	107.0	107.0
ERR1713350	ARO:3002789	QnrD2	2	2	97.1	97.1	77.55	77.55	100.0
ERR1713350	ARO:3002791	QnrS2	5	5	99.6	100.0	105.0	106.0	108.0
ERR1713350	ARO:3002795	QnrS6	5	5	100.0	100.0	85.42	96.3	109.0
ERR1713350	ARO:3002797	QnrS8	2	2	82.0	82.0	68.35	68.35	84.7
ERR1713350	ARO:3002798	QnrS9	3	3	94.0	100.0	97.73333333333333	100.0	105.0
ERR1713350	ARO:3002799	QnrVC1	2	2	95.0	95.0	61.4	61.4	62.0
ERR1713350	ARO:3002801	QnrVC4	2	2	100.0	100.0	77.7	77.7	108.0
ERR1713350	ARO:3002804	FosA2	1	1	96.0	96.0	106.0	106.0	106.0
ERR1713350	ARO:3002812	pp-flo	15	15	95.13333333333334	96.0	93.46666666666667	93.6	103.0
ERR1713350	ARO:3002813	lmrB	4	4	96.25	96.45	71.825	76.6	94.4
ERR1713350	ARO:3002819	msrC	4	4	92.1	90.75	61.125	55.05	96.3
ERR1713350	ARO:3002826	EreA2	146	146	99.41712328767123	100.0	95.47808219178081	100.0	108.0
ERR1713350	ARO:3002832	vgaD	4	4	83.85	84.7	75.2	85.3	87.8
ERR1713350	ARO:3002836	lnuB	667	667	96.03178410794602	97.9	89.52218890554722	94.7	109.0
ERR1713350	ARO:3002837	lnuC	44	44	95.43636363636364	97.5	90.72500000000001	100.5	112.0
ERR1713350	ARO:3002838	lnuD	228	228	83.22675438596491	82.0	82.5359649122807	84.7	103.0
ERR1713350	ARO:3002839	lnuF	6	6	92.13333333333333	95.85	78.48333333333333	87.4	98.6
ERR1713350	ARO:3002841	vatB	78	78	82.41025641025641	81.9	87.82051282051282	93.2	104.0
ERR1713350	ARO:3002842	vatC	1	1	81.0	81.0	39.3	39.3	39.3
ERR1713350	ARO:3002845	vatH	1	1	84.4	84.4	60.8	60.8	60.8
ERR1713350	ARO:3002846	arr-1	6	6	84.13333333333333	83.8	92.88333333333333	92.45	98.2
ERR1713350	ARO:3002848	arr-3	1	1	89.5	89.5	42.0	42.0	42.0
ERR1713350	ARO:3002854	dfrA1	3	3	99.03333333333335	100.0	89.73333333333333	92.4	104.0
ERR1713350	ARO:3002859	dfrA14	9	9	99.32222222222222	100.0	103.42222222222222	103.0	107.0
ERR1713350	ARO:3002865	dfrC	1	1	92.0	92.0	54.7	54.7	54.7
ERR1713350	ARO:3002866	dfrD	2	2	100.0	100.0	104.5	104.5	107.0
ERR1713350	ARO:3002867	dfrF	54	54	97.54444444444444	100.0	88.17777777777779	96.7	107.0
ERR1713350	ARO:3002868	dfrG	14	14	100.0	100.0	98.67857142857143	105.5	112.0
ERR1713350	ARO:3002871	tet(37)	92	92	87.38260869565217	85.4	68.82065217391305	72.4	102.0
ERR1713350	ARO:3002872	FosA3	1	1	88.2	88.2	38.5	38.5	38.5
ERR1713350	ARO:3002879	linG	9	9	94.64444444444445	98.0	92.0	102.0	113.0
ERR1713350	ARO:3002882	lmrD	696	696	87.67772988505747	85.7	87.95201149425287	88.2	103.0
ERR1713350	ARO:3002883	rgt1438	1	1	80.0	80.0	37.7	37.7	37.7
ERR1713350	ARO:3002884	iri	1	1	82.4	82.4	62.4	62.4	62.4
ERR1713350	ARO:3002891	otr(A)S.rim	5	5	82.76	82.1	62.379999999999995	63.5	70.9
ERR1713350	ARO:3002895	SAT-2	2	2	99.0	99.0	95.5	95.5	102.0
ERR1713350	ARO:3002897	SAT-4	9	9	99.27777777777777	100.0	84.55555555555556	92.8	108.0
ERR1713350	ARO:3002908	vanF	1	1	84.4	84.4	60.8	60.8	60.8
ERR1713350	ARO:3002909	vanG	54	54	85.54074074074073	84.0	80.51296296296296	88.8	106.0
ERR1713350	ARO:3002912	vanN	2	2	87.0	87.0	43.9	43.9	43.9
ERR1713350	ARO:3002913	vanO	2	2	93.0	93.0	90.85	90.85	97.4
ERR1713350	ARO:3002919	vanR_in_vanA_cl	31	31	84.6258064516129	84.0	60.50645161290323	53.9	104.0
ERR1713350	ARO:3002921	vanR_in_vanB_cl	4	4	90.5	92.0	83.825	98.6	100.0
ERR1713350	ARO:3002922	vanR_in_vanC_cl	54	54	82.57407407407408	82.05	62.818518518518516	65.9	95.9
ERR1713350	ARO:3002923	vanR_in_vanD_cl	47	47	84.47446808510638	83.3	72.83829787234043	73.6	97.1
ERR1713350	ARO:3002924	vanR_in_vanE_cl	7	7	81.15714285714286	80.8	50.4	47.8	61.2
ERR1713350	ARO:3002925	vanR_in_vanF_cl	1	1	82.6	82.6	38.1	38.1	38.1
ERR1713350	ARO:3002926	vanR_in_vanG_cl	91	91	85.03736263736263	84.0	80.26813186813186	89.4	104.0
ERR1713350	ARO:3002927	vanR_in_vanL_cl	17	17	83.00588235294117	81.8	64.31176470588235	60.5	92.0
ERR1713350	ARO:3002928	vanR_in_vanM_cl	5	5	81.44	81.8	43.480000000000004	42.7	48.5
ERR1713350	ARO:3002929	vanR_in_vanN_cl	26	26	82.52692307692307	81.69999999999999	58.357692307692304	56.6	96.3
ERR1713350	ARO:3002930	vanR_in_vanO_cl	55	55	86.2090909090909	84.0	64.9	60.1	99.8
ERR1713350	ARO:3002931	vanS_in_vanA_cl	2	2	80.45	80.45	82.2	82.2	87.0
ERR1713350	ARO:3002932	vanS_in_vanB_cl	3	3	92.2	96.0	80.33333333333333	99.4	100.0
ERR1713350	ARO:3002933	vanS_in_vanC_cl	11	11	82.12727272727273	82.0	74.21818181818182	81.3	85.5
ERR1713350	ARO:3002934	vanS_in_vanD_cl	30	30	87.86	88.0	69.26666666666667	70.45	90.5
ERR1713350	ARO:3002937	vanS_in_vanG_cl	37	37	85.54324324324324	85.7	69.53783783783784	77.8	89.7
ERR1713350	ARO:3002938	vanS_in_vanL_cl	1	1	80.0	80.0	58.9	58.9	58.9
ERR1713350	ARO:3002940	vanS_in_vanN_cl	4	4	82.325	82.0	85.225	85.3	86.3
ERR1713350	ARO:3002941	vanS_in_vanO_cl	9	9	83.38888888888889	83.0	77.77777777777777	79.3	81.6
ERR1713350	ARO:3002942	vanH_in_vanA_cl	1	1	100.0	100.0	103.0	103.0	103.0
ERR1713350	ARO:3002943	vanH_in_vanB_cl	2	2	90.8	90.8	89.55	89.55	93.6
ERR1713350	ARO:3002949	vanX_in_vanA_cl	2	2	100.0	100.0	80.75	80.75	108.0
ERR1713350	ARO:3002959	vanY_in_vanG_cl	6	6	86.88333333333333	85.75	90.85000000000001	89.15	105.0
ERR1713350	ARO:3002962	vanZ_in_vanA_cl	3	3	100.0	100.0	98.16666666666667	99.8	100.0
ERR1713350	ARO:3002965	vanW_in_vanG_cl	17	17	90.95294117647059	89.8	92.3529411764706	99.0	109.0
ERR1713350	ARO:3002966	vanXY_in_vanC	18	18	83.44444444444444	82.8	62.794444444444444	60.65	99.8
ERR1713350	ARO:3002967	vanXY_in_vanE	18	18	82.13888888888889	82.1	57.138888888888886	57.0	58.2
ERR1713350	ARO:3002968	vanXY_in_vanL	1	1	80.0	80.0	63.5	63.5	63.5
ERR1713350	ARO:3002969	vanXY_in_vanN	1	1	82.1	82.1	59.3	59.3	59.3
ERR1713350	ARO:3002972	vanT_in_vanG_cl	10	10	92.74	94.95	85.63	84.55	104.0
ERR1713350	ARO:3002983	amrB	707	707	84.35162659123056	84.0	71.66902404526166	75.9	83.2
ERR1713350	ARO:3002985	arnA	81	81	84.9283950617284	84.0	90.98641975308641	92.0	108.0
ERR1713350	ARO:3002986	bacA	242	242	91.38801652892563	91.8	75.30165289256199	86.3	112.0
ERR1713350	ARO:3002987	bcrA	29	29	81.53448275862068	81.3	69.60344827586206	76.6	80.5
ERR1713350	ARO:3002993	AQU-1	3	3	81.96666666666665	81.3	56.73333333333334	58.9	64.7
ERR1713350	ARO:3002997	LCR-1	43	43	95.12325581395349	100.0	95.00697674418605	103.0	112.0
ERR1713350	ARO:3002999	CblA-1	60	60	98.92666666666668	100.0	92.83166666666666	101.0	107.0
ERR1713350	ARO:3003002	CfxA2	166	166	98.8487951807229	100.0	93.13734939759036	99.2	108.0
ERR1713350	ARO:3003003	CfxA3	2	2	100.0	100.0	103.0	103.0	105.0
ERR1713350	ARO:3003006	blt	14	14	98.67857142857143	100.0	87.82857142857142	91.65	100.0
ERR1713350	ARO:3003007	bmr	6	6	97.33333333333333	98.0	95.88333333333333	96.1	100.0
ERR1713350	ARO:3003010	ceoB	623	623	83.25553772070626	82.0	78.1422150882825	80.9	99.0
ERR1713350	ARO:3003012	dfrA13	4	4	85.075	86.05000000000001	43.425	43.5	44.3
ERR1713350	ARO:3003015	dfrA19	2	2	99.0	99.0	95.65	95.65	107.0
ERR1713350	ARO:3003022	dfrB3	1	1	80.0	80.0	42.0	42.0	42.0
ERR1713350	ARO:3003030	MexV	2	2	82.95	82.95	59.1	59.1	79.7
ERR1713350	ARO:3003031	MexW	452	452	86.96548672566372	86.0	81.22809734513274	83.2	99.8
ERR1713350	ARO:3003033	mexY	554	554	83.0028880866426	82.0	76.81335740072203	77.8	90.1
ERR1713350	ARO:3003035	mfpA	1	1	81.8	81.8	40.8	40.8	40.8
ERR1713350	ARO:3003036	oleB	1	1	84.0	84.0	43.9	43.9	43.9
ERR1713350	ARO:3003037	opcM	10	10	82.34	82.8	44.9	46.2	50.8
ERR1713350	ARO:3003039	OprA	203	203	83.6847290640394	82.8	56.275369458128075	58.5	78.2
ERR1713350	ARO:3003041	Spne_PBP1a_AMX	40	40	84.27000000000001	84.0	86.1725	87.2	94.4
ERR1713350	ARO:3003042	Spne_PBP2b_AMX	19	19	84.3736842105263	82.0	87.8736842105263	89.4	97.1
ERR1713350	ARO:3003043	Spne_PBP2x_AMX	6	6	89.16666666666667	88.0	93.41666666666667	93.4	102.0
ERR1713350	ARO:3003048	rosA	117	117	86.4094017094017	86.0	81.22735042735043	84.7	99.0
ERR1713350	ARO:3003049	rosB	498	498	84.3562248995984	83.7	79.56345381526104	80.9	99.0
ERR1713350	ARO:3003051	smeA	4	4	97.0	97.0	91.15	89.15	100.0
ERR1713350	ARO:3003052	smeB	375	375	85.63040000000001	84.0	75.5712	76.3	102.0
ERR1713350	ARO:3003053	smeC	7	7	94.35714285714286	95.8	86.38571428571429	85.5	98.6
ERR1713350	ARO:3003055	smeD	41	41	84.16585365853659	82.0	75.32682926829268	77.0	91.3
ERR1713350	ARO:3003056	smeE	711	711	84.82306610407876	84.0	74.17130801687765	77.8	98.6
ERR1713350	ARO:3003057	smeF	199	199	83.52311557788944	82.5	58.90100502512563	62.4	97.4
ERR1713350	ARO:3003059	tmrB	2	2	100.0	100.0	75.8	75.8	100.0
ERR1713350	ARO:3003063	ykkC	3	3	100.0	100.0	83.03333333333333	80.5	100.0
ERR1713350	ARO:3003064	ykkD	4	4	90.4	90.4	73.625	71.85	103.0
ERR1713350	ARO:3003066	smeR	184	184	82.85597826086956	81.8	57.58967391304348	52.0	87.8
ERR1713350	ARO:3003067	smeS	7	7	93.37142857142858	95.9	90.28571428571429	94.0	109.0
ERR1713350	ARO:3003069	vanXY_in_vanG	2	2	92.0	92.0	96.1	96.1	99.4
ERR1713350	ARO:3003071	mphF	11	11	100.0	100.0	104.39090909090909	105.0	114.0
ERR1713350	ARO:3003074	Saur_cls_DAP	2	2	83.05	83.05	65.05	65.05	89.7
ERR1713350	ARO:3003077	Efae_liaF_DAP	3	3	80.86666666666666	80.0	41.6	38.9	47.0
ERR1713350	ARO:3003078	Efac_liaR_DAP	241	241	85.12780082987551	84.0	70.17883817427385	72.0	93.6
ERR1713350	ARO:3003079	Efac_liaS_DAP	3	3	87.8	87.0	68.39999999999999	73.9	89.7
ERR1713350	ARO:3003092	Efac_cls_DAP	3	3	80.33333333333333	80.0	45.46666666666666	47.8	47.8
ERR1713350	ARO:3003094	imiH	4	4	93.875	92.5	55.375	53.9	68.6
ERR1713350	ARO:3003096	CfxA5	2	2	100.0	100.0	103.0	103.0	103.0
ERR1713350	ARO:3003097	CfxA6	282	282	97.50602836879433	98.0	89.39929078014184	96.3	107.0
ERR1713350	ARO:3003099	cphA2	3	3	95.93333333333334	95.9	104.33333333333333	103.0	110.0
ERR1713350	ARO:3003101	cphA5	2	2	88.8	88.8	68.95	68.95	82.8
ERR1713350	ARO:3003103	cphA7	1	1	95.7	95.7	95.9	95.9	95.9
ERR1713350	ARO:3003104	cphA8	5	5	98.0	98.0	103.14000000000001	105.0	105.0
ERR1713350	ARO:3003105	dfrA3	13	13	84.4	84.0	82.6923076923077	88.2	97.1
ERR1713350	ARO:3003107	mef(B)	24	24	95.575	96.0	89.71666666666665	93.80000000000001	104.0
ERR1713350	ARO:3003109	msrE	4929	4929	98.36092513694462	100.0	93.35167376749848	97.1	110.0
ERR1713350	ARO:3003110	catB10	5	5	87.06	87.8	64.48	45.4	94.4
ERR1713350	ARO:3003111	lsaB	23	23	83.28695652173913	83.7	77.10434782608696	79.3	95.5
ERR1713350	ARO:3003112	lsaC	3	3	88.0	86.0	92.86666666666667	89.7	103.0
ERR1713350	ARO:3003115	OXA-427	17	17	98.21764705882353	100.0	92.98235294117647	99.0	112.0
ERR1713350	ARO:3003116	OXA-420	2	2	100.0	100.0	102.5	102.5	103.0
ERR1713350	ARO:3003117	OXA-421	1	1	100.0	100.0	110.0	110.0	110.0
ERR1713350	ARO:3003171	ACT-36	4	4	99.5	100.0	99.025	102.0	102.0
ERR1713350	ARO:3003196	tet(45)	2	2	82.85	82.85	86.05	86.05	87.0
ERR1713350	ARO:3003197	aadA25	4	4	95.65	94.65	66.625	68.55	84.7
ERR1713350	ARO:3003199	AAC(6')-Iak	6	6	89.23333333333333	87.30000000000001	42.666666666666664	43.3	43.5
ERR1713350	ARO:3003203	TLA-2	2	2	100.0	100.0	104.0	104.0	106.0
ERR1713350	ARO:3003204	TLA-3	2	2	94.95	94.95	101.3	101.3	104.0
ERR1713350	ARO:3003206	lsaE	1161	1161	96.38329026701119	98.0	94.10482342807924	98.6	115.0
ERR1713350	ARO:3003208	FosXCC	4	4	91.45	91.25	68.825	63.150000000000006	98.2
ERR1713350	ARO:3003209	fosA5	11	11	92.63636363636364	90.0	93.02727272727272	94.0	113.0
ERR1713350	ARO:3003210	FosA4	1	1	86.0	86.0	81.6	81.6	81.6
ERR1713350	ARO:3003283	Mtub_rpoB_RIF	193	193	83.60621761658031	82.6	76.61554404145078	80.1	98.2
ERR1713350	ARO:3003284	Mlep_rpoB_RIF	857	857	86.85215869311553	86.0	90.05589264877479	90.5	112.0
ERR1713350	ARO:3003285	Saur_rpoB_RIF	2209	2209	86.02901765504754	84.6	86.170529651426	89.7	105.0
ERR1713350	ARO:3003288	Ecol_rpoB_RIF	11919	11919	87.7220739994966	86.0	90.1727745616243	91.3	112.0
ERR1713350	ARO:3003291	Saur_rpoC_DAP	9990	9990	85.90263263263263	85.4	85.9614114114114	89.0	112.0
ERR1713350	ARO:3003294	Ecol_gyrA_FLO	239	239	93.17280334728034	98.0	84.61087866108787	92.4	107.0
ERR1713350	ARO:3003295	Mtub_gyrA_FLO	100	100	83.05	82.05	79.675	85.3	101.0
ERR1713350	ARO:3003296	Saur_gyrA_FLO	1302	1302	84.01397849462366	83.7	89.23041474654377	91.3	102.0
ERR1713350	ARO:3003297	Bbac_gyrA_FLO	507	507	82.62130177514793	81.8	80.37396449704141	84.0	100.0
ERR1713350	ARO:3003298	Mlep_gyrA_FLO	86	86	84.10581395348838	82.8	67.21279069767442	62.599999999999994	104.0
ERR1713350	ARO:3003301	Saur_gyrB_AMU	2055	2055	84.93761557177615	84.4	78.53197080291972	82.8	100.0
ERR1713350	ARO:3003302	Bbac_gyrA_AMU	1172	1172	84.38293515358362	83.7	75.8236348122867	78.6	105.0
ERR1713350	ARO:3003303	Ecol_gyrB_AMU	3633	3633	89.06941921277182	89.8	88.0260941370768	91.7	115.0
ERR1713350	ARO:3003304	Mlep_gyrB_FLO	103	103	83.62815533980583	83.3	77.04757281553398	84.3	102.0
ERR1713350	ARO:3003305	Uure_gyrB_FLO	785	785	86.80777070063695	85.1	54.63070063694267	50.8	92.8
ERR1713350	ARO:3003306	Mmor_gyrB_FLO	1218	1218	86.25418719211824	86.0	78.99146141215107	85.1	108.0
ERR1713350	ARO:3003307	Sser_gyrB_FLO	1563	1563	85.65015994881638	85.7	86.07293666026871	90.5	105.0
ERR1713350	ARO:3003308	Ecol_parC_FLO	405	405	94.35061728395061	96.0	94.01876543209876	97.4	115.0
ERR1713350	ARO:3003309	Uure_parC_FLO	7	7	82.55714285714285	82.0	74.44285714285715	80.5	89.0
ERR1713350	ARO:3003310	Mhom_23S_FLO	30	30	81.19666666666667	80.0	57.89666666666667	57.4	70.5
ERR1713350	ARO:3003311	Spne_parC_FLO	1629	1629	86.28980969920197	86.0	88.48514426028237	89.7	110.0
ERR1713350	ARO:3003312	Saur_parC_FLO	329	329	83.0741641337386	82.5	84.55714285714285	86.7	99.0
ERR1713350	ARO:3003314	Saur_parE_AMU	1342	1342	85.63233979135619	85.1	77.55387481371088	85.5	100.0
ERR1713350	ARO:3003315	Saur_parE_FLO	89	89	84.54831460674157	85.0	71.29550561797753	71.6	94.4
ERR1713350	ARO:3003316	Ecol_parE_FLO	1008	1008	88.16041666666666	86.0	91.09365079365078	92.6	115.0
ERR1713350	ARO:3003317	Sser_parE_FLO	88	88	89.02272727272727	89.8	88.29318181818182	92.4	106.0
ERR1713350	ARO:3003326	Mtub_embB_EMB	15	15	84.03333333333333	84.0	76.20666666666666	80.5	98.6
ERR1713350	ARO:3003327	Mtub_embC_EMB	5	5	84.28	86.0	89.52000000000001	87.0	101.0
ERR1713350	ARO:3003357	Cdif_EFTu_ELF	6901	6901	90.53502390957831	92.0	93.47243877698885	98.2	108.0
ERR1713350	ARO:3003359	Scin_EFTu_ELF	3326	3326	88.59594107035477	89.3	65.16957306073361	65.1	105.0
ERR1713350	ARO:3003361	Pros_EFTu_GE2A	2596	2596	82.94919106317411	82.0	86.05273497688752	90.5	105.0
ERR1713350	ARO:3003368	Ecol_EFTu_KIR	19262	19262	86.22877686636902	85.3	85.0179835946423	89.0	112.0
ERR1713350	ARO:3003369	Ecol_EFTu_PLV	169	169	85.36923076923077	83.3	67.78816568047338	69.3	99.8
ERR1713350	ARO:3003373	Kpne_acrR_MULT	13	13	90.06153846153846	86.0	76.33076923076922	74.7	104.0
ERR1713350	ARO:3003374	Kaer_acrR_MULT	145	145	84.5503448275862	84.2	48.58275862068965	44.7	99.0
ERR1713350	ARO:3003378	Ecol_MarR_MULT	43	43	91.47209302325582	92.0	87.41162790697673	92.4	108.0
ERR1713350	ARO:3003379	Sent_ramR	4	4	87.4	88.1	72.225	73.6	82.8
ERR1713350	ARO:3003380	Kpne_ramR	27	27	97.74814814814815	98.0	90.82222222222221	99.4	109.0
ERR1713350	ARO:3003381	Ecol_soxR_MULT	51	51	96.50392156862745	98.0	83.86078431372549	88.2	109.0
ERR1713350	ARO:3003382	Sent_soxR_MULT	36	36	93.32499999999999	93.6	92.11111111111111	95.7	109.0
ERR1713350	ARO:3003383	Sent_soxS_MULT	17	17	92.69411764705882	92.3	68.05882352941177	57.0	100.0
ERR1713350	ARO:3003385	Kaer_Omp36	13	13	84.83846153846154	83.7	84.63846153846154	91.7	97.8
ERR1713350	ARO:3003386	Ecol_folP_SLF	255	255	91.45725490196078	92.6	67.9250980392157	54.7	107.0
ERR1713350	ARO:3003387	Spyo_folP_SLF	83	83	85.27831325301206	83.3	57.57108433734939	43.5	92.8
ERR1713350	ARO:3003390	Ecol_ompF_BLA	87	87	94.05977011494252	98.0	92.78850574712644	100.0	109.0
ERR1713350	ARO:3003392	Mtub_katG_INH	996	996	82.97851405622491	82.0	86.70993975903615	92.0	108.0
ERR1713350	ARO:3003393	Mtub_inhA_INH	7	7	84.22857142857143	81.3	65.95714285714286	54.3	97.4
ERR1713350	ARO:3003394	Mtub_pncA_PZA	30	30	86.57	87.65	41.65333333333333	41.2	51.6
ERR1713350	ARO:3003395	Mtub_rpsL_STR	4430	4430	83.20726862302483	82.8	81.44153498871331	85.1	101.0
ERR1713350	ARO:3003438	Efac_EFTu_GE2A	8681	8681	87.69475866835617	87.0	86.13703490381292	90.5	108.0
ERR1713350	ARO:3003441	cfrA	1	1	80.4	80.4	89.0	89.0	89.0
ERR1713350	ARO:3003445	Mtub_tlyA_AMG	4	4	81.3	81.3	78.0	79.15	80.9
ERR1713350	ARO:3003453	Mtub_embA_EMB	4	4	86.85	87.0	90.42500000000001	90.9	95.9
ERR1713350	ARO:3003458	Mtub_ethA_ETO	3	3	83.86666666666666	83.8	63.53333333333333	68.9	69.3
ERR1713350	ARO:3003459	Mtub_gyrB_FLO	267	267	83.26816479400749	82.6	64.54494382022472	62.0	97.4
ERR1713350	ARO:3003461	Mtub_ndh_INH	19	19	83.98421052631579	83.3	76.95263157894736	79.3	89.7
ERR1713350	ARO:3003463	Mtub_kasA_INH	13	13	88.1	88.2	71.79230769230769	79.3	103.0
ERR1713350	ARO:3003470	Mtub_gidB_STR	3	3	86.8	86.8	66.2	66.2	66.2
ERR1713350	ARO:3003479	tetR	8	8	94.5625	94.75	85.9875	89.35	98.2
ERR1713350	ARO:3003511	Ecol_soxS_MULT	40	40	97.46000000000001	100.0	86.325	91.85	107.0
ERR1713350	ARO:3003548	mdtN	104	104	97.61346153846154	100.0	88.9125	90.1	106.0
ERR1713350	ARO:3003549	mdtO	134	134	96.58805970149253	100.0	96.0	98.2	114.0
ERR1713350	ARO:3003550	mdtP	179	179	96.15474860335196	98.0	91.75027932960893	93.2	112.0
ERR1713350	ARO:3003551	emeA	101	101	84.65841584158416	84.0	80.58019801980198	82.4	96.3
ERR1713350	ARO:3003553	CepS	2	2	94.0	94.0	102.8	102.8	107.0
ERR1713350	ARO:3003559	cepA	28	28	87.45714285714287	87.65	90.67142857142858	91.1	106.0
ERR1713350	ARO:3003563	RCP-1	44	44	99.36363636363636	100.0	94.18863636363636	100.0	108.0
ERR1713350	ARO:3003573	LpxA	535	535	86.32560747663551	86.0	70.92766355140188	71.6	102.0
ERR1713350	ARO:3003574	LpxC	1678	1678	90.6458283671037	91.6	88.75738974970203	93.2	105.0
ERR1713350	ARO:3003575	LpxD	427	427	87.20257611241217	87.5	74.76978922716627	79.7	102.0
ERR1713350	ARO:3003576	eptA	190	190	96.88684210526316	100.0	98.21052631578948	102.0	118.0
ERR1713350	ARO:3003577	ugd	1846	1846	84.44804983748647	83.7	88.58694474539546	91.3	112.0
ERR1713350	ARO:3003578	PmrF	122	122	95.33524590163934	100.0	90.40819672131147	95.7	109.0
ERR1713350	ARO:3003582	basR	48	48	82.23125	80.8	51.47083333333333	47.599999999999994	76.6
ERR1713350	ARO:3003585	Kleb_PhoP_CST	109	109	92.87339449541285	92.5	87.56788990825687	92.8	106.0
ERR1713350	ARO:3003610	OXA-454	1	1	94.0	94.0	100.0	100.0	100.0
ERR1713350	ARO:3003620	OXA-464	374	374	83.14759358288771	82.0	90.12058823529411	93.8	110.0
ERR1713350	ARO:3003628	OXA-472	196	196	84.11989795918367	83.7	86.98622448979592	87.4	93.2
ERR1713350	ARO:3003629	OXA-473	1	1	89.8	89.8	94.4	94.4	94.4
ERR1713350	ARO:3003635	OXA-478	53	53	82.19245283018867	82.0	87.95471698113208	90.5	92.8
ERR1713350	ARO:3003638	OXA-481	7	7	88.15714285714286	88.0	94.10000000000001	94.0	96.7
ERR1713350	ARO:3003676	AAC(6')-Ib'	1	1	100.0	100.0	102.0	102.0	102.0
ERR1713350	ARO:3003679	TriA	3	3	83.13333333333334	82.0	76.76666666666667	75.5	79.3
ERR1713350	ARO:3003681	TriC	45	45	85.58444444444444	84.0	81.73111111111112	83.2	96.3
ERR1713350	ARO:3003682	OpmH	115	115	84.22695652173914	84.0	82.50869565217391	84.3	92.0
ERR1713350	ARO:3003684	Paer_gyrA_FLO	1027	1027	88.18159688412852	87.8	89.2267770204479	90.1	113.0
ERR1713350	ARO:3003685	Paer_parE_FLO	1707	1707	85.89994141769186	84.0	86.89648506151141	89.4	108.0
ERR1713350	ARO:3003686	Paer_oprD_IPM	3	3	82.13333333333333	82.6	57.23333333333333	56.2	75.1
ERR1713350	ARO:3003692	MexJ	31	31	83.05483870967741	82.0	77.80967741935484	80.1	88.6
ERR1713350	ARO:3003693	MexK	3218	3218	85.87977004350527	85.7	75.59505904288378	77.4	99.8
ERR1713350	ARO:3003698	mexP	6	6	82.8	81.8	85.26666666666667	83.8	89.4
ERR1713350	ARO:3003699	mexQ	172	172	85.75290697674419	84.6	73.71046511627907	79.5	101.0
ERR1713350	ARO:3003700	opmE	6	6	82.73333333333333	82.15	70.33333333333333	74.3	82.0
ERR1713350	ARO:3003702	Paer_ParC_FLO	812	812	88.5216748768473	87.95	90.16305418719212	91.3	113.0
ERR1713350	ARO:3003705	mexN	69	69	82.46666666666667	82.1	64.69565217391305	61.2	87.4
ERR1713350	ARO:3003714	PEDO-2	1	1	88.0	88.0	100.0	100.0	100.0
ERR1713350	ARO:3003716	CPS-1	8	8	84.8625	85.75	94.0625	94.15	96.3
ERR1713350	ARO:3003717	ESP-1	73	73	94.46575342465754	95.9	94.12054794520549	98.2	109.0
ERR1713350	ARO:3003723	vanI	1	1	84.0	84.0	89.4	89.4	89.4
ERR1713350	ARO:3003728	vanR_in_vanI_cl	63	63	81.8047619047619	80.8	60.57460317460317	45.8	96.7
ERR1713350	ARO:3003729	Saur_ileS_MUP	822	822	83.41776155717761	82.1	87.34513381995133	92.4	102.0
ERR1713350	ARO:3003730	Bbif_ileS_MUP	882	882	90.49297052154195	90.0	97.6749433106576	100.0	117.0
ERR1713350	ARO:3003735	Saur_fusA_FA	5127	5127	85.11515506143944	84.0	82.4960015603667	87.0	106.0
ERR1713350	ARO:3003737	Saur_fusE_FA	247	247	85.00404858299595	84.0	57.990283400809716	57.8	89.4
ERR1713350	ARO:3003741	mphE	2775	2775	99.29387387387388	100.0	94.96962162162163	100.0	112.0
ERR1713350	ARO:3003742	mphG	675	675	90.87748148148148	91.8	89.07051851851851	92.8	117.0
ERR1713350	ARO:3003744	vatF	19	19	83.21052631578948	81.6	85.64736842105263	87.4	103.0
ERR1713350	ARO:3003745	mef(C)	956	956	93.05387029288703	94.0	85.92520920502092	88.6	104.0
ERR1713350	ARO:3003746	optrA	8	8	80.9375	80.45	88.875	88.94999999999999	91.3
ERR1713350	ARO:3003751	Ecol_nfsA_NIT	85	85	95.45764705882353	100.0	92.61647058823529	95.1	110.0
ERR1713350	ARO:3003756	Ecol_nfsB_NIT	102	102	94.96764705882353	98.0	88.70098039215686	96.65	107.0
ERR1713350	ARO:3003760	Efae_cls_DAP	1	1	85.0	85.0	39.3	39.3	39.3
ERR1713350	ARO:3003761	eatAv	80	80	84.00125	84.0	84.28875000000001	84.3	89.7
ERR1713350	ARO:3003767	mphM	1	1	91.8	91.8	102.0	102.0	102.0
ERR1713350	ARO:3003772	Bsui_mprF	2	2	87.0	87.0	82.19999999999999	82.19999999999999	82.8
ERR1713350	ARO:3003774	Saga_mprF	2	2	100.0	100.0	102.9	102.9	108.0
ERR1713350	ARO:3003775	Ecol_murA_FOF	406	406	90.3115763546798	91.8	83.34655172413792	89.4	108.0
ERR1713350	ARO:3003776	Saur_murA_FOF	51	51	81.94705882352942	81.6	86.71176470588236	87.8	96.7
ERR1713350	ARO:3003777	Bbur_mur_FOF	1	1	80.0	80.0	57.4	57.4	57.4
ERR1713350	ARO:3003778	Msme_ndh_INH	12	12	82.48333333333333	81.5	76.48333333333333	77.19999999999999	89.4
ERR1713350	ARO:3003784	Mtub_murA_FOF	16	16	87.7875	86.9	72.5	83.6	95.1
ERR1713350	ARO:3003789	Cjej_gyrA_FLO	910	910	84.10406593406593	83.3	84.49857142857142	87.4	98.6
ERR1713350	ARO:3003791	Efae_liaS_DAP	22	22	85.22727272727273	85.4	70.69090909090909	69.3	85.1
ERR1713350	ARO:3003792	Efae_liaR_DAP	276	276	82.5623188405797	82.0	79.31884057971014	82.8	93.6
ERR1713350	ARO:3003794	Saur_walK_DAP	2	2	80.8	80.8	84.95	84.95	85.9
ERR1713350	ARO:3003800	Efae_gdpD_DAP	2	2	100.0	100.0	91.65	91.65	95.1
ERR1713350	ARO:3003801	bcr-1	1	1	84.6	84.6	38.5	38.5	38.5
ERR1713350	ARO:3003805	Efae_gshF_DAP	3	3	96.39999999999999	100.0	95.33333333333333	100.0	109.0
ERR1713350	ARO:3003807	Ecol_AcrR_MULT	94	94	94.75212765957447	100.0	81.08723404255319	88.80000000000001	107.0
ERR1713350	ARO:3003808	carO	231	231	84.79913419913419	84.0	88.07748917748918	90.5	100.0
ERR1713350	ARO:3003809	Abau_OprD_IPM	260	260	85.11846153846153	84.25	74.33615384615385	83.0	103.0
ERR1713350	ARO:3003811	adeC	23	23	83.3913043478261	83.7	85.12173913043478	88.2	96.3
ERR1713350	ARO:3003817	Abau_gyrA_FLO	4076	4076	90.49082433758586	90.0	89.04062806673208	91.3	110.0
ERR1713350	ARO:3003818	Abau_parC_FLO	3472	3472	89.71762672811059	90.0	88.313133640553	91.3	112.0
ERR1713350	ARO:3003838	gadW	81	81	95.00987654320988	97.9	92.24197530864198	95.9	105.0
ERR1713350	ARO:3003839	Mrx	22	22	99.0909090909091	100.0	87.64545454545454	91.30000000000001	97.1
ERR1713350	ARO:3003841	kdpE	126	126	91.08650793650793	92.65	84.71349206349205	88.6	109.0
ERR1713350	ARO:3003843	leuO	133	133	95.83157894736843	98.0	92.17067669172933	97.4	108.0
ERR1713350	ARO:3003854	ADC-8	2	2	86.8	86.8	90.15	90.15	91.7
ERR1713350	ARO:3003856	ADC-12	11	11	83.21818181818182	81.8	77.45454545454545	77.8	97.1
ERR1713350	ARO:3003859	ADC-15	13	13	82.30000000000001	82.6	80.31538461538463	77.4	87.4
ERR1713350	ARO:3003866	ADC-22	1	1	81.4	81.4	76.3	76.3	76.3
ERR1713350	ARO:3003890	Ecol_UhpT_FOF	306	306	96.04803921568627	98.0	93.79934640522875	97.1	110.0
ERR1713350	ARO:3003893	Ecol_uhpA_FOF	97	97	97.51443298969072	100.0	89.47525773195876	95.9	105.0
ERR1713350	ARO:3003895	Paer_PhoP_CST	61	61	87.0327868852459	86.0	80.70327868852459	86.3	97.8
ERR1713350	ARO:3003896	Paer_PhoQ_CST	10	10	83.84	81.3	66.03	72.0	78.6
ERR1713350	ARO:3003899	Ecol_PtsI_FOF	282	282	95.404609929078	98.0	90.47695035460993	94.0	107.0
ERR1713350	ARO:3003900	Ecol_cyaA_FOF	512	512	96.2447265625	98.0	99.65546875	102.0	115.0
ERR1713350	ARO:3003901	Saur_GlpT_FOF	13	13	82.25384615384615	81.8	74.43076923076923	77.0	88.2
ERR1713350	ARO:3003902	Saur_UhpT_FOF	110	110	83.81454545454545	83.7	85.77090909090909	87.0	105.0
ERR1713350	ARO:3003922	oqxA	81	81	91.4037037037037	94.0	86.2320987654321	85.9	105.0
ERR1713350	ARO:3003923	oqxB	886	886	88.1920993227991	87.8	81.33081264108353	82.4	105.0
ERR1713350	ARO:3003924	Hpin_gyrA_FLO	95	95	85.93894736842105	83.7	85.68842105263157	90.5	106.0
ERR1713350	ARO:3003925	Hpin_parC_FLO	167	167	86.6748502994012	84.0	92.6377245508982	92.0	113.0
ERR1713350	ARO:3003926	Sent_gyrA_FLO	505	505	90.57029702970297	91.8	91.4839603960396	94.4	110.0
ERR1713350	ARO:3003928	Ngon_gyrA_FLO	2032	2032	88.4119094488189	87.8	87.11368110236221	89.0	114.0
ERR1713350	ARO:3003929	Ngon_parC_FLO	2726	2726	84.82626559060895	83.7	86.5601247248716	87.0	107.0
ERR1713350	ARO:3003930	rpsJ	2870	2870	87.30010452961672	87.0	73.89811846689895	82.0	104.0
ERR1713350	ARO:3003931	Cgin_gyrA_FLO	853	853	83.82497069167643	82.6	82.58722157092613	85.5	102.0
ERR1713350	ARO:3003937	Nmen_PBP2_BLA	361	361	83.38282548476454	83.3	88.19307479224376	88.2	107.0
ERR1713350	ARO:3003939	Sent_parC_FLO	154	154	90.67857142857143	91.8	91.95779220779221	93.2	109.0
ERR1713350	ARO:3003942	abcA	2	2	83.2	83.2	81.30000000000001	81.30000000000001	86.7
ERR1713350	ARO:3003948	efrA	199	199	82.87537688442211	82.0	80.30402010050251	82.0	98.6
ERR1713350	ARO:3003949	efrB	520	520	85.72826923076923	85.4	65.06673076923076	63.9	99.0
ERR1713350	ARO:3003950	msbA	395	395	91.19772151898734	93.8	86.47974683544304	87.4	106.0
ERR1713350	ARO:3003952	YojI	230	230	94.21217391304347	96.55000000000001	89.25565217391303	92.6	109.0
ERR1713350	ARO:3003953	hmrM	1	1	83.7	83.7	91.3	91.3	91.3
ERR1713350	ARO:3003954	efmA	2	2	81.0	81.0	80.85	80.85	84.3
ERR1713350	ARO:3003955	efpA	5	5	86.32000000000001	87.8	85.28	83.6	94.0
ERR1713350	ARO:3003961	farA	22	22	81.60454545454546	81.6	65.03181818181818	65.3	86.3
ERR1713350	ARO:3003962	farB	281	281	86.70498220640569	86.0	88.42135231316726	87.4	109.0
ERR1713350	ARO:3003966	Kpne_OmpK35	20	20	91.74	91.8	90.78999999999999	94.55000000000001	108.0
ERR1713350	ARO:3003967	lfrA	2	2	85.65	85.65	75.45	75.45	79.7
ERR1713350	ARO:3003968	Kpne_OmpK36	68	68	90.69117647058823	89.9	87.71176470588235	90.69999999999999	110.0
ERR1713350	ARO:3003970	ddl	122	122	84.19590163934426	82.9	78.37377049180328	84.5	104.0
ERR1713350	ARO:3003974	Cacn_gyrA_FLO	572	572	85.20874125874126	84.0	86.5055944055944	89.0	117.0
ERR1713350	ARO:3003980	tetA(58)	10	10	83.56	83.85	84.12	86.30000000000001	92.4
ERR1713350	ARO:3003981	tetB(58)	8	8	86.55	86.95	52.95	55.65	70.5
ERR1713350	ARO:3003982	LlmA_23S_CLI	54	54	81.42407407407407	81.6	79.21111111111111	78.8	92.8
ERR1713350	ARO:3003986	TaeA	74	74	82.6054054054054	82.0	83.84054054054054	84.7	95.9
ERR1713350	ARO:3003987	VatI	2	2	83.9	83.9	45.4	45.4	45.4
ERR1713350	ARO:3003992	rphB	82	82	84.5	83.3	54.34024390243902	46.6	106.0
ERR1713350	ARO:3003995	Cdif_gyrA_FLO	462	462	82.47835497835497	81.8	85.79285714285714	87.0	103.0
ERR1713350	ARO:3004032	tetA(46)	16	16	86.9625	85.80000000000001	63.99375	60.1	92.0
ERR1713350	ARO:3004033	tetB(46)	44	44	87.96136363636364	85.7	83.95227272727273	83.55	103.0
ERR1713350	ARO:3004035	tetA(60)	3	3	80.66666666666667	80.4	76.0	74.3	81.3
ERR1713350	ARO:3004036	tetB(60)	23	23	85.31739130434782	85.4	81.92173913043479	83.2	89.0
ERR1713350	ARO:3004038	Paer_emrE	11	11	83.29090909090908	82.1	54.97272727272727	55.1	73.9
ERR1713350	ARO:3004039	Ecol_emrE	20	20	92.925	95.95	77.965	76.6	101.0
ERR1713350	ARO:3004041	Kpne_acrA	49	49	94.47142857142858	96.0	91.71632653061225	95.1	104.0
ERR1713350	ARO:3004042	Eclo_acrA	44	44	91.83636363636364	94.0	85.31136363636364	88.2	98.2
ERR1713350	ARO:3004043	Ecol_acrA	102	102	97.94607843137256	100.0	89.67058823529412	94.9	104.0
ERR1713350	ARO:3004045	Ecol_fabI_MULT	390	390	85.80615384615385	82.0	78.31256410256411	80.1	110.0
ERR1713350	ARO:3004049	Ecol_fabG_TRC	448	448	86.60513392857142	83.8	69.01607142857144	76.3	100.0
ERR1713350	ARO:3004054	Paer_CpxR	537	537	85.73500931098695	85.3	66.1513966480447	65.5	101.0
ERR1713350	ARO:3004059	Type_A_NfxB	2	2	87.8	87.8	86.3	86.3	86.3
ERR1713350	ARO:3004069	MvaT	51	51	84.91764705882353	84.1	70.50784313725491	72.4	95.1
ERR1713350	ARO:3004072	OpmB	10	10	81.85	81.9	62.11	55.85	87.4
ERR1713350	ARO:3004073	MuxA	12	12	83.89166666666667	81.3	63.74166666666667	60.45	81.6
ERR1713350	ARO:3004074	MuxB	2978	2978	84.33324378777704	83.7	77.89083277367361	80.1	92.4
ERR1713350	ARO:3004075	MuxC	696	696	84.1764367816092	82.6	66.18620689655172	72.4	101.0
ERR1713350	ARO:3004077	PmpM	73	73	84.03698630136986	83.7	80.4972602739726	80.9	99.0
ERR1713350	ARO:3004085	lnuG	99	99	96.82525252525254	98.0	90.30505050505052	95.9	107.0
ERR1713350	ARO:3004089	ANT(3'')-IIa	13	13	98.38461538461539	98.0	87.23076923076923	93.2	109.0
ERR1713350	ARO:3004091	ANT(3'')-IIc	34	34	96.92058823529412	98.0	91.24117647058823	95.1	108.0
ERR1713350	ARO:3004097	Smit_CdsA_DAP	25	25	81.964	81.8	68.712	75.5	89.4
ERR1713350	ARO:3004100	LpeB	42	42	81.88333333333333	81.4	66.66904761904762	68.55000000000001	79.3
ERR1713350	ARO:3004103	QepA2	17	17	81.95882352941176	81.3	82.7764705882353	83.2	88.6
ERR1713350	ARO:3004107	Paer_soxR	7	7	85.52857142857144	87.5	49.228571428571435	37.7	70.9
ERR1713350	ARO:3004111	FosA6	5	5	96.44	94.9	82.66	77.0	104.0
ERR1713350	ARO:3004113	FosA7	1	1	89.8	89.8	97.4	97.4	97.4
ERR1713350	ARO:3004114	porin_OmpC	95	95	94.11789473684212	96.0	91.19684210526317	97.4	112.0
ERR1713350	ARO:3004122	Kpne_OmpK37	75	75	88.35066666666667	86.0	81.424	85.1	110.0
ERR1713350	ARO:3004123	Bpse_Omp38	63	63	81.46349206349205	80.8	41.974603174603175	42.0	45.4
ERR1713350	ARO:3004124	Mcat_M35_AMX	30	30	83.44666666666667	81.8	48.99666666666667	48.5	70.1
ERR1713350	ARO:3004126	Ecol_LamB	142	142	96.78521126760563	100.0	97.07816901408451	103.0	120.0
ERR1713350	ARO:3004127	Ecol_mipA	74	74	94.21081081081081	98.0	94.90810810810811	102.5	120.0
ERR1713350	ARO:3004128	Smar_Omp1	38	38	83.83947368421053	83.15	83.69473684210527	87.0	103.0
ERR1713350	ARO:3004142	OprZ	7	7	83.18571428571428	81.6	68.71428571428571	75.9	85.9
ERR1713350	ARO:3004143	AxyX	5	5	80.78	80.0	41.8	37.7	52.8
ERR1713350	ARO:3004144	AxyY	469	469	82.45266524520257	81.8	75.6181236673774	76.3	86.7
ERR1713350	ARO:3004146	cfrC	92	92	94.4445652173913	95.9	96.81739130434784	99.4	107.0
ERR1713350	ARO:3004153	Mtub_thyA_PAS	1524	1524	83.80334645669292	83.3	88.34619422572179	91.3	109.0
ERR1713350	ARO:3004157	Mtub_folC_PAS	14	14	85.10714285714286	85.4	82.61428571428571	87.25	92.0
ERR1713350	ARO:3004185	mecD	2	2	82.6	82.6	43.7	43.7	49.7
ERR1713350	ARO:3004239	NPS-1	53	53	98.63018867924528	100.0	89.88679245283019	97.1	109.0
ERR1713350	ARO:3004253	vanU_in_vanG_cl	38	38	82.33684210526316	81.8	62.518421052631574	68.19999999999999	85.9
ERR1713350	ARO:3004254	vanV_in_vanB_cl	11	11	85.33636363636364	85.7	65.89999999999999	64.7	77.0
ERR1713350	ARO:3004290	Ecol_ampC_BLA	47	47	98.18297872340426	100.0	96.62127659574467	103.0	112.0
ERR1713350	ARO:3004291	Rsph_ampC_BLA	1	1	82.0	82.0	83.2	83.2	83.2
ERR1713350	ARO:3004332	MCR-5.1	2	2	100.0	100.0	101.5	101.5	103.0
ERR1713350	ARO:3004359	ACI-1	22	22	98.35909090909091	100.0	89.76363636363637	97.85	109.0
ERR1713350	ARO:3004361	sul4	9	9	90.05555555555556	89.5	68.17777777777778	50.8	107.0
ERR1713350	ARO:3004379	QepA4	3	3	82.2	80.9	77.66666666666667	77.4	82.0
ERR1713350	ARO:3004441	tet(59)	2	2	100.0	100.0	99.45	99.45	103.0
ERR1713350	ARO:3004442	tet(W/N/W)	140	140	97.75999999999999	100.0	97.84571428571428	101.0	111.0
ERR1713350	ARO:3004446	Hinf_PBP3_BLA	9	9	91.42222222222222	89.8	90.62222222222222	87.8	103.0
ERR1713350	ARO:3004450	TRU-1	1	1	82.0	82.0	88.6	88.6	88.6
ERR1713350	ARO:3004451	Afab_ACT_CHL	14	14	83.48571428571428	84.2	57.08571428571429	42.0	99.0
ERR1713350	ARO:3004454	Ccol_ACT_CHL	45	45	96.23333333333333	96.0	95.21777777777778	103.0	110.0
ERR1713350	ARO:3004455	Ssui_ACT_CHL	22	22	96.45	97.65	82.77272727272727	83.55	107.0
ERR1713350	ARO:3004460	Vang_ACT_CHL	2	2	100.0	100.0	104.5	104.5	105.0
ERR1713350	ARO:3004463	EBR-2	5	5	89.5	92.0	93.96000000000001	99.4	104.0
ERR1713350	ARO:3004466	ICR-Mc	7	7	82.94285714285715	81.0	46.60000000000001	40.0	80.5
ERR1713350	ARO:3004470	poxtA	18	18	82.25	81.6	77.77222222222223	83.0	99.0
ERR1713350	ARO:3004476	vmlR	10	10	99.8	100.0	95.11	95.5	104.0
ERR1713350	ARO:3004480	Bado_rpoB_RIF	3087	3087	90.38150307742144	90.0	87.78869452542922	95.9	112.0
ERR1713350	ARO:3004503	MCR-3.6	5	5	100.0	100.0	95.84	96.7	107.0
ERR1713350	ARO:3004504	MCR-3.10	1	1	98.0	98.0	108.0	108.0	108.0
ERR1713350	ARO:3004505	MCR-3.5	3	3	81.96666666666667	81.4	64.56666666666666	58.5	78.6
ERR1713350	ARO:3004516	MCR-8.1	6	6	81.68333333333334	80.6	68.7	69.15	77.8
ERR1713350	ARO:3004517	MCR-7.1	2	2	85.15	85.15	41.400000000000006	41.400000000000006	44.7
ERR1713350	ARO:3004541	mphK	3	3	99.33333333333333	100.0	92.60000000000001	91.3	101.0
ERR1713350	ARO:3004549	dfrB5	3	3	92.60000000000001	91.8	102.53333333333335	102.0	107.0
ERR1713350	ARO:3004561	Cdif_murG_VAN	37	37	82.62162162162163	82.1	59.972972972972975	62.4	81.3
ERR1713350	ARO:3004562	Cdif_gyrB_FLO	1596	1596	84.04580200501253	83.3	77.86610275689223	83.6	102.0
ERR1713350	ARO:3004563	Cdif_rpoB_RIF	6408	6408	86.62777777777778	86.0	90.00962858926341	90.9	112.0
ERR1713350	ARO:3004569	ICR-Mo	356	356	95.10393258426966	98.0	90.12865168539325	95.3	113.0
ERR1713350	ARO:3004573	Abau_AbaF	83	83	88.00722891566265	88.0	91.76385542168674	92.4	104.0
ERR1713350	ARO:3004574	Abau_AbaQ	9	9	86.61111111111111	86.0	90.85555555555555	93.2	98.6
ERR1713350	ARO:3004577	Abau_AmvA	25	25	82.316	81.6	71.808	74.7	95.5
ERR1713350	ARO:3004578	Abau_AbuO	216	216	84.72638888888889	84.0	79.34166666666667	80.1	92.4
ERR1713350	ARO:3004580	Kpne_KpnE	30	30	92.78666666666666	92.45	77.52666666666667	80.5	90.5
ERR1713350	ARO:3004583	Kpne_KpnF	29	29	90.55172413793103	90.0	85.86206896551724	86.3	100.0
ERR1713350	ARO:3004588	Kpne_KpnG	148	148	88.7358108108108	87.0	86.96283783783784	87.6	107.0
ERR1713350	ARO:3004597	Kpne_KpnH	2	2	88.0	88.0	94.35	94.35	97.4
ERR1713350	ARO:3004600	LnuH	208	208	86.21634615384616	84.0	85.02932692307692	88.6	108.0
ERR1713350	ARO:3004606	erm(40)	2	2	82.3	82.3	92.45	92.45	94.0
ERR1713350	ARO:3004608	EreD	554	554	98.11750902527075	98.0	96.35252707581228	100.0	112.0
ERR1713350	ARO:3004621	AAC(3)-IIe	5	5	95.5	98.0	94.78	92.8	110.0
ERR1713350	ARO:3004623	AAC(3)-IId	1	1	100.0	100.0	73.9	73.9	73.9
ERR1713350	ARO:3004629	AAC(6')-Im	5	5	94.12	96.0	94.36	101.0	107.0
ERR1713350	ARO:3004631	Mgen_gyrA_FLO	55	55	82.00363636363636	82.1	70.30363636363636	70.1	91.3
ERR1713350	ARO:3004645	dfrI	1	1	80.8	80.8	50.4	50.4	50.4
ERR1713350	ARO:3004649	cfr(B)	2	2	100.0	100.0	100.6	100.6	103.0
ERR1713350	ARO:3004655	nimB	3	3	100.0	100.0	94.56666666666666	104.0	105.0
ERR1713350	ARO:3004657	catA4	1	1	80.0	80.0	70.5	70.5	70.5
ERR1713350	ARO:3004658	catA8	4	4	97.95	100.0	102.025	104.0	105.0
ERR1713350	ARO:3004659	Mef(En2)	111	111	98.27657657657659	100.0	93.17297297297299	95.9	110.0
ERR1713350	ARO:3004660	catB11	1	1	87.8	87.8	98.6	98.6	98.6
ERR1713350	ARO:3004675	aphA15	2	2	100.0	100.0	107.5	107.5	109.0
ERR1713350	ARO:3004677	rmtD2	2	2	98.0	98.0	100.65	100.65	105.0
ERR1713350	ARO:3004681	Cdif_rpoC_VAN	11649	11649	86.95174693106705	86.0	85.20361404412397	88.6	116.0
ERR1713350	ARO:3004682	aadA27	279	279	99.25698924731184	100.0	93.15519713261648	98.6	111.0
ERR1713350	ARO:3004683	aadS	212	212	96.01037735849057	100.0	96.66367924528302	102.0	114.0
ERR1713350	ARO:3004684	MCR-9.1	3	3	93.33333333333333	100.0	92.96666666666665	96.7	97.1
ERR1713350	ARO:3004691	MCR-3.4	2	2	94.0	94.0	92.45	92.45	95.5
ERR1713350	ARO:3004692	aadA10	91	91	98.78791208791209	100.0	99.4021978021978	102.0	108.0
ERR1713350	ARO:3004694	MCR-4.2	3	3	83.60000000000001	84.0	79.23333333333333	89.4	91.7
ERR1713350	ARO:3004698	MCR-5.2	53	53	85.5811320754717	83.3	73.51132075471698	72.4	115.0
ERR1713350	ARO:3004719	tet(X3)	2	2	80.0	80.0	37.7	37.7	37.7
ERR1713350	ARO:3004720	tet(X4)	66	66	99.33636363636363	100.0	95.42878787878789	102.0	110.0
ERR1713350	ARO:3004721	Mtub_rpsA_PZA	572	572	87.06241258741258	86.0	87.04125874125874	87.4	101.0
ERR1713350	ARO:3004751	BES-1	2	2	83.5	83.5	85.1	85.1	88.2
ERR1713350	ARO:3004757	BKC-1	1	1	90.0	90.0	89.0	89.0	89.0
ERR1713350	ARO:3004766	CGA-1	2	2	81.3	81.3	85.1	85.1	85.1
ERR1713350	ARO:3004770	CIA-3	7	7	83.28571428571429	82.4	86.8	87.0	90.9
ERR1713350	ARO:3004771	CIA-4	9	9	85.58888888888889	84.0	81.65555555555555	80.5	85.9
ERR1713350	ARO:3004775	CME-1	12	12	82.75	83.30000000000001	82.05833333333334	86.25	95.5
ERR1713350	ARO:3004777	CMH-1	1	1	92.0	92.0	99.8	99.8	99.8
ERR1713350	ARO:3004780	DES-1	7	7	87.45714285714287	85.4	82.2	90.5	99.0
ERR1713350	ARO:3004789	FONA-2	1	1	100.0	100.0	100.0	100.0	100.0
ERR1713350	ARO:3004793	FONA-6	1	1	100.0	100.0	99.0	99.0	99.0
ERR1713350	ARO:3004798	FRI-2	1	1	81.8	81.8	40.8	40.8	40.8
ERR1713350	ARO:3004810	GOB-3	3	3	80.60000000000001	80.0	64.33333333333333	65.9	67.0
ERR1713350	ARO:3004811	GOB-4	2	2	97.0	97.0	102.5	102.5	103.0
ERR1713350	ARO:3004814	GOB-7	1	1	80.0	80.0	54.3	54.3	54.3
ERR1713350	ARO:3004832	Ngon_PBP2_BLA	81	81	86.44074074074074	86.0	90.93827160493827	90.9	97.1
ERR1713350	ARO:3004833	Ngon_PBP1_BLA	828	828	85.1756038647343	84.0	87.86268115942029	88.2	108.0
ERR1713350	ARO:3004835	Ngon_pilQ_BLA	245	245	85.84081632653061	83.9	78.50734693877551	85.1	98.6
ERR1713350	ARO:3004859	Ngon_gyrB_ZOL	6994	6994	85.96120960823562	84.0	84.86674292250501	87.4	111.0
ERR1713350	ARO:3004860	Bdol_gyrA_FLO	10748	10748	85.953861183476	84.0	87.03398771864534	88.2	112.0
ERR1713350	ARO:3004873	Ngon_folP_SLF	136	136	87.1154411764706	87.94999999999999	66.87132352941177	69.1	89.4
ERR1713350	ARO:3004921	Mtub_ahpC_INH	11	11	87.7090909090909	88.0	84.30909090909091	90.9	102.0
ERR1713350	ARO:3004922	Mtub_fabG1_INH	19	19	83.34736842105262	81.5	54.642105263157895	48.9	92.4
ERR1713350	ARO:3004923	Mtub_furA_INH	5	5	83.53999999999999	82.0	75.5	82.4	90.9
ERR1713350	ARO:3004925	Mtub_mshA_INH	8	8	83.2375	82.8	72.825	73.9	99.0
ERR1713350	ARO:3004927	Mtub_mshC_INH	4	4	82.825	82.65	93.475	93.75	98.6
ERR1713350	ARO:3004928	Mtub_mymA_INH	4	4	82.05	80.5	72.4	77.8	92.8
ERR1713350	ARO:3004941	Mtub_ddlA_DCS	60	60	84.42333333333333	83.3	65.08833333333334	69.1	95.5
ERR1713350	ARO:3004945	Mtub_ald_DCS	22	22	82.85454545454546	82.4	76.10909090909091	79.3	86.7
ERR1713350	ARO:3004950	Mtub_ubiA_EMB	5	5	81.97999999999999	81.6	82.34	82.0	86.3
ERR1713350	ARO:3004955	Mtub_Rv0565_ETO	11	11	81.76363636363637	81.0	59.86363636363637	50.1	93.2
ERR1713350	ARO:3004956	Ngon_rpld	1061	1061	85.78539114043356	84.0	85.98831291234684	89.0	102.0
ERR1713350	ARO:3004957	Mtub_clpC1_PZA	3646	3646	83.64764125068568	82.0	81.33930334613274	83.6	106.0
ERR1713350	ARO:3004960	Mtub_ponA1_RFB	6	6	83.46666666666667	83.85	70.73333333333333	73.95	87.0
ERR1713350	ARO:3004975	Mtub_ppsC_PZA	3	3	83.43333333333334	82.8	47.73333333333333	45.4	52.4
ERR1713350	ARO:3004976	Mtub_ppsD_PZA	4	4	81.575	81.5	56.975	48.1	89.0
ERR1713350	ARO:3004977	Mtub_gpsI_PZA	553	553	85.55352622061483	84.0	84.42603978300181	85.5	103.0
ERR1713350	ARO:3004978	Mtub_mas_PZA	2	2	87.5	87.5	64.7	64.7	64.7
ERR1713350	ARO:3004987	Mtub_Rv2731_PZA	2	2	81.6	81.6	88.6	88.6	88.6
ERR1713350	ARO:3004993	Mtub_Rv3169_PZA	4	4	85.75	85.4	81.225	88.4	105.0
ERR1713350	ARO:3004994	Mtub_rpoC_RIF	6192	6192	86.63922803617571	86.0	88.46511627906976	90.1	117.0
ERR1713350	ARO:3004999	Mtub_rpoA_RIF	444	444	84.17229729729729	83.3	83.73738738738739	85.1	101.0
ERR1713350	ARO:3005004	Ngon_mtrC_AZM	55	55	85.01454545454546	84.4	54.58	53.9	77.8
ERR1713350	ARO:3005008	TxR	6	6	84.18333333333332	84.6	49.26666666666667	48.5	53.5
ERR1713350	ARO:3005009	qacE	167	167	96.26167664670659	100.0	75.65389221556886	80.5	102.0
ERR1713350	ARO:3005010	qacEdelta1	75	75	94.74533333333333	100.0	90.31733333333334	92.0	104.0
ERR1713350	ARO:3005012	IDC-1	1	1	80.6	80.6	53.9	53.9	53.9
ERR1713350	ARO:3005023	cfrE	11	11	94.72727272727273	98.0	100.05454545454545	101.0	106.0
ERR1713350	ARO:3005024	FosL1	2	2	83.7	83.7	90.5	90.5	90.5
ERR1713350	ARO:3005040	YajC	85	85	86.53999999999999	86.0	79.01176470588236	84.7	100.0
ERR1713350	ARO:3005041	mlaF	200	200	91.0235	91.7	86.964	89.55000000000001	109.0
ERR1713350	ARO:3005042	mlaD	106	106	95.17358490566038	98.0	87.39999999999999	93.19999999999999	103.0
ERR1713350	ARO:3005043	cmlA9	24	24	95.60416666666667	100.0	87.4375	89.55000000000001	105.0
ERR1713350	ARO:3005044	OmpA	99	99	91.6888888888889	90.0	85.22828282828283	89.7	106.0
ERR1713350	ARO:3005047	eptB	231	231	89.35670995670996	88.0	92.48614718614718	94.0	112.0
ERR1713350	ARO:3005051	LpsB	246	246	86.5430894308943	86.0	86.55813008130082	90.1	102.0
ERR1713350	ARO:3005053	ArnT	104	104	92.36057692307692	94.0	94.9403846153846	96.30000000000001	115.0
ERR1713350	ARO:3005056	tet(X6)	5	5	95.94	100.0	92.12	105.0	110.0
ERR1713350	ARO:3005059	LptD	270	270	90.0488888888889	89.8	93.02740740740741	94.7	115.0
ERR1713350	ARO:3005063	cprR	13	13	81.83846153846154	81.5	45.638461538461534	47.4	47.8
ERR1713350	ARO:3005067	ParS	1	1	80.0	80.0	89.4	89.4	89.4
ERR1713350	ARO:3005068	ParR	4	4	82.975	82.44999999999999	84.65	84.75	87.8
ERR1713350	ARO:3005069	rsmA	565	565	88.87256637168142	89.2	65.18743362831859	65.1	96.3
ERR1713350	ARO:3005089	mef(D)	5	5	80.42	80.4	82.8	82.8	86.7
ERR1713350	ARO:3005090	RanB	510	510	87.10764705882353	86.0	83.52823529411765	84.3	99.8
ERR1713350	ARO:3005091	RanA	648	648	84.95972222222223	84.0	85.09753086419752	87.0	103.0
ERR1713350	ARO:3005096	GPC-1	5	5	89.03999999999999	89.8	90.67999999999999	90.9	101.0
ERR1713350	ARO:3005098	qacL	1929	1929	96.03037843442198	98.0	80.80466562986004	89.4	100.0
ERR1713350	ARO:3005099	Spyo_ErmA_MLSb	22	22	88.99090909090908	88.75	83.83636363636364	89.0	100.0
ERR1713350	ARO:3005121	lsaD	8	8	82.75	80.9	73.95	81.3	83.2
ERR1713350	ARO:3005150	PAC-1	1	1	92.0	92.0	91.7	91.7	91.7
ERR1713350	ARO:3005158	OXA-668	2	2	89.9	89.9	94.2	94.2	94.4
ERR1713350	ARO:3005166	tet(X1)	9	9	97.04444444444444	98.0	101.6888888888889	106.0	108.0
ERR1713350	ARO:3005198	CMY-157	1	1	94.0	94.0	103.0	103.0	103.0
ERR1713350	ARO:3005316	OXA-838	1	1	83.3	83.3	67.4	67.4	67.4
ERR1713350	ARO:3005319	OXA-681	1	1	96.0	96.0	102.0	102.0	102.0
ERR1713350	ARO:3005333	OXA-641	7	7	96.39999999999999	97.9	92.47142857142856	99.8	111.0
ERR1713350	ARO:3005338	OXA-648	6	6	97.33333333333333	97.0	95.7	97.25	102.0
ERR1713350	ARO:3005350	DfrB9	1	1	100.0	100.0	64.7	64.7	64.7
ERR1713350	ARO:3005354	dfr22	1	1	83.3	83.3	47.8	47.8	47.8
ERR1713350	ARO:3005461	EBR-3	2	2	89.0	89.0	91.6	91.6	100.0
ERR1713350	ARO:3005462	EBR-4	4	4	93.45	94.9	91.95	103.0	106.0
ERR1713350	ARO:3005558	BUT-2	1	1	80.5	80.5	73.6	73.6	73.6
ERR1713350	ARO:3005584	CARB-50	8	8	98.0	99.0	100.5875	100.4	105.0
ERR1713350	ARO:3005664	CTX-M-241	1	1	100.0	100.0	52.0	52.0	52.0
ERR1713350	ARO:3005725	OXA-491	3	3	81.0	80.9	69.7	70.1	90.9
ERR1713350	ARO:3005729	OXA-498	45	45	98.36	100.0	90.41333333333333	95.1	109.0
ERR1713350	ARO:3005734	OXA-504	2	2	100.0	100.0	101.5	101.5	102.0
ERR1713350	ARO:3005743	OXA-513	1	1	87.0	87.0	43.5	43.5	43.5
ERR1713350	ARO:3005766	OXA-537	4	4	81.4	81.8	84.625	84.7	85.1
ERR1713350	ARO:3005772	OXA-548	1	1	90.9	90.9	64.3	64.3	64.3
ERR1713350	ARO:3005775	OXA-551	1	1	84.0	84.0	43.9	43.9	43.9
ERR1713350	ARO:3005792	OXA-568	1	1	81.6	81.6	86.7	86.7	86.7
ERR1713350	ARO:3005863	OXA-643	17	17	97.50588235294117	98.0	95.11176470588236	94.4	109.0
ERR1713350	ARO:3005865	OXA-645	33	33	98.21818181818182	100.0	73.7969696969697	71.2	104.0
ERR1713350	ARO:3005866	OXA-650	16	16	96.1625	96.55	88.0875	94.2	110.0
ERR1713350	ARO:3005868	OXA-652	6	6	96.26666666666667	96.95	95.2	95.5	97.8
ERR1713350	ARO:3005877	OXA-662	1	1	94.0	94.0	97.8	97.8	97.8
ERR1713350	ARO:3005878	OXA-666	24	24	86.47916666666667	81.8	80.12916666666666	91.65	108.0
ERR1713350	ARO:3005879	OXA-667	25	25	85.264	84.4	89.46	90.5	95.1
ERR1713350	ARO:3005880	OXA-669	4	4	85.4	80.8	90.9	87.05	104.0
ERR1713350	ARO:3005931	OXA-726	1	1	100.0	100.0	109.0	109.0	109.0
ERR1713350	ARO:3005932	OXA-727	11	11	87.17272727272727	88.0	69.34545454545454	70.9	94.4
ERR1713350	ARO:3005933	OXA-728	1	1	84.0	84.0	91.3	91.3	91.3
ERR1713350	ARO:3005937	OXA-732	32	32	96.846875	100.0	99.046875	102.0	118.0
ERR1713350	ARO:3005982	OXA-778	1	1	81.3	81.3	83.6	83.6	83.6
ERR1713350	ARO:3006099	OXA-912	1	1	100.0	100.0	101.0	101.0	101.0
ERR1713350	ARO:3006103	OXA-917	1	1	100.0	100.0	108.0	108.0	108.0
ERR1713350	ARO:3006113	OXA-928	149	149	99.04697986577182	100.0	94.09395973154362	100.0	106.0
ERR1713350	ARO:3006127	OXA-948	1	1	83.3	83.3	54.3	54.3	54.3
ERR1713350	ARO:3006130	OXY-2-15	2	2	100.0	100.0	100.3	100.3	102.0
ERR1713350	ARO:3006211	VEB-14	4	4	97.5	97.0	101.2	100.4	105.0
ERR1713350	ARO:3006224	CepA-29	6	6	88.43333333333334	83.85	97.0	94.9	112.0
ERR1713350	ARO:3006331	ADC-157	3	3	81.60000000000001	81.6	73.3	80.1	85.9
ERR1713350	ARO:3006338	ADC-166	3	3	84.43333333333334	85.0	39.63333333333333	37.7	43.5
ERR1713350	ARO:3006392	ADC-223	1	1	84.0	84.0	45.8	45.8	45.8
ERR1713350	ARO:3006403	ADC-234	1	1	100.0	100.0	107.0	107.0	107.0
ERR1713350	ARO:3006424	ADC-254	2	2	82.1	82.1	68.2	68.2	68.2
ERR1713350	ARO:3006461	CMY-169	3	3	99.33333333333333	100.0	89.5	103.0	110.0
ERR1713350	ARO:3006471	FOX-13	2	2	98.0	98.0	97.05000000000001	97.05000000000001	97.4
ERR1713350	ARO:3006477	MOX-12	1	1	98.0	98.0	101.0	101.0	101.0
ERR1713350	ARO:3006478	MOX-13	1	1	91.7	91.7	89.4	89.4	89.4
ERR1713350	ARO:3006874	EC-13	23	23	98.68260869565216	100.0	98.58695652173913	104.0	112.0
ERR1713350	ARO:3006878	EC-18	3	3	98.66666666666667	98.0	106.0	106.0	109.0
ERR1713350	ARO:3006879	EC-19	11	11	96.78181818181817	98.0	86.31818181818181	102.0	112.0
ERR1713350	ARO:3006880	EC-5	2	2	97.95	97.95	105.5	105.5	108.0
ERR1713350	ARO:3006881	EC-8	5	5	100.0	100.0	95.94	105.0	109.0
ERR1713350	ARO:3006888	GIL-1	4	4	90.4	90.0	92.325	91.30000000000001	102.0
ERR1713350	ARO:3006897	AXC-1	1	1	81.6	81.6	81.3	81.3	81.3
ERR1713350	ARO:3006899	AXC-3	1	1	81.3	81.3	82.4	82.4	82.4
ERR1713350	ARO:3006935	LHK-1	8	8	92.9875	93.0	97.3125	97.85	104.0
ERR1713350	ARO:3006936	LHK-2	3	3	100.0	100.0	98.2	98.2	98.2
ERR1713350	ARO:3006940	LHK-6	3	3	100.0	100.0	107.0	107.0	107.0
ERR1713350	ARO:3006943	LUT-1	1	1	80.0	80.0	81.6	81.6	81.6
ERR1713350	ARO:3006949	MAL-1	2	2	98.0	98.0	95.9	95.9	95.9
ERR1713350	ARO:3006950	MAL-2	2	2	100.0	100.0	49.3	49.3	49.3
ERR1713350	ARO:3006964	PAU-1	50	50	94.728	96.0	92.22399999999999	96.1	103.0
ERR1713350	ARO:3006974	POM-1	1	1	81.6	81.6	75.1	75.1	75.1
ERR1713350	ARO:3006983	RSD2-2	3	3	90.89999999999999	94.7	86.13333333333333	88.2	98.6
ERR1713350	ARO:3006987	SGM-1	1	1	80.0	80.0	48.9	48.9	48.9
ERR1713350	ARO:3006990	SGM-4	1	1	84.1	84.1	72.4	72.4	72.4
ERR1713350	ARO:3006992	SGM-6	1	1	100.0	100.0	104.0	104.0	104.0
ERR1713350	ARO:3006993	SGM-7	2	2	93.0	93.0	90.69999999999999	90.69999999999999	93.6
ERR1713350	ARO:3006998	SPU-1	4	4	81.35	81.69999999999999	81.55	83.4	85.1
ERR1713350	ARO:3007010	norC	3	3	81.83333333333333	81.8	67.5	67.0	73.9
ERR1713350	ARO:3007011	mdeA	5	5	87.4	86.0	80.74	80.5	88.6
ERR1713350	ARO:3007028	salD	3	3	80.60000000000001	80.0	43.13333333333333	43.9	44.3
ERR1713350	ARO:3007033	Erm(51)	3	3	100.0	100.0	95.36666666666667	99.4	112.0
ERR1713350	ARO:3007041	Erm(52)	2	2	100.0	100.0	92.85	92.85	97.1
ERR1713350	ARO:3007042	msr(G)	74	74	87.28648648648648	86.0	83.11621621621622	87.8	103.0
ERR1713350	ARO:3007043	msr(I)	1123	1123	99.10249332146039	100.0	75.17782724844167	75.5	108.0
ERR1713350	ARO:3007044	mef(F)	48	48	84.46041666666666	85.30000000000001	77.7375	83.0	91.7
ERR1713350	ARO:3007049	mef(J)	4396	4396	98.70675614194722	100.0	89.25803002729754	92.4	107.0
ERR1713350	ARO:3007050	mreA	14	14	84.28571428571429	83.5	70.92857142857143	85.3	93.2
ERR1713350	ARO:3007051	Hpyl_rpoB_RIF	9771	9771	85.9672090881179	85.7	86.87198853750895	88.6	108.0
ERR1713350	ARO:3007052	Hpyl_gyrA_FLO	836	836	85.75334928229665	86.0	88.41614832535885	89.7	102.0
ERR1713350	ARO:3007053	Hpyl_gyrB_FLO	1006	1006	83.9182902584493	83.7	84.59234592445327	85.5	97.1
ERR1713350	ARO:3007058	Hpyl_pbp2_AMX	1	1	94.1	94.1	38.1	38.1	38.1
ERR1713350	ARO:3007060	Hpyl_pbp1_AMX	17	17	80.5	80.0	83.98235294117647	84.0	85.5
ERR1713350	ARO:3007073	Bsub_rpoB_RIF	5283	5283	88.53446905167517	88.0	93.64101836077985	93.6	111.0
ERR1713350	ARO:3007085	PRC-1	1	1	80.0	80.0	87.4	87.4	87.4
ERR1713350	ARO:3007099	FosM3	2	2	80.0	80.0	86.7	86.7	86.7
ERR1713350	ARO:3007104	nimA	7	7	99.42857142857143	100.0	75.39999999999999	82.0	107.0
ERR1713350	ARO:3007106	nimD	1	1	100.0	100.0	45.8	45.8	45.8
ERR1713350	ARO:3007112	nimJ	3	3	81.39999999999999	81.6	69.96666666666667	85.9	85.9
ERR1713350	ARO:3007119	tet(O/32/O)	77	77	97.8025974025974	100.0	98.37662337662337	100.0	107.0
ERR1713350	ARO:3007120	tet(O/M/O)	76	76	98.5078947368421	100.0	98.63157894736842	99.8	111.0
ERR1713350	ARO:3007121	tet(O/W)	120	120	97.00416666666666	98.0	96.40916666666666	97.4	107.0
ERR1713350	ARO:3007122	tet(O/W/32/O)	96	96	98.88229166666667	100.0	98.096875	99.8	105.0
ERR1713350	ARO:3007124	tet(W/32/O)	57	57	93.65087719298246	95.9	82.93333333333334	91.3	113.0
ERR1713350	ARO:3007127	otr(A)S.liv	3	3	84.66666666666667	81.0	41.833333333333336	37.7	50.1
ERR1713350	ARO:3007191	vanR_in_vanP_cl	23	23	82.04347826086956	81.8	71.63478260869564	76.3	95.1
ERR1713350	ARO:3007192	vanS_in_vanP_cl	1	1	80.0	80.0	75.9	75.9	75.9
ERR1713350	ARO:3007203	Kpne_PhoQ_CST	119	119	91.49747899159665	90.0	89.55882352941177	90.5	110.0
ERR1713350	ARO:3007206	KBL-1	1	1	80.0	80.0	81.3	81.3	81.3
ERR1713350	ARO:3007208	HelR	41	41	84.0	83.0	85.49024390243902	84.7	102.0
ERR1713350	ARO:3007209	Sven_rox	4	4	81.7	81.9	64.125	64.7	87.4
ERR1713350	ARO:3007210	Nfar_rox	1	1	82.0	82.0	85.1	85.1	85.1
ERR1713350	ARO:3007229	MCR-8.2	7	7	81.37142857142855	81.6	70.55714285714285	71.2	71.6
ERR1713350	ARO:3007248	MCR-3.33	1	1	91.8	91.8	91.7	91.7	91.7
ERR1713350	ARO:3007266	MCR-3.20	6	6	99.63333333333333	100.0	104.73333333333333	107.0	110.0
ERR1713350	ARO:3007274	MCR-10.5	11	11	96.89090909090909	100.0	97.53636363636365	108.0	112.0
ERR1713350	ARO:3007275	MCR-10.3	2	2	100.0	100.0	108.5	108.5	109.0
ERR1713350	ARO:3007287	MCR-2.7	1	1	85.4	85.4	80.9	80.9	80.9
ERR1713350	ARO:3007369	FosH	160	160	80.926875	80.4	66.75687500000001	61.2	90.5
ERR1713350	ARO:3007370	FosI	142	142	82.22394366197183	81.5	59.53802816901408	54.3	96.3
ERR1713350	ARO:3007371	FosA8	2	2	99.0	99.0	108.0	108.0	109.0
ERR1713350	ARO:3007374	PJM-1	19	19	84.71052631578948	83.7	89.82105263157894	90.9	99.4
ERR1713350	ARO:3007420	Kpne_lamB_CZA	64	64	96.5265625	100.0	99.621875	104.5	118.0
ERR1713350	ARO:3007421	Kpne_PBP3_BLA	161	161	97.24968944099379	100.0	98.0167701863354	100.0	110.0
ERR1713350	ARO:3007423	Ecol_PBP3_BLA	212	212	97.48537735849057	100.0	93.96462264150944	98.6	108.0
ERR1713350	ARO:3007438	LAQ-1	2	2	99.0	99.0	105.0	105.0	107.0
ERR1713350	ARO:3007459	EstT	23	23	98.5391304347826	100.0	95.3	102.0	109.0
ERR1713350	ARO:3007473	Mavi_gyrA_FLO	118	118	83.97203389830509	83.5	83.80338983050846	86.7	106.0
ERR1713350	ARO:3007476	Mabs_atpE_BDQ	5	5	92.56	92.1	76.8	83.2	90.1
ERR1713350	ARO:3007483	RAD-1	2	2	80.0	80.0	89.15	89.15	92.4
ERR1713350	ARO:3007489	dfrB10	3	3	89.53333333333335	90.0	88.73333333333333	94.0	94.0
ERR1713350	ARO:3007491	Paer_ampR_ATM	119	119	85.67647058823529	85.3	54.39663865546218	48.1	96.3
ERR1713350	ARO:3007492	tet(62)	2	2	83.7	83.7	80.1	80.1	80.1
ERR1713350	ARO:3007527	Bsub_rpsE_SPT	681	681	84.02261380323054	83.3	78.02804698972099	82.8	99.8
ERR1713350	ARO:3007531	Spyo_PBP2x_BLA	2	2	80.2	80.2	78.8	78.8	81.3
ERR1713350	ARO:3007533	MCR-4.7	1	1	81.8	81.8	82.8	82.8	82.8
ERR1713350	ARO:3007539	APH(9)-Ic	5	5	99.14	100.0	105.64000000000001	107.0	115.0
ERR1713350	ARO:3007544	Erhu_gyrA_ENR	726	726	83.20482093663911	82.0	89.84669421487602	90.1	107.0
ERR1713350	ARO:3007635	CAE-1	1375	1375	83.81032727272726	83.3	79.0736	81.6	100.0
ERR1713350	ARO:3007637	cplR	4	4	83.0	84.0	43.9	43.9	44.3
ERR1713350	ARO:3007648	PSZ-1	4	4	81.35	81.8	50.9	45.4	67.4
ERR1713350	ARO:3007650	CDA-1	2	2	80.8	80.8	44.7	44.7	44.7
ERR1713350	ARO:3007654	erm(56)	1	1	83.7	83.7	88.6	88.6	88.6
ERR1713350	ARO:3007659	Rv2856	3	3	82.5	83.3	75.46666666666667	73.9	78.6
ERR1713350	ARO:3007669	aadT	43	43	88.08837209302327	85.4	81.62325581395349	83.2	99.4
ERR1713350	ARO:3007678	IreK	324	324	83.63148148148147	82.0	85.23240740740741	85.9	99.8
ERR1713350	ARO:3007682	MdtQ	70	70	92.29285714285714	92.0	93.29285714285714	94.55000000000001	110.0
ERR1713350	ARO:3007692	Mtub_Rv2535_BDQ	11	11	83.95454545454545	83.0	82.5	85.5	93.6
ERR1713350	ARO:3007749	Sgal_folP_SLF	72	72	86.00972222222222	85.0	59.50972222222222	49.1	100.0
ERR1713350	ARO:3007794	Vvul_rpoB_RIF	6642	6642	85.31416741945196	84.0	90.1437970490816	90.5	108.0
ERR1713350	ARO:3007801	RATA-1	13	13	93.37692307692308	98.0	86.06923076923077	93.2	104.0
ERR1713350	ARO:3007802	RATA-2	59	59	94.78305084745763	100.0	94.67118644067797	98.6	109.0
ERR1713350	ARO:3007837	CARB-58	2	2	92.80000000000001	92.80000000000001	43.150000000000006	43.150000000000006	45.1
ERR1713350	ARO:3007843	VRA-F	2	2	82.6	82.6	38.9	38.9	38.9
ERR1713350	ARO:3007846	SIE-1	5	5	85.32000000000001	85.7	88.88	87.8	95.5
ERR1713350	ARO:3007849	Mtub_fgd1_DLM	19	19	85.28421052631579	85.0	82.42631578947368	90.1	97.8
ERR1713350	ARO:3007855	CHM-1	5	5	82.5	82.9	89.58	94.0	95.1
ERR1713350	ARO:3007900	ACT-118	1	1	87.8	87.8	96.7	96.7	96.7
ERR1713350	ARO:3007911	ACT-143	1	1	100.0	100.0	105.0	105.0	105.0
ERR1713350	ARO:3007921	ACT-156	2	2	84.9	84.9	96.7	96.7	96.7
ERR1713350	ARO:3007936	ACT-173	2	2	98.85	98.85	63.0	63.0	78.6
ERR1713350	ARO:3007958	ACT-85	7	7	97.71428571428571	98.0	96.2	104.0	108.0
ERR1713350	ARO:3007993	ADC-277	2	2	80.3	80.3	62.4	62.4	62.8
ERR1713350	ARO:3008068	ADC-358	1	1	81.8	81.8	74.7	74.7	74.7
ERR1713350	ARO:3008073	AIM-2	9	9	93.51111111111112	96.0	93.28888888888889	95.1	105.0
ERR1713350	ARO:3008078	B3SU1-1	2	2	85.0	85.0	87.65	87.65	94.0
ERR1713350	ARO:3008081	BMHC-1	12	12	83.75833333333334	82.0	90.36666666666667	93.2	95.9
ERR1713350	ARO:3008172	DHA-34	1	1	93.9	93.9	97.4	97.4	97.4
ERR1713350	ARO:3008183	FOX-21	1	1	100.0	100.0	58.9	58.9	58.9
ERR1713350	ARO:3008389	MOX-21	1	1	100.0	100.0	95.1	95.1	95.1
ERR1713350	ARO:3008394	MUN-1	12	12	99.66666666666667	100.0	97.14999999999999	101.0	109.0
ERR1713350	ARO:3008422	OXA-1001	14	14	83.68571428571428	83.7	85.58571428571429	92.25	100.0
ERR1713350	ARO:3008425	OXA-1004	2	2	86.65	86.65	93.75	93.75	95.1
ERR1713350	ARO:3008432	OXA-1011	1	1	80.0	80.0	64.7	64.7	64.7
ERR1713350	ARO:3008436	OXA-1015	1	1	98.0	98.0	107.0	107.0	107.0
ERR1713350	ARO:3008437	OXA-1016	2	2	100.0	100.0	106.5	106.5	108.0
ERR1713350	ARO:3008438	OXA-1017	2	2	100.0	100.0	108.0	108.0	108.0
ERR1713350	ARO:3008460	OXA-1041	16	16	98.9125	100.0	98.8375	101.0	114.0
ERR1713350	ARO:3008463	OXA-1044	6	6	97.10000000000001	97.8	81.01666666666667	78.2	90.5
ERR1713350	ARO:3008474	OXA-1056	2	2	93.0	93.0	106.5	106.5	111.0
ERR1713350	ARO:3008503	OXA-1085	38	38	99.78684210526316	100.0	83.96315789473684	91.05000000000001	110.0
ERR1713350	ARO:3008519	OXA-1101	2	2	81.94999999999999	81.94999999999999	81.25	81.25	82.4
ERR1713350	ARO:3008520	OXA-1102	2	2	83.1	83.1	71.25	71.25	80.9
ERR1713350	ARO:3008526	OXA-1108	12	12	80.22500000000001	80.0	83.31666666666666	85.5	89.4
ERR1713350	ARO:3008562	OXA-1144	1	1	85.7	85.7	92.8	92.8	92.8
ERR1713350	ARO:3008565	OXA-1147	3	3	84.89999999999999	85.7	70.33333333333333	71.6	71.6
ERR1713350	ARO:3008566	OXA-1148	1	1	98.0	98.0	98.2	98.2	98.2
ERR1713350	ARO:3008590	OXA-1172	2	2	100.0	100.0	108.0	108.0	108.0
ERR1713350	ARO:3008605	OXA-1189	4	4	80.4	80.4	86.95	89.75	90.9
ERR1713350	ARO:3008608	OXA-1193	2	2	80.0	80.0	91.7	91.7	91.7
ERR1713350	ARO:3008609	OXA-1194	2	2	81.45	81.45	52.55	52.55	61.2
ERR1713350	ARO:3008620	OXA-1208	3	3	93.73333333333333	92.6	68.73333333333333	53.1	100.0
ERR1713350	ARO:3008645	OXA-1235	1	1	82.2	82.2	83.2	83.2	83.2
ERR1713350	ARO:3008662	OXA-1252	1	1	80.4	80.4	79.3	79.3	79.3
ERR1713350	ARO:3008667	OXA-1257	2	2	87.9	87.9	87.8	87.8	93.6
ERR1713350	ARO:3008671	OXA-1261	1	1	91.8	91.8	97.8	97.8	97.8
ERR1713350	ARO:3008673	OXA-1263	5	5	85.96000000000001	87.0	48.52	45.1	56.6
ERR1713350	ARO:3008726	OXA-944	6	6	83.36666666666666	81.8	82.14999999999999	80.65	93.2
ERR1713350	ARO:3008733	OXA-956	11	11	98.54545454545455	100.0	101.60909090909091	107.0	114.0
ERR1713350	ARO:3008759	OXA-982	1	1	88.0	88.0	92.8	92.8	92.8
ERR1713350	ARO:3008767	OXA-990	1	1	80.6	80.6	55.1	55.1	55.1
ERR1713350	ARO:3008821	PAD-1	1	1	80.0	80.0	80.5	80.5	80.5
ERR1713350	ARO:3008868	PDC-521	1	1	80.0	80.0	44.3	44.3	44.3
ERR1713350	ARO:3009029	PJM-2	3	3	82.83333333333333	83.7	85.2	93.6	100.0
ERR1713350	ARO:3009035	RAA-1	11	11	81.35454545454546	82.0	79.37272727272727	78.2	90.5
ERR1713350	ARO:3009041	RSC1-1	12	12	92.04166666666667	91.9	92.35833333333333	93.4	107.0
ERR1713350	ARO:3009096	YOC-1	2	2	83.0	83.0	98.1	98.1	103.0
ERR1713354	ARO:3000024	patA	61	61	82.9655737704918	82.0	78.21147540983605	75.9	90.9
ERR1713354	ARO:3000025	patB	28	28	83.17142857142858	81.6	72.60357142857143	77.4	90.5
ERR1713354	ARO:3000027	emrA	67	67	93.50298507462686	94.0	87.86119402985075	90.9	107.0
ERR1713354	ARO:3000074	emrB	319	319	91.41630094043887	92.0	91.00188087774295	92.4	114.0
ERR1713354	ARO:3000165	tet(A)	5	5	100.0	100.0	84.97999999999999	93.6	97.1
ERR1713354	ARO:3000166	tet(B)	11	11	99.4	100.0	96.37272727272726	100.0	102.0
ERR1713354	ARO:3000167	tet(C)	13	13	99.36923076923077	100.0	73.96153846153847	82.0	100.0
ERR1713354	ARO:3000168	tet(D)	1	1	100.0	100.0	94.4	94.4	94.4
ERR1713354	ARO:3000173	tet(E)	23	23	96.82608695652173	98.0	91.01739130434783	94.0	102.0
ERR1713354	ARO:3000174	tet(G)	25	25	95.712	97.2	90.6	92.4	100.0
ERR1713354	ARO:3000175	tet(H)	1	1	88.9	88.9	87.4	87.4	87.4
ERR1713354	ARO:3000180	tetA(P)	10	10	85.46000000000001	85.7	87.39	88.0	93.2
ERR1713354	ARO:3000181	tet(V)	3	3	83.93333333333334	81.6	82.8	79.7	91.3
ERR1713354	ARO:3000182	tet(Y)	2	2	100.0	100.0	99.05	99.05	103.0
ERR1713354	ARO:3000183	tet(Z)	4	4	91.425	92.0	86.15	88.35	92.4
ERR1713354	ARO:3000186	tet(M)	142	142	92.70422535211267	91.15	86.73732394366198	92.8	112.0
ERR1713354	ARO:3000190	tet(O)	168	168	97.33809523809524	100.0	94.1625	98.2	113.0
ERR1713354	ARO:3000191	tet(Q)	192	192	95.18906249999999	96.0	93.99843750000001	97.6	111.0
ERR1713354	ARO:3000192	tet(S)	163	163	98.76441717791411	100.0	99.17484662576688	102.0	113.0
ERR1713354	ARO:3000193	tet(T)	16	16	92.325	94.85	89.98125	95.9	107.0
ERR1713354	ARO:3000194	tet(W)	317	317	98.84858044164038	100.0	93.58738170347003	98.2	111.0
ERR1713354	ARO:3000195	tetB(P)	18	18	86.84444444444445	84.85	87.37222222222222	90.9	102.0
ERR1713354	ARO:3000196	tet(32)	63	63	97.35079365079366	100.0	95.28253968253969	100.0	112.0
ERR1713354	ARO:3000197	tet(36)	29	29	94.31724137931033	95.8	92.72413793103448	93.6	100.0
ERR1713354	ARO:3000198	FosX	12	12	82.71666666666667	81.2	52.18333333333334	47.0	82.8
ERR1713354	ARO:3000205	tet(X)	239	239	98.93556485355649	100.0	98.84142259414226	104.0	112.0
ERR1713354	ARO:3000206	emrK	50	50	94.41	100.0	89.31	93.6	104.0
ERR1713354	ARO:3000216	acrB	883	883	90.3193657984145	90.0	86.8845979614949	88.2	111.0
ERR1713354	ARO:3000230	ANT(2'')-Ia	6	6	96.46666666666665	96.95	102.68333333333334	103.5	111.0
ERR1713354	ARO:3000237	TolC	250	250	90.6432	90.25	87.02	87.8	102.0
ERR1713354	ARO:3000250	ErmC	2	2	93.9	93.9	95.9	95.9	99.8
ERR1713354	ARO:3000254	emrY	43	43	97.39302325581394	100.0	96.77441860465116	98.6	108.0
ERR1713354	ARO:3000263	marA	28	28	93.81785714285715	94.6	90.37142857142858	94.94999999999999	103.0
ERR1713354	ARO:3000300	lsaA	3	3	80.86666666666667	80.9	68.63333333333333	81.6	81.6
ERR1713354	ARO:3000316	mphA	20	20	100.0	100.0	96.19	102.5	112.0
ERR1713354	ARO:3000318	mphB	3	3	84.86666666666667	83.7	85.76666666666667	91.7	91.7
ERR1713354	ARO:3000347	ErmA	1	1	100.0	100.0	67.8	67.8	67.8
ERR1713354	ARO:3000361	EreA	25	25	95.836	97.9	91.884	98.2	103.0
ERR1713354	ARO:3000363	EreB	40	40	86.8	86.0	91.11749999999999	91.65	110.0
ERR1713354	ARO:3000368	vanC	1	1	82.6	82.6	45.8	45.8	45.8
ERR1713354	ARO:3000375	ErmB	334	334	98.30059880239521	98.0	84.5119760479042	94.7	111.0
ERR1713354	ARO:3000377	MexA	7	7	81.55714285714285	81.3	80.97142857142856	80.1	90.1
ERR1713354	ARO:3000378	MexB	266	266	85.1812030075188	83.7	75.25300751879699	79.15	93.2
ERR1713354	ARO:3000379	OprM	18	18	81.48333333333333	81.25	70.18333333333334	71.85	87.0
ERR1713354	ARO:3000410	sul1	34	34	98.43529411764706	100.0	84.87647058823529	92.2	103.0
ERR1713354	ARO:3000412	sul2	13	13	99.3153846153846	100.0	82.1	80.9	99.0
ERR1713354	ARO:3000413	sul3	2	2	96.95	96.95	91.45	91.45	92.0
ERR1713354	ARO:3000421	norB	12	12	83.46666666666667	83.7	81.23333333333333	85.7	94.7
ERR1713354	ARO:3000444	rphA	53	53	84.33018867924528	84.6	49.06415094339623	48.5	89.0
ERR1713354	ARO:3000448	QepA1	3	3	84.93333333333334	82.9	73.8	73.9	86.3
ERR1713354	ARO:3000464	Ngon_porin	24	24	83.4375	83.3	47.14166666666667	45.8	52.0
ERR1713354	ARO:3000476	tet(31)	4	4	100.0	100.0	98.675	96.85	107.0
ERR1713354	ARO:3000481	tet(35)	7	7	81.71428571428571	81.6	66.95714285714286	64.7	87.8
ERR1713354	ARO:3000491	acrD	585	585	91.49623931623933	92.0	89.05247863247862	89.7	111.0
ERR1713354	ARO:3000498	ErmF	87	87	96.46896551724137	98.0	90.93103448275862	97.8	105.0
ERR1713354	ARO:3000499	AcrE	107	107	90.28130841121495	88.0	87.35514018691589	88.2	104.0
ERR1713354	ARO:3000501	rpoB2	124	124	83.4266129032258	82.0	73.8967741935484	76.44999999999999	100.0
ERR1713354	ARO:3000502	AcrF	407	407	90.11375921375922	89.8	84.16977886977887	85.9	106.0
ERR1713354	ARO:3000504	golS	12	12	84.70833333333333	83.85	48.59166666666667	44.7	87.4
ERR1713354	ARO:3000508	gadX	37	37	96.36486486486487	96.0	87.02432432432433	92.4	107.0
ERR1713354	ARO:3000510	Saur_mupB_MUP	7	7	81.95714285714287	81.6	80.67142857142858	89.0	89.4
ERR1713354	ARO:3000516	emrR	119	119	94.33613445378151	96.0	90.75714285714287	95.9	109.0
ERR1713354	ARO:3000518	CRP	217	217	94.78940092165898	97.7	89.72211981566821	95.1	105.0
ERR1713354	ARO:3000521	Saur_mupA_MUP	2	2	83.3	83.3	71.85	71.85	99.0
ERR1713354	ARO:3000522	ErmG	44	44	98.06818181818181	100.0	89.34772727272728	97.4	109.0
ERR1713354	ARO:3000533	macA	32	32	83.3125	83.0	78.215625	78.2	83.6
ERR1713354	ARO:3000535	macB	338	338	85.49881656804733	84.0	78.93609467455622	80.1	97.1
ERR1713354	ARO:3000553	adeR	12	12	83.76666666666667	83.45	74.39166666666667	80.7	91.7
ERR1713354	ARO:3000556	tet(44)	30	30	93.48333333333333	96.0	95.29666666666667	97.6	105.0
ERR1713354	ARO:3000559	adeN	42	42	87.59285714285714	89.69999999999999	88.32619047619048	91.85	103.0
ERR1713354	ARO:3000566	tet(39)	636	636	99.32704402515724	100.0	92.68553459119497	96.7	108.0
ERR1713354	ARO:3000567	tet(40)	36	36	98.33888888888889	98.0	91.1888888888889	97.1	106.0
ERR1713354	ARO:3000569	tet(41)	1	1	81.6	81.6	80.5	80.5	80.5
ERR1713354	ARO:3000572	tet(42)	2	2	96.0	96.0	92.25	92.25	94.4
ERR1713354	ARO:3000573	tet(43)	1	1	81.6	81.6	84.3	84.3	84.3
ERR1713354	ARO:3000582	L1_BLA	1	1	93.9	93.9	104.0	104.0	104.0
ERR1713354	ARO:3000595	ErmT	3	3	98.63333333333333	100.0	94.0	91.7	98.6
ERR1713354	ARO:3000596	ErmX	4	4	97.475	97.0	105.25	105.0	107.0
ERR1713354	ARO:3000601	Erm(38)	1	1	89.3	89.3	48.5	48.5	48.5
ERR1713354	ARO:3000604	Erm(35)	33	33	84.43939393939394	81.6	74.8090909090909	80.9	103.0
ERR1713354	ARO:3000616	mel	1153	1153	91.1467476149176	91.8	85.8100607111882	87.0	101.0
ERR1713354	ARO:3000620	adeL	10	10	92.17	94.1	82.16	85.65	109.0
ERR1713354	ARO:3000656	AcrS	31	31	97.28064516129032	100.0	91.42258064516129	100.0	108.0
ERR1713354	ARO:3000676	H-NS	76	76	91.10921052631579	92.0	75.1328947368421	74.7	103.0
ERR1713354	ARO:3000753	abeM	126	126	86.7579365079365	87.8	83.84761904761905	86.1	104.0
ERR1713354	ARO:3000768	abeS	4	4	86.125	85.25	63.05	58.900000000000006	95.5
ERR1713354	ARO:3000774	adeA	6	6	90.58333333333333	90.0	87.48333333333333	88.0	92.4
ERR1713354	ARO:3000775	adeB	82	82	88.16951219512195	88.0	81.24268292682926	80.5	101.0
ERR1713354	ARO:3000777	adeF	327	327	86.10275229357798	85.7	80.08868501529052	83.6	100.0
ERR1713354	ARO:3000778	adeG	2	2	90.9	90.9	94.55000000000001	94.55000000000001	97.4
ERR1713354	ARO:3000779	adeH	3	3	83.06666666666666	81.6	81.66666666666667	79.0	92.8
ERR1713354	ARO:3000780	adeI	281	281	86.03274021352314	85.7	81.55658362989324	83.2	95.1
ERR1713354	ARO:3000781	adeJ	962	962	88.73918918918919	88.0	86.05176715176715	88.2	107.0
ERR1713354	ARO:3000782	adeK	299	299	87.46755852842809	87.5	83.79665551839466	85.9	102.0
ERR1713354	ARO:3000784	cmeB	13	13	83.04615384615384	82.0	62.83846153846154	73.6	77.0
ERR1713354	ARO:3000789	mdsA	3	3	80.66666666666667	80.0	82.89999999999999	82.0	85.1
ERR1713354	ARO:3000790	mdsB	59	59	85.85593220338983	86.0	81.10169491525424	83.2	95.1
ERR1713354	ARO:3000791	mdsC	7	7	81.91428571428571	81.8	65.64285714285714	67.4	79.7
ERR1713354	ARO:3000792	mdtA	154	154	90.34805194805195	90.0	88.08701298701298	88.4	103.0
ERR1713354	ARO:3000793	mdtB	921	921	88.13941368078176	87.8	81.72649294245386	83.2	102.0
ERR1713354	ARO:3000794	mdtC	637	637	90.12072213500785	90.9	85.59764521193092	87.4	105.0
ERR1713354	ARO:3000795	mdtE	47	47	98.25744680851065	100.0	92.40212765957446	95.1	104.0
ERR1713354	ARO:3000796	mdtF	198	198	93.15101010101012	97.95	86.70808080808081	89.9	108.0
ERR1713354	ARO:3000800	MexC	156	156	85.11410256410257	84.1	67.78205128205128	65.3	87.8
ERR1713354	ARO:3000801	MexD	83	83	82.94578313253012	81.6	77.02289156626506	78.2	95.1
ERR1713354	ARO:3000802	OprJ	2	2	83.35	83.35	76.65	76.65	78.2
ERR1713354	ARO:3000803	MexE	10	10	86.86	88.5	72.71000000000001	70.85	91.7
ERR1713354	ARO:3000804	MexF	169	169	87.15976331360947	86.0	81.25917159763313	80.9	102.0
ERR1713354	ARO:3000805	OprN	11	11	87.08181818181818	88.0	71.36363636363636	76.3	84.0
ERR1713354	ARO:3000808	MexI	37	37	84.51081081081081	83.7	77.55405405405405	80.5	90.9
ERR1713354	ARO:3000810	mtrC	14	14	83.91428571428571	84.1	74.82857142857142	76.65	86.3
ERR1713354	ARO:3000811	mtrD	616	616	85.26672077922079	85.0	77.31704545454546	79.0	94.4
ERR1713354	ARO:3000812	mtrE	43	43	82.13023255813954	82.0	70.9139534883721	77.0	80.5
ERR1713354	ARO:3000814	MexT	11	11	85.89999999999999	85.7	78.06363636363636	81.6	86.3
ERR1713354	ARO:3000816	mtrA	1	1	80.0	80.0	50.4	50.4	50.4
ERR1713354	ARO:3000817	mtrR	27	27	83.41111111111111	82.0	81.35555555555555	87.4	93.2
ERR1713354	ARO:3000819	nalD	3	3	86.13333333333333	88.0	80.36666666666666	93.6	94.4
ERR1713354	ARO:3000823	ramA	41	41	91.28780487804879	91.3	84.08780487804877	93.6	105.0
ERR1713354	ARO:3000826	sdiA	41	41	91.16829268292683	92.0	80.89268292682927	81.3	100.0
ERR1713354	ARO:3000828	baeR	110	110	93.11181818181818	95.75	86.79272727272728	95.7	105.0
ERR1713354	ARO:3000829	baeS	197	197	90.12639593908631	90.0	87.14822335025382	90.1	114.0
ERR1713354	ARO:3000830	cpxA	352	352	94.24176136363636	94.0	93.06278409090909	95.3	112.0
ERR1713354	ARO:3000832	evgA	24	24	98.33749999999999	100.0	94.70833333333333	97.6	109.0
ERR1713354	ARO:3000833	evgS	92	92	97.71739130434783	100.0	98.87717391304349	100.0	113.0
ERR1713354	ARO:3000838	arlR	49	49	81.35714285714286	80.8	51.77142857142857	53.9	60.5
ERR1713354	ARO:3000842	EBR-1	2	2	99.0	99.0	106.0	106.0	108.0
ERR1713354	ARO:3000851	THIN-B	2	2	98.0	98.0	97.9	97.9	103.0
ERR1713354	ARO:3000853	AIM-1	11	11	97.87272727272726	100.0	95.51818181818182	100.0	105.0
ERR1713354	ARO:3001058	TEM-199	2	2	100.0	100.0	69.3	69.3	76.6
ERR1713354	ARO:3001110	SHV-53	1	1	100.0	100.0	100.0	100.0	100.0
ERR1713354	ARO:3001154	SHV-105	2	2	95.9	95.9	94.05	94.05	103.0
ERR1713354	ARO:3001158	SHV-109	1	1	87.5	87.5	74.3	74.3	74.3
ERR1713354	ARO:3001172	SHV-125	1	1	97.8	97.8	89.0	89.0	89.0
ERR1713354	ARO:3001205	BRP(MBL)	1	1	83.3	83.3	41.6	41.6	41.6
ERR1713354	ARO:3001214	mdtM	75	75	89.93733333333334	89.8	89.88266666666667	89.7	102.0
ERR1713354	ARO:3001216	mdtH	174	174	90.31781609195401	90.0	91.23275862068965	93.0	110.0
ERR1713354	ARO:3001301	RlmA(II)	5	5	90.72	95.2	62.98	45.4	92.0
ERR1713354	ARO:3001327	MdtK	191	191	89.12513089005236	89.8	89.72722513089006	90.9	104.0
ERR1713354	ARO:3001328	Ecol_mdfA	141	141	88.75248226950355	88.0	86.13191489361702	86.7	100.0
ERR1713354	ARO:3001329	mdtG	149	149	90.11543624161074	90.0	87.10402684563758	87.4	109.0
ERR1713354	ARO:3001397	OXA-2	18	18	99.88888888888889	100.0	104.11111111111111	104.0	108.0
ERR1713354	ARO:3001398	OXA-3	2	2	85.85	85.85	104.5	104.5	107.0
ERR1713354	ARO:3001400	OXA-5	2	2	96.95	96.95	100.0	100.0	100.0
ERR1713354	ARO:3001402	OXA-7	1	1	98.0	98.0	105.0	105.0	105.0
ERR1713354	ARO:3001404	OXA-9	20	20	95.83500000000001	100.0	102.39	102.5	109.0
ERR1713354	ARO:3001407	OXA-12	1	1	98.0	98.0	114.0	114.0	114.0
ERR1713354	ARO:3001411	OXA-16	102	102	99.32156862745097	100.0	96.24901960784314	100.0	109.0
ERR1713354	ARO:3001415	OXA-20	1	1	96.9	96.9	65.1	65.1	65.1
ERR1713354	ARO:3001416	OXA-21	5	5	88.3	81.0	82.17999999999999	77.4	98.2
ERR1713354	ARO:3001427	OXA-33	2	2	100.0	100.0	98.05	98.05	101.0
ERR1713354	ARO:3001428	OXA-34	42	42	99.06190476190477	100.0	85.4047619047619	89.15	109.0
ERR1713354	ARO:3001429	OXA-35	1	1	100.0	100.0	100.0	100.0	100.0
ERR1713354	ARO:3001430	OXA-36	97	97	98.59175257731958	100.0	103.30103092783506	104.0	115.0
ERR1713354	ARO:3001431	OXA-37	4	4	92.5	92.0	99.7	97.95	107.0
ERR1713354	ARO:3001452	OXA-140	3	3	98.0	98.0	101.86666666666667	99.8	106.0
ERR1713354	ARO:3001483	OXA-205	5	5	96.8	98.0	98.42	99.4	105.0
ERR1713354	ARO:3001487	OXA-210	1	1	80.0	80.0	77.0	77.0	77.0
ERR1713354	ARO:3001495	OXA-233	2	2	100.0	100.0	103.5	103.5	107.0
ERR1713354	ARO:3001498	OXA-239	2	2	80.0	80.0	84.3	84.3	84.3
ERR1713354	ARO:3001504	OXA-309	6	6	97.33333333333333	99.0	91.06666666666666	92.4	97.4
ERR1713354	ARO:3001521	OXA-333	86	86	99.17441860465117	100.0	97.13372093023256	101.0	111.0
ERR1713354	ARO:3001522	OXA-334	8	8	95.5375	98.8	84.825	91.3	103.0
ERR1713354	ARO:3001558	OXA-372	1	1	96.0	96.0	93.2	93.2	93.2
ERR1713354	ARO:3001559	OXA-373	26	26	99.15384615384616	100.0	100.84615384615384	99.9	114.0
ERR1713354	ARO:3001608	OXA-417	6	6	84.5	84.0	91.08333333333333	91.3	95.1
ERR1713354	ARO:3001662	OXA-164	14	14	99.42142857142858	100.0	87.97857142857143	94.7	107.0
ERR1713354	ARO:3001692	OXA-229	4	4	83.25	81.8	93.9	92.85	98.2
ERR1713354	ARO:3001695	OXA-134	1	1	100.0	100.0	94.7	94.7	94.7
ERR1713354	ARO:3001710	OXA-211	72	72	98.87222222222222	100.0	99.36250000000001	103.0	112.0
ERR1713354	ARO:3001711	OXA-212	43	43	98.09069767441859	100.0	83.68837209302325	99.0	110.0
ERR1713354	ARO:3001722	OXA-266	2	2	81.6	81.6	86.85	86.85	88.2
ERR1713354	ARO:3001731	OXA-275	3	3	93.33333333333333	98.0	98.76666666666667	105.0	105.0
ERR1713354	ARO:3001735	OXA-280	5	5	96.8	100.0	68.55999999999999	77.8	99.0
ERR1713354	ARO:3001736	OXA-281	3	3	99.33333333333333	100.0	87.10000000000001	85.9	103.0
ERR1713354	ARO:3001751	OXA-296	5	5	95.53999999999999	95.9	97.88	95.9	108.0
ERR1713354	ARO:3001754	OXA-299	2	2	81.0	81.0	87.6	87.6	88.2
ERR1713354	ARO:3001763	OXA-308	1	1	96.0	96.0	100.0	100.0	100.0
ERR1713354	ARO:3001767	OXA-137	1	1	90.0	90.0	95.9	95.9	95.9
ERR1713354	ARO:3001775	OXA-119	16	16	96.5875	99.0	104.625	106.0	115.0
ERR1713354	ARO:3001777	OXA-347	63	63	99.27142857142857	100.0	98.74444444444444	102.0	110.0
ERR1713354	ARO:3001781	OXA-47	1	1	98.0	98.0	103.0	103.0	103.0
ERR1713354	ARO:3001794	OXA-45	2	2	93.6	93.6	71.8	71.8	89.7
ERR1713354	ARO:3001797	OXA-46	22	22	97.89545454545454	98.0	92.43181818181819	99.0	115.0
ERR1713354	ARO:3001804	OXA-145	16	16	98.5	100.0	96.48125	105.5	111.0
ERR1713354	ARO:3001809	OXA-209	53	53	88.54716981132076	89.8	94.89056603773585	96.3	104.0
ERR1713354	ARO:3001811	OXA-129	8	8	96.25	99.0	92.35	96.85	108.0
ERR1713354	ARO:3001814	OXA-199	1	1	88.0	88.0	99.0	99.0	99.0
ERR1713354	ARO:3001818	ACC-4	1	1	100.0	100.0	100.0	100.0	100.0
ERR1713354	ARO:3001822	ACT-2	1	1	93.9	93.9	98.2	98.2	98.2
ERR1713354	ARO:3001827	ACT-16	1	1	98.0	98.0	103.0	103.0	103.0
ERR1713354	ARO:3001829	ACT-4	5	5	98.8	100.0	94.6	104.0	111.0
ERR1713354	ARO:3001834	ACT-12	1	1	95.2	95.2	84.0	84.0	84.0
ERR1713354	ARO:3001836	ACT-14	1	1	90.0	90.0	96.3	96.3	96.3
ERR1713354	ARO:3001848	ACT-28	1	1	100.0	100.0	46.6	46.6	46.6
ERR1713354	ARO:3001874	CTX-M-11	1	1	100.0	100.0	51.6	51.6	51.6
ERR1713354	ARO:3001886	CTX-M-24	1	1	100.0	100.0	98.2	98.2	98.2
ERR1713354	ARO:3001892	CTX-M-30	1	1	100.0	100.0	72.8	72.8	72.8
ERR1713354	ARO:3001907	CTX-M-45	6	6	84.10000000000001	84.1	40.65	40.650000000000006	41.6
ERR1713354	ARO:3001918	CTX-M-56	1	1	93.8	93.8	89.4	89.4	89.4
ERR1713354	ARO:3001966	CTX-M-106	1	1	100.0	100.0	102.0	102.0	102.0
ERR1713354	ARO:3001967	CTX-M-107	4	4	100.0	100.0	97.45	97.45	99.0
ERR1713354	ARO:3002012	CMY-1	1	1	92.6	92.6	52.8	52.8	52.8
ERR1713354	ARO:3002019	CMY-8	7	7	97.98571428571428	98.0	95.51428571428572	95.9	96.3
ERR1713354	ARO:3002050	CMY-39	1	1	95.9	95.9	89.0	89.0	89.0
ERR1713354	ARO:3002055	CMY-44	4	4	100.0	100.0	108.5	109.5	112.0
ERR1713354	ARO:3002069	CMY-59	2	2	95.45	95.45	75.8	75.8	100.0
ERR1713354	ARO:3002074	CMY-61	1	1	100.0	100.0	100.0	100.0	100.0
ERR1713354	ARO:3002083	CMY-70	1	1	96.0	96.0	96.3	96.3	96.3
ERR1713354	ARO:3002092	CMY-79	1	1	100.0	100.0	112.0	112.0	112.0
ERR1713354	ARO:3002096	CMY-83	1	1	96.0	96.0	107.0	107.0	107.0
ERR1713354	ARO:3002111	CMY-98	1	1	90.0	90.0	105.0	105.0	105.0
ERR1713354	ARO:3002157	FOX-3	2	2	95.3	95.3	83.75	83.75	104.0
ERR1713354	ARO:3002158	FOX-4	1	1	81.1	81.1	57.8	57.8	57.8
ERR1713354	ARO:3002165	FOX-12	10	10	90.72999999999999	90.0	92.53	91.85	97.1
ERR1713354	ARO:3002168	MIR-2	2	2	100.0	100.0	107.0	107.0	110.0
ERR1713354	ARO:3002185	MOX-6	4	4	92.95	92.95	97.1	97.1	101.0
ERR1713354	ARO:3002190	MOX-8	1	1	80.5	80.5	70.1	70.1	70.1
ERR1713354	ARO:3002191	MOX-9	59	59	94.06949152542373	94.0	94.9864406779661	97.8	107.0
ERR1713354	ARO:3002242	CARB-3	1	1	100.0	100.0	95.1	95.1	95.1
ERR1713354	ARO:3002244	CARB-5	4	4	99.0	99.0	86.8	98.35	102.0
ERR1713354	ARO:3002245	CARB-6	1	1	100.0	100.0	108.0	108.0	108.0
ERR1713354	ARO:3002252	CARB-14	2	2	99.0	99.0	66.05000000000001	66.05000000000001	92.4
ERR1713354	ARO:3002319	KPC-9	2	2	100.0	100.0	99.8	99.8	101.0
ERR1713354	ARO:3002342	GES-13	2	2	99.0	99.0	102.5	102.5	105.0
ERR1713354	ARO:3002343	GES-14	6	6	99.33333333333333	100.0	104.0	104.5	108.0
ERR1713354	ARO:3002350	GES-21	16	16	100.0	100.0	92.74375	99.5	111.0
ERR1713354	ARO:3002369	PER-7	1	1	97.7	97.7	79.0	79.0	79.0
ERR1713354	ARO:3002372	VEB-3	4	4	100.0	100.0	100.75	101.0	101.0
ERR1713354	ARO:3002390	OXY-1-2	1	1	100.0	100.0	68.2	68.2	68.2
ERR1713354	ARO:3002410	OXY-4-1	5	5	96.94	100.0	95.5	99.8	100.0
ERR1713354	ARO:3002412	OXY-5-2	1	1	100.0	100.0	82.8	82.8	82.8
ERR1713354	ARO:3002414	OXY-6-2	4	4	96.975	98.0	98.15	97.25	103.0
ERR1713354	ARO:3002416	OXY-6-4	1	1	97.8	97.8	83.2	83.2	83.2
ERR1713354	ARO:3002445	OKP-B-12	1	1	80.0	80.0	87.0	87.0	87.0
ERR1713354	ARO:3002468	LEN-21	1	1	100.0	100.0	99.8	99.8	99.8
ERR1713354	ARO:3002474	LEN-26	1	1	100.0	100.0	100.0	100.0	100.0
ERR1713354	ARO:3002475	LEN-3	1	1	100.0	100.0	102.0	102.0	102.0
ERR1713354	ARO:3002476	LEN-6	1	1	100.0	100.0	103.0	103.0	103.0
ERR1713354	ARO:3002481	AER-1	54	54	92.25925925925925	93.9	90.19814814814815	92.4	105.0
ERR1713354	ARO:3002522	novA	2	2	81.9	81.9	73.55	73.55	77.0
ERR1713354	ARO:3002528	AAC(3)-Ia	3	3	97.16666666666667	97.1	75.60000000000001	72.0	91.3
ERR1713354	ARO:3002530	AAC(3)-Ib	1	1	100.0	100.0	41.2	41.2	41.2
ERR1713354	ARO:3002535	AAC(3)-IIc	1	1	100.0	100.0	38.5	38.5	38.5
ERR1713354	ARO:3002540	AAC(3)-VIa	2	2	100.0	100.0	69.95	69.95	101.0
ERR1713354	ARO:3002545	AAC(6')-Ia	2	2	97.9	97.9	103.2	103.2	112.0
ERR1713354	ARO:3002546	AAC(6')-Ib	2	2	100.0	100.0	108.5	108.5	110.0
ERR1713354	ARO:3002553	AAC(6')-If	1	1	100.0	100.0	107.0	107.0	107.0
ERR1713354	ARO:3002554	AAC(6')-Ig	1	1	100.0	100.0	65.9	65.9	65.9
ERR1713354	ARO:3002578	AAC(6')-Ib7	96	96	97.56041666666665	100.0	78.67604166666666	79.0	109.0
ERR1713354	ARO:3002579	AAC(6')-Ib8	17	17	85.38235294117646	84.4	51.317647058823525	49.3	68.6
ERR1713354	ARO:3002585	AAC(6')-31	1	1	80.0	80.0	69.3	69.3	69.3
ERR1713354	ARO:3002586	AAC(6')-32	3	3	82.0	82.1	65.06666666666666	77.0	77.0
ERR1713354	ARO:3002591	AAC_6_IB_Su	6	6	99.3	100.0	104.3	105.5	108.0
ERR1713354	ARO:3002592	AAC6_IB_HZ	8	8	99.2375	100.0	87.65	101.0	105.0
ERR1713354	ARO:3002594	AAC(6')-IIa	2	2	84.4	84.4	61.6	61.6	61.6
ERR1713354	ARO:3002597	AAC6_Ie_APH2_Ia	16	16	99.6125	100.0	96.85	103.5	111.0
ERR1713354	ARO:3002599	AAC6_30_AAC6_Ib	1	1	86.7	86.7	53.9	53.9	53.9
ERR1713354	ARO:3002601	aadA	13	13	97.17692307692307	100.0	79.80000000000001	84.0	101.0
ERR1713354	ARO:3002602	aadA2	15	15	98.78	100.0	97.53333333333333	101.0	110.0
ERR1713354	ARO:3002604	aadA4	3	3	98.5	100.0	47.23333333333333	44.3	54.7
ERR1713354	ARO:3002605	aadA5	36	36	98.76111111111112	100.0	97.96944444444445	102.0	111.0
ERR1713354	ARO:3002606	aadA6	18	18	93.65555555555555	96.65	77.14444444444445	79.75	100.0
ERR1713354	ARO:3002607	aadA7	11	11	97.96363636363635	98.0	98.34545454545454	99.4	109.0
ERR1713354	ARO:3002609	aadA9	1	1	90.5	90.5	44.7	44.7	44.7
ERR1713354	ARO:3002611	aadA11	23	23	98.90869565217392	100.0	93.65652173913043	95.1	103.0
ERR1713354	ARO:3002613	aadA13	14	14	100.0	100.0	96.67142857142858	99.6	105.0
ERR1713354	ARO:3002616	aadA16	8	8	86.775	85.0	51.2625	43.9	82.4
ERR1713354	ARO:3002620	aadA23	16	16	98.75625	100.0	83.60625	89.0	107.0
ERR1713354	ARO:3002621	aadA24	2	2	96.8	96.8	91.44999999999999	91.44999999999999	95.1
ERR1713354	ARO:3002622	aadA6/aadA10	86	86	99.3813953488372	100.0	96.2720930232558	102.0	111.0
ERR1713354	ARO:3002626	ANT(6)-Ia	7	7	87.05714285714285	85.7	90.7	92.4	107.0
ERR1713354	ARO:3002628	aad(6)	27	27	98.81481481481481	100.0	105.91851851851852	107.0	114.0
ERR1713354	ARO:3002629	ANT(6)-Ib	5	5	95.2	100.0	98.14	99.8	106.0
ERR1713354	ARO:3002635	APH(2'')-IIa	2	2	92.65	92.65	88.55000000000001	88.55000000000001	89.7
ERR1713354	ARO:3002639	APH(3'')-Ib	31	31	97.6774193548387	97.4	79.85483870967742	84.7	109.0
ERR1713354	ARO:3002641	APH(3')-Ia	8	8	86.75	85.25	88.5	91.1	97.1
ERR1713354	ARO:3002644	APH(3')-IIa	4	4	91.75	91.75	66.6	66.6	95.1
ERR1713354	ARO:3002647	APH(3')-IIIa	3	3	96.76666666666667	96.8	64.96666666666665	65.1	66.6
ERR1713354	ARO:3002652	APH(3')-VIa	3	3	96.0	96.0	81.39999999999999	96.7	97.8
ERR1713354	ARO:3002659	APH(6)-Ic	2	2	83.5	83.5	91.85	91.85	92.8
ERR1713354	ARO:3002660	APH(6)-Id	8	8	97.25	96.9	85.1375	94.35	101.0
ERR1713354	ARO:3002669	APH(2'')-Ig	2	2	99.0	99.0	100.4	100.4	103.0
ERR1713354	ARO:3002675	catB2	2	2	99.0	99.0	103.0	103.0	106.0
ERR1713354	ARO:3002676	catB3	4	4	98.975	100.0	104.5	104.5	106.0
ERR1713354	ARO:3002680	catB8	2	2	81.3	81.3	52.95	52.95	65.5
ERR1713354	ARO:3002686	catP	2	2	86.94999999999999	86.94999999999999	81.75	81.75	103.0
ERR1713354	ARO:3002687	catQ	14	14	96.10714285714286	100.0	88.93571428571428	94.75	107.0
ERR1713354	ARO:3002689	pp_cat	1	1	100.0	100.0	103.0	103.0	103.0
ERR1713354	ARO:3002691	Sent_cmlA	7	7	99.71428571428571	100.0	98.65714285714286	99.0	102.0
ERR1713354	ARO:3002695	cmlA5	12	12	99.74166666666667	100.0	94.44166666666666	99.0	102.0
ERR1713354	ARO:3002699	cmlB1	4	4	89.35	87.7	89.17500000000001	88.4	93.2
ERR1713354	ARO:3002703	cmx	4	4	95.0	96.0	80.025	82.25	89.7
ERR1713354	ARO:3002705	floR	6	6	90.81666666666666	89.9	86.43333333333334	86.45	103.0
ERR1713354	ARO:3002724	QnrB10	1	1	95.0	95.0	79.0	79.0	79.0
ERR1713354	ARO:3002730	QnrB15	1	1	100.0	100.0	107.0	107.0	107.0
ERR1713354	ARO:3002737	QnrB22	3	3	94.46666666666665	91.7	44.03333333333334	46.2	46.2
ERR1713354	ARO:3002738	QnrB23	4	4	91.95	94.9	99.375	101.1	104.0
ERR1713354	ARO:3002747	QnrB32	1	1	92.0	92.0	97.1	97.1	97.1
ERR1713354	ARO:3002748	QnrB33	2	2	85.44999999999999	85.44999999999999	90.85	90.85	92.0
ERR1713354	ARO:3002753	QnrB38	1	1	88.6	88.6	69.3	69.3	69.3
ERR1713354	ARO:3002756	QnrB41	1	1	94.6	94.6	74.7	74.7	74.7
ERR1713354	ARO:3002762	QnrB47	7	7	98.25714285714285	100.0	105.71428571428571	106.0	109.0
ERR1713354	ARO:3002767	QnrB54	2	2	93.9	93.9	93.2	93.2	93.2
ERR1713354	ARO:3002774	QnrB61	1	1	100.0	100.0	103.0	103.0	103.0
ERR1713354	ARO:3002778	QnrB66	2	2	91.0	91.0	85.45	85.45	102.0
ERR1713354	ARO:3002788	QnrD1	3	3	98.63333333333333	98.0	99.8	100.0	105.0
ERR1713354	ARO:3002789	QnrD2	10	10	96.92	100.0	88.47	92.45	112.0
ERR1713354	ARO:3002790	QnrS1	1	1	86.7	86.7	63.2	63.2	63.2
ERR1713354	ARO:3002791	QnrS2	5	5	100.0	100.0	107.0	107.0	108.0
ERR1713354	ARO:3002792	QnrS3	1	1	80.5	80.5	81.3	81.3	81.3
ERR1713354	ARO:3002794	QnrS5	5	5	94.32000000000001	95.8	88.22	93.6	104.0
ERR1713354	ARO:3002795	QnrS6	22	22	99.5090909090909	100.0	75.16818181818182	74.15	108.0
ERR1713354	ARO:3002797	QnrS8	2	2	90.80000000000001	90.80000000000001	61.6	61.6	82.4
ERR1713354	ARO:3002798	QnrS9	7	7	87.81428571428572	89.8	93.74285714285715	94.0	97.8
ERR1713354	ARO:3002799	QnrVC1	1	1	100.0	100.0	65.5	65.5	65.5
ERR1713354	ARO:3002800	QnrVC3	6	6	96.89999999999999	96.9	42.199999999999996	42.2	45.1
ERR1713354	ARO:3002801	QnrVC4	5	5	100.0	100.0	84.76	94.7	109.0
ERR1713354	ARO:3002804	FosA2	6	6	93.08333333333333	97.55	88.58333333333333	91.85	112.0
ERR1713354	ARO:3002812	pp-flo	4	4	96.425	97.95	91.15	92.6	95.1
ERR1713354	ARO:3002826	EreA2	36	36	97.27777777777777	100.0	89.51944444444445	98.8	104.0
ERR1713354	ARO:3002835	lnuA	1	1	100.0	100.0	110.0	110.0	110.0
ERR1713354	ARO:3002836	lnuB	736	736	94.93491847826088	98.0	89.73722826086957	95.9	107.0
ERR1713354	ARO:3002837	lnuC	37	37	97.01081081081081	98.0	82.57027027027027	88.6	110.0
ERR1713354	ARO:3002838	lnuD	31	31	84.88064516129033	83.8	84.66451612903225	86.7	104.0
ERR1713354	ARO:3002841	vatB	70	70	83.15142857142858	82.0	92.95142857142858	95.9	101.0
ERR1713354	ARO:3002844	vatE	1	1	81.0	81.0	38.9	38.9	38.9
ERR1713354	ARO:3002845	vatH	1	1	82.0	82.0	84.7	84.7	84.7
ERR1713354	ARO:3002848	arr-3	1	1	80.0	80.0	40.0	40.0	40.0
ERR1713354	ARO:3002853	arr-8	1	1	85.3	85.3	67.4	67.4	67.4
ERR1713354	ARO:3002858	dfrA12	2	2	96.95	96.95	95.05	95.05	100.0
ERR1713354	ARO:3002859	dfrA14	13	13	99.0	100.0	86.98461538461538	103.0	106.0
ERR1713354	ARO:3002860	dfrA17	4	4	100.0	100.0	100.9	100.0	105.0
ERR1713354	ARO:3002861	dfrA5	2	2	98.1	98.1	80.9	80.9	104.0
ERR1713354	ARO:3002862	dfrA7	2	2	83.65	83.65	86.65	86.65	94.7
ERR1713354	ARO:3002863	dfrA8	2	2	100.0	100.0	106.0	106.0	106.0
ERR1713354	ARO:3002867	dfrF	20	20	99.6	100.0	89.62	99.4	107.0
ERR1713354	ARO:3002871	tet(37)	3	3	90.36666666666667	89.3	45.93333333333334	44.3	55.8
ERR1713354	ARO:3002872	FosA3	2	2	86.5	86.5	69.3	69.3	81.6
ERR1713354	ARO:3002879	linG	3	3	97.3	97.9	96.63333333333333	94.0	105.0
ERR1713354	ARO:3002882	lmrD	328	328	87.15975609756099	85.7	87.0810975609756	86.85	99.8
ERR1713354	ARO:3002909	vanG	9	9	87.63333333333334	84.0	87.6888888888889	89.4	100.0
ERR1713354	ARO:3002919	vanR_in_vanA_cl	8	8	84.6125	84.15	74.325	77.8	93.2
ERR1713354	ARO:3002922	vanR_in_vanC_cl	8	8	82.375	81.69999999999999	57.9125	55.85	74.7
ERR1713354	ARO:3002923	vanR_in_vanD_cl	10	10	84.62	83.3	56.96	54.7	74.3
ERR1713354	ARO:3002925	vanR_in_vanF_cl	2	2	80.0	80.0	42.150000000000006	42.150000000000006	43.1
ERR1713354	ARO:3002926	vanR_in_vanG_cl	19	19	83.54736842105264	82.0	73.86315789473684	79.0	95.5
ERR1713354	ARO:3002928	vanR_in_vanM_cl	2	2	80.4	80.4	48.75	48.75	50.1
ERR1713354	ARO:3002929	vanR_in_vanN_cl	7	7	81.0	80.0	48.41428571428571	45.4	61.2
ERR1713354	ARO:3002930	vanR_in_vanO_cl	10	10	83.72	84.0	64.15	55.85	89.7
ERR1713354	ARO:3002931	vanS_in_vanA_cl	1	1	88.6	88.6	83.6	83.6	83.6
ERR1713354	ARO:3002933	vanS_in_vanC_cl	2	2	82.44999999999999	82.44999999999999	69.7	69.7	84.3
ERR1713354	ARO:3002934	vanS_in_vanD_cl	6	6	87.36666666666667	87.9	82.81666666666666	83.0	91.7
ERR1713354	ARO:3002937	vanS_in_vanG_cl	11	11	84.7	83.3	66.63636363636364	75.9	80.5
ERR1713354	ARO:3002956	vanY_in_vanB_cl	1	1	95.0	95.0	41.2	41.2	41.2
ERR1713354	ARO:3002959	vanY_in_vanG_cl	4	4	87.35	86.75	93.05	92.25	103.0
ERR1713354	ARO:3002965	vanW_in_vanG_cl	4	4	95.375	97.0	101.2	101.5	104.0
ERR1713354	ARO:3002966	vanXY_in_vanC	1	1	82.1	82.1	56.2	56.2	56.2
ERR1713354	ARO:3002967	vanXY_in_vanE	4	4	82.1	82.1	57.400000000000006	57.6	58.2
ERR1713354	ARO:3002983	amrB	111	111	83.36306306306305	83.7	68.55945945945946	74.7	82.4
ERR1713354	ARO:3002985	arnA	125	125	85.5152	85.7	90.63839999999999	92.4	104.0
ERR1713354	ARO:3002986	bacA	219	219	90.04155251141552	89.8	80.36712328767123	85.9	110.0
ERR1713354	ARO:3002987	bcrA	10	10	81.84	81.3	75.13	78.4	81.6
ERR1713354	ARO:3002997	LCR-1	5	5	86.26	84.0	93.82000000000001	92.0	111.0
ERR1713354	ARO:3003002	CfxA2	39	39	98.29743589743589	100.0	94.3025641025641	97.1	107.0
ERR1713354	ARO:3003003	CfxA3	2	2	90.0	90.0	93.35	93.35	94.7
ERR1713354	ARO:3003010	ceoB	333	333	82.91201201201201	82.0	77.24714714714715	81.3	93.2
ERR1713354	ARO:3003012	dfrA13	2	2	82.15	82.15	43.3	43.3	46.2
ERR1713354	ARO:3003013	dfrA15	1	1	96.3	96.3	55.8	55.8	55.8
ERR1713354	ARO:3003023	dfrB6	1	1	90.7	90.7	85.9	85.9	85.9
ERR1713354	ARO:3003031	MexW	36	36	87.4361111111111	86.0	79.65833333333333	81.6	94.0
ERR1713354	ARO:3003033	mexY	158	158	82.6373417721519	82.0	76.12974683544304	77.4	91.3
ERR1713354	ARO:3003037	opcM	1	1	80.0	80.0	39.7	39.7	39.7
ERR1713354	ARO:3003039	OprA	41	41	83.58292682926829	82.5	59.90975609756098	61.2	75.1
ERR1713354	ARO:3003041	Spne_PBP1a_AMX	3	3	84.53333333333333	82.0	72.76666666666667	87.0	90.5
ERR1713354	ARO:3003043	Spne_PBP2x_AMX	2	2	84.0	84.0	88.95	88.95	90.5
ERR1713354	ARO:3003048	rosA	146	146	87.87465753424658	87.1	81.43082191780822	84.7	106.0
ERR1713354	ARO:3003049	rosB	279	279	87.1046594982079	85.7	80.51075268817205	82.0	101.0
ERR1713354	ARO:3003052	smeB	89	89	86.78651685393258	87.5	77.17415730337079	77.4	93.6
ERR1713354	ARO:3003053	smeC	3	3	92.66666666666667	98.0	78.43333333333334	87.4	97.8
ERR1713354	ARO:3003055	smeD	6	6	85.05	84.5	67.25	72.6	79.3
ERR1713354	ARO:3003056	smeE	170	170	86.49529411764706	85.7	76.24941176470588	78.6	107.0
ERR1713354	ARO:3003057	smeF	41	41	85.09512195121951	83.7	61.81219512195123	63.5	95.1
ERR1713354	ARO:3003066	smeR	67	67	83.67014925373134	82.4	58.64328358208955	58.5	95.1
ERR1713354	ARO:3003071	mphF	12	12	100.0	100.0	102.26666666666667	105.0	109.0
ERR1713354	ARO:3003074	Saur_cls_DAP	2	2	85.4	85.4	77.4	77.4	77.4
ERR1713354	ARO:3003078	Efac_liaR_DAP	82	82	86.13170731707318	86.4	66.01341463414634	66.6	89.4
ERR1713354	ARO:3003079	Efac_liaS_DAP	1	1	80.4	80.4	73.9	73.9	73.9
ERR1713354	ARO:3003092	Efac_cls_DAP	1	1	81.8	81.8	42.4	42.4	42.4
ERR1713354	ARO:3003094	imiH	1	1	97.1	97.1	74.3	74.3	74.3
ERR1713354	ARO:3003095	imiS	2	2	80.0	80.0	46.6	46.6	46.6
ERR1713354	ARO:3003097	CfxA6	57	57	97.95087719298245	100.0	84.96842105263157	95.9	106.0
ERR1713354	ARO:3003101	cphA5	2	2	91.85	91.85	69.55	69.55	101.0
ERR1713354	ARO:3003103	cphA7	1	1	98.0	98.0	105.0	105.0	105.0
ERR1713354	ARO:3003104	cphA8	1	1	98.0	98.0	101.0	101.0	101.0
ERR1713354	ARO:3003105	dfrA3	7	7	86.89999999999999	84.0	92.75714285714285	92.0	102.0
ERR1713354	ARO:3003107	mef(B)	95	95	96.70315789473683	98.0	89.57578947368422	94.7	105.0
ERR1713354	ARO:3003109	msrE	2587	2587	98.30807885581756	100.0	93.19431774255895	97.1	110.0
ERR1713354	ARO:3003110	catB10	1	1	80.8	80.8	50.1	50.1	50.1
ERR1713354	ARO:3003111	lsaB	4	4	83.1	83.0	88.175	89.55	92.0
ERR1713354	ARO:3003112	lsaC	1	1	96.9	96.9	67.4	67.4	67.4
ERR1713354	ARO:3003115	OXA-427	12	12	99.58333333333333	100.0	92.05	104.0	113.0
ERR1713354	ARO:3003197	aadA25	2	2	100.0	100.0	57.0	57.0	68.6
ERR1713354	ARO:3003202	TLA-1	7	7	94.84285714285714	100.0	83.12857142857142	102.0	106.0
ERR1713354	ARO:3003203	TLA-2	1	1	91.7	91.7	89.0	89.0	89.0
ERR1713354	ARO:3003204	TLA-3	4	4	100.0	100.0	103.5	104.0	107.0
ERR1713354	ARO:3003206	lsaE	1330	1330	96.08293233082706	96.0	95.38097744360903	98.6	115.0
ERR1713354	ARO:3003208	FosXCC	3	3	87.23333333333333	87.5	62.4	64.7	68.2
ERR1713354	ARO:3003209	fosA5	21	21	89.08095238095238	89.8	95.1047619047619	97.4	114.0
ERR1713354	ARO:3003283	Mtub_rpoB_RIF	48	48	84.02916666666667	82.25	76.10416666666667	79.0	102.0
ERR1713354	ARO:3003284	Mlep_rpoB_RIF	194	194	86.58556701030928	86.0	87.05	89.0	107.0
ERR1713354	ARO:3003285	Saur_rpoB_RIF	593	593	85.82849915682968	84.8	86.72917369308601	89.7	108.0
ERR1713354	ARO:3003288	Ecol_rpoB_RIF	3619	3619	89.70364741641338	88.0	91.36363636363636	92.8	113.0
ERR1713354	ARO:3003291	Saur_rpoC_DAP	2648	2648	85.84705438066466	84.0	85.62220543806647	88.6	114.0
ERR1713354	ARO:3003294	Ecol_gyrA_FLO	175	175	92.74171428571428	96.8	82.83428571428571	87.4	108.0
ERR1713354	ARO:3003295	Mtub_gyrA_FLO	23	23	83.96521739130435	84.0	85.58260869565217	84.7	100.0
ERR1713354	ARO:3003296	Saur_gyrA_FLO	284	284	83.77499999999999	83.7	86.83732394366197	90.3	100.0
ERR1713354	ARO:3003297	Bbac_gyrA_FLO	96	96	82.45833333333333	81.6	78.76979166666666	82.4	100.0
ERR1713354	ARO:3003298	Mlep_gyrA_FLO	22	22	83.77272727272727	83.3	57.095454545454544	52.150000000000006	71.6
ERR1713354	ARO:3003301	Saur_gyrB_AMU	545	545	85.10183486238532	85.1	76.67284403669724	81.6	97.4
ERR1713354	ARO:3003302	Bbac_gyrA_AMU	301	301	84.83189368770765	84.0	74.70132890365448	77.8	105.0
ERR1713354	ARO:3003303	Ecol_gyrB_AMU	1049	1049	91.16110581506196	91.3	89.55157292659676	93.6	114.0
ERR1713354	ARO:3003304	Mlep_gyrB_FLO	21	21	83.88571428571429	83.3	79.39047619047619	89.7	99.4
ERR1713354	ARO:3003305	Uure_gyrB_FLO	185	185	87.41567567567567	87.0	54.13027027027027	49.7	85.9
ERR1713354	ARO:3003306	Mmor_gyrB_FLO	356	356	87.05140449438203	87.0	78.58511235955056	85.9	105.0
ERR1713354	ARO:3003307	Sser_gyrB_FLO	439	439	87.90432801822324	86.0	87.95261958997722	91.3	107.0
ERR1713354	ARO:3003308	Ecol_parC_FLO	282	282	93.55673758865248	94.0	89.42021276595744	93.2	114.0
ERR1713354	ARO:3003310	Mhom_23S_FLO	4	4	80.4	80.0	60.974999999999994	57.8	70.5
ERR1713354	ARO:3003311	Spne_parC_FLO	636	636	86.27468553459119	86.0	88.2438679245283	90.1	103.0
ERR1713354	ARO:3003312	Saur_parC_FLO	32	32	83.515625	81.9	80.471875	84.15	98.6
ERR1713354	ARO:3003314	Saur_parE_AMU	350	350	85.548	85.05	75.68885714285715	84.3	97.1
ERR1713354	ARO:3003315	Saur_parE_FLO	6	6	84.48333333333333	83.80000000000001	69.0	69.15	89.7
ERR1713354	ARO:3003316	Ecol_parE_FLO	468	468	92.41837606837608	94.0	93.86089743589744	96.1	112.0
ERR1713354	ARO:3003317	Sser_parE_FLO	152	152	92.31513157894737	92.0	93.95065789473684	96.9	110.0
ERR1713354	ARO:3003327	Mtub_embC_EMB	6	6	87.48333333333333	87.3	86.83333333333333	93.80000000000001	100.0
ERR1713354	ARO:3003357	Cdif_EFTu_ELF	1894	1894	89.5576029567054	90.0	89.65786694825765	97.1	108.0
ERR1713354	ARO:3003359	Scin_EFTu_ELF	1025	1025	88.26848780487805	88.9	64.41619512195122	63.9	106.0
ERR1713354	ARO:3003361	Pros_EFTu_GE2A	725	725	82.8671724137931	82.0	85.63034482758621	89.7	106.0
ERR1713354	ARO:3003368	Ecol_EFTu_KIR	5043	5043	87.3898076541741	86.0	86.1783660519532	90.1	112.0
ERR1713354	ARO:3003369	Ecol_EFTu_PLV	81	81	91.2	93.6	72.76543209876543	71.2	99.8
ERR1713354	ARO:3003373	Kpne_acrR_MULT	20	20	88.775	86.95	75.965	82.80000000000001	95.5
ERR1713354	ARO:3003374	Kaer_acrR_MULT	40	40	87.38	85.45	59.925	47.8	100.0
ERR1713354	ARO:3003378	Ecol_MarR_MULT	31	31	88.74838709677418	87.8	84.73225806451612	87.4	102.0
ERR1713354	ARO:3003379	Sent_ramR	19	19	86.53157894736842	87.2	76.02631578947368	82.0	92.8
ERR1713354	ARO:3003380	Kpne_ramR	23	23	90.07391304347826	89.2	76.45217391304348	82.4	104.0
ERR1713354	ARO:3003381	Ecol_soxR_MULT	53	53	94.64716981132077	95.9	79.5320754716981	83.2	108.0
ERR1713354	ARO:3003382	Sent_soxR_MULT	33	33	90.25757575757575	91.5	87.91818181818182	90.9	107.0
ERR1713354	ARO:3003383	Sent_soxS_MULT	36	36	91.57777777777778	91.85	78.4361111111111	85.69999999999999	103.0
ERR1713354	ARO:3003385	Kaer_Omp36	18	18	84.92777777777778	84.0	82.65	86.65	99.8
ERR1713354	ARO:3003386	Ecol_folP_SLF	195	195	91.13846153846154	91.8	82.41794871794872	90.5	107.0
ERR1713354	ARO:3003387	Spyo_folP_SLF	11	11	84.87272727272727	83.3	57.03636363636363	45.1	87.0
ERR1713354	ARO:3003390	Ecol_ompF_BLA	67	67	91.6268656716418	92.0	88.3686567164179	90.9	107.0
ERR1713354	ARO:3003392	Mtub_katG_INH	350	350	83.01400000000001	82.6	86.47542857142858	92.0	103.0
ERR1713354	ARO:3003393	Mtub_inhA_INH	4	4	92.75	91.9	87.9	90.1	96.3
ERR1713354	ARO:3003394	Mtub_pncA_PZA	15	15	85.24	85.0	42.766666666666666	40.8	52.0
ERR1713354	ARO:3003395	Mtub_rpsL_STR	1281	1281	83.3224043715847	83.3	81.30335675253708	85.9	98.2
ERR1713354	ARO:3003438	Efac_EFTu_GE2A	2749	2749	87.96416878865041	87.8	87.82506365951255	91.7	106.0
ERR1713354	ARO:3003453	Mtub_embA_EMB	1	1	80.0	80.0	92.4	92.4	92.4
ERR1713354	ARO:3003459	Mtub_gyrB_FLO	56	56	83.99464285714285	82.25	67.3125	64.3	99.8
ERR1713354	ARO:3003461	Mtub_ndh_INH	3	3	84.89999999999999	82.4	75.0	79.0	82.8
ERR1713354	ARO:3003479	tetR	2	2	100.0	100.0	77.5	77.5	103.0
ERR1713354	ARO:3003511	Ecol_soxS_MULT	33	33	94.71212121212122	93.6	82.9060606060606	89.0	106.0
ERR1713354	ARO:3003548	mdtN	64	64	94.9921875	98.0	87.0171875	91.1	105.0
ERR1713354	ARO:3003549	mdtO	84	84	93.71071428571429	96.6	91.67857142857143	94.0	107.0
ERR1713354	ARO:3003550	mdtP	71	71	91.06760563380281	90.0	87.70704225352112	89.4	108.0
ERR1713354	ARO:3003551	emeA	46	46	85.70434782608696	86.5	74.29130434782608	78.4	88.2
ERR1713354	ARO:3003553	CepS	1	1	100.0	100.0	95.9	95.9	95.9
ERR1713354	ARO:3003558	Yent_y56	10	10	89.09	87.9	93.41	94.19999999999999	105.0
ERR1713354	ARO:3003559	cepA	7	7	91.22857142857143	90.0	93.87142857142858	91.7	107.0
ERR1713354	ARO:3003561	SED-1	1	1	90.0	90.0	94.7	94.7	94.7
ERR1713354	ARO:3003562	blaF	4	4	80.9	80.8	79.05	86.85	91.7
ERR1713354	ARO:3003563	RCP-1	6	6	100.0	100.0	98.73333333333333	101.0	104.0
ERR1713354	ARO:3003573	LpxA	80	80	86.30499999999999	86.0	72.27125	73.6	99.0
ERR1713354	ARO:3003574	LpxC	378	378	91.33915343915343	91.95	89.15952380952382	94.0	103.0
ERR1713354	ARO:3003575	LpxD	130	130	88.81384615384614	89.25	76.23692307692308	80.1	102.0
ERR1713354	ARO:3003576	eptA	104	104	91.89903846153847	92.8	93.225	94.55000000000001	110.0
ERR1713354	ARO:3003577	ugd	488	488	86.3452868852459	85.7	88.9375	91.7	113.0
ERR1713354	ARO:3003578	PmrF	137	137	90.68686131386862	91.5	89.3116788321168	94.0	107.0
ERR1713354	ARO:3003582	basR	9	9	81.61111111111111	81.8	45.34444444444445	43.5	56.2
ERR1713354	ARO:3003585	Kleb_PhoP_CST	139	139	91.64604316546762	92.0	84.06618705035972	89.7	105.0
ERR1713354	ARO:3003620	OXA-464	24	24	82.33333333333333	81.6	90.44166666666666	94.4	99.8
ERR1713354	ARO:3003635	OXA-478	1	1	84.0	84.0	92.8	92.8	92.8
ERR1713354	ARO:3003638	OXA-481	2	2	87.8	87.8	93.2	93.2	93.2
ERR1713354	ARO:3003670	PEDO-1	1	1	83.3	83.3	81.6	81.6	81.6
ERR1713354	ARO:3003681	TriC	20	20	85.21000000000001	84.05	79.735	82.0	90.5
ERR1713354	ARO:3003682	OpmH	6	6	82.78333333333333	82.0	84.35000000000001	83.4	91.3
ERR1713354	ARO:3003684	Paer_gyrA_FLO	206	206	88.01407766990292	88.0	91.21941747572816	93.4	110.0
ERR1713354	ARO:3003685	Paer_parE_FLO	273	273	85.0021978021978	83.7	83.09926739926739	87.4	106.0
ERR1713354	ARO:3003686	Paer_oprD_IPM	1	1	83.7	83.7	93.6	93.6	93.6
ERR1713354	ARO:3003692	MexJ	4	4	85.325	85.4	79.8	81.05000000000001	85.5
ERR1713354	ARO:3003693	MexK	589	589	85.86010186757215	85.7	73.0634974533107	75.5	97.1
ERR1713354	ARO:3003698	mexP	3	3	80.3	80.0	80.63333333333334	80.5	82.4
ERR1713354	ARO:3003699	mexQ	75	75	84.63866666666667	83.0	71.65599999999999	77.8	98.2
ERR1713354	ARO:3003702	Paer_ParC_FLO	134	134	87.55671641791045	86.0	87.96417910447762	89.2	108.0
ERR1713354	ARO:3003705	mexN	29	29	82.7448275862069	82.8	61.22758620689655	61.2	90.1
ERR1713354	ARO:3003717	ESP-1	6	6	88.11666666666667	87.9	92.61666666666667	94.7	95.5
ERR1713354	ARO:3003728	vanR_in_vanI_cl	12	12	82.85000000000001	81.5	58.041666666666664	47.8	79.3
ERR1713354	ARO:3003729	Saur_ileS_MUP	181	181	83.22099447513813	82.0	85.80276243093923	92.4	102.0
ERR1713354	ARO:3003730	Bbif_ileS_MUP	75	75	89.93066666666667	90.0	97.36933333333333	97.8	116.0
ERR1713354	ARO:3003735	Saur_fusA_FA	1694	1694	84.75873671782762	83.7	81.44061393152302	86.7	103.0
ERR1713354	ARO:3003737	Saur_fusE_FA	82	82	87.05975609756098	87.1	55.00609756097561	55.8	89.4
ERR1713354	ARO:3003741	mphE	1332	1332	99.32807807807808	100.0	94.32064564564566	100.0	112.0
ERR1713354	ARO:3003742	mphG	545	545	96.34715596330275	98.0	95.68201834862384	100.0	119.0
ERR1713354	ARO:3003744	vatF	28	28	84.27142857142857	84.0	91.19642857142857	96.5	106.0
ERR1713354	ARO:3003745	mef(C)	794	794	97.48740554156171	100.0	89.42229219143577	92.0	104.0
ERR1713354	ARO:3003751	Ecol_nfsA_NIT	93	93	91.03333333333333	90.9	89.03118279569892	91.7	109.0
ERR1713354	ARO:3003756	Ecol_nfsB_NIT	52	52	88.47692307692309	86.0	86.26346153846154	90.1	105.0
ERR1713354	ARO:3003761	eatAv	38	38	83.67631578947368	84.0	81.50526315789473	84.3	89.7
ERR1713354	ARO:3003772	Bsui_mprF	2	2	89.0	89.0	88.4	88.4	88.6
ERR1713354	ARO:3003775	Ecol_murA_FOF	315	315	91.33079365079365	92.0	87.87714285714286	91.3	106.0
ERR1713354	ARO:3003776	Saur_murA_FOF	6	6	80.8	80.8	87.31666666666666	89.4	90.5
ERR1713354	ARO:3003778	Msme_ndh_INH	7	7	82.10000000000001	82.0	71.88571428571429	84.3	87.4
ERR1713354	ARO:3003784	Mtub_murA_FOF	7	7	88.5	90.0	92.14285714285714	89.4	100.0
ERR1713354	ARO:3003789	Cjej_gyrA_FLO	168	168	83.38988095238095	82.0	81.18571428571428	83.8	100.0
ERR1713354	ARO:3003791	Efae_liaS_DAP	1	1	87.5	87.5	67.8	67.8	67.8
ERR1713354	ARO:3003792	Efae_liaR_DAP	35	35	82.82285714285715	82.0	81.24285714285715	81.3	87.4
ERR1713354	ARO:3003807	Ecol_AcrR_MULT	46	46	87.92391304347827	85.7	77.90652173913043	83.6	105.0
ERR1713354	ARO:3003808	carO	55	55	84.94727272727273	84.0	86.79454545454546	89.7	100.0
ERR1713354	ARO:3003809	Abau_OprD_IPM	104	104	86.39519230769231	86.0	85.83365384615385	90.5	105.0
ERR1713354	ARO:3003811	adeC	2	2	81.0	81.0	86.45	86.45	92.4
ERR1713354	ARO:3003817	Abau_gyrA_FLO	859	859	90.18754365541328	90.0	89.08905704307334	91.3	109.0
ERR1713354	ARO:3003818	Abau_parC_FLO	642	642	90.48598130841121	91.8	88.3632398753894	91.7	110.0
ERR1713354	ARO:3003838	gadW	11	11	97.92727272727274	100.0	93.43636363636364	97.8	102.0
ERR1713354	ARO:3003839	Mrx	15	15	99.2	100.0	91.39333333333335	92.0	100.0
ERR1713354	ARO:3003841	kdpE	110	110	89.21272727272726	89.15	86.94454545454545	90.3	108.0
ERR1713354	ARO:3003843	leuO	102	102	90.2656862745098	90.75	88.61274509803921	91.5	109.0
ERR1713354	ARO:3003854	ADC-8	5	5	85.02000000000001	85.7	92.16	91.7	94.4
ERR1713354	ARO:3003859	ADC-15	2	2	83.35	83.35	82.4	82.4	82.8
ERR1713354	ARO:3003890	Ecol_UhpT_FOF	349	349	94.08796561604584	95.9	92.19455587392551	95.5	107.0
ERR1713354	ARO:3003893	Ecol_uhpA_FOF	131	131	94.50992366412213	95.9	83.51679389312977	92.8	106.0
ERR1713354	ARO:3003894	Rm3	1	1	89.8	89.8	97.8	97.8	97.8
ERR1713354	ARO:3003895	Paer_PhoP_CST	6	6	84.60000000000001	83.3	80.88333333333334	83.4	99.4
ERR1713354	ARO:3003896	Paer_PhoQ_CST	1	1	80.0	80.0	70.5	70.5	70.5
ERR1713354	ARO:3003899	Ecol_PtsI_FOF	415	415	94.0966265060241	95.9	89.68530120481928	92.8	108.0
ERR1713354	ARO:3003900	Ecol_cyaA_FOF	499	499	94.15490981963929	95.9	97.97835671342685	100.0	115.0
ERR1713354	ARO:3003901	Saur_GlpT_FOF	8	8	82.7125	81.69999999999999	69.8	70.65	85.9
ERR1713354	ARO:3003902	Saur_UhpT_FOF	88	88	83.43863636363636	83.3	85.78068181818182	85.9	100.0
ERR1713354	ARO:3003908	Erm(47)	4	4	98.825	100.0	96.675	99.7	103.0
ERR1713354	ARO:3003922	oqxA	85	85	91.24823529411765	92.0	87.08	88.6	105.0
ERR1713354	ARO:3003923	oqxB	372	372	91.06397849462367	90.5	86.56129032258065	86.85	107.0
ERR1713354	ARO:3003924	Hpin_gyrA_FLO	48	48	86.17916666666667	85.4	84.72500000000001	88.19999999999999	105.0
ERR1713354	ARO:3003925	Hpin_parC_FLO	24	24	85.72916666666667	83.5	89.65416666666665	88.80000000000001	107.0
ERR1713354	ARO:3003926	Sent_gyrA_FLO	472	472	93.02584745762711	94.0	91.60911016949153	94.7	110.0
ERR1713354	ARO:3003928	Ngon_gyrA_FLO	676	676	88.85221893491124	88.0	86.92174556213017	88.6	115.0
ERR1713354	ARO:3003929	Ngon_parC_FLO	764	764	86.21492146596859	85.7	87.78010471204189	87.4	107.0
ERR1713354	ARO:3003930	rpsJ	697	697	88.30358680057388	88.0	74.65337159253946	82.0	104.0
ERR1713354	ARO:3003931	Cgin_gyrA_FLO	290	290	83.86655172413793	82.2	80.28206896551724	84.7	100.0
ERR1713354	ARO:3003937	Nmen_PBP2_BLA	122	122	83.92540983606557	83.5	87.7655737704918	88.0	100.0
ERR1713354	ARO:3003939	Sent_parC_FLO	219	219	93.6082191780822	94.0	94.10456621004568	95.5	107.0
ERR1713354	ARO:3003948	efrA	24	24	81.41666666666667	80.9	79.49166666666666	81.8	89.7
ERR1713354	ARO:3003949	efrB	96	96	85.121875	84.4	60.00208333333333	58.5	93.2
ERR1713354	ARO:3003950	msbA	345	345	92.0023188405797	93.9	86.44521739130434	88.6	104.0
ERR1713354	ARO:3003952	YojI	243	243	90.66008230452675	90.0	87.7798353909465	89.7	110.0
ERR1713354	ARO:3003955	efpA	2	2	88.9	88.9	85.65	85.65	89.7
ERR1713354	ARO:3003961	farA	19	19	82.01052631578948	81.8	59.973684210526315	52.4	84.0
ERR1713354	ARO:3003962	farB	228	228	86.48245614035088	85.7	88.0359649122807	87.0	109.0
ERR1713354	ARO:3003964	hp1181	1	1	80.0	80.0	48.5	48.5	48.5
ERR1713354	ARO:3003966	Kpne_OmpK35	22	22	87.47727272727273	86.0	76.27272727272727	73.94999999999999	105.0
ERR1713354	ARO:3003968	Kpne_OmpK36	103	103	89.34757281553398	88.9	88.89126213592232	91.3	110.0
ERR1713354	ARO:3003970	ddl	29	29	81.73793103448276	81.3	81.5	82.0	95.5
ERR1713354	ARO:3003974	Cacn_gyrA_FLO	132	132	85.54242424242425	84.0	86.39545454545456	87.8	116.0
ERR1713354	ARO:3003980	tetA(58)	3	3	84.66666666666667	86.0	89.73333333333333	87.8	93.6
ERR1713354	ARO:3003981	tetB(58)	3	3	86.23333333333333	86.2	57.26666666666667	53.5	73.2
ERR1713354	ARO:3003982	LlmA_23S_CLI	7	7	81.85714285714286	82.0	85.44285714285715	91.7	92.4
ERR1713354	ARO:3003984	BahA	2	2	80.5	80.5	70.65	70.65	77.8
ERR1713354	ARO:3003986	TaeA	33	33	83.5969696969697	82.6	81.9939393939394	85.5	92.4
ERR1713354	ARO:3003992	rphB	21	21	84.38095238095238	83.3	49.57619047619047	41.6	94.4
ERR1713354	ARO:3003995	Cdif_gyrA_FLO	190	190	82.49526315789474	82.0	85.87157894736842	86.5	97.1
ERR1713354	ARO:3004032	tetA(46)	3	3	91.53333333333335	96.0	84.7	92.4	95.1
ERR1713354	ARO:3004033	tetB(46)	6	6	88.38333333333333	85.15	84.48333333333333	83.8	95.1
ERR1713354	ARO:3004036	tetB(60)	3	3	83.16666666666667	83.7	74.06666666666666	82.0	84.7
ERR1713354	ARO:3004038	Paer_emrE	1	1	81.8	81.8	56.6	56.6	56.6
ERR1713354	ARO:3004039	Ecol_emrE	16	16	84.40625	81.6	81.34375	86.25	105.0
ERR1713354	ARO:3004041	Kpne_acrA	58	58	92.36724137931034	94.0	90.74310344827587	93.6	103.0
ERR1713354	ARO:3004042	Eclo_acrA	127	127	91.71653543307086	91.8	82.57795275590551	87.8	101.0
ERR1713354	ARO:3004043	Ecol_acrA	107	107	92.36542056074767	93.6	84.08785046728971	88.2	103.0
ERR1713354	ARO:3004045	Ecol_fabI_MULT	157	157	90.44331210191083	92.0	83.78726114649682	84.3	107.0
ERR1713354	ARO:3004049	Ecol_fabG_TRC	283	283	89.19434628975264	87.8	77.3773851590106	83.6	102.0
ERR1713354	ARO:3004054	Paer_CpxR	128	128	85.03046875	84.4	64.88203125	65.5	90.1
ERR1713354	ARO:3004069	MvaT	4	4	84.0	81.5	71.75	76.85	85.9
ERR1713354	ARO:3004072	OpmB	1	1	80.0	80.0	54.7	54.7	54.7
ERR1713354	ARO:3004073	MuxA	5	5	81.12	80.4	69.1	70.9	77.8
ERR1713354	ARO:3004074	MuxB	757	757	84.3223249669749	83.7	76.83157199471599	79.0	91.3
ERR1713354	ARO:3004075	MuxC	142	142	83.30985915492958	82.0	62.49084507042254	69.7	87.4
ERR1713354	ARO:3004077	PmpM	11	11	83.06363636363636	82.0	83.0	82.0	93.2
ERR1713354	ARO:3004085	lnuG	10	10	97.46000000000001	98.0	89.56	95.30000000000001	107.0
ERR1713354	ARO:3004089	ANT(3'')-IIa	3	3	100.0	100.0	97.33333333333333	105.0	105.0
ERR1713354	ARO:3004091	ANT(3'')-IIc	2	2	86.0	86.0	82.80000000000001	82.80000000000001	85.9
ERR1713354	ARO:3004097	Smit_CdsA_DAP	4	4	82.175	82.3	85.5	89.15	96.3
ERR1713354	ARO:3004100	LpeB	9	9	82.19999999999999	81.8	68.25555555555555	73.9	78.6
ERR1713354	ARO:3004103	QepA2	3	3	82.43333333333334	81.3	82.33333333333333	81.3	89.4
ERR1713354	ARO:3004111	FosA6	9	9	92.35555555555555	93.1	85.97777777777779	97.4	101.0
ERR1713354	ARO:3004114	porin_OmpC	54	54	88.95	86.0	90.71296296296296	94.0	112.0
ERR1713354	ARO:3004122	Kpne_OmpK37	76	76	86.8671052631579	85.85	85.17894736842106	88.6	109.0
ERR1713354	ARO:3004123	Bpse_Omp38	14	14	81.39999999999999	80.8	43.471428571428575	44.099999999999994	46.2
ERR1713354	ARO:3004124	Mcat_M35_AMX	3	3	82.89999999999999	80.8	52.26666666666667	53.9	58.2
ERR1713354	ARO:3004126	Ecol_LamB	153	153	93.09607843137255	94.0	95.24313725490197	102.0	116.0
ERR1713354	ARO:3004127	Ecol_mipA	36	36	91.70833333333333	93.0	97.73333333333333	102.5	118.0
ERR1713354	ARO:3004128	Smar_Omp1	76	76	86.21842105263158	85.7	86.31842105263158	91.1	105.0
ERR1713354	ARO:3004142	OprZ	2	2	80.6	80.6	56.599999999999994	56.599999999999994	57.4
ERR1713354	ARO:3004143	AxyX	2	2	89.65	89.65	66.65	66.65	88.6
ERR1713354	ARO:3004144	AxyY	93	93	82.74193548387096	82.0	76.2279569892473	75.9	86.7
ERR1713354	ARO:3004146	cfrC	19	19	93.97368421052632	95.8	98.15263157894738	99.8	107.0
ERR1713354	ARO:3004153	Mtub_thyA_PAS	365	365	83.90739726027398	83.7	88.15506849315068	90.9	101.0
ERR1713354	ARO:3004157	Mtub_folC_PAS	3	3	83.5	82.9	81.16666666666667	86.3	86.7
ERR1713354	ARO:3004239	NPS-1	8	8	97.2	100.0	91.9375	97.25	106.0
ERR1713354	ARO:3004253	vanU_in_vanG_cl	7	7	83.10000000000001	81.8	61.74285714285714	72.8	84.0
ERR1713354	ARO:3004254	vanV_in_vanB_cl	4	4	86.925	86.6	57.574999999999996	59.849999999999994	68.6
ERR1713354	ARO:3004290	Ecol_ampC_BLA	23	23	98.8695652173913	100.0	103.80434782608695	106.0	112.0
ERR1713354	ARO:3004291	Rsph_ampC_BLA	1	1	87.8	87.8	93.6	93.6	93.6
ERR1713354	ARO:3004352	PDC-89	2	2	88.9	88.9	38.1	38.1	38.5
ERR1713354	ARO:3004359	ACI-1	3	3	99.0	100.0	65.86666666666666	63.2	82.8
ERR1713354	ARO:3004361	sul4	1	1	89.5	89.5	38.5	38.5	38.5
ERR1713354	ARO:3004441	tet(59)	1	1	84.0	84.0	85.9	85.9	85.9
ERR1713354	ARO:3004442	tet(W/N/W)	29	29	93.97241379310344	98.0	96.65172413793104	100.0	105.0
ERR1713354	ARO:3004446	Hinf_PBP3_BLA	5	5	86.44	88.0	87.64	94.0	95.5
ERR1713354	ARO:3004451	Afab_ACT_CHL	9	9	92.14444444444445	92.0	86.08888888888889	91.7	108.0
ERR1713354	ARO:3004454	Ccol_ACT_CHL	8	8	97.225	96.0	94.0125	99.19999999999999	111.0
ERR1713354	ARO:3004463	EBR-2	2	2	93.4	93.4	92.95	92.95	110.0
ERR1713354	ARO:3004470	poxtA	1	1	81.3	81.3	53.9	53.9	53.9
ERR1713354	ARO:3004480	Bado_rpoB_RIF	627	627	88.11259968102073	86.7	84.9177033492823	93.6	112.0
ERR1713354	ARO:3004503	MCR-3.6	8	8	100.0	100.0	99.825	101.2	108.0
ERR1713354	ARO:3004504	MCR-3.10	2	2	95.0	95.0	105.0	105.0	107.0
ERR1713354	ARO:3004517	MCR-7.1	3	3	84.56666666666666	85.7	55.96666666666667	45.8	80.9
ERR1713354	ARO:3004547	dfrA6	2	2	95.95	95.95	97.25	97.25	99.0
ERR1713354	ARO:3004549	dfrB5	1	1	96.0	96.0	102.0	102.0	102.0
ERR1713354	ARO:3004555	dfrA32	1	1	91.7	91.7	98.2	98.2	98.2
ERR1713354	ARO:3004561	Cdif_murG_VAN	13	13	81.83846153846154	81.8	70.78461538461539	72.4	81.3
ERR1713354	ARO:3004562	Cdif_gyrB_FLO	532	532	83.61936090225564	82.0	81.71541353383458	84.0	98.6
ERR1713354	ARO:3004563	Cdif_rpoB_RIF	1913	1913	86.55635128071091	86.0	89.53319393622583	90.1	110.0
ERR1713354	ARO:3004569	ICR-Mo	74	74	94.94864864864864	96.0	90.84324324324324	97.4	112.0
ERR1713354	ARO:3004573	Abau_AbaF	93	93	90.02903225806452	89.8	89.98064516129033	93.6	103.0
ERR1713354	ARO:3004574	Abau_AbaQ	2	2	81.65	81.65	79.5	79.5	79.7
ERR1713354	ARO:3004577	Abau_AmvA	3	3	80.53333333333333	80.0	64.56666666666668	68.9	80.9
ERR1713354	ARO:3004578	Abau_AbuO	67	67	84.64477611940298	85.4	77.85970149253733	78.2	86.3
ERR1713354	ARO:3004580	Kpne_KpnE	28	28	90.39285714285714	89.8	76.41428571428571	80.5	94.0
ERR1713354	ARO:3004583	Kpne_KpnF	46	46	89.65869565217392	89.8	78.69565217391305	85.9	102.0
ERR1713354	ARO:3004588	Kpne_KpnG	102	102	90.40196078431373	89.9	86.99705882352941	90.1	104.0
ERR1713354	ARO:3004597	Kpne_KpnH	5	5	86.3	87.0	73.47999999999999	83.6	93.2
ERR1713354	ARO:3004600	LnuH	302	302	86.28443708609272	84.0	82.91390728476821	87.0	107.0
ERR1713354	ARO:3004608	EreD	312	312	97.70673076923077	98.0	96.51346153846154	100.0	112.0
ERR1713354	ARO:3004626	Erm(49)	1	1	88.2	88.2	59.7	59.7	59.7
ERR1713354	ARO:3004629	AAC(6')-Im	3	3	93.86666666666667	100.0	79.56666666666666	90.1	107.0
ERR1713354	ARO:3004631	Mgen_gyrA_FLO	3	3	81.16666666666667	81.4	79.46666666666665	75.1	93.2
ERR1713354	ARO:3004645	dfrI	5	5	81.91999999999999	82.6	49.04	50.4	55.8
ERR1713354	ARO:3004647	AQU-2	1	1	80.9	80.9	79.0	79.0	79.0
ERR1713354	ARO:3004659	Mef(En2)	18	18	99.0	100.0	91.15	95.69999999999999	110.0
ERR1713354	ARO:3004662	MCR-3.3	7	7	98.94285714285715	100.0	103.21428571428571	107.0	114.0
ERR1713354	ARO:3004668	QnrAS	11	11	84.4090909090909	84.0	94.15454545454546	93.6	101.0
ERR1713354	ARO:3004675	aphA15	1	1	100.0	100.0	101.0	101.0	101.0
ERR1713354	ARO:3004681	Cdif_rpoC_VAN	3188	3188	86.914617314931	86.0	85.53983688833124	88.2	115.0
ERR1713354	ARO:3004682	aadA27	82	82	98.96951219512195	100.0	91.45365853658537	97.65	110.0
ERR1713354	ARO:3004683	aadS	156	156	96.61858974358974	100.0	96.23974358974358	102.0	112.0
ERR1713354	ARO:3004684	MCR-9.1	9	9	93.03333333333333	98.0	96.04444444444444	100.0	110.0
ERR1713354	ARO:3004691	MCR-3.4	1	1	100.0	100.0	113.0	113.0	113.0
ERR1713354	ARO:3004692	aadA10	68	68	98.8970588235294	100.0	96.01176470588236	100.5	111.0
ERR1713354	ARO:3004694	MCR-4.2	2	2	100.0	100.0	102.5	102.5	103.0
ERR1713354	ARO:3004698	MCR-5.2	15	15	92.4	98.0	85.11333333333333	94.4	107.0
ERR1713354	ARO:3004720	tet(X4)	119	119	99.44873949579832	100.0	92.00420168067227	102.0	110.0
ERR1713354	ARO:3004721	Mtub_rpsA_PZA	83	83	86.79397590361445	87.5	86.25060240963856	85.1	99.8
ERR1713354	ARO:3004751	BES-1	4	4	90.4	90.0	89.9	89.35	100.0
ERR1713354	ARO:3004757	BKC-1	6	6	89.16666666666667	88.9	82.88333333333334	85.35	94.7
ERR1713354	ARO:3004770	CIA-3	1	1	82.0	82.0	88.6	88.6	88.6
ERR1713354	ARO:3004775	CME-1	2	2	81.65	81.65	93.0	93.0	93.2
ERR1713354	ARO:3004780	DES-1	2	2	86.0	86.0	92.8	92.8	93.6
ERR1713354	ARO:3004784	FAR-1	1	1	80.0	80.0	84.0	84.0	84.0
ERR1713354	ARO:3004789	FONA-2	5	5	98.22	100.0	96.84	96.7	104.0
ERR1713354	ARO:3004793	FONA-6	2	2	97.6	97.6	87.65	87.65	96.7
ERR1713354	ARO:3004832	Ngon_PBP2_BLA	39	39	86.63846153846154	87.8	90.26410256410257	90.1	97.8
ERR1713354	ARO:3004833	Ngon_PBP1_BLA	358	358	85.28351955307262	84.0	87.52067039106146	87.4	108.0
ERR1713354	ARO:3004835	Ngon_pilQ_BLA	70	70	89.11285714285714	89.69999999999999	89.11428571428571	90.9	98.2
ERR1713354	ARO:3004859	Ngon_gyrB_ZOL	1865	1865	86.61554959785522	85.4	84.30246648793566	87.4	106.0
ERR1713354	ARO:3004860	Bdol_gyrA_FLO	2642	2642	86.0657077971234	84.0	87.39481453444361	89.4	112.0
ERR1713354	ARO:3004873	Ngon_folP_SLF	45	45	88.38666666666667	89.8	72.80888888888889	81.3	85.1
ERR1713354	ARO:3004921	Mtub_ahpC_INH	3	3	82.66666666666667	82.0	93.83333333333333	93.2	95.5
ERR1713354	ARO:3004922	Mtub_fabG1_INH	3	3	85.60000000000001	84.0	85.23333333333333	88.2	90.1
ERR1713354	ARO:3004923	Mtub_furA_INH	1	1	82.4	82.4	60.5	60.5	60.5
ERR1713354	ARO:3004925	Mtub_mshA_INH	1	1	83.3	83.3	76.6	76.6	76.6
ERR1713354	ARO:3004931	Mtub_nudC_INH	1	1	80.0	80.0	54.7	54.7	54.7
ERR1713354	ARO:3004941	Mtub_ddlA_DCS	11	11	86.10909090909091	85.7	60.63636363636363	59.3	88.2
ERR1713354	ARO:3004945	Mtub_ald_DCS	6	6	84.60000000000001	85.0	84.65	85.5	87.4
ERR1713354	ARO:3004950	Mtub_ubiA_EMB	1	1	82.4	82.4	87.4	87.4	87.4
ERR1713354	ARO:3004955	Mtub_Rv0565_ETO	5	5	85.67999999999999	81.6	52.54	47.0	89.4
ERR1713354	ARO:3004956	Ngon_rpld	333	333	86.96606606606606	86.0	84.96276276276276	88.6	103.0
ERR1713354	ARO:3004957	Mtub_clpC1_PZA	723	723	83.03637621023513	82.0	79.64273858921162	83.2	98.6
ERR1713354	ARO:3004960	Mtub_ponA1_RFB	11	11	85.13636363636364	87.5	88.0909090909091	90.1	90.9
ERR1713354	ARO:3004975	Mtub_ppsC_PZA	1	1	80.8	80.8	48.5	48.5	48.5
ERR1713354	ARO:3004977	Mtub_gpsI_PZA	96	96	85.94895833333334	85.25	82.99583333333334	83.0	102.0
ERR1713354	ARO:3004978	Mtub_mas_PZA	2	2	82.85	82.85	83.15	83.15	84.3
ERR1713354	ARO:3004987	Mtub_Rv2731_PZA	4	4	80.5	80.0	85.225	84.0	89.7
ERR1713354	ARO:3004993	Mtub_Rv3169_PZA	2	2	83.65	83.65	94.35	94.35	96.7
ERR1713354	ARO:3004994	Mtub_rpoC_RIF	1675	1675	86.356	85.7	87.4265671641791	89.0	116.0
ERR1713354	ARO:3004999	Mtub_rpoA_RIF	83	83	83.21686746987952	82.0	82.80602409638554	84.7	103.0
ERR1713354	ARO:3005004	Ngon_mtrC_AZM	16	16	87.175	88.0	55.81875	54.7	77.0
ERR1713354	ARO:3005006	tet(57)	1	1	81.6	81.6	90.1	90.1	90.1
ERR1713354	ARO:3005009	qacE	42	42	96.83809523809524	100.0	66.92619047619048	71.6	92.4
ERR1713354	ARO:3005010	qacEdelta1	38	38	95.91315789473684	100.0	89.3578947368421	89.75	100.0
ERR1713354	ARO:3005023	cfrE	7	7	100.0	100.0	100.57142857142857	103.0	105.0
ERR1713354	ARO:3005040	YajC	9	9	88.78888888888889	88.0	84.5	88.6	102.0
ERR1713354	ARO:3005041	mlaF	163	163	90.09386503067485	90.0	87.36134969325153	89.7	106.0
ERR1713354	ARO:3005042	mlaD	93	93	90.32688172043011	90.0	85.15376344086022	89.4	103.0
ERR1713354	ARO:3005043	cmlA9	10	10	97.31	100.0	90.34	94.15	97.1
ERR1713354	ARO:3005044	OmpA	120	120	88.7125	88.0	84.5475	88.2	108.0
ERR1713354	ARO:3005047	eptB	237	237	89.07848101265822	87.8	92.28860759493672	93.6	113.0
ERR1713354	ARO:3005051	LpsB	31	31	84.84193548387097	84.0	88.58064516129032	92.4	97.8
ERR1713354	ARO:3005053	ArnT	115	115	89.79304347826087	89.8	93.18173913043478	94.4	114.0
ERR1713354	ARO:3005056	tet(X6)	2	2	95.0	95.0	98.25	98.25	99.8
ERR1713354	ARO:3005059	LptD	278	278	88.56618705035972	88.0	91.53381294964029	94.0	112.0
ERR1713354	ARO:3005068	ParR	2	2	85.94999999999999	85.94999999999999	64.1	64.1	84.3
ERR1713354	ARO:3005069	rsmA	141	141	89.64539007092199	90.2	68.5	68.9	93.6
ERR1713354	ARO:3005089	mef(D)	1	1	84.3	84.3	89.7	89.7	89.7
ERR1713354	ARO:3005090	RanB	143	143	85.56363636363636	84.8	83.32447552447552	83.2	99.0
ERR1713354	ARO:3005091	RanA	177	177	84.68022598870056	83.7	85.4141242937853	87.0	102.0
ERR1713354	ARO:3005098	qacL	270	270	96.29037037037038	98.0	82.25222222222222	89.0	100.0
ERR1713354	ARO:3005099	Spyo_ErmA_MLSb	2	2	91.0	91.0	92.05	92.05	94.0
ERR1713354	ARO:3005111	blaS1	1	1	81.3	81.3	87.8	87.8	87.8
ERR1713354	ARO:3005121	lsaD	4	4	81.275	80.9	79.85	82.25	86.3
ERR1713354	ARO:3005150	PAC-1	1	1	94.0	94.0	103.0	103.0	103.0
ERR1713354	ARO:3005158	OXA-668	2	2	89.8	89.8	93.6	93.6	93.6
ERR1713354	ARO:3005166	tet(X1)	6	6	99.33333333333333	100.0	104.86666666666667	107.0	108.0
ERR1713354	ARO:3005198	CMY-157	1	1	91.8	91.8	92.8	92.8	92.8
ERR1713354	ARO:3005314	OXA-540	1	1	100.0	100.0	88.6	88.6	88.6
ERR1713354	ARO:3005315	OXA-779	1	1	100.0	100.0	108.0	108.0	108.0
ERR1713354	ARO:3005333	OXA-641	2	2	92.7	92.7	80.15	80.15	84.0
ERR1713354	ARO:3005725	OXA-491	1	1	81.0	81.0	74.3	74.3	74.3
ERR1713354	ARO:3005729	OXA-498	12	12	99.83333333333333	100.0	88.78333333333335	95.1	107.0
ERR1713354	ARO:3005734	OXA-504	1	1	98.0	98.0	106.0	106.0	106.0
ERR1713354	ARO:3005772	OXA-548	1	1	91.3	91.3	84.3	84.3	84.3
ERR1713354	ARO:3005775	OXA-551	3	3	80.66666666666667	80.0	50.06666666666666	38.9	72.4
ERR1713354	ARO:3005792	OXA-568	1	1	81.6	81.6	87.0	87.0	87.0
ERR1713354	ARO:3005863	OXA-643	5	5	98.78	98.0	95.5	96.3	107.0
ERR1713354	ARO:3005865	OXA-645	10	10	97.96000000000001	100.0	65.51	66.05	89.4
ERR1713354	ARO:3005866	OXA-650	12	12	98.72500000000001	100.0	95.325	98.35	112.0
ERR1713354	ARO:3005868	OXA-652	1	1	98.0	98.0	99.8	99.8	99.8
ERR1713354	ARO:3005878	OXA-666	3	3	81.5	80.5	69.96666666666667	72.4	91.3
ERR1713354	ARO:3005879	OXA-667	1	1	83.7	83.7	88.6	88.6	88.6
ERR1713354	ARO:3005880	OXA-669	1	1	81.6	81.6	83.2	83.2	83.2
ERR1713354	ARO:3005933	OXA-728	1	1	85.7	85.7	88.6	88.6	88.6
ERR1713354	ARO:3005937	OXA-732	1	1	100.0	100.0	92.4	92.4	92.4
ERR1713354	ARO:3006113	OXA-928	75	75	99.50533333333333	100.0	91.104	99.4	107.0
ERR1713354	ARO:3006211	VEB-14	9	9	99.35555555555555	100.0	94.19999999999999	105.0	108.0
ERR1713354	ARO:3006226	CepA-49	1	1	98.0	98.0	102.0	102.0	102.0
ERR1713354	ARO:3006228	ACC-1a	1	1	93.9	93.9	60.5	60.5	60.5
ERR1713354	ARO:3006252	ACT-57	1	1	98.0	98.0	101.0	101.0	101.0
ERR1713354	ARO:3006261	ACT-66	1	1	88.0	88.0	98.2	98.2	98.2
ERR1713354	ARO:3006279	ACT-87	1	1	90.0	90.0	99.0	99.0	99.0
ERR1713354	ARO:3006330	ADC-156	1	1	97.0	97.0	70.1	70.1	70.1
ERR1713354	ARO:3006338	ADC-166	2	2	84.5	84.5	41.6	41.6	43.5
ERR1713354	ARO:3006392	ADC-223	1	1	91.8	91.8	91.7	91.7	91.7
ERR1713354	ARO:3006461	CMY-169	7	7	97.42857142857143	100.0	98.2	103.0	108.0
ERR1713354	ARO:3006471	FOX-13	1	1	95.9	95.9	94.4	94.4	94.4
ERR1713354	ARO:3006473	FOX-15	4	4	95.725	100.0	83.475	88.4	109.0
ERR1713354	ARO:3006478	MOX-13	3	3	100.0	100.0	92.06666666666666	101.0	102.0
ERR1713354	ARO:3006874	EC-13	8	8	98.825	100.0	100.975	104.5	109.0
ERR1713354	ARO:3006878	EC-18	2	2	98.0	98.0	98.6	98.6	99.4
ERR1713354	ARO:3006879	EC-19	10	10	99.6	100.0	105.6	106.5	108.0
ERR1713354	ARO:3006881	EC-8	3	3	98.76666666666667	100.0	67.43333333333334	55.5	97.1
ERR1713354	ARO:3006899	AXC-3	1	1	80.0	80.0	83.2	83.2	83.2
ERR1713354	ARO:3006903	CAR-1	3	3	82.0	82.0	96.40000000000002	95.9	97.4
ERR1713354	ARO:3006927	KLUC-1	8	8	98.75	99.0	82.725	96.1	102.0
ERR1713354	ARO:3006943	LUT-1	3	3	83.3	83.3	87.0	87.0	87.0
ERR1713354	ARO:3006957	ORN-1	12	12	99.66666666666667	100.0	95.8	99.0	102.0
ERR1713354	ARO:3006964	PAU-1	8	8	94.1125	96.55000000000001	93.8	95.7	105.0
ERR1713354	ARO:3006986	SFO-1	1	1	98.0	98.0	94.7	94.7	94.7
ERR1713354	ARO:3007001	TER-1	1	1	94.3	94.3	70.5	70.5	70.5
ERR1713354	ARO:3007007	TER-2	1	1	98.0	98.0	102.0	102.0	102.0
ERR1713354	ARO:3007011	mdeA	1	1	93.9	93.9	87.8	87.8	87.8
ERR1713354	ARO:3007027	salC	1	1	80.0	80.0	43.9	43.9	43.9
ERR1713354	ARO:3007028	salD	1	1	80.0	80.0	42.7	42.7	42.7
ERR1713354	ARO:3007042	msr(G)	26	26	88.44615384615385	87.1	87.83846153846154	87.4	102.0
ERR1713354	ARO:3007043	msr(I)	724	724	98.73522099447514	100.0	87.62817679558012	99.4	108.0
ERR1713354	ARO:3007044	mef(F)	14	14	86.5	84.85	69.90714285714286	70.7	90.5
ERR1713354	ARO:3007049	mef(J)	1546	1546	99.01099611901682	100.0	89.73673997412678	92.4	107.0
ERR1713354	ARO:3007050	mreA	6	6	82.28333333333333	82.44999999999999	63.9	63.900000000000006	90.5
ERR1713354	ARO:3007051	Hpyl_rpoB_RIF	1695	1695	85.78253687315635	85.7	86.52755162241888	88.2	107.0
ERR1713354	ARO:3007052	Hpyl_gyrA_FLO	104	104	85.97115384615384	85.7	88.55576923076923	89.7	102.0
ERR1713354	ARO:3007053	Hpyl_gyrB_FLO	198	198	83.87171717171717	83.7	82.64646464646465	84.0	95.5
ERR1713354	ARO:3007060	Hpyl_pbp1_AMX	4	4	80.4	80.0	83.075	83.0	84.7
ERR1713354	ARO:3007073	Bsub_rpoB_RIF	1173	1173	88.06658141517477	87.8	93.03606138107418	93.2	109.0
ERR1713354	ARO:3007085	PRC-1	2	2	93.0	93.0	95.75	95.75	97.1
ERR1713354	ARO:3007107	nimE	2	2	100.0	100.0	58.15	58.15	75.5
ERR1713354	ARO:3007119	tet(O/32/O)	11	11	96.71818181818183	96.0	96.57272727272726	96.3	99.8
ERR1713354	ARO:3007120	tet(O/M/O)	22	22	98.17272727272729	99.0	98.42727272727274	98.8	109.0
ERR1713354	ARO:3007121	tet(O/W)	33	33	98.33939393939393	100.0	99.42121212121212	99.4	107.0
ERR1713354	ARO:3007122	tet(O/W/32/O)	24	24	97.90833333333335	100.0	94.925	97.4	105.0
ERR1713354	ARO:3007124	tet(W/32/O)	3	3	90.86666666666667	90.0	81.03333333333333	93.6	111.0
ERR1713354	ARO:3007127	otr(A)S.liv	1	1	81.0	81.0	39.7	39.7	39.7
ERR1713354	ARO:3007190	vanX_in_vanP_cl	1	1	81.8	81.8	51.2	51.2	51.2
ERR1713354	ARO:3007191	vanR_in_vanP_cl	3	3	82.10000000000001	81.3	73.8	87.4	94.7
ERR1713354	ARO:3007203	Kpne_PhoQ_CST	177	177	89.28135593220338	89.7	89.67401129943502	89.4	106.0
ERR1713354	ARO:3007229	MCR-8.2	2	2	81.6	81.6	71.4	71.4	71.6
ERR1713354	ARO:3007251	MCR-3.38	2	2	82.8	82.8	92.45	92.45	93.2
ERR1713354	ARO:3007254	MCR-3.32	2	2	100.0	100.0	103.0	103.0	103.0
ERR1713354	ARO:3007266	MCR-3.20	4	4	100.0	100.0	90.325	97.85	109.0
ERR1713354	ARO:3007274	MCR-10.5	5	5	96.38	100.0	87.47999999999999	93.6	107.0
ERR1713354	ARO:3007275	MCR-10.3	1	1	80.9	80.9	89.7	89.7	89.7
ERR1713354	ARO:3007279	MCR-1.15	2	2	100.0	100.0	104.0	104.0	104.0
ERR1713354	ARO:3007369	FosH	45	45	80.88888888888889	80.6	65.36222222222223	60.8	89.4
ERR1713354	ARO:3007370	FosI	37	37	82.44594594594595	81.8	61.432432432432435	56.6	91.3
ERR1713354	ARO:3007420	Kpne_lamB_CZA	78	78	93.11410256410257	94.0	95.64999999999999	101.0	115.0
ERR1713354	ARO:3007421	Kpne_PBP3_BLA	247	247	95.8834008097166	98.0	95.72874493927125	98.6	107.0
ERR1713354	ARO:3007423	Ecol_PBP3_BLA	144	144	95.59097222222222	98.0	94.02013888888888	97.4	106.0
ERR1713354	ARO:3007438	LAQ-1	37	37	93.93783783783783	98.0	94.37837837837837	99.0	113.0
ERR1713354	ARO:3007459	EstT	2	2	100.0	100.0	103.5	103.5	107.0
ERR1713354	ARO:3007473	Mavi_gyrA_FLO	7	7	85.11428571428571	84.0	88.92857142857143	89.4	91.7
ERR1713354	ARO:3007476	Mabs_atpE_BDQ	1	1	95.9	95.9	87.8	87.8	87.8
ERR1713354	ARO:3007483	RAD-1	4	4	80.0	80.0	91.92500000000001	92.4	92.4
ERR1713354	ARO:3007491	Paer_ampR_ATM	108	108	85.08055555555556	83.05	51.885185185185186	47.0	94.7
ERR1713354	ARO:3007527	Bsub_rpsE_SPT	204	204	83.52941176470588	83.15	77.45490196078431	83.6	94.4
ERR1713354	ARO:3007531	Spyo_PBP2x_BLA	3	3	81.2	81.6	81.93333333333334	81.3	85.5
ERR1713354	ARO:3007544	Erhu_gyrA_ENR	312	312	83.03269230769232	82.0	90.66217948717949	90.5	102.0
ERR1713354	ARO:3007635	CAE-1	282	282	84.3209219858156	83.7	80.84007092198583	83.2	96.3
ERR1713354	ARO:3007648	PSZ-1	1	1	80.0	80.0	67.8	67.8	67.8
ERR1713354	ARO:3007669	aadT	19	19	88.25263157894737	85.7	82.7421052631579	82.0	99.0
ERR1713354	ARO:3007678	IreK	95	95	82.49157894736842	82.0	84.65894736842105	83.6	95.9
ERR1713354	ARO:3007682	MdtQ	67	67	89.43432835820896	89.8	91.00298507462686	90.9	108.0
ERR1713354	ARO:3007692	Mtub_Rv2535_BDQ	6	6	84.48333333333333	83.65	65.13333333333333	64.3	87.0
ERR1713354	ARO:3007749	Sgal_folP_SLF	58	58	89.02758620689656	90.0	78.11896551724138	89.15	103.0
ERR1713354	ARO:3007794	Vvul_rpoB_RIF	1718	1718	85.42823050058207	84.0	89.80972060535507	90.5	108.0
ERR1713354	ARO:3007801	RATA-1	3	3	85.33333333333333	86.0	90.76666666666667	92.8	95.5
ERR1713354	ARO:3007802	RATA-2	7	7	89.39999999999999	90.0	95.31428571428572	95.5	105.0
ERR1713354	ARO:3007837	CARB-58	2	2	91.95	91.95	38.5	38.5	38.9
ERR1713354	ARO:3007846	SIE-1	4	4	87.275	87.44999999999999	78.75	78.35	95.9
ERR1713354	ARO:3007849	Mtub_fgd1_DLM	1	1	88.1	88.1	87.0	87.0	87.0
ERR1713354	ARO:3007855	CHM-1	3	3	81.76666666666667	82.0	90.39999999999999	91.3	94.0
ERR1713354	ARO:3007899	ACT-117	3	3	88.0	88.0	102.66666666666667	103.0	103.0
ERR1713354	ARO:3007900	ACT-118	3	3	93.2	89.8	103.2	99.8	110.0
ERR1713354	ARO:3008073	AIM-2	1	1	98.0	98.0	99.8	99.8	99.8
ERR1713354	ARO:3008079	B3SU2-1	1	1	83.7	83.7	87.8	87.8	87.8
ERR1713354	ARO:3008081	BMHC-1	2	2	82.3	82.3	89.55	89.55	93.6
ERR1713354	ARO:3008102	CMH-29	1	1	94.0	94.0	99.0	99.0	99.0
ERR1713354	ARO:3008119	CMY-182	2	2	100.0	100.0	109.0	109.0	110.0
ERR1713354	ARO:3008242	KPC-112	1	1	100.0	100.0	73.9	73.9	73.9
ERR1713354	ARO:3008383	MOX-15	3	3	89.86666666666667	89.8	87.56666666666666	91.3	94.4
ERR1713354	ARO:3008385	MOX-17	1	1	84.0	84.0	47.0	47.0	47.0
ERR1713354	ARO:3008394	MUN-1	3	3	93.33333333333333	100.0	99.56666666666666	103.0	109.0
ERR1713354	ARO:3008437	OXA-1016	1	1	100.0	100.0	109.0	109.0	109.0
ERR1713354	ARO:3008460	OXA-1041	38	38	98.24736842105263	98.0	86.70526315789475	98.8	112.0
ERR1713354	ARO:3008463	OXA-1044	2	2	99.0	99.0	82.05	82.05	87.8
ERR1713354	ARO:3008503	OXA-1085	27	27	98.12592592592593	100.0	79.32592592592593	82.0	110.0
ERR1713354	ARO:3008509	OXA-1091	2	2	80.0	80.0	56.2	56.2	56.2
ERR1713354	ARO:3008526	OXA-1108	1	1	80.0	80.0	87.8	87.8	87.8
ERR1713354	ARO:3008566	OXA-1148	1	1	96.0	96.0	93.2	93.2	93.2
ERR1713354	ARO:3008590	OXA-1172	4	4	100.0	100.0	108.0	108.0	108.0
ERR1713354	ARO:3008600	OXA-1184	1	1	91.7	91.7	88.6	88.6	88.6
ERR1713354	ARO:3008605	OXA-1189	1	1	82.0	82.0	86.7	86.7	86.7
ERR1713354	ARO:3008620	OXA-1208	1	1	92.6	92.6	53.1	53.1	53.1
ERR1713354	ARO:3008726	OXA-944	1	1	89.8	89.8	88.2	88.2	88.2
ERR1713354	ARO:3008733	OXA-956	8	8	99.5	100.0	97.175	101.5	109.0
ERR1713354	ARO:3008758	OXA-981	1	1	98.0	98.0	102.0	102.0	102.0
ERR1713354	ARO:3008807	OXY-5-10	2	2	100.0	100.0	101.0	101.0	102.0
ERR1713354	ARO:3008815	OXY-6-7	1	1	98.0	98.0	99.8	99.8	99.8
ERR1713354	ARO:3009029	PJM-2	1	1	83.3	83.3	99.0	99.0	99.0
ERR1713354	ARO:3009035	RAA-1	1	1	80.0	80.0	86.7	86.7	86.7
ERR1713354	ARO:3009036	RAHN-3	1	1	98.0	98.0	92.4	92.4	92.4
ERR1713354	ARO:3009040	RASA-1	9	9	85.88888888888889	84.4	86.52222222222223	88.6	96.3
ERR1713354	ARO:3009041	RSC1-1	7	7	93.65714285714286	95.9	93.35714285714286	101.0	103.0
ERR1713354	ARO:3009044	SED-2	4	4	91.375	90.9	87.42500000000001	86.65	91.7
ERR1713354	ARO:3009046	SFDC-1	6	6	96.61666666666667	96.95	81.05	92.65	103.0
ERR1713354	ARO:3009096	YOC-1	4	4	92.05	91.85	72.15	73.2	99.8
ERR1713355	ARO:3000013	vanB	13	13	80.15384615384616	80.0	39.99230769230769	40.0	40.8
ERR1713355	ARO:3000024	patA	253	253	84.25573122529644	83.3	75.34584980237155	80.9	92.0
ERR1713355	ARO:3000025	patB	447	447	84.17404921700225	84.0	81.04004474272931	84.0	94.0
ERR1713355	ARO:3000027	emrA	96	96	94.21979166666667	98.0	89.79895833333335	92.8	106.0
ERR1713355	ARO:3000074	emrB	324	324	90.84382716049383	91.9	89.4888888888889	91.7	114.0
ERR1713355	ARO:3000118	vgaB	1	1	83.7	83.7	87.4	87.4	87.4
ERR1713355	ARO:3000149	FosA	1	1	83.7	83.7	83.6	83.6	83.6
ERR1713355	ARO:3000165	tet(A)	147	147	98.73945578231293	100.0	78.00136054421769	87.0	106.0
ERR1713355	ARO:3000166	tet(B)	212	212	98.98207547169811	100.0	93.69905660377358	97.8	108.0
ERR1713355	ARO:3000167	tet(C)	35	35	98.3	100.0	79.66857142857143	89.7	101.0
ERR1713355	ARO:3000168	tet(D)	40	40	99.385	100.0	91.3375	95.5	105.0
ERR1713355	ARO:3000173	tet(E)	5	5	96.76	100.0	95.32000000000001	94.7	100.0
ERR1713355	ARO:3000174	tet(G)	649	649	94.00770416024653	94.7	87.87349768875193	91.3	103.0
ERR1713355	ARO:3000175	tet(H)	36	36	99.62222222222222	100.0	91.70277777777778	97.25	107.0
ERR1713355	ARO:3000179	tet(L)	3	3	95.16666666666667	98.0	91.3	93.2	94.4
ERR1713355	ARO:3000180	tetA(P)	33	33	87.5939393939394	87.8	80.2030303030303	83.6	96.3
ERR1713355	ARO:3000181	tet(V)	6	6	83.55	81.9	80.68333333333334	82.4	90.5
ERR1713355	ARO:3000182	tet(Y)	2	2	100.0	100.0	101.0	101.0	102.0
ERR1713355	ARO:3000186	tet(M)	220	220	94.11545454545455	95.8	87.66545454545455	93.6	111.0
ERR1713355	ARO:3000190	tet(O)	1577	1577	97.79733671528217	100.0	97.5148383005707	100.0	114.0
ERR1713355	ARO:3000191	tet(Q)	1547	1547	96.2343891402715	97.4	96.17634130575307	99.4	112.0
ERR1713355	ARO:3000192	tet(S)	172	172	98.28546511627906	100.0	97.69186046511628	101.0	112.0
ERR1713355	ARO:3000193	tet(T)	109	109	92.7834862385321	95.9	90.57981651376147	94.0	108.0
ERR1713355	ARO:3000194	tet(W)	2467	2467	99.04941224158897	100.0	95.64693960275639	99.8	113.0
ERR1713355	ARO:3000195	tetB(P)	61	61	89.30327868852459	86.0	83.56393442622951	88.6	103.0
ERR1713355	ARO:3000196	tet(32)	537	537	98.26648044692737	100.0	95.94357541899441	99.4	112.0
ERR1713355	ARO:3000197	tet(36)	51	51	94.30980392156863	94.0	93.24313725490195	93.6	105.0
ERR1713355	ARO:3000198	FosX	28	28	80.98928571428571	81.0	45.18214285714286	41.2	68.9
ERR1713355	ARO:3000205	tet(X)	243	243	98.86954732510287	100.0	98.55349794238683	103.0	111.0
ERR1713355	ARO:3000206	emrK	52	52	90.8096153846154	96.75	87.79423076923078	88.6	104.0
ERR1713355	ARO:3000215	mecR1	2	2	80.0	80.0	42.0	42.0	42.0
ERR1713355	ARO:3000216	acrB	946	946	88.82568710359409	88.0	83.40919661733616	84.3	111.0
ERR1713355	ARO:3000230	ANT(2'')-Ia	240	240	99.32208333333332	100.0	98.62166666666667	107.0	117.0
ERR1713355	ARO:3000237	TolC	221	221	91.58778280542987	90.0	87.21266968325791	88.2	103.0
ERR1713355	ARO:3000245	RbpA	9	9	90.73333333333333	90.5	68.43333333333334	76.3	98.2
ERR1713355	ARO:3000251	msrA	4	4	100.0	100.0	104.0	104.0	104.0
ERR1713355	ARO:3000254	emrY	43	43	98.75813953488372	100.0	97.24883720930232	99.0	114.0
ERR1713355	ARO:3000263	marA	43	43	95.83023255813953	98.0	94.62558139534885	99.0	105.0
ERR1713355	ARO:3000300	lsaA	2	2	100.0	100.0	102.5	102.5	105.0
ERR1713355	ARO:3000316	mphA	62	62	98.24193548387096	100.0	96.89354838709677	100.0	115.0
ERR1713355	ARO:3000318	mphB	6	6	87.89999999999999	88.0	97.23333333333333	98.35	110.0
ERR1713355	ARO:3000343	tap	3	3	85.8	85.7	87.53333333333335	87.0	89.7
ERR1713355	ARO:3000347	ErmA	3	3	83.89999999999999	83.7	87.2	89.0	89.4
ERR1713355	ARO:3000361	EreA	665	665	98.07744360902255	98.0	95.53263157894736	99.0	108.0
ERR1713355	ARO:3000363	EreB	6	6	96.06666666666666	98.0	79.16666666666667	80.9	108.0
ERR1713355	ARO:3000368	vanC	6	6	82.8	82.6	49.23333333333333	46.2	64.3
ERR1713355	ARO:3000375	ErmB	309	309	98.24304207119741	100.0	79.40809061488673	86.7	110.0
ERR1713355	ARO:3000377	MexA	20	20	82.5	82.0	79.59	82.8	89.4
ERR1713355	ARO:3000378	MexB	646	646	85.33978328173374	84.0	74.33157894736841	77.8	98.2
ERR1713355	ARO:3000379	OprM	180	180	81.85722222222222	81.35	71.91666666666667	71.65	91.3
ERR1713355	ARO:3000410	sul1	603	603	98.9983416252073	100.0	85.25323383084577	95.5	110.0
ERR1713355	ARO:3000412	sul2	76	76	98.60131578947369	100.0	74.35263157894737	76.85	100.0
ERR1713355	ARO:3000413	sul3	5	5	93.47999999999999	93.9	93.84	89.7	107.0
ERR1713355	ARO:3000421	norB	9	9	83.71111111111111	80.8	75.8111111111111	76.6	95.5
ERR1713355	ARO:3000444	rphA	263	263	84.7745247148289	84.6	48.56083650190114	48.5	57.4
ERR1713355	ARO:3000448	QepA1	8	8	95.675	98.0	90.0125	106.0	111.0
ERR1713355	ARO:3000464	Ngon_porin	132	132	83.70227272727273	83.3	44.23939393939394	44.900000000000006	56.6
ERR1713355	ARO:3000476	tet(31)	86	86	99.18720930232558	100.0	93.47558139534884	95.9	108.0
ERR1713355	ARO:3000478	tet(33)	13	13	95.19999999999999	98.0	82.12307692307692	89.4	100.0
ERR1713355	ARO:3000481	tet(35)	10	10	82.42	81.35	67.65	72.95	83.6
ERR1713355	ARO:3000491	acrD	662	662	89.78157099697886	89.8	85.93519637462235	86.7	110.0
ERR1713355	ARO:3000498	ErmF	251	251	97.22988047808765	98.0	89.26454183266932	97.8	107.0
ERR1713355	ARO:3000499	AcrE	109	109	91.1137614678899	89.8	89.1302752293578	89.4	105.0
ERR1713355	ARO:3000501	rpoB2	412	412	83.32961165048545	81.9	70.34296116504854	70.5	107.0
ERR1713355	ARO:3000502	AcrF	474	474	89.55316455696202	88.0	83.12257383966245	86.3	110.0
ERR1713355	ARO:3000504	golS	24	24	83.5125	82.6	55.979166666666664	44.5	90.5
ERR1713355	ARO:3000508	gadX	47	47	97.33617021276596	98.0	93.41063829787234	97.4	108.0
ERR1713355	ARO:3000510	Saur_mupB_MUP	13	13	80.9	81.0	60.43846153846154	53.5	80.9
ERR1713355	ARO:3000516	emrR	60	60	97.17	98.0	93.85666666666665	96.3	112.0
ERR1713355	ARO:3000518	CRP	162	162	95.95864197530864	98.0	90.2253086419753	94.7	107.0
ERR1713355	ARO:3000521	Saur_mupA_MUP	8	8	81.9625	81.3	81.825	92.0	98.6
ERR1713355	ARO:3000522	ErmG	13	13	94.10769230769232	94.0	86.57692307692308	93.6	104.0
ERR1713355	ARO:3000533	macA	166	166	83.48734939759036	83.7	78.55060240963856	79.0	95.1
ERR1713355	ARO:3000535	macB	1283	1283	85.29485580670304	84.0	77.76344505066251	79.0	99.8
ERR1713355	ARO:3000549	adeS	16	16	82.9125	82.25	74.70625	84.15	89.7
ERR1713355	ARO:3000553	adeR	32	32	84.40625	83.7	77.20625	83.2	99.0
ERR1713355	ARO:3000556	tet(44)	108	108	94.18148148148148	98.0	94.39722222222223	97.6	112.0
ERR1713355	ARO:3000559	adeN	99	99	87.53636363636365	87.8	89.91919191919192	92.8	103.0
ERR1713355	ARO:3000566	tet(39)	1324	1324	99.35347432024169	100.0	92.34728096676737	96.7	108.0
ERR1713355	ARO:3000567	tet(40)	545	545	98.14018348623854	100.0	91.71871559633027	96.7	109.0
ERR1713355	ARO:3000573	tet(43)	3	3	84.43333333333334	85.7	87.93333333333334	88.2	88.2
ERR1713355	ARO:3000582	L1_BLA	3	3	80.53333333333333	80.0	93.96666666666665	92.4	97.1
ERR1713355	ARO:3000593	ErmQ	6	6	100.0	100.0	104.16666666666667	104.5	106.0
ERR1713355	ARO:3000595	ErmT	27	27	97.37777777777777	98.0	96.58148148148148	98.6	106.0
ERR1713355	ARO:3000596	ErmX	18	18	94.51666666666667	96.9	83.51666666666667	83.55	106.0
ERR1713355	ARO:3000604	Erm(35)	41	41	85.28292682926829	86.0	71.69999999999999	75.5	94.0
ERR1713355	ARO:3000605	Erm(36)	1	1	85.7	85.7	44.7	44.7	44.7
ERR1713355	ARO:3000614	mef(E)	61	61	86.47213114754099	85.7	84.06885245901638	84.0	98.2
ERR1713355	ARO:3000616	mel	1694	1694	92.39887839433295	93.5	87.05560802833531	88.8	104.0
ERR1713355	ARO:3000620	adeL	8	8	87.0875	86.5	76.9625	87.85	91.3
ERR1713355	ARO:3000621	PC1_blaZ	1	1	87.0	87.0	80.1	80.1	80.1
ERR1713355	ARO:3000656	AcrS	26	26	99.23076923076923	100.0	93.62692307692308	101.0	106.0
ERR1713355	ARO:3000676	H-NS	75	75	94.19466666666668	96.2	75.26133333333334	74.3	103.0
ERR1713355	ARO:3000753	abeM	335	335	86.18537313432836	85.7	83.42358208955224	85.5	103.0
ERR1713355	ARO:3000768	abeS	16	16	80.325	80.0	43.05625	45.1	45.8
ERR1713355	ARO:3000774	adeA	58	58	89.26206896551724	88.05	86.08620689655173	87.6	100.0
ERR1713355	ARO:3000775	adeB	239	239	88.49372384937239	88.0	82.41966527196652	83.2	105.0
ERR1713355	ARO:3000777	adeF	2435	2435	86.27774127310062	85.7	80.35605749486653	83.6	104.0
ERR1713355	ARO:3000778	adeG	19	19	88.51578947368421	87.5	82.6263157894737	84.7	94.7
ERR1713355	ARO:3000779	adeH	29	29	88.75172413793103	88.0	80.4448275862069	84.7	100.0
ERR1713355	ARO:3000780	adeI	561	561	86.0427807486631	86.0	81.19768270944742	84.0	94.0
ERR1713355	ARO:3000781	adeJ	2273	2273	88.4853057633084	87.8	85.7854377474703	87.4	109.0
ERR1713355	ARO:3000782	adeK	701	701	87.02667617689015	86.0	84.82310984308131	85.9	102.0
ERR1713355	ARO:3000784	cmeB	14	14	81.67857142857143	81.5	62.114285714285714	66.4	79.0
ERR1713355	ARO:3000789	mdsA	7	7	83.81428571428572	81.6	74.91428571428571	79.0	87.0
ERR1713355	ARO:3000790	mdsB	155	155	85.05225806451614	83.7	81.0683870967742	83.2	98.6
ERR1713355	ARO:3000791	mdsC	8	8	84.525	83.3	58.55	67.05000000000001	76.3
ERR1713355	ARO:3000792	mdtA	129	129	93.0077519379845	94.0	88.55658914728681	89.7	102.0
ERR1713355	ARO:3000793	mdtB	2302	2302	86.81529105125976	86.0	79.47445699391834	80.9	105.0
ERR1713355	ARO:3000794	mdtC	748	748	87.1870320855615	83.80000000000001	81.91497326203209	80.1	107.0
ERR1713355	ARO:3000795	mdtE	65	65	98.3876923076923	100.0	93.3876923076923	97.8	105.0
ERR1713355	ARO:3000796	mdtF	299	299	91.61973244147157	94.0	83.18662207357859	88.2	107.0
ERR1713355	ARO:3000800	MexC	550	550	85.7909090909091	84.9	66.59890909090909	62.8	94.4
ERR1713355	ARO:3000801	MexD	433	433	83.43625866050809	82.0	78.51732101616628	78.6	99.0
ERR1713355	ARO:3000802	OprJ	25	25	85.26	85.7	79.22800000000001	82.0	87.8
ERR1713355	ARO:3000803	MexE	49	49	83.0734693877551	83.3	83.81224489795919	84.0	93.6
ERR1713355	ARO:3000804	MexF	1041	1041	86.71162343900096	86.0	80.85926993275696	80.5	102.0
ERR1713355	ARO:3000805	OprN	57	57	84.46140350877194	83.7	77.68245614035087	79.7	91.7
ERR1713355	ARO:3000807	MexH	1	1	82.2	82.2	67.4	67.4	67.4
ERR1713355	ARO:3000808	MexI	91	91	84.88021978021979	83.7	71.72087912087912	77.8	95.9
ERR1713355	ARO:3000810	mtrC	113	113	83.5867256637168	84.0	77.00796460176991	80.9	86.3
ERR1713355	ARO:3000811	mtrD	2714	2714	85.27663964627855	84.30000000000001	77.46035372144436	79.3	94.7
ERR1713355	ARO:3000812	mtrE	232	232	82.72456896551724	82.0	74.55172413793103	77.6	82.8
ERR1713355	ARO:3000814	MexT	63	63	86.45873015873015	86.0	78.02380952380952	82.8	94.4
ERR1713355	ARO:3000816	mtrA	2	2	82.1	82.1	51.6	51.6	61.6
ERR1713355	ARO:3000817	mtrR	146	146	85.11027397260274	84.0	73.98972602739725	79.3	93.2
ERR1713355	ARO:3000819	nalD	15	15	82.86666666666666	82.6	69.82	82.4	94.7
ERR1713355	ARO:3000823	ramA	42	42	94.00238095238095	95.85	86.95	96.1	106.0
ERR1713355	ARO:3000826	sdiA	21	21	91.31904761904762	91.7	74.74761904761905	80.9	97.1
ERR1713355	ARO:3000828	baeR	113	113	92.38761061946902	95.9	85.5858407079646	92.8	106.0
ERR1713355	ARO:3000829	baeS	151	151	92.07350993377484	92.0	90.14105960264901	91.7	116.0
ERR1713355	ARO:3000830	cpxA	291	291	94.67766323024055	96.0	90.95120274914089	93.6	110.0
ERR1713355	ARO:3000832	evgA	19	19	99.25263157894737	100.0	95.3157894736842	98.6	107.0
ERR1713355	ARO:3000833	evgS	108	108	98.73518518518519	100.0	100.18425925925925	101.0	111.0
ERR1713355	ARO:3000838	arlR	59	59	82.56101694915255	81.8	51.44915254237288	53.1	60.5
ERR1713355	ARO:3000842	EBR-1	2	2	93.5	93.5	75.2	75.2	108.0
ERR1713355	ARO:3000853	AIM-1	15	15	94.71333333333334	95.9	95.73333333333333	98.2	109.0
ERR1713355	ARO:3000988	TEM-126	2	2	100.0	100.0	97.5	97.5	101.0
ERR1713355	ARO:3001058	TEM-199	2	2	100.0	100.0	64.1	64.1	66.2
ERR1713355	ARO:3001079	SHV-21	2	2	100.0	100.0	99.7	99.7	100.0
ERR1713355	ARO:3001110	SHV-53	7	7	96.68571428571428	100.0	94.48571428571428	97.8	103.0
ERR1713355	ARO:3001170	SHV-123	1	1	100.0	100.0	74.3	74.3	74.3
ERR1713355	ARO:3001173	SHV-126	1	1	100.0	100.0	93.6	93.6	93.6
ERR1713355	ARO:3001205	BRP(MBL)	1	1	80.0	80.0	47.4	47.4	47.4
ERR1713355	ARO:3001214	mdtM	105	105	93.36380952380954	95.9	89.12857142857143	92.4	104.0
ERR1713355	ARO:3001216	mdtH	133	133	92.35413533834587	92.0	90.5375939849624	93.2	108.0
ERR1713355	ARO:3001301	RlmA(II)	4	4	91.125	92.95	83.75	91.5	100.0
ERR1713355	ARO:3001327	MdtK	141	141	88.03971631205674	88.0	88.88297872340425	89.7	102.0
ERR1713355	ARO:3001328	Ecol_mdfA	101	101	89.38613861386139	88.0	84.86732673267328	87.8	99.4
ERR1713355	ARO:3001329	mdtG	160	160	92.518125	92.0	88.9725	91.3	107.0
ERR1713355	ARO:3001397	OXA-2	15	15	99.73333333333333	100.0	102.50666666666666	104.0	108.0
ERR1713355	ARO:3001398	OXA-3	7	7	86.5	86.0	103.45714285714287	105.0	113.0
ERR1713355	ARO:3001400	OXA-5	9	9	95.67777777777778	98.0	95.92222222222222	98.6	106.0
ERR1713355	ARO:3001402	OXA-7	29	29	99.02758620689656	100.0	77.66206896551724	79.7	94.7
ERR1713355	ARO:3001404	OXA-9	9	9	100.0	100.0	88.3111111111111	96.3	112.0
ERR1713355	ARO:3001408	OXA-13	5	5	99.6	100.0	104.4	105.0	106.0
ERR1713355	ARO:3001410	OXA-15	1	1	100.0	100.0	103.0	103.0	103.0
ERR1713355	ARO:3001411	OXA-16	1060	1060	99.36216981132075	100.0	96.30962264150943	101.0	111.0
ERR1713355	ARO:3001415	OXA-20	32	32	97.478125	97.9	90.653125	95.5	105.0
ERR1713355	ARO:3001416	OXA-21	94	94	98.03510638297871	100.0	102.57446808510639	105.5	120.0
ERR1713355	ARO:3001420	OXA-25	2	2	100.0	100.0	103.5	103.5	107.0
ERR1713355	ARO:3001425	OXA-31	87	87	99.39195402298851	100.0	61.764367816091955	57.0	100.0
ERR1713355	ARO:3001427	OXA-33	48	48	99.52708333333334	100.0	100.80833333333334	101.0	106.0
ERR1713355	ARO:3001428	OXA-34	27	27	99.4148148148148	100.0	80.6962962962963	88.2	109.0
ERR1713355	ARO:3001429	OXA-35	44	44	99.85909090909091	100.0	99.72045454545454	100.0	103.0
ERR1713355	ARO:3001430	OXA-36	91	91	96.53846153846153	100.0	101.24175824175825	103.0	117.0
ERR1713355	ARO:3001431	OXA-37	106	106	97.73018867924527	100.0	99.96698113207547	103.0	113.0
ERR1713355	ARO:3001439	OXA-101	29	29	99.51034482758621	100.0	95.69310344827586	95.1	100.0
ERR1713355	ARO:3001452	OXA-140	224	224	99.440625	100.0	103.49285714285715	103.0	113.0
ERR1713355	ARO:3001483	OXA-205	205	205	98.46390243902438	100.0	101.6229268292683	105.0	120.0
ERR1713355	ARO:3001487	OXA-210	2	2	80.7	80.7	76.65	76.65	80.1
ERR1713355	ARO:3001495	OXA-233	24	24	98.825	100.0	99.47500000000001	99.2	107.0
ERR1713355	ARO:3001500	OXA-251	2	2	99.0	99.0	100.3	100.3	102.0
ERR1713355	ARO:3001502	OXA-256	3	3	100.0	100.0	107.33333333333333	107.0	108.0
ERR1713355	ARO:3001504	OXA-309	14	14	96.57857142857142	97.4	89.25714285714285	89.0	108.0
ERR1713355	ARO:3001512	OXA-324	1	1	86.0	86.0	96.3	96.3	96.3
ERR1713355	ARO:3001521	OXA-333	159	159	98.9125786163522	100.0	93.25345911949685	99.8	112.0
ERR1713355	ARO:3001522	OXA-334	58	58	98.50344827586207	100.0	91.0396551724138	97.8	112.0
ERR1713355	ARO:3001535	OXA-348	12	12	80.66666666666667	80.0	83.24166666666666	83.2	84.7
ERR1713355	ARO:3001548	OXA-361	1	1	98.0	98.0	101.0	101.0	101.0
ERR1713355	ARO:3001549	OXA-362	7	7	100.0	100.0	100.41428571428571	100.0	108.0
ERR1713355	ARO:3001550	OXA-363	3	3	97.33333333333333	100.0	85.26666666666667	84.7	101.0
ERR1713355	ARO:3001558	OXA-372	4	4	97.975	98.0	89.35	91.85	96.3
ERR1713355	ARO:3001559	OXA-373	52	52	98.51730769230768	100.0	102.725	102.0	114.0
ERR1713355	ARO:3001575	OXA-389	2	2	80.0	80.0	91.3	91.3	91.3
ERR1713355	ARO:3001608	OXA-417	41	41	84.02682926829269	83.7	89.35121951219513	89.4	95.9
ERR1713355	ARO:3001631	OXA-96	34	34	98.97941176470589	100.0	104.65882352941176	106.0	109.0
ERR1713355	ARO:3001642	OXA-111	2	2	80.9	80.9	89.0	89.0	89.0
ERR1713355	ARO:3001662	OXA-164	170	170	99.23647058823529	100.0	93.6	101.0	107.0
ERR1713355	ARO:3001677	OXA-236	2	2	96.0	96.0	99.6	99.6	101.0
ERR1713355	ARO:3001681	OXA-278	4	4	98.75	100.0	74.9	76.3	107.0
ERR1713355	ARO:3001692	OXA-229	2	2	86.65	86.65	83.35	83.35	95.5
ERR1713355	ARO:3001695	OXA-134	17	17	99.62941176470588	100.0	85.91176470588235	93.2	107.0
ERR1713355	ARO:3001710	OXA-211	157	157	98.70063694267516	100.0	100.04331210191083	103.0	112.0
ERR1713355	ARO:3001711	OXA-212	82	82	98.22439024390243	100.0	83.01341463414634	96.3	110.0
ERR1713355	ARO:3001722	OXA-266	4	4	80.5	80.5	73.77499999999999	73.6	74.3
ERR1713355	ARO:3001731	OXA-275	8	8	95.025	98.0	94.3	100.0	113.0
ERR1713355	ARO:3001732	OXA-276	4	4	99.0	99.0	99.4	99.4	99.4
ERR1713355	ARO:3001733	OXA-277	1	1	100.0	100.0	67.4	67.4	67.4
ERR1713355	ARO:3001735	OXA-280	6	6	99.66666666666667	100.0	79.88333333333334	85.30000000000001	102.0
ERR1713355	ARO:3001736	OXA-281	21	21	98.27142857142856	100.0	95.87142857142857	103.0	111.0
ERR1713355	ARO:3001737	OXA-282	4	4	100.0	100.0	100.725	100.2	107.0
ERR1713355	ARO:3001738	OXA-283	3	3	100.0	100.0	106.33333333333333	107.0	107.0
ERR1713355	ARO:3001740	OXA-285	3	3	100.0	100.0	95.73333333333333	90.1	107.0
ERR1713355	ARO:3001751	OXA-296	1	1	100.0	100.0	38.9	38.9	38.9
ERR1713355	ARO:3001754	OXA-299	29	29	81.47586206896553	82.0	88.4793103448276	89.0	91.3
ERR1713355	ARO:3001759	OXA-304	1	1	98.0	98.0	99.8	99.8	99.8
ERR1713355	ARO:3001775	OXA-119	56	56	95.25	98.0	100.42678571428571	106.0	120.0
ERR1713355	ARO:3001777	OXA-347	39	39	97.3948717948718	100.0	94.41282051282052	102.0	109.0
ERR1713355	ARO:3001780	OXA-85	2	2	100.0	100.0	59.9	59.9	65.1
ERR1713355	ARO:3001781	OXA-47	137	137	99.62627737226276	100.0	98.53722627737227	100.0	112.0
ERR1713355	ARO:3001793	OXA-320	16	16	98.73125	100.0	98.55	96.30000000000001	106.0
ERR1713355	ARO:3001796	OXA-50	1	1	80.0	80.0	90.1	90.1	90.1
ERR1713355	ARO:3001797	OXA-46	61	61	98.29016393442623	100.0	80.27049180327869	77.8	119.0
ERR1713355	ARO:3001799	OXA-161	1	1	100.0	100.0	100.0	100.0	100.0
ERR1713355	ARO:3001804	OXA-145	239	239	99.49037656903766	100.0	93.17907949790795	101.0	111.0
ERR1713355	ARO:3001805	OXA-198	38	38	90.50526315789473	90.0	84.33157894736841	91.25	100.0
ERR1713355	ARO:3001807	OXA-246	2	2	94.9	94.9	95.7	95.7	102.0
ERR1713355	ARO:3001809	OXA-209	44	44	88.88409090909092	88.0	95.10227272727273	96.7	104.0
ERR1713355	ARO:3001810	OXA-53	4	4	81.425	80.0	94.30000000000001	92.4	100.0
ERR1713355	ARO:3001811	OXA-129	19	19	97.42105263157895	100.0	90.79473684210525	101.0	106.0
ERR1713355	ARO:3001822	ACT-2	2	2	100.0	100.0	103.5	103.5	104.0
ERR1713355	ARO:3001827	ACT-16	8	8	98.55	100.0	86.8	102.0	103.0
ERR1713355	ARO:3001829	ACT-4	9	9	99.55555555555556	100.0	99.35555555555555	103.0	108.0
ERR1713355	ARO:3001831	ACT-8	1	1	100.0	100.0	110.0	110.0	110.0
ERR1713355	ARO:3001832	ACT-10	4	4	97.725	97.85	56.8	51.8	77.8
ERR1713355	ARO:3001834	ACT-12	2	2	94.35	94.35	76.65	76.65	93.6
ERR1713355	ARO:3001835	ACT-13	1	1	95.5	95.5	42.4	42.4	42.4
ERR1713355	ARO:3001836	ACT-14	8	8	99.5	100.0	91.0625	96.9	109.0
ERR1713355	ARO:3001843	ACT-22	1	1	88.0	88.0	103.0	103.0	103.0
ERR1713355	ARO:3001848	ACT-28	1	1	100.0	100.0	105.0	105.0	105.0
ERR1713355	ARO:3001849	ACT-29	2	2	100.0	100.0	106.5	106.5	107.0
ERR1713355	ARO:3001854	ACT-34	1	1	98.0	98.0	102.0	102.0	102.0
ERR1713355	ARO:3001856	CFE-1	2	2	100.0	100.0	104.0	104.0	107.0
ERR1713355	ARO:3001872	CTX-M-9	1	1	96.0	96.0	99.4	99.4	99.4
ERR1713355	ARO:3001874	CTX-M-11	15	15	99.46666666666667	100.0	83.76666666666667	98.2	101.0
ERR1713355	ARO:3001892	CTX-M-30	1	1	100.0	100.0	38.5	38.5	38.5
ERR1713355	ARO:3001907	CTX-M-45	1	1	80.0	80.0	46.2	46.2	46.2
ERR1713355	ARO:3001942	CTX-M-81	1	1	81.8	81.8	40.8	40.8	40.8
ERR1713355	ARO:3001956	CTX-M-96	2	2	100.0	100.0	96.7	96.7	96.7
ERR1713355	ARO:3001967	CTX-M-107	15	15	99.33333333333333	100.0	97.24666666666667	97.8	100.0
ERR1713355	ARO:3001968	CTX-M-108	2	2	100.0	100.0	102.5	102.5	103.0
ERR1713355	ARO:3002015	CMY-4	11	11	100.0	100.0	105.72727272727273	106.0	108.0
ERR1713355	ARO:3002038	CMY-27	1	1	100.0	100.0	107.0	107.0	107.0
ERR1713355	ARO:3002055	CMY-44	44	44	99.5840909090909	100.0	96.64772727272727	104.0	113.0
ERR1713355	ARO:3002069	CMY-59	14	14	99.71428571428571	100.0	81.3	87.2	100.0
ERR1713355	ARO:3002074	CMY-61	11	11	99.63636363636364	100.0	102.12727272727274	102.0	105.0
ERR1713355	ARO:3002083	CMY-70	1	1	100.0	100.0	94.7	94.7	94.7
ERR1713355	ARO:3002111	CMY-98	4	4	94.5	99.0	85.925	100.5	103.0
ERR1713355	ARO:3002125	CMY-114	1	1	100.0	100.0	105.0	105.0	105.0
ERR1713355	ARO:3002146	DHA-15	1	1	81.0	81.0	41.2	41.2	41.2
ERR1713355	ARO:3002157	FOX-3	4	4	99.5	100.0	101.725	103.0	105.0
ERR1713355	ARO:3002168	MIR-2	6	6	100.0	100.0	106.83333333333333	107.0	112.0
ERR1713355	ARO:3002190	MOX-8	4	4	100.0	100.0	100.0	100.0	100.0
ERR1713355	ARO:3002191	MOX-9	6	6	95.66666666666667	99.0	95.76666666666667	102.5	107.0
ERR1713355	ARO:3002240	CARB-1	130	130	99.09769230769231	100.0	97.24153846153845	100.0	105.0
ERR1713355	ARO:3002241	CARB-2	43	43	99.85348837209303	100.0	77.85348837209303	79.3	100.0
ERR1713355	ARO:3002242	CARB-3	21	21	99.42380952380952	100.0	89.17619047619048	91.3	99.0
ERR1713355	ARO:3002243	CARB-4	41	41	97.89512195121951	98.0	92.84390243902439	98.6	107.0
ERR1713355	ARO:3002244	CARB-5	222	222	99.58378378378377	100.0	97.50495495495495	100.0	111.0
ERR1713355	ARO:3002245	CARB-6	195	195	99.67948717948718	100.0	100.73025641025642	100.0	110.0
ERR1713355	ARO:3002247	CARB-8	6	6	98.33333333333333	100.0	77.08333333333333	86.05000000000001	99.8
ERR1713355	ARO:3002249	CARB-10	6	6	99.55	100.0	81.36666666666666	86.65	100.0
ERR1713355	ARO:3002250	CARB-12	34	34	98.6029411764706	100.0	90.54411764705883	97.44999999999999	102.0
ERR1713355	ARO:3002252	CARB-14	20	20	99.76	100.0	68.925	64.7	95.5
ERR1713355	ARO:3002332	GES-3	1	1	100.0	100.0	105.0	105.0	105.0
ERR1713355	ARO:3002339	GES-10	1	1	100.0	100.0	108.0	108.0	108.0
ERR1713355	ARO:3002342	GES-13	5	5	98.0	100.0	101.64	104.0	105.0
ERR1713355	ARO:3002343	GES-14	60	60	99.5	100.0	102.85166666666667	103.0	108.0
ERR1713355	ARO:3002350	GES-21	256	256	99.5265625	100.0	93.6375	99.4	113.0
ERR1713355	ARO:3002365	PER-3	2	2	99.0	99.0	101.0	101.0	102.0
ERR1713355	ARO:3002372	VEB-3	32	32	99.375	100.0	102.209375	102.0	111.0
ERR1713355	ARO:3002373	VEB-4	6	6	100.0	100.0	98.75	98.80000000000001	100.0
ERR1713355	ARO:3002374	VEB-6	8	8	99.3875	100.0	83.6	89.15	100.0
ERR1713355	ARO:3002375	VEB-5	17	17	99.74705882352941	100.0	85.7764705882353	92.8	103.0
ERR1713355	ARO:3002385	BEL-1	9	9	99.1	100.0	94.64444444444445	99.4	103.0
ERR1713355	ARO:3002410	OXY-4-1	3	3	100.0	100.0	100.2	99.8	101.0
ERR1713355	ARO:3002411	OXY-5-1	3	3	98.66666666666667	100.0	96.5	98.2	100.0
ERR1713355	ARO:3002414	OXY-6-2	4	4	99.0	100.0	100.325	101.0	103.0
ERR1713355	ARO:3002436	OKP-B-3	4	4	100.0	100.0	88.4	88.15	101.0
ERR1713355	ARO:3002443	OKP-B-10	1	1	80.0	80.0	82.0	82.0	82.0
ERR1713355	ARO:3002452	OKP-B-19	1	1	100.0	100.0	94.7	94.7	94.7
ERR1713355	ARO:3002477	LEN-14	1	1	81.5	81.5	47.0	47.0	47.0
ERR1713355	ARO:3002481	AER-1	158	158	93.99050632911393	95.55000000000001	90.64493670886075	94.4	109.0
ERR1713355	ARO:3002522	novA	6	6	81.91666666666667	80.9	85.0	85.1	96.3
ERR1713355	ARO:3002528	AAC(3)-Ia	11	11	96.52727272727272	96.0	75.88181818181818	76.6	100.0
ERR1713355	ARO:3002529	AAC(3)-Id	2	2	93.65	93.65	72.4	72.4	96.3
ERR1713355	ARO:3002530	AAC(3)-Ib	19	19	98.34736842105262	100.0	47.71052631578947	45.8	97.4
ERR1713355	ARO:3002531	AAC(3)-Ic	1	1	82.2	82.2	77.4	77.4	77.4
ERR1713355	ARO:3002533	AAC(3)-IIa	1	1	93.8	93.8	98.6	98.6	98.6
ERR1713355	ARO:3002535	AAC(3)-IIc	6	6	100.0	100.0	97.76666666666667	106.0	108.0
ERR1713355	ARO:3002537	AAC(3)-IIIb	3	3	86.03333333333335	83.7	77.0	82.0	84.7
ERR1713355	ARO:3002538	AAC(3)-IIIc	1	1	94.0	94.0	99.8	99.8	99.8
ERR1713355	ARO:3002546	AAC(6')-Ib	14	14	98.82142857142857	99.0	102.78571428571429	105.0	110.0
ERR1713355	ARO:3002547	AAC(6')-Ib-cr1	18	18	99.77777777777777	100.0	100.60555555555555	103.5	108.0
ERR1713355	ARO:3002572	AAC(6')-Iad	6	6	80.53333333333333	80.0	57.75	60.85	72.4
ERR1713355	ARO:3002574	AAC(6')-Iaf	5	5	88.1	85.7	74.1	96.3	97.4
ERR1713355	ARO:3002578	AAC(6')-Ib7	453	453	98.198233995585	100.0	82.73554083885209	85.5	110.0
ERR1713355	ARO:3002579	AAC(6')-Ib8	6	6	84.89999999999999	82.69999999999999	45.833333333333336	44.900000000000006	52.8
ERR1713355	ARO:3002580	AAC(6')-Ib9	57	57	97.24912280701754	100.0	86.51754385964912	90.5	108.0
ERR1713355	ARO:3002585	AAC(6')-31	112	112	97.37321428571428	98.0	95.46607142857144	99.4	115.0
ERR1713355	ARO:3002586	AAC(6')-32	6	6	84.5	85.5	81.4	91.30000000000001	94.0
ERR1713355	ARO:3002591	AAC_6_IB_Su	77	77	99.42857142857143	100.0	103.37272727272727	105.0	110.0
ERR1713355	ARO:3002592	AAC6_IB_HZ	66	66	99.73030303030303	100.0	88.02878787878787	99.4	108.0
ERR1713355	ARO:3002594	AAC(6')-IIa	73	73	96.82054794520548	100.0	92.9849315068493	105.0	117.0
ERR1713355	ARO:3002596	AAC(6')-IIc	8	8	89.7125	90.0	96.6125	96.1	102.0
ERR1713355	ARO:3002597	AAC6_Ie_APH2_Ia	290	290	99.09275862068966	100.0	98.43724137931034	103.0	115.0
ERR1713355	ARO:3002599	AAC6_30_AAC6_Ib	11	11	85.38181818181819	84.2	62.51818181818182	63.2	76.3
ERR1713355	ARO:3002601	aadA	214	214	97.07803738317757	100.0	71.7303738317757	69.3	101.0
ERR1713355	ARO:3002602	aadA2	683	683	99.19604685212298	100.0	92.11742313323572	98.6	110.0
ERR1713355	ARO:3002603	aadA3	1	1	83.3	83.3	46.6	46.6	46.6
ERR1713355	ARO:3002604	aadA4	474	474	99.06540084388186	100.0	88.85464135021097	99.0	111.0
ERR1713355	ARO:3002605	aadA5	807	807	98.74584882280048	100.0	99.46691449814126	102.0	115.0
ERR1713355	ARO:3002606	aadA6	103	103	97.3368932038835	100.0	75.22233009708738	76.6	103.0
ERR1713355	ARO:3002607	aadA7	152	152	96.7703947368421	98.0	90.30592105263158	95.9	109.0
ERR1713355	ARO:3002608	aadA8	4	4	97.0	97.0	105.0	105.0	105.0
ERR1713355	ARO:3002609	aadA9	27	27	97.98148148148148	98.0	74.85555555555555	94.0	108.0
ERR1713355	ARO:3002611	aadA11	637	637	99.36985871271585	100.0	93.98210361067504	97.1	112.0
ERR1713355	ARO:3002612	aadA12	79	79	99.44050632911393	100.0	66.83037974683545	62.0	95.9
ERR1713355	ARO:3002613	aadA13	70	70	94.72571428571429	100.0	86.56285714285714	86.7	109.0
ERR1713355	ARO:3002614	aadA14	2	2	86.9	86.9	92.25	92.25	94.0
ERR1713355	ARO:3002616	aadA16	104	104	88.7125	85.0	55.77596153846154	38.7	110.0
ERR1713355	ARO:3002617	aadA17	1	1	96.0	96.0	91.7	91.7	91.7
ERR1713355	ARO:3002619	aadA22	1	1	95.2	95.2	44.7	44.7	44.7
ERR1713355	ARO:3002620	aadA23	470	470	97.9227659574468	100.0	82.73914893617021	90.5	112.0
ERR1713355	ARO:3002621	aadA24	58	58	97.87241379310345	100.0	95.64310344827587	97.1	100.0
ERR1713355	ARO:3002622	aadA6/aadA10	1100	1100	99.41172727272726	100.0	95.97036363636363	101.5	112.0
ERR1713355	ARO:3002626	ANT(6)-Ia	75	75	99.092	100.0	92.63866666666667	100.0	116.0
ERR1713355	ARO:3002627	aadK	1	1	80.0	80.0	82.0	82.0	82.0
ERR1713355	ARO:3002628	aad(6)	42	42	98.14047619047618	100.0	103.86904761904762	106.0	115.0
ERR1713355	ARO:3002629	ANT(6)-Ib	25	25	94.684	100.0	96.568	102.0	113.0
ERR1713355	ARO:3002630	ANT(9)-Ia	5	5	99.6	100.0	95.28	97.1	112.0
ERR1713355	ARO:3002638	APH(3'')-Ia	1	1	80.4	80.4	82.0	82.0	82.0
ERR1713355	ARO:3002639	APH(3'')-Ib	147	147	97.31904761904762	97.7	82.69115646258504	94.0	111.0
ERR1713355	ARO:3002641	APH(3')-Ia	13	13	97.35384615384615	100.0	78.63076923076923	79.0	109.0
ERR1713355	ARO:3002642	APH(3')-Ib	5	5	100.0	100.0	94.36	103.0	104.0
ERR1713355	ARO:3002645	APH(3')-IIb	1	1	80.9	80.9	80.9	80.9	80.9
ERR1713355	ARO:3002647	APH(3')-IIIa	12	12	96.00833333333333	100.0	78.7	67.8	108.0
ERR1713355	ARO:3002652	APH(3')-VIa	13	13	98.93846153846154	100.0	87.37692307692308	93.6	107.0
ERR1713355	ARO:3002659	APH(6)-Ic	3	3	88.5	88.0	92.2	90.5	101.0
ERR1713355	ARO:3002660	APH(6)-Id	61	61	97.10983606557377	97.7	84.84754098360655	93.2	106.0
ERR1713355	ARO:3002666	rmtF	13	13	96.71538461538461	96.0	84.46153846153847	90.9	101.0
ERR1713355	ARO:3002667	rmtD	4	4	95.5	94.0	94.275	99.0	99.0
ERR1713355	ARO:3002668	rmtG	2	2	95.95	95.95	98.05	98.05	99.0
ERR1713355	ARO:3002671	Lreu_cat-TC	3	3	98.0	98.0	105.0	107.0	107.0
ERR1713355	ARO:3002675	catB2	60	60	98.885	100.0	97.48666666666666	104.5	115.0
ERR1713355	ARO:3002676	catB3	340	340	99.23382352941177	100.0	93.56558823529411	102.0	113.0
ERR1713355	ARO:3002679	Paer_catB7	4	4	86.85	87.8	95.675	96.85	100.0
ERR1713355	ARO:3002680	catB8	28	28	97.35714285714286	100.0	93.18928571428572	100.0	112.0
ERR1713355	ARO:3002681	catB9	1	1	83.3	83.3	68.9	68.9	68.9
ERR1713355	ARO:3002686	catP	3	3	86.63333333333333	84.8	72.8	73.2	96.3
ERR1713355	ARO:3002687	catQ	299	299	98.34715719063544	100.0	97.97391304347826	105.0	118.0
ERR1713355	ARO:3002688	catS	10	10	88.56	88.9	92.16	95.30000000000001	105.0
ERR1713355	ARO:3002689	pp_cat	24	24	99.4875	100.0	87.52499999999999	84.3	114.0
ERR1713355	ARO:3002691	Sent_cmlA	66	66	98.76666666666667	100.0	98.67878787878789	100.0	109.0
ERR1713355	ARO:3002694	cmlA4	4	4	95.95	97.9	96.05	95.3	100.0
ERR1713355	ARO:3002695	cmlA5	54	54	98.6574074074074	100.0	88.89259259259259	94.0	104.0
ERR1713355	ARO:3002696	cmlA6	3	3	99.33333333333333	100.0	97.93333333333334	97.8	98.2
ERR1713355	ARO:3002698	cmlB	3	3	93.33333333333333	100.0	76.39999999999999	92.4	97.1
ERR1713355	ARO:3002699	cmlB1	53	53	91.4679245283019	91.8	90.07169811320755	89.7	100.0
ERR1713355	ARO:3002703	cmx	42	42	98.05952380952381	100.0	88.74761904761905	89.55000000000001	101.0
ERR1713355	ARO:3002705	floR	68	68	98.63529411764705	100.0	66.33382352941176	62.55	96.7
ERR1713355	ARO:3002724	QnrB10	3	3	94.43333333333334	96.6	59.666666666666664	58.9	66.2
ERR1713355	ARO:3002730	QnrB15	2	2	94.0	94.0	102.2	102.2	107.0
ERR1713355	ARO:3002734	QnrB19	1	1	100.0	100.0	107.0	107.0	107.0
ERR1713355	ARO:3002735	QnrB20	2	2	100.0	100.0	45.8	45.8	45.8
ERR1713355	ARO:3002737	QnrB22	11	11	95.06363636363636	96.2	67.28181818181818	57.4	102.0
ERR1713355	ARO:3002738	QnrB23	4	4	96.5	97.0	101.8	102.5	104.0
ERR1713355	ARO:3002745	QnrB30	1	1	98.0	98.0	99.8	99.8	99.8
ERR1713355	ARO:3002747	QnrB32	1	1	98.0	98.0	105.0	105.0	105.0
ERR1713355	ARO:3002748	QnrB33	2	2	84.7	84.7	90.85	90.85	92.0
ERR1713355	ARO:3002762	QnrB47	8	8	97.725	98.0	102.4125	105.5	109.0
ERR1713355	ARO:3002767	QnrB54	2	2	94.0	94.0	96.85	96.85	98.2
ERR1713355	ARO:3002774	QnrB61	1	1	98.0	98.0	101.0	101.0	101.0
ERR1713355	ARO:3002784	QnrB72	1	1	98.0	98.0	106.0	106.0	106.0
ERR1713355	ARO:3002790	QnrS1	2	2	91.65	91.65	66.0	66.0	71.2
ERR1713355	ARO:3002791	QnrS2	13	13	100.0	100.0	105.6923076923077	107.0	110.0
ERR1713355	ARO:3002792	QnrS3	2	2	100.0	100.0	67.19999999999999	67.19999999999999	73.6
ERR1713355	ARO:3002793	QnrS4	2	2	92.0	92.0	77.4	77.4	77.4
ERR1713355	ARO:3002794	QnrS5	19	19	93.83684210526316	93.2	83.80526315789473	77.4	105.0
ERR1713355	ARO:3002795	QnrS6	15	15	97.8	100.0	79.77333333333333	90.5	107.0
ERR1713355	ARO:3002797	QnrS8	6	6	89.63333333333333	90.0	85.18333333333334	94.4	102.0
ERR1713355	ARO:3002798	QnrS9	21	21	89.15714285714286	89.8	95.11904761904762	92.0	108.0
ERR1713355	ARO:3002799	QnrVC1	8	8	100.0	100.0	60.7375	66.6	67.4
ERR1713355	ARO:3002800	QnrVC3	8	8	96.8	97.1	70.2125	71.6	95.9
ERR1713355	ARO:3002801	QnrVC4	7	7	100.0	100.0	79.32857142857142	89.4	105.0
ERR1713355	ARO:3002803	QnrVC6	6	6	85.48333333333333	83.65	88.98333333333333	90.15	104.0
ERR1713355	ARO:3002804	FosA2	20	20	95.045	95.85	95.63	101.0	109.0
ERR1713355	ARO:3002812	pp-flo	28	28	94.92142857142858	98.0	92.51785714285714	93.6	103.0
ERR1713355	ARO:3002813	lmrB	1	1	83.3	83.3	37.7	37.7	37.7
ERR1713355	ARO:3002819	msrC	9	9	97.06666666666666	100.0	83.43333333333334	92.4	100.0
ERR1713355	ARO:3002826	EreA2	350	350	99.00685714285714	100.0	89.43685714285715	99.4	108.0
ERR1713355	ARO:3002835	lnuA	6	6	97.33333333333333	98.0	106.83333333333333	107.5	110.0
ERR1713355	ARO:3002836	lnuB	159	159	97.47798742138365	100.0	89.6006289308176	96.7	108.0
ERR1713355	ARO:3002837	lnuC	19	19	96.28947368421052	98.0	88.19473684210527	101.0	111.0
ERR1713355	ARO:3002838	lnuD	254	254	84.31181102362206	83.7	82.37165354330709	85.9	104.0
ERR1713355	ARO:3002839	lnuF	25	25	92.456	90.0	93.976	89.7	115.0
ERR1713355	ARO:3002841	vatB	84	84	82.95714285714286	82.0	90.24047619047619	94.7	106.0
ERR1713355	ARO:3002842	vatC	1	1	81.0	81.0	39.3	39.3	39.3
ERR1713355	ARO:3002844	vatE	6	6	84.21666666666667	84.0	87.41666666666667	93.2	102.0
ERR1713355	ARO:3002845	vatH	1	1	81.5	81.5	50.4	50.4	50.4
ERR1713355	ARO:3002846	arr-1	1	1	81.8	81.8	43.1	43.1	43.1
ERR1713355	ARO:3002847	arr-2	8	8	99.5	100.0	110.375	111.0	114.0
ERR1713355	ARO:3002848	arr-3	64	64	99.6046875	100.0	91.475	102.0	115.0
ERR1713355	ARO:3002849	arr-4	4	4	80.44999999999999	80.6	58.075	60.5	60.5
ERR1713355	ARO:3002850	arr-5	2	2	90.0	90.0	42.7	42.7	42.7
ERR1713355	ARO:3002854	dfrA1	13	13	97.36153846153846	100.0	87.0076923076923	100.0	106.0
ERR1713355	ARO:3002858	dfrA12	4	4	100.0	100.0	85.975	85.69999999999999	98.2
ERR1713355	ARO:3002859	dfrA14	25	25	98.78	100.0	90.50399999999999	103.0	110.0
ERR1713355	ARO:3002860	dfrA17	5	5	99.42	100.0	90.28	97.4	104.0
ERR1713355	ARO:3002861	dfrA5	3	3	99.2	100.0	85.3	89.0	103.0
ERR1713355	ARO:3002862	dfrA7	23	23	97.55217391304348	100.0	85.39565217391304	91.7	108.0
ERR1713355	ARO:3002863	dfrA8	1	1	100.0	100.0	100.0	100.0	100.0
ERR1713355	ARO:3002866	dfrD	6	6	98.10000000000001	97.9	96.56666666666666	100.0	106.0
ERR1713355	ARO:3002867	dfrF	112	112	98.85000000000001	100.0	90.78571428571429	100.0	106.0
ERR1713355	ARO:3002868	dfrG	57	57	99.10877192982456	100.0	97.66491228070174	107.0	111.0
ERR1713355	ARO:3002869	dfrK	2	2	88.8	88.8	99.7	99.7	107.0
ERR1713355	ARO:3002871	tet(37)	72	72	84.80000000000001	81.19999999999999	54.80277777777778	43.9	99.0
ERR1713355	ARO:3002873	FosB3	1	1	100.0	100.0	60.8	60.8	60.8
ERR1713355	ARO:3002874	FosC2	2	2	100.0	100.0	100.0	100.0	111.0
ERR1713355	ARO:3002875	dfrE	1	1	98.0	98.0	109.0	109.0	109.0
ERR1713355	ARO:3002879	linG	128	128	98.26640625	100.0	94.95078125	102.0	114.0
ERR1713355	ARO:3002882	lmrD	213	213	85.42769953051642	82.4	85.6093896713615	87.4	101.0
ERR1713355	ARO:3002884	iri	1	1	80.4	80.4	88.6	88.6	88.6
ERR1713355	ARO:3002895	SAT-2	73	73	99.53287671232876	100.0	93.51917808219177	101.0	113.0
ERR1713355	ARO:3002897	SAT-4	13	13	93.71538461538461	92.3	85.13076923076923	97.4	110.0
ERR1713355	ARO:3002908	vanF	1	1	81.0	81.0	40.0	40.0	40.0
ERR1713355	ARO:3002909	vanG	8	8	83.95	83.7	89.53750000000001	90.9	94.0
ERR1713355	ARO:3002919	vanR_in_vanA_cl	33	33	85.26969696969697	83.3	61.81212121212121	58.5	95.9
ERR1713355	ARO:3002922	vanR_in_vanC_cl	48	48	82.76458333333333	81.8	61.71041666666667	62.599999999999994	89.7
ERR1713355	ARO:3002923	vanR_in_vanD_cl	33	33	84.43333333333334	83.3	59.93333333333333	51.2	92.4
ERR1713355	ARO:3002924	vanR_in_vanE_cl	2	2	81.4	81.4	54.3	54.3	55.5
ERR1713355	ARO:3002925	vanR_in_vanF_cl	2	2	80.0	80.0	42.7	42.7	42.7
ERR1713355	ARO:3002926	vanR_in_vanG_cl	57	57	84.35964912280701	83.7	78.05964912280702	82.0	106.0
ERR1713355	ARO:3002927	vanR_in_vanL_cl	7	7	82.78571428571429	83.0	68.17142857142858	74.7	90.9
ERR1713355	ARO:3002928	vanR_in_vanM_cl	3	3	81.0	81.0	40.4	40.4	40.4
ERR1713355	ARO:3002929	vanR_in_vanN_cl	18	18	81.63333333333333	81.55	55.09444444444445	54.9	84.3
ERR1713355	ARO:3002930	vanR_in_vanO_cl	14	14	87.32142857142857	87.8	82.96428571428571	88.0	95.1
ERR1713355	ARO:3002931	vanS_in_vanA_cl	3	3	93.53333333333335	100.0	88.60000000000001	101.0	102.0
ERR1713355	ARO:3002933	vanS_in_vanC_cl	4	4	81.625	81.6	82.6	82.8	83.2
ERR1713355	ARO:3002934	vanS_in_vanD_cl	30	30	88.25	88.0	72.21000000000001	79.75	87.0
ERR1713355	ARO:3002937	vanS_in_vanG_cl	10	10	81.97999999999999	80.8	68.24	78.2	80.9
ERR1713355	ARO:3002938	vanS_in_vanL_cl	1	1	81.8	81.8	75.9	75.9	75.9
ERR1713355	ARO:3002940	vanS_in_vanN_cl	2	2	81.8	81.8	84.94999999999999	84.94999999999999	86.3
ERR1713355	ARO:3002944	vanH_in_vanD_cl	1	1	80.6	80.6	49.7	49.7	49.7
ERR1713355	ARO:3002945	vanH_in_vanF_cl	2	2	83.0	83.0	89.55000000000001	89.55000000000001	94.4
ERR1713355	ARO:3002950	vanX_in_vanB_cl	1	1	85.7	85.7	48.5	48.5	48.5
ERR1713355	ARO:3002954	vanX_in_vanO_cl	2	2	83.3	83.3	54.7	54.7	54.7
ERR1713355	ARO:3002955	vanY_in_vanA_cl	4	4	94.925	98.8	87.025	93.3	106.0
ERR1713355	ARO:3002959	vanY_in_vanG_cl	8	8	90.2125	90.85	97.075	101.0	105.0
ERR1713355	ARO:3002962	vanZ_in_vanA_cl	1	1	95.7	95.7	91.3	91.3	91.3
ERR1713355	ARO:3002965	vanW_in_vanG_cl	10	10	89.08	90.69999999999999	98.86	99.3	106.0
ERR1713355	ARO:3002966	vanXY_in_vanC	8	8	82.55	82.1	57.4125	56.6	63.5
ERR1713355	ARO:3002967	vanXY_in_vanE	1	1	82.1	82.1	55.8	55.8	55.8
ERR1713355	ARO:3002969	vanXY_in_vanN	1	1	82.8	82.8	61.2	61.2	61.2
ERR1713355	ARO:3002972	vanT_in_vanG_cl	31	31	97.98064516129033	100.0	94.9483870967742	99.4	108.0
ERR1713355	ARO:3002982	amrA	1	1	80.0	80.0	39.3	39.3	39.3
ERR1713355	ARO:3002983	amrB	315	315	82.88952380952381	83.3	60.548253968253974	69.3	81.3
ERR1713355	ARO:3002985	arnA	139	139	86.10647482014387	86.0	93.7136690647482	94.4	106.0
ERR1713355	ARO:3002986	bacA	237	237	91.18438818565402	90.0	74.57510548523206	84.3	111.0
ERR1713355	ARO:3002987	bcrA	39	39	81.65128205128205	81.3	73.71794871794872	76.3	80.5
ERR1713355	ARO:3002997	LCR-1	73	73	92.10000000000001	96.0	91.03150684931506	95.5	112.0
ERR1713355	ARO:3002999	CblA-1	2	2	98.0	98.0	100.0	100.0	100.0
ERR1713355	ARO:3003002	CfxA2	379	379	99.32585751978891	100.0	93.03456464379947	99.4	108.0
ERR1713355	ARO:3003003	CfxA3	26	26	99.29615384615384	100.0	102.22692307692309	103.0	107.0
ERR1713355	ARO:3003005	CfxA4	2	2	100.0	100.0	104.5	104.5	106.0
ERR1713355	ARO:3003010	ceoB	2688	2688	82.86945684523809	82.0	78.1811755952381	80.9	93.2
ERR1713355	ARO:3003012	dfrA13	6	6	80.89999999999999	80.5	45.199999999999996	46.25	47.8
ERR1713355	ARO:3003013	dfrA15	12	12	97.74166666666667	97.4	88.84166666666665	91.65	105.0
ERR1713355	ARO:3003014	dfrA16	7	7	97.71428571428571	100.0	100.51428571428572	103.0	107.0
ERR1713355	ARO:3003015	dfrA19	12	12	98.79166666666667	98.0	88.10833333333333	98.6	105.0
ERR1713355	ARO:3003016	dfrA20	1	1	88.0	88.0	92.8	92.8	92.8
ERR1713355	ARO:3003031	MexW	148	148	85.84189189189189	84.4	73.56486486486487	79.55	101.0
ERR1713355	ARO:3003033	mexY	880	880	81.95556818181818	81.6	76.41545454545455	77.0	90.9
ERR1713355	ARO:3003036	oleB	1	1	88.0	88.0	45.4	45.4	45.4
ERR1713355	ARO:3003039	OprA	241	241	82.44439834024895	82.1	59.111203319502074	60.1	74.7
ERR1713355	ARO:3003041	Spne_PBP1a_AMX	187	187	83.66203208556149	83.3	85.52834224598931	85.5	93.2
ERR1713355	ARO:3003042	Spne_PBP2b_AMX	48	48	81.50416666666666	81.6	87.13958333333333	88.2	92.4
ERR1713355	ARO:3003043	Spne_PBP2x_AMX	14	14	80.94285714285715	81.3	80.25714285714285	83.0	86.3
ERR1713355	ARO:3003048	rosA	135	135	86.72666666666667	85.7	76.02444444444444	80.9	98.6
ERR1713355	ARO:3003049	rosB	372	372	84.47392473118279	83.3	78.93413978494624	79.5	99.4
ERR1713355	ARO:3003052	smeB	270	270	86.52518518518518	86.0	75.34814814814816	77.4	97.8
ERR1713355	ARO:3003053	smeC	9	9	85.04444444444444	82.0	79.36666666666666	80.1	92.8
ERR1713355	ARO:3003055	smeD	26	26	85.71538461538461	85.55000000000001	78.79230769230769	79.15	90.9
ERR1713355	ARO:3003056	smeE	566	566	85.50901060070672	84.4	72.60459363957597	78.2	97.1
ERR1713355	ARO:3003057	smeF	147	147	83.27414965986394	82.5	64.20816326530613	66.6	80.1
ERR1713355	ARO:3003066	smeR	147	147	82.93401360544217	81.5	59.587074829931964	56.6	90.1
ERR1713355	ARO:3003069	vanXY_in_vanG	3	3	84.03333333333333	84.0	85.39999999999999	85.9	97.1
ERR1713355	ARO:3003071	mphF	7	7	98.0	100.0	100.57142857142857	103.0	113.0
ERR1713355	ARO:3003074	Saur_cls_DAP	6	6	82.28333333333333	82.65	85.7	85.9	92.0
ERR1713355	ARO:3003077	Efae_liaF_DAP	1	1	81.6	81.6	89.0	89.0	89.0
ERR1713355	ARO:3003078	Efac_liaR_DAP	80	80	83.70625	82.9	69.80375000000001	68.75	92.0
ERR1713355	ARO:3003079	Efac_liaS_DAP	2	2	100.0	100.0	97.55	97.55	100.0
ERR1713355	ARO:3003092	Efac_cls_DAP	5	5	96.0	100.0	92.92	103.0	107.0
ERR1713355	ARO:3003097	CfxA6	79	79	98.87594936708861	100.0	95.49240506329113	99.8	106.0
ERR1713355	ARO:3003105	dfrA3	2	2	85.69999999999999	85.69999999999999	100.4	100.4	103.0
ERR1713355	ARO:3003106	Erm(42)	9	9	96.47777777777777	97.4	94.25555555555555	97.1	104.0
ERR1713355	ARO:3003107	mef(B)	63	63	95.13650793650794	96.0	93.48730158730159	96.3	110.0
ERR1713355	ARO:3003109	msrE	4438	4438	98.34438936457865	100.0	93.34409643983776	97.1	110.0
ERR1713355	ARO:3003111	lsaB	40	40	83.505	83.7	83.5975	89.2	94.0
ERR1713355	ARO:3003112	lsaC	4	4	91.475	91.95	93.775	94.9	99.0
ERR1713355	ARO:3003116	OXA-420	12	12	99.39999999999999	100.0	93.36666666666667	103.0	103.0
ERR1713355	ARO:3003128	OXA-436	2	2	82.6	82.6	37.7	37.7	37.7
ERR1713355	ARO:3003146	VEB-10	1	1	97.9	97.9	95.9	95.9	95.9
ERR1713355	ARO:3003163	CTX-M-155	2	2	100.0	100.0	73.6	73.6	73.6
ERR1713355	ARO:3003171	ACT-36	2	2	100.0	100.0	56.2	56.2	56.2
ERR1713355	ARO:3003197	aadA25	63	63	97.36190476190477	100.0	71.76349206349207	73.2	97.8
ERR1713355	ARO:3003203	TLA-2	2	2	85.8	85.8	95.85	95.85	100.0
ERR1713355	ARO:3003206	lsaE	326	326	95.17484662576688	98.0	92.16196319018405	97.4	114.0
ERR1713355	ARO:3003208	FosXCC	2	2	82.4	82.4	49.7	49.7	50.1
ERR1713355	ARO:3003209	fosA5	13	13	93.13846153846154	91.1	78.66153846153847	92.4	106.0
ERR1713355	ARO:3003283	Mtub_rpoB_RIF	128	128	83.734375	82.0	78.21484375	80.1	102.0
ERR1713355	ARO:3003284	Mlep_rpoB_RIF	757	757	86.30700132100397	85.7	89.51466314398944	90.5	109.0
ERR1713355	ARO:3003285	Saur_rpoB_RIF	1214	1214	84.3361614497529	83.0	82.26144975288302	87.8	106.0
ERR1713355	ARO:3003288	Ecol_rpoB_RIF	9857	9857	87.97264887896927	87.0	90.75589936086031	91.7	112.0
ERR1713355	ARO:3003291	Saur_rpoC_DAP	7057	7057	85.54008785602947	85.0	86.90657503188324	89.7	113.0
ERR1713355	ARO:3003294	Ecol_gyrA_FLO	166	166	90.7222891566265	91.0	78.69578313253012	84.15	107.0
ERR1713355	ARO:3003295	Mtub_gyrA_FLO	42	42	84.12142857142857	82.6	79.10952380952381	86.30000000000001	103.0
ERR1713355	ARO:3003296	Saur_gyrA_FLO	900	900	83.57544444444444	83.3	86.99422222222222	89.4	103.0
ERR1713355	ARO:3003297	Bbac_gyrA_FLO	346	346	82.20895953757226	81.6	80.3592485549133	83.4	102.0
ERR1713355	ARO:3003298	Mlep_gyrA_FLO	40	40	82.8875	81.85	63.557500000000005	59.150000000000006	97.8
ERR1713355	ARO:3003301	Saur_gyrB_AMU	1766	1766	84.27451868629672	83.7	77.59439411098528	82.0	99.0
ERR1713355	ARO:3003302	Bbac_gyrA_AMU	1120	1120	84.19669642857143	83.3	72.79508928571428	77.4	105.0
ERR1713355	ARO:3003303	Ecol_gyrB_AMU	2732	2732	88.84520497803807	88.0	87.03784773060029	90.9	115.0
ERR1713355	ARO:3003304	Mlep_gyrB_FLO	57	57	83.44736842105263	83.3	79.46491228070175	87.0	103.0
ERR1713355	ARO:3003305	Uure_gyrB_FLO	942	942	87.77123142250531	88.5	51.92091295116773	49.3	89.4
ERR1713355	ARO:3003306	Mmor_gyrB_FLO	1002	1002	85.48972055888223	84.0	74.3942115768463	79.0	105.0
ERR1713355	ARO:3003307	Sser_gyrB_FLO	1411	1411	86.45719347980156	86.0	86.85513819985826	91.3	106.0
ERR1713355	ARO:3003308	Ecol_parC_FLO	314	314	93.28057324840763	94.0	92.70796178343949	95.5	114.0
ERR1713355	ARO:3003309	Uure_parC_FLO	12	12	81.14166666666667	80.0	83.50833333333334	89.0	92.0
ERR1713355	ARO:3003310	Mhom_23S_FLO	29	29	80.4793103448276	80.6	59.258620689655174	59.7	70.1
ERR1713355	ARO:3003311	Spne_parC_FLO	1387	1387	88.50821917808219	87.8	89.08651766402308	89.7	110.0
ERR1713355	ARO:3003312	Saur_parC_FLO	92	92	82.76304347826087	82.0	79.8695652173913	84.0	99.0
ERR1713355	ARO:3003314	Saur_parE_AMU	935	935	85.55828877005348	84.0	69.95401069518716	73.9	99.0
ERR1713355	ARO:3003315	Saur_parE_FLO	23	23	83.99130434782609	84.8	70.7	75.5	92.0
ERR1713355	ARO:3003316	Ecol_parE_FLO	750	750	88.83706666666667	86.4	90.87293333333334	92.4	114.0
ERR1713355	ARO:3003317	Sser_parE_FLO	84	84	91.20119047619048	93.9	91.36309523809524	94.2	111.0
ERR1713355	ARO:3003324	Bsub_mprF	2	2	90.95	90.95	96.7	96.7	99.0
ERR1713355	ARO:3003326	Mtub_embB_EMB	10	10	85.92999999999999	86.0	94.53	94.9	100.0
ERR1713355	ARO:3003327	Mtub_embC_EMB	14	14	89.12142857142858	89.8	89.62142857142858	88.2	110.0
ERR1713355	ARO:3003357	Cdif_EFTu_ELF	6256	6256	90.67934782608695	92.0	91.69828964194373	98.2	110.0
ERR1713355	ARO:3003359	Scin_EFTu_ELF	2950	2950	88.9330847457627	89.8	65.43274576271186	65.1	108.0
ERR1713355	ARO:3003361	Pros_EFTu_GE2A	2612	2612	82.84980857580399	82.0	87.39770290964778	91.3	106.0
ERR1713355	ARO:3003368	Ecol_EFTu_KIR	16137	16137	86.75233934436389	85.7	85.53192043130694	90.1	113.0
ERR1713355	ARO:3003369	Ecol_EFTu_PLV	111	111	86.25495495495495	83.3	67.94954954954954	68.2	99.0
ERR1713355	ARO:3003373	Kpne_acrR_MULT	35	35	90.85142857142857	89.6	76.34285714285714	86.3	106.0
ERR1713355	ARO:3003374	Kaer_acrR_MULT	61	61	85.72950819672131	83.3	61.52622950819672	47.0	98.2
ERR1713355	ARO:3003378	Ecol_MarR_MULT	49	49	91.78367346938775	91.8	83.0061224489796	90.5	107.0
ERR1713355	ARO:3003379	Sent_ramR	4	4	84.575	83.15	75.6	80.9	97.1
ERR1713355	ARO:3003380	Kpne_ramR	23	23	94.21304347826087	95.9	83.85217391304347	85.1	110.0
ERR1713355	ARO:3003381	Ecol_soxR_MULT	45	45	94.68888888888888	94.7	86.39111111111112	93.2	107.0
ERR1713355	ARO:3003382	Sent_soxR_MULT	41	41	89.57317073170732	89.8	82.4829268292683	86.7	104.0
ERR1713355	ARO:3003383	Sent_soxS_MULT	40	40	93.075	92.0	81.86749999999999	89.4	105.0
ERR1713355	ARO:3003385	Kaer_Omp36	23	23	86.0391304347826	85.7	86.29130434782608	90.1	105.0
ERR1713355	ARO:3003386	Ecol_folP_SLF	252	252	90.80952380952381	90.9	75.88650793650794	89.55000000000001	106.0
ERR1713355	ARO:3003387	Spyo_folP_SLF	144	144	86.40069444444445	86.0	72.13055555555555	82.6	93.6
ERR1713355	ARO:3003390	Ecol_ompF_BLA	64	64	93.675	97.0	89.6984375	95.5	108.0
ERR1713355	ARO:3003392	Mtub_katG_INH	1059	1059	82.66732766761095	82.0	85.0695939565628	90.9	106.0
ERR1713355	ARO:3003393	Mtub_inhA_INH	9	9	91.87777777777778	92.0	85.36666666666666	85.5	99.0
ERR1713355	ARO:3003394	Mtub_pncA_PZA	16	16	85.1375	85.0	41.16875	40.8	45.1
ERR1713355	ARO:3003395	Mtub_rpsL_STR	3976	3976	83.36114185110665	83.3	80.85213782696177	85.5	100.0
ERR1713355	ARO:3003438	Efac_EFTu_GE2A	7586	7586	87.67588979699447	86.0	88.61906142894806	92.4	110.0
ERR1713355	ARO:3003440	mecB	1	1	81.0	81.0	38.9	38.9	38.9
ERR1713355	ARO:3003445	Mtub_tlyA_AMG	13	13	84.85384615384615	82.5	71.93076923076923	77.8	89.4
ERR1713355	ARO:3003448	Mtub_iniA_EMB	1	1	83.7	83.7	91.7	91.7	91.7
ERR1713355	ARO:3003451	Mtub_iniC_EMB	10	10	84.03	83.7	77.55	79.9	84.7
ERR1713355	ARO:3003453	Mtub_embA_EMB	10	10	85.03	85.0	86.25	88.80000000000001	94.0
ERR1713355	ARO:3003458	Mtub_ethA_ETO	7	7	82.84285714285714	81.8	86.31428571428572	87.8	95.1
ERR1713355	ARO:3003459	Mtub_gyrB_FLO	404	404	83.61782178217821	83.3	63.84925742574257	64.7	99.4
ERR1713355	ARO:3003461	Mtub_ndh_INH	17	17	88.12941176470588	87.8	87.91764705882352	88.2	99.0
ERR1713355	ARO:3003463	Mtub_kasA_INH	10	10	87.9	87.9	82.77000000000001	84.75	89.4
ERR1713355	ARO:3003470	Mtub_gidB_STR	1	1	85.4	85.4	68.9	68.9	68.9
ERR1713355	ARO:3003479	tetR	81	81	98.33086419753087	100.0	82.52345679012345	87.8	112.0
ERR1713355	ARO:3003511	Ecol_soxS_MULT	18	18	98.63333333333334	100.0	82.71111111111111	92.0	106.0
ERR1713355	ARO:3003548	mdtN	71	71	96.72676056338028	100.0	86.1112676056338	91.7	104.0
ERR1713355	ARO:3003549	mdtO	106	106	97.16981132075472	100.0	95.33962264150944	97.8	112.0
ERR1713355	ARO:3003550	mdtP	84	84	95.66309523809524	98.0	92.66071428571429	93.2	112.0
ERR1713355	ARO:3003551	emeA	29	29	85.85517241379311	84.0	84.0551724137931	83.6	99.0
ERR1713355	ARO:3003563	RCP-1	10	10	99.39	100.0	95.6	102.0	107.0
ERR1713355	ARO:3003573	LpxA	287	287	86.4156794425087	86.0	70.41358885017422	71.6	102.0
ERR1713355	ARO:3003574	LpxC	897	897	91.3623188405797	92.0	89.78595317725753	94.7	105.0
ERR1713355	ARO:3003575	LpxD	242	242	87.22190082644629	87.5	69.65578512396695	68.75	102.0
ERR1713355	ARO:3003576	eptA	113	113	94.11327433628318	98.0	93.61327433628318	97.8	113.0
ERR1713355	ARO:3003577	ugd	1059	1059	84.40651558073654	83.7	88.51548630783758	92.0	110.0
ERR1713355	ARO:3003578	PmrF	144	144	90.04097222222222	89.8	88.29722222222222	91.5	109.0
ERR1713355	ARO:3003582	basR	40	40	80.58	80.0	49.084999999999994	46.95	77.0
ERR1713355	ARO:3003585	Kleb_PhoP_CST	97	97	94.57628865979382	94.0	88.87113402061856	92.8	105.0
ERR1713355	ARO:3003620	OXA-464	24	24	84.99583333333334	84.0	92.825	95.3	106.0
ERR1713355	ARO:3003628	OXA-472	3	3	84.36666666666666	85.1	87.3	85.1	92.8
ERR1713355	ARO:3003635	OXA-478	2	2	82.8	82.8	89.7	89.7	92.4
ERR1713355	ARO:3003638	OXA-481	1	1	90.0	90.0	92.4	92.4	92.4
ERR1713355	ARO:3003643	OXA-486	3	3	81.2	81.6	89.5	89.0	91.3
ERR1713355	ARO:3003676	AAC(6')-Ib'	2	2	100.0	100.0	78.4	78.4	104.0
ERR1713355	ARO:3003679	TriA	9	9	87.64444444444445	83.3	73.30000000000001	74.7	78.2
ERR1713355	ARO:3003680	TriB	2	2	81.44999999999999	81.44999999999999	72.80000000000001	72.80000000000001	73.2
ERR1713355	ARO:3003681	TriC	235	235	86.2331914893617	86.0	82.80382978723405	83.2	99.0
ERR1713355	ARO:3003682	OpmH	91	91	85.30549450549451	84.4	83.8087912087912	85.5	92.4
ERR1713355	ARO:3003684	Paer_gyrA_FLO	667	667	87.49400299850075	87.2	89.42623688155922	90.5	113.0
ERR1713355	ARO:3003685	Paer_parE_FLO	1197	1197	85.66892230576441	84.0	85.14569757727652	88.2	108.0
ERR1713355	ARO:3003686	Paer_oprD_IPM	4	4	82.2	81.94999999999999	77.625	87.85	94.4
ERR1713355	ARO:3003688	PvrR	4	4	86.05	83.75	56.2	45.8	93.2
ERR1713355	ARO:3003692	MexJ	8	8	82.3	81.8	80.65	80.9	85.1
ERR1713355	ARO:3003693	MexK	2108	2108	85.72523719165085	85.4	74.01878557874763	76.3	97.8
ERR1713355	ARO:3003698	mexP	2	2	81.0	81.0	73.19999999999999	73.19999999999999	73.6
ERR1713355	ARO:3003699	mexQ	266	266	83.64248120300752	82.1	66.00338345864662	64.7	102.0
ERR1713355	ARO:3003700	opmE	4	4	86.075	86.35	72.32499999999999	76.3	81.6
ERR1713355	ARO:3003702	Paer_ParC_FLO	502	502	87.64362549800796	86.0	87.80159362549801	89.7	112.0
ERR1713355	ARO:3003705	mexN	275	275	83.12109090909091	82.8	59.75127272727272	58.5	92.4
ERR1713355	ARO:3003716	CPS-1	1	1	80.0	80.0	69.7	69.7	69.7
ERR1713355	ARO:3003717	ESP-1	15	15	89.18	91.8	91.65333333333334	95.1	101.0
ERR1713355	ARO:3003723	vanI	1	1	80.0	80.0	41.6	41.6	41.6
ERR1713355	ARO:3003728	vanR_in_vanI_cl	15	15	82.48666666666666	81.6	73.90666666666668	77.0	95.9
ERR1713355	ARO:3003729	Saur_ileS_MUP	186	186	82.46666666666667	82.0	89.14462365591399	92.0	103.0
ERR1713355	ARO:3003730	Bbif_ileS_MUP	624	624	90.17564102564103	90.0	97.80785256410256	100.0	116.0
ERR1713355	ARO:3003735	Saur_fusA_FA	4193	4193	84.85869305986168	83.9	80.88294777009301	85.9	105.0
ERR1713355	ARO:3003737	Saur_fusE_FA	169	169	86.89408284023669	87.1	53.238461538461536	52.0	85.1
ERR1713355	ARO:3003741	mphE	2652	2652	99.4409125188537	100.0	95.46168929110105	101.0	112.0
ERR1713355	ARO:3003742	mphG	275	275	94.34981818181818	98.0	93.77781818181819	97.4	119.0
ERR1713355	ARO:3003744	vatF	26	26	84.42307692307692	84.05000000000001	90.85	90.9	103.0
ERR1713355	ARO:3003745	mef(C)	518	518	96.22335907335906	98.0	87.65830115830116	91.3	104.0
ERR1713355	ARO:3003746	optrA	1	1	81.3	81.3	86.3	86.3	86.3
ERR1713355	ARO:3003751	Ecol_nfsA_NIT	99	99	92.15858585858587	92.0	90.65252525252525	93.6	110.0
ERR1713355	ARO:3003756	Ecol_nfsB_NIT	109	109	90.55779816513761	88.0	85.77798165137614	89.4	107.0
ERR1713355	ARO:3003760	Efae_cls_DAP	1	1	85.0	85.0	40.8	40.8	40.8
ERR1713355	ARO:3003761	eatAv	10	10	84.22999999999999	84.0	84.53	85.3	87.8
ERR1713355	ARO:3003772	Bsui_mprF	3	3	93.16666666666667	93.8	83.2	83.6	84.0
ERR1713355	ARO:3003773	Cper_mprF	8	8	97.0	98.0	98.2875	101.5	105.0
ERR1713355	ARO:3003775	Ecol_murA_FOF	508	508	88.93661417322835	89.19999999999999	81.36850393700787	85.7	107.0
ERR1713355	ARO:3003776	Saur_murA_FOF	19	19	82.1421052631579	80.0	73.9	74.3	97.4
ERR1713355	ARO:3003778	Msme_ndh_INH	21	21	86.23333333333333	85.7	82.6047619047619	85.5	94.7
ERR1713355	ARO:3003784	Mtub_murA_FOF	33	33	91.46060606060605	91.5	91.81818181818181	93.2	108.0
ERR1713355	ARO:3003789	Cjej_gyrA_FLO	208	208	82.63701923076923	81.6	78.8096153846154	83.6	95.1
ERR1713355	ARO:3003790	Efac_liaF_DAP	1	1	84.0	84.0	89.4	89.4	89.4
ERR1713355	ARO:3003791	Efae_liaS_DAP	3	3	83.13333333333334	82.9	66.60000000000001	63.5	79.3
ERR1713355	ARO:3003792	Efae_liaR_DAP	67	67	82.92686567164179	82.0	72.94328358208955	81.3	90.5
ERR1713355	ARO:3003794	Saur_walK_DAP	3	3	91.60000000000001	96.0	80.86666666666666	94.7	97.8
ERR1713355	ARO:3003797	Efae_YybT_DAP	3	3	84.66666666666667	84.0	88.60000000000001	88.6	89.4
ERR1713355	ARO:3003805	Efae_gshF_DAP	3	3	86.66666666666667	80.0	82.86666666666666	78.6	108.0
ERR1713355	ARO:3003807	Ecol_AcrR_MULT	63	63	91.93174603174603	90.9	78.13809523809523	88.2	107.0
ERR1713355	ARO:3003808	carO	109	109	85.21192660550459	85.1	87.7926605504587	91.3	101.0
ERR1713355	ARO:3003809	Abau_OprD_IPM	235	235	85.27659574468085	84.0	83.31574468085107	87.4	108.0
ERR1713355	ARO:3003811	adeC	24	24	83.85416666666667	84.0	85.47083333333335	85.5	97.1
ERR1713355	ARO:3003813	Efae_drmA_DAP	2	2	97.6	97.6	46.6	46.6	47.0
ERR1713355	ARO:3003817	Abau_gyrA_FLO	2344	2344	89.70068259385665	90.0	88.66587030716722	90.5	110.0
ERR1713355	ARO:3003818	Abau_parC_FLO	1909	1909	90.04201152435832	90.6	88.51063383970664	92.4	113.0
ERR1713355	ARO:3003838	gadW	55	55	93.51454545454546	92.7	89.32181818181817	91.7	105.0
ERR1713355	ARO:3003839	Mrx	99	99	99.06767676767677	100.0	88.71616161616161	91.7	100.0
ERR1713355	ARO:3003841	kdpE	156	156	87.28141025641025	86.0	82.82948717948717	87.05000000000001	110.0
ERR1713355	ARO:3003843	leuO	106	106	92.73584905660377	95.95	90.96698113207547	94.2	110.0
ERR1713355	ARO:3003849	ADC-3	1	1	100.0	100.0	58.2	58.2	58.2
ERR1713355	ARO:3003854	ADC-8	7	7	85.55714285714285	85.7	85.88571428571429	91.3	96.3
ERR1713355	ARO:3003859	ADC-15	6	6	82.71666666666665	82.55	74.33333333333333	76.65	85.1
ERR1713355	ARO:3003890	Ecol_UhpT_FOF	305	305	96.1016393442623	96.0	93.50262295081967	96.3	109.0
ERR1713355	ARO:3003893	Ecol_uhpA_FOF	134	134	94.29253731343285	94.0	83.8813432835821	90.69999999999999	103.0
ERR1713355	ARO:3003895	Paer_PhoP_CST	86	86	87.57674418604651	87.8	81.71860465116279	87.0	99.8
ERR1713355	ARO:3003896	Paer_PhoQ_CST	8	8	81.3375	80.9	75.66250000000001	75.45	82.0
ERR1713355	ARO:3003899	Ecol_PtsI_FOF	319	319	94.99874608150469	98.0	88.15548589341692	92.0	107.0
ERR1713355	ARO:3003900	Ecol_cyaA_FOF	513	513	94.79961013645223	96.0	98.73567251461989	101.0	113.0
ERR1713355	ARO:3003901	Saur_GlpT_FOF	12	12	81.41666666666667	81.69999999999999	72.01666666666667	72.6	78.6
ERR1713355	ARO:3003902	Saur_UhpT_FOF	300	300	83.741	83.7	84.70866666666666	86.7	100.0
ERR1713355	ARO:3003908	Erm(47)	16	16	99.2375	100.0	100.65625	101.0	105.0
ERR1713355	ARO:3003917	Saur_menA_LYS	1	1	90.0	90.0	96.3	96.3	96.3
ERR1713355	ARO:3003922	oqxA	74	74	94.07432432432432	95.9	90.65	92.6	104.0
ERR1713355	ARO:3003923	oqxB	697	697	90.1857962697274	89.8	83.32424677187949	82.0	107.0
ERR1713355	ARO:3003924	Hpin_gyrA_FLO	75	75	84.55733333333333	82.8	79.53733333333334	81.3	107.0
ERR1713355	ARO:3003925	Hpin_parC_FLO	70	70	85.72571428571429	84.0	90.71428571428571	90.5	112.0
ERR1713355	ARO:3003926	Sent_gyrA_FLO	460	460	90.6258695652174	90.0	91.22913043478262	94.0	108.0
ERR1713355	ARO:3003928	Ngon_gyrA_FLO	2766	2766	89.43394793926247	89.8	88.42245119305856	90.1	115.0
ERR1713355	ARO:3003929	Ngon_parC_FLO	3646	3646	85.88239166209544	84.0	88.1325562260011	87.8	106.0
ERR1713355	ARO:3003930	rpsJ	2675	2675	87.94915887850468	87.5	73.299738317757	79.3	104.0
ERR1713355	ARO:3003931	Cgin_gyrA_FLO	307	307	82.41889250814332	81.6	75.56058631921823	81.3	100.0
ERR1713355	ARO:3003937	Nmen_PBP2_BLA	614	614	84.30814332247556	84.0	88.70781758957655	88.6	100.0
ERR1713355	ARO:3003939	Sent_parC_FLO	172	172	92.7343023255814	94.0	94.07151162790697	95.5	110.0
ERR1713355	ARO:3003948	efrA	99	99	82.21212121212122	81.6	79.27575757575758	81.6	92.8
ERR1713355	ARO:3003949	efrB	422	422	84.06943127962086	83.7	66.27251184834124	65.9	95.9
ERR1713355	ARO:3003950	msbA	377	377	89.65331564986738	89.4	84.66100795755969	84.7	105.0
ERR1713355	ARO:3003952	YojI	214	214	93.2911214953271	94.0	92.01728971962618	94.7	109.0
ERR1713355	ARO:3003953	hmrM	3	3	81.93333333333332	81.6	90.13333333333333	91.3	91.3
ERR1713355	ARO:3003954	efmA	3	3	93.66666666666667	91.5	80.63333333333334	84.0	91.7
ERR1713355	ARO:3003955	efpA	14	14	86.87142857142858	86.0	79.42857142857143	81.65	97.4
ERR1713355	ARO:3003961	farA	104	104	81.64519230769231	81.6	64.90576923076922	68.9	85.5
ERR1713355	ARO:3003962	farB	926	926	86.70896328293736	86.0	88.36382289416846	87.2	109.0
ERR1713355	ARO:3003966	Kpne_OmpK35	30	30	93.99666666666667	95.9	89.37333333333332	94.9	108.0
ERR1713355	ARO:3003967	lfrA	10	10	84.83	84.0	81.67	79.3	97.8
ERR1713355	ARO:3003968	Kpne_OmpK36	83	83	91.5855421686747	92.0	85.64939759036145	95.5	110.0
ERR1713355	ARO:3003969	lmrP	1	1	87.8	87.8	89.4	89.4	89.4
ERR1713355	ARO:3003970	ddl	22	22	87.83636363636364	86.0	85.95	91.65	107.0
ERR1713355	ARO:3003974	Cacn_gyrA_FLO	430	430	85.22976744186047	84.0	84.06627906976745	88.2	114.0
ERR1713355	ARO:3003980	tetA(58)	4	4	83.2	82.5	85.475	85.65	88.6
ERR1713355	ARO:3003981	tetB(58)	4	4	83.375	82.5	66.025	65.85	81.6
ERR1713355	ARO:3003982	LlmA_23S_CLI	44	44	81.74772727272727	81.19999999999999	74.52727272727272	75.5	90.5
ERR1713355	ARO:3003986	TaeA	101	101	83.11782178217821	82.0	84.68613861386137	85.9	99.0
ERR1713355	ARO:3003987	VatI	1	1	84.4	84.4	48.1	48.1	48.1
ERR1713355	ARO:3003992	rphB	121	121	85.13388429752067	84.6	43.41570247933885	41.6	90.9
ERR1713355	ARO:3003995	Cdif_gyrA_FLO	491	491	82.59633401221997	82.0	86.20061099796334	87.4	103.0
ERR1713355	ARO:3004032	tetA(46)	49	49	86.09795918367347	85.2	58.37346938775511	56.2	92.0
ERR1713355	ARO:3004033	tetB(46)	247	247	84.61255060728745	84.0	83.53157894736842	84.3	101.0
ERR1713355	ARO:3004035	tetA(60)	3	3	81.13333333333334	81.0	57.63333333333333	58.5	76.3
ERR1713355	ARO:3004036	tetB(60)	30	30	85.34333333333333	84.0	84.07666666666667	83.6	97.4
ERR1713355	ARO:3004039	Ecol_emrE	16	16	87.29375	81.6	80.2625	76.05	108.0
ERR1713355	ARO:3004041	Kpne_acrA	43	43	95.36279069767443	96.0	95.5	97.1	104.0
ERR1713355	ARO:3004042	Eclo_acrA	100	100	95.147	98.0	88.715	94.4	103.0
ERR1713355	ARO:3004043	Ecol_acrA	73	73	95.82876712328768	100.0	91.5082191780822	95.1	102.0
ERR1713355	ARO:3004045	Ecol_fabI_MULT	327	327	85.50764525993884	81.8	77.08562691131499	79.0	109.0
ERR1713355	ARO:3004047	kdpD	1	1	80.0	80.0	37.7	37.7	37.7
ERR1713355	ARO:3004049	Ecol_fabG_TRC	538	538	86.08791821561339	85.2	67.0589219330855	75.1	101.0
ERR1713355	ARO:3004054	Paer_CpxR	483	483	85.38923395445134	82.9	68.19606625258798	69.3	102.0
ERR1713355	ARO:3004059	Type_A_NfxB	4	4	89.3	88.4	64.5	61.8	92.4
ERR1713355	ARO:3004069	MvaT	31	31	86.49032258064516	86.1	69.60645161290323	70.5	95.5
ERR1713355	ARO:3004072	OpmB	8	8	82.875	81.3	68.775	74.7	80.1
ERR1713355	ARO:3004073	MuxA	12	12	85.10000000000001	85.35	66.875	66.6	77.0
ERR1713355	ARO:3004074	MuxB	3091	3091	84.14263992235523	83.7	77.79013264315755	79.7	97.1
ERR1713355	ARO:3004075	MuxC	458	458	82.87445414847161	83.0	65.39650655021833	72.0	91.3
ERR1713355	ARO:3004077	PmpM	24	24	84.47500000000001	83.7	79.72500000000001	80.7	91.7
ERR1713355	ARO:3004085	lnuG	25	25	96.684	98.0	95.948	97.8	106.0
ERR1713355	ARO:3004089	ANT(3'')-IIa	23	23	96.56521739130434	96.0	89.93478260869566	94.7	105.0
ERR1713355	ARO:3004091	ANT(3'')-IIc	23	23	96.64782608695653	98.0	89.11739130434782	97.4	108.0
ERR1713355	ARO:3004097	Smit_CdsA_DAP	118	118	81.97542372881357	81.55	73.04661016949153	75.3	94.0
ERR1713355	ARO:3004100	LpeB	54	54	81.46481481481482	81.3	72.88333333333333	76.25	86.3
ERR1713355	ARO:3004107	Paer_soxR	2	2	84.5	84.5	80.65	80.65	81.6
ERR1713355	ARO:3004111	FosA6	7	7	95.28571428571429	96.0	87.78571428571429	100.0	104.0
ERR1713355	ARO:3004114	porin_OmpC	85	85	91.75176470588235	93.2	91.94705882352942	96.3	112.0
ERR1713355	ARO:3004122	Kpne_OmpK37	101	101	87.21188118811881	86.5	84.93861386138613	89.7	108.0
ERR1713355	ARO:3004123	Bpse_Omp38	110	110	80.26636363636364	80.0	42.36272727272727	42.0	47.8
ERR1713355	ARO:3004124	Mcat_M35_AMX	46	46	83.66521739130435	81.8	61.59347826086957	51.2	89.4
ERR1713355	ARO:3004126	Ecol_LamB	148	148	94.72837837837838	96.45	99.4945945945946	103.0	120.0
ERR1713355	ARO:3004127	Ecol_mipA	33	33	87.31818181818181	82.6	91.35454545454544	94.0	116.0
ERR1713355	ARO:3004128	Smar_Omp1	48	48	85.13958333333333	84.0	82.38125000000001	85.3	108.0
ERR1713355	ARO:3004142	OprZ	6	6	84.60000000000001	84.0	57.583333333333336	57.0	86.7
ERR1713355	ARO:3004144	AxyY	321	321	83.07943925233644	82.0	75.87881619937694	76.3	99.8
ERR1713355	ARO:3004145	AxyZ	1	1	96.0	96.0	99.4	99.4	99.4
ERR1713355	ARO:3004146	cfrC	10	10	92.82000000000001	93.25	88.75	95.55	102.0
ERR1713355	ARO:3004153	Mtub_thyA_PAS	1235	1235	83.63255060728744	83.3	89.00955465587045	91.7	106.0
ERR1713355	ARO:3004157	Mtub_folC_PAS	16	16	85.01875	85.55000000000001	76.0875	81.65	87.8
ERR1713355	ARO:3004239	NPS-1	79	79	98.26202531645569	100.0	91.91772151898734	99.4	109.0
ERR1713355	ARO:3004253	vanU_in_vanG_cl	27	27	82.34814814814816	82.0	61.111111111111114	63.2	85.1
ERR1713355	ARO:3004254	vanV_in_vanB_cl	2	2	84.6	84.6	61.05	61.05	78.6
ERR1713355	ARO:3004290	Ecol_ampC_BLA	35	35	98.50857142857143	100.0	100.93714285714286	103.0	112.0
ERR1713355	ARO:3004291	Rsph_ampC_BLA	1	1	89.8	89.8	90.1	90.1	90.1
ERR1713355	ARO:3004352	PDC-89	4	4	88.9	88.9	38.6	38.5	38.9
ERR1713355	ARO:3004359	ACI-1	514	514	99.24844357976653	100.0	95.04844357976654	101.0	110.0
ERR1713355	ARO:3004361	sul4	37	37	96.65135135135135	100.0	84.26216216216216	95.9	103.0
ERR1713355	ARO:3004441	tet(59)	4	4	99.5	100.0	94.775	94.4	95.9
ERR1713355	ARO:3004442	tet(W/N/W)	179	179	97.32458100558658	100.0	99.55195530726256	102.0	109.0
ERR1713355	ARO:3004444	RSA1-1	9	9	99.77777777777777	100.0	94.73333333333333	98.6	101.0
ERR1713355	ARO:3004446	Hinf_PBP3_BLA	4	4	94.95	94.9	93.47500000000001	93.55000000000001	95.9
ERR1713355	ARO:3004451	Afab_ACT_CHL	10	10	87.77000000000001	88.30000000000001	81.9	99.6	105.0
ERR1713355	ARO:3004454	Ccol_ACT_CHL	11	11	97.5090909090909	98.0	87.73636363636363	102.0	106.0
ERR1713355	ARO:3004455	Ssui_ACT_CHL	4	4	96.425	96.2	66.9	62.75	82.8
ERR1713355	ARO:3004460	Vang_ACT_CHL	9	9	98.98888888888888	100.0	96.23333333333333	106.0	110.0
ERR1713355	ARO:3004466	ICR-Mc	2	2	82.5	82.5	47.35	47.35	53.5
ERR1713355	ARO:3004479	OXA-664	5	5	93.64	95.8	76.88000000000001	83.2	104.0
ERR1713355	ARO:3004480	Bado_rpoB_RIF	2756	2756	90.36215529753265	90.0	88.21309869375906	97.1	111.0
ERR1713355	ARO:3004505	MCR-3.5	2	2	80.0	80.0	49.5	49.5	49.7
ERR1713355	ARO:3004516	MCR-8.1	2	2	81.8	81.8	81.8	81.8	87.0
ERR1713355	ARO:3004517	MCR-7.1	2	2	83.5	83.5	80.5	80.5	80.9
ERR1713355	ARO:3004549	dfrB5	2	2	100.0	100.0	60.05	60.05	71.6
ERR1713355	ARO:3004550	dfrA27	3	3	99.33333333333333	100.0	102.93333333333334	104.0	105.0
ERR1713355	ARO:3004552	dfrA30	1	1	81.8	81.8	40.4	40.4	40.4
ERR1713355	ARO:3004561	Cdif_murG_VAN	43	43	82.65813953488373	82.6	59.07441860465116	58.2	84.3
ERR1713355	ARO:3004562	Cdif_gyrB_FLO	1844	1844	83.8103579175705	82.5	81.28324295010846	84.3	101.0
ERR1713355	ARO:3004563	Cdif_rpoB_RIF	5349	5349	86.75002804262479	86.0	90.03481024490559	90.5	110.0
ERR1713355	ARO:3004569	ICR-Mo	832	832	97.72391826923078	100.0	96.05673076923077	100.0	112.0
ERR1713355	ARO:3004572	Saur_LmrS	4	4	86.9	86.9	86.65	86.65	87.0
ERR1713355	ARO:3004573	Abau_AbaF	368	368	88.95163043478261	88.0	90.89239130434783	91.7	106.0
ERR1713355	ARO:3004574	Abau_AbaQ	23	23	84.94347826086957	84.0	86.18695652173913	88.6	99.0
ERR1713355	ARO:3004577	Abau_AmvA	22	22	83.98181818181818	82.65	67.29090909090908	71.6	94.7
ERR1713355	ARO:3004578	Abau_AbuO	154	154	84.35064935064935	84.0	79.38246753246753	79.3	100.0
ERR1713355	ARO:3004580	Kpne_KpnE	42	42	90.52619047619048	91.8	75.76904761904763	81.25	94.0
ERR1713355	ARO:3004583	Kpne_KpnF	20	20	88.1	87.7	79.88	86.1	96.3
ERR1713355	ARO:3004584	tet(50)	1	1	80.0	80.0	77.4	77.4	77.4
ERR1713355	ARO:3004588	Kpne_KpnG	129	129	89.63643410852714	88.2	86.57519379844962	87.4	105.0
ERR1713355	ARO:3004597	Kpne_KpnH	1	1	87.8	87.8	94.7	94.7	94.7
ERR1713355	ARO:3004600	LnuH	423	423	91.13617021276595	90.0	86.61040189125295	90.9	111.0
ERR1713355	ARO:3004608	EreD	154	154	97.96688311688311	100.0	94.77077922077923	99.6	111.0
ERR1713355	ARO:3004613	tet(47)	1	1	87.8	87.8	94.7	94.7	94.7
ERR1713355	ARO:3004621	AAC(3)-IIe	16	16	98.5125	100.0	93.2	99.7	111.0
ERR1713355	ARO:3004623	AAC(3)-IId	13	13	99.6923076923077	100.0	103.5076923076923	108.0	110.0
ERR1713355	ARO:3004624	QnrS11	2	2	87.85	87.85	78.35	78.35	82.8
ERR1713355	ARO:3004626	Erm(49)	2	2	85.69999999999999	85.69999999999999	85.5	85.5	90.5
ERR1713355	ARO:3004630	Mgen_parC_MXF	1	1	81.6	81.6	73.9	73.9	73.9
ERR1713355	ARO:3004631	Mgen_gyrA_FLO	10	10	82.55999999999999	82.1	60.339999999999996	64.1	71.2
ERR1713355	ARO:3004635	AAC(6')-Il	1	1	97.1	97.1	79.3	79.3	79.3
ERR1713355	ARO:3004636	qnrE1	1	1	100.0	100.0	38.1	38.1	38.1
ERR1713355	ARO:3004637	qnrE2	1	1	100.0	100.0	37.7	37.7	37.7
ERR1713355	ARO:3004638	AAC(6')-I-48	1	1	82.6	82.6	41.2	41.2	41.2
ERR1713355	ARO:3004639	Cstr_tetA	1	1	81.5	81.5	45.1	45.1	45.1
ERR1713355	ARO:3004645	dfrI	2	2	80.4	80.4	44.05	44.05	50.4
ERR1713355	ARO:3004655	nimB	1	1	90.0	90.0	94.0	94.0	94.0
ERR1713355	ARO:3004657	catA4	1	1	81.8	81.8	45.1	45.1	45.1
ERR1713355	ARO:3004658	catA8	11	11	99.63636363636364	100.0	97.8	103.0	106.0
ERR1713355	ARO:3004659	Mef(En2)	8	8	98.7375	100.0	98.3875	98.05	105.0
ERR1713355	ARO:3004660	catB11	27	27	98.98518518518519	100.0	98.04814814814816	107.0	112.0
ERR1713355	ARO:3004662	MCR-3.3	2	2	80.0	80.0	93.6	93.6	93.6
ERR1713355	ARO:3004668	QnrAS	16	16	84.01875	83.85	94.09375	93.55000000000001	99.0
ERR1713355	ARO:3004675	aphA15	19	19	99.15263157894738	100.0	91.76315789473684	98.6	107.0
ERR1713355	ARO:3004681	Cdif_rpoC_VAN	10359	10359	87.41190269331017	87.5	85.50182450043441	89.0	117.0
ERR1713355	ARO:3004682	aadA27	312	312	98.36346153846155	100.0	94.02083333333333	99.8	111.0
ERR1713355	ARO:3004683	aadS	261	261	97.71455938697318	100.0	94.85095785440612	101.0	115.0
ERR1713355	ARO:3004684	MCR-9.1	2	2	100.0	100.0	37.7	37.7	37.7
ERR1713355	ARO:3004692	aadA10	105	105	98.24761904761905	100.0	96.86	100.0	109.0
ERR1713355	ARO:3004698	MCR-5.2	32	32	87.94375	83.65	72.85625	77.6	113.0
ERR1713355	ARO:3004719	tet(X3)	9	9	95.05555555555556	95.9	96.96666666666667	103.0	108.0
ERR1713355	ARO:3004720	tet(X4)	144	144	99.2486111111111	100.0	96.73750000000001	102.0	111.0
ERR1713355	ARO:3004721	Mtub_rpsA_PZA	461	461	87.5822125813449	87.8	87.27245119305857	87.8	102.0
ERR1713355	ARO:3004751	BES-1	3	3	90.46666666666665	94.9	72.66666666666667	73.2	94.0
ERR1713355	ARO:3004757	BKC-1	5	5	95.52000000000001	94.0	92.36	96.3	110.0
ERR1713355	ARO:3004764	CBP-1	4	4	82.85	83.7	88.475	91.1	92.0
ERR1713355	ARO:3004766	CGA-1	2	2	82.44999999999999	82.44999999999999	84.15	84.15	85.9
ERR1713355	ARO:3004770	CIA-3	1	1	84.3	84.3	82.4	82.4	82.4
ERR1713355	ARO:3004775	CME-1	2	2	82.85	82.85	94.0	94.0	96.7
ERR1713355	ARO:3004777	CMH-1	4	4	100.0	100.0	102.15	102.5	105.0
ERR1713355	ARO:3004780	DES-1	24	24	88.34583333333335	87.65	83.04166666666667	86.45	102.0
ERR1713355	ARO:3004790	FONA-3	1	1	100.0	100.0	110.0	110.0	110.0
ERR1713355	ARO:3004797	FRI-1	1	1	81.0	81.0	39.7	39.7	39.7
ERR1713355	ARO:3004798	FRI-2	5	5	81.8	81.8	40.88	40.8	41.2
ERR1713355	ARO:3004814	GOB-7	1	1	88.4	88.4	85.5	85.5	85.5
ERR1713355	ARO:3004826	LAP-2	2	2	100.0	100.0	67.4	67.4	97.1
ERR1713355	ARO:3004832	Ngon_PBP2_BLA	168	168	87.78154761904761	88.0	92.82559523809525	93.6	97.8
ERR1713355	ARO:3004833	Ngon_PBP1_BLA	1429	1429	85.73009097270818	85.7	88.32169349195242	88.2	108.0
ERR1713355	ARO:3004835	Ngon_pilQ_BLA	267	267	87.54644194756555	87.2	85.98164794007491	88.2	98.6
ERR1713355	ARO:3004859	Ngon_gyrB_ZOL	7376	7376	86.87409164859002	85.7	86.01854663774404	88.6	107.0
ERR1713355	ARO:3004860	Bdol_gyrA_FLO	12624	12624	85.78045785804817	84.0	86.86000475285171	88.6	111.0
ERR1713355	ARO:3004873	Ngon_folP_SLF	228	228	87.43684210526315	88.0	70.84166666666667	76.3	94.0
ERR1713355	ARO:3004921	Mtub_ahpC_INH	3	3	83.83333333333333	84.0	74.83333333333333	90.9	92.0
ERR1713355	ARO:3004922	Mtub_fabG1_INH	15	15	87.28666666666666	85.7	68.53333333333333	81.3	91.3
ERR1713355	ARO:3004923	Mtub_furA_INH	1	1	81.3	81.3	88.2	88.2	88.2
ERR1713355	ARO:3004925	Mtub_mshA_INH	19	19	86.57894736842105	86.0	81.42105263157895	82.0	101.0
ERR1713355	ARO:3004927	Mtub_mshC_INH	8	8	87.6	88.65	84.6875	90.9	95.9
ERR1713355	ARO:3004928	Mtub_mymA_INH	1	1	82.1	82.1	62.0	62.0	62.0
ERR1713355	ARO:3004931	Mtub_nudC_INH	4	4	83.325	83.0	89.75	91.1	94.4
ERR1713355	ARO:3004941	Mtub_ddlA_DCS	52	52	84.56923076923077	83.85	67.86538461538461	67.4	97.8
ERR1713355	ARO:3004945	Mtub_ald_DCS	24	24	81.61666666666666	80.8	74.14999999999999	82.25	95.9
ERR1713355	ARO:3004950	Mtub_ubiA_EMB	10	10	83.71000000000001	82.5	75.21000000000001	79.7	98.6
ERR1713355	ARO:3004955	Mtub_Rv0565_ETO	22	22	84.77272727272727	83.3	61.695454545454545	49.5	103.0
ERR1713355	ARO:3004956	Ngon_rpld	1221	1221	87.30565110565111	86.0	85.57837837837837	88.6	104.0
ERR1713355	ARO:3004957	Mtub_clpC1_PZA	2567	2567	83.44429294896767	82.0	80.90171406310868	83.2	107.0
ERR1713355	ARO:3004960	Mtub_ponA1_RFB	21	21	85.87142857142857	86.0	73.96190476190476	77.8	95.1
ERR1713355	ARO:3004975	Mtub_ppsC_PZA	4	4	86.175	86.6	83.375	83.4	90.1
ERR1713355	ARO:3004976	Mtub_ppsD_PZA	6	6	83.85000000000001	82.65	82.66666666666667	79.7	91.3
ERR1713355	ARO:3004977	Mtub_gpsI_PZA	405	405	85.35234567901234	84.0	82.72271604938271	84.3	105.0
ERR1713355	ARO:3004978	Mtub_mas_PZA	2	2	82.0	82.0	83.95	83.95	87.4
ERR1713355	ARO:3004981	Mtub_Rv0191_PZA	1	1	82.0	82.0	85.1	85.1	85.1
ERR1713355	ARO:3004987	Mtub_Rv2731_PZA	6	6	82.05	81.3	92.18333333333334	92.05000000000001	95.5
ERR1713355	ARO:3004993	Mtub_Rv3169_PZA	5	5	88.22	89.7	65.64	65.9	93.2
ERR1713355	ARO:3004994	Mtub_rpoC_RIF	5282	5282	86.77502839833397	86.0	89.28589549413101	90.5	117.0
ERR1713355	ARO:3004999	Mtub_rpoA_RIF	272	272	84.7952205882353	83.3	85.36764705882354	86.3	102.0
ERR1713355	ARO:3005004	Ngon_mtrC_AZM	87	87	85.5528735632184	86.0	53.99310344827586	53.9	80.9
ERR1713355	ARO:3005008	TxR	1	1	80.0	80.0	54.7	54.7	54.7
ERR1713355	ARO:3005009	qacE	273	273	98.33406593406593	100.0	67.84578754578754	67.4	103.0
ERR1713355	ARO:3005010	qacEdelta1	320	320	99.0234375	100.0	93.4515625	92.8	106.0
ERR1713355	ARO:3005012	IDC-1	3	3	93.33333333333333	96.0	93.7	92.4	96.7
ERR1713355	ARO:3005013	IDC-2	4	4	94.475	96.95	99.2	97.05	108.0
ERR1713355	ARO:3005016	CMY-150	1	1	92.0	92.0	95.9	95.9	95.9
ERR1713355	ARO:3005023	cfrE	2	2	94.9	94.9	93.5	93.5	100.0
ERR1713355	ARO:3005035	YRC-1	2	2	92.0	92.0	105.0	105.0	105.0
ERR1713355	ARO:3005036	BLMT	3	3	87.33333333333333	81.0	39.5	37.7	43.1
ERR1713355	ARO:3005040	YajC	54	54	87.43148148148148	86.80000000000001	76.78333333333333	85.3	99.0
ERR1713355	ARO:3005041	mlaF	176	176	91.3846590909091	91.7	88.77613636363637	90.1	104.0
ERR1713355	ARO:3005042	mlaD	56	56	89.81607142857142	89.8	86.70535714285714	90.3	103.0
ERR1713355	ARO:3005043	cmlA9	511	511	99.44892367906067	100.0	93.21232876712328	94.7	108.0
ERR1713355	ARO:3005044	OmpA	120	120	91.63583333333332	90.85	89.17083333333333	91.3	109.0
ERR1713355	ARO:3005045	SatA	1	1	82.9	82.9	68.9	68.9	68.9
ERR1713355	ARO:3005047	eptB	216	216	90.10740740740741	88.65	91.65092592592592	92.8	113.0
ERR1713355	ARO:3005051	LpsB	49	49	89.18775510204081	88.0	86.71020408163265	89.0	103.0
ERR1713355	ARO:3005053	ArnT	117	117	92.15299145299144	94.0	94.82564102564103	96.7	114.0
ERR1713355	ARO:3005056	tet(X6)	8	8	94.175	97.0	90.525	100.5	112.0
ERR1713355	ARO:3005059	LptD	229	229	89.83056768558953	89.8	93.39126637554584	94.0	114.0
ERR1713355	ARO:3005063	cprR	5	5	80.6	80.0	46.9	46.2	49.7
ERR1713355	ARO:3005067	ParS	2	2	81.6	81.6	76.3	76.3	76.3
ERR1713355	ARO:3005068	ParR	4	4	81.225	81.44999999999999	86.875	86.30000000000001	89.0
ERR1713355	ARO:3005069	rsmA	347	347	87.80230547550433	87.8	64.7749279538905	63.9	93.2
ERR1713355	ARO:3005081	Tthe_uL3_PLM	1	1	80.6	80.6	54.3	54.3	54.3
ERR1713355	ARO:3005090	RanB	120	120	86.73916666666668	85.7	83.57166666666667	84.3	98.2
ERR1713355	ARO:3005091	RanA	136	136	84.67573529411764	84.0	85.10882352941177	87.0	99.8
ERR1713355	ARO:3005098	qacL	562	562	94.58149466192171	95.85	80.82064056939501	87.4	100.0
ERR1713355	ARO:3005099	Spyo_ErmA_MLSb	61	61	89.02131147540985	88.0	81.82459016393443	90.9	102.0
ERR1713355	ARO:3005100	FosB2	1	1	81.0	81.0	38.1	38.1	38.1
ERR1713355	ARO:3005121	lsaD	1	1	83.3	83.3	47.8	47.8	47.8
ERR1713355	ARO:3005158	OXA-668	1	1	98.0	98.0	102.0	102.0	102.0
ERR1713355	ARO:3005164	dfrA35	3	3	80.0	80.0	44.70000000000001	44.7	44.7
ERR1713355	ARO:3005314	OXA-540	1	1	87.5	87.5	81.3	81.3	81.3
ERR1713355	ARO:3005319	OXA-681	1	1	85.7	85.7	92.0	92.0	92.0
ERR1713355	ARO:3005320	OXA-737	1	1	96.0	96.0	99.0	99.0	99.0
ERR1713355	ARO:3005333	OXA-641	9	9	94.62222222222222	95.9	86.56666666666666	102.0	103.0
ERR1713355	ARO:3005334	DfrA42_TMP	2	2	100.0	100.0	104.5	104.5	106.0
ERR1713355	ARO:3005345	DfrA43_TMP	1	1	85.2	85.2	52.0	52.0	52.0
ERR1713355	ARO:3005346	DfrA34	1	1	100.0	100.0	39.3	39.3	39.3
ERR1713355	ARO:3005351	DfrA39	2	2	90.9	90.9	45.1	45.1	45.1
ERR1713355	ARO:3005461	EBR-3	1	1	96.0	96.0	102.0	102.0	102.0
ERR1713355	ARO:3005558	BUT-2	1	1	82.9	82.9	74.3	74.3	74.3
ERR1713355	ARO:3005559	CARB-11	1	1	100.0	100.0	107.0	107.0	107.0
ERR1713355	ARO:3005584	CARB-50	4	4	100.0	100.0	104.0	103.5	107.0
ERR1713355	ARO:3005664	CTX-M-241	1	1	96.0	96.0	95.5	95.5	95.5
ERR1713355	ARO:3005729	OXA-498	30	30	97.99666666666667	100.0	76.11999999999999	87.8	106.0
ERR1713355	ARO:3005734	OXA-504	2	2	100.0	100.0	114.0	114.0	114.0
ERR1713355	ARO:3005742	OXA-512	1	1	85.7	85.7	60.5	60.5	60.5
ERR1713355	ARO:3005792	OXA-568	1	1	81.0	81.0	75.9	75.9	75.9
ERR1713355	ARO:3005863	OXA-643	22	22	97.51363636363637	98.0	90.06363636363636	90.1	111.0
ERR1713355	ARO:3005865	OXA-645	26	26	96.92692307692307	96.0	81.68846153846154	86.7	106.0
ERR1713355	ARO:3005866	OXA-650	13	13	95.06153846153846	96.0	89.23846153846154	96.7	100.0
ERR1713355	ARO:3005868	OXA-652	10	10	97.78	98.0	100.13	101.0	103.0
ERR1713355	ARO:3005876	OXA-661	1	1	80.0	80.0	85.1	85.1	85.1
ERR1713355	ARO:3005877	OXA-662	10	10	99.6	100.0	95.28999999999999	101.5	112.0
ERR1713355	ARO:3005883	OXA-675	18	18	98.48333333333333	100.0	93.47777777777777	97.44999999999999	106.0
ERR1713355	ARO:3005932	OXA-727	1	1	91.7	91.7	49.3	49.3	49.3
ERR1713355	ARO:3005937	OXA-732	237	237	99.25991561181434	100.0	97.65654008438818	103.0	118.0
ERR1713355	ARO:3005994	OXA-794	2	2	97.0	97.0	95.9	95.9	97.1
ERR1713355	ARO:3006021	OXA-823	1	1	98.0	98.0	94.0	94.0	94.0
ERR1713355	ARO:3006022	OXA-824	2	2	94.9	94.9	93.0	93.0	98.6
ERR1713355	ARO:3006113	OXA-928	886	886	99.48939051918737	100.0	91.23792325056434	99.0	108.0
ERR1713355	ARO:3006115	OXA-932	2	2	96.95	96.95	96.25	96.25	97.4
ERR1713355	ARO:3006171	GES-42	1	1	100.0	100.0	99.8	99.8	99.8
ERR1713355	ARO:3006208	VEB-11	1	1	96.7	96.7	63.5	63.5	63.5
ERR1713355	ARO:3006211	VEB-14	153	153	99.17189542483659	100.0	96.63464052287581	101.0	111.0
ERR1713355	ARO:3006223	BKC-2	1	1	87.2	87.2	60.1	60.1	60.1
ERR1713355	ARO:3006238	ACT-43	1	1	100.0	100.0	108.0	108.0	108.0
ERR1713355	ARO:3006245	ACT-50	1	1	94.0	94.0	99.4	99.4	99.4
ERR1713355	ARO:3006252	ACT-57	1	1	100.0	100.0	108.0	108.0	108.0
ERR1713355	ARO:3006259	ACT-64	2	2	100.0	100.0	107.5	107.5	110.0
ERR1713355	ARO:3006285	ADC-105	1	1	100.0	100.0	100.0	100.0	100.0
ERR1713355	ARO:3006286	ADC-106	2	2	90.0	90.0	74.05	74.05	103.0
ERR1713355	ARO:3006308	ADC-133	1	1	80.0	80.0	53.1	53.1	53.1
ERR1713355	ARO:3006338	ADC-166	9	9	84.26666666666667	84.6	43.233333333333334	45.1	46.6
ERR1713355	ARO:3006461	CMY-169	6	6	99.0	100.0	104.66666666666667	104.5	109.0
ERR1713355	ARO:3006477	MOX-12	2	2	87.5	87.5	71.80000000000001	71.80000000000001	97.4
ERR1713355	ARO:3006854	CMH-2	2	2	100.0	100.0	105.0	105.0	106.0
ERR1713355	ARO:3006872	DHT2-1	1	1	80.0	80.0	85.5	85.5	85.5
ERR1713355	ARO:3006874	EC-13	9	9	98.87777777777778	100.0	102.82222222222222	104.0	107.0
ERR1713355	ARO:3006875	EC-14	1	1	80.0	80.0	41.6	41.6	41.6
ERR1713355	ARO:3006878	EC-18	2	2	100.0	100.0	103.0	103.0	104.0
ERR1713355	ARO:3006879	EC-19	3	3	92.66666666666667	98.0	81.13333333333334	97.8	104.0
ERR1713355	ARO:3006903	CAR-1	2	2	84.0	84.0	93.75	93.75	94.7
ERR1713355	ARO:3006935	LHK-1	1	1	81.3	81.3	58.5	58.5	58.5
ERR1713355	ARO:3006940	LHK-6	2	2	98.0	98.0	101.2	101.2	103.0
ERR1713355	ARO:3006957	ORN-1	3	3	80.0	80.0	85.1	85.1	85.1
ERR1713355	ARO:3006964	PAU-1	5	5	96.08	100.0	90.88	100.0	102.0
ERR1713355	ARO:3006971	PLA-6	3	3	81.6	81.6	71.6	71.6	71.6
ERR1713355	ARO:3006986	SFO-1	4	4	100.0	100.0	101.775	102.45	109.0
ERR1713355	ARO:3006992	SGM-6	4	4	98.45	100.0	100.875	101.5	105.0
ERR1713355	ARO:3006993	SGM-7	2	2	95.95	95.95	89.75	89.75	96.7
ERR1713355	ARO:3006996	SPR-1	2	2	82.0	82.0	88.6	88.6	88.6
ERR1713355	ARO:3007001	TER-1	1	1	100.0	100.0	95.5	95.5	95.5
ERR1713355	ARO:3007006	ZOG-1	1	1	85.0	85.0	40.0	40.0	40.0
ERR1713355	ARO:3007007	TER-2	1	1	95.9	95.9	92.4	92.4	92.4
ERR1713355	ARO:3007010	norC	4	4	87.8	87.5	59.675	60.45	77.4
ERR1713355	ARO:3007011	mdeA	5	5	88.24000000000001	85.7	84.66	85.9	88.6
ERR1713355	ARO:3007014	qacJ	1	1	86.0	86.0	86.3	86.3	86.3
ERR1713355	ARO:3007032	Erm(50)	1	1	95.0	95.0	46.6	46.6	46.6
ERR1713355	ARO:3007033	Erm(51)	21	21	99.12857142857142	100.0	98.05714285714285	104.0	117.0
ERR1713355	ARO:3007042	msr(G)	22	22	87.46363636363637	86.0	80.10000000000001	83.55	103.0
ERR1713355	ARO:3007043	msr(I)	105	105	98.89714285714287	100.0	81.83238095238094	86.7	107.0
ERR1713355	ARO:3007044	mef(F)	2	2	86.65	86.65	85.1	85.1	87.8
ERR1713355	ARO:3007047	mef(H)	18	18	99.66111111111111	100.0	79.26666666666667	89.15	96.3
ERR1713355	ARO:3007049	mef(J)	285	285	99.06140350877193	100.0	89.2701754385965	92.0	107.0
ERR1713355	ARO:3007051	Hpyl_rpoB_RIF	3818	3818	85.24264012572029	85.4	83.5378994237821	86.3	108.0
ERR1713355	ARO:3007052	Hpyl_gyrA_FLO	120	120	84.98166666666665	84.0	83.57333333333332	85.9	101.0
ERR1713355	ARO:3007053	Hpyl_gyrB_FLO	983	983	84.4763987792472	84.8	79.16907426246185	81.6	94.7
ERR1713355	ARO:3007060	Hpyl_pbp1_AMX	1	1	80.0	80.0	82.0	82.0	82.0
ERR1713355	ARO:3007073	Bsub_rpoB_RIF	3657	3657	88.62622368061251	88.0	93.42436423297785	94.0	109.0
ERR1713355	ARO:3007104	nimA	2	2	96.6	96.6	88.75	88.75	94.7
ERR1713355	ARO:3007106	nimD	2	2	97.95	97.95	82.6	82.6	98.6
ERR1713355	ARO:3007112	nimJ	14	14	82.17857142857143	82.0	88.92142857142858	89.4	92.4
ERR1713355	ARO:3007119	tet(O/32/O)	170	170	98.15058823529411	100.0	100.28529411764706	101.5	108.0
ERR1713355	ARO:3007120	tet(O/M/O)	160	160	98.37937500000001	100.0	98.40187499999999	100.0	105.0
ERR1713355	ARO:3007121	tet(O/W)	131	131	97.0587786259542	98.0	97.58778625954199	97.8	106.0
ERR1713355	ARO:3007122	tet(O/W/32/O)	151	151	99.10794701986754	100.0	98.68476821192053	99.8	107.0
ERR1713355	ARO:3007124	tet(W/32/O)	35	35	93.82285714285715	96.0	77.22	83.6	111.0
ERR1713355	ARO:3007127	otr(A)S.liv	2	2	80.0	80.0	38.1	38.1	38.5
ERR1713355	ARO:3007185	Mtub_tap_EMCM	1	1	86.0	86.0	89.7	89.7	89.7
ERR1713355	ARO:3007191	vanR_in_vanP_cl	6	6	81.45	81.55	62.53333333333333	55.45	86.7
ERR1713355	ARO:3007203	Kpne_PhoQ_CST	169	169	89.52130177514793	89.8	87.24911242603551	89.0	107.0
ERR1713355	ARO:3007206	KBL-1	4	4	99.0	100.0	88.425	98.7	102.0
ERR1713355	ARO:3007208	HelR	22	22	83.36363636363636	82.0	84.17727272727272	84.5	104.0
ERR1713355	ARO:3007209	Sven_rox	1	1	80.0	80.0	91.3	91.3	91.3
ERR1713355	ARO:3007229	MCR-8.2	6	6	80.86666666666666	80.5	75.73333333333333	77.8	77.8
ERR1713355	ARO:3007266	MCR-3.20	2	2	99.0	99.0	112.0	112.0	114.0
ERR1713355	ARO:3007274	MCR-10.5	14	14	99.71428571428571	100.0	91.17857142857143	96.3	109.0
ERR1713355	ARO:3007369	FosH	298	298	81.51778523489932	81.3	67.47382550335571	70.5	91.3
ERR1713355	ARO:3007370	FosI	134	134	81.85820895522389	81.8	55.76791044776119	53.9	92.0
ERR1713355	ARO:3007371	FosA8	2	2	89.0	89.0	86.6	86.6	115.0
ERR1713355	ARO:3007374	PJM-1	10	10	90.3	89.8	93.28999999999999	92.25	102.0
ERR1713355	ARO:3007420	Kpne_lamB_CZA	57	57	93.75438596491227	96.0	91.33333333333333	98.2	117.0
ERR1713355	ARO:3007421	Kpne_PBP3_BLA	197	197	95.31675126903554	98.0	95.95685279187818	98.6	109.0
ERR1713355	ARO:3007423	Ecol_PBP3_BLA	129	129	95.52868217054264	98.0	92.2248062015504	96.3	107.0
ERR1713355	ARO:3007438	LAQ-1	1	1	81.6	81.6	93.6	93.6	93.6
ERR1713355	ARO:3007459	EstT	4	4	97.05	97.05	102.5	102.5	103.0
ERR1713355	ARO:3007473	Mavi_gyrA_FLO	77	77	83.38181818181818	82.0	84.96623376623376	87.8	106.0
ERR1713355	ARO:3007476	Mabs_atpE_BDQ	5	5	97.28	98.0	71.5	80.9	96.7
ERR1713355	ARO:3007483	RAD-1	2	2	87.8	87.8	88.6	88.6	88.6
ERR1713355	ARO:3007491	Paer_ampR_ATM	466	466	84.78669527896996	84.0	57.45236051502146	47.4	94.7
ERR1713355	ARO:3007527	Bsub_rpsE_SPT	328	328	84.49969512195122	83.7	82.17621951219512	85.1	96.3
ERR1713355	ARO:3007531	Spyo_PBP2x_BLA	1	1	83.7	83.7	72.0	72.0	72.0
ERR1713355	ARO:3007544	Erhu_gyrA_ENR	698	698	82.85902578796562	82.0	90.66633237822349	90.5	104.0
ERR1713355	ARO:3007635	CAE-1	1290	1290	84.47829457364341	83.7	84.82813953488372	84.7	99.0
ERR1713355	ARO:3007637	cplR	2	2	82.0	82.0	65.5	65.5	86.7
ERR1713355	ARO:3007644	Cper_cplR	3	3	82.39999999999999	82.0	73.53333333333333	87.0	87.8
ERR1713355	ARO:3007648	PSZ-1	4	4	80.775	80.5	64.42500000000001	71.05000000000001	75.9
ERR1713355	ARO:3007659	Rv2856	2	2	90.0	90.0	42.7	42.7	42.7
ERR1713355	ARO:3007661	Mtub_ddn_MULT	1	1	88.0	88.0	95.5	95.5	95.5
ERR1713355	ARO:3007669	aadT	29	29	92.08620689655173	94.0	79.17931034482758	85.5	104.0
ERR1713355	ARO:3007678	IreK	111	111	82.98558558558558	81.6	83.95135135135135	85.5	97.4
ERR1713355	ARO:3007682	MdtQ	77	77	91.48701298701299	91.8	89.47142857142858	89.7	113.0
ERR1713355	ARO:3007692	Mtub_Rv2535_BDQ	18	18	83.9388888888889	83.3	65.86666666666666	78.6	92.0
ERR1713355	ARO:3007749	Sgal_folP_SLF	79	79	87.7012658227848	89.8	59.34430379746835	42.7	101.0
ERR1713355	ARO:3007770	aac(6')-Ib-cr10	1	1	98.0	98.0	100.0	100.0	100.0
ERR1713355	ARO:3007794	Vvul_rpoB_RIF	6012	6012	85.2728875582169	84.0	90.18634397870926	90.5	108.0
ERR1713355	ARO:3007801	RATA-1	13	13	95.05384615384615	93.9	88.1923076923077	90.9	105.0
ERR1713355	ARO:3007802	RATA-2	5	5	97.44	100.0	95.17999999999999	98.6	100.0
ERR1713355	ARO:3007835	GES-57	1	1	85.7	85.7	38.9	38.9	38.9
ERR1713355	ARO:3007837	CARB-58	57	57	97.53157894736843	98.0	85.6438596491228	94.7	101.0
ERR1713355	ARO:3007846	SIE-1	1	1	82.0	82.0	86.7	86.7	86.7
ERR1713355	ARO:3007849	Mtub_fgd1_DLM	7	7	85.85714285714286	86.0	93.87142857142858	95.1	99.4
ERR1713355	ARO:3007855	CHM-1	1	1	81.6	81.6	92.0	92.0	92.0
ERR1713355	ARO:3007885	ACT-102	1	1	100.0	100.0	107.0	107.0	107.0
ERR1713355	ARO:3007894	ACT-111	1	1	98.0	98.0	100.0	100.0	100.0
ERR1713355	ARO:3007900	ACT-118	3	3	96.16666666666667	98.0	82.8	100.0	108.0
ERR1713355	ARO:3007901	ACT-119	1	1	85.7	85.7	98.2	98.2	98.2
ERR1713355	ARO:3007936	ACT-173	2	2	100.0	100.0	109.0	109.0	109.0
ERR1713355	ARO:3007940	ACT-177	1	1	100.0	100.0	107.0	107.0	107.0
ERR1713355	ARO:3007958	ACT-85	7	7	99.42857142857143	100.0	98.71428571428571	107.0	110.0
ERR1713355	ARO:3007968	ACT-96	2	2	98.0	98.0	107.0	107.0	107.0
ERR1713355	ARO:3007993	ADC-277	1	1	83.3	83.3	73.9	73.9	73.9
ERR1713355	ARO:3008068	ADC-358	6	6	82.0	80.95	65.8	68.6	79.7
ERR1713355	ARO:3008073	AIM-2	2	2	95.95	95.95	95.7	95.7	99.0
ERR1713355	ARO:3008081	BMHC-1	1	1	80.0	80.0	94.7	94.7	94.7
ERR1713355	ARO:3008175	FONA-12	1	1	96.0	96.0	97.1	97.1	97.1
ERR1713355	ARO:3008184	FRI-12	1	1	81.8	81.8	40.8	40.8	40.8
ERR1713355	ARO:3008303	KPC-177	1	1	80.6	80.6	57.4	57.4	57.4
ERR1713355	ARO:3008383	MOX-15	1	1	85.7	85.7	66.2	66.2	66.2
ERR1713355	ARO:3008385	MOX-17	5	5	96.74	100.0	51.98	43.5	85.9
ERR1713355	ARO:3008435	OXA-1014	3	3	80.0	80.0	84.60000000000001	85.1	85.5
ERR1713355	ARO:3008436	OXA-1015	3	3	100.0	100.0	104.06666666666666	107.0	107.0
ERR1713355	ARO:3008437	OXA-1016	2	2	100.0	100.0	105.0	105.0	107.0
ERR1713355	ARO:3008460	OXA-1041	3	3	97.33333333333333	100.0	81.86666666666666	91.3	105.0
ERR1713355	ARO:3008474	OXA-1056	16	16	89.20625	89.9	94.39375	97.25	107.0
ERR1713355	ARO:3008503	OXA-1085	37	37	98.81891891891892	100.0	76.6054054054054	79.7	110.0
ERR1713355	ARO:3008504	OXA-1086	1	1	95.9	95.9	100.0	100.0	100.0
ERR1713355	ARO:3008530	OXA-1112	2	2	98.0	98.0	98.35	98.35	107.0
ERR1713355	ARO:3008566	OXA-1148	8	8	98.0	98.0	98.45	98.2	103.0
ERR1713355	ARO:3008574	OXA-1156	1	1	100.0	100.0	108.0	108.0	108.0
ERR1713355	ARO:3008576	OXA-1158	1	1	100.0	100.0	107.0	107.0	107.0
ERR1713355	ARO:3008577	OXA-1159	2	2	100.0	100.0	100.0	100.0	100.0
ERR1713355	ARO:3008590	OXA-1172	3	3	97.33333333333333	100.0	95.86666666666667	102.0	107.0
ERR1713355	ARO:3008591	OXA-1173	1	1	83.3	83.3	89.4	89.4	89.4
ERR1713355	ARO:3008605	OXA-1189	4	4	80.42500000000001	80.4	88.775	89.0	92.0
ERR1713355	ARO:3008614	OXA-1202	1	1	91.8	91.8	95.1	95.1	95.1
ERR1713355	ARO:3008620	OXA-1208	28	28	98.28214285714286	100.0	95.30357142857143	101.0	110.0
ERR1713355	ARO:3008642	OXA-1232	1	1	100.0	100.0	97.1	97.1	97.1
ERR1713355	ARO:3008645	OXA-1235	2	2	82.6	82.6	84.0	84.0	84.0
ERR1713355	ARO:3008665	OXA-1255	1	1	80.0	80.0	83.2	83.2	83.2
ERR1713355	ARO:3008726	OXA-944	2	2	93.95	93.95	98.55	98.55	100.0
ERR1713355	ARO:3008777	OXY-1-11	1	1	100.0	100.0	67.8	67.8	67.8
ERR1713355	ARO:3009029	PJM-2	2	2	98.0	98.0	105.0	105.0	110.0
ERR1713355	ARO:3009040	RASA-1	3	3	90.53333333333335	90.0	92.03333333333335	92.0	93.2
ERR1713355	ARO:3009041	RSC1-1	3	3	92.53333333333335	98.0	95.06666666666666	103.0	104.0
ERR1713359	ARO:3000005	vanD	1	1	81.6	81.6	85.1	85.1	85.1
ERR1713359	ARO:3000024	patA	6	6	86.81666666666666	87.94999999999999	78.7	78.94999999999999	86.3
ERR1713359	ARO:3000025	patB	8	8	84.4125	84.45	79.075	81.8	87.0
ERR1713359	ARO:3000027	emrA	23	23	97.55652173913045	100.0	86.34347826086956	91.3	103.0
ERR1713359	ARO:3000074	emrB	236	236	82.90677966101696	81.3	64.46525423728814	55.25	108.0
ERR1713359	ARO:3000149	FosA	7	7	80.08571428571429	80.0	55.65714285714286	45.1	91.3
ERR1713359	ARO:3000165	tet(A)	3	3	93.16666666666667	93.5	78.83333333333333	80.5	98.2
ERR1713359	ARO:3000166	tet(B)	2	2	99.0	99.0	102.0	102.0	104.0
ERR1713359	ARO:3000167	tet(C)	17	17	99.07058823529412	100.0	73.71764705882353	73.9	98.6
ERR1713359	ARO:3000173	tet(E)	14	14	96.79285714285713	98.0	93.27142857142857	97.8	103.0
ERR1713359	ARO:3000174	tet(G)	29	29	93.56896551724138	94.0	89.02758620689656	93.6	101.0
ERR1713359	ARO:3000175	tet(H)	55	55	99.89090909090909	100.0	94.42181818181818	98.2	104.0
ERR1713359	ARO:3000180	tetA(P)	10	10	91.92	93.0	89.27000000000001	89.55000000000001	98.2
ERR1713359	ARO:3000181	tet(V)	2	2	83.65	83.65	76.65	76.65	83.2
ERR1713359	ARO:3000182	tet(Y)	11	11	98.53636363636365	100.0	95.18181818181819	97.1	105.0
ERR1713359	ARO:3000183	tet(Z)	2	2	100.0	100.0	88.0	88.0	89.7
ERR1713359	ARO:3000186	tet(M)	49	49	95.02448979591837	98.0	87.08367346938776	92.4	111.0
ERR1713359	ARO:3000190	tet(O)	292	292	98.08938356164383	100.0	97.83801369863014	99.8	113.0
ERR1713359	ARO:3000191	tet(Q)	172	172	96.46627906976745	98.0	98.09941860465115	100.0	108.0
ERR1713359	ARO:3000192	tet(S)	12	12	96.19166666666666	97.0	93.14999999999999	100.0	107.0
ERR1713359	ARO:3000193	tet(T)	9	9	94.67777777777778	95.9	89.63333333333334	93.6	104.0
ERR1713359	ARO:3000194	tet(W)	250	250	98.60719999999999	100.0	93.2524	99.0	112.0
ERR1713359	ARO:3000195	tetB(P)	79	79	85.66962025316455	81.8	63.27721518987342	40.8	105.0
ERR1713359	ARO:3000196	tet(32)	157	157	97.8108280254777	100.0	96.80891719745223	100.0	112.0
ERR1713359	ARO:3000197	tet(36)	2	2	92.80000000000001	92.80000000000001	90.30000000000001	90.30000000000001	90.9
ERR1713359	ARO:3000205	tet(X)	12	12	99.10000000000001	100.0	95.58333333333333	103.0	108.0
ERR1713359	ARO:3000206	emrK	14	14	95.52142857142857	98.0	89.3	93.2	103.0
ERR1713359	ARO:3000216	acrB	994	994	87.46297786720322	87.8	81.14416498993964	82.0	108.0
ERR1713359	ARO:3000230	ANT(2'')-Ia	4	4	98.975	100.0	90.6	106.5	109.0
ERR1713359	ARO:3000237	TolC	12	12	93.625	94.9	91.5	90.5	98.2
ERR1713359	ARO:3000245	RbpA	10	10	92.21000000000001	90.75	85.03	88.19999999999999	112.0
ERR1713359	ARO:3000254	emrY	7	7	98.85714285714286	98.0	102.34285714285714	102.0	110.0
ERR1713359	ARO:3000263	marA	4	4	96.5	97.0	101.7	101.0	105.0
ERR1713359	ARO:3000300	lsaA	1	1	97.6	97.6	82.4	82.4	82.4
ERR1713359	ARO:3000316	mphA	6	6	99.33333333333333	100.0	98.75	98.2	105.0
ERR1713359	ARO:3000343	tap	4	4	89.9	89.0	89.55	86.85	104.0
ERR1713359	ARO:3000363	EreB	2	2	83.75	83.75	73.55	73.55	85.1
ERR1713359	ARO:3000375	ErmB	11	11	99.38181818181819	100.0	79.93636363636364	82.8	106.0
ERR1713359	ARO:3000377	MexA	351	351	82.93019943019944	82.0	83.56039886039886	84.0	91.3
ERR1713359	ARO:3000378	MexB	6797	6797	85.84072384875681	85.7	82.58453729586581	84.7	99.0
ERR1713359	ARO:3000379	OprM	921	921	84.77633007600434	83.0	77.82312703583062	80.9	91.7
ERR1713359	ARO:3000410	sul1	24	24	97.75833333333333	100.0	84.55833333333334	97.1	102.0
ERR1713359	ARO:3000412	sul2	21	21	99.6047619047619	100.0	75.87142857142857	73.6	97.1
ERR1713359	ARO:3000413	sul3	2	2	86.85	86.85	66.45	66.45	84.0
ERR1713359	ARO:3000421	norB	1	1	84.0	84.0	70.1	70.1	70.1
ERR1713359	ARO:3000444	rphA	265	265	82.14716981132075	81.5	45.05358490566038	47.0	54.3
ERR1713359	ARO:3000464	Ngon_porin	1	1	85.2	85.2	43.9	43.9	43.9
ERR1713359	ARO:3000478	tet(33)	14	14	97.82142857142857	98.0	89.37857142857142	92.4	99.0
ERR1713359	ARO:3000481	tet(35)	3	3	83.53333333333333	83.3	51.6	52.0	54.7
ERR1713359	ARO:3000491	acrD	412	412	84.99150485436893	83.7	77.73373786407767	76.3	105.0
ERR1713359	ARO:3000498	ErmF	9	9	96.17777777777778	100.0	74.11111111111111	79.3	105.0
ERR1713359	ARO:3000499	AcrE	26	26	93.11923076923077	100.0	92.41923076923078	95.30000000000001	104.0
ERR1713359	ARO:3000501	rpoB2	181	181	82.99834254143647	81.0	76.54861878453038	72.8	106.0
ERR1713359	ARO:3000502	AcrF	240	240	84.14750000000001	81.9	73.95833333333333	71.2	105.0
ERR1713359	ARO:3000504	golS	23	23	82.70434782608696	81.5	42.7304347826087	42.4	48.9
ERR1713359	ARO:3000508	gadX	7	7	95.97142857142856	94.0	92.91428571428571	93.2	101.0
ERR1713359	ARO:3000510	Saur_mupB_MUP	92	92	80.98913043478261	81.0	38.96086956521739	38.5	75.5
ERR1713359	ARO:3000516	emrR	13	13	97.51538461538462	100.0	97.1846153846154	97.1	109.0
ERR1713359	ARO:3000518	CRP	464	464	83.13168103448275	82.0	87.2271551724138	87.8	103.0
ERR1713359	ARO:3000521	Saur_mupA_MUP	1	1	90.3	90.3	65.5	65.5	65.5
ERR1713359	ARO:3000522	ErmG	4	4	91.5	91.0	96.8	98.9	102.0
ERR1713359	ARO:3000533	macA	1	1	82.0	82.0	79.0	79.0	79.0
ERR1713359	ARO:3000535	macB	1933	1933	82.3170201758924	82.0	75.99415416451113	75.9	87.0
ERR1713359	ARO:3000549	adeS	24	24	81.01666666666667	81.3	82.79166666666667	83.6	87.8
ERR1713359	ARO:3000553	adeR	106	106	83.32264150943396	82.0	77.21698113207547	80.3	90.5
ERR1713359	ARO:3000556	tet(44)	73	73	96.35479452054794	98.0	98.38356164383562	101.0	110.0
ERR1713359	ARO:3000559	adeN	239	239	84.82887029288702	84.0	89.52635983263598	92.4	100.0
ERR1713359	ARO:3000566	tet(39)	49	49	99.75306122448978	100.0	96.10204081632654	98.2	105.0
ERR1713359	ARO:3000567	tet(40)	46	46	98.11521739130436	98.0	88.97173913043478	91.30000000000001	106.0
ERR1713359	ARO:3000573	tet(43)	1	1	90.0	90.0	53.1	53.1	53.1
ERR1713359	ARO:3000593	ErmQ	2	2	100.0	100.0	101.5	101.5	103.0
ERR1713359	ARO:3000596	ErmX	2	2	96.95	96.95	105.0	105.0	107.0
ERR1713359	ARO:3000601	Erm(38)	1	1	80.0	80.0	42.0	42.0	42.0
ERR1713359	ARO:3000604	Erm(35)	3	3	85.66666666666667	84.6	65.7	53.5	90.1
ERR1713359	ARO:3000614	mef(E)	2	2	85.0	85.0	85.30000000000001	85.30000000000001	90.9
ERR1713359	ARO:3000616	mel	97	97	91.99278350515463	92.0	86.44432989690722	88.2	100.0
ERR1713359	ARO:3000620	adeL	1	1	91.3	91.3	45.8	45.8	45.8
ERR1713359	ARO:3000656	AcrS	25	25	99.2	100.0	94.92	101.0	108.0
ERR1713359	ARO:3000676	H-NS	5	5	97.9	97.5	78.98	78.2	86.7
ERR1713359	ARO:3000753	abeM	2203	2203	85.30612800726283	85.1	82.96364049024058	83.2	94.4
ERR1713359	ARO:3000768	abeS	1	1	100.0	100.0	52.8	52.8	52.8
ERR1713359	ARO:3000774	adeA	308	308	89.3487012987013	89.8	88.71168831168832	89.7	99.0
ERR1713359	ARO:3000775	adeB	1081	1081	89.10573543015727	89.8	83.66475485661425	84.7	102.0
ERR1713359	ARO:3000777	adeF	290	290	85.98137931034482	84.0	82.57310344827586	84.7	95.5
ERR1713359	ARO:3000779	adeH	2	2	100.0	100.0	94.35	94.35	96.7
ERR1713359	ARO:3000780	adeI	1866	1866	85.64748124330119	84.0	77.70396570203644	82.0	92.4
ERR1713359	ARO:3000781	adeJ	11126	11126	86.24908322847385	85.4	82.24454431062377	83.2	108.0
ERR1713359	ARO:3000782	adeK	3197	3197	85.53346887707225	85.7	83.68035658429777	85.1	100.0
ERR1713359	ARO:3000784	cmeB	3	3	83.10000000000001	80.0	51.86666666666667	47.8	62.4
ERR1713359	ARO:3000790	mdsB	192	192	86.41302083333333	87.8	78.21614583333333	80.5	90.5
ERR1713359	ARO:3000791	mdsC	2	2	83.65	83.65	56.800000000000004	56.800000000000004	73.9
ERR1713359	ARO:3000792	mdtA	19	19	93.39473684210526	95.9	88.20526315789475	89.0	103.0
ERR1713359	ARO:3000793	mdtB	1105	1105	84.86968325791855	84.0	78.24334841628959	79.3	102.0
ERR1713359	ARO:3000794	mdtC	251	251	83.39840637450199	81.6	75.40318725099601	76.3	101.0
ERR1713359	ARO:3000795	mdtE	13	13	96.62307692307692	100.0	81.34615384615384	91.3	103.0
ERR1713359	ARO:3000796	mdtF	411	411	84.08929440389294	82.0	82.78515815085157	83.6	109.0
ERR1713359	ARO:3000800	MexC	279	279	86.97419354838709	86.2	70.02759856630824	72.0	91.7
ERR1713359	ARO:3000801	MexD	231	231	85.68008658008658	84.0	79.5012987012987	79.0	102.0
ERR1713359	ARO:3000802	OprJ	72	72	84.77361111111111	84.0	75.27222222222223	77.0	90.9
ERR1713359	ARO:3000803	MexE	932	932	82.97274678111589	82.2	82.26233905579399	83.6	96.7
ERR1713359	ARO:3000804	MexF	7494	7494	90.22711502535361	90.0	87.54967974379504	88.6	103.0
ERR1713359	ARO:3000805	OprN	1574	1574	83.3517789072427	83.3	78.00457433290978	79.7	94.7
ERR1713359	ARO:3000807	MexH	1	1	80.4	80.4	70.5	70.5	70.5
ERR1713359	ARO:3000808	MexI	1109	1109	86.19576194770063	86.0	73.50946798917944	76.6	97.1
ERR1713359	ARO:3000809	OpmD	6	6	82.39999999999999	82.44999999999999	73.81666666666666	71.80000000000001	82.0
ERR1713359	ARO:3000811	mtrD	66	66	83.53787878787878	82.4	72.71363636363637	75.5	92.4
ERR1713359	ARO:3000812	mtrE	6	6	83.45	83.85	77.35000000000001	79.9	82.4
ERR1713359	ARO:3000813	MexS	50	50	83.18799999999999	85.0	40.024	40.4	42.0
ERR1713359	ARO:3000814	MexT	1951	1951	86.32849820604818	85.7	79.33552024602768	82.8	97.8
ERR1713359	ARO:3000817	mtrR	2	2	82.7	82.7	87.45	87.45	88.2
ERR1713359	ARO:3000823	ramA	4	4	91.675	91.05000000000001	76.275	75.65	106.0
ERR1713359	ARO:3000828	baeR	8	8	85.2125	80.95	66.85	68.6	73.6
ERR1713359	ARO:3000829	baeS	74	74	85.36486486486487	83.7	84.25810810810812	82.2	105.0
ERR1713359	ARO:3000830	cpxA	28	28	96.47500000000001	100.0	95.06428571428572	96.30000000000001	108.0
ERR1713359	ARO:3000832	evgA	5	5	100.0	100.0	89.24	95.1	100.0
ERR1713359	ARO:3000833	evgS	20	20	98.69	100.0	102.14500000000001	103.5	114.0
ERR1713359	ARO:3000838	arlR	6	6	82.46666666666665	82.19999999999999	52.449999999999996	54.7	58.2
ERR1713359	ARO:3000851	THIN-B	13	13	87.97692307692309	89.8	89.02307692307691	91.3	107.0
ERR1713359	ARO:3000853	AIM-1	2	2	92.44999999999999	92.44999999999999	85.30000000000001	85.30000000000001	96.7
ERR1713359	ARO:3001214	mdtM	14	14	91.97142857142856	90.0	93.44285714285715	93.6	104.0
ERR1713359	ARO:3001216	mdtH	23	23	94.19565217391305	98.0	93.64347826086957	95.5	108.0
ERR1713359	ARO:3001301	RlmA(II)	1	1	80.0	80.0	87.4	87.4	87.4
ERR1713359	ARO:3001327	MdtK	9	9	88.65555555555555	87.5	90.32222222222222	90.1	102.0
ERR1713359	ARO:3001328	Ecol_mdfA	15	15	89.41333333333334	87.8	85.23333333333333	86.7	100.0
ERR1713359	ARO:3001329	mdtG	26	26	92.26153846153846	91.8	89.6846153846154	90.69999999999999	106.0
ERR1713359	ARO:3001397	OXA-2	2	2	100.0	100.0	105.5	105.5	106.0
ERR1713359	ARO:3001411	OXA-16	13	13	99.33076923076922	100.0	102.5923076923077	106.0	111.0
ERR1713359	ARO:3001416	OXA-21	5	5	100.0	100.0	95.2	102.0	105.0
ERR1713359	ARO:3001425	OXA-31	3	3	96.3	100.0	55.96666666666667	52.0	73.9
ERR1713359	ARO:3001427	OXA-33	3	3	100.0	100.0	102.33333333333333	101.0	105.0
ERR1713359	ARO:3001429	OXA-35	2	2	99.0	99.0	99.9	99.9	102.0
ERR1713359	ARO:3001430	OXA-36	6	6	100.0	100.0	106.0	107.5	108.0
ERR1713359	ARO:3001452	OXA-140	5	5	98.8	100.0	106.0	106.0	113.0
ERR1713359	ARO:3001483	OXA-205	2	2	99.0	99.0	95.1	95.1	97.4
ERR1713359	ARO:3001495	OXA-233	1	1	100.0	100.0	99.4	99.4	99.4
ERR1713359	ARO:3001521	OXA-333	4	4	95.5	99.0	95.5	94.75	102.0
ERR1713359	ARO:3001522	OXA-334	2	2	98.95	98.95	98.8	98.8	99.8
ERR1713359	ARO:3001559	OXA-373	2	2	90.8	90.8	102.5	102.5	105.0
ERR1713359	ARO:3001631	OXA-96	3	3	98.66666666666667	100.0	106.33333333333333	106.0	108.0
ERR1713359	ARO:3001662	OXA-164	12	12	99.83333333333333	100.0	97.71666666666665	99.9	107.0
ERR1713359	ARO:3001681	OXA-278	2	2	100.0	100.0	71.6	71.6	71.6
ERR1713359	ARO:3001711	OXA-212	7	7	97.41428571428571	97.4	85.08571428571429	80.1	105.0
ERR1713359	ARO:3001739	OXA-284	1	1	83.0	83.0	84.3	84.3	84.3
ERR1713359	ARO:3001751	OXA-296	10	10	85.13000000000001	85.7	42.52	42.7	43.5
ERR1713359	ARO:3001755	OXA-300	1	1	90.0	90.0	90.1	90.1	90.1
ERR1713359	ARO:3001775	OXA-119	2	2	99.0	99.0	105.5	105.5	109.0
ERR1713359	ARO:3001777	OXA-347	18	18	98.53888888888889	100.0	98.74444444444445	102.0	110.0
ERR1713359	ARO:3001781	OXA-47	1	1	100.0	100.0	100.0	100.0	100.0
ERR1713359	ARO:3001797	OXA-46	3	3	98.89999999999999	100.0	80.73333333333333	84.3	98.2
ERR1713359	ARO:3001804	OXA-145	4	4	100.0	100.0	103.4	104.5	106.0
ERR1713359	ARO:3001809	OXA-209	2	2	84.8	84.8	86.65	86.65	92.8
ERR1713359	ARO:3001817	ACC-3	10	10	82.25	82.25	57.39	57.55	59.3
ERR1713359	ARO:3001822	ACT-2	3	3	94.56666666666666	93.9	99.83333333333333	99.4	103.0
ERR1713359	ARO:3001829	ACT-4	3	3	98.0	98.0	105.0	105.0	105.0
ERR1713359	ARO:3001848	ACT-28	1	1	98.0	98.0	97.8	97.8	97.8
ERR1713359	ARO:3002092	CMY-79	1	1	80.0	80.0	37.7	37.7	37.7
ERR1713359	ARO:3002146	DHA-15	6	6	81.0	80.8	43.61666666666667	45.4	45.4
ERR1713359	ARO:3002165	FOX-12	1	1	82.6	82.6	44.3	44.3	44.3
ERR1713359	ARO:3002168	MIR-2	2	2	99.0	99.0	110.5	110.5	112.0
ERR1713359	ARO:3002242	CARB-3	1	1	100.0	100.0	99.0	99.0	99.0
ERR1713359	ARO:3002243	CARB-4	2	2	99.0	99.0	100.9	100.9	104.0
ERR1713359	ARO:3002244	CARB-5	94	94	94.84361702127659	98.0	94.79893617021277	98.0	110.0
ERR1713359	ARO:3002245	CARB-6	10	10	98.0	100.0	100.15	102.0	108.0
ERR1713359	ARO:3002249	CARB-10	3	3	99.33333333333333	100.0	99.13333333333333	99.4	99.8
ERR1713359	ARO:3002252	CARB-14	1	1	93.5	93.5	60.5	60.5	60.5
ERR1713359	ARO:3002343	GES-14	3	3	98.66666666666667	100.0	100.13333333333333	101.0	102.0
ERR1713359	ARO:3002350	GES-21	4	4	100.0	100.0	76.375	80.7	99.8
ERR1713359	ARO:3002372	VEB-3	2	2	100.0	100.0	102.0	102.0	104.0
ERR1713359	ARO:3002481	AER-1	4	4	95.0	96.0	88.725	93.0	103.0
ERR1713359	ARO:3002522	novA	3	3	82.66666666666667	82.0	87.03333333333335	87.8	87.8
ERR1713359	ARO:3002524	AAC(2')-Ib	1	1	88.0	88.0	93.2	93.2	93.2
ERR1713359	ARO:3002530	AAC(3)-Ib	1	1	100.0	100.0	46.2	46.2	46.2
ERR1713359	ARO:3002531	AAC(3)-Ic	1	1	83.7	83.7	77.0	77.0	77.0
ERR1713359	ARO:3002533	AAC(3)-IIa	1	1	91.9	91.9	76.3	76.3	76.3
ERR1713359	ARO:3002547	AAC(6')-Ib-cr1	1	1	94.0	94.0	99.8	99.8	99.8
ERR1713359	ARO:3002578	AAC(6')-Ib7	80	80	98.6625	100.0	85.4475	83.6	110.0
ERR1713359	ARO:3002579	AAC(6')-Ib8	145	145	83.62413793103448	83.9	50.542068965517245	53.9	55.1
ERR1713359	ARO:3002591	AAC_6_IB_Su	3	3	100.0	100.0	91.5	88.6	105.0
ERR1713359	ARO:3002596	AAC(6')-IIc	2	2	100.0	100.0	103.5	103.5	106.0
ERR1713359	ARO:3002597	AAC6_Ie_APH2_Ia	2	2	96.25	96.25	86.1	86.1	90.9
ERR1713359	ARO:3002601	aadA	5	5	92.22	93.2	68.5	68.6	81.3
ERR1713359	ARO:3002602	aadA2	21	21	98.76190476190476	100.0	95.34285714285714	98.6	108.0
ERR1713359	ARO:3002604	aadA4	1	1	100.0	100.0	65.1	65.1	65.1
ERR1713359	ARO:3002605	aadA5	6	6	100.0	100.0	100.25	100.0	115.0
ERR1713359	ARO:3002606	aadA6	3	3	100.0	100.0	60.56666666666666	61.2	70.1
ERR1713359	ARO:3002607	aadA7	9	9	98.53333333333333	98.0	95.37777777777778	99.8	107.0
ERR1713359	ARO:3002609	aadA9	5	5	94.26	91.3	43.46	43.5	47.4
ERR1713359	ARO:3002611	aadA11	2	2	99.0	99.0	75.2	75.2	103.0
ERR1713359	ARO:3002612	aadA12	2	2	100.0	100.0	52.4	52.4	52.4
ERR1713359	ARO:3002613	aadA13	11	11	97.36363636363636	100.0	85.77272727272727	97.4	108.0
ERR1713359	ARO:3002614	aadA14	1	1	84.0	84.0	84.7	84.7	84.7
ERR1713359	ARO:3002616	aadA16	2	2	98.0	98.0	99.5	99.5	100.0
ERR1713359	ARO:3002620	aadA23	7	7	99.10000000000001	100.0	91.91428571428571	98.6	107.0
ERR1713359	ARO:3002621	aadA24	2	2	99.0	99.0	96.8	96.8	100.0
ERR1713359	ARO:3002622	aadA6/aadA10	11	11	98.52727272727272	100.0	103.7	104.0	110.0
ERR1713359	ARO:3002626	ANT(6)-Ia	4	4	99.5	100.0	107.25	107.0	110.0
ERR1713359	ARO:3002628	aad(6)	1	1	84.0	84.0	85.5	85.5	85.5
ERR1713359	ARO:3002629	ANT(6)-Ib	21	21	97.37619047619049	100.0	103.24761904761904	103.0	116.0
ERR1713359	ARO:3002637	APH(2'')-IVa	2	2	100.0	100.0	105.0	105.0	110.0
ERR1713359	ARO:3002639	APH(3'')-Ib	25	25	97.656	98.0	78.028	81.3	109.0
ERR1713359	ARO:3002641	APH(3')-Ia	1	1	100.0	100.0	71.2	71.2	71.2
ERR1713359	ARO:3002642	APH(3')-Ib	2	2	91.4	91.4	57.2	57.2	75.5
ERR1713359	ARO:3002659	APH(6)-Ic	2	2	81.0	81.0	79.15	79.15	80.1
ERR1713359	ARO:3002660	APH(6)-Id	14	14	97.10000000000001	97.8	87.92857142857143	98.8	107.0
ERR1713359	ARO:3002666	rmtF	1	1	100.0	100.0	40.0	40.0	40.0
ERR1713359	ARO:3002675	catB2	1	1	98.0	98.0	106.0	106.0	106.0
ERR1713359	ARO:3002676	catB3	7	7	99.42857142857143	100.0	95.48571428571428	103.0	110.0
ERR1713359	ARO:3002679	Paer_catB7	1	1	80.0	80.0	90.9	90.9	90.9
ERR1713359	ARO:3002680	catB8	1	1	85.7	85.7	94.4	94.4	94.4
ERR1713359	ARO:3002687	catQ	13	13	98.77692307692307	100.0	98.41538461538462	107.0	113.0
ERR1713359	ARO:3002691	Sent_cmlA	7	7	95.91428571428571	100.0	85.14285714285714	99.4	106.0
ERR1713359	ARO:3002694	cmlA4	1	1	98.0	98.0	97.4	97.4	97.4
ERR1713359	ARO:3002695	cmlA5	6	6	99.66666666666667	100.0	86.5	89.95	103.0
ERR1713359	ARO:3002699	cmlB1	45	45	86.20666666666668	84.0	63.586666666666666	64.7	98.2
ERR1713359	ARO:3002703	cmx	13	13	99.84615384615384	100.0	92.78461538461539	94.4	101.0
ERR1713359	ARO:3002705	floR	3	3	100.0	100.0	84.36666666666666	94.4	96.3
ERR1713359	ARO:3002724	QnrB10	1	1	93.1	93.1	57.8	57.8	57.8
ERR1713359	ARO:3002794	QnrS5	1	1	95.6	95.6	95.9	95.9	95.9
ERR1713359	ARO:3002795	QnrS6	1	1	100.0	100.0	45.1	45.1	45.1
ERR1713359	ARO:3002798	QnrS9	1	1	84.0	84.0	91.7	91.7	91.7
ERR1713359	ARO:3002799	QnrVC1	1	1	89.2	89.2	72.8	72.8	72.8
ERR1713359	ARO:3002800	QnrVC3	1	1	100.0	100.0	81.3	81.3	81.3
ERR1713359	ARO:3002812	pp-flo	6	6	91.28333333333335	91.0	88.08333333333333	90.5	101.0
ERR1713359	ARO:3002813	lmrB	2	2	91.65	91.65	48.55	48.55	49.7
ERR1713359	ARO:3002819	msrC	2	2	100.0	100.0	89.35	89.35	95.9
ERR1713359	ARO:3002826	EreA2	4	4	91.925	91.0	83.825	92.65	103.0
ERR1713359	ARO:3002833	vgaE	1	1	81.8	81.8	38.9	38.9	38.9
ERR1713359	ARO:3002836	lnuB	14	14	97.10000000000001	100.0	88.62857142857142	97.65	105.0
ERR1713359	ARO:3002837	lnuC	7	7	96.91428571428571	96.0	94.14285714285714	105.0	110.0
ERR1713359	ARO:3002838	lnuD	10	10	84.45	83.35	86.46000000000001	88.2	98.6
ERR1713359	ARO:3002839	lnuF	6	6	95.31666666666666	98.5	88.14999999999999	89.55000000000001	109.0
ERR1713359	ARO:3002841	vatB	10	10	83.94	82.85	96.6	96.65	103.0
ERR1713359	ARO:3002846	arr-1	4	4	83.3	82.8	94.07499999999999	93.6	99.0
ERR1713359	ARO:3002854	dfrA1	2	2	98.65	98.65	80.5	80.5	84.0
ERR1713359	ARO:3002859	dfrA14	3	3	99.0	100.0	88.86666666666667	94.7	101.0
ERR1713359	ARO:3002861	dfrA5	1	1	98.0	98.0	104.0	104.0	104.0
ERR1713359	ARO:3002862	dfrA7	2	2	100.0	100.0	100.0	100.0	100.0
ERR1713359	ARO:3002867	dfrF	15	15	99.26	100.0	85.49333333333334	98.6	108.0
ERR1713359	ARO:3002871	tet(37)	10	10	88.07	87.75	71.47999999999999	78.4	102.0
ERR1713359	ARO:3002879	linG	3	3	91.76666666666667	96.0	95.66666666666667	100.0	103.0
ERR1713359	ARO:3002882	lmrD	7	7	86.85714285714286	86.0	86.38571428571429	88.2	90.5
ERR1713359	ARO:3002884	iri	1	1	80.0	80.0	85.9	85.9	85.9
ERR1713359	ARO:3002891	otr(A)S.rim	2	2	83.3	83.3	52.0	52.0	52.0
ERR1713359	ARO:3002895	SAT-2	9	9	100.0	100.0	90.76666666666667	97.8	108.0
ERR1713359	ARO:3002909	vanG	3	3	88.46666666666665	85.4	96.96666666666665	94.0	106.0
ERR1713359	ARO:3002919	vanR_in_vanA_cl	10	10	83.6	81.05	46.730000000000004	45.4	60.5
ERR1713359	ARO:3002922	vanR_in_vanC_cl	7	7	80.3	80.5	65.2	74.7	85.9
ERR1713359	ARO:3002923	vanR_in_vanD_cl	9	9	82.73333333333333	80.5	71.05555555555556	73.9	76.6
ERR1713359	ARO:3002926	vanR_in_vanG_cl	5	5	84.28	82.8	74.38	73.9	100.0
ERR1713359	ARO:3002927	vanR_in_vanL_cl	2	2	80.8	80.8	47.95	47.95	50.1
ERR1713359	ARO:3002929	vanR_in_vanN_cl	5	5	80.96	80.8	53.620000000000005	50.1	61.2
ERR1713359	ARO:3002930	vanR_in_vanO_cl	4	4	88.775	88.9	90.6	91.1	94.7
ERR1713359	ARO:3002933	vanS_in_vanC_cl	6	6	87.38333333333333	84.0	83.83333333333333	82.0	89.4
ERR1713359	ARO:3002934	vanS_in_vanD_cl	12	12	87.95833333333333	87.9	66.94166666666666	68.55	84.0
ERR1713359	ARO:3002940	vanS_in_vanN_cl	1	1	83.3	83.3	52.8	52.8	52.8
ERR1713359	ARO:3002966	vanXY_in_vanC	2	2	82.1	82.1	55.85	55.85	57.0
ERR1713359	ARO:3002968	vanXY_in_vanL	1	1	88.9	88.9	39.3	39.3	39.3
ERR1713359	ARO:3002972	vanT_in_vanG_cl	1	1	100.0	100.0	90.1	90.1	90.1
ERR1713359	ARO:3002983	amrB	176	176	83.75625000000001	82.9	70.11988636363637	72.8	80.1
ERR1713359	ARO:3002985	arnA	2814	2814	87.3273987206823	87.8	92.29445628997868	95.1	109.0
ERR1713359	ARO:3002986	bacA	21	21	95.07619047619048	98.0	83.20952380952382	94.4	103.0
ERR1713359	ARO:3002987	bcrA	9	9	80.72222222222223	80.0	51.82222222222222	41.6	72.4
ERR1713359	ARO:3002997	LCR-1	3	3	94.56666666666666	92.0	97.39999999999999	96.7	105.0
ERR1713359	ARO:3003002	CfxA2	11	11	98.97272727272728	100.0	89.11818181818181	99.4	108.0
ERR1713359	ARO:3003009	ceoA	1	1	82.6	82.6	43.5	43.5	43.5
ERR1713359	ARO:3003010	ceoB	92	92	85.90869565217392	85.85	75.3054347826087	79.0	91.7
ERR1713359	ARO:3003016	dfrA20	2	2	100.0	100.0	105.9	105.9	112.0
ERR1713359	ARO:3003031	MexW	2359	2359	86.36710470538364	85.7	80.98393387028402	82.4	97.4
ERR1713359	ARO:3003033	mexY	416	416	83.22235576923077	83.3	76.32403846153846	77.4	86.7
ERR1713359	ARO:3003037	opcM	16	16	83.275	83.3	52.15	54.7	67.0
ERR1713359	ARO:3003039	OprA	8	8	83.0	82.9	57.0875	63.35	68.2
ERR1713359	ARO:3003041	Spne_PBP1a_AMX	6	6	84.78333333333333	85.6	87.55	86.65	92.4
ERR1713359	ARO:3003043	Spne_PBP2x_AMX	1	1	80.0	80.0	86.3	86.3	86.3
ERR1713359	ARO:3003048	rosA	34	34	83.17941176470588	81.6	80.87647058823529	79.5	92.4
ERR1713359	ARO:3003049	rosB	29	29	84.77241379310345	83.3	80.17241379310344	80.9	94.7
ERR1713359	ARO:3003052	smeB	159	159	88.07044025157234	89.8	77.3446540880503	78.2	85.1
ERR1713359	ARO:3003055	smeD	7	7	81.02857142857144	80.0	80.47142857142856	81.3	85.5
ERR1713359	ARO:3003056	smeE	313	313	83.28402555910543	81.6	69.63290734824281	72.8	95.5
ERR1713359	ARO:3003057	smeF	7	7	81.94285714285715	81.8	63.857142857142854	57.4	80.1
ERR1713359	ARO:3003066	smeR	384	384	83.15520833333333	82.9	66.2453125	66.6	92.8
ERR1713359	ARO:3003069	vanXY_in_vanG	2	2	98.0	98.0	98.85	98.85	101.0
ERR1713359	ARO:3003078	Efac_liaR_DAP	5	5	87.8	89.6	66.1	57.8	91.3
ERR1713359	ARO:3003097	CfxA6	22	22	97.97727272727273	100.0	87.63636363636364	99.5	105.0
ERR1713359	ARO:3003107	mef(B)	19	19	92.52631578947368	94.0	88.84736842105262	94.4	111.0
ERR1713359	ARO:3003109	msrE	131	131	96.24885496183207	100.0	92.46106870229008	96.7	109.0
ERR1713359	ARO:3003110	catB10	2	2	87.0	87.0	94.95	94.95	95.5
ERR1713359	ARO:3003112	lsaC	2	2	91.9	91.9	93.2	93.2	93.2
ERR1713359	ARO:3003197	aadA25	4	4	100.0	100.0	80.9	80.9	93.6
ERR1713359	ARO:3003206	lsaE	45	45	95.76666666666667	98.0	92.5111111111111	96.3	111.0
ERR1713359	ARO:3003209	fosA5	3	3	94.60000000000001	94.0	85.03333333333333	99.0	101.0
ERR1713359	ARO:3003283	Mtub_rpoB_RIF	39	39	86.26153846153845	84.0	81.4948717948718	82.8	104.0
ERR1713359	ARO:3003284	Mlep_rpoB_RIF	165	165	87.53090909090909	87.5	89.30787878787878	90.5	105.0
ERR1713359	ARO:3003285	Saur_rpoB_RIF	1167	1167	87.20994001713797	87.5	55.06923736075407	53.1	102.0
ERR1713359	ARO:3003288	Ecol_rpoB_RIF	31375	31375	88.55353306772909	87.8	91.07108207171315	92.4	112.0
ERR1713359	ARO:3003291	Saur_rpoC_DAP	3653	3653	84.49841226389269	84.0	83.11040240897891	89.0	112.0
ERR1713359	ARO:3003294	Ecol_gyrA_FLO	19	19	92.34210526315789	97.1	74.53157894736842	67.8	104.0
ERR1713359	ARO:3003295	Mtub_gyrA_FLO	12	12	84.25833333333334	85.05	82.93333333333334	86.45	97.4
ERR1713359	ARO:3003296	Saur_gyrA_FLO	86	86	83.7	83.7	87.13139534883722	89.4	100.0
ERR1713359	ARO:3003297	Bbac_gyrA_FLO	91	91	82.78241758241758	81.6	88.47582417582417	90.1	100.0
ERR1713359	ARO:3003298	Mlep_gyrA_FLO	19	19	84.51052631578948	83.3	72.31052631578947	60.8	106.0
ERR1713359	ARO:3003301	Saur_gyrB_AMU	389	389	83.98226221079692	84.2	59.89460154241645	46.6	97.4
ERR1713359	ARO:3003302	Bbac_gyrA_AMU	835	835	84.63425149700599	83.3	79.99796407185629	87.0	103.0
ERR1713359	ARO:3003303	Ecol_gyrB_AMU	14722	14722	88.01939953810624	88.0	89.2239301725309	90.1	113.0
ERR1713359	ARO:3003304	Mlep_gyrB_FLO	32	32	85.91875	83.85	74.34375	83.15	101.0
ERR1713359	ARO:3003305	Uure_gyrB_FLO	1047	1047	85.43686723973256	87.0	52.70888252148997	53.1	87.4
ERR1713359	ARO:3003306	Mmor_gyrB_FLO	5434	5434	87.74090909090908	87.95	87.92878174457122	91.3	103.0
ERR1713359	ARO:3003307	Sser_gyrB_FLO	2253	2253	83.06276076342654	82.0	87.01402574345317	88.6	103.0
ERR1713359	ARO:3003308	Ecol_parC_FLO	1004	1004	92.97400398406376	93.9	101.96832669322708	107.0	111.0
ERR1713359	ARO:3003309	Uure_parC_FLO	2	2	82.2	82.2	75.1	75.1	86.7
ERR1713359	ARO:3003310	Mhom_23S_FLO	2	2	82.44999999999999	82.44999999999999	66.80000000000001	66.80000000000001	68.9
ERR1713359	ARO:3003311	Spne_parC_FLO	85	85	87.03999999999999	86.0	88.79882352941176	89.0	108.0
ERR1713359	ARO:3003312	Saur_parC_FLO	14	14	84.02142857142857	84.0	76.93571428571428	74.5	97.4
ERR1713359	ARO:3003314	Saur_parE_AMU	148	148	82.39324324324325	80.69999999999999	70.73716216216216	62.8	95.1
ERR1713359	ARO:3003315	Saur_parE_FLO	5	5	82.3	81.8	68.8	73.9	75.9
ERR1713359	ARO:3003316	Ecol_parE_FLO	4718	4718	83.82772361169988	83.3	82.9683128444256	88.6	115.0
ERR1713359	ARO:3003317	Sser_parE_FLO	287	287	83.03031358885018	83.0	79.13658536585366	77.8	105.0
ERR1713359	ARO:3003326	Mtub_embB_EMB	5	5	85.52000000000001	82.0	88.3	88.6	104.0
ERR1713359	ARO:3003327	Mtub_embC_EMB	11	11	86.7090909090909	83.7	93.16363636363636	89.0	114.0
ERR1713359	ARO:3003357	Cdif_EFTu_ELF	6601	6601	91.3835327980609	92.0	95.43787304953796	97.1	109.0
ERR1713359	ARO:3003359	Scin_EFTu_ELF	3582	3582	89.48964265773311	89.5	61.88833054159687	62.8	105.0
ERR1713359	ARO:3003361	Pros_EFTu_GE2A	543	543	82.29079189686925	81.3	85.72983425414365	92.0	107.0
ERR1713359	ARO:3003368	Ecol_EFTu_KIR	23427	23427	86.14139667904554	84.0	84.77433730311179	88.2	112.0
ERR1713359	ARO:3003369	Ecol_EFTu_PLV	116	116	82.2646551724138	81.4	70.04310344827586	68.6	93.6
ERR1713359	ARO:3003373	Kpne_acrR_MULT	34	34	83.79117647058824	83.3	41.38823529411765	40.0	80.5
ERR1713359	ARO:3003374	Kaer_acrR_MULT	3	3	85.16666666666667	83.3	39.0	38.5	40.0
ERR1713359	ARO:3003378	Ecol_MarR_MULT	10	10	89.92999999999999	89.35	83.67999999999999	90.69999999999999	107.0
ERR1713359	ARO:3003379	Sent_ramR	1	1	87.5	87.5	82.8	82.8	82.8
ERR1713359	ARO:3003380	Kpne_ramR	3	3	94.56666666666666	92.0	74.56666666666666	84.7	97.4
ERR1713359	ARO:3003381	Ecol_soxR_MULT	18	18	88.35	81.1	69.44999999999999	71.8	103.0
ERR1713359	ARO:3003382	Sent_soxR_MULT	12	12	85.11666666666666	82.1	79.86666666666666	73.9	112.0
ERR1713359	ARO:3003383	Sent_soxS_MULT	5	5	92.86	89.5	85.76	88.6	105.0
ERR1713359	ARO:3003386	Ecol_folP_SLF	542	542	90.26937269372694	90.5	48.11605166051661	48.1	106.0
ERR1713359	ARO:3003387	Spyo_folP_SLF	81	81	85.99012345679012	88.9	40.84691358024691	38.1	95.5
ERR1713359	ARO:3003390	Ecol_ompF_BLA	12	12	98.66666666666667	100.0	98.3	100.0	105.0
ERR1713359	ARO:3003392	Mtub_katG_INH	257	257	81.58054474708172	81.6	89.43229571984435	90.9	101.0
ERR1713359	ARO:3003393	Mtub_inhA_INH	5	5	89.14	90.0	80.66	90.9	97.1
ERR1713359	ARO:3003394	Mtub_pncA_PZA	7	7	87.21428571428571	85.0	46.357142857142854	46.2	53.5
ERR1713359	ARO:3003395	Mtub_rpsL_STR	1533	1533	82.00208741030659	81.3	85.28369210697977	85.9	100.0
ERR1713359	ARO:3003438	Efac_EFTu_GE2A	4520	4520	84.06307522123893	82.95	88.32865044247788	92.0	107.0
ERR1713359	ARO:3003445	Mtub_tlyA_AMG	4	4	83.1	83.0	76.65	73.75	89.4
ERR1713359	ARO:3003448	Mtub_iniA_EMB	2	2	83.75	83.75	76.45	76.45	89.7
ERR1713359	ARO:3003451	Mtub_iniC_EMB	7	7	86.0	84.2	78.68571428571428	77.8	86.7
ERR1713359	ARO:3003453	Mtub_embA_EMB	2	2	81.0	81.0	84.75	84.75	86.7
ERR1713359	ARO:3003458	Mtub_ethA_ETO	3	3	81.76666666666667	81.6	68.3	62.0	93.2
ERR1713359	ARO:3003459	Mtub_gyrB_FLO	59	59	85.4864406779661	84.6	72.8271186440678	80.1	105.0
ERR1713359	ARO:3003461	Mtub_ndh_INH	8	8	87.65	86.75	86.8375	89.15	96.3
ERR1713359	ARO:3003463	Mtub_kasA_INH	4	4	90.1	91.25	86.65	86.45	90.5
ERR1713359	ARO:3003479	tetR	2	2	85.65	85.65	82.25	82.25	86.7
ERR1713359	ARO:3003511	Ecol_soxS_MULT	4	4	100.0	100.0	83.425	84.9	100.0
ERR1713359	ARO:3003548	mdtN	12	12	98.33333333333333	100.0	89.125	94.55000000000001	104.0
ERR1713359	ARO:3003549	mdtO	19	19	99.47368421052632	100.0	98.5421052631579	99.0	108.0
ERR1713359	ARO:3003550	mdtP	18	18	97.18333333333334	100.0	87.72222222222223	90.15	103.0
ERR1713359	ARO:3003551	emeA	4	4	83.775	82.75	78.85	77.8	90.5
ERR1713359	ARO:3003553	CepS	1	1	82.4	82.4	65.1	65.1	65.1
ERR1713359	ARO:3003562	blaF	1	1	91.3	91.3	72.0	72.0	72.0
ERR1713359	ARO:3003573	LpxA	1913	1913	84.33397804495556	84.0	66.69796131730267	65.5	100.0
ERR1713359	ARO:3003574	LpxC	3682	3682	90.08400325909831	89.9	90.17240630092341	92.4	105.0
ERR1713359	ARO:3003575	LpxD	881	881	85.42656072644722	85.7	68.7967082860386	65.5	101.0
ERR1713359	ARO:3003576	eptA	23	23	87.53478260869565	81.8	82.03478260869565	72.4	114.0
ERR1713359	ARO:3003577	ugd	472	472	84.2811440677966	83.7	90.49025423728814	93.4	107.0
ERR1713359	ARO:3003578	PmrF	167	167	81.88682634730539	81.6	82.87724550898204	83.2	103.0
ERR1713359	ARO:3003582	basR	6	6	82.23333333333333	80.69999999999999	62.0	61.65	77.0
ERR1713359	ARO:3003585	Kleb_PhoP_CST	8	8	91.85	92.95	90.1	92.25	100.0
ERR1713359	ARO:3003620	OXA-464	1	1	84.0	84.0	95.9	95.9	95.9
ERR1713359	ARO:3003628	OXA-472	1	1	87.8	87.8	90.9	90.9	90.9
ERR1713359	ARO:3003665	NmcR	1	1	80.0	80.0	41.2	41.2	41.2
ERR1713359	ARO:3003679	TriA	461	461	86.37288503253797	84.0	75.19110629067245	75.5	82.4
ERR1713359	ARO:3003680	TriB	27	27	80.88148148148149	80.9	57.092592592592595	63.2	73.6
ERR1713359	ARO:3003681	TriC	8306	8306	86.01516975680231	85.7	81.37435588731039	82.4	97.8
ERR1713359	ARO:3003682	OpmH	3328	3328	84.92854567307693	84.0	82.97677283653846	84.7	96.3
ERR1713359	ARO:3003684	Paer_gyrA_FLO	6179	6179	90.48255381129631	90.0	90.3313157468846	91.3	112.0
ERR1713359	ARO:3003685	Paer_parE_FLO	16366	16366	87.79751924721984	88.0	88.78856776243431	91.3	108.0
ERR1713359	ARO:3003686	Paer_oprD_IPM	92	92	82.54673913043477	82.6	44.089130434782604	39.3	84.3
ERR1713359	ARO:3003688	PvrR	163	163	82.53742331288343	82.0	80.95889570552147	87.8	97.1
ERR1713359	ARO:3003692	MexJ	749	749	82.72002670226969	82.0	80.37730307076102	80.9	88.6
ERR1713359	ARO:3003693	MexK	10920	10920	86.42149267399267	85.7	82.00498168498169	83.2	99.4
ERR1713359	ARO:3003698	mexP	98	98	82.38469387755102	81.8	85.16122448979591	86.1	97.1
ERR1713359	ARO:3003699	mexQ	2692	2692	89.35746656760772	90.0	86.00594353640416	88.2	103.0
ERR1713359	ARO:3003700	opmE	279	279	82.57025089605735	82.0	72.10035842293907	75.1	87.0
ERR1713359	ARO:3003702	Paer_ParC_FLO	10696	10696	88.40708676140613	87.8	89.52785153328347	90.9	112.0
ERR1713359	ARO:3003705	mexN	3516	3516	83.98831058020478	83.7	79.19456769055745	80.1	93.6
ERR1713359	ARO:3003728	vanR_in_vanI_cl	5	5	82.14	82.0	64.94	65.1	87.8
ERR1713359	ARO:3003729	Saur_ileS_MUP	42	42	82.33809523809524	81.44999999999999	83.13809523809525	93.2	102.0
ERR1713359	ARO:3003730	Bbif_ileS_MUP	90	90	88.9888888888889	88.0	97.4	99.9	113.0
ERR1713359	ARO:3003735	Saur_fusA_FA	789	789	83.15196451204055	81.8	80.87135614702154	85.9	103.0
ERR1713359	ARO:3003737	Saur_fusE_FA	17	17	86.28823529411765	86.4	53.33529411764706	49.7	77.4
ERR1713359	ARO:3003741	mphE	52	52	98.9076923076923	100.0	89.65	98.0	108.0
ERR1713359	ARO:3003742	mphG	9	9	89.32222222222222	92.0	81.15555555555555	91.3	110.0
ERR1713359	ARO:3003744	vatF	8	8	82.25	81.65	94.625	95.3	100.0
ERR1713359	ARO:3003745	mef(C)	28	28	95.71071428571429	99.0	87.0	91.1	104.0
ERR1713359	ARO:3003746	optrA	1	1	82.8	82.8	49.7	49.7	49.7
ERR1713359	ARO:3003751	Ecol_nfsA_NIT	8	8	94.6125	95.65	95.3875	94.35	102.0
ERR1713359	ARO:3003756	Ecol_nfsB_NIT	11	11	95.19090909090909	98.0	88.61818181818181	95.9	102.0
ERR1713359	ARO:3003760	Efae_cls_DAP	2	2	97.95	97.95	99.35	99.35	104.0
ERR1713359	ARO:3003773	Cper_mprF	4	4	100.0	100.0	105.5	105.5	109.0
ERR1713359	ARO:3003774	Saga_mprF	6	6	85.2	84.0	89.41666666666667	90.5	95.5
ERR1713359	ARO:3003775	Ecol_murA_FOF	495	495	82.63434343434344	81.5	79.78868686868687	87.4	108.0
ERR1713359	ARO:3003776	Saur_murA_FOF	5	5	81.72	81.8	62.160000000000004	55.1	86.7
ERR1713359	ARO:3003778	Msme_ndh_INH	6	6	86.88333333333333	86.9	86.41666666666667	86.85	99.8
ERR1713359	ARO:3003784	Mtub_murA_FOF	11	11	93.2	93.9	86.47272727272728	95.1	100.0
ERR1713359	ARO:3003789	Cjej_gyrA_FLO	20	20	82.55	81.6	74.705	69.9	95.5
ERR1713359	ARO:3003792	Efae_liaR_DAP	7	7	83.05714285714285	81.8	70.64285714285714	61.2	89.0
ERR1713359	ARO:3003797	Efae_YybT_DAP	2	2	100.0	100.0	99.4	99.4	101.0
ERR1713359	ARO:3003807	Ecol_AcrR_MULT	8	8	98.6125	100.0	82.05	87.05000000000001	105.0
ERR1713359	ARO:3003808	carO	696	696	84.68850574712643	84.0	89.83764367816092	92.8	103.0
ERR1713359	ARO:3003809	Abau_OprD_IPM	1387	1387	83.38442682047585	83.0	79.13489545782264	84.0	102.0
ERR1713359	ARO:3003811	adeC	165	165	83.94969696969697	83.7	84.16787878787879	85.1	97.8
ERR1713359	ARO:3003817	Abau_gyrA_FLO	14453	14453	87.86511450909846	88.0	87.78498581609354	91.3	108.0
ERR1713359	ARO:3003818	Abau_parC_FLO	11184	11184	89.0309638769671	89.8	86.36404685264664	90.5	110.0
ERR1713359	ARO:3003838	gadW	7	7	95.05714285714285	97.9	95.05714285714285	95.9	102.0
ERR1713359	ARO:3003839	Mrx	2	2	97.0	97.0	93.25	93.25	101.0
ERR1713359	ARO:3003841	kdpE	12	12	88.90833333333335	86.4	82.95	89.2	103.0
ERR1713359	ARO:3003843	leuO	23	23	93.60434782608696	98.0	93.93478260869566	97.1	105.0
ERR1713359	ARO:3003890	Ecol_UhpT_FOF	38	38	98.65263157894738	100.0	91.63684210526316	99.4	104.0
ERR1713359	ARO:3003893	Ecol_uhpA_FOF	7	7	93.67142857142858	98.0	89.38571428571429	97.8	100.0
ERR1713359	ARO:3003894	Rm3	29	29	93.66551724137932	93.9	96.32758620689656	98.6	105.0
ERR1713359	ARO:3003895	Paer_PhoP_CST	2191	2191	88.16056595162026	88.0	82.85988133272478	89.4	103.0
ERR1713359	ARO:3003896	Paer_PhoQ_CST	433	433	81.84803695150114	81.6	76.3418013856813	77.4	87.4
ERR1713359	ARO:3003899	Ecol_PtsI_FOF	38	38	96.42105263157895	98.0	92.33421052631579	93.2	107.0
ERR1713359	ARO:3003900	Ecol_cyaA_FOF	41	41	96.84634146341463	100.0	100.52926829268293	104.0	112.0
ERR1713359	ARO:3003901	Saur_GlpT_FOF	40	40	80.495	80.4	72.41	72.8	79.3
ERR1713359	ARO:3003902	Saur_UhpT_FOF	2	2	83.85	83.85	86.65	86.65	89.0
ERR1713359	ARO:3003917	Saur_menA_LYS	2	2	100.0	100.0	95.55	95.55	97.1
ERR1713359	ARO:3003922	oqxA	20	20	91.47	93.95	84.535	86.65	103.0
ERR1713359	ARO:3003923	oqxB	64	64	90.6875	89.9	82.5671875	85.1	105.0
ERR1713359	ARO:3003924	Hpin_gyrA_FLO	478	478	86.97887029288704	87.8	90.92364016736401	92.8	108.0
ERR1713359	ARO:3003925	Hpin_parC_FLO	567	567	88.69611992945326	81.8	90.32398589065255	77.0	113.0
ERR1713359	ARO:3003926	Sent_gyrA_FLO	79	79	86.08354430379747	82.6	71.15569620253164	80.9	108.0
ERR1713359	ARO:3003928	Ngon_gyrA_FLO	22	22	85.75	83.1	79.42272727272727	81.25	113.0
ERR1713359	ARO:3003929	Ngon_parC_FLO	49	49	85.7938775510204	84.0	84.44081632653062	84.3	105.0
ERR1713359	ARO:3003930	rpsJ	401	401	83.84089775561097	85.0	44.18029925187032	39.3	100.0
ERR1713359	ARO:3003931	Cgin_gyrA_FLO	30	30	81.92666666666668	81.3	78.02333333333333	83.0	94.7
ERR1713359	ARO:3003937	Nmen_PBP2_BLA	3	3	84.83333333333333	85.0	73.83333333333333	88.6	93.6
ERR1713359	ARO:3003939	Sent_parC_FLO	1861	1861	89.79108006448146	91.7	93.22084900591081	95.1	105.0
ERR1713359	ARO:3003942	abcA	2	2	81.9	81.9	61.25	61.25	83.6
ERR1713359	ARO:3003948	efrA	20	20	84.13	82.5	81.075	81.6	98.2
ERR1713359	ARO:3003949	efrB	53	53	83.11320754716981	82.1	65.36415094339623	60.8	92.0
ERR1713359	ARO:3003950	msbA	444	444	84.98018018018017	84.0	81.87004504504505	82.4	104.0
ERR1713359	ARO:3003952	YojI	39	39	92.67179487179487	94.0	89.66153846153847	92.8	108.0
ERR1713359	ARO:3003955	efpA	4	4	87.2	86.75	83.75	84.15	87.0
ERR1713359	ARO:3003961	farA	1	1	80.0	80.0	41.6	41.6	41.6
ERR1713359	ARO:3003962	farB	5	5	83.72	84.0	81.34	85.1	90.9
ERR1713359	ARO:3003966	Kpne_OmpK35	3	3	98.0	100.0	90.7	100.0	102.0
ERR1713359	ARO:3003968	Kpne_OmpK36	4	4	98.225	100.0	75.125	78.4	104.0
ERR1713359	ARO:3003970	ddl	9	9	85.35555555555555	82.0	81.73333333333333	90.1	99.4
ERR1713359	ARO:3003974	Cacn_gyrA_FLO	111	111	85.3981981981982	84.0	88.03153153153153	89.4	116.0
ERR1713359	ARO:3003980	tetA(58)	3	3	84.36666666666666	83.7	81.53333333333333	82.0	86.3
ERR1713359	ARO:3003981	tetB(58)	2	2	87.05000000000001	87.05000000000001	69.5	69.5	81.6
ERR1713359	ARO:3003982	LlmA_23S_CLI	9	9	83.23333333333333	82.1	78.91111111111111	74.7	101.0
ERR1713359	ARO:3003986	TaeA	14	14	82.77857142857144	83.5	85.31428571428572	84.69999999999999	94.0
ERR1713359	ARO:3003992	rphB	62	62	81.56451612903226	81.3	51.85322580645161	52.8	92.0
ERR1713359	ARO:3003995	Cdif_gyrA_FLO	83	83	84.52530120481929	83.7	85.13855421686748	87.4	103.0
ERR1713359	ARO:3004032	tetA(46)	3	3	88.93333333333334	91.8	73.93333333333334	86.3	97.8
ERR1713359	ARO:3004033	tetB(46)	11	11	85.92727272727274	83.7	85.04545454545455	83.2	96.7
ERR1713359	ARO:3004036	tetB(60)	18	18	80.08888888888889	80.0	43.294444444444444	38.5	84.0
ERR1713359	ARO:3004039	Ecol_emrE	2	2	100.0	100.0	71.7	71.7	103.0
ERR1713359	ARO:3004041	Kpne_acrA	3	3	98.0	98.0	100.0	100.0	100.0
ERR1713359	ARO:3004042	Eclo_acrA	7	7	94.37142857142858	94.0	87.48571428571428	90.1	98.2
ERR1713359	ARO:3004043	Ecol_acrA	19	19	93.40526315789474	98.0	84.56842105263158	88.2	101.0
ERR1713359	ARO:3004045	Ecol_fabI_MULT	1057	1057	82.76584673604542	82.5	74.44654683065279	76.3	108.0
ERR1713359	ARO:3004049	Ecol_fabG_TRC	156	156	81.53589743589744	80.8	57.12179487179487	47.95	99.4
ERR1713359	ARO:3004054	Paer_CpxR	1757	1757	87.71343198634035	87.5	83.37757541263517	88.2	105.0
ERR1713359	ARO:3004059	Type_A_NfxB	36	36	86.63888888888889	85.7	79.39166666666667	83.2	95.9
ERR1713359	ARO:3004069	MvaT	1071	1071	85.86339869281045	85.3	65.13473389355742	67.0	93.6
ERR1713359	ARO:3004072	OpmB	147	147	83.72312925170067	83.3	61.80340136054422	64.7	81.6
ERR1713359	ARO:3004073	MuxA	194	194	84.22113402061855	84.8	63.707731958762885	64.7	84.3
ERR1713359	ARO:3004074	MuxB	2190	2190	84.6558904109589	83.7	77.34968036529679	79.0	92.4
ERR1713359	ARO:3004075	MuxC	458	458	81.9272925764192	81.8	70.16615720524017	72.8	84.3
ERR1713359	ARO:3004077	PmpM	967	967	83.91065149948294	83.7	83.29968976215099	82.0	101.0
ERR1713359	ARO:3004089	ANT(3'')-IIa	2	2	96.0	96.0	96.85	96.85	104.0
ERR1713359	ARO:3004097	Smit_CdsA_DAP	4	4	83.025	81.8	61.15	61.65	78.6
ERR1713359	ARO:3004100	LpeB	10	10	83.27000000000001	83.80000000000001	62.2	61.2	75.1
ERR1713359	ARO:3004107	Paer_soxR	1	1	85.7	85.7	44.7	44.7	44.7
ERR1713359	ARO:3004111	FosA6	1	1	89.6	89.6	94.4	94.4	94.4
ERR1713359	ARO:3004113	FosA7	11	11	80.9090909090909	80.6	69.36363636363636	68.6	71.6
ERR1713359	ARO:3004114	porin_OmpC	4	4	100.0	100.0	83.3	83.05	112.0
ERR1713359	ARO:3004122	Kpne_OmpK37	11	11	87.44545454545454	87.2	84.42727272727274	96.3	105.0
ERR1713359	ARO:3004124	Mcat_M35_AMX	478	478	84.48284518828453	84.0	48.01799163179916	47.8	79.3
ERR1713359	ARO:3004126	Ecol_LamB	30	30	96.73666666666666	100.0	97.78333333333333	99.9	116.0
ERR1713359	ARO:3004127	Ecol_mipA	8	8	96.4875	98.45	91.2375	99.85	114.0
ERR1713359	ARO:3004128	Smar_Omp1	3	3	80.66666666666667	80.0	92.06666666666666	90.1	96.7
ERR1713359	ARO:3004144	AxyY	182	182	84.29065934065933	84.0	71.21208791208791	76.6	86.3
ERR1713359	ARO:3004153	Mtub_thyA_PAS	2211	2211	83.91845318860244	83.7	87.53812754409769	91.3	107.0
ERR1713359	ARO:3004157	Mtub_folC_PAS	4	4	91.925	92.85	65.575	64.9	89.4
ERR1713359	ARO:3004239	NPS-1	2	2	100.0	100.0	105.5	105.5	107.0
ERR1713359	ARO:3004253	vanU_in_vanG_cl	3	3	85.96666666666665	84.2	37.6	37.7	37.7
ERR1713359	ARO:3004254	vanV_in_vanB_cl	1	1	83.9	83.9	54.3	54.3	54.3
ERR1713359	ARO:3004290	Ecol_ampC_BLA	5	5	100.0	100.0	101.17999999999999	106.0	111.0
ERR1713359	ARO:3004332	MCR-5.1	1	1	81.3	81.3	58.2	58.2	58.2
ERR1713359	ARO:3004354	PDC-91	1	1	81.0	81.0	38.5	38.5	38.5
ERR1713359	ARO:3004361	sul4	3	3	93.66666666666667	100.0	80.06666666666666	91.7	110.0
ERR1713359	ARO:3004379	QepA4	1	1	84.0	84.0	87.4	87.4	87.4
ERR1713359	ARO:3004442	tet(W/N/W)	28	28	97.46785714285714	100.0	99.84285714285714	100.0	107.0
ERR1713359	ARO:3004444	RSA1-1	2	2	100.0	100.0	97.8	97.8	102.0
ERR1713359	ARO:3004446	Hinf_PBP3_BLA	4	4	90.0	89.0	91.825	88.95	102.0
ERR1713359	ARO:3004450	TRU-1	1	1	94.4	94.4	39.7	39.7	39.7
ERR1713359	ARO:3004451	Afab_ACT_CHL	3	3	81.76666666666667	82.0	62.5	55.8	87.0
ERR1713359	ARO:3004454	Ccol_ACT_CHL	2	2	88.45	88.45	83.95	83.95	92.4
ERR1713359	ARO:3004466	ICR-Mc	43	43	85.16046511627907	85.7	44.70232558139535	45.4	45.4
ERR1713359	ARO:3004470	poxtA	1	1	81.6	81.6	83.2	83.2	83.2
ERR1713359	ARO:3004480	Bado_rpoB_RIF	347	347	90.58559077809798	91.7	88.71815561959654	95.9	110.0
ERR1713359	ARO:3004502	MCR-2.2	1	1	81.0	81.0	43.5	43.5	43.5
ERR1713359	ARO:3004516	MCR-8.1	1	1	80.0	80.0	74.7	74.7	74.7
ERR1713359	ARO:3004517	MCR-7.1	1	1	80.0	80.0	38.5	38.5	38.5
ERR1713359	ARO:3004561	Cdif_murG_VAN	5	5	81.12	80.8	53.9	51.6	71.6
ERR1713359	ARO:3004562	Cdif_gyrB_FLO	192	192	83.72291666666666	82.2	78.54635416666666	83.6	99.4
ERR1713359	ARO:3004563	Cdif_rpoB_RIF	846	846	85.9178486997636	85.1	87.21583924349882	89.4	110.0
ERR1713359	ARO:3004569	ICR-Mo	40	40	94.30499999999999	98.0	87.28999999999999	97.25	111.0
ERR1713359	ARO:3004573	Abau_AbaF	745	745	83.07691275167785	82.4	84.89637583892618	89.4	100.0
ERR1713359	ARO:3004574	Abau_AbaQ	929	929	83.56017222820236	83.3	87.60958019375673	87.4	104.0
ERR1713359	ARO:3004577	Abau_AmvA	2	2	86.35	86.35	74.55000000000001	74.55000000000001	78.2
ERR1713359	ARO:3004578	Abau_AbuO	1116	1116	86.09767025089606	86.0	79.13387096774193	79.7	101.0
ERR1713359	ARO:3004580	Kpne_KpnE	3	3	90.13333333333333	90.0	79.23333333333333	81.3	86.3
ERR1713359	ARO:3004583	Kpne_KpnF	4	4	87.2	87.4	81.725	87.4	99.0
ERR1713359	ARO:3004586	tet(51)	2	2	86.85	86.85	92.05000000000001	92.05000000000001	95.9
ERR1713359	ARO:3004588	Kpne_KpnG	88	88	84.3875	84.6	85.27954545454546	85.5	103.0
ERR1713359	ARO:3004597	Kpne_KpnH	2	2	87.0	87.0	92.65	92.65	96.3
ERR1713359	ARO:3004600	LnuH	23	23	88.89565217391304	87.8	91.39999999999999	95.1	103.0
ERR1713359	ARO:3004608	EreD	11	11	98.43636363636364	98.0	91.46363636363637	95.1	108.0
ERR1713359	ARO:3004621	AAC(3)-IIe	2	2	99.0	99.0	100.3	100.3	102.0
ERR1713359	ARO:3004630	Mgen_parC_MXF	1	1	87.5	87.5	67.4	67.4	67.4
ERR1713359	ARO:3004657	catA4	1	1	80.8	80.8	50.4	50.4	50.4
ERR1713359	ARO:3004659	Mef(En2)	2	2	100.0	100.0	97.44999999999999	97.44999999999999	97.8
ERR1713359	ARO:3004668	QnrAS	1	1	83.7	83.7	89.7	89.7	89.7
ERR1713359	ARO:3004675	aphA15	1	1	100.0	100.0	57.4	57.4	57.4
ERR1713359	ARO:3004681	Cdif_rpoC_VAN	10524	10524	85.63141391106043	84.0	83.29027936145953	87.0	116.0
ERR1713359	ARO:3004682	aadA27	4	4	100.0	100.0	106.0	106.5	110.0
ERR1713359	ARO:3004683	aadS	34	34	98.0529411764706	100.0	95.50294117647059	102.0	113.0
ERR1713359	ARO:3004692	aadA10	4	4	100.0	100.0	106.25	107.0	108.0
ERR1713359	ARO:3004698	MCR-5.2	2	2	81.8	81.8	44.3	44.3	44.3
ERR1713359	ARO:3004719	tet(X3)	6	6	99.0	99.0	104.83333333333333	105.5	108.0
ERR1713359	ARO:3004720	tet(X4)	2	2	91.85	91.85	79.1	79.1	87.0
ERR1713359	ARO:3004721	Mtub_rpsA_PZA	145	145	88.64275862068966	88.0	87.05655172413793	87.4	105.0
ERR1713359	ARO:3004761	BRO-1	2	2	95.0	95.0	98.4	98.4	99.4
ERR1713359	ARO:3004780	DES-1	2	2	93.0	93.0	98.5	98.5	103.0
ERR1713359	ARO:3004833	Ngon_PBP1_BLA	24	24	84.52083333333333	83.0	83.71666666666667	85.5	94.7
ERR1713359	ARO:3004835	Ngon_pilQ_BLA	10	10	84.22	83.3	76.15	81.65	91.3
ERR1713359	ARO:3004859	Ngon_gyrB_ZOL	400	400	85.92775	84.0	84.57325	88.6	106.0
ERR1713359	ARO:3004860	Bdol_gyrA_FLO	242	242	85.48842975206612	84.0	85.30330578512397	87.8	106.0
ERR1713359	ARO:3004873	Ngon_folP_SLF	2	2	81.65	81.65	53.5	53.5	68.9
ERR1713359	ARO:3004921	Mtub_ahpC_INH	6	6	87.18333333333334	86.0	82.48333333333333	92.65	102.0
ERR1713359	ARO:3004922	Mtub_fabG1_INH	19	19	86.17894736842106	86.0	67.95263157894736	60.1	95.1
ERR1713359	ARO:3004923	Mtub_furA_INH	2	2	81.85	81.85	88.35	88.35	95.1
ERR1713359	ARO:3004925	Mtub_mshA_INH	8	8	84.25	81.9	80.1375	78.8	108.0
ERR1713359	ARO:3004927	Mtub_mshC_INH	7	7	82.37142857142858	82.0	90.5	95.1	102.0
ERR1713359	ARO:3004928	Mtub_mymA_INH	8	8	80.8125	80.5	59.325	47.95	89.0
ERR1713359	ARO:3004931	Mtub_nudC_INH	1	1	85.4	85.4	84.3	84.3	84.3
ERR1713359	ARO:3004941	Mtub_ddlA_DCS	5	5	84.9	85.0	45.04	38.9	64.7
ERR1713359	ARO:3004945	Mtub_ald_DCS	4	4	86.425	86.0	86.575	86.5	87.8
ERR1713359	ARO:3004950	Mtub_ubiA_EMB	4	4	84.075	83.7	65.775	68.75	84.0
ERR1713359	ARO:3004955	Mtub_Rv0565_ETO	60	60	83.25833333333334	82.4	45.41166666666666	45.4	91.3
ERR1713359	ARO:3004956	Ngon_rpld	21	21	85.4095238095238	83.3	82.94285714285714	85.9	94.0
ERR1713359	ARO:3004957	Mtub_clpC1_PZA	1314	1314	83.12747336377474	82.0	81.7404109589041	82.4	103.0
ERR1713359	ARO:3004960	Mtub_ponA1_RFB	7	7	83.5	83.3	83.61428571428571	81.6	93.2
ERR1713359	ARO:3004976	Mtub_ppsD_PZA	5	5	92.8	94.0	94.47999999999999	95.5	100.0
ERR1713359	ARO:3004977	Mtub_gpsI_PZA	109	109	86.77522935779817	85.7	85.94036697247707	87.0	105.0
ERR1713359	ARO:3004978	Mtub_mas_PZA	2	2	81.0	81.0	82.6	82.6	85.9
ERR1713359	ARO:3004987	Mtub_Rv2731_PZA	2	2	83.0	83.0	95.15	95.15	99.8
ERR1713359	ARO:3004993	Mtub_Rv3169_PZA	5	5	87.74	87.8	92.96000000000001	103.0	107.0
ERR1713359	ARO:3004994	Mtub_rpoC_RIF	4055	4055	85.92340320591862	86.0	89.61094944512948	90.9	115.0
ERR1713359	ARO:3004999	Mtub_rpoA_RIF	52	52	85.57692307692308	83.7	85.34807692307693	85.9	100.0
ERR1713359	ARO:3005004	Ngon_mtrC_AZM	1	1	80.0	80.0	48.5	48.5	48.5
ERR1713359	ARO:3005009	qacE	65	65	99.17384615384616	100.0	80.18923076923078	91.3	101.0
ERR1713359	ARO:3005010	qacEdelta1	20	20	99.24	100.0	93.475	94.9	105.0
ERR1713359	ARO:3005018	LMB-1	1	1	81.0	81.0	45.4	45.4	45.4
ERR1713359	ARO:3005040	YajC	1133	1133	84.9567519858782	84.4	78.64201235657546	85.5	99.8
ERR1713359	ARO:3005041	mlaF	125	125	84.08160000000001	81.6	85.0384	84.0	106.0
ERR1713359	ARO:3005042	mlaD	8	8	93.2125	95.0	88.9625	96.65	101.0
ERR1713359	ARO:3005043	cmlA9	14	14	93.49285714285715	96.0	92.08571428571429	94.75	103.0
ERR1713359	ARO:3005044	OmpA	15	15	90.83999999999999	91.8	93.47333333333333	96.7	110.0
ERR1713359	ARO:3005047	eptB	29	29	90.35172413793103	90.0	93.6103448275862	95.1	110.0
ERR1713359	ARO:3005049	CrcB	28	28	83.28214285714286	84.6	52.07142857142857	39.7	86.3
ERR1713359	ARO:3005051	LpsB	2014	2014	85.69870903674281	84.8	84.51385302879841	87.8	99.4
ERR1713359	ARO:3005053	ArnT	6	6	92.66666666666667	93.0	95.21666666666665	101.0	108.0
ERR1713359	ARO:3005059	LptD	24	24	90.10416666666667	91.65	92.87083333333334	94.75	111.0
ERR1713359	ARO:3005067	ParS	39	39	81.98205128205129	82.0	78.12051282051281	79.0	83.6
ERR1713359	ARO:3005068	ParR	317	317	83.79589905362776	83.7	77.64858044164038	83.6	94.7
ERR1713359	ARO:3005069	rsmA	4004	4004	86.93496503496503	87.5	64.47787212787213	64.7	93.6
ERR1713359	ARO:3005081	Tthe_uL3_PLM	1	1	80.0	80.0	44.3	44.3	44.3
ERR1713359	ARO:3005090	RanB	11	11	84.9090909090909	85.1	83.89090909090909	82.0	94.7
ERR1713359	ARO:3005091	RanA	11	11	83.53636363636363	82.0	87.71818181818182	86.7	99.4
ERR1713359	ARO:3005098	qacL	14	14	94.35000000000001	96.15	72.75714285714285	72.6	97.8
ERR1713359	ARO:3005099	Spyo_ErmA_MLSb	6	6	88.51666666666667	88.25	75.63333333333334	79.55	96.3
ERR1713359	ARO:3005729	OXA-498	1	1	91.7	91.7	62.0	62.0	62.0
ERR1713359	ARO:3005863	OXA-643	4	4	97.475	98.95	98.0	95.7	112.0
ERR1713359	ARO:3005865	OXA-645	1	1	100.0	100.0	56.2	56.2	56.2
ERR1713359	ARO:3005866	OXA-650	1	1	94.0	94.0	97.4	97.4	97.4
ERR1713359	ARO:3005868	OXA-652	2	2	97.95	97.95	97.25	97.25	98.2
ERR1713359	ARO:3005878	OXA-666	2	2	91.25	91.25	56.0	56.0	73.9
ERR1713359	ARO:3005881	OXA-670	1	1	87.5	87.5	53.9	53.9	53.9
ERR1713359	ARO:3005937	OXA-732	7	7	98.01428571428572	100.0	97.65714285714286	104.0	117.0
ERR1713359	ARO:3006113	OXA-928	14	14	99.71428571428571	100.0	96.0	101.0	103.0
ERR1713359	ARO:3006161	GES-32	1	1	82.6	82.6	44.3	44.3	44.3
ERR1713359	ARO:3006211	VEB-14	5	5	98.8	100.0	96.84	97.4	105.0
ERR1713359	ARO:3006246	ACT-51	1	1	91.7	91.7	47.0	47.0	47.0
ERR1713359	ARO:3006477	MOX-12	4	4	80.0	80.0	45.4	45.4	45.4
ERR1713359	ARO:3006488	PDC-110	3	3	81.0	81.0	38.5	38.5	38.5
ERR1713359	ARO:3006559	PDC-18	1	1	81.6	81.6	76.3	76.3	76.3
ERR1713359	ARO:3006628	PDC-25	1	1	82.6	82.6	42.7	42.7	42.7
ERR1713359	ARO:3006671	PDC-300	12	12	80.86666666666666	80.0	48.75833333333333	44.7	83.6
ERR1713359	ARO:3006874	EC-13	4	4	93.95	94.0	97.9	101.0	106.0
ERR1713359	ARO:3006935	LHK-1	6	6	80.98333333333333	80.6	61.083333333333336	62.0	66.2
ERR1713359	ARO:3006939	LHK-5	2	2	80.0	80.0	53.5	53.5	53.5
ERR1713359	ARO:3006943	LUT-1	1	1	80.0	80.0	83.2	83.2	83.2
ERR1713359	ARO:3006964	PAU-1	2	2	89.95	89.95	91.4	91.4	100.0
ERR1713359	ARO:3006965	PFM-1	3	3	85.60000000000001	85.7	86.93333333333334	86.3	88.6
ERR1713359	ARO:3007010	norC	1	1	80.0	80.0	87.8	87.8	87.8
ERR1713359	ARO:3007032	Erm(50)	1	1	81.4	81.4	84.3	84.3	84.3
ERR1713359	ARO:3007043	msr(I)	3	3	100.0	100.0	55.333333333333336	47.4	78.6
ERR1713359	ARO:3007044	mef(F)	1	1	84.0	84.0	88.6	88.6	88.6
ERR1713359	ARO:3007047	mef(H)	7	7	100.0	100.0	63.699999999999996	59.3	95.5
ERR1713359	ARO:3007049	mef(J)	6	6	97.66666666666667	98.0	92.61666666666667	92.25	99.0
ERR1713359	ARO:3007051	Hpyl_rpoB_RIF	4149	4149	83.66871535309713	83.7	84.52738009158833	85.5	107.0
ERR1713359	ARO:3007052	Hpyl_gyrA_FLO	12	12	84.78333333333333	83.7	82.325	83.6	92.4
ERR1713359	ARO:3007053	Hpyl_gyrB_FLO	117	117	82.75811965811967	82.9	64.64957264957265	63.5	92.8
ERR1713359	ARO:3007073	Bsub_rpoB_RIF	373	373	87.75522788203753	87.8	92.15361930294907	92.4	108.0
ERR1713359	ARO:3007104	nimA	1	1	100.0	100.0	42.7	42.7	42.7
ERR1713359	ARO:3007112	nimJ	1	1	82.0	82.0	89.7	89.7	89.7
ERR1713359	ARO:3007119	tet(O/32/O)	43	43	98.07906976744185	100.0	98.56976744186046	99.0	107.0
ERR1713359	ARO:3007120	tet(O/M/O)	24	24	98.24166666666667	100.0	96.45416666666667	100.0	104.0
ERR1713359	ARO:3007121	tet(O/W)	8	8	93.6375	93.65	92.2875	92.05	99.0
ERR1713359	ARO:3007122	tet(O/W/32/O)	11	11	95.8	96.0	100.5090909090909	102.0	107.0
ERR1713359	ARO:3007124	tet(W/32/O)	4	4	96.45	98.0	80.4	84.55	104.0
ERR1713359	ARO:3007127	otr(A)S.liv	1	1	84.8	84.8	61.2	61.2	61.2
ERR1713359	ARO:3007190	vanX_in_vanP_cl	3	3	81.0	81.0	47.76666666666667	47.4	48.5
ERR1713359	ARO:3007191	vanR_in_vanP_cl	3	3	81.3	81.8	63.199999999999996	73.6	76.3
ERR1713359	ARO:3007203	Kpne_PhoQ_CST	9	9	89.94444444444444	88.2	89.11111111111111	89.4	97.1
ERR1713359	ARO:3007208	HelR	8	8	81.3125	81.6	72.6875	79.15	85.5
ERR1713359	ARO:3007209	Sven_rox	1	1	86.0	86.0	90.1	90.1	90.1
ERR1713359	ARO:3007210	Nfar_rox	5	5	82.64	81.8	48.82	38.1	91.7
ERR1713359	ARO:3007274	MCR-10.5	2	2	81.69999999999999	81.69999999999999	45.45	45.45	47.8
ERR1713359	ARO:3007370	FosI	1	1	88.0	88.0	90.9	90.9	90.9
ERR1713359	ARO:3007371	FosA8	18	18	84.13888888888889	84.1	79.85	80.1	90.5
ERR1713359	ARO:3007420	Kpne_lamB_CZA	2	2	90.0	90.0	54.3	54.3	67.0
ERR1713359	ARO:3007421	Kpne_PBP3_BLA	20	20	98.885	100.0	95.735	100.5	107.0
ERR1713359	ARO:3007423	Ecol_PBP3_BLA	26	26	95.6923076923077	100.0	96.70384615384616	97.8	105.0
ERR1713359	ARO:3007473	Mavi_gyrA_FLO	24	24	85.78750000000001	83.7	84.7625	87.8	103.0
ERR1713359	ARO:3007491	Paer_ampR_ATM	411	411	87.12408759124088	86.0	79.9683698296837	85.1	100.0
ERR1713359	ARO:3007492	tet(62)	1	1	90.0	90.0	92.4	92.4	92.4
ERR1713359	ARO:3007527	Bsub_rpsE_SPT	279	279	81.1831541218638	80.8	46.321505376344085	40.8	92.0
ERR1713359	ARO:3007544	Erhu_gyrA_ENR	63	63	83.59682539682541	82.0	89.39206349206349	91.7	102.0
ERR1713359	ARO:3007635	CAE-1	9	9	85.69999999999999	84.0	79.63333333333334	84.7	91.3
ERR1713359	ARO:3007637	cplR	12	12	80.14999999999999	80.0	42.791666666666664	43.5	43.5
ERR1713359	ARO:3007654	erm(56)	1	1	90.0	90.0	102.0	102.0	102.0
ERR1713359	ARO:3007659	Rv2856	3	3	87.16666666666667	89.5	74.8	78.2	105.0
ERR1713359	ARO:3007662	Rv1877	1	1	80.0	80.0	92.8	92.8	92.8
ERR1713359	ARO:3007669	aadT	42	42	82.18809523809524	81.8	68.67619047619048	68.4	97.1
ERR1713359	ARO:3007678	IreK	13	13	84.13076923076923	83.7	86.0076923076923	85.5	92.8
ERR1713359	ARO:3007682	MdtQ	11	11	97.30909090909091	98.0	94.23636363636363	97.4	101.0
ERR1713359	ARO:3007692	Mtub_Rv2535_BDQ	2	2	82.0	82.0	81.85	81.85	82.8
ERR1713359	ARO:3007694	AMZ-1	1	1	87.8	87.8	84.7	84.7	84.7
ERR1713359	ARO:3007749	Sgal_folP_SLF	26	26	86.6923076923077	87.0	49.98846153846154	47.2	103.0
ERR1713359	ARO:3007794	Vvul_rpoB_RIF	9709	9709	87.72622309197652	88.9	90.68045112781955	90.9	111.0
ERR1713359	ARO:3007837	CARB-58	4	4	98.975	100.0	87.89999999999999	85.1	96.3
ERR1713359	ARO:3007849	Mtub_fgd1_DLM	19	19	90.29473684210525	90.9	86.56842105263158	96.3	103.0
ERR1713359	ARO:3007854	Mtub_atpE_BDQ	1	1	90.0	90.0	90.9	90.9	90.9
ERR1713359	ARO:3007889	ACT-106	2	2	100.0	100.0	106.5	106.5	110.0
ERR1713359	ARO:3008078	B3SU1-1	1	1	81.6	81.6	84.3	84.3	84.3
ERR1713359	ARO:3008374	MIR-25	2	2	100.0	100.0	103.0	103.0	103.0
ERR1713359	ARO:3008385	MOX-17	5	5	95.96000000000001	100.0	89.47999999999999	101.0	103.0
ERR1713359	ARO:3008460	OXA-1041	1	1	82.1	82.1	51.2	51.2	51.2
ERR1713359	ARO:3008463	OXA-1044	2	2	94.55000000000001	94.55000000000001	78.55000000000001	78.55000000000001	83.2
ERR1713359	ARO:3008507	OXA-1089	1	1	80.0	80.0	86.7	86.7	86.7
ERR1713359	ARO:3008509	OXA-1091	1	1	86.0	86.0	89.4	89.4	89.4
ERR1713359	ARO:3008868	PDC-521	2	2	80.0	80.0	37.900000000000006	37.900000000000006	38.1
ERR1713359	ARO:3008871	PDC-524	3	3	80.76666666666667	80.9	79.7	82.4	82.4
ERR1713359	ARO:3008976	PDC-629	8	8	81.175	81.5	69.85	69.7	77.0
ERR1713359	ARO:3009040	RASA-1	1	1	86.4	86.4	83.2	83.2	83.2
ERR1713361	ARO:3000005	vanD	1	1	80.6	80.6	58.2	58.2	58.2
ERR1713361	ARO:3000010	vanA	2	2	83.7	83.7	89.7	89.7	89.7
ERR1713361	ARO:3000013	vanB	2	2	80.0	80.0	40.8	40.8	40.8
ERR1713361	ARO:3000024	patA	3	3	86.0	87.5	71.36666666666667	68.2	84.7
ERR1713361	ARO:3000025	patB	3	3	85.83333333333333	85.7	87.16666666666667	87.8	90.1
ERR1713361	ARO:3000027	emrA	9	9	99.55555555555556	100.0	98.46666666666667	98.2	106.0
ERR1713361	ARO:3000074	emrB	13	13	94.1	100.0	80.71538461538461	79.3	114.0
ERR1713361	ARO:3000165	tet(A)	1	1	97.6	97.6	80.1	80.1	80.1
ERR1713361	ARO:3000167	tet(C)	2	2	98.7	98.7	59.3	59.3	71.6
ERR1713361	ARO:3000174	tet(G)	5	5	93.78	92.0	84.02000000000001	90.1	98.2
ERR1713361	ARO:3000180	tetA(P)	12	12	87.19166666666666	86.6	78.86666666666666	80.1	89.0
ERR1713361	ARO:3000186	tet(M)	9	9	89.26666666666667	88.0	87.64444444444445	89.0	104.0
ERR1713361	ARO:3000190	tet(O)	45	45	97.42222222222222	100.0	98.82444444444445	101.0	111.0
ERR1713361	ARO:3000191	tet(Q)	25	25	96.508	98.0	96.77600000000001	99.0	110.0
ERR1713361	ARO:3000192	tet(S)	1	1	80.6	80.6	50.4	50.4	50.4
ERR1713361	ARO:3000193	tet(T)	2	2	95.0	95.0	96.30000000000001	96.30000000000001	96.7
ERR1713361	ARO:3000194	tet(W)	62	62	97.72419354838709	100.0	91.08225806451614	96.3	111.0
ERR1713361	ARO:3000195	tetB(P)	3	3	89.2	86.0	89.36666666666667	88.2	93.6
ERR1713361	ARO:3000196	tet(32)	31	31	96.6774193548387	98.0	98.38709677419355	99.8	109.0
ERR1713361	ARO:3000197	tet(36)	4	4	90.0	89.0	90.875	93.0	94.7
ERR1713361	ARO:3000205	tet(X)	9	9	99.17777777777778	100.0	93.16666666666667	100.0	110.0
ERR1713361	ARO:3000206	emrK	1	1	80.0	80.0	88.6	88.6	88.6
ERR1713361	ARO:3000216	acrB	89	89	89.19887640449438	89.8	82.66292134831461	84.0	105.0
ERR1713361	ARO:3000230	ANT(2'')-Ia	3	3	97.86666666666667	97.8	85.2	92.8	112.0
ERR1713361	ARO:3000237	TolC	19	19	97.98947368421052	100.0	94.0421052631579	92.4	102.0
ERR1713361	ARO:3000245	RbpA	1	1	87.5	87.5	42.0	42.0	42.0
ERR1713361	ARO:3000254	emrY	4	4	99.0	100.0	100.85	99.1	107.0
ERR1713361	ARO:3000263	marA	4	4	91.95	92.25	79.35	82.6	94.0
ERR1713361	ARO:3000316	mphA	1	1	100.0	100.0	42.4	42.4	42.4
ERR1713361	ARO:3000318	mphB	2	2	86.0	86.0	99.0	99.0	99.8
ERR1713361	ARO:3000363	EreB	10	10	85.3	84.4	90.03	94.15	100.0
ERR1713361	ARO:3000375	ErmB	40	40	98.6875	100.0	79.5125	86.45	111.0
ERR1713361	ARO:3000377	MexA	3	3	81.39999999999999	81.3	81.3	79.0	86.7
ERR1713361	ARO:3000378	MexB	42	42	84.12857142857143	83.7	75.99761904761905	76.25	92.4
ERR1713361	ARO:3000379	OprM	6	6	83.05	81.6	76.2	77.19999999999999	86.3
ERR1713361	ARO:3000410	sul1	4	4	96.85	98.7	84.975	83.94999999999999	100.0
ERR1713361	ARO:3000412	sul2	3	3	91.73333333333333	91.5	87.56666666666666	84.0	95.1
ERR1713361	ARO:3000413	sul3	4	4	82.4	82.4	45.25	45.25	46.2
ERR1713361	ARO:3000421	norB	1	1	81.8	81.8	75.5	75.5	75.5
ERR1713361	ARO:3000444	rphA	10	10	85.56	85.2	48.68	47.4	55.8
ERR1713361	ARO:3000448	QepA1	3	3	82.46666666666665	82.0	80.63333333333334	85.9	87.8
ERR1713361	ARO:3000464	Ngon_porin	6	6	83.8	83.3	46.583333333333336	45.4	52.0
ERR1713361	ARO:3000481	tet(35)	1	1	80.9	80.9	82.0	82.0	82.0
ERR1713361	ARO:3000491	acrD	27	27	91.27407407407408	92.0	84.2	85.9	106.0
ERR1713361	ARO:3000498	ErmF	74	74	96.71216216216216	98.0	87.50135135135136	98.6	107.0
ERR1713361	ARO:3000499	AcrE	11	11	97.95454545454545	100.0	91.91818181818182	99.0	103.0
ERR1713361	ARO:3000501	rpoB2	50	50	84.152	82.35	76.66	83.4	100.0
ERR1713361	ARO:3000502	AcrF	18	18	92.5	97.0	88.15555555555555	93.4	103.0
ERR1713361	ARO:3000504	golS	4	4	80.6	80.4	64.425	64.7	84.0
ERR1713361	ARO:3000508	gadX	2	2	98.0	98.0	101.05	101.05	105.0
ERR1713361	ARO:3000510	Saur_mupB_MUP	5	5	80.8	81.0	47.68	42.0	72.0
ERR1713361	ARO:3000516	emrR	2	2	95.75	95.75	86.65	86.65	97.8
ERR1713361	ARO:3000518	CRP	5	5	94.56	96.0	94.14	94.4	102.0
ERR1713361	ARO:3000521	Saur_mupA_MUP	1	1	80.0	80.0	97.4	97.4	97.4
ERR1713361	ARO:3000522	ErmG	36	36	97.22777777777777	98.0	88.13611111111112	95.9	108.0
ERR1713361	ARO:3000533	macA	3	3	83.0	83.7	78.56666666666666	80.5	80.9
ERR1713361	ARO:3000535	macB	35	35	85.30285714285714	84.4	74.44	78.6	96.3
ERR1713361	ARO:3000553	adeR	1	1	84.0	84.0	88.6	88.6	88.6
ERR1713361	ARO:3000556	tet(44)	19	19	97.96315789473684	100.0	100.38947368421053	102.0	108.0
ERR1713361	ARO:3000559	adeN	2	2	83.1	83.1	81.1	81.1	89.0
ERR1713361	ARO:3000566	tet(39)	18	18	99.57222222222222	100.0	87.97777777777777	96.7	108.0
ERR1713361	ARO:3000596	ErmX	2	2	98.0	98.0	103.5	103.5	106.0
ERR1713361	ARO:3000604	Erm(35)	21	21	92.35714285714286	92.6	87.36190476190475	89.0	105.0
ERR1713361	ARO:3000616	mel	77	77	92.51688311688312	92.3	85.52207792207793	89.4	101.0
ERR1713361	ARO:3000620	adeL	1	1	88.0	88.0	89.7	89.7	89.7
ERR1713361	ARO:3000656	AcrS	1	1	100.0	100.0	103.0	103.0	103.0
ERR1713361	ARO:3000676	H-NS	2	2	87.85	87.85	83.75	83.75	95.5
ERR1713361	ARO:3000753	abeM	18	18	86.52777777777777	85.85	84.6	83.94999999999999	93.6
ERR1713361	ARO:3000775	adeB	6	6	86.18333333333334	87.9	71.83333333333333	76.44999999999999	78.6
ERR1713361	ARO:3000777	adeF	32	32	85.73125	84.7	78.821875	83.4	92.4
ERR1713361	ARO:3000778	adeG	2	2	100.0	100.0	82.2	82.2	94.7
ERR1713361	ARO:3000779	adeH	1	1	80.4	80.4	67.4	67.4	67.4
ERR1713361	ARO:3000780	adeI	28	28	84.40714285714286	83.75	81.57142857142857	85.9	93.2
ERR1713361	ARO:3000781	adeJ	121	121	88.24958677685952	87.8	85.03140495867768	86.3	105.0
ERR1713361	ARO:3000782	adeK	37	37	86.26486486486488	87.8	86.35675675675675	86.3	101.0
ERR1713361	ARO:3000784	cmeB	6	6	82.88333333333334	82.8	54.0	48.75	74.3
ERR1713361	ARO:3000789	mdsA	1	1	84.0	84.0	84.3	84.3	84.3
ERR1713361	ARO:3000790	mdsB	23	23	86.63478260869564	86.0	81.6	82.4	93.6
ERR1713361	ARO:3000791	mdsC	7	7	82.82857142857142	82.5	67.55714285714285	70.1	79.3
ERR1713361	ARO:3000792	mdtA	7	7	95.0	95.9	89.92857142857143	89.7	93.6
ERR1713361	ARO:3000793	mdtB	66	66	84.58939393939393	83.85	77.72878787878788	77.0	96.3
ERR1713361	ARO:3000794	mdtC	24	24	88.05833333333334	81.9	81.675	79.69999999999999	101.0
ERR1713361	ARO:3000795	mdtE	8	8	99.75	100.0	94.8	98.6	102.0
ERR1713361	ARO:3000796	mdtF	16	16	97.175	100.0	90.23125	96.5	103.0
ERR1713361	ARO:3000800	MexC	12	12	84.91666666666667	83.9	68.49166666666666	68.4	84.0
ERR1713361	ARO:3000801	MexD	13	13	84.38461538461539	84.0	83.43076923076923	87.8	94.0
ERR1713361	ARO:3000803	MexE	3	3	87.26666666666667	87.8	90.23333333333333	89.7	92.0
ERR1713361	ARO:3000804	MexF	25	25	87.088	87.5	79.28	80.5	94.4
ERR1713361	ARO:3000805	OprN	11	11	83.66363636363636	83.8	67.81818181818181	64.7	79.7
ERR1713361	ARO:3000808	MexI	5	5	81.64	82.0	64.53999999999999	67.0	73.9
ERR1713361	ARO:3000810	mtrC	1	1	81.8	81.8	58.9	58.9	58.9
ERR1713361	ARO:3000811	mtrD	69	69	85.35507246376811	85.1	77.6304347826087	79.0	91.7
ERR1713361	ARO:3000812	mtrE	6	6	83.76666666666667	83.7	79.35000000000001	78.6	82.8
ERR1713361	ARO:3000814	MexT	1	1	83.3	83.3	90.1	90.1	90.1
ERR1713361	ARO:3000817	mtrR	1	1	85.4	85.4	87.0	87.0	87.0
ERR1713361	ARO:3000828	baeR	10	10	86.4	87.5	78.57000000000001	91.3	100.0
ERR1713361	ARO:3000829	baeS	8	8	86.125	84.85	92.4375	89.55000000000001	110.0
ERR1713361	ARO:3000830	cpxA	10	10	96.66	97.35	95.36	100.0	111.0
ERR1713361	ARO:3000832	evgA	1	1	100.0	100.0	72.4	72.4	72.4
ERR1713361	ARO:3000833	evgS	12	12	98.40833333333335	99.0	99.5	98.6	107.0
ERR1713361	ARO:3000838	arlR	2	2	80.0	80.0	46.4	46.4	47.0
ERR1713361	ARO:3000853	AIM-1	24	24	98.60833333333333	100.0	95.25833333333333	99.5	110.0
ERR1713361	ARO:3001110	SHV-53	1	1	100.0	100.0	99.0	99.0	99.0
ERR1713361	ARO:3001171	SHV-124	1	1	100.0	100.0	93.2	93.2	93.2
ERR1713361	ARO:3001214	mdtM	6	6	96.38333333333333	97.3	89.21666666666665	94.75	100.0
ERR1713361	ARO:3001216	mdtH	2	2	100.0	100.0	102.7	102.7	108.0
ERR1713361	ARO:3001327	MdtK	6	6	88.23333333333333	86.85	87.7	87.65	95.5
ERR1713361	ARO:3001328	Ecol_mdfA	6	6	95.3	96.0	92.48333333333333	93.4	97.4
ERR1713361	ARO:3001329	mdtG	7	7	89.17142857142858	89.8	85.61428571428571	86.7	102.0
ERR1713361	ARO:3001411	OXA-16	5	5	100.0	100.0	97.62	106.0	108.0
ERR1713361	ARO:3001416	OXA-21	1	1	87.8	87.8	93.6	93.6	93.6
ERR1713361	ARO:3001430	OXA-36	1	1	83.7	83.7	86.3	86.3	86.3
ERR1713361	ARO:3001431	OXA-37	3	3	100.0	100.0	98.66666666666667	98.6	108.0
ERR1713361	ARO:3001439	OXA-101	1	1	100.0	100.0	99.4	99.4	99.4
ERR1713361	ARO:3001483	OXA-205	6	6	93.3	91.0	97.06666666666666	97.05	103.0
ERR1713361	ARO:3001521	OXA-333	2	2	100.0	100.0	104.5	104.5	105.0
ERR1713361	ARO:3001559	OXA-373	4	4	97.85	97.7	95.975	98.65	110.0
ERR1713361	ARO:3001631	OXA-96	1	1	100.0	100.0	105.0	105.0	105.0
ERR1713361	ARO:3001662	OXA-164	2	2	100.0	100.0	75.05	75.05	102.0
ERR1713361	ARO:3001710	OXA-211	2	2	100.0	100.0	105.5	105.5	106.0
ERR1713361	ARO:3001711	OXA-212	3	3	98.06666666666666	97.1	81.2	72.4	103.0
ERR1713361	ARO:3001751	OXA-296	1	1	83.7	83.7	72.8	72.8	72.8
ERR1713361	ARO:3001775	OXA-119	6	6	97.61666666666667	100.0	106.35000000000001	106.5	117.0
ERR1713361	ARO:3001777	OXA-347	8	8	99.2375	100.0	96.5625	98.9	108.0
ERR1713361	ARO:3001781	OXA-47	2	2	100.0	100.0	100.55	100.55	106.0
ERR1713361	ARO:3001797	OXA-46	2	2	97.0	97.0	74.5	74.5	94.7
ERR1713361	ARO:3001804	OXA-145	2	2	100.0	100.0	102.5	102.5	105.0
ERR1713361	ARO:3001805	OXA-198	1	1	95.9	95.9	98.6	98.6	98.6
ERR1713361	ARO:3001809	OXA-209	1	1	92.0	92.0	97.4	97.4	97.4
ERR1713361	ARO:3001811	OXA-129	4	4	97.475	97.95	100.75	100.8	104.0
ERR1713361	ARO:3001907	CTX-M-45	1	1	86.4	86.4	39.7	39.7	39.7
ERR1713361	ARO:3002191	MOX-9	2	2	100.0	100.0	64.3	64.3	65.1
ERR1713361	ARO:3002240	CARB-1	1	1	100.0	100.0	100.0	100.0	100.0
ERR1713361	ARO:3002244	CARB-5	6	6	98.66666666666667	100.0	103.45	104.0	111.0
ERR1713361	ARO:3002332	GES-3	1	1	91.8	91.8	94.4	94.4	94.4
ERR1713361	ARO:3002350	GES-21	8	8	98.5	100.0	77.925	78.15	108.0
ERR1713361	ARO:3002372	VEB-3	1	1	94.0	94.0	99.4	99.4	99.4
ERR1713361	ARO:3002385	BEL-1	2	2	100.0	100.0	100.0	100.0	100.0
ERR1713361	ARO:3002481	AER-1	2	2	93.45	93.45	86.25	86.25	97.8
ERR1713361	ARO:3002514	OCH-1	2	2	97.75	97.75	92.9	92.9	108.0
ERR1713361	ARO:3002531	AAC(3)-Ic	1	1	87.9	87.9	66.2	66.2	66.2
ERR1713361	ARO:3002547	AAC(6')-Ib-cr1	2	2	100.0	100.0	84.0	84.0	84.0
ERR1713361	ARO:3002578	AAC(6')-Ib7	13	13	100.0	100.0	78.43076923076923	85.5	109.0
ERR1713361	ARO:3002579	AAC(6')-Ib8	2	2	80.0	80.0	52.349999999999994	52.349999999999994	54.3
ERR1713361	ARO:3002586	AAC(6')-32	1	1	86.0	86.0	94.0	94.0	94.0
ERR1713361	ARO:3002594	AAC(6')-IIa	1	1	86.0	86.0	103.0	103.0	103.0
ERR1713361	ARO:3002597	AAC6_Ie_APH2_Ia	2	2	98.0	98.0	102.85	102.85	109.0
ERR1713361	ARO:3002602	aadA2	8	8	99.15	100.0	90.975	97.8	102.0
ERR1713361	ARO:3002605	aadA5	14	14	99.71428571428571	100.0	102.00714285714285	101.5	113.0
ERR1713361	ARO:3002606	aadA6	1	1	100.0	100.0	82.8	82.8	82.8
ERR1713361	ARO:3002607	aadA7	2	2	96.35	96.35	57.8	57.8	76.3
ERR1713361	ARO:3002611	aadA11	10	10	100.0	100.0	98.24	96.65	108.0
ERR1713361	ARO:3002613	aadA13	1	1	100.0	100.0	97.8	97.8	97.8
ERR1713361	ARO:3002616	aadA16	4	4	94.5	94.0	95.7	97.25	97.8
ERR1713361	ARO:3002620	aadA23	4	4	99.5	100.0	71.05	71.05000000000001	91.3
ERR1713361	ARO:3002622	aadA6/aadA10	20	20	99.49	100.0	100.675	101.0	111.0
ERR1713361	ARO:3002626	ANT(6)-Ia	2	2	100.0	100.0	86.7	86.7	106.0
ERR1713361	ARO:3002628	aad(6)	4	4	94.95	95.9	91.325	92.0	105.0
ERR1713361	ARO:3002629	ANT(6)-Ib	6	6	93.75	100.0	100.38333333333333	103.0	109.0
ERR1713361	ARO:3002639	APH(3'')-Ib	5	5	96.72	98.0	82.1	80.5	106.0
ERR1713361	ARO:3002644	APH(3')-IIa	4	4	88.75	88.9	85.975	94.2	100.0
ERR1713361	ARO:3002647	APH(3')-IIIa	1	1	100.0	100.0	69.3	69.3	69.3
ERR1713361	ARO:3002660	APH(6)-Id	1	1	80.0	80.0	81.6	81.6	81.6
ERR1713361	ARO:3002675	catB2	2	2	100.0	100.0	110.5	110.5	111.0
ERR1713361	ARO:3002676	catB3	2	2	90.2	90.2	68.0	68.0	88.2
ERR1713361	ARO:3002680	catB8	5	5	96.0	100.0	102.62	102.0	112.0
ERR1713361	ARO:3002687	catQ	4	4	98.45	98.95	106.75	104.5	115.0
ERR1713361	ARO:3002691	Sent_cmlA	2	2	100.0	100.0	103.5	103.5	107.0
ERR1713361	ARO:3002703	cmx	2	2	91.85	91.85	88.75	88.75	89.7
ERR1713361	ARO:3002794	QnrS5	1	1	90.0	90.0	72.8	72.8	72.8
ERR1713361	ARO:3002795	QnrS6	2	2	100.0	100.0	90.3	90.3	107.0
ERR1713361	ARO:3002798	QnrS9	1	1	92.0	92.0	99.0	99.0	99.0
ERR1713361	ARO:3002801	QnrVC4	2	2	99.0	99.0	95.4	95.4	108.0
ERR1713361	ARO:3002812	pp-flo	2	2	89.9	89.9	86.85	86.85	87.4
ERR1713361	ARO:3002819	msrC	1	1	80.0	80.0	37.7	37.7	37.7
ERR1713361	ARO:3002826	EreA2	19	19	99.78421052631579	100.0	94.93684210526315	99.8	105.0
ERR1713361	ARO:3002836	lnuB	51	51	97.91176470588235	98.0	90.08627450980391	95.9	106.0
ERR1713361	ARO:3002837	lnuC	5	5	97.6	98.0	93.9	100.0	110.0
ERR1713361	ARO:3002838	lnuD	24	24	85.14999999999999	84.4	79.99166666666666	84.7	100.0
ERR1713361	ARO:3002839	lnuF	2	2	93.2	93.2	72.55	72.55	100.0
ERR1713361	ARO:3002841	vatB	13	13	83.58461538461538	82.0	94.20769230769231	95.9	98.6
ERR1713361	ARO:3002846	arr-1	1	1	85.7	85.7	90.1	90.1	90.1
ERR1713361	ARO:3002849	arr-4	2	2	100.0	100.0	105.0	105.0	107.0
ERR1713361	ARO:3002867	dfrF	7	7	98.58571428571429	100.0	85.51428571428572	85.1	104.0
ERR1713361	ARO:3002871	tet(37)	1	1	88.5	88.5	57.0	57.0	57.0
ERR1713361	ARO:3002879	linG	3	3	94.5	93.9	96.66666666666667	94.4	102.0
ERR1713361	ARO:3002882	lmrD	3	3	81.76666666666667	82.0	78.56666666666666	81.6	89.0
ERR1713361	ARO:3002909	vanG	12	12	95.81666666666666	97.0	96.46666666666665	99.0	105.0
ERR1713361	ARO:3002913	vanO	3	3	83.89999999999999	83.7	87.06666666666666	86.3	89.4
ERR1713361	ARO:3002919	vanR_in_vanA_cl	3	3	83.5	84.0	68.3	57.0	91.7
ERR1713361	ARO:3002922	vanR_in_vanC_cl	3	3	85.76666666666667	86.7	58.56666666666666	58.2	59.3
ERR1713361	ARO:3002923	vanR_in_vanD_cl	4	4	83.32499999999999	83.35	72.525	75.9	86.7
ERR1713361	ARO:3002926	vanR_in_vanG_cl	12	12	85.08333333333333	83.1	80.04166666666667	77.25	102.0
ERR1713361	ARO:3002928	vanR_in_vanM_cl	1	1	81.8	81.8	38.9	38.9	38.9
ERR1713361	ARO:3002929	vanR_in_vanN_cl	1	1	80.0	80.0	48.5	48.5	48.5
ERR1713361	ARO:3002930	vanR_in_vanO_cl	19	19	89.81052631578947	90.9	84.8736842105263	92.8	102.0
ERR1713361	ARO:3002932	vanS_in_vanB_cl	2	2	98.0	98.0	100.5	100.5	102.0
ERR1713361	ARO:3002934	vanS_in_vanD_cl	2	2	88.1	88.1	70.25	70.25	90.1
ERR1713361	ARO:3002937	vanS_in_vanG_cl	8	8	85.2625	83.7	71.0	72.6	82.4
ERR1713361	ARO:3002940	vanS_in_vanN_cl	1	1	80.0	80.0	83.6	83.6	83.6
ERR1713361	ARO:3002941	vanS_in_vanO_cl	9	9	85.76666666666667	87.8	83.1	83.2	93.6
ERR1713361	ARO:3002943	vanH_in_vanB_cl	2	2	93.9	93.9	91.85	91.85	96.7
ERR1713361	ARO:3002948	vanH_in_vanO_cl	2	2	80.3	80.3	72.2	72.2	79.7
ERR1713361	ARO:3002950	vanX_in_vanB_cl	2	2	97.85	97.85	77.85	77.85	101.0
ERR1713361	ARO:3002954	vanX_in_vanO_cl	6	6	84.88333333333334	85.0	81.51666666666667	90.5	98.6
ERR1713361	ARO:3002955	vanY_in_vanA_cl	2	2	99.0	99.0	96.5	96.5	97.1
ERR1713361	ARO:3002956	vanY_in_vanB_cl	2	2	89.7	89.7	63.550000000000004	63.550000000000004	77.4
ERR1713361	ARO:3002965	vanW_in_vanG_cl	11	11	95.96363636363638	97.4	87.26363636363637	95.1	109.0
ERR1713361	ARO:3002969	vanXY_in_vanN	1	1	83.3	83.3	38.9	38.9	38.9
ERR1713361	ARO:3002972	vanT_in_vanG_cl	31	31	95.48387096774194	98.0	90.04516129032258	97.4	107.0
ERR1713361	ARO:3002983	amrB	14	14	83.78571428571429	83.65	64.62857142857142	72.6	77.8
ERR1713361	ARO:3002985	arnA	3	3	88.53333333333335	90.0	92.89999999999999	94.0	100.0
ERR1713361	ARO:3002986	bacA	6	6	92.16666666666667	95.85	73.68333333333334	81.25	92.8
ERR1713361	ARO:3002997	LCR-1	1	1	80.0	80.0	85.1	85.1	85.1
ERR1713361	ARO:3003002	CfxA2	14	14	98.7	99.0	94.45	98.6	108.0
ERR1713361	ARO:3003003	CfxA3	1	1	100.0	100.0	102.0	102.0	102.0
ERR1713361	ARO:3003010	ceoB	34	34	82.75588235294117	82.0	75.29117647058824	79.5	92.8
ERR1713361	ARO:3003023	dfrB6	1	1	80.0	80.0	64.3	64.3	64.3
ERR1713361	ARO:3003031	MexW	9	9	85.8111111111111	85.7	73.52222222222223	80.9	88.2
ERR1713361	ARO:3003033	mexY	23	23	82.91304347826087	82.0	78.0	78.2	85.1
ERR1713361	ARO:3003037	opcM	6	6	82.86666666666666	82.55	47.03333333333333	49.3	50.8
ERR1713361	ARO:3003039	OprA	7	7	82.11428571428571	81.0	57.699999999999996	58.9	68.6
ERR1713361	ARO:3003041	Spne_PBP1a_AMX	6	6	83.86666666666666	82.65	85.2	84.94999999999999	91.3
ERR1713361	ARO:3003042	Spne_PBP2b_AMX	1	1	80.0	80.0	88.2	88.2	88.2
ERR1713361	ARO:3003048	rosA	5	5	85.82000000000001	86.0	77.88	85.1	97.1
ERR1713361	ARO:3003049	rosB	22	22	83.36363636363636	82.65	74.97727272727273	74.94999999999999	95.5
ERR1713361	ARO:3003052	smeB	11	11	85.92727272727274	82.0	77.2	73.9	92.0
ERR1713361	ARO:3003055	smeD	3	3	83.0	83.0	80.76666666666667	80.9	81.3
ERR1713361	ARO:3003056	smeE	37	37	85.33783783783784	84.0	74.22702702702703	77.4	94.0
ERR1713361	ARO:3003057	smeF	10	10	82.42999999999999	82.15	61.96	62.95	75.9
ERR1713361	ARO:3003066	smeR	11	11	81.41818181818182	80.6	56.22727272727273	54.7	82.8
ERR1713361	ARO:3003069	vanXY_in_vanG	12	12	95.28333333333335	96.0	89.00833333333333	99.0	105.0
ERR1713361	ARO:3003077	Efae_liaF_DAP	2	2	82.0	82.0	93.6	93.6	93.6
ERR1713361	ARO:3003078	Efac_liaR_DAP	7	7	85.77142857142857	85.7	77.48571428571428	81.3	90.9
ERR1713361	ARO:3003096	CfxA5	1	1	100.0	100.0	102.0	102.0	102.0
ERR1713361	ARO:3003097	CfxA6	3	3	98.66666666666667	98.0	79.5	99.4	99.4
ERR1713361	ARO:3003105	dfrA3	2	2	81.65	81.65	89.15	89.15	90.5
ERR1713361	ARO:3003106	Erm(42)	2	2	100.0	100.0	101.0	101.0	101.0
ERR1713361	ARO:3003107	mef(B)	26	26	94.5	96.0	93.07307692307693	93.4	105.0
ERR1713361	ARO:3003109	msrE	191	191	97.92408376963351	100.0	93.6544502617801	97.4	109.0
ERR1713361	ARO:3003110	catB10	1	1	90.0	90.0	96.3	96.3	96.3
ERR1713361	ARO:3003111	lsaB	2	2	81.85	81.85	67.55	67.55	79.3
ERR1713361	ARO:3003115	OXA-427	1	1	98.0	98.0	99.8	99.8	99.8
ERR1713361	ARO:3003146	VEB-10	1	1	95.8	95.8	51.2	51.2	51.2
ERR1713361	ARO:3003197	aadA25	1	1	100.0	100.0	74.7	74.7	74.7
ERR1713361	ARO:3003199	AAC(6')-Iak	1	1	83.3	83.3	46.2	46.2	46.2
ERR1713361	ARO:3003203	TLA-2	4	4	90.4	90.80000000000001	98.9	100.3	106.0
ERR1713361	ARO:3003204	TLA-3	1	1	95.9	95.9	100.0	100.0	100.0
ERR1713361	ARO:3003206	lsaE	108	108	96.35	98.0	94.0851851851852	98.2	108.0
ERR1713361	ARO:3003209	fosA5	1	1	92.0	92.0	53.1	53.1	53.1
ERR1713361	ARO:3003283	Mtub_rpoB_RIF	25	25	83.45200000000001	81.8	62.16	65.5	94.4
ERR1713361	ARO:3003284	Mlep_rpoB_RIF	79	79	87.39113924050632	86.0	87.94810126582279	90.1	110.0
ERR1713361	ARO:3003285	Saur_rpoB_RIF	79	79	84.39113924050632	83.8	80.97088607594937	84.3	102.0
ERR1713361	ARO:3003288	Ecol_rpoB_RIF	492	492	87.8939024390244	87.5	90.99044715447155	93.0	110.0
ERR1713361	ARO:3003291	Saur_rpoC_DAP	439	439	85.43599088838269	84.0	85.75558086560363	88.2	112.0
ERR1713361	ARO:3003294	Ecol_gyrA_FLO	14	14	93.40714285714286	98.0	93.12857142857142	93.4	103.0
ERR1713361	ARO:3003295	Mtub_gyrA_FLO	13	13	82.55384615384615	82.6	72.37692307692308	75.9	87.0
ERR1713361	ARO:3003296	Saur_gyrA_FLO	55	55	84.04363636363635	83.7	91.01636363636364	92.4	100.0
ERR1713361	ARO:3003297	Bbac_gyrA_FLO	45	45	82.37555555555556	81.6	81.11333333333333	86.3	95.9
ERR1713361	ARO:3003298	Mlep_gyrA_FLO	17	17	83.58823529411765	83.3	56.07647058823529	58.5	70.1
ERR1713361	ARO:3003301	Saur_gyrB_AMU	110	110	84.2518181818182	83.7	76.25818181818181	83.8	100.0
ERR1713361	ARO:3003302	Bbac_gyrA_AMU	92	92	85.1945652173913	84.6	80.10326086956522	85.5	104.0
ERR1713361	ARO:3003303	Ecol_gyrB_AMU	162	162	88.99444444444444	89.8	87.48827160493828	91.3	112.0
ERR1713361	ARO:3003304	Mlep_gyrB_FLO	9	9	84.74444444444445	81.8	77.63333333333334	83.2	99.4
ERR1713361	ARO:3003305	Uure_gyrB_FLO	36	36	84.27222222222223	82.1	59.19722222222222	55.1	86.7
ERR1713361	ARO:3003306	Mmor_gyrB_FLO	74	74	86.00945945945946	86.0	83.81216216216217	87.4	102.0
ERR1713361	ARO:3003307	Sser_gyrB_FLO	41	41	86.02439024390245	85.7	81.0390243902439	86.3	99.8
ERR1713361	ARO:3003308	Ecol_parC_FLO	30	30	94.05666666666666	94.95	94.25666666666666	95.9	104.0
ERR1713361	ARO:3003309	Uure_parC_FLO	1	1	80.4	80.4	81.6	81.6	81.6
ERR1713361	ARO:3003311	Spne_parC_FLO	18	18	88.85	88.0	86.88333333333334	91.45	107.0
ERR1713361	ARO:3003312	Saur_parC_FLO	6	6	81.58333333333333	81.1	80.88333333333334	83.55	89.0
ERR1713361	ARO:3003314	Saur_parE_AMU	47	47	83.44680851063829	82.9	75.23191489361702	82.4	94.4
ERR1713361	ARO:3003316	Ecol_parE_FLO	21	21	88.95238095238095	85.1	91.6047619047619	89.4	114.0
ERR1713361	ARO:3003317	Sser_parE_FLO	3	3	84.96666666666667	80.9	82.60000000000001	79.3	105.0
ERR1713361	ARO:3003326	Mtub_embB_EMB	2	2	86.85	86.85	96.65	96.65	97.4
ERR1713361	ARO:3003327	Mtub_embC_EMB	2	2	83.65	83.65	93.4	93.4	97.8
ERR1713361	ARO:3003357	Cdif_EFTu_ELF	312	312	89.36410256410257	90.0	91.57660256410257	95.9	107.0
ERR1713361	ARO:3003359	Scin_EFTu_ELF	186	186	88.57096774193549	89.55	70.08817204301076	66.2	105.0
ERR1713361	ARO:3003361	Pros_EFTu_GE2A	100	100	83.647	82.25	78.47	85.1	104.0
ERR1713361	ARO:3003368	Ecol_EFTu_KIR	860	860	85.9143023255814	84.4	84.24883720930232	89.0	108.0
ERR1713361	ARO:3003369	Ecol_EFTu_PLV	9	9	86.13333333333334	83.9	63.166666666666664	65.1	72.0
ERR1713361	ARO:3003374	Kaer_acrR_MULT	2	2	87.30000000000001	87.30000000000001	43.150000000000006	43.150000000000006	44.7
ERR1713361	ARO:3003378	Ecol_MarR_MULT	5	5	93.54	96.2	73.17999999999999	65.1	96.7
ERR1713361	ARO:3003382	Sent_soxR_MULT	6	6	94.09999999999998	94.1	77.0	77.0	90.1
ERR1713361	ARO:3003385	Kaer_Omp36	1	1	91.8	91.8	90.9	90.9	90.9
ERR1713361	ARO:3003386	Ecol_folP_SLF	15	15	86.73333333333333	84.2	49.44666666666667	40.4	95.9
ERR1713361	ARO:3003387	Spyo_folP_SLF	4	4	85.9	86.1	61.25	58.550000000000004	89.4
ERR1713361	ARO:3003389	Mlep_folP_DAO	2	2	80.8	80.8	83.0	83.0	87.8
ERR1713361	ARO:3003390	Ecol_ompF_BLA	7	7	93.18571428571428	98.0	83.62857142857142	100.0	110.0
ERR1713361	ARO:3003392	Mtub_katG_INH	75	75	83.56133333333334	83.7	86.51733333333334	91.7	104.0
ERR1713361	ARO:3003394	Mtub_pncA_PZA	1	1	84.2	84.2	37.7	37.7	37.7
ERR1713361	ARO:3003395	Mtub_rpsL_STR	217	217	84.02350230414746	83.7	81.92718894009217	86.3	98.6
ERR1713361	ARO:3003438	Efac_EFTu_GE2A	436	436	87.09174311926606	86.0	84.64977064220184	87.8	106.0
ERR1713361	ARO:3003459	Mtub_gyrB_FLO	28	28	84.01428571428572	83.3	60.98571428571428	55.5	97.4
ERR1713361	ARO:3003461	Mtub_ndh_INH	2	2	82.3	82.3	77.6	77.6	80.9
ERR1713361	ARO:3003463	Mtub_kasA_INH	2	2	88.65	88.65	68.0	68.0	83.6
ERR1713361	ARO:3003479	tetR	2	2	100.0	100.0	86.05	86.05	102.0
ERR1713361	ARO:3003511	Ecol_soxS_MULT	7	7	98.10000000000001	98.0	82.15714285714286	93.6	101.0
ERR1713361	ARO:3003548	mdtN	10	10	96.6	98.0	83.24	84.7	100.0
ERR1713361	ARO:3003549	mdtO	10	10	97.92	98.0	95.11	95.9	101.0
ERR1713361	ARO:3003550	mdtP	9	9	98.86666666666666	100.0	86.63333333333334	92.8	105.0
ERR1713361	ARO:3003551	emeA	9	9	88.75555555555555	88.0	87.25555555555555	88.6	90.1
ERR1713361	ARO:3003573	LpxA	9	9	85.30000000000001	86.0	83.72222222222223	94.0	100.0
ERR1713361	ARO:3003574	LpxC	46	46	90.1195652173913	89.69999999999999	91.47173913043478	91.45	103.0
ERR1713361	ARO:3003575	LpxD	17	17	90.18235294117646	90.9	78.44117647058823	86.3	102.0
ERR1713361	ARO:3003576	eptA	8	8	98.25	98.0	104.875	103.0	111.0
ERR1713361	ARO:3003577	ugd	62	62	85.73709677419355	84.0	90.63225806451612	92.8	107.0
ERR1713361	ARO:3003578	PmrF	4	4	85.5	84.0	91.5	90.35	99.0
ERR1713361	ARO:3003582	basR	2	2	83.85	83.85	60.85	60.85	61.2
ERR1713361	ARO:3003585	Kleb_PhoP_CST	2	2	91.25	91.25	85.1	85.1	93.6
ERR1713361	ARO:3003620	OXA-464	13	13	84.17692307692307	85.7	90.0	95.1	98.2
ERR1713361	ARO:3003635	OXA-478	1	1	83.3	83.3	87.8	87.8	87.8
ERR1713361	ARO:3003679	TriA	3	3	88.86666666666667	83.3	67.39999999999999	62.8	76.6
ERR1713361	ARO:3003681	TriC	6	6	85.08333333333333	83.0	83.64999999999999	84.75	89.4
ERR1713361	ARO:3003684	Paer_gyrA_FLO	60	60	85.08666666666666	84.0	84.73833333333333	84.0	104.0
ERR1713361	ARO:3003685	Paer_parE_FLO	84	84	85.64047619047619	85.7	84.76071428571429	89.7	99.8
ERR1713361	ARO:3003693	MexK	153	153	86.40588235294118	86.0	78.14444444444445	80.5	98.2
ERR1713361	ARO:3003699	mexQ	6	6	83.93333333333334	81.8	78.16666666666667	79.15	92.0
ERR1713361	ARO:3003702	Paer_ParC_FLO	32	32	86.571875	85.85	87.703125	90.3	103.0
ERR1713361	ARO:3003705	mexN	2	2	82.85	82.85	60.25	60.25	61.6
ERR1713361	ARO:3003717	ESP-1	2	2	95.5	95.5	84.6	84.6	101.0
ERR1713361	ARO:3003723	vanI	1	1	80.0	80.0	60.5	60.5	60.5
ERR1713361	ARO:3003728	vanR_in_vanI_cl	20	20	88.425	89.85	85.66	87.0	103.0
ERR1713361	ARO:3003729	Saur_ileS_MUP	21	21	83.88571428571429	82.0	81.58571428571429	92.4	107.0
ERR1713361	ARO:3003730	Bbif_ileS_MUP	45	45	88.44222222222223	88.0	96.53555555555556	98.6	115.0
ERR1713361	ARO:3003735	Saur_fusA_FA	284	284	84.97218309859154	83.7	80.0024647887324	85.7	104.0
ERR1713361	ARO:3003737	Saur_fusE_FA	12	12	83.55	82.55	55.25833333333333	51.599999999999994	87.4
ERR1713361	ARO:3003741	mphE	108	108	99.13611111111112	100.0	94.39074074074075	100.0	112.0
ERR1713361	ARO:3003742	mphG	24	24	93.5125	95.9	88.52083333333333	94.15	108.0
ERR1713361	ARO:3003744	vatF	2	2	81.25	81.25	90.7	90.7	91.7
ERR1713361	ARO:3003745	mef(C)	13	13	93.70769230769231	95.9	86.13076923076923	93.2	96.3
ERR1713361	ARO:3003746	optrA	2	2	80.8	80.8	66.65	66.65	84.0
ERR1713361	ARO:3003756	Ecol_nfsB_NIT	5	5	88.8	86.0	85.94000000000001	87.0	87.4
ERR1713361	ARO:3003775	Ecol_murA_FOF	12	12	85.75	81.45	75.25833333333334	79.35	103.0
ERR1713361	ARO:3003776	Saur_murA_FOF	3	3	80.66666666666667	80.0	89.83333333333333	89.7	90.1
ERR1713361	ARO:3003777	Bbur_mur_FOF	1	1	85.4	85.4	80.9	80.9	80.9
ERR1713361	ARO:3003778	Msme_ndh_INH	2	2	86.44999999999999	86.44999999999999	87.45	87.45	90.9
ERR1713361	ARO:3003784	Mtub_murA_FOF	1	1	91.8	91.8	92.0	92.0	92.0
ERR1713361	ARO:3003789	Cjej_gyrA_FLO	53	53	83.36415094339623	81.6	81.93018867924529	85.1	96.3
ERR1713361	ARO:3003792	Efae_liaR_DAP	8	8	86.8375	83.7	82.66250000000001	85.9	94.7
ERR1713361	ARO:3003805	Efae_gshF_DAP	3	3	93.5	100.0	93.13333333333333	100.0	102.0
ERR1713361	ARO:3003807	Ecol_AcrR_MULT	1	1	83.3	83.3	40.8	40.8	40.8
ERR1713361	ARO:3003808	carO	4	4	83.325	83.5	82.7	90.3	90.5
ERR1713361	ARO:3003809	Abau_OprD_IPM	2	2	81.5	81.5	80.1	80.1	88.2
ERR1713361	ARO:3003811	adeC	1	1	81.6	81.6	88.2	88.2	88.2
ERR1713361	ARO:3003817	Abau_gyrA_FLO	112	112	89.54910714285714	90.0	88.17410714285714	90.9	108.0
ERR1713361	ARO:3003818	Abau_parC_FLO	82	82	90.52439024390245	90.0	91.79024390243903	94.4	110.0
ERR1713361	ARO:3003838	gadW	5	5	94.16	95.5	76.38	87.8	100.0
ERR1713361	ARO:3003839	Mrx	2	2	100.0	100.0	92.2	92.2	94.7
ERR1713361	ARO:3003841	kdpE	6	6	92.61666666666667	95.25	79.14999999999999	81.25	98.6
ERR1713361	ARO:3003843	leuO	4	4	98.5	98.0	101.475	100.8	108.0
ERR1713361	ARO:3003856	ADC-12	3	3	82.2	82.2	81.86666666666666	81.6	82.4
ERR1713361	ARO:3003859	ADC-15	2	2	82.8	82.8	57.4	57.4	57.4
ERR1713361	ARO:3003890	Ecol_UhpT_FOF	14	14	99.28571428571429	100.0	95.5	101.0	105.0
ERR1713361	ARO:3003893	Ecol_uhpA_FOF	7	7	95.8	95.9	95.05714285714285	97.4	102.0
ERR1713361	ARO:3003895	Paer_PhoP_CST	3	3	86.0	86.0	89.36666666666667	87.4	96.7
ERR1713361	ARO:3003899	Ecol_PtsI_FOF	16	16	94.98125	97.1	84.24375	91.9	99.0
ERR1713361	ARO:3003900	Ecol_cyaA_FOF	20	20	97.345	100.0	103.10499999999999	103.5	112.0
ERR1713361	ARO:3003902	Saur_UhpT_FOF	8	8	83.6875	83.9	82.8875	86.65	94.7
ERR1713361	ARO:3003908	Erm(47)	6	6	100.0	100.0	90.91666666666667	101.0	103.0
ERR1713361	ARO:3003922	oqxA	1	1	80.0	80.0	89.0	89.0	89.0
ERR1713361	ARO:3003923	oqxB	72	72	88.02916666666667	87.8	80.625	81.05	103.0
ERR1713361	ARO:3003924	Hpin_gyrA_FLO	9	9	84.27777777777777	84.0	84.47777777777777	95.1	98.2
ERR1713361	ARO:3003925	Hpin_parC_FLO	14	14	89.62857142857142	88.0	93.5	97.05	105.0
ERR1713361	ARO:3003926	Sent_gyrA_FLO	21	21	88.08095238095238	89.8	90.85238095238095	91.3	105.0
ERR1713361	ARO:3003928	Ngon_gyrA_FLO	99	99	89.85050505050506	90.0	88.28080808080807	90.5	112.0
ERR1713361	ARO:3003929	Ngon_parC_FLO	91	91	86.07252747252748	84.0	87.77472527472527	87.4	104.0
ERR1713361	ARO:3003930	rpsJ	89	89	87.72696629213483	87.8	70.79662921348314	78.2	103.0
ERR1713361	ARO:3003931	Cgin_gyrA_FLO	75	75	83.424	83.3	83.67466666666667	85.9	100.0
ERR1713361	ARO:3003937	Nmen_PBP2_BLA	10	10	82.66	82.0	88.92	87.0	99.0
ERR1713361	ARO:3003939	Sent_parC_FLO	9	9	92.61111111111111	94.0	94.30000000000001	92.0	99.4
ERR1713361	ARO:3003948	efrA	11	11	83.81818181818181	83.7	75.51818181818182	79.0	88.2
ERR1713361	ARO:3003949	efrB	29	29	83.67931034482758	82.0	72.26206896551724	77.8	93.2
ERR1713361	ARO:3003950	msbA	22	22	91.96818181818182	95.95	86.96818181818182	85.7	101.0
ERR1713361	ARO:3003952	YojI	9	9	92.16666666666667	95.9	84.24444444444445	87.0	99.0
ERR1713361	ARO:3003961	farA	4	4	80.9	80.9	53.7	45.05	84.7
ERR1713361	ARO:3003962	farB	30	30	86.88333333333334	87.8	89.48666666666666	90.7	103.0
ERR1713361	ARO:3003966	Kpne_OmpK35	1	1	80.0	80.0	57.4	57.4	57.4
ERR1713361	ARO:3003967	lfrA	1	1	81.8	81.8	71.6	71.6	71.6
ERR1713361	ARO:3003968	Kpne_OmpK36	7	7	89.27142857142857	89.6	65.44285714285715	57.8	103.0
ERR1713361	ARO:3003970	ddl	5	5	83.94	85.7	82.74	92.4	99.8
ERR1713361	ARO:3003974	Cacn_gyrA_FLO	37	37	83.65135135135135	83.7	80.68648648648649	87.0	103.0
ERR1713361	ARO:3003980	tetA(58)	4	4	85.0	83.80000000000001	82.225	80.5	98.2
ERR1713361	ARO:3003982	LlmA_23S_CLI	1	1	81.3	81.3	75.5	75.5	75.5
ERR1713361	ARO:3003984	BahA	1	1	82.0	82.0	92.8	92.8	92.8
ERR1713361	ARO:3003986	TaeA	2	2	84.5	84.5	85.3	85.3	92.0
ERR1713361	ARO:3003987	VatI	1	1	84.4	84.4	47.8	47.8	47.8
ERR1713361	ARO:3003992	rphB	3	3	87.23333333333333	86.4	60.20000000000001	53.1	89.4
ERR1713361	ARO:3003995	Cdif_gyrA_FLO	35	35	82.79142857142857	81.3	82.48	83.6	97.4
ERR1713361	ARO:3004032	tetA(46)	2	2	98.0	98.0	96.85	96.85	98.2
ERR1713361	ARO:3004033	tetB(46)	3	3	81.83333333333333	80.9	77.7	76.3	83.2
ERR1713361	ARO:3004041	Kpne_acrA	1	1	84.0	84.0	90.1	90.1	90.1
ERR1713361	ARO:3004042	Eclo_acrA	2	2	83.45	83.45	75.65	75.65	77.0
ERR1713361	ARO:3004043	Ecol_acrA	1	1	100.0	100.0	98.2	98.2	98.2
ERR1713361	ARO:3004045	Ecol_fabI_MULT	15	15	85.26	82.9	80.76	79.0	97.8
ERR1713361	ARO:3004049	Ecol_fabG_TRC	27	27	87.56666666666668	87.2	73.39999999999999	81.3	99.8
ERR1713361	ARO:3004054	Paer_CpxR	11	11	83.7090909090909	82.5	62.00909090909091	59.3	89.0
ERR1713361	ARO:3004069	MvaT	1	1	80.0	80.0	74.3	74.3	74.3
ERR1713361	ARO:3004072	OpmB	1	1	80.0	80.0	88.2	88.2	88.2
ERR1713361	ARO:3004073	MuxA	1	1	81.3	81.3	50.4	50.4	50.4
ERR1713361	ARO:3004074	MuxB	60	60	83.78	83.15	75.06333333333333	79.0	89.0
ERR1713361	ARO:3004075	MuxC	24	24	82.2	80.55	62.55416666666667	64.1	76.3
ERR1713361	ARO:3004077	PmpM	2	2	81.8	81.8	76.65	76.65	80.1
ERR1713361	ARO:3004091	ANT(3'')-IIc	3	3	96.0	100.0	64.93333333333334	51.2	92.4
ERR1713361	ARO:3004097	Smit_CdsA_DAP	6	6	81.8	81.8	73.36666666666666	74.7	94.0
ERR1713361	ARO:3004100	LpeB	1	1	80.0	80.0	62.8	62.8	62.8
ERR1713361	ARO:3004103	QepA2	2	2	80.45	80.45	80.1	80.1	85.5
ERR1713361	ARO:3004114	porin_OmpC	6	6	93.23333333333333	93.85	101.03333333333335	102.0	102.0
ERR1713361	ARO:3004122	Kpne_OmpK37	2	2	90.45	90.45	87.5	87.5	103.0
ERR1713361	ARO:3004124	Mcat_M35_AMX	3	3	87.46666666666665	86.7	52.0	52.4	55.1
ERR1713361	ARO:3004126	Ecol_LamB	13	13	95.97692307692309	98.0	85.0	97.8	112.0
ERR1713361	ARO:3004127	Ecol_mipA	10	10	93.86	96.0	95.31	103.0	112.0
ERR1713361	ARO:3004128	Smar_Omp1	2	2	81.8	81.8	79.0	79.0	79.0
ERR1713361	ARO:3004142	OprZ	1	1	81.0	81.0	67.8	67.8	67.8
ERR1713361	ARO:3004144	AxyY	16	16	82.39999999999999	81.6	76.64375	76.3	81.6
ERR1713361	ARO:3004146	cfrC	4	4	90.5	90.0	94.425	93.0	100.0
ERR1713361	ARO:3004153	Mtub_thyA_PAS	42	42	83.61190476190475	83.75	89.50238095238095	92.0	101.0
ERR1713361	ARO:3004253	vanU_in_vanG_cl	4	4	81.82499999999999	82.35	49.95	43.1	70.9
ERR1713361	ARO:3004254	vanV_in_vanB_cl	1	1	87.5	87.5	49.7	49.7	49.7
ERR1713361	ARO:3004290	Ecol_ampC_BLA	5	5	98.4	98.0	103.2	103.0	104.0
ERR1713361	ARO:3004361	sul4	8	8	89.1125	86.55000000000001	61.275	55.65	95.5
ERR1713361	ARO:3004442	tet(W/N/W)	8	8	92.25	90.0	96.03750000000001	92.4	105.0
ERR1713361	ARO:3004446	Hinf_PBP3_BLA	2	2	93.95	93.95	98.65	98.65	101.0
ERR1713361	ARO:3004480	Bado_rpoB_RIF	201	201	89.19950248756219	88.0	87.50398009950248	94.0	111.0
ERR1713361	ARO:3004503	MCR-3.6	2	2	97.95	97.95	95.30000000000001	95.30000000000001	98.2
ERR1713361	ARO:3004561	Cdif_murG_VAN	1	1	85.7	85.7	43.9	43.9	43.9
ERR1713361	ARO:3004562	Cdif_gyrB_FLO	102	102	83.76372549019608	83.5	80.92941176470588	85.1	98.2
ERR1713361	ARO:3004563	Cdif_rpoB_RIF	461	461	86.70477223427332	86.0	90.96746203904556	91.7	109.0
ERR1713361	ARO:3004569	ICR-Mo	7	7	85.74285714285715	85.7	64.54285714285714	65.5	76.3
ERR1713361	ARO:3004573	Abau_AbaF	5	5	89.06	90.0	85.3	92.4	102.0
ERR1713361	ARO:3004578	Abau_AbuO	9	9	83.98888888888888	84.0	79.97777777777779	79.7	84.0
ERR1713361	ARO:3004580	Kpne_KpnE	4	4	91.95	92.0	75.275	82.0	84.3
ERR1713361	ARO:3004588	Kpne_KpnG	2	2	83.19999999999999	83.19999999999999	85.1	85.1	85.9
ERR1713361	ARO:3004600	LnuH	47	47	87.04255319148936	85.7	86.49787234042553	89.4	104.0
ERR1713361	ARO:3004608	EreD	11	11	97.96363636363635	98.0	88.07272727272726	92.8	106.0
ERR1713361	ARO:3004626	Erm(49)	4	4	88.45	88.9	91.65	91.65	97.8
ERR1713361	ARO:3004628	AAC(2')-IIa	1	1	82.9	82.9	54.7	54.7	54.7
ERR1713361	ARO:3004631	Mgen_gyrA_FLO	4	4	81.44999999999999	81.85	74.875	70.65	92.0
ERR1713361	ARO:3004635	AAC(6')-Il	2	2	100.0	100.0	86.45	86.45	104.0
ERR1713361	ARO:3004636	qnrE1	1	1	86.0	86.0	83.2	83.2	83.2
ERR1713361	ARO:3004659	Mef(En2)	10	10	99.39	100.0	95.34	95.5	103.0
ERR1713361	ARO:3004668	QnrAS	1	1	85.4	85.4	95.5	95.5	95.5
ERR1713361	ARO:3004675	aphA15	2	2	100.0	100.0	106.5	106.5	108.0
ERR1713361	ARO:3004681	Cdif_rpoC_VAN	793	793	87.41008827238335	87.5	85.76986128625472	89.0	110.0
ERR1713361	ARO:3004682	aadA27	7	7	98.54285714285713	100.0	92.55714285714285	104.0	108.0
ERR1713361	ARO:3004683	aadS	53	53	98.70754716981132	100.0	94.30188679245283	101.0	113.0
ERR1713361	ARO:3004698	MCR-5.2	1	1	87.5	87.5	47.0	47.0	47.0
ERR1713361	ARO:3004720	tet(X4)	7	7	99.42857142857143	100.0	100.74285714285715	101.0	103.0
ERR1713361	ARO:3004721	Mtub_rpsA_PZA	61	61	87.23606557377049	86.0	88.66065573770491	89.4	102.0
ERR1713361	ARO:3004832	Ngon_PBP2_BLA	7	7	86.47142857142856	86.0	90.01428571428572	90.9	94.4
ERR1713361	ARO:3004833	Ngon_PBP1_BLA	35	35	85.90571428571428	85.7	88.38571428571429	88.2	95.1
ERR1713361	ARO:3004835	Ngon_pilQ_BLA	9	9	88.46666666666667	89.8	90.21111111111111	90.9	96.7
ERR1713361	ARO:3004859	Ngon_gyrB_ZOL	226	226	85.75265486725664	84.0	80.67300884955752	85.3	103.0
ERR1713361	ARO:3004860	Bdol_gyrA_FLO	372	372	86.04731182795699	84.0	86.52231182795698	88.4	109.0
ERR1713361	ARO:3004873	Ngon_folP_SLF	5	5	84.8	82.6	49.379999999999995	42.4	76.6
ERR1713361	ARO:3004921	Mtub_ahpC_INH	1	1	85.7	85.7	55.1	55.1	55.1
ERR1713361	ARO:3004925	Mtub_mshA_INH	3	3	82.2	81.3	93.83333333333333	92.4	96.7
ERR1713361	ARO:3004927	Mtub_mshC_INH	1	1	91.8	91.8	100.0	100.0	100.0
ERR1713361	ARO:3004941	Mtub_ddlA_DCS	4	4	87.65	86.95	55.449999999999996	46.599999999999994	90.1
ERR1713361	ARO:3004945	Mtub_ald_DCS	1	1	81.8	81.8	55.5	55.5	55.5
ERR1713361	ARO:3004956	Ngon_rpld	27	27	84.21851851851852	82.0	84.18518518518519	88.2	98.2
ERR1713361	ARO:3004957	Mtub_clpC1_PZA	327	327	83.91743119266054	82.0	82.18226299694189	83.2	103.0
ERR1713361	ARO:3004960	Mtub_ponA1_RFB	10	10	84.8	85.7	85.28	85.1	90.9
ERR1713361	ARO:3004976	Mtub_ppsD_PZA	2	2	81.5	81.5	49.3	49.3	49.3
ERR1713361	ARO:3004977	Mtub_gpsI_PZA	46	46	86.46521739130435	84.85	85.0695652173913	87.45	103.0
ERR1713361	ARO:3004994	Mtub_rpoC_RIF	375	375	87.2184	86.0	88.15813333333334	89.7	117.0
ERR1713361	ARO:3004999	Mtub_rpoA_RIF	24	24	86.19583333333333	85.15	83.57083333333334	83.94999999999999	98.2
ERR1713361	ARO:3005004	Ngon_mtrC_AZM	2	2	88.0	88.0	57.0	57.0	57.8
ERR1713361	ARO:3005009	qacE	9	9	93.23333333333333	100.0	79.98888888888888	90.5	93.6
ERR1713361	ARO:3005010	qacEdelta1	9	9	93.33333333333333	98.0	92.57777777777778	92.0	100.0
ERR1713361	ARO:3005023	cfrE	9	9	97.86666666666666	100.0	94.44444444444444	101.0	112.0
ERR1713361	ARO:3005040	YajC	1	1	89.1	89.1	84.7	84.7	84.7
ERR1713361	ARO:3005041	mlaF	5	5	84.78	82.0	78.02000000000001	80.1	97.4
ERR1713361	ARO:3005042	mlaD	7	7	91.77142857142857	93.8	83.85714285714286	94.4	95.9
ERR1713361	ARO:3005043	cmlA9	4	4	98.45	98.9	87.9	86.65	96.3
ERR1713361	ARO:3005044	OmpA	4	4	85.375	83.9	77.8	76.05	97.1
ERR1713361	ARO:3005047	eptB	11	11	92.38181818181819	90.0	91.07272727272726	97.4	107.0
ERR1713361	ARO:3005051	LpsB	8	8	89.325	88.9	82.875	90.5	92.0
ERR1713361	ARO:3005053	ArnT	8	8	98.475	99.0	100.375	99.6	106.0
ERR1713361	ARO:3005059	LptD	17	17	90.0764705882353	90.0	98.35882352941177	103.0	105.0
ERR1713361	ARO:3005068	ParR	2	2	88.6	88.6	78.2	78.2	78.2
ERR1713361	ARO:3005069	rsmA	27	27	88.54074074074073	89.1	63.4	64.7	91.3
ERR1713361	ARO:3005090	RanB	13	13	85.11538461538461	83.7	85.0	85.5	90.9
ERR1713361	ARO:3005091	RanA	27	27	83.66296296296296	83.3	86.25185185185185	88.2	99.4
ERR1713361	ARO:3005098	qacL	28	28	94.39999999999999	94.6	79.5	84.75	100.0
ERR1713361	ARO:3005099	Spyo_ErmA_MLSb	6	6	82.89999999999999	80.6	69.14999999999999	62.8	88.6
ERR1713361	ARO:3005725	OXA-491	5	5	81.38	80.5	70.38	71.6	89.0
ERR1713361	ARO:3005729	OXA-498	1	1	98.0	98.0	92.4	92.4	92.4
ERR1713361	ARO:3005766	OXA-537	1	1	81.3	81.3	82.0	82.0	82.0
ERR1713361	ARO:3005866	OXA-650	1	1	100.0	100.0	105.0	105.0	105.0
ERR1713361	ARO:3005868	OXA-652	1	1	95.9	95.9	98.6	98.6	98.6
ERR1713361	ARO:3005878	OXA-666	1	1	85.4	85.4	92.4	92.4	92.4
ERR1713361	ARO:3005937	OXA-732	2	2	96.95	96.95	102.65	102.65	109.0
ERR1713361	ARO:3006103	OXA-917	1	1	96.0	96.0	106.0	106.0	106.0
ERR1713361	ARO:3006113	OXA-928	3	3	100.0	100.0	103.0	102.0	107.0
ERR1713361	ARO:3006153	OKP-D-1	2	2	100.0	100.0	95.5	95.5	98.2
ERR1713361	ARO:3006211	VEB-14	2	2	100.0	100.0	105.5	105.5	108.0
ERR1713361	ARO:3006874	EC-13	2	2	100.0	100.0	58.2	58.2	58.2
ERR1713361	ARO:3006881	EC-8	1	1	100.0	100.0	104.0	104.0	104.0
ERR1713361	ARO:3007033	Erm(51)	2	2	81.6	81.6	94.0	94.0	94.0
ERR1713361	ARO:3007041	Erm(52)	2	2	100.0	100.0	84.0	84.0	84.0
ERR1713361	ARO:3007042	msr(G)	1	1	81.3	81.3	84.3	84.3	84.3
ERR1713361	ARO:3007043	msr(I)	10	10	97.28999999999999	99.0	72.58	74.15	102.0
ERR1713361	ARO:3007044	mef(F)	1	1	86.0	86.0	88.2	88.2	88.2
ERR1713361	ARO:3007047	mef(H)	2	2	100.0	100.0	94.0	94.0	94.0
ERR1713361	ARO:3007049	mef(J)	3	3	100.0	100.0	89.53333333333335	92.0	103.0
ERR1713361	ARO:3007051	Hpyl_rpoB_RIF	391	391	86.16751918158567	85.7	85.6918158567775	88.2	107.0
ERR1713361	ARO:3007052	Hpyl_gyrA_FLO	26	26	83.1846153846154	82.65	83.55384615384615	86.5	94.4
ERR1713361	ARO:3007053	Hpyl_gyrB_FLO	57	57	84.08421052631579	84.0	80.81754385964913	86.3	95.9
ERR1713361	ARO:3007060	Hpyl_pbp1_AMX	1	1	80.0	80.0	82.8	82.8	82.8
ERR1713361	ARO:3007073	Bsub_rpoB_RIF	297	297	87.54242424242423	87.8	92.17878787878787	92.8	107.0
ERR1713361	ARO:3007105	nimC	2	2	89.9	89.9	87.65	87.65	91.3
ERR1713361	ARO:3007119	tet(O/32/O)	4	4	97.475	97.0	98.625	97.05	106.0
ERR1713361	ARO:3007120	tet(O/M/O)	14	14	98.10000000000001	98.0	96.80714285714285	100.0	105.0
ERR1713361	ARO:3007121	tet(O/W)	1	1	95.6	95.6	94.0	94.0	94.0
ERR1713361	ARO:3007122	tet(O/W/32/O)	3	3	100.0	100.0	99.23333333333333	98.6	102.0
ERR1713361	ARO:3007191	vanR_in_vanP_cl	3	3	83.06666666666666	83.7	82.56666666666666	93.6	93.6
ERR1713361	ARO:3007203	Kpne_PhoQ_CST	11	11	91.00909090909092	91.5	87.89090909090909	92.4	103.0
ERR1713361	ARO:3007208	HelR	2	2	89.85	89.85	93.5	93.5	103.0
ERR1713361	ARO:3007209	Sven_rox	2	2	91.7	91.7	49.7	49.7	49.7
ERR1713361	ARO:3007210	Nfar_rox	1	1	85.7	85.7	96.3	96.3	96.3
ERR1713361	ARO:3007369	FosH	2	2	80.9	80.9	57.55	57.55	60.8
ERR1713361	ARO:3007370	FosI	3	3	83.93333333333334	80.0	91.43333333333332	88.6	97.1
ERR1713361	ARO:3007420	Kpne_lamB_CZA	2	2	100.0	100.0	106.5	106.5	111.0
ERR1713361	ARO:3007421	Kpne_PBP3_BLA	3	3	98.66666666666667	100.0	100.60000000000001	101.0	103.0
ERR1713361	ARO:3007423	Ecol_PBP3_BLA	11	11	100.0	100.0	86.67272727272727	94.4	103.0
ERR1713361	ARO:3007473	Mavi_gyrA_FLO	2	2	83.1	83.1	81.85	81.85	91.3
ERR1713361	ARO:3007491	Paer_ampR_ATM	2	2	84.75	84.75	65.45	65.45	92.4
ERR1713361	ARO:3007527	Bsub_rpsE_SPT	27	27	84.31481481481481	83.8	78.21481481481482	82.8	96.7
ERR1713361	ARO:3007544	Erhu_gyrA_ENR	57	57	82.13333333333334	82.0	89.11578947368422	90.5	96.7
ERR1713361	ARO:3007635	CAE-1	27	27	83.52222222222223	83.3	84.85925925925925	84.3	92.0
ERR1713361	ARO:3007644	Cper_cplR	1	1	81.6	81.6	84.7	84.7	84.7
ERR1713361	ARO:3007678	IreK	16	16	89.76875	91.8	90.3875	90.7	97.4
ERR1713361	ARO:3007682	MdtQ	7	7	97.11428571428571	100.0	93.68571428571428	92.8	102.0
ERR1713361	ARO:3007692	Mtub_Rv2535_BDQ	1	1	91.8	91.8	92.4	92.4	92.4
ERR1713361	ARO:3007794	Vvul_rpoB_RIF	271	271	85.25239852398525	84.0	88.48819188191882	89.0	107.0
ERR1713361	ARO:3007802	RATA-2	1	1	84.4	84.4	52.8	52.8	52.8
ERR1713361	ARO:3007849	Mtub_fgd1_DLM	2	2	90.6	90.6	95.45	95.45	100.0
ERR1713361	ARO:3007855	CHM-1	1	1	80.0	80.0	94.7	94.7	94.7
ERR1713361	ARO:3008081	BMHC-1	1	1	86.4	86.4	47.8	47.8	47.8
ERR1713361	ARO:3008460	OXA-1041	1	1	97.4	97.4	76.3	76.3	76.3
ERR1713361	ARO:3008474	OXA-1056	1	1	93.9	93.9	109.0	109.0	109.0
ERR1713361	ARO:3008672	OXA-1262	1	1	82.6	82.6	42.4	42.4	42.4
ERR1713361	ARO:3009041	RSC1-1	2	2	98.0	98.0	107.0	107.0	107.0
ERR1713361	ARO:3009089	VEB-37	1	1	81.6	81.6	91.7	91.7	91.7
ERR1713362	ARO:3000005	vanD	4	4	87.75	86.5	74.35	72.2	111.0
ERR1713362	ARO:3000013	vanB	17	17	80.3529411764706	80.0	40.1764705882353	40.0	41.2
ERR1713362	ARO:3000024	patA	26	26	84.20384615384616	83.5	81.69999999999999	82.4	90.1
ERR1713362	ARO:3000025	patB	27	27	83.87037037037037	83.7	81.37037037037037	82.8	90.9
ERR1713362	ARO:3000027	emrA	330	330	97.16151515151515	100.0	90.50999999999999	95.5	108.0
ERR1713362	ARO:3000074	emrB	909	909	94.71650165016501	98.0	93.5018701870187	95.9	115.0
ERR1713362	ARO:3000165	tet(A)	170	170	98.1535294117647	100.0	80.2764705882353	91.3	103.0
ERR1713362	ARO:3000166	tet(B)	28	28	98.38928571428572	100.0	90.58928571428571	97.25	106.0
ERR1713362	ARO:3000167	tet(C)	374	374	98.48235294117647	100.0	75.00374331550803	78.4	103.0
ERR1713362	ARO:3000168	tet(D)	2	2	96.45	96.45	82.4	82.4	95.9
ERR1713362	ARO:3000173	tet(E)	33	33	96.2	98.0	92.4121212121212	93.6	107.0
ERR1713362	ARO:3000174	tet(G)	71	71	94.90845070422536	95.9	91.3	94.0	105.0
ERR1713362	ARO:3000175	tet(H)	1	1	80.0	80.0	38.1	38.1	38.1
ERR1713362	ARO:3000179	tet(L)	6	6	95.75	99.0	94.2	99.9	103.0
ERR1713362	ARO:3000180	tetA(P)	289	289	88.71349480968858	89.7	81.70380622837371	85.1	106.0
ERR1713362	ARO:3000181	tet(V)	5	5	82.32000000000001	81.6	75.85999999999999	81.6	93.6
ERR1713362	ARO:3000183	tet(Z)	2	2	100.0	100.0	98.4	98.4	99.4
ERR1713362	ARO:3000186	tet(M)	235	235	93.16255319148937	94.0	86.64553191489362	93.2	110.0
ERR1713362	ARO:3000190	tet(O)	1222	1222	97.39590834697218	100.0	96.50711947626841	99.4	114.0
ERR1713362	ARO:3000191	tet(Q)	3228	3228	95.75535935563816	96.0	95.61474597273855	98.6	113.0
ERR1713362	ARO:3000192	tet(S)	58	58	97.16379310344827	100.0	93.95862068965518	101.0	107.0
ERR1713362	ARO:3000193	tet(T)	12	12	82.63333333333334	81.0	66.3	75.9	100.0
ERR1713362	ARO:3000194	tet(W)	1544	1544	98.547603626943	100.0	94.13225388601037	99.0	113.0
ERR1713362	ARO:3000195	tetB(P)	220	220	87.73045454545455	87.65	82.97545454545454	87.8	103.0
ERR1713362	ARO:3000196	tet(32)	690	690	98.47376811594202	100.0	98.31971014492754	100.0	112.0
ERR1713362	ARO:3000197	tet(36)	305	305	92.3583606557377	93.0	90.21245901639344	92.8	108.0
ERR1713362	ARO:3000198	FosX	3	3	81.39999999999999	80.0	43.0	39.3	52.0
ERR1713362	ARO:3000205	tet(X)	303	303	99.01848184818482	100.0	99.52343234323432	104.0	112.0
ERR1713362	ARO:3000206	emrK	196	196	98.83061224489795	100.0	92.91428571428571	96.7	105.0
ERR1713362	ARO:3000216	acrB	2359	2359	91.94289953370071	92.0	88.01907587961	89.4	114.0
ERR1713362	ARO:3000217	blaR1	1	1	82.9	82.9	65.9	65.9	65.9
ERR1713362	ARO:3000230	ANT(2'')-Ia	330	330	99.46151515151516	100.0	96.2760606060606	106.0	118.0
ERR1713362	ARO:3000237	TolC	706	706	94.32620396600566	96.0	89.1	90.5	104.0
ERR1713362	ARO:3000245	RbpA	13	13	91.76923076923077	92.0	91.56923076923077	95.1	110.0
ERR1713362	ARO:3000254	emrY	320	320	99.0221875	100.0	94.8775	97.8	114.0
ERR1713362	ARO:3000263	marA	139	139	96.31294964028777	98.0	90.62302158273381	97.8	111.0
ERR1713362	ARO:3000316	mphA	939	939	94.89318423855165	100.0	94.42981895633653	98.2	115.0
ERR1713362	ARO:3000318	mphB	1	1	90.0	90.0	101.0	101.0	101.0
ERR1713362	ARO:3000343	tap	9	9	85.52222222222223	84.0	85.5	86.7	95.9
ERR1713362	ARO:3000347	ErmA	5	5	86.92	85.7	80.2	88.6	89.4
ERR1713362	ARO:3000361	EreA	125	125	97.5408	98.0	93.9024	98.2	107.0
ERR1713362	ARO:3000363	EreB	169	169	89.97751479289941	88.9	90.6792899408284	95.9	113.0
ERR1713362	ARO:3000368	vanC	2	2	81.4	81.4	42.95	42.95	43.5
ERR1713362	ARO:3000375	ErmB	35	35	97.96571428571428	98.0	76.0	75.5	107.0
ERR1713362	ARO:3000377	MexA	57	57	82.9017543859649	82.0	72.10350877192982	78.2	89.0
ERR1713362	ARO:3000378	MexB	625	625	85.7064	85.4	79.4136	80.5	97.8
ERR1713362	ARO:3000379	OprM	30	30	82.1	81.6	73.63333333333334	74.30000000000001	88.6
ERR1713362	ARO:3000410	sul1	522	522	99.03850574712644	100.0	86.79463601532568	95.1	108.0
ERR1713362	ARO:3000412	sul2	84	84	99.46785714285713	100.0	76.54523809523809	88.8	101.0
ERR1713362	ARO:3000413	sul3	17	17	95.55882352941177	100.0	76.51176470588236	92.8	105.0
ERR1713362	ARO:3000421	norB	23	23	81.6086956521739	82.0	81.17391304347827	83.6	87.4
ERR1713362	ARO:3000444	rphA	85	85	86.53411764705882	84.4	49.138823529411766	49.7	77.8
ERR1713362	ARO:3000448	QepA1	4	4	87.8	88.5	54.2	51.4	65.5
ERR1713362	ARO:3000464	Ngon_porin	13	13	82.44615384615385	81.8	39.56153846153846	38.5	48.5
ERR1713362	ARO:3000478	tet(33)	2	2	98.0	98.0	96.3	96.3	99.0
ERR1713362	ARO:3000481	tet(35)	17	17	83.12352941176471	83.0	66.74117647058823	81.6	89.4
ERR1713362	ARO:3000491	acrD	1603	1603	93.80636306924517	95.9	89.7504054897068	91.7	111.0
ERR1713362	ARO:3000498	ErmF	1154	1154	97.80086655112652	98.0	91.1555459272097	98.2	107.0
ERR1713362	ARO:3000499	AcrE	417	417	94.24388489208633	98.0	91.0822541966427	93.6	106.0
ERR1713362	ARO:3000501	rpoB2	393	393	84.21603053435115	83.0	76.37201017811705	79.7	107.0
ERR1713362	ARO:3000502	AcrF	1400	1400	93.172	94.0	89.51114285714286	90.5	113.0
ERR1713362	ARO:3000504	golS	8	8	85.2875	85.0	53.0	51.05	85.1
ERR1713362	ARO:3000508	gadX	200	200	97.36200000000001	98.0	92.228	96.5	105.0
ERR1713362	ARO:3000510	Saur_mupB_MUP	96	96	83.27604166666667	81.8	62.41770833333334	67.0	95.1
ERR1713362	ARO:3000516	emrR	242	242	96.83223140495869	98.0	90.39504132231404	96.7	112.0
ERR1713362	ARO:3000518	CRP	954	954	93.55272536687632	96.0	87.88721174004192	93.2	107.0
ERR1713362	ARO:3000521	Saur_mupA_MUP	11	11	82.73636363636363	81.3	74.37272727272727	88.6	97.4
ERR1713362	ARO:3000522	ErmG	16	16	97.03125	98.0	92.8625	97.85	107.0
ERR1713362	ARO:3000533	macA	12	12	84.09166666666667	82.85	79.77499999999999	78.55	97.8
ERR1713362	ARO:3000535	macB	303	303	83.97128712871287	83.7	73.99075907590759	76.3	97.8
ERR1713362	ARO:3000549	adeS	1	1	91.3	91.3	47.4	47.4	47.4
ERR1713362	ARO:3000553	adeR	6	6	82.13333333333334	80.4	58.15	49.5	85.9
ERR1713362	ARO:3000556	tet(44)	205	205	94.0931707317073	96.0	95.31512195121951	97.1	111.0
ERR1713362	ARO:3000559	adeN	12	12	87.30833333333334	84.7	82.60000000000001	83.35	101.0
ERR1713362	ARO:3000561	tet(30)	1	1	80.0	80.0	46.2	46.2	46.2
ERR1713362	ARO:3000566	tet(39)	121	121	98.99421487603306	100.0	92.08677685950413	95.9	107.0
ERR1713362	ARO:3000567	tet(40)	318	318	98.01698113207547	98.0	90.59213836477987	94.4	109.0
ERR1713362	ARO:3000572	tet(42)	2	2	89.5	89.5	37.7	37.7	37.7
ERR1713362	ARO:3000573	tet(43)	7	7	85.61428571428571	84.4	71.1	68.6	89.4
ERR1713362	ARO:3000578	CcrA	4	4	100.0	100.0	94.625	105.0	110.0
ERR1713362	ARO:3000595	ErmT	10	10	98.96000000000001	99.0	89.46000000000001	99.2	104.0
ERR1713362	ARO:3000596	ErmX	275	275	95.76072727272728	98.0	90.02981818181819	97.1	110.0
ERR1713362	ARO:3000604	Erm(35)	56	56	84.5	84.2	77.11607142857143	80.5	93.6
ERR1713362	ARO:3000605	Erm(36)	3	3	98.13333333333333	100.0	79.96666666666667	94.4	102.0
ERR1713362	ARO:3000616	mel	1375	1375	91.47716363636364	91.8	85.02472727272728	88.2	102.0
ERR1713362	ARO:3000620	adeL	4	4	99.5	100.0	92.95	97.95	100.0
ERR1713362	ARO:3000656	AcrS	165	165	98.92424242424242	100.0	96.85454545454546	102.0	110.0
ERR1713362	ARO:3000676	H-NS	223	223	95.595067264574	100.0	76.69865470852018	75.5	104.0
ERR1713362	ARO:3000753	abeM	59	59	89.62372881355932	89.6	86.4457627118644	87.0	108.0
ERR1713362	ARO:3000768	abeS	6	6	97.10000000000001	100.0	72.73333333333333	69.7	101.0
ERR1713362	ARO:3000774	adeA	3	3	90.16666666666667	94.0	75.73333333333333	84.7	90.1
ERR1713362	ARO:3000775	adeB	119	119	88.54537815126051	86.0	80.01848739495799	79.7	108.0
ERR1713362	ARO:3000777	adeF	159	159	88.7943396226415	88.0	82.91132075471698	85.5	103.0
ERR1713362	ARO:3000778	adeG	22	22	95.26363636363637	98.0	91.92727272727274	90.35	102.0
ERR1713362	ARO:3000779	adeH	25	25	94.368	98.0	87.396	92.4	105.0
ERR1713362	ARO:3000780	adeI	62	62	89.45967741935483	87.0	81.74677419354839	84.3	102.0
ERR1713362	ARO:3000781	adeJ	277	277	87.77148014440434	86.0	81.47436823104694	84.3	110.0
ERR1713362	ARO:3000782	adeK	81	81	87.84197530864198	86.0	83.58641975308642	85.9	105.0
ERR1713362	ARO:3000783	cmeA	2	2	90.0	90.0	78.2	78.2	85.5
ERR1713362	ARO:3000784	cmeB	103	103	83.92815533980583	82.6	57.14951456310679	48.9	84.7
ERR1713362	ARO:3000790	mdsB	57	57	84.49473684210525	83.7	78.78947368421052	82.0	93.6
ERR1713362	ARO:3000791	mdsC	8	8	83.45	82.69999999999999	69.175	70.85	77.8
ERR1713362	ARO:3000792	mdtA	557	557	93.30017953321364	94.0	89.34542190305207	91.3	105.0
ERR1713362	ARO:3000793	mdtB	1934	1934	91.60196483971045	92.0	86.25429162357807	87.4	105.0
ERR1713362	ARO:3000794	mdtC	1591	1591	93.07146448774357	94.0	88.63928346951603	90.9	108.0
ERR1713362	ARO:3000795	mdtE	311	311	99.00353697749196	100.0	90.89742765273311	95.1	107.0
ERR1713362	ARO:3000796	mdtF	852	852	97.3231220657277	100.0	91.11971830985915	94.4	110.0
ERR1713362	ARO:3000800	MexC	41	41	83.89756097560976	83.7	66.59512195121951	67.4	86.7
ERR1713362	ARO:3000801	MexD	203	203	85.35714285714286	84.1	78.84137931034482	80.5	95.1
ERR1713362	ARO:3000802	OprJ	19	19	83.13684210526316	82.0	74.47368421052632	75.5	89.7
ERR1713362	ARO:3000803	MexE	13	13	83.48461538461538	83.3	81.43076923076923	84.3	94.0
ERR1713362	ARO:3000804	MexF	144	144	87.05972222222222	85.7	80.50347222222223	82.4	102.0
ERR1713362	ARO:3000805	OprN	13	13	83.6923076923077	83.7	72.6923076923077	74.3	87.8
ERR1713362	ARO:3000808	MexI	56	56	83.45357142857142	81.6	70.02678571428571	75.5	91.7
ERR1713362	ARO:3000810	mtrC	4	4	82.825	83.65	78.3	82.65	85.5
ERR1713362	ARO:3000811	mtrD	246	246	84.09552845528455	83.7	74.19674796747968	76.6	93.6
ERR1713362	ARO:3000812	mtrE	13	13	82.17692307692307	82.1	62.38461538461539	64.3	79.7
ERR1713362	ARO:3000814	MexT	10	10	86.1	85.3	70.22	81.45	87.8
ERR1713362	ARO:3000817	mtrR	7	7	87.10000000000001	81.8	66.12857142857142	59.3	90.1
ERR1713362	ARO:3000819	nalD	8	8	83.0625	82.65	73.85	87.45	95.1
ERR1713362	ARO:3000823	ramA	112	112	92.25	92.05	85.13125000000001	93.2	107.0
ERR1713362	ARO:3000826	sdiA	96	96	90.09583333333335	90.0	80.53958333333334	87.2	97.4
ERR1713362	ARO:3000828	baeR	363	363	94.37300275482094	96.0	89.91763085399448	95.9	105.0
ERR1713362	ARO:3000829	baeS	547	547	90.97111517367459	91.8	88.84259597806216	90.9	115.0
ERR1713362	ARO:3000830	cpxA	878	878	96.19498861047836	98.0	93.01765375854214	95.9	111.0
ERR1713362	ARO:3000832	evgA	108	108	97.95462962962964	100.0	89.21111111111111	95.9	110.0
ERR1713362	ARO:3000833	evgS	649	649	98.28397534668721	100.0	99.0682588597843	100.0	114.0
ERR1713362	ARO:3000838	arlR	34	34	81.95	81.8	49.20294117647059	45.4	61.6
ERR1713362	ARO:3000853	AIM-1	7	7	95.08571428571429	98.0	86.02857142857144	91.3	109.0
ERR1713362	ARO:3000855	CAU-1	2	2	82.65	82.65	87.6	87.6	92.8
ERR1713362	ARO:3000928	TEM-59	2	2	100.0	100.0	86.05	86.05	102.0
ERR1713362	ARO:3000980	TEM-117	1	1	100.0	100.0	100.0	100.0	100.0
ERR1713362	ARO:3000988	TEM-126	1	1	100.0	100.0	85.5	85.5	85.5
ERR1713362	ARO:3001052	TEM-192	2	2	96.35	96.35	53.55	53.55	57.0
ERR1713362	ARO:3001058	TEM-199	4	4	100.0	100.0	56.125	49.5	76.6
ERR1713362	ARO:3001068	SHV-9	10	10	99.8	100.0	72.24	67.95	100.0
ERR1713362	ARO:3001079	SHV-21	10	10	100.0	100.0	97.89	98.4	101.0
ERR1713362	ARO:3001080	SHV-22	9	9	99.1	100.0	94.07777777777778	94.4	102.0
ERR1713362	ARO:3001094	SHV-36	1	1	100.0	100.0	74.7	74.7	74.7
ERR1713362	ARO:3001095	SHV-37	1	1	97.6	97.6	88.2	88.2	88.2
ERR1713362	ARO:3001110	SHV-53	29	29	98.7103448275862	100.0	96.89310344827587	100.0	104.0
ERR1713362	ARO:3001114	SHV-59	1	1	100.0	100.0	99.0	99.0	99.0
ERR1713362	ARO:3001127	SHV-73	1	1	100.0	100.0	100.0	100.0	100.0
ERR1713362	ARO:3001153	SHV-104	2	2	100.0	100.0	94.0	94.0	94.4
ERR1713362	ARO:3001154	SHV-105	2	2	100.0	100.0	99.4	99.4	99.4
ERR1713362	ARO:3001170	SHV-123	4	4	100.0	100.0	88.3	95.69999999999999	99.4
ERR1713362	ARO:3001171	SHV-124	3	3	100.0	100.0	60.06666666666666	47.4	92.8
ERR1713362	ARO:3001172	SHV-125	6	6	100.0	100.0	102.0	102.0	103.0
ERR1713362	ARO:3001173	SHV-126	2	2	100.0	100.0	95.55000000000001	95.55000000000001	96.7
ERR1713362	ARO:3001204	SHV-167	3	3	99.33333333333333	100.0	97.03333333333335	97.8	97.8
ERR1713362	ARO:3001214	mdtM	348	348	93.29511494252874	95.9	89.05747126436782	92.8	105.0
ERR1713362	ARO:3001216	mdtH	528	528	92.72897727272728	93.9	91.96950757575758	94.4	112.0
ERR1713362	ARO:3001327	MdtK	469	469	87.97590618336886	87.8	88.1185501066098	88.2	103.0
ERR1713362	ARO:3001328	Ecol_mdfA	519	519	91.71599229287091	92.0	88.34913294797687	90.1	103.0
ERR1713362	ARO:3001329	mdtG	481	481	93.47879417879419	93.9	88.11933471933472	90.1	111.0
ERR1713362	ARO:3001357	SHV-173	1	1	98.0	98.0	99.8	99.8	99.8
ERR1713362	ARO:3001397	OXA-2	9	9	99.77777777777777	100.0	103.88888888888889	104.0	107.0
ERR1713362	ARO:3001398	OXA-3	19	19	85.39999999999999	85.7	103.14736842105263	103.0	114.0
ERR1713362	ARO:3001400	OXA-5	10	10	93.94	93.9	93.8	92.2	100.0
ERR1713362	ARO:3001402	OXA-7	10	10	99.59	100.0	87.58	87.8	108.0
ERR1713362	ARO:3001404	OXA-9	7	7	92.18571428571428	91.8	92.89999999999999	101.0	106.0
ERR1713362	ARO:3001407	OXA-12	2	2	95.95	95.95	93.19999999999999	93.19999999999999	97.8
ERR1713362	ARO:3001411	OXA-16	427	427	99.29320843091334	100.0	96.56510538641687	100.0	111.0
ERR1713362	ARO:3001416	OXA-21	31	31	96.95806451612903	100.0	102.3967741935484	104.0	119.0
ERR1713362	ARO:3001425	OXA-31	32	32	98.4375	100.0	65.7	64.55	100.0
ERR1713362	ARO:3001427	OXA-33	17	17	99.37058823529412	100.0	99.96470588235294	101.0	105.0
ERR1713362	ARO:3001428	OXA-34	8	8	97.8875	98.95	78.3125	77.44999999999999	108.0
ERR1713362	ARO:3001429	OXA-35	12	12	98.5	100.0	97.78333333333335	97.8	102.0
ERR1713362	ARO:3001430	OXA-36	30	30	97.46333333333334	100.0	103.23333333333333	105.0	115.0
ERR1713362	ARO:3001431	OXA-37	8	8	83.65	83.9	86.95	94.75	103.0
ERR1713362	ARO:3001439	OXA-101	2	2	99.0	99.0	95.55000000000001	95.55000000000001	96.7
ERR1713362	ARO:3001441	OXA-116	2	2	100.0	100.0	110.0	110.0	111.0
ERR1713362	ARO:3001452	OXA-140	56	56	99.34464285714286	100.0	102.38214285714285	103.0	110.0
ERR1713362	ARO:3001458	OXA-153	2	2	93.95	93.95	98.75	98.75	102.0
ERR1713362	ARO:3001483	OXA-205	19	19	96.84210526315789	100.0	104.54736842105264	107.0	121.0
ERR1713362	ARO:3001487	OXA-210	1	1	81.0	81.0	73.2	73.2	73.2
ERR1713362	ARO:3001489	OXA-217	2	2	100.0	100.0	102.0	102.0	102.0
ERR1713362	ARO:3001495	OXA-233	3	3	99.03333333333335	100.0	90.7	100.0	102.0
ERR1713362	ARO:3001499	OXA-240	1	1	98.0	98.0	108.0	108.0	108.0
ERR1713362	ARO:3001502	OXA-256	3	3	97.96666666666665	100.0	101.93333333333334	106.0	107.0
ERR1713362	ARO:3001521	OXA-333	7	7	93.85714285714286	94.0	84.3	83.2	103.0
ERR1713362	ARO:3001522	OXA-334	1	1	95.7	95.7	44.3	44.3	44.3
ERR1713362	ARO:3001549	OXA-362	1	1	98.0	98.0	90.1	90.1	90.1
ERR1713362	ARO:3001558	OXA-372	1	1	100.0	100.0	101.0	101.0	101.0
ERR1713362	ARO:3001559	OXA-373	1	1	96.0	96.0	108.0	108.0	108.0
ERR1713362	ARO:3001562	OXA-376	1	1	100.0	100.0	105.0	105.0	105.0
ERR1713362	ARO:3001608	OXA-417	1	1	80.0	80.0	93.6	93.6	93.6
ERR1713362	ARO:3001662	OXA-164	4	4	98.85	99.0	96.9	101.5	103.0
ERR1713362	ARO:3001691	OXA-228	1	1	81.6	81.6	80.9	80.9	80.9
ERR1713362	ARO:3001692	OXA-229	2	2	99.0	99.0	104.5	104.5	106.0
ERR1713362	ARO:3001710	OXA-211	2	2	98.3	98.3	84.9	84.9	107.0
ERR1713362	ARO:3001711	OXA-212	1	1	95.2	95.2	39.7	39.7	39.7
ERR1713362	ARO:3001751	OXA-296	2	2	89.0	89.0	93.4	93.4	97.4
ERR1713362	ARO:3001775	OXA-119	18	18	96.07222222222222	98.0	93.07777777777778	102.5	116.0
ERR1713362	ARO:3001777	OXA-347	274	274	98.96642335766423	100.0	96.6978102189781	103.0	110.0
ERR1713362	ARO:3001780	OXA-85	2	2	100.0	100.0	97.45	97.45	98.2
ERR1713362	ARO:3001781	OXA-47	56	56	99.53392857142856	100.0	100.19107142857142	101.0	111.0
ERR1713362	ARO:3001793	OXA-320	2	2	100.0	100.0	92.0	92.0	92.0
ERR1713362	ARO:3001795	OXA-56	2	2	100.0	100.0	100.5	100.5	101.0
ERR1713362	ARO:3001797	OXA-46	17	17	98.68235294117646	100.0	97.10000000000001	100.0	113.0
ERR1713362	ARO:3001804	OXA-145	38	38	98.89473684210526	100.0	98.25526315789473	101.0	110.0
ERR1713362	ARO:3001805	OXA-198	8	8	85.7625	85.7	80.5375	91.3	96.7
ERR1713362	ARO:3001809	OXA-209	27	27	88.10370370370372	88.0	95.90370370370371	97.4	102.0
ERR1713362	ARO:3001810	OXA-53	4	4	84.65	83.30000000000001	94.675	95.35	98.6
ERR1713362	ARO:3001811	OXA-129	12	12	93.96666666666665	94.5	81.60000000000001	82.8	104.0
ERR1713362	ARO:3001822	ACT-2	3	3	100.0	100.0	90.39999999999999	105.0	108.0
ERR1713362	ARO:3001827	ACT-16	2	2	100.0	100.0	106.0	106.0	109.0
ERR1713362	ARO:3001829	ACT-4	7	7	100.0	100.0	98.89999999999999	102.0	104.0
ERR1713362	ARO:3001832	ACT-10	2	2	100.0	100.0	91.3	91.3	91.3
ERR1713362	ARO:3001848	ACT-28	3	3	100.0	100.0	101.0	100.0	103.0
ERR1713362	ARO:3001854	ACT-34	2	2	100.0	100.0	106.0	106.0	109.0
ERR1713362	ARO:3001874	CTX-M-11	18	18	99.73888888888888	100.0	97.11111111111111	99.0	103.0
ERR1713362	ARO:3001902	CTX-M-40	1	1	81.6	81.6	77.8	77.8	77.8
ERR1713362	ARO:3001904	CTX-M-42	6	6	100.0	100.0	71.55	71.4	95.1
ERR1713362	ARO:3001907	CTX-M-45	3	3	100.0	100.0	99.83333333333333	99.4	103.0
ERR1713362	ARO:3001925	CTX-M-64	2	2	81.1	81.1	83.2	83.2	86.7
ERR1713362	ARO:3001939	CTX-M-78	3	3	100.0	100.0	82.0	102.0	102.0
ERR1713362	ARO:3001960	CTX-M-101	1	1	100.0	100.0	105.0	105.0	105.0
ERR1713362	ARO:3001967	CTX-M-107	16	16	99.74375	100.0	96.77499999999999	97.65	99.8
ERR1713362	ARO:3001968	CTX-M-108	2	2	100.0	100.0	101.5	101.5	103.0
ERR1713362	ARO:3001977	CTX-M-117	1	1	81.5	81.5	49.3	49.3	49.3
ERR1713362	ARO:3002012	CMY-1	1	1	100.0	100.0	104.0	104.0	104.0
ERR1713362	ARO:3002015	CMY-4	6	6	98.0	100.0	97.83333333333333	102.5	106.0
ERR1713362	ARO:3002020	CMY-9	1	1	100.0	100.0	100.0	100.0	100.0
ERR1713362	ARO:3002053	CMY-42	3	3	99.33333333333333	100.0	107.33333333333333	107.0	109.0
ERR1713362	ARO:3002055	CMY-44	56	56	99.59642857142856	100.0	101.94464285714285	104.5	111.0
ERR1713362	ARO:3002057	CMY-46	1	1	90.0	90.0	88.6	88.6	88.6
ERR1713362	ARO:3002069	CMY-59	16	16	98.83125	100.0	77.34375	70.9	102.0
ERR1713362	ARO:3002111	CMY-98	1	1	100.0	100.0	101.0	101.0	101.0
ERR1713362	ARO:3002116	CMY-104	1	1	98.0	98.0	105.0	105.0	105.0
ERR1713362	ARO:3002133	DHA-2	2	2	100.0	100.0	103.5	103.5	105.0
ERR1713362	ARO:3002136	DHA-7	2	2	100.0	100.0	104.5	104.5	105.0
ERR1713362	ARO:3002146	DHA-15	24	24	98.9875	100.0	97.125	101.0	111.0
ERR1713362	ARO:3002150	DHA-19	1	1	100.0	100.0	101.0	101.0	101.0
ERR1713362	ARO:3002168	MIR-2	38	38	99.42631578947368	100.0	104.5657894736842	106.0	112.0
ERR1713362	ARO:3002169	MIR-3	3	3	100.0	100.0	89.33333333333333	108.0	108.0
ERR1713362	ARO:3002170	MIR-5	1	1	96.0	96.0	99.8	99.8	99.8
ERR1713362	ARO:3002174	MIR-9	3	3	99.33333333333333	100.0	107.0	107.0	108.0
ERR1713362	ARO:3002177	MIR-12	4	4	99.0	99.0	106.0	105.5	108.0
ERR1713362	ARO:3002180	MIR-15	1	1	100.0	100.0	102.0	102.0	102.0
ERR1713362	ARO:3002185	MOX-6	6	6	91.93333333333334	90.9	95.35000000000001	94.75	100.0
ERR1713362	ARO:3002188	MOX-5	1	1	100.0	100.0	101.0	101.0	101.0
ERR1713362	ARO:3002240	CARB-1	8	8	88.3125	86.69999999999999	91.6875	88.55	103.0
ERR1713362	ARO:3002241	CARB-2	1	1	100.0	100.0	98.6	98.6	98.6
ERR1713362	ARO:3002242	CARB-3	1	1	93.8	93.8	90.1	90.1	90.1
ERR1713362	ARO:3002243	CARB-4	10	10	99.4	100.0	94.66	100.7	107.0
ERR1713362	ARO:3002244	CARB-5	2	2	96.0	96.0	97.05	97.05	99.0
ERR1713362	ARO:3002245	CARB-6	3	3	92.56666666666666	92.0	93.46666666666665	93.2	95.5
ERR1713362	ARO:3002247	CARB-8	1	1	100.0	100.0	95.5	95.5	95.5
ERR1713362	ARO:3002332	GES-3	8	8	98.9875	100.0	100.925	100.0	106.0
ERR1713362	ARO:3002339	GES-10	1	1	95.7	95.7	86.7	86.7	86.7
ERR1713362	ARO:3002341	GES-12	25	25	99.18799999999999	100.0	102.0	103.0	105.0
ERR1713362	ARO:3002342	GES-13	27	27	97.95185185185184	100.0	99.51851851851852	102.0	105.0
ERR1713362	ARO:3002343	GES-14	54	54	99.48148148148148	100.0	103.17592592592592	103.0	108.0
ERR1713362	ARO:3002346	GES-17	1	1	100.0	100.0	107.0	107.0	107.0
ERR1713362	ARO:3002350	GES-21	282	282	99.24893617021277	100.0	91.12198581560284	98.2	113.0
ERR1713362	ARO:3002370	VEB-1	82	82	99.3890243902439	100.0	75.44268292682926	76.25	100.0
ERR1713362	ARO:3002372	VEB-3	241	241	96.56141078838174	100.0	99.69170124481329	100.0	113.0
ERR1713362	ARO:3002373	VEB-4	8	8	100.0	100.0	43.225	42.95	46.2
ERR1713362	ARO:3002375	VEB-5	2	2	99.0	99.0	101.0	101.0	102.0
ERR1713362	ARO:3002390	OXY-1-2	1	1	100.0	100.0	84.0	84.0	84.0
ERR1713362	ARO:3002424	OKP-A-7	2	2	93.9	93.9	58.5	58.5	58.5
ERR1713362	ARO:3002435	OKP-B-2	4	4	100.0	100.0	85.875	88.80000000000001	100.0
ERR1713362	ARO:3002436	OKP-B-3	7	7	99.41428571428571	100.0	86.14285714285714	98.2	103.0
ERR1713362	ARO:3002442	OKP-B-9	1	1	100.0	100.0	99.0	99.0	99.0
ERR1713362	ARO:3002445	OKP-B-12	6	6	100.0	100.0	100.06666666666666	99.8	103.0
ERR1713362	ARO:3002447	OKP-B-14	3	3	100.0	100.0	100.0	99.4	102.0
ERR1713362	ARO:3002452	OKP-B-19	4	4	100.0	100.0	86.75	95.7	99.4
ERR1713362	ARO:3002468	LEN-21	1	1	100.0	100.0	86.7	86.7	86.7
ERR1713362	ARO:3002476	LEN-6	3	3	99.33333333333333	100.0	99.93333333333334	100.0	100.0
ERR1713362	ARO:3002477	LEN-14	2	2	95.0	95.0	95.69999999999999	95.69999999999999	97.8
ERR1713362	ARO:3002481	AER-1	81	81	92.2679012345679	92.0	89.74814814814815	90.9	106.0
ERR1713362	ARO:3002482	LRA-1	1	1	80.9	80.9	83.2	83.2	83.2
ERR1713362	ARO:3002522	novA	4	4	83.675	83.5	81.85	82.4	86.7
ERR1713362	ARO:3002524	AAC(2')-Ib	1	1	80.9	80.9	87.4	87.4	87.4
ERR1713362	ARO:3002525	AAC(2')-Ic	1	1	88.9	88.9	38.5	38.5	38.5
ERR1713362	ARO:3002528	AAC(3)-Ia	1	1	100.0	100.0	102.0	102.0	102.0
ERR1713362	ARO:3002530	AAC(3)-Ib	29	29	86.98620689655172	83.3	49.665517241379305	48.9	96.7
ERR1713362	ARO:3002533	AAC(3)-IIa	7	7	92.07142857142857	91.4	83.25714285714285	94.4	107.0
ERR1713362	ARO:3002534	AAC(3)-IIb	2	2	82.45	82.45	84.15	84.15	85.5
ERR1713362	ARO:3002535	AAC(3)-IIc	5	5	96.14	100.0	75.26	76.3	106.0
ERR1713362	ARO:3002540	AAC(3)-VIa	2	2	98.8	98.8	95.5	95.5	107.0
ERR1713362	ARO:3002545	AAC(6')-Ia	1	1	83.3	83.3	53.5	53.5	53.5
ERR1713362	ARO:3002546	AAC(6')-Ib	29	29	99.49310344827587	100.0	94.9793103448276	105.0	109.0
ERR1713362	ARO:3002547	AAC(6')-Ib-cr1	7	7	97.77142857142857	100.0	95.48571428571428	103.0	106.0
ERR1713362	ARO:3002559	AAC(6')-Ip	1	1	89.8	89.8	97.1	97.1	97.1
ERR1713362	ARO:3002570	AAC(6')-Iz	1	1	100.0	100.0	99.8	99.8	99.8
ERR1713362	ARO:3002572	AAC(6')-Iad	3	3	81.66666666666667	80.0	50.03333333333333	43.9	66.2
ERR1713362	ARO:3002574	AAC(6')-Iaf	1	1	87.8	87.8	99.4	99.4	99.4
ERR1713362	ARO:3002578	AAC(6')-Ib7	558	558	98.15770609318996	100.0	81.52939068100359	83.0	110.0
ERR1713362	ARO:3002579	AAC(6')-Ib8	21	21	92.7	96.2	60.55714285714286	63.9	87.8
ERR1713362	ARO:3002580	AAC(6')-Ib9	42	42	97.71666666666667	100.0	81.11666666666667	81.25	108.0
ERR1713362	ARO:3002585	AAC(6')-31	1	1	85.0	85.0	41.6	41.6	41.6
ERR1713362	ARO:3002588	AAC(6')-I30	2	2	97.95	97.95	107.5	107.5	108.0
ERR1713362	ARO:3002591	AAC_6_IB_Su	86	86	99.53953488372093	100.0	102.37906976744186	105.0	110.0
ERR1713362	ARO:3002592	AAC6_IB_HZ	68	68	99.53823529411765	100.0	89.05	100.0	108.0
ERR1713362	ARO:3002594	AAC(6')-IIa	38	38	96.87105263157895	100.0	90.46578947368421	99.6	117.0
ERR1713362	ARO:3002596	AAC(6')-IIc	20	20	91.225	90.0	93.765	99.4	104.0
ERR1713362	ARO:3002597	AAC6_Ie_APH2_Ia	40	40	98.725	100.0	98.6575	102.5	114.0
ERR1713362	ARO:3002599	AAC6_30_AAC6_Ib	7	7	89.85714285714286	89.5	65.28571428571429	71.2	95.1
ERR1713362	ARO:3002601	aadA	80	80	97.6125	97.7	73.63250000000001	73.6	101.0
ERR1713362	ARO:3002602	aadA2	157	157	99.34203821656051	100.0	93.15732484076433	98.6	110.0
ERR1713362	ARO:3002604	aadA4	19	19	99.50526315789473	100.0	61.526315789473685	63.2	77.4
ERR1713362	ARO:3002605	aadA5	191	191	99.49947643979058	100.0	97.56806282722513	102.0	114.0
ERR1713362	ARO:3002606	aadA6	7	7	92.45714285714287	90.9	65.61428571428571	58.9	100.0
ERR1713362	ARO:3002607	aadA7	7	7	90.65714285714286	86.0	90.85714285714286	92.0	107.0
ERR1713362	ARO:3002609	aadA9	36	36	97.87222222222222	100.0	44.7	43.5	89.0
ERR1713362	ARO:3002611	aadA11	8	8	95.95	100.0	97.8125	99.2	106.0
ERR1713362	ARO:3002612	aadA12	29	29	99.89999999999999	100.0	64.52413793103449	62.4	95.5
ERR1713362	ARO:3002613	aadA13	32	32	98.378125	100.0	93.43125	97.4	109.0
ERR1713362	ARO:3002616	aadA16	19	19	93.34736842105262	97.8	80.9578947368421	95.1	106.0
ERR1713362	ARO:3002617	aadA17	2	2	81.6	81.6	86.7	86.7	86.7
ERR1713362	ARO:3002620	aadA23	135	135	97.99259259259259	100.0	84.02148148148147	90.1	112.0
ERR1713362	ARO:3002621	aadA24	19	19	98.61578947368422	100.0	96.85263157894737	97.8	100.0
ERR1713362	ARO:3002622	aadA6/aadA10	41	41	98.73170731707317	100.0	92.3609756097561	98.6	111.0
ERR1713362	ARO:3002625	ANT(4')-IIb	5	5	87.28	86.0	86.67999999999999	87.4	89.0
ERR1713362	ARO:3002626	ANT(6)-Ia	79	79	99.3379746835443	100.0	97.44050632911393	104.0	116.0
ERR1713362	ARO:3002627	aadK	1	1	85.7	85.7	92.8	92.8	92.8
ERR1713362	ARO:3002628	aad(6)	45	45	98.55555555555556	100.0	104.04	106.0	115.0
ERR1713362	ARO:3002629	ANT(6)-Ib	47	47	95.61276595744681	100.0	96.68936170212766	104.0	116.0
ERR1713362	ARO:3002630	ANT(9)-Ia	1	1	80.0	80.0	81.6	81.6	81.6
ERR1713362	ARO:3002635	APH(2'')-IIa	8	8	99.125	100.0	90.675	100.0	104.0
ERR1713362	ARO:3002639	APH(3'')-Ib	95	95	96.63894736842106	97.0	81.02526315789473	95.1	110.0
ERR1713362	ARO:3002641	APH(3')-Ia	2	2	97.0	97.0	108.0	108.0	109.0
ERR1713362	ARO:3002642	APH(3')-Ib	7	7	97.24285714285715	100.0	100.17142857142858	105.0	108.0
ERR1713362	ARO:3002646	APH(3')-IIc	5	5	88.8	90.0	80.42	91.7	92.0
ERR1713362	ARO:3002647	APH(3')-IIIa	9	9	91.06666666666666	87.8	85.76666666666667	87.8	110.0
ERR1713362	ARO:3002652	APH(3')-VIa	3	3	100.0	100.0	84.03333333333333	79.0	103.0
ERR1713362	ARO:3002659	APH(6)-Ic	2	2	92.0	92.0	93.80000000000001	93.80000000000001	96.7
ERR1713362	ARO:3002660	APH(6)-Id	55	55	97.21636363636362	97.7	81.50909090909092	90.1	111.0
ERR1713362	ARO:3002671	Lreu_cat-TC	1	1	94.1	94.1	38.1	38.1	38.1
ERR1713362	ARO:3002675	catB2	2	2	97.0	97.0	82.55	82.55	105.0
ERR1713362	ARO:3002676	catB3	157	157	98.44331210191083	100.0	94.54076433121018	103.0	113.0
ERR1713362	ARO:3002680	catB8	84	84	97.21309523809524	98.0	93.50119047619049	102.0	113.0
ERR1713362	ARO:3002681	catB9	2	2	81.85	81.85	62.55	62.55	64.3
ERR1713362	ARO:3002685	catIII	1	1	80.0	80.0	42.0	42.0	42.0
ERR1713362	ARO:3002686	catP	1	1	85.0	85.0	81.3	81.3	81.3
ERR1713362	ARO:3002687	catQ	400	400	98.34100000000001	100.0	98.29424999999999	105.0	118.0
ERR1713362	ARO:3002688	catS	2	2	87.9	87.9	100.2	100.2	101.0
ERR1713362	ARO:3002689	pp_cat	3	3	100.0	100.0	63.9	63.9	63.9
ERR1713362	ARO:3002690	Sliv_cmlR	1	1	84.0	84.0	73.2	73.2	73.2
ERR1713362	ARO:3002691	Sent_cmlA	338	338	99.53609467455621	100.0	100.15562130177514	99.8	110.0
ERR1713362	ARO:3002694	cmlA4	14	14	98.97142857142856	99.0	93.0	96.1	108.0
ERR1713362	ARO:3002695	cmlA5	310	310	99.1183870967742	100.0	87.4883870967742	94.4	105.0
ERR1713362	ARO:3002698	cmlB	1	1	84.6	84.6	45.4	45.4	45.4
ERR1713362	ARO:3002699	cmlB1	2	2	93.0	93.0	96.3	96.3	98.6
ERR1713362	ARO:3002703	cmx	8	8	99.75	100.0	85.35	87.0	98.2
ERR1713362	ARO:3002705	floR	14	14	96.97142857142856	100.0	78.85000000000001	86.85	93.2
ERR1713362	ARO:3002718	QnrB4	3	3	100.0	100.0	106.33333333333333	107.0	108.0
ERR1713362	ARO:3002724	QnrB10	3	3	91.06666666666666	89.7	60.96666666666666	60.8	70.5
ERR1713362	ARO:3002730	QnrB15	6	6	93.68333333333334	96.0	96.39999999999999	100.5	107.0
ERR1713362	ARO:3002734	QnrB19	1	1	100.0	100.0	107.0	107.0	107.0
ERR1713362	ARO:3002737	QnrB22	21	21	94.91428571428571	98.0	72.04285714285714	73.6	107.0
ERR1713362	ARO:3002738	QnrB23	2	2	95.95	95.95	101.5	101.5	102.0
ERR1713362	ARO:3002743	QnrB28	1	1	100.0	100.0	108.0	108.0	108.0
ERR1713362	ARO:3002748	QnrB33	2	2	91.9	91.9	97.8	97.8	102.0
ERR1713362	ARO:3002753	QnrB38	8	8	99.75	100.0	104.75	105.0	109.0
ERR1713362	ARO:3002762	QnrB47	4	4	99.5	100.0	75.45	74.7	110.0
ERR1713362	ARO:3002767	QnrB54	1	1	100.0	100.0	103.0	103.0	103.0
ERR1713362	ARO:3002768	QnrB55	2	2	98.0	98.0	104.5	104.5	108.0
ERR1713362	ARO:3002771	QnrB58	1	1	100.0	100.0	38.5	38.5	38.5
ERR1713362	ARO:3002774	QnrB61	1	1	100.0	100.0	105.0	105.0	105.0
ERR1713362	ARO:3002788	QnrD1	1	1	100.0	100.0	51.6	51.6	51.6
ERR1713362	ARO:3002789	QnrD2	10	10	97.63	98.0	83.41	88.19999999999999	112.0
ERR1713362	ARO:3002791	QnrS2	6	6	98.0	100.0	105.66666666666667	108.0	109.0
ERR1713362	ARO:3002792	QnrS3	12	12	87.73333333333333	82.4	49.25833333333333	46.599999999999994	75.1
ERR1713362	ARO:3002794	QnrS5	6	6	95.21666666666665	95.85	93.46666666666665	101.5	107.0
ERR1713362	ARO:3002795	QnrS6	16	16	99.21875	100.0	85.41875	97.0	109.0
ERR1713362	ARO:3002796	QnrS7	1	1	80.0	80.0	68.2	68.2	68.2
ERR1713362	ARO:3002797	QnrS8	14	14	93.06428571428572	93.95	74.92857142857143	72.05000000000001	104.0
ERR1713362	ARO:3002798	QnrS9	23	23	92.88695652173914	91.7	97.65217391304348	95.5	107.0
ERR1713362	ARO:3002799	QnrVC1	29	29	94.86206896551724	100.0	68.65862068965517	69.3	87.8
ERR1713362	ARO:3002800	QnrVC3	75	75	95.01733333333334	94.7	71.52266666666667	74.7	99.4
ERR1713362	ARO:3002801	QnrVC4	201	201	99.55472636815921	100.0	78.8955223880597	79.7	112.0
ERR1713362	ARO:3002803	QnrVC6	21	21	86.37619047619049	83.7	90.1952380952381	90.1	105.0
ERR1713362	ARO:3002804	FosA2	46	46	94.82608695652173	94.35	94.8608695652174	100.0	112.0
ERR1713362	ARO:3002812	pp-flo	20	20	93.075	93.95	91.685	91.65	105.0
ERR1713362	ARO:3002814	clbA	1	1	83.3	83.3	39.7	39.7	39.7
ERR1713362	ARO:3002817	carA	1	1	84.4	84.4	52.8	52.8	52.8
ERR1713362	ARO:3002819	msrC	10	10	91.83	92.95	75.27000000000001	95.30000000000001	100.0
ERR1713362	ARO:3002826	EreA2	98	98	98.62653061224489	100.0	94.57959183673469	100.0	106.0
ERR1713362	ARO:3002830	vgaALC	2	2	95.0	95.0	104.5	104.5	109.0
ERR1713362	ARO:3002836	lnuB	108	108	97.64074074074075	100.0	90.90833333333333	96.3	108.0
ERR1713362	ARO:3002837	lnuC	55	55	97.64727272727274	98.0	95.25454545454545	106.0	114.0
ERR1713362	ARO:3002838	lnuD	71	71	84.64788732394366	84.2	82.55915492957746	87.0	101.0
ERR1713362	ARO:3002839	lnuF	4	4	90.35	90.0	93.9	92.85	104.0
ERR1713362	ARO:3002840	vatA	11	11	81.41818181818181	82.6	40.981818181818184	40.0	42.4
ERR1713362	ARO:3002841	vatB	48	48	83.09166666666667	82.0	90.83749999999999	94.4	104.0
ERR1713362	ARO:3002842	vatC	3	3	82.39999999999999	81.5	44.13333333333333	43.5	46.2
ERR1713362	ARO:3002844	vatE	2	2	80.45	80.45	62.4	62.4	82.8
ERR1713362	ARO:3002846	arr-1	2	2	87.5	87.5	69.5	69.5	90.5
ERR1713362	ARO:3002847	arr-2	37	37	100.0	100.0	110.32432432432432	110.0	115.0
ERR1713362	ARO:3002848	arr-3	127	127	99.60551181102362	100.0	92.91417322834646	103.0	115.0
ERR1713362	ARO:3002854	dfrA1	48	48	97.94375000000001	100.0	80.80416666666666	90.9	108.0
ERR1713362	ARO:3002858	dfrA12	8	8	98.8875	100.0	96.85	100.5	106.0
ERR1713362	ARO:3002859	dfrA14	219	219	99.19086757990867	100.0	92.3716894977169	102.0	110.0
ERR1713362	ARO:3002860	dfrA17	24	24	99.56666666666666	100.0	92.04583333333333	99.4	108.0
ERR1713362	ARO:3002861	dfrA5	24	24	96.94583333333333	97.4	78.52916666666667	84.69999999999999	110.0
ERR1713362	ARO:3002862	dfrA7	4	4	96.15	95.65	69.325	66.25	99.0
ERR1713362	ARO:3002864	dfrB1	3	3	100.0	100.0	49.166666666666664	46.6	54.3
ERR1713362	ARO:3002867	dfrF	24	24	97.13333333333333	100.0	89.90833333333335	97.25	107.0
ERR1713362	ARO:3002868	dfrG	1	1	100.0	100.0	81.3	81.3	81.3
ERR1713362	ARO:3002871	tet(37)	244	244	86.69467213114754	85.05	65.19549180327868	59.5	101.0
ERR1713362	ARO:3002874	FosC2	1	1	81.8	81.8	42.0	42.0	42.0
ERR1713362	ARO:3002875	dfrE	1	1	80.0	80.0	40.4	40.4	40.4
ERR1713362	ARO:3002879	linG	13	13	88.62307692307692	88.0	89.67692307692307	91.3	105.0
ERR1713362	ARO:3002882	lmrD	343	343	98.067055393586	100.0	93.18163265306123	96.7	106.0
ERR1713362	ARO:3002884	iri	1	1	90.0	90.0	101.0	101.0	101.0
ERR1713362	ARO:3002891	otr(A)S.rim	4	4	83.35	81.69999999999999	60.650000000000006	62.95	75.9
ERR1713362	ARO:3002895	SAT-2	3	3	100.0	100.0	92.76666666666667	99.0	103.0
ERR1713362	ARO:3002897	SAT-4	7	7	91.92857142857143	92.0	81.67142857142858	90.5	103.0
ERR1713362	ARO:3002909	vanG	3	3	84.93333333333334	85.0	74.83333333333333	90.9	92.4
ERR1713362	ARO:3002919	vanR_in_vanA_cl	23	23	83.05217391304348	82.0	62.26086956521739	63.9	95.1
ERR1713362	ARO:3002922	vanR_in_vanC_cl	35	35	82.04857142857142	81.1	62.55714285714286	64.7	91.7
ERR1713362	ARO:3002923	vanR_in_vanD_cl	27	27	83.92592592592592	83.3	59.56666666666666	51.6	91.3
ERR1713362	ARO:3002924	vanR_in_vanE_cl	2	2	82.85	82.85	42.7	42.7	45.4
ERR1713362	ARO:3002925	vanR_in_vanF_cl	3	3	80.86666666666666	80.0	43.53333333333333	45.1	45.1
ERR1713362	ARO:3002926	vanR_in_vanG_cl	48	48	83.69166666666666	82.0	78.74166666666666	81.05	106.0
ERR1713362	ARO:3002927	vanR_in_vanL_cl	6	6	80.75	80.8	46.083333333333336	47.55	52.8
ERR1713362	ARO:3002928	vanR_in_vanM_cl	1	1	80.8	80.8	48.5	48.5	48.5
ERR1713362	ARO:3002929	vanR_in_vanN_cl	36	36	83.0	82.8	52.12222222222223	51.2	88.2
ERR1713362	ARO:3002930	vanR_in_vanO_cl	4	4	85.5	86.0	76.95	88.4	91.3
ERR1713362	ARO:3002931	vanS_in_vanA_cl	3	3	85.73333333333333	85.4	89.23333333333333	88.2	94.0
ERR1713362	ARO:3002933	vanS_in_vanC_cl	4	4	91.15	91.5	89.15	89.35	95.5
ERR1713362	ARO:3002934	vanS_in_vanD_cl	22	22	87.55909090909091	87.8	75.07272727272726	78.2	88.2
ERR1713362	ARO:3002937	vanS_in_vanG_cl	19	19	83.22631578947369	82.2	77.44736842105263	81.3	83.2
ERR1713362	ARO:3002938	vanS_in_vanL_cl	4	4	81.05	80.0	76.15	77.4	85.1
ERR1713362	ARO:3002940	vanS_in_vanN_cl	3	3	80.66666666666667	80.0	60.56666666666666	50.8	85.5
ERR1713362	ARO:3002941	vanS_in_vanO_cl	3	3	82.66666666666667	82.0	77.66666666666667	77.4	78.6
ERR1713362	ARO:3002944	vanH_in_vanD_cl	1	1	80.0	80.0	48.1	48.1	48.1
ERR1713362	ARO:3002956	vanY_in_vanB_cl	1	1	80.6	80.6	72.4	72.4	72.4
ERR1713362	ARO:3002959	vanY_in_vanG_cl	2	2	86.65	86.65	82.4	82.4	102.0
ERR1713362	ARO:3002965	vanW_in_vanG_cl	2	2	90.0	90.0	79.05	79.05	110.0
ERR1713362	ARO:3002966	vanXY_in_vanC	4	4	81.625	81.44999999999999	56.25	54.9	62.4
ERR1713362	ARO:3002967	vanXY_in_vanE	2	2	82.1	82.1	57.2	57.2	57.8
ERR1713362	ARO:3002969	vanXY_in_vanN	3	3	82.1	82.1	57.9	57.8	58.5
ERR1713362	ARO:3002972	vanT_in_vanG_cl	2	2	99.0	99.0	99.6	99.6	101.0
ERR1713362	ARO:3002983	amrB	54	54	83.36666666666667	83.7	68.11296296296297	72.8	83.2
ERR1713362	ARO:3002985	arnA	523	523	85.582982791587	85.1	89.7697896749522	92.4	108.0
ERR1713362	ARO:3002986	bacA	550	550	93.93072727272728	96.3	84.92036363636363	93.2	111.0
ERR1713362	ARO:3002987	bcrA	18	18	82.31666666666666	81.44999999999999	70.41666666666667	76.44999999999999	82.8
ERR1713362	ARO:3002993	AQU-1	8	8	86.2375	85.45	51.625	45.2	100.0
ERR1713362	ARO:3002997	LCR-1	17	17	95.78823529411765	100.0	86.61764705882354	100.0	111.0
ERR1713362	ARO:3002999	CblA-1	34	34	98.65882352941176	100.0	96.0	100.5	107.0
ERR1713362	ARO:3003002	CfxA2	475	475	98.5943157894737	100.0	94.05199999999999	99.4	108.0
ERR1713362	ARO:3003003	CfxA3	16	16	96.475	100.0	100.3375	102.5	105.0
ERR1713362	ARO:3003005	CfxA4	5	5	94.76	92.0	98.82000000000001	99.0	106.0
ERR1713362	ARO:3003009	ceoA	2	2	92.6	92.6	44.3	44.3	44.3
ERR1713362	ARO:3003010	ceoB	82	82	84.15121951219511	82.5	76.99268292682926	80.9	108.0
ERR1713362	ARO:3003011	dfrA10	4	4	99.0	100.0	83.175	78.2	100.0
ERR1713362	ARO:3003012	dfrA13	2	2	100.0	100.0	64.30000000000001	64.30000000000001	77.4
ERR1713362	ARO:3003013	dfrA15	35	35	98.89142857142856	100.0	87.98857142857143	98.6	105.0
ERR1713362	ARO:3003014	dfrA16	1	1	97.1	97.1	72.0	72.0	72.0
ERR1713362	ARO:3003017	dfrA21	3	3	100.0	100.0	101.03333333333335	102.0	104.0
ERR1713362	ARO:3003018	dfrA22	3	3	100.0	100.0	99.96666666666665	99.4	105.0
ERR1713362	ARO:3003021	dfrB2	2	2	93.80000000000001	93.80000000000001	64.5	64.5	74.7
ERR1713362	ARO:3003022	dfrB3	4	4	100.0	100.0	73.1	71.35	107.0
ERR1713362	ARO:3003023	dfrB6	3	3	83.66666666666667	84.4	58.666666666666664	57.8	63.9
ERR1713362	ARO:3003031	MexW	72	72	84.57777777777778	83.1	75.38749999999999	76.8	91.7
ERR1713362	ARO:3003033	mexY	93	93	83.03978494623655	83.0	74.66666666666667	77.8	88.2
ERR1713362	ARO:3003037	opcM	3	3	82.66666666666667	84.0	46.73333333333333	38.5	63.2
ERR1713362	ARO:3003039	OprA	35	35	84.18857142857142	84.0	52.53142857142857	52.4	68.9
ERR1713362	ARO:3003041	Spne_PBP1a_AMX	14	14	83.99285714285715	84.0	86.47857142857143	87.80000000000001	94.0
ERR1713362	ARO:3003042	Spne_PBP2b_AMX	5	5	80.62	80.9	82.88	81.3	87.0
ERR1713362	ARO:3003043	Spne_PBP2x_AMX	2	2	80.65	80.65	82.6	82.6	84.7
ERR1713362	ARO:3003048	rosA	376	376	86.6718085106383	86.0	80.3311170212766	84.7	102.0
ERR1713362	ARO:3003049	rosB	692	692	85.71719653179191	84.0	80.39580924855491	81.3	99.0
ERR1713362	ARO:3003051	smeA	2	2	81.0	81.0	75.1	75.1	85.5
ERR1713362	ARO:3003052	smeB	150	150	87.506	87.8	79.764	80.3	102.0
ERR1713362	ARO:3003053	smeC	7	7	85.82857142857142	82.0	78.01428571428572	79.3	94.0
ERR1713362	ARO:3003055	smeD	16	16	84.09375	83.3	68.3375	76.05000000000001	80.9
ERR1713362	ARO:3003056	smeE	459	459	86.74248366013073	87.0	73.37712418300653	78.2	100.0
ERR1713362	ARO:3003057	smeF	21	21	83.1	82.6	68.20952380952382	72.0	81.6
ERR1713362	ARO:3003066	smeR	94	94	82.21702127659574	81.5	51.82659574468085	47.75	90.1
ERR1713362	ARO:3003067	smeS	2	2	93.95	93.95	96.45	96.45	97.4
ERR1713362	ARO:3003069	vanXY_in_vanG	1	1	87.8	87.8	89.7	89.7	89.7
ERR1713362	ARO:3003070	vanX_in_vanD_cl	2	2	88.25	88.25	98.3	98.3	103.0
ERR1713362	ARO:3003074	Saur_cls_DAP	2	2	84.05000000000001	84.05000000000001	90.5	90.5	93.6
ERR1713362	ARO:3003078	Efac_liaR_DAP	13	13	83.0	83.0	69.37692307692308	68.6	90.9
ERR1713362	ARO:3003079	Efac_liaS_DAP	2	2	95.65	95.65	87.05	87.05	92.8
ERR1713362	ARO:3003092	Efac_cls_DAP	28	28	85.41785714285713	83.75	41.4	41.2	48.9
ERR1713362	ARO:3003096	CfxA5	2	2	100.0	100.0	104.0	104.0	107.0
ERR1713362	ARO:3003097	CfxA6	686	686	97.8731778425656	100.0	91.55	97.8	107.0
ERR1713362	ARO:3003100	cphA4	1	1	95.9	95.9	103.0	103.0	103.0
ERR1713362	ARO:3003101	cphA5	1	1	81.8	81.8	42.7	42.7	42.7
ERR1713362	ARO:3003103	cphA7	2	2	98.1	98.1	65.65	65.65	72.0
ERR1713362	ARO:3003105	dfrA3	82	82	83.90731707317073	83.0	86.26463414634146	89.2	104.0
ERR1713362	ARO:3003107	mef(B)	307	307	95.08892508143322	96.0	91.85309446254072	95.1	111.0
ERR1713362	ARO:3003109	msrE	2385	2385	97.88176100628931	100.0	93.43073375262054	97.1	110.0
ERR1713362	ARO:3003110	catB10	4	4	81.35	81.0	43.4	43.9	48.1
ERR1713362	ARO:3003111	lsaB	13	13	82.76153846153846	82.2	86.06153846153846	87.4	93.6
ERR1713362	ARO:3003112	lsaC	2	2	82.6	82.6	42.4	42.4	42.4
ERR1713362	ARO:3003146	VEB-10	65	65	96.55230769230769	97.2	73.59846153846154	70.5	98.6
ERR1713362	ARO:3003149	OXA-426	3	3	98.56666666666666	100.0	87.8	87.8	87.8
ERR1713362	ARO:3003163	CTX-M-155	3	3	100.0	100.0	77.43333333333334	78.2	78.2
ERR1713362	ARO:3003193	QnrVC7	4	4	100.0	100.0	39.525	40.0	40.0
ERR1713362	ARO:3003197	aadA25	2	2	100.0	100.0	74.55000000000001	74.55000000000001	85.9
ERR1713362	ARO:3003199	AAC(6')-Iak	1	1	96.0	96.0	104.0	104.0	104.0
ERR1713362	ARO:3003202	TLA-1	19	19	97.38421052631578	100.0	95.72105263157896	101.0	108.0
ERR1713362	ARO:3003203	TLA-2	8	8	90.3875	88.8	93.025	88.4	106.0
ERR1713362	ARO:3003204	TLA-3	24	24	97.10416666666667	100.0	91.02083333333333	96.7	107.0
ERR1713362	ARO:3003206	lsaE	288	288	97.6888888888889	100.0	96.27673611111112	100.0	115.0
ERR1713362	ARO:3003209	fosA5	65	65	96.72307692307692	98.0	87.67384615384616	98.6	112.0
ERR1713362	ARO:3003283	Mtub_rpoB_RIF	203	203	84.07241379310345	83.0	73.50591133004926	75.9	106.0
ERR1713362	ARO:3003284	Mlep_rpoB_RIF	583	583	86.19245283018867	85.7	88.8343053173242	89.4	109.0
ERR1713362	ARO:3003285	Saur_rpoB_RIF	1009	1009	84.19851337958374	83.7	86.23756194251735	89.4	105.0
ERR1713362	ARO:3003288	Ecol_rpoB_RIF	6536	6536	91.8343635250918	93.85	93.17659118727049	95.9	113.0
ERR1713362	ARO:3003291	Saur_rpoC_DAP	5056	5056	85.48708465189874	84.6	86.07962816455695	89.0	111.0
ERR1713362	ARO:3003294	Ecol_gyrA_FLO	805	805	94.88149068322983	98.0	86.74360248447206	94.4	109.0
ERR1713362	ARO:3003295	Mtub_gyrA_FLO	80	80	84.87	82.95	82.83875	89.15	102.0
ERR1713362	ARO:3003296	Saur_gyrA_FLO	505	505	83.92970297029703	83.7	86.21405940594059	90.1	101.0
ERR1713362	ARO:3003297	Bbac_gyrA_FLO	284	284	82.62605633802816	82.0	82.75633802816901	84.9	101.0
ERR1713362	ARO:3003298	Mlep_gyrA_FLO	121	121	84.00826446280992	82.9	66.15371900826446	63.2	108.0
ERR1713362	ARO:3003301	Saur_gyrB_AMU	1650	1650	83.81866666666666	83.3	77.18109090909091	81.6	99.0
ERR1713362	ARO:3003302	Bbac_gyrA_AMU	676	676	84.1121301775148	83.3	77.35547337278106	82.4	104.0
ERR1713362	ARO:3003303	Ecol_gyrB_AMU	2835	2835	92.38218694885362	93.9	90.92038800705467	94.7	116.0
ERR1713362	ARO:3003304	Mlep_gyrB_FLO	103	103	83.31747572815534	81.6	69.66893203883495	68.6	102.0
ERR1713362	ARO:3003305	Uure_gyrB_FLO	532	532	85.0234962406015	83.3	59.79755639097744	55.8	94.0
ERR1713362	ARO:3003306	Mmor_gyrB_FLO	864	864	87.71342592592592	86.0	79.3894675925926	85.5	105.0
ERR1713362	ARO:3003307	Sser_gyrB_FLO	634	634	88.56908517350158	87.8	85.98012618296531	89.4	107.0
ERR1713362	ARO:3003308	Ecol_parC_FLO	1039	1039	96.08537054860443	100.0	94.03301251203081	97.8	115.0
ERR1713362	ARO:3003309	Uure_parC_FLO	9	9	80.44444444444444	80.0	89.41111111111111	89.4	93.2
ERR1713362	ARO:3003310	Mhom_23S_FLO	3	3	81.26666666666667	80.0	60.6	57.8	67.8
ERR1713362	ARO:3003311	Spne_parC_FLO	345	345	87.08579710144927	85.7	88.8	90.9	110.0
ERR1713362	ARO:3003312	Saur_parC_FLO	42	42	82.86190476190475	82.0	82.66904761904762	86.1	93.2
ERR1713362	ARO:3003314	Saur_parE_AMU	464	464	83.80991379310345	83.0	74.04331896551724	82.0	100.0
ERR1713362	ARO:3003315	Saur_parE_FLO	18	18	85.01111111111112	84.9	74.91111111111111	72.0	94.0
ERR1713362	ARO:3003316	Ecol_parE_FLO	1464	1464	93.30628415300546	94.55000000000001	94.87916666666668	97.8	115.0
ERR1713362	ARO:3003317	Sser_parE_FLO	430	430	89.7206976744186	89.8	92.59790697674418	94.0	112.0
ERR1713362	ARO:3003326	Mtub_embB_EMB	27	27	86.28148148148148	84.4	90.47407407407408	93.6	103.0
ERR1713362	ARO:3003327	Mtub_embC_EMB	30	30	86.78666666666666	85.25	88.38333333333334	89.95	109.0
ERR1713362	ARO:3003357	Cdif_EFTu_ELF	2386	2386	88.2396898575021	88.0	87.45842414082145	91.3	108.0
ERR1713362	ARO:3003359	Scin_EFTu_ELF	1305	1305	89.35379310344827	89.5	72.41701149425288	70.1	105.0
ERR1713362	ARO:3003361	Pros_EFTu_GE2A	1346	1346	84.07451708766716	83.7	82.57659732540863	89.0	108.0
ERR1713362	ARO:3003368	Ecol_EFTu_KIR	9433	9433	88.92014205448956	88.0	87.80666808014418	91.3	112.0
ERR1713362	ARO:3003369	Ecol_EFTu_PLV	312	312	89.57179487179488	87.65	69.26185897435897	68.6	99.8
ERR1713362	ARO:3003373	Kpne_acrR_MULT	144	144	96.14722222222223	100.0	88.99791666666667	95.7	107.0
ERR1713362	ARO:3003374	Kaer_acrR_MULT	30	30	89.60666666666665	90.0	78.14666666666668	86.25	99.8
ERR1713362	ARO:3003378	Ecol_MarR_MULT	183	183	89.82732240437159	88.5	83.46666666666667	88.2	111.0
ERR1713362	ARO:3003379	Sent_ramR	12	12	84.95	84.0	80.99166666666666	83.94999999999999	95.1
ERR1713362	ARO:3003380	Kpne_ramR	131	131	97.04351145038169	100.0	82.67022900763358	90.5	110.0
ERR1713362	ARO:3003381	Ecol_soxR_MULT	161	161	96.73664596273292	100.0	88.42298136645962	97.1	112.0
ERR1713362	ARO:3003382	Sent_soxR_MULT	111	111	92.2936936936937	90.0	89.8045045045045	93.6	111.0
ERR1713362	ARO:3003383	Sent_soxS_MULT	90	90	93.0788888888889	92.75	78.20333333333333	85.5	104.0
ERR1713362	ARO:3003385	Kaer_Omp36	44	44	84.59545454545454	83.75	83.02045454545454	88.0	100.0
ERR1713362	ARO:3003386	Ecol_folP_SLF	410	410	93.47439024390243	94.0	86.17682926829268	93.6	107.0
ERR1713362	ARO:3003387	Spyo_folP_SLF	38	38	87.44473684210527	85.7	54.97631578947368	39.7	90.9
ERR1713362	ARO:3003389	Mlep_folP_DAO	10	10	84.64	81.75	73.41	77.94999999999999	85.1
ERR1713362	ARO:3003390	Ecol_ompF_BLA	248	248	94.625	100.0	90.44798387096773	99.9	110.0
ERR1713362	ARO:3003392	Mtub_katG_INH	598	598	83.19765886287625	83.0	88.72190635451504	92.4	106.0
ERR1713362	ARO:3003393	Mtub_inhA_INH	18	18	88.82222222222222	88.0	87.6	93.2	102.0
ERR1713362	ARO:3003394	Mtub_pncA_PZA	41	41	85.03658536585365	85.0	42.59268292682927	40.8	60.1
ERR1713362	ARO:3003395	Mtub_rpsL_STR	2673	2673	83.78174335952114	83.7	85.26255144032922	87.4	103.0
ERR1713362	ARO:3003438	Efac_EFTu_GE2A	4915	4915	87.52191251271617	86.0	86.78343845371312	89.7	108.0
ERR1713362	ARO:3003445	Mtub_tlyA_AMG	18	18	82.4	82.1	76.99444444444445	78.6	84.0
ERR1713362	ARO:3003448	Mtub_iniA_EMB	3	3	84.8	83.0	60.73333333333333	70.5	72.4
ERR1713362	ARO:3003451	Mtub_iniC_EMB	17	17	84.18823529411765	84.0	78.56470588235294	82.0	92.4
ERR1713362	ARO:3003453	Mtub_embA_EMB	28	28	84.46785714285714	84.2	87.22500000000001	89.2	108.0
ERR1713362	ARO:3003455	Mtub_embR_EMB	1	1	80.0	80.0	82.4	82.4	82.4
ERR1713362	ARO:3003458	Mtub_ethA_ETO	2	2	81.1	81.1	88.4	88.4	91.3
ERR1713362	ARO:3003459	Mtub_gyrB_FLO	221	221	84.9	84.0	62.48280542986426	57.0	105.0
ERR1713362	ARO:3003461	Mtub_ndh_INH	14	14	84.91428571428571	85.15	76.39285714285714	79.7	95.9
ERR1713362	ARO:3003463	Mtub_kasA_INH	32	32	88.396875	88.6	82.08125	85.5	103.0
ERR1713362	ARO:3003470	Mtub_gidB_STR	1	1	82.0	82.0	90.5	90.5	90.5
ERR1713362	ARO:3003479	tetR	7	7	97.89999999999999	100.0	77.2	74.7	112.0
ERR1713362	ARO:3003511	Ecol_soxS_MULT	129	129	97.97751937984496	100.0	87.05426356589147	92.0	109.0
ERR1713362	ARO:3003548	mdtN	265	265	98.40075471698114	100.0	90.32264150943396	92.4	107.0
ERR1713362	ARO:3003549	mdtO	497	497	98.62837022132797	100.0	97.35392354124748	99.0	113.0
ERR1713362	ARO:3003550	mdtP	413	413	98.13268765133172	98.0	93.08692493946731	94.0	111.0
ERR1713362	ARO:3003551	emeA	119	119	84.97226890756303	84.0	78.99663865546219	81.3	94.4
ERR1713362	ARO:3003558	Yent_y56	1	1	80.0	80.0	89.7	89.7	89.7
ERR1713362	ARO:3003559	cepA	58	58	87.7706896551724	88.0	90.68620689655172	91.1	108.0
ERR1713362	ARO:3003563	RCP-1	2	2	95.85	95.85	58.55	58.55	59.7
ERR1713362	ARO:3003573	LpxA	30	30	85.98333333333333	83.65	66.17	62.2	103.0
ERR1713362	ARO:3003574	LpxC	92	92	90.11195652173912	90.0	90.99782608695651	92.2	105.0
ERR1713362	ARO:3003575	LpxD	51	51	90.32156862745097	89.6	75.32549019607843	82.4	103.0
ERR1713362	ARO:3003576	eptA	509	509	96.23732809430255	100.0	97.67642436149313	100.0	117.0
ERR1713362	ARO:3003577	ugd	1712	1712	85.85677570093458	84.0	88.42657710280373	91.3	112.0
ERR1713362	ARO:3003578	PmrF	505	505	92.51722772277228	94.0	89.61366336633664	93.6	109.0
ERR1713362	ARO:3003582	basR	18	18	82.77222222222223	82.2	54.18333333333334	53.55	79.7
ERR1713362	ARO:3003585	Kleb_PhoP_CST	321	321	94.7006230529595	95.8	88.23052959501558	94.7	108.0
ERR1713362	ARO:3003610	OXA-454	1	1	94.0	94.0	102.0	102.0	102.0
ERR1713362	ARO:3003620	OXA-464	66	66	90.56212121212121	87.0	91.23030303030303	96.7	109.0
ERR1713362	ARO:3003665	NmcR	3	3	82.5	82.1	50.03333333333333	50.4	50.4
ERR1713362	ARO:3003679	TriA	3	3	87.8	86.7	74.23333333333333	73.2	76.3
ERR1713362	ARO:3003681	TriC	41	41	84.24878048780488	83.3	74.31951219512194	73.9	95.5
ERR1713362	ARO:3003682	OpmH	27	27	85.06296296296296	84.0	79.43703703703704	82.4	89.7
ERR1713362	ARO:3003684	Paer_gyrA_FLO	797	797	87.4521957340025	86.0	89.17816813048934	90.1	110.0
ERR1713362	ARO:3003685	Paer_parE_FLO	694	694	86.58962536023054	85.7	86.8021613832853	89.4	108.0
ERR1713362	ARO:3003686	Paer_oprD_IPM	1	1	85.7	85.7	39.3	39.3	39.3
ERR1713362	ARO:3003688	PvrR	4	4	82.25	82.0	75.875	85.69999999999999	90.9
ERR1713362	ARO:3003692	MexJ	8	8	81.6625	81.8	78.475	78.0	84.0
ERR1713362	ARO:3003693	MexK	559	559	85.57388193202148	84.6	76.0608228980322	77.0	99.8
ERR1713362	ARO:3003699	mexQ	31	31	84.95806451612903	84.0	67.49354838709678	73.2	94.0
ERR1713362	ARO:3003702	Paer_ParC_FLO	607	607	87.5014827018122	86.0	88.72965403624383	90.1	112.0
ERR1713362	ARO:3003705	mexN	32	32	83.265625	83.3	74.8375	75.9	90.5
ERR1713362	ARO:3003717	ESP-1	16	16	91.2125	91.9	97.0875	97.4	105.0
ERR1713362	ARO:3003723	vanI	7	7	83.81428571428572	85.7	84.47142857142856	86.7	89.0
ERR1713362	ARO:3003728	vanR_in_vanI_cl	20	20	86.575	83.94999999999999	74.935	82.4	103.0
ERR1713362	ARO:3003729	Saur_ileS_MUP	161	161	82.45838509316769	81.8	81.7695652173913	88.6	101.0
ERR1713362	ARO:3003730	Bbif_ileS_MUP	1551	1551	90.40341715022566	90.0	98.25880077369439	99.8	117.0
ERR1713362	ARO:3003735	Saur_fusA_FA	3118	3118	84.39352148813342	83.7	78.61484926234766	85.5	103.0
ERR1713362	ARO:3003737	Saur_fusE_FA	145	145	84.47172413793103	83.3	48.39034482758621	46.6	73.9
ERR1713362	ARO:3003741	mphE	1119	1119	99.25379803395889	100.0	95.02260947274353	100.0	112.0
ERR1713362	ARO:3003742	mphG	195	195	94.34153846153845	98.0	94.06871794871796	97.8	119.0
ERR1713362	ARO:3003744	vatF	29	29	84.87241379310345	84.0	93.74827586206897	97.1	102.0
ERR1713362	ARO:3003745	mef(C)	258	258	95.32868217054263	98.0	87.28488372093024	91.3	104.0
ERR1713362	ARO:3003746	optrA	11	11	80.96363636363637	80.0	74.50909090909092	84.3	92.0
ERR1713362	ARO:3003751	Ecol_nfsA_NIT	342	342	93.12894736842105	94.2	92.35380116959064	94.7	111.0
ERR1713362	ARO:3003756	Ecol_nfsB_NIT	346	346	92.07803468208093	93.2	87.94653179190752	91.7	107.0
ERR1713362	ARO:3003760	Efae_cls_DAP	1	1	80.8	80.8	48.1	48.1	48.1
ERR1713362	ARO:3003762	lnuE	1	1	100.0	100.0	55.5	55.5	55.5
ERR1713362	ARO:3003774	Saga_mprF	1	1	87.8	87.8	87.0	87.0	87.0
ERR1713362	ARO:3003775	Ecol_murA_FOF	1252	1252	91.78881789137381	91.8	89.24273162939296	92.4	108.0
ERR1713362	ARO:3003776	Saur_murA_FOF	1	1	80.0	80.0	54.3	54.3	54.3
ERR1713362	ARO:3003777	Bbur_mur_FOF	18	18	82.15	82.0	83.09444444444445	83.75	89.7
ERR1713362	ARO:3003778	Msme_ndh_INH	15	15	86.19333333333334	86.0	82.58666666666666	85.1	99.4
ERR1713362	ARO:3003784	Mtub_murA_FOF	46	46	89.61739130434782	89.8	87.73695652173913	91.65	104.0
ERR1713362	ARO:3003789	Cjej_gyrA_FLO	425	425	84.09623529411765	83.3	83.2284705882353	85.9	102.0
ERR1713362	ARO:3003792	Efae_liaR_DAP	4	4	82.125	81.4	71.92500000000001	72.4	83.2
ERR1713362	ARO:3003801	bcr-1	1	1	82.1	82.1	43.1	43.1	43.1
ERR1713362	ARO:3003805	Efae_gshF_DAP	1	1	82.6	82.6	74.3	74.3	74.3
ERR1713362	ARO:3003807	Ecol_AcrR_MULT	158	158	97.24493670886076	100.0	87.69050632911393	99.0	108.0
ERR1713362	ARO:3003808	carO	11	11	87.80909090909091	84.4	86.94545454545454	92.8	109.0
ERR1713362	ARO:3003809	Abau_OprD_IPM	30	30	86.23	83.3	83.74333333333334	87.4	103.0
ERR1713362	ARO:3003811	adeC	1	1	82.0	82.0	81.3	81.3	81.3
ERR1713362	ARO:3003817	Abau_gyrA_FLO	516	516	86.97073643410853	85.4	86.19515503875968	88.6	110.0
ERR1713362	ARO:3003818	Abau_parC_FLO	214	214	90.41869158878504	90.0	89.20046728971964	91.5	111.0
ERR1713362	ARO:3003838	gadW	154	154	93.79025974025974	94.0	87.79935064935066	94.4	105.0
ERR1713362	ARO:3003839	Mrx	1080	1080	95.7287037037037	100.0	87.0375	90.5	101.0
ERR1713362	ARO:3003841	kdpE	462	462	91.98701298701299	92.0	85.68008658008658	91.1	112.0
ERR1713362	ARO:3003843	leuO	458	458	94.39235807860261	96.0	90.6528384279476	96.3	110.0
ERR1713362	ARO:3003854	ADC-8	9	9	83.07777777777778	82.0	85.54444444444444	87.8	91.7
ERR1713362	ARO:3003863	ADC-19	1	1	100.0	100.0	110.0	110.0	110.0
ERR1713362	ARO:3003890	Ecol_UhpT_FOF	850	850	97.21694117647058	98.0	95.16858823529412	97.8	111.0
ERR1713362	ARO:3003893	Ecol_uhpA_FOF	410	410	96.12853658536585	98.0	88.5348780487805	94.9	106.0
ERR1713362	ARO:3003895	Paer_PhoP_CST	23	23	86.76086956521739	87.5	81.69565217391305	83.6	99.4
ERR1713362	ARO:3003896	Paer_PhoQ_CST	2	2	85.19999999999999	85.19999999999999	58.0	58.0	68.6
ERR1713362	ARO:3003899	Ecol_PtsI_FOF	1208	1208	94.15720198675496	98.0	90.68278145695365	93.2	108.0
ERR1713362	ARO:3003900	Ecol_cyaA_FOF	1587	1587	96.01550094517958	98.0	99.63824826717075	102.0	116.0
ERR1713362	ARO:3003901	Saur_GlpT_FOF	25	25	81.72	81.6	75.168	75.1	87.0
ERR1713362	ARO:3003902	Saur_UhpT_FOF	10	10	83.74	82.85	84.07000000000001	86.85	92.4
ERR1713362	ARO:3003922	oqxA	314	314	96.2328025477707	98.0	90.71751592356688	94.0	109.0
ERR1713362	ARO:3003923	oqxB	912	912	95.89747807017544	98.0	91.97105263157896	95.9	110.0
ERR1713362	ARO:3003924	Hpin_gyrA_FLO	252	252	86.7015873015873	84.0	82.40317460317459	89.9	108.0
ERR1713362	ARO:3003925	Hpin_parC_FLO	186	186	86.9021505376344	84.0	90.24086021505376	91.3	113.0
ERR1713362	ARO:3003926	Sent_gyrA_FLO	1084	1084	92.63948339483395	94.0	91.57232472324722	94.0	110.0
ERR1713362	ARO:3003928	Ngon_gyrA_FLO	367	367	85.34141689373297	83.3	78.91471389645777	80.9	113.0
ERR1713362	ARO:3003929	Ngon_parC_FLO	473	473	84.84714587737842	83.7	86.60718816067653	88.6	105.0
ERR1713362	ARO:3003930	rpsJ	631	631	85.48003169572108	85.0	69.01045958795562	73.2	103.0
ERR1713362	ARO:3003931	Cgin_gyrA_FLO	692	692	83.46907514450866	82.9	82.32789017341041	85.1	99.4
ERR1713362	ARO:3003937	Nmen_PBP2_BLA	26	26	82.79615384615384	82.0	86.47692307692309	86.3	92.0
ERR1713362	ARO:3003939	Sent_parC_FLO	518	518	93.19362934362935	94.0	94.72065637065637	95.5	109.0
ERR1713362	ARO:3003948	efrA	30	30	85.83999999999999	83.5	83.2	84.7	104.0
ERR1713362	ARO:3003949	efrB	170	170	82.96058823529411	82.1	60.75588235294118	60.5	101.0
ERR1713362	ARO:3003950	msbA	882	882	94.32619047619048	95.9	89.08707482993198	90.9	104.0
ERR1713362	ARO:3003952	YojI	829	829	93.05162846803378	94.0	90.14511459589868	94.0	111.0
ERR1713362	ARO:3003953	hmrM	2	2	80.9	80.9	79.35	79.35	88.2
ERR1713362	ARO:3003954	efmA	1	1	98.0	98.0	92.8	92.8	92.8
ERR1713362	ARO:3003955	efpA	22	22	86.13636363636364	84.0	82.62272727272727	82.4	97.8
ERR1713362	ARO:3003961	farA	3	3	82.06666666666666	81.8	66.33333333333333	76.6	84.3
ERR1713362	ARO:3003962	farB	26	26	86.01923076923077	85.5	84.33076923076922	88.4	99.8
ERR1713362	ARO:3003964	hp1181	3	3	81.0	81.5	43.4	42.0	46.2
ERR1713362	ARO:3003966	Kpne_OmpK35	123	123	96.59186991869917	100.0	91.66747967479675	98.6	110.0
ERR1713362	ARO:3003967	lfrA	14	14	86.25	85.85	82.69285714285715	81.85	102.0
ERR1713362	ARO:3003968	Kpne_OmpK36	307	307	92.21824104234528	93.9	88.99381107491857	95.5	113.0
ERR1713362	ARO:3003970	ddl	8	8	89.8375	89.35	69.95	70.65	108.0
ERR1713362	ARO:3003974	Cacn_gyrA_FLO	520	520	85.6025	84.0	87.18846153846154	90.1	115.0
ERR1713362	ARO:3003980	tetA(58)	9	9	84.56666666666666	83.7	85.84444444444445	85.1	98.2
ERR1713362	ARO:3003981	tetB(58)	7	7	86.28571428571429	85.1	81.02857142857144	84.7	87.0
ERR1713362	ARO:3003982	LlmA_23S_CLI	53	53	81.33584905660378	81.3	78.20188679245283	77.8	90.9
ERR1713362	ARO:3003984	BahA	1	1	80.6	80.6	62.0	62.0	62.0
ERR1713362	ARO:3003986	TaeA	250	250	83.3004	82.0	83.6912	85.1	100.0
ERR1713362	ARO:3003987	VatI	2	2	81.4	81.4	38.9	38.9	38.9
ERR1713362	ARO:3003992	rphB	49	49	84.99795918367346	84.0	63.06938775510204	53.9	102.0
ERR1713362	ARO:3003995	Cdif_gyrA_FLO	417	417	82.27386091127097	81.6	84.70575539568345	86.7	100.0
ERR1713362	ARO:3004032	tetA(46)	4	4	82.125	81.8	63.65	62.8	80.9
ERR1713362	ARO:3004033	tetB(46)	20	20	83.83500000000001	83.7	85.11	86.85	92.8
ERR1713362	ARO:3004035	tetA(60)	1	1	80.9	80.9	72.4	72.4	72.4
ERR1713362	ARO:3004036	tetB(60)	2	2	84.0	84.0	83.2	83.2	83.2
ERR1713362	ARO:3004038	Paer_emrE	2	2	81.8	81.8	57.0	57.0	57.0
ERR1713362	ARO:3004039	Ecol_emrE	25	25	97.212	100.0	83.984	89.0	110.0
ERR1713362	ARO:3004041	Kpne_acrA	216	216	96.23796296296297	98.0	91.79953703703704	95.3	103.0
ERR1713362	ARO:3004042	Eclo_acrA	197	197	95.1015228426396	98.0	89.19796954314721	91.7	105.0
ERR1713362	ARO:3004043	Ecol_acrA	345	345	97.5863768115942	100.0	90.50811594202898	95.9	103.0
ERR1713362	ARO:3004045	Ecol_fabI_MULT	413	413	93.15641646489104	96.0	86.96489104116223	92.8	110.0
ERR1713362	ARO:3004049	Ecol_fabG_TRC	847	847	90.5159386068477	91.8	78.44864226682408	83.6	101.0
ERR1713362	ARO:3004054	Paer_CpxR	25	25	85.772	84.6	71.968	70.1	100.0
ERR1713362	ARO:3004059	Type_A_NfxB	2	2	84.4	84.4	68.55	68.55	80.5
ERR1713362	ARO:3004069	MvaT	20	20	85.47	85.7	69.92999999999999	69.3	89.0
ERR1713362	ARO:3004072	OpmB	13	13	85.16923076923078	83.3	71.32307692307693	68.2	98.2
ERR1713362	ARO:3004073	MuxA	6	6	83.28333333333333	84.15	54.78333333333333	41.55	82.8
ERR1713362	ARO:3004074	MuxB	556	556	84.49424460431655	83.7	76.41079136690648	78.6	94.4
ERR1713362	ARO:3004075	MuxC	185	185	82.9654054054054	82.0	66.47567567567567	71.2	89.4
ERR1713362	ARO:3004077	PmpM	13	13	81.98461538461538	82.0	80.1923076923077	80.9	90.1
ERR1713362	ARO:3004089	ANT(3'')-IIa	13	13	98.22307692307693	98.0	82.83076923076922	97.4	104.0
ERR1713362	ARO:3004091	ANT(3'')-IIc	3	3	98.66666666666667	100.0	64.06666666666666	51.6	94.0
ERR1713362	ARO:3004097	Smit_CdsA_DAP	15	15	81.59333333333332	81.1	68.35333333333332	71.6	92.4
ERR1713362	ARO:3004100	LpeB	19	19	82.21578947368421	81.8	63.74210526315789	60.5	81.6
ERR1713362	ARO:3004111	FosA6	37	37	98.74324324324324	100.0	94.02702702702703	105.0	113.0
ERR1713362	ARO:3004113	FosA7	3	3	93.86666666666667	94.6	82.39999999999999	82.4	84.3
ERR1713362	ARO:3004114	porin_OmpC	295	295	93.94677966101695	95.9	94.29322033898305	98.2	112.0
ERR1713362	ARO:3004122	Kpne_OmpK37	357	357	90.60840336134454	89.8	87.62941176470588	90.5	112.0
ERR1713362	ARO:3004123	Bpse_Omp38	2	2	82.3	82.3	44.9	44.9	47.8
ERR1713362	ARO:3004126	Ecol_LamB	422	422	95.97630331753554	100.0	98.31563981042653	103.0	119.0
ERR1713362	ARO:3004127	Ecol_mipA	206	206	93.36844660194176	98.0	97.24029126213593	104.0	119.0
ERR1713362	ARO:3004128	Smar_Omp1	134	134	84.10074626865672	83.7	84.05970149253731	89.7	103.0
ERR1713362	ARO:3004142	OprZ	4	4	82.875	82.3	58.425	57.15	78.6
ERR1713362	ARO:3004144	AxyY	60	60	83.51833333333335	81.6	73.73666666666666	77.0	96.3
ERR1713362	ARO:3004145	AxyZ	2	2	100.0	100.0	100.5	100.5	101.0
ERR1713362	ARO:3004153	Mtub_thyA_PAS	676	676	83.84689349112426	83.7	90.1826923076923	91.7	107.0
ERR1713362	ARO:3004157	Mtub_folC_PAS	25	25	85.04799999999999	84.6	73.27199999999999	72.0	97.8
ERR1713362	ARO:3004239	NPS-1	20	20	99.225	100.0	81.455	86.3	109.0
ERR1713362	ARO:3004253	vanU_in_vanG_cl	9	9	83.47777777777777	82.6	57.13333333333334	41.2	85.5
ERR1713362	ARO:3004254	vanV_in_vanB_cl	5	5	82.76	81.0	69.32000000000001	73.2	79.7
ERR1713362	ARO:3004290	Ecol_ampC_BLA	140	140	98.46285714285713	100.0	98.56928571428573	104.0	112.0
ERR1713362	ARO:3004332	MCR-5.1	5	5	98.8	100.0	96.64	93.6	102.0
ERR1713362	ARO:3004352	PDC-89	5	5	82.78	80.0	39.36	38.9	41.2
ERR1713362	ARO:3004359	ACI-1	124	124	99.15887096774195	100.0	94.46935483870968	101.0	109.0
ERR1713362	ARO:3004361	sul4	90	90	96.53444444444445	100.0	83.9588888888889	95.5	111.0
ERR1713362	ARO:3004442	tet(W/N/W)	148	148	96.31689189189188	100.0	98.84324324324324	101.0	111.0
ERR1713362	ARO:3004444	RSA1-1	95	95	99.31473684210526	100.0	91.43578947368421	98.6	103.0
ERR1713362	ARO:3004446	Hinf_PBP3_BLA	13	13	88.5076923076923	90.0	88.47692307692309	88.2	97.4
ERR1713362	ARO:3004451	Afab_ACT_CHL	1	1	81.6	81.6	94.7	94.7	94.7
ERR1713362	ARO:3004454	Ccol_ACT_CHL	13	13	94.43076923076923	95.9	88.1923076923077	101.0	107.0
ERR1713362	ARO:3004470	poxtA	10	10	81.71000000000001	81.3	79.74	84.7	89.7
ERR1713362	ARO:3004479	OXA-664	3	3	94.0	100.0	96.23333333333333	100.0	102.0
ERR1713362	ARO:3004480	Bado_rpoB_RIF	3265	3265	92.71990811638591	94.0	93.25635528330781	98.2	112.0
ERR1713362	ARO:3004505	MCR-3.5	1	1	80.0	80.0	87.4	87.4	87.4
ERR1713362	ARO:3004517	MCR-7.1	8	8	86.225	84.9	85.1375	83.6	98.6
ERR1713362	ARO:3004549	dfrB5	44	44	99.48636363636363	100.0	94.96136363636364	97.75	110.0
ERR1713362	ARO:3004555	dfrA32	8	8	99.5875	100.0	97.3	100.8	106.0
ERR1713362	ARO:3004561	Cdif_murG_VAN	28	28	81.97857142857143	81.35	63.43571428571429	69.30000000000001	84.7
ERR1713362	ARO:3004562	Cdif_gyrB_FLO	1906	1906	83.93536201469044	83.3	81.94685204617	85.1	101.0
ERR1713362	ARO:3004563	Cdif_rpoB_RIF	6207	6207	87.48395360077332	87.5	91.37779925890123	91.3	112.0
ERR1713362	ARO:3004569	ICR-Mo	58	58	94.77758620689656	98.0	91.05862068965517	98.2	111.0
ERR1713362	ARO:3004573	Abau_AbaF	12	12	90.89999999999999	93.35	86.10833333333333	87.2	107.0
ERR1713362	ARO:3004574	Abau_AbaQ	16	16	94.10625	100.0	84.375	93.05000000000001	108.0
ERR1713362	ARO:3004577	Abau_AmvA	7	7	94.44285714285715	98.0	83.18571428571428	91.7	102.0
ERR1713362	ARO:3004578	Abau_AbuO	16	16	93.0375	100.0	86.7	83.8	103.0
ERR1713362	ARO:3004580	Kpne_KpnE	122	122	92.31147540983606	92.65	76.89180327868851	82.6	95.1
ERR1713362	ARO:3004583	Kpne_KpnF	128	128	91.35078125	90.0	81.34921875	87.4	102.0
ERR1713362	ARO:3004588	Kpne_KpnG	351	351	95.17977207977208	98.0	90.04074074074074	93.2	105.0
ERR1713362	ARO:3004596	erm(46)	6	6	87.95	85.85	93.8	93.55000000000001	105.0
ERR1713362	ARO:3004597	Kpne_KpnH	21	21	84.21428571428571	82.0	79.91904761904762	81.6	95.5
ERR1713362	ARO:3004600	LnuH	125	125	89.996	88.0	85.05680000000001	88.6	110.0
ERR1713362	ARO:3004606	erm(40)	2	2	82.0	82.0	95.1	95.1	95.1
ERR1713362	ARO:3004608	EreD	371	371	97.98247978436657	100.0	95.41051212938007	100.0	112.0
ERR1713362	ARO:3004613	tet(47)	1	1	83.9	83.9	52.8	52.8	52.8
ERR1713362	ARO:3004621	AAC(3)-IIe	11	11	99.41818181818181	100.0	101.5909090909091	102.0	111.0
ERR1713362	ARO:3004623	AAC(3)-IId	6	6	98.60000000000001	99.0	102.03333333333335	102.7	108.0
ERR1713362	ARO:3004624	QnrS11	1	1	92.0	92.0	82.8	82.8	82.8
ERR1713362	ARO:3004628	AAC(2')-IIa	1	1	80.0	80.0	73.6	73.6	73.6
ERR1713362	ARO:3004631	Mgen_gyrA_FLO	9	9	81.96666666666667	81.8	52.04444444444445	42.0	92.4
ERR1713362	ARO:3004635	AAC(6')-Il	9	9	100.0	100.0	99.67777777777778	99.8	108.0
ERR1713362	ARO:3004636	qnrE1	2	2	98.85	98.85	72.4	72.4	94.7
ERR1713362	ARO:3004645	dfrI	2	2	80.4	80.4	49.25	49.25	50.4
ERR1713362	ARO:3004647	AQU-2	1	1	92.0	92.0	92.4	92.4	92.4
ERR1713362	ARO:3004648	AQU-3	1	1	98.0	98.0	100.0	100.0	100.0
ERR1713362	ARO:3004655	nimB	3	3	82.66666666666667	84.0	90.23333333333333	95.5	95.5
ERR1713362	ARO:3004657	catA4	3	3	83.13333333333333	83.8	61.86666666666667	70.1	70.1
ERR1713362	ARO:3004659	Mef(En2)	141	141	99.07446808510639	100.0	92.11347517730496	96.3	108.0
ERR1713362	ARO:3004660	catB11	2	2	96.9	96.9	103.5	103.5	104.0
ERR1713362	ARO:3004662	MCR-3.3	5	5	92.64	100.0	87.84	87.4	108.0
ERR1713362	ARO:3004665	cmlA8	1	1	98.0	98.0	105.0	105.0	105.0
ERR1713362	ARO:3004668	QnrAS	158	158	84.85379746835443	84.0	95.49113924050633	96.3	103.0
ERR1713362	ARO:3004675	aphA15	8	8	99.75	100.0	98.2875	98.15	107.0
ERR1713362	ARO:3004681	Cdif_rpoC_VAN	8432	8432	87.64740275142316	86.1	87.68404886148008	90.5	115.0
ERR1713362	ARO:3004682	aadA27	16	16	97.73125	99.0	91.03125	95.5	109.0
ERR1713362	ARO:3004683	aadS	1063	1063	99.04901222953904	100.0	96.32671683913453	103.0	115.0
ERR1713362	ARO:3004684	MCR-9.1	1	1	100.0	100.0	76.6	76.6	76.6
ERR1713362	ARO:3004692	aadA10	35	35	97.81428571428572	100.0	94.18571428571428	99.0	108.0
ERR1713362	ARO:3004694	MCR-4.2	7	7	99.31428571428572	100.0	101.34285714285714	105.0	109.0
ERR1713362	ARO:3004695	MCR-4.3	4	4	99.5	100.0	108.0	108.5	110.0
ERR1713362	ARO:3004698	MCR-5.2	67	67	97.35522388059702	100.0	93.17462686567164	100.0	116.0
ERR1713362	ARO:3004719	tet(X3)	1	1	94.0	94.0	104.0	104.0	104.0
ERR1713362	ARO:3004720	tet(X4)	217	217	98.75852534562212	100.0	93.83963133640553	102.0	110.0
ERR1713362	ARO:3004721	Mtub_rpsA_PZA	463	463	86.72267818574514	86.0	87.26695464362851	86.3	106.0
ERR1713362	ARO:3004749	BCL-1	1	1	81.4	81.4	80.1	80.1	80.1
ERR1713362	ARO:3004751	BES-1	155	155	95.87225806451613	96.0	90.52064516129033	97.1	106.0
ERR1713362	ARO:3004757	BKC-1	1	1	92.0	92.0	42.4	42.4	42.4
ERR1713362	ARO:3004768	CIA-1	1	1	81.3	81.3	76.3	76.3	76.3
ERR1713362	ARO:3004775	CME-1	2	2	91.85	91.85	99.55	99.55	102.0
ERR1713362	ARO:3004777	CMH-1	5	5	99.6	100.0	104.6	104.0	110.0
ERR1713362	ARO:3004780	DES-1	64	64	87.0046875	86.75	88.890625	92.8	106.0
ERR1713362	ARO:3004792	FONA-5	1	1	84.6	84.6	49.7	49.7	49.7
ERR1713362	ARO:3004798	FRI-2	1	1	81.0	81.0	38.1	38.1	38.1
ERR1713362	ARO:3004814	GOB-7	1	1	80.6	80.6	55.8	55.8	55.8
ERR1713362	ARO:3004826	LAP-2	9	9	99.55555555555556	100.0	85.57777777777778	96.3	100.0
ERR1713362	ARO:3004832	Ngon_PBP2_BLA	7	7	86.07142857142857	85.7	91.77142857142857	90.5	96.7
ERR1713362	ARO:3004833	Ngon_PBP1_BLA	75	75	84.15466666666667	83.7	84.97466666666668	85.5	97.8
ERR1713362	ARO:3004835	Ngon_pilQ_BLA	12	12	88.625	89.6	88.99166666666667	92.6	94.7
ERR1713362	ARO:3004837	OXA-724	4	4	97.875	99.0	83.825	84.4	106.0
ERR1713362	ARO:3004859	Ngon_gyrB_ZOL	1537	1537	85.71014964216005	84.4	80.31724137931035	86.7	107.0
ERR1713362	ARO:3004860	Bdol_gyrA_FLO	2070	2070	86.00971014492754	84.8	87.2804347826087	89.0	112.0
ERR1713362	ARO:3004873	Ngon_folP_SLF	9	9	81.95555555555556	81.0	51.1	40.0	87.4
ERR1713362	ARO:3004921	Mtub_ahpC_INH	2	2	83.75	83.75	52.75	52.75	60.8
ERR1713362	ARO:3004922	Mtub_fabG1_INH	22	22	86.90454545454546	87.65	74.0909090909091	82.4	94.4
ERR1713362	ARO:3004923	Mtub_furA_INH	8	8	84.35	84.7	81.5875	89.55	96.3
ERR1713362	ARO:3004924	Mtub_inbR_INH	1	1	82.0	82.0	84.7	84.7	84.7
ERR1713362	ARO:3004925	Mtub_mshA_INH	14	14	89.71428571428571	91.0	95.84285714285714	95.7	104.0
ERR1713362	ARO:3004927	Mtub_mshC_INH	14	14	84.18571428571428	83.7	94.36428571428571	94.7	104.0
ERR1713362	ARO:3004928	Mtub_mymA_INH	1	1	82.0	82.0	90.1	90.1	90.1
ERR1713362	ARO:3004931	Mtub_nudC_INH	2	2	85.8	85.8	93.4	93.4	96.7
ERR1713362	ARO:3004941	Mtub_ddlA_DCS	60	60	84.41333333333334	83.3	64.08833333333334	63.7	98.6
ERR1713362	ARO:3004945	Mtub_ald_DCS	20	20	85.44	83.85	80.06	84.0	91.3
ERR1713362	ARO:3004950	Mtub_ubiA_EMB	6	6	84.14999999999999	85.1	77.35000000000001	79.9	91.3
ERR1713362	ARO:3004955	Mtub_Rv0565_ETO	9	9	84.62222222222222	83.3	79.04444444444444	92.0	106.0
ERR1713362	ARO:3004956	Ngon_rpld	142	142	84.33169014084507	83.7	84.50211267605633	86.3	102.0
ERR1713362	ARO:3004957	Mtub_clpC1_PZA	2625	2625	83.3231619047619	82.0	81.26662857142857	83.6	103.0
ERR1713362	ARO:3004960	Mtub_ponA1_RFB	41	41	85.24878048780488	84.0	77.88048780487804	87.0	98.2
ERR1713362	ARO:3004975	Mtub_ppsC_PZA	5	5	82.4	82.6	73.62	79.7	84.7
ERR1713362	ARO:3004976	Mtub_ppsD_PZA	18	18	84.29444444444444	83.7	80.93333333333334	82.2	94.7
ERR1713362	ARO:3004977	Mtub_gpsI_PZA	520	520	85.78615384615385	84.4	83.0128846153846	85.1	108.0
ERR1713362	ARO:3004978	Mtub_mas_PZA	12	12	85.95	86.2	83.325	85.9	102.0
ERR1713362	ARO:3004981	Mtub_Rv0191_PZA	1	1	81.6	81.6	80.1	80.1	80.1
ERR1713362	ARO:3004987	Mtub_Rv2731_PZA	3	3	82.8	80.4	93.2	92.4	98.2
ERR1713362	ARO:3004993	Mtub_Rv3169_PZA	14	14	84.05	83.85	95.11428571428571	95.3	103.0
ERR1713362	ARO:3004994	Mtub_rpoC_RIF	4312	4312	86.59107142857142	86.0	88.38390538033396	90.1	116.0
ERR1713362	ARO:3004999	Mtub_rpoA_RIF	296	296	85.23682432432432	83.85	84.63885135135135	85.5	102.0
ERR1713362	ARO:3005004	Ngon_mtrC_AZM	3	3	81.76666666666667	82.0	71.63333333333334	69.3	91.7
ERR1713362	ARO:3005009	qacE	191	191	98.87958115183245	100.0	67.20942408376963	67.4	98.2
ERR1713362	ARO:3005010	qacEdelta1	266	266	99.29812030075188	100.0	93.5172932330827	93.2	106.0
ERR1713362	ARO:3005012	IDC-1	4	4	100.0	100.0	94.225	103.0	105.0
ERR1713362	ARO:3005015	VMB-1	1	1	80.0	80.0	37.7	37.7	37.7
ERR1713362	ARO:3005040	YajC	12	12	89.30833333333334	90.0	83.70833333333333	87.05	94.4
ERR1713362	ARO:3005041	mlaF	575	575	93.11895652173914	95.7	90.25478260869565	92.4	112.0
ERR1713362	ARO:3005042	mlaD	307	307	93.56905537459284	93.9	86.41302931596091	92.4	103.0
ERR1713362	ARO:3005043	cmlA9	65	65	98.95384615384616	100.0	94.62153846153845	95.9	108.0
ERR1713362	ARO:3005044	OmpA	434	434	92.60829493087557	92.0	88.36705069124424	92.0	114.0
ERR1713362	ARO:3005047	eptB	850	850	92.62941176470588	94.7	95.06317647058823	97.1	113.0
ERR1713362	ARO:3005049	CrcB	2	2	96.75	96.75	69.7	69.7	93.2
ERR1713362	ARO:3005051	LpsB	42	42	90.3	88.9	91.78095238095239	92.8	106.0
ERR1713362	ARO:3005052	LpsA	2	2	82.75	82.75	64.1	64.1	90.1
ERR1713362	ARO:3005053	ArnT	495	495	95.88848484848485	98.0	95.07313131313131	99.4	114.0
ERR1713362	ARO:3005056	tet(X6)	33	33	97.38181818181818	100.0	100.52121212121212	103.0	105.0
ERR1713362	ARO:3005057	tet(X5)	1	1	92.0	92.0	95.1	95.1	95.1
ERR1713362	ARO:3005059	LptD	976	976	92.77120901639344	94.0	95.85963114754098	99.4	115.0
ERR1713362	ARO:3005063	cprR	3	3	81.5	81.5	47.76666666666667	47.0	49.7
ERR1713362	ARO:3005069	rsmA	292	292	89.6431506849315	90.25	68.22876712328767	68.6	94.0
ERR1713362	ARO:3005081	Tthe_uL3_PLM	1	1	85.0	85.0	38.1	38.1	38.1
ERR1713362	ARO:3005090	RanB	434	434	85.12350230414746	84.0	81.5041474654378	83.6	98.2
ERR1713362	ARO:3005091	RanA	658	658	84.59772036474165	84.0	85.15775075987843	87.0	102.0
ERR1713362	ARO:3005098	qacL	367	367	94.23569482288828	95.7	81.97711171662125	89.0	100.0
ERR1713362	ARO:3005099	Spyo_ErmA_MLSb	40	40	89.92999999999999	90.0	82.33	89.0	99.8
ERR1713362	ARO:3005111	blaS1	3	3	81.2	81.6	88.10000000000001	88.6	89.4
ERR1713362	ARO:3005121	lsaD	5	5	80.66	80.0	83.58000000000001	82.4	87.4
ERR1713362	ARO:3005150	PAC-1	9	9	90.64444444444445	88.0	94.32222222222222	93.6	114.0
ERR1713362	ARO:3005200	CMY-155	1	1	96.0	96.0	52.0	52.0	52.0
ERR1713362	ARO:3005315	OXA-779	1	1	80.0	80.0	84.7	84.7	84.7
ERR1713362	ARO:3005333	OXA-641	2	2	98.0	98.0	108.0	108.0	114.0
ERR1713362	ARO:3005349	DfrA38	2	2	89.4	89.4	95.5	95.5	95.5
ERR1713362	ARO:3005354	dfr22	6	6	99.3	100.0	97.81666666666666	98.05000000000001	105.0
ERR1713362	ARO:3005461	EBR-3	1	1	80.0	80.0	88.6	88.6	88.6
ERR1713362	ARO:3005559	CARB-11	1	1	98.0	98.0	97.8	97.8	97.8
ERR1713362	ARO:3005628	CTX-M-205	2	2	100.0	100.0	102.0	102.0	102.0
ERR1713362	ARO:3005664	CTX-M-241	1	1	100.0	100.0	95.9	95.9	95.9
ERR1713362	ARO:3005725	OXA-491	1	1	98.0	98.0	102.0	102.0	102.0
ERR1713362	ARO:3005729	OXA-498	1	1	100.0	100.0	68.2	68.2	68.2
ERR1713362	ARO:3005734	OXA-504	5	5	100.0	100.0	107.8	108.0	112.0
ERR1713362	ARO:3005863	OXA-643	1	1	95.7	95.7	87.4	87.4	87.4
ERR1713362	ARO:3005865	OXA-645	1	1	93.3	93.3	55.8	55.8	55.8
ERR1713362	ARO:3005879	OXA-667	1	1	84.0	84.0	89.0	89.0	89.0
ERR1713362	ARO:3005883	OXA-675	1	1	84.0	84.0	45.1	45.1	45.1
ERR1713362	ARO:3005933	OXA-728	2	2	84.0	84.0	85.30000000000001	85.30000000000001	85.9
ERR1713362	ARO:3005937	OXA-732	46	46	98.37173913043479	100.0	95.78695652173913	102.0	114.0
ERR1713362	ARO:3005983	OXA-780	1	1	100.0	100.0	112.0	112.0	112.0
ERR1713362	ARO:3006099	OXA-912	1	1	98.0	98.0	115.0	115.0	115.0
ERR1713362	ARO:3006113	OXA-928	366	366	99.45928961748633	100.0	91.5415300546448	99.4	107.0
ERR1713362	ARO:3006155	CME-2	1	1	95.9	95.9	95.5	95.5	95.5
ERR1713362	ARO:3006164	GES-35	1	1	85.7	85.7	66.6	66.6	66.6
ERR1713362	ARO:3006168	GES-39	1	1	98.0	98.0	102.0	102.0	102.0
ERR1713362	ARO:3006175	GES-46	1	1	96.0	96.0	100.0	100.0	100.0
ERR1713362	ARO:3006208	VEB-11	5	5	95.2	95.1	73.34	70.9	88.2
ERR1713362	ARO:3006211	VEB-14	1195	1195	97.30217573221758	100.0	95.56694560669456	99.8	111.0
ERR1713362	ARO:3006221	VEB-26	1	1	95.7	95.7	102.0	102.0	102.0
ERR1713362	ARO:3006224	CepA-29	5	5	89.2	84.0	99.06	95.5	110.0
ERR1713362	ARO:3006225	CepA-44	2	2	99.0	99.0	99.9	99.9	100.0
ERR1713362	ARO:3006226	CepA-49	1	1	90.0	90.0	104.0	104.0	104.0
ERR1713362	ARO:3006244	ACT-49	1	1	100.0	100.0	102.0	102.0	102.0
ERR1713362	ARO:3006245	ACT-50	4	4	97.075	97.2	81.125	75.7	108.0
ERR1713362	ARO:3006253	ACT-58	1	1	100.0	100.0	101.0	101.0	101.0
ERR1713362	ARO:3006257	ACT-62	2	2	100.0	100.0	107.5	107.5	108.0
ERR1713362	ARO:3006297	ADC-120	2	2	100.0	100.0	74.6	74.6	108.0
ERR1713362	ARO:3006392	ADC-223	1	1	100.0	100.0	104.0	104.0	104.0
ERR1713362	ARO:3006403	ADC-234	1	1	100.0	100.0	107.0	107.0	107.0
ERR1713362	ARO:3006461	CMY-169	11	11	98.67272727272729	100.0	104.0090909090909	105.0	108.0
ERR1713362	ARO:3006478	MOX-13	2	2	100.0	100.0	100.0	100.0	100.0
ERR1713362	ARO:3006854	CMH-2	1	1	100.0	100.0	112.0	112.0	112.0
ERR1713362	ARO:3006855	CMH-3	3	3	100.0	100.0	98.76666666666667	104.0	108.0
ERR1713362	ARO:3006856	CMH-4	1	1	96.0	96.0	103.0	103.0	103.0
ERR1713362	ARO:3006858	CMH-6	1	1	100.0	100.0	105.0	105.0	105.0
ERR1713362	ARO:3006874	EC-13	45	45	98.20444444444443	100.0	97.12222222222222	102.0	112.0
ERR1713362	ARO:3006875	EC-14	4	4	98.0	98.0	105.5	105.0	109.0
ERR1713362	ARO:3006878	EC-18	9	9	98.88888888888889	98.0	103.93333333333334	103.0	110.0
ERR1713362	ARO:3006879	EC-19	8	8	97.95	100.0	98.85	105.5	108.0
ERR1713362	ARO:3006880	EC-5	3	3	97.3	98.0	106.0	105.0	108.0
ERR1713362	ARO:3006881	EC-8	18	18	99.48888888888888	100.0	84.37777777777778	91.9	107.0
ERR1713362	ARO:3006888	GIL-1	1	1	84.2	84.2	65.9	65.9	65.9
ERR1713362	ARO:3006935	LHK-1	1	1	98.0	98.0	97.8	97.8	97.8
ERR1713362	ARO:3006936	LHK-2	3	3	97.96666666666665	98.0	98.39999999999999	100.0	102.0
ERR1713362	ARO:3006939	LHK-5	2	2	90.80000000000001	90.80000000000001	84.94999999999999	84.94999999999999	91.3
ERR1713362	ARO:3006947	LUT-5	1	1	81.8	81.8	40.0	40.0	40.0
ERR1713362	ARO:3006964	PAU-1	74	74	99.18108108108108	100.0	91.43108108108108	99.0	105.0
ERR1713362	ARO:3006973	PME-1	6	6	96.41666666666667	96.0	96.14999999999999	99.6	105.0
ERR1713362	ARO:3006982	RSD2-1	9	9	93.9	96.0	100.5	100.0	107.0
ERR1713362	ARO:3006983	RSD2-2	135	135	98.21333333333332	100.0	89.60518518518519	99.4	108.0
ERR1713362	ARO:3006984	RUB-1	1	1	81.1	81.1	70.9	70.9	70.9
ERR1713362	ARO:3007010	norC	15	15	84.06	82.9	68.28	71.2	87.8
ERR1713362	ARO:3007011	mdeA	16	16	89.7625	87.5	85.51875	88.2	99.4
ERR1713362	ARO:3007033	Erm(51)	2	2	100.0	100.0	108.0	108.0	114.0
ERR1713362	ARO:3007041	Erm(52)	1	1	100.0	100.0	45.1	45.1	45.1
ERR1713362	ARO:3007042	msr(G)	2	2	86.65	86.65	86.85	86.85	90.9
ERR1713362	ARO:3007043	msr(I)	2	2	95.65	95.65	69.9	69.9	75.1
ERR1713362	ARO:3007047	mef(H)	3	3	100.0	100.0	78.06666666666666	94.0	99.4
ERR1713362	ARO:3007049	mef(J)	5	5	98.0	98.0	93.7	92.8	105.0
ERR1713362	ARO:3007050	mreA	3	3	80.0	80.0	87.7	88.2	93.6
ERR1713362	ARO:3007051	Hpyl_rpoB_RIF	3155	3155	85.91958795562599	85.4	86.03448494453248	88.2	108.0
ERR1713362	ARO:3007052	Hpyl_gyrA_FLO	261	261	85.89118773946359	86.0	88.32911877394636	89.7	101.0
ERR1713362	ARO:3007053	Hpyl_gyrB_FLO	420	420	84.01285714285714	83.7	81.60595238095237	84.3	95.5
ERR1713362	ARO:3007060	Hpyl_pbp1_AMX	12	12	80.13333333333334	80.0	83.69166666666666	83.4	85.5
ERR1713362	ARO:3007073	Bsub_rpoB_RIF	2615	2615	88.37908221797322	87.8	92.67617590822181	93.2	107.0
ERR1713362	ARO:3007106	nimD	2	2	99.0	99.0	81.95	81.95	100.0
ERR1713362	ARO:3007107	nimE	62	62	98.91612903225807	100.0	85.85483870967742	99.4	110.0
ERR1713362	ARO:3007108	nimF	1	1	80.0	80.0	75.5	75.5	75.5
ERR1713362	ARO:3007112	nimJ	4	4	92.1	93.2	64.425	65.1	85.5
ERR1713362	ARO:3007118	crxA	2	2	100.0	100.0	111.0	111.0	114.0
ERR1713362	ARO:3007119	tet(O/32/O)	108	108	97.93425925925925	100.0	99.07314814814815	99.8	107.0
ERR1713362	ARO:3007120	tet(O/M/O)	114	114	98.11052631578947	100.0	98.02368421052633	100.0	104.0
ERR1713362	ARO:3007121	tet(O/W)	101	101	95.01584158415842	98.0	95.51089108910891	97.1	107.0
ERR1713362	ARO:3007122	tet(O/W/32/O)	109	109	98.41467889908257	100.0	99.11559633027524	100.0	106.0
ERR1713362	ARO:3007124	tet(W/32/O)	26	26	92.96153846153847	96.9	76.07307692307693	79.9	111.0
ERR1713362	ARO:3007127	otr(A)S.liv	7	7	80.57142857142857	81.0	38.25714285714286	37.7	40.4
ERR1713362	ARO:3007185	Mtub_tap_EMCM	4	4	87.9	87.9	88.8	88.8	91.3
ERR1713362	ARO:3007189	vanP	1	1	81.5	81.5	51.6	51.6	51.6
ERR1713362	ARO:3007190	vanX_in_vanP_cl	4	4	82.1	82.19999999999999	55.075	54.900000000000006	58.5
ERR1713362	ARO:3007191	vanR_in_vanP_cl	5	5	82.36	81.8	70.22	61.6	92.4
ERR1713362	ARO:3007203	Kpne_PhoQ_CST	457	457	93.90481400437636	95.9	91.44770240700218	94.0	112.0
ERR1713362	ARO:3007208	HelR	20	20	83.675	84.5	82.02000000000001	84.3	90.1
ERR1713362	ARO:3007209	Sven_rox	8	8	83.9375	81.9	74.2375	84.95	107.0
ERR1713362	ARO:3007210	Nfar_rox	1	1	86.0	86.0	95.9	95.9	95.9
ERR1713362	ARO:3007249	MCR-3.14	1	1	98.0	98.0	103.0	103.0	103.0
ERR1713362	ARO:3007266	MCR-3.20	8	8	90.3375	88.0	97.825	102.4	110.0
ERR1713362	ARO:3007274	MCR-10.5	53	53	99.06037735849057	100.0	100.80188679245283	103.0	112.0
ERR1713362	ARO:3007275	MCR-10.3	2	2	100.0	100.0	110.5	110.5	114.0
ERR1713362	ARO:3007278	MCR-3.17	1	1	84.0	84.0	94.7	94.7	94.7
ERR1713362	ARO:3007370	FosI	40	40	83.6125	83.75	52.52	47.95	97.8
ERR1713362	ARO:3007374	PJM-1	4	4	97.975	99.0	101.675	101.5	107.0
ERR1713362	ARO:3007420	Kpne_lamB_CZA	329	329	96.01428571428572	100.0	99.02857142857144	104.0	119.0
ERR1713362	ARO:3007421	Kpne_PBP3_BLA	610	610	97.98524590163935	100.0	97.70491803278688	100.0	110.0
ERR1713362	ARO:3007423	Ecol_PBP3_BLA	374	374	98.24465240641712	100.0	96.80187165775402	99.8	107.0
ERR1713362	ARO:3007459	EstT	233	233	98.24721030042917	100.0	95.56952789699571	101.0	113.0
ERR1713362	ARO:3007473	Mavi_gyrA_FLO	160	160	83.94624999999999	81.8	86.91375000000001	89.55000000000001	106.0
ERR1713362	ARO:3007476	Mabs_atpE_BDQ	5	5	92.22	97.7	86.47999999999999	87.0	92.4
ERR1713362	ARO:3007483	RAD-1	3	3	80.0	80.0	90.09999999999998	90.1	90.1
ERR1713362	ARO:3007491	Paer_ampR_ATM	72	72	84.08611111111111	83.3	54.78472222222222	50.4	90.5
ERR1713362	ARO:3007494	tet(64)	1	1	81.3	81.3	80.1	80.1	80.1
ERR1713362	ARO:3007527	Bsub_rpsE_SPT	267	267	82.34419475655432	82.0	80.46816479400749	82.4	94.4
ERR1713362	ARO:3007531	Spyo_PBP2x_BLA	2	2	83.65	83.65	84.69999999999999	84.69999999999999	85.1
ERR1713362	ARO:3007544	Erhu_gyrA_ENR	754	754	83.2684350132626	82.0	90.04496021220159	91.3	103.0
ERR1713362	ARO:3007635	CAE-1	27	27	83.35185185185185	83.3	80.0037037037037	84.0	94.0
ERR1713362	ARO:3007644	Cper_cplR	3	3	84.0	86.0	84.06666666666666	82.0	93.2
ERR1713362	ARO:3007648	PSZ-1	3	3	83.7	85.4	67.53333333333335	67.4	90.5
ERR1713362	ARO:3007659	Rv2856	3	3	84.13333333333334	81.5	63.300000000000004	50.8	91.7
ERR1713362	ARO:3007662	Rv1877	1	1	85.4	85.4	79.7	79.7	79.7
ERR1713362	ARO:3007669	aadT	22	22	89.48636363636363	84.7	74.89999999999999	85.1	94.7
ERR1713362	ARO:3007678	IreK	45	45	82.42666666666666	81.6	83.94222222222223	84.7	99.0
ERR1713362	ARO:3007682	MdtQ	363	363	96.07630853994489	100.0	93.6168044077135	95.5	115.0
ERR1713362	ARO:3007692	Mtub_Rv2535_BDQ	42	42	85.0142857142857	83.3	66.5047619047619	54.7	97.8
ERR1713362	ARO:3007749	Sgal_folP_SLF	145	145	90.24551724137932	90.7	80.08620689655173	92.4	103.0
ERR1713362	ARO:3007794	Vvul_rpoB_RIF	2199	2199	87.33774442928605	87.5	90.50359254206457	92.0	108.0
ERR1713362	ARO:3007801	RATA-1	7	7	88.44285714285715	90.0	81.98571428571428	81.3	98.6
ERR1713362	ARO:3007802	RATA-2	16	16	93.34375	98.0	91.01875	100.0	106.0
ERR1713362	ARO:3007826	GES-48	2	2	85.5	85.5	51.599999999999994	51.599999999999994	52.8
ERR1713362	ARO:3007837	CARB-58	5	5	91.64000000000001	90.9	44.46	44.7	45.1
ERR1713362	ARO:3007846	SIE-1	3	3	83.86666666666666	82.0	89.73333333333333	89.0	95.5
ERR1713362	ARO:3007849	Mtub_fgd1_DLM	38	38	88.6236842105263	87.8	86.06315789473685	90.5	102.0
ERR1713362	ARO:3007854	Mtub_atpE_BDQ	8	8	95.15	97.3	53.287499999999994	49.9	81.6
ERR1713362	ARO:3007911	ACT-143	2	2	100.0	100.0	109.5	109.5	111.0
ERR1713362	ARO:3007931	ACT-168	1	1	97.7	97.7	78.2	78.2	78.2
ERR1713362	ARO:3007936	ACT-173	11	11	98.15454545454546	100.0	96.02727272727272	101.0	103.0
ERR1713362	ARO:3007958	ACT-85	3	3	100.0	100.0	107.66666666666667	108.0	112.0
ERR1713362	ARO:3008078	B3SU1-1	1	1	85.0	85.0	43.1	43.1	43.1
ERR1713362	ARO:3008081	BMHC-1	1	1	83.0	83.0	86.7	86.7	86.7
ERR1713362	ARO:3008086	CMH-11	2	2	100.0	100.0	102.0	102.0	103.0
ERR1713362	ARO:3008092	CMH-17	1	1	100.0	100.0	111.0	111.0	111.0
ERR1713362	ARO:3008094	CMH-19	1	1	100.0	100.0	107.0	107.0	107.0
ERR1713362	ARO:3008111	CMY-172	1	1	97.3	97.3	75.1	75.1	75.1
ERR1713362	ARO:3008378	MIR-31	1	1	100.0	100.0	100.0	100.0	100.0
ERR1713362	ARO:3008385	MOX-17	9	9	99.77777777777777	100.0	98.13333333333334	102.0	107.0
ERR1713362	ARO:3008389	MOX-21	3	3	99.33333333333333	100.0	95.66666666666667	96.3	96.3
ERR1713362	ARO:3008392	MOX-24	1	1	100.0	100.0	105.0	105.0	105.0
ERR1713362	ARO:3008394	MUN-1	6	6	97.66666666666667	100.0	102.06666666666666	101.0	106.0
ERR1713362	ARO:3008437	OXA-1016	1	1	100.0	100.0	108.0	108.0	108.0
ERR1713362	ARO:3008457	OXA-1036	2	2	85.55	85.55	83.55000000000001	83.55000000000001	93.2
ERR1713362	ARO:3008474	OXA-1056	4	4	83.7	83.7	91.69999999999999	91.69999999999999	97.1
ERR1713362	ARO:3008503	OXA-1085	15	15	100.0	100.0	73.08666666666666	65.1	109.0
ERR1713362	ARO:3008504	OXA-1086	1	1	85.7	85.7	82.4	82.4	82.4
ERR1713362	ARO:3008509	OXA-1091	2	2	80.0	80.0	88.2	88.2	90.5
ERR1713362	ARO:3008526	OXA-1108	2	2	99.0	99.0	103.0	103.0	104.0
ERR1713362	ARO:3008540	OXA-1122	1	1	100.0	100.0	43.5	43.5	43.5
ERR1713362	ARO:3008562	OXA-1144	1	1	83.3	83.3	85.1	85.1	85.1
ERR1713362	ARO:3008590	OXA-1172	1	1	100.0	100.0	107.0	107.0	107.0
ERR1713362	ARO:3008993	PEN-A16	1	1	81.8	81.8	41.2	41.2	41.2
ERR1713362	ARO:3009035	RAA-1	1	1	87.0	87.0	84.0	84.0	84.0
ERR1713362	ARO:3009040	RASA-1	2	2	86.0	86.0	87.6	87.6	88.2
ERR1713362	ARO:3009041	RSC1-1	1	1	100.0	100.0	102.0	102.0	102.0
ERR1713362	ARO:3009042	RSD1-1	1	1	80.0	80.0	90.9	90.9	90.9
ERR1713362	ARO:3009044	SED-2	2	2	97.95	97.95	100.05	100.05	103.0
ERR1713362	ARO:3009046	SFDC-1	4	4	83.875	83.05	81.95	87.65	95.5
ERR1713362	ARO:3009062	SHV-243	1	1	96.0	96.0	89.7	89.7	89.7
ERR1713362	ARO:3009083	VEB-31	2	2	100.0	100.0	101.0	101.0	102.0
ERR1713362	ARO:3009084	VEB-32	3	3	92.36666666666667	91.7	77.93333333333334	79.0	79.3
ERR1713362	ARO:3009085	VEB-33	1	1	94.0	94.0	102.0	102.0	102.0
ERR1713365	ARO:3000010	vanA	1	1	84.2	84.2	37.7	37.7	37.7
ERR1713365	ARO:3000024	patA	18	18	82.76111111111112	81.8	79.83888888888889	84.9	89.0
ERR1713365	ARO:3000025	patB	12	12	84.56666666666666	84.9	78.49166666666666	83.94999999999999	90.1
ERR1713365	ARO:3000027	emrA	18	18	89.47777777777777	89.69999999999999	85.58333333333333	83.35	100.0
ERR1713365	ARO:3000074	emrB	90	90	89.44333333333333	89.8	90.70222222222222	92.4	111.0
ERR1713365	ARO:3000165	tet(A)	1	1	100.0	100.0	42.4	42.4	42.4
ERR1713365	ARO:3000167	tet(C)	6	6	98.66666666666667	100.0	83.63333333333334	90.1	97.1
ERR1713365	ARO:3000173	tet(E)	5	5	97.58	98.0	92.6	94.4	95.5
ERR1713365	ARO:3000174	tet(G)	18	18	94.47222222222223	94.95	89.61111111111111	92.80000000000001	102.0
ERR1713365	ARO:3000175	tet(H)	3	3	100.0	100.0	95.10000000000001	97.4	102.0
ERR1713365	ARO:3000180	tetA(P)	5	5	85.52000000000001	86.0	82.47999999999999	83.6	85.1
ERR1713365	ARO:3000182	tet(Y)	2	2	99.0	99.0	97.85	97.85	99.4
ERR1713365	ARO:3000186	tet(M)	26	26	95.41538461538462	97.0	81.90384615384616	89.9	112.0
ERR1713365	ARO:3000190	tet(O)	133	133	97.2045112781955	98.0	95.4157894736842	98.2	111.0
ERR1713365	ARO:3000191	tet(Q)	264	264	95.23295454545455	96.0	94.01098484848485	97.4	109.0
ERR1713365	ARO:3000192	tet(S)	10	10	97.8	100.0	96.31	101.0	105.0
ERR1713365	ARO:3000193	tet(T)	1	1	80.0	80.0	39.7	39.7	39.7
ERR1713365	ARO:3000194	tet(W)	183	183	98.89398907103825	100.0	95.87540983606557	100.0	111.0
ERR1713365	ARO:3000195	tetB(P)	5	5	83.82000000000001	81.8	50.14	41.2	80.9
ERR1713365	ARO:3000196	tet(32)	40	40	96.7775	98.0	95.975	100.0	110.0
ERR1713365	ARO:3000197	tet(36)	3	3	87.26666666666667	88.0	88.46666666666665	88.2	90.9
ERR1713365	ARO:3000198	FosX	12	12	80.64166666666667	80.0	59.88333333333333	65.9	68.6
ERR1713365	ARO:3000205	tet(X)	33	33	98.85151515151514	100.0	93.93333333333334	102.0	110.0
ERR1713365	ARO:3000206	emrK	8	8	89.625	88.45	90.05	88.2	105.0
ERR1713365	ARO:3000216	acrB	403	403	86.82382133995037	85.7	80.89478908188585	82.4	105.0
ERR1713365	ARO:3000230	ANT(2'')-Ia	24	24	96.7625	98.0	91.76666666666667	101.0	115.0
ERR1713365	ARO:3000237	TolC	72	72	93.0625	91.9	89.84444444444445	90.1	102.0
ERR1713365	ARO:3000245	RbpA	3	3	94.43333333333334	100.0	49.800000000000004	50.4	58.2
ERR1713365	ARO:3000254	emrY	9	9	95.74444444444445	98.0	92.56666666666666	90.5	110.0
ERR1713365	ARO:3000263	marA	19	19	92.7	94.0	86.23157894736842	95.1	103.0
ERR1713365	ARO:3000300	lsaA	1	1	85.0	85.0	73.9	73.9	73.9
ERR1713365	ARO:3000316	mphA	9	9	100.0	100.0	100.53333333333333	102.0	104.0
ERR1713365	ARO:3000343	tap	2	2	86.1	86.1	88.80000000000001	88.80000000000001	94.4
ERR1713365	ARO:3000361	EreA	3	3	96.66666666666667	98.0	98.8	99.0	100.0
ERR1713365	ARO:3000368	vanC	3	3	83.13333333333334	84.2	39.8	39.3	40.8
ERR1713365	ARO:3000375	ErmB	57	57	98.91578947368421	100.0	76.53508771929825	87.8	104.0
ERR1713365	ARO:3000377	MexA	6	6	80.63333333333334	80.45	78.1	76.6	87.8
ERR1713365	ARO:3000378	MexB	451	451	85.9880266075388	86.0	77.9629711751663	80.1	93.6
ERR1713365	ARO:3000379	OprM	54	54	81.66851851851852	81.3	70.19259259259259	70.5	85.9
ERR1713365	ARO:3000410	sul1	42	42	98.43333333333332	100.0	84.96428571428571	94.9	103.0
ERR1713365	ARO:3000412	sul2	7	7	99.2	100.0	73.21428571428571	84.7	95.5
ERR1713365	ARO:3000444	rphA	86	86	83.81976744186046	83.95	48.26511627906977	48.5	57.4
ERR1713365	ARO:3000448	QepA1	5	5	84.96000000000001	84.8	72.76	73.6	73.9
ERR1713365	ARO:3000464	Ngon_porin	6	6	81.33333333333333	81.55	43.333333333333336	41.6	49.7
ERR1713365	ARO:3000481	tet(35)	3	3	81.76666666666667	82.0	75.1	85.1	87.8
ERR1713365	ARO:3000491	acrD	284	284	87.72605633802817	86.0	82.69401408450703	84.0	110.0
ERR1713365	ARO:3000498	ErmF	151	151	95.96225165562913	98.0	86.05827814569535	96.3	106.0
ERR1713365	ARO:3000499	AcrE	27	27	87.17777777777779	86.0	84.46296296296296	85.5	99.0
ERR1713365	ARO:3000501	rpoB2	85	85	82.1435294117647	81.0	68.51764705882353	70.9	98.6
ERR1713365	ARO:3000502	AcrF	165	165	86.25030303030303	84.0	77.1230303030303	77.4	103.0
ERR1713365	ARO:3000504	golS	9	9	82.75555555555555	81.8	50.03333333333333	47.0	87.8
ERR1713365	ARO:3000508	gadX	6	6	97.96666666666665	99.0	99.78333333333335	101.0	104.0
ERR1713365	ARO:3000510	Saur_mupB_MUP	4	4	81.975	81.8	53.25	55.849999999999994	62.8
ERR1713365	ARO:3000516	emrR	13	13	93.43076923076923	94.1	88.88461538461539	92.4	104.0
ERR1713365	ARO:3000518	CRP	86	86	93.0593023255814	94.0	87.9046511627907	94.0	104.0
ERR1713365	ARO:3000521	Saur_mupA_MUP	2	2	90.7	90.7	44.5	44.5	47.0
ERR1713365	ARO:3000522	ErmG	6	6	98.66666666666667	100.0	92.36666666666667	102.0	105.0
ERR1713365	ARO:3000533	macA	6	6	81.73333333333333	81.6	76.2	75.5	80.5
ERR1713365	ARO:3000535	macB	214	214	83.31028037383179	82.0	75.40140186915887	75.9	97.8
ERR1713365	ARO:3000549	adeS	9	9	80.36666666666666	80.0	79.30000000000001	83.6	84.7
ERR1713365	ARO:3000553	adeR	79	79	82.99113924050633	82.0	77.79113924050633	82.4	90.5
ERR1713365	ARO:3000556	tet(44)	14	14	94.96428571428571	95.0	94.60000000000001	95.3	103.0
ERR1713365	ARO:3000559	adeN	162	162	87.61172839506173	88.0	85.27777777777777	90.9	104.0
ERR1713365	ARO:3000561	tet(30)	2	2	91.0	91.0	97.2	97.2	102.0
ERR1713365	ARO:3000566	tet(39)	256	256	99.409375	100.0	93.280859375	97.1	108.0
ERR1713365	ARO:3000567	tet(40)	15	15	95.88000000000001	98.0	84.50666666666666	90.5	100.0
ERR1713365	ARO:3000573	tet(43)	4	4	85.7	85.5	68.175	71.25	90.5
ERR1713365	ARO:3000595	ErmT	11	11	99.0909090909091	100.0	99.94545454545455	99.0	103.0
ERR1713365	ARO:3000596	ErmX	1	1	95.8	95.8	48.9	48.9	48.9
ERR1713365	ARO:3000604	Erm(35)	60	60	84.61666666666666	84.69999999999999	66.90333333333334	63.2	90.9
ERR1713365	ARO:3000614	mef(E)	2	2	86.65	86.65	86.05000000000001	86.05000000000001	92.4
ERR1713365	ARO:3000616	mel	245	245	92.36816326530612	92.0	87.71918367346939	89.4	103.0
ERR1713365	ARO:3000620	adeL	11	11	90.28181818181818	91.8	88.19090909090909	92.8	99.4
ERR1713365	ARO:3000621	PC1_blaZ	2	2	94.9	94.9	94.75	94.75	97.1
ERR1713365	ARO:3000656	AcrS	7	7	96.27142857142857	98.0	93.95714285714287	99.4	104.0
ERR1713365	ARO:3000676	H-NS	16	16	91.425	90.9	72.7875	72.75	96.3
ERR1713365	ARO:3000753	abeM	847	847	86.828453364817	86.0	82.20885478158205	83.6	104.0
ERR1713365	ARO:3000768	abeS	3	3	80.53333333333333	80.0	79.5	79.0	80.5
ERR1713365	ARO:3000774	adeA	190	190	88.64631578947368	88.0	88.26631578947368	89.0	98.2
ERR1713365	ARO:3000775	adeB	495	495	90.15797979797979	90.0	84.3179797979798	85.5	100.0
ERR1713365	ARO:3000777	adeF	587	587	86.06235093696763	85.4	78.90749574105621	82.8	98.6
ERR1713365	ARO:3000778	adeG	1	1	80.0	80.0	76.6	76.6	76.6
ERR1713365	ARO:3000779	adeH	4	4	82.6	82.35	61.925	63.2	83.2
ERR1713365	ARO:3000780	adeI	767	767	87.79074315514994	86.4	80.49830508474575	84.3	94.0
ERR1713365	ARO:3000781	adeJ	3162	3162	88.57874762808349	88.0	86.16103731815308	87.8	108.0
ERR1713365	ARO:3000782	adeK	1176	1176	86.70187074829931	86.0	83.66964285714286	84.7	102.0
ERR1713365	ARO:3000784	cmeB	22	22	86.11363636363636	86.2	46.86363636363637	48.1	48.1
ERR1713365	ARO:3000790	mdsB	35	35	83.59428571428572	82.1	77.48	80.9	92.0
ERR1713365	ARO:3000791	mdsC	8	8	81.2375	80.45	65.8875	72.0	83.2
ERR1713365	ARO:3000792	mdtA	46	46	88.40869565217392	88.0	87.20869565217392	87.05000000000001	103.0
ERR1713365	ARO:3000793	mdtB	713	713	85.97854137447405	85.7	79.0656381486676	80.1	99.4
ERR1713365	ARO:3000794	mdtC	322	322	85.08167701863354	82.0	80.27422360248447	79.7	101.0
ERR1713365	ARO:3000795	mdtE	8	8	100.0	100.0	96.725	98.6	103.0
ERR1713365	ARO:3000796	mdtF	128	128	86.0140625	84.0	80.8078125	80.3	104.0
ERR1713365	ARO:3000800	MexC	239	239	85.03096234309623	83.7	63.008786610878666	60.5	86.3
ERR1713365	ARO:3000801	MexD	142	142	83.45070422535211	82.0	77.39225352112676	77.8	90.5
ERR1713365	ARO:3000802	OprJ	16	16	81.125	81.19999999999999	47.3125	46.8	57.0
ERR1713365	ARO:3000803	MexE	13	13	84.13846153846154	82.0	85.5076923076923	85.5	94.0
ERR1713365	ARO:3000804	MexF	351	351	86.58974358974359	86.0	80.28803418803419	80.9	99.8
ERR1713365	ARO:3000805	OprN	23	23	84.89565217391304	84.1	78.40434782608695	79.3	89.0
ERR1713365	ARO:3000808	MexI	26	26	86.80384615384615	87.35	78.97692307692309	80.5	88.2
ERR1713365	ARO:3000810	mtrC	2	2	83.95	83.95	76.1	76.1	84.0
ERR1713365	ARO:3000811	mtrD	470	470	83.37702127659574	82.0	74.3523404255319	77.4	90.1
ERR1713365	ARO:3000812	mtrE	2	2	82.0	82.0	77.4	77.4	77.8
ERR1713365	ARO:3000814	MexT	25	25	86.92399999999999	86.0	76.056	82.4	91.7
ERR1713365	ARO:3000817	mtrR	3	3	81.43333333333332	81.6	79.86666666666667	88.2	88.2
ERR1713365	ARO:3000822	pmrA	1	1	85.7	85.7	85.9	85.9	85.9
ERR1713365	ARO:3000823	ramA	13	13	91.03846153846153	91.3	90.66923076923078	92.0	107.0
ERR1713365	ARO:3000826	sdiA	9	9	89.83333333333333	88.0	80.78888888888889	91.3	99.8
ERR1713365	ARO:3000828	baeR	42	42	88.57857142857144	87.9	74.47142857142858	70.5	101.0
ERR1713365	ARO:3000829	baeS	44	44	89.11590909090908	87.9	84.99545454545455	89.2	101.0
ERR1713365	ARO:3000830	cpxA	56	56	92.97500000000001	93.95	89.22500000000001	91.85	107.0
ERR1713365	ARO:3000832	evgA	2	2	81.7	81.7	69.35	69.35	70.9
ERR1713365	ARO:3000833	evgS	2	2	97.95	97.95	98.0	98.0	98.6
ERR1713365	ARO:3000838	arlR	31	31	81.98709677419355	81.8	52.561290322580646	53.9	60.5
ERR1713365	ARO:3000851	THIN-B	5	5	83.88	82.0	84.72	90.1	94.0
ERR1713365	ARO:3000853	AIM-1	3	3	98.66666666666667	100.0	100.33333333333333	100.0	102.0
ERR1713365	ARO:3001214	mdtM	10	10	94.52000000000001	96.0	91.82000000000001	98.05000000000001	100.0
ERR1713365	ARO:3001216	mdtH	30	30	88.06333333333333	87.8	87.64333333333335	89.9	98.6
ERR1713365	ARO:3001327	MdtK	23	23	88.36086956521739	87.8	89.8608695652174	90.1	100.0
ERR1713365	ARO:3001328	Ecol_mdfA	37	37	91.00810810810812	90.0	89.98378378378379	89.0	105.0
ERR1713365	ARO:3001329	mdtG	48	48	89.35208333333333	89.9	87.66250000000001	88.0	111.0
ERR1713365	ARO:3001397	OXA-2	10	10	96.59	98.0	100.97999999999999	102.5	106.0
ERR1713365	ARO:3001398	OXA-3	4	4	82.35	82.0	99.175	99.8	102.0
ERR1713365	ARO:3001400	OXA-5	11	11	95.36363636363636	98.0	94.31818181818181	97.1	103.0
ERR1713365	ARO:3001402	OXA-7	5	5	100.0	100.0	73.94	60.1	94.7
ERR1713365	ARO:3001407	OXA-12	1	1	98.0	98.0	104.0	104.0	104.0
ERR1713365	ARO:3001411	OXA-16	69	69	99.66666666666667	100.0	98.32753623188407	100.0	111.0
ERR1713365	ARO:3001414	OXA-19	1	1	100.0	100.0	102.0	102.0	102.0
ERR1713365	ARO:3001415	OXA-20	7	7	97.2	97.4	79.91428571428571	77.4	105.0
ERR1713365	ARO:3001416	OXA-21	5	5	89.94	88.0	94.8	91.7	110.0
ERR1713365	ARO:3001425	OXA-31	12	12	99.27499999999999	100.0	58.88333333333333	56.6	100.0
ERR1713365	ARO:3001427	OXA-33	10	10	99.6	100.0	101.55	103.0	105.0
ERR1713365	ARO:3001428	OXA-34	14	14	98.40714285714286	100.0	88.14285714285714	92.05000000000001	108.0
ERR1713365	ARO:3001429	OXA-35	3	3	98.66666666666667	98.0	95.89999999999999	95.9	97.1
ERR1713365	ARO:3001430	OXA-36	51	51	98.27450980392157	100.0	103.98627450980392	105.0	116.0
ERR1713365	ARO:3001431	OXA-37	51	51	97.3921568627451	100.0	98.21176470588236	102.0	117.0
ERR1713365	ARO:3001439	OXA-101	4	4	100.0	100.0	100.75	101.0	101.0
ERR1713365	ARO:3001452	OXA-140	14	14	99.42857142857143	100.0	105.05714285714285	105.0	112.0
ERR1713365	ARO:3001483	OXA-205	54	54	98.56481481481481	100.0	104.89444444444445	105.0	120.0
ERR1713365	ARO:3001504	OXA-309	1	1	92.5	92.5	68.6	68.6	68.6
ERR1713365	ARO:3001521	OXA-333	127	127	98.89212598425196	100.0	97.5244094488189	101.0	111.0
ERR1713365	ARO:3001522	OXA-334	34	34	98.00588235294117	98.0	93.27352941176471	100.5	110.0
ERR1713365	ARO:3001550	OXA-363	1	1	83.7	83.7	87.8	87.8	87.8
ERR1713365	ARO:3001559	OXA-373	90	90	99.18666666666665	100.0	104.76777777777778	103.0	115.0
ERR1713365	ARO:3001608	OXA-417	10	10	84.64	84.85	90.22	91.65	92.8
ERR1713365	ARO:3001631	OXA-96	8	8	99.25	100.0	105.375	105.0	108.0
ERR1713365	ARO:3001662	OXA-164	8	8	99.2125	100.0	94.775	94.35	107.0
ERR1713365	ARO:3001691	OXA-228	1	1	100.0	100.0	46.2	46.2	46.2
ERR1713365	ARO:3001710	OXA-211	253	253	98.59367588932807	100.0	102.01185770750988	103.0	114.0
ERR1713365	ARO:3001711	OXA-212	85	85	97.10941176470587	98.0	80.77411764705883	94.0	107.0
ERR1713365	ARO:3001722	OXA-266	1	1	94.0	94.0	99.8	99.8	99.8
ERR1713365	ARO:3001728	OXA-272	3	3	82.0	82.0	89.7	89.7	89.7
ERR1713365	ARO:3001731	OXA-275	6	6	99.66666666666667	100.0	101.38333333333333	103.0	112.0
ERR1713365	ARO:3001735	OXA-280	4	4	100.0	100.0	89.5	87.6	100.0
ERR1713365	ARO:3001736	OXA-281	26	26	99.5	100.0	53.99230769230769	51.2	110.0
ERR1713365	ARO:3001751	OXA-296	26	26	96.18076923076923	96.0	93.66153846153846	99.9	109.0
ERR1713365	ARO:3001754	OXA-299	2	2	81.8	81.8	88.6	88.6	89.0
ERR1713365	ARO:3001775	OXA-119	1640	1640	99.33353658536585	100.0	101.15615853658537	105.0	120.0
ERR1713365	ARO:3001777	OXA-347	18	18	99.77777777777777	100.0	99.27777777777777	102.5	110.0
ERR1713365	ARO:3001781	OXA-47	7	7	98.85714285714286	100.0	96.04285714285713	95.1	100.0
ERR1713365	ARO:3001797	OXA-46	188	188	98.43031914893618	100.0	68.37553191489361	67.0	102.0
ERR1713365	ARO:3001799	OXA-161	1	1	100.0	100.0	102.0	102.0	102.0
ERR1713365	ARO:3001804	OXA-145	14	14	99.50714285714285	100.0	89.5	103.0	109.0
ERR1713365	ARO:3001805	OXA-198	1	1	82.0	82.0	82.4	82.4	82.4
ERR1713365	ARO:3001809	OXA-209	74	74	90.67972972972973	92.0	96.84324324324324	98.4	105.0
ERR1713365	ARO:3001810	OXA-53	2	2	82.5	82.5	73.0	73.0	75.1
ERR1713365	ARO:3001811	OXA-129	36	36	98.84166666666667	100.0	90.83333333333333	100.0	109.0
ERR1713365	ARO:3001832	ACT-10	1	1	100.0	100.0	43.5	43.5	43.5
ERR1713365	ARO:3001834	ACT-12	1	1	100.0	100.0	89.7	89.7	89.7
ERR1713365	ARO:3001848	ACT-28	1	1	98.0	98.0	104.0	104.0	104.0
ERR1713365	ARO:3001874	CTX-M-11	1	1	100.0	100.0	100.0	100.0	100.0
ERR1713365	ARO:3001907	CTX-M-45	9	9	85.6888888888889	86.4	40.0	40.0	40.0
ERR1713365	ARO:3001967	CTX-M-107	1	1	100.0	100.0	96.7	96.7	96.7
ERR1713365	ARO:3002015	CMY-4	2	2	100.0	100.0	107.0	107.0	109.0
ERR1713365	ARO:3002019	CMY-8	1	1	96.0	96.0	94.0	94.0	94.0
ERR1713365	ARO:3002055	CMY-44	1	1	100.0	100.0	106.0	106.0	106.0
ERR1713365	ARO:3002061	CMY-50	3	3	89.93333333333334	90.0	102.33333333333333	103.0	103.0
ERR1713365	ARO:3002069	CMY-59	1	1	92.3	92.3	77.8	77.8	77.8
ERR1713365	ARO:3002111	CMY-98	1	1	92.0	92.0	98.2	98.2	98.2
ERR1713365	ARO:3002156	FOX-2	1	1	83.3	83.3	86.7	86.7	86.7
ERR1713365	ARO:3002157	FOX-3	1	1	98.0	98.0	105.0	105.0	105.0
ERR1713365	ARO:3002162	FOX-10	1	1	100.0	100.0	103.0	103.0	103.0
ERR1713365	ARO:3002165	FOX-12	12	12	91.8	90.0	93.7	97.1	112.0
ERR1713365	ARO:3002183	MOX-2	1	1	100.0	100.0	103.0	103.0	103.0
ERR1713365	ARO:3002185	MOX-6	1	1	100.0	100.0	105.0	105.0	105.0
ERR1713365	ARO:3002188	MOX-5	1	1	100.0	100.0	101.0	101.0	101.0
ERR1713365	ARO:3002191	MOX-9	43	43	96.88837209302325	98.0	96.38604651162791	99.8	110.0
ERR1713365	ARO:3002242	CARB-3	1	1	100.0	100.0	99.0	99.0	99.0
ERR1713365	ARO:3002244	CARB-5	4	4	96.425	95.9	95.325	94.75	99.0
ERR1713365	ARO:3002259	IND-3	1	1	95.9	95.9	105.0	105.0	105.0
ERR1713365	ARO:3002277	VIM-7	1	1	81.6	81.6	79.7	79.7	79.7
ERR1713365	ARO:3002342	GES-13	105	105	99.37809523809524	100.0	100.96761904761905	102.0	105.0
ERR1713365	ARO:3002343	GES-14	85	85	99.5764705882353	100.0	102.5270588235294	103.0	108.0
ERR1713365	ARO:3002350	GES-21	376	376	99.36648936170214	100.0	85.31702127659575	97.1	112.0
ERR1713365	ARO:3002366	PER-4	2	2	100.0	100.0	103.0	103.0	104.0
ERR1713365	ARO:3002372	VEB-3	1	1	100.0	100.0	100.0	100.0	100.0
ERR1713365	ARO:3002385	BEL-1	4	4	98.95	100.0	74.80000000000001	76.25	102.0
ERR1713365	ARO:3002404	OXY-2-9	1	1	100.0	100.0	100.0	100.0	100.0
ERR1713365	ARO:3002481	AER-1	12	12	95.04166666666667	96.0	90.19166666666666	95.15	102.0
ERR1713365	ARO:3002522	novA	1	1	82.6	82.6	80.1	80.1	80.1
ERR1713365	ARO:3002528	AAC(3)-Ia	4	4	95.325	96.1	80.575	85.5	94.7
ERR1713365	ARO:3002530	AAC(3)-Ib	14	14	93.64999999999999	97.6	74.82142857142857	84.15	104.0
ERR1713365	ARO:3002531	AAC(3)-Ic	2	2	84.8	84.8	60.8	60.8	60.8
ERR1713365	ARO:3002533	AAC(3)-IIa	1	1	100.0	100.0	102.0	102.0	102.0
ERR1713365	ARO:3002546	AAC(6')-Ib	6	6	98.63333333333333	100.0	99.86666666666667	100.75	107.0
ERR1713365	ARO:3002554	AAC(6')-Ig	130	130	96.98692307692308	97.2	83.85615384615384	92.4	104.0
ERR1713365	ARO:3002578	AAC(6')-Ib7	80	80	97.385	100.0	81.21625	85.5	108.0
ERR1713365	ARO:3002579	AAC(6')-Ib8	22	22	84.50454545454545	83.6	51.440909090909095	52.75	63.2
ERR1713365	ARO:3002580	AAC(6')-Ib9	8	8	95.0625	100.0	72.575	72.0	105.0
ERR1713365	ARO:3002585	AAC(6')-31	22	22	88.82727272727273	87.8	76.30909090909091	86.25	99.4
ERR1713365	ARO:3002586	AAC(6')-32	464	464	90.06788793103448	90.0	89.10517241379311	95.5	109.0
ERR1713365	ARO:3002591	AAC_6_IB_Su	24	24	99.575	100.0	102.95833333333333	104.5	108.0
ERR1713365	ARO:3002592	AAC6_IB_HZ	22	22	99.45454545454545	100.0	97.60909090909091	102.5	107.0
ERR1713365	ARO:3002594	AAC(6')-IIa	66	66	86.03939393939395	85.7	81.30151515151515	81.3	105.0
ERR1713365	ARO:3002596	AAC(6')-IIc	75	75	89.34266666666666	89.8	96.25333333333333	96.3	102.0
ERR1713365	ARO:3002597	AAC6_Ie_APH2_Ia	9	9	98.56666666666666	100.0	99.84444444444445	103.0	108.0
ERR1713365	ARO:3002599	AAC6_30_AAC6_Ib	3	3	95.33333333333333	95.2	42.9	42.0	47.0
ERR1713365	ARO:3002600	AAC_3Ib_AAC_6Ib	3	3	91.96666666666665	94.4	46.06666666666666	38.5	61.2
ERR1713365	ARO:3002601	aadA	18	18	94.83333333333333	100.0	62.6888888888889	58.9	97.4
ERR1713365	ARO:3002602	aadA2	32	32	97.7875	100.0	98.003125	101.5	109.0
ERR1713365	ARO:3002604	aadA4	1	1	100.0	100.0	52.4	52.4	52.4
ERR1713365	ARO:3002605	aadA5	26	26	99.31923076923077	100.0	95.76923076923077	99.8	113.0
ERR1713365	ARO:3002606	aadA6	51	51	93.8313725490196	94.1	51.294117647058826	39.7	103.0
ERR1713365	ARO:3002607	aadA7	257	257	97.48404669260701	98.0	91.50428015564202	97.8	109.0
ERR1713365	ARO:3002608	aadA8	1	1	98.0	98.0	108.0	108.0	108.0
ERR1713365	ARO:3002609	aadA9	2	2	88.5	88.5	40.8	40.8	43.9
ERR1713365	ARO:3002611	aadA11	49	49	98.37551020408162	100.0	96.58775510204082	102.0	112.0
ERR1713365	ARO:3002612	aadA12	5	5	99.56	100.0	70.86	77.4	85.9
ERR1713365	ARO:3002613	aadA13	13	13	89.26153846153846	88.0	89.83076923076922	89.0	106.0
ERR1713365	ARO:3002616	aadA16	7	7	88.41428571428571	90.0	61.542857142857144	40.0	95.5
ERR1713365	ARO:3002619	aadA22	1	1	88.9	88.9	49.3	49.3	49.3
ERR1713365	ARO:3002620	aadA23	52	52	96.79807692307692	98.0	82.22307692307693	91.65	109.0
ERR1713365	ARO:3002621	aadA24	8	8	98.5	100.0	97.2125	97.25	101.0
ERR1713365	ARO:3002622	aadA6/aadA10	91	91	99.69010989010988	100.0	100.23626373626374	103.0	111.0
ERR1713365	ARO:3002626	ANT(6)-Ia	5	5	93.56	100.0	86.42	94.0	108.0
ERR1713365	ARO:3002627	aadK	1	1	94.7	94.7	79.3	79.3	79.3
ERR1713365	ARO:3002628	aad(6)	3	3	100.0	100.0	112.33333333333333	115.0	115.0
ERR1713365	ARO:3002629	ANT(6)-Ib	10	10	82.6	81.8	91.86	93.2	97.1
ERR1713365	ARO:3002639	APH(3'')-Ib	24	24	97.64999999999999	97.85	83.40416666666667	94.0	110.0
ERR1713365	ARO:3002641	APH(3')-Ia	2	2	99.0	99.0	87.8	87.8	109.0
ERR1713365	ARO:3002647	APH(3')-IIIa	3	3	100.0	100.0	69.73333333333333	55.8	106.0
ERR1713365	ARO:3002652	APH(3')-VIa	5	5	99.6	100.0	82.66	93.2	98.6
ERR1713365	ARO:3002660	APH(6)-Id	8	8	98.1125	97.5	79.1125	73.95	100.0
ERR1713365	ARO:3002666	rmtF	1	1	81.6	81.6	84.0	84.0	84.0
ERR1713365	ARO:3002676	catB3	2	2	99.0	99.0	103.0	103.0	105.0
ERR1713365	ARO:3002680	catB8	1	1	80.8	80.8	48.1	48.1	48.1
ERR1713365	ARO:3002686	catP	6	6	95.76666666666667	93.9	88.78333333333335	97.35	106.0
ERR1713365	ARO:3002687	catQ	7	7	97.39999999999999	100.0	98.07142857142857	102.0	108.0
ERR1713365	ARO:3002691	Sent_cmlA	17	17	99.41176470588235	100.0	100.5529411764706	101.0	108.0
ERR1713365	ARO:3002694	cmlA4	2	2	97.6	97.6	85.7	85.7	99.0
ERR1713365	ARO:3002695	cmlA5	21	21	99.52380952380952	100.0	93.55238095238094	95.1	103.0
ERR1713365	ARO:3002698	cmlB	1	1	81.8	81.8	41.2	41.2	41.2
ERR1713365	ARO:3002699	cmlB1	3	3	87.86666666666667	88.0	85.13333333333333	84.0	88.6
ERR1713365	ARO:3002703	cmx	4	4	98.375	98.8	70.675	69.15	88.2
ERR1713365	ARO:3002705	floR	4	4	94.825	96.8	76.55	83.0	89.4
ERR1713365	ARO:3002748	QnrB33	2	2	82.85	82.85	92.8	92.8	93.6
ERR1713365	ARO:3002753	QnrB38	1	1	100.0	100.0	39.7	39.7	39.7
ERR1713365	ARO:3002762	QnrB47	1	1	100.0	100.0	107.0	107.0	107.0
ERR1713365	ARO:3002767	QnrB54	1	1	90.0	90.0	94.4	94.4	94.4
ERR1713365	ARO:3002774	QnrB61	1	1	100.0	100.0	107.0	107.0	107.0
ERR1713365	ARO:3002788	QnrD1	1	1	100.0	100.0	105.0	105.0	105.0
ERR1713365	ARO:3002789	QnrD2	1	1	100.0	100.0	108.0	108.0	108.0
ERR1713365	ARO:3002791	QnrS2	8	8	100.0	100.0	106.5	107.0	108.0
ERR1713365	ARO:3002794	QnrS5	2	2	94.0	94.0	75.1	75.1	77.4
ERR1713365	ARO:3002795	QnrS6	3	3	98.36666666666667	100.0	99.56666666666666	107.0	107.0
ERR1713365	ARO:3002798	QnrS9	3	3	86.56666666666666	84.0	92.7	91.7	95.5
ERR1713365	ARO:3002800	QnrVC3	1	1	87.1	87.1	66.2	66.2	66.2
ERR1713365	ARO:3002801	QnrVC4	1	1	95.8	95.8	50.4	50.4	50.4
ERR1713365	ARO:3002804	FosA2	2	2	96.35	96.35	83.35	83.35	107.0
ERR1713365	ARO:3002812	pp-flo	2	2	92.0	92.0	67.2	67.2	94.7
ERR1713365	ARO:3002826	EreA2	28	28	99.64285714285714	100.0	97.48928571428571	102.0	104.0
ERR1713365	ARO:3002827	tlrC	1	1	81.5	81.5	41.2	41.2	41.2
ERR1713365	ARO:3002836	lnuB	10	10	95.64	96.95	84.76	89.95	102.0
ERR1713365	ARO:3002837	lnuC	5	5	97.6	98.0	106.6	104.0	111.0
ERR1713365	ARO:3002838	lnuD	17	17	82.52941176470588	82.2	85.15294117647058	87.4	100.0
ERR1713365	ARO:3002839	lnuF	5	5	97.32000000000001	98.0	94.28	100.0	112.0
ERR1713365	ARO:3002840	vatA	3	3	81.8	81.8	39.7	39.7	39.7
ERR1713365	ARO:3002841	vatB	18	18	82.45555555555556	81.6	95.91666666666667	96.9	100.0
ERR1713365	ARO:3002845	vatH	1	1	81.6	81.6	90.1	90.1	90.1
ERR1713365	ARO:3002846	arr-1	1	1	81.6	81.6	89.4	89.4	89.4
ERR1713365	ARO:3002854	dfrA1	1	1	84.6	84.6	48.5	48.5	48.5
ERR1713365	ARO:3002858	dfrA12	1	1	100.0	100.0	102.0	102.0	102.0
ERR1713365	ARO:3002859	dfrA14	4	4	96.55	100.0	80.05	78.95	103.0
ERR1713365	ARO:3002862	dfrA7	1	1	100.0	100.0	49.3	49.3	49.3
ERR1713365	ARO:3002864	dfrB1	2	2	100.0	100.0	79.69999999999999	79.69999999999999	80.1
ERR1713365	ARO:3002867	dfrF	8	8	97.325	100.0	86.925	92.80000000000001	108.0
ERR1713365	ARO:3002871	tet(37)	10	10	84.62	83.15	68.83	71.45	99.0
ERR1713365	ARO:3002872	FosA3	1	1	80.8	80.8	48.5	48.5	48.5
ERR1713365	ARO:3002879	linG	4	4	90.4	90.8	98.575	96.95	113.0
ERR1713365	ARO:3002882	lmrD	40	40	87.78999999999999	85.7	87.72	87.4	98.6
ERR1713365	ARO:3002897	SAT-4	6	6	97.28333333333335	100.0	94.35000000000001	93.95	110.0
ERR1713365	ARO:3002909	vanG	5	5	88.68	86.4	70.32000000000001	68.2	90.9
ERR1713365	ARO:3002919	vanR_in_vanA_cl	11	11	83.25454545454545	83.8	62.8	60.8	85.9
ERR1713365	ARO:3002922	vanR_in_vanC_cl	6	6	81.53333333333333	80.9	65.91666666666667	72.80000000000001	87.4
ERR1713365	ARO:3002923	vanR_in_vanD_cl	6	6	85.51666666666667	85.55	66.86666666666666	62.349999999999994	96.7
ERR1713365	ARO:3002925	vanR_in_vanF_cl	1	1	80.0	80.0	42.0	42.0	42.0
ERR1713365	ARO:3002926	vanR_in_vanG_cl	8	8	87.5	87.0	84.6	82.4	108.0
ERR1713365	ARO:3002929	vanR_in_vanN_cl	4	4	85.225	82.94999999999999	48.925	49.3	58.2
ERR1713365	ARO:3002930	vanR_in_vanO_cl	13	13	84.6923076923077	84.6	62.15384615384615	54.7	96.3
ERR1713365	ARO:3002933	vanS_in_vanC_cl	1	1	83.0	83.0	82.4	82.4	82.4
ERR1713365	ARO:3002934	vanS_in_vanD_cl	2	2	88.0	88.0	80.5	80.5	80.5
ERR1713365	ARO:3002937	vanS_in_vanG_cl	4	4	83.6	83.3	74.15	77.8	80.5
ERR1713365	ARO:3002959	vanY_in_vanG_cl	4	4	85.6	84.55000000000001	78.475	83.55	101.0
ERR1713365	ARO:3002964	vanW_in_vanB_cl	1	1	80.0	80.0	90.9	90.9	90.9
ERR1713365	ARO:3002967	vanXY_in_vanE	3	3	82.1	82.1	57.4	57.4	58.2
ERR1713365	ARO:3002983	amrB	317	317	84.30630914826499	84.0	71.501261829653	75.5	85.1
ERR1713365	ARO:3002985	arnA	41	41	86.96829268292683	87.2	92.59268292682927	94.4	107.0
ERR1713365	ARO:3002986	bacA	78	78	88.11410256410257	87.35	69.10384615384616	74.69999999999999	105.0
ERR1713365	ARO:3002987	bcrA	5	5	81.32000000000001	81.6	71.08	79.3	79.7
ERR1713365	ARO:3002993	AQU-1	1	1	80.0	80.0	45.4	45.4	45.4
ERR1713365	ARO:3002997	LCR-1	8	8	82.45	81.8	87.4375	88.05000000000001	92.8
ERR1713365	ARO:3002999	CblA-1	11	11	98.22727272727273	100.0	96.53636363636365	103.0	106.0
ERR1713365	ARO:3003002	CfxA2	40	40	98.79249999999999	100.0	92.06	98.80000000000001	107.0
ERR1713365	ARO:3003010	ceoB	617	617	82.93679092382496	82.0	77.5384116693679	80.9	92.8
ERR1713365	ARO:3003022	dfrB3	2	2	97.45	97.45	69.1	69.1	81.6
ERR1713365	ARO:3003031	MexW	117	117	86.12307692307692	85.7	79.13760683760684	83.2	99.4
ERR1713365	ARO:3003033	mexY	291	291	82.05292096219932	81.6	77.35601374570446	77.8	87.8
ERR1713365	ARO:3003037	opcM	1	1	83.3	83.3	37.7	37.7	37.7
ERR1713365	ARO:3003039	OprA	78	78	84.79743589743589	83.3	56.829487179487174	57.4	74.3
ERR1713365	ARO:3003041	Spne_PBP1a_AMX	6	6	84.64999999999999	84.85	83.05	87.8	89.7
ERR1713365	ARO:3003048	rosA	49	49	86.17755102040816	85.7	79.74285714285715	83.6	103.0
ERR1713365	ARO:3003049	rosB	263	263	85.03498098859316	84.0	81.72053231939164	83.2	99.0
ERR1713365	ARO:3003052	smeB	150	150	84.53666666666666	83.7	77.252	79.15	88.2
ERR1713365	ARO:3003053	smeC	1	1	83.0	83.0	73.6	73.6	73.6
ERR1713365	ARO:3003055	smeD	8	8	87.6	87.55	81.475	79.35	94.0
ERR1713365	ARO:3003056	smeE	236	236	85.04618644067797	85.0	68.78474576271186	76.6	90.9
ERR1713365	ARO:3003057	smeF	14	14	82.93571428571428	82.5	61.40714285714286	65.1	70.9
ERR1713365	ARO:3003066	smeR	240	240	82.65041666666666	81.8	67.58583333333334	67.4	91.7
ERR1713365	ARO:3003074	Saur_cls_DAP	1	1	84.2	84.2	38.1	38.1	38.1
ERR1713365	ARO:3003078	Efac_liaR_DAP	34	34	83.78235294117647	82.9	68.44411764705882	71.05000000000001	87.4
ERR1713365	ARO:3003092	Efac_cls_DAP	2	2	95.9	95.9	92.8	92.8	95.1
ERR1713365	ARO:3003094	imiH	2	2	98.65	98.65	93.6	93.6	109.0
ERR1713365	ARO:3003095	imiS	1	1	81.5	81.5	48.9	48.9	48.9
ERR1713365	ARO:3003096	CfxA5	2	2	98.0	98.0	102.2	102.2	105.0
ERR1713365	ARO:3003097	CfxA6	30	30	98.78999999999999	100.0	90.85333333333332	96.9	106.0
ERR1713365	ARO:3003100	cphA4	1	1	98.0	98.0	109.0	109.0	109.0
ERR1713365	ARO:3003101	cphA5	1	1	98.0	98.0	102.0	102.0	102.0
ERR1713365	ARO:3003105	dfrA3	8	8	83.05	81.9	75.8875	85.15	95.9
ERR1713365	ARO:3003107	mef(B)	12	12	97.98333333333333	98.0	95.49166666666667	95.55000000000001	105.0
ERR1713365	ARO:3003109	msrE	4040	4040	99.25111386138614	100.0	93.51081683168317	97.4	110.0
ERR1713365	ARO:3003111	lsaB	2	2	85.45	85.45	88.95	88.95	97.4
ERR1713365	ARO:3003112	lsaC	8	8	89.425	91.8	93.7375	95.1	97.1
ERR1713365	ARO:3003115	OXA-427	8	8	99.675	100.0	69.825	62.2	101.0
ERR1713365	ARO:3003192	QnrB80	2	2	82.1	82.1	74.7	74.7	74.7
ERR1713365	ARO:3003197	aadA25	5	5	90.75999999999999	88.6	67.56	77.4	78.6
ERR1713365	ARO:3003206	lsaE	33	33	95.21818181818182	97.8	94.26969696969697	95.9	112.0
ERR1713365	ARO:3003209	fosA5	3	3	100.0	100.0	94.73333333333333	99.0	112.0
ERR1713365	ARO:3003283	Mtub_rpoB_RIF	24	24	83.57916666666667	81.25	78.075	78.19999999999999	101.0
ERR1713365	ARO:3003284	Mlep_rpoB_RIF	138	138	85.74710144927536	85.4	90.56449275362318	91.30000000000001	107.0
ERR1713365	ARO:3003285	Saur_rpoB_RIF	409	409	84.95110024449878	83.9	78.93374083129585	86.7	104.0
ERR1713365	ARO:3003288	Ecol_rpoB_RIF	5487	5487	87.7300528521961	86.0	89.78219427738291	91.3	112.0
ERR1713365	ARO:3003291	Saur_rpoC_DAP	2497	2497	84.45562675210253	83.7	82.76956347617141	87.0	114.0
ERR1713365	ARO:3003294	Ecol_gyrA_FLO	55	55	88.66	87.5	77.24181818181819	80.9	103.0
ERR1713365	ARO:3003295	Mtub_gyrA_FLO	28	28	84.14999999999999	83.85	90.88571428571429	94.0	107.0
ERR1713365	ARO:3003296	Saur_gyrA_FLO	184	184	83.91304347826087	83.7	88.65760869565217	91.7	100.0
ERR1713365	ARO:3003297	Bbac_gyrA_FLO	100	100	82.515	81.6	81.01100000000001	83.2	98.6
ERR1713365	ARO:3003298	Mlep_gyrA_FLO	56	56	84.47857142857143	83.8	67.76785714285714	67.8	100.0
ERR1713365	ARO:3003301	Saur_gyrB_AMU	271	271	84.70590405904059	84.2	69.75571955719558	73.9	97.8
ERR1713365	ARO:3003302	Bbac_gyrA_AMU	445	445	84.29303370786518	83.3	78.46224719101123	78.2	104.0
ERR1713365	ARO:3003303	Ecol_gyrB_AMU	1742	1742	88.3898392652124	89.75	88.73851894374282	91.7	113.0
ERR1713365	ARO:3003304	Mlep_gyrB_FLO	9	9	82.02222222222223	81.6	74.32222222222222	87.0	92.8
ERR1713365	ARO:3003305	Uure_gyrB_FLO	334	334	88.14071856287426	86.2	52.61706586826347	51.2	88.2
ERR1713365	ARO:3003306	Mmor_gyrB_FLO	472	472	85.81440677966101	84.0	75.87457627118644	84.7	103.0
ERR1713365	ARO:3003307	Sser_gyrB_FLO	836	836	85.84545454545454	85.7	87.64258373205742	91.3	105.0
ERR1713365	ARO:3003308	Ecol_parC_FLO	66	66	91.01363636363635	91.30000000000001	89.74242424242425	94.7	113.0
ERR1713365	ARO:3003309	Uure_parC_FLO	3	3	82.39999999999999	80.0	85.63333333333333	88.2	88.2
ERR1713365	ARO:3003310	Mhom_23S_FLO	8	8	80.55	80.3	61.25	58.75	70.5
ERR1713365	ARO:3003311	Spne_parC_FLO	147	147	86.78435374149659	86.0	88.96122448979591	90.9	103.0
ERR1713365	ARO:3003312	Saur_parC_FLO	42	42	82.83809523809524	82.0	78.20476190476191	85.1	94.7
ERR1713365	ARO:3003314	Saur_parE_AMU	256	256	86.459375	84.69999999999999	62.31015625	57.0	99.0
ERR1713365	ARO:3003315	Saur_parE_FLO	9	9	84.1888888888889	84.8	66.01111111111112	65.9	82.4
ERR1713365	ARO:3003316	Ecol_parE_FLO	417	417	87.34820143884892	86.4	91.91534772182254	93.2	107.0
ERR1713365	ARO:3003317	Sser_parE_FLO	46	46	89.86521739130436	90.0	89.89782608695653	94.4	104.0
ERR1713365	ARO:3003326	Mtub_embB_EMB	3	3	84.66666666666667	86.0	89.86666666666667	98.2	99.8
ERR1713365	ARO:3003357	Cdif_EFTu_ELF	2439	2439	92.63886838868389	94.0	98.18938089380893	100.0	108.0
ERR1713365	ARO:3003359	Scin_EFTu_ELF	766	766	89.26383812010445	90.0	62.25026109660574	63.9	103.0
ERR1713365	ARO:3003361	Pros_EFTu_GE2A	898	898	82.984855233853	82.0	85.96826280623608	92.4	104.0
ERR1713365	ARO:3003368	Ecol_EFTu_KIR	7960	7960	86.92393216080401	86.0	84.16507537688442	88.6	110.0
ERR1713365	ARO:3003369	Ecol_EFTu_PLV	40	40	84.28	81.69999999999999	69.7225	70.65	98.6
ERR1713365	ARO:3003373	Kpne_acrR_MULT	7	7	86.15714285714286	83.7	82.18571428571428	84.3	94.4
ERR1713365	ARO:3003374	Kaer_acrR_MULT	39	39	83.88205128205128	83.3	44.65384615384615	44.7	79.7
ERR1713365	ARO:3003378	Ecol_MarR_MULT	9	9	84.58888888888889	84.0	81.73333333333333	89.0	96.7
ERR1713365	ARO:3003379	Sent_ramR	1	1	86.0	86.0	62.4	62.4	62.4
ERR1713365	ARO:3003380	Kpne_ramR	6	6	91.41666666666667	92.6	87.36666666666667	84.55	104.0
ERR1713365	ARO:3003381	Ecol_soxR_MULT	5	5	90.97999999999999	92.0	93.26	98.2	103.0
ERR1713365	ARO:3003382	Sent_soxR_MULT	5	5	92.36	92.0	96.86	95.9	105.0
ERR1713365	ARO:3003383	Sent_soxS_MULT	6	6	90.23333333333333	91.0	82.03333333333333	90.7	94.0
ERR1713365	ARO:3003385	Kaer_Omp36	5	5	84.32000000000001	83.8	82.06	89.4	94.0
ERR1713365	ARO:3003386	Ecol_folP_SLF	54	54	88.89259259259259	89.9	60.01296296296296	50.650000000000006	100.0
ERR1713365	ARO:3003387	Spyo_folP_SLF	25	25	85.44	85.7	58.108000000000004	40.4	92.4
ERR1713365	ARO:3003389	Mlep_folP_DAO	1	1	92.7	92.7	74.7	74.7	74.7
ERR1713365	ARO:3003390	Ecol_ompF_BLA	9	9	92.41111111111111	88.0	82.80000000000001	97.8	103.0
ERR1713365	ARO:3003392	Mtub_katG_INH	900	900	83.0078888888889	82.0	87.88966666666667	92.8	106.0
ERR1713365	ARO:3003394	Mtub_pncA_PZA	15	15	84.30666666666666	85.0	40.84666666666667	40.8	46.6
ERR1713365	ARO:3003395	Mtub_rpsL_STR	1479	1479	83.21933739012846	82.4	82.69019607843137	85.5	100.0
ERR1713365	ARO:3003438	Efac_EFTu_GE2A	1942	1942	86.7989701338826	86.0	84.24495365602472	87.8	106.0
ERR1713365	ARO:3003445	Mtub_tlyA_AMG	3	3	80.86666666666666	81.1	58.13333333333333	53.9	80.5
ERR1713365	ARO:3003451	Mtub_iniC_EMB	1	1	85.7	85.7	77.8	77.8	77.8
ERR1713365	ARO:3003453	Mtub_embA_EMB	1	1	86.4	86.4	36.2	36.2	36.2
ERR1713365	ARO:3003458	Mtub_ethA_ETO	1	1	81.6	81.6	88.6	88.6	88.6
ERR1713365	ARO:3003459	Mtub_gyrB_FLO	60	60	83.88166666666666	83.3	61.72	64.3	100.0
ERR1713365	ARO:3003461	Mtub_ndh_INH	2	2	86.44999999999999	86.44999999999999	75.85	75.85	92.4
ERR1713365	ARO:3003463	Mtub_kasA_INH	2	2	90.85	90.85	69.9	69.9	88.6
ERR1713365	ARO:3003511	Ecol_soxS_MULT	3	3	93.76666666666667	100.0	96.76666666666667	101.0	105.0
ERR1713365	ARO:3003548	mdtN	10	10	92.6	95.0	76.99	78.6	102.0
ERR1713365	ARO:3003549	mdtO	13	13	99.38461538461539	100.0	92.11538461538461	96.3	110.0
ERR1713365	ARO:3003550	mdtP	5	5	99.2	100.0	100.7	102.0	108.0
ERR1713365	ARO:3003551	emeA	3	3	81.89999999999999	82.0	69.7	72.8	90.5
ERR1713365	ARO:3003558	Yent_y56	6	6	90.88333333333333	88.95	93.61666666666667	95.5	103.0
ERR1713365	ARO:3003559	cepA	2	2	86.0	86.0	91.65	91.65	97.8
ERR1713365	ARO:3003563	RCP-1	27	27	99.55555555555556	100.0	87.44444444444444	98.2	104.0
ERR1713365	ARO:3003573	LpxA	343	343	85.35539358600583	85.3	70.8524781341108	72.0	100.0
ERR1713365	ARO:3003574	LpxC	1269	1269	91.54854215918046	92.0	90.14539007092199	94.0	105.0
ERR1713365	ARO:3003575	LpxD	453	453	87.72604856512142	87.5	74.77218543046358	78.6	102.0
ERR1713365	ARO:3003576	eptA	14	14	92.85714285714286	96.7	85.50714285714285	97.0	114.0
ERR1713365	ARO:3003577	ugd	553	553	84.35623869801086	83.7	88.86075949367088	90.9	110.0
ERR1713365	ARO:3003578	PmrF	31	31	89.50322580645161	90.0	90.83548387096775	94.7	103.0
ERR1713365	ARO:3003582	basR	65	65	82.79846153846154	81.8	44.707692307692305	43.1	60.1
ERR1713365	ARO:3003585	Kleb_PhoP_CST	10	10	92.37	93.95	90.67	93.75	103.0
ERR1713365	ARO:3003620	OXA-464	6	6	84.60000000000001	84.05	91.26666666666667	93.4	95.1
ERR1713365	ARO:3003679	TriA	1	1	94.7	94.7	72.4	72.4	72.4
ERR1713365	ARO:3003681	TriC	40	40	85.065	85.7	78.625	81.1	92.4
ERR1713365	ARO:3003682	OpmH	33	33	85.97575757575757	84.0	82.60000000000001	84.0	91.7
ERR1713365	ARO:3003684	Paer_gyrA_FLO	259	259	88.71776061776062	88.0	88.63938223938223	91.7	108.0
ERR1713365	ARO:3003685	Paer_parE_FLO	619	619	85.05702746365105	84.0	84.83214862681744	87.8	107.0
ERR1713365	ARO:3003686	Paer_oprD_IPM	2	2	82.5	82.5	81.25	81.25	84.3
ERR1713365	ARO:3003692	MexJ	10	10	81.57000000000001	80.65	77.95	77.6	85.5
ERR1713365	ARO:3003693	MexK	1533	1533	86.13770384866275	85.7	74.77788649706459	76.3	100.0
ERR1713365	ARO:3003699	mexQ	92	92	84.38260869565217	82.4	69.80326086956521	70.65	101.0
ERR1713365	ARO:3003700	opmE	2	2	86.0	86.0	79.15	79.15	79.3
ERR1713365	ARO:3003702	Paer_ParC_FLO	194	194	88.98865979381443	87.95	89.51030927835052	90.1	112.0
ERR1713365	ARO:3003705	mexN	53	53	82.64528301886791	83.3	60.509433962264154	59.7	89.0
ERR1713365	ARO:3003716	CPS-1	1	1	81.3	81.3	77.0	77.0	77.0
ERR1713365	ARO:3003717	ESP-1	14	14	93.50714285714285	92.95	96.55	98.4	106.0
ERR1713365	ARO:3003723	vanI	1	1	84.0	84.0	90.9	90.9	90.9
ERR1713365	ARO:3003728	vanR_in_vanI_cl	9	9	81.93333333333334	80.8	62.52222222222221	47.0	90.5
ERR1713365	ARO:3003729	Saur_ileS_MUP	77	77	83.43636363636364	82.0	90.32597402597403	92.4	102.0
ERR1713365	ARO:3003730	Bbif_ileS_MUP	56	56	90.39821428571429	90.0	98.91607142857143	101.0	117.0
ERR1713365	ARO:3003735	Saur_fusA_FA	900	900	84.04533333333333	83.0	81.962	87.4	104.0
ERR1713365	ARO:3003737	Saur_fusE_FA	20	20	83.875	82.1	58.81	58.349999999999994	85.1
ERR1713365	ARO:3003741	mphE	2398	2398	99.32844036697247	100.0	95.36522101751459	101.0	112.0
ERR1713365	ARO:3003742	mphG	671	671	94.32414307004471	96.0	93.17749627421759	97.1	119.0
ERR1713365	ARO:3003744	vatF	9	9	83.22222222222223	81.3	92.83333333333333	92.0	102.0
ERR1713365	ARO:3003745	mef(C)	1016	1016	95.68592519685039	98.0	87.47096456692914	90.5	104.0
ERR1713365	ARO:3003746	optrA	1	1	80.9	80.9	86.7	86.7	86.7
ERR1713365	ARO:3003751	Ecol_nfsA_NIT	24	24	89.1875	88.8	94.1125	96.5	107.0
ERR1713365	ARO:3003756	Ecol_nfsB_NIT	17	17	88.20588235294117	85.7	83.84705882352942	87.4	101.0
ERR1713365	ARO:3003761	eatAv	8	8	83.825	83.85	84.4375	83.94999999999999	87.0
ERR1713365	ARO:3003775	Ecol_murA_FOF	124	124	88.54032258064517	85.7	76.53225806451613	80.1	106.0
ERR1713365	ARO:3003776	Saur_murA_FOF	8	8	82.0875	82.0	88.05	88.80000000000001	90.5
ERR1713365	ARO:3003778	Msme_ndh_INH	2	2	87.75	87.75	88.6	88.6	88.6
ERR1713365	ARO:3003784	Mtub_murA_FOF	2	2	92.85	92.85	92.45	92.45	93.2
ERR1713365	ARO:3003789	Cjej_gyrA_FLO	108	108	82.65555555555555	82.65	67.88148148148149	65.9	96.7
ERR1713365	ARO:3003791	Efae_liaS_DAP	1	1	87.5	87.5	67.8	67.8	67.8
ERR1713365	ARO:3003792	Efae_liaR_DAP	34	34	82.59705882352942	82.0	80.38529411764705	81.1	88.2
ERR1713365	ARO:3003805	Efae_gshF_DAP	1	1	82.8	82.8	59.3	59.3	59.3
ERR1713365	ARO:3003807	Ecol_AcrR_MULT	15	15	90.64666666666668	87.8	70.99333333333334	60.8	107.0
ERR1713365	ARO:3003808	carO	71	71	84.70422535211267	83.7	87.96760563380282	89.7	101.0
ERR1713365	ARO:3003809	Abau_OprD_IPM	194	194	84.99536082474226	83.95	73.28247422680413	78.8	103.0
ERR1713365	ARO:3003811	adeC	133	133	83.98496240601504	83.8	85.86691729323307	87.8	96.7
ERR1713365	ARO:3003817	Abau_gyrA_FLO	2801	2801	92.22681185290968	92.0	91.02820421278115	93.6	110.0
ERR1713365	ARO:3003818	Abau_parC_FLO	2454	2454	91.96756316218419	92.05	90.18471882640587	92.4	112.0
ERR1713365	ARO:3003838	gadW	2	2	100.0	100.0	76.95	76.95	100.0
ERR1713365	ARO:3003839	Mrx	3	3	98.0	100.0	90.23333333333333	92.8	93.2
ERR1713365	ARO:3003841	kdpE	31	31	84.73870967741935	82.4	79.1258064516129	86.3	102.0
ERR1713365	ARO:3003843	leuO	19	19	92.06842105263158	92.0	92.07368421052632	94.0	107.0
ERR1713365	ARO:3003854	ADC-8	27	27	86.38888888888889	87.2	90.03333333333333	90.1	98.2
ERR1713365	ARO:3003856	ADC-12	3	3	81.73333333333333	81.8	77.16666666666667	76.6	81.3
ERR1713365	ARO:3003859	ADC-15	2	2	81.55	81.55	82.8	82.8	85.1
ERR1713365	ARO:3003862	ADC-18	1	1	81.8	81.8	40.0	40.0	40.0
ERR1713365	ARO:3003890	Ecol_UhpT_FOF	66	66	91.26060606060605	92.65	91.5469696969697	94.2	109.0
ERR1713365	ARO:3003893	Ecol_uhpA_FOF	48	48	93.01041666666667	94.85	84.67083333333333	89.55000000000001	105.0
ERR1713365	ARO:3003895	Paer_PhoP_CST	17	17	85.97647058823529	86.0	76.97647058823529	85.5	92.0
ERR1713365	ARO:3003896	Paer_PhoQ_CST	3	3	82.46666666666667	83.7	78.53333333333333	79.3	79.3
ERR1713365	ARO:3003899	Ecol_PtsI_FOF	78	78	92.15769230769232	93.9	90.07564102564102	90.9	107.0
ERR1713365	ARO:3003900	Ecol_cyaA_FOF	146	146	94.26917808219177	96.0	98.58082191780821	100.0	112.0
ERR1713365	ARO:3003901	Saur_GlpT_FOF	1	1	87.5	87.5	84.3	84.3	84.3
ERR1713365	ARO:3003902	Saur_UhpT_FOF	10	10	84.11	84.0	85.19	86.25	94.0
ERR1713365	ARO:3003908	Erm(47)	4	4	99.0	99.0	76.65	76.65	99.0
ERR1713365	ARO:3003922	oqxA	6	6	92.86666666666667	91.8	87.36666666666667	88.2	97.1
ERR1713365	ARO:3003923	oqxB	228	228	88.71491228070175	88.0	81.4732456140351	80.9	110.0
ERR1713365	ARO:3003924	Hpin_gyrA_FLO	40	40	82.5375	82.5	82.88	87.8	99.4
ERR1713365	ARO:3003925	Hpin_parC_FLO	13	13	88.19999999999999	84.0	90.33076923076922	92.8	110.0
ERR1713365	ARO:3003926	Sent_gyrA_FLO	167	167	91.93233532934133	93.9	91.1682634730539	94.7	108.0
ERR1713365	ARO:3003928	Ngon_gyrA_FLO	284	284	85.58169014084507	84.0	87.97711267605634	89.4	112.0
ERR1713365	ARO:3003929	Ngon_parC_FLO	771	771	83.53644617380026	83.7	84.13411154345006	86.7	105.0
ERR1713365	ARO:3003930	rpsJ	1077	1077	85.70473537604457	85.7	71.19480037140204	77.8	100.0
ERR1713365	ARO:3003931	Cgin_gyrA_FLO	796	796	84.78831658291458	84.0	82.67726130653267	86.7	103.0
ERR1713365	ARO:3003937	Nmen_PBP2_BLA	22	22	83.04545454545455	81.8	86.44545454545454	87.6	93.6
ERR1713365	ARO:3003939	Sent_parC_FLO	55	55	91.54181818181819	93.9	89.97090909090909	92.8	109.0
ERR1713365	ARO:3003948	efrA	39	39	81.5025641025641	81.3	82.13076923076923	82.4	88.2
ERR1713365	ARO:3003949	efrB	60	60	85.19666666666667	84.5	62.915	60.1	95.9
ERR1713365	ARO:3003950	msbA	114	114	87.71754385964911	86.0	82.48070175438596	82.6	102.0
ERR1713365	ARO:3003952	YojI	35	35	91.35142857142857	90.9	90.04857142857142	94.0	110.0
ERR1713365	ARO:3003961	farA	8	8	81.83749999999999	82.55	74.1875	80.1	83.6
ERR1713365	ARO:3003962	farB	16	16	85.025	83.85	85.13125	85.5	102.0
ERR1713365	ARO:3003966	Kpne_OmpK35	15	15	91.3	93.9	93.46666666666667	91.3	102.0
ERR1713365	ARO:3003968	Kpne_OmpK36	27	27	91.75555555555556	92.0	85.26666666666667	89.0	105.0
ERR1713365	ARO:3003970	ddl	5	5	82.28	81.6	75.26	82.8	84.0
ERR1713365	ARO:3003974	Cacn_gyrA_FLO	47	47	84.33829787234043	83.9	88.17659574468085	89.0	113.0
ERR1713365	ARO:3003980	tetA(58)	3	3	85.93333333333334	84.0	85.8	84.0	89.4
ERR1713365	ARO:3003982	LlmA_23S_CLI	10	10	81.07000000000001	80.2	75.76	75.7	79.0
ERR1713365	ARO:3003986	TaeA	8	8	85.675	85.85	91.0875	89.7	101.0
ERR1713365	ARO:3003987	VatI	4	4	81.5	81.5	50.1	50.1	50.1
ERR1713365	ARO:3003992	rphB	24	24	84.39583333333333	84.0	48.862500000000004	43.1	102.0
ERR1713365	ARO:3003995	Cdif_gyrA_FLO	40	40	82.705	82.0	82.20750000000001	86.3	100.0
ERR1713365	ARO:3004032	tetA(46)	1	1	84.4	84.4	60.5	60.5	60.5
ERR1713365	ARO:3004033	tetB(46)	9	9	84.53333333333333	84.0	77.32222222222222	82.4	90.5
ERR1713365	ARO:3004036	tetB(60)	1	1	80.0	80.0	81.3	81.3	81.3
ERR1713365	ARO:3004039	Ecol_emrE	11	11	83.7090909090909	81.1	74.48181818181818	75.5	97.1
ERR1713365	ARO:3004041	Kpne_acrA	13	13	95.20769230769231	98.0	96.6	97.1	102.0
ERR1713365	ARO:3004042	Eclo_acrA	23	23	91.51304347826088	93.9	87.30869565217392	91.3	97.4
ERR1713365	ARO:3004043	Ecol_acrA	17	17	92.34705882352942	96.0	89.02941176470588	90.9	103.0
ERR1713365	ARO:3004045	Ecol_fabI_MULT	157	157	83.21146496815287	81.6	75.65859872611465	77.4	102.0
ERR1713365	ARO:3004049	Ecol_fabG_TRC	111	111	85.1990990990991	82.1	63.77747747747748	55.5	99.0
ERR1713365	ARO:3004054	Paer_CpxR	163	163	85.3441717791411	83.8	63.87791411042945	64.3	91.3
ERR1713365	ARO:3004069	MvaT	13	13	84.77692307692307	82.8	70.85384615384615	69.7	90.9
ERR1713365	ARO:3004072	OpmB	3	3	85.76666666666667	86.0	87.03333333333335	93.6	97.4
ERR1713365	ARO:3004073	MuxA	6	6	82.18333333333334	81.4	65.85000000000001	72.2	80.9
ERR1713365	ARO:3004074	MuxB	950	950	84.12189473684211	83.7	78.11452631578948	80.1	90.5
ERR1713365	ARO:3004075	MuxC	190	190	83.0378947368421	82.0	66.86157894736843	72.4	90.1
ERR1713365	ARO:3004077	PmpM	12	12	84.675	85.7	79.33333333333333	79.15	100.0
ERR1713365	ARO:3004085	lnuG	6	6	97.38333333333333	98.0	95.18333333333334	98.4	106.0
ERR1713365	ARO:3004091	ANT(3'')-IIc	117	117	89.27777777777777	86.0	84.42649572649573	86.7	111.0
ERR1713365	ARO:3004097	Smit_CdsA_DAP	3	3	80.96666666666667	80.0	63.56666666666666	68.6	77.8
ERR1713365	ARO:3004100	LpeB	16	16	81.39375	81.3	74.45625	77.4	80.9
ERR1713365	ARO:3004103	QepA2	1	1	81.3	81.3	80.1	80.1	80.1
ERR1713365	ARO:3004107	Paer_soxR	4	4	81.975	81.8	54.6	55.650000000000006	69.7
ERR1713365	ARO:3004111	FosA6	2	2	97.05	97.05	74.5	74.5	92.8
ERR1713365	ARO:3004114	porin_OmpC	7	7	84.77142857142857	84.6	85.87142857142858	90.1	96.3
ERR1713365	ARO:3004122	Kpne_OmpK37	13	13	86.83076923076922	85.4	81.23846153846154	85.9	96.7
ERR1713365	ARO:3004123	Bpse_Omp38	32	32	80.815625	80.0	42.428125	42.0	48.1
ERR1713365	ARO:3004124	Mcat_M35_AMX	5	5	82.66	81.8	58.42	50.1	86.7
ERR1713365	ARO:3004126	Ecol_LamB	17	17	91.5529411764706	92.0	95.68823529411765	101.0	115.0
ERR1713365	ARO:3004127	Ecol_mipA	7	7	88.41428571428571	85.7	98.45714285714287	95.9	115.0
ERR1713365	ARO:3004128	Smar_Omp1	11	11	84.48181818181818	84.1	89.89999999999999	90.5	100.0
ERR1713365	ARO:3004142	OprZ	9	9	81.0	80.6	53.58888888888889	49.7	73.2
ERR1713365	ARO:3004144	AxyY	351	351	84.77407407407408	84.0	78.62592592592593	79.3	88.2
ERR1713365	ARO:3004146	cfrC	5	5	94.74	94.0	91.84	97.8	106.0
ERR1713365	ARO:3004153	Mtub_thyA_PAS	851	851	84.5219741480611	84.0	89.20446533490012	91.7	104.0
ERR1713365	ARO:3004157	Mtub_folC_PAS	4	4	92.35	89.8	79.125	90.1	90.1
ERR1713365	ARO:3004239	NPS-1	4	4	91.4	91.4	73.975	72.2	103.0
ERR1713365	ARO:3004253	vanU_in_vanG_cl	4	4	82.425	82.44999999999999	66.35	71.85	85.1
ERR1713365	ARO:3004254	vanV_in_vanB_cl	1	1	86.4	86.4	42.0	42.0	42.0
ERR1713365	ARO:3004359	ACI-1	2	2	98.0	98.0	101.5	101.5	102.0
ERR1713365	ARO:3004379	QepA4	1	1	81.3	81.3	67.4	67.4	67.4
ERR1713365	ARO:3004442	tet(W/N/W)	31	31	97.4483870967742	100.0	99.74193548387096	102.0	110.0
ERR1713365	ARO:3004451	Afab_ACT_CHL	2	2	82.5	82.5	66.45	66.45	90.5
ERR1713365	ARO:3004455	Ssui_ACT_CHL	2	2	96.45	96.45	89.7	89.7	107.0
ERR1713365	ARO:3004463	EBR-2	2	2	95.0	95.0	101.5	101.5	104.0
ERR1713365	ARO:3004466	ICR-Mc	18	18	82.76111111111112	81.0	39.81666666666667	40.0	41.2
ERR1713365	ARO:3004480	Bado_rpoB_RIF	708	708	87.55042372881356	87.0	81.51313559322034	87.8	111.0
ERR1713365	ARO:3004501	MCR-6.1	9	9	82.4	82.4	38.05555555555556	38.1	38.1
ERR1713365	ARO:3004503	MCR-3.6	6	6	97.16666666666667	100.0	102.0	102.0	110.0
ERR1713365	ARO:3004504	MCR-3.10	1	1	98.0	98.0	109.0	109.0	109.0
ERR1713365	ARO:3004505	MCR-3.5	1	1	83.3	83.3	47.0	47.0	47.0
ERR1713365	ARO:3004516	MCR-8.1	2	2	80.5	80.5	40.400000000000006	40.400000000000006	42.7
ERR1713365	ARO:3004517	MCR-7.1	5	5	83.44	82.0	81.42	81.6	84.0
ERR1713365	ARO:3004561	Cdif_murG_VAN	1	1	80.0	80.0	70.9	70.9	70.9
ERR1713365	ARO:3004562	Cdif_gyrB_FLO	213	213	84.07042253521126	83.0	79.06713615023475	85.1	99.4
ERR1713365	ARO:3004563	Cdif_rpoB_RIF	1157	1157	86.98340535868626	87.5	91.33681936041486	92.4	109.0
ERR1713365	ARO:3004569	ICR-Mo	168	168	97.44404761904762	98.0	92.01011904761906	97.8	112.0
ERR1713365	ARO:3004573	Abau_AbaF	6	6	85.93333333333334	84.0	94.33333333333333	97.35	103.0
ERR1713365	ARO:3004574	Abau_AbaQ	21	21	88.41904761904762	87.8	93.0047619047619	95.1	105.0
ERR1713365	ARO:3004577	Abau_AmvA	19	19	83.27368421052631	82.0	75.76315789473684	77.0	84.3
ERR1713365	ARO:3004578	Abau_AbuO	74	74	83.89864864864865	82.75	77.88648648648649	77.8	86.3
ERR1713365	ARO:3004580	Kpne_KpnE	10	10	89.88	89.85	76.02000000000001	78.95	94.4
ERR1713365	ARO:3004583	Kpne_KpnF	2	2	89.85	89.85	77.8	77.8	83.6
ERR1713365	ARO:3004588	Kpne_KpnG	48	48	88.28333333333335	87.0	83.45833333333333	85.9	101.0
ERR1713365	ARO:3004597	Kpne_KpnH	2	2	97.0	97.0	70.5	70.5	70.5
ERR1713365	ARO:3004600	LnuH	73	73	86.4904109589041	83.9	85.5150684931507	87.8	107.0
ERR1713365	ARO:3004608	EreD	693	693	98.12756132756132	98.0	97.14935064935065	101.0	112.0
ERR1713365	ARO:3004621	AAC(3)-IIe	4	4	100.0	100.0	101.0	101.0	102.0
ERR1713365	ARO:3004623	AAC(3)-IId	1	1	100.0	100.0	103.0	103.0	103.0
ERR1713365	ARO:3004631	Mgen_gyrA_FLO	8	8	81.38749999999999	82.1	73.6875	70.1	89.7
ERR1713365	ARO:3004645	dfrI	6	6	80.8	80.8	50.4	50.4	50.4
ERR1713365	ARO:3004659	Mef(En2)	13	13	99.84615384615384	100.0	97.03846153846153	96.3	107.0
ERR1713365	ARO:3004660	catB11	1	1	100.0	100.0	78.2	78.2	78.2
ERR1713365	ARO:3004662	MCR-3.3	6	6	98.98333333333333	100.0	92.60000000000001	103.5	108.0
ERR1713365	ARO:3004665	cmlA8	2	2	96.0	96.0	101.0	101.0	101.0
ERR1713365	ARO:3004668	QnrAS	2	2	84.0	84.0	94.75	94.75	97.1
ERR1713365	ARO:3004681	Cdif_rpoC_VAN	3192	3192	85.79470551378446	85.55000000000001	81.24395363408522	86.3	115.0
ERR1713365	ARO:3004682	aadA27	162	162	88.80802469135803	87.65	91.22839506172839	93.6	111.0
ERR1713365	ARO:3004683	aadS	189	189	93.11322751322751	94.0	90.26825396825397	97.4	112.0
ERR1713365	ARO:3004691	MCR-3.4	3	3	100.0	100.0	108.33333333333333	108.0	114.0
ERR1713365	ARO:3004692	aadA10	26	26	96.18076923076923	100.0	96.40384615384616	100.0	110.0
ERR1713365	ARO:3004694	MCR-4.2	1	1	87.5	87.5	49.7	49.7	49.7
ERR1713365	ARO:3004698	MCR-5.2	11	11	87.7	81.4	77.50909090909092	68.2	108.0
ERR1713365	ARO:3004719	tet(X3)	1	1	88.0	88.0	99.4	99.4	99.4
ERR1713365	ARO:3004720	tet(X4)	12	12	99.13333333333333	100.0	98.85000000000001	102.0	104.0
ERR1713365	ARO:3004721	Mtub_rpsA_PZA	56	56	87.23392857142858	87.8	88.61607142857143	88.8	99.0
ERR1713365	ARO:3004761	BRO-1	2	2	99.0	99.0	101.2	101.2	103.0
ERR1713365	ARO:3004764	CBP-1	1	1	80.0	80.0	85.5	85.5	85.5
ERR1713365	ARO:3004766	CGA-1	10	10	85.11	83.85	85.17999999999999	86.85	90.1
ERR1713365	ARO:3004770	CIA-3	7	7	83.88571428571429	83.7	88.42857142857143	87.8	96.7
ERR1713365	ARO:3004771	CIA-4	1	1	84.0	84.0	79.3	79.3	79.3
ERR1713365	ARO:3004775	CME-1	18	18	83.67777777777778	82.85	91.10555555555555	95.5	99.4
ERR1713365	ARO:3004832	Ngon_PBP2_BLA	2	2	90.0	90.0	94.0	94.0	96.7
ERR1713365	ARO:3004833	Ngon_PBP1_BLA	57	57	85.47543859649123	85.7	88.2140350877193	88.2	108.0
ERR1713365	ARO:3004835	Ngon_pilQ_BLA	14	14	88.21428571428571	87.35	85.25714285714285	85.9	95.5
ERR1713365	ARO:3004837	OXA-724	3	3	100.0	100.0	112.33333333333333	111.0	115.0
ERR1713365	ARO:3004859	Ngon_gyrB_ZOL	2886	2886	84.88260568260569	84.0	84.05266805266805	85.9	104.0
ERR1713365	ARO:3004860	Bdol_gyrA_FLO	6564	6564	85.82349177330896	84.0	86.98837599024984	87.8	111.0
ERR1713365	ARO:3004873	Ngon_folP_SLF	5	5	86.14000000000001	88.9	46.68	38.5	73.2
ERR1713365	ARO:3004921	Mtub_ahpC_INH	1	1	80.0	80.0	39.7	39.7	39.7
ERR1713365	ARO:3004923	Mtub_furA_INH	1	1	83.7	83.7	84.7	84.7	84.7
ERR1713365	ARO:3004925	Mtub_mshA_INH	2	2	81.6	81.6	81.05	81.05	82.0
ERR1713365	ARO:3004941	Mtub_ddlA_DCS	3	3	86.3	85.7	62.133333333333326	67.8	67.8
ERR1713365	ARO:3004945	Mtub_ald_DCS	1	1	80.0	80.0	70.1	70.1	70.1
ERR1713365	ARO:3004955	Mtub_Rv0565_ETO	1	1	81.0	81.0	49.3	49.3	49.3
ERR1713365	ARO:3004956	Ngon_rpld	319	319	81.96112852664577	81.6	87.84796238244515	89.7	99.8
ERR1713365	ARO:3004957	Mtub_clpC1_PZA	958	958	82.28851774530271	81.6	79.51816283924843	83.2	107.0
ERR1713365	ARO:3004960	Mtub_ponA1_RFB	2	2	83.0	83.0	81.45	81.45	84.7
ERR1713365	ARO:3004977	Mtub_gpsI_PZA	70	70	85.55285714285714	83.15	82.45	83.94999999999999	109.0
ERR1713365	ARO:3004978	Mtub_mas_PZA	1	1	81.3	81.3	73.9	73.9	73.9
ERR1713365	ARO:3004981	Mtub_Rv0191_PZA	1	1	81.6	81.6	74.3	74.3	74.3
ERR1713365	ARO:3004993	Mtub_Rv3169_PZA	1	1	80.0	80.0	96.3	96.3	96.3
ERR1713365	ARO:3004994	Mtub_rpoC_RIF	1880	1880	86.53452127659574	86.0	90.35180851063829	90.9	117.0
ERR1713365	ARO:3004999	Mtub_rpoA_RIF	45	45	84.56888888888889	82.6	68.52	81.6	95.5
ERR1713365	ARO:3005004	Ngon_mtrC_AZM	4	4	84.45	84.65	54.975	55.45	57.0
ERR1713365	ARO:3005009	qacE	18	18	89.82777777777778	84.6	57.46111111111111	56.400000000000006	93.6
ERR1713365	ARO:3005010	qacEdelta1	19	19	93.82105263157894	100.0	88.3736842105263	92.0	105.0
ERR1713365	ARO:3005040	YajC	9	9	86.16666666666667	87.5	72.87777777777778	68.2	98.6
ERR1713365	ARO:3005041	mlaF	76	76	85.8171052631579	82.0	83.69868421052632	84.7	105.0
ERR1713365	ARO:3005042	mlaD	10	10	91.65	89.85	94.67	94.55000000000001	102.0
ERR1713365	ARO:3005043	cmlA9	8	8	98.225	98.0	86.45	94.4	98.6
ERR1713365	ARO:3005044	OmpA	24	24	90.29583333333333	90.25	76.74583333333334	86.3	98.6
ERR1713365	ARO:3005047	eptB	73	73	89.45205479452055	89.8	92.14246575342466	92.8	107.0
ERR1713365	ARO:3005051	LpsB	62	62	86.5	85.7	89.13870967741936	91.3	103.0
ERR1713365	ARO:3005052	LpsA	1	1	82.6	82.6	42.0	42.0	42.0
ERR1713365	ARO:3005053	ArnT	47	47	90.56170212765957	91.8	89.72978723404256	91.3	111.0
ERR1713365	ARO:3005059	LptD	54	54	89.55185185185185	89.8	93.13888888888889	95.1	112.0
ERR1713365	ARO:3005063	cprR	12	12	81.14166666666667	81.5	45.44166666666666	46.2	48.9
ERR1713365	ARO:3005069	rsmA	315	315	89.16031746031746	89.7	65.14412698412698	64.7	93.2
ERR1713365	ARO:3005081	Tthe_uL3_PLM	2	2	94.4	94.4	42.0	42.0	42.0
ERR1713365	ARO:3005090	RanB	659	659	86.19878603945372	85.7	82.86024279210926	84.0	99.0
ERR1713365	ARO:3005091	RanA	662	662	86.89773413897281	87.2	86.53942598187311	88.6	102.0
ERR1713365	ARO:3005096	GPC-1	2	2	90.9	90.9	94.0	94.0	97.1
ERR1713365	ARO:3005098	qacL	524	524	96.32824427480917	100.0	82.17786259541984	90.5	100.0
ERR1713365	ARO:3005099	Spyo_ErmA_MLSb	2	2	89.75	89.75	70.65	70.65	95.5
ERR1713365	ARO:3005111	blaS1	1	1	80.0	80.0	71.2	71.2	71.2
ERR1713365	ARO:3005121	lsaD	3	3	81.36666666666666	81.6	84.33333333333333	85.5	85.9
ERR1713365	ARO:3005314	OXA-540	1	1	86.0	86.0	80.5	80.5	80.5
ERR1713365	ARO:3005348	DfrA36	2	2	84.65	84.65	79.9	79.9	93.6
ERR1713365	ARO:3005350	DfrB9	1	1	100.0	100.0	50.4	50.4	50.4
ERR1713365	ARO:3005461	EBR-3	1	1	93.9	93.9	97.8	97.8	97.8
ERR1713365	ARO:3005462	EBR-4	1	1	86.0	86.0	102.0	102.0	102.0
ERR1713365	ARO:3005665	CTX-M-242	1	1	85.7	85.7	39.3	39.3	39.3
ERR1713365	ARO:3005729	OXA-498	28	28	97.23571428571428	98.0	88.02499999999999	92.8	105.0
ERR1713365	ARO:3005734	OXA-504	2	2	98.0	98.0	99.6	99.6	106.0
ERR1713365	ARO:3005863	OXA-643	26	26	96.76923076923077	98.0	93.56923076923077	93.6	110.0
ERR1713365	ARO:3005865	OXA-645	20	20	96.465	96.75	72.96000000000001	72.0	100.0
ERR1713365	ARO:3005866	OXA-650	3	3	94.3	96.0	93.13333333333333	101.0	101.0
ERR1713365	ARO:3005868	OXA-652	2	2	98.0	98.0	99.9	99.9	102.0
ERR1713365	ARO:3005876	OXA-661	1	1	100.0	100.0	102.0	102.0	102.0
ERR1713365	ARO:3005877	OXA-662	3	3	100.0	100.0	100.86666666666667	99.8	103.0
ERR1713365	ARO:3005880	OXA-669	2	2	99.0	99.0	105.0	105.0	108.0
ERR1713365	ARO:3005931	OXA-726	5	5	100.0	100.0	101.56	106.0	111.0
ERR1713365	ARO:3005932	OXA-727	2	2	83.9	83.9	89.35	89.35	90.5
ERR1713365	ARO:3005937	OXA-732	14	14	96.67857142857143	100.0	98.50714285714285	101.0	113.0
ERR1713365	ARO:3005983	OXA-780	1	1	94.4	94.4	37.7	37.7	37.7
ERR1713365	ARO:3006103	OXA-917	6	6	99.66666666666667	100.0	110.33333333333333	110.5	113.0
ERR1713365	ARO:3006113	OXA-928	75	75	99.42133333333334	100.0	91.52933333333333	99.4	106.0
ERR1713365	ARO:3006130	OXY-2-15	1	1	100.0	100.0	102.0	102.0	102.0
ERR1713365	ARO:3006156	GES-27	1	1	98.0	98.0	94.7	94.7	94.7
ERR1713365	ARO:3006162	GES-33	1	1	96.0	96.0	93.2	93.2	93.2
ERR1713365	ARO:3006168	GES-39	1	1	98.0	98.0	97.4	97.4	97.4
ERR1713365	ARO:3006211	VEB-14	3	3	99.33333333333333	100.0	105.66666666666667	106.0	106.0
ERR1713365	ARO:3006248	ACT-53	4	4	91.125	90.9	64.975	63.15	72.4
ERR1713365	ARO:3006284	ADC-104	1	1	80.9	80.9	81.3	81.3	81.3
ERR1713365	ARO:3006306	ADC-131	1	1	85.2	85.2	48.1	48.1	48.1
ERR1713365	ARO:3006313	ADC-138	1	1	82.1	82.1	72.0	72.0	72.0
ERR1713365	ARO:3006338	ADC-166	2	2	83.6	83.6	44.1	44.1	46.6
ERR1713365	ARO:3006392	ADC-223	1	1	81.0	81.0	37.7	37.7	37.7
ERR1713365	ARO:3006461	CMY-169	1	1	94.0	94.0	100.0	100.0	100.0
ERR1713365	ARO:3006874	EC-13	1	1	100.0	100.0	58.2	58.2	58.2
ERR1713365	ARO:3006879	EC-19	2	2	81.6	81.6	74.7	74.7	74.7
ERR1713365	ARO:3006880	EC-5	1	1	80.5	80.5	78.2	78.2	78.2
ERR1713365	ARO:3006964	PAU-1	45	45	94.69111111111111	96.0	88.78	95.5	106.0
ERR1713365	ARO:3006973	PME-1	2	2	92.95	92.95	94.2	94.2	94.4
ERR1713365	ARO:3007007	TER-2	4	4	98.5	99.0	100.9	101.0	103.0
ERR1713365	ARO:3007041	Erm(52)	2	2	100.0	100.0	82.05	82.05	98.6
ERR1713365	ARO:3007042	msr(G)	4	4	87.44999999999999	89.6	87.7	92.4	92.4
ERR1713365	ARO:3007043	msr(I)	71	71	99.55492957746479	100.0	70.48028169014086	72.8	100.0
ERR1713365	ARO:3007044	mef(F)	3	3	84.10000000000001	82.4	80.23333333333333	80.5	85.1
ERR1713365	ARO:3007049	mef(J)	292	292	98.18630136986302	98.0	87.3527397260274	91.7	107.0
ERR1713365	ARO:3007050	mreA	3	3	86.36666666666667	85.1	73.39999999999999	87.0	93.2
ERR1713365	ARO:3007051	Hpyl_rpoB_RIF	2088	2088	85.2985153256705	85.4	82.57840038314177	85.5	108.0
ERR1713365	ARO:3007052	Hpyl_gyrA_FLO	28	28	86.54285714285713	87.5	90.58571428571429	92.0	97.8
ERR1713365	ARO:3007053	Hpyl_gyrB_FLO	103	103	84.71844660194175	85.1	82.22815533980582	84.0	94.0
ERR1713365	ARO:3007060	Hpyl_pbp1_AMX	1	1	80.0	80.0	85.1	85.1	85.1
ERR1713365	ARO:3007073	Bsub_rpoB_RIF	934	934	89.38436830835117	89.8	94.78758029978587	95.5	109.0
ERR1713365	ARO:3007107	nimE	2	2	100.0	100.0	45.849999999999994	45.849999999999994	47.4
ERR1713365	ARO:3007112	nimJ	1	1	81.6	81.6	86.3	86.3	86.3
ERR1713365	ARO:3007119	tet(O/32/O)	9	9	99.11111111111111	100.0	102.42222222222222	103.0	107.0
ERR1713365	ARO:3007120	tet(O/M/O)	12	12	98.5	100.0	95.89999999999999	99.2	104.0
ERR1713365	ARO:3007121	tet(O/W)	15	15	97.98	98.0	97.30666666666666	97.4	103.0
ERR1713365	ARO:3007122	tet(O/W/32/O)	17	17	98.94117647058823	100.0	98.84117647058824	99.0	103.0
ERR1713365	ARO:3007124	tet(W/32/O)	9	9	97.44444444444444	98.0	96.98888888888888	102.0	106.0
ERR1713365	ARO:3007191	vanR_in_vanP_cl	1	1	83.3	83.3	45.8	45.8	45.8
ERR1713365	ARO:3007203	Kpne_PhoQ_CST	23	23	89.65217391304348	91.7	87.62173913043478	91.3	99.8
ERR1713365	ARO:3007208	HelR	4	4	84.5	84.0	82.975	82.6	87.4
ERR1713365	ARO:3007237	MCR-1.21	1	1	82.4	82.4	37.7	37.7	37.7
ERR1713365	ARO:3007248	MCR-3.33	2	2	86.0	86.0	89.75	89.75	92.8
ERR1713365	ARO:3007266	MCR-3.20	14	14	98.71428571428571	100.0	98.96428571428571	106.0	116.0
ERR1713365	ARO:3007274	MCR-10.5	2	2	85.85	85.85	86.5	86.5	86.7
ERR1713365	ARO:3007278	MCR-3.17	9	9	99.33333333333333	100.0	105.66666666666667	110.0	111.0
ERR1713365	ARO:3007369	FosH	28	28	81.27142857142857	81.3	67.09642857142858	74.15	91.3
ERR1713365	ARO:3007370	FosI	52	52	82.61153846153846	82.45	63.1576923076923	58.15	96.3
ERR1713365	ARO:3007374	PJM-1	1	1	84.0	84.0	86.7	86.7	86.7
ERR1713365	ARO:3007420	Kpne_lamB_CZA	21	21	91.86190476190475	91.5	94.13809523809525	97.1	108.0
ERR1713365	ARO:3007421	Kpne_PBP3_BLA	78	78	93.96666666666667	95.6	94.75641025641026	96.9	110.0
ERR1713365	ARO:3007423	Ecol_PBP3_BLA	27	27	91.47037037037036	94.0	91.37037037037037	95.9	103.0
ERR1713365	ARO:3007438	LAQ-1	8	8	91.95	91.8	99.5	99.9	107.0
ERR1713365	ARO:3007459	EstT	3	3	99.10000000000001	100.0	74.2	74.7	74.7
ERR1713365	ARO:3007473	Mavi_gyrA_FLO	8	8	87.6625	84.0	91.375	90.15	109.0
ERR1713365	ARO:3007491	Paer_ampR_ATM	99	99	85.52727272727273	83.3	55.654545454545456	48.5	94.0
ERR1713365	ARO:3007527	Bsub_rpsE_SPT	56	56	83.95714285714287	82.35	78.5125	82.4	93.2
ERR1713365	ARO:3007531	Spyo_PBP2x_BLA	1	1	80.0	80.0	81.6	81.6	81.6
ERR1713365	ARO:3007544	Erhu_gyrA_ENR	77	77	83.53506493506494	82.0	89.78701298701299	90.5	103.0
ERR1713365	ARO:3007635	CAE-1	524	524	84.05553435114504	83.7	83.04618320610686	84.3	100.0
ERR1713365	ARO:3007637	cplR	6	6	82.0	82.0	43.06666666666666	43.3	44.3
ERR1713365	ARO:3007644	Cper_cplR	2	2	85.7	85.7	80.5	80.5	80.5
ERR1713365	ARO:3007650	CDA-1	2	2	80.0	80.0	89.0	89.0	89.0
ERR1713365	ARO:3007659	Rv2856	1	1	88.0	88.0	49.7	49.7	49.7
ERR1713365	ARO:3007662	Rv1877	1	1	80.0	80.0	94.4	94.4	94.4
ERR1713365	ARO:3007669	aadT	6	6	86.31666666666666	82.0	83.58333333333333	84.0	91.7
ERR1713365	ARO:3007678	IreK	28	28	82.58928571428571	81.6	84.56071428571428	85.1	91.3
ERR1713365	ARO:3007682	MdtQ	23	23	89.68260869565216	88.0	80.3695652173913	81.6	110.0
ERR1713365	ARO:3007692	Mtub_Rv2535_BDQ	1	1	83.3	83.3	45.8	45.8	45.8
ERR1713365	ARO:3007694	AMZ-1	1	1	81.8	81.8	40.8	40.8	40.8
ERR1713365	ARO:3007749	Sgal_folP_SLF	49	49	83.36938775510204	81.8	49.583673469387755	49.7	96.7
ERR1713365	ARO:3007794	Vvul_rpoB_RIF	2838	2838	85.52730796335447	84.0	91.28139534883721	90.9	108.0
ERR1713365	ARO:3007801	RATA-1	80	80	97.70375	100.0	91.66499999999999	99.9	108.0
ERR1713365	ARO:3007802	RATA-2	23	23	94.9391304347826	96.0	97.97391304347826	98.2	109.0
ERR1713365	ARO:3007825	GES-47	109	109	99.63119266055045	100.0	99.69816513761468	100.0	107.0
ERR1713365	ARO:3007832	GES-54	1	1	98.0	98.0	103.0	103.0	103.0
ERR1713365	ARO:3007835	GES-57	2	2	97.45	97.45	80.30000000000001	80.30000000000001	97.4
ERR1713365	ARO:3007837	CARB-58	4	4	90.35	90.25	43.400000000000006	43.1	44.7
ERR1713365	ARO:3007846	SIE-1	5	5	85.34	83.7	86.67999999999999	85.1	91.7
ERR1713365	ARO:3007855	CHM-1	4	4	85.25	82.85	92.725	90.15	102.0
ERR1713365	ARO:3007993	ADC-277	2	2	81.1	81.1	65.1	65.1	67.4
ERR1713365	ARO:3008073	AIM-2	1	1	100.0	100.0	105.0	105.0	105.0
ERR1713365	ARO:3008081	BMHC-1	13	13	94.10769230769232	100.0	93.93846153846154	95.9	108.0
ERR1713365	ARO:3008183	FOX-21	1	1	100.0	100.0	108.0	108.0	108.0
ERR1713365	ARO:3008186	GES-59	1	1	100.0	100.0	100.0	100.0	100.0
ERR1713365	ARO:3008343	KPC-225	3	3	80.43333333333334	80.0	45.6	42.0	52.8
ERR1713365	ARO:3008383	MOX-15	3	3	96.2	100.0	93.39999999999999	104.0	108.0
ERR1713365	ARO:3008385	MOX-17	6	6	93.93333333333334	99.0	83.36666666666666	102.5	104.0
ERR1713365	ARO:3008394	MUN-1	3	3	96.66666666666667	100.0	97.8	99.4	100.0
ERR1713365	ARO:3008422	OXA-1001	1	1	88.0	88.0	98.2	98.2	98.2
ERR1713365	ARO:3008425	OXA-1004	2	2	84.0	84.0	92.4	92.4	92.4
ERR1713365	ARO:3008460	OXA-1041	20	20	99.175	100.0	99.235	103.0	115.0
ERR1713365	ARO:3008463	OXA-1044	25	25	99.53200000000001	100.0	79.824	85.1	91.3
ERR1713365	ARO:3008503	OXA-1085	15	15	100.0	100.0	81.06	79.7	110.0
ERR1713365	ARO:3008571	OXA-1153	4	4	100.0	100.0	109.0	109.0	110.0
ERR1713365	ARO:3008575	OXA-1157	1	1	95.8	95.8	46.6	46.6	46.6
ERR1713365	ARO:3008590	OXA-1172	1	1	98.0	98.0	103.0	103.0	103.0
ERR1713365	ARO:3008620	OXA-1208	10	10	96.24	98.0	88.72	100.5	102.0
ERR1713365	ARO:3008976	PDC-629	1	1	80.5	80.5	72.8	72.8	72.8
ERR1713365	ARO:3009035	RAA-1	1	1	80.0	80.0	87.0	87.0	87.0
ERR1713365	ARO:3009040	RASA-1	2	2	87.0	87.0	90.9	90.9	93.2
ERR1713365	ARO:3009041	RSC1-1	1	1	80.4	80.4	77.0	77.0	77.0
ERR1713365	ARO:3009096	YOC-1	1	1	83.7	83.7	90.1	90.1	90.1
ERR1713369	ARO:3000013	vanB	10	10	80.3	80.0	40.309999999999995	40.599999999999994	40.8
ERR1713369	ARO:3000024	patA	247	247	84.1919028340081	83.3	73.23765182186236	79.7	89.0
ERR1713369	ARO:3000025	patB	375	375	84.32533333333333	84.0	79.87626666666667	84.0	98.6
ERR1713369	ARO:3000027	emrA	109	109	90.56146788990826	89.8	85.93853211009174	86.7	105.0
ERR1713369	ARO:3000074	emrB	245	245	92.04653061224491	92.1	90.5934693877551	92.4	116.0
ERR1713369	ARO:3000090	Bla1	1	1	84.2	84.2	70.5	70.5	70.5
ERR1713369	ARO:3000149	FosA	5	5	81.56	81.8	79.9	81.3	81.3
ERR1713369	ARO:3000165	tet(A)	92	92	99.53804347826087	100.0	74.7858695652174	82.0	105.0
ERR1713369	ARO:3000166	tet(B)	69	69	98.24927536231884	100.0	91.59855072463769	96.7	105.0
ERR1713369	ARO:3000167	tet(C)	78	78	99.10897435897436	100.0	69.24358974358974	75.85	98.6
ERR1713369	ARO:3000168	tet(D)	84	84	99.43333333333332	100.0	91.40357142857142	94.4	104.0
ERR1713369	ARO:3000173	tet(E)	2	2	98.85	98.85	91.25	91.25	102.0
ERR1713369	ARO:3000174	tet(G)	296	296	93.68682432432432	94.0	88.65	90.9	105.0
ERR1713369	ARO:3000175	tet(H)	75	75	98.38	100.0	89.79466666666667	95.5	105.0
ERR1713369	ARO:3000179	tet(L)	4	4	94.3	96.95	77.7	79.75	89.7
ERR1713369	ARO:3000180	tetA(P)	83	83	88.88433734939758	89.6	81.9722891566265	85.1	96.3
ERR1713369	ARO:3000181	tet(V)	2	2	83.35	83.35	75.85	75.85	82.8
ERR1713369	ARO:3000182	tet(Y)	13	13	98.58461538461538	100.0	91.69999999999999	98.2	104.0
ERR1713369	ARO:3000183	tet(Z)	2	2	100.0	100.0	89.95	89.95	99.0
ERR1713369	ARO:3000186	tet(M)	264	264	93.575	95.8	84.49166666666666	91.7	111.0
ERR1713369	ARO:3000190	tet(O)	1616	1616	97.79003712871288	100.0	96.5717202970297	99.8	114.0
ERR1713369	ARO:3000191	tet(Q)	1134	1134	95.55925925925926	96.0	94.72372134038801	98.2	113.0
ERR1713369	ARO:3000192	tet(S)	232	232	98.26379310344828	100.0	96.47068965517242	101.0	112.0
ERR1713369	ARO:3000193	tet(T)	111	111	93.06846846846847	95.7	92.12792792792793	95.1	108.0
ERR1713369	ARO:3000194	tet(W)	2001	2001	99.02123938030985	100.0	95.4559220389805	99.8	113.0
ERR1713369	ARO:3000195	tetB(P)	57	57	91.56666666666666	92.0	84.41754385964913	91.3	103.0
ERR1713369	ARO:3000196	tet(32)	602	602	97.4857142857143	100.0	97.42275747508306	100.0	112.0
ERR1713369	ARO:3000197	tet(36)	93	93	91.30322580645162	91.8	88.80537634408601	91.3	107.0
ERR1713369	ARO:3000198	FosX	8	8	81.7	81.0	50.875	44.5	76.6
ERR1713369	ARO:3000205	tet(X)	431	431	99.04872389791183	100.0	97.34408352668214	103.0	113.0
ERR1713369	ARO:3000206	emrK	58	58	95.33275862068966	100.0	92.18275862068967	95.7	105.0
ERR1713369	ARO:3000216	acrB	759	759	89.74532279314887	89.6	84.56389986824769	86.3	114.0
ERR1713369	ARO:3000230	ANT(2'')-Ia	307	307	97.87785016286645	98.0	93.20814332247558	103.0	117.0
ERR1713369	ARO:3000237	TolC	187	187	92.5994652406417	92.0	87.03582887700536	89.4	101.0
ERR1713369	ARO:3000245	RbpA	4	4	83.35	82.6	51.900000000000006	41.6	84.7
ERR1713369	ARO:3000254	emrY	56	56	99.10535714285713	100.0	98.03392857142856	100.0	115.0
ERR1713369	ARO:3000263	marA	22	22	96.27727272727272	98.0	80.38636363636364	86.1	108.0
ERR1713369	ARO:3000316	mphA	128	128	98.76796875	100.0	96.28515625	100.0	115.0
ERR1713369	ARO:3000318	mphB	2	2	87.9	87.9	95.65	95.65	100.0
ERR1713369	ARO:3000343	tap	4	4	88.4	89.0	91.75	90.7	102.0
ERR1713369	ARO:3000347	ErmA	20	20	85.19500000000001	84.85	78.135	90.1	96.7
ERR1713369	ARO:3000361	EreA	603	603	97.78358208955224	98.0	94.23084577114427	98.6	107.0
ERR1713369	ARO:3000363	EreB	20	20	92.30499999999999	91.0	96.53	98.4	107.0
ERR1713369	ARO:3000368	vanC	4	4	83.925	83.4	42.075	41.8	45.8
ERR1713369	ARO:3000375	ErmB	321	321	97.79127725856698	100.0	77.04984423676012	79.3	110.0
ERR1713369	ARO:3000377	MexA	9	9	84.75555555555555	83.0	70.17777777777778	80.1	85.9
ERR1713369	ARO:3000378	MexB	460	460	84.44260869565217	83.7	76.02195652173913	78.2	95.1
ERR1713369	ARO:3000379	OprM	62	62	81.84032258064516	81.5	71.52741935483871	71.65	90.9
ERR1713369	ARO:3000410	sul1	585	585	99.07623931623931	100.0	83.34837606837607	92.0	108.0
ERR1713369	ARO:3000412	sul2	191	191	99.40418848167539	100.0	70.41465968586388	72.4	102.0
ERR1713369	ARO:3000413	sul3	25	25	91.916	91.2	80.02	88.2	100.0
ERR1713369	ARO:3000421	norB	3	3	81.26666666666667	81.0	65.56666666666666	76.6	76.6
ERR1713369	ARO:3000444	rphA	137	137	84.87883211678832	84.6	47.916788321167886	48.5	59.7
ERR1713369	ARO:3000448	QepA1	4	4	89.2	86.4	59.675	57.75	83.2
ERR1713369	ARO:3000464	Ngon_porin	112	112	83.57053571428571	83.3	44.14732142857143	45.25	54.7
ERR1713369	ARO:3000476	tet(31)	58	58	98.35517241379311	100.0	93.47758620689655	96.7	105.0
ERR1713369	ARO:3000478	tet(33)	16	16	99.25	100.0	94.90625	97.85	103.0
ERR1713369	ARO:3000481	tet(35)	6	6	81.21666666666667	81.2	66.93333333333334	73.15	79.0
ERR1713369	ARO:3000491	acrD	555	555	90.24378378378378	90.6	85.84504504504504	86.7	111.0
ERR1713369	ARO:3000498	ErmF	383	383	97.72140992167103	100.0	91.03054830287205	97.1	107.0
ERR1713369	ARO:3000499	AcrE	89	89	92.9685393258427	98.0	88.85393258426966	93.6	105.0
ERR1713369	ARO:3000501	rpoB2	453	453	83.48300220750552	82.0	72.260706401766	73.6	106.0
ERR1713369	ARO:3000502	AcrF	417	417	90.2453237410072	90.0	84.96043165467626	87.4	106.0
ERR1713369	ARO:3000504	golS	9	9	84.25555555555555	83.3	43.21111111111111	43.1	49.3
ERR1713369	ARO:3000508	gadX	38	38	96.8578947368421	100.0	91.55	96.65	107.0
ERR1713369	ARO:3000510	Saur_mupB_MUP	33	33	82.78787878787878	81.0	49.34848484848485	41.6	92.4
ERR1713369	ARO:3000516	emrR	56	56	94.74642857142858	96.65	90.63392857142857	96.30000000000001	112.0
ERR1713369	ARO:3000518	CRP	177	177	94.99209039548022	98.0	89.78474576271186	94.0	107.0
ERR1713369	ARO:3000521	Saur_mupA_MUP	8	8	80.7375	80.0	57.225	46.2	94.7
ERR1713369	ARO:3000522	ErmG	15	15	96.28666666666666	98.0	85.96666666666667	95.5	108.0
ERR1713369	ARO:3000533	macA	179	179	83.57821229050279	83.3	79.29217877094972	79.3	89.4
ERR1713369	ARO:3000535	macB	1366	1366	84.76398243045388	83.7	76.98609077598829	78.2	97.1
ERR1713369	ARO:3000549	adeS	18	18	83.15555555555555	82.25	79.25555555555556	84.75	93.2
ERR1713369	ARO:3000553	adeR	39	39	86.79743589743589	85.0	82.76666666666667	83.6	104.0
ERR1713369	ARO:3000556	tet(44)	142	142	92.49577464788732	94.95	96.16338028169015	96.7	111.0
ERR1713369	ARO:3000559	adeN	101	101	86.23069306930692	86.0	87.68217821782177	89.4	104.0
ERR1713369	ARO:3000566	tet(39)	2183	2183	99.36871278057718	100.0	92.6918460833715	96.7	108.0
ERR1713369	ARO:3000567	tet(40)	368	368	97.91603260869564	98.0	90.93695652173913	96.3	109.0
ERR1713369	ARO:3000573	tet(43)	5	5	84.16	84.0	80.74	88.2	93.6
ERR1713369	ARO:3000593	ErmQ	2	2	100.0	100.0	104.0	104.0	105.0
ERR1713369	ARO:3000595	ErmT	60	60	96.06833333333334	98.0	94.99666666666667	98.4	105.0
ERR1713369	ARO:3000596	ErmX	74	74	96.33378378378379	97.9	89.98108108108109	97.1	108.0
ERR1713369	ARO:3000602	Erm(39)	2	2	83.65	83.65	90.9	90.9	95.9
ERR1713369	ARO:3000604	Erm(35)	58	58	84.49137931034483	84.2	70.5206896551724	66.05000000000001	94.0
ERR1713369	ARO:3000605	Erm(36)	2	2	88.9	88.9	40.4	40.4	40.4
ERR1713369	ARO:3000614	mef(E)	31	31	85.76129032258065	84.0	83.90645161290323	84.3	95.1
ERR1713369	ARO:3000616	mel	1916	1916	91.09039665970774	91.8	84.99598121085594	87.4	103.0
ERR1713369	ARO:3000620	adeL	6	6	89.18333333333334	91.15	75.35000000000001	79.9	92.0
ERR1713369	ARO:3000656	AcrS	33	33	98.07575757575758	100.0	88.81818181818181	99.4	110.0
ERR1713369	ARO:3000676	H-NS	79	79	94.74683544303798	97.4	77.6632911392405	76.6	105.0
ERR1713369	ARO:3000753	abeM	463	463	86.68488120950323	86.0	82.45097192224623	84.7	104.0
ERR1713369	ARO:3000768	abeS	6	6	84.64999999999999	82.4	57.43333333333334	46.2	84.7
ERR1713369	ARO:3000774	adeA	49	49	88.67755102040816	90.0	85.23673469387757	87.8	94.7
ERR1713369	ARO:3000775	adeB	351	351	89.83817663817663	90.0	82.48888888888888	84.3	105.0
ERR1713369	ARO:3000777	adeF	1022	1022	86.63502935420743	85.7	80.75489236790607	84.0	103.0
ERR1713369	ARO:3000778	adeG	19	19	90.81052631578947	90.0	86.04736842105264	88.2	100.0
ERR1713369	ARO:3000779	adeH	28	28	87.44642857142857	85.85	72.67857142857143	75.9	97.8
ERR1713369	ARO:3000780	adeI	522	522	86.51264367816091	86.0	78.3521072796935	83.6	94.4
ERR1713369	ARO:3000781	adeJ	2204	2204	88.3173774954628	87.8	84.87831215970961	87.0	106.0
ERR1713369	ARO:3000782	adeK	800	800	87.14375	87.2	83.52375	85.5	102.0
ERR1713369	ARO:3000784	cmeB	31	31	82.49677419354839	81.6	64.14193548387097	72.4	80.9
ERR1713369	ARO:3000789	mdsA	2	2	83.65	83.65	76.45	76.45	77.0
ERR1713369	ARO:3000790	mdsB	41	41	83.20731707317073	81.6	78.97073170731707	82.4	97.4
ERR1713369	ARO:3000791	mdsC	9	9	82.1	81.6	66.07777777777778	72.0	80.1
ERR1713369	ARO:3000792	mdtA	147	147	93.68163265306123	93.9	88.04285714285714	89.7	103.0
ERR1713369	ARO:3000793	mdtB	1354	1354	86.89771048744461	86.0	80.03330871491876	81.3	105.0
ERR1713369	ARO:3000794	mdtC	690	690	88.16289855072463	85.85	83.45188405797101	83.2	107.0
ERR1713369	ARO:3000795	mdtE	76	76	99.09078947368421	100.0	90.47368421052632	94.0	105.0
ERR1713369	ARO:3000796	mdtF	375	375	89.56533333333333	86.0	82.81653333333334	84.0	112.0
ERR1713369	ARO:3000800	MexC	301	301	85.85946843853822	85.4	66.23355481727575	62.8	88.6
ERR1713369	ARO:3000801	MexD	250	250	84.6096	83.7	78.328	79.0	92.4
ERR1713369	ARO:3000802	OprJ	27	27	83.15555555555555	82.9	69.13703703703703	74.7	84.0
ERR1713369	ARO:3000803	MexE	11	11	82.67272727272727	82.0	80.4090909090909	79.3	92.0
ERR1713369	ARO:3000804	MexF	385	385	86.45922077922079	86.0	79.9148051948052	79.7	100.0
ERR1713369	ARO:3000805	OprN	14	14	83.43571428571428	83.85	75.75714285714285	77.0	87.0
ERR1713369	ARO:3000808	MexI	44	44	85.02954545454546	83.85	68.94090909090909	77.19999999999999	88.6
ERR1713369	ARO:3000810	mtrC	50	50	83.8	84.05	77.492	78.4	97.8
ERR1713369	ARO:3000811	mtrD	2271	2271	84.98432408630559	84.0	76.68841919859092	78.2	95.5
ERR1713369	ARO:3000812	mtrE	192	192	82.69114583333334	82.0	73.97708333333334	78.2	83.2
ERR1713369	ARO:3000814	MexT	10	10	86.72	85.85	62.46	56.8	89.7
ERR1713369	ARO:3000817	mtrR	103	103	85.21067961165049	84.0	75.64077669902913	76.6	100.0
ERR1713369	ARO:3000819	nalD	17	17	83.4235294117647	81.3	66.15882352941176	53.9	93.2
ERR1713369	ARO:3000822	pmrA	3	3	87.26666666666667	88.0	84.73333333333333	84.0	87.4
ERR1713369	ARO:3000823	ramA	40	40	90.8725	91.5	87.03999999999999	91.5	107.0
ERR1713369	ARO:3000826	sdiA	25	25	89.36	88.6	80.62400000000001	85.9	100.0
ERR1713369	ARO:3000828	baeR	98	98	92.7704081632653	95.9	84.82244897959184	93.4	105.0
ERR1713369	ARO:3000829	baeS	145	145	92.05310344827586	93.8	90.05724137931034	92.8	117.0
ERR1713369	ARO:3000830	cpxA	268	268	95.40410447761194	97.4	94.11007462686567	96.3	110.0
ERR1713369	ARO:3000832	evgA	11	11	95.71818181818183	100.0	81.98181818181818	85.5	103.0
ERR1713369	ARO:3000833	evgS	145	145	98.54482758620689	100.0	98.77310344827586	100.0	110.0
ERR1713369	ARO:3000838	arlR	29	29	81.5206896551724	80.6	49.60344827586207	46.6	89.7
ERR1713369	ARO:3000842	EBR-1	13	13	98.57692307692308	100.0	85.12307692307692	99.4	110.0
ERR1713369	ARO:3000851	THIN-B	2	2	88.45	88.45	86.85	86.85	91.7
ERR1713369	ARO:3000928	TEM-59	2	2	100.0	100.0	44.65	44.65	50.8
ERR1713369	ARO:3000988	TEM-126	1	1	100.0	100.0	101.0	101.0	101.0
ERR1713369	ARO:3001043	TEM-178	1	1	100.0	100.0	81.3	81.3	81.3
ERR1713369	ARO:3001052	TEM-192	1	1	97.9	97.9	89.7	89.7	89.7
ERR1713369	ARO:3001058	TEM-199	3	3	100.0	100.0	72.93333333333334	79.0	79.0
ERR1713369	ARO:3001068	SHV-9	1	1	100.0	100.0	102.0	102.0	102.0
ERR1713369	ARO:3001079	SHV-21	1	1	100.0	100.0	96.3	96.3	96.3
ERR1713369	ARO:3001110	SHV-53	3	3	100.0	100.0	100.0	100.0	100.0
ERR1713369	ARO:3001127	SHV-73	1	1	100.0	100.0	100.0	100.0	100.0
ERR1713369	ARO:3001170	SHV-123	3	3	100.0	100.0	86.3	86.3	86.3
ERR1713369	ARO:3001173	SHV-126	1	1	100.0	100.0	79.0	79.0	79.0
ERR1713369	ARO:3001204	SHV-167	1	1	100.0	100.0	102.0	102.0	102.0
ERR1713369	ARO:3001205	BRP(MBL)	1	1	90.5	90.5	38.9	38.9	38.9
ERR1713369	ARO:3001214	mdtM	67	67	92.58955223880596	93.9	89.844776119403	92.0	103.0
ERR1713369	ARO:3001216	mdtH	105	105	91.89428571428572	92.0	90.2304761904762	90.9	110.0
ERR1713369	ARO:3001299	Sfra_tlrB_TYL	1	1	81.8	81.8	43.5	43.5	43.5
ERR1713369	ARO:3001301	RlmA(II)	2	2	93.0	93.0	96.85	96.85	97.4
ERR1713369	ARO:3001327	MdtK	125	125	88.8432	89.7	89.55760000000001	92.0	107.0
ERR1713369	ARO:3001328	Ecol_mdfA	133	133	89.83082706766918	89.8	85.54887218045113	88.2	100.0
ERR1713369	ARO:3001329	mdtG	108	108	92.51203703703703	92.0	89.49537037037037	90.1	108.0
ERR1713369	ARO:3001397	OXA-2	39	39	98.96923076923078	100.0	103.43076923076923	104.0	108.0
ERR1713369	ARO:3001398	OXA-3	4	4	84.9	85.0	103.55	104.5	107.0
ERR1713369	ARO:3001400	OXA-5	7	7	96.41428571428571	98.0	89.04285714285713	95.9	102.0
ERR1713369	ARO:3001402	OXA-7	24	24	98.74583333333334	100.0	77.55	79.0	105.0
ERR1713369	ARO:3001404	OXA-9	4	4	100.0	100.0	72.7	73.7	103.0
ERR1713369	ARO:3001408	OXA-13	1	1	100.0	100.0	104.0	104.0	104.0
ERR1713369	ARO:3001410	OXA-15	1	1	82.5	82.5	73.6	73.6	73.6
ERR1713369	ARO:3001411	OXA-16	885	885	99.35084745762713	100.0	95.27988700564971	100.0	111.0
ERR1713369	ARO:3001412	OXA-17	5	5	98.38	100.0	104.04	106.0	107.0
ERR1713369	ARO:3001415	OXA-20	3	3	93.2	97.8	79.33333333333333	90.1	94.4
ERR1713369	ARO:3001416	OXA-21	84	84	97.32261904761906	100.0	98.36428571428571	103.5	119.0
ERR1713369	ARO:3001420	OXA-25	5	5	96.9	100.0	94.42	100.0	107.0
ERR1713369	ARO:3001421	OXA-26	3	3	99.33333333333333	100.0	103.0	103.0	104.0
ERR1713369	ARO:3001425	OXA-31	67	67	99.32089552238806	100.0	63.33880597014925	58.9	100.0
ERR1713369	ARO:3001426	OXA-32	1	1	100.0	100.0	106.0	106.0	106.0
ERR1713369	ARO:3001427	OXA-33	25	25	98.86	100.0	99.708	102.0	105.0
ERR1713369	ARO:3001428	OXA-34	90	90	99.29222222222221	100.0	83.95444444444443	89.75	109.0
ERR1713369	ARO:3001429	OXA-35	28	28	99.78571428571429	100.0	99.56428571428572	100.0	103.0
ERR1713369	ARO:3001430	OXA-36	175	175	98.46742857142857	100.0	104.43714285714286	104.0	118.0
ERR1713369	ARO:3001431	OXA-37	13	13	91.29230769230769	95.8	91.76923076923077	101.0	117.0
ERR1713369	ARO:3001439	OXA-101	32	32	98.60625	100.0	96.346875	97.25	102.0
ERR1713369	ARO:3001452	OXA-140	86	86	98.90813953488373	100.0	102.32674418604651	103.0	111.0
ERR1713369	ARO:3001483	OXA-205	232	232	99.05129310344829	100.0	100.41120689655173	104.0	119.0
ERR1713369	ARO:3001485	OXA-207	4	4	100.0	100.0	74.8	75.1	102.0
ERR1713369	ARO:3001495	OXA-233	25	25	99.84	100.0	101.204	100.0	107.0
ERR1713369	ARO:3001498	OXA-239	1	1	80.0	80.0	84.3	84.3	84.3
ERR1713369	ARO:3001499	OXA-240	1	1	86.0	86.0	84.3	84.3	84.3
ERR1713369	ARO:3001500	OXA-251	2	2	100.0	100.0	102.0	102.0	105.0
ERR1713369	ARO:3001502	OXA-256	15	15	98.37333333333332	100.0	101.33333333333333	103.0	108.0
ERR1713369	ARO:3001504	OXA-309	5	5	97.64	98.0	84.72	92.8	94.0
ERR1713369	ARO:3001512	OXA-324	1	1	84.0	84.0	94.7	94.7	94.7
ERR1713369	ARO:3001518	OXA-330	1	1	83.7	83.7	94.7	94.7	94.7
ERR1713369	ARO:3001521	OXA-333	73	73	98.87397260273973	100.0	98.5095890410959	100.0	111.0
ERR1713369	ARO:3001522	OXA-334	20	20	98.37	100.0	75.25	60.8	105.0
ERR1713369	ARO:3001535	OXA-348	30	30	80.75333333333333	80.0	83.63333333333334	84.0	86.3
ERR1713369	ARO:3001546	OXA-359	1	1	80.5	80.5	72.8	72.8	72.8
ERR1713369	ARO:3001547	OXA-360	2	2	100.0	100.0	104.5	104.5	108.0
ERR1713369	ARO:3001548	OXA-361	2	2	80.55	80.55	63.349999999999994	63.349999999999994	63.9
ERR1713369	ARO:3001549	OXA-362	1	1	82.0	82.0	89.7	89.7	89.7
ERR1713369	ARO:3001557	OXA-371	1	1	82.6	82.6	86.7	86.7	86.7
ERR1713369	ARO:3001558	OXA-372	2	2	95.0	95.0	92.80000000000001	92.80000000000001	94.7
ERR1713369	ARO:3001559	OXA-373	44	44	99.175	100.0	102.92272727272729	102.0	114.0
ERR1713369	ARO:3001562	OXA-376	1	1	82.0	82.0	91.3	91.3	91.3
ERR1713369	ARO:3001575	OXA-389	1	1	80.0	80.0	91.3	91.3	91.3
ERR1713369	ARO:3001608	OXA-417	126	126	83.80079365079365	83.7	89.07857142857142	89.7	95.9
ERR1713369	ARO:3001631	OXA-96	47	47	98.9276595744681	100.0	104.78297872340426	106.0	109.0
ERR1713369	ARO:3001633	OXA-79	9	9	81.15555555555555	81.6	90.24444444444445	90.5	91.7
ERR1713369	ARO:3001642	OXA-111	1	1	81.6	81.6	93.6	93.6	93.6
ERR1713369	ARO:3001662	OXA-164	223	223	99.25201793721973	100.0	93.77488789237668	100.0	107.0
ERR1713369	ARO:3001692	OXA-229	3	3	94.43333333333334	100.0	95.06666666666666	100.0	102.0
ERR1713369	ARO:3001693	OXA-230	1	1	82.0	82.0	91.3	91.3	91.3
ERR1713369	ARO:3001710	OXA-211	86	86	98.37906976744186	100.0	100.11046511627907	103.0	112.0
ERR1713369	ARO:3001711	OXA-212	24	24	97.72083333333335	98.0	76.42083333333333	69.5	108.0
ERR1713369	ARO:3001722	OXA-266	10	10	81.76	81.5	75.92999999999999	74.15	89.7
ERR1713369	ARO:3001731	OXA-275	9	9	93.73333333333333	100.0	92.22222222222223	99.8	108.0
ERR1713369	ARO:3001734	OXA-279	2	2	96.85	96.85	93.2	93.2	94.4
ERR1713369	ARO:3001735	OXA-280	6	6	100.0	100.0	76.56666666666666	76.65	102.0
ERR1713369	ARO:3001736	OXA-281	11	11	97.25454545454545	97.4	64.78181818181818	60.1	89.4
ERR1713369	ARO:3001751	OXA-296	4	4	93.55	97.1	76.575	76.30000000000001	97.1
ERR1713369	ARO:3001754	OXA-299	69	69	81.96666666666667	81.6	87.53333333333333	87.8	101.0
ERR1713369	ARO:3001755	OXA-300	1	1	88.0	88.0	89.0	89.0	89.0
ERR1713369	ARO:3001775	OXA-119	33	33	95.25151515151515	98.0	91.27878787878787	98.6	108.0
ERR1713369	ARO:3001777	OXA-347	105	105	99.0695238095238	100.0	95.57142857142857	102.0	108.0
ERR1713369	ARO:3001781	OXA-47	164	164	99.19146341463414	100.0	97.18353658536586	99.8	111.0
ERR1713369	ARO:3001793	OXA-320	4	4	99.5	100.0	102.225	103.5	106.0
ERR1713369	ARO:3001797	OXA-46	60	60	98.35833333333333	100.0	84.83999999999999	89.4	119.0
ERR1713369	ARO:3001798	OXA-74	3	3	98.0	100.0	99.3	98.2	105.0
ERR1713369	ARO:3001804	OXA-145	160	160	99.436875	100.0	94.798125	101.0	111.0
ERR1713369	ARO:3001807	OXA-246	2	2	96.0	96.0	97.4	97.4	102.0
ERR1713369	ARO:3001809	OXA-209	23	23	87.98260869565217	87.8	94.77391304347827	95.1	104.0
ERR1713369	ARO:3001810	OXA-53	6	6	84.18333333333334	81.1	94.46666666666665	93.55000000000001	100.0
ERR1713369	ARO:3001811	OXA-129	9	9	99.17777777777778	100.0	90.24444444444445	98.6	110.0
ERR1713369	ARO:3001817	ACC-3	2	2	85.7	85.7	52.4	52.4	52.4
ERR1713369	ARO:3001825	ACT-6	1	1	100.0	100.0	105.0	105.0	105.0
ERR1713369	ARO:3001827	ACT-16	1	1	82.1	82.1	60.5	60.5	60.5
ERR1713369	ARO:3001829	ACT-4	19	19	99.57894736842105	100.0	101.30526315789473	107.0	109.0
ERR1713369	ARO:3001832	ACT-10	4	4	100.0	100.0	81.65	93.0	93.2
ERR1713369	ARO:3001835	ACT-13	1	1	96.9	96.9	58.9	58.9	58.9
ERR1713369	ARO:3001843	ACT-22	2	2	93.0	93.0	99.65	99.65	103.0
ERR1713369	ARO:3001848	ACT-28	1	1	98.0	98.0	98.2	98.2	98.2
ERR1713369	ARO:3001871	CTX-M-8	1	1	87.8	87.8	87.8	87.8	87.8
ERR1713369	ARO:3001874	CTX-M-11	7	7	100.0	100.0	92.3	99.8	103.0
ERR1713369	ARO:3001904	CTX-M-42	5	5	100.0	100.0	71.36	70.5	99.8
ERR1713369	ARO:3001907	CTX-M-45	3	3	95.46666666666665	100.0	79.23333333333333	98.6	99.4
ERR1713369	ARO:3001918	CTX-M-56	1	1	98.0	98.0	96.3	96.3	96.3
ERR1713369	ARO:3001920	CTX-M-59	1	1	94.0	94.0	92.4	92.4	92.4
ERR1713369	ARO:3001937	CTX-M-76	1	1	93.9	93.9	99.8	99.8	99.8
ERR1713369	ARO:3001938	CTX-M-77	3	3	96.03333333333335	95.9	80.63333333333334	93.2	93.2
ERR1713369	ARO:3001967	CTX-M-107	4	4	99.5	100.0	95.775	94.9	98.6
ERR1713369	ARO:3001968	CTX-M-108	6	6	97.51666666666667	99.0	100.63333333333333	103.0	104.0
ERR1713369	ARO:3002012	CMY-1	1	1	100.0	100.0	100.0	100.0	100.0
ERR1713369	ARO:3002015	CMY-4	9	9	99.77777777777777	100.0	105.55555555555556	106.0	109.0
ERR1713369	ARO:3002031	CMY-20	1	1	96.0	96.0	95.5	95.5	95.5
ERR1713369	ARO:3002049	CMY-38	1	1	98.0	98.0	103.0	103.0	103.0
ERR1713369	ARO:3002052	CMY-41	1	1	100.0	100.0	105.0	105.0	105.0
ERR1713369	ARO:3002055	CMY-44	82	82	99.53414634146341	100.0	101.43658536585365	105.0	114.0
ERR1713369	ARO:3002060	CMY-49	1	1	90.0	90.0	92.0	92.0	92.0
ERR1713369	ARO:3002069	CMY-59	28	28	99.04642857142858	100.0	77.47142857142856	82.6	102.0
ERR1713369	ARO:3002074	CMY-61	24	24	99.06666666666666	100.0	101.87916666666666	104.0	107.0
ERR1713369	ARO:3002083	CMY-70	1	1	89.8	89.8	94.7	94.7	94.7
ERR1713369	ARO:3002084	CMY-71	2	2	94.9	94.9	95.7	95.7	96.7
ERR1713369	ARO:3002092	CMY-79	1	1	100.0	100.0	107.0	107.0	107.0
ERR1713369	ARO:3002111	CMY-98	7	7	100.0	100.0	99.07142857142857	98.2	103.0
ERR1713369	ARO:3002125	CMY-114	3	3	100.0	100.0	104.66666666666667	106.0	107.0
ERR1713369	ARO:3002168	MIR-2	5	5	100.0	100.0	96.22	106.0	107.0
ERR1713369	ARO:3002169	MIR-3	1	1	100.0	100.0	105.0	105.0	105.0
ERR1713369	ARO:3002170	MIR-5	1	1	98.0	98.0	105.0	105.0	105.0
ERR1713369	ARO:3002185	MOX-6	2	2	93.0	93.0	101.2	101.2	103.0
ERR1713369	ARO:3002186	MOX-3	1	1	89.8	89.8	88.2	88.2	88.2
ERR1713369	ARO:3002188	MOX-5	1	1	100.0	100.0	101.0	101.0	101.0
ERR1713369	ARO:3002191	MOX-9	7	7	98.85714285714286	100.0	101.85714285714286	102.0	110.0
ERR1713369	ARO:3002222	IMP-31	1	1	86.7	86.7	75.1	75.1	75.1
ERR1713369	ARO:3002240	CARB-1	105	105	99.52857142857142	100.0	98.74000000000001	101.0	105.0
ERR1713369	ARO:3002241	CARB-2	48	48	99.8	100.0	82.38125000000001	90.7	99.8
ERR1713369	ARO:3002242	CARB-3	29	29	98.82413793103449	100.0	85.1103448275862	94.4	99.4
ERR1713369	ARO:3002243	CARB-4	277	277	98.24043321299638	98.0	91.91444043321299	98.2	107.0
ERR1713369	ARO:3002244	CARB-5	309	309	99.05954692556635	100.0	97.72135922330098	100.0	111.0
ERR1713369	ARO:3002245	CARB-6	209	209	99.39473684210526	100.0	99.83444976076555	100.0	110.0
ERR1713369	ARO:3002247	CARB-8	36	36	99.5	100.0	71.76944444444445	72.0	102.0
ERR1713369	ARO:3002249	CARB-10	8	8	99.5	100.0	78.35	75.65	102.0
ERR1713369	ARO:3002250	CARB-12	24	24	98.73333333333333	100.0	94.69583333333333	96.9	102.0
ERR1713369	ARO:3002252	CARB-14	43	43	99.71860465116278	100.0	64.19767441860465	63.9	96.3
ERR1713369	ARO:3002288	VIM-18	1	1	100.0	100.0	74.3	74.3	74.3
ERR1713369	ARO:3002307	VIM-37	1	1	100.0	100.0	73.9	73.9	73.9
ERR1713369	ARO:3002332	GES-3	6	6	98.96666666666665	100.0	99.23333333333333	99.7	102.0
ERR1713369	ARO:3002339	GES-10	2	2	94.9	94.9	95.6	95.6	103.0
ERR1713369	ARO:3002341	GES-12	7	7	98.85714285714286	100.0	103.28571428571429	103.0	105.0
ERR1713369	ARO:3002342	GES-13	7	7	98.25714285714285	100.0	99.34285714285714	102.0	104.0
ERR1713369	ARO:3002343	GES-14	42	42	99.22142857142858	100.0	102.83095238095237	103.0	108.0
ERR1713369	ARO:3002349	GES-20	1	1	97.4	97.4	73.2	73.2	73.2
ERR1713369	ARO:3002350	GES-21	237	237	99.22616033755274	100.0	92.27932489451477	99.0	112.0
ERR1713369	ARO:3002364	PER-2	1	1	85.7	85.7	70.9	70.9	70.9
ERR1713369	ARO:3002366	PER-4	2	2	100.0	100.0	99.15	99.15	102.0
ERR1713369	ARO:3002370	VEB-1	12	12	99.79166666666667	100.0	80.14166666666667	81.44999999999999	97.1
ERR1713369	ARO:3002372	VEB-3	33	33	97.10303030303031	100.0	101.12121212121212	101.0	112.0
ERR1713369	ARO:3002373	VEB-4	1	1	100.0	100.0	38.5	38.5	38.5
ERR1713369	ARO:3002375	VEB-5	4	4	99.5	100.0	91.375	95.9	98.2
ERR1713369	ARO:3002411	OXY-5-1	1	1	100.0	100.0	77.0	77.0	77.0
ERR1713369	ARO:3002414	OXY-6-2	1	1	100.0	100.0	101.0	101.0	101.0
ERR1713369	ARO:3002459	LEN-9	1	1	100.0	100.0	100.0	100.0	100.0
ERR1713369	ARO:3002475	LEN-3	2	2	90.7	90.7	88.65	88.65	101.0
ERR1713369	ARO:3002477	LEN-14	2	2	97.95	97.95	99.5	99.5	100.0
ERR1713369	ARO:3002481	AER-1	117	117	94.85982905982907	96.0	91.13162393162393	94.7	109.0
ERR1713369	ARO:3002522	novA	7	7	82.92857142857143	83.0	75.82857142857142	81.3	91.3
ERR1713369	ARO:3002528	AAC(3)-Ia	4	4	96.6	96.65	60.625	54.65	84.3
ERR1713369	ARO:3002529	AAC(3)-Id	15	15	84.37333333333332	84.0	78.62666666666668	80.5	86.3
ERR1713369	ARO:3002530	AAC(3)-Ib	38	38	94.81842105263158	98.45	63.531578947368416	47.95	101.0
ERR1713369	ARO:3002531	AAC(3)-Ic	1	1	83.7	83.7	78.6	78.6	78.6
ERR1713369	ARO:3002533	AAC(3)-IIa	1	1	90.9	90.9	67.4	67.4	67.4
ERR1713369	ARO:3002534	AAC(3)-IIb	2	2	87.0	87.0	87.05000000000001	87.05000000000001	87.4
ERR1713369	ARO:3002535	AAC(3)-IIc	10	10	96.84	99.0	82.88	90.15	107.0
ERR1713369	ARO:3002546	AAC(6')-Ib	16	16	98.98125	100.0	103.875	105.5	110.0
ERR1713369	ARO:3002547	AAC(6')-Ib-cr1	6	6	97.35000000000001	98.8	87.61666666666667	93.25	107.0
ERR1713369	ARO:3002554	AAC(6')-Ig	5	5	99.2	100.0	81.92	98.6	102.0
ERR1713369	ARO:3002555	AAC(6')-Ih	3	3	90.63333333333333	92.0	90.5	92.0	95.5
ERR1713369	ARO:3002557	AAC(6')-Ij	2	2	91.8	91.8	91.7	91.7	91.7
ERR1713369	ARO:3002561	AAC(6')-Ir	10	10	83.4	81.8	75.97999999999999	82.19999999999999	97.1
ERR1713369	ARO:3002565	AAC(6')-Iu	5	5	94.97999999999999	94.4	63.08	67.4	72.0
ERR1713369	ARO:3002566	AAC(6')-Iv	4	4	92.45	92.0	91.6	91.5	94.0
ERR1713369	ARO:3002567	AAC(6')-Iw	11	11	91.73636363636363	92.0	94.72727272727273	95.1	98.2
ERR1713369	ARO:3002578	AAC(6')-Ib7	680	680	97.34029411764705	100.0	80.17411764705882	82.4	110.0
ERR1713369	ARO:3002579	AAC(6')-Ib8	19	19	88.94736842105263	88.2	65.42105263157895	58.5	108.0
ERR1713369	ARO:3002580	AAC(6')-Ib9	52	52	96.28076923076924	100.0	81.38461538461539	84.75	109.0
ERR1713369	ARO:3002583	AAC(6')-29a	2	2	97.9	97.9	97.8	97.8	97.8
ERR1713369	ARO:3002585	AAC(6')-31	3	3	98.66666666666667	100.0	103.33333333333333	102.0	106.0
ERR1713369	ARO:3002586	AAC(6')-32	3	3	82.96666666666665	81.6	93.73333333333333	94.0	94.4
ERR1713369	ARO:3002591	AAC_6_IB_Su	116	116	99.10172413793103	100.0	104.07327586206897	105.0	110.0
ERR1713369	ARO:3002592	AAC6_IB_HZ	104	104	99.53365384615384	100.0	90.2826923076923	99.8	108.0
ERR1713369	ARO:3002594	AAC(6')-IIa	11	11	95.34545454545454	100.0	95.9	99.8	115.0
ERR1713369	ARO:3002596	AAC(6')-IIc	17	17	94.24705882352941	95.9	98.06470588235294	99.8	109.0
ERR1713369	ARO:3002597	AAC6_Ie_APH2_Ia	179	179	99.38770949720671	100.0	99.49776536312848	103.0	115.0
ERR1713369	ARO:3002599	AAC6_30_AAC6_Ib	17	17	87.74705882352941	84.6	58.27058823529412	57.4	102.0
ERR1713369	ARO:3002601	aadA	220	220	94.58818181818182	97.4	71.13636363636364	70.3	101.0
ERR1713369	ARO:3002602	aadA2	402	402	98.65024875621891	100.0	93.59502487562189	98.6	110.0
ERR1713369	ARO:3002604	aadA4	136	136	99.13529411764705	100.0	80.54926470588236	78.2	110.0
ERR1713369	ARO:3002605	aadA5	795	795	98.93459119496855	100.0	98.01987421383649	100.0	115.0
ERR1713369	ARO:3002606	aadA6	16	16	95.46875	94.1	65.6	56.400000000000006	103.0
ERR1713369	ARO:3002607	aadA7	103	103	95.34854368932038	96.0	90.4009708737864	95.1	108.0
ERR1713369	ARO:3002608	aadA8	3	3	97.33333333333333	98.0	108.66666666666667	108.0	110.0
ERR1713369	ARO:3002609	aadA9	14	14	93.80714285714285	94.85	49.82142857142857	43.5	88.6
ERR1713369	ARO:3002611	aadA11	73	73	98.5082191780822	100.0	94.63561643835617	99.4	112.0
ERR1713369	ARO:3002612	aadA12	68	68	99.51617647058823	100.0	67.64411764705882	67.4	95.9
ERR1713369	ARO:3002613	aadA13	53	53	93.48867924528301	93.9	88.28679245283018	88.2	108.0
ERR1713369	ARO:3002614	aadA14	2	2	80.8	80.8	80.5	80.5	81.3
ERR1713369	ARO:3002616	aadA16	76	76	90.51184210526316	89.5	65.25526315789473	48.349999999999994	110.0
ERR1713369	ARO:3002617	aadA17	3	3	86.36666666666667	82.0	81.13333333333333	88.2	90.1
ERR1713369	ARO:3002620	aadA23	391	391	96.75345268542199	100.0	80.30537084398978	84.7	111.0
ERR1713369	ARO:3002621	aadA24	57	57	95.42105263157895	94.0	93.77894736842104	93.6	100.0
ERR1713369	ARO:3002622	aadA6/aadA10	119	119	98.86386554621848	100.0	96.07478991596638	101.0	111.0
ERR1713369	ARO:3002624	ANT(4')-IIa	1	1	94.0	94.0	95.9	95.9	95.9
ERR1713369	ARO:3002626	ANT(6)-Ia	90	90	99.25555555555556	100.0	98.37666666666667	105.0	114.0
ERR1713369	ARO:3002628	aad(6)	76	76	98.32763157894736	100.0	105.60526315789474	106.0	115.0
ERR1713369	ARO:3002629	ANT(6)-Ib	48	48	92.01041666666667	98.0	94.81041666666665	95.15	112.0
ERR1713369	ARO:3002630	ANT(9)-Ia	1	1	81.8	81.8	58.2	58.2	58.2
ERR1713369	ARO:3002639	APH(3'')-Ib	196	196	96.58469387755102	97.1	80.50969387755102	84.9	110.0
ERR1713369	ARO:3002641	APH(3')-Ia	36	36	98.15555555555555	100.0	80.03333333333333	73.95	110.0
ERR1713369	ARO:3002642	APH(3')-Ib	11	11	98.65454545454546	100.0	97.32727272727271	103.0	109.0
ERR1713369	ARO:3002647	APH(3')-IIIa	17	17	94.8529411764706	100.0	83.53529411764706	90.1	108.0
ERR1713369	ARO:3002652	APH(3')-VIa	9	9	98.4	100.0	94.83333333333333	95.9	101.0
ERR1713369	ARO:3002659	APH(6)-Ic	3	3	81.33333333333333	81.3	80.36666666666666	88.6	90.1
ERR1713369	ARO:3002660	APH(6)-Id	60	60	96.29166666666667	97.25	77.69	83.0	110.0
ERR1713369	ARO:3002666	rmtF	14	14	94.25714285714285	93.9	80.40714285714286	89.35	99.4
ERR1713369	ARO:3002668	rmtG	3	3	97.26666666666667	96.0	98.46666666666665	101.0	102.0
ERR1713369	ARO:3002675	catB2	91	91	98.88241758241757	100.0	92.96483516483515	100.0	115.0
ERR1713369	ARO:3002676	catB3	197	197	99.30609137055838	100.0	94.07715736040609	102.0	114.0
ERR1713369	ARO:3002678	Paer_catB6	1	1	80.0	80.0	85.1	85.1	85.1
ERR1713369	ARO:3002679	Paer_catB7	1	1	88.0	88.0	93.6	93.6	93.6
ERR1713369	ARO:3002680	catB8	29	29	95.7103448275862	100.0	91.72068965517242	99.8	112.0
ERR1713369	ARO:3002685	catIII	2	2	82.5	82.5	49.45	49.45	55.8
ERR1713369	ARO:3002686	catP	3	3	87.96666666666665	88.0	73.13333333333334	62.4	100.0
ERR1713369	ARO:3002687	catQ	483	483	98.50041407867494	100.0	97.24223602484471	105.0	118.0
ERR1713369	ARO:3002688	catS	1	1	91.5	91.5	96.3	96.3	96.3
ERR1713369	ARO:3002689	pp_cat	12	12	99.83333333333333	100.0	95.04166666666667	99.25	110.0
ERR1713369	ARO:3002690	Sliv_cmlR	2	2	84.25	84.25	70.1	70.1	75.1
ERR1713369	ARO:3002691	Sent_cmlA	163	163	98.77791411042945	100.0	98.54846625766871	99.8	109.0
ERR1713369	ARO:3002694	cmlA4	10	10	97.15	97.7	89.39	94.9	100.0
ERR1713369	ARO:3002695	cmlA5	170	170	98.41941176470588	100.0	89.67	94.7	104.0
ERR1713369	ARO:3002696	cmlA6	9	9	99.77777777777777	100.0	101.62222222222222	102.0	103.0
ERR1713369	ARO:3002699	cmlB1	153	153	91.33986928104575	91.8	88.74967320261439	90.9	110.0
ERR1713369	ARO:3002703	cmx	65	65	96.07076923076923	98.0	86.12153846153845	89.4	98.6
ERR1713369	ARO:3002705	floR	88	88	97.57727272727271	100.0	80.60113636363636	88.4	104.0
ERR1713369	ARO:3002724	QnrB10	6	6	96.88333333333333	96.9	76.56666666666666	77.8	92.4
ERR1713369	ARO:3002730	QnrB15	3	3	95.26666666666667	98.0	101.66666666666667	102.0	109.0
ERR1713369	ARO:3002734	QnrB19	1	1	100.0	100.0	107.0	107.0	107.0
ERR1713369	ARO:3002735	QnrB20	2	2	88.45	88.45	40.0	40.0	40.0
ERR1713369	ARO:3002737	QnrB22	5	5	94.62	93.9	68.85999999999999	66.6	96.3
ERR1713369	ARO:3002762	QnrB47	3	3	100.0	100.0	108.66666666666667	109.0	111.0
ERR1713369	ARO:3002771	QnrB58	1	1	100.0	100.0	43.5	43.5	43.5
ERR1713369	ARO:3002774	QnrB61	1	1	100.0	100.0	103.0	103.0	103.0
ERR1713369	ARO:3002778	QnrB66	6	6	98.3	100.0	99.66666666666667	104.0	107.0
ERR1713369	ARO:3002788	QnrD1	4	4	99.0	100.0	103.25	104.0	105.0
ERR1713369	ARO:3002789	QnrD2	9	9	99.55555555555556	100.0	91.26666666666667	107.0	112.0
ERR1713369	ARO:3002790	QnrS1	2	2	86.0	86.0	65.7	65.7	68.2
ERR1713369	ARO:3002791	QnrS2	7	7	99.42857142857143	100.0	106.85714285714286	107.0	108.0
ERR1713369	ARO:3002792	QnrS3	2	2	90.0	90.0	61.8	61.8	80.5
ERR1713369	ARO:3002794	QnrS5	9	9	94.71111111111111	95.8	81.11111111111111	79.0	106.0
ERR1713369	ARO:3002795	QnrS6	11	11	99.63636363636364	100.0	91.67272727272727	100.0	104.0
ERR1713369	ARO:3002797	QnrS8	5	5	90.02000000000001	92.0	76.42	85.9	97.1
ERR1713369	ARO:3002798	QnrS9	14	14	90.60000000000001	91.75	97.05	95.30000000000001	107.0
ERR1713369	ARO:3002799	QnrVC1	5	5	98.53999999999999	100.0	65.08	67.8	85.9
ERR1713369	ARO:3002800	QnrVC3	23	23	95.56521739130434	94.7	67.83478260869565	72.8	91.3
ERR1713369	ARO:3002801	QnrVC4	20	20	99.66499999999999	100.0	82.755	85.1	110.0
ERR1713369	ARO:3002803	QnrVC6	3	3	86.96666666666665	82.2	82.4	82.4	90.9
ERR1713369	ARO:3002804	FosA2	13	13	93.91538461538462	93.9	96.9	102.0	111.0
ERR1713369	ARO:3002812	pp-flo	81	81	95.27407407407406	98.0	91.68395061728394	94.4	106.0
ERR1713369	ARO:3002819	msrC	6	6	87.35000000000001	87.95	65.18333333333334	60.25	94.7
ERR1713369	ARO:3002825	ErmY	2	2	95.9	95.9	97.25	97.25	98.2
ERR1713369	ARO:3002826	EreA2	164	164	97.87926829268294	100.0	87.4939024390244	98.8	106.0
ERR1713369	ARO:3002831	vgaC	1	1	80.6	80.6	57.4	57.4	57.4
ERR1713369	ARO:3002833	vgaE	1	1	85.0	85.0	38.1	38.1	38.1
ERR1713369	ARO:3002835	lnuA	4	4	96.625	96.8	81.875	74.94999999999999	109.0
ERR1713369	ARO:3002836	lnuB	224	224	97.12276785714286	98.0	90.01919642857142	95.5	107.0
ERR1713369	ARO:3002837	lnuC	24	24	97.14999999999999	98.0	99.33749999999999	104.5	112.0
ERR1713369	ARO:3002838	lnuD	228	228	83.51008771929824	82.8	81.48333333333333	85.9	102.0
ERR1713369	ARO:3002839	lnuF	21	21	95.81428571428572	96.0	89.97619047619048	101.0	114.0
ERR1713369	ARO:3002841	vatB	121	121	83.55785123966942	83.7	88.30413223140495	94.4	103.0
ERR1713369	ARO:3002844	vatE	1	1	81.6	81.6	89.4	89.4	89.4
ERR1713369	ARO:3002845	vatH	4	4	82.525	82.85	61.825	60.5	87.0
ERR1713369	ARO:3002846	arr-1	2	2	82.65	82.65	91.1	91.1	94.0
ERR1713369	ARO:3002847	arr-2	22	22	98.52727272727272	100.0	107.96363636363635	109.0	116.0
ERR1713369	ARO:3002848	arr-3	164	164	99.22926829268293	100.0	95.0640243902439	105.0	115.0
ERR1713369	ARO:3002853	arr-8	4	4	93.925	96.0	66.1	59.5	100.0
ERR1713369	ARO:3002854	dfrA1	26	26	97.4	97.65	82.05384615384615	87.4	108.0
ERR1713369	ARO:3002857	dfrA26	2	2	100.0	100.0	108.5	108.5	112.0
ERR1713369	ARO:3002858	dfrA12	5	5	99.6	100.0	89.16	99.4	106.0
ERR1713369	ARO:3002859	dfrA14	64	64	98.2671875	100.0	91.1546875	100.0	110.0
ERR1713369	ARO:3002860	dfrA17	2	2	96.85	96.85	77.15	77.15	105.0
ERR1713369	ARO:3002861	dfrA5	18	18	98.23333333333333	99.0	87.55555555555556	92.4	109.0
ERR1713369	ARO:3002862	dfrA7	20	20	97.12	100.0	93.1	99.19999999999999	109.0
ERR1713369	ARO:3002863	dfrA8	6	6	99.66666666666667	100.0	100.25	100.0	104.0
ERR1713369	ARO:3002864	dfrB1	4	4	100.0	100.0	45.175000000000004	44.7	46.6
ERR1713369	ARO:3002865	dfrC	1	1	100.0	100.0	108.0	108.0	108.0
ERR1713369	ARO:3002867	dfrF	192	192	98.67395833333335	100.0	88.27135416666665	99.4	108.0
ERR1713369	ARO:3002868	dfrG	78	78	99.18076923076923	100.0	96.74230769230769	105.5	111.0
ERR1713369	ARO:3002869	dfrK	3	3	100.0	100.0	77.93333333333334	77.8	104.0
ERR1713369	ARO:3002871	tet(37)	68	68	85.88088235294117	84.15	68.85735294117647	68.15	102.0
ERR1713369	ARO:3002872	FosA3	1	1	94.3	94.3	76.6	76.6	76.6
ERR1713369	ARO:3002878	BcII	2	2	98.7	98.7	88.35	88.35	102.0
ERR1713369	ARO:3002879	linG	48	48	91.81875000000001	92.9	94.62916666666666	96.30000000000001	109.0
ERR1713369	ARO:3002882	lmrD	164	164	86.0170731707317	82.0	88.26280487804878	88.2	102.0
ERR1713369	ARO:3002895	SAT-2	11	11	100.0	100.0	96.11818181818181	102.0	108.0
ERR1713369	ARO:3002897	SAT-4	20	20	96.89500000000001	100.0	94.22	101.5	112.0
ERR1713369	ARO:3002907	vanE	1	1	81.0	81.0	39.7	39.7	39.7
ERR1713369	ARO:3002908	vanF	1	1	81.0	81.0	40.0	40.0	40.0
ERR1713369	ARO:3002909	vanG	19	19	87.71578947368421	86.0	82.48947368421052	92.0	101.0
ERR1713369	ARO:3002912	vanN	1	1	80.0	80.0	40.8	40.8	40.8
ERR1713369	ARO:3002913	vanO	2	2	81.15	81.15	47.35	47.35	48.1
ERR1713369	ARO:3002919	vanR_in_vanA_cl	28	28	83.33928571428571	82.5	55.81785714285714	50.45	92.0
ERR1713369	ARO:3002922	vanR_in_vanC_cl	37	37	82.07027027027027	81.3	59.82432432432432	57.8	93.2
ERR1713369	ARO:3002923	vanR_in_vanD_cl	42	42	83.87380952380951	83.3	58.32142857142857	49.7	90.9
ERR1713369	ARO:3002924	vanR_in_vanE_cl	2	2	80.8	80.8	47.95	47.95	48.1
ERR1713369	ARO:3002925	vanR_in_vanF_cl	2	2	80.0	80.0	43.5	43.5	43.5
ERR1713369	ARO:3002926	vanR_in_vanG_cl	63	63	84.08095238095238	83.7	76.69365079365079	80.1	106.0
ERR1713369	ARO:3002927	vanR_in_vanL_cl	14	14	82.73571428571428	82.1	63.35	57.6	86.3
ERR1713369	ARO:3002928	vanR_in_vanM_cl	2	2	83.4	83.4	41.75	41.75	43.1
ERR1713369	ARO:3002929	vanR_in_vanN_cl	23	23	82.63913043478261	81.8	58.01739130434783	58.9	77.8
ERR1713369	ARO:3002930	vanR_in_vanO_cl	24	24	85.77499999999999	83.85	76.12916666666666	82.6	101.0
ERR1713369	ARO:3002931	vanS_in_vanA_cl	2	2	83.85	83.85	86.85	86.85	87.4
ERR1713369	ARO:3002933	vanS_in_vanC_cl	3	3	83.56666666666666	84.0	81.76666666666667	82.4	85.5
ERR1713369	ARO:3002934	vanS_in_vanD_cl	41	41	88.44146341463414	88.0	68.95121951219512	68.9	93.6
ERR1713369	ARO:3002937	vanS_in_vanG_cl	11	11	86.41818181818182	86.0	68.68181818181819	67.4	85.5
ERR1713369	ARO:3002940	vanS_in_vanN_cl	2	2	81.44999999999999	81.44999999999999	68.15	68.15	84.3
ERR1713369	ARO:3002941	vanS_in_vanO_cl	3	3	82.86666666666666	81.6	78.86666666666666	79.0	81.3
ERR1713369	ARO:3002944	vanH_in_vanD_cl	1	1	80.0	80.0	85.5	85.5	85.5
ERR1713369	ARO:3002955	vanY_in_vanA_cl	1	1	80.0	80.0	58.5	58.5	58.5
ERR1713369	ARO:3002956	vanY_in_vanB_cl	1	1	80.0	80.0	57.8	57.8	57.8
ERR1713369	ARO:3002959	vanY_in_vanG_cl	2	2	86.45	86.45	91.45	91.45	92.4
ERR1713369	ARO:3002964	vanW_in_vanB_cl	1	1	80.0	80.0	88.2	88.2	88.2
ERR1713369	ARO:3002965	vanW_in_vanG_cl	6	6	90.64999999999999	91.9	85.46666666666665	92.4	103.0
ERR1713369	ARO:3002966	vanXY_in_vanC	6	6	84.36666666666666	83.3	55.96666666666666	56.8	65.1
ERR1713369	ARO:3002967	vanXY_in_vanE	2	2	84.25	84.25	59.3	59.3	60.8
ERR1713369	ARO:3002969	vanXY_in_vanN	3	3	83.46666666666665	82.1	55.56666666666666	54.3	59.3
ERR1713369	ARO:3002972	vanT_in_vanG_cl	19	19	97.34210526315789	98.0	96.72631578947369	101.0	104.0
ERR1713369	ARO:3002983	amrB	192	192	83.0625	83.3	65.1828125	73.2	84.3
ERR1713369	ARO:3002985	arnA	110	110	85.42818181818183	85.7	91.63363636363637	93.2	104.0
ERR1713369	ARO:3002986	bacA	182	182	90.939010989011	91.15	75.01043956043956	83.2	110.0
ERR1713369	ARO:3002987	bcrA	32	32	81.184375	81.3	72.83125	77.4	80.5
ERR1713369	ARO:3002993	AQU-1	1	1	85.7	85.7	52.4	52.4	52.4
ERR1713369	ARO:3002995	ROB-1	2	2	100.0	100.0	102.5	102.5	103.0
ERR1713369	ARO:3002997	LCR-1	70	70	86.8	82.0	90.54428571428572	88.8	112.0
ERR1713369	ARO:3002999	CblA-1	4	4	97.5	97.0	89.575	100.9	103.0
ERR1713369	ARO:3003002	CfxA2	1078	1078	99.21280148423006	100.0	94.06307977736549	99.8	108.0
ERR1713369	ARO:3003003	CfxA3	40	40	99.28999999999999	100.0	102.1775	103.0	105.0
ERR1713369	ARO:3003005	CfxA4	19	19	98.94736842105263	98.0	102.0	103.0	104.0
ERR1713369	ARO:3003010	ceoB	895	895	82.85642458100558	82.0	78.66268156424582	80.9	93.2
ERR1713369	ARO:3003013	dfrA15	22	22	99.1590909090909	100.0	97.68636363636364	100.0	103.0
ERR1713369	ARO:3003014	dfrA16	4	4	100.0	100.0	102.225	102.5	108.0
ERR1713369	ARO:3003015	dfrA19	50	50	99.29799999999999	100.0	91.11	98.6	107.0
ERR1713369	ARO:3003017	dfrA21	2	2	99.0	99.0	97.75	97.75	100.0
ERR1713369	ARO:3003019	dfrA23	9	9	98.76666666666667	100.0	85.14444444444445	78.2	108.0
ERR1713369	ARO:3003020	dfrA25	3	3	98.76666666666667	100.0	91.60000000000001	104.0	108.0
ERR1713369	ARO:3003022	dfrB3	3	3	97.0	96.0	83.76666666666667	104.0	108.0
ERR1713369	ARO:3003023	dfrB6	1	1	80.0	80.0	55.5	55.5	55.5
ERR1713369	ARO:3003031	MexW	64	64	85.5515625	84.3	77.378125	81.3	96.7
ERR1713369	ARO:3003033	mexY	352	352	82.05738636363637	81.6	75.94090909090909	77.0	90.5
ERR1713369	ARO:3003037	opcM	1	1	82.8	82.8	46.6	46.6	46.6
ERR1713369	ARO:3003039	OprA	116	116	83.27327586206897	82.1	58.03879310344828	59.7	75.9
ERR1713369	ARO:3003041	Spne_PBP1a_AMX	154	154	83.7616883116883	83.7	85.0116883116883	86.1	95.5
ERR1713369	ARO:3003042	Spne_PBP2b_AMX	52	52	82.20769230769231	81.6	85.92692307692307	89.0	102.0
ERR1713369	ARO:3003043	Spne_PBP2x_AMX	13	13	82.14615384615385	82.0	78.6	84.0	88.2
ERR1713369	ARO:3003048	rosA	112	112	87.50357142857142	86.2	77.41785714285713	82.4	99.0
ERR1713369	ARO:3003049	rosB	217	217	85.25483870967741	84.0	79.50921658986175	80.5	95.9
ERR1713369	ARO:3003051	smeA	4	4	87.9	87.9	76.85	76.85	85.9
ERR1713369	ARO:3003052	smeB	277	277	84.1649819494585	82.0	73.18231046931407	75.9	100.0
ERR1713369	ARO:3003053	smeC	7	7	89.97142857142856	90.0	78.22857142857143	80.9	94.0
ERR1713369	ARO:3003055	smeD	12	12	83.95833333333333	83.0	74.06666666666666	73.94999999999999	81.6
ERR1713369	ARO:3003056	smeE	486	486	85.69691358024691	85.2	70.6164609053498	77.4	105.0
ERR1713369	ARO:3003057	smeF	101	101	83.81683168316832	82.9	64.54851485148515	67.4	93.6
ERR1713369	ARO:3003066	smeR	123	123	83.48780487804878	82.2	61.72276422764227	56.6	91.7
ERR1713369	ARO:3003067	smeS	2	2	93.95	93.95	94.95	94.95	96.7
ERR1713369	ARO:3003069	vanXY_in_vanG	6	6	92.64999999999999	95.95	102.05	103.0	106.0
ERR1713369	ARO:3003071	mphF	21	21	99.32857142857144	100.0	98.86666666666666	105.0	113.0
ERR1713369	ARO:3003074	Saur_cls_DAP	3	3	83.93333333333334	84.8	78.33333333333333	88.2	89.0
ERR1713369	ARO:3003078	Efac_liaR_DAP	74	74	83.96351351351352	82.9	65.57432432432432	64.9	92.0
ERR1713369	ARO:3003079	Efac_liaS_DAP	2	2	83.85	83.85	81.85	81.85	83.2
ERR1713369	ARO:3003092	Efac_cls_DAP	7	7	85.28571428571429	85.0	55.557142857142864	41.2	98.2
ERR1713369	ARO:3003096	CfxA5	31	31	99.60967741935484	100.0	104.54193548387097	105.0	108.0
ERR1713369	ARO:3003097	CfxA6	398	398	98.2711055276382	100.0	88.96934673366835	97.6	107.0
ERR1713369	ARO:3003107	mef(B)	253	253	93.8407114624506	95.9	91.12924901185771	93.6	110.0
ERR1713369	ARO:3003109	msrE	12742	12742	99.00978653272641	100.0	93.41225082404645	97.4	110.0
ERR1713369	ARO:3003111	lsaB	9	9	82.52222222222223	81.6	89.4	91.3	94.4
ERR1713369	ARO:3003112	lsaC	6	6	88.28333333333335	89.0	85.28333333333333	92.8	102.0
ERR1713369	ARO:3003115	OXA-427	2	2	98.0	98.0	96.35	96.35	101.0
ERR1713369	ARO:3003116	OXA-420	19	19	98.71052631578948	100.0	83.32105263157894	87.8	107.0
ERR1713369	ARO:3003146	VEB-10	6	6	96.89999999999999	96.94999999999999	77.98333333333333	81.25	95.9
ERR1713369	ARO:3003160	OXA-422	2	2	100.0	100.0	79.0	79.0	79.0
ERR1713369	ARO:3003163	CTX-M-155	2	2	100.0	100.0	87.8	87.8	87.8
ERR1713369	ARO:3003193	QnrVC7	2	2	100.0	100.0	62.0	62.0	85.9
ERR1713369	ARO:3003197	aadA25	39	39	94.98717948717949	93.3	76.82564102564103	77.0	97.8
ERR1713369	ARO:3003200	AAC(6')-Ian	2	2	93.0	93.0	101.5	101.5	103.0
ERR1713369	ARO:3003203	TLA-2	4	4	91.125	90.35	85.775	88.95	102.0
ERR1713369	ARO:3003204	TLA-3	3	3	97.93333333333334	100.0	92.73333333333333	105.0	105.0
ERR1713369	ARO:3003206	lsaE	521	521	96.08214971209213	98.0	94.1088291746641	98.2	115.0
ERR1713369	ARO:3003208	FosXCC	2	2	82.6	82.6	39.65	39.65	40.8
ERR1713369	ARO:3003209	fosA5	11	11	94.58181818181819	96.0	93.25454545454545	97.8	110.0
ERR1713369	ARO:3003283	Mtub_rpoB_RIF	133	133	84.15037593984962	82.6	79.193984962406	79.7	101.0
ERR1713369	ARO:3003284	Mlep_rpoB_RIF	712	712	87.05126404494382	86.0	89.59957865168539	90.5	109.0
ERR1713369	ARO:3003285	Saur_rpoB_RIF	1059	1059	84.60604343720492	83.7	83.60387157695939	88.2	105.0
ERR1713369	ARO:3003288	Ecol_rpoB_RIF	8441	8441	88.57256249259567	87.8	91.17625873711646	92.4	112.0
ERR1713369	ARO:3003291	Saur_rpoC_DAP	5456	5456	85.55152126099706	85.25	85.97269061583577	89.0	112.0
ERR1713369	ARO:3003294	Ecol_gyrA_FLO	143	143	90.39370629370629	90.9	80.70699300699302	83.6	110.0
ERR1713369	ARO:3003295	Mtub_gyrA_FLO	63	63	83.18571428571428	82.4	77.83968253968253	84.7	104.0
ERR1713369	ARO:3003296	Saur_gyrA_FLO	654	654	83.4506116207951	83.3	86.34327217125383	89.9	101.0
ERR1713369	ARO:3003297	Bbac_gyrA_FLO	227	227	82.71321585903084	82.0	82.32643171806167	84.0	102.0
ERR1713369	ARO:3003298	Mlep_gyrA_FLO	74	74	84.52837837837838	83.95	67.87702702702703	66.2	107.0
ERR1713369	ARO:3003301	Saur_gyrB_AMU	1209	1209	84.06071133167907	83.3	76.77543424317618	82.8	100.0
ERR1713369	ARO:3003302	Bbac_gyrA_AMU	894	894	84.39686800894854	83.3	77.04038031319911	80.5	106.0
ERR1713369	ARO:3003303	Ecol_gyrB_AMU	2913	2913	88.92554067971164	89.6	88.78101613456917	91.3	116.0
ERR1713369	ARO:3003304	Mlep_gyrB_FLO	92	92	83.62065217391304	81.8	72.44673913043479	82.0	100.0
ERR1713369	ARO:3003305	Uure_gyrB_FLO	615	615	87.11333333333333	86.7	54.36048780487804	52.0	92.8
ERR1713369	ARO:3003306	Mmor_gyrB_FLO	772	772	85.02266839378238	83.7	76.66373056994819	80.1	105.0
ERR1713369	ARO:3003307	Sser_gyrB_FLO	942	942	85.86518046709129	85.7	86.04203821656051	88.6	105.0
ERR1713369	ARO:3003308	Ecol_parC_FLO	306	306	93.66928104575163	94.0	92.93496732026144	96.7	115.0
ERR1713369	ARO:3003309	Uure_parC_FLO	6	6	80.21666666666667	80.0	89.01666666666667	88.95	91.3
ERR1713369	ARO:3003310	Mhom_23S_FLO	9	9	80.9	80.6	54.47777777777778	57.4	60.1
ERR1713369	ARO:3003311	Spne_parC_FLO	1205	1205	88.88970954356847	88.0	89.37360995850622	90.5	110.0
ERR1713369	ARO:3003312	Saur_parC_FLO	56	56	83.60892857142858	82.4	75.48214285714286	83.2	99.0
ERR1713369	ARO:3003314	Saur_parE_AMU	786	786	85.64631043256998	83.8	70.64491094147583	77.0	97.8
ERR1713369	ARO:3003315	Saur_parE_FLO	8	8	85.8	85.1	80.2	83.6	93.6
ERR1713369	ARO:3003316	Ecol_parE_FLO	800	800	87.35175	86.0	91.03387500000001	92.0	114.0
ERR1713369	ARO:3003317	Sser_parE_FLO	93	93	91.33010752688173	91.8	91.82688172043011	95.5	107.0
ERR1713369	ARO:3003326	Mtub_embB_EMB	3	3	88.5	86.0	91.66666666666667	90.1	99.4
ERR1713369	ARO:3003327	Mtub_embC_EMB	16	16	90.625	90.75	97.54375	99.8	113.0
ERR1713369	ARO:3003357	Cdif_EFTu_ELF	4772	4772	90.81961441743503	92.0	93.34702430846605	97.8	111.0
ERR1713369	ARO:3003359	Scin_EFTu_ELF	2012	2012	89.98111332007953	90.6	66.9324055666004	66.2	106.0
ERR1713369	ARO:3003361	Pros_EFTu_GE2A	1584	1584	83.55075757575757	82.4	85.4469696969697	91.7	107.0
ERR1713369	ARO:3003368	Ecol_EFTu_KIR	13682	13682	86.85917994445256	86.0	85.13340885835404	89.4	112.0
ERR1713369	ARO:3003369	Ecol_EFTu_PLV	99	99	86.33232323232323	83.3	66.26161616161616	67.4	98.2
ERR1713369	ARO:3003373	Kpne_acrR_MULT	23	23	88.09130434782608	84.4	76.31304347826087	82.0	106.0
ERR1713369	ARO:3003374	Kaer_acrR_MULT	35	35	85.99142857142857	83.3	58.58857142857143	47.8	102.0
ERR1713369	ARO:3003378	Ecol_MarR_MULT	41	41	89.99512195121952	89.8	78.49268292682926	86.3	104.0
ERR1713369	ARO:3003379	Sent_ramR	8	8	88.8	90.69999999999999	83.9	85.85	94.0
ERR1713369	ARO:3003380	Kpne_ramR	10	10	95.02000000000001	98.0	88.56	87.8	105.0
ERR1713369	ARO:3003381	Ecol_soxR_MULT	53	53	95.0320754716981	95.9	82.46415094339623	93.6	110.0
ERR1713369	ARO:3003382	Sent_soxR_MULT	41	41	88.79756097560976	89.8	80.62439024390244	86.3	110.0
ERR1713369	ARO:3003383	Sent_soxS_MULT	42	42	93.53571428571429	93.19999999999999	78.10238095238094	85.3	105.0
ERR1713369	ARO:3003385	Kaer_Omp36	12	12	87.84166666666665	88.55000000000001	78.88333333333334	76.3	95.9
ERR1713369	ARO:3003386	Ecol_folP_SLF	219	219	89.5178082191781	90.0	70.77123287671233	79.0	107.0
ERR1713369	ARO:3003387	Spyo_folP_SLF	159	159	86.35534591194968	86.0	73.18553459119497	84.3	93.6
ERR1713369	ARO:3003389	Mlep_folP_DAO	3	3	85.76666666666667	84.0	72.16666666666667	81.3	85.5
ERR1713369	ARO:3003390	Ecol_ompF_BLA	56	56	95.32857142857142	98.0	91.06785714285715	98.19999999999999	108.0
ERR1713369	ARO:3003392	Mtub_katG_INH	791	791	82.67812895069532	82.0	84.96359039190897	90.9	107.0
ERR1713369	ARO:3003393	Mtub_inhA_INH	6	6	91.33333333333333	91.9	87.55	85.69999999999999	99.4
ERR1713369	ARO:3003394	Mtub_pncA_PZA	50	50	85.836	85.0	41.51	40.8	53.9
ERR1713369	ARO:3003395	Mtub_rpsL_STR	2473	2473	83.48875859280227	83.3	82.23174282248281	85.9	100.0
ERR1713369	ARO:3003438	Efac_EFTu_GE2A	4504	4504	86.46465364120782	85.4	86.13365896980461	89.7	107.0
ERR1713369	ARO:3003445	Mtub_tlyA_AMG	23	23	81.90434782608695	81.3	72.28695652173913	79.3	86.7
ERR1713369	ARO:3003448	Mtub_iniA_EMB	2	2	81.0	81.0	87.05	87.05	89.0
ERR1713369	ARO:3003451	Mtub_iniC_EMB	6	6	85.10000000000001	84.85	87.11666666666667	87.80000000000001	89.0
ERR1713369	ARO:3003453	Mtub_embA_EMB	7	7	84.25714285714285	83.7	87.88571428571429	87.4	99.4
ERR1713369	ARO:3003458	Mtub_ethA_ETO	5	5	82.72	81.3	90.52	93.6	99.0
ERR1713369	ARO:3003459	Mtub_gyrB_FLO	280	280	84.61464285714285	83.80000000000001	66.19357142857143	64.3	102.0
ERR1713369	ARO:3003461	Mtub_ndh_INH	17	17	83.51176470588236	82.0	79.5	81.6	92.8
ERR1713369	ARO:3003463	Mtub_kasA_INH	11	11	86.2090909090909	88.0	83.17272727272727	82.0	94.7
ERR1713369	ARO:3003479	tetR	32	32	92.746875	91.85	79.240625	85.7	103.0
ERR1713369	ARO:3003511	Ecol_soxS_MULT	28	28	97.61785714285715	100.0	86.84285714285714	93.6	109.0
ERR1713369	ARO:3003548	mdtN	72	72	96.6	100.0	87.58055555555556	89.7	105.0
ERR1713369	ARO:3003549	mdtO	86	86	97.74651162790698	100.0	96.34186046511627	99.4	108.0
ERR1713369	ARO:3003550	mdtP	69	69	96.46811594202899	98.0	91.75942028985507	94.0	110.0
ERR1713369	ARO:3003551	emeA	39	39	85.35641025641026	85.7	81.14102564102564	83.2	95.9
ERR1713369	ARO:3003559	cepA	1	1	85.1	85.1	87.4	87.4	87.4
ERR1713369	ARO:3003563	RCP-1	12	12	98.8	100.0	92.10833333333333	95.30000000000001	108.0
ERR1713369	ARO:3003573	LpxA	258	258	86.03023255813953	86.0	71.07093023255814	71.2	102.0
ERR1713369	ARO:3003574	LpxC	813	813	90.93665436654366	90.3	89.35830258302583	93.6	105.0
ERR1713369	ARO:3003575	LpxD	295	295	87.21627118644068	87.8	73.33796610169492	77.8	102.0
ERR1713369	ARO:3003576	eptA	94	94	92.88191489361702	96.6	94.07765957446807	97.25	118.0
ERR1713369	ARO:3003577	ugd	1159	1159	84.69818809318377	84.0	85.92709232096635	91.3	110.0
ERR1713369	ARO:3003578	PmrF	106	106	90.68962264150943	90.85	90.84433962264151	93.2	107.0
ERR1713369	ARO:3003582	basR	27	27	82.73333333333333	80.8	48.28148148148148	45.8	74.7
ERR1713369	ARO:3003585	Kleb_PhoP_CST	111	111	94.71621621621621	95.6	90.24054054054055	94.0	107.0
ERR1713369	ARO:3003620	OXA-464	39	39	83.51794871794871	83.0	90.10000000000001	93.6	99.0
ERR1713369	ARO:3003638	OXA-481	4	4	95.5	100.0	85.4	95.1	104.0
ERR1713369	ARO:3003643	OXA-486	1	1	81.6	81.6	85.5	85.5	85.5
ERR1713369	ARO:3003681	TriC	17	17	85.47058823529412	85.7	76.60000000000001	81.6	91.7
ERR1713369	ARO:3003682	OpmH	29	29	84.01724137931035	83.7	80.05172413793103	84.0	92.4
ERR1713369	ARO:3003684	Paer_gyrA_FLO	721	721	87.23120665742024	87.2	91.16782246879335	93.6	111.0
ERR1713369	ARO:3003685	Paer_parE_FLO	1173	1173	84.37621483375959	83.7	85.23708439897699	87.4	107.0
ERR1713369	ARO:3003688	PvrR	1	1	84.2	84.2	39.3	39.3	39.3
ERR1713369	ARO:3003692	MexJ	2	2	84.65	84.65	77.6	77.6	85.5
ERR1713369	ARO:3003693	MexK	1339	1339	85.65855115758029	85.7	75.05235250186706	77.0	97.4
ERR1713369	ARO:3003698	mexP	1	1	81.6	81.6	84.3	84.3	84.3
ERR1713369	ARO:3003699	mexQ	86	86	83.01976744186047	81.9	60.44186046511628	56.6	101.0
ERR1713369	ARO:3003700	opmE	4	4	83.175	83.5	60.375	61.6	79.0
ERR1713369	ARO:3003702	Paer_ParC_FLO	206	206	86.74368932038836	85.7	86.5378640776699	88.2	113.0
ERR1713369	ARO:3003705	mexN	87	87	83.17241379310344	83.3	58.25172413793103	57.8	82.0
ERR1713369	ARO:3003716	CPS-1	1	1	80.0	80.0	92.0	92.0	92.0
ERR1713369	ARO:3003717	ESP-1	21	21	93.77619047619048	93.9	96.62380952380951	99.4	106.0
ERR1713369	ARO:3003723	vanI	1	1	80.0	80.0	53.9	53.9	53.9
ERR1713369	ARO:3003728	vanR_in_vanI_cl	27	27	82.11111111111111	81.3	69.22592592592592	75.1	89.7
ERR1713369	ARO:3003729	Saur_ileS_MUP	144	144	82.73541666666667	82.0	87.37222222222222	91.5	103.0
ERR1713369	ARO:3003730	Bbif_ileS_MUP	562	562	90.91387900355872	91.8	98.0626334519573	100.0	117.0
ERR1713369	ARO:3003735	Saur_fusA_FA	2919	2919	85.11524494689962	84.0	80.7500856457691	86.3	106.0
ERR1713369	ARO:3003737	Saur_fusE_FA	177	177	86.03333333333333	85.7	52.28135593220338	50.8	74.7
ERR1713369	ARO:3003741	mphE	7345	7345	99.3736010891763	100.0	93.90555479918312	100.0	112.0
ERR1713369	ARO:3003742	mphG	618	618	96.84757281553398	98.0	94.82087378640777	99.8	119.0
ERR1713369	ARO:3003744	vatF	25	25	84.26799999999999	85.7	99.07600000000001	99.8	103.0
ERR1713369	ARO:3003745	mef(C)	827	827	97.72950423216446	100.0	88.69492140266021	92.0	104.0
ERR1713369	ARO:3003746	optrA	7	7	81.21428571428571	81.6	81.65714285714286	88.2	90.9
ERR1713369	ARO:3003751	Ecol_nfsA_NIT	67	67	91.50746268656717	90.5	87.59402985074627	90.5	111.0
ERR1713369	ARO:3003756	Ecol_nfsB_NIT	77	77	88.9974025974026	87.8	85.24675324675324	89.0	106.0
ERR1713369	ARO:3003760	Efae_cls_DAP	1	1	80.6	80.6	64.7	64.7	64.7
ERR1713369	ARO:3003761	eatAv	9	9	86.35555555555555	82.0	85.21111111111111	83.6	104.0
ERR1713369	ARO:3003773	Cper_mprF	1	1	100.0	100.0	78.6	78.6	78.6
ERR1713369	ARO:3003775	Ecol_murA_FOF	370	370	89.24054054054054	90.0	81.57054054054053	86.3	106.0
ERR1713369	ARO:3003776	Saur_murA_FOF	8	8	81.0625	80.95	72.8625	79.3	90.9
ERR1713369	ARO:3003777	Bbur_mur_FOF	10	10	82.9	82.45	71.47999999999999	82.2	86.3
ERR1713369	ARO:3003778	Msme_ndh_INH	29	29	84.54827586206896	84.0	82.14137931034483	84.3	93.2
ERR1713369	ARO:3003784	Mtub_murA_FOF	10	10	92.03999999999999	93.0	87.97	95.15	101.0
ERR1713369	ARO:3003789	Cjej_gyrA_FLO	227	227	83.28678414096916	82.0	83.15638766519824	86.7	100.0
ERR1713369	ARO:3003790	Efac_liaF_DAP	3	3	88.0	90.0	91.26666666666667	90.5	93.2
ERR1713369	ARO:3003791	Efae_liaS_DAP	4	4	84.225	84.55	76.65	77.4	84.0
ERR1713369	ARO:3003792	Efae_liaR_DAP	40	40	82.0575	81.5	63.5	59.5	91.7
ERR1713369	ARO:3003794	Saur_walK_DAP	5	5	86.6	86.0	82.06	86.7	101.0
ERR1713369	ARO:3003797	Efae_YybT_DAP	2	2	84.8	84.8	84.55	84.55	91.3
ERR1713369	ARO:3003800	Efae_gdpD_DAP	1	1	81.8	81.8	42.0	42.0	42.0
ERR1713369	ARO:3003805	Efae_gshF_DAP	4	4	81.75	81.6	81.275	81.65	82.8
ERR1713369	ARO:3003807	Ecol_AcrR_MULT	74	74	93.77162162162162	98.0	84.94054054054054	91.25	105.0
ERR1713369	ARO:3003808	carO	116	116	85.34913793103448	85.19999999999999	87.06120689655172	91.7	100.0
ERR1713369	ARO:3003809	Abau_OprD_IPM	148	148	85.54527027027028	85.7	80.01689189189189	86.3	107.0
ERR1713369	ARO:3003811	adeC	33	33	84.10606060606061	83.7	86.94242424242424	89.7	96.3
ERR1713369	ARO:3003817	Abau_gyrA_FLO	2394	2394	89.36934001670845	90.0	88.84302422723476	90.5	110.0
ERR1713369	ARO:3003818	Abau_parC_FLO	2389	2389	89.68082879866053	90.0	88.94361657597321	92.4	113.0
ERR1713369	ARO:3003838	gadW	43	43	95.25116279069768	98.0	86.29069767441861	94.7	103.0
ERR1713369	ARO:3003839	Mrx	161	161	98.93975155279503	100.0	88.23913043478261	91.3	99.4
ERR1713369	ARO:3003841	kdpE	127	127	90.07952755905512	90.0	83.46377952755905	88.2	112.0
ERR1713369	ARO:3003843	leuO	108	108	92.23703703703704	94.0	90.02592592592592	94.55000000000001	109.0
ERR1713369	ARO:3003853	ADC-7	1	1	100.0	100.0	96.7	96.7	96.7
ERR1713369	ARO:3003854	ADC-8	15	15	84.26666666666667	85.4	84.50666666666666	89.7	92.0
ERR1713369	ARO:3003859	ADC-15	3	3	82.73333333333333	84.1	78.93333333333334	82.0	82.4
ERR1713369	ARO:3003890	Ecol_UhpT_FOF	268	268	96.14626865671642	97.30000000000001	92.49850746268656	96.7	111.0
ERR1713369	ARO:3003893	Ecol_uhpA_FOF	137	137	94.1890510948905	94.0	83.57153284671533	91.3	104.0
ERR1713369	ARO:3003894	Rm3	2	2	92.9	92.9	96.4	96.4	100.0
ERR1713369	ARO:3003895	Paer_PhoP_CST	45	45	86.17999999999999	86.0	81.55777777777777	86.3	99.0
ERR1713369	ARO:3003896	Paer_PhoQ_CST	2	2	81.85	81.85	79.94999999999999	79.94999999999999	83.6
ERR1713369	ARO:3003899	Ecol_PtsI_FOF	202	202	95.5079207920792	98.0	90.73019801980197	93.2	106.0
ERR1713369	ARO:3003900	Ecol_cyaA_FOF	415	415	96.19542168674698	98.0	100.09614457831326	102.0	114.0
ERR1713369	ARO:3003901	Saur_GlpT_FOF	8	8	81.075	80.85	76.2625	75.1	86.3
ERR1713369	ARO:3003902	Saur_UhpT_FOF	183	183	83.3792349726776	83.3	87.1311475409836	87.8	101.0
ERR1713369	ARO:3003922	oqxA	54	54	93.76851851851852	95.80000000000001	86.94444444444444	90.5	102.0
ERR1713369	ARO:3003923	oqxB	507	507	91.35660749506904	90.0	85.41025641025641	85.5	107.0
ERR1713369	ARO:3003924	Hpin_gyrA_FLO	120	120	90.46666666666667	88.9	86.34333333333333	90.5	107.0
ERR1713369	ARO:3003925	Hpin_parC_FLO	113	113	91.65929203539822	94.0	92.38761061946902	94.0	112.0
ERR1713369	ARO:3003926	Sent_gyrA_FLO	376	376	91.51994680851064	92.0	91.43457446808512	94.0	110.0
ERR1713369	ARO:3003928	Ngon_gyrA_FLO	2299	2299	90.05615484993476	90.0	89.06585471944324	90.9	115.0
ERR1713369	ARO:3003929	Ngon_parC_FLO	2377	2377	85.79911653344551	84.0	86.764535128313	86.7	106.0
ERR1713369	ARO:3003930	rpsJ	1890	1890	88.09391534391534	86.7	72.28179894179894	76.6	104.0
ERR1713369	ARO:3003931	Cgin_gyrA_FLO	392	392	83.42270408163266	82.0	79.35612244897959	84.0	100.0
ERR1713369	ARO:3003937	Nmen_PBP2_BLA	443	443	83.83182844243792	83.7	88.15214446952596	88.2	100.0
ERR1713369	ARO:3003939	Sent_parC_FLO	185	185	92.94108108108108	94.0	93.16756756756757	94.0	109.0
ERR1713369	ARO:3003942	abcA	2	2	85.0	85.0	86.85	86.85	89.7
ERR1713369	ARO:3003948	efrA	49	49	82.26122448979592	81.6	82.40816326530613	82.4	92.8
ERR1713369	ARO:3003949	efrB	322	322	84.42608695652174	83.7	64.80869565217392	64.3	98.6
ERR1713369	ARO:3003950	msbA	308	308	91.75129870129871	93.9	86.26006493506493	87.0	104.0
ERR1713369	ARO:3003952	YojI	163	163	92.11288343558282	92.0	87.27423312883435	91.7	109.0
ERR1713369	ARO:3003953	hmrM	6	6	83.53333333333333	83.5	89.55	91.1	94.0
ERR1713369	ARO:3003954	efmA	2	2	87.9	87.9	87.8	87.8	95.5
ERR1713369	ARO:3003955	efpA	11	11	87.85454545454546	87.5	81.41818181818182	83.2	92.8
ERR1713369	ARO:3003961	farA	63	63	81.4952380952381	81.3	64.73650793650793	65.1	87.0
ERR1713369	ARO:3003962	farB	747	747	86.51954484605086	85.7	89.15394912985275	88.6	109.0
ERR1713369	ARO:3003966	Kpne_OmpK35	33	33	91.31212121212121	92.0	84.50909090909092	91.3	107.0
ERR1713369	ARO:3003967	lfrA	2	2	87.7	87.7	82.0	82.0	89.7
ERR1713369	ARO:3003968	Kpne_OmpK36	69	69	90.32028985507247	92.0	88.10724637681159	91.7	113.0
ERR1713369	ARO:3003970	ddl	22	22	84.61363636363636	84.7	75.89090909090909	85.7	101.0
ERR1713369	ARO:3003974	Cacn_gyrA_FLO	407	407	84.92088452088453	83.8	83.8938574938575	87.0	113.0
ERR1713369	ARO:3003980	tetA(58)	5	5	84.14	82.0	89.88	90.1	97.4
ERR1713369	ARO:3003981	tetB(58)	4	4	87.15	83.85	74.05	84.0	90.5
ERR1713369	ARO:3003982	LlmA_23S_CLI	55	55	81.66545454545455	81.0	76.69090909090909	77.4	94.4
ERR1713369	ARO:3003986	TaeA	120	120	82.66083333333333	81.6	84.20166666666667	85.3	95.9
ERR1713369	ARO:3003987	VatI	1	1	80.9	80.9	80.1	80.1	80.1
ERR1713369	ARO:3003992	rphB	73	73	84.24383561643836	83.9	46.631506849315066	45.8	94.0
ERR1713369	ARO:3003995	Cdif_gyrA_FLO	449	449	83.39532293986638	82.0	85.71893095768375	86.7	102.0
ERR1713369	ARO:3004032	tetA(46)	58	58	85.68620689655172	85.2	59.13793103448276	52.4	100.0
ERR1713369	ARO:3004033	tetB(46)	216	216	84.60324074074073	83.7	84.98796296296297	85.7	101.0
ERR1713369	ARO:3004036	tetB(60)	48	48	84.77499999999999	84.0	83.27708333333334	83.2	88.2
ERR1713369	ARO:3004038	Paer_emrE	1	1	84.4	84.4	52.0	52.0	52.0
ERR1713369	ARO:3004039	Ecol_emrE	24	24	90.97500000000001	94.3	81.80833333333334	82.94999999999999	110.0
ERR1713369	ARO:3004041	Kpne_acrA	39	39	93.96153846153847	95.9	88.96410256410256	94.0	102.0
ERR1713369	ARO:3004042	Eclo_acrA	91	91	94.60659340659342	96.0	85.05604395604396	89.4	103.0
ERR1713369	ARO:3004043	Ecol_acrA	63	63	95.36190476190477	100.0	88.16666666666667	91.3	102.0
ERR1713369	ARO:3004045	Ecol_fabI_MULT	230	230	86.12391304347825	82.0	78.66347826086955	80.5	108.0
ERR1713369	ARO:3004049	Ecol_fabG_TRC	482	482	86.03879668049792	84.0	67.29481327800829	75.7	101.0
ERR1713369	ARO:3004054	Paer_CpxR	197	197	85.01167512690355	82.2	67.83654822335025	68.9	100.0
ERR1713369	ARO:3004059	Type_A_NfxB	1	1	81.0	81.0	71.6	71.6	71.6
ERR1713369	ARO:3004069	MvaT	5	5	90.0	89.8	67.1	62.8	95.9
ERR1713369	ARO:3004072	OpmB	8	8	81.9625	81.3	63.4375	61.8	77.8
ERR1713369	ARO:3004073	MuxA	2	2	86.85	86.85	55.650000000000006	55.650000000000006	59.7
ERR1713369	ARO:3004074	MuxB	1489	1489	84.24553391537945	83.7	76.97233042310276	79.3	91.3
ERR1713369	ARO:3004075	MuxC	232	232	82.89827586206897	82.9	67.72155172413792	72.8	83.6
ERR1713369	ARO:3004077	PmpM	20	20	82.245	82.0	81.35	80.9	97.8
ERR1713369	ARO:3004085	lnuG	7	7	95.14285714285714	95.9	84.54285714285713	96.7	103.0
ERR1713369	ARO:3004087	APH(3')-IXa	1	1	97.5	97.5	81.3	81.3	81.3
ERR1713369	ARO:3004089	ANT(3'')-IIa	261	261	95.8992337164751	96.0	90.98505747126437	95.1	109.0
ERR1713369	ARO:3004091	ANT(3'')-IIc	29	29	95.93448275862069	98.0	86.11379310344829	92.0	108.0
ERR1713369	ARO:3004097	Smit_CdsA_DAP	127	127	82.04094488188977	81.8	75.23622047244095	78.6	94.0
ERR1713369	ARO:3004100	LpeB	17	17	81.42941176470588	80.9	65.41764705882352	75.1	80.1
ERR1713369	ARO:3004103	QepA2	1	1	81.6	81.6	85.5	85.5	85.5
ERR1713369	ARO:3004107	Paer_soxR	2	2	85.85	85.85	37.55	37.55	37.7
ERR1713369	ARO:3004111	FosA6	11	11	97.3	97.6	85.2090909090909	94.7	104.0
ERR1713369	ARO:3004114	porin_OmpC	55	55	92.77818181818182	95.9	93.06363636363636	97.1	109.0
ERR1713369	ARO:3004122	Kpne_OmpK37	100	100	87.525	87.5	84.286	86.5	112.0
ERR1713369	ARO:3004123	Bpse_Omp38	48	48	80.98541666666667	80.0	42.583333333333336	42.0	47.8
ERR1713369	ARO:3004124	Mcat_M35_AMX	108	108	84.53611111111111	83.95	52.173148148148144	50.25	89.4
ERR1713369	ARO:3004126	Ecol_LamB	111	111	93.08288288288288	94.6	98.81351351351351	101.0	119.0
ERR1713369	ARO:3004127	Ecol_mipA	36	36	90.625	94.19999999999999	94.08333333333333	98.2	118.0
ERR1713369	ARO:3004128	Smar_Omp1	47	47	84.05106382978724	83.3	85.0127659574468	89.4	103.0
ERR1713369	ARO:3004142	OprZ	8	8	87.2	90.5	44.75	40.4	65.9
ERR1713369	ARO:3004143	AxyX	3	3	95.06666666666666	97.4	82.66666666666667	83.6	89.7
ERR1713369	ARO:3004144	AxyY	256	256	82.9703125	82.0	77.73671875	78.2	91.7
ERR1713369	ARO:3004145	AxyZ	2	2	87.8	87.8	90.55000000000001	90.55000000000001	94.4
ERR1713369	ARO:3004146	cfrC	2	2	92.9	92.9	101.5	101.5	103.0
ERR1713369	ARO:3004153	Mtub_thyA_PAS	1060	1060	84.05264150943397	83.7	89.56905660377359	91.7	105.0
ERR1713369	ARO:3004157	Mtub_folC_PAS	5	5	85.78	86.0	83.42	81.3	92.0
ERR1713369	ARO:3004191	APH(2'')-If	1	1	91.4	91.4	65.1	65.1	65.1
ERR1713369	ARO:3004239	NPS-1	61	61	96.51803278688526	100.0	89.46393442622951	98.2	109.0
ERR1713369	ARO:3004253	vanU_in_vanG_cl	28	28	83.16428571428571	82.9	61.55714285714286	67.4	90.5
ERR1713369	ARO:3004254	vanV_in_vanB_cl	8	8	85.075	83.65	68.2875	67.55	85.5
ERR1713369	ARO:3004290	Ecol_ampC_BLA	31	31	98.66451612903225	100.0	98.6	103.0	112.0
ERR1713369	ARO:3004291	Rsph_ampC_BLA	1	1	88.6	88.6	65.9	65.9	65.9
ERR1713369	ARO:3004352	PDC-89	2	2	84.45	84.45	38.9	38.9	39.3
ERR1713369	ARO:3004359	ACI-1	146	146	99.41712328767123	100.0	97.82191780821918	102.0	109.0
ERR1713369	ARO:3004361	sul4	66	66	99.4151515151515	100.0	90.9439393939394	96.30000000000001	110.0
ERR1713369	ARO:3004379	QepA4	1	1	87.8	87.8	85.1	85.1	85.1
ERR1713369	ARO:3004441	tet(59)	15	15	99.46000000000001	100.0	91.91333333333334	95.9	104.0
ERR1713369	ARO:3004442	tet(W/N/W)	116	116	97.7344827586207	100.0	99.66379310344827	102.0	109.0
ERR1713369	ARO:3004444	RSA1-1	20	20	99.7	100.0	79.185	94.7	102.0
ERR1713369	ARO:3004446	Hinf_PBP3_BLA	26	26	86.57307692307693	86.0	85.2423076923077	84.75	100.0
ERR1713369	ARO:3004450	TRU-1	1	1	81.8	81.8	78.2	78.2	78.2
ERR1713369	ARO:3004451	Afab_ACT_CHL	15	15	85.22666666666667	86.0	72.42	89.4	99.4
ERR1713369	ARO:3004454	Ccol_ACT_CHL	13	13	93.06923076923077	94.0	91.74615384615385	94.4	110.0
ERR1713369	ARO:3004455	Ssui_ACT_CHL	1	1	100.0	100.0	82.4	82.4	82.4
ERR1713369	ARO:3004463	EBR-2	2	2	100.0	100.0	90.5	90.5	102.0
ERR1713369	ARO:3004466	ICR-Mc	4	4	82.95	81.0	55.175	40.4	101.0
ERR1713369	ARO:3004470	poxtA	5	5	83.46	81.3	85.36	83.2	91.3
ERR1713369	ARO:3004479	OXA-664	5	5	97.6	98.0	100.32000000000001	100.0	104.0
ERR1713369	ARO:3004480	Bado_rpoB_RIF	1942	1942	90.53846549948507	90.0	88.43058702368693	96.3	112.0
ERR1713369	ARO:3004501	MCR-6.1	2	2	83.5	83.5	90.7	90.7	95.9
ERR1713369	ARO:3004505	MCR-3.5	1	1	81.3	81.3	56.2	56.2	56.2
ERR1713369	ARO:3004506	MCR-1.10	1	1	83.7	83.7	91.7	91.7	91.7
ERR1713369	ARO:3004516	MCR-8.1	5	5	82.97999999999999	81.8	62.92	63.9	85.9
ERR1713369	ARO:3004549	dfrB5	32	32	99.003125	100.0	87.790625	99.25	110.0
ERR1713369	ARO:3004550	dfrA27	2	2	100.0	100.0	95.45	95.45	100.0
ERR1713369	ARO:3004555	dfrA32	16	16	98.01875	100.0	88.25	89.55	108.0
ERR1713369	ARO:3004561	Cdif_murG_VAN	40	40	82.3425	81.6	59.6225	53.9	87.4
ERR1713369	ARO:3004562	Cdif_gyrB_FLO	1249	1249	83.80840672538031	83.3	79.46869495596476	83.6	100.0
ERR1713369	ARO:3004563	Cdif_rpoB_RIF	4447	4447	87.23501236788846	86.0	90.4241736001799	90.9	111.0
ERR1713369	ARO:3004569	ICR-Mo	2613	2613	97.38442403367776	98.0	95.22954458476846	100.0	113.0
ERR1713369	ARO:3004573	Abau_AbaF	37	37	89.00810810810812	87.8	87.13513513513513	89.0	104.0
ERR1713369	ARO:3004574	Abau_AbaQ	9	9	91.74444444444445	93.9	96.95555555555556	95.1	107.0
ERR1713369	ARO:3004577	Abau_AmvA	13	13	87.13076923076923	85.7	71.24615384615385	72.8	94.0
ERR1713369	ARO:3004578	Abau_AbuO	93	93	84.65268817204301	84.0	79.73548387096774	80.1	88.6
ERR1713369	ARO:3004580	Kpne_KpnE	23	23	93.6304347826087	94.6	71.88695652173914	77.4	91.7
ERR1713369	ARO:3004583	Kpne_KpnF	32	32	86.79375	86.6	77.578125	84.5	94.7
ERR1713369	ARO:3004588	Kpne_KpnG	129	129	88.15193798449613	86.7	85.20697674418605	85.9	104.0
ERR1713369	ARO:3004590	tet(54)	1	1	80.0	80.0	52.4	52.4	52.4
ERR1713369	ARO:3004596	erm(46)	2	2	82.65	82.65	89.35	89.35	94.7
ERR1713369	ARO:3004597	Kpne_KpnH	3	3	85.2	86.0	88.46666666666665	89.0	89.4
ERR1713369	ARO:3004600	LnuH	548	548	89.51076642335767	88.0	86.2021897810219	90.9	110.0
ERR1713369	ARO:3004601	LnuP	2	2	100.0	100.0	104.15	104.15	112.0
ERR1713369	ARO:3004608	EreD	335	335	97.33940298507463	100.0	96.27641791044776	100.0	112.0
ERR1713369	ARO:3004621	AAC(3)-IIe	13	13	99.37692307692308	100.0	98.57692307692308	101.0	111.0
ERR1713369	ARO:3004623	AAC(3)-IId	16	16	99.75	100.0	104.3125	107.5	113.0
ERR1713369	ARO:3004624	QnrS11	1	1	91.8	91.8	80.9	80.9	80.9
ERR1713369	ARO:3004626	Erm(49)	1	1	88.0	88.0	90.5	90.5	90.5
ERR1713369	ARO:3004630	Mgen_parC_MXF	1	1	82.4	82.4	62.0	62.0	62.0
ERR1713369	ARO:3004631	Mgen_gyrA_FLO	2	2	80.45	80.45	90.1	90.1	93.2
ERR1713369	ARO:3004635	AAC(6')-Il	3	3	99.33333333333333	100.0	85.8	76.3	106.0
ERR1713369	ARO:3004644	Pmir_dfrA6	3	3	96.96666666666665	96.9	87.43333333333334	91.3	99.0
ERR1713369	ARO:3004645	dfrI	5	5	80.8	80.8	50.4	50.4	50.4
ERR1713369	ARO:3004647	AQU-2	1	1	100.0	100.0	102.0	102.0	102.0
ERR1713369	ARO:3004656	Ecol_catII	1	1	100.0	100.0	53.9	53.9	53.9
ERR1713369	ARO:3004657	catA4	1	1	84.4	84.4	62.4	62.4	62.4
ERR1713369	ARO:3004658	catA8	5	5	96.44	98.0	85.94	99.4	106.0
ERR1713369	ARO:3004659	Mef(En2)	9	9	99.33333333333333	100.0	94.77777777777777	94.4	103.0
ERR1713369	ARO:3004660	catB11	7	7	98.5	100.0	100.67142857142858	107.0	111.0
ERR1713369	ARO:3004665	cmlA8	3	3	92.56666666666666	94.0	94.23333333333333	95.5	97.8
ERR1713369	ARO:3004668	QnrAS	30	30	84.28666666666666	83.7	93.75666666666666	92.4	103.0
ERR1713369	ARO:3004675	aphA15	2	2	100.0	100.0	103.0	103.0	106.0
ERR1713369	ARO:3004677	rmtD2	2	2	98.0	98.0	99.9	99.9	102.0
ERR1713369	ARO:3004681	Cdif_rpoC_VAN	8549	8549	87.38044215697742	86.2	85.86949350801264	89.0	115.0
ERR1713369	ARO:3004682	aadA27	633	633	98.68088467614534	100.0	94.1824644549763	100.0	111.0
ERR1713369	ARO:3004683	aadS	693	693	98.43160173160175	100.0	96.88167388167388	102.0	115.0
ERR1713369	ARO:3004684	MCR-9.1	12	12	100.0	100.0	105.95	106.5	114.0
ERR1713369	ARO:3004685	MCR-1.5	2	2	80.2	80.2	67.0	67.0	85.5
ERR1713369	ARO:3004692	aadA10	108	108	97.78703703703704	100.0	96.70833333333333	101.0	110.0
ERR1713369	ARO:3004694	MCR-4.2	1	1	85.7	85.7	57.4	57.4	57.4
ERR1713369	ARO:3004698	MCR-5.2	34	34	93.42058823529412	100.0	85.66176470588235	89.55000000000001	113.0
ERR1713369	ARO:3004720	tet(X4)	218	218	98.90504587155964	100.0	94.78853211009175	102.0	111.0
ERR1713369	ARO:3004721	Mtub_rpsA_PZA	468	468	87.3576923076923	87.5	86.97371794871795	87.4	101.0
ERR1713369	ARO:3004757	BKC-1	3	3	83.2	80.0	82.66666666666667	82.0	86.3
ERR1713369	ARO:3004761	BRO-1	21	21	98.94285714285715	100.0	99.86666666666666	102.0	108.0
ERR1713369	ARO:3004762	BRO-2	3	3	100.0	100.0	96.26666666666667	99.8	102.0
ERR1713369	ARO:3004764	CBP-1	1	1	80.0	80.0	88.6	88.6	88.6
ERR1713369	ARO:3004766	CGA-1	7	7	82.42857142857143	82.0	85.57142857142857	86.7	91.7
ERR1713369	ARO:3004768	CIA-1	3	3	82.33333333333333	80.0	66.13333333333333	77.8	79.0
ERR1713369	ARO:3004775	CME-1	1	1	81.6	81.6	90.1	90.1	90.1
ERR1713369	ARO:3004777	CMH-1	1	1	94.0	94.0	95.9	95.9	95.9
ERR1713369	ARO:3004780	DES-1	6	6	86.31666666666666	87.8	87.63333333333333	91.3	99.0
ERR1713369	ARO:3004797	FRI-1	2	2	81.0	81.0	37.7	37.7	37.7
ERR1713369	ARO:3004798	FRI-2	1	1	81.0	81.0	38.1	38.1	38.1
ERR1713369	ARO:3004825	LAP-1	2	2	99.0	99.0	100.3	100.3	102.0
ERR1713369	ARO:3004826	LAP-2	2	2	100.0	100.0	100.0	100.0	106.0
ERR1713369	ARO:3004832	Ngon_PBP2_BLA	115	115	87.75217391304348	88.0	92.50956521739131	93.6	99.4
ERR1713369	ARO:3004833	Ngon_PBP1_BLA	1128	1128	85.39388297872341	84.0	88.00088652482269	87.4	108.0
ERR1713369	ARO:3004835	Ngon_pilQ_BLA	179	179	87.85307262569833	87.8	88.10167597765364	90.9	98.6
ERR1713369	ARO:3004859	Ngon_gyrB_ZOL	4758	4758	87.59848675914249	86.0	86.42040773434216	89.0	111.0
ERR1713369	ARO:3004860	Bdol_gyrA_FLO	7662	7662	86.00578178021405	84.1	86.9422735578178	89.0	111.0
ERR1713369	ARO:3004873	Ngon_folP_SLF	188	188	85.92446808510638	86.6	68.36595744680851	73.9	89.7
ERR1713369	ARO:3004921	Mtub_ahpC_INH	10	10	83.39	83.5	76.32000000000001	87.05000000000001	99.8
ERR1713369	ARO:3004922	Mtub_fabG1_INH	15	15	84.42666666666668	85.0	56.93333333333333	48.9	86.7
ERR1713369	ARO:3004923	Mtub_furA_INH	6	6	83.89999999999999	84.7	90.7	91.85	96.3
ERR1713369	ARO:3004925	Mtub_mshA_INH	16	16	84.4	83.95	82.44375	81.85	107.0
ERR1713369	ARO:3004927	Mtub_mshC_INH	5	5	84.32000000000001	86.0	93.76	96.7	96.7
ERR1713369	ARO:3004928	Mtub_mymA_INH	2	2	81.1	81.1	88.95	88.95	94.7
ERR1713369	ARO:3004931	Mtub_nudC_INH	2	2	83.0	83.0	92.85	92.85	94.4
ERR1713369	ARO:3004941	Mtub_ddlA_DCS	37	37	84.77567567567567	82.8	67.88378378378378	70.1	99.0
ERR1713369	ARO:3004945	Mtub_ald_DCS	24	24	82.86666666666666	82.3	77.4375	80.1	95.5
ERR1713369	ARO:3004950	Mtub_ubiA_EMB	8	8	83.9375	83.65	82.4125	80.5	87.4
ERR1713369	ARO:3004955	Mtub_Rv0565_ETO	12	12	84.11666666666666	83.65	57.583333333333336	48.35	98.2
ERR1713369	ARO:3004956	Ngon_rpld	1044	1044	87.2955938697318	86.0	84.84022988505747	88.2	105.0
ERR1713369	ARO:3004957	Mtub_clpC1_PZA	2475	2475	83.60917171717172	82.0	80.88371717171718	83.6	107.0
ERR1713369	ARO:3004960	Mtub_ponA1_RFB	15	15	86.06666666666666	84.1	82.11999999999999	81.3	92.0
ERR1713369	ARO:3004967	Mtub_whib7_KAN	1	1	85.7	85.7	44.3	44.3	44.3
ERR1713369	ARO:3004976	Mtub_ppsD_PZA	2	2	81.0	81.0	81.25	81.25	84.3
ERR1713369	ARO:3004977	Mtub_gpsI_PZA	425	425	85.88941176470588	84.0	84.54211764705883	85.5	106.0
ERR1713369	ARO:3004978	Mtub_mas_PZA	3	3	83.36666666666667	82.4	88.83333333333333	88.2	99.0
ERR1713369	ARO:3004987	Mtub_Rv2731_PZA	1	1	85.7	85.7	95.5	95.5	95.5
ERR1713369	ARO:3004993	Mtub_Rv3169_PZA	10	10	85.1	84.85	97.72	98.2	105.0
ERR1713369	ARO:3004994	Mtub_rpoC_RIF	4168	4168	86.75391074856046	86.0	88.64333013435702	90.5	117.0
ERR1713369	ARO:3004999	Mtub_rpoA_RIF	256	256	84.774609375	83.7	84.282421875	86.3	103.0
ERR1713369	ARO:3005004	Ngon_mtrC_AZM	107	107	85.89158878504672	86.2	61.0803738317757	57.4	85.9
ERR1713369	ARO:3005009	qacE	277	277	99.12346570397112	100.0	66.58772563176895	64.7	95.1
ERR1713369	ARO:3005010	qacEdelta1	331	331	98.70936555891238	100.0	90.75800604229607	91.7	105.0
ERR1713369	ARO:3005012	IDC-1	1	1	96.8	96.8	60.5	60.5	60.5
ERR1713369	ARO:3005013	IDC-2	5	5	98.78	98.0	100.66	99.8	109.0
ERR1713369	ARO:3005035	YRC-1	2	2	85.85	85.85	89.55	89.55	91.3
ERR1713369	ARO:3005040	YajC	11	11	89.9090909090909	89.8	88.22727272727273	86.3	101.0
ERR1713369	ARO:3005041	mlaF	141	141	90.4177304964539	90.5	87.96737588652482	90.1	108.0
ERR1713369	ARO:3005042	mlaD	80	80	90.33250000000001	89.8	87.53	92.2	103.0
ERR1713369	ARO:3005043	cmlA9	217	217	98.66728110599078	100.0	91.96497695852536	94.0	108.0
ERR1713369	ARO:3005044	OmpA	85	85	89.31176470588235	88.0	86.17058823529412	89.0	109.0
ERR1713369	ARO:3005045	SatA	1	1	91.8	91.8	99.8	99.8	99.8
ERR1713369	ARO:3005047	eptB	196	196	90.07551020408162	88.0	93.1954081632653	94.4	112.0
ERR1713369	ARO:3005051	LpsB	164	164	89.22256097560975	89.5	86.70548780487805	91.7	102.0
ERR1713369	ARO:3005052	LpsA	1	1	82.0	82.0	95.1	95.1	95.1
ERR1713369	ARO:3005053	ArnT	95	95	93.01263157894738	95.8	93.06	96.7	114.0
ERR1713369	ARO:3005056	tet(X6)	9	9	94.2	95.9	87.4	97.8	102.0
ERR1713369	ARO:3005059	LptD	240	240	89.74291666666666	88.0	92.10833333333333	94.7	114.0
ERR1713369	ARO:3005063	cprR	7	7	80.21428571428571	80.0	46.142857142857146	46.6	46.6
ERR1713369	ARO:3005069	rsmA	506	506	87.35573122529644	87.5	63.810079051383404	64.7	95.1
ERR1713369	ARO:3005081	Tthe_uL3_PLM	1	1	88.0	88.0	46.2	46.2	46.2
ERR1713369	ARO:3005090	RanB	721	721	85.84341192787795	85.7	83.66241331484049	84.3	99.0
ERR1713369	ARO:3005091	RanA	734	734	85.81049046321526	85.7	85.54073569482289	87.0	103.0
ERR1713369	ARO:3005096	GPC-1	4	4	85.4	84.0	87.325	84.69999999999999	95.9
ERR1713369	ARO:3005098	qacL	319	319	95.39090909090909	96.0	81.28181818181818	87.4	100.0
ERR1713369	ARO:3005099	Spyo_ErmA_MLSb	106	106	89.81509433962263	90.0	80.16509433962264	89.55000000000001	101.0
ERR1713369	ARO:3005114	AAC(6')-Ib-cr4	1	1	96.8	96.8	68.9	68.9	68.9
ERR1713369	ARO:3005150	PAC-1	2	2	99.0	99.0	101.9	101.9	106.0
ERR1713369	ARO:3005158	OXA-668	1	1	82.0	82.0	90.5	90.5	90.5
ERR1713369	ARO:3005162	FosA7.5	2	2	80.3	80.3	65.85	65.85	66.2
ERR1713369	ARO:3005316	OXA-838	2	2	81.85	81.85	70.1	70.1	70.9
ERR1713369	ARO:3005319	OXA-681	1	1	100.0	100.0	106.0	106.0	106.0
ERR1713369	ARO:3005323	OXA-926	2	2	85.45	85.45	88.94999999999999	88.94999999999999	93.6
ERR1713369	ARO:3005333	OXA-641	12	12	93.5	93.45	89.43333333333334	92.4	108.0
ERR1713369	ARO:3005348	DfrA36	2	2	87.65	87.65	83.15	83.15	102.0
ERR1713369	ARO:3005349	DfrA38	5	5	99.4	100.0	93.22	103.0	111.0
ERR1713369	ARO:3005461	EBR-3	2	2	99.0	99.0	99.3	99.3	100.0
ERR1713369	ARO:3005559	CARB-11	1	1	86.0	86.0	93.6	93.6	93.6
ERR1713369	ARO:3005584	CARB-50	2	2	100.0	100.0	104.5	104.5	105.0
ERR1713369	ARO:3005586	CARB-52	1	1	98.0	98.0	97.1	97.1	97.1
ERR1713369	ARO:3005588	CARB-54	1	1	85.3	85.3	61.6	61.6	61.6
ERR1713369	ARO:3005652	CTX-M-229	1	1	93.9	93.9	102.0	102.0	102.0
ERR1713369	ARO:3005729	OXA-498	13	13	94.10769230769232	97.0	75.84615384615384	75.1	106.0
ERR1713369	ARO:3005734	OXA-504	2	2	100.0	100.0	109.5	109.5	111.0
ERR1713369	ARO:3005775	OXA-551	3	3	87.73333333333333	84.0	68.43333333333334	62.8	97.8
ERR1713369	ARO:3005863	OXA-643	7	7	99.42857142857143	100.0	109.71428571428571	110.0	111.0
ERR1713369	ARO:3005865	OXA-645	15	15	96.48	96.0	70.84666666666666	77.4	102.0
ERR1713369	ARO:3005866	OXA-650	55	55	98.72363636363637	100.0	94.27272727272727	100.0	113.0
ERR1713369	ARO:3005868	OXA-652	1	1	96.0	96.0	99.4	99.4	99.4
ERR1713369	ARO:3005875	OXA-660	2	2	100.0	100.0	90.15	90.15	106.0
ERR1713369	ARO:3005877	OXA-662	1	1	98.0	98.0	98.6	98.6	98.6
ERR1713369	ARO:3005880	OXA-669	3	3	97.33333333333333	100.0	98.7	100.0	101.0
ERR1713369	ARO:3005883	OXA-675	26	26	99.92307692307692	100.0	99.11538461538461	99.8	107.0
ERR1713369	ARO:3005932	OXA-727	18	18	85.77777777777777	85.55000000000001	80.13333333333334	87.6	103.0
ERR1713369	ARO:3005933	OXA-728	4	4	84.725	84.55	88.875	90.5	93.6
ERR1713369	ARO:3005937	OXA-732	111	111	98.83693693693694	100.0	99.08648648648649	103.0	119.0
ERR1713369	ARO:3005994	OXA-794	1	1	100.0	100.0	100.0	100.0	100.0
ERR1713369	ARO:3005995	OXA-795	1	1	83.3	83.3	37.7	37.7	37.7
ERR1713369	ARO:3006021	OXA-823	5	5	96.76	98.0	96.82000000000001	99.0	101.0
ERR1713369	ARO:3006022	OXA-824	1	1	100.0	100.0	103.0	103.0	103.0
ERR1713369	ARO:3006038	OXA-844	1	1	83.7	83.7	90.1	90.1	90.1
ERR1713369	ARO:3006113	OXA-928	776	776	99.41417525773196	100.0	92.6340206185567	99.8	108.0
ERR1713369	ARO:3006115	OXA-932	11	11	98.9090909090909	100.0	97.15454545454546	96.7	103.0
ERR1713369	ARO:3006116	OXA-935	1	1	97.8	97.8	94.4	94.4	94.4
ERR1713369	ARO:3006126	OXA-947	1	1	86.0	86.0	91.3	91.3	91.3
ERR1713369	ARO:3006127	OXA-948	1	1	80.9	80.9	84.7	84.7	84.7
ERR1713369	ARO:3006161	GES-32	1	1	87.8	87.8	87.4	87.4	87.4
ERR1713369	ARO:3006173	GES-44	1	1	98.0	98.0	109.0	109.0	109.0
ERR1713369	ARO:3006211	VEB-14	145	145	98.11931034482758	100.0	95.40206896551723	99.8	111.0
ERR1713369	ARO:3006245	ACT-50	2	2	100.0	100.0	80.35	80.35	106.0
ERR1713369	ARO:3006248	ACT-53	2	2	97.0	97.0	102.5	102.5	103.0
ERR1713369	ARO:3006286	ADC-106	2	2	100.0	100.0	103.0	103.0	104.0
ERR1713369	ARO:3006307	ADC-132	2	2	82.2	82.2	80.5	80.5	80.5
ERR1713369	ARO:3006313	ADC-138	2	2	82.15	82.15	60.3	60.3	73.6
ERR1713369	ARO:3006331	ADC-157	1	1	82.6	82.6	82.4	82.4	82.4
ERR1713369	ARO:3006338	ADC-166	2	2	80.4	80.4	44.65	44.65	45.4
ERR1713369	ARO:3006376	ADC-207	1	1	81.0	81.0	72.4	72.4	72.4
ERR1713369	ARO:3006392	ADC-223	1	1	81.0	81.0	37.7	37.7	37.7
ERR1713369	ARO:3006461	CMY-169	18	18	98.9388888888889	100.0	102.51111111111112	105.0	107.0
ERR1713369	ARO:3006477	MOX-12	1	1	100.0	100.0	108.0	108.0	108.0
ERR1713369	ARO:3006478	MOX-13	1	1	80.0	80.0	78.2	78.2	78.2
ERR1713369	ARO:3006857	CMH-5	1	1	88.0	88.0	95.1	95.1	95.1
ERR1713369	ARO:3006874	EC-13	16	16	97.83125	100.0	95.7625	103.0	108.0
ERR1713369	ARO:3006875	EC-14	1	1	98.0	98.0	109.0	109.0	109.0
ERR1713369	ARO:3006878	EC-18	3	3	100.0	100.0	109.66666666666667	110.0	110.0
ERR1713369	ARO:3006879	EC-19	4	4	92.875	96.75	82.975	92.15	106.0
ERR1713369	ARO:3006881	EC-8	6	6	98.88333333333333	99.0	99.26666666666667	101.0	109.0
ERR1713369	ARO:3006903	CAR-1	4	4	81.475	81.3	63.05	64.1	86.3
ERR1713369	ARO:3006927	KLUC-1	1	1	88.0	88.0	95.1	95.1	95.1
ERR1713369	ARO:3006935	LHK-1	2	2	91.95	91.95	56.45	56.45	58.2
ERR1713369	ARO:3006942	LUS-1	1	1	80.0	80.0	77.4	77.4	77.4
ERR1713369	ARO:3006943	LUT-1	2	2	86.75	86.75	92.45	92.45	94.0
ERR1713369	ARO:3006964	PAU-1	24	24	97.82083333333333	99.0	95.5625	97.8	105.0
ERR1713369	ARO:3006973	PME-1	1	1	80.0	80.0	85.1	85.1	85.1
ERR1713369	ARO:3006983	RSD2-2	13	13	97.4923076923077	100.0	91.47692307692309	102.0	107.0
ERR1713369	ARO:3006992	SGM-6	1	1	100.0	100.0	105.0	105.0	105.0
ERR1713369	ARO:3006993	SGM-7	1	1	98.0	98.0	101.0	101.0	101.0
ERR1713369	ARO:3007010	norC	3	3	83.39999999999999	84.1	76.63333333333333	69.3	91.3
ERR1713369	ARO:3007011	mdeA	15	15	86.55333333333333	85.7	85.14666666666668	87.8	96.7
ERR1713369	ARO:3007026	salB	1	1	80.0	80.0	45.8	45.8	45.8
ERR1713369	ARO:3007033	Erm(51)	25	25	99.12	100.0	97.32	102.0	114.0
ERR1713369	ARO:3007041	Erm(52)	13	13	99.39230769230768	100.0	88.56153846153846	97.8	105.0
ERR1713369	ARO:3007042	msr(G)	1	1	91.8	91.8	96.7	96.7	96.7
ERR1713369	ARO:3007043	msr(I)	74	74	99.02702702702703	100.0	84.83378378378379	96.3	106.0
ERR1713369	ARO:3007044	mef(F)	4	4	88.825	87.3	72.6	74.75	87.8
ERR1713369	ARO:3007047	mef(H)	14	14	99.21428571428571	100.0	75.17142857142858	75.85	99.8
ERR1713369	ARO:3007049	mef(J)	222	222	98.58378378378377	100.0	89.93378378378378	92.4	107.0
ERR1713369	ARO:3007050	mreA	7	7	81.62857142857142	80.0	84.72857142857143	89.4	92.8
ERR1713369	ARO:3007051	Hpyl_rpoB_RIF	3388	3388	85.19300472255019	84.4	84.14604486422668	86.7	108.0
ERR1713369	ARO:3007052	Hpyl_gyrA_FLO	127	127	85.56456692913386	85.7	87.20551181102363	89.0	102.0
ERR1713369	ARO:3007053	Hpyl_gyrB_FLO	455	455	84.59362637362636	85.1	80.87406593406592	82.4	95.1
ERR1713369	ARO:3007060	Hpyl_pbp1_AMX	5	5	80.62	80.0	75.85999999999999	82.4	85.1
ERR1713369	ARO:3007073	Bsub_rpoB_RIF	2648	2648	88.42541540785498	88.0	93.11778700906345	93.6	108.0
ERR1713369	ARO:3007085	PRC-1	6	6	90.14999999999999	92.0	93.5	96.30000000000001	100.0
ERR1713369	ARO:3007104	nimA	1	1	96.0	96.0	102.0	102.0	102.0
ERR1713369	ARO:3007105	nimC	1	1	97.1	97.1	68.2	68.2	68.2
ERR1713369	ARO:3007107	nimE	36	36	99.23333333333333	100.0	89.81944444444444	99.8	110.0
ERR1713369	ARO:3007110	nimH	2	2	99.0	99.0	99.3	99.3	100.0
ERR1713369	ARO:3007111	nimI	4	4	81.275	81.15	67.975	73.2	85.1
ERR1713369	ARO:3007112	nimJ	34	34	83.35882352941177	81.6	84.39117647058823	86.85	92.4
ERR1713369	ARO:3007119	tet(O/32/O)	174	174	97.40287356321838	100.0	98.72011494252874	100.0	108.0
ERR1713369	ARO:3007120	tet(O/M/O)	155	155	98.35612903225807	100.0	98.21612903225807	100.0	105.0
ERR1713369	ARO:3007121	tet(O/W)	51	51	95.31176470588234	96.0	95.79803921568627	97.1	105.0
ERR1713369	ARO:3007122	tet(O/W/32/O)	72	72	98.09166666666667	100.0	97.40416666666667	99.4	105.0
ERR1713369	ARO:3007124	tet(W/32/O)	25	25	94.44	96.0	84.228	91.3	111.0
ERR1713369	ARO:3007127	otr(A)S.liv	3	3	81.0	81.0	40.166666666666664	40.4	40.4
ERR1713369	ARO:3007190	vanX_in_vanP_cl	1	1	81.0	81.0	39.3	39.3	39.3
ERR1713369	ARO:3007191	vanR_in_vanP_cl	9	9	81.96666666666667	81.8	71.66666666666667	85.5	93.6
ERR1713369	ARO:3007203	Kpne_PhoQ_CST	130	130	89.85538461538462	89.9	87.98692307692308	89.2	106.0
ERR1713369	ARO:3007208	HelR	33	33	84.83636363636363	84.0	81.4121212121212	85.1	100.0
ERR1713369	ARO:3007209	Sven_rox	2	2	89.85	89.85	95.35	95.35	96.3
ERR1713369	ARO:3007210	Nfar_rox	2	2	81.8	81.8	38.7	38.7	38.9
ERR1713369	ARO:3007229	MCR-8.2	1	1	83.7	83.7	96.7	96.7	96.7
ERR1713369	ARO:3007274	MCR-10.5	10	10	98.27000000000001	100.0	94.4	98.75	111.0
ERR1713369	ARO:3007369	FosH	124	124	81.76693548387097	81.6	71.60483870967742	79.0	90.9
ERR1713369	ARO:3007370	FosI	35	35	81.52	81.3	59.03142857142857	58.5	90.9
ERR1713369	ARO:3007374	PJM-1	5	5	93.28	95.8	92.78	100.0	109.0
ERR1713369	ARO:3007420	Kpne_lamB_CZA	58	58	95.81379310344828	100.0	93.3258620689655	98.6	117.0
ERR1713369	ARO:3007421	Kpne_PBP3_BLA	146	146	96.88082191780822	98.0	97.01712328767124	100.0	108.0
ERR1713369	ARO:3007423	Ecol_PBP3_BLA	92	92	97.70217391304348	100.0	96.1804347826087	98.2	107.0
ERR1713369	ARO:3007456	dfrL	2	2	80.0	80.0	40.2	40.2	40.4
ERR1713369	ARO:3007459	EstT	4	4	95.5	94.05	101.775	101.7	107.0
ERR1713369	ARO:3007473	Mavi_gyrA_FLO	107	107	83.52897196261682	82.0	84.53457943925234	87.8	103.0
ERR1713369	ARO:3007476	Mabs_atpE_BDQ	3	3	88.60000000000001	90.0	59.96666666666667	52.0	86.3
ERR1713369	ARO:3007483	RAD-1	5	5	80.9	81.3	84.42	84.7	91.7
ERR1713369	ARO:3007489	dfrB10	1	1	85.7	85.7	89.7	89.7	89.7
ERR1713369	ARO:3007491	Paer_ampR_ATM	181	181	85.28950276243094	85.0	55.83646408839779	48.9	93.2
ERR1713369	ARO:3007492	tet(62)	1	1	87.8	87.8	81.3	81.3	81.3
ERR1713369	ARO:3007527	Bsub_rpsE_SPT	325	325	84.68369230769231	83.7	82.54061538461539	85.1	96.7
ERR1713369	ARO:3007539	APH(9)-Ic	6	6	96.66666666666667	100.0	106.0	109.0	113.0
ERR1713369	ARO:3007544	Erhu_gyrA_ENR	473	473	83.23298097251585	82.0	89.38350951374207	90.1	105.0
ERR1713369	ARO:3007635	CAE-1	445	445	84.17325842696629	83.7	84.47797752808988	84.7	99.0
ERR1713369	ARO:3007637	cplR	5	5	83.86	84.0	43.839999999999996	44.3	44.3
ERR1713369	ARO:3007644	Cper_cplR	1	1	80.8	80.8	46.2	46.2	46.2
ERR1713369	ARO:3007654	erm(56)	1	1	83.3	83.3	87.4	87.4	87.4
ERR1713369	ARO:3007669	aadT	56	56	95.92857142857143	98.0	87.22142857142856	88.8	111.0
ERR1713369	ARO:3007678	IreK	85	85	83.66235294117648	81.6	84.7964705882353	85.9	97.1
ERR1713369	ARO:3007682	MdtQ	69	69	91.47826086956522	90.0	88.55652173913043	91.3	109.0
ERR1713369	ARO:3007692	Mtub_Rv2535_BDQ	8	8	82.5375	81.9	62.05	61.4	90.9
ERR1713369	ARO:3007749	Sgal_folP_SLF	97	97	85.09690721649484	83.3	59.47113402061856	47.4	101.0
ERR1713369	ARO:3007794	Vvul_rpoB_RIF	4201	4201	85.6686027136396	85.4	89.71616281837657	90.1	108.0
ERR1713369	ARO:3007801	RATA-1	17	17	97.16470588235293	98.0	92.46470588235294	94.7	100.0
ERR1713369	ARO:3007802	RATA-2	11	11	92.88181818181819	93.9	92.56363636363636	95.9	102.0
ERR1713369	ARO:3007817	VIM-80	1	1	100.0	100.0	102.0	102.0	102.0
ERR1713369	ARO:3007826	GES-48	1	1	94.4	94.4	37.7	37.7	37.7
ERR1713369	ARO:3007830	GES-52	1	1	88.0	88.0	89.4	89.4	89.4
ERR1713369	ARO:3007837	CARB-58	59	59	96.32881355932203	98.0	79.63050847457627	86.7	102.0
ERR1713369	ARO:3007848	NWM-1	1	1	80.9	80.9	77.8	77.8	77.8
ERR1713369	ARO:3007849	Mtub_fgd1_DLM	12	12	89.20833333333333	90.0	89.43333333333334	94.95	102.0
ERR1713369	ARO:3007910	ACT-142	1	1	95.9	95.9	107.0	107.0	107.0
ERR1713369	ARO:3007936	ACT-173	1	1	100.0	100.0	102.0	102.0	102.0
ERR1713369	ARO:3007945	ACT-182	1	1	98.0	98.0	103.0	103.0	103.0
ERR1713369	ARO:3007993	ADC-277	5	5	85.74	83.7	59.08	67.4	76.6
ERR1713369	ARO:3008073	AIM-2	1	1	90.0	90.0	96.7	96.7	96.7
ERR1713369	ARO:3008081	BMHC-1	1	1	82.0	82.0	91.3	91.3	91.3
ERR1713369	ARO:3008082	BOR-1	1	1	87.5	87.5	44.3	44.3	44.3
ERR1713369	ARO:3008346	KPC-228	1	1	80.8	80.8	42.7	42.7	42.7
ERR1713369	ARO:3008385	MOX-17	1	1	100.0	100.0	43.5	43.5	43.5
ERR1713369	ARO:3008437	OXA-1016	2	2	100.0	100.0	107.5	107.5	108.0
ERR1713369	ARO:3008457	OXA-1036	17	17	95.0	95.9	95.64117647058823	97.4	105.0
ERR1713369	ARO:3008463	OXA-1044	8	8	98.4875	100.0	82.3625	86.65	90.5
ERR1713369	ARO:3008503	OXA-1085	67	67	98.05074626865671	100.0	77.96865671641791	77.8	109.0
ERR1713369	ARO:3008504	OXA-1086	2	2	86.05	86.05	78.55	78.55	80.1
ERR1713369	ARO:3008526	OXA-1108	3	3	92.66666666666667	98.0	96.33333333333333	98.2	103.0
ERR1713369	ARO:3008565	OXA-1147	2	2	93.9	93.9	70.30000000000001	70.30000000000001	72.4
ERR1713369	ARO:3008566	OXA-1148	4	4	96.0	97.0	98.75	98.4	105.0
ERR1713369	ARO:3008587	OXA-1169	1	1	92.0	92.0	88.6	88.6	88.6
ERR1713369	ARO:3008588	OXA-1170	1	1	94.0	94.0	94.4	94.4	94.4
ERR1713369	ARO:3008590	OXA-1172	2	2	100.0	100.0	107.0	107.0	107.0
ERR1713369	ARO:3008605	OXA-1189	17	17	80.74117647058823	80.4	87.62941176470588	88.2	92.0
ERR1713369	ARO:3008608	OXA-1193	1	1	85.7	85.7	94.0	94.0	94.0
ERR1713369	ARO:3008614	OXA-1202	3	3	100.0	100.0	98.66666666666667	100.0	102.0
ERR1713369	ARO:3008620	OXA-1208	42	42	97.65714285714287	98.0	91.14761904761905	99.4	114.0
ERR1713369	ARO:3008640	OXA-1230	1	1	87.0	87.0	48.9	48.9	48.9
ERR1713369	ARO:3008645	OXA-1235	5	5	82.0	82.6	85.06	85.5	85.9
ERR1713369	ARO:3008668	OXA-1258	4	4	92.95	92.95	97.55	97.55	100.0
ERR1713369	ARO:3008671	OXA-1261	1	1	98.0	98.0	107.0	107.0	107.0
ERR1713369	ARO:3008726	OXA-944	3	3	85.93333333333334	84.0	90.93333333333334	91.7	91.7
ERR1713369	ARO:3009029	PJM-2	2	2	98.35	98.35	85.2	85.2	108.0
ERR1713369	ARO:3009040	RASA-1	10	10	88.91	88.75	85.46000000000001	92.25	97.4
ERR1713369	ARO:3009096	YOC-1	2	2	82.85	82.85	92.45	92.45	93.2
