set	sample_id	contig_id	ORF_ID	Best_Hit_ARO	ARO	Cut_Off	Best_Identities	Percentage_Length_of_Reference_Sequence	Drug_Class	Resistance_Mechanism	AMR_Gene_Family	Antibiotic	matched_to_genomad	genomad_context	chromosome_score	plasmid_score	virus_score
Kathmandu18	E_1-2	k141_317816	k141_317816_2 # 825 # 2114 # 1 # ID=861_2;partial=01;start_type=ATG;rbs_motif=ATA;rbs_spacer=4bp;gc_cont=0.459	vanW gene in vanI cluster	3003724	Strict	33.54	115.28	glycopeptide antibiotic	antibiotic target alteration	vanW; glycopeptide resistance gene cluster	vancomycin; teicoplanin	False	chromosome_like	1		
Kathmandu18	E_1-2	k141_951793	k141_951793_72 # 75583 # 76701 # -1 # ID=1035_72;partial=00;start_type=ATG;rbs_motif=None;rbs_spacer=None;gc_cont=0.540	vanT gene in vanG cluster	3002972	Strict	30.89	52.25	glycopeptide antibiotic	antibiotic target alteration	glycopeptide resistance gene cluster; vanT	vancomycin	False	chromosome_like	1		
Kathmandu18	E_1-2	k141_952624	k141_952624_15 # 16189 # 16518 # -1 # ID=1929_15;partial=00;start_type=ATG;rbs_motif=GGA/GAG/AGG;rbs_spacer=5-10bp;gc_cont=0.527	qacG	3007015	Strict	47.17	101.87	disinfecting agents and antiseptics	antibiotic efflux	small multidrug resistance (SMR) antibiotic efflux pump	benzalkonium chloride	False	chromosome_like	1		
Kathmandu18	E_1-2	k141_636614	k141_636614_3 # 2615 # 5107 # 1 # ID=2557_3;partial=00;start_type=ATG;rbs_motif=None;rbs_spacer=None;gc_cont=0.298	vanT gene in vanG cluster	3002972	Strict	34.22	116.57	glycopeptide antibiotic	antibiotic target alteration	glycopeptide resistance gene cluster; vanT	vancomycin	False	chromosome_like	1		
Kathmandu18	E_1-2	k141_953233	k141_953233_3 # 1898 # 2311 # 1 # ID=2617_3;partial=00;start_type=ATG;rbs_motif=GGA/GAG/AGG;rbs_spacer=5-10bp;gc_cont=0.466	H-NS	3000676	Perfect	100.0	100.0	macrolide antibiotic; fluoroquinolone antibiotic; cephalosporin; cephamycin; penam; tetracycline antibiotic	antibiotic efflux	major facilitator superfamily (MFS) antibiotic efflux pump; resistance-nodulation-cell division (RND) antibiotic efflux pump	erythromycin; cloxacillin; ciprofloxacin; tetracycline; oxacillin; norfloxacin	False	chromosome_like	1		
Kathmandu18	E_1-2	k141_319733	k141_319733_1 # 3 # 953 # -1 # ID=2976_1;partial=10;start_type=ATG;rbs_motif=GGA/GAG/AGG;rbs_spacer=5-10bp;gc_cont=0.467	vanT gene in vanG cluster	3002972	Strict	36.39	44.52	glycopeptide antibiotic	antibiotic target alteration	glycopeptide resistance gene cluster; vanT	vancomycin	False	chromosome_like	1		
Kathmandu18	E_1-2	k141_637508	k141_637508_2 # 685 # 1923 # 1 # ID=3492_2;partial=00;start_type=GTG;rbs_motif=GGAGG;rbs_spacer=5-10bp;gc_cont=0.787	vanY gene in vanB cluster	3002956	Strict	35.61	153.73	glycopeptide antibiotic	antibiotic target alteration	vanY; glycopeptide resistance gene cluster	vancomycin	False	chromosome_like	1		
Kathmandu18	E_1-2	k141_320593	k141_320593_55 # 33773 # 34867 # 1 # ID=3930_55;partial=00;start_type=ATG;rbs_motif=GGA/GAG/AGG;rbs_spacer=5-10bp;gc_cont=0.389	vanT gene in vanG cluster	3002972	Strict	35.44	51.12	glycopeptide antibiotic	antibiotic target alteration	glycopeptide resistance gene cluster; vanT	vancomycin	False	chromosome_like	1		
Kathmandu18	E_1-2	k141_954544	k141_954544_2 # 746 # 1537 # -1 # ID=4079_2;partial=01;start_type=Edge;rbs_motif=None;rbs_spacer=None;gc_cont=0.588	vanW gene in vanI cluster	3003724	Strict	35.79	70.51	glycopeptide antibiotic	antibiotic target alteration	vanW; glycopeptide resistance gene cluster	vancomycin; teicoplanin	False	chromosome_like	1		
Kathmandu18	E_1-2	k141_321015	k141_321015_2 # 1203 # 2165 # 1 # ID=4389_2;partial=00;start_type=ATG;rbs_motif=TAA;rbs_spacer=6bp;gc_cont=0.360	CfxA6	3003097	Strict	99.38	96.68	cephamycin	antibiotic inactivation	CfxA beta-lactamase		False	chromosome_like	1		
Kathmandu18	E_1-2	k141_321201	k141_321201_15 # 13451 # 14350 # 1 # ID=4634_15;partial=00;start_type=ATG;rbs_motif=None;rbs_spacer=None;gc_cont=0.310	vanY gene in vanM cluster	3002961	Strict	30.77	128.33	glycopeptide antibiotic	antibiotic target alteration	vanY; glycopeptide resistance gene cluster	vancomycin; teicoplanin	False	chromosome_like	1		
Kathmandu18	E_1-2	k141_321244	k141_321244_7 # 4950 # 8054 # -1 # ID=4671_7;partial=00;start_type=ATG;rbs_motif=GGA/GAG/AGG;rbs_spacer=5-10bp;gc_cont=0.514	AcrF	3000502	Strict	99.81	100.0	fluoroquinolone antibiotic; cephalosporin; cephamycin; penam	antibiotic efflux	resistance-nodulation-cell division (RND) antibiotic efflux pump	ciprofloxacin	False	chromosome_like	1		
Kathmandu18	E_1-2	k141_321244	k141_321244_8 # 8066 # 9223 # -1 # ID=4671_8;partial=00;start_type=ATG;rbs_motif=GGAG/GAGG;rbs_spacer=5-10bp;gc_cont=0.523	AcrE	3000499	Perfect	100.0	100.0	fluoroquinolone antibiotic; cephalosporin; cephamycin; penam	antibiotic efflux	resistance-nodulation-cell division (RND) antibiotic efflux pump	ciprofloxacin	False	chromosome_like	1		
Kathmandu18	E_1-2	k141_321244	k141_321244_9 # 9622 # 10284 # 1 # ID=4671_9;partial=00;start_type=ATG;rbs_motif=None;rbs_spacer=None;gc_cont=0.442	AcrS	3000656	Perfect	100.0	100.0	fluoroquinolone antibiotic; cephalosporin; glycylcycline; cephamycin; penam; tetracycline antibiotic; rifamycin antibiotic; phenicol antibiotic; disinfecting agents and antiseptics	antibiotic efflux	resistance-nodulation-cell division (RND) antibiotic efflux pump	tigecycline; ciprofloxacin; tetracycline; rifampin; chloramphenicol; ampicillin; cefalotin; triclosan	False	chromosome_like	1		
Kathmandu18	E_1-2	k141_3877	k141_3877_1 # 1 # 420 # 1 # ID=4837_1;partial=10;start_type=Edge;rbs_motif=None;rbs_spacer=None;gc_cont=0.405	vanY gene in vanA cluster	3002955	Strict	34.51	45.87	glycopeptide antibiotic	antibiotic target alteration	vanY; glycopeptide resistance gene cluster	vancomycin; teicoplanin	False	chromosome_like	1		
Kathmandu18	E_1-2	k141_955174	k141_955174_4 # 2521 # 3645 # 1 # ID=4875_4;partial=00;start_type=ATG;rbs_motif=GGA/GAG/AGG;rbs_spacer=11-12bp;gc_cont=0.535	vanT gene in vanG cluster	3002972	Strict	32.14	52.53	glycopeptide antibiotic	antibiotic target alteration	glycopeptide resistance gene cluster; vanT	vancomycin	False	chromosome_like	1		
Kathmandu18	E_1-2	k141_639240	k141_639240_3 # 892 # 2091 # 1 # ID=5479_3;partial=00;start_type=GTG;rbs_motif=GGAGG;rbs_spacer=5-10bp;gc_cont=0.635	tet(A)	3000165	Strict	98.97	94.1	tetracycline antibiotic	antibiotic efflux	major facilitator superfamily (MFS) antibiotic efflux pump	tetracycline	True	plasmid_like		0.8393	
Kathmandu18	E_1-2	k141_4562	k141_4562_2 # 348 # 1181 # -1 # ID=5516_2;partial=00;start_type=ATG;rbs_motif=None;rbs_spacer=None;gc_cont=0.302	vanY gene in vanB cluster	3002956	Strict	27.59	103.36	glycopeptide antibiotic	antibiotic target alteration	vanY; glycopeptide resistance gene cluster	vancomycin	False	chromosome_like	1		
Kathmandu18	E_1-2	k141_955704	k141_955704_1 # 3 # 1067 # 1 # ID=5619_1;partial=10;start_type=Edge;rbs_motif=None;rbs_spacer=None;gc_cont=0.375	vanW gene in vanI cluster	3003724	Strict	37.96	94.91	glycopeptide antibiotic	antibiotic target alteration	vanW; glycopeptide resistance gene cluster	vancomycin; teicoplanin	False	chromosome_like	1		
Kathmandu18	E_1-2	k141_4850	k141_4850_9 # 9034 # 10179 # 1 # ID=5873_9;partial=00;start_type=ATG;rbs_motif=None;rbs_spacer=None;gc_cont=0.342	vanT gene in vanG cluster	3002972	Strict	32.15	53.51	glycopeptide antibiotic	antibiotic target alteration	glycopeptide resistance gene cluster; vanT	vancomycin	False	chromosome_like	1		
Kathmandu18	E_1-2	k141_956442	k141_956442_18 # 20380 # 21573 # 1 # ID=6495_18;partial=00;start_type=ATG;rbs_motif=GGAG/GAGG;rbs_spacer=5-10bp;gc_cont=0.537	Escherichia coli acrA	3004043	Strict	99.75	100.0	fluoroquinolone antibiotic; cephalosporin; glycylcycline; penam; tetracycline antibiotic; rifamycin antibiotic; phenicol antibiotic; disinfecting agents and antiseptics	antibiotic efflux	resistance-nodulation-cell division (RND) antibiotic efflux pump	tigecycline; tetracycline; rifampin; chloramphenicol; ampicillin; cefalotin; triclosan	False	chromosome_like	1		
Kathmandu18	E_1-2	k141_956442	k141_956442_19 # 21596 # 24745 # 1 # ID=6495_19;partial=00;start_type=ATG;rbs_motif=AGGAG;rbs_spacer=5-10bp;gc_cont=0.574	adeF	3000777	Strict	42.22	99.06	fluoroquinolone antibiotic; tetracycline antibiotic	antibiotic efflux	resistance-nodulation-cell division (RND) antibiotic efflux pump	tetracycline	False	chromosome_like	1		
Kathmandu18	E_1-2	k141_641448	k141_641448_9 # 6248 # 7048 # -1 # ID=7861_9;partial=00;start_type=ATG;rbs_motif=AGGA;rbs_spacer=5-10bp;gc_cont=0.438	vanY gene in vanA cluster	3002955	Strict	28.68	87.79	glycopeptide antibiotic	antibiotic target alteration	vanY; glycopeptide resistance gene cluster	vancomycin; teicoplanin	False	chromosome_like	1		
Kathmandu18	E_1-2	k141_325226	k141_325226_81 # 92886 # 93896 # -1 # ID=9045_81;partial=00;start_type=ATG;rbs_motif=GGA/GAG/AGG;rbs_spacer=5-10bp;gc_cont=0.357	vanH gene in vanF cluster	3002945	Strict	36.91	104.35	glycopeptide antibiotic	antibiotic target alteration	vanH; glycopeptide resistance gene cluster	vancomycin	False	chromosome_like	1		
Kathmandu18	E_1-2	k141_325306	k141_325306_152 # 131142 # 131999 # -1 # ID=9235_152;partial=01;start_type=Edge;rbs_motif=None;rbs_spacer=None;gc_cont=0.452	vanW gene in vanI cluster	3003724	Strict	35.54	76.41	glycopeptide antibiotic	antibiotic target alteration	vanW; glycopeptide resistance gene cluster	vancomycin; teicoplanin	False	chromosome_like	1		
Kathmandu18	E_1-2	k141_642985	k141_642985_8 # 6393 # 9524 # 1 # ID=9282_8;partial=00;start_type=ATG;rbs_motif=AGGA;rbs_spacer=5-10bp;gc_cont=0.628	adeF	3000777	Strict	47.54	98.49	fluoroquinolone antibiotic; tetracycline antibiotic	antibiotic efflux	resistance-nodulation-cell division (RND) antibiotic efflux pump	tetracycline	False	chromosome_like	1		
Kathmandu18	E_1-2	k141_326065	k141_326065_3 # 1577 # 2485 # -1 # ID=10015_3;partial=00;start_type=ATG;rbs_motif=None;rbs_spacer=None;gc_cont=0.420	vanY gene in vanM cluster	3002961	Strict	39.84	129.61	glycopeptide antibiotic	antibiotic target alteration	vanY; glycopeptide resistance gene cluster	vancomycin; teicoplanin	False	chromosome_like	1		
Kathmandu18	E_1-2	k141_643790	k141_643790_20 # 15154 # 17052 # -1 # ID=10030_20;partial=00;start_type=ATG;rbs_motif=None;rbs_spacer=None;gc_cont=0.519	vanW gene in vanI cluster	3003724	Strict	29.46	169.44	glycopeptide antibiotic	antibiotic target alteration	vanW; glycopeptide resistance gene cluster	vancomycin; teicoplanin	False	chromosome_like	1		
Kathmandu18	E_1-2	k141_7838	k141_7838_766 # 759426 # 760772 # 1 # ID=10241_766;partial=00;start_type=GTG;rbs_motif=TAA;rbs_spacer=12bp;gc_cont=0.428	vanW gene in vanI cluster	3003724	Strict	32.07	120.11	glycopeptide antibiotic	antibiotic target alteration	vanW; glycopeptide resistance gene cluster	vancomycin; teicoplanin	False	chromosome_like	1		
Kathmandu18	E_1-2	k141_644310	k141_644310_23 # 20734 # 21513 # -1 # ID=10547_23;partial=00;start_type=ATG;rbs_motif=None;rbs_spacer=None;gc_cont=0.524	vanW gene in vanG cluster	3002965	Strict	31.78	92.17	glycopeptide antibiotic	antibiotic target alteration	vanW; glycopeptide resistance gene cluster	vancomycin	False	chromosome_like	1		
Kathmandu18	E_1-2	k141_644449	k141_644449_2 # 113 # 3328 # 1 # ID=10684_2;partial=00;start_type=ATG;rbs_motif=AGGA/GGAG/GAGG;rbs_spacer=11-12bp;gc_cont=0.704	adeF	3000777	Strict	52.08	101.13	fluoroquinolone antibiotic; tetracycline antibiotic	antibiotic efflux	resistance-nodulation-cell division (RND) antibiotic efflux pump	tetracycline	False	chromosome_like	1		
Kathmandu18	E_1-2	k141_644938	k141_644938_16 # 17066 # 17962 # 1 # ID=11105_16;partial=00;start_type=ATG;rbs_motif=None;rbs_spacer=None;gc_cont=0.352	vanY gene in vanB cluster	3002956	Strict	30.25	111.19	glycopeptide antibiotic	antibiotic target alteration	vanY; glycopeptide resistance gene cluster	vancomycin	False	chromosome_like	1		
Kathmandu18	E_1-2	k141_9148	k141_9148_5 # 1768 # 2661 # 1 # ID=11974_5;partial=00;start_type=ATG;rbs_motif=None;rbs_spacer=None;gc_cont=0.351	vanY gene in vanB cluster	3002956	Strict	30.6	110.82	glycopeptide antibiotic	antibiotic target alteration	vanY; glycopeptide resistance gene cluster	vancomycin	False	chromosome_like	1		
Kathmandu18	E_1-2	k141_961369	k141_961369_6 # 3322 # 3984 # 1 # ID=12888_6;partial=00;start_type=ATG;rbs_motif=None;rbs_spacer=None;gc_cont=0.374	vanY gene in vanM cluster	3002961	Strict	32.84	94.42	glycopeptide antibiotic	antibiotic target alteration	vanY; glycopeptide resistance gene cluster	vancomycin; teicoplanin	False	chromosome_like	1		
Kathmandu18	E_1-2	k141_646548	k141_646548_20 # 16933 # 18765 # -1 # ID=13025_20;partial=00;start_type=ATG;rbs_motif=3Base/5BMM;rbs_spacer=13-15bp;gc_cont=0.436	vanW gene in vanI cluster	3003724	Strict	34.44	163.54	glycopeptide antibiotic	antibiotic target alteration	vanW; glycopeptide resistance gene cluster	vancomycin; teicoplanin	False	chromosome_like	1		
Kathmandu18	E_1-2	k141_329469	k141_329469_2 # 2226 # 3191 # 1 # ID=13542_2;partial=00;start_type=ATG;rbs_motif=TATAA;rbs_spacer=11bp;gc_cont=0.356	CfxA2	3003002	Strict	99.69	100.0	cephamycin	antibiotic inactivation	CfxA beta-lactamase		True	plasmid_like		0.9869	
Kathmandu18	E_1-2	k141_647506	k141_647506_2 # 1371 # 1565 # 1 # ID=13859_2;partial=00;start_type=ATG;rbs_motif=AGGAG;rbs_spacer=5-10bp;gc_cont=0.462	rsmA	3005069	Strict	87.93	104.92	fluoroquinolone antibiotic; diaminopyrimidine antibiotic; phenicol antibiotic	antibiotic efflux	resistance-nodulation-cell division (RND) antibiotic efflux pump	trimethoprim; chloramphenicol	False	chromosome_like	1		
Kathmandu18	E_1-2	k141_962123	k141_962123_49 # 42746 # 43645 # -1 # ID=14254_49;partial=00;start_type=ATG;rbs_motif=None;rbs_spacer=None;gc_cont=0.358	vanY gene in vanM cluster	3002961	Strict	37.67	128.33	glycopeptide antibiotic	antibiotic target alteration	vanY; glycopeptide resistance gene cluster	vancomycin; teicoplanin	False	chromosome_like	1		
Kathmandu18	E_1-2	k141_648274	k141_648274_1 # 1 # 1056 # 1 # ID=14588_1;partial=11;start_type=Edge;rbs_motif=None;rbs_spacer=None;gc_cont=0.346	tet(M)	3000186	Strict	96.86	55.09	tetracycline antibiotic	antibiotic target protection	tetracycline-resistant ribosomal protection protein	tetracycline; doxycycline; minocycline; chlortetracycline; demeclocycline; oxytetracycline	False	chromosome_like	1		
Kathmandu18	E_1-2	k141_330814	k141_330814_6 # 10930 # 11919 # 1 # ID=14920_6;partial=00;start_type=ATG;rbs_motif=GGAG/GAGG;rbs_spacer=5-10bp;gc_cont=0.588	vanH gene in vanB cluster	3002943	Strict	39.44	101.86	glycopeptide antibiotic	antibiotic target alteration	vanH; glycopeptide resistance gene cluster	vancomycin	False	chromosome_like	1		
Kathmandu18	E_1-2	k141_330814	k141_330814_50 # 66223 # 69462 # -1 # ID=14920_50;partial=00;start_type=ATG;rbs_motif=GGAG/GAGG;rbs_spacer=5-10bp;gc_cont=0.608	adeF	3000777	Strict	46.6	101.89	fluoroquinolone antibiotic; tetracycline antibiotic	antibiotic efflux	resistance-nodulation-cell division (RND) antibiotic efflux pump	tetracycline	False	chromosome_like	1		
Kathmandu18	E_1-2	k141_962606	k141_962606_2 # 2582 # 5782 # -1 # ID=15180_2;partial=00;start_type=ATG;rbs_motif=None;rbs_spacer=None;gc_cont=0.535	adeF	3000777	Strict	44.7	100.66	fluoroquinolone antibiotic; tetracycline antibiotic	antibiotic efflux	resistance-nodulation-cell division (RND) antibiotic efflux pump	tetracycline	False	chromosome_like	1		
Kathmandu18	E_1-2	k141_962772	k141_962772_5 # 2406 # 4331 # 1 # ID=15498_5;partial=00;start_type=ATG;rbs_motif=TAA;rbs_spacer=4bp;gc_cont=0.381	tet(Q)	3000191	Strict	89.08	97.56	tetracycline antibiotic	antibiotic target protection	tetracycline-resistant ribosomal protection protein	tetracycline; doxycycline; minocycline; chlortetracycline; demeclocycline; oxytetracycline	False	chromosome_like	1		
Kathmandu18	E_1-2	k141_649421	k141_649421_4 # 1996 # 3933 # -1 # ID=15742_4;partial=00;start_type=ATG;rbs_motif=TAA;rbs_spacer=13bp;gc_cont=0.391	vanW gene in vanI cluster	3003724	Strict	29.06	172.92	glycopeptide antibiotic	antibiotic target alteration	vanW; glycopeptide resistance gene cluster	vancomycin; teicoplanin	False	chromosome_like	1		
Kathmandu18	E_1-2	k141_963054	k141_963054_33 # 34627 # 37092 # 1 # ID=15973_33;partial=00;start_type=ATG;rbs_motif=TAA;rbs_spacer=11bp;gc_cont=0.421	vanT gene in vanG cluster	3002972	Strict	35.77	115.31	glycopeptide antibiotic	antibiotic target alteration	glycopeptide resistance gene cluster; vanT	vancomycin	False	chromosome_like	1		
Kathmandu18	E_1-2	k141_331982	k141_331982_2 # 345 # 677 # -1 # ID=16071_2;partial=00;start_type=ATG;rbs_motif=GGAG/GAGG;rbs_spacer=5-10bp;gc_cont=0.432	qacG	3007015	Strict	41.67	102.8	disinfecting agents and antiseptics	antibiotic efflux	small multidrug resistance (SMR) antibiotic efflux pump	benzalkonium chloride	False	chromosome_like	1		
Kathmandu18	E_1-2	k141_13991	k141_13991_23 # 27491 # 28312 # 1 # ID=17447_23;partial=00;start_type=ATG;rbs_motif=GGA/GAG/AGG;rbs_spacer=5-10bp;gc_cont=0.527	bacA	3002986	Perfect	100.0	100.0	peptide antibiotic	antibiotic target alteration	undecaprenyl pyrophosphate related proteins	bacitracin; bacitracin A; bacitracin B; bacitracin F	False	chromosome_like	1		
Kathmandu18	E_1-2	k141_333406	k141_333406_253 # 269547 # 270653 # 1 # ID=17826_253;partial=00;start_type=TTG;rbs_motif=AATAA;rbs_spacer=13bp;gc_cont=0.494	vanT gene in vanG cluster	3002972	Strict	33.51	51.69	glycopeptide antibiotic	antibiotic target alteration	glycopeptide resistance gene cluster; vanT	vancomycin	False	chromosome_like	1		
Kathmandu18	E_1-2	k141_14931	k141_14931_32 # 41549 # 43381 # 1 # ID=18548_32;partial=00;start_type=ATG;rbs_motif=None;rbs_spacer=None;gc_cont=0.517	vanW gene in vanI cluster	3003724	Strict	31.03	163.54	glycopeptide antibiotic	antibiotic target alteration	vanW; glycopeptide resistance gene cluster	vancomycin; teicoplanin	False	chromosome_like	1		
Kathmandu18	E_1-2	k141_965065	k141_965065_4 # 3335 # 4660 # -1 # ID=18564_4;partial=00;start_type=ATG;rbs_motif=AAAAAA;rbs_spacer=12bp;gc_cont=0.343	vanW gene in vanI cluster	3003724	Strict	31.05	118.23	glycopeptide antibiotic	antibiotic target alteration	vanW; glycopeptide resistance gene cluster	vancomycin; teicoplanin	False	chromosome_like	1		
Kathmandu18	E_1-2	k141_15124	k141_15124_1 # 221 # 1024 # -1 # ID=18681_1;partial=00;start_type=ATG;rbs_motif=None;rbs_spacer=None;gc_cont=0.402	OXA-129	3001811	Strict	94.38	100.0	carbapenem; cephalosporin; penam	antibiotic inactivation	OXA beta-lactamase	cloxacillin; oxacillin; cefalotin	False	chromosome_like	1		
Kathmandu18	E_1-2	k141_15124	k141_15124_2 # 1146 # 1382 # -1 # ID=18681_2;partial=00;start_type=ATG;rbs_motif=AGxAGG/AGGxGG;rbs_spacer=5-10bp;gc_cont=0.549	dfrB5	3004549	Perfect	100.0	100.0	diaminopyrimidine antibiotic	antibiotic target replacement	trimethoprim resistant dihydrofolate reductase dfr	trimethoprim	False	chromosome_like	1		
Kathmandu18	E_1-2	k141_334538	k141_334538_7 # 7014 # 7919 # -1 # ID=19160_7;partial=00;start_type=ATG;rbs_motif=None;rbs_spacer=None;gc_cont=0.522	vanY gene in vanB cluster	3002956	Strict	33.78	112.31	glycopeptide antibiotic	antibiotic target alteration	vanY; glycopeptide resistance gene cluster	vancomycin	False	chromosome_like	1		
Kathmandu18	E_1-2	k141_335273	k141_335273_33 # 35086 # 36330 # -1 # ID=19986_33;partial=00;start_type=ATG;rbs_motif=None;rbs_spacer=None;gc_cont=0.732	vanT gene in vanG cluster	3002972	Strict	32.64	58.15	glycopeptide antibiotic	antibiotic target alteration	glycopeptide resistance gene cluster; vanT	vancomycin	False	chromosome_like	1		
Kathmandu18	E_1-2	k141_653659	k141_653659_19 # 18639 # 19814 # -1 # ID=20367_19;partial=00;start_type=ATG;rbs_motif=TAA;rbs_spacer=3bp;gc_cont=0.364	vanT gene in vanG cluster	3002972	Strict	32.3	54.92	glycopeptide antibiotic	antibiotic target alteration	glycopeptide resistance gene cluster; vanT	vancomycin	False	chromosome_like	1		
Kathmandu18	E_1-2	k141_16933	k141_16933_9 # 5966 # 9127 # 1 # ID=20521_9;partial=00;start_type=TTG;rbs_motif=AGxAGG/AGGxGG;rbs_spacer=5-10bp;gc_cont=0.373	adeF	3000777	Strict	42.67	99.43	fluoroquinolone antibiotic; tetracycline antibiotic	antibiotic efflux	resistance-nodulation-cell division (RND) antibiotic efflux pump	tetracycline	False	chromosome_like	1		
Kathmandu18	E_1-2	k141_18390	k141_18390_2 # 1459 # 3591 # -1 # ID=22112_2;partial=01;start_type=Edge;rbs_motif=None;rbs_spacer=None;gc_cont=0.526	vanT gene in vanG cluster	3002972	Strict	35.5	99.72	glycopeptide antibiotic	antibiotic target alteration	glycopeptide resistance gene cluster; vanT	vancomycin	False	chromosome_like	1		
Kathmandu18	E_1-2	k141_18520	k141_18520_2 # 1456 # 1893 # -1 # ID=22265_2;partial=01;start_type=Edge;rbs_motif=None;rbs_spacer=None;gc_cont=0.479	vanY gene in vanA cluster	3002955	Strict	40.0	47.85	glycopeptide antibiotic	antibiotic target alteration	vanY; glycopeptide resistance gene cluster	vancomycin; teicoplanin	False	chromosome_like	1		
Kathmandu18	E_1-2	k141_968074	k141_968074_245 # 254041 # 255798 # -1 # ID=22686_245;partial=00;start_type=ATG;rbs_motif=None;rbs_spacer=None;gc_cont=0.496	vanW gene in vanI cluster	3003724	Strict	32.4	156.84	glycopeptide antibiotic	antibiotic target alteration	vanW; glycopeptide resistance gene cluster	vancomycin; teicoplanin	False	chromosome_like	1		
Kathmandu18	E_1-2	k141_656385	k141_656385_2 # 2738 # 3952 # -1 # ID=23210_2;partial=00;start_type=ATG;rbs_motif=None;rbs_spacer=None;gc_cont=0.587	cmlA9	3005043	Perfect	100.0	100.0	phenicol antibiotic	antibiotic efflux	major facilitator superfamily (MFS) antibiotic efflux pump	chloramphenicol	True	plasmid_like		0.9432	
Kathmandu18	E_1-2	k141_19850	k141_19850_14 # 13613 # 14350 # 1 # ID=23935_14;partial=00;start_type=ATG;rbs_motif=None;rbs_spacer=None;gc_cont=0.478	vanY gene in vanG cluster	3002959	Strict	28.19	87.81	glycopeptide antibiotic	antibiotic target alteration	vanY; glycopeptide resistance gene cluster	vancomycin	False	chromosome_like	1		
Kathmandu18	E_1-2	k141_20145	k141_20145_1 # 193 # 1071 # -1 # ID=24241_1;partial=00;start_type=ATG;rbs_motif=None;rbs_spacer=None;gc_cont=0.584	vanY gene in vanM cluster	3002961	Strict	38.4	125.32	glycopeptide antibiotic	antibiotic target alteration	vanY; glycopeptide resistance gene cluster	vancomycin; teicoplanin	False	chromosome_like	1		
Kathmandu18	E_1-2	k141_970164	k141_970164_38 # 40202 # 41293 # -1 # ID=25121_38;partial=00;start_type=GTG;rbs_motif=None;rbs_spacer=None;gc_cont=0.734	vanT gene in vanG cluster	3002972	Strict	33.78	50.98	glycopeptide antibiotic	antibiotic target alteration	glycopeptide resistance gene cluster; vanT	vancomycin	False	chromosome_like	1		
Kathmandu18	E_1-2	k141_340390	k141_340390_5 # 2184 # 3071 # 1 # ID=25477_5;partial=00;start_type=ATG;rbs_motif=None;rbs_spacer=None;gc_cont=0.413	vanY gene in vanB cluster	3002956	Strict	35.59	110.07	glycopeptide antibiotic	antibiotic target alteration	vanY; glycopeptide resistance gene cluster	vancomycin	False	chromosome_like	1		
Kathmandu18	E_1-2	k141_340845	k141_340845_2 # 840 # 1004 # -1 # ID=25902_2;partial=01;start_type=Edge;rbs_motif=None;rbs_spacer=None;gc_cont=0.255	vanY gene in vanG cluster	3002959	Strict	52.83	19.35	glycopeptide antibiotic	antibiotic target alteration	vanY; glycopeptide resistance gene cluster	vancomycin	False	chromosome_like	1		
Kathmandu18	E_1-2	k141_971026	k141_971026_2 # 1142 # 2266 # -1 # ID=26453_2;partial=00;start_type=ATG;rbs_motif=None;rbs_spacer=None;gc_cont=0.533	vanT gene in vanG cluster	3002972	Strict	33.79	52.53	glycopeptide antibiotic	antibiotic target alteration	glycopeptide resistance gene cluster; vanT	vancomycin	False	chromosome_like	1		
Kathmandu18	E_1-2	k141_21702	k141_21702_373 # 344504 # 345379 # -1 # ID=26834_373;partial=00;start_type=ATG;rbs_motif=None;rbs_spacer=None;gc_cont=0.393	vanY gene in vanA cluster	3002955	Strict	36.52	96.04	glycopeptide antibiotic	antibiotic target alteration	vanY; glycopeptide resistance gene cluster	vancomycin; teicoplanin	False	chromosome_like	1		
Kathmandu18	E_1-2	k141_660082	k141_660082_34 # 39856 # 40839 # 1 # ID=27155_34;partial=00;start_type=ATG;rbs_motif=ATA;rbs_spacer=4bp;gc_cont=0.448	vanY gene in vanB cluster	3002956	Strict	30.61	122.01	glycopeptide antibiotic	antibiotic target alteration	vanY; glycopeptide resistance gene cluster	vancomycin	False	chromosome_like	1		
Kathmandu18	E_1-2	k141_971890	k141_971890_3 # 2217 # 2411 # -1 # ID=27480_3;partial=00;start_type=ATG;rbs_motif=AGGAG;rbs_spacer=5-10bp;gc_cont=0.467	rsmA	3005069	Strict	86.21	104.92	fluoroquinolone antibiotic; diaminopyrimidine antibiotic; phenicol antibiotic	antibiotic efflux	resistance-nodulation-cell division (RND) antibiotic efflux pump	trimethoprim; chloramphenicol	False	chromosome_like	1		
Kathmandu18	E_1-2	k141_343746	k141_343746_16 # 21087 # 24233 # 1 # ID=28869_16;partial=00;start_type=ATG;rbs_motif=TAAAA;rbs_spacer=4bp;gc_cont=0.408	adeF	3000777	Strict	67.43	98.96	fluoroquinolone antibiotic; tetracycline antibiotic	antibiotic efflux	resistance-nodulation-cell division (RND) antibiotic efflux pump	tetracycline	False	chromosome_like	1		
Kathmandu18	E_1-2	k141_344425	k141_344425_8 # 6314 # 7780 # -1 # ID=29650_8;partial=00;start_type=ATG;rbs_motif=AGGAG;rbs_spacer=5-10bp;gc_cont=0.560	mdtP	3003550	Strict	99.39	100.0	nucleoside antibiotic; disinfecting agents and antiseptics	antibiotic efflux	major facilitator superfamily (MFS) antibiotic efflux pump	acriflavine; puromycin	True	plasmid_like		0.7605	
Kathmandu18	E_1-2	k141_344425	k141_344425_9 # 7777 # 9828 # -1 # ID=29650_9;partial=00;start_type=ATG;rbs_motif=GGA/GAG/AGG;rbs_spacer=5-10bp;gc_cont=0.546	mdtO	3003549	Strict	99.56	100.0	nucleoside antibiotic; disinfecting agents and antiseptics	antibiotic efflux	major facilitator superfamily (MFS) antibiotic efflux pump	acriflavine; puromycin	True	plasmid_like		0.7605	
Kathmandu18	E_1-2	k141_344425	k141_344425_10 # 9828 # 10859 # -1 # ID=29650_10;partial=00;start_type=ATG;rbs_motif=GGA/GAG/AGG;rbs_spacer=5-10bp;gc_cont=0.562	mdtN	3003548	Strict	99.71	100.0	nucleoside antibiotic; disinfecting agents and antiseptics	antibiotic efflux	major facilitator superfamily (MFS) antibiotic efflux pump	acriflavine; puromycin	True	plasmid_like		0.7605	
Kathmandu18	E_1-2	k141_662521	k141_662521_35 # 41895 # 42239 # -1 # ID=29825_35;partial=00;start_type=ATG;rbs_motif=GGAG/GAGG;rbs_spacer=5-10bp;gc_cont=0.513	qacG	3007015	Strict	38.46	106.54	disinfecting agents and antiseptics	antibiotic efflux	small multidrug resistance (SMR) antibiotic efflux pump	benzalkonium chloride	False	chromosome_like	1		
Kathmandu18	E_1-2	k141_974001	k141_974001_3 # 1565 # 3469 # 1 # ID=29934_3;partial=00;start_type=ATG;rbs_motif=None;rbs_spacer=None;gc_cont=0.680	vanW gene in vanI cluster	3003724	Strict	28.68	169.97	glycopeptide antibiotic	antibiotic target alteration	vanW; glycopeptide resistance gene cluster	vancomycin; teicoplanin	False	chromosome_like	1		
Kathmandu18	E_1-2	k141_345411	k141_345411_10 # 9263 # 10546 # -1 # ID=30911_10;partial=00;start_type=GTG;rbs_motif=None;rbs_spacer=None;gc_cont=0.537	vanW gene in vanI cluster	3003724	Strict	36.0	114.48	glycopeptide antibiotic	antibiotic target alteration	vanW; glycopeptide resistance gene cluster	vancomycin; teicoplanin	False	chromosome_like	1		
Kathmandu18	E_1-2	k141_25016	k141_25016_141 # 125518 # 126669 # -1 # ID=31376_141;partial=00;start_type=ATG;rbs_motif=TAAAA;rbs_spacer=3bp;gc_cont=0.369	vanT gene in vanG cluster	3002972	Strict	31.84	53.79	glycopeptide antibiotic	antibiotic target alteration	glycopeptide resistance gene cluster; vanT	vancomycin	False	chromosome_like	1		
Kathmandu18	E_1-2	k141_346699	k141_346699_1 # 3 # 827 # 1 # ID=32218_1;partial=10;start_type=Edge;rbs_motif=None;rbs_spacer=None;gc_cont=0.401	vanY gene in vanB cluster	3002956	Strict	34.25	102.24	glycopeptide antibiotic	antibiotic target alteration	vanY; glycopeptide resistance gene cluster	vancomycin	False	chromosome_like	1		
Kathmandu18	E_1-2	k141_347422	k141_347422_4 # 1626 # 2816 # 1 # ID=33051_4;partial=01;start_type=ATG;rbs_motif=None;rbs_spacer=None;gc_cont=0.487	vanT gene in vanG cluster	3002972	Strict	32.6	55.76	glycopeptide antibiotic	antibiotic target alteration	glycopeptide resistance gene cluster; vanT	vancomycin	False	chromosome_like	1		
Kathmandu18	E_1-2	k141_27180	k141_27180_110 # 107558 # 108424 # -1 # ID=33955_110;partial=00;start_type=ATG;rbs_motif=None;rbs_spacer=None;gc_cont=0.405	vanY gene in vanA cluster	3002955	Strict	37.98	95.05	glycopeptide antibiotic	antibiotic target alteration	vanY; glycopeptide resistance gene cluster	vancomycin; teicoplanin	False	chromosome_like	1		
Kathmandu18	E_1-2	k141_27491	k141_27491_6 # 5859 # 9014 # -1 # ID=34209_6;partial=00;start_type=ATG;rbs_motif=AGGAG;rbs_spacer=5-10bp;gc_cont=0.620	adeF	3000777	Strict	42.08	99.24	fluoroquinolone antibiotic; tetracycline antibiotic	antibiotic efflux	resistance-nodulation-cell division (RND) antibiotic efflux pump	tetracycline	False	chromosome_like	1		
Kathmandu18	E_1-2	k141_27699	k141_27699_5 # 5491 # 6273 # -1 # ID=34373_5;partial=01;start_type=Edge;rbs_motif=None;rbs_spacer=None;gc_cont=0.430	vanW gene in vanI cluster	3003724	Strict	33.16	69.71	glycopeptide antibiotic	antibiotic target alteration	vanW; glycopeptide resistance gene cluster	vancomycin; teicoplanin	False	chromosome_like	1		
Kathmandu18	E_1-2	k141_27848	k141_27848_8 # 6420 # 9533 # -1 # ID=34566_8;partial=00;start_type=ATG;rbs_motif=GGAG/GAGG;rbs_spacer=5-10bp;gc_cont=0.543	acrD	3000491	Strict	99.9	100.0	aminoglycoside antibiotic	antibiotic efflux	resistance-nodulation-cell division (RND) antibiotic efflux pump		False	chromosome_like	1		
Kathmandu18	E_1-2	k141_348906	k141_348906_7 # 4449 # 5204 # -1 # ID=34987_7;partial=01;start_type=Edge;rbs_motif=None;rbs_spacer=None;gc_cont=0.397	RSD2-2	3006983	Strict	99.21	99.6	carbapenem; cephalosporin	antibiotic inactivation	RSD2 beta-lactamase		False	chromosome_like	1		
Kathmandu18	E_1-2	k141_28353	k141_28353_7 # 4434 # 5615 # -1 # ID=35073_7;partial=00;start_type=ATG;rbs_motif=GGAG/GAGG;rbs_spacer=5-10bp;gc_cont=0.335	vanT gene in vanG cluster	3002972	Strict	37.87	55.2	glycopeptide antibiotic	antibiotic target alteration	glycopeptide resistance gene cluster; vanT	vancomycin	False	chromosome_like	1		
Kathmandu18	E_1-2	k141_29009	k141_29009_7 # 5371 # 6525 # 1 # ID=35645_7;partial=00;start_type=GTG;rbs_motif=None;rbs_spacer=None;gc_cont=0.596	vanT gene in vanG cluster	3002972	Strict	37.53	53.93	glycopeptide antibiotic	antibiotic target alteration	glycopeptide resistance gene cluster; vanT	vancomycin	False	chromosome_like	1		
Kathmandu18	E_1-2	k141_29351	k141_29351_2 # 795 # 3257 # 1 # ID=36026_2;partial=00;start_type=ATG;rbs_motif=AATAA;rbs_spacer=13bp;gc_cont=0.425	vanT gene in vanG cluster	3002972	Strict	34.7	115.17	glycopeptide antibiotic	antibiotic target alteration	glycopeptide resistance gene cluster; vanT	vancomycin	False	chromosome_like	1		
Kathmandu18	E_1-2	k141_349712	k141_349712_75 # 93328 # 94524 # 1 # ID=36031_75;partial=00;start_type=ATG;rbs_motif=GGA/GAG/AGG;rbs_spacer=5-10bp;gc_cont=0.502	vanT gene in vanG cluster	3002972	Strict	33.69	55.9	glycopeptide antibiotic	antibiotic target alteration	glycopeptide resistance gene cluster; vanT	vancomycin	False	chromosome_like	1		
Kathmandu18	E_1-2	k141_668518	k141_668518_1 # 3 # 2123 # -1 # ID=36268_1;partial=11;start_type=Edge;rbs_motif=None;rbs_spacer=None;gc_cont=0.651	adeF	3000777	Strict	58.73	66.76	fluoroquinolone antibiotic; tetracycline antibiotic	antibiotic efflux	resistance-nodulation-cell division (RND) antibiotic efflux pump	tetracycline	False	chromosome_like	1		
Kathmandu18	E_1-2	k141_350405	k141_350405_30 # 24046 # 25380 # -1 # ID=36817_30;partial=00;start_type=GTG;rbs_motif=None;rbs_spacer=None;gc_cont=0.440	vanW gene in vanI cluster	3003724	Strict	32.12	119.03	glycopeptide antibiotic	antibiotic target alteration	vanW; glycopeptide resistance gene cluster	vancomycin; teicoplanin	False	chromosome_like	1		
Kathmandu18	E_1-2	k141_350531	k141_350531_27 # 23369 # 24700 # -1 # ID=36981_27;partial=00;start_type=GTG;rbs_motif=None;rbs_spacer=None;gc_cont=0.450	vanW gene in vanI cluster	3003724	Strict	33.16	118.77	glycopeptide antibiotic	antibiotic target alteration	vanW; glycopeptide resistance gene cluster	vancomycin; teicoplanin	False	chromosome_like	1		
Kathmandu18	E_1-2	k141_670083	k141_670083_42 # 37788 # 39614 # 1 # ID=37931_42;partial=00;start_type=GTG;rbs_motif=ATA;rbs_spacer=5bp;gc_cont=0.477	vanW gene in vanI cluster	3003724	Strict	29.67	163.0	glycopeptide antibiotic	antibiotic target alteration	vanW; glycopeptide resistance gene cluster	vancomycin; teicoplanin	False	chromosome_like	1		
Kathmandu18	E_1-2	k141_31394	k141_31394_2 # 695 # 1558 # -1 # ID=38036_2;partial=00;start_type=ATG;rbs_motif=None;rbs_spacer=None;gc_cont=0.532	GES-2	3002331	Perfect	100.0	100.0	carbapenem; cephalosporin; penam	antibiotic inactivation	GES beta-lactamase		False	chromosome_like	1		
Kathmandu18	E_1-2	k141_980651	k141_980651_2 # 789 # 1484 # -1 # ID=38718_2;partial=01;start_type=Edge;rbs_motif=None;rbs_spacer=None;gc_cont=0.460	vanY gene in vanB cluster	3002956	Strict	34.19	86.19	glycopeptide antibiotic	antibiotic target alteration	vanY; glycopeptide resistance gene cluster	vancomycin	False	chromosome_like	1		
Kathmandu18	E_1-2	k141_670990	k141_670990_2 # 200 # 1114 # 1 # ID=38820_2;partial=01;start_type=ATG;rbs_motif=GGAG/GAGG;rbs_spacer=5-10bp;gc_cont=0.293	tet(44)	3000556	Strict	95.74	47.66	tetracycline antibiotic	antibiotic target protection	tetracycline-resistant ribosomal protection protein	tetracycline; doxycycline; minocycline; chlortetracycline; demeclocycline; oxytetracycline	False	chromosome_like	1		
Kathmandu18	E_1-2	k141_671034	k141_671034_8 # 5943 # 6845 # 1 # ID=38869_8;partial=00;start_type=ATG;rbs_motif=GGA/GAG/AGG;rbs_spacer=5-10bp;gc_cont=0.701	vanY gene in vanF cluster	3002958	Strict	40.0	102.39	glycopeptide antibiotic	antibiotic target alteration	vanY; glycopeptide resistance gene cluster	vancomycin	False	chromosome_like	1		
Kathmandu18	E_1-2	k141_32409	k141_32409_1 # 23 # 1141 # 1 # ID=38949_1;partial=00;start_type=ATG;rbs_motif=None;rbs_spacer=None;gc_cont=0.389	vanT gene in vanG cluster	3002972	Strict	32.61	52.25	glycopeptide antibiotic	antibiotic target alteration	glycopeptide resistance gene cluster; vanT	vancomycin	False	chromosome_like	1		
Kathmandu18	E_1-2	k141_351995	k141_351995_181 # 251345 # 252490 # -1 # ID=39122_181;partial=00;start_type=ATG;rbs_motif=AAA;rbs_spacer=12bp;gc_cont=0.513	vanT gene in vanG cluster	3002972	Strict	31.08	53.51	glycopeptide antibiotic	antibiotic target alteration	glycopeptide resistance gene cluster; vanT	vancomycin	False	chromosome_like	1		
Kathmandu18	E_1-2	k141_351995	k141_351995_542 # 681118 # 681960 # 1 # ID=39122_542;partial=00;start_type=ATG;rbs_motif=None;rbs_spacer=None;gc_cont=0.512	vanY gene in vanA cluster	3002955	Strict	35.04	92.41	glycopeptide antibiotic	antibiotic target alteration	vanY; glycopeptide resistance gene cluster	vancomycin; teicoplanin	False	chromosome_like	1		
Kathmandu18	E_1-2	k141_32447	k141_32447_264 # 232573 # 234324 # -1 # ID=39271_264;partial=00;start_type=ATG;rbs_motif=None;rbs_spacer=None;gc_cont=0.437	vanW gene in vanI cluster	3003724	Strict	33.49	156.3	glycopeptide antibiotic	antibiotic target alteration	vanW; glycopeptide resistance gene cluster	vancomycin; teicoplanin	False	chromosome_like	1		
Kathmandu18	E_1-2	k141_33395	k141_33395_2 # 256 # 942 # 1 # ID=40400_2;partial=00;start_type=ATG;rbs_motif=None;rbs_spacer=None;gc_cont=0.493	vanY gene in vanB cluster	3002956	Strict	31.08	85.07	glycopeptide antibiotic	antibiotic target alteration	vanY; glycopeptide resistance gene cluster	vancomycin	False	chromosome_like	1		
Kathmandu18	E_1-2	k141_353488	k141_353488_25 # 35374 # 36567 # -1 # ID=40862_25;partial=00;start_type=ATG;rbs_motif=GGA/GAG/AGG;rbs_spacer=5-10bp;gc_cont=0.528	vanT gene in vanG cluster	3002972	Strict	35.43	55.76	glycopeptide antibiotic	antibiotic target alteration	glycopeptide resistance gene cluster; vanT	vancomycin	False	chromosome_like	1		
Kathmandu18	E_1-2	k141_34390	k141_34390_3 # 2943 # 4148 # -1 # ID=41294_3;partial=00;start_type=ATG;rbs_motif=GGA/GAG/AGG;rbs_spacer=11-12bp;gc_cont=0.493	vanT gene in vanG cluster	3002972	Strict	31.75	56.32	glycopeptide antibiotic	antibiotic target alteration	glycopeptide resistance gene cluster; vanT	vancomycin	False	chromosome_like	1		
Kathmandu18	E_1-2	k141_34550	k141_34550_33 # 24866 # 28006 # 1 # ID=41527_33;partial=00;start_type=ATG;rbs_motif=GGA/GAG/AGG;rbs_spacer=5-10bp;gc_cont=0.522	adeF	3000777	Strict	44.13	98.77	fluoroquinolone antibiotic; tetracycline antibiotic	antibiotic efflux	resistance-nodulation-cell division (RND) antibiotic efflux pump	tetracycline	False	chromosome_like	1		
Kathmandu18	E_1-2	k141_984031	k141_984031_1 # 3 # 1484 # -1 # ID=42598_1;partial=10;start_type=ATG;rbs_motif=None;rbs_spacer=None;gc_cont=0.467	vanW gene in vanI cluster	3003724	Strict	33.51	132.44	glycopeptide antibiotic	antibiotic target alteration	vanW; glycopeptide resistance gene cluster	vancomycin; teicoplanin	False	chromosome_like	1		
Kathmandu18	E_1-2	k141_356295	k141_356295_1 # 26 # 1156 # -1 # ID=43925_1;partial=00;start_type=ATG;rbs_motif=None;rbs_spacer=None;gc_cont=0.456	vanT gene in vanG cluster	3002972	Strict	33.33	52.81	glycopeptide antibiotic	antibiotic target alteration	glycopeptide resistance gene cluster; vanT	vancomycin	False	chromosome_like	1		
Kathmandu18	E_1-2	k141_36729	k141_36729_2 # 615 # 1730 # -1 # ID=44059_2;partial=00;start_type=ATG;rbs_motif=TAA;rbs_spacer=15bp;gc_cont=0.449	vanT gene in vanG cluster	3002972	Strict	32.07	52.11	glycopeptide antibiotic	antibiotic target alteration	glycopeptide resistance gene cluster; vanT	vancomycin	False	chromosome_like	1		
Kathmandu18	E_1-2	k141_676515	k141_676515_6 # 4922 # 5809 # -1 # ID=44228_6;partial=00;start_type=ATG;rbs_motif=None;rbs_spacer=None;gc_cont=0.343	vanY gene in vanA cluster	3002955	Strict	33.75	97.36	glycopeptide antibiotic	antibiotic target alteration	vanY; glycopeptide resistance gene cluster	vancomycin; teicoplanin	False	chromosome_like	1		
Kathmandu18	E_1-2	k141_36961	k141_36961_1 # 817 # 2736 # 1 # ID=44357_1;partial=00;start_type=ATG;rbs_motif=GGAGG;rbs_spacer=5-10bp;gc_cont=0.531	tet(W)	3000194	Strict	99.69	100.0	tetracycline antibiotic	antibiotic target protection	tetracycline-resistant ribosomal protection protein	tetracycline; doxycycline; minocycline; chlortetracycline; demeclocycline; oxytetracycline	True	plasmid_like		0.9925	
Kathmandu18	E_1-2	k141_985325	k141_985325_298 # 304856 # 305764 # -1 # ID=44707_298;partial=00;start_type=ATG;rbs_motif=ATA;rbs_spacer=8bp;gc_cont=0.442	vanY gene in vanB cluster	3002956	Strict	34.23	112.69	glycopeptide antibiotic	antibiotic target alteration	vanY; glycopeptide resistance gene cluster	vancomycin	False	chromosome_like	1		
Kathmandu18	E_1-2	k141_358101	k141_358101_1 # 192 # 1079 # -1 # ID=45883_1;partial=00;start_type=ATG;rbs_motif=None;rbs_spacer=None;gc_cont=0.398	vanY gene in vanB cluster	3002956	Strict	40.23	110.07	glycopeptide antibiotic	antibiotic target alteration	vanY; glycopeptide resistance gene cluster	vancomycin	False	chromosome_like	1		
Kathmandu18	E_1-2	k141_38670	k141_38670_72 # 76275 # 77264 # -1 # ID=46110_72;partial=00;start_type=ATG;rbs_motif=None;rbs_spacer=None;gc_cont=0.402	vanH gene in vanA cluster	3002942	Strict	37.03	102.17	glycopeptide antibiotic	antibiotic target alteration	vanH; glycopeptide resistance gene cluster	vancomycin; teicoplanin	False	chromosome_like	1		
Kathmandu18	E_1-2	k141_679005	k141_679005_2 # 279 # 1049 # 1 # ID=46826_2;partial=00;start_type=ATG;rbs_motif=TAA;rbs_spacer=11bp;gc_cont=0.320	LnuH	3004600	Strict	93.75	98.46	lincosamide antibiotic	antibiotic inactivation	lincosamide nucleotidyltransferase (LNU)		False	chromosome_like	1		
Kathmandu18	E_1-2	k141_987245	k141_987245_6 # 3450 # 3971 # -1 # ID=47212_6;partial=00;start_type=ATG;rbs_motif=None;rbs_spacer=None;gc_cont=0.443	vanY gene in vanB cluster	3002956	Strict	31.67	64.55	glycopeptide antibiotic	antibiotic target alteration	vanY; glycopeptide resistance gene cluster	vancomycin	False	chromosome_like	1		
Kathmandu18	E_1-2	k141_40381	k141_40381_4 # 2732 # 4021 # -1 # ID=48280_4;partial=01;start_type=Edge;rbs_motif=None;rbs_spacer=None;gc_cont=0.416	vanT gene in vanG cluster	3002972	Strict	36.48	60.25	glycopeptide antibiotic	antibiotic target alteration	glycopeptide resistance gene cluster; vanT	vancomycin	False	chromosome_like	1		
Kathmandu18	E_1-2	k141_360679	k141_360679_262 # 276552 # 277397 # -1 # ID=48527_262;partial=00;start_type=GTG;rbs_motif=ATA;rbs_spacer=14bp;gc_cont=0.478	vanW gene in vanG cluster	3002965	Strict	33.58	100.0	glycopeptide antibiotic	antibiotic target alteration	vanW; glycopeptide resistance gene cluster	vancomycin	False	chromosome_like	1		
Kathmandu18	E_1-2	k141_360774	k141_360774_3 # 1211 # 3205 # -1 # ID=48656_3;partial=00;start_type=ATG;rbs_motif=None;rbs_spacer=None;gc_cont=0.437	vanW gene in vanI cluster	3003724	Strict	31.68	178.02	glycopeptide antibiotic	antibiotic target alteration	vanW; glycopeptide resistance gene cluster	vancomycin; teicoplanin	False	chromosome_like	1		
Kathmandu18	E_1-2	k141_988707	k141_988707_387 # 352322 # 353242 # -1 # ID=49353_387;partial=00;start_type=ATG;rbs_motif=None;rbs_spacer=None;gc_cont=0.400	vanY gene in vanB cluster	3002956	Strict	35.03	114.18	glycopeptide antibiotic	antibiotic target alteration	vanY; glycopeptide resistance gene cluster	vancomycin	False	chromosome_like	1		
Kathmandu18	E_1-2	k141_988707	k141_988707_612 # 558318 # 559178 # -1 # ID=49353_612;partial=00;start_type=ATG;rbs_motif=None;rbs_spacer=None;gc_cont=0.407	vanW gene in vanI cluster	3003724	Strict	32.32	76.68	glycopeptide antibiotic	antibiotic target alteration	vanW; glycopeptide resistance gene cluster	vancomycin; teicoplanin	False	chromosome_like	1		
Kathmandu18	E_1-2	k141_42149	k141_42149_3 # 1355 # 3139 # -1 # ID=49928_3;partial=00;start_type=ATG;rbs_motif=GGAG/GAGG;rbs_spacer=5-10bp;gc_cont=0.385	patB	3000025	Strict	67.68	101.02	fluoroquinolone antibiotic	antibiotic efflux	ATP-binding cassette (ABC) antibiotic efflux pump	ciprofloxacin; norfloxacin	False	chromosome_like	1		
Kathmandu18	E_1-2	k141_42239	k141_42239_3 # 1404 # 2549 # -1 # ID=50035_3;partial=00;start_type=ATG;rbs_motif=None;rbs_spacer=None;gc_cont=0.511	vanT gene in vanG cluster	3002972	Strict	31.98	53.51	glycopeptide antibiotic	antibiotic target alteration	glycopeptide resistance gene cluster; vanT	vancomycin	False	chromosome_like	1		
Kathmandu18	E_1-2	k141_989149	k141_989149_2 # 879 # 4007 # 1 # ID=50250_2;partial=00;start_type=ATG;rbs_motif=AGGA;rbs_spacer=5-10bp;gc_cont=0.297	adeF	3000777	Strict	45.44	98.39	fluoroquinolone antibiotic; tetracycline antibiotic	antibiotic efflux	resistance-nodulation-cell division (RND) antibiotic efflux pump	tetracycline	False	chromosome_like	1		
Kathmandu18	E_1-2	k141_44114	k141_44114_2 # 1087 # 1956 # 1 # ID=52078_2;partial=00;start_type=GTG;rbs_motif=AAA;rbs_spacer=12bp;gc_cont=0.455	vanY gene in vanM cluster	3002961	Strict	38.21	124.03	glycopeptide antibiotic	antibiotic target alteration	vanY; glycopeptide resistance gene cluster	vancomycin; teicoplanin	False	chromosome_like	1		
Kathmandu18	E_1-2	k141_686109	k141_686109_11 # 10628 # 14221 # -1 # ID=53478_11;partial=00;start_type=ATG;rbs_motif=None;rbs_spacer=None;gc_cont=0.409	evgS	3000833	Strict	99.92	100.0	macrolide antibiotic; fluoroquinolone antibiotic; penam; tetracycline antibiotic	antibiotic efflux	major facilitator superfamily (MFS) antibiotic efflux pump; resistance-nodulation-cell division (RND) antibiotic efflux pump	erythromycin; cloxacillin; tetracycline; oxacillin; norfloxacin	False	chromosome_like	1		
Kathmandu18	E_1-2	k141_686109	k141_686109_12 # 14226 # 14840 # -1 # ID=53478_12;partial=00;start_type=ATG;rbs_motif=GGA/GAG/AGG;rbs_spacer=5-10bp;gc_cont=0.402	evgA	3000832	Perfect	100.0	100.0	macrolide antibiotic; fluoroquinolone antibiotic; penam; tetracycline antibiotic	antibiotic efflux	major facilitator superfamily (MFS) antibiotic efflux pump; resistance-nodulation-cell division (RND) antibiotic efflux pump	erythromycin; cloxacillin; tetracycline; oxacillin; norfloxacin	False	chromosome_like	1		
Kathmandu18	E_1-2	k141_46987	k141_46987_18 # 12410 # 13042 # 1 # ID=55532_18;partial=00;start_type=ATG;rbs_motif=GGAG/GAGG;rbs_spacer=5-10bp;gc_cont=0.496	CRP	3000518	Strict	99.52	100.0	macrolide antibiotic; fluoroquinolone antibiotic; penam	antibiotic efflux	resistance-nodulation-cell division (RND) antibiotic efflux pump	erythromycin; cloxacillin; oxacillin; norfloxacin	False	chromosome_like	1		
Kathmandu18	E_1-2	k141_367515	k141_367515_5 # 3034 # 3903 # -1 # ID=55636_5;partial=00;start_type=ATG;rbs_motif=TAA;rbs_spacer=7bp;gc_cont=0.389	vanY gene in vanM cluster	3002961	Strict	35.46	124.03	glycopeptide antibiotic	antibiotic target alteration	vanY; glycopeptide resistance gene cluster	vancomycin; teicoplanin	False	chromosome_like	1		
Kathmandu18	E_1-2	k141_48959	k141_48959_3 # 2246 # 4165 # -1 # ID=57642_3;partial=00;start_type=ATG;rbs_motif=AAAA;rbs_spacer=4bp;gc_cont=0.369	tet(M)	3000186	Strict	95.62	100.0	tetracycline antibiotic	antibiotic target protection	tetracycline-resistant ribosomal protection protein	tetracycline; doxycycline; minocycline; chlortetracycline; demeclocycline; oxytetracycline	False	chromosome_like	1		
Kathmandu18	E_1-2	k141_370744	k141_370744_6 # 5665 # 6597 # 1 # ID=58984_6;partial=00;start_type=ATG;rbs_motif=None;rbs_spacer=None;gc_cont=0.360	vanY gene in vanG cluster	3002959	Strict	38.97	111.11	glycopeptide antibiotic	antibiotic target alteration	vanY; glycopeptide resistance gene cluster	vancomycin	False	chromosome_like	1		
Kathmandu18	E_1-2	k141_370927	k141_370927_4 # 1277 # 2080 # 1 # ID=59180_4;partial=00;start_type=TTG;rbs_motif=AGGA;rbs_spacer=5-10bp;gc_cont=0.563	APH(3'')-Ib	3002639	Strict	99.63	100.0	aminoglycoside antibiotic	antibiotic inactivation	APH(3'')	streptomycin	True	plasmid_like		0.9648	
Kathmandu18	E_1-2	k141_370927	k141_370927_5 # 2080 # 2916 # 1 # ID=59180_5;partial=00;start_type=ATG;rbs_motif=None;rbs_spacer=None;gc_cont=0.559	APH(6)-Id	3002660	Strict	99.64	100.0	aminoglycoside antibiotic	antibiotic inactivation	APH(6)	streptomycin	True	plasmid_like		0.9648	
Kathmandu18	E_1-2	k141_51213	k141_51213_22 # 19013 # 19834 # -1 # ID=60034_22;partial=00;start_type=ATG;rbs_motif=None;rbs_spacer=None;gc_cont=0.462	vanW gene in vanG cluster	3002965	Strict	36.55	97.15	glycopeptide antibiotic	antibiotic target alteration	vanW; glycopeptide resistance gene cluster	vancomycin	False	chromosome_like	1		
Kathmandu18	E_1-2	k141_996427	k141_996427_9 # 9794 # 10996 # 1 # ID=60161_9;partial=00;start_type=ATG;rbs_motif=None;rbs_spacer=None;gc_cont=0.561	vanT gene in vanG cluster	3002972	Strict	34.62	56.18	glycopeptide antibiotic	antibiotic target alteration	glycopeptide resistance gene cluster; vanT	vancomycin	False	chromosome_like	1		
Kathmandu18	E_1-2	k141_52070	k141_52070_102 # 117283 # 118392 # -1 # ID=61065_102;partial=00;start_type=ATG;rbs_motif=None;rbs_spacer=None;gc_cont=0.417	vanT gene in vanG cluster	3002972	Strict	32.34	51.83	glycopeptide antibiotic	antibiotic target alteration	glycopeptide resistance gene cluster; vanT	vancomycin	False	chromosome_like	1		
Kathmandu18	E_1-2	k141_997612	k141_997612_73 # 80557 # 81684 # 1 # ID=61827_73;partial=00;start_type=ATG;rbs_motif=GGA/GAG/AGG;rbs_spacer=5-10bp;gc_cont=0.423	vanT gene in vanG cluster	3002972	Strict	35.5	52.67	glycopeptide antibiotic	antibiotic target alteration	glycopeptide resistance gene cluster; vanT	vancomycin	False	chromosome_like	1		
Kathmandu18	E_1-2	k141_695111	k141_695111_3 # 1838 # 2977 # 1 # ID=62810_3;partial=00;start_type=ATG;rbs_motif=GGA/GAG/AGG;rbs_spacer=5-10bp;gc_cont=0.547	vanT gene in vanG cluster	3002972	Strict	31.73	53.23	glycopeptide antibiotic	antibiotic target alteration	glycopeptide resistance gene cluster; vanT	vancomycin	False	chromosome_like	1		
Kathmandu18	E_1-2	k141_374731	k141_374731_1 # 2 # 1207 # 1 # ID=62845_1;partial=10;start_type=Edge;rbs_motif=None;rbs_spacer=None;gc_cont=0.545	vanW gene in vanI cluster	3003724	Strict	28.92	107.51	glycopeptide antibiotic	antibiotic target alteration	vanW; glycopeptide resistance gene cluster	vancomycin; teicoplanin	False	chromosome_like	1		
Kathmandu18	E_1-2	k141_998531	k141_998531_1 # 3 # 377 # 1 # ID=62957_1;partial=10;start_type=Edge;rbs_motif=None;rbs_spacer=None;gc_cont=0.355	vanY gene in vanG cluster	3002959	Strict	47.31	44.44	glycopeptide antibiotic	antibiotic target alteration	vanY; glycopeptide resistance gene cluster	vancomycin	False	chromosome_like	1		
Kathmandu18	E_1-2	k141_375297	k141_375297_2 # 1254 # 4472 # -1 # ID=63625_2;partial=00;start_type=GTG;rbs_motif=GGA/GAG/AGG;rbs_spacer=11-12bp;gc_cont=0.719	adeF	3000777	Strict	46.79	101.23	fluoroquinolone antibiotic; tetracycline antibiotic	antibiotic efflux	resistance-nodulation-cell division (RND) antibiotic efflux pump	tetracycline	False	chromosome_like	1		
Kathmandu18	E_1-2	k141_696036	k141_696036_2 # 393 # 1016 # -1 # ID=63702_2;partial=01;start_type=Edge;rbs_motif=None;rbs_spacer=None;gc_cont=0.386	vanY gene in vanA cluster	3002955	Strict	28.38	68.32	glycopeptide antibiotic	antibiotic target alteration	vanY; glycopeptide resistance gene cluster	vancomycin; teicoplanin	False	chromosome_like	1		
Kathmandu18	E_1-2	k141_54497	k141_54497_3 # 976 # 1470 # 1 # ID=63826_3;partial=00;start_type=ATG;rbs_motif=GGAG/GAGG;rbs_spacer=5-10bp;gc_cont=0.341	nimJ	3007112	Strict	59.26	99.39	nitroimidazole antibiotic	antibiotic inactivation	nitroimidazole reductase	metronidazole	False	chromosome_like	1		
Kathmandu18	E_1-2	k141_55212	k141_55212_2 # 1045 # 1908 # 1 # ID=64480_2;partial=00;start_type=ATG;rbs_motif=AGGA;rbs_spacer=5-10bp;gc_cont=0.557	sul4	3004361	Perfect	100.0	100.0	sulfonamide antibiotic	antibiotic target replacement	sulfonamide resistant sul	sulfamethoxazole	False	chromosome_like	1		
Kathmandu18	E_1-2	k141_55215	k141_55215_1 # 3 # 746 # -1 # ID=64485_1;partial=10;start_type=GTG;rbs_motif=GGAG/GAGG;rbs_spacer=5-10bp;gc_cont=0.527	ANT(3'')-IIa	3004089	Strict	99.59	76.78	aminoglycoside antibiotic	antibiotic inactivation	ANT(3'')	spectinomycin; streptomycin	False	chromosome_like	1		
Kathmandu18	E_1-2	k141_55215	k141_55215_2 # 739 # 1539 # -1 # ID=64485_2;partial=00;start_type=ATG;rbs_motif=AGxAGG/AGGxGG;rbs_spacer=3-4bp;gc_cont=0.419	OXA-10	3001405	Perfect	100.0	100.0	carbapenem; cephalosporin; penam	antibiotic inactivation	OXA beta-lactamase	cloxacillin; oxacillin; cefalotin	False	chromosome_like	1		
Kathmandu18	E_1-2	k141_55215	k141_55215_3 # 1744 # 2376 # -1 # ID=64485_3;partial=01;start_type=Edge;rbs_motif=None;rbs_spacer=None;gc_cont=0.547	arr-2	3002847	Strict	78.67	140.0	rifamycin antibiotic	antibiotic inactivation	rifampin ADP-ribosyltransferase (Arr)	rifampin; rifaximin; rifabutin; rifapentine	False	chromosome_like	1		
Kathmandu18	E_1-2	k141_55423	k141_55423_4 # 5493 # 6176 # -1 # ID=64725_4;partial=00;start_type=ATG;rbs_motif=GGxGG;rbs_spacer=5-10bp;gc_cont=0.522	vanW gene in vanI cluster	3003724	Strict	34.59	60.86	glycopeptide antibiotic	antibiotic target alteration	vanW; glycopeptide resistance gene cluster	vancomycin; teicoplanin	False	chromosome_like	1		
Kathmandu18	E_1-2	k141_55846	k141_55846_3 # 2322 # 5504 # -1 # ID=65346_3;partial=00;start_type=GTG;rbs_motif=GGAG/GAGG;rbs_spacer=5-10bp;gc_cont=0.567	adeF	3000777	Strict	45.18	100.09	fluoroquinolone antibiotic; tetracycline antibiotic	antibiotic efflux	resistance-nodulation-cell division (RND) antibiotic efflux pump	tetracycline	False	chromosome_like	1		
Kathmandu18	E_1-2	k141_56154	k141_56154_8 # 5495 # 7075 # 1 # ID=65665_8;partial=01;start_type=ATG;rbs_motif=TAAA;rbs_spacer=11bp;gc_cont=0.405	tet(Q)	3000191	Strict	97.34	80.21	tetracycline antibiotic	antibiotic target protection	tetracycline-resistant ribosomal protection protein	tetracycline; doxycycline; minocycline; chlortetracycline; demeclocycline; oxytetracycline	False	chromosome_like	1		
Kathmandu18	E_1-2	k141_698531	k141_698531_3 # 1029 # 1769 # -1 # ID=66074_3;partial=00;start_type=ATG;rbs_motif=GGA/GAG/AGG;rbs_spacer=5-10bp;gc_cont=0.390	IMP-34	3002225	Perfect	100.0	100.0	carbapenem; cephalosporin; cephamycin; penam; penem	antibiotic inactivation	IMP beta-lactamase		True	plasmid_like		0.9014	
Kathmandu18	E_1-2	k141_377610	k141_377610_112 # 137839 # 138525 # 1 # ID=66164_112;partial=00;start_type=ATG;rbs_motif=GGA/GAG/AGG;rbs_spacer=11-12bp;gc_cont=0.479	vanW gene in vanI cluster	3003724	Strict	41.91	61.13	glycopeptide antibiotic	antibiotic target alteration	vanW; glycopeptide resistance gene cluster	vancomycin; teicoplanin	False	chromosome_like	1		
Kathmandu18	E_1-2	k141_56973	k141_56973_96 # 80109 # 81284 # 1 # ID=66610_96;partial=00;start_type=ATG;rbs_motif=None;rbs_spacer=None;gc_cont=0.400	vanT gene in vanG cluster	3002972	Strict	36.72	54.92	glycopeptide antibiotic	antibiotic target alteration	glycopeptide resistance gene cluster; vanT	vancomycin	False	chromosome_like	1		
Kathmandu18	E_1-2	k141_699260	k141_699260_3 # 1371 # 2030 # -1 # ID=66830_3;partial=00;start_type=ATG;rbs_motif=AGGAGG;rbs_spacer=5-10bp;gc_cont=0.355	catQ	3002687	Strict	99.54	100.0	phenicol antibiotic	antibiotic inactivation	chloramphenicol acetyltransferase (CAT)	azidamfenicol; chloramphenicol; thiamphenicol	False	chromosome_like	1		
Kathmandu18	E_1-2	k141_380244	k141_380244_2 # 1051 # 2826 # 1 # ID=68951_2;partial=00;start_type=ATG;rbs_motif=None;rbs_spacer=None;gc_cont=0.327	vanW gene in vanI cluster	3003724	Strict	28.16	158.45	glycopeptide antibiotic	antibiotic target alteration	vanW; glycopeptide resistance gene cluster	vancomycin; teicoplanin	False	chromosome_like	1		
Kathmandu18	E_1-2	k141_59535	k141_59535_3 # 370 # 1341 # -1 # ID=69640_3;partial=00;start_type=ATG;rbs_motif=TAAAA;rbs_spacer=15bp;gc_cont=0.327	vanY gene in vanB cluster	3002956	Strict	32.62	120.52	glycopeptide antibiotic	antibiotic target alteration	vanY; glycopeptide resistance gene cluster	vancomycin	False	chromosome_like	1		
Kathmandu18	E_1-2	k141_59705	k141_59705_1 # 2 # 667 # -1 # ID=69835_1;partial=10;start_type=ATG;rbs_motif=None;rbs_spacer=None;gc_cont=0.502	vanW gene in vanI cluster	3003724	Strict	38.12	59.52	glycopeptide antibiotic	antibiotic target alteration	vanW; glycopeptide resistance gene cluster	vancomycin; teicoplanin	False	chromosome_like	1		
Kathmandu18	E_1-2	k141_1003987	k141_1003987_6 # 5165 # 6538 # -1 # ID=69877_6;partial=00;start_type=ATG;rbs_motif=None;rbs_spacer=None;gc_cont=0.547	cpxA	3000830	Perfect	100.0	100.0	aminoglycoside antibiotic; aminocoumarin antibiotic	antibiotic efflux	resistance-nodulation-cell division (RND) antibiotic efflux pump	novobiocin	False	chromosome_like	1		
Kathmandu18	E_1-2	k141_1004450	k141_1004450_22 # 20660 # 21526 # -1 # ID=70502_22;partial=00;start_type=ATG;rbs_motif=None;rbs_spacer=None;gc_cont=0.588	vanY gene in vanF cluster	3002958	Strict	37.39	98.29	glycopeptide antibiotic	antibiotic target alteration	vanY; glycopeptide resistance gene cluster	vancomycin	False	chromosome_like	1		
Kathmandu18	E_1-2	k141_1004568	k141_1004568_9 # 8471 # 9415 # -1 # ID=70686_9;partial=00;start_type=ATG;rbs_motif=GGAG/GAGG;rbs_spacer=5-10bp;gc_cont=0.459	leuO	3003843	Strict	99.04	100.0	nucleoside antibiotic; disinfecting agents and antiseptics	antibiotic efflux	major facilitator superfamily (MFS) antibiotic efflux pump	acriflavine; puromycin	False	chromosome_like	1		
Kathmandu18	E_1-2	k141_60885	k141_60885_17 # 14368 # 17589 # -1 # ID=71224_17;partial=00;start_type=ATG;rbs_motif=AGxAG;rbs_spacer=11-12bp;gc_cont=0.513	adeF	3000777	Strict	70.4	101.32	fluoroquinolone antibiotic; tetracycline antibiotic	antibiotic efflux	resistance-nodulation-cell division (RND) antibiotic efflux pump	tetracycline	False	chromosome_like	1		
Kathmandu18	E_1-2	k141_61843	k141_61843_12 # 11915 # 12691 # 1 # ID=72150_12;partial=00;start_type=ATG;rbs_motif=None;rbs_spacer=None;gc_cont=0.485	vanY gene in vanG cluster	3002959	Strict	30.77	92.47	glycopeptide antibiotic	antibiotic target alteration	vanY; glycopeptide resistance gene cluster	vancomycin	False	chromosome_like	1		
Kathmandu18	E_1-2	k141_706212	k141_706212_19 # 15676 # 16974 # -1 # ID=73054_19;partial=00;start_type=ATG;rbs_motif=None;rbs_spacer=None;gc_cont=0.525	vanW gene in vanI cluster	3003724	Strict	36.67	115.82	glycopeptide antibiotic	antibiotic target alteration	vanW; glycopeptide resistance gene cluster	vancomycin; teicoplanin	False	chromosome_like	1		
Kathmandu18	E_1-2	k141_383810	k141_383810_4 # 2406 # 2843 # 1 # ID=73235_4;partial=00;start_type=ATG;rbs_motif=3Base/5BMM;rbs_spacer=13-15bp;gc_cont=0.482	FosA8	3007371	Strict	45.59	102.84	phosphonic acid antibiotic	antibiotic inactivation	fosfomycin thiol transferase	fosfomycin	False	chromosome_like	1		
Kathmandu18	E_1-2	k141_1006675	k141_1006675_1 # 227 # 1096 # -1 # ID=73277_1;partial=00;start_type=GTG;rbs_motif=AAA;rbs_spacer=12bp;gc_cont=0.457	vanY gene in vanM cluster	3002961	Strict	38.21	124.03	glycopeptide antibiotic	antibiotic target alteration	vanY; glycopeptide resistance gene cluster	vancomycin; teicoplanin	False	chromosome_like	1		
Kathmandu18	E_1-2	k141_63509	k141_63509_33 # 21908 # 22792 # 1 # ID=73936_33;partial=00;start_type=ATG;rbs_motif=None;rbs_spacer=None;gc_cont=0.466	vanY gene in vanB cluster	3002956	Strict	30.0	109.7	glycopeptide antibiotic	antibiotic target alteration	vanY; glycopeptide resistance gene cluster	vancomycin	False	chromosome_like	1		
Kathmandu18	E_1-2	k141_63758	k141_63758_2 # 421 # 1332 # 1 # ID=74150_2;partial=00;start_type=ATG;rbs_motif=AGGAG;rbs_spacer=5-10bp;gc_cont=0.312	VEB-19	3006214	Strict	92.31	101.34	monobactam; cephalosporin	antibiotic inactivation	VEB beta-lactamase		False	chromosome_like	1		
Kathmandu18	E_1-2	k141_386523	k141_386523_4 # 4191 # 4397 # -1 # ID=76328_4;partial=00;start_type=ATG;rbs_motif=AGGAG;rbs_spacer=5-10bp;gc_cont=0.425	rsmA	3005069	Strict	85.25	111.48	fluoroquinolone antibiotic; diaminopyrimidine antibiotic; phenicol antibiotic	antibiotic efflux	resistance-nodulation-cell division (RND) antibiotic efflux pump	trimethoprim; chloramphenicol	False	chromosome_like	1		
Kathmandu18	E_1-2	k141_1009392	k141_1009392_8 # 7327 # 8436 # 1 # ID=76453_8;partial=01;start_type=ATG;rbs_motif=AGGAG;rbs_spacer=5-10bp;gc_cont=0.644	MOX-12	3006477	Strict	97.03	96.61	cephalosporin; cephamycin; penam	antibiotic inactivation	MOX beta-lactamase		False	chromosome_like	1		
Kathmandu18	E_1-2	k141_710295	k141_710295_87 # 83643 # 84974 # 1 # ID=77511_87;partial=00;start_type=ATG;rbs_motif=None;rbs_spacer=None;gc_cont=0.477	vanW gene in vanI cluster	3003724	Strict	37.4	118.77	glycopeptide antibiotic	antibiotic target alteration	vanW; glycopeptide resistance gene cluster	vancomycin; teicoplanin	False	chromosome_like	1		
Kathmandu18	E_1-2	k141_1010315	k141_1010315_2 # 693 # 1592 # -1 # ID=77681_2;partial=00;start_type=ATG;rbs_motif=AGGAG;rbs_spacer=5-10bp;gc_cont=0.313	VEB-1	3002370	Perfect	100.0	100.0	monobactam; cephalosporin	antibiotic inactivation	VEB beta-lactamase		False	chromosome_like	1		
Kathmandu18	E_1-2	k141_67668	k141_67668_183 # 235282 # 236037 # -1 # ID=78436_183;partial=00;start_type=ATG;rbs_motif=None;rbs_spacer=None;gc_cont=0.472	vanY gene in vanG cluster	3002959	Strict	28.87	89.96	glycopeptide antibiotic	antibiotic target alteration	vanY; glycopeptide resistance gene cluster	vancomycin	False	chromosome_like	1		
Kathmandu18	E_1-2	k141_389010	k141_389010_27 # 23500 # 25254 # 1 # ID=78841_27;partial=00;start_type=ATG;rbs_motif=GGxGG;rbs_spacer=5-10bp;gc_cont=0.404	vanW gene in vanI cluster	3003724	Strict	28.75	156.57	glycopeptide antibiotic	antibiotic target alteration	vanW; glycopeptide resistance gene cluster	vancomycin; teicoplanin	False	chromosome_like	1		
Kathmandu18	E_1-2	k141_68570	k141_68570_6 # 4922 # 5809 # -1 # ID=79363_6;partial=00;start_type=ATG;rbs_motif=None;rbs_spacer=None;gc_cont=0.350	vanY gene in vanB cluster	3002956	Strict	29.76	110.07	glycopeptide antibiotic	antibiotic target alteration	vanY; glycopeptide resistance gene cluster	vancomycin	False	chromosome_like	1		
Kathmandu18	E_1-2	k141_69116	k141_69116_12 # 9159 # 10325 # 1 # ID=80090_12;partial=00;start_type=ATG;rbs_motif=None;rbs_spacer=None;gc_cont=0.531	vanT gene in vanG cluster	3002972	Strict	35.25	54.49	glycopeptide antibiotic	antibiotic target alteration	glycopeptide resistance gene cluster; vanT	vancomycin	False	chromosome_like	1		
Kathmandu18	E_1-2	k141_390951	k141_390951_3 # 1261 # 3246 # 1 # ID=80610_3;partial=00;start_type=ATG;rbs_motif=None;rbs_spacer=None;gc_cont=0.401	vanW gene in vanI cluster	3003724	Strict	32.33	177.21	glycopeptide antibiotic	antibiotic target alteration	vanW; glycopeptide resistance gene cluster	vancomycin; teicoplanin	False	chromosome_like	1		
Kathmandu18	E_1-2	k141_391375	k141_391375_5 # 4787 # 5101 # -1 # ID=81131_5;partial=00;start_type=ATG;rbs_motif=GGAG/GAGG;rbs_spacer=5-10bp;gc_cont=0.486	qacJ	3007014	Strict	40.2	97.2	disinfecting agents and antiseptics	antibiotic efflux	small multidrug resistance (SMR) antibiotic efflux pump	benzalkonium chloride	False	chromosome_like	1		
Kathmandu18	E_1-2	k141_70344	k141_70344_1 # 1 # 1728 # 1 # ID=81613_1;partial=10;start_type=Edge;rbs_motif=None;rbs_spacer=None;gc_cont=0.411	tet(32)	3000196	Strict	99.48	89.98	tetracycline antibiotic	antibiotic target protection	tetracycline-resistant ribosomal protection protein	tetracycline; doxycycline; minocycline; chlortetracycline; demeclocycline; oxytetracycline	True	plasmid_like		0.9885	
Kathmandu18	E_1-2	k141_392508	k141_392508_2 # 420 # 824 # -1 # ID=82383_2;partial=00;start_type=ATG;rbs_motif=AGGAG;rbs_spacer=5-10bp;gc_cont=0.415	FosXCC	3003208	Strict	63.64	95.04	phosphonic acid antibiotic	antibiotic inactivation	fosfomycin thiol transferase	fosfomycin	False	chromosome_like	1		
Kathmandu18	E_1-2	k141_71790	k141_71790_4 # 2924 # 6097 # 1 # ID=83099_4;partial=00;start_type=GTG;rbs_motif=GGA/GAG/AGG;rbs_spacer=5-10bp;gc_cont=0.539	adeF	3000777	Strict	53.4	99.81	fluoroquinolone antibiotic; tetracycline antibiotic	antibiotic efflux	resistance-nodulation-cell division (RND) antibiotic efflux pump	tetracycline	False	chromosome_like	1		
Kathmandu18	E_1-2	k141_1014368	k141_1014368_6 # 13799 # 15703 # 1 # ID=83132_6;partial=00;start_type=ATG;rbs_motif=None;rbs_spacer=None;gc_cont=0.548	vanW gene in vanI cluster	3003724	Strict	30.71	169.97	glycopeptide antibiotic	antibiotic target alteration	vanW; glycopeptide resistance gene cluster	vancomycin; teicoplanin	False	chromosome_like	1		
Kathmandu18	E_1-2	k141_716302	k141_716302_2 # 1177 # 1869 # 1 # ID=83489_2;partial=00;start_type=ATG;rbs_motif=GGAG/GAGG;rbs_spacer=5-10bp;gc_cont=0.482	vanW gene in vanI cluster	3003724	Strict	43.65	61.66	glycopeptide antibiotic	antibiotic target alteration	vanW; glycopeptide resistance gene cluster	vancomycin; teicoplanin	False	chromosome_like	1		
Kathmandu18	E_1-2	k141_716935	k141_716935_6 # 6273 # 9425 # -1 # ID=84009_6;partial=00;start_type=ATG;rbs_motif=GGA/GAG/AGG;rbs_spacer=5-10bp;gc_cont=0.615	adeF	3000777	Strict	42.79	99.15	fluoroquinolone antibiotic; tetracycline antibiotic	antibiotic efflux	resistance-nodulation-cell division (RND) antibiotic efflux pump	tetracycline	False	chromosome_like	1		
Kathmandu18	E_1-2	k141_72726	k141_72726_115 # 108496 # 109680 # -1 # ID=84094_115;partial=00;start_type=ATG;rbs_motif=None;rbs_spacer=None;gc_cont=0.365	vanT gene in vanG cluster	3002972	Strict	30.97	55.34	glycopeptide antibiotic	antibiotic target alteration	glycopeptide resistance gene cluster; vanT	vancomycin	False	chromosome_like	1		
Kathmandu18	E_1-2	k141_717174	k141_717174_12 # 12018 # 13418 # 1 # ID=84377_12;partial=00;start_type=ATG;rbs_motif=None;rbs_spacer=None;gc_cont=0.590	vanW gene in vanI cluster	3003724	Strict	32.95	124.93	glycopeptide antibiotic	antibiotic target alteration	vanW; glycopeptide resistance gene cluster	vancomycin; teicoplanin	False	chromosome_like	1		
Kathmandu18	E_1-2	k141_1015345	k141_1015345_2 # 236 # 1546 # 1 # ID=84910_2;partial=00;start_type=TTG;rbs_motif=None;rbs_spacer=None;gc_cont=0.632	vanW gene in vanI cluster	3003724	Strict	30.92	116.89	glycopeptide antibiotic	antibiotic target alteration	vanW; glycopeptide resistance gene cluster	vancomycin; teicoplanin	False	chromosome_like	1		
Kathmandu18	E_1-2	k141_717944	k141_717944_4 # 2108 # 4027 # 1 # ID=85103_4;partial=00;start_type=ATG;rbs_motif=TAA;rbs_spacer=5bp;gc_cont=0.332	tet(Q)	3000191	Strict	67.45	97.26	tetracycline antibiotic	antibiotic target protection	tetracycline-resistant ribosomal protection protein	tetracycline; doxycycline; minocycline; chlortetracycline; demeclocycline; oxytetracycline	True	plasmid_like		0.9912	
Kathmandu18	E_1-2	k141_1016515	k141_1016515_6 # 5025 # 7946 # -1 # ID=86258_6;partial=00;start_type=ATG;rbs_motif=AATAA;rbs_spacer=3bp;gc_cont=0.431	vanY gene in vanB cluster	3002956	Strict	31.03	363.06	glycopeptide antibiotic	antibiotic target alteration	vanY; glycopeptide resistance gene cluster	vancomycin	False	chromosome_like	1		
Kathmandu18	E_1-2	k141_75814	k141_75814_3 # 1921 # 2658 # 1 # ID=87069_3;partial=00;start_type=ATG;rbs_motif=None;rbs_spacer=None;gc_cont=0.413	vanY gene in vanM cluster	3002961	Strict	34.04	105.15	glycopeptide antibiotic	antibiotic target alteration	vanY; glycopeptide resistance gene cluster	vancomycin; teicoplanin	False	chromosome_like	1		
Kathmandu18	E_1-2	k141_77516	k141_77516_7 # 5509 # 7032 # 1 # ID=88725_7;partial=00;start_type=ATG;rbs_motif=AGGAGG;rbs_spacer=5-10bp;gc_cont=0.403	vanW gene in vanI cluster	3003724	Strict	31.61	135.92	glycopeptide antibiotic	antibiotic target alteration	vanW; glycopeptide resistance gene cluster	vancomycin; teicoplanin	False	chromosome_like	1		
Kathmandu18	E_1-2	k141_399126	k141_399126_2 # 596 # 1360 # 1 # ID=88803_2;partial=00;start_type=ATG;rbs_motif=TAAA;rbs_spacer=12bp;gc_cont=0.410	gadX	3000508	Strict	99.61	92.7	macrolide antibiotic; fluoroquinolone antibiotic; penam	antibiotic efflux	resistance-nodulation-cell division (RND) antibiotic efflux pump	erythromycin; cloxacillin; oxacillin; norfloxacin	False	chromosome_like	1		
Kathmandu18	E_1-2	k141_721351	k141_721351_59 # 58332 # 61487 # 1 # ID=89319_59;partial=00;start_type=ATG;rbs_motif=AGGAG;rbs_spacer=5-10bp;gc_cont=0.625	adeF	3000777	Strict	43.03	99.24	fluoroquinolone antibiotic; tetracycline antibiotic	antibiotic efflux	resistance-nodulation-cell division (RND) antibiotic efflux pump	tetracycline	False	chromosome_like	1		
Kathmandu18	E_1-2	k141_78549	k141_78549_6 # 4632 # 5891 # -1 # ID=89789_6;partial=00;start_type=ATG;rbs_motif=None;rbs_spacer=None;gc_cont=0.541	mdtM	3001214	Strict	98.26	102.2	fluoroquinolone antibiotic; lincosamide antibiotic; nucleoside antibiotic; phenicol antibiotic; disinfecting agents and antiseptics	antibiotic efflux	major facilitator superfamily (MFS) antibiotic efflux pump	acriflavine; lincomycin; puromycin; chloramphenicol; norfloxacin	False	chromosome_like	1		
Kathmandu18	E_1-2	k141_79807	k141_79807_40 # 35407 # 36270 # -1 # ID=90911_40;partial=00;start_type=TTG;rbs_motif=TAA;rbs_spacer=11bp;gc_cont=0.361	vanY gene in vanB cluster	3002956	Strict	34.59	107.09	glycopeptide antibiotic	antibiotic target alteration	vanY; glycopeptide resistance gene cluster	vancomycin	False	chromosome_like	1		
Kathmandu18	E_1-2	k141_723603	k141_723603_1 # 193 # 1362 # -1 # ID=91667_1;partial=00;start_type=ATG;rbs_motif=None;rbs_spacer=None;gc_cont=0.612	vanT gene in vanG cluster	3002972	Strict	31.91	54.63	glycopeptide antibiotic	antibiotic target alteration	glycopeptide resistance gene cluster; vanT	vancomycin	False	chromosome_like	1		
Kathmandu18	E_1-2	k141_401500	k141_401500_1 # 38 # 808 # 1 # ID=91707_1;partial=00;start_type=ATG;rbs_motif=TAA;rbs_spacer=11bp;gc_cont=0.318	LnuH	3004600	Strict	82.35	98.46	lincosamide antibiotic	antibiotic inactivation	lincosamide nucleotidyltransferase (LNU)		False	chromosome_like	1		
Kathmandu18	E_1-2	k141_401673	k141_401673_1 # 36 # 1130 # -1 # ID=91870_1;partial=00;start_type=ATG;rbs_motif=None;rbs_spacer=None;gc_cont=0.383	vanT gene in vanG cluster	3002972	Strict	34.95	51.12	glycopeptide antibiotic	antibiotic target alteration	glycopeptide resistance gene cluster; vanT	vancomycin	False	chromosome_like	1		
Kathmandu18	E_1-2	k141_1020857	k141_1020857_186 # 197415 # 198593 # -1 # ID=92283_186;partial=00;start_type=ATG;rbs_motif=GGA/GAG/AGG;rbs_spacer=5-10bp;gc_cont=0.382	vanT gene in vanG cluster	3002972	Strict	33.33	55.06	glycopeptide antibiotic	antibiotic target alteration	glycopeptide resistance gene cluster; vanT	vancomycin	False	chromosome_like	1		
Kathmandu18	E_1-2	k141_81383	k141_81383_2 # 1360 # 4488 # -1 # ID=92375_2;partial=00;start_type=ATG;rbs_motif=AATAA;rbs_spacer=3bp;gc_cont=0.389	adeF	3000777	Strict	45.63	98.39	fluoroquinolone antibiotic; tetracycline antibiotic	antibiotic efflux	resistance-nodulation-cell division (RND) antibiotic efflux pump	tetracycline	False	chromosome_like	1		
Kathmandu18	E_1-2	k141_725326	k141_725326_3 # 868 # 1287 # -1 # ID=93247_3;partial=01;start_type=Edge;rbs_motif=None;rbs_spacer=None;gc_cont=0.371	vanY gene in vanA cluster	3002955	Strict	35.51	45.87	glycopeptide antibiotic	antibiotic target alteration	vanY; glycopeptide resistance gene cluster	vancomycin; teicoplanin	False	chromosome_like	1		
Kathmandu18	E_1-2	k141_1022550	k141_1022550_5 # 4309 # 5310 # -1 # ID=94304_5;partial=00;start_type=ATG;rbs_motif=None;rbs_spacer=None;gc_cont=0.412	vanY gene in vanB cluster	3002956	Strict	34.04	124.25	glycopeptide antibiotic	antibiotic target alteration	vanY; glycopeptide resistance gene cluster	vancomycin	False	chromosome_like	1		
Kathmandu18	E_1-2	k141_84604	k141_84604_20 # 18237 # 19385 # -1 # ID=96124_20;partial=00;start_type=ATG;rbs_motif=None;rbs_spacer=None;gc_cont=0.478	vanT gene in vanG cluster	3002972	Strict	31.17	53.65	glycopeptide antibiotic	antibiotic target alteration	glycopeptide resistance gene cluster; vanT	vancomycin	False	chromosome_like	1		
Kathmandu18	E_1-2	k141_84896	k141_84896_10 # 10876 # 14082 # -1 # ID=96456_10;partial=00;start_type=ATG;rbs_motif=GGA/GAG/AGG;rbs_spacer=5-10bp;gc_cont=0.612	adeF	3000777	Strict	43.68	100.85	fluoroquinolone antibiotic; tetracycline antibiotic	antibiotic efflux	resistance-nodulation-cell division (RND) antibiotic efflux pump	tetracycline	False	chromosome_like	1		
Kathmandu18	E_1-2	k141_84906	k141_84906_7 # 5657 # 5989 # -1 # ID=96467_7;partial=01;start_type=Edge;rbs_motif=None;rbs_spacer=None;gc_cont=0.423	vanY gene in vanM cluster	3002961	Strict	41.89	47.21	glycopeptide antibiotic	antibiotic target alteration	vanY; glycopeptide resistance gene cluster	vancomycin; teicoplanin	False	chromosome_like	1		
Kathmandu18	E_1-2	k141_405863	k141_405863_4 # 2215 # 3378 # -1 # ID=96528_4;partial=00;start_type=ATG;rbs_motif=None;rbs_spacer=None;gc_cont=0.417	vanW gene in vanI cluster	3003724	Strict	29.85	103.75	glycopeptide antibiotic	antibiotic target alteration	vanW; glycopeptide resistance gene cluster	vancomycin; teicoplanin	False	chromosome_like	1		
Kathmandu18	E_1-2	k141_405953	k141_405953_2 # 613 # 1443 # -1 # ID=96633_2;partial=00;start_type=ATG;rbs_motif=None;rbs_spacer=None;gc_cont=0.339	OXA-392	3001578	Strict	98.91	100.0	carbapenem; cephalosporin; penam	antibiotic inactivation	OXA beta-lactamase	cloxacillin; oxacillin; cefalotin	False	chromosome_like	1		
Kathmandu18	E_1-2	k141_731099	k141_731099_4 # 1648 # 2178 # 1 # ID=98650_4;partial=00;start_type=ATG;rbs_motif=GGAG/GAGG;rbs_spacer=5-10bp;gc_cont=0.492	emrR	3000516	Perfect	100.0	100.0	fluoroquinolone antibiotic	antibiotic efflux	major facilitator superfamily (MFS) antibiotic efflux pump	nalidixic acid	False	chromosome_like	1		
Kathmandu18	E_1-2	k141_731099	k141_731099_5 # 2305 # 3477 # 1 # ID=98650_5;partial=00;start_type=ATG;rbs_motif=GGAG/GAGG;rbs_spacer=5-10bp;gc_cont=0.533	emrA	3000027	Perfect	100.0	100.0	fluoroquinolone antibiotic	antibiotic efflux	major facilitator superfamily (MFS) antibiotic efflux pump	nalidixic acid	False	chromosome_like	1		
Kathmandu18	E_1-2	k141_731099	k141_731099_6 # 3494 # 5032 # 1 # ID=98650_6;partial=00;start_type=ATG;rbs_motif=GGAG/GAGG;rbs_spacer=5-10bp;gc_cont=0.565	emrB	3000074	Perfect	100.0	100.0	fluoroquinolone antibiotic	antibiotic efflux	major facilitator superfamily (MFS) antibiotic efflux pump	nalidixic acid	False	chromosome_like	1		
Kathmandu18	E_1-2	k141_731099	k141_731099_11 # 9423 # 9608 # -1 # ID=98650_11;partial=00;start_type=ATG;rbs_motif=AGGAG;rbs_spacer=5-10bp;gc_cont=0.495	rsmA	3005069	Strict	85.25	100.0	fluoroquinolone antibiotic; diaminopyrimidine antibiotic; phenicol antibiotic	antibiotic efflux	resistance-nodulation-cell division (RND) antibiotic efflux pump	trimethoprim; chloramphenicol	False	chromosome_like	1		
Kathmandu18	E_1-2	k141_87431	k141_87431_2 # 1031 # 2218 # 1 # ID=99230_2;partial=00;start_type=GTG;rbs_motif=AGxAGG/AGGxGG;rbs_spacer=5-10bp;gc_cont=0.406	tet(39)	3000566	Perfect	100.0	100.0	tetracycline antibiotic	antibiotic efflux	major facilitator superfamily (MFS) antibiotic efflux pump	tetracycline	True	plasmid_like		0.9602	
Kathmandu18	E_1-2	k141_1026635	k141_1026635_46 # 43488 # 44618 # 1 # ID=99534_46;partial=00;start_type=ATG;rbs_motif=None;rbs_spacer=None;gc_cont=0.380	vanT gene in vanG cluster	3002972	Strict	32.29	52.81	glycopeptide antibiotic	antibiotic target alteration	glycopeptide resistance gene cluster; vanT	vancomycin	False	chromosome_like	1		
Kathmandu18	E_1-2	k141_731850	k141_731850_43 # 40448 # 41590 # -1 # ID=99578_43;partial=00;start_type=ATG;rbs_motif=None;rbs_spacer=None;gc_cont=0.502	vanT gene in vanG cluster	3002972	Strict	32.18	53.37	glycopeptide antibiotic	antibiotic target alteration	glycopeptide resistance gene cluster; vanT	vancomycin	False	chromosome_like	1		
Kathmandu18	E_1-2	k141_88234	k141_88234_1 # 1 # 1761 # 1 # ID=99982_1;partial=10;start_type=Edge;rbs_motif=None;rbs_spacer=None;gc_cont=0.398	tet(O)	3000190	Strict	49.83	91.71	tetracycline antibiotic	antibiotic target protection	tetracycline-resistant ribosomal protection protein	tetracycline; doxycycline; minocycline; chlortetracycline; demeclocycline; oxytetracycline	False	chromosome_like	1		
Kathmandu18	E_1-2	k141_732547	k141_732547_5 # 3085 # 4317 # -1 # ID=100605_5;partial=00;start_type=ATG;rbs_motif=None;rbs_spacer=None;gc_cont=0.524	Escherichia coli mdfA	3001328	Strict	97.07	100.0	tetracycline antibiotic; disinfecting agents and antiseptics	antibiotic efflux	major facilitator superfamily (MFS) antibiotic efflux pump	tetracycline; benzalkonium chloride	True	plasmid_like		0.8268	
Kathmandu18	E_1-2	k141_89097	k141_89097_12 # 9204 # 11132 # 1 # ID=100840_12;partial=00;start_type=GTG;rbs_motif=TAA;rbs_spacer=11bp;gc_cont=0.512	vanW gene in vanI cluster	3003724	Strict	30.66	172.12	glycopeptide antibiotic	antibiotic target alteration	vanW; glycopeptide resistance gene cluster	vancomycin; teicoplanin	False	chromosome_like	1		
Kathmandu18	E_1-2	k141_733679	k141_733679_3 # 2291 # 3544 # 1 # ID=101715_3;partial=00;start_type=ATG;rbs_motif=AAA;rbs_spacer=9bp;gc_cont=0.532	vanT gene in vanG cluster	3002972	Strict	36.75	58.57	glycopeptide antibiotic	antibiotic target alteration	glycopeptide resistance gene cluster; vanT	vancomycin	False	chromosome_like	1		
Kathmandu18	E_1-2	k141_734177	k141_734177_27 # 25751 # 28870 # 1 # ID=102229_27;partial=00;start_type=ATG;rbs_motif=AATAA;rbs_spacer=9bp;gc_cont=0.399	adeF	3000777	Strict	44.49	98.11	fluoroquinolone antibiotic; tetracycline antibiotic	antibiotic efflux	resistance-nodulation-cell division (RND) antibiotic efflux pump	tetracycline	False	chromosome_like	1		
Kathmandu18	E_1-2	k141_411919	k141_411919_9 # 11587 # 14082 # -1 # ID=102780_9;partial=00;start_type=ATG;rbs_motif=None;rbs_spacer=None;gc_cont=0.312	vanT gene in vanG cluster	3002972	Strict	33.42	116.71	glycopeptide antibiotic	antibiotic target alteration	glycopeptide resistance gene cluster; vanT	vancomycin	False	chromosome_like	1		
Kathmandu18	E_1-2	k141_736722	k141_736722_12 # 14043 # 14936 # -1 # ID=104682_12;partial=00;start_type=ATG;rbs_motif=TAA;rbs_spacer=5bp;gc_cont=0.389	vanY gene in vanG cluster	3002959	Strict	36.5	106.45	glycopeptide antibiotic	antibiotic target alteration	vanY; glycopeptide resistance gene cluster	vancomycin	False	chromosome_like	1		
Kathmandu18	E_1-2	k141_92324	k141_92324_14 # 10490 # 11686 # -1 # ID=105075_14;partial=00;start_type=ATG;rbs_motif=AAAAAA;rbs_spacer=8bp;gc_cont=0.353	vanW gene in vanI cluster	3003724	Strict	36.59	106.7	glycopeptide antibiotic	antibiotic target alteration	vanW; glycopeptide resistance gene cluster	vancomycin; teicoplanin	False	chromosome_like	1		
Kathmandu18	E_1-2	k141_93081	k141_93081_15 # 12851 # 13171 # -1 # ID=106070_15;partial=00;start_type=ATG;rbs_motif=GGA/GAG/AGG;rbs_spacer=5-10bp;gc_cont=0.402	qacJ	3007014	Strict	38.32	99.07	disinfecting agents and antiseptics	antibiotic efflux	small multidrug resistance (SMR) antibiotic efflux pump	benzalkonium chloride	False	chromosome_like	1		
Kathmandu18	E_1-2	k141_415594	k141_415594_1 # 191 # 508 # 1 # ID=106352_1;partial=00;start_type=ATG;rbs_motif=AGGA;rbs_spacer=5-10bp;gc_cont=0.289	qacJ	3007014	Strict	43.88	98.13	disinfecting agents and antiseptics	antibiotic efflux	small multidrug resistance (SMR) antibiotic efflux pump	benzalkonium chloride	False	chromosome_like	1		
Kathmandu18	E_1-2	k141_1033413	k141_1033413_8 # 6100 # 6987 # -1 # ID=107521_8;partial=00;start_type=ATG;rbs_motif=None;rbs_spacer=None;gc_cont=0.355	vanW gene in vanI cluster	3003724	Strict	34.34	79.09	glycopeptide antibiotic	antibiotic target alteration	vanW; glycopeptide resistance gene cluster	vancomycin; teicoplanin	False	chromosome_like	1		
Kathmandu18	E_1-2	k141_416785	k141_416785_1 # 5 # 1381 # -1 # ID=107688_1;partial=00;start_type=ATG;rbs_motif=None;rbs_spacer=None;gc_cont=0.609	vanW gene in vanI cluster	3003724	Strict	39.13	122.79	glycopeptide antibiotic	antibiotic target alteration	vanW; glycopeptide resistance gene cluster	vancomycin; teicoplanin	False	chromosome_like	1		
Kathmandu18	E_1-2	k141_417345	k141_417345_82 # 64328 # 65764 # -1 # ID=108298_82;partial=00;start_type=ATG;rbs_motif=None;rbs_spacer=None;gc_cont=0.397	vanW gene in vanI cluster	3003724	Strict	26.89	128.15	glycopeptide antibiotic	antibiotic target alteration	vanW; glycopeptide resistance gene cluster	vancomycin; teicoplanin	False	chromosome_like	1		
Kathmandu18	E_1-2	k141_741090	k141_741090_9 # 9992 # 10483 # -1 # ID=108793_9;partial=00;start_type=ATG;rbs_motif=TAAA;rbs_spacer=9bp;gc_cont=0.457	nimJ	3007112	Strict	62.96	98.79	nitroimidazole antibiotic	antibiotic inactivation	nitroimidazole reductase	metronidazole	False	chromosome_like	1		
Kathmandu18	E_1-2	k141_741305	k141_741305_342 # 316695 # 317453 # -1 # ID=109221_342;partial=00;start_type=ATG;rbs_motif=AATAA;rbs_spacer=3bp;gc_cont=0.370	vanY gene in vanF cluster	3002958	Strict	26.28	86.01	glycopeptide antibiotic	antibiotic target alteration	vanY; glycopeptide resistance gene cluster	vancomycin	False	chromosome_like	1		
Kathmandu18	E_1-2	k141_743850	k141_743850_1 # 56 # 1141 # 1 # ID=111514_1;partial=00;start_type=ATG;rbs_motif=GGA/GAG/AGG;rbs_spacer=5-10bp;gc_cont=0.591	vanH gene in vanO cluster	3002948	Strict	41.32	103.14	glycopeptide antibiotic	antibiotic target alteration	vanH; glycopeptide resistance gene cluster	vancomycin	False	chromosome_like	1		
Kathmandu18	E_1-2	k141_744407	k141_744407_7 # 5571 # 7508 # -1 # ID=111968_7;partial=00;start_type=ATG;rbs_motif=None;rbs_spacer=None;gc_cont=0.481	vanW gene in vanI cluster	3003724	Strict	32.49	172.92	glycopeptide antibiotic	antibiotic target alteration	vanW; glycopeptide resistance gene cluster	vancomycin; teicoplanin	False	chromosome_like	1		
Kathmandu18	E_1-2	k141_99031	k141_99031_2 # 245 # 1921 # 1 # ID=111997_2;partial=01;start_type=ATG;rbs_motif=None;rbs_spacer=None;gc_cont=0.472	vanW gene in vanI cluster	3003724	Strict	28.46	149.87	glycopeptide antibiotic	antibiotic target alteration	vanW; glycopeptide resistance gene cluster	vancomycin; teicoplanin	False	chromosome_like	1		
Kathmandu18	E_1-2	k141_420887	k141_420887_109 # 109112 # 110506 # 1 # ID=112030_109;partial=00;start_type=ATG;rbs_motif=None;rbs_spacer=None;gc_cont=0.420	vanW gene in vanI cluster	3003724	Strict	28.81	124.4	glycopeptide antibiotic	antibiotic target alteration	vanW; glycopeptide resistance gene cluster	vancomycin; teicoplanin	False	chromosome_like	1		
Kathmandu18	E_1-2	k141_99419	k141_99419_1 # 2 # 1255 # 1 # ID=112317_1;partial=10;start_type=Edge;rbs_motif=None;rbs_spacer=None;gc_cont=0.474	vanW gene in vanI cluster	3003724	Strict	30.7	111.8	glycopeptide antibiotic	antibiotic target alteration	vanW; glycopeptide resistance gene cluster	vancomycin; teicoplanin	False	chromosome_like	1		
Kathmandu18	E_1-2	k141_746063	k141_746063_52 # 61640 # 62758 # 1 # ID=113622_52;partial=00;start_type=ATG;rbs_motif=None;rbs_spacer=None;gc_cont=0.618	vanT gene in vanG cluster	3002972	Strict	34.78	52.25	glycopeptide antibiotic	antibiotic target alteration	glycopeptide resistance gene cluster; vanT	vancomycin	False	chromosome_like	1		
Kathmandu18	E_1-2	k141_746370	k141_746370_6 # 3092 # 4978 # 1 # ID=113880_6;partial=00;start_type=ATG;rbs_motif=None;rbs_spacer=None;gc_cont=0.520	vanW gene in vanI cluster	3003724	Strict	27.93	168.36	glycopeptide antibiotic	antibiotic target alteration	vanW; glycopeptide resistance gene cluster	vancomycin; teicoplanin	False	chromosome_like	1		
Kathmandu18	E_1-2	k141_1038090	k141_1038090_5 # 3876 # 6389 # 1 # ID=114236_5;partial=00;start_type=TTG;rbs_motif=TAAA;rbs_spacer=14bp;gc_cont=0.358	vanT gene in vanG cluster	3002972	Strict	35.23	117.56	glycopeptide antibiotic	antibiotic target alteration	glycopeptide resistance gene cluster; vanT	vancomycin	False	chromosome_like	1		
Kathmandu18	E_1-2	k141_423887	k141_423887_2 # 314 # 1750 # -1 # ID=114928_2;partial=00;start_type=ATG;rbs_motif=None;rbs_spacer=None;gc_cont=0.368	vanW gene in vanI cluster	3003724	Strict	38.6	128.15	glycopeptide antibiotic	antibiotic target alteration	vanW; glycopeptide resistance gene cluster	vancomycin; teicoplanin	False	chromosome_like	1		
Kathmandu18	E_1-2	k141_1039216	k141_1039216_5 # 3242 # 4117 # -1 # ID=115799_5;partial=00;start_type=ATG;rbs_motif=None;rbs_spacer=None;gc_cont=0.650	vanY gene in vanM cluster	3002961	Strict	34.56	124.89	glycopeptide antibiotic	antibiotic target alteration	vanY; glycopeptide resistance gene cluster	vancomycin; teicoplanin	False	chromosome_like	1		
Kathmandu18	E_1-2	k141_425448	k141_425448_3 # 1249 # 2733 # 1 # ID=116927_3;partial=00;start_type=ATG;rbs_motif=AGGAG;rbs_spacer=5-10bp;gc_cont=0.323	lsaE	3003206	Perfect	100.0	100.0	lincosamide antibiotic; streptogramin antibiotic; pleuromutilin antibiotic	antibiotic target protection	lsa-type ABC-F protein	lincomycin; pleuromutilin	True	plasmid_like		0.9656	
Kathmandu18	E_1-2	k141_425448	k141_425448_4 # 2787 # 3590 # 1 # ID=116927_4;partial=00;start_type=ATG;rbs_motif=GGA/GAG/AGG;rbs_spacer=5-10bp;gc_cont=0.311	lnuB	3002836	Strict	99.63	100.0	lincosamide antibiotic	antibiotic inactivation	lincosamide nucleotidyltransferase (LNU)	lincomycin; clindamycin	True	plasmid_like		0.9656	
Kathmandu18	E_1-2	k141_425448	k141_425448_10 # 7817 # 8680 # 1 # ID=116927_10;partial=00;start_type=ATG;rbs_motif=AGGAG;rbs_spacer=5-10bp;gc_cont=0.329	ANT(6)-Ia	3002626	Perfect	100.0	100.0	aminoglycoside antibiotic	antibiotic inactivation	ANT(6)	streptomycin	True	plasmid_like		0.9656	
Kathmandu18	E_1-2	k141_104952	k141_104952_1 # 230 # 1375 # 1 # ID=118251_1;partial=00;start_type=ATG;rbs_motif=GGA/GAG/AGG;rbs_spacer=5-10bp;gc_cont=0.534	CMY-2	3002013	Strict	99.21	100.0	carbapenem; cephalosporin; cephamycin; penam	antibiotic inactivation	CMY beta-lactamase	cefoxitin; cefazolin; ceftazidime; ceftriaxone; ertapenem; ampicillin; cefixime; cefalotin	False	chromosome_like	1		
Kathmandu18	E_1-2	k141_1041482	k141_1041482_2 # 260 # 1075 # 1 # ID=118500_2;partial=00;start_type=GTG;rbs_motif=GGA/GAG/AGG;rbs_spacer=5-10bp;gc_cont=0.561	APH(3')-Ib	3002642	Strict	94.83	100.0	aminoglycoside antibiotic	antibiotic inactivation	APH(3')	neomycin; ribostamycin; kanamycin A; gentamicin B; paromomycin; lividomycin; gentamicin	False	chromosome_like	1		
Kathmandu18	E_1-2	k141_105305	k141_105305_1 # 190 # 864 # 1 # ID=118584_1;partial=00;start_type=ATG;rbs_motif=TAA;rbs_spacer=3bp;gc_cont=0.359	SAT-4	3002897	Strict	81.11	124.44	nucleoside antibiotic	antibiotic inactivation	streptothricin acetyltransferase (SAT)	streptothricin	False	chromosome_like	1		
Kathmandu18	E_1-2	k141_1041983	k141_1041983_16 # 14670 # 17798 # 1 # ID=119053_16;partial=00;start_type=ATG;rbs_motif=AGGA;rbs_spacer=5-10bp;gc_cont=0.407	adeF	3000777	Strict	45.73	98.39	fluoroquinolone antibiotic; tetracycline antibiotic	antibiotic efflux	resistance-nodulation-cell division (RND) antibiotic efflux pump	tetracycline	False	chromosome_like	1		
Kathmandu18	E_1-2	k141_751812	k141_751812_9 # 3989 # 4924 # -1 # ID=119196_9;partial=00;start_type=ATG;rbs_motif=None;rbs_spacer=None;gc_cont=0.362	vanY gene in vanB cluster	3002956	Strict	33.54	116.04	glycopeptide antibiotic	antibiotic target alteration	vanY; glycopeptide resistance gene cluster	vancomycin	False	chromosome_like	1		
Kathmandu18	E_1-2	k141_105753	k141_105753_336 # 316168 # 317031 # -1 # ID=119220_336;partial=00;start_type=ATG;rbs_motif=TAAAAA;rbs_spacer=13bp;gc_cont=0.431	vanY gene in vanM cluster	3002961	Strict	32.06	123.18	glycopeptide antibiotic	antibiotic target alteration	vanY; glycopeptide resistance gene cluster	vancomycin; teicoplanin	False	chromosome_like	1		
Kathmandu18	E_1-2	k141_427377	k141_427377_182 # 200991 # 204137 # 1 # ID=119292_182;partial=00;start_type=ATG;rbs_motif=AAAA;rbs_spacer=4bp;gc_cont=0.425	adeF	3000777	Strict	68.13	98.96	fluoroquinolone antibiotic; tetracycline antibiotic	antibiotic efflux	resistance-nodulation-cell division (RND) antibiotic efflux pump	tetracycline	False	chromosome_like	1		
Kathmandu18	E_1-2	k141_1042570	k141_1042570_1 # 3 # 3044 # 1 # ID=119669_1;partial=10;start_type=Edge;rbs_motif=None;rbs_spacer=None;gc_cont=0.628	adeF	3000777	Strict	45.43	95.66	fluoroquinolone antibiotic; tetracycline antibiotic	antibiotic efflux	resistance-nodulation-cell division (RND) antibiotic efflux pump	tetracycline	False	chromosome_like	1		
Kathmandu18	E_1-2	k141_752587	k141_752587_2 # 210 # 1349 # -1 # ID=119838_2;partial=00;start_type=ATG;rbs_motif=None;rbs_spacer=None;gc_cont=0.494	vanT gene in vanG cluster	3002972	Strict	37.47	53.23	glycopeptide antibiotic	antibiotic target alteration	glycopeptide resistance gene cluster; vanT	vancomycin	False	chromosome_like	1		
Kathmandu18	E_1-2	k141_428415	k141_428415_1 # 2 # 982 # -1 # ID=120457_1;partial=10;start_type=ATG;rbs_motif=GGAG/GAGG;rbs_spacer=5-10bp;gc_cont=0.646	vanW gene in vanI cluster	3003724	Strict	36.53	87.67	glycopeptide antibiotic	antibiotic target alteration	vanW; glycopeptide resistance gene cluster	vancomycin; teicoplanin	False	chromosome_like	1		
Kathmandu18	E_1-2	k141_107729	k141_107729_6 # 5511 # 6431 # 1 # ID=121458_6;partial=00;start_type=ATG;rbs_motif=None;rbs_spacer=None;gc_cont=0.313	vanY gene in vanB cluster	3002956	Strict	37.32	114.18	glycopeptide antibiotic	antibiotic target alteration	vanY; glycopeptide resistance gene cluster	vancomycin	False	chromosome_like	1		
Kathmandu18	E_1-2	k141_754628	k141_754628_4 # 4152 # 4940 # -1 # ID=121804_4;partial=00;start_type=ATG;rbs_motif=GGAG/GAGG;rbs_spacer=5-10bp;gc_cont=0.493	vanY gene in vanG cluster	3002959	Strict	30.26	93.91	glycopeptide antibiotic	antibiotic target alteration	vanY; glycopeptide resistance gene cluster	vancomycin	False	chromosome_like	1		
Kathmandu18	E_1-2	k141_1045633	k141_1045633_123 # 116266 # 117705 # -1 # ID=123550_123;partial=00;start_type=ATG;rbs_motif=None;rbs_spacer=None;gc_cont=0.343	vanW gene in vanI cluster	3003724	Strict	33.73	128.42	glycopeptide antibiotic	antibiotic target alteration	vanW; glycopeptide resistance gene cluster	vancomycin; teicoplanin	False	chromosome_like	1		
Kathmandu18	E_1-2	k141_1046245	k141_1046245_4 # 2304 # 3431 # -1 # ID=124297_4;partial=00;start_type=ATG;rbs_motif=AAAAA;rbs_spacer=6bp;gc_cont=0.426	vanT gene in vanG cluster	3002972	Strict	30.33	52.67	glycopeptide antibiotic	antibiotic target alteration	glycopeptide resistance gene cluster; vanT	vancomycin	False	chromosome_like	1		
Kathmandu18	E_1-2	k141_112261	k141_112261_26 # 27027 # 27284 # 1 # ID=126230_26;partial=00;start_type=ATG;rbs_motif=AGGAG;rbs_spacer=5-10bp;gc_cont=0.531	rsmA	3005069	Strict	90.91	139.34	fluoroquinolone antibiotic; diaminopyrimidine antibiotic; phenicol antibiotic	antibiotic efflux	resistance-nodulation-cell division (RND) antibiotic efflux pump	trimethoprim; chloramphenicol	False	chromosome_like	1		
Kathmandu18	E_1-2	k141_759167	k141_759167_210 # 213872 # 215731 # -1 # ID=126261_210;partial=00;start_type=ATG;rbs_motif=None;rbs_spacer=None;gc_cont=0.403	vanW gene in vanI cluster	3003724	Strict	32.17	165.95	glycopeptide antibiotic	antibiotic target alteration	vanW; glycopeptide resistance gene cluster	vancomycin; teicoplanin	False	chromosome_like	1		
Kathmandu18	E_1-2	k141_434840	k141_434840_1 # 3 # 1268 # 1 # ID=126739_1;partial=10;start_type=Edge;rbs_motif=None;rbs_spacer=None;gc_cont=0.323	vanT gene in vanG cluster	3002972	Strict	32.52	59.13	glycopeptide antibiotic	antibiotic target alteration	glycopeptide resistance gene cluster; vanT	vancomycin	False	chromosome_like	1		
Kathmandu18	E_1-2	k141_1048299	k141_1048299_141 # 136908 # 137642 # 1 # ID=126863_141;partial=00;start_type=ATG;rbs_motif=ATA;rbs_spacer=4bp;gc_cont=0.512	vanY gene in vanB cluster	3002956	Strict	32.09	91.04	glycopeptide antibiotic	antibiotic target alteration	vanY; glycopeptide resistance gene cluster	vancomycin	False	chromosome_like	1		
Kathmandu18	E_1-2	k141_1048360	k141_1048360_2 # 3705 # 4388 # 1 # ID=126951_2;partial=00;start_type=ATG;rbs_motif=GGAG/GAGG;rbs_spacer=5-10bp;gc_cont=0.718	vanW gene in vanI cluster	3003724	Strict	37.06	60.86	glycopeptide antibiotic	antibiotic target alteration	vanW; glycopeptide resistance gene cluster	vancomycin; teicoplanin	False	chromosome_like	1		
Kathmandu18	E_1-2	k141_434981	k141_434981_159 # 145109 # 146002 # -1 # ID=127094_159;partial=00;start_type=ATG;rbs_motif=None;rbs_spacer=None;gc_cont=0.494	vanY gene in vanB cluster	3002956	Strict	33.81	110.82	glycopeptide antibiotic	antibiotic target alteration	vanY; glycopeptide resistance gene cluster	vancomycin	False	chromosome_like	1		
Kathmandu18	E_1-2	k141_434981	k141_434981_378 # 359124 # 360260 # 1 # ID=127094_378;partial=00;start_type=ATG;rbs_motif=AGxAG;rbs_spacer=5-10bp;gc_cont=0.565	vanT gene in vanG cluster	3002972	Strict	33.24	53.09	glycopeptide antibiotic	antibiotic target alteration	glycopeptide resistance gene cluster; vanT	vancomycin	False	chromosome_like	1		
Kathmandu18	E_1-2	k141_114183	k141_114183_2 # 674 # 3151 # 1 # ID=128102_2;partial=00;start_type=ATG;rbs_motif=TAAA;rbs_spacer=11bp;gc_cont=0.507	vanT gene in vanG cluster	3002972	Strict	34.96	115.87	glycopeptide antibiotic	antibiotic target alteration	glycopeptide resistance gene cluster; vanT	vancomycin	False	chromosome_like	1		
Kathmandu18	E_1-2	k141_114637	k141_114637_7 # 9420 # 11084 # 1 # ID=128800_7;partial=00;start_type=GTG;rbs_motif=GGA/GAG/AGG;rbs_spacer=5-10bp;gc_cont=0.698	vanW gene in vanI cluster	3003724	Strict	32.77	148.53	glycopeptide antibiotic	antibiotic target alteration	vanW; glycopeptide resistance gene cluster	vancomycin; teicoplanin	False	chromosome_like	1		
Kathmandu18	E_1-2	k141_438440	k141_438440_2 # 412 # 1209 # -1 # ID=130334_2;partial=00;start_type=ATG;rbs_motif=AAAAAA;rbs_spacer=6bp;gc_cont=0.378	vanW gene in vanG cluster	3002965	Strict	32.72	94.31	glycopeptide antibiotic	antibiotic target alteration	vanW; glycopeptide resistance gene cluster	vancomycin	False	chromosome_like	1		
Kathmandu18	E_1-2	k141_1051165	k141_1051165_1 # 160 # 1065 # -1 # ID=130391_1;partial=00;start_type=ATG;rbs_motif=GGAG/GAGG;rbs_spacer=5-10bp;gc_cont=0.337	APH(2'')-Ie	3002634	Perfect	100.0	100.0	aminoglycoside antibiotic	antibiotic inactivation	APH(2'')	amikacin; kanamycin A; tobramycin; gentamicin A; gentamicin	False	chromosome_like	1		
Kathmandu18	E_1-2	k141_116938	k141_116938_2 # 414 # 1151 # -1 # ID=131176_2;partial=00;start_type=ATG;rbs_motif=None;rbs_spacer=None;gc_cont=0.419	vanY gene in vanM cluster	3002961	Strict	33.51	105.15	glycopeptide antibiotic	antibiotic target alteration	vanY; glycopeptide resistance gene cluster	vancomycin; teicoplanin	False	chromosome_like	1		
Kathmandu18	E_1-2	k141_117462	k141_117462_3 # 2067 # 2963 # -1 # ID=131831_3;partial=00;start_type=GTG;rbs_motif=GGxGG;rbs_spacer=5-10bp;gc_cont=0.679	vanW gene in vanI cluster	3003724	Strict	42.22	79.89	glycopeptide antibiotic	antibiotic target alteration	vanW; glycopeptide resistance gene cluster	vancomycin; teicoplanin	False	chromosome_like	1		
Kathmandu18	E_1-2	k141_441598	k141_441598_16 # 16842 # 17987 # 1 # ID=133962_16;partial=00;start_type=ATG;rbs_motif=None;rbs_spacer=None;gc_cont=0.372	vanT gene in vanG cluster	3002972	Strict	31.65	53.51	glycopeptide antibiotic	antibiotic target alteration	glycopeptide resistance gene cluster; vanT	vancomycin	False	chromosome_like	1		
Kathmandu18	E_1-2	k141_442598	k141_442598_8 # 9461 # 10597 # 1 # ID=135110_8;partial=00;start_type=ATG;rbs_motif=AAA;rbs_spacer=12bp;gc_cont=0.522	vanT gene in vanG cluster	3002972	Strict	32.43	53.09	glycopeptide antibiotic	antibiotic target alteration	glycopeptide resistance gene cluster; vanT	vancomycin	False	chromosome_like	1		
Kathmandu18	E_1-2	k141_121052	k141_121052_1 # 134 # 1018 # -1 # ID=135551_1;partial=00;start_type=ATG;rbs_motif=TAA;rbs_spacer=12bp;gc_cont=0.365	mphE	3003741	Perfect	100.0	100.0	macrolide antibiotic	antibiotic inactivation	macrolide phosphotransferase (MPH)	erythromycin	True	plasmid_like		0.9669	
Kathmandu18	E_1-2	k141_121052	k141_121052_2 # 1074 # 2549 # -1 # ID=135551_2;partial=00;start_type=ATG;rbs_motif=TAAA;rbs_spacer=5bp;gc_cont=0.399	msrE	3003109	Perfect	100.0	100.0	macrolide antibiotic; streptogramin antibiotic	antibiotic target protection	msr-type ABC-F protein	erythromycin	True	plasmid_like		0.9669	
Kathmandu18	E_1-2	k141_443045	k141_443045_2 # 318 # 1202 # 1 # ID=135731_2;partial=00;start_type=ATG;rbs_motif=None;rbs_spacer=None;gc_cont=0.476	vanY gene in vanA cluster	3002955	Strict	33.33	97.03	glycopeptide antibiotic	antibiotic target alteration	vanY; glycopeptide resistance gene cluster	vancomycin; teicoplanin	False	chromosome_like	1		
Kathmandu18	E_1-2	k141_1056498	k141_1056498_7 # 5220 # 6188 # 1 # ID=136697_7;partial=00;start_type=ATG;rbs_motif=AGGA;rbs_spacer=5-10bp;gc_cont=0.497	PmrF	3003578	Perfect	100.0	100.0	peptide antibiotic	antibiotic target alteration	pmr phosphoethanolamine transferase	polymyxin B	True	plasmid_like		0.9861	
Kathmandu18	E_1-2	k141_1056498	k141_1056498_10 # 9057 # 10709 # 1 # ID=136697_10;partial=00;start_type=ATG;rbs_motif=None;rbs_spacer=None;gc_cont=0.510	ArnT	3005053	Strict	63.7	99.82	peptide antibiotic	antibiotic target alteration	pmr phosphoethanolamine transferase	colistin A; colistin B	True	plasmid_like		0.9861	
Kathmandu18	E_1-2	k141_444785	k141_444785_7 # 3931 # 4836 # 1 # ID=137504_7;partial=00;start_type=ATG;rbs_motif=ATA;rbs_spacer=10bp;gc_cont=0.460	vanW gene in vanG cluster	3002965	Strict	32.97	107.12	glycopeptide antibiotic	antibiotic target alteration	vanW; glycopeptide resistance gene cluster	vancomycin	False	chromosome_like	1		
Kathmandu18	E_1-2	k141_123032	k141_123032_2 # 317 # 2845 # 1 # ID=137614_2;partial=00;start_type=ATG;rbs_motif=GGA/GAG/AGG;rbs_spacer=5-10bp;gc_cont=0.419	vanT gene in vanG cluster	3002972	Strict	34.59	118.26	glycopeptide antibiotic	antibiotic target alteration	glycopeptide resistance gene cluster; vanT	vancomycin	False	chromosome_like	1		
Kathmandu18	E_1-2	k141_1057704	k141_1057704_10 # 9626 # 11287 # 1 # ID=138081_10;partial=00;start_type=ATG;rbs_motif=None;rbs_spacer=None;gc_cont=0.662	vanW gene in vanI cluster	3003724	Strict	29.82	148.26	glycopeptide antibiotic	antibiotic target alteration	vanW; glycopeptide resistance gene cluster	vancomycin; teicoplanin	False	chromosome_like	1		
Kathmandu18	E_1-2	k141_127048	k141_127048_6 # 3724 # 4212 # -1 # ID=141737_6;partial=00;start_type=ATG;rbs_motif=AGGAGG;rbs_spacer=5-10bp;gc_cont=0.468	nimB	3004655	Strict	53.12	98.78	nitroimidazole antibiotic	antibiotic inactivation	nitroimidazole reductase	metronidazole	False	chromosome_like	1		
Kathmandu18	E_1-2	k141_449486	k141_449486_8 # 6752 # 8671 # 1 # ID=142521_8;partial=00;start_type=ATG;rbs_motif=AGGA;rbs_spacer=5-10bp;gc_cont=0.435	vanW gene in vanI cluster	3003724	Strict	27.78	171.31	glycopeptide antibiotic	antibiotic target alteration	vanW; glycopeptide resistance gene cluster	vancomycin; teicoplanin	False	chromosome_like	1		
Kathmandu18	E_1-2	k141_128684	k141_128684_5 # 2728 # 3864 # 1 # ID=143384_5;partial=00;start_type=ATG;rbs_motif=AGGA/GGAG/GAGG;rbs_spacer=11-12bp;gc_cont=0.531	vanT gene in vanG cluster	3002972	Strict	33.06	53.09	glycopeptide antibiotic	antibiotic target alteration	glycopeptide resistance gene cluster; vanT	vancomycin	False	chromosome_like	1		
Kathmandu18	E_1-2	k141_129224	k141_129224_37 # 39188 # 41683 # 1 # ID=143993_37;partial=00;start_type=TTG;rbs_motif=TAA;rbs_spacer=12bp;gc_cont=0.310	vanT gene in vanG cluster	3002972	Strict	35.12	116.71	glycopeptide antibiotic	antibiotic target alteration	glycopeptide resistance gene cluster; vanT	vancomycin	False	chromosome_like	1		
Kathmandu18	E_1-2	k141_1062061	k141_1062061_2 # 252 # 1037 # 1 # ID=144047_2;partial=01;start_type=GTG;rbs_motif=AGGA;rbs_spacer=5-10bp;gc_cont=0.662	vanW gene in vanB cluster	3002964	Strict	30.71	95.27	glycopeptide antibiotic	antibiotic target alteration	vanW; glycopeptide resistance gene cluster	vancomycin	False	chromosome_like	1		
Kathmandu18	E_1-2	k141_779817	k141_779817_3 # 1137 # 1961 # -1 # ID=144830_3;partial=01;start_type=Edge;rbs_motif=None;rbs_spacer=None;gc_cont=0.498	vanW gene in vanI cluster	3003724	Strict	35.38	73.46	glycopeptide antibiotic	antibiotic target alteration	vanW; glycopeptide resistance gene cluster	vancomycin; teicoplanin	False	chromosome_like	1		
Kathmandu18	E_1-2	k141_130923	k141_130923_7 # 4820 # 5701 # -1 # ID=145780_7;partial=00;start_type=ATG;rbs_motif=TAA;rbs_spacer=11bp;gc_cont=0.363	vanY gene in vanM cluster	3002961	Strict	32.14	125.75	glycopeptide antibiotic	antibiotic target alteration	vanY; glycopeptide resistance gene cluster	vancomycin; teicoplanin	False	chromosome_like	1		
Kathmandu18	E_1-2	k141_453608	k141_453608_7 # 6274 # 7407 # 1 # ID=146353_7;partial=00;start_type=ATG;rbs_motif=GGA/GAG/AGG;rbs_spacer=11-12bp;gc_cont=0.504	EC-15	3006876	Strict	98.14	100.0	cephalosporin	antibiotic inactivation	EC beta-lactamase		False	chromosome_like	1		
Kathmandu18	E_1-2	k141_453608	k141_453608_45 # 49620 # 51263 # 1 # ID=146353_45;partial=00;start_type=ATG;rbs_motif=GGA/GAG/AGG;rbs_spacer=5-10bp;gc_cont=0.493	eptA	3003576	Perfect	100.0	100.0	peptide antibiotic	antibiotic target alteration	pmr phosphoethanolamine transferase	polymyxin B	False	chromosome_like	1		
Kathmandu18	E_1-2	k141_782609	k141_782609_1 # 2 # 949 # 1 # ID=147374_1;partial=10;start_type=Edge;rbs_motif=None;rbs_spacer=None;gc_cont=0.624	tet(C)	3000167	Strict	99.68	79.55	tetracycline antibiotic	antibiotic efflux	major facilitator superfamily (MFS) antibiotic efflux pump	tetracycline	False	chromosome_like	1		
Kathmandu18	E_1-2	k141_133006	k141_133006_31 # 30287 # 31399 # 1 # ID=147895_31;partial=01;start_type=ATG;rbs_motif=None;rbs_spacer=None;gc_cont=0.562	vanT gene in vanG cluster	3002972	Strict	33.43	52.11	glycopeptide antibiotic	antibiotic target alteration	glycopeptide resistance gene cluster; vanT	vancomycin	False	chromosome_like	1		
Kathmandu18	E_1-2	k141_783254	k141_783254_2 # 166 # 1317 # -1 # ID=147926_2;partial=00;start_type=ATG;rbs_motif=AGGA/GGAG/GAGG;rbs_spacer=11-12bp;gc_cont=0.472	vanT gene in vanG cluster	3002972	Strict	35.73	53.79	glycopeptide antibiotic	antibiotic target alteration	glycopeptide resistance gene cluster; vanT	vancomycin	False	chromosome_like	1		
Kathmandu18	E_1-2	k141_133017	k141_133017_43 # 50527 # 53025 # 1 # ID=148054_43;partial=00;start_type=ATG;rbs_motif=TAA;rbs_spacer=7bp;gc_cont=0.374	vanT gene in vanG cluster	3002972	Strict	34.11	116.85	glycopeptide antibiotic	antibiotic target alteration	glycopeptide resistance gene cluster; vanT	vancomycin	False	chromosome_like	1		
Kathmandu18	E_1-2	k141_133687	k141_133687_7 # 5423 # 6559 # -1 # ID=148837_7;partial=00;start_type=ATG;rbs_motif=AGGA/GGAG/GAGG;rbs_spacer=11-12bp;gc_cont=0.504	vanT gene in vanG cluster	3002972	Strict	34.43	53.09	glycopeptide antibiotic	antibiotic target alteration	glycopeptide resistance gene cluster; vanT	vancomycin	False	chromosome_like	1		
Kathmandu18	E_1-2	k141_456327	k141_456327_1 # 112 # 1194 # -1 # ID=149006_1;partial=01;start_type=Edge;rbs_motif=None;rbs_spacer=None;gc_cont=0.502	vanT gene in vanG cluster	3002972	Strict	33.99	50.56	glycopeptide antibiotic	antibiotic target alteration	glycopeptide resistance gene cluster; vanT	vancomycin	False	chromosome_like	1		
Kathmandu18	E_1-2	k141_785331	k141_785331_108 # 93929 # 94810 # -1 # ID=150080_108;partial=00;start_type=ATG;rbs_motif=ATA;rbs_spacer=5bp;gc_cont=0.476	vanY gene in vanB cluster	3002956	Strict	32.21	109.33	glycopeptide antibiotic	antibiotic target alteration	vanY; glycopeptide resistance gene cluster	vancomycin	False	chromosome_like	1		
Kathmandu18	E_1-2	k141_1066913	k141_1066913_20 # 21682 # 22806 # -1 # ID=150576_20;partial=00;start_type=ATG;rbs_motif=GGAG/GAGG;rbs_spacer=5-10bp;gc_cont=0.363	vanT gene in vanG cluster	3002972	Strict	32.97	52.53	glycopeptide antibiotic	antibiotic target alteration	glycopeptide resistance gene cluster; vanT	vancomycin	False	chromosome_like	1		
Kathmandu18	E_1-2	k141_136293	k141_136293_13 # 8663 # 10582 # -1 # ID=151345_13;partial=00;start_type=ATG;rbs_motif=AGGAGG;rbs_spacer=5-10bp;gc_cont=0.405	tet(O)	3000190	Strict	99.06	100.0	tetracycline antibiotic	antibiotic target protection	tetracycline-resistant ribosomal protection protein	tetracycline; doxycycline; minocycline; chlortetracycline; demeclocycline; oxytetracycline	True	plasmid_like		0.9518	
Kathmandu18	E_1-2	k141_459429	k141_459429_2 # 1446 # 2921 # 1 # ID=151968_2;partial=00;start_type=ATG;rbs_motif=GGAGG;rbs_spacer=3-4bp;gc_cont=0.691	vanY gene in vanB cluster	3002956	Strict	30.88	183.21	glycopeptide antibiotic	antibiotic target alteration	vanY; glycopeptide resistance gene cluster	vancomycin	False	chromosome_like	1		
Kathmandu18	E_1-2	k141_788483	k141_788483_2 # 307 # 714 # 1 # ID=152921_2;partial=00;start_type=ATG;rbs_motif=GGAG/GAGG;rbs_spacer=5-10bp;gc_cont=0.338	FosXCC	3003208	Strict	61.54	95.74	phosphonic acid antibiotic	antibiotic inactivation	fosfomycin thiol transferase	fosfomycin	False	chromosome_like	1		
Kathmandu18	E_1-2	k141_137579	k141_137579_1 # 2 # 727 # -1 # ID=152942_1;partial=10;start_type=ATG;rbs_motif=GGA/GAG/AGG;rbs_spacer=5-10bp;gc_cont=0.292	EreD	3004608	Strict	98.76	59.31	macrolide antibiotic	antibiotic inactivation	macrolide esterase	erythromycin	False	chromosome_like	1		
Kathmandu18	E_1-2	k141_137705	k141_137705_1 # 1 # 1218 # 1 # ID=153103_1;partial=11;start_type=Edge;rbs_motif=None;rbs_spacer=None;gc_cont=0.500	vanW gene in vanG cluster	3002965	Strict	40.52	144.48	glycopeptide antibiotic	antibiotic target alteration	vanW; glycopeptide resistance gene cluster	vancomycin	False	chromosome_like	1		
Kathmandu18	E_1-2	k141_138607	k141_138607_4 # 3062 # 3979 # 1 # ID=153913_4;partial=00;start_type=ATG;rbs_motif=ATA;rbs_spacer=5bp;gc_cont=0.428	vanY gene in vanB cluster	3002956	Strict	29.05	113.81	glycopeptide antibiotic	antibiotic target alteration	vanY; glycopeptide resistance gene cluster	vancomycin	False	chromosome_like	1		
Kathmandu18	E_1-2	k141_790450	k141_790450_4 # 1527 # 2420 # -1 # ID=154491_4;partial=00;start_type=ATG;rbs_motif=None;rbs_spacer=None;gc_cont=0.369	vanY gene in vanM cluster	3002961	Strict	32.58	127.47	glycopeptide antibiotic	antibiotic target alteration	vanY; glycopeptide resistance gene cluster	vancomycin; teicoplanin	False	chromosome_like	1		
Kathmandu18	E_1-2	k141_139032	k141_139032_337 # 321599 # 322891 # 1 # ID=154536_337;partial=00;start_type=GTG;rbs_motif=None;rbs_spacer=None;gc_cont=0.613	vanW gene in vanI cluster	3003724	Strict	29.19	115.28	glycopeptide antibiotic	antibiotic target alteration	vanW; glycopeptide resistance gene cluster	vancomycin; teicoplanin	False	chromosome_like	1		
Kathmandu18	E_1-2	k141_791640	k141_791640_4 # 2365 # 4008 # 1 # ID=155579_4;partial=00;start_type=ATG;rbs_motif=None;rbs_spacer=None;gc_cont=0.533	YojI	3003952	Perfect	100.0	100.0	peptide antibiotic	antibiotic efflux	ATP-binding cassette (ABC) antibiotic efflux pump	microcin J25	False	chromosome_like	1		
Kathmandu18	E_1-2	k141_791665	k141_791665_1 # 379 # 867 # 1 # ID=155600_1;partial=00;start_type=ATG;rbs_motif=GGAG/GAGG;rbs_spacer=5-10bp;gc_cont=0.421	nimE	3007107	Strict	52.47	95.29	nitroimidazole antibiotic	antibiotic inactivation	nitroimidazole reductase	metronidazole	False	chromosome_like	1		
Kathmandu18	E_1-2	k141_462789	k141_462789_68 # 63776 # 64960 # -1 # ID=156046_68;partial=00;start_type=TTG;rbs_motif=GGAG/GAGG;rbs_spacer=5-10bp;gc_cont=0.419	vanT gene in vanG cluster	3002972	Strict	33.78	55.34	glycopeptide antibiotic	antibiotic target alteration	glycopeptide resistance gene cluster; vanT	vancomycin	False	chromosome_like	1		
Kathmandu18	E_1-2	k141_462789	k141_462789_194 # 216352 # 217881 # 1 # ID=156046_194;partial=00;start_type=ATG;rbs_motif=None;rbs_spacer=None;gc_cont=0.443	vanW gene in vanI cluster	3003724	Strict	30.83	136.46	glycopeptide antibiotic	antibiotic target alteration	vanW; glycopeptide resistance gene cluster	vancomycin; teicoplanin	False	chromosome_like	1		
Kathmandu18	E_1-2	k141_463709	k141_463709_74 # 81137 # 82915 # -1 # ID=157226_74;partial=00;start_type=ATG;rbs_motif=None;rbs_spacer=None;gc_cont=0.486	vanW gene in vanI cluster	3003724	Strict	28.34	158.71	glycopeptide antibiotic	antibiotic target alteration	vanW; glycopeptide resistance gene cluster	vancomycin; teicoplanin	False	chromosome_like	1		
Kathmandu18	E_1-2	k141_464919	k141_464919_19 # 20475 # 22187 # -1 # ID=158367_19;partial=01;start_type=Edge;rbs_motif=None;rbs_spacer=None;gc_cont=0.443	vanT gene in vanG cluster	3002972	Strict	32.7	80.06	glycopeptide antibiotic	antibiotic target alteration	glycopeptide resistance gene cluster; vanT	vancomycin	False	chromosome_like	1		
Kathmandu18	E_1-2	k141_1073903	k141_1073903_7 # 9914 # 12403 # 1 # ID=159274_7;partial=00;start_type=ATG;rbs_motif=None;rbs_spacer=None;gc_cont=0.396	vanT gene in vanG cluster	3002972	Strict	35.22	116.43	glycopeptide antibiotic	antibiotic target alteration	glycopeptide resistance gene cluster; vanT	vancomycin	False	chromosome_like	1		
Kathmandu18	E_1-2	k141_796390	k141_796390_28 # 22630 # 23442 # -1 # ID=159671_28;partial=00;start_type=ATG;rbs_motif=None;rbs_spacer=None;gc_cont=0.493	vanW gene in vanG cluster	3002965	Strict	35.0	96.09	glycopeptide antibiotic	antibiotic target alteration	vanW; glycopeptide resistance gene cluster	vancomycin	False	chromosome_like	1		
Kathmandu18	E_1-2	k141_144137	k141_144137_1 # 419 # 1075 # 1 # ID=160128_1;partial=00;start_type=ATG;rbs_motif=GGAG/GAGG;rbs_spacer=5-10bp;gc_cont=0.370	QnrVC1	3002799	Perfect	100.0	100.0	fluoroquinolone antibiotic	antibiotic target protection	quinolone resistance protein (qnr)	ciprofloxacin; levofloxacin; moxifloxacin; gatifloxacin; nalidixic acid; norfloxacin; sparfloxacin	False	chromosome_like	1		
Kathmandu18	E_1-2	k141_1074853	k141_1074853_15 # 10892 # 11344 # 1 # ID=160402_15;partial=00;start_type=ATG;rbs_motif=GGAG/GAGG;rbs_spacer=5-10bp;gc_cont=0.439	arr-8	3002853	Strict	98.67	100.0	rifamycin antibiotic	antibiotic inactivation	rifampin ADP-ribosyltransferase (Arr)	rifampin; rifaximin; rifabutin; rifapentine	False	chromosome_like	1		
Kathmandu18	E_1-2	k141_144377	k141_144377_10 # 11601 # 12002 # 1 # ID=160470_10;partial=00;start_type=ATG;rbs_motif=GGA/GAG/AGG;rbs_spacer=5-10bp;gc_cont=0.595	FosG	3007368	Strict	56.49	100.76	phosphonic acid antibiotic	antibiotic inactivation	fosfomycin thiol transferase	fosfomycin	False	chromosome_like	1		
Kathmandu18	E_1-2	k141_468010	k141_468010_3 # 702 # 2141 # 1 # ID=161341_3;partial=01;start_type=ATG;rbs_motif=None;rbs_spacer=None;gc_cont=0.529	vanW gene in vanI cluster	3003724	Strict	27.04	128.69	glycopeptide antibiotic	antibiotic target alteration	vanW; glycopeptide resistance gene cluster	vancomycin; teicoplanin	False	chromosome_like	1		
Kathmandu18	E_1-2	k141_798582	k141_798582_2 # 914 # 1813 # 1 # ID=161592_2;partial=00;start_type=ATG;rbs_motif=GGA/GAG/AGG;rbs_spacer=5-10bp;gc_cont=0.588	mphF	3003071	Perfect	100.0	100.0	macrolide antibiotic	antibiotic inactivation	macrolide phosphotransferase (MPH)	erythromycin; roxithromycin; clarithromycin; tylosin; azithromycin	True	plasmid_like		0.9865	
Kathmandu18	E_1-2	k141_1075814	k141_1075814_404 # 380032 # 381555 # 1 # ID=162040_404;partial=00;start_type=ATG;rbs_motif=None;rbs_spacer=None;gc_cont=0.497	vanW gene in vanI cluster	3003724	Strict	32.75	135.92	glycopeptide antibiotic	antibiotic target alteration	vanW; glycopeptide resistance gene cluster	vancomycin; teicoplanin	False	chromosome_like	1		
Kathmandu18	E_1-2	k141_146030	k141_146030_5 # 3987 # 4706 # 1 # ID=162156_5;partial=00;start_type=ATG;rbs_motif=None;rbs_spacer=None;gc_cont=0.442	vanY gene in vanF cluster	3002958	Strict	38.67	81.57	glycopeptide antibiotic	antibiotic target alteration	vanY; glycopeptide resistance gene cluster	vancomycin	False	chromosome_like	1		
Kathmandu18	E_1-2	k141_799403	k141_799403_33 # 38021 # 39142 # 1 # ID=162274_33;partial=00;start_type=ATG;rbs_motif=None;rbs_spacer=None;gc_cont=0.500	vanT gene in vanG cluster	3002972	Strict	33.97	52.39	glycopeptide antibiotic	antibiotic target alteration	glycopeptide resistance gene cluster; vanT	vancomycin	False	chromosome_like	1		
Kathmandu18	E_1-2	k141_799437	k141_799437_2 # 161 # 649 # 1 # ID=162308_2;partial=00;start_type=ATG;rbs_motif=GGAG/GAGG;rbs_spacer=5-10bp;gc_cont=0.411	nimG	3007109	Strict	50.31	98.78	nitroimidazole antibiotic	antibiotic inactivation	nitroimidazole reductase	metronidazole	False	chromosome_like	1		
Kathmandu18	E_1-2	k141_1076503	k141_1076503_26 # 32035 # 32247 # 1 # ID=162910_26;partial=00;start_type=ATG;rbs_motif=AGGAG;rbs_spacer=5-10bp;gc_cont=0.563	rsmA	3005069	Strict	85.71	114.75	fluoroquinolone antibiotic; diaminopyrimidine antibiotic; phenicol antibiotic	antibiotic efflux	resistance-nodulation-cell division (RND) antibiotic efflux pump	trimethoprim; chloramphenicol	False	chromosome_like	1		
Kathmandu18	E_1-2	k141_471933	k141_471933_1 # 26 # 3136 # -1 # ID=164949_1;partial=01;start_type=Edge;rbs_motif=None;rbs_spacer=None;gc_cont=0.663	adeF	3000777	Strict	42.88	97.83	fluoroquinolone antibiotic; tetracycline antibiotic	antibiotic efflux	resistance-nodulation-cell division (RND) antibiotic efflux pump	tetracycline	False	chromosome_like	1		
Kathmandu18	E_1-2	k141_149290	k141_149290_8 # 8025 # 11159 # -1 # ID=165626_8;partial=00;start_type=ATG;rbs_motif=GGA/GAG/AGG;rbs_spacer=5-10bp;gc_cont=0.407	adeF	3000777	Strict	44.97	98.58	fluoroquinolone antibiotic; tetracycline antibiotic	antibiotic efflux	resistance-nodulation-cell division (RND) antibiotic efflux pump	tetracycline	False	chromosome_like	1		
Kathmandu18	E_1-2	k141_474085	k141_474085_33 # 36070 # 39297 # -1 # ID=167136_33;partial=00;start_type=ATG;rbs_motif=None;rbs_spacer=None;gc_cont=0.502	adeF	3000777	Strict	44.25	101.51	fluoroquinolone antibiotic; tetracycline antibiotic	antibiotic efflux	resistance-nodulation-cell division (RND) antibiotic efflux pump	tetracycline	False	chromosome_like	1		
Kathmandu18	E_1-2	k141_151074	k141_151074_42 # 36552 # 38369 # -1 # ID=167807_42;partial=00;start_type=ATG;rbs_motif=None;rbs_spacer=None;gc_cont=0.417	vanW gene in vanI cluster	3003724	Strict	34.38	162.2	glycopeptide antibiotic	antibiotic target alteration	vanW; glycopeptide resistance gene cluster	vancomycin; teicoplanin	False	chromosome_like	1		
Kathmandu18	E_1-2	k141_806586	k141_806586_18 # 19726 # 22224 # 1 # ID=169323_18;partial=00;start_type=ATG;rbs_motif=TATAA;rbs_spacer=4bp;gc_cont=0.442	vanY gene in vanG cluster	3002959	Strict	29.59	298.21	glycopeptide antibiotic	antibiotic target alteration	vanY; glycopeptide resistance gene cluster	vancomycin	False	chromosome_like	1		
Kathmandu18	E_1-2	k141_476818	k141_476818_3 # 1688 # 4885 # 1 # ID=169766_3;partial=00;start_type=ATG;rbs_motif=AGGAG;rbs_spacer=5-10bp;gc_cont=0.635	adeF	3000777	Strict	42.51	100.57	fluoroquinolone antibiotic; tetracycline antibiotic	antibiotic efflux	resistance-nodulation-cell division (RND) antibiotic efflux pump	tetracycline	False	chromosome_like	1		
Kathmandu18	E_1-2	k141_152838	k141_152838_3 # 770 # 1006 # -1 # ID=169825_3;partial=00;start_type=ATG;rbs_motif=GGAG/GAGG;rbs_spacer=5-10bp;gc_cont=0.582	DfrB9	3005350	Strict	84.42	100.0	diaminopyrimidine antibiotic	antibiotic target replacement	trimethoprim resistant dihydrofolate reductase dfr	trimethoprim	False	chromosome_like	1		
Kathmandu18	E_1-2	k141_153144	k141_153144_89 # 93932 # 97108 # 1 # ID=170198_89;partial=00;start_type=GTG;rbs_motif=AGGAG;rbs_spacer=5-10bp;gc_cont=0.450	adeF	3000777	Strict	45.0	99.91	fluoroquinolone antibiotic; tetracycline antibiotic	antibiotic efflux	resistance-nodulation-cell division (RND) antibiotic efflux pump	tetracycline	False	chromosome_like	1		
Kathmandu18	E_1-2	k141_808135	k141_808135_2 # 1024 # 1434 # -1 # ID=170546_2;partial=00;start_type=GTG;rbs_motif=GGAG/GAGG;rbs_spacer=5-10bp;gc_cont=0.686	FosA8	3007371	Strict	54.48	96.45	phosphonic acid antibiotic	antibiotic inactivation	fosfomycin thiol transferase	fosfomycin	False	chromosome_like	1		
Kathmandu18	E_1-2	k141_808255	k141_808255_15 # 10984 # 12192 # 1 # ID=170668_15;partial=00;start_type=ATG;rbs_motif=GGAGG;rbs_spacer=3-4bp;gc_cont=0.556	mdtH	3001216	Perfect	100.0	100.0	fluoroquinolone antibiotic	antibiotic efflux	major facilitator superfamily (MFS) antibiotic efflux pump	enoxacin; norfloxacin	False	chromosome_like	1		
Kathmandu18	E_1-2	k141_809223	k141_809223_33 # 37166 # 40381 # 1 # ID=171669_33;partial=00;start_type=ATG;rbs_motif=AGGA;rbs_spacer=5-10bp;gc_cont=0.508	adeF	3000777	Strict	43.98	101.13	fluoroquinolone antibiotic; tetracycline antibiotic	antibiotic efflux	resistance-nodulation-cell division (RND) antibiotic efflux pump	tetracycline	False	chromosome_like	1		
Kathmandu18	E_1-2	k141_478876	k141_478876_2 # 426 # 1685 # 1 # ID=171962_2;partial=00;start_type=GTG;rbs_motif=AGGAG;rbs_spacer=5-10bp;gc_cont=0.554	cmlA5	3002695	Perfect	100.0	100.0	phenicol antibiotic	antibiotic efflux	major facilitator superfamily (MFS) antibiotic efflux pump	chloramphenicol	False	chromosome_like	1		
Kathmandu18	E_1-2	k141_478876	k141_478876_4 # 1778 # 2569 # 1 # ID=171962_4;partial=00;start_type=ATG;rbs_motif=GGA/GAG/AGG;rbs_spacer=11-12bp;gc_cont=0.520	aadA3	3002603	Strict	98.48	100.0	aminoglycoside antibiotic	antibiotic inactivation	ANT(3'')	spectinomycin; streptomycin	False	chromosome_like	1		
Kathmandu18	E_1-2	k141_1083851	k141_1083851_18 # 22162 # 24552 # 1 # ID=171964_18;partial=01;start_type=ATG;rbs_motif=AAAAA;rbs_spacer=12bp;gc_cont=0.434	vanT gene in vanG cluster	3002972	Strict	38.05	111.94	glycopeptide antibiotic	antibiotic target alteration	glycopeptide resistance gene cluster; vanT	vancomycin	False	chromosome_like	1		
Kathmandu18	E_1-2	k141_155263	k141_155263_1 # 102 # 968 # 1 # ID=172513_1;partial=00;start_type=ATG;rbs_motif=TAAA;rbs_spacer=7bp;gc_cont=0.487	vanY gene in vanB cluster	3002956	Strict	28.66	107.46	glycopeptide antibiotic	antibiotic target alteration	vanY; glycopeptide resistance gene cluster	vancomycin	False	chromosome_like	1		
Kathmandu18	E_1-2	k141_810379	k141_810379_1 # 2 # 2728 # -1 # ID=172790_1;partial=10;start_type=ATG;rbs_motif=GGAG/GAGG;rbs_spacer=5-10bp;gc_cont=0.651	adeF	3000777	Strict	45.92	85.84	fluoroquinolone antibiotic; tetracycline antibiotic	antibiotic efflux	resistance-nodulation-cell division (RND) antibiotic efflux pump	tetracycline	False	chromosome_like	1		
Kathmandu18	E_1-2	k141_480019	k141_480019_34 # 34874 # 38080 # 1 # ID=173004_34;partial=00;start_type=ATG;rbs_motif=AGxAGG/AGGxGG;rbs_spacer=5-10bp;gc_cont=0.553	adeF	3000777	Strict	43.85	100.85	fluoroquinolone antibiotic; tetracycline antibiotic	antibiotic efflux	resistance-nodulation-cell division (RND) antibiotic efflux pump	tetracycline	False	chromosome_like	1		
Kathmandu18	E_1-2	k141_157975	k141_157975_131 # 134081 # 135298 # -1 # ID=175162_131;partial=00;start_type=GTG;rbs_motif=None;rbs_spacer=None;gc_cont=0.452	vanW gene in vanI cluster	3003724	Strict	34.81	108.58	glycopeptide antibiotic	antibiotic target alteration	vanW; glycopeptide resistance gene cluster	vancomycin; teicoplanin	False	chromosome_like	1		
Kathmandu18	E_1-2	k141_482133	k141_482133_1 # 2 # 1267 # 1 # ID=175212_1;partial=10;start_type=Edge;rbs_motif=None;rbs_spacer=None;gc_cont=0.422	vanT gene in vanG cluster	3002972	Strict	36.73	59.13	glycopeptide antibiotic	antibiotic target alteration	glycopeptide resistance gene cluster; vanT	vancomycin	False	chromosome_like	1		
Kathmandu18	E_1-2	k141_1086794	k141_1086794_1 # 148 # 345 # 1 # ID=175504_1;partial=00;start_type=ATG;rbs_motif=AGGAG;rbs_spacer=5-10bp;gc_cont=0.515	rsmA	3005069	Strict	94.64	106.56	fluoroquinolone antibiotic; diaminopyrimidine antibiotic; phenicol antibiotic	antibiotic efflux	resistance-nodulation-cell division (RND) antibiotic efflux pump	trimethoprim; chloramphenicol	False	chromosome_like	1		
Kathmandu18	E_1-2	k141_813822	k141_813822_5 # 2907 # 3683 # -1 # ID=176140_5;partial=00;start_type=ATG;rbs_motif=None;rbs_spacer=None;gc_cont=0.363	vanY gene in vanM cluster	3002961	Strict	30.15	110.73	glycopeptide antibiotic	antibiotic target alteration	vanY; glycopeptide resistance gene cluster	vancomycin; teicoplanin	False	chromosome_like	1		
Kathmandu18	E_1-2	k141_813930	k141_813930_2 # 221 # 1378 # 1 # ID=176234_2;partial=00;start_type=ATG;rbs_motif=AGGT;rbs_spacer=5bp;gc_cont=0.447	vanT gene in vanG cluster	3002972	Strict	32.34	54.07	glycopeptide antibiotic	antibiotic target alteration	glycopeptide resistance gene cluster; vanT	vancomycin	False	chromosome_like	1		
Kathmandu18	E_1-2	k141_813954	k141_813954_5 # 3139 # 3456 # -1 # ID=176284_5;partial=01;start_type=Edge;rbs_motif=None;rbs_spacer=None;gc_cont=0.478	vanY gene in vanM cluster	3002961	Strict	47.19	45.06	glycopeptide antibiotic	antibiotic target alteration	vanY; glycopeptide resistance gene cluster	vancomycin; teicoplanin	False	chromosome_like	1		
Kathmandu18	E_1-2	k141_483804	k141_483804_7 # 5508 # 8660 # -1 # ID=176890_7;partial=00;start_type=GTG;rbs_motif=GGxGG;rbs_spacer=5-10bp;gc_cont=0.676	adeF	3000777	Strict	46.38	99.15	fluoroquinolone antibiotic; tetracycline antibiotic	antibiotic efflux	resistance-nodulation-cell division (RND) antibiotic efflux pump	tetracycline	False	chromosome_like	1		
Kathmandu18	E_1-2	k141_815192	k141_815192_6 # 3225 # 3608 # 1 # ID=177513_6;partial=00;start_type=ATG;rbs_motif=GGAG/GAGG;rbs_spacer=5-10bp;gc_cont=0.458	marA	3000263	Perfect	100.0	100.0	fluoroquinolone antibiotic; monobactam; carbapenem; cephalosporin; glycylcycline; cephamycin; penam; tetracycline antibiotic; rifamycin antibiotic; phenicol antibiotic; penem; disinfecting agents and antiseptics	antibiotic efflux; reduced permeability to antibiotic	resistance-nodulation-cell division (RND) antibiotic efflux pump; General Bacterial Porin with reduced permeability to beta-lactams	tigecycline; tetracycline; rifampin; chloramphenicol; ampicillin; cefalotin; triclosan	False	chromosome_like	1		
Kathmandu18	E_1-2	k141_484756	k141_484756_17 # 15818 # 17674 # -1 # ID=177690_17;partial=00;start_type=ATG;rbs_motif=None;rbs_spacer=None;gc_cont=0.500	vanW gene in vanI cluster	3003724	Strict	31.38	165.68	glycopeptide antibiotic	antibiotic target alteration	vanW; glycopeptide resistance gene cluster	vancomycin; teicoplanin	False	chromosome_like	1		
Kathmandu18	E_1-2	k141_485080	k141_485080_3 # 1253 # 1672 # -1 # ID=178064_3;partial=01;start_type=Edge;rbs_motif=None;rbs_spacer=None;gc_cont=0.483	vanY gene in vanG cluster	3002959	Strict	31.47	49.82	glycopeptide antibiotic	antibiotic target alteration	vanY; glycopeptide resistance gene cluster	vancomycin	False	chromosome_like	1		
Kathmandu18	E_1-2	k141_162444	k141_162444_2 # 580 # 1476 # 1 # ID=180119_2;partial=00;start_type=ATG;rbs_motif=TAA;rbs_spacer=8bp;gc_cont=0.304	vanY gene in vanB cluster	3002956	Strict	31.49	111.19	glycopeptide antibiotic	antibiotic target alteration	vanY; glycopeptide resistance gene cluster	vancomycin	False	chromosome_like	1		
Kathmandu18	E_1-2	k141_489438	k141_489438_3 # 1609 # 2619 # 1 # ID=182343_3;partial=00;start_type=GTG;rbs_motif=GGxGG;rbs_spacer=5-10bp;gc_cont=0.628	vanH gene in vanB cluster	3002943	Strict	40.13	104.02	glycopeptide antibiotic	antibiotic target alteration	vanH; glycopeptide resistance gene cluster	vancomycin	False	chromosome_like	1		
Kathmandu18	E_1-2	k141_489592	k141_489592_3 # 1416 # 4595 # -1 # ID=182486_3;partial=00;start_type=GTG;rbs_motif=GGAG/GAGG;rbs_spacer=5-10bp;gc_cont=0.457	adeF	3000777	Strict	45.33	100.0	fluoroquinolone antibiotic; tetracycline antibiotic	antibiotic efflux	resistance-nodulation-cell division (RND) antibiotic efflux pump	tetracycline	False	chromosome_like	1		
Kathmandu18	E_1-2	k141_1092211	k141_1092211_1 # 298 # 495 # -1 # ID=182570_1;partial=00;start_type=ATG;rbs_motif=AGGAG;rbs_spacer=5-10bp;gc_cont=0.551	rsmA	3005069	Strict	90.91	106.56	fluoroquinolone antibiotic; diaminopyrimidine antibiotic; phenicol antibiotic	antibiotic efflux	resistance-nodulation-cell division (RND) antibiotic efflux pump	trimethoprim; chloramphenicol	False	chromosome_like	1		
Kathmandu18	E_1-2	k141_490478	k141_490478_16 # 16948 # 18129 # 1 # ID=183311_16;partial=00;start_type=ATG;rbs_motif=None;rbs_spacer=None;gc_cont=0.444	vanT gene in vanG cluster	3002972	Strict	30.83	55.2	glycopeptide antibiotic	antibiotic target alteration	glycopeptide resistance gene cluster; vanT	vancomycin	False	chromosome_like	1		
Kathmandu18	E_1-2	k141_167620	k141_167620_2 # 976 # 1854 # -1 # ID=185401_2;partial=00;start_type=ATG;rbs_motif=None;rbs_spacer=None;gc_cont=0.378	vanY gene in vanM cluster	3002961	Strict	30.96	125.32	glycopeptide antibiotic	antibiotic target alteration	vanY; glycopeptide resistance gene cluster	vancomycin; teicoplanin	False	chromosome_like	1		
Kathmandu18	E_1-2	k141_824706	k141_824706_2 # 370 # 1764 # -1 # ID=186074_2;partial=00;start_type=ATG;rbs_motif=None;rbs_spacer=None;gc_cont=0.627	vanW gene in vanI cluster	3003724	Strict	30.0	124.4	glycopeptide antibiotic	antibiotic target alteration	vanW; glycopeptide resistance gene cluster	vancomycin; teicoplanin	False	chromosome_like	1		
Kathmandu18	E_1-2	k141_825689	k141_825689_1 # 380 # 586 # -1 # ID=187142_1;partial=00;start_type=ATG;rbs_motif=AGGAG;rbs_spacer=5-10bp;gc_cont=0.459	rsmA	3005069	Strict	96.36	111.48	fluoroquinolone antibiotic; diaminopyrimidine antibiotic; phenicol antibiotic	antibiotic efflux	resistance-nodulation-cell division (RND) antibiotic efflux pump	trimethoprim; chloramphenicol	False	chromosome_like	1		
Kathmandu18	E_1-2	k141_169815	k141_169815_2 # 660 # 1415 # -1 # ID=187628_2;partial=01;start_type=Edge;rbs_motif=None;rbs_spacer=None;gc_cont=0.512	vanY gene in vanA cluster	3002955	Strict	36.36	82.84	glycopeptide antibiotic	antibiotic target alteration	vanY; glycopeptide resistance gene cluster	vancomycin; teicoplanin	False	chromosome_like	1		
Kathmandu18	E_1-2	k141_826399	k141_826399_2 # 682 # 1809 # 1 # ID=187872_2;partial=00;start_type=ATG;rbs_motif=GGA/GAG/AGG;rbs_spacer=5-10bp;gc_cont=0.596	vanT gene in vanG cluster	3002972	Strict	34.44	52.67	glycopeptide antibiotic	antibiotic target alteration	glycopeptide resistance gene cluster; vanT	vancomycin	False	chromosome_like	1		
Kathmandu18	E_1-2	k141_172278	k141_172278_2 # 409 # 1497 # 1 # ID=190221_2;partial=01;start_type=ATG;rbs_motif=GGA/GAG/AGG;rbs_spacer=11-12bp;gc_cont=0.500	vanT gene in vanG cluster	3002972	Strict	33.71	50.98	glycopeptide antibiotic	antibiotic target alteration	glycopeptide resistance gene cluster; vanT	vancomycin	False	chromosome_like	1		
Kathmandu18	E_1-2	k141_172347	k141_172347_8 # 7103 # 8218 # 1 # ID=190289_8;partial=00;start_type=ATG;rbs_motif=None;rbs_spacer=None;gc_cont=0.501	vanT gene in vanG cluster	3002972	Strict	34.34	52.11	glycopeptide antibiotic	antibiotic target alteration	glycopeptide resistance gene cluster; vanT	vancomycin	False	chromosome_like	1		
Kathmandu18	E_1-2	k141_172515	k141_172515_13 # 11274 # 12410 # 1 # ID=190586_13;partial=00;start_type=ATG;rbs_motif=None;rbs_spacer=None;gc_cont=0.360	vanT gene in vanG cluster	3002972	Strict	35.71	53.09	glycopeptide antibiotic	antibiotic target alteration	glycopeptide resistance gene cluster; vanT	vancomycin	False	chromosome_like	1		
Kathmandu18	E_1-2	k141_829660	k141_829660_2 # 427 # 1278 # -1 # ID=190905_2;partial=00;start_type=ATG;rbs_motif=GGAG/GAGG;rbs_spacer=5-10bp;gc_cont=0.563	RSA-1	3004444	Strict	99.65	99.3	carbapenem; cephalosporin	antibiotic inactivation	RSA beta-lactamase		False	chromosome_like	1		
Kathmandu18	E_1-2	k141_832458	k141_832458_27 # 24345 # 26231 # -1 # ID=193594_27;partial=00;start_type=ATG;rbs_motif=None;rbs_spacer=None;gc_cont=0.450	vanW gene in vanI cluster	3003724	Strict	29.8	168.36	glycopeptide antibiotic	antibiotic target alteration	vanW; glycopeptide resistance gene cluster	vancomycin; teicoplanin	False	chromosome_like	1		
Kathmandu18	E_1-2	k141_177510	k141_177510_2 # 1359 # 3278 # 1 # ID=195968_2;partial=00;start_type=ATG;rbs_motif=AAAA;rbs_spacer=4bp;gc_cont=0.368	tet(36)	3000197	Strict	92.94	99.84	tetracycline antibiotic	antibiotic target protection	tetracycline-resistant ribosomal protection protein	tetracycline; doxycycline; minocycline; chlortetracycline; demeclocycline; oxytetracycline	False	chromosome_like	1		
Kathmandu18	E_1-2	k141_835685	k141_835685_20 # 17268 # 19046 # -1 # ID=196664_20;partial=00;start_type=GTG;rbs_motif=None;rbs_spacer=None;gc_cont=0.448	vanW gene in vanI cluster	3003724	Strict	29.81	158.71	glycopeptide antibiotic	antibiotic target alteration	vanW; glycopeptide resistance gene cluster	vancomycin; teicoplanin	False	chromosome_like	1		
Kathmandu18	E_1-2	k141_504889	k141_504889_1 # 3 # 896 # 1 # ID=197562_1;partial=10;start_type=Edge;rbs_motif=None;rbs_spacer=None;gc_cont=0.384	vanY gene in vanB cluster	3002956	Strict	28.65	110.82	glycopeptide antibiotic	antibiotic target alteration	vanY; glycopeptide resistance gene cluster	vancomycin	False	chromosome_like	1		
Kathmandu18	E_1-2	k141_179789	k141_179789_6 # 5294 # 5950 # -1 # ID=198127_6;partial=00;start_type=ATG;rbs_motif=AGGAG;rbs_spacer=5-10bp;gc_cont=0.438	QnrS2	3002791	Perfect	100.0	100.0	fluoroquinolone antibiotic	antibiotic target protection	quinolone resistance protein (qnr)	ciprofloxacin; levofloxacin; moxifloxacin; gatifloxacin; nalidixic acid; norfloxacin; sparfloxacin	True	plasmid_like		0.9934	
Kathmandu18	E_1-2	k141_505569	k141_505569_19 # 17866 # 18978 # 1 # ID=198211_19;partial=00;start_type=GTG;rbs_motif=GGA/GAG/AGG;rbs_spacer=11-12bp;gc_cont=0.698	vanT gene in vanG cluster	3002972	Strict	33.33	51.97	glycopeptide antibiotic	antibiotic target alteration	glycopeptide resistance gene cluster; vanT	vancomycin	False	chromosome_like	1		
Kathmandu18	E_1-2	k141_839745	k141_839745_2 # 198 # 3275 # 1 # ID=200737_2;partial=00;start_type=GTG;rbs_motif=AGGAG;rbs_spacer=5-10bp;gc_cont=0.563	mdtC	3000794	Strict	99.61	100.0	aminocoumarin antibiotic	antibiotic efflux	resistance-nodulation-cell division (RND) antibiotic efflux pump	novobiocin	True	plasmid_like		0.9852	
Kathmandu18	E_1-2	k141_839745	k141_839745_4 # 4688 # 6091 # 1 # ID=200737_4;partial=00;start_type=ATG;rbs_motif=AGGAG;rbs_spacer=5-10bp;gc_cont=0.543	baeS	3000829	Perfect	100.0	100.0	aminoglycoside antibiotic; aminocoumarin antibiotic	antibiotic efflux	resistance-nodulation-cell division (RND) antibiotic efflux pump	novobiocin	True	plasmid_like		0.9852	
Kathmandu18	E_1-2	k141_839745	k141_839745_5 # 6088 # 6810 # 1 # ID=200737_5;partial=00;start_type=ATG;rbs_motif=GGA/GAG/AGG;rbs_spacer=5-10bp;gc_cont=0.539	baeR	3000828	Strict	99.58	100.0	aminoglycoside antibiotic; aminocoumarin antibiotic	antibiotic efflux	resistance-nodulation-cell division (RND) antibiotic efflux pump	novobiocin	True	plasmid_like		0.9852	
Kathmandu18	E_1-2	k141_1107182	k141_1107182_1 # 2 # 658 # 1 # ID=200793_1;partial=10;start_type=Edge;rbs_motif=None;rbs_spacer=None;gc_cont=0.412	vanY gene in vanG cluster	3002959	Strict	41.94	78.14	glycopeptide antibiotic	antibiotic target alteration	vanY; glycopeptide resistance gene cluster	vancomycin	False	chromosome_like	1		
Kathmandu18	E_1-2	k141_182601	k141_182601_4 # 1871 # 2989 # 1 # ID=200803_4;partial=00;start_type=GTG;rbs_motif=None;rbs_spacer=None;gc_cont=0.441	vanT gene in vanG cluster	3002972	Strict	30.41	52.25	glycopeptide antibiotic	antibiotic target alteration	glycopeptide resistance gene cluster; vanT	vancomycin	False	chromosome_like	1		
Kathmandu18	E_1-2	k141_508856	k141_508856_5 # 5316 # 8501 # -1 # ID=201347_5;partial=00;start_type=ATG;rbs_motif=GGA/GAG/AGG;rbs_spacer=11-12bp;gc_cont=0.660	adeF	3000777	Strict	42.12	100.19	fluoroquinolone antibiotic; tetracycline antibiotic	antibiotic efflux	resistance-nodulation-cell division (RND) antibiotic efflux pump	tetracycline	False	chromosome_like	1		
Kathmandu18	E_1-2	k141_509585	k141_509585_4 # 1625 # 2038 # -1 # ID=201986_4;partial=00;start_type=ATG;rbs_motif=GGA/GAG/AGG;rbs_spacer=5-10bp;gc_cont=0.476	FosA8	3007371	Strict	45.04	97.16	phosphonic acid antibiotic	antibiotic inactivation	fosfomycin thiol transferase	fosfomycin	False	chromosome_like	1		
Kathmandu18	E_1-2	k141_509723	k141_509723_2 # 460 # 1347 # 1 # ID=202096_2;partial=01;start_type=ATG;rbs_motif=ATA;rbs_spacer=9bp;gc_cont=0.475	vanY gene in vanB cluster	3002956	Strict	35.1	110.45	glycopeptide antibiotic	antibiotic target alteration	vanY; glycopeptide resistance gene cluster	vancomycin	False	chromosome_like	1		
Kathmandu18	E_1-2	k141_184316	k141_184316_13 # 9306 # 10721 # -1 # ID=202596_13;partial=00;start_type=ATG;rbs_motif=ATA;rbs_spacer=4bp;gc_cont=0.506	vanW gene in vanI cluster	3003724	Strict	37.16	126.27	glycopeptide antibiotic	antibiotic target alteration	vanW; glycopeptide resistance gene cluster	vancomycin; teicoplanin	False	chromosome_like	1		
Kathmandu18	E_1-2	k141_185050	k141_185050_2 # 93 # 3221 # -1 # ID=203441_2;partial=00;start_type=ATG;rbs_motif=TAA;rbs_spacer=3bp;gc_cont=0.419	adeF	3000777	Strict	43.42	98.39	fluoroquinolone antibiotic; tetracycline antibiotic	antibiotic efflux	resistance-nodulation-cell division (RND) antibiotic efflux pump	tetracycline	False	chromosome_like	1		
Kathmandu18	E_1-2	k141_1109931	k141_1109931_3 # 469 # 1431 # 1 # ID=204112_3;partial=00;start_type=ATG;rbs_motif=None;rbs_spacer=None;gc_cont=0.525	vanY gene in vanB cluster	3002956	Strict	31.47	119.4	glycopeptide antibiotic	antibiotic target alteration	vanY; glycopeptide resistance gene cluster	vancomycin	False	chromosome_like	1		
Kathmandu18	E_1-2	k141_185847	k141_185847_2 # 426 # 1655 # -1 # ID=204175_2;partial=01;start_type=Edge;rbs_motif=None;rbs_spacer=None;gc_cont=0.519	vanW gene in vanI cluster	3003724	Strict	30.38	109.65	glycopeptide antibiotic	antibiotic target alteration	vanW; glycopeptide resistance gene cluster	vancomycin; teicoplanin	False	chromosome_like	1		
Kathmandu18	E_1-2	k141_843603	k141_843603_18 # 17829 # 20972 # 1 # ID=204515_18;partial=00;start_type=ATG;rbs_motif=GGAG/GAGG;rbs_spacer=5-10bp;gc_cont=0.541	adeF	3000777	Strict	44.69	98.87	fluoroquinolone antibiotic; tetracycline antibiotic	antibiotic efflux	resistance-nodulation-cell division (RND) antibiotic efflux pump	tetracycline	False	chromosome_like	1		
Kathmandu18	E_1-2	k141_512633	k141_512633_615 # 707108 # 707908 # 1 # ID=205755_615;partial=00;start_type=ATG;rbs_motif=AGxAG;rbs_spacer=5-10bp;gc_cont=0.514	vanY gene in vanM cluster	3002961	Strict	32.88	114.16	glycopeptide antibiotic	antibiotic target alteration	vanY; glycopeptide resistance gene cluster	vancomycin; teicoplanin	False	chromosome_like	1		
Kathmandu18	E_1-2	k141_188642	k141_188642_1 # 125 # 913 # 1 # ID=206704_1;partial=00;start_type=ATG;rbs_motif=GGA/GAG/AGG;rbs_spacer=11-12bp;gc_cont=0.583	aadA5	3002605	Perfect	100.0	100.0	aminoglycoside antibiotic	antibiotic inactivation	ANT(3'')	spectinomycin; streptomycin	False	chromosome_like	1		
Kathmandu18	E_1-2	k141_1112839	k141_1112839_11 # 9415 # 9744 # 1 # ID=207364_11;partial=00;start_type=ATG;rbs_motif=None;rbs_spacer=None;gc_cont=0.382	qacJ	3007014	Strict	40.95	101.87	disinfecting agents and antiseptics	antibiotic efflux	small multidrug resistance (SMR) antibiotic efflux pump	benzalkonium chloride	False	chromosome_like	1		
Kathmandu18	E_1-2	k141_514853	k141_514853_4 # 2969 # 3481 # 1 # ID=207693_4;partial=00;start_type=ATG;rbs_motif=TAA;rbs_spacer=11bp;gc_cont=0.404	nimE	3007107	Perfect	100.0	100.0	nitroimidazole antibiotic	antibiotic inactivation	nitroimidazole reductase	metronidazole	True	plasmid_like		0.9944	
Kathmandu18	E_1-2	k141_849166	k141_849166_3 # 1683 # 4856 # 1 # ID=209615_3;partial=00;start_type=ATG;rbs_motif=AGGA;rbs_spacer=5-10bp;gc_cont=0.589	adeF	3000777	Strict	62.99	99.81	fluoroquinolone antibiotic; tetracycline antibiotic	antibiotic efflux	resistance-nodulation-cell division (RND) antibiotic efflux pump	tetracycline	False	chromosome_like	1		
Kathmandu18	E_1-2	k141_851032	k141_851032_3 # 1547 # 4006 # 1 # ID=211370_3;partial=00;start_type=ATG;rbs_motif=AATAA;rbs_spacer=5bp;gc_cont=0.353	vanT gene in vanG cluster	3002972	Strict	36.61	115.03	glycopeptide antibiotic	antibiotic target alteration	glycopeptide resistance gene cluster; vanT	vancomycin	False	chromosome_like	1		
Kathmandu18	E_1-2	k141_518183	k141_518183_2 # 1552 # 2346 # 1 # ID=211413_2;partial=00;start_type=ATG;rbs_motif=AGGAG;rbs_spacer=5-10bp;gc_cont=0.640	OXA-504	3005734	Strict	99.24	100.0	carbapenem; cephalosporin; penam	antibiotic inactivation	OXA beta-lactamase	cloxacillin; oxacillin; cefalotin	False	chromosome_like	1		
Kathmandu18	E_1-2	k141_518435	k141_518435_4 # 1210 # 1776 # -1 # ID=211687_4;partial=01;start_type=Edge;rbs_motif=None;rbs_spacer=None;gc_cont=0.441	vanY gene in vanM cluster	3002961	Strict	39.61	80.69	glycopeptide antibiotic	antibiotic target alteration	vanY; glycopeptide resistance gene cluster	vancomycin; teicoplanin	False	chromosome_like	1		
Kathmandu18	E_1-2	k141_519086	k141_519086_2 # 643 # 1464 # 1 # ID=212284_2;partial=00;start_type=ATG;rbs_motif=3Base/5BMM;rbs_spacer=13-15bp;gc_cont=0.620	vanW gene in vanG cluster	3002965	Strict	33.46	97.15	glycopeptide antibiotic	antibiotic target alteration	vanW; glycopeptide resistance gene cluster	vancomycin	False	chromosome_like	1		
Kathmandu18	E_1-2	k141_194360	k141_194360_2 # 1339 # 2766 # 1 # ID=212658_2;partial=00;start_type=ATG;rbs_motif=ATA;rbs_spacer=4bp;gc_cont=0.459	vanW gene in vanI cluster	3003724	Strict	32.14	127.35	glycopeptide antibiotic	antibiotic target alteration	vanW; glycopeptide resistance gene cluster	vancomycin; teicoplanin	False	chromosome_like	1		
Kathmandu18	E_1-2	k141_852940	k141_852940_47 # 47872 # 50487 # 1 # ID=213239_47;partial=00;start_type=ATG;rbs_motif=ATA;rbs_spacer=5bp;gc_cont=0.449	vanY gene in vanF cluster	3002958	Strict	28.44	297.27	glycopeptide antibiotic	antibiotic target alteration	vanY; glycopeptide resistance gene cluster	vancomycin	False	chromosome_like	1		
Kathmandu18	E_1-2	k141_521146	k141_521146_2 # 486 # 1295 # 1 # ID=214254_2;partial=01;start_type=ATG;rbs_motif=None;rbs_spacer=None;gc_cont=0.480	vanW gene in vanI cluster	3003724	Strict	35.57	72.39	glycopeptide antibiotic	antibiotic target alteration	vanW; glycopeptide resistance gene cluster	vancomycin; teicoplanin	False	chromosome_like	1		
Kathmandu18	E_1-2	k141_854652	k141_854652_2 # 385 # 720 # 1 # ID=214952_2;partial=00;start_type=ATG;rbs_motif=GGAG/GAGG;rbs_spacer=5-10bp;gc_cont=0.619	qacJ	3007014	Strict	32.69	103.74	disinfecting agents and antiseptics	antibiotic efflux	small multidrug resistance (SMR) antibiotic efflux pump	benzalkonium chloride	False	chromosome_like	1		
Kathmandu18	E_1-2	k141_197407	k141_197407_1 # 1 # 639 # 1 # ID=215970_1;partial=10;start_type=Edge;rbs_motif=None;rbs_spacer=None;gc_cont=0.394	vanW gene in vanI cluster	3003724	Strict	34.17	56.84	glycopeptide antibiotic	antibiotic target alteration	vanW; glycopeptide resistance gene cluster	vancomycin; teicoplanin	False	chromosome_like	1		
Kathmandu18	E_1-2	k141_1120053	k141_1120053_117 # 122904 # 123722 # 1 # ID=216919_117;partial=00;start_type=ATG;rbs_motif=TAAA;rbs_spacer=14bp;gc_cont=0.448	vanW gene in vanG cluster	3002965	Strict	37.16	96.8	glycopeptide antibiotic	antibiotic target alteration	vanW; glycopeptide resistance gene cluster	vancomycin	False	chromosome_like	1		
Kathmandu18	E_1-2	k141_857571	k141_857571_3 # 1029 # 2144 # 1 # ID=217463_3;partial=00;start_type=ATG;rbs_motif=GGA/GAG/AGG;rbs_spacer=5-10bp;gc_cont=0.464	vanT gene in vanG cluster	3002972	Strict	35.25	52.11	glycopeptide antibiotic	antibiotic target alteration	glycopeptide resistance gene cluster; vanT	vancomycin	False	chromosome_like	1		
Kathmandu18	E_1-2	k141_199503	k141_199503_2 # 221 # 1558 # -1 # ID=218163_2;partial=01;start_type=Edge;rbs_motif=None;rbs_spacer=None;gc_cont=0.333	vanW gene in vanI cluster	3003724	Strict	28.9	119.3	glycopeptide antibiotic	antibiotic target alteration	vanW; glycopeptide resistance gene cluster	vancomycin; teicoplanin	False	chromosome_like	1		
Kathmandu18	E_1-2	k141_525854	k141_525854_7 # 7017 # 7787 # -1 # ID=218634_7;partial=00;start_type=ATG;rbs_motif=GGA/GAG/AGG;rbs_spacer=5-10bp;gc_cont=0.594	vanW gene in vanG cluster	3002965	Strict	33.33	91.1	glycopeptide antibiotic	antibiotic target alteration	vanW; glycopeptide resistance gene cluster	vancomycin	False	chromosome_like	1		
Kathmandu18	E_1-2	k141_201599	k141_201599_1 # 3 # 629 # -1 # ID=220016_1;partial=10;start_type=ATG;rbs_motif=None;rbs_spacer=None;gc_cont=0.542	vanW gene in vanG cluster	3002965	Strict	37.06	74.38	glycopeptide antibiotic	antibiotic target alteration	vanW; glycopeptide resistance gene cluster	vancomycin	False	chromosome_like	1		
Kathmandu18	E_1-2	k141_528254	k141_528254_2 # 204 # 992 # -1 # ID=220596_2;partial=00;start_type=ATG;rbs_motif=3Base/5BMM;rbs_spacer=13-15bp;gc_cont=0.663	vanY gene in vanB cluster	3002956	Strict	30.77	97.76	glycopeptide antibiotic	antibiotic target alteration	vanY; glycopeptide resistance gene cluster	vancomycin	False	chromosome_like	1		
Kathmandu18	E_1-2	k141_203238	k141_203238_7 # 5074 # 5970 # 1 # ID=221907_7;partial=00;start_type=ATG;rbs_motif=None;rbs_spacer=None;gc_cont=0.352	vanY gene in vanB cluster	3002956	Strict	31.48	111.19	glycopeptide antibiotic	antibiotic target alteration	vanY; glycopeptide resistance gene cluster	vancomycin	False	chromosome_like	1		
Kathmandu18	E_1-2	k141_203343	k141_203343_12 # 9450 # 10577 # -1 # ID=222057_12;partial=00;start_type=ATG;rbs_motif=GGA/GAG/AGG;rbs_spacer=5-10bp;gc_cont=0.410	vanT gene in vanG cluster	3002972	Strict	34.13	52.67	glycopeptide antibiotic	antibiotic target alteration	glycopeptide resistance gene cluster; vanT	vancomycin	False	chromosome_like	1		
Kathmandu18	E_1-2	k141_203380	k141_203380_3 # 1794 # 3494 # 1 # ID=222138_3;partial=00;start_type=ATG;rbs_motif=AGGA;rbs_spacer=5-10bp;gc_cont=0.505	ArnT	3005053	Strict	48.85	102.72	peptide antibiotic	antibiotic target alteration	pmr phosphoethanolamine transferase	colistin A; colistin B	False	chromosome_like	1		
Kathmandu18	E_1-2	k141_1124522	k141_1124522_1 # 75 # 929 # 1 # ID=222939_1;partial=00;start_type=ATG;rbs_motif=AGGAG;rbs_spacer=5-10bp;gc_cont=0.561	ErmX	3000596	Strict	89.44	100.0	macrolide antibiotic; lincosamide antibiotic; streptogramin antibiotic; streptogramin A antibiotic; streptogramin B antibiotic	antibiotic target alteration	Erm 23S ribosomal RNA methyltransferase	erythromycin; roxithromycin; lincomycin; telithromycin; clarithromycin; clindamycin; tylosin; spiramycin; azithromycin; dirithromycin; pristinamycin IA; quinupristin; virginiamycin M1; madumycin II; griseoviridin; dalfopristin; pristinamycin IB; virginiamycin S2; pristinamycin IC; vernamycin C; patricin A; patricin B; ostreogrycin B3; oleandomycin	True	plasmid_like		0.9732	
Kathmandu18	E_1-2	k141_530918	k141_530918_8 # 6998 # 7936 # 1 # ID=222973_8;partial=01;start_type=ATG;rbs_motif=None;rbs_spacer=None;gc_cont=0.479	vanW gene in vanI cluster	3003724	Strict	32.7	83.91	glycopeptide antibiotic	antibiotic target alteration	vanW; glycopeptide resistance gene cluster	vancomycin; teicoplanin	False	chromosome_like	1		
Kathmandu18	E_1-2	k141_204134	k141_204134_6 # 2609 # 4477 # -1 # ID=223111_6;partial=00;start_type=ATG;rbs_motif=None;rbs_spacer=None;gc_cont=0.497	vanW gene in vanI cluster	3003724	Strict	32.46	166.76	glycopeptide antibiotic	antibiotic target alteration	vanW; glycopeptide resistance gene cluster	vancomycin; teicoplanin	True	plasmid_like		0.8937	
Kathmandu18	E_1-2	k141_205119	k141_205119_1 # 2 # 598 # -1 # ID=224044_1;partial=10;start_type=TTG;rbs_motif=None;rbs_spacer=None;gc_cont=0.338	vanW gene in vanI cluster	3003724	Strict	36.5	53.35	glycopeptide antibiotic	antibiotic target alteration	vanW; glycopeptide resistance gene cluster	vancomycin; teicoplanin	False	chromosome_like	1		
Kathmandu18	E_1-2	k141_206123	k141_206123_2 # 274 # 1041 # 1 # ID=225018_2;partial=01;start_type=TTG;rbs_motif=GGAG/GAGG;rbs_spacer=5-10bp;gc_cont=0.525	vanW gene in vanI cluster	3003724	Strict	26.81	68.63	glycopeptide antibiotic	antibiotic target alteration	vanW; glycopeptide resistance gene cluster	vancomycin; teicoplanin	False	chromosome_like	1		
Kathmandu18	E_1-2	k141_1126711	k141_1126711_6 # 3017 # 3754 # 1 # ID=225696_6;partial=00;start_type=ATG;rbs_motif=AGGAG;rbs_spacer=5-10bp;gc_cont=0.329	ErmB	3000375	Strict	97.96	98.79	macrolide antibiotic; lincosamide antibiotic; streptogramin antibiotic; streptogramin A antibiotic; streptogramin B antibiotic	antibiotic target alteration	Erm 23S ribosomal RNA methyltransferase	erythromycin; roxithromycin; lincomycin; telithromycin; clarithromycin; clindamycin; tylosin; spiramycin; azithromycin; dirithromycin; pristinamycin IA; quinupristin; virginiamycin M1; madumycin II; griseoviridin; dalfopristin; pristinamycin IB; virginiamycin S2; pristinamycin IC; vernamycin C; patricin A; patricin B; ostreogrycin B3; oleandomycin	True	plasmid_like		0.9927	
Kathmandu18	E_1-2	k141_1127796	k141_1127796_163 # 185938 # 187359 # 1 # ID=227369_163;partial=00;start_type=ATG;rbs_motif=AAA;rbs_spacer=4bp;gc_cont=0.399	vanW gene in vanI cluster	3003724	Strict	28.19	126.81	glycopeptide antibiotic	antibiotic target alteration	vanW; glycopeptide resistance gene cluster	vancomycin; teicoplanin	False	chromosome_like	1		
Kathmandu18	E_1-2	k141_536167	k141_536167_1 # 173 # 955 # -1 # ID=227876_1;partial=00;start_type=ATG;rbs_motif=GGA/GAG/AGG;rbs_spacer=11-12bp;gc_cont=0.522	NPS-1	3004239	Perfect	100.0	100.0	cephalosporin; penam	antibiotic inactivation	NPS beta-lactamase		False	chromosome_like	1		
Kathmandu18	E_1-2	k141_537473	k141_537473_1 # 2 # 1795 # -1 # ID=229228_1;partial=11;start_type=Edge;rbs_motif=None;rbs_spacer=None;gc_cont=0.439	vanW gene in vanI cluster	3003724	Strict	26.82	160.32	glycopeptide antibiotic	antibiotic target alteration	vanW; glycopeptide resistance gene cluster	vancomycin; teicoplanin	False	chromosome_like	1		
Kathmandu18	E_1-2	k141_873362	k141_873362_37 # 51426 # 52328 # -1 # ID=231703_37;partial=00;start_type=ATG;rbs_motif=None;rbs_spacer=None;gc_cont=0.317	vanY gene in vanB cluster	3002956	Strict	34.46	111.94	glycopeptide antibiotic	antibiotic target alteration	vanY; glycopeptide resistance gene cluster	vancomycin	False	chromosome_like	1		
Kathmandu18	E_1-2	k141_213132	k141_213132_3 # 648 # 1907 # 1 # ID=232667_3;partial=00;start_type=ATG;rbs_motif=AGGAG;rbs_spacer=5-10bp;gc_cont=0.367	EreB	3000363	Strict	86.16	100.0	macrolide antibiotic	antibiotic inactivation	macrolide esterase	erythromycin; roxithromycin; clarithromycin; azithromycin	False	chromosome_like	1		
Kathmandu18	E_1-2	k141_540455	k141_540455_2 # 1790 # 3925 # -1 # ID=232736_2;partial=01;start_type=Edge;rbs_motif=None;rbs_spacer=None;gc_cont=0.348	vanT gene in vanG cluster	3002972	Strict	33.76	99.86	glycopeptide antibiotic	antibiotic target alteration	glycopeptide resistance gene cluster; vanT	vancomycin	False	chromosome_like	1		
Kathmandu18	E_1-2	k141_213902	k141_213902_1 # 255 # 668 # 1 # ID=233730_1;partial=00;start_type=ATG;rbs_motif=None;rbs_spacer=None;gc_cont=0.341	FosA8	3007371	Strict	49.24	97.16	phosphonic acid antibiotic	antibiotic inactivation	fosfomycin thiol transferase	fosfomycin	False	chromosome_like	1		
Kathmandu18	E_1-2	k141_879348	k141_879348_3 # 2241 # 2438 # 1 # ID=237043_3;partial=00;start_type=ATG;rbs_motif=AGGAG;rbs_spacer=5-10bp;gc_cont=0.495	rsmA	3005069	Strict	94.64	106.56	fluoroquinolone antibiotic; diaminopyrimidine antibiotic; phenicol antibiotic	antibiotic efflux	resistance-nodulation-cell division (RND) antibiotic efflux pump	trimethoprim; chloramphenicol	False	chromosome_like	1		
Kathmandu18	E_1-2	k141_547881	k141_547881_3 # 3095 # 6265 # 1 # ID=239858_3;partial=00;start_type=ATG;rbs_motif=None;rbs_spacer=None;gc_cont=0.658	adeF	3000777	Strict	42.09	99.72	fluoroquinolone antibiotic; tetracycline antibiotic	antibiotic efflux	resistance-nodulation-cell division (RND) antibiotic efflux pump	tetracycline	False	chromosome_like	1		
Kathmandu18	E_1-2	k141_884330	k141_884330_1 # 2 # 301 # -1 # ID=241524_1;partial=10;start_type=ATG;rbs_motif=AAAA;rbs_spacer=15bp;gc_cont=0.477	qacG	3007015	Strict	46.39	93.46	disinfecting agents and antiseptics	antibiotic efflux	small multidrug resistance (SMR) antibiotic efflux pump	benzalkonium chloride	False	chromosome_like	1		
Kathmandu18	E_1-2	k141_885744	k141_885744_1 # 271 # 1440 # -1 # ID=242747_1;partial=00;start_type=ATG;rbs_motif=AGxAGG/AGGxGG;rbs_spacer=5-10bp;gc_cont=0.441	vanT gene in vanG cluster	3002972	Strict	34.48	54.63	glycopeptide antibiotic	antibiotic target alteration	glycopeptide resistance gene cluster; vanT	vancomycin	False	chromosome_like	1		
Kathmandu18	E_1-2	k141_886436	k141_886436_1 # 3 # 683 # 1 # ID=243319_1;partial=10;start_type=Edge;rbs_motif=None;rbs_spacer=None;gc_cont=0.482	vanY gene in vanB cluster	3002956	Strict	37.93	84.33	glycopeptide antibiotic	antibiotic target alteration	vanY; glycopeptide resistance gene cluster	vancomycin	False	chromosome_like	1		
Kathmandu18	E_1-2	k141_886931	k141_886931_2 # 682 # 1422 # 1 # ID=243714_2;partial=00;start_type=ATG;rbs_motif=GGA/GAG/AGG;rbs_spacer=5-10bp;gc_cont=0.389	IMP-15	3002206	Perfect	100.0	100.0	carbapenem; cephalosporin; cephamycin; penam; penem	antibiotic inactivation	IMP beta-lactamase		False	chromosome_like	1		
Kathmandu18	E_1-2	k141_552664	k141_552664_20 # 20041 # 20913 # 1 # ID=244825_20;partial=00;start_type=ATG;rbs_motif=None;rbs_spacer=None;gc_cont=0.411	vanY gene in vanB cluster	3002956	Strict	26.82	108.21	glycopeptide antibiotic	antibiotic target alteration	vanY; glycopeptide resistance gene cluster	vancomycin	False	chromosome_like	1		
Kathmandu18	E_1-2	k141_224207	k141_224207_237 # 249097 # 250137 # -1 # ID=245060_237;partial=00;start_type=ATG;rbs_motif=AAAAA;rbs_spacer=9bp;gc_cont=0.423	vanT gene in vanG cluster	3002972	Strict	33.33	48.6	glycopeptide antibiotic	antibiotic target alteration	glycopeptide resistance gene cluster; vanT	vancomycin	False	chromosome_like	1		
Kathmandu18	E_1-2	k141_224207	k141_224207_484 # 520899 # 522830 # -1 # ID=245060_484;partial=00;start_type=ATG;rbs_motif=None;rbs_spacer=None;gc_cont=0.441	vanW gene in vanI cluster	3003724	Strict	30.6	172.39	glycopeptide antibiotic	antibiotic target alteration	vanW; glycopeptide resistance gene cluster	vancomycin; teicoplanin	False	chromosome_like	1		
Kathmandu18	E_1-2	k141_889131	k141_889131_10 # 8156 # 9160 # -1 # ID=245585_10;partial=00;start_type=TTG;rbs_motif=None;rbs_spacer=None;gc_cont=0.450	vanY gene in vanA cluster	3002955	Strict	35.45	110.23	glycopeptide antibiotic	antibiotic target alteration	vanY; glycopeptide resistance gene cluster	vancomycin; teicoplanin	False	chromosome_like	1		
Kathmandu18	E_1-2	k141_890226	k141_890226_3 # 1583 # 2581 # 1 # ID=246461_3;partial=00;start_type=ATG;rbs_motif=None;rbs_spacer=None;gc_cont=0.417	vanH gene in vanD cluster	3002944	Strict	38.99	102.79	glycopeptide antibiotic	antibiotic target alteration	vanH; glycopeptide resistance gene cluster	vancomycin; teicoplanin	False	chromosome_like	1		
Kathmandu18	E_1-2	k141_1144283	k141_1144283_3 # 1957 # 3663 # 1 # ID=247609_3;partial=00;start_type=GTG;rbs_motif=GGA/GAG/AGG;rbs_spacer=5-10bp;gc_cont=0.528	vanW gene in vanI cluster	3003724	Strict	34.76	152.28	glycopeptide antibiotic	antibiotic target alteration	vanW; glycopeptide resistance gene cluster	vancomycin; teicoplanin	False	chromosome_like	1		
Kathmandu18	E_1-2	k141_555667	k141_555667_22 # 19277 # 21172 # 1 # ID=247798_22;partial=00;start_type=ATG;rbs_motif=None;rbs_spacer=None;gc_cont=0.548	vanW gene in vanI cluster	3003724	Strict	28.33	169.17	glycopeptide antibiotic	antibiotic target alteration	vanW; glycopeptide resistance gene cluster	vancomycin; teicoplanin	False	chromosome_like	1		
Kathmandu18	E_1-2	k141_227024	k141_227024_3 # 736 # 1905 # -1 # ID=247837_3;partial=00;start_type=ATG;rbs_motif=AGxAGG/AGGxGG;rbs_spacer=5-10bp;gc_cont=0.271	vanT gene in vanG cluster	3002972	Strict	32.89	54.63	glycopeptide antibiotic	antibiotic target alteration	glycopeptide resistance gene cluster; vanT	vancomycin	False	chromosome_like	1		
Kathmandu18	E_1-2	k141_892643	k141_892643_289 # 294882 # 296231 # 1 # ID=248849_289;partial=00;start_type=ATG;rbs_motif=AATAA;rbs_spacer=6bp;gc_cont=0.404	vanW gene in vanI cluster	3003724	Strict	34.57	120.38	glycopeptide antibiotic	antibiotic target alteration	vanW; glycopeptide resistance gene cluster	vancomycin; teicoplanin	False	chromosome_like	1		
Kathmandu18	E_1-2	k141_557625	k141_557625_4 # 1633 # 2727 # -1 # ID=249535_4;partial=00;start_type=ATG;rbs_motif=GGA/GAG/AGG;rbs_spacer=5-10bp;gc_cont=0.512	vanG	3002909	Strict	38.23	104.3	glycopeptide antibiotic	antibiotic target alteration	glycopeptide resistance gene cluster; Van ligase	vancomycin	False	chromosome_like	1		
Kathmandu18	E_1-2	k141_228804	k141_228804_80 # 84064 # 85167 # -1 # ID=249766_80;partial=00;start_type=ATG;rbs_motif=None;rbs_spacer=None;gc_cont=0.466	vanT gene in vanG cluster	3002972	Strict	33.33	51.54	glycopeptide antibiotic	antibiotic target alteration	glycopeptide resistance gene cluster; vanT	vancomycin	False	chromosome_like	1		
Kathmandu18	E_1-2	k141_229038	k141_229038_58 # 40421 # 41281 # 1 # ID=250200_58;partial=00;start_type=ATG;rbs_motif=None;rbs_spacer=None;gc_cont=0.480	vanY gene in vanB cluster	3002956	Strict	30.73	106.72	glycopeptide antibiotic	antibiotic target alteration	vanY; glycopeptide resistance gene cluster	vancomycin	False	chromosome_like	1		
Kathmandu18	E_1-2	k141_1148833	k141_1148833_2 # 661 # 975 # 1 # ID=252776_2;partial=00;start_type=ATG;rbs_motif=None;rbs_spacer=None;gc_cont=0.568	qacG	3007015	Strict	41.18	97.2	disinfecting agents and antiseptics	antibiotic efflux	small multidrug resistance (SMR) antibiotic efflux pump	benzalkonium chloride	False	chromosome_like	1		
Kathmandu18	E_1-2	k141_1149103	k141_1149103_1 # 139 # 963 # -1 # ID=253167_1;partial=00;start_type=ATG;rbs_motif=None;rbs_spacer=None;gc_cont=0.259	OXA-347	3001777	Perfect	100.0	100.0	carbapenem; cephalosporin; penam	antibiotic inactivation	OXA beta-lactamase	cloxacillin; oxacillin; cefalotin	False	chromosome_like	1		
Kathmandu18	E_1-2	k141_1149103	k141_1149103_5 # 3519 # 4685 # -1 # ID=253167_5;partial=00;start_type=ATG;rbs_motif=None;rbs_spacer=None;gc_cont=0.375	tet(X)	3000205	Strict	99.48	100.0	glycylcycline; tetracycline antibiotic	antibiotic inactivation	tetracycline inactivation enzyme	tigecycline; tetracycline; doxycycline; minocycline; chlortetracycline; demeclocycline; oxytetracycline	False	chromosome_like	1		
Kathmandu18	E_1-2	k141_897823	k141_897823_24 # 29831 # 30535 # 1 # ID=253253_24;partial=00;start_type=GTG;rbs_motif=GGA/GAG/AGG;rbs_spacer=5-10bp;gc_cont=0.548	vanW gene in vanI cluster	3003724	Strict	34.24	62.73	glycopeptide antibiotic	antibiotic target alteration	vanW; glycopeptide resistance gene cluster	vancomycin; teicoplanin	False	chromosome_like	1		
Kathmandu18	E_1-2	k141_232127	k141_232127_3 # 1242 # 3149 # 1 # ID=253445_3;partial=00;start_type=ATG;rbs_motif=None;rbs_spacer=None;gc_cont=0.631	vanW gene in vanI cluster	3003724	Strict	29.82	170.24	glycopeptide antibiotic	antibiotic target alteration	vanW; glycopeptide resistance gene cluster	vancomycin; teicoplanin	False	chromosome_like	1		
Kathmandu18	E_1-2	k141_1149767	k141_1149767_1 # 2 # 571 # 1 # ID=253901_1;partial=10;start_type=Edge;rbs_motif=None;rbs_spacer=None;gc_cont=0.388	vanW gene in vanI cluster	3003724	Strict	34.82	50.67	glycopeptide antibiotic	antibiotic target alteration	vanW; glycopeptide resistance gene cluster	vancomycin; teicoplanin	False	chromosome_like	1		
Kathmandu18	E_1-2	k141_232494	k141_232494_3 # 1731 # 2978 # -1 # ID=254021_3;partial=01;start_type=Edge;rbs_motif=None;rbs_spacer=None;gc_cont=0.462	vanT gene in vanG cluster	3002972	Strict	34.69	58.29	glycopeptide antibiotic	antibiotic target alteration	glycopeptide resistance gene cluster; vanT	vancomycin	False	chromosome_like	1		
Kathmandu18	E_1-2	k141_234895	k141_234895_4 # 3340 # 4203 # 1 # ID=256219_4;partial=00;start_type=ATG;rbs_motif=TAAAA;rbs_spacer=14bp;gc_cont=0.316	aadS	3004683	Perfect	100.0	100.0	aminoglycoside antibiotic	antibiotic inactivation	ANT(6)	streptomycin	False	chromosome_like	1		
Kathmandu18	E_1-2	k141_1152093	k141_1152093_1 # 216 # 1019 # -1 # ID=256932_1;partial=01;start_type=Edge;rbs_motif=None;rbs_spacer=None;gc_cont=0.488	vanW gene in vanI cluster	3003724	Strict	31.9	71.58	glycopeptide antibiotic	antibiotic target alteration	vanW; glycopeptide resistance gene cluster	vancomycin; teicoplanin	False	chromosome_like	1		
Kathmandu18	E_1-2	k141_564618	k141_564618_2 # 483 # 815 # 1 # ID=256962_2;partial=00;start_type=ATG;rbs_motif=GGA/GAG/AGG;rbs_spacer=5-10bp;gc_cont=0.655	qacJ	3007014	Strict	37.5	102.8	disinfecting agents and antiseptics	antibiotic efflux	small multidrug resistance (SMR) antibiotic efflux pump	benzalkonium chloride	False	chromosome_like	1		
Kathmandu18	E_1-2	k141_1152710	k141_1152710_15 # 12318 # 13196 # 1 # ID=257878_15;partial=00;start_type=GTG;rbs_motif=None;rbs_spacer=None;gc_cont=0.445	vanW gene in vanG cluster	3002965	Strict	33.33	103.91	glycopeptide antibiotic	antibiotic target alteration	vanW; glycopeptide resistance gene cluster	vancomycin	False	chromosome_like	1		
Kathmandu18	E_1-2	k141_904791	k141_904791_1 # 3 # 641 # 1 # ID=260001_1;partial=10;start_type=Edge;rbs_motif=None;rbs_spacer=None;gc_cont=0.310	EreD	3004608	Strict	98.58	51.96	macrolide antibiotic	antibiotic inactivation	macrolide esterase	erythromycin	True	plasmid_like		0.9251	
Kathmandu18	E_1-2	k141_905158	k141_905158_6 # 4003 # 5865 # -1 # ID=260342_6;partial=00;start_type=ATG;rbs_motif=None;rbs_spacer=None;gc_cont=0.496	vanW gene in vanI cluster	3003724	Strict	29.48	166.22	glycopeptide antibiotic	antibiotic target alteration	vanW; glycopeptide resistance gene cluster	vancomycin; teicoplanin	False	chromosome_like	1		
Kathmandu18	E_1-2	k141_568200	k141_568200_1 # 3 # 2399 # -1 # ID=260662_1;partial=10;start_type=ATG;rbs_motif=3Base/5BMM;rbs_spacer=13-15bp;gc_cont=0.567	adeF	3000777	Strict	64.71	75.45	fluoroquinolone antibiotic; tetracycline antibiotic	antibiotic efflux	resistance-nodulation-cell division (RND) antibiotic efflux pump	tetracycline	False	chromosome_like	1		
Kathmandu18	E_1-2	k141_569481	k141_569481_52 # 59146 # 62301 # -1 # ID=261837_52;partial=00;start_type=ATG;rbs_motif=AGGA;rbs_spacer=5-10bp;gc_cont=0.616	adeF	3000777	Strict	42.65	99.24	fluoroquinolone antibiotic; tetracycline antibiotic	antibiotic efflux	resistance-nodulation-cell division (RND) antibiotic efflux pump	tetracycline	False	chromosome_like	1		
Kathmandu18	E_1-2	k141_241701	k141_241701_25 # 15653 # 16510 # 1 # ID=262608_25;partial=00;start_type=ATG;rbs_motif=None;rbs_spacer=None;gc_cont=0.388	vanY gene in vanB cluster	3002956	Strict	27.75	106.34	glycopeptide antibiotic	antibiotic target alteration	vanY; glycopeptide resistance gene cluster	vancomycin	False	chromosome_like	1		
Kathmandu18	E_1-2	k141_1156638	k141_1156638_2 # 468 # 1367 # 1 # ID=262816_2;partial=00;start_type=ATG;rbs_motif=GGA/GAG/AGG;rbs_spacer=5-10bp;gc_cont=0.318	VEB-19	3006214	Strict	95.32	100.0	monobactam; cephalosporin	antibiotic inactivation	VEB beta-lactamase		False	chromosome_like	1		
Kathmandu18	E_1-2	k141_908901	k141_908901_2 # 545 # 1420 # -1 # ID=263737_2;partial=01;start_type=Edge;rbs_motif=None;rbs_spacer=None;gc_cont=0.748	vanY gene in vanB cluster	3002956	Strict	31.06	108.58	glycopeptide antibiotic	antibiotic target alteration	vanY; glycopeptide resistance gene cluster	vancomycin	False	chromosome_like	1		
Kathmandu18	E_1-2	k141_242777	k141_242777_75 # 73130 # 74140 # -1 # ID=263743_75;partial=00;start_type=ATG;rbs_motif=TAA;rbs_spacer=8bp;gc_cont=0.382	vanH gene in vanB cluster	3002943	Strict	38.54	104.02	glycopeptide antibiotic	antibiotic target alteration	vanH; glycopeptide resistance gene cluster	vancomycin	False	chromosome_like	1		
Kathmandu18	E_1-2	k141_572203	k141_572203_25 # 22677 # 23582 # 1 # ID=264393_25;partial=00;start_type=ATG;rbs_motif=TAA;rbs_spacer=12bp;gc_cont=0.390	vanY gene in vanB cluster	3002956	Strict	35.16	112.31	glycopeptide antibiotic	antibiotic target alteration	vanY; glycopeptide resistance gene cluster	vancomycin	False	chromosome_like	1		
Kathmandu18	E_1-2	k141_1158764	k141_1158764_2 # 387 # 1280 # 1 # ID=265335_2;partial=00;start_type=ATG;rbs_motif=TAA;rbs_spacer=5bp;gc_cont=0.390	vanY gene in vanM cluster	3002961	Strict	35.71	127.47	glycopeptide antibiotic	antibiotic target alteration	vanY; glycopeptide resistance gene cluster	vancomycin; teicoplanin	False	chromosome_like	1		
Kathmandu18	E_1-2	k141_1158987	k141_1158987_2 # 489 # 1640 # -1 # ID=265623_2;partial=00;start_type=ATG;rbs_motif=None;rbs_spacer=None;gc_cont=0.504	vanT gene in vanG cluster	3002972	Strict	34.03	53.79	glycopeptide antibiotic	antibiotic target alteration	glycopeptide resistance gene cluster; vanT	vancomycin	False	chromosome_like	1		
Kathmandu18	E_1-2	k141_244699	k141_244699_3 # 2911 # 4083 # 1 # ID=265755_3;partial=00;start_type=ATG;rbs_motif=GGA/GAG/AGG;rbs_spacer=5-10bp;gc_cont=0.407	vanT gene in vanG cluster	3002972	Strict	31.23	54.78	glycopeptide antibiotic	antibiotic target alteration	glycopeptide resistance gene cluster; vanT	vancomycin	False	chromosome_like	1		
Kathmandu18	E_1-2	k141_244827	k141_244827_13 # 14812 # 15177 # 1 # ID=265853_13;partial=00;start_type=ATG;rbs_motif=AGGAG;rbs_spacer=5-10bp;gc_cont=0.426	Klebsiella pneumoniae KpnE	3004580	Strict	82.2	100.83	macrolide antibiotic; aminoglycoside antibiotic; cephalosporin; tetracycline antibiotic; peptide antibiotic; rifamycin antibiotic; disinfecting agents and antiseptics	antibiotic efflux	small multidrug resistance (SMR) antibiotic efflux pump	erythromycin; streptomycin; tetracycline; cefepime; ceftriaxone; rifampin; colistin A; colistin B; triclosan; benzalkonium chloride; chlorhexidine	False	chromosome_like	1		
Kathmandu18	E_1-2	k141_244827	k141_244827_14 # 15164 # 15493 # 1 # ID=265853_14;partial=00;start_type=ATG;rbs_motif=GGAGG;rbs_spacer=5-10bp;gc_cont=0.515	Klebsiella pneumoniae KpnF	3004583	Strict	84.4	100.0	macrolide antibiotic; aminoglycoside antibiotic; cephalosporin; tetracycline antibiotic; peptide antibiotic; rifamycin antibiotic; disinfecting agents and antiseptics	antibiotic efflux	small multidrug resistance (SMR) antibiotic efflux pump	erythromycin; streptomycin; tetracycline; cefepime; ceftriaxone; rifampin; colistin A; colistin B; triclosan; benzalkonium chloride; chlorhexidine	False	chromosome_like	1		
Kathmandu18	E_1-2	k141_911785	k141_911785_2 # 746 # 1261 # -1 # ID=266341_2;partial=00;start_type=ATG;rbs_motif=AGGAG;rbs_spacer=5-10bp;gc_cont=0.368	nimG	3007109	Strict	56.25	104.27	nitroimidazole antibiotic	antibiotic inactivation	nitroimidazole reductase	metronidazole	False	chromosome_like	1		
Kathmandu18	E_1-2	k141_246567	k141_246567_3 # 6331 # 7140 # -1 # ID=267512_3;partial=00;start_type=ATG;rbs_motif=TAAA;rbs_spacer=8bp;gc_cont=0.359	vanW gene in vanB cluster	3002964	Strict	36.41	97.82	glycopeptide antibiotic	antibiotic target alteration	vanW; glycopeptide resistance gene cluster	vancomycin	False	chromosome_like	1		
Kathmandu18	E_1-2	k141_246809	k141_246809_1 # 3 # 851 # -1 # ID=267707_1;partial=10;start_type=GTG;rbs_motif=ATA;rbs_spacer=4bp;gc_cont=0.398	vanY gene in vanB cluster	3002956	Strict	37.25	105.6	glycopeptide antibiotic	antibiotic target alteration	vanY; glycopeptide resistance gene cluster	vancomycin	False	chromosome_like	1		
Kathmandu18	E_1-2	k141_247031	k141_247031_1 # 1 # 1257 # 1 # ID=267997_1;partial=11;start_type=Edge;rbs_motif=None;rbs_spacer=None;gc_cont=0.363	vanW gene in vanI cluster	3003724	Strict	31.58	112.33	glycopeptide antibiotic	antibiotic target alteration	vanW; glycopeptide resistance gene cluster	vancomycin; teicoplanin	False	chromosome_like	1		
Kathmandu18	E_1-2	k141_247690	k141_247690_1 # 3 # 521 # 1 # ID=268626_1;partial=10;start_type=Edge;rbs_motif=None;rbs_spacer=None;gc_cont=0.642	vanW gene in vanI cluster	3003724	Strict	37.04	46.11	glycopeptide antibiotic	antibiotic target alteration	vanW; glycopeptide resistance gene cluster	vancomycin; teicoplanin	False	chromosome_like	1		
Kathmandu18	E_1-2	k141_249262	k141_249262_1 # 1 # 1527 # -1 # ID=270121_1;partial=10;start_type=ATG;rbs_motif=GGA/GAG/AGG;rbs_spacer=11-12bp;gc_cont=0.539	vanW gene in vanI cluster	3003724	Strict	29.44	136.46	glycopeptide antibiotic	antibiotic target alteration	vanW; glycopeptide resistance gene cluster	vancomycin; teicoplanin	False	chromosome_like	1		
Kathmandu18	E_1-2	k141_918690	k141_918690_1 # 3 # 515 # 1 # ID=272858_1;partial=10;start_type=Edge;rbs_motif=None;rbs_spacer=None;gc_cont=0.460	qacG	3007015	Strict	40.0	158.88	disinfecting agents and antiseptics	antibiotic efflux	small multidrug resistance (SMR) antibiotic efflux pump	benzalkonium chloride	False	chromosome_like	1		
Kathmandu18	E_1-2	k141_918690	k141_918690_2 # 627 # 1472 # 1 # ID=272858_2;partial=00;start_type=ATG;rbs_motif=None;rbs_spacer=None;gc_cont=0.534	aadA11	3002611	Strict	98.93	100.0	aminoglycoside antibiotic	antibiotic inactivation	ANT(3'')	spectinomycin; streptomycin	False	chromosome_like	1		
Kathmandu18	E_1-2	k141_252733	k141_252733_2 # 1401 # 2906 # 1 # ID=273746_2;partial=00;start_type=ATG;rbs_motif=None;rbs_spacer=None;gc_cont=0.708	vanW gene in vanI cluster	3003724	Strict	28.62	134.32	glycopeptide antibiotic	antibiotic target alteration	vanW; glycopeptide resistance gene cluster	vancomycin; teicoplanin	False	chromosome_like	1		
Kathmandu18	E_1-2	k141_582867	k141_582867_2 # 761 # 1699 # -1 # ID=275030_2;partial=00;start_type=ATG;rbs_motif=None;rbs_spacer=None;gc_cont=0.400	vanY gene in vanB cluster	3002956	Strict	34.97	116.42	glycopeptide antibiotic	antibiotic target alteration	vanY; glycopeptide resistance gene cluster	vancomycin	False	chromosome_like	1		
Kathmandu18	E_1-2	k141_254213	k141_254213_2 # 539 # 3544 # -1 # ID=275062_2;partial=00;start_type=GTG;rbs_motif=None;rbs_spacer=None;gc_cont=0.625	adeF	3000777	Strict	45.83	94.52	fluoroquinolone antibiotic; tetracycline antibiotic	antibiotic efflux	resistance-nodulation-cell division (RND) antibiotic efflux pump	tetracycline	False	chromosome_like	1		
Kathmandu18	E_1-2	k141_254319	k141_254319_11 # 7402 # 8574 # -1 # ID=275197_11;partial=00;start_type=ATG;rbs_motif=None;rbs_spacer=None;gc_cont=0.411	vanT gene in vanG cluster	3002972	Strict	34.48	54.78	glycopeptide antibiotic	antibiotic target alteration	glycopeptide resistance gene cluster; vanT	vancomycin	False	chromosome_like	1		
Kathmandu18	E_1-2	k141_583451	k141_583451_1 # 3 # 779 # 1 # ID=275627_1;partial=10;start_type=Edge;rbs_motif=None;rbs_spacer=None;gc_cont=0.382	vanW gene in vanI cluster	3003724	Strict	31.28	69.17	glycopeptide antibiotic	antibiotic target alteration	vanW; glycopeptide resistance gene cluster	vancomycin; teicoplanin	False	chromosome_like	1		
Kathmandu18	E_1-2	k141_255656	k141_255656_2 # 902 # 1405 # 1 # ID=276480_2;partial=00;start_type=ATG;rbs_motif=GGAG/GAGG;rbs_spacer=5-10bp;gc_cont=0.327	lnuC	3002837	Strict	94.48	101.83	lincosamide antibiotic	antibiotic inactivation	lincosamide nucleotidyltransferase (LNU)	lincomycin	False	chromosome_like	1		
Kathmandu18	E_1-2	k141_923072	k141_923072_13 # 14478 # 14798 # 1 # ID=277073_13;partial=00;start_type=ATG;rbs_motif=GGA/GAG/AGG;rbs_spacer=5-10bp;gc_cont=0.449	qacJ	3007014	Strict	37.25	99.07	disinfecting agents and antiseptics	antibiotic efflux	small multidrug resistance (SMR) antibiotic efflux pump	benzalkonium chloride	False	chromosome_like	1		
Kathmandu18	E_1-2	k141_256463	k141_256463_3 # 1163 # 2401 # -1 # ID=277144_3;partial=00;start_type=ATG;rbs_motif=None;rbs_spacer=None;gc_cont=0.651	Mrx	3003839	Perfect	100.0	100.0	macrolide antibiotic	antibiotic inactivation	macrolide phosphotransferase (MPH)		True	plasmid_like		0.9873	
Kathmandu18	E_1-2	k141_256463	k141_256463_4 # 2398 # 3303 # -1 # ID=277144_4;partial=00;start_type=ATG;rbs_motif=AGGAG;rbs_spacer=5-10bp;gc_cont=0.657	mphA	3000316	Perfect	100.0	100.0	macrolide antibiotic	antibiotic inactivation	macrolide phosphotransferase (MPH)	erythromycin; roxithromycin; telithromycin; clarithromycin; azithromycin; dirithromycin; oleandomycin	True	plasmid_like		0.9873	
Kathmandu18	E_1-2	k141_256944	k141_256944_7 # 3009 # 3866 # -1 # ID=277652_7;partial=00;start_type=ATG;rbs_motif=None;rbs_spacer=None;gc_cont=0.381	vanY gene in vanB cluster	3002956	Strict	27.17	106.34	glycopeptide antibiotic	antibiotic target alteration	vanY; glycopeptide resistance gene cluster	vancomycin	False	chromosome_like	1		
Kathmandu18	E_1-2	k141_923948	k141_923948_2 # 1723 # 2475 # -1 # ID=278091_2;partial=01;start_type=Edge;rbs_motif=None;rbs_spacer=None;gc_cont=0.430	vanW gene in vanG cluster	3002965	Strict	33.33	88.97	glycopeptide antibiotic	antibiotic target alteration	vanW; glycopeptide resistance gene cluster	vancomycin	False	chromosome_like	1		
Kathmandu18	E_1-2	k141_924756	k141_924756_2 # 497 # 1390 # -1 # ID=278819_2;partial=00;start_type=ATG;rbs_motif=None;rbs_spacer=None;gc_cont=0.522	vanY gene in vanM cluster	3002961	Strict	31.1	127.47	glycopeptide antibiotic	antibiotic target alteration	vanY; glycopeptide resistance gene cluster	vancomycin; teicoplanin	False	chromosome_like	1		
Kathmandu18	E_1-2	k141_587010	k141_587010_2 # 287 # 2050 # -1 # ID=279262_2;partial=00;start_type=ATG;rbs_motif=None;rbs_spacer=None;gc_cont=0.387	vanW gene in vanI cluster	3003724	Strict	29.03	157.37	glycopeptide antibiotic	antibiotic target alteration	vanW; glycopeptide resistance gene cluster	vancomycin; teicoplanin	False	chromosome_like	1		
Kathmandu18	E_1-2	k141_1170973	k141_1170973_3 # 2509 # 3615 # 1 # ID=280694_3;partial=00;start_type=ATG;rbs_motif=None;rbs_spacer=None;gc_cont=0.591	LHK-6	3006940	Strict	98.37	94.36	carbapenem; cephalosporin	antibiotic inactivation	LHK beta-lactamase		False	chromosome_like	1		
Kathmandu18	E_1-2	k141_589026	k141_589026_2 # 750 # 1550 # -1 # ID=281230_2;partial=01;start_type=Edge;rbs_motif=None;rbs_spacer=None;gc_cont=0.388	vanY gene in vanB cluster	3002956	Strict	35.76	99.25	glycopeptide antibiotic	antibiotic target alteration	vanY; glycopeptide resistance gene cluster	vancomycin	False	chromosome_like	1		
Kathmandu18	E_1-2	k141_929881	k141_929881_4 # 1768 # 2448 # -1 # ID=283368_4;partial=00;start_type=ATG;rbs_motif=None;rbs_spacer=None;gc_cont=0.557	vanW gene in vanI cluster	3003724	Strict	44.27	60.59	glycopeptide antibiotic	antibiotic target alteration	vanW; glycopeptide resistance gene cluster	vancomycin; teicoplanin	False	chromosome_like	1		
Kathmandu18	E_1-2	k141_1173601	k141_1173601_5 # 5149 # 6024 # -1 # ID=284277_5;partial=00;start_type=ATG;rbs_motif=None;rbs_spacer=None;gc_cont=0.487	vanY gene in vanA cluster	3002955	Strict	28.0	96.04	glycopeptide antibiotic	antibiotic target alteration	vanY; glycopeptide resistance gene cluster	vancomycin; teicoplanin	False	chromosome_like	1		
Kathmandu18	E_1-2	k141_1174164	k141_1174164_3 # 864 # 1121 # -1 # ID=284986_3;partial=01;start_type=Edge;rbs_motif=None;rbs_spacer=None;gc_cont=0.391	vanY gene in vanM cluster	3002961	Strict	44.59	36.48	glycopeptide antibiotic	antibiotic target alteration	vanY; glycopeptide resistance gene cluster	vancomycin; teicoplanin	False	chromosome_like	1		
Kathmandu18	E_1-2	k141_1174388	k141_1174388_3 # 1548 # 4712 # -1 # ID=285333_3;partial=00;start_type=ATG;rbs_motif=AGGA/GGAG/GAGG;rbs_spacer=11-12bp;gc_cont=0.505	adeF	3000777	Strict	43.47	99.53	fluoroquinolone antibiotic; tetracycline antibiotic	antibiotic efflux	resistance-nodulation-cell division (RND) antibiotic efflux pump	tetracycline	False	chromosome_like	1		
Kathmandu18	E_1-2	k141_1174653	k141_1174653_8 # 5661 # 6308 # 1 # ID=285661_8;partial=00;start_type=TTG;rbs_motif=GGA/GAG/AGG;rbs_spacer=5-10bp;gc_cont=0.307	vanW gene in vanI cluster	3003724	Strict	34.84	57.64	glycopeptide antibiotic	antibiotic target alteration	vanW; glycopeptide resistance gene cluster	vancomycin; teicoplanin	False	chromosome_like	1		
Kathmandu18	E_1-2	k141_1175465	k141_1175465_3 # 1587 # 4700 # -1 # ID=286720_3;partial=00;start_type=ATG;rbs_motif=GGA/GAG/AGG;rbs_spacer=5-10bp;gc_cont=0.532	mdtF	3000796	Strict	99.81	100.0	macrolide antibiotic; fluoroquinolone antibiotic; penam	antibiotic efflux	resistance-nodulation-cell division (RND) antibiotic efflux pump	erythromycin; cloxacillin; oxacillin; norfloxacin	False	chromosome_like	1		
Kathmandu18	E_1-2	k141_1175465	k141_1175465_4 # 4725 # 5882 # -1 # ID=286720_4;partial=00;start_type=ATG;rbs_motif=GGA/GAG/AGG;rbs_spacer=5-10bp;gc_cont=0.546	mdtE	3000795	Perfect	100.0	100.0	macrolide antibiotic; fluoroquinolone antibiotic; penam	antibiotic efflux	resistance-nodulation-cell division (RND) antibiotic efflux pump	erythromycin; cloxacillin; oxacillin; norfloxacin	False	chromosome_like	1		
Kathmandu18	E_1-2	k141_933115	k141_933115_73 # 67736 # 68890 # -1 # ID=286953_73;partial=00;start_type=ATG;rbs_motif=None;rbs_spacer=None;gc_cont=0.523	vanT gene in vanG cluster	3002972	Strict	32.89	53.93	glycopeptide antibiotic	antibiotic target alteration	glycopeptide resistance gene cluster; vanT	vancomycin	False	chromosome_like	1		
Kathmandu18	E_1-2	k141_266634	k141_266634_2 # 215 # 1054 # -1 # ID=287104_2;partial=00;start_type=ATG;rbs_motif=None;rbs_spacer=None;gc_cont=0.511	OXA-9	3001404	Strict	93.43	101.82	carbapenem; cephalosporin; penam	antibiotic inactivation	OXA beta-lactamase	cloxacillin; oxacillin; cefalotin	False	chromosome_like	1		
Kathmandu18	E_1-2	k141_597464	k141_597464_3 # 4584 # 5789 # 1 # ID=289376_3;partial=00;start_type=ATG;rbs_motif=AAA;rbs_spacer=10bp;gc_cont=0.413	Mef(En2)	3004659	Strict	99.5	100.0	macrolide antibiotic	antibiotic efflux	major facilitator superfamily (MFS) antibiotic efflux pump		False	chromosome_like	1		
Kathmandu18	E_1-2	k141_936005	k141_936005_1 # 1 # 261 # 1 # ID=289565_1;partial=10;start_type=Edge;rbs_motif=None;rbs_spacer=None;gc_cont=0.372	vanY gene in vanA cluster	3002955	Strict	39.66	28.38	glycopeptide antibiotic	antibiotic target alteration	vanY; glycopeptide resistance gene cluster	vancomycin; teicoplanin	False	chromosome_like	1		
Kathmandu18	E_1-2	k141_269055	k141_269055_14 # 9601 # 10485 # 1 # ID=289983_14;partial=00;start_type=ATG;rbs_motif=AATAA;rbs_spacer=15bp;gc_cont=0.369	FosA8	3007371	Strict	44.44	208.51	phosphonic acid antibiotic	antibiotic inactivation	fosfomycin thiol transferase	fosfomycin	False	chromosome_like	1		
Kathmandu18	E_1-2	k141_1178490	k141_1178490_4 # 3756 # 4838 # -1 # ID=290808_4;partial=00;start_type=ATG;rbs_motif=None;rbs_spacer=None;gc_cont=0.721	vanY gene in vanB cluster	3002956	Strict	32.86	134.33	glycopeptide antibiotic	antibiotic target alteration	vanY; glycopeptide resistance gene cluster	vancomycin	False	chromosome_like	1		
Kathmandu18	E_1-2	k141_1178490	k141_1178490_12 # 13535 # 15190 # -1 # ID=290808_12;partial=00;start_type=ATG;rbs_motif=None;rbs_spacer=None;gc_cont=0.683	vanW gene in vanI cluster	3003724	Strict	27.05	147.72	glycopeptide antibiotic	antibiotic target alteration	vanW; glycopeptide resistance gene cluster	vancomycin; teicoplanin	False	chromosome_like	1		
Kathmandu18	E_1-2	k141_1178988	k141_1178988_3 # 824 # 1915 # 1 # ID=291373_3;partial=00;start_type=ATG;rbs_motif=None;rbs_spacer=None;gc_cont=0.362	vanG	3002909	Strict	39.5	104.01	glycopeptide antibiotic	antibiotic target alteration	glycopeptide resistance gene cluster; Van ligase	vancomycin	False	chromosome_like	1		
Kathmandu18	E_1-2	k141_270654	k141_270654_146 # 151007 # 152905 # -1 # ID=291843_146;partial=00;start_type=ATG;rbs_motif=TAAA;rbs_spacer=8bp;gc_cont=0.398	vanW gene in vanI cluster	3003724	Strict	33.49	169.44	glycopeptide antibiotic	antibiotic target alteration	vanW; glycopeptide resistance gene cluster	vancomycin; teicoplanin	False	chromosome_like	1		
Kathmandu18	E_1-2	k141_271961	k141_271961_1 # 2 # 1087 # 1 # ID=293048_1;partial=10;start_type=Edge;rbs_motif=None;rbs_spacer=None;gc_cont=0.435	vanW gene in vanI cluster	3003724	Strict	27.56	96.78	glycopeptide antibiotic	antibiotic target alteration	vanW; glycopeptide resistance gene cluster	vancomycin; teicoplanin	False	chromosome_like	1		
Kathmandu18	E_1-2	k141_1180796	k141_1180796_2 # 2076 # 2756 # 1 # ID=293774_2;partial=00;start_type=ATG;rbs_motif=None;rbs_spacer=None;gc_cont=0.549	vanW gene in vanI cluster	3003724	Strict	44.27	60.59	glycopeptide antibiotic	antibiotic target alteration	vanW; glycopeptide resistance gene cluster	vancomycin; teicoplanin	False	chromosome_like	1		
Kathmandu18	E_1-2	k141_601688	k141_601688_316 # 268148 # 269047 # 1 # ID=294349_316;partial=00;start_type=ATG;rbs_motif=None;rbs_spacer=None;gc_cont=0.388	vanY gene in vanM cluster	3002961	Strict	29.37	128.33	glycopeptide antibiotic	antibiotic target alteration	vanY; glycopeptide resistance gene cluster	vancomycin; teicoplanin	False	chromosome_like	1		
Kathmandu18	E_1-2	k141_1181396	k141_1181396_1 # 3 # 1511 # 1 # ID=294425_1;partial=11;start_type=Edge;rbs_motif=None;rbs_spacer=None;gc_cont=0.568	vanT gene in vanG cluster	3002972	Strict	35.42	70.65	glycopeptide antibiotic	antibiotic target alteration	glycopeptide resistance gene cluster; vanT	vancomycin	False	chromosome_like	1		
Kathmandu18	E_1-2	k141_604662	k141_604662_37 # 32763 # 33914 # -1 # ID=297379_37;partial=00;start_type=GTG;rbs_motif=None;rbs_spacer=None;gc_cont=0.509	vanT gene in vanG cluster	3002972	Strict	32.97	53.79	glycopeptide antibiotic	antibiotic target alteration	glycopeptide resistance gene cluster; vanT	vancomycin	False	chromosome_like	1		
Kathmandu18	E_1-2	k141_945215	k141_945215_2 # 1172 # 2065 # -1 # ID=298221_2;partial=01;start_type=Edge;rbs_motif=None;rbs_spacer=None;gc_cont=0.428	vanW gene in vanI cluster	3003724	Strict	35.85	79.62	glycopeptide antibiotic	antibiotic target alteration	vanW; glycopeptide resistance gene cluster	vancomycin; teicoplanin	False	chromosome_like	1		
Kathmandu18	E_1-2	k141_945415	k141_945415_2 # 879 # 4016 # 1 # ID=298386_2;partial=00;start_type=ATG;rbs_motif=GGAG/GAGG;rbs_spacer=5-10bp;gc_cont=0.502	adeF	3000777	Strict	47.48	98.68	fluoroquinolone antibiotic; tetracycline antibiotic	antibiotic efflux	resistance-nodulation-cell division (RND) antibiotic efflux pump	tetracycline	False	chromosome_like	1		
Kathmandu18	E_1-2	k141_945844	k141_945844_40 # 46027 # 49158 # -1 # ID=298757_40;partial=00;start_type=ATG;rbs_motif=GGAG/GAGG;rbs_spacer=5-10bp;gc_cont=0.610	adeF	3000777	Strict	45.98	98.49	fluoroquinolone antibiotic; tetracycline antibiotic	antibiotic efflux	resistance-nodulation-cell division (RND) antibiotic efflux pump	tetracycline	False	chromosome_like	1		
Kathmandu18	E_1-2	k141_607134	k141_607134_2 # 261 # 917 # -1 # ID=299980_2;partial=00;start_type=ATG;rbs_motif=GGAG/GAGG;rbs_spacer=5-10bp;gc_cont=0.381	QnrVC4	3002801	Perfect	100.0	100.0	fluoroquinolone antibiotic	antibiotic target protection	quinolone resistance protein (qnr)	ciprofloxacin; levofloxacin; moxifloxacin; gatifloxacin; nalidixic acid; norfloxacin; sparfloxacin	False	chromosome_like	1		
Kathmandu18	E_1-2	k141_607140	k141_607140_1 # 3 # 1073 # 1 # ID=299987_1;partial=10;start_type=Edge;rbs_motif=None;rbs_spacer=None;gc_cont=0.415	CARB-3	3002242	Strict	99.67	117.11	penam	antibiotic inactivation	CARB beta-lactamase		False	chromosome_like	1		
Kathmandu18	E_1-2	k141_281447	k141_281447_15 # 12664 # 12870 # -1 # ID=302197_15;partial=00;start_type=ATG;rbs_motif=AGGAG;rbs_spacer=5-10bp;gc_cont=0.391	rsmA	3005069	Strict	85.25	111.48	fluoroquinolone antibiotic; diaminopyrimidine antibiotic; phenicol antibiotic	antibiotic efflux	resistance-nodulation-cell division (RND) antibiotic efflux pump	trimethoprim; chloramphenicol	False	chromosome_like	1		
Kathmandu18	E_1-2	k141_281522	k141_281522_2 # 869 # 1774 # -1 # ID=302248_2;partial=00;start_type=GTG;rbs_motif=GGAG/GAGG;rbs_spacer=5-10bp;gc_cont=0.701	vanW gene in vanI cluster	3003724	Strict	40.14	80.7	glycopeptide antibiotic	antibiotic target alteration	vanW; glycopeptide resistance gene cluster	vancomycin; teicoplanin	False	chromosome_like	1		
Kathmandu18	E_1-2	k141_282379	k141_282379_19 # 19210 # 20049 # 1 # ID=303053_19;partial=00;start_type=ATG;rbs_motif=AATAA;rbs_spacer=6bp;gc_cont=0.449	vanW gene in vanG cluster	3002965	Strict	30.27	99.29	glycopeptide antibiotic	antibiotic target alteration	vanW; glycopeptide resistance gene cluster	vancomycin	False	chromosome_like	1		
Kathmandu18	E_1-2	k141_610094	k141_610094_1 # 112 # 852 # 1 # ID=303170_1;partial=00;start_type=ATG;rbs_motif=GGAG/GAGG;rbs_spacer=5-10bp;gc_cont=0.379	SIM-2	3005494	Perfect	100.0	100.0	carbapenem; cephalosporin; penam	antibiotic inactivation	SIM beta-lactamase		True	plasmid_like		0.989	
Kathmandu18	E_1-2	k141_610094	k141_610094_5 # 3027 # 3830 # 1 # ID=303170_5;partial=00;start_type=ATG;rbs_motif=None;rbs_spacer=None;gc_cont=0.398	OXA-5	3001400	Strict	96.25	100.0	carbapenem; cephalosporin; penam	antibiotic inactivation	OXA beta-lactamase	cloxacillin; oxacillin; cefalotin	True	plasmid_like		0.989	
Kathmandu18	E_1-2	k141_1189492	k141_1189492_71 # 71241 # 72416 # 1 # ID=304445_71;partial=00;start_type=ATG;rbs_motif=None;rbs_spacer=None;gc_cont=0.415	vanT gene in vanG cluster	3002972	Strict	33.69	54.92	glycopeptide antibiotic	antibiotic target alteration	glycopeptide resistance gene cluster; vanT	vancomycin	False	chromosome_like	1		
Kathmandu18	E_1-2	k141_1190607	k141_1190607_1 # 3 # 698 # -1 # ID=305473_1;partial=10;start_type=ATG;rbs_motif=None;rbs_spacer=None;gc_cont=0.478	vanW gene in vanB cluster	3002964	Strict	37.95	84.36	glycopeptide antibiotic	antibiotic target alteration	vanW; glycopeptide resistance gene cluster	vancomycin	False	chromosome_like	1		
Kathmandu18	E_1-2	k141_614136	k141_614136_4 # 3126 # 6302 # -1 # ID=305912_4;partial=00;start_type=GTG;rbs_motif=AGGAG;rbs_spacer=5-10bp;gc_cont=0.427	adeF	3000777	Strict	45.28	99.91	fluoroquinolone antibiotic; tetracycline antibiotic	antibiotic efflux	resistance-nodulation-cell division (RND) antibiotic efflux pump	tetracycline	False	chromosome_like	1		
Kathmandu18	E_1-2	k141_1191041	k141_1191041_36 # 37988 # 39118 # -1 # ID=306012_36;partial=00;start_type=ATG;rbs_motif=None;rbs_spacer=None;gc_cont=0.427	vanT gene in vanG cluster	3002972	Strict	33.61	52.81	glycopeptide antibiotic	antibiotic target alteration	glycopeptide resistance gene cluster; vanT	vancomycin	False	chromosome_like	1		
Kathmandu18	E_1-2	k141_616680	k141_616680_2 # 499 # 1791 # -1 # ID=307628_2;partial=01;start_type=Edge;rbs_motif=None;rbs_spacer=None;gc_cont=0.430	vanT gene in vanG cluster	3002972	Strict	38.12	60.39	glycopeptide antibiotic	antibiotic target alteration	glycopeptide resistance gene cluster; vanT	vancomycin	False	chromosome_like	1		
Kathmandu18	E_1-2	k141_289910	k141_289910_1 # 2 # 3106 # -1 # ID=308355_1;partial=10;start_type=ATG;rbs_motif=GGAG/GAGG;rbs_spacer=5-10bp;gc_cont=0.512	adeF	3000777	Strict	44.31	97.73	fluoroquinolone antibiotic; tetracycline antibiotic	antibiotic efflux	resistance-nodulation-cell division (RND) antibiotic efflux pump	tetracycline	False	chromosome_like	1		
Kathmandu18	E_1-2	k141_1193371	k141_1193371_456 # 487333 # 490551 # 1 # ID=308762_456;partial=00;start_type=GTG;rbs_motif=AGGA;rbs_spacer=5-10bp;gc_cont=0.556	adeF	3000777	Strict	51.34	101.23	fluoroquinolone antibiotic; tetracycline antibiotic	antibiotic efflux	resistance-nodulation-cell division (RND) antibiotic efflux pump	tetracycline	False	chromosome_like	1		
Kathmandu18	E_1-2	k141_619084	k141_619084_1 # 1 # 1824 # 1 # ID=309030_1;partial=10;start_type=Edge;rbs_motif=None;rbs_spacer=None;gc_cont=0.404	vanW gene in vanI cluster	3003724	Strict	28.66	162.73	glycopeptide antibiotic	antibiotic target alteration	vanW; glycopeptide resistance gene cluster	vancomycin; teicoplanin	False	chromosome_like	1		
Kathmandu18	E_1-2	k141_1193658	k141_1193658_34 # 44145 # 44828 # -1 # ID=309121_34;partial=00;start_type=ATG;rbs_motif=GGAG/GAGG;rbs_spacer=5-10bp;gc_cont=0.542	vanW gene in vanI cluster	3003724	Strict	47.66	60.86	glycopeptide antibiotic	antibiotic target alteration	vanW; glycopeptide resistance gene cluster	vancomycin; teicoplanin	False	chromosome_like	1		
Kathmandu18	E_1-2	k141_1193859	k141_1193859_2 # 1067 # 2242 # -1 # ID=309330_2;partial=00;start_type=ATG;rbs_motif=GGA/GAG/AGG;rbs_spacer=5-10bp;gc_cont=0.429	vanT gene in vanG cluster	3002972	Strict	33.87	54.92	glycopeptide antibiotic	antibiotic target alteration	glycopeptide resistance gene cluster; vanT	vancomycin	False	chromosome_like	1		
Kathmandu18	E_1-2	k141_1194300	k141_1194300_2 # 457 # 1563 # 1 # ID=309762_2;partial=00;start_type=ATG;rbs_motif=AGGAG;rbs_spacer=5-10bp;gc_cont=0.429	vanT gene in vanG cluster	3002972	Strict	37.74	51.69	glycopeptide antibiotic	antibiotic target alteration	glycopeptide resistance gene cluster; vanT	vancomycin	False	chromosome_like	1		
Kathmandu18	E_1-2	k141_622222	k141_622222_2 # 297 # 1211 # 1 # ID=311309_2;partial=00;start_type=ATG;rbs_motif=None;rbs_spacer=None;gc_cont=0.408	vanY gene in vanB cluster	3002956	Strict	32.65	113.43	glycopeptide antibiotic	antibiotic target alteration	vanY; glycopeptide resistance gene cluster	vancomycin	False	chromosome_like	1		
Kathmandu18	E_1-2	k141_294416	k141_294416_6 # 4818 # 5594 # -1 # ID=311331_6;partial=00;start_type=ATG;rbs_motif=None;rbs_spacer=None;gc_cont=0.523	vanY gene in vanG cluster	3002959	Strict	29.22	92.47	glycopeptide antibiotic	antibiotic target alteration	vanY; glycopeptide resistance gene cluster	vancomycin	False	chromosome_like	1		
Kathmandu18	E_1-2	k141_1197829	k141_1197829_28 # 19482 # 20627 # -1 # ID=312938_28;partial=00;start_type=ATG;rbs_motif=ATA;rbs_spacer=6bp;gc_cont=0.458	vanT gene in vanG cluster	3002972	Strict	31.91	53.51	glycopeptide antibiotic	antibiotic target alteration	glycopeptide resistance gene cluster; vanT	vancomycin	False	chromosome_like	1		
Kathmandu18	E_1-2	k141_1198459	k141_1198459_18 # 9628 # 11016 # -1 # ID=313467_18;partial=00;start_type=ATG;rbs_motif=AAAA;rbs_spacer=4bp;gc_cont=0.405	vanW gene in vanI cluster	3003724	Strict	28.36	123.86	glycopeptide antibiotic	antibiotic target alteration	vanW; glycopeptide resistance gene cluster	vancomycin; teicoplanin	False	chromosome_like	1		
Kathmandu18	E_1-2	k141_298645	k141_298645_5 # 3710 # 5341 # -1 # ID=314257_5;partial=01;start_type=Edge;rbs_motif=None;rbs_spacer=None;gc_cont=0.544	vanW gene in vanI cluster	3003724	Strict	33.33	145.58	glycopeptide antibiotic	antibiotic target alteration	vanW; glycopeptide resistance gene cluster	vancomycin; teicoplanin	False	chromosome_like	1		
Kathmandu18	E_1-2	k141_1200505	k141_1200505_65 # 63952 # 65094 # -1 # ID=315454_65;partial=00;start_type=ATG;rbs_motif=None;rbs_spacer=None;gc_cont=0.422	vanT gene in vanG cluster	3002972	Strict	35.75	53.37	glycopeptide antibiotic	antibiotic target alteration	glycopeptide resistance gene cluster; vanT	vancomycin	False	chromosome_like	1		
Kathmandu18	E_1-2	k141_1200785	k141_1200785_1 # 307 # 963 # 1 # ID=315728_1;partial=00;start_type=ATG;rbs_motif=AGGAG;rbs_spacer=5-10bp;gc_cont=0.438	QnrS1	3002790	Strict	99.54	100.0	fluoroquinolone antibiotic	antibiotic target protection	quinolone resistance protein (qnr)	ciprofloxacin; levofloxacin; moxifloxacin; gatifloxacin; nalidixic acid; norfloxacin; sparfloxacin	False	chromosome_like	1		
Kathmandu18	E_1-2	k141_300731	k141_300731_2 # 1022 # 2410 # 1 # ID=315729_2;partial=00;start_type=ATG;rbs_motif=AAAA;rbs_spacer=4bp;gc_cont=0.380	vanW gene in vanI cluster	3003724	Strict	27.46	123.86	glycopeptide antibiotic	antibiotic target alteration	vanW; glycopeptide resistance gene cluster	vancomycin; teicoplanin	False	chromosome_like	1		
Kathmandu18	E_1-2	k141_1200905	k141_1200905_2 # 654 # 1154 # -1 # ID=315824_2;partial=00;start_type=ATG;rbs_motif=AGGAG;rbs_spacer=5-10bp;gc_cont=0.331	nimJ	3007112	Strict	60.13	100.61	nitroimidazole antibiotic	antibiotic inactivation	nitroimidazole reductase	metronidazole	False	chromosome_like	1		
Kathmandu18	E_1-2	k141_629388	k141_629388_2 # 225 # 1475 # -1 # ID=316414_2;partial=00;start_type=ATG;rbs_motif=None;rbs_spacer=None;gc_cont=0.489	EreA	3000361	Strict	95.32	102.46	macrolide antibiotic	antibiotic inactivation	macrolide esterase	erythromycin; roxithromycin; clarithromycin	False	chromosome_like	1		
Kathmandu18	E_1-2	k141_629388	k141_629388_3 # 1721 # 2173 # -1 # ID=316414_3;partial=00;start_type=ATG;rbs_motif=GGA/GAG/AGG;rbs_spacer=5-10bp;gc_cont=0.459	arr-2	3002847	Perfect	100.0	100.0	rifamycin antibiotic	antibiotic inactivation	rifampin ADP-ribosyltransferase (Arr)	rifampin; rifaximin; rifabutin; rifapentine	False	chromosome_like	1		
Kathmandu18	E_1-2	k141_1201998	k141_1201998_4 # 2872 # 3630 # 1 # ID=316751_4;partial=01;start_type=ATG;rbs_motif=TAA;rbs_spacer=3bp;gc_cont=0.345	vanY gene in vanM cluster	3002961	Strict	30.7	108.58	glycopeptide antibiotic	antibiotic target alteration	vanY; glycopeptide resistance gene cluster	vancomycin; teicoplanin	False	chromosome_like	1		
Kathmandu18	E_1-2	k141_630102	k141_630102_1 # 2 # 835 # -1 # ID=316878_1;partial=10;start_type=ATG;rbs_motif=None;rbs_spacer=None;gc_cont=0.384	mphG	3003742	Strict	92.81	94.56	macrolide antibiotic	antibiotic inactivation	macrolide phosphotransferase (MPH)	erythromycin; clarithromycin; azithromycin	False	chromosome_like	1		
Kathmandu18	E_1-2	k141_302296	k141_302296_1 # 2 # 1741 # 1 # ID=317017_1;partial=11;start_type=Edge;rbs_motif=None;rbs_spacer=None;gc_cont=0.670	vanW gene in vanI cluster	3003724	Strict	28.46	155.5	glycopeptide antibiotic	antibiotic target alteration	vanW; glycopeptide resistance gene cluster	vancomycin; teicoplanin	False	chromosome_like	1		
Kathmandu18	E_1-2	k141_302366	k141_302366_38 # 40959 # 42749 # -1 # ID=317084_38;partial=00;start_type=ATG;rbs_motif=AGGA;rbs_spacer=5-10bp;gc_cont=0.521	vanW gene in vanG cluster	3002965	Strict	36.49	212.1	glycopeptide antibiotic	antibiotic target alteration	vanW; glycopeptide resistance gene cluster	vancomycin	False	chromosome_like	1		
Kathmandu18	E_1-2	k141_1204261	k141_1204261_1 # 3 # 887 # -1 # ID=318634_1;partial=10;start_type=ATG;rbs_motif=None;rbs_spacer=None;gc_cont=0.365	vanY gene in vanM cluster	3002961	Strict	36.31	126.61	glycopeptide antibiotic	antibiotic target alteration	vanY; glycopeptide resistance gene cluster	vancomycin; teicoplanin	False	chromosome_like	1		
Kathmandu18	E_1-2	k141_305639	k141_305639_351 # 317436 # 318524 # -1 # ID=319709_351;partial=00;start_type=ATG;rbs_motif=None;rbs_spacer=None;gc_cont=0.426	vanT gene in vanG cluster	3002972	Strict	31.93	50.84	glycopeptide antibiotic	antibiotic target alteration	glycopeptide resistance gene cluster; vanT	vancomycin	False	chromosome_like	1		
Kathmandu18	E_1-2	k141_1210090	k141_1210090_5 # 2593 # 4407 # 1 # ID=322114_5;partial=00;start_type=ATG;rbs_motif=None;rbs_spacer=None;gc_cont=0.404	vanW gene in vanI cluster	3003724	Strict	26.56	161.93	glycopeptide antibiotic	antibiotic target alteration	vanW; glycopeptide resistance gene cluster	vancomycin; teicoplanin	False	chromosome_like	1		
Kathmandu18	E_1-2	k141_1211017	k141_1211017_2 # 679 # 2250 # -1 # ID=322482_2;partial=01;start_type=Edge;rbs_motif=None;rbs_spacer=None;gc_cont=0.380	vanW gene in vanI cluster	3003724	Strict	27.98	140.21	glycopeptide antibiotic	antibiotic target alteration	vanW; glycopeptide resistance gene cluster	vancomycin; teicoplanin	False	chromosome_like	1		
Kathmandu18	E_1-2	k141_316031	k141_316031_4 # 2111 # 2479 # -1 # ID=324671_4;partial=01;start_type=Edge;rbs_motif=None;rbs_spacer=None;gc_cont=0.415	vanY gene in vanA cluster	3002955	Strict	38.1	40.26	glycopeptide antibiotic	antibiotic target alteration	vanY; glycopeptide resistance gene cluster	vancomycin; teicoplanin	False	chromosome_like	1		
Kathmandu18	E_1-2	k141_1220745	k141_1220745_3 # 2385 # 5498 # -1 # ID=326514_3;partial=00;start_type=ATG;rbs_motif=GGA/GAG/AGG;rbs_spacer=5-10bp;gc_cont=0.547	adeF	3000777	Strict	42.79	97.92	fluoroquinolone antibiotic; tetracycline antibiotic	antibiotic efflux	resistance-nodulation-cell division (RND) antibiotic efflux pump	tetracycline	False	chromosome_like	1		
Kathmandu18	E_1-2	k141_1221051	k141_1221051_2 # 444 # 1751 # -1 # ID=326605_2;partial=00;start_type=GTG;rbs_motif=None;rbs_spacer=None;gc_cont=0.535	vanW gene in vanI cluster	3003724	Strict	36.59	116.62	glycopeptide antibiotic	antibiotic target alteration	vanW; glycopeptide resistance gene cluster	vancomycin; teicoplanin	False	chromosome_like	1		
Kathmandu18	E_1-2	k141_1222940	k141_1222940_30 # 28506 # 29501 # -1 # ID=327111_30;partial=00;start_type=ATG;rbs_motif=AAAAA;rbs_spacer=7bp;gc_cont=0.408	vanY gene in vanM cluster	3002961	Strict	37.06	142.06	glycopeptide antibiotic	antibiotic target alteration	vanY; glycopeptide resistance gene cluster	vancomycin; teicoplanin	False	chromosome_like	1		
Kathmandu18	E_1-2	k141_1226660	k141_1226660_5 # 2670 # 3470 # -1 # ID=328110_5;partial=00;start_type=ATG;rbs_motif=AGGA;rbs_spacer=5-10bp;gc_cont=0.471	OXA-732	3005937	Perfect	100.0	100.0	carbapenem; cephalosporin; penam	antibiotic inactivation	OXA beta-lactamase	cloxacillin; oxacillin; cefalotin	True	plasmid_like		0.7463	
Kathmandu18	E_1-2	k141_1227905	k141_1227905_1 # 2 # 1240 # 1 # ID=328395_1;partial=11;start_type=Edge;rbs_motif=None;rbs_spacer=None;gc_cont=0.667	vanW gene in vanI cluster	3003724	Strict	27.98	110.72	glycopeptide antibiotic	antibiotic target alteration	vanW; glycopeptide resistance gene cluster	vancomycin; teicoplanin	False	chromosome_like	1		
Kathmandu18	E_1-2	k141_1234749	k141_1234749_15 # 12746 # 13639 # -1 # ID=330188_15;partial=00;start_type=ATG;rbs_motif=None;rbs_spacer=None;gc_cont=0.660	vanY gene in vanA cluster	3002955	Strict	33.33	98.02	glycopeptide antibiotic	antibiotic target alteration	vanY; glycopeptide resistance gene cluster	vancomycin; teicoplanin	False	chromosome_like	1		
Kathmandu18	E_1-2	k141_1235587	k141_1235587_1 # 3 # 1265 # -1 # ID=330389_1;partial=11;start_type=Edge;rbs_motif=None;rbs_spacer=None;gc_cont=0.483	vanW gene in vanI cluster	3003724	Strict	33.33	112.87	glycopeptide antibiotic	antibiotic target alteration	vanW; glycopeptide resistance gene cluster	vancomycin; teicoplanin	False	chromosome_like	1		
Kathmandu18	E_1-2	k141_1236777	k141_1236777_2 # 1450 # 2676 # 1 # ID=330686_2;partial=00;start_type=GTG;rbs_motif=AGxAGG/AGGxGG;rbs_spacer=11-12bp;gc_cont=0.734	vanT gene in vanG cluster	3002972	Strict	34.29	57.3	glycopeptide antibiotic	antibiotic target alteration	glycopeptide resistance gene cluster; vanT	vancomycin	False	chromosome_like	1		
Kathmandu18	E_1-2	k141_1237088	k141_1237088_30 # 33101 # 34987 # 1 # ID=330770_30;partial=00;start_type=GTG;rbs_motif=None;rbs_spacer=None;gc_cont=0.465	vanW gene in vanI cluster	3003724	Strict	31.12	168.36	glycopeptide antibiotic	antibiotic target alteration	vanW; glycopeptide resistance gene cluster	vancomycin; teicoplanin	False	chromosome_like	1		
Kathmandu18	E_1-2	k141_1237100	k141_1237100_81 # 72957 # 73478 # 1 # ID=330775_81;partial=00;start_type=ATG;rbs_motif=None;rbs_spacer=None;gc_cont=0.339	vanY gene in vanB cluster	3002956	Strict	32.71	64.55	glycopeptide antibiotic	antibiotic target alteration	vanY; glycopeptide resistance gene cluster	vancomycin	False	chromosome_like	1		
Kathmandu18	E_1-2	k141_1238342	k141_1238342_1 # 2 # 1210 # 1 # ID=331100_1;partial=11;start_type=Edge;rbs_motif=None;rbs_spacer=None;gc_cont=0.423	Streptomyces rimosus otr(A)	3002891	Strict	40.62	60.78	tetracycline antibiotic	antibiotic target protection	tetracycline-resistant ribosomal protection protein	oxytetracycline	False	chromosome_like	1		
Kathmandu18	E_1-2	k141_1241849	k141_1241849_2 # 222 # 1478 # -1 # ID=331996_2;partial=00;start_type=GTG;rbs_motif=GGAG/GAGG;rbs_spacer=5-10bp;gc_cont=0.394	vanT gene in vanG cluster	3002972	Strict	36.65	58.71	glycopeptide antibiotic	antibiotic target alteration	glycopeptide resistance gene cluster; vanT	vancomycin	False	chromosome_like	1		
Kathmandu18	E_1-2	k141_1245233	k141_1245233_3 # 865 # 2091 # -1 # ID=332872_3;partial=00;start_type=ATG;rbs_motif=GGA/GAG/AGG;rbs_spacer=5-10bp;gc_cont=0.525	mdtG	3001329	Strict	99.75	100.0	phosphonic acid antibiotic	antibiotic efflux	major facilitator superfamily (MFS) antibiotic efflux pump	fosfomycin	False	chromosome_like	1		
Kathmandu18	E_1-2	k141_1247068	k141_1247068_2 # 814 # 1422 # -1 # ID=333341_2;partial=01;start_type=Edge;rbs_motif=None;rbs_spacer=None;gc_cont=0.470	vanW gene in vanI cluster	3003724	Strict	33.58	54.16	glycopeptide antibiotic	antibiotic target alteration	vanW; glycopeptide resistance gene cluster	vancomycin; teicoplanin	False	chromosome_like	1		
Kathmandu18	E_1-2	k141_1247082	k141_1247082_2 # 196 # 1113 # 1 # ID=333349_2;partial=01;start_type=ATG;rbs_motif=None;rbs_spacer=None;gc_cont=0.597	ArnT	3005053	Strict	93.46	55.54	peptide antibiotic	antibiotic target alteration	pmr phosphoethanolamine transferase	colistin A; colistin B	False	chromosome_like	1		
Kathmandu18	E_1-2	k141_1248511	k141_1248511_3 # 2870 # 4141 # -1 # ID=333723_3;partial=00;start_type=ATG;rbs_motif=None;rbs_spacer=None;gc_cont=0.316	vanY gene in vanM cluster	3002961	Strict	31.39	181.55	glycopeptide antibiotic	antibiotic target alteration	vanY; glycopeptide resistance gene cluster	vancomycin; teicoplanin	True	virus_like			0.9178
Kathmandu18	E_1-2	k141_1249209	k141_1249209_7 # 6516 # 7778 # 1 # ID=333922_7;partial=00;start_type=ATG;rbs_motif=None;rbs_spacer=None;gc_cont=0.402	vanW gene in vanI cluster	3003724	Strict	29.6	112.6	glycopeptide antibiotic	antibiotic target alteration	vanW; glycopeptide resistance gene cluster	vancomycin; teicoplanin	False	chromosome_like	1		
Kathmandu18	E_1-2	k141_1256212	k141_1256212_100 # 89759 # 91705 # 1 # ID=335772_100;partial=00;start_type=ATG;rbs_motif=None;rbs_spacer=None;gc_cont=0.489	vanW gene in vanI cluster	3003724	Strict	28.63	173.73	glycopeptide antibiotic	antibiotic target alteration	vanW; glycopeptide resistance gene cluster	vancomycin; teicoplanin	False	chromosome_like	1		
Kathmandu18	E_1-2	k141_1256326	k141_1256326_3 # 3137 # 4972 # 1 # ID=335800_3;partial=00;start_type=ATG;rbs_motif=None;rbs_spacer=None;gc_cont=0.456	vanW gene in vanI cluster	3003724	Strict	28.87	163.81	glycopeptide antibiotic	antibiotic target alteration	vanW; glycopeptide resistance gene cluster	vancomycin; teicoplanin	False	chromosome_like	1		
Kathmandu18	E_1-2	k141_1259819	k141_1259819_1 # 66 # 884 # -1 # ID=336770_1;partial=00;start_type=ATG;rbs_motif=None;rbs_spacer=None;gc_cont=0.451	vanW gene in vanG cluster	3002965	Strict	36.57	96.8	glycopeptide antibiotic	antibiotic target alteration	vanW; glycopeptide resistance gene cluster	vancomycin	False	chromosome_like	1		
Kathmandu18	E_1-2	k141_1260735	k141_1260735_3 # 2934 # 3266 # -1 # ID=337031_3;partial=00;start_type=ATG;rbs_motif=AGGA;rbs_spacer=5-10bp;gc_cont=0.330	qacG	3007015	Strict	42.86	102.8	disinfecting agents and antiseptics	antibiotic efflux	small multidrug resistance (SMR) antibiotic efflux pump	benzalkonium chloride	True	plasmid_like		0.9186	
Kathmandu18	E_1-2	k141_1266187	k141_1266187_849 # 809219 # 811036 # 1 # ID=338451_849;partial=00;start_type=ATG;rbs_motif=None;rbs_spacer=None;gc_cont=0.543	vanW gene in vanI cluster	3003724	Strict	34.52	162.2	glycopeptide antibiotic	antibiotic target alteration	vanW; glycopeptide resistance gene cluster	vancomycin; teicoplanin	False	chromosome_like	1		
Kathmandu18	E_1-2	k141_1004568	k141_1004568_2 # 604 # 2370 # -1 # ID=70686_2;partial=00;start_type=ATG;rbs_motif=AGGA/GGAG/GAGG;rbs_spacer=11-12bp;gc_cont=0.539	Haemophilus influenzae PBP3 conferring resistance to beta-lactam antibiotics	3004446	Strict	53.11	96.39	cephalosporin; cephamycin; penam	antibiotic target alteration	Penicillin-binding protein mutations conferring resistance to beta-lactam antibiotics	ceftriaxone; ampicillin; cefaclor; cefotaxime; cefditoren; cefdinir	False	chromosome_like	1		
Kathmandu18	E_1-2	k141_1076327	k141_1076327_3 # 998 # 2182 # -1 # ID=162655_3;partial=00;start_type=ATG;rbs_motif=GGAG/GAGG;rbs_spacer=5-10bp;gc_cont=0.508	Escherichia coli EF-Tu mutants conferring resistance to Pulvomycin	3003369	Strict	92.11	96.33	elfamycin antibiotic	antibiotic target alteration	elfamycin resistant EF-Tu	pulvomycin	False	chromosome_like	1		
Kathmandu18	E_1-2	k141_956442	k141_956442_17 # 19591 # 20238 # -1 # ID=6495_17;partial=00;start_type=ATG;rbs_motif=None;rbs_spacer=None;gc_cont=0.452	Escherichia coli AcrAB-TolC with AcrR mutation conferring resistance to ciprofloxacin, tetracycline, and ceftazidime	3003807	Strict	100.0	100.0	fluoroquinolone antibiotic; cephalosporin; glycylcycline; penam; tetracycline antibiotic; rifamycin antibiotic; phenicol antibiotic; disinfecting agents and antiseptics	antibiotic target alteration; antibiotic efflux	resistance-nodulation-cell division (RND) antibiotic efflux pump	tigecycline; ciprofloxacin; tetracycline; ceftazidime; rifampin; chloramphenicol; ampicillin; cefalotin; triclosan	False	chromosome_like	1		
Kathmandu18	E_1-2	k141_43312	k141_43312_5 # 6961 # 7425 # -1 # ID=51128_5;partial=00;start_type=ATG;rbs_motif=AGGA/GGAG/GAGG;rbs_spacer=11-12bp;gc_cont=0.518	Escherichia coli soxR with mutation conferring antibiotic resistance	3003381	Strict	100.0	100.0	fluoroquinolone antibiotic; cephalosporin; glycylcycline; penam; tetracycline antibiotic; rifamycin antibiotic; phenicol antibiotic; disinfecting agents and antiseptics	antibiotic target alteration; antibiotic efflux	ATP-binding cassette (ABC) antibiotic efflux pump; major facilitator superfamily (MFS) antibiotic efflux pump; resistance-nodulation-cell division (RND) antibiotic efflux pump	tigecycline; ciprofloxacin; tetracycline; rifampin; chloramphenicol; ampicillin; nalidixic acid; norfloxacin; cefalotin; triclosan	True	plasmid_like		0.8622	
Kathmandu18	E_1-2	k141_43312	k141_43312_6 # 7511 # 7834 # 1 # ID=51128_6;partial=00;start_type=ATG;rbs_motif=GGAG/GAGG;rbs_spacer=5-10bp;gc_cont=0.509	Escherichia coli soxS with mutation conferring antibiotic resistance	3003511	Strict	100.0	100.0	fluoroquinolone antibiotic; monobactam; carbapenem; cephalosporin; glycylcycline; cephamycin; penam; tetracycline antibiotic; rifamycin antibiotic; phenicol antibiotic; penem; disinfecting agents and antiseptics	antibiotic target alteration; antibiotic efflux; reduced permeability to antibiotic	ATP-binding cassette (ABC) antibiotic efflux pump; major facilitator superfamily (MFS) antibiotic efflux pump; resistance-nodulation-cell division (RND) antibiotic efflux pump; General Bacterial Porin with reduced permeability to beta-lactams	tigecycline; ciprofloxacin; tetracycline; rifampin; chloramphenicol; ampicillin; norfloxacin; cefalotin; triclosan; enrofloxacin	True	plasmid_like		0.8622	
Kathmandu18	E_1-2	k141_815192	k141_815192_5 # 2771 # 3205 # 1 # ID=177513_5;partial=00;start_type=GTG;rbs_motif=GGA/GAG/AGG;rbs_spacer=5-10bp;gc_cont=0.490	Escherichia coli AcrAB-TolC with MarR mutations conferring resistance to ciprofloxacin and tetracycline	3003378	Strict	98.61	100.0	fluoroquinolone antibiotic; cephalosporin; glycylcycline; penam; tetracycline antibiotic; rifamycin antibiotic; phenicol antibiotic; disinfecting agents and antiseptics	antibiotic target alteration; antibiotic efflux	resistance-nodulation-cell division (RND) antibiotic efflux pump	tigecycline; ciprofloxacin; tetracycline; rifampin; chloramphenicol; ampicillin; cefalotin; triclosan	False	chromosome_like	1		
