sample_id	aro_id	card_hit_name	diamond_read_hits	mean_pident	mean_bitscore	max_bitscore
E_11-12	ARO:3000005	vanD	4557	51.976169	49.267259	88.600000
E_11-12	ARO:3000010	vanA	3398	51.921572	49.439082	84.000000
E_11-12	ARO:3000013	vanB	2354	53.154333	50.453568	82.800000
E_11-12	ARO:3000024	patA	33606	46.469086	46.373909	100.000000
E_11-12	ARO:3000025	patB	37767	49.376061	49.534787	99.400000
E_11-12	ARO:3000026	mepA	665	45.661805	42.105714	64.700000
E_11-12	ARO:3000027	emrA	5379	56.334542	55.614055	108.000000
E_11-12	ARO:3000074	emrB	6651	58.727770	60.529559	115.000000
E_11-12	ARO:3000090	Bla1	241	53.953112	55.086722	87.800000
E_11-12	ARO:3000118	vgaB	30134	44.756272	44.720399	85.100000
E_11-12	ARO:3000124	mecI	29	46.048276	47.668966	99.800000
E_11-12	ARO:3000149	FosA	172	62.365698	58.509884	97.800000
E_11-12	ARO:3000165	tet(A)	5856	63.546277	60.458043	108.000000
E_11-12	ARO:3000166	tet(B)	4210	54.598907	53.522708	105.000000
E_11-12	ARO:3000167	tet(C)	5432	64.702596	61.125681	107.000000
E_11-12	ARO:3000168	tet(D)	2531	55.706085	52.752627	97.400000
E_11-12	ARO:3000172	FosB	72	52.302778	44.069444	56.200000
E_11-12	ARO:3000173	tet(E)	3617	56.837573	55.145176	115.000000
E_11-12	ARO:3000174	tet(G)	3715	58.234643	57.167402	103.000000
E_11-12	ARO:3000175	tet(H)	4162	53.680586	51.931091	105.000000
E_11-12	ARO:3000177	tet(J)	4168	53.843066	51.118978	92.800000
E_11-12	ARO:3000178	tet(K)	44	61.745455	59.234091	86.700000
E_11-12	ARO:3000179	tet(L)	73	67.683562	63.591781	102.000000
E_11-12	ARO:3000180	tetA(P)	759	71.974572	71.273386	103.000000
E_11-12	ARO:3000181	tet(V)	1125	67.897867	66.404622	89.700000
E_11-12	ARO:3000182	tet(Y)	4093	53.851380	52.493428	105.000000
E_11-12	ARO:3000183	tet(Z)	3162	54.422992	50.976597	100.000000
E_11-12	ARO:3000186	tet(M)	27025	58.904311	55.795811	114.000000
E_11-12	ARO:3000190	tet(O)	28463	59.635095	57.043031	114.000000
E_11-12	ARO:3000191	tet(Q)	26993	61.811192	61.169703	114.000000
E_11-12	ARO:3000192	tet(S)	25268	57.318557	54.671889	114.000000
E_11-12	ARO:3000193	tet(T)	31563	54.593030	52.794684	107.000000
E_11-12	ARO:3000194	tet(W)	27190	59.681894	55.772530	112.000000
E_11-12	ARO:3000195	tetB(P)	29655	54.493778	51.421895	108.000000
E_11-12	ARO:3000196	tet(32)	28262	57.808729	55.410236	112.000000
E_11-12	ARO:3000197	tet(36)	30329	55.938818	54.218029	109.000000
E_11-12	ARO:3000198	FosX	329	61.927660	60.472036	84.700000
E_11-12	ARO:3000205	tet(X)	1345	82.063420	77.145799	112.000000
E_11-12	ARO:3000206	emrK	4718	54.667423	55.416978	105.000000
E_11-12	ARO:3000215	mecR1	392	48.099490	47.994898	65.500000
E_11-12	ARO:3000216	acrB	72975	59.585829	56.764939	114.000000
E_11-12	ARO:3000217	blaR1	645	50.503566	50.915039	70.900000
E_11-12	ARO:3000230	ANT(2'')-Ia	376	98.073670	94.517021	117.000000
E_11-12	ARO:3000237	TolC	1842	64.552823	60.700597	103.000000
E_11-12	ARO:3000245	RbpA	499	83.215030	72.298998	113.000000
E_11-12	ARO:3000250	ErmC	797	59.841154	59.668883	100.000000
E_11-12	ARO:3000251	msrA	13099	48.079250	45.403046	67.400000
E_11-12	ARO:3000254	emrY	5926	55.043604	56.920908	113.000000
E_11-12	ARO:3000263	marA	218	68.517431	65.474312	110.000000
E_11-12	ARO:3000300	lsaA	7235	45.761424	43.149357	87.800000
E_11-12	ARO:3000316	mphA	2413	73.977994	75.240406	115.000000
E_11-12	ARO:3000318	mphB	171	47.027485	54.901170	92.800000
E_11-12	ARO:3000319	mphC	101	43.432673	50.797030	62.800000
E_11-12	ARO:3000326	ErmE	617	47.871637	45.313614	82.800000
E_11-12	ARO:3000343	tap	1132	69.479770	67.760777	98.200000
E_11-12	ARO:3000347	ErmA	637	59.775510	56.525903	99.000000
E_11-12	ARO:3000361	EreA	401	79.846384	76.446135	107.000000
E_11-12	ARO:3000363	EreB	1125	77.431911	79.305778	110.000000
E_11-12	ARO:3000368	vanC	3417	55.444718	49.355458	70.500000
E_11-12	ARO:3000375	ErmB	1265	89.142055	81.266798	110.000000
E_11-12	ARO:3000377	MexA	7050	57.492539	54.393333	99.400000
E_11-12	ARO:3000378	MexB	73337	58.965914	56.016675	103.000000
E_11-12	ARO:3000379	OprM	7816	58.354939	52.278237	100.000000
E_11-12	ARO:3000391	norA	79	46.926582	45.655696	68.900000
E_11-12	ARO:3000392	Erm(37)	89	49.310112	43.050562	63.500000
E_11-12	ARO:3000410	sul1	2797	90.474187	81.564569	110.000000
E_11-12	ARO:3000412	sul2	3168	60.289615	55.934438	105.000000
E_11-12	ARO:3000413	sul3	2799	51.141229	48.831404	107.000000
E_11-12	ARO:3000421	norB	429	59.231469	58.108625	85.100000
E_11-12	ARO:3000444	rphA	3391	59.190504	53.644353	93.200000
E_11-12	ARO:3000448	QepA1	1328	49.288253	48.972741	85.900000
E_11-12	ARO:3000462	mgtA	46	52.550000	49.471739	73.900000
E_11-12	ARO:3000463	gimA	42	55.457143	50.245238	73.600000
E_11-12	ARO:3000467	NDM-5	27	79.225926	71.255556	108.000000
E_11-12	ARO:3000476	tet(31)	3972	53.083484	52.041415	106.000000
E_11-12	ARO:3000478	tet(33)	3382	55.354701	52.264370	103.000000
E_11-12	ARO:3000481	tet(35)	2272	59.974692	53.445863	85.900000
E_11-12	ARO:3000491	acrD	68443	58.026232	55.740166	110.000000
E_11-12	ARO:3000495	ErmD	955	48.408063	44.744712	55.100000
E_11-12	ARO:3000498	ErmF	4685	91.479317	86.474707	107.000000
E_11-12	ARO:3000499	AcrE	7466	57.646732	55.186927	104.000000
E_11-12	ARO:3000501	rpoB2	111516	65.905667	67.937669	110.000000
E_11-12	ARO:3000502	AcrF	75611	58.232038	55.435364	110.000000
E_11-12	ARO:3000504	golS	1589	56.455255	55.068722	91.700000
E_11-12	ARO:3000508	gadX	389	76.374550	72.352699	108.000000
E_11-12	ARO:3000510	Saur_mupB_MUP	33313	53.408915	54.326005	94.400000
E_11-12	ARO:3000516	emrR	225	90.395111	83.660444	112.000000
E_11-12	ARO:3000518	CRP	2649	72.331068	73.045640	107.000000
E_11-12	ARO:3000521	Saur_mupA_MUP	32587	53.409047	54.775978	98.200000
E_11-12	ARO:3000522	ErmG	524	65.445420	64.996183	108.000000
E_11-12	ARO:3000526	cmeR	38	45.007895	40.778947	53.100000
E_11-12	ARO:3000533	macA	1637	54.197557	50.379963	81.600000
E_11-12	ARO:3000535	macB	29743	55.892176	51.908822	97.100000
E_11-12	ARO:3000549	adeS	1872	46.352511	46.207585	87.400000
E_11-12	ARO:3000553	adeR	26776	47.012623	46.212310	97.800000
E_11-12	ARO:3000556	tet(44)	22311	59.164981	55.957537	108.000000
E_11-12	ARO:3000559	adeN	727	59.467813	60.312380	102.000000
E_11-12	ARO:3000561	tet(30)	4933	54.935435	53.440118	92.000000
E_11-12	ARO:3000565	tet(38)	37	52.983784	51.543243	65.900000
E_11-12	ARO:3000566	tet(39)	7302	76.947987	72.305533	108.000000
E_11-12	ARO:3000567	tet(40)	821	85.604750	81.129476	109.000000
E_11-12	ARO:3000569	tet(41)	7078	60.452727	59.764086	90.100000
E_11-12	ARO:3000572	tet(42)	2544	49.829599	46.219300	85.900000
E_11-12	ARO:3000573	tet(43)	578	53.739965	49.324048	92.800000
E_11-12	ARO:3000578	CcrA	136	59.265441	66.754412	112.000000
E_11-12	ARO:3000579	Cmen_BlaB	33	49.415152	60.500000	78.200000
E_11-12	ARO:3000582	L1_BLA	29	48.603448	45.948276	87.000000
E_11-12	ARO:3000589	NDM-1	40	89.465000	85.185000	108.000000
E_11-12	ARO:3000590	NDM-2	38	88.976316	85.552632	108.000000
E_11-12	ARO:3000592	ErmN	56	40.616071	39.798214	45.400000
E_11-12	ARO:3000593	ErmQ	688	48.144041	47.666860	108.000000
E_11-12	ARO:3000594	ErmR	423	50.140898	45.289598	79.000000
E_11-12	ARO:3000595	ErmT	785	64.767134	62.728408	106.000000
E_11-12	ARO:3000596	ErmX	496	80.551815	74.808266	108.000000
E_11-12	ARO:3000598	Erm(31)	368	56.150272	53.938315	83.200000
E_11-12	ARO:3000599	Erm(33)	622	61.977814	61.691318	92.400000
E_11-12	ARO:3000600	Erm(34)	193	45.560104	41.830570	52.000000
E_11-12	ARO:3000601	Erm(38)	213	64.947418	63.179812	93.600000
E_11-12	ARO:3000602	Erm(39)	274	60.964599	61.054380	92.800000
E_11-12	ARO:3000603	Erm(41)	9	46.277778	42.277778	62.400000
E_11-12	ARO:3000604	Erm(35)	4544	73.503961	70.982592	94.000000
E_11-12	ARO:3000605	Erm(36)	455	56.219560	52.421319	110.000000
E_11-12	ARO:3000606	FEZ-1	166	52.026506	53.781325	94.000000
E_11-12	ARO:3000614	mef(E)	52	64.898077	62.655769	92.400000
E_11-12	ARO:3000616	mel	4260	81.156831	76.669108	104.000000
E_11-12	ARO:3000617	mecA	1109	46.185843	44.534716	85.900000
E_11-12	ARO:3000620	adeL	2625	49.940914	47.230857	95.100000
E_11-12	ARO:3000621	PC1_blaZ	29	52.100000	49.200000	97.400000
E_11-12	ARO:3000656	AcrS	952	60.240756	55.366807	108.000000
E_11-12	ARO:3000676	H-NS	467	69.196788	55.598287	106.000000
E_11-12	ARO:3000753	abeM	4035	64.391648	61.991648	103.000000
E_11-12	ARO:3000768	abeS	3234	55.691713	53.287662	82.000000
E_11-12	ARO:3000774	adeA	2954	51.121090	47.750203	99.800000
E_11-12	ARO:3000775	adeB	54726	55.198673	52.179162	107.000000
E_11-12	ARO:3000777	adeF	60615	54.197817	50.786360	99.000000
E_11-12	ARO:3000778	adeG	3902	48.990236	45.686622	92.400000
E_11-12	ARO:3000779	adeH	3107	54.546315	46.913840	80.500000
E_11-12	ARO:3000780	adeI	5988	59.158701	56.449198	94.400000
E_11-12	ARO:3000781	adeJ	70730	58.203337	55.625565	107.000000
E_11-12	ARO:3000782	adeK	8061	60.249150	55.959769	102.000000
E_11-12	ARO:3000783	cmeA	328	46.559451	43.094207	98.200000
E_11-12	ARO:3000784	cmeB	61046	54.799812	51.620082	92.400000
E_11-12	ARO:3000785	cmeC	567	47.279012	42.778131	104.000000
E_11-12	ARO:3000789	mdsA	1673	49.423969	45.711895	86.300000
E_11-12	ARO:3000790	mdsB	60952	53.562817	50.574634	97.800000
E_11-12	ARO:3000791	mdsC	5496	57.031805	50.983188	87.400000
E_11-12	ARO:3000792	mdtA	2280	56.031316	54.102895	105.000000
E_11-12	ARO:3000793	mdtB	33825	56.986185	52.884881	105.000000
E_11-12	ARO:3000794	mdtC	30054	57.810551	53.912138	108.000000
E_11-12	ARO:3000795	mdtE	4826	55.798218	53.439702	106.000000
E_11-12	ARO:3000796	mdtF	73464	57.990951	55.049006	110.000000
E_11-12	ARO:3000800	MexC	3094	55.787233	51.285003	97.100000
E_11-12	ARO:3000801	MexD	60612	54.844617	52.281652	96.700000
E_11-12	ARO:3000802	OprJ	7764	56.907638	51.975013	97.100000
E_11-12	ARO:3000803	MexE	3004	50.956758	47.416811	100.000000
E_11-12	ARO:3000804	MexF	63320	54.357533	50.927895	105.000000
E_11-12	ARO:3000805	OprN	997	56.037713	48.418455	97.800000
E_11-12	ARO:3000806	MexG	8	54.925000	50.900000	59.700000
E_11-12	ARO:3000807	MexH	452	47.365044	42.909735	68.900000
E_11-12	ARO:3000808	MexI	39123	53.801222	48.536628	105.000000
E_11-12	ARO:3000809	OpmD	453	52.557174	44.082561	108.000000
E_11-12	ARO:3000810	mtrC	3198	51.607473	48.389368	82.800000
E_11-12	ARO:3000811	mtrD	52121	54.715545	50.889121	93.600000
E_11-12	ARO:3000812	mtrE	4483	58.643230	51.952822	78.600000
E_11-12	ARO:3000815	mgrA	931	45.702148	45.750698	79.300000
E_11-12	ARO:3000816	mtrA	332	48.287349	41.309337	61.200000
E_11-12	ARO:3000822	pmrA	802	56.893516	58.357731	86.300000
E_11-12	ARO:3000823	ramA	246	55.972358	56.576016	106.000000
E_11-12	ARO:3000826	sdiA	254	68.392126	67.382283	102.000000
E_11-12	ARO:3000830	cpxA	1661	68.220771	66.689946	109.000000
E_11-12	ARO:3000832	evgA	3784	39.777220	41.958747	109.000000
E_11-12	ARO:3000833	evgS	16090	44.780534	44.009546	115.000000
E_11-12	ARO:3000838	arlR	38573	50.429725	48.325650	76.300000
E_11-12	ARO:3000839	arlS	5784	50.993067	49.984284	87.000000
E_11-12	ARO:3000840	JOHN-1	54	57.855556	65.253704	81.600000
E_11-12	ARO:3000841	CGB-1	42	49.704762	54.133333	80.100000
E_11-12	ARO:3000842	EBR-1	47	54.682979	59.138298	105.000000
E_11-12	ARO:3000843	MUS-1	51	47.780392	55.200000	75.900000
E_11-12	ARO:3000844	TUS-1	46	46.689130	54.641304	73.200000
E_11-12	ARO:3000845	GIM-1	22	42.713636	46.559091	63.200000
E_11-12	ARO:3000846	SIM-1	5	65.120000	59.820000	105.000000
E_11-12	ARO:3000847	KHM-1	11	50.945455	40.909091	53.100000
E_11-12	ARO:3000848	DIM-1	12	43.325000	46.175000	65.500000
E_11-12	ARO:3000849	SFH-1	27	66.655556	74.614815	85.100000
E_11-12	ARO:3000850	GOB-1	116	48.205172	44.860345	67.400000
E_11-12	ARO:3000851	THIN-B	268	58.527985	60.310075	86.700000
E_11-12	ARO:3000853	AIM-1	241	54.258506	53.759751	94.000000
E_11-12	ARO:3000854	SMB-1	280	50.906786	56.511786	79.300000
E_11-12	ARO:3000855	CAU-1	307	62.464821	62.625733	110.000000
E_11-12	ARO:3000856	BJP-1	100	51.730000	51.802000	69.300000
E_11-12	ARO:3000858	armA	7	44.400000	41.200000	43.500000
E_11-12	ARO:3000859	rmtA	7	51.342857	47.357143	59.700000
E_11-12	ARO:3000860	rmtB	8	50.775000	46.487500	62.800000
E_11-12	ARO:3000861	rmtC	10	48.520000	48.870000	56.600000
E_11-12	ARO:3000862	sgm	12	50.241667	52.916667	70.900000
E_11-12	ARO:3000865	oleD	53	53.039623	49.124528	73.900000
E_11-12	ARO:3000866	oleI	97	52.195876	52.294845	77.800000
E_11-12	ARO:3000877	TEM-5	1	38.800000	43.500000	43.500000
E_11-12	ARO:3000878	TEM-6	11	53.936364	48.872727	62.000000
E_11-12	ARO:3000879	TEM-7	142	58.042958	53.467606	90.500000
E_11-12	ARO:3000881	TEM-9	2	79.350000	80.300000	87.800000
E_11-12	ARO:3000883	TEM-11	23	54.430435	53.630435	76.600000
E_11-12	ARO:3000887	TEM-16	43	54.988372	54.520930	87.000000
E_11-12	ARO:3000888	TEM-17	2	67.750000	61.050000	79.000000
E_11-12	ARO:3000891	TEM-20	22	59.245455	59.340909	72.400000
E_11-12	ARO:3000892	TEM-21	78	62.800000	62.571795	80.900000
E_11-12	ARO:3000893	TEM-22	1	61.500000	43.100000	43.100000
E_11-12	ARO:3000894	TEM-24	1	38.800000	43.500000	43.500000
E_11-12	ARO:3000896	TEM-26	1	61.500000	43.100000	43.100000
E_11-12	ARO:3000898	TEM-28	10	53.180000	49.450000	62.000000
E_11-12	ARO:3000899	TEM-29	10	53.180000	49.450000	62.000000
E_11-12	ARO:3000902	TEM-32	17	56.670588	56.729412	67.800000
E_11-12	ARO:3000904	TEM-34	109	58.977982	55.135780	90.500000
E_11-12	ARO:3000906	TEM-36	2	56.250000	56.800000	60.500000
E_11-12	ARO:3000907	TEM-37	1	48.000000	52.800000	52.800000
E_11-12	ARO:3000909	TEM-39	53	62.786792	63.337736	70.100000
E_11-12	ARO:3000910	TEM-40	1	48.000000	52.800000	52.800000
E_11-12	ARO:3000911	TEM-42	140	58.236429	53.908571	79.000000
E_11-12	ARO:3000912	TEM-43	43	54.090698	53.016279	69.700000
E_11-12	ARO:3000916	TEM-47	80	57.052500	56.660000	79.000000
E_11-12	ARO:3000921	TEM-52	26	59.269231	58.623077	72.400000
E_11-12	ARO:3000924	TEM-55	2	51.900000	54.500000	62.800000
E_11-12	ARO:3000926	TEM-57	50	51.224000	51.688000	68.600000
E_11-12	ARO:3000928	TEM-59	21	56.633333	56.271429	90.500000
E_11-12	ARO:3000929	TEM-60	1	52.100000	56.600000	56.600000
E_11-12	ARO:3000930	TEM-61	10	53.180000	49.450000	62.000000
E_11-12	ARO:3000931	TEM-63	6	56.333333	53.900000	69.700000
E_11-12	ARO:3000934	TEM-67	10	55.190000	57.570000	79.000000
E_11-12	ARO:3000936	TEM-70	3	65.066667	65.566667	79.700000
E_11-12	ARO:3000938	TEM-72	138	58.405797	55.002174	79.000000
E_11-12	ARO:3000941	TEM-75	153	57.867320	53.437255	90.500000
E_11-12	ARO:3000944	TEM-78	81	60.820988	61.616049	76.600000
E_11-12	ARO:3000947	TEM-80	90	62.953333	53.036667	68.600000
E_11-12	ARO:3000948	TEM-81	93	63.029032	53.387097	68.600000
E_11-12	ARO:3000949	TEM-82	2	56.250000	56.800000	60.500000
E_11-12	ARO:3000950	TEM-83	4	65.950000	68.375000	70.100000
E_11-12	ARO:3000952	TEM-85	1	77.100000	72.800000	72.800000
E_11-12	ARO:3000953	TEM-86	1	38.800000	43.500000	43.500000
E_11-12	ARO:3000954	TEM-87	26	53.988462	54.146154	69.700000
E_11-12	ARO:3000955	TEM-88	14	64.250000	64.178571	75.100000
E_11-12	ARO:3000956	TEM-89	11	56.127273	54.672727	72.400000
E_11-12	ARO:3000957	TEM-90	76	61.230263	51.946053	61.600000
E_11-12	ARO:3000958	TEM-91	20	56.135000	56.585000	76.600000
E_11-12	ARO:3000959	TEM-92	28	59.696429	59.307143	79.000000
E_11-12	ARO:3000960	TEM-93	21	59.128571	59.252381	72.400000
E_11-12	ARO:3000961	TEM-94	16	57.212500	56.975000	67.800000
E_11-12	ARO:3000962	TEM-95	74	61.675676	57.916216	67.800000
E_11-12	ARO:3000965	TEM-102	67	55.198507	57.092537	79.000000
E_11-12	ARO:3000966	TEM-103	1	68.800000	72.400000	72.400000
E_11-12	ARO:3000968	TEM-105	85	60.504706	52.121176	65.500000
E_11-12	ARO:3000969	TEM-106	24	59.387500	58.825000	72.400000
E_11-12	ARO:3000970	TEM-107	17	54.900000	50.852941	69.700000
E_11-12	ARO:3000971	TEM-108	1	57.100000	62.400000	62.400000
E_11-12	ARO:3000972	TEM-109	37	54.329730	53.954054	87.000000
E_11-12	ARO:3000973	TEM-110	3	78.100000	79.333333	87.800000
E_11-12	ARO:3000975	TEM-112	78	62.848718	62.858974	80.900000
E_11-12	ARO:3000976	TEM-113	24	59.387500	58.825000	72.400000
E_11-12	ARO:3000977	TEM-114	1	38.800000	43.500000	43.500000
E_11-12	ARO:3000978	TEM-115	10	53.180000	49.450000	62.000000
E_11-12	ARO:3000979	TEM-116	63	55.446032	57.198413	87.000000
E_11-12	ARO:3000980	TEM-117	167	58.670060	54.855090	90.500000
E_11-12	ARO:3000981	TEM-118	153	57.867320	53.437255	90.500000
E_11-12	ARO:3000983	TEM-121	2	50.150000	43.500000	43.900000
E_11-12	ARO:3000985	TEM-123	98	58.947959	52.332653	79.000000
E_11-12	ARO:3000986	TEM-124	128	58.595312	53.497656	79.000000
E_11-12	ARO:3000987	TEM-125	27	62.718519	63.088889	67.800000
E_11-12	ARO:3000988	TEM-126	128	58.513281	53.900781	90.500000
E_11-12	ARO:3000989	TEM-127	47	61.770213	61.902128	79.700000
E_11-12	ARO:3000994	TEM-130	1	38.800000	44.700000	44.700000
E_11-12	ARO:3000995	TEM-131	3	49.200000	48.533333	52.000000
E_11-12	ARO:3000996	TEM-132	105	57.346667	53.015238	76.600000
E_11-12	ARO:3000997	TEM-133	1	61.500000	43.100000	43.100000
E_11-12	ARO:3000998	TEM-134	10	53.180000	49.450000	62.000000
E_11-12	ARO:3000999	TEM-135	16	57.212500	56.975000	67.800000
E_11-12	ARO:3001000	TEM-136	1	38.800000	43.500000	43.500000
E_11-12	ARO:3001002	TEM-138	3	65.366667	60.333333	69.700000
E_11-12	ARO:3001013	TEM-146	53	63.026415	51.205660	56.600000
E_11-12	ARO:3001014	TEM-147	12	56.225000	53.858333	88.600000
E_11-12	ARO:3001015	TEM-148	4	51.700000	55.950000	62.400000
E_11-12	ARO:3001016	TEM-149	4	51.725000	48.125000	52.000000
E_11-12	ARO:3001018	TEM-151	12	53.691667	50.675000	62.000000
E_11-12	ARO:3001019	TEM-152	12	53.691667	50.675000	62.000000
E_11-12	ARO:3001022	TEM-156	48	63.191667	60.508333	80.100000
E_11-12	ARO:3001023	TEM-157	66	54.360606	55.096970	69.300000
E_11-12	ARO:3001024	TEM-158	16	56.137500	57.475000	76.600000
E_11-12	ARO:3001025	TEM-159	24	58.825000	59.229167	72.400000
E_11-12	ARO:3001026	TEM-160	2	56.250000	56.800000	60.500000
E_11-12	ARO:3001028	TEM-162	56	54.933929	54.162500	69.700000
E_11-12	ARO:3001032	TEM-166	55	57.818182	56.963636	77.000000
E_11-12	ARO:3001033	TEM-167	1	59.200000	63.200000	63.200000
E_11-12	ARO:3001034	TEM-168	3	78.100000	79.333333	87.800000
E_11-12	ARO:3001035	TEM-169	31	61.687097	61.264516	69.300000
E_11-12	ARO:3001037	TEM-171	1	64.600000	60.500000	60.500000
E_11-12	ARO:3001041	TEM-176	4	64.200000	65.100000	88.600000
E_11-12	ARO:3001042	TEM-177	6	52.516667	50.950000	69.700000
E_11-12	ARO:3001043	TEM-178	142	58.263380	54.140141	67.800000
E_11-12	ARO:3001044	TEM-181	5	48.560000	51.980000	53.500000
E_11-12	ARO:3001045	TEM-183	46	54.650000	56.517391	79.000000
E_11-12	ARO:3001047	TEM-187	148	57.791892	53.365541	90.500000
E_11-12	ARO:3001050	TEM-190	24	61.025000	60.800000	69.300000
E_11-12	ARO:3001052	TEM-192	166	58.481928	54.628916	90.500000
E_11-12	ARO:3001053	TEM-193	1	40.400000	42.000000	42.000000
E_11-12	ARO:3001054	TEM-194	27	54.211111	50.822222	61.200000
E_11-12	ARO:3001055	TEM-195	70	58.287143	52.100000	77.000000
E_11-12	ARO:3001056	TEM-197	5	48.560000	51.980000	53.500000
E_11-12	ARO:3001057	TEM-198	31	55.919355	58.312903	79.000000
E_11-12	ARO:3001058	TEM-199	141	60.087234	54.397872	80.100000
E_11-12	ARO:3001065	SHV-6	3	100.000000	86.266667	98.600000
E_11-12	ARO:3001067	SHV-8	4	90.200000	78.950000	98.600000
E_11-12	ARO:3001068	SHV-9	120	60.880000	61.546667	81.300000
E_11-12	ARO:3001070	SHV-11	2	100.000000	96.450000	97.800000
E_11-12	ARO:3001071	SHV-12	56	68.750000	66.650000	102.000000
E_11-12	ARO:3001074	SHV-15	3	100.000000	97.033333	98.200000
E_11-12	ARO:3001076	SHV-18	56	66.991071	65.021429	102.000000
E_11-12	ARO:3001077	SHV-19	7	63.514286	67.614286	73.200000
E_11-12	ARO:3001078	SHV-20	64	61.198438	59.729688	102.000000
E_11-12	ARO:3001079	SHV-21	25	64.572000	63.792000	102.000000
E_11-12	ARO:3001080	SHV-22	66	61.213636	60.546970	102.000000
E_11-12	ARO:3001081	SHV-23	56	63.442857	65.344643	102.000000
E_11-12	ARO:3001082	SHV-24	47	64.500000	60.676596	102.000000
E_11-12	ARO:3001083	SHV-25	18	63.227778	62.716667	75.900000
E_11-12	ARO:3001084	SHV-26	2	100.000000	92.800000	92.800000
E_11-12	ARO:3001085	SHV-27	1	68.800000	74.700000	74.700000
E_11-12	ARO:3001090	SHV-32	7	79.000000	70.800000	98.600000
E_11-12	ARO:3001093	SHV-35	25	69.836000	66.236000	98.600000
E_11-12	ARO:3001094	SHV-36	2	100.000000	98.200000	98.600000
E_11-12	ARO:3001095	SHV-37	18	63.227778	62.716667	75.900000
E_11-12	ARO:3001096	SHV-38	1	100.000000	62.000000	62.000000
E_11-12	ARO:3001099	SHV-41	52	67.528846	66.307692	102.000000
E_11-12	ARO:3001100	SHV-42	54	66.396296	66.587037	102.000000
E_11-12	ARO:3001101	SHV-43	15	54.506667	52.646667	63.900000
E_11-12	ARO:3001103	SHV-45	1	68.800000	74.700000	74.700000
E_11-12	ARO:3001105	SHV-48	26	53.707692	54.888462	77.800000
E_11-12	ARO:3001106	SHV-49	1	100.000000	62.000000	62.000000
E_11-12	ARO:3001108	SHV-51	3	52.100000	54.566667	56.200000
E_11-12	ARO:3001109	SHV-52	28	65.935714	62.803571	98.600000
E_11-12	ARO:3001110	SHV-53	136	63.319118	62.963235	102.000000
E_11-12	ARO:3001112	SHV-56	41	68.917073	66.629268	102.000000
E_11-12	ARO:3001113	SHV-57	1	100.000000	62.000000	62.000000
E_11-12	ARO:3001115	SHV-60	2	100.000000	92.800000	92.800000
E_11-12	ARO:3001116	SHV-61	35	68.768571	65.454286	102.000000
E_11-12	ARO:3001117	SHV-62	16	57.550000	57.868750	97.800000
E_11-12	ARO:3001118	SHV-63	1	45.500000	40.000000	40.000000
E_11-12	ARO:3001119	SHV-64	61	65.921311	63.509836	98.200000
E_11-12	ARO:3001120	SHV-65	1	45.500000	40.000000	40.000000
E_11-12	ARO:3001121	SHV-66	2	100.000000	96.450000	97.800000
E_11-12	ARO:3001122	SHV-67	1	100.000000	95.100000	95.100000
E_11-12	ARO:3001123	SHV-69	4	89.900000	87.700000	98.600000
E_11-12	ARO:3001124	SHV-70	10	60.780000	59.080000	78.600000
E_11-12	ARO:3001125	SHV-71	14	51.485714	52.328571	61.200000
E_11-12	ARO:3001127	SHV-73	21	61.614286	58.585714	102.000000
E_11-12	ARO:3001129	SHV-75	1	100.000000	62.000000	62.000000
E_11-12	ARO:3001131	SHV-77	2	82.850000	67.750000	95.100000
E_11-12	ARO:3001132	SHV-78	6	79.416667	73.366667	98.600000
E_11-12	ARO:3001133	SHV-79	39	68.251282	63.430769	102.000000
E_11-12	ARO:3001134	SHV-80	19	53.657895	54.852632	70.900000
E_11-12	ARO:3001135	SHV-81	1	70.200000	71.600000	71.600000
E_11-12	ARO:3001137	SHV-83	1	100.000000	98.600000	98.600000
E_11-12	ARO:3001141	SHV-89	38	68.705263	67.944737	102.000000
E_11-12	ARO:3001144	SHV-92	21	73.485714	70.314286	98.600000
E_11-12	ARO:3001145	SHV-93	4	82.100000	82.400000	97.800000
E_11-12	ARO:3001148	SHV-96	2	100.000000	96.450000	97.800000
E_11-12	ARO:3001149	SHV-97	1	100.000000	62.000000	62.000000
E_11-12	ARO:3001150	SHV-101	27	68.518519	64.551852	102.000000
E_11-12	ARO:3001151	SHV-102	1	100.000000	62.000000	62.000000
E_11-12	ARO:3001153	SHV-104	6	59.450000	60.000000	71.600000
E_11-12	ARO:3001154	SHV-105	16	72.200000	63.287500	102.000000
E_11-12	ARO:3001157	SHV-108	11	67.554545	64.181818	97.800000
E_11-12	ARO:3001159	SHV-110	1	68.800000	74.700000	74.700000
E_11-12	ARO:3001160	SHV-111	5	62.660000	54.220000	69.300000
E_11-12	ARO:3001164	SHV-115	1	46.900000	50.100000	50.100000
E_11-12	ARO:3001165	SHV-116	1	46.900000	50.100000	50.100000
E_11-12	ARO:3001168	SHV-121	29	67.527586	66.189655	102.000000
E_11-12	ARO:3001170	SHV-123	72	65.526389	64.734722	102.000000
E_11-12	ARO:3001171	SHV-124	85	63.576471	62.296471	102.000000
E_11-12	ARO:3001172	SHV-125	74	65.060811	64.104054	102.000000
E_11-12	ARO:3001173	SHV-126	80	65.032500	63.475000	102.000000
E_11-12	ARO:3001174	SHV-127	67	64.798507	64.113433	102.000000
E_11-12	ARO:3001175	SHV-128	5	86.000000	86.040000	98.200000
E_11-12	ARO:3001176	SHV-129	2	100.000000	96.450000	97.800000
E_11-12	ARO:3001177	SHV-133	1	100.000000	62.000000	62.000000
E_11-12	ARO:3001178	SHV-134	5	64.620000	65.860000	95.100000
E_11-12	ARO:3001179	SHV-135	2	100.000000	92.800000	92.800000
E_11-12	ARO:3001181	SHV-137	108	66.353704	65.902778	102.000000
E_11-12	ARO:3001182	SHV-140	32	48.521875	50.465625	60.500000
E_11-12	ARO:3001186	SHV-147	3	47.433333	40.566667	42.000000
E_11-12	ARO:3001188	SHV-149	5	54.960000	54.600000	56.600000
E_11-12	ARO:3001191	SHV-152	19	68.505263	63.763158	98.200000
E_11-12	ARO:3001192	SHV-153	1	100.000000	62.000000	62.000000
E_11-12	ARO:3001195	SHV-156	11	65.236364	63.281818	97.800000
E_11-12	ARO:3001196	SHV-157	9	63.155556	60.666667	97.800000
E_11-12	ARO:3001197	SHV-158	3	57.133333	53.766667	60.500000
E_11-12	ARO:3001198	SHV-159	8	58.750000	55.775000	57.400000
E_11-12	ARO:3001201	SHV-162	8	75.275000	65.612500	98.200000
E_11-12	ARO:3001204	SHV-167	31	57.422581	55.851613	98.600000
E_11-12	ARO:3001205	BRP(MBL)	44	77.465909	78.088636	113.000000
E_11-12	ARO:3001209	mecC	1530	45.669608	44.477124	74.700000
E_11-12	ARO:3001214	mdtM	1358	58.455155	56.188513	104.000000
E_11-12	ARO:3001216	mdtH	712	75.751685	74.553090	111.000000
E_11-12	ARO:3001265	Erm(30)	446	46.091704	43.915022	70.900000
E_11-12	ARO:3001299	Sfra_tlrB_TYL	692	49.419942	45.585838	68.200000
E_11-12	ARO:3001300	myrA	595	50.715630	44.668571	67.000000
E_11-12	ARO:3001301	RlmA(II)	453	50.502428	49.601545	95.500000
E_11-12	ARO:3001302	chrB	582	51.403436	45.883849	64.300000
E_11-12	ARO:3001303	ErmO-srmA	66	48.875758	42.440909	79.700000
E_11-12	ARO:3001304	ErmS	60	47.896667	42.333333	77.800000
E_11-12	ARO:3001305	ErmU	130	59.606154	64.293077	79.700000
E_11-12	ARO:3001306	ErmW	121	55.058678	55.542975	77.800000
E_11-12	ARO:3001307	vgbA	3	46.633333	44.566667	54.300000
E_11-12	ARO:3001313	facT	1762	46.160216	44.456810	67.000000
E_11-12	ARO:3001327	MdtK	479	71.500209	70.862839	103.000000
E_11-12	ARO:3001328	Ecol_mdfA	1798	59.916630	56.729811	104.000000
E_11-12	ARO:3001329	mdtG	939	67.700426	66.049840	112.000000
E_11-12	ARO:3001337	SHV-99	30	54.440000	51.630000	60.100000
E_11-12	ARO:3001341	SHV-132	1	60.000000	59.700000	59.700000
E_11-12	ARO:3001347	SHV-164	15	72.413333	66.960000	98.600000
E_11-12	ARO:3001350	SHV-180	10	84.100000	74.560000	98.600000
E_11-12	ARO:3001356	SHV-172	2	100.000000	96.450000	97.800000
E_11-12	ARO:3001364	SHV-182	45	70.864444	68.693333	102.000000
E_11-12	ARO:3001369	TEM-153	22	59.245455	59.340909	72.400000
E_11-12	ARO:3001373	TEM-182	29	63.203448	63.179310	72.400000
E_11-12	ARO:3001374	TEM-185	54	62.720370	63.335185	70.100000
E_11-12	ARO:3001375	TEM-184	70	62.038571	49.748571	59.700000
E_11-12	ARO:3001382	TEM-205	9	53.366667	54.777778	62.800000
E_11-12	ARO:3001383	TEM-206	18	56.666667	57.744444	79.000000
E_11-12	ARO:3001384	TEM-207	36	53.094444	50.880556	76.600000
E_11-12	ARO:3001385	TEM-208	5	59.980000	56.760000	69.300000
E_11-12	ARO:3001388	TEM-211	16	57.212500	56.975000	67.800000
E_11-12	ARO:3001389	TEM-212	1	54.300000	49.700000	49.700000
E_11-12	ARO:3001392	TEM-215	73	63.052055	62.934247	80.900000
E_11-12	ARO:3001396	OXA-1	531	82.726742	80.749341	112.000000
E_11-12	ARO:3001397	OXA-2	1097	66.580219	68.426709	117.000000
E_11-12	ARO:3001398	OXA-3	476	73.065546	73.783824	117.000000
E_11-12	ARO:3001399	OXA-4	538	82.183271	80.317100	112.000000
E_11-12	ARO:3001400	OXA-5	322	69.416460	64.698447	107.000000
E_11-12	ARO:3001402	OXA-7	555	76.296036	72.936216	108.000000
E_11-12	ARO:3001404	OXA-9	231	59.236797	61.127706	112.000000
E_11-12	ARO:3001405	OXA-10	1571	87.991916	84.572438	111.000000
E_11-12	ARO:3001406	OXA-11	1119	90.476050	85.077301	111.000000
E_11-12	ARO:3001407	OXA-12	464	70.356681	72.567672	114.000000
E_11-12	ARO:3001408	OXA-13	574	85.274216	84.368990	111.000000
E_11-12	ARO:3001409	OXA-14	1207	89.954515	85.154101	111.000000
E_11-12	ARO:3001410	OXA-15	1116	66.351344	68.120699	117.000000
E_11-12	ARO:3001411	OXA-16	935	88.428556	85.638503	111.000000
E_11-12	ARO:3001412	OXA-17	1226	90.161011	85.796330	111.000000
E_11-12	ARO:3001413	OXA-18	296	52.846622	54.081757	90.500000
E_11-12	ARO:3001414	OXA-19	435	77.828736	74.431494	111.000000
E_11-12	ARO:3001415	OXA-20	644	54.626708	54.262112	112.000000
E_11-12	ARO:3001416	OXA-21	507	71.789546	72.386588	119.000000
E_11-12	ARO:3001417	OXA-22	108	51.667593	50.446296	72.000000
E_11-12	ARO:3001418	OXA-23	67	53.359701	55.165672	96.700000
E_11-12	ARO:3001419	OXA-24	19	66.157895	68.684211	105.000000
E_11-12	ARO:3001420	OXA-25	19	66.042105	68.526316	105.000000
E_11-12	ARO:3001421	OXA-26	19	65.931579	68.500000	103.000000
E_11-12	ARO:3001422	OXA-27	112	61.987500	65.508036	96.700000
E_11-12	ARO:3001423	OXA-28	393	81.221374	77.343511	111.000000
E_11-12	ARO:3001424	OXA-29	333	57.015616	60.690390	108.000000
E_11-12	ARO:3001425	OXA-31	541	81.898706	80.104806	112.000000
E_11-12	ARO:3001426	OXA-32	956	69.166423	71.810251	117.000000
E_11-12	ARO:3001427	OXA-33	523	81.304398	79.401721	112.000000
E_11-12	ARO:3001428	OXA-34	865	66.647977	70.087399	117.000000
E_11-12	ARO:3001429	OXA-35	842	82.262827	81.500000	111.000000
E_11-12	ARO:3001430	OXA-36	1091	61.998992	65.683593	117.000000
E_11-12	ARO:3001431	OXA-37	657	54.601979	54.233942	112.000000
E_11-12	ARO:3001437	OXA-67	1	86.000000	79.300000	79.300000
E_11-12	ARO:3001438	OXA-100	14	69.171429	74.307143	79.300000
E_11-12	ARO:3001439	OXA-101	715	81.497203	80.008671	111.000000
E_11-12	ARO:3001440	OXA-115	1	73.500000	82.800000	82.800000
E_11-12	ARO:3001441	OXA-116	98	75.918367	79.706122	92.400000
E_11-12	ARO:3001442	OXA-117	29	81.220690	83.562069	92.400000
E_11-12	ARO:3001444	OXA-122	54	70.966667	59.072222	77.800000
E_11-12	ARO:3001445	OXA-123	15	64.906667	67.793333	81.600000
E_11-12	ARO:3001446	OXA-124	10	66.500000	69.180000	81.600000
E_11-12	ARO:3001447	OXA-125	91	72.613187	72.016484	92.000000
E_11-12	ARO:3001448	OXA-126	5	64.120000	67.060000	87.000000
E_11-12	ARO:3001451	OXA-139	13	73.738462	76.084615	105.000000
E_11-12	ARO:3001452	OXA-140	504	80.580952	78.345238	112.000000
E_11-12	ARO:3001453	OXA-148	32	72.868750	77.209375	90.100000
E_11-12	ARO:3001455	OXA-150	42	77.221429	79.264286	92.400000
E_11-12	ARO:3001456	OXA-151	332	44.206024	43.587952	66.200000
E_11-12	ARO:3001457	OXA-152	304	43.999342	43.696053	66.200000
E_11-12	ARO:3001458	OXA-153	251	43.866932	42.219124	65.500000
E_11-12	ARO:3001459	OXA-154	136	44.308824	47.480882	63.900000
E_11-12	ARO:3001460	OXA-155	131	44.283969	47.496947	63.900000
E_11-12	ARO:3001461	OXA-156	170	46.454118	47.966471	65.900000
E_11-12	ARO:3001462	OXA-157	188	44.935106	48.403723	61.600000
E_11-12	ARO:3001463	OXA-158	122	43.931967	46.494262	65.500000
E_11-12	ARO:3001464	OXA-159	118	44.142373	46.606780	65.500000
E_11-12	ARO:3001465	OXA-165	51	51.027451	53.874510	96.700000
E_11-12	ARO:3001466	OXA-166	60	51.301667	53.290000	96.700000
E_11-12	ARO:3001467	OXA-167	120	61.592500	65.040000	96.700000
E_11-12	ARO:3001468	OXA-168	50	51.884000	54.300000	96.700000
E_11-12	ARO:3001469	OXA-169	66	53.072727	54.881818	96.700000
E_11-12	ARO:3001470	OXA-170	60	52.033333	53.893333	96.700000
E_11-12	ARO:3001471	OXA-171	75	53.644000	55.962667	96.700000
E_11-12	ARO:3001472	OXA-178	24	71.279167	74.325000	85.100000
E_11-12	ARO:3001474	OXA-180	10	69.060000	74.920000	85.500000
E_11-12	ARO:3001475	OXA-183	361	80.523823	76.047368	111.000000
E_11-12	ARO:3001476	OXA-184	37	50.135135	46.689189	58.900000
E_11-12	ARO:3001477	OXA-185	34	50.344118	46.755882	58.900000
E_11-12	ARO:3001478	OXA-193	47	49.504255	44.776596	57.400000
E_11-12	ARO:3001480	OXA-195	9	68.088889	78.522222	84.300000
E_11-12	ARO:3001482	OXA-197	45	70.637778	55.737778	73.200000
E_11-12	ARO:3001483	OXA-205	813	60.097663	62.580197	121.000000
E_11-12	ARO:3001485	OXA-207	19	66.047368	68.473684	103.000000
E_11-12	ARO:3001486	OXA-208	91	70.780220	75.890110	91.700000
E_11-12	ARO:3001487	OXA-210	782	71.414706	72.541688	117.000000
E_11-12	ARO:3001488	OXA-216	20	72.015000	77.090000	89.000000
E_11-12	ARO:3001489	OXA-217	21	70.090476	73.004762	79.300000
E_11-12	ARO:3001493	OXA-225	113	60.236283	63.724779	96.700000
E_11-12	ARO:3001495	OXA-233	966	90.154244	83.837992	111.000000
E_11-12	ARO:3001496	OXA-234	2	55.100000	57.000000	72.800000
E_11-12	ARO:3001498	OXA-239	74	62.151351	64.944595	96.700000
E_11-12	ARO:3001499	OXA-240	1235	88.058057	83.012470	111.000000
E_11-12	ARO:3001500	OXA-251	912	88.581798	81.683004	111.000000
E_11-12	ARO:3001501	OXA-252	52	53.294231	56.263462	110.000000
E_11-12	ARO:3001502	OXA-256	1262	88.513867	84.315372	111.000000
E_11-12	ARO:3001503	OXA-258	73	49.390411	49.345205	74.700000
E_11-12	ARO:3001504	OXA-309	818	92.408313	88.560758	109.000000
E_11-12	ARO:3001510	OXA-322	62	81.558065	84.650000	95.100000
E_11-12	ARO:3001511	OXA-323	55	80.069091	82.765455	93.200000
E_11-12	ARO:3001512	OXA-324	64	78.651562	81.940625	93.200000
E_11-12	ARO:3001513	OXA-325	94	80.281915	83.173404	95.100000
E_11-12	ARO:3001514	OXA-326	61	81.522951	84.598361	95.100000
E_11-12	ARO:3001515	OXA-327	83	74.875904	77.859036	93.200000
E_11-12	ARO:3001516	OXA-328	26	77.376923	80.907692	92.400000
E_11-12	ARO:3001517	OXA-329	109	79.030275	83.073394	95.100000
E_11-12	ARO:3001518	OXA-330	87	73.386207	76.301149	93.200000
E_11-12	ARO:3001519	OXA-331	79	79.994937	83.792405	95.100000
E_11-12	ARO:3001520	OXA-332	72	78.762500	81.313889	93.200000
E_11-12	ARO:3001521	OXA-333	798	93.925564	89.235714	113.000000
E_11-12	ARO:3001522	OXA-334	777	92.408108	88.209524	109.000000
E_11-12	ARO:3001523	OXA-335	139	75.858273	78.271223	101.000000
E_11-12	ARO:3001525	OXA-337	2	57.650000	60.700000	76.300000
E_11-12	ARO:3001527	OXA-339	2	57.650000	60.700000	76.300000
E_11-12	ARO:3001530	OXA-342	17	71.188235	83.300000	85.500000
E_11-12	ARO:3001531	OXA-343	3	79.066667	82.766667	87.000000
E_11-12	ARO:3001534	OXA-346	3	56.400000	60.066667	92.400000
E_11-12	ARO:3001535	OXA-348	150	76.492667	81.116000	95.100000
E_11-12	ARO:3001536	OXA-349	17	76.017647	77.111765	92.400000
E_11-12	ARO:3001537	OXA-350	78	79.414103	82.112821	95.100000
E_11-12	ARO:3001538	OXA-351	102	76.776471	80.979412	95.100000
E_11-12	ARO:3001539	OXA-352	110	79.543636	82.856364	95.100000
E_11-12	ARO:3001540	OXA-353	46	80.352174	83.939130	95.100000
E_11-12	ARO:3001541	OXA-354	62	80.975806	83.774194	95.100000
E_11-12	ARO:3001542	OXA-355	158	70.310127	69.996203	98.600000
E_11-12	ARO:3001543	OXA-356	126	70.940476	69.914286	98.600000
E_11-12	ARO:3001544	OXA-357	19	64.836842	68.836842	94.000000
E_11-12	ARO:3001545	OXA-358	90	72.255556	70.476667	94.400000
E_11-12	ARO:3001546	OXA-359	64	80.751562	83.668750	93.200000
E_11-12	ARO:3001547	OXA-360	13	86.653846	78.138462	101.000000
E_11-12	ARO:3001548	OXA-361	93	75.968817	78.988172	102.000000
E_11-12	ARO:3001549	OXA-362	98	67.178571	71.217347	104.000000
E_11-12	ARO:3001550	OXA-363	166	72.487952	75.594578	102.000000
E_11-12	ARO:3001551	OXA-364	109	48.416514	48.965138	77.800000
E_11-12	ARO:3001552	OXA-365	3	83.966667	84.600000	85.500000
E_11-12	ARO:3001553	OXA-366	120	61.592500	65.040000	96.700000
E_11-12	ARO:3001555	OXA-368	851	90.972855	84.566392	111.000000
E_11-12	ARO:3001557	OXA-371	103	73.562136	75.468932	92.400000
E_11-12	ARO:3001558	OXA-372	1141	52.956792	56.891236	88.200000
E_11-12	ARO:3001559	OXA-373	857	92.471645	88.285181	114.000000
E_11-12	ARO:3001560	OXA-374	3	71.400000	76.400000	76.600000
E_11-12	ARO:3001561	OXA-375	17	71.188235	83.205882	85.500000
E_11-12	ARO:3001562	OXA-376	37	73.494595	78.645946	91.700000
E_11-12	ARO:3001563	OXA-377	25	82.772000	85.136000	92.400000
E_11-12	ARO:3001564	OXA-378	19	69.142105	73.989474	85.100000
E_11-12	ARO:3001565	OXA-379	31	66.751613	70.890323	88.200000
E_11-12	ARO:3001566	OXA-380	18	76.300000	79.677778	91.700000
E_11-12	ARO:3001567	OXA-381	24	63.808333	68.770833	83.200000
E_11-12	ARO:3001568	OXA-382	20	66.520000	70.335000	84.000000
E_11-12	ARO:3001569	OXA-383	3	83.966667	84.600000	85.500000
E_11-12	ARO:3001570	OXA-384	7	73.328571	75.757143	85.500000
E_11-12	ARO:3001571	OXA-385	17	69.570588	75.923529	91.700000
E_11-12	ARO:3001572	OXA-386	3	83.966667	84.600000	85.500000
E_11-12	ARO:3001574	OXA-388	5	65.880000	70.560000	84.700000
E_11-12	ARO:3001575	OXA-389	60	71.825000	77.123333	91.300000
E_11-12	ARO:3001576	OXA-390	22	66.509091	70.136364	84.000000
E_11-12	ARO:3001577	OXA-391	102	70.120588	74.855882	91.700000
E_11-12	ARO:3001578	OXA-392	522	83.110536	80.920115	112.000000
E_11-12	ARO:3001581	OXA-395	153	55.323529	57.410458	112.000000
E_11-12	ARO:3001582	OXA-396	175	53.540571	55.499429	112.000000
E_11-12	ARO:3001583	OXA-397	201	96.969154	91.787562	109.000000
E_11-12	ARO:3001584	OXA-398	54	51.301852	53.477778	96.700000
E_11-12	ARO:3001586	OXA-400	5	64.120000	67.060000	87.000000
E_11-12	ARO:3001587	OXA-401	46	70.845652	64.343478	86.700000
E_11-12	ARO:3001588	OXA-402	48	72.510417	78.397917	92.000000
E_11-12	ARO:3001589	OXA-403	1	81.600000	92.400000	92.400000
E_11-12	ARO:3001596	OXA-405	936	52.702244	54.148291	104.000000
E_11-12	ARO:3001597	OXA-406	12	61.866667	64.391667	76.300000
E_11-12	ARO:3001598	OXA-407	1	81.600000	93.200000	93.200000
E_11-12	ARO:3001599	OXA-408	41	67.429268	58.519512	84.700000
E_11-12	ARO:3001601	OXA-410	1	81.600000	92.800000	92.800000
E_11-12	ARO:3001602	OXA-411	3	71.400000	76.400000	76.600000
E_11-12	ARO:3001603	OXA-412	5	69.300000	73.120000	81.600000
E_11-12	ARO:3001606	OXA-415	909	67.135864	68.679538	117.000000
E_11-12	ARO:3001607	OXA-416	111	49.053153	52.916216	105.000000
E_11-12	ARO:3001608	OXA-417	249	77.734940	79.286345	95.500000
E_11-12	ARO:3001609	OXA-114a	80	49.365000	48.592500	74.300000
E_11-12	ARO:3001610	OXA-243	105	49.302857	49.622857	75.100000
E_11-12	ARO:3001611	OXA-58	202	97.029703	91.852475	109.000000
E_11-12	ARO:3001612	OXA-51	23	81.473913	83.030435	91.700000
E_11-12	ARO:3001613	OXA-64	3	83.966667	84.600000	85.500000
E_11-12	ARO:3001616	OXA-68	4	80.325000	82.025000	85.500000
E_11-12	ARO:3001617	OXA-69	31	70.532258	72.561290	92.400000
E_11-12	ARO:3001618	OXA-70	21	65.238095	67.604762	84.000000
E_11-12	ARO:3001619	OXA-71	3	71.400000	76.400000	76.600000
E_11-12	ARO:3001620	OXA-75	9	71.277778	74.500000	85.900000
E_11-12	ARO:3001622	OXA-77	3	83.966667	84.600000	85.500000
E_11-12	ARO:3001623	OXA-83	26	70.273077	73.303846	85.100000
E_11-12	ARO:3001624	OXA-84	5	64.440000	67.780000	85.500000
E_11-12	ARO:3001628	OXA-93	1	71.400000	73.600000	73.600000
E_11-12	ARO:3001629	OXA-94	1	79.200000	83.200000	83.200000
E_11-12	ARO:3001630	OXA-95	13	67.876923	73.923077	79.000000
E_11-12	ARO:3001631	OXA-96	192	98.119792	92.667188	109.000000
E_11-12	ARO:3001632	OXA-92	3	70.700000	73.166667	92.400000
E_11-12	ARO:3001633	OXA-79	21	74.695238	82.704762	94.000000
E_11-12	ARO:3001636	OXA-104	14	68.085714	74.200000	79.000000
E_11-12	ARO:3001637	OXA-106	48	69.693750	75.131250	91.700000
E_11-12	ARO:3001638	OXA-107	1	81.600000	92.400000	92.400000
E_11-12	ARO:3001639	OXA-108	8	70.625000	74.962500	85.900000
E_11-12	ARO:3001641	OXA-110	1	81.600000	92.400000	92.400000
E_11-12	ARO:3001642	OXA-111	78	72.158974	79.639744	92.800000
E_11-12	ARO:3001643	OXA-112	2	66.450000	68.150000	92.400000
E_11-12	ARO:3001644	OXA-113	30	77.126667	84.690000	91.700000
E_11-12	ARO:3001646	OXA-98	45	77.440000	79.088889	92.400000
E_11-12	ARO:3001647	OXA-97	201	96.938806	91.784080	109.000000
E_11-12	ARO:3001648	OXA-128	4	80.325000	82.625000	86.300000
E_11-12	ARO:3001649	OXA-99	100	70.007000	75.255000	92.800000
E_11-12	ARO:3001650	OXA-90	84	72.703571	78.835714	91.700000
E_11-12	ARO:3001651	OXA-130	70	71.828571	77.898571	91.700000
E_11-12	ARO:3001652	OXA-131	15	63.233333	70.193333	84.700000
E_11-12	ARO:3001654	OXA-143	35	70.585714	74.042857	99.800000
E_11-12	ARO:3001655	OXA-138	1	73.500000	82.800000	82.800000
E_11-12	ARO:3001656	OXA-172	16	63.487500	70.450000	84.700000
E_11-12	ARO:3001657	OXA-173	16	63.487500	70.425000	84.700000
E_11-12	ARO:3001658	OXA-174	24	69.187500	74.566667	84.300000
E_11-12	ARO:3001659	OXA-175	1	73.500000	82.800000	82.800000
E_11-12	ARO:3001662	OXA-164	207	95.548309	90.320773	107.000000
E_11-12	ARO:3001663	OXA-160	19	66.047368	68.526316	103.000000
E_11-12	ARO:3001665	OXA-200	2	55.100000	57.000000	72.800000
E_11-12	ARO:3001667	OXA-202	23	71.691304	75.108696	85.100000
E_11-12	ARO:3001668	OXA-219	4	83.900000	85.700000	89.000000
E_11-12	ARO:3001670	OXA-231	33	70.348485	73.381818	99.800000
E_11-12	ARO:3001671	OXA-49	71	68.708451	74.091549	91.300000
E_11-12	ARO:3001672	OXA-120	3	72.166667	68.800000	83.200000
E_11-12	ARO:3001673	OXA-248	1	81.600000	92.400000	92.400000
E_11-12	ARO:3001674	OXA-249	3	79.066667	82.766667	87.000000
E_11-12	ARO:3001675	OXA-250	3	63.933333	68.800000	92.400000
E_11-12	ARO:3001676	OXA-235	92	68.817391	72.058696	107.000000
E_11-12	ARO:3001677	OXA-236	172	71.850000	75.561047	107.000000
E_11-12	ARO:3001678	OXA-237	84	72.142857	75.083333	107.000000
E_11-12	ARO:3001680	OXA-242	4	83.900000	85.700000	89.000000
E_11-12	ARO:3001681	OXA-278	69	71.927536	73.740580	105.000000
E_11-12	ARO:3001683	OXA-312	3	71.400000	76.400000	76.600000
E_11-12	ARO:3001684	OXA-313	3	71.400000	76.400000	76.600000
E_11-12	ARO:3001687	OXA-316	12	67.591667	76.575000	84.700000
E_11-12	ARO:3001688	OXA-317	58	71.422414	75.827586	89.000000
E_11-12	ARO:3001689	OXA-253	66	67.887879	69.851515	99.800000
E_11-12	ARO:3001690	OXA-255	44	66.686364	71.788636	102.000000
E_11-12	ARO:3001691	OXA-228	133	70.453383	72.870677	98.600000
E_11-12	ARO:3001692	OXA-229	131	70.363359	73.403817	98.600000
E_11-12	ARO:3001693	OXA-230	135	68.802963	70.649630	98.600000
E_11-12	ARO:3001694	OXA-257	138	70.397101	70.142754	98.600000
E_11-12	ARO:3001695	OXA-134	157	79.833758	83.295541	101.000000
E_11-12	ARO:3001702	OXA-133	77	54.644156	56.677922	82.400000
E_11-12	ARO:3001704	OXA-87	55	71.298182	76.861818	91.700000
E_11-12	ARO:3001705	OXA-72	19	66.263158	68.789474	107.000000
E_11-12	ARO:3001707	OXA-103	33	48.069697	49.651515	84.300000
E_11-12	ARO:3001708	OXA-105	2	38.950000	39.450000	40.400000
E_11-12	ARO:3001709	OXA-182	102	63.734314	67.044118	98.600000
E_11-12	ARO:3001710	OXA-211	819	93.376435	89.243956	113.000000
E_11-12	ARO:3001711	OXA-212	813	91.911808	88.384502	111.000000
E_11-12	ARO:3001712	OXA-213	30	68.363333	72.966667	91.300000
E_11-12	ARO:3001713	OXA-214	61	57.460656	62.052459	70.900000
E_11-12	ARO:3001714	OXA-215	61	57.460656	62.052459	70.900000
E_11-12	ARO:3001717	OXA-261	15	64.906667	67.793333	81.600000
E_11-12	ARO:3001718	OXA-262	2	42.650000	48.300000	50.800000
E_11-12	ARO:3001719	OXA-263	9	70.311111	76.044444	77.400000
E_11-12	ARO:3001720	OXA-264	53	57.360377	62.111321	70.900000
E_11-12	ARO:3001721	OXA-265	15	51.973333	54.646667	68.900000
E_11-12	ARO:3001722	OXA-266	68	69.258824	76.055882	100.000000
E_11-12	ARO:3001723	OXA-267	52	81.528846	84.559615	95.100000
E_11-12	ARO:3001724	OXA-268	57	80.263158	83.566667	93.200000
E_11-12	ARO:3001725	OXA-269	15	62.946667	64.280000	91.300000
E_11-12	ARO:3001726	OXA-270	9	65.211111	62.522222	93.200000
E_11-12	ARO:3001727	OXA-271	12	62.375000	50.533333	87.800000
E_11-12	ARO:3001728	OXA-272	64	77.604687	80.331250	93.200000
E_11-12	ARO:3001729	OXA-273	30	69.366667	73.610000	82.800000
E_11-12	ARO:3001730	OXA-274	181	75.697790	79.782873	99.000000
E_11-12	ARO:3001731	OXA-275	209	76.804785	80.683254	99.000000
E_11-12	ARO:3001732	OXA-276	33	67.521212	64.721212	105.000000
E_11-12	ARO:3001733	OXA-277	31	68.832258	66.909677	103.000000
E_11-12	ARO:3001734	OXA-279	10	62.370000	63.930000	85.100000
E_11-12	ARO:3001735	OXA-280	778	94.184961	89.462468	114.000000
E_11-12	ARO:3001736	OXA-281	822	92.444161	89.098540	113.000000
E_11-12	ARO:3001737	OXA-282	62	69.441935	70.427419	104.000000
E_11-12	ARO:3001738	OXA-283	57	69.829825	70.673684	104.000000
E_11-12	ARO:3001739	OXA-284	82	67.760976	69.763415	103.000000
E_11-12	ARO:3001740	OXA-285	47	65.297872	64.538298	102.000000
E_11-12	ARO:3001741	OXA-286	71	63.026761	66.114085	108.000000
E_11-12	ARO:3001742	OXA-287	75	62.418667	65.508000	108.000000
E_11-12	ARO:3001743	OXA-288	57	60.391228	63.510526	101.000000
E_11-12	ARO:3001744	OXA-289	27	63.444444	66.548148	85.100000
E_11-12	ARO:3001745	OXA-290	32	63.675000	67.403125	85.100000
E_11-12	ARO:3001746	OXA-291	22	57.722727	60.800000	101.000000
E_11-12	ARO:3001747	OXA-292	22	57.340909	60.859091	101.000000
E_11-12	ARO:3001748	OXA-293	55	60.136364	62.316364	99.000000
E_11-12	ARO:3001749	OXA-294	55	57.689091	52.705455	77.000000
E_11-12	ARO:3001750	OXA-295	52	58.896154	55.896154	74.700000
E_11-12	ARO:3001751	OXA-296	54	65.050000	64.805556	97.800000
E_11-12	ARO:3001752	OXA-297	4	77.450000	85.500000	98.200000
E_11-12	ARO:3001753	OXA-298	8	70.550000	75.587500	98.200000
E_11-12	ARO:3001754	OXA-299	100	74.277000	79.501000	93.200000
E_11-12	ARO:3001755	OXA-300	122	68.897541	67.376230	100.000000
E_11-12	ARO:3001756	OXA-301	99	71.931313	73.591919	98.600000
E_11-12	ARO:3001757	OXA-302	46	66.102174	69.315217	100.000000
E_11-12	ARO:3001758	OXA-303	51	61.803922	65.207843	108.000000
E_11-12	ARO:3001759	OXA-304	35	73.625714	77.220000	94.400000
E_11-12	ARO:3001760	OXA-305	28	73.603571	77.003571	94.700000
E_11-12	ARO:3001761	OXA-306	62	61.617742	64.524194	101.000000
E_11-12	ARO:3001762	OXA-307	10	64.290000	66.650000	98.600000
E_11-12	ARO:3001763	OXA-308	107	60.531776	63.096262	105.000000
E_11-12	ARO:3001764	OXA-63	400	51.099000	48.174250	79.000000
E_11-12	ARO:3001765	OXA-136	478	51.232636	49.297071	93.600000
E_11-12	ARO:3001766	OXA-192	474	51.304219	49.581224	93.600000
E_11-12	ARO:3001767	OXA-137	469	51.084861	49.137100	93.600000
E_11-12	ARO:3001768	OXA-118	828	60.520169	64.252657	120.000000
E_11-12	ARO:3001769	OXA-42	121	52.461983	51.603306	84.000000
E_11-12	ARO:3001770	OXA-43	115	52.665217	51.434783	84.000000
E_11-12	ARO:3001771	OXA-57	113	52.468142	51.389381	84.000000
E_11-12	ARO:3001772	OXA-59	120	52.647500	51.682500	84.000000
E_11-12	ARO:3001773	OXA-61	51	49.417647	44.447059	57.400000
E_11-12	ARO:3001774	OXA-370	131	57.789313	57.687786	109.000000
E_11-12	ARO:3001775	OXA-119	860	60.863372	64.608256	120.000000
E_11-12	ARO:3001776	OXA-162	252	54.033333	54.227778	105.000000
E_11-12	ARO:3001777	OXA-347	792	73.019571	73.167551	110.000000
E_11-12	ARO:3001778	OXA-232	274	55.571533	55.073358	107.000000
E_11-12	ARO:3001779	OXA-146	7	41.600000	45.000000	51.600000
E_11-12	ARO:3001780	OXA-85	623	46.679294	48.633708	79.000000
E_11-12	ARO:3001781	OXA-47	524	82.737023	80.599427	112.000000
E_11-12	ARO:3001782	OXA-48	176	55.188636	54.996591	110.000000
E_11-12	ARO:3001783	OXA-163	974	52.593634	54.385729	104.000000
E_11-12	ARO:3001784	OXA-181	258	54.937597	54.441860	110.000000
E_11-12	ARO:3001785	OXA-73	54	51.637037	53.457407	96.700000
E_11-12	ARO:3001786	OXA-244	227	55.909692	55.981498	106.000000
E_11-12	ARO:3001787	OXA-245	133	55.053383	54.113534	110.000000
E_11-12	ARO:3001788	OXA-204	245	54.661224	54.513061	110.000000
E_11-12	ARO:3001791	OXA-247	810	52.746296	52.832346	104.000000
E_11-12	ARO:3001792	OXA-62	331	44.098489	43.519033	66.200000
E_11-12	ARO:3001793	OXA-320	534	82.105618	80.261236	112.000000
E_11-12	ARO:3001794	OXA-45	149	53.315436	52.091946	90.100000
E_11-12	ARO:3001795	OXA-56	568	78.421655	74.918310	108.000000
E_11-12	ARO:3001796	OXA-50	162	52.661728	55.607407	112.000000
E_11-12	ARO:3001797	OXA-46	807	60.455514	62.491202	118.000000
E_11-12	ARO:3001798	OXA-74	1171	90.043553	85.527925	111.000000
E_11-12	ARO:3001799	OXA-161	1000	68.080200	69.735100	117.000000
E_11-12	ARO:3001800	OXA-226	851	69.964512	71.832785	117.000000
E_11-12	ARO:3001801	OXA-147	398	81.432161	77.610553	111.000000
E_11-12	ARO:3001802	OXA-141	986	66.775254	68.332353	117.000000
E_11-12	ARO:3001803	OXA-142	861	93.870151	87.167480	111.000000
E_11-12	ARO:3001804	OXA-145	491	84.171690	82.122607	111.000000
E_11-12	ARO:3001805	OXA-198	968	52.627893	55.910847	81.600000
E_11-12	ARO:3001806	OXA-224	529	82.481096	80.589981	112.000000
E_11-12	ARO:3001807	OXA-246	1228	89.766205	84.786075	111.000000
E_11-12	ARO:3001808	OXA-60	169	44.805917	48.292899	74.300000
E_11-12	ARO:3001809	OXA-209	890	62.947753	64.866629	108.000000
E_11-12	ARO:3001810	OXA-53	397	67.442065	71.682116	116.000000
E_11-12	ARO:3001811	OXA-129	214	80.179439	76.657944	108.000000
E_11-12	ARO:3001812	OXA-54	308	49.265909	48.957792	105.000000
E_11-12	ARO:3001813	OXA-55	215	47.505116	49.883721	71.200000
E_11-12	ARO:3001814	OXA-199	300	53.845333	54.286333	110.000000
E_11-12	ARO:3001815	ACC-1	308	54.820779	55.903247	77.800000
E_11-12	ARO:3001816	ACC-2	229	55.750218	56.608734	77.800000
E_11-12	ARO:3001817	ACC-3	297	52.847811	54.962626	77.800000
E_11-12	ARO:3001818	ACC-4	297	54.474411	55.399327	77.800000
E_11-12	ARO:3001819	ACC-5	292	54.944178	55.813699	77.800000
E_11-12	ARO:3001821	ACT-1	89	79.344944	82.205618	111.000000
E_11-12	ARO:3001822	ACT-2	58	82.851724	82.600000	111.000000
E_11-12	ARO:3001823	ACT-3	54	82.740741	82.079630	111.000000
E_11-12	ARO:3001824	ACT-5	41	46.746341	44.341463	70.100000
E_11-12	ARO:3001825	ACT-6	44	92.118182	91.940909	110.000000
E_11-12	ARO:3001827	ACT-16	146	46.897945	45.060959	109.000000
E_11-12	ARO:3001828	ACT-23	45	48.220000	45.624444	103.000000
E_11-12	ARO:3001829	ACT-4	55	82.972727	81.560000	111.000000
E_11-12	ARO:3001830	ACT-7	40	59.117500	58.980000	109.000000
E_11-12	ARO:3001831	ACT-8	46	88.250000	87.147826	109.000000
E_11-12	ARO:3001832	ACT-10	37	86.810811	88.602703	108.000000
E_11-12	ARO:3001834	ACT-12	56	71.158929	67.060714	103.000000
E_11-12	ARO:3001835	ACT-13	46	89.945652	88.460870	110.000000
E_11-12	ARO:3001836	ACT-14	56	51.128571	50.314286	103.000000
E_11-12	ARO:3001837	ACT-15	76	51.323684	50.027632	103.000000
E_11-12	ARO:3001838	ACT-17	71	53.305634	51.835211	109.000000
E_11-12	ARO:3001839	ACT-18	54	50.800000	50.259259	103.000000
E_11-12	ARO:3001840	ACT-19	47	50.108511	47.604255	79.300000
E_11-12	ARO:3001841	ACT-20	118	46.511864	44.497458	109.000000
E_11-12	ARO:3001842	ACT-21	33	47.424242	45.166667	77.800000
E_11-12	ARO:3001843	ACT-22	58	55.667241	55.331034	103.000000
E_11-12	ARO:3001844	ACT-24	30	48.620000	46.960000	103.000000
E_11-12	ARO:3001845	ACT-25	136	46.758088	44.697794	109.000000
E_11-12	ARO:3001847	ACT-27	78	52.379487	50.670513	109.000000
E_11-12	ARO:3001848	ACT-28	54	84.987037	80.700000	112.000000
E_11-12	ARO:3001849	ACT-29	49	88.624490	88.995918	110.000000
E_11-12	ARO:3001850	ACT-30	107	47.262617	44.145794	109.000000
E_11-12	ARO:3001851	ACT-31	127	46.596063	44.457480	109.000000
E_11-12	ARO:3001852	ACT-32	33	52.363636	52.018182	109.000000
E_11-12	ARO:3001853	ACT-33	21	57.952381	58.180952	109.000000
E_11-12	ARO:3001854	ACT-34	46	80.047826	77.676087	111.000000
E_11-12	ARO:3001855	ACT-35	71	48.836620	46.887324	109.000000
E_11-12	ARO:3001856	CFE-1	77	76.623377	79.096104	102.000000
E_11-12	ARO:3001857	LAT-1	2	98.000000	104.000000	108.000000
E_11-12	ARO:3001858	IMI-1	71	45.957746	47.135211	67.400000
E_11-12	ARO:3001859	IMI-2	78	45.997436	46.882051	67.400000
E_11-12	ARO:3001860	IMI-3	76	53.231579	55.960526	74.300000
E_11-12	ARO:3001861	IMI-4	58	46.298276	46.746552	67.400000
E_11-12	ARO:3001862	IMI-5	76	48.588158	46.038158	67.800000
E_11-12	ARO:3001863	IMI-6	54	49.088889	52.359259	68.600000
E_11-12	ARO:3001864	CTX-M-1	88	66.190909	63.335227	103.000000
E_11-12	ARO:3001865	CTX-M-2	97	64.146392	63.021649	102.000000
E_11-12	ARO:3001866	CTX-M-3	34	96.202941	87.308824	103.000000
E_11-12	ARO:3001867	CTX-M-4	57	63.975439	63.022807	100.000000
E_11-12	ARO:3001868	CTX-M-5	75	63.001333	60.189333	102.000000
E_11-12	ARO:3001869	CTX-M-6	48	66.493750	64.664583	96.300000
E_11-12	ARO:3001870	CTX-M-7	52	65.896154	64.421154	96.300000
E_11-12	ARO:3001871	CTX-M-8	34	53.300000	52.405882	96.300000
E_11-12	ARO:3001872	CTX-M-9	90	60.150000	60.728889	82.000000
E_11-12	ARO:3001873	CTX-M-10	12	68.466667	64.008333	103.000000
E_11-12	ARO:3001874	CTX-M-11	35	81.171429	75.708571	103.000000
E_11-12	ARO:3001875	CTX-M-12	7	62.185714	58.942857	103.000000
E_11-12	ARO:3001876	CTX-M-13	12	56.983333	55.166667	75.500000
E_11-12	ARO:3001877	CTX-M-14	55	63.580000	64.332727	79.700000
E_11-12	ARO:3001878	CTX-M-15	4	100.000000	105.750000	106.000000
E_11-12	ARO:3001879	CTX-M-16	7	51.300000	52.500000	67.800000
E_11-12	ARO:3001881	CTX-M-19	80	58.006250	58.938750	79.700000
E_11-12	ARO:3001882	CTX-M-20	116	62.465517	61.946552	102.000000
E_11-12	ARO:3001883	CTX-M-21	18	68.544444	69.422222	76.600000
E_11-12	ARO:3001884	CTX-M-22	44	92.647727	86.972727	103.000000
E_11-12	ARO:3001885	CTX-M-23	66	56.625758	55.936364	103.000000
E_11-12	ARO:3001886	CTX-M-24	116	61.885345	62.997414	82.000000
E_11-12	ARO:3001887	CTX-M-25	56	58.633929	61.289286	89.700000
E_11-12	ARO:3001888	CTX-M-26	26	54.942308	56.342308	79.300000
E_11-12	ARO:3001889	CTX-M-27	31	65.619355	70.325806	83.600000
E_11-12	ARO:3001890	CTX-M-28	50	87.716000	84.314000	106.000000
E_11-12	ARO:3001891	CTX-M-29	11	69.618182	71.263636	106.000000
E_11-12	ARO:3001892	CTX-M-30	33	86.981818	80.796970	103.000000
E_11-12	ARO:3001893	CTX-M-31	118	62.093220	61.254237	100.000000
E_11-12	ARO:3001894	CTX-M-32	60	57.958333	57.858333	106.000000
E_11-12	ARO:3001895	CTX-M-33	41	85.026829	78.121951	106.000000
E_11-12	ARO:3001896	CTX-M-34	37	87.191892	78.894595	102.000000
E_11-12	ARO:3001897	CTX-M-35	97	60.268041	59.688660	97.100000
E_11-12	ARO:3001898	CTX-M-36	39	85.200000	79.746154	103.000000
E_11-12	ARO:3001899	CTX-M-37	9	55.300000	52.866667	103.000000
E_11-12	ARO:3001900	CTX-M-38	126	60.714286	59.935714	82.000000
E_11-12	ARO:3001901	CTX-M-39	19	49.426316	49.636842	89.700000
E_11-12	ARO:3001902	CTX-M-40	25	55.700000	54.116000	96.300000
E_11-12	ARO:3001903	CTX-M-41	39	60.387179	63.425641	89.700000
E_11-12	ARO:3001904	CTX-M-42	51	86.539216	79.313725	103.000000
E_11-12	ARO:3001905	CTX-M-43	117	63.847863	65.423932	102.000000
E_11-12	ARO:3001906	CTX-M-44	107	62.530841	62.492523	102.000000
E_11-12	ARO:3001907	CTX-M-45	45	56.115556	56.700000	78.200000
E_11-12	ARO:3001908	CTX-M-46	5	66.560000	67.860000	75.500000
E_11-12	ARO:3001909	CTX-M-47	82	61.846341	63.010976	79.700000
E_11-12	ARO:3001910	CTX-M-48	75	62.404000	63.030667	79.700000
E_11-12	ARO:3001911	CTX-M-49	69	63.381159	64.555072	79.700000
E_11-12	ARO:3001912	CTX-M-50	105	62.695238	64.463810	82.000000
E_11-12	ARO:3001913	CTX-M-51	23	54.252174	55.617391	65.500000
E_11-12	ARO:3001914	CTX-M-52	74	63.274324	59.256757	103.000000
E_11-12	ARO:3001915	CTX-M-53	113	58.392035	60.369027	106.000000
E_11-12	ARO:3001916	CTX-M-54	39	95.651282	86.117949	103.000000
E_11-12	ARO:3001917	CTX-M-55	109	69.643119	66.777064	106.000000
E_11-12	ARO:3001918	CTX-M-56	126	61.209524	60.999206	102.000000
E_11-12	ARO:3001919	CTX-M-58	92	64.410870	61.940217	103.000000
E_11-12	ARO:3001920	CTX-M-59	82	64.707317	64.587805	102.000000
E_11-12	ARO:3001921	CTX-M-60	60	60.755000	59.498333	103.000000
E_11-12	ARO:3001922	CTX-M-61	81	69.060494	64.761728	103.000000
E_11-12	ARO:3001923	CTX-M-62	7	77.642857	75.642857	103.000000
E_11-12	ARO:3001924	CTX-M-63	24	54.012500	54.170833	96.300000
E_11-12	ARO:3001925	CTX-M-64	95	71.973684	72.089474	106.000000
E_11-12	ARO:3001926	CTX-M-65	122	58.667213	59.396721	79.700000
E_11-12	ARO:3001927	CTX-M-66	12	90.625000	80.058333	103.000000
E_11-12	ARO:3001928	CTX-M-67	7	61.057143	61.614286	75.500000
E_11-12	ARO:3001929	CTX-M-68	27	92.829630	83.848148	103.000000
E_11-12	ARO:3001930	CTX-M-69	139	65.819424	65.127338	106.000000
E_11-12	ARO:3001932	CTX-M-71	16	96.362500	84.887500	98.200000
E_11-12	ARO:3001933	CTX-M-72	8	85.937500	84.562500	103.000000
E_11-12	ARO:3001934	CTX-M-73	8	54.175000	54.875000	61.600000
E_11-12	ARO:3001935	CTX-M-74	80	61.641250	60.616250	97.100000
E_11-12	ARO:3001936	CTX-M-75	79	64.737975	62.817722	102.000000
E_11-12	ARO:3001937	CTX-M-76	86	61.059302	58.272093	102.000000
E_11-12	ARO:3001938	CTX-M-77	65	63.530769	60.109231	102.000000
E_11-12	ARO:3001939	CTX-M-78	14	54.192857	53.478571	83.200000
E_11-12	ARO:3001940	CTX-M-79	61	57.624590	57.250820	106.000000
E_11-12	ARO:3001941	CTX-M-80	26	93.273077	86.057692	103.000000
E_11-12	ARO:3001942	CTX-M-81	75	62.506667	63.121333	79.700000
E_11-12	ARO:3001943	CTX-M-82	110	71.208182	69.326364	106.000000
E_11-12	ARO:3001944	CTX-M-83	1	68.900000	63.900000	63.900000
E_11-12	ARO:3001945	CTX-M-84	7	59.528571	64.542857	80.900000
E_11-12	ARO:3001946	CTX-M-86	29	66.741379	68.155172	79.700000
E_11-12	ARO:3001947	CTX-M-87	68	56.032353	56.635294	75.500000
E_11-12	ARO:3001948	CTX-M-88	64	83.526562	80.581250	106.000000
E_11-12	ARO:3001949	CTX-M-89	28	47.910714	47.275000	65.500000
E_11-12	ARO:3001950	CTX-M-90	23	54.547826	56.308696	65.500000
E_11-12	ARO:3001951	CTX-M-91	31	49.158065	48.477419	77.000000
E_11-12	ARO:3001952	CTX-M-92	91	62.859341	61.641758	102.000000
E_11-12	ARO:3001953	CTX-M-93	40	62.810000	66.050000	83.600000
E_11-12	ARO:3001954	CTX-M-94	45	60.060000	63.446667	89.700000
E_11-12	ARO:3001955	CTX-M-95	70	62.071429	59.344286	102.000000
E_11-12	ARO:3001956	CTX-M-96	21	84.138095	84.119048	106.000000
E_11-12	ARO:3001957	CTX-M-98	125	60.672800	61.906400	83.600000
E_11-12	ARO:3001958	CTX-M-99	21	62.447619	62.595238	75.500000
E_11-12	ARO:3001959	CTX-M-100	38	60.384211	63.997368	89.700000
E_11-12	ARO:3001960	CTX-M-101	70	80.470000	77.630000	106.000000
E_11-12	ARO:3001961	CTX-M-102	97	63.137113	64.562887	82.800000
E_11-12	ARO:3001962	CTX-M-103	18	99.077778	88.127778	98.200000
E_11-12	ARO:3001965	CTX-M-105	96	60.689583	63.220833	82.800000
E_11-12	ARO:3001966	CTX-M-106	101	62.463366	62.598020	82.000000
E_11-12	ARO:3001967	CTX-M-107	51	83.539216	79.968627	102.000000
E_11-12	ARO:3001968	CTX-M-108	68	74.682353	75.688235	106.000000
E_11-12	ARO:3001969	CTX-M-109	75	72.900000	73.242667	106.000000
E_11-12	ARO:3001970	CTX-M-110	2	44.750000	46.600000	48.100000
E_11-12	ARO:3001971	CTX-M-111	4	50.525000	48.550000	59.300000
E_11-12	ARO:3001972	CTX-M-112	124	61.923387	63.194355	82.000000
E_11-12	ARO:3001973	CTX-M-113	42	64.304762	65.442857	79.700000
E_11-12	ARO:3001974	CTX-M-114	47	86.012766	80.459574	106.000000
E_11-12	ARO:3001975	CTX-M-115	98	63.013265	62.301020	102.000000
E_11-12	ARO:3001976	CTX-M-116	56	55.728571	54.755357	103.000000
E_11-12	ARO:3001977	CTX-M-117	62	84.380645	79.854839	106.000000
E_11-12	ARO:3001980	CTX-M-121	130	63.446154	64.786923	83.600000
E_11-12	ARO:3001981	CTX-M-122	112	64.019643	64.699107	83.200000
E_11-12	ARO:3001982	CTX-M-123	125	73.024000	71.756800	98.200000
E_11-12	ARO:3001983	CTX-M-124	109	62.568807	61.516514	102.000000
E_11-12	ARO:3001984	CTX-M-125	105	61.440952	62.220952	82.000000
E_11-12	ARO:3001985	CTX-M-126	75	57.780000	58.637333	79.700000
E_11-12	ARO:3001986	CTX-M-127	2	100.000000	105.500000	106.000000
E_11-12	ARO:3001988	CTX-M-129	29	56.982759	60.644828	82.400000
E_11-12	ARO:3001989	CTX-M-130	127	62.040157	63.229134	82.000000
E_11-12	ARO:3001990	CTX-M-131	140	62.522857	63.259286	102.000000
E_11-12	ARO:3001991	CTX-M-132	28	76.500000	73.639286	106.000000
E_11-12	ARO:3001992	CTX-M-134	16	66.862500	70.487500	80.100000
E_11-12	ARO:3001994	CTX-M-137	66	62.845455	61.750000	106.000000
E_11-12	ARO:3001995	CTX-M-136	51	56.160784	54.943137	103.000000
E_11-12	ARO:3001996	CTX-M-138	45	55.844444	54.724444	67.800000
E_11-12	ARO:3001997	CTX-M-139	50	86.254000	82.708000	106.000000
E_11-12	ARO:3001998	CTX-M-140	1	48.900000	43.900000	43.900000
E_11-12	ARO:3001999	CTX-M-141	129	60.812403	61.816279	102.000000
E_11-12	ARO:3002000	CTX-M-142	50	85.438000	81.330000	106.000000
E_11-12	ARO:3002001	CTX-M-143	5	72.400000	71.780000	106.000000
E_11-12	ARO:3002002	CTX-M-144	62	58.030645	57.180645	106.000000
E_11-12	ARO:3002004	CTX-M-146	49	55.522449	54.722449	67.800000
E_11-12	ARO:3002005	CTX-M-147	100	55.271000	56.262000	79.700000
E_11-12	ARO:3002006	CTX-M-148	21	53.338095	54.361905	74.300000
E_11-12	ARO:3002008	CTX-M-151	274	54.434307	54.601095	82.800000
E_11-12	ARO:3002009	CTX-M-152	14	49.207143	46.921429	80.900000
E_11-12	ARO:3002010	CTX-M-153	78	62.256410	64.592308	85.900000
E_11-12	ARO:3002011	CTX-M-154	1	60.000000	61.600000	61.600000
E_11-12	ARO:3002012	CMY-1	472	77.671822	77.538983	110.000000
E_11-12	ARO:3002013	CMY-2	123	94.515447	95.876423	115.000000
E_11-12	ARO:3002015	CMY-4	178	92.384831	93.038202	115.000000
E_11-12	ARO:3002016	CMY-5	3	63.900000	65.200000	97.800000
E_11-12	ARO:3002017	CMY-6	16	97.993750	102.250000	105.000000
E_11-12	ARO:3002018	CMY-7	2	70.300000	75.350000	108.000000
E_11-12	ARO:3002019	CMY-8	385	76.952468	76.913766	110.000000
E_11-12	ARO:3002020	CMY-9	393	77.770738	78.261578	110.000000
E_11-12	ARO:3002021	CMY-10	443	77.795260	77.886456	110.000000
E_11-12	ARO:3002022	CMY-11	409	77.549633	77.590465	110.000000
E_11-12	ARO:3002023	CMY-12	35	82.845714	81.300000	108.000000
E_11-12	ARO:3002024	CMY-13	80	92.940000	95.001250	109.000000
E_11-12	ARO:3002025	CMY-14	73	89.817808	96.605479	115.000000
E_11-12	ARO:3002026	CMY-15	28	89.539286	85.489286	108.000000
E_11-12	ARO:3002027	CMY-16	22	85.931818	92.218182	108.000000
E_11-12	ARO:3002028	CMY-17	36	97.338889	105.258333	115.000000
E_11-12	ARO:3002029	CMY-18	1	42.300000	39.700000	39.700000
E_11-12	ARO:3002030	CMY-19	335	77.352537	77.183582	110.000000
E_11-12	ARO:3002031	CMY-20	207	85.836715	88.913043	109.000000
E_11-12	ARO:3002032	CMY-21	160	88.771250	88.617500	115.000000
E_11-12	ARO:3002033	CMY-22	1	98.000000	108.000000	108.000000
E_11-12	ARO:3002034	CMY-23	53	97.133962	103.949057	115.000000
E_11-12	ARO:3002035	CMY-24	92	94.869565	97.480435	115.000000
E_11-12	ARO:3002036	CMY-25	173	91.955491	91.532948	109.000000
E_11-12	ARO:3002037	CMY-26	108	44.778704	43.599074	106.000000
E_11-12	ARO:3002038	CMY-27	101	95.306931	97.065347	115.000000
E_11-12	ARO:3002039	CMY-28	127	87.814173	88.611024	115.000000
E_11-12	ARO:3002040	CMY-29	115	92.022609	89.517391	109.000000
E_11-12	ARO:3002041	CMY-30	9	99.777778	108.000000	110.000000
E_11-12	ARO:3002042	CMY-31	1	98.000000	108.000000	108.000000
E_11-12	ARO:3002043	CMY-32	84	94.380952	100.140476	115.000000
E_11-12	ARO:3002044	CMY-33	207	87.051208	87.748309	115.000000
E_11-12	ARO:3002045	CMY-34	9	74.277778	85.211111	108.000000
E_11-12	ARO:3002046	CMY-35	140	92.420714	92.010714	115.000000
E_11-12	ARO:3002047	CMY-36	4	52.050000	55.150000	62.400000
E_11-12	ARO:3002048	CMY-37	8	71.575000	67.900000	106.000000
E_11-12	ARO:3002049	CMY-38	28	87.778571	83.039286	108.000000
E_11-12	ARO:3002050	CMY-39	101	88.230693	90.030693	107.000000
E_11-12	ARO:3002051	CMY-40	63	87.728571	87.722222	107.000000
E_11-12	ARO:3002052	CMY-41	31	76.935484	77.400000	110.000000
E_11-12	ARO:3002053	CMY-42	219	87.681279	88.773516	115.000000
E_11-12	ARO:3002054	CMY-43	97	92.892784	94.307216	115.000000
E_11-12	ARO:3002055	CMY-44	214	86.425701	87.080374	115.000000
E_11-12	ARO:3002056	CMY-45	20	89.790000	94.460000	108.000000
E_11-12	ARO:3002057	CMY-46	10	84.440000	91.060000	107.000000
E_11-12	ARO:3002058	CMY-47	56	63.901786	73.678571	110.000000
E_11-12	ARO:3002059	CMY-48	112	85.839286	87.987500	110.000000
E_11-12	ARO:3002060	CMY-49	9	76.744444	86.777778	107.000000
E_11-12	ARO:3002061	CMY-50	27	75.170370	81.333333	110.000000
E_11-12	ARO:3002062	CMY-51	74	79.437838	79.928378	110.000000
E_11-12	ARO:3002064	CMY-53	15	92.900000	95.146667	110.000000
E_11-12	ARO:3002066	CMY-55	209	86.420096	86.796651	115.000000
E_11-12	ARO:3002067	CMY-56	201	89.018408	89.642786	115.000000
E_11-12	ARO:3002069	CMY-59	31	89.361290	66.432258	107.000000
E_11-12	ARO:3002070	CMY-99	22	85.931818	92.218182	108.000000
E_11-12	ARO:3002071	CMY-110	69	90.433333	91.318841	110.000000
E_11-12	ARO:3002072	CMY-58	76	95.457895	101.377632	115.000000
E_11-12	ARO:3002073	CMY-60	139	89.859712	89.266906	115.000000
E_11-12	ARO:3002074	CMY-61	225	86.932889	90.523111	115.000000
E_11-12	ARO:3002075	CMY-62	5	99.200000	105.000000	109.000000
E_11-12	ARO:3002076	CMY-63	20	81.460000	86.190000	108.000000
E_11-12	ARO:3002077	CMY-64	15	74.146667	75.913333	107.000000
E_11-12	ARO:3002078	CMY-65	142	76.893662	82.238028	110.000000
E_11-12	ARO:3002079	CMY-66	29	79.865517	76.382759	110.000000
E_11-12	ARO:3002080	CMY-67	20	83.590000	90.605000	110.000000
E_11-12	ARO:3002081	CMY-68	54	62.564815	72.850000	110.000000
E_11-12	ARO:3002082	CMY-69	61	94.595082	100.734426	115.000000
E_11-12	ARO:3002083	CMY-70	82	81.553659	83.042683	105.000000
E_11-12	ARO:3002084	CMY-71	71	87.152113	88.684507	108.000000
E_11-12	ARO:3002085	CMY-72	45	60.140000	67.968889	107.000000
E_11-12	ARO:3002086	CMY-73	26	54.292308	52.446154	92.800000
E_11-12	ARO:3002087	CMY-74	40	76.487500	82.905000	103.000000
E_11-12	ARO:3002088	CMY-75	80	66.468750	75.328750	110.000000
E_11-12	ARO:3002089	CMY-76	10	85.030000	91.960000	110.000000
E_11-12	ARO:3002090	CMY-77	24	93.033333	94.054167	108.000000
E_11-12	ARO:3002091	CMY-78	11	71.845455	77.681818	107.000000
E_11-12	ARO:3002092	CMY-79	89	84.180899	86.584270	110.000000
E_11-12	ARO:3002093	CMY-80	176	49.032386	46.473295	107.000000
E_11-12	ARO:3002094	CMY-81	28	64.367857	68.889286	110.000000
E_11-12	ARO:3002095	CMY-82	33	79.221212	84.954545	103.000000
E_11-12	ARO:3002096	CMY-83	48	82.964583	83.822917	105.000000
E_11-12	ARO:3002097	CMY-84	11	82.527273	85.681818	107.000000
E_11-12	ARO:3002098	CMY-85	72	91.775000	93.829167	107.000000
E_11-12	ARO:3002099	CMY-86	23	83.552174	85.300000	107.000000
E_11-12	ARO:3002100	CMY-87	22	72.490909	75.781818	110.000000
E_11-12	ARO:3002102	CMY-89	86	67.975581	73.738372	107.000000
E_11-12	ARO:3002103	CMY-90	31	72.251613	70.132258	107.000000
E_11-12	ARO:3002106	CMY-93	28	74.946429	82.575000	103.000000
E_11-12	ARO:3002107	CMY-94	20	99.800000	107.100000	112.000000
E_11-12	ARO:3002108	CMY-95	129	91.613953	91.359690	115.000000
E_11-12	ARO:3002109	CMY-96	8	87.587500	93.075000	107.000000
E_11-12	ARO:3002110	CMY-97	5	100.000000	105.480000	107.000000
E_11-12	ARO:3002111	CMY-98	71	74.280282	79.908451	105.000000
E_11-12	ARO:3002112	CMY-100	60	83.501667	84.061667	105.000000
E_11-12	ARO:3002113	CMY-101	33	79.221212	84.954545	103.000000
E_11-12	ARO:3002114	CMY-102	27	87.840741	95.137037	109.000000
E_11-12	ARO:3002115	CMY-103	18	71.272222	76.527778	110.000000
E_11-12	ARO:3002116	CMY-104	95	76.168421	77.908421	107.000000
E_11-12	ARO:3002117	CMY-105	148	77.237162	82.489865	110.000000
E_11-12	ARO:3002118	CMY-106	26	74.246154	82.811538	107.000000
E_11-12	ARO:3002120	CMY-108	10	78.210000	86.750000	107.000000
E_11-12	ARO:3002121	CMY-109	15	61.233333	57.926667	105.000000
E_11-12	ARO:3002123	CMY-112	19	78.010526	85.847368	110.000000
E_11-12	ARO:3002124	CMY-113	71	66.295775	69.467606	110.000000
E_11-12	ARO:3002125	CMY-114	156	80.047436	80.738462	110.000000
E_11-12	ARO:3002126	CMY-115	17	65.794118	63.817647	110.000000
E_11-12	ARO:3002127	CMY-116	45	84.326667	82.893333	110.000000
E_11-12	ARO:3002128	CMY-117	20	82.205000	72.020000	110.000000
E_11-12	ARO:3002129	CMY-118	102	88.376471	87.050980	110.000000
E_11-12	ARO:3002130	CMY-119	34	69.697059	78.152941	107.000000
E_11-12	ARO:3002132	DHA-1	197	73.135533	71.328934	111.000000
E_11-12	ARO:3002133	DHA-2	208	68.157692	66.787019	111.000000
E_11-12	ARO:3002134	DHA-3	132	77.688636	74.258333	111.000000
E_11-12	ARO:3002135	DHA-6	177	73.242373	70.796610	111.000000
E_11-12	ARO:3002136	DHA-7	181	70.379558	68.149724	111.000000
E_11-12	ARO:3002137	DHA-4	128	78.664062	79.146875	111.000000
E_11-12	ARO:3002138	DHA-5	160	74.462500	72.009375	111.000000
E_11-12	ARO:3002140	DHA-9	127	78.089764	76.088189	111.000000
E_11-12	ARO:3002141	DHA-10	197	67.894416	66.746701	111.000000
E_11-12	ARO:3002143	DHA-12	163	63.042945	61.365031	110.000000
E_11-12	ARO:3002144	DHA-13	221	70.145249	69.393213	111.000000
E_11-12	ARO:3002145	DHA-14	161	76.458385	73.619255	111.000000
E_11-12	ARO:3002146	DHA-15	175	73.092571	70.156571	111.000000
E_11-12	ARO:3002147	DHA-16	148	66.200676	63.915541	111.000000
E_11-12	ARO:3002148	DHA-17	191	72.287435	70.995288	111.000000
E_11-12	ARO:3002149	DHA-18	167	71.194611	70.138922	111.000000
E_11-12	ARO:3002150	DHA-19	219	67.706849	66.732877	111.000000
E_11-12	ARO:3002151	DHA-20	186	70.153226	68.565591	111.000000
E_11-12	ARO:3002152	DHA-21	203	71.188177	69.727094	111.000000
E_11-12	ARO:3002153	DHA-22	166	71.468072	69.340964	111.000000
E_11-12	ARO:3002154	DHA-23	154	76.505195	73.629870	111.000000
E_11-12	ARO:3002155	FOX-1	185	75.784865	74.920541	108.000000
E_11-12	ARO:3002156	FOX-2	172	74.093023	73.943605	109.000000
E_11-12	ARO:3002157	FOX-3	148	74.986486	72.968243	111.000000
E_11-12	ARO:3002158	FOX-4	153	74.609804	74.114379	111.000000
E_11-12	ARO:3002159	FOX-5	158	74.039241	73.359494	110.000000
E_11-12	ARO:3002160	FOX-7	173	75.684393	74.547977	108.000000
E_11-12	ARO:3002161	FOX-8	136	75.466912	74.136029	111.000000
E_11-12	ARO:3002162	FOX-10	169	74.305917	72.567456	110.000000
E_11-12	ARO:3002163	FOX-9	133	73.763158	71.975940	105.000000
E_11-12	ARO:3002165	FOX-12	184	75.536413	74.268478	108.000000
E_11-12	ARO:3002166	MIR-1	11	81.927273	77.772727	107.000000
E_11-12	ARO:3002167	MIR-4	41	81.880488	87.585366	110.000000
E_11-12	ARO:3002168	MIR-2	63	79.726984	86.450794	110.000000
E_11-12	ARO:3002169	MIR-3	68	81.104412	86.488235	110.000000
E_11-12	ARO:3002170	MIR-5	65	82.147692	87.610769	110.000000
E_11-12	ARO:3002171	MIR-6	49	83.846939	90.108163	110.000000
E_11-12	ARO:3002172	MIR-7	6	81.166667	82.450000	107.000000
E_11-12	ARO:3002174	MIR-9	58	80.855172	86.222414	110.000000
E_11-12	ARO:3002175	MIR-10	38	83.668421	89.371053	110.000000
E_11-12	ARO:3002176	MIR-11	39	83.984615	89.784615	110.000000
E_11-12	ARO:3002177	MIR-12	57	84.115789	89.815789	110.000000
E_11-12	ARO:3002178	MIR-13	38	79.050000	83.031579	107.000000
E_11-12	ARO:3002179	MIR-14	30	79.923333	82.283333	107.000000
E_11-12	ARO:3002180	MIR-15	59	81.666102	87.361017	110.000000
E_11-12	ARO:3002181	MIR-16	67	81.462687	86.847761	110.000000
E_11-12	ARO:3002182	MOX-1	362	76.291989	76.080387	110.000000
E_11-12	ARO:3002183	MOX-2	448	81.263839	80.784821	110.000000
E_11-12	ARO:3002184	MOX-4	441	81.021769	80.755782	110.000000
E_11-12	ARO:3002185	MOX-6	243	86.490947	87.086420	110.000000
E_11-12	ARO:3002186	MOX-3	473	80.273573	80.138689	110.000000
E_11-12	ARO:3002188	MOX-5	242	87.601240	86.268595	107.000000
E_11-12	ARO:3002189	MOX-7	248	86.064919	84.207258	108.000000
E_11-12	ARO:3002190	MOX-8	374	85.488770	84.877273	110.000000
E_11-12	ARO:3002191	MOX-9	268	76.371642	76.691791	110.000000
E_11-12	ARO:3002192	IMP-1	10	69.200000	65.800000	102.000000
E_11-12	ARO:3002193	IMP-2	20	70.070000	72.950000	114.000000
E_11-12	ARO:3002194	IMP-3	9	70.377778	66.655556	102.000000
E_11-12	ARO:3002195	IMP-4	9	73.666667	73.433333	104.000000
E_11-12	ARO:3002196	IMP-5	11	77.709091	72.290909	104.000000
E_11-12	ARO:3002197	IMP-6	9	70.377778	66.655556	102.000000
E_11-12	ARO:3002198	IMP-7	6	81.716667	87.866667	104.000000
E_11-12	ARO:3002199	IMP-8	22	71.645455	74.072727	114.000000
E_11-12	ARO:3002200	IMP-9	10	54.120000	52.130000	91.300000
E_11-12	ARO:3002201	IMP-10	9	70.244444	66.377778	100.000000
E_11-12	ARO:3002202	IMP-11	17	78.676471	77.611765	108.000000
E_11-12	ARO:3002203	IMP-12	20	62.200000	63.555000	109.000000
E_11-12	ARO:3002204	IMP-13	8	62.550000	59.587500	95.900000
E_11-12	ARO:3002205	IMP-14	12	65.441667	68.250000	114.000000
E_11-12	ARO:3002206	IMP-15	12	69.000000	66.391667	104.000000
E_11-12	ARO:3002207	IMP-16	16	75.843750	74.018750	110.000000
E_11-12	ARO:3002208	IMP-17	5	66.620000	73.020000	95.900000
E_11-12	ARO:3002209	IMP-18	11	65.381818	66.163636	110.000000
E_11-12	ARO:3002210	IMP-19	20	70.070000	72.950000	114.000000
E_11-12	ARO:3002211	IMP-20	17	72.305882	74.517647	114.000000
E_11-12	ARO:3002212	IMP-21	15	78.246667	76.333333	108.000000
E_11-12	ARO:3002213	IMP-22	19	75.400000	74.236842	111.000000
E_11-12	ARO:3002214	IMP-23	10	91.330000	93.600000	114.000000
E_11-12	ARO:3002215	IMP-24	20	73.965000	76.545000	114.000000
E_11-12	ARO:3002216	IMP-25	10	68.900000	65.930000	102.000000
E_11-12	ARO:3002217	IMP-26	7	66.714286	65.842857	104.000000
E_11-12	ARO:3002218	IMP-27	3	69.600000	77.766667	105.000000
E_11-12	ARO:3002219	IMP-28	9	71.777778	70.788889	103.000000
E_11-12	ARO:3002220	IMP-29	10	79.110000	74.830000	104.000000
E_11-12	ARO:3002221	IMP-30	9	70.244444	66.377778	100.000000
E_11-12	ARO:3002222	IMP-31	21	80.209524	81.180952	115.000000
E_11-12	ARO:3002223	IMP-32	11	65.609091	68.190909	114.000000
E_11-12	ARO:3002224	IMP-33	8	62.812500	59.825000	97.400000
E_11-12	ARO:3002225	IMP-34	10	69.200000	65.800000	102.000000
E_11-12	ARO:3002226	IMP-35	19	82.578947	83.042105	115.000000
E_11-12	ARO:3002228	IMP-37	6	56.316667	51.983333	84.000000
E_11-12	ARO:3002229	IMP-38	8	78.287500	77.650000	104.000000
E_11-12	ARO:3002230	IMP-39	11	64.681818	71.272727	105.000000
E_11-12	ARO:3002231	IMP-40	9	70.244444	66.377778	100.000000
E_11-12	ARO:3002232	IMP-41	15	78.246667	76.360000	108.000000
E_11-12	ARO:3002233	IMP-42	9	63.788889	55.411111	72.400000
E_11-12	ARO:3002234	IMP-43	6	81.716667	87.666667	104.000000
E_11-12	ARO:3002235	IMP-44	11	73.081818	67.445455	108.000000
E_11-12	ARO:3002236	IMP-45	11	52.418182	50.818182	91.300000
E_11-12	ARO:3002237	IMP-46	13	66.838462	66.246154	114.000000
E_11-12	ARO:3002239	IMP-48	12	65.441667	68.250000	114.000000
E_11-12	ARO:3002240	CARB-1	214	78.932243	75.856075	108.000000
E_11-12	ARO:3002241	CARB-2	214	79.315421	76.241589	108.000000
E_11-12	ARO:3002242	CARB-3	199	82.877889	78.097487	108.000000
E_11-12	ARO:3002243	CARB-4	227	72.855066	71.907048	106.000000
E_11-12	ARO:3002244	CARB-5	558	68.679749	69.549104	111.000000
E_11-12	ARO:3002245	CARB-6	209	77.551675	74.546411	108.000000
E_11-12	ARO:3002246	CARB-7	310	65.054194	65.919032	96.700000
E_11-12	ARO:3002247	CARB-8	547	69.161426	70.061974	111.000000
E_11-12	ARO:3002248	CARB-9	310	65.073226	66.066452	96.300000
E_11-12	ARO:3002249	CARB-10	551	68.625590	69.676951	111.000000
E_11-12	ARO:3002250	CARB-12	205	79.216098	76.305366	108.000000
E_11-12	ARO:3002252	CARB-14	553	68.893671	69.772694	111.000000
E_11-12	ARO:3002254	CARB-17	179	59.179888	59.663687	76.600000
E_11-12	ARO:3002255	CARB-16	551	69.047187	69.932123	111.000000
E_11-12	ARO:3002256	IND-1	6	54.383333	61.500000	80.900000
E_11-12	ARO:3002257	IND-2	16	52.056250	60.593750	79.300000
E_11-12	ARO:3002258	IND-2a	16	51.918750	60.531250	79.300000
E_11-12	ARO:3002259	IND-3	7	54.871429	61.085714	81.300000
E_11-12	ARO:3002260	IND-4	36	50.136111	55.988889	80.900000
E_11-12	ARO:3002261	IND-5	2	61.300000	72.400000	80.900000
E_11-12	ARO:3002262	IND-6	5	53.040000	62.340000	78.200000
E_11-12	ARO:3002263	IND-7	7	52.942857	60.085714	80.900000
E_11-12	ARO:3002264	IND-8	3	56.466667	64.466667	76.300000
E_11-12	ARO:3002265	IND-9	10	50.110000	57.610000	79.300000
E_11-12	ARO:3002266	IND-10	3	56.466667	64.466667	76.300000
E_11-12	ARO:3002267	IND-11	15	53.620000	61.460000	79.300000
E_11-12	ARO:3002268	IND-12	15	52.246667	61.093333	79.300000
E_11-12	ARO:3002269	IND-14	7	54.871429	61.085714	81.300000
E_11-12	ARO:3002270	IND-15	14	52.821429	60.457143	79.300000
E_11-12	ARO:3002271	VIM-1	20	48.550000	51.445000	66.200000
E_11-12	ARO:3002272	VIM-2	3	43.433333	49.766667	53.500000
E_11-12	ARO:3002273	VIM-3	1	38.000000	50.400000	50.400000
E_11-12	ARO:3002274	VIM-4	10	50.300000	45.170000	58.200000
E_11-12	ARO:3002275	VIM-5	10	49.710000	46.280000	53.900000
E_11-12	ARO:3002276	VIM-6	3	43.433333	49.766667	53.500000
E_11-12	ARO:3002277	VIM-7	22	50.722727	51.963636	66.200000
E_11-12	ARO:3002278	VIM-8	3	43.433333	49.766667	53.500000
E_11-12	ARO:3002279	VIM-9	1	38.000000	50.400000	50.400000
E_11-12	ARO:3002280	VIM-10	2	41.600000	49.500000	52.000000
E_11-12	ARO:3002281	VIM-11	3	43.433333	49.766667	53.500000
E_11-12	ARO:3002282	VIM-12	11	48.854545	54.681818	65.500000
E_11-12	ARO:3002283	VIM-13	5	51.100000	46.740000	54.700000
E_11-12	ARO:3002284	VIM-14	6	49.933333	45.566667	58.200000
E_11-12	ARO:3002285	VIM-15	2	44.700000	51.950000	53.500000
E_11-12	ARO:3002286	VIM-16	2	44.700000	51.950000	53.500000
E_11-12	ARO:3002287	VIM-17	3	43.433333	49.766667	53.500000
E_11-12	ARO:3002288	VIM-18	3	43.433333	49.766667	53.500000
E_11-12	ARO:3002289	VIM-19	12	48.433333	45.858333	58.200000
E_11-12	ARO:3002290	VIM-20	7	46.885714	52.485714	59.300000
E_11-12	ARO:3002293	VIM-23	3	43.000000	50.166667	53.500000
E_11-12	ARO:3002294	VIM-24	2	44.700000	51.950000	53.500000
E_11-12	ARO:3002295	VIM-25	8	46.775000	48.812500	53.900000
E_11-12	ARO:3002296	VIM-26	25	46.956000	50.044000	65.900000
E_11-12	ARO:3002297	VIM-27	21	48.323810	51.028571	66.200000
E_11-12	ARO:3002298	VIM-28	10	48.510000	45.550000	58.200000
E_11-12	ARO:3002299	VIM-29	47	47.551064	53.200000	69.300000
E_11-12	ARO:3002300	VIM-30	3	43.433333	49.766667	53.500000
E_11-12	ARO:3002301	VIM-31	9	47.577778	55.077778	65.500000
E_11-12	ARO:3002302	VIM-32	18	48.038889	52.266667	66.200000
E_11-12	ARO:3002303	VIM-33	16	49.306250	53.943750	66.200000
E_11-12	ARO:3002304	VIM-34	30	46.710000	49.493333	66.200000
E_11-12	ARO:3002305	VIM-35	19	48.531579	51.747368	66.200000
E_11-12	ARO:3002306	VIM-36	2	44.700000	51.950000	53.500000
E_11-12	ARO:3002307	VIM-37	22	47.781818	49.136364	65.500000
E_11-12	ARO:3002308	VIM-38	11	49.063636	45.890909	53.900000
E_11-12	ARO:3002309	VIM-39	16	48.600000	51.606250	65.900000
E_11-12	ARO:3002310	VIM-40	4	49.700000	43.600000	48.500000
E_11-12	ARO:3002313	KPC-3	10	81.680000	85.900000	109.000000
E_11-12	ARO:3002314	KPC-4	28	68.675000	65.664286	101.000000
E_11-12	ARO:3002315	KPC-5	19	78.100000	77.852632	109.000000
E_11-12	ARO:3002316	KPC-6	9	78.222222	80.422222	101.000000
E_11-12	ARO:3002317	KPC-7	13	68.846154	72.276923	102.000000
E_11-12	ARO:3002318	KPC-8	22	66.581818	65.213636	101.000000
E_11-12	ARO:3002319	KPC-9	123	63.121138	61.979675	105.000000
E_11-12	ARO:3002320	KPC-10	21	70.071429	72.080952	109.000000
E_11-12	ARO:3002321	KPC-11	21	75.352381	75.019048	109.000000
E_11-12	ARO:3002322	KPC-12	4	98.975000	87.100000	109.000000
E_11-12	ARO:3002323	KPC-13	6	82.400000	86.600000	101.000000
E_11-12	ARO:3002324	KPC-14	105	64.941905	64.882857	105.000000
E_11-12	ARO:3002325	KPC-15	18	61.711111	58.444444	101.000000
E_11-12	ARO:3002326	KPC-16	37	63.808108	62.381081	105.000000
E_11-12	ARO:3002327	KPC-17	24	57.558333	59.720833	105.000000
E_11-12	ARO:3002328	KPC-18	1	95.900000	105.000000	105.000000
E_11-12	ARO:3002329	KPC-19	11	80.827273	84.600000	109.000000
E_11-12	ARO:3002330	GES-1	1441	97.192852	89.776752	113.000000
E_11-12	ARO:3002331	GES-2	1425	97.183439	89.710456	113.000000
E_11-12	ARO:3002332	GES-3	985	95.590051	84.455127	113.000000
E_11-12	ARO:3002333	GES-4	1173	94.878261	85.392583	113.000000
E_11-12	ARO:3002334	GES-5	1591	97.427216	90.650534	113.000000
E_11-12	ARO:3002335	GES-6	1305	98.332567	89.696858	113.000000
E_11-12	ARO:3002336	GES-7	1214	96.293081	87.134349	113.000000
E_11-12	ARO:3002337	GES-8	1183	97.554100	88.774725	113.000000
E_11-12	ARO:3002338	GES-9	1206	96.126617	86.383167	108.000000
E_11-12	ARO:3002339	GES-10	759	95.878656	90.484453	113.000000
E_11-12	ARO:3002340	GES-11	1203	96.258687	86.497091	108.000000
E_11-12	ARO:3002341	GES-12	1194	95.538275	85.637186	108.000000
E_11-12	ARO:3002342	GES-13	1263	94.247189	85.498100	113.000000
E_11-12	ARO:3002343	GES-14	1452	95.447176	87.315565	108.000000
E_11-12	ARO:3002344	GES-15	1328	98.538027	90.388404	113.000000
E_11-12	ARO:3002345	GES-16	1330	96.825865	89.697368	113.000000
E_11-12	ARO:3002346	GES-17	966	95.439752	82.827743	107.000000
E_11-12	ARO:3002347	GES-18	1282	98.011466	89.066537	113.000000
E_11-12	ARO:3002348	GES-19	904	98.874004	92.827434	108.000000
E_11-12	ARO:3002349	GES-20	1392	96.383477	93.157830	113.000000
E_11-12	ARO:3002350	GES-21	1431	95.136129	87.163033	113.000000
E_11-12	ARO:3002351	GES-22	1237	94.890218	85.507114	108.000000
E_11-12	ARO:3002352	GES-23	1151	97.119201	88.009991	113.000000
E_11-12	ARO:3002353	GES-24	1319	97.477635	89.240258	113.000000
E_11-12	ARO:3002354	NDM-3	31	86.735484	80.283871	108.000000
E_11-12	ARO:3002355	NDM-4	34	87.605882	82.200000	108.000000
E_11-12	ARO:3002356	NDM-6	37	88.775676	84.272973	108.000000
E_11-12	ARO:3002357	NDM-7	30	91.620000	85.253333	108.000000
E_11-12	ARO:3002358	NDM-8	30	91.620000	85.300000	108.000000
E_11-12	ARO:3002359	NDM-9	34	87.605882	82.200000	108.000000
E_11-12	ARO:3002360	NDM-10	20	82.610000	72.490000	106.000000
E_11-12	ARO:3002361	NDM-11	30	91.663333	87.676667	108.000000
E_11-12	ARO:3002362	NDM-12	26	86.676923	78.265385	107.000000
E_11-12	ARO:3002363	PER-1	210	66.242381	64.721429	106.000000
E_11-12	ARO:3002364	PER-2	186	61.563441	62.154839	105.000000
E_11-12	ARO:3002365	PER-3	228	64.730263	64.068860	106.000000
E_11-12	ARO:3002366	PER-4	204	66.267157	64.772549	106.000000
E_11-12	ARO:3002367	PER-5	206	66.495631	64.877184	106.000000
E_11-12	ARO:3002368	PER-6	540	51.619815	52.222593	103.000000
E_11-12	ARO:3002369	PER-7	213	65.779812	64.372300	106.000000
E_11-12	ARO:3002370	VEB-1	2721	88.811650	85.744763	113.000000
E_11-12	ARO:3002371	VEB-2	2483	88.417962	86.234354	113.000000
E_11-12	ARO:3002372	VEB-3	2481	88.421604	85.011890	113.000000
E_11-12	ARO:3002373	VEB-4	2114	90.696547	87.688978	113.000000
E_11-12	ARO:3002374	VEB-6	2146	91.348369	86.739609	113.000000
E_11-12	ARO:3002375	VEB-5	2255	90.985898	89.667805	113.000000
E_11-12	ARO:3002376	VEB-7	2115	85.058676	84.367849	113.000000
E_11-12	ARO:3002377	VEB-8	1470	90.655374	87.490068	111.000000
E_11-12	ARO:3002378	VEB-9	2736	88.733297	85.575402	113.000000
E_11-12	ARO:3002379	SME-1	227	44.930396	45.832159	69.300000
E_11-12	ARO:3002380	SME-2	239	45.143515	46.189540	75.500000
E_11-12	ARO:3002381	SME-3	237	44.921519	45.940084	75.500000
E_11-12	ARO:3002382	SME-4	220	45.128636	46.147727	75.500000
E_11-12	ARO:3002383	SME-5	235	45.077872	46.093617	75.500000
E_11-12	ARO:3002385	BEL-1	142	56.203521	56.025352	73.200000
E_11-12	ARO:3002386	BEL-2	135	56.236296	56.018519	73.200000
E_11-12	ARO:3002387	BEL-3	134	56.256716	56.088060	73.200000
E_11-12	ARO:3002389	OXY-1-1	27	62.162963	61.196296	97.800000
E_11-12	ARO:3002390	OXY-1-2	39	62.915385	64.394872	100.000000
E_11-12	ARO:3002391	OXY-1-3	25	59.592000	58.356000	97.800000
E_11-12	ARO:3002392	OXY-1-4	70	58.694286	58.967143	100.000000
E_11-12	ARO:3002394	OXY-1-6	26	61.842308	60.642308	97.800000
E_11-12	ARO:3002396	OXY-2-1	48	54.189583	53.614583	76.300000
E_11-12	ARO:3002397	OXY-2-2	50	54.348000	54.360000	76.300000
E_11-12	ARO:3002398	OXY-2-3	47	56.236170	56.359574	79.000000
E_11-12	ARO:3002399	OXY-2-4	55	54.656364	55.329091	76.300000
E_11-12	ARO:3002400	OXY-2-5	76	56.265789	60.090789	79.000000
E_11-12	ARO:3002401	OXY-2-6	40	54.430000	53.982500	76.300000
E_11-12	ARO:3002402	OXY-2-7	47	54.429787	54.453191	76.300000
E_11-12	ARO:3002403	OXY-2-8	49	53.544898	54.414286	75.500000
E_11-12	ARO:3002404	OXY-2-9	77	54.910390	57.940260	81.600000
E_11-12	ARO:3002405	OXY-2-10	58	53.696552	54.601724	76.300000
E_11-12	ARO:3002406	OXY-2-11	33	55.224242	54.836364	75.500000
E_11-12	ARO:3002407	OXY-2-12	36	54.963889	55.205556	76.300000
E_11-12	ARO:3002408	OXY-2-13	38	56.113158	55.473684	76.300000
E_11-12	ARO:3002409	OXY-3-1	39	59.438462	61.174359	92.400000
E_11-12	ARO:3002410	OXY-4-1	62	59.335484	58.008065	100.000000
E_11-12	ARO:3002411	OXY-5-1	66	60.886364	59.095455	100.000000
E_11-12	ARO:3002412	OXY-5-2	54	62.809259	59.937037	100.000000
E_11-12	ARO:3002413	OXY-6-1	31	60.509677	60.948387	99.400000
E_11-12	ARO:3002414	OXY-6-2	66	60.018182	60.098485	99.400000
E_11-12	ARO:3002415	OXY-6-3	30	60.603333	61.413333	97.800000
E_11-12	ARO:3002416	OXY-6-4	28	58.817857	60.532143	99.400000
E_11-12	ARO:3002418	OKP-A-1	40	58.515000	60.310000	82.000000
E_11-12	ARO:3002419	OKP-A-2	75	60.602667	61.808000	95.900000
E_11-12	ARO:3002420	OKP-A-3	60	58.988333	61.178333	96.300000
E_11-12	ARO:3002421	OKP-A-4	57	60.971930	61.877193	96.300000
E_11-12	ARO:3002422	OKP-A-5	39	59.976923	61.810256	98.600000
E_11-12	ARO:3002423	OKP-A-6	39	57.761538	58.700000	95.900000
E_11-12	ARO:3002424	OKP-A-7	61	60.554098	62.316393	98.600000
E_11-12	ARO:3002425	OKP-A-8	65	60.621538	61.281538	95.900000
E_11-12	ARO:3002426	OKP-A-9	65	58.627692	59.547692	82.000000
E_11-12	ARO:3002427	OKP-A-10	47	57.885106	59.285106	98.600000
E_11-12	ARO:3002428	OKP-A-11	72	59.855556	61.101389	95.900000
E_11-12	ARO:3002429	OKP-A-12	85	59.521176	60.791765	95.900000
E_11-12	ARO:3002430	OKP-A-13	71	61.194366	62.221127	96.300000
E_11-12	ARO:3002431	OKP-A-14	84	62.634524	63.900000	96.300000
E_11-12	ARO:3002432	OKP-A-15	89	59.982022	61.293258	82.000000
E_11-12	ARO:3002433	OKP-A-16	51	59.535294	60.601961	95.900000
E_11-12	ARO:3002434	OKP-B-1	44	67.711364	70.363636	96.700000
E_11-12	ARO:3002435	OKP-B-2	58	64.844828	67.505172	96.700000
E_11-12	ARO:3002436	OKP-B-3	42	63.538095	64.678571	96.700000
E_11-12	ARO:3002437	OKP-B-4	20	68.480000	71.110000	95.500000
E_11-12	ARO:3002438	OKP-B-5	48	63.808333	64.258333	96.700000
E_11-12	ARO:3002439	OKP-B-6	51	65.947059	68.250980	96.700000
E_11-12	ARO:3002440	OKP-B-7	19	65.673684	65.610526	95.500000
E_11-12	ARO:3002441	OKP-B-8	69	62.702899	63.179710	96.700000
E_11-12	ARO:3002442	OKP-B-9	46	64.180435	67.571739	96.700000
E_11-12	ARO:3002443	OKP-B-10	53	60.971698	60.577358	96.700000
E_11-12	ARO:3002444	OKP-B-11	18	65.961111	65.833333	80.900000
E_11-12	ARO:3002445	OKP-B-12	66	62.957576	64.633333	96.700000
E_11-12	ARO:3002446	OKP-B-13	63	63.815873	64.219048	96.700000
E_11-12	ARO:3002447	OKP-B-14	65	64.490769	66.772308	96.700000
E_11-12	ARO:3002450	OKP-B-17	16	65.275000	68.425000	82.000000
E_11-12	ARO:3002451	OKP-B-18	41	64.678049	64.685366	96.700000
E_11-12	ARO:3002452	OKP-B-19	54	63.742593	64.216667	96.700000
E_11-12	ARO:3002453	OKP-B-20	40	63.522500	63.640000	95.500000
E_11-12	ARO:3002454	LEN-1	37	63.597297	64.521622	102.000000
E_11-12	ARO:3002455	LEN-2	22	67.259091	68.481818	102.000000
E_11-12	ARO:3002456	LEN-5	26	65.311538	67.850000	102.000000
E_11-12	ARO:3002457	LEN-7	21	62.566667	64.480952	102.000000
E_11-12	ARO:3002458	LEN-8	11	62.518182	61.072727	100.000000
E_11-12	ARO:3002459	LEN-9	37	65.067568	65.762162	102.000000
E_11-12	ARO:3002460	LEN-10	33	64.478788	67.251515	102.000000
E_11-12	ARO:3002461	LEN-11	10	69.520000	71.950000	102.000000
E_11-12	ARO:3002462	LEN-12	23	67.847826	70.404348	102.000000
E_11-12	ARO:3002463	LEN-13	22	67.840909	70.104545	102.000000
E_11-12	ARO:3002464	LEN-16	33	64.524242	67.439394	102.000000
E_11-12	ARO:3002465	LEN-18	16	64.962500	68.743750	102.000000
E_11-12	ARO:3002466	LEN-19	20	65.655000	68.990000	102.000000
E_11-12	ARO:3002467	LEN-20	38	64.300000	65.621053	102.000000
E_11-12	ARO:3002468	LEN-21	33	64.806061	66.700000	102.000000
E_11-12	ARO:3002469	LEN-22	18	67.794444	71.183333	102.000000
E_11-12	ARO:3002470	LEN-23	40	64.170000	65.372500	102.000000
E_11-12	ARO:3002471	LEN-24	9	69.533333	71.944444	102.000000
E_11-12	ARO:3002472	LEN-4	44	63.404545	64.050000	102.000000
E_11-12	ARO:3002473	LEN-17	12	60.233333	60.225000	102.000000
E_11-12	ARO:3002474	LEN-26	32	64.378125	65.909375	80.500000
E_11-12	ARO:3002475	LEN-3	43	64.425581	64.258140	102.000000
E_11-12	ARO:3002476	LEN-6	53	61.486792	60.666038	100.000000
E_11-12	ARO:3002477	LEN-14	41	60.373171	58.919512	100.000000
E_11-12	ARO:3002478	LEN-15	42	64.761905	65.542857	102.000000
E_11-12	ARO:3002479	LEN-25	15	54.626667	50.773333	100.000000
E_11-12	ARO:3002480	OXA-144	21	81.723810	82.842857	92.400000
E_11-12	ARO:3002481	AER-1	686	69.527697	69.524490	107.000000
E_11-12	ARO:3002482	LRA-1	165	56.274545	57.110909	77.800000
E_11-12	ARO:3002483	LRA-5	18	45.022222	40.938889	49.700000
E_11-12	ARO:3002484	LRA-13	310	52.097419	54.989677	89.000000
E_11-12	ARO:3002485	LRA-2	423	55.136407	51.858629	81.600000
E_11-12	ARO:3002486	LRA-7	30	46.103333	45.233333	58.200000
E_11-12	ARO:3002487	LRA-8	316	58.900000	58.575316	92.400000
E_11-12	ARO:3002488	LRA-9	29	45.900000	45.175862	58.200000
E_11-12	ARO:3002489	LRA-10	291	60.155326	62.042955	92.400000
E_11-12	ARO:3002492	LRA-18	257	57.299222	59.808171	83.600000
E_11-12	ARO:3002493	SRT-1	365	53.162740	52.440822	83.200000
E_11-12	ARO:3002494	SRT-2	377	53.154111	52.925199	85.500000
E_11-12	ARO:3002495	CTX-M-85	5	66.560000	67.860000	75.500000
E_11-12	ARO:3002496	OXA-418	93	70.740860	66.910753	97.800000
E_11-12	ARO:3002497	PDC-1	1	38.500000	38.100000	38.100000
E_11-12	ARO:3002498	PDC-2	1	52.000000	57.800000	57.800000
E_11-12	ARO:3002501	PDC-4	6	52.616667	43.566667	56.200000
E_11-12	ARO:3002502	PDC-5	6	51.450000	42.550000	45.100000
E_11-12	ARO:3002505	PDC-6	6	49.533333	41.383333	44.300000
E_11-12	ARO:3002506	PDC-7	8	67.437500	58.075000	80.900000
E_11-12	ARO:3002507	PDC-8	7	47.714286	52.600000	62.000000
E_11-12	ARO:3002508	PDC-9	4	62.600000	65.000000	76.300000
E_11-12	ARO:3002510	LRA-3	28	49.160714	46.721429	62.400000
E_11-12	ARO:3002511	LRA-12	50	49.226000	50.736000	87.400000
E_11-12	ARO:3002512	LRA-17	166	48.921084	50.192771	84.700000
E_11-12	ARO:3002513	LRA-19	95	48.915789	47.107368	79.300000
E_11-12	ARO:3002514	OCH-1	168	55.601786	56.153571	73.200000
E_11-12	ARO:3002515	OCH-2	174	57.121839	57.711494	77.000000
E_11-12	ARO:3002516	OCH-3	179	56.505028	58.016201	75.500000
E_11-12	ARO:3002517	OCH-4	126	55.410317	56.612698	71.200000
E_11-12	ARO:3002518	OCH-5	134	55.534328	56.889552	72.400000
E_11-12	ARO:3002519	OCH-6	146	57.182877	57.311644	76.600000
E_11-12	ARO:3002520	OCH-7	163	56.896319	57.108589	76.600000
E_11-12	ARO:3002521	OCH-8	145	55.454483	56.962759	72.000000
E_11-12	ARO:3002522	novA	39394	51.570980	50.703696	95.500000
E_11-12	ARO:3002523	AAC(2')-Ia	6	39.900000	40.483333	41.600000
E_11-12	ARO:3002524	AAC(2')-Ib	495	66.334545	66.753737	96.300000
E_11-12	ARO:3002525	AAC(2')-Ic	354	62.538136	66.373164	85.100000
E_11-12	ARO:3002526	AAC(2')-Id	365	58.854247	62.976712	81.300000
E_11-12	ARO:3002527	AAC(2')-Ie	295	65.329492	66.712542	83.600000
E_11-12	ARO:3002528	AAC(3)-Ia	35	67.665714	59.742857	88.600000
E_11-12	ARO:3002529	AAC(3)-Id	38	63.902632	60.331579	74.300000
E_11-12	ARO:3002530	AAC(3)-Ib	602	88.694850	45.800498	79.000000
E_11-12	ARO:3002531	AAC(3)-Ic	41	64.651220	59.558537	79.700000
E_11-12	ARO:3002533	AAC(3)-IIa	141	78.003546	75.611348	106.000000
E_11-12	ARO:3002534	AAC(3)-IIb	143	66.843357	65.295105	90.100000
E_11-12	ARO:3002535	AAC(3)-IIc	132	79.896970	77.154545	107.000000
E_11-12	ARO:3002536	AAC(3)-IIIa	57	46.352632	48.094737	68.900000
E_11-12	ARO:3002537	AAC(3)-IIIb	79	59.296203	60.131646	90.500000
E_11-12	ARO:3002538	AAC(3)-IIIc	75	59.364000	59.140000	86.700000
E_11-12	ARO:3002539	AAC(3)-IVa	60	60.775000	56.353333	108.000000
E_11-12	ARO:3002540	AAC(3)-VIa	35	48.382857	49.680000	65.900000
E_11-12	ARO:3002541	AAC(3)-VIIa	47	50.665957	49.682979	62.000000
E_11-12	ARO:3002542	AAC(3)-VIIIa	84	50.054762	48.900000	63.500000
E_11-12	ARO:3002543	AAC(3)-IXa	65	47.886154	49.518462	64.700000
E_11-12	ARO:3002544	AAC(3)-Xa	79	52.224051	49.524051	67.800000
E_11-12	ARO:3002545	AAC(6')-Ia	76	57.901316	55.842105	112.000000
E_11-12	ARO:3002546	AAC(6')-Ib	650	95.587538	91.482769	110.000000
E_11-12	ARO:3002547	AAC(6')-Ib-cr1	645	94.345581	89.825116	109.000000
E_11-12	ARO:3002549	AAC(6')-Ic	142	49.744366	48.716197	68.900000
E_11-12	ARO:3002553	AAC(6')-If	169	52.313018	50.426627	71.200000
E_11-12	ARO:3002554	AAC(6')-Ig	133	49.769925	49.149624	76.300000
E_11-12	ARO:3002555	AAC(6')-Ih	144	49.313194	50.353472	80.100000
E_11-12	ARO:3002556	AAC(6')-Ii	65	63.066154	62.292308	99.800000
E_11-12	ARO:3002557	AAC(6')-Ij	162	49.924691	50.153704	72.800000
E_11-12	ARO:3002558	AAC(6')-Ik	168	50.414286	50.238095	78.600000
E_11-12	ARO:3002559	AAC(6')-Ip	63	54.207937	56.861905	83.200000
E_11-12	ARO:3002560	AAC(6')-Iq	64	53.931250	56.765625	82.000000
E_11-12	ARO:3002561	AAC(6')-Ir	159	50.441509	49.447799	84.300000
E_11-12	ARO:3002562	AAC(6')-Is	177	48.892090	49.751977	82.400000
E_11-12	ARO:3002563	AAC(6')-Isa	17	57.547059	61.111765	73.200000
E_11-12	ARO:3002564	AAC(6')-It	171	49.176608	49.379532	80.100000
E_11-12	ARO:3002565	AAC(6')-Iu	177	49.589831	49.946328	85.500000
E_11-12	ARO:3002566	AAC(6')-Iv	165	48.282424	49.322424	79.700000
E_11-12	ARO:3002567	AAC(6')-Iw	164	50.011585	50.981098	83.600000
E_11-12	ARO:3002568	AAC(6')-Ix	178	48.237079	49.960674	84.700000
E_11-12	ARO:3002569	AAC(6')-Iy	164	59.489634	52.578659	75.100000
E_11-12	ARO:3002570	AAC(6')-Iz	154	47.316883	46.777922	69.700000
E_11-12	ARO:3002571	AAC(6')-Iaa	164	59.489634	52.578659	75.100000
E_11-12	ARO:3002572	AAC(6')-Iad	189	55.190476	55.040741	82.400000
E_11-12	ARO:3002573	AAC(6')-Iae	66	55.769697	56.340909	80.500000
E_11-12	ARO:3002574	AAC(6')-Iaf	65	53.295385	56.372308	81.300000
E_11-12	ARO:3002575	AAC(6')-Iai	41	57.239024	59.400000	103.000000
E_11-12	ARO:3002576	AAC(6')-Ib3	651	95.571889	91.266513	110.000000
E_11-12	ARO:3002577	AAC(6')-Ib4	651	95.830108	91.546544	110.000000
E_11-12	ARO:3002578	AAC(6')-Ib7	2096	95.322901	84.389695	110.000000
E_11-12	ARO:3002579	AAC(6')-Ib8	728	94.572940	88.611813	109.000000
E_11-12	ARO:3002580	AAC(6')-Ib9	677	95.888183	91.961004	110.000000
E_11-12	ARO:3002581	AAC(6')-Ib10	677	95.639882	91.691728	110.000000
E_11-12	ARO:3002582	AAC(6')-Ib11	651	94.402458	90.822427	110.000000
E_11-12	ARO:3002583	AAC(6')-29a	11	63.081818	60.181818	71.200000
E_11-12	ARO:3002584	AAC(6')-29b	11	62.990909	61.618182	72.400000
E_11-12	ARO:3002585	AAC(6')-31	404	83.733663	86.116337	103.000000
E_11-12	ARO:3002586	AAC(6')-32	215	79.026977	69.893953	103.000000
E_11-12	ARO:3002587	AAC(6')-I33	71	57.805634	57.690141	84.300000
E_11-12	ARO:3002588	AAC(6')-I30	77	55.137662	55.435065	84.000000
E_11-12	ARO:3002589	AAC(6')-Iid	56	59.435714	60.923214	77.800000
E_11-12	ARO:3002590	AAC(6')-Iih	70	61.987143	59.271429	79.000000
E_11-12	ARO:3002591	AAC_6_IB_Su	608	96.356579	90.982237	109.000000
E_11-12	ARO:3002592	AAC6_IB_HZ	600	96.419000	91.908833	109.000000
E_11-12	ARO:3002593	AAC(6')-Ib-SK	16	55.925000	61.062500	71.200000
E_11-12	ARO:3002594	AAC(6')-IIa	145	81.045517	73.975172	115.000000
E_11-12	ARO:3002595	AAC(6')-IIb	51	55.117647	53.160784	85.900000
E_11-12	ARO:3002596	AAC(6')-IIc	167	85.397006	88.064072	112.000000
E_11-12	ARO:3002597	AAC6_Ie_APH2_Ia	362	97.330387	96.706077	113.000000
E_11-12	ARO:3002598	ANT3II_ANT6II	2495	80.432625	79.535551	110.000000
E_11-12	ARO:3002599	AAC6_30_AAC6_Ib	674	94.842730	91.214837	110.000000
E_11-12	ARO:3002600	AAC_3Ib_AAC_6Ib	669	93.402840	89.740807	108.000000
E_11-12	ARO:3002601	aadA	2047	83.546654	79.854177	112.000000
E_11-12	ARO:3002602	aadA2	1953	81.823707	79.452125	110.000000
E_11-12	ARO:3002603	aadA3	1989	81.938713	79.488788	110.000000
E_11-12	ARO:3002604	aadA4	1442	67.220180	68.800208	108.000000
E_11-12	ARO:3002605	aadA5	1453	67.613214	69.675292	114.000000
E_11-12	ARO:3002606	aadA6	1883	75.467870	74.889113	110.000000
E_11-12	ARO:3002607	aadA7	1770	71.532090	72.584859	103.000000
E_11-12	ARO:3002608	aadA8	2015	82.338561	79.566104	110.000000
E_11-12	ARO:3002609	aadA9	2250	69.488978	60.706178	93.600000
E_11-12	ARO:3002611	aadA11	1912	74.466318	74.280910	110.000000
E_11-12	ARO:3002612	aadA12	1980	82.205758	79.625253	110.000000
E_11-12	ARO:3002613	aadA13	1967	78.258973	77.078190	111.000000
E_11-12	ARO:3002614	aadA14	1265	60.085613	62.558261	85.500000
E_11-12	ARO:3002615	aadA15	1993	82.912845	79.900452	110.000000
E_11-12	ARO:3002616	aadA16	1674	76.080406	75.598626	108.000000
E_11-12	ARO:3002617	aadA17	1993	82.244957	79.688209	110.000000
E_11-12	ARO:3002618	aadA21	2001	82.999350	79.691754	110.000000
E_11-12	ARO:3002619	aadA22	2027	82.656191	79.677257	112.000000
E_11-12	ARO:3002620	aadA23	2006	83.268843	79.752891	112.000000
E_11-12	ARO:3002621	aadA24	2021	83.279960	79.581296	112.000000
E_11-12	ARO:3002622	aadA6/aadA10	1900	74.631526	74.444053	110.000000
E_11-12	ARO:3002623	ANT(4')-Ia	2	100.000000	91.900000	101.000000
E_11-12	ARO:3002626	ANT(6)-Ia	396	74.289646	77.409596	116.000000
E_11-12	ARO:3002627	aadK	342	59.749708	64.815789	85.500000
E_11-12	ARO:3002628	aad(6)	345	74.372464	76.655652	116.000000
E_11-12	ARO:3002629	ANT(6)-Ib	360	70.781667	74.858889	112.000000
E_11-12	ARO:3002630	ANT(9)-Ia	341	53.120235	54.148387	80.900000
E_11-12	ARO:3002631	spd	86	51.012791	47.748837	59.700000
E_11-12	ARO:3002634	APH(2'')-Ie	27	79.003704	74.507407	106.000000
E_11-12	ARO:3002635	APH(2'')-IIa	32	53.718750	49.184375	87.800000
E_11-12	ARO:3002636	APH(2'')-IIIa	4	49.900000	48.625000	52.800000
E_11-12	ARO:3002637	APH(2'')-IVa	29	72.982759	69.024138	104.000000
E_11-12	ARO:3002638	APH(3'')-Ia	106	59.961321	60.618868	80.100000
E_11-12	ARO:3002639	APH(3'')-Ib	680	96.198824	91.454412	112.000000
E_11-12	ARO:3002640	APH(3'')-Ic	127	58.639370	55.402362	79.000000
E_11-12	ARO:3002641	APH(3')-Ia	143	64.044056	65.585315	111.000000
E_11-12	ARO:3002642	APH(3')-Ib	158	88.555063	86.443038	110.000000
E_11-12	ARO:3002644	APH(3')-IIa	91	54.160440	50.991209	86.300000
E_11-12	ARO:3002645	APH(3')-IIb	46	53.280435	52.110870	72.800000
E_11-12	ARO:3002646	APH(3')-IIc	48	54.054167	51.502083	72.000000
E_11-12	ARO:3002647	APH(3')-IIIa	144	81.779167	79.213889	110.000000
E_11-12	ARO:3002648	APH(3')-IVa	74	51.247297	51.364865	68.900000
E_11-12	ARO:3002649	APH(3')-Va	127	51.228346	50.805512	67.000000
E_11-12	ARO:3002650	APH(3')-Vb	48	57.037500	53.172917	60.100000
E_11-12	ARO:3002651	APH(3')-Vc	108	51.548148	52.288889	67.800000
E_11-12	ARO:3002652	APH(3')-VIa	49	81.406122	78.851020	107.000000
E_11-12	ARO:3002653	APH(3')-VIb	49	80.802041	76.955102	107.000000
E_11-12	ARO:3002654	APH(3')-VIIa	48	56.797917	53.247917	72.000000
E_11-12	ARO:3002655	APH(4)-Ia	41	53.880488	51.134146	110.000000
E_11-12	ARO:3002656	APH(4)-Ib	2	61.750000	46.000000	51.600000
E_11-12	ARO:3002657	APH(6)-Ia	140	62.182143	58.840714	87.000000
E_11-12	ARO:3002658	APH(6)-Ib	140	56.417143	58.563571	77.400000
E_11-12	ARO:3002659	APH(6)-Ic	201	58.309950	55.354229	98.600000
E_11-12	ARO:3002660	APH(6)-Id	617	92.041329	86.997083	112.000000
E_11-12	ARO:3002662	APH(9)-Ia	270	60.392963	68.406667	98.600000
E_11-12	ARO:3002663	APH(9)-Ib	4	48.450000	38.300000	38.900000
E_11-12	ARO:3002665	npmA	6	43.850000	48.916667	62.800000
E_11-12	ARO:3002666	rmtF	12	66.283333	56.866667	98.600000
E_11-12	ARO:3002667	rmtD	16	56.293750	53.468750	77.800000
E_11-12	ARO:3002668	rmtG	8	53.875000	52.312500	69.300000
E_11-12	ARO:3002669	APH(2'')-Ig	7	44.485714	45.442857	57.400000
E_11-12	ARO:3002671	Lreu_cat-TC	434	51.329263	53.529493	79.300000
E_11-12	ARO:3002672	Bpum_cat86	364	50.019780	54.164286	78.600000
E_11-12	ARO:3002674	Cbut_catB	722	60.313296	65.807618	101.000000
E_11-12	ARO:3002675	catB2	2966	60.874410	60.446561	108.000000
E_11-12	ARO:3002676	catB3	3285	61.768037	60.242222	114.000000
E_11-12	ARO:3002678	Paer_catB6	3862	56.720041	57.558648	108.000000
E_11-12	ARO:3002679	Paer_catB7	1646	61.792588	63.254010	110.000000
E_11-12	ARO:3002680	catB8	3895	59.268909	58.271861	112.000000
E_11-12	ARO:3002681	catB9	1870	61.051711	60.586684	100.000000
E_11-12	ARO:3002683	catA1	412	53.430583	57.478398	110.000000
E_11-12	ARO:3002684	catII	480	50.241667	52.203958	100.000000
E_11-12	ARO:3002685	catIII	435	53.349425	52.988506	85.100000
E_11-12	ARO:3002686	catP	603	59.250580	62.052902	107.000000
E_11-12	ARO:3002687	catQ	833	69.495438	72.010564	118.000000
E_11-12	ARO:3002688	catS	306	60.108824	59.350327	100.000000
E_11-12	ARO:3002689	pp_cat	413	53.571913	57.453269	110.000000
E_11-12	ARO:3002690	Sliv_cmlR	859	48.552619	46.748312	78.200000
E_11-12	ARO:3002691	Sent_cmlA	2163	67.796718	63.958992	109.000000
E_11-12	ARO:3002693	cmlA1	2422	66.764162	63.515607	109.000000
E_11-12	ARO:3002694	cmlA4	2292	67.266099	63.936867	107.000000
E_11-12	ARO:3002695	cmlA5	2426	66.918549	63.697815	109.000000
E_11-12	ARO:3002696	cmlA6	2425	66.729443	63.546392	109.000000
E_11-12	ARO:3002698	cmlB	2330	63.020730	60.522189	99.000000
E_11-12	ARO:3002699	cmlB1	1663	65.764642	63.253939	100.000000
E_11-12	ARO:3002700	cmlv	1651	50.615445	47.938764	66.200000
E_11-12	ARO:3002701	Rfas_cmr	1237	47.034600	46.477284	67.000000
E_11-12	ARO:3002702	cmrA	1172	48.743771	48.180290	65.500000
E_11-12	ARO:3002703	cmx	1112	49.763579	46.505935	99.400000
E_11-12	ARO:3002704	fexA	168	44.301786	42.077381	53.100000
E_11-12	ARO:3002705	floR	2399	53.461526	51.694831	106.000000
E_11-12	ARO:3002707	QnrA1	189	65.035979	59.311111	74.700000
E_11-12	ARO:3002708	QnrA2	140	66.614286	53.682143	63.900000
E_11-12	ARO:3002709	QnrA3	169	66.069822	52.368047	63.500000
E_11-12	ARO:3002710	QnrA4	169	66.069822	52.368047	63.500000
E_11-12	ARO:3002711	QnrA5	169	66.069822	52.368047	63.500000
E_11-12	ARO:3002712	QnrA6	102	64.702941	52.099020	63.500000
E_11-12	ARO:3002713	QnrA7	130	65.883846	51.280000	63.500000
E_11-12	ARO:3002714	QnrB1	20	67.560000	70.545000	106.000000
E_11-12	ARO:3002715	QnrB2	43	66.874419	58.125581	89.700000
E_11-12	ARO:3002716	QnrB3	7	65.242857	63.657143	98.600000
E_11-12	ARO:3002718	QnrB4	87	74.582759	63.371264	109.000000
E_11-12	ARO:3002719	QnrB5	31	82.993548	77.354839	105.000000
E_11-12	ARO:3002720	QnrB6	17	56.635294	60.700000	97.400000
E_11-12	ARO:3002721	QnrB7	61	58.644262	64.216393	106.000000
E_11-12	ARO:3002722	QnrB8	49	73.222449	74.163265	105.000000
E_11-12	ARO:3002723	QnrB9	38	57.494737	61.392105	106.000000
E_11-12	ARO:3002724	QnrB10	43	87.755814	83.330233	109.000000
E_11-12	ARO:3002725	QnrB11	40	96.002500	74.495000	109.000000
E_11-12	ARO:3002726	QnrB12	23	98.230435	88.665217	109.000000
E_11-12	ARO:3002727	QnrB13	33	66.987879	54.175758	97.400000
E_11-12	ARO:3002728	QnrB14	14	78.128571	79.614286	90.900000
E_11-12	ARO:3002730	QnrB15	60	68.586667	72.806667	107.000000
E_11-12	ARO:3002731	QnrB16	1	100.000000	40.000000	40.000000
E_11-12	ARO:3002732	QnrB17	7	65.242857	63.657143	98.600000
E_11-12	ARO:3002733	QnrB18	45	62.771111	66.811111	97.400000
E_11-12	ARO:3002734	QnrB19	116	74.462069	67.656034	109.000000
E_11-12	ARO:3002735	QnrB20	13	88.492308	45.153846	78.200000
E_11-12	ARO:3002736	QnrB21	56	73.258929	73.205357	105.000000
E_11-12	ARO:3002737	QnrB22	89	77.393258	69.403371	109.000000
E_11-12	ARO:3002738	QnrB23	37	70.929730	71.970270	107.000000
E_11-12	ARO:3002739	QnrB24	6	60.816667	57.833333	80.100000
E_11-12	ARO:3002740	QnrB25	50	70.178000	71.982000	105.000000
E_11-12	ARO:3002741	QnrB26	15	80.040000	81.960000	100.000000
E_11-12	ARO:3002742	QnrB27	103	63.620388	58.346602	108.000000
E_11-12	ARO:3002743	QnrB28	121	65.855372	61.704132	108.000000
E_11-12	ARO:3002744	QnrB29	1	84.100000	80.100000	80.100000
E_11-12	ARO:3002745	QnrB30	1	83.700000	77.800000	77.800000
E_11-12	ARO:3002746	QnrB31	34	83.726471	69.320588	107.000000
E_11-12	ARO:3002747	QnrB32	59	57.276271	62.859322	100.000000
E_11-12	ARO:3002748	QnrB33	120	67.077500	62.372500	108.000000
E_11-12	ARO:3002749	QnrB34	20	98.570000	86.515000	109.000000
E_11-12	ARO:3002750	QnrB35	32	63.975000	72.618750	105.000000
E_11-12	ARO:3002751	QnrB36	187	67.107487	64.568449	109.000000
E_11-12	ARO:3002752	QnrB37	61	83.029508	75.313115	109.000000
E_11-12	ARO:3002753	QnrB38	46	68.165217	71.167391	105.000000
E_11-12	ARO:3002754	QnrB39	23	93.443478	84.647826	109.000000
E_11-12	ARO:3002755	QnrB40	30	91.740000	84.293333	108.000000
E_11-12	ARO:3002756	QnrB41	2	86.800000	88.800000	98.600000
E_11-12	ARO:3002757	QnrB42	58	60.646552	67.048276	106.000000
E_11-12	ARO:3002758	QnrB43	41	57.743902	62.460976	106.000000
E_11-12	ARO:3002759	QnrB44	38	57.494737	61.413158	106.000000
E_11-12	ARO:3002760	QnrB45	49	58.232653	62.197959	106.000000
E_11-12	ARO:3002761	QnrB46	51	63.790196	59.786275	80.100000
E_11-12	ARO:3002762	QnrB47	199	67.227638	65.065327	109.000000
E_11-12	ARO:3002763	QnrB48	56	59.267857	64.628571	106.000000
E_11-12	ARO:3002764	QnrB49	30	88.446667	69.880000	109.000000
E_11-12	ARO:3002765	QnrB50	55	79.258182	75.738182	109.000000
E_11-12	ARO:3002767	QnrB54	187	62.760963	62.295187	109.000000
E_11-12	ARO:3002768	QnrB55	70	83.627143	66.622857	109.000000
E_11-12	ARO:3002769	QnrB56	45	87.288889	82.044444	109.000000
E_11-12	ARO:3002770	QnrB57	2	92.050000	60.050000	80.100000
E_11-12	ARO:3002771	QnrB58	49	63.787755	66.718367	106.000000
E_11-12	ARO:3002772	QnrB59	26	91.519231	85.434615	109.000000
E_11-12	ARO:3002773	QnrB60	31	61.754839	69.129032	105.000000
E_11-12	ARO:3002774	QnrB61	161	66.745342	64.622981	109.000000
E_11-12	ARO:3002775	QnrB62	40	86.845000	83.137500	109.000000
E_11-12	ARO:3002776	QnrB64	58	62.531034	58.853448	106.000000
E_11-12	ARO:3002777	QnrB65	193	66.416580	61.034197	109.000000
E_11-12	ARO:3002778	QnrB66	68	58.122059	62.750000	106.000000
E_11-12	ARO:3002779	QnrB67	42	86.483333	84.147619	109.000000
E_11-12	ARO:3002780	QnrB68	37	86.918919	79.791892	108.000000
E_11-12	ARO:3002781	QnrB69	61	83.029508	75.313115	109.000000
E_11-12	ARO:3002782	QnrB70	81	78.520988	74.128395	109.000000
E_11-12	ARO:3002783	QnrB71	148	67.268919	64.715541	109.000000
E_11-12	ARO:3002784	QnrB72	15	66.446667	66.600000	102.000000
E_11-12	ARO:3002785	QnrB73	112	66.017857	61.618750	108.000000
E_11-12	ARO:3002786	QnrB74	1	100.000000	40.800000	40.800000
E_11-12	ARO:3002787	QnrC	133	80.456391	58.839850	73.200000
E_11-12	ARO:3002788	QnrD1	127	63.148031	64.381102	110.000000
E_11-12	ARO:3002789	QnrD2	127	63.062205	64.292126	110.000000
E_11-12	ARO:3002790	QnrS1	409	79.985819	65.396822	100.000000
E_11-12	ARO:3002791	QnrS2	479	80.665971	76.201461	110.000000
E_11-12	ARO:3002792	QnrS3	350	79.711714	64.820857	100.000000
E_11-12	ARO:3002793	QnrS4	411	79.568613	64.958881	100.000000
E_11-12	ARO:3002794	QnrS5	523	78.451243	76.284512	109.000000
E_11-12	ARO:3002795	QnrS6	479	79.920668	75.800209	110.000000
E_11-12	ARO:3002796	QnrS7	347	80.976657	61.704899	100.000000
E_11-12	ARO:3002797	QnrS8	436	77.619495	66.130505	104.000000
E_11-12	ARO:3002798	QnrS9	528	78.731818	79.078788	109.000000
E_11-12	ARO:3002799	QnrVC1	351	82.135043	66.169516	101.000000
E_11-12	ARO:3002800	QnrVC3	356	81.829775	66.509270	101.000000
E_11-12	ARO:3002801	QnrVC4	343	82.998834	62.339650	111.000000
E_11-12	ARO:3002802	QnrVC5	350	82.760571	62.868000	111.000000
E_11-12	ARO:3002803	QnrVC6	358	82.689944	68.747765	106.000000
E_11-12	ARO:3002804	FosA2	194	62.614948	60.889175	110.000000
E_11-12	ARO:3002812	pp-flo	2381	53.031457	50.748509	106.000000
E_11-12	ARO:3002813	lmrB	1011	47.844510	47.034421	79.000000
E_11-12	ARO:3002814	clbA	1275	46.523529	45.608941	86.300000
E_11-12	ARO:3002815	clbB	2307	45.393368	44.733463	86.300000
E_11-12	ARO:3002816	clbC	2465	45.059310	43.364503	104.000000
E_11-12	ARO:3002817	carA	10674	50.750684	49.219908	75.100000
E_11-12	ARO:3002819	msrC	18477	47.135617	45.165146	102.000000
E_11-12	ARO:3002823	ErmH	145	44.961379	42.148276	75.100000
E_11-12	ARO:3002824	ErmV	74	46.779730	42.062162	72.000000
E_11-12	ARO:3002825	ErmY	594	63.007576	62.480808	97.400000
E_11-12	ARO:3002826	EreA2	393	77.835369	75.544020	107.000000
E_11-12	ARO:3002827	tlrC	4000	51.476625	46.976900	67.400000
E_11-12	ARO:3002828	srmB	10717	50.071279	48.051311	70.900000
E_11-12	ARO:3002829	vgaA	23797	46.983313	46.648010	68.200000
E_11-12	ARO:3002830	vgaALC	23797	46.982956	46.647876	68.200000
E_11-12	ARO:3002831	vgaC	20132	48.998480	48.266943	79.700000
E_11-12	ARO:3002832	vgaD	23300	44.916094	46.615815	67.800000
E_11-12	ARO:3002833	vgaE	26808	48.410157	47.407998	74.300000
E_11-12	ARO:3002835	lnuA	119	58.436134	63.963866	109.000000
E_11-12	ARO:3002836	lnuB	285	70.879649	70.485614	106.000000
E_11-12	ARO:3002837	lnuC	329	70.973252	71.763222	113.000000
E_11-12	ARO:3002838	lnuD	435	65.607816	66.809425	101.000000
E_11-12	ARO:3002839	lnuF	158	53.483544	59.302532	112.000000
E_11-12	ARO:3002840	vatA	945	57.429841	49.753333	81.300000
E_11-12	ARO:3002841	vatB	3763	55.495057	56.884241	103.000000
E_11-12	ARO:3002842	vatC	3195	55.241596	53.218466	89.400000
E_11-12	ARO:3002843	vatD	1764	54.162188	53.937188	87.800000
E_11-12	ARO:3002844	vatE	4083	55.976390	52.727921	92.000000
E_11-12	ARO:3002845	vatH	3345	57.927055	54.371031	95.900000
E_11-12	ARO:3002846	arr-1	534	65.050749	68.905993	102.000000
E_11-12	ARO:3002847	arr-2	710	79.673662	77.367887	116.000000
E_11-12	ARO:3002848	arr-3	710	79.228732	77.128028	116.000000
E_11-12	ARO:3002849	arr-4	603	69.122554	73.433333	105.000000
E_11-12	ARO:3002850	arr-5	668	66.035778	70.727844	100.000000
E_11-12	ARO:3002852	arr-7	590	67.939831	70.778814	101.000000
E_11-12	ARO:3002853	arr-8	581	68.390361	74.902410	107.000000
E_11-12	ARO:3002854	dfrA1	816	62.200980	58.671324	108.000000
E_11-12	ARO:3002856	dfrA24	416	51.205288	50.149038	60.500000
E_11-12	ARO:3002857	dfrA26	3544	52.928584	51.622207	77.400000
E_11-12	ARO:3002858	dfrA12	3034	51.388102	52.019545	102.000000
E_11-12	ARO:3002859	dfrA14	779	62.150706	58.284981	109.000000
E_11-12	ARO:3002860	dfrA17	610	57.678689	56.830492	106.000000
E_11-12	ARO:3002861	dfrA5	844	60.499526	56.595616	106.000000
E_11-12	ARO:3002862	dfrA7	459	63.705664	62.035076	107.000000
E_11-12	ARO:3002863	dfrA8	2764	53.973155	45.758177	79.000000
E_11-12	ARO:3002864	dfrB1	117	80.636752	68.917949	107.000000
E_11-12	ARO:3002865	dfrC	4056	53.974038	55.165952	86.700000
E_11-12	ARO:3002866	dfrD	1881	45.125997	47.273365	98.600000
E_11-12	ARO:3002867	dfrF	1819	51.415118	52.763881	107.000000
E_11-12	ARO:3002868	dfrG	2326	46.993379	49.375150	110.000000
E_11-12	ARO:3002869	dfrK	2587	46.406339	48.289872	103.000000
E_11-12	ARO:3002871	tet(37)	1384	77.320520	68.628324	102.000000
E_11-12	ARO:3002872	FosA3	181	63.272376	61.903315	108.000000
E_11-12	ARO:3002873	FosB3	14	59.221429	43.328571	66.200000
E_11-12	ARO:3002874	FosC2	220	56.861818	50.495455	82.000000
E_11-12	ARO:3002875	dfrE	1338	49.988416	49.675336	108.000000
E_11-12	ARO:3002877	BcI	277	52.110108	54.610108	87.400000
E_11-12	ARO:3002878	BcII	23	48.108696	52.086957	71.200000
E_11-12	ARO:3002879	linG	160	53.972500	59.393125	109.000000
E_11-12	ARO:3002881	lmrC	11130	47.429838	44.222902	82.000000
E_11-12	ARO:3002882	lmrD	46532	47.994488	48.823704	103.000000
E_11-12	ARO:3002883	rgt1438	42	52.604762	44.938095	68.200000
E_11-12	ARO:3002884	iri	963	60.220457	55.746729	90.500000
E_11-12	ARO:3002891	otr(A)S.rim	18059	54.462916	49.927078	80.500000
E_11-12	ARO:3002892	otr(B)	1376	45.679142	44.779578	77.000000
E_11-12	ARO:3002893	tcr3	1129	47.267316	45.199380	80.900000
E_11-12	ARO:3002894	otr(C)	8780	47.674966	49.463303	82.400000
E_11-12	ARO:3002895	SAT-2	22	61.831818	63.440909	108.000000
E_11-12	ARO:3002897	SAT-4	46	74.058696	70.028261	111.000000
E_11-12	ARO:3002898	SAT-3	13	52.861538	50.107692	75.900000
E_11-12	ARO:3002907	vanE	3542	47.868154	48.633512	74.700000
E_11-12	ARO:3002908	vanF	2770	51.189097	48.661986	84.300000
E_11-12	ARO:3002909	vanG	3515	51.979004	48.498435	94.000000
E_11-12	ARO:3002910	vanL	3649	51.667772	50.097122	73.900000
E_11-12	ARO:3002911	vanM	2905	51.089053	49.757108	80.900000
E_11-12	ARO:3002912	vanN	2360	51.287500	49.305678	72.400000
E_11-12	ARO:3002913	vanO	4161	53.641649	50.136602	80.100000
E_11-12	ARO:3002914	vanJ	8	44.775000	46.100000	51.600000
E_11-12	ARO:3002919	vanR_in_vanA_cl	20916	53.582960	50.995353	96.300000
E_11-12	ARO:3002921	vanR_in_vanB_cl	11053	43.620311	43.068714	76.300000
E_11-12	ARO:3002922	vanR_in_vanC_cl	26685	51.300547	49.976387	89.000000
E_11-12	ARO:3002923	vanR_in_vanD_cl	21268	49.731348	47.089896	95.900000
E_11-12	ARO:3002924	vanR_in_vanE_cl	24924	50.480244	49.573772	89.000000
E_11-12	ARO:3002925	vanR_in_vanF_cl	35232	46.728942	46.501624	76.600000
E_11-12	ARO:3002926	vanR_in_vanG_cl	24349	51.412547	50.427057	105.000000
E_11-12	ARO:3002927	vanR_in_vanL_cl	26381	51.077931	49.767814	90.500000
E_11-12	ARO:3002928	vanR_in_vanM_cl	36369	46.852800	46.180439	79.300000
E_11-12	ARO:3002929	vanR_in_vanN_cl	24757	51.540821	49.434883	85.900000
E_11-12	ARO:3002930	vanR_in_vanO_cl	22581	51.472455	46.867849	95.100000
E_11-12	ARO:3002931	vanS_in_vanA_cl	2836	51.763963	48.297708	87.800000
E_11-12	ARO:3002932	vanS_in_vanB_cl	642	46.964798	42.909190	61.200000
E_11-12	ARO:3002933	vanS_in_vanC_cl	1619	48.659914	45.674182	83.600000
E_11-12	ARO:3002934	vanS_in_vanD_cl	1094	47.780987	45.098537	89.700000
E_11-12	ARO:3002935	vanS_in_vanE_cl	1368	48.184284	44.681652	65.100000
E_11-12	ARO:3002936	vanS_in_vanF_cl	2139	43.229921	41.894390	63.200000
E_11-12	ARO:3002937	vanS_in_vanG_cl	2565	50.265536	47.278090	84.300000
E_11-12	ARO:3002938	vanS_in_vanL_cl	4533	48.077829	45.090668	84.000000
E_11-12	ARO:3002939	vanS_in_vanM_cl	2772	43.554690	42.032648	60.500000
E_11-12	ARO:3002940	vanS_in_vanN_cl	1264	50.678244	48.728006	85.900000
E_11-12	ARO:3002941	vanS_in_vanO_cl	61	61.616393	55.718033	78.600000
E_11-12	ARO:3002942	vanH_in_vanA_cl	2150	46.586558	46.038279	68.600000
E_11-12	ARO:3002943	vanH_in_vanB_cl	3012	47.888015	45.644754	70.500000
E_11-12	ARO:3002944	vanH_in_vanD_cl	4210	49.416698	46.643159	68.600000
E_11-12	ARO:3002945	vanH_in_vanF_cl	3045	49.029491	46.792545	70.100000
E_11-12	ARO:3002947	vanH_in_vanM_cl	2942	48.831917	47.896703	70.900000
E_11-12	ARO:3002948	vanH_in_vanO_cl	3401	48.320553	47.587974	81.300000
E_11-12	ARO:3002949	vanX_in_vanA_cl	306	49.808497	48.558497	84.300000
E_11-12	ARO:3002950	vanX_in_vanB_cl	174	52.431609	48.847126	87.800000
E_11-12	ARO:3002952	vanX_in_vanF_cl	271	51.228044	48.487823	85.100000
E_11-12	ARO:3002953	vanX_in_vanM_cl	144	48.008333	49.168750	82.400000
E_11-12	ARO:3002954	vanX_in_vanO_cl	197	52.080203	49.457868	80.500000
E_11-12	ARO:3002955	vanY_in_vanA_cl	542	53.396310	56.090959	79.700000
E_11-12	ARO:3002956	vanY_in_vanB_cl	619	55.526333	55.309370	90.900000
E_11-12	ARO:3002958	vanY_in_vanF_cl	390	53.893077	56.571026	80.500000
E_11-12	ARO:3002959	vanY_in_vanG_cl	267	55.888390	51.977154	97.100000
E_11-12	ARO:3002961	vanY_in_vanM_cl	426	54.664789	56.348122	77.800000
E_11-12	ARO:3002962	vanZ_in_vanA_cl	89	49.710112	45.498876	62.000000
E_11-12	ARO:3002963	vanZ_in_vanF_cl	157	48.190446	44.042675	75.900000
E_11-12	ARO:3002964	vanW_in_vanB_cl	172	50.240698	49.632558	75.500000
E_11-12	ARO:3002965	vanW_in_vanG_cl	90	53.065556	55.990000	103.000000
E_11-12	ARO:3002966	vanXY_in_vanC	524	56.026336	52.987786	72.800000
E_11-12	ARO:3002967	vanXY_in_vanE	240	52.015000	49.937917	69.700000
E_11-12	ARO:3002968	vanXY_in_vanL	234	56.015385	54.461966	71.200000
E_11-12	ARO:3002969	vanXY_in_vanN	320	56.430937	55.614062	78.600000
E_11-12	ARO:3002970	vanT_in_vanC_cl	1195	47.585272	44.460837	96.300000
E_11-12	ARO:3002971	vanT_in_vanE_cl	914	46.655908	44.369694	64.700000
E_11-12	ARO:3002972	vanT_in_vanG_cl	3749	48.036463	47.541184	105.000000
E_11-12	ARO:3002973	vanTm_in_vanL	55	49.503636	48.458182	68.900000
E_11-12	ARO:3002974	vanTr_in_vanL	1451	48.120469	42.996072	63.900000
E_11-12	ARO:3002975	vanT_in_vanN_cl	968	46.176756	43.800620	67.400000
E_11-12	ARO:3002982	amrA	2114	51.309319	48.377673	87.400000
E_11-12	ARO:3002983	amrB	51532	56.989370	52.293969	88.600000
E_11-12	ARO:3002985	arnA	4851	57.095712	59.608576	108.000000
E_11-12	ARO:3002986	bacA	10407	59.020073	51.441386	111.000000
E_11-12	ARO:3002987	bcrA	21804	51.798615	47.543281	81.300000
E_11-12	ARO:3002988	bcrB	3	47.366667	46.333333	53.100000
E_11-12	ARO:3002993	AQU-1	268	72.683582	75.537687	103.000000
E_11-12	ARO:3002995	ROB-1	122	53.304918	54.765574	72.400000
E_11-12	ARO:3002997	LCR-1	1050	55.421429	59.033524	112.000000
E_11-12	ARO:3002999	CblA-1	587	46.615843	50.080920	105.000000
E_11-12	ARO:3003001	CfxA	4141	89.561338	86.702632	108.000000
E_11-12	ARO:3003002	CfxA2	4149	89.886069	86.856206	108.000000
E_11-12	ARO:3003003	CfxA3	4145	90.015633	87.059686	108.000000
E_11-12	ARO:3003005	CfxA4	4150	89.855060	86.922988	108.000000
E_11-12	ARO:3003006	blt	241	47.860581	47.839419	78.200000
E_11-12	ARO:3003007	bmr	95	48.196842	46.531579	80.900000
E_11-12	ARO:3003009	ceoA	1215	50.046749	47.226091	73.900000
E_11-12	ARO:3003010	ceoB	63748	53.824462	50.609501	97.400000
E_11-12	ARO:3003011	dfrA10	236	49.633475	45.905932	103.000000
E_11-12	ARO:3003012	dfrA13	2677	50.943556	50.590923	94.000000
E_11-12	ARO:3003013	dfrA15	813	61.380935	57.988684	108.000000
E_11-12	ARO:3003014	dfrA16	712	59.899719	57.223315	108.000000
E_11-12	ARO:3003015	dfrA19	106	46.215094	41.119811	102.000000
E_11-12	ARO:3003016	dfrA20	2583	51.756833	54.611576	88.200000
E_11-12	ARO:3003017	dfrA21	2879	49.886245	50.467906	94.000000
E_11-12	ARO:3003018	dfrA22	3067	50.890284	50.991784	89.000000
E_11-12	ARO:3003019	dfrA23	12	57.158333	56.458333	106.000000
E_11-12	ARO:3003020	dfrA25	1096	56.485493	51.542062	107.000000
E_11-12	ARO:3003021	dfrB2	120	79.740833	68.223333	109.000000
E_11-12	ARO:3003022	dfrB3	118	79.777966	68.859322	109.000000
E_11-12	ARO:3003023	dfrB6	125	81.190400	68.912800	105.000000
E_11-12	ARO:3003030	MexV	968	49.464669	48.307541	97.100000
E_11-12	ARO:3003031	MexW	44317	53.772606	49.447695	99.000000
E_11-12	ARO:3003033	mexY	55326	56.293726	52.320822	97.800000
E_11-12	ARO:3003034	mexX	1581	54.800633	50.133903	95.100000
E_11-12	ARO:3003035	mfpA	151	66.679470	56.374834	85.500000
E_11-12	ARO:3003036	oleB	12390	48.369209	48.250694	75.500000
E_11-12	ARO:3003037	opcM	1260	56.010238	44.756032	69.700000
E_11-12	ARO:3003039	OprA	6756	57.508215	51.228952	79.700000
E_11-12	ARO:3003046	qacA	679	46.190427	47.879823	73.200000
E_11-12	ARO:3003047	qacB	687	46.064047	47.570742	74.700000
E_11-12	ARO:3003048	rosA	6399	63.932177	62.383935	98.200000
E_11-12	ARO:3003049	rosB	7140	65.170070	59.242577	99.000000
E_11-12	ARO:3003051	smeA	5298	52.020895	49.605285	90.100000
E_11-12	ARO:3003052	smeB	61610	56.248218	52.620833	89.400000
E_11-12	ARO:3003053	smeC	6362	54.462480	50.179629	74.700000
E_11-12	ARO:3003055	smeD	5680	55.239120	52.304489	89.400000
E_11-12	ARO:3003056	smeE	70206	57.360021	54.606629	103.000000
E_11-12	ARO:3003057	smeF	7721	57.479692	52.422018	91.700000
E_11-12	ARO:3003059	tmrB	17	50.100000	50.070588	72.400000
E_11-12	ARO:3003060	tsnR	43	48.453488	41.613953	60.800000
E_11-12	ARO:3003061	vph	95	46.662105	42.814737	77.400000
E_11-12	ARO:3003063	ykkC	656	47.997256	43.133841	65.100000
E_11-12	ARO:3003064	ykkD	1158	54.204577	46.381434	71.200000
E_11-12	ARO:3003066	smeR	36784	52.272885	50.736462	92.400000
E_11-12	ARO:3003067	smeS	2276	50.437961	46.162522	77.000000
E_11-12	ARO:3003069	vanXY_in_vanG	204	57.575490	56.247059	92.800000
E_11-12	ARO:3003070	vanX_in_vanD_cl	116	48.889655	46.718966	95.100000
E_11-12	ARO:3003071	mphF	1195	51.261255	54.492218	112.000000
E_11-12	ARO:3003072	mphL	148	44.314865	52.955405	68.600000
E_11-12	ARO:3003093	cphA3	87	86.425287	75.383908	112.000000
E_11-12	ARO:3003094	imiH	87	86.647126	75.995402	109.000000
E_11-12	ARO:3003095	imiS	87	85.385057	75.281609	107.000000
E_11-12	ARO:3003096	CfxA5	4143	89.919672	86.866884	108.000000
E_11-12	ARO:3003097	CfxA6	4247	94.249164	89.749517	107.000000
E_11-12	ARO:3003099	cphA2	88	85.764773	75.353409	108.000000
E_11-12	ARO:3003100	cphA4	87	84.541379	74.293103	112.000000
E_11-12	ARO:3003101	cphA5	87	84.119540	74.004598	109.000000
E_11-12	ARO:3003102	cphA6	87	85.358621	74.937931	112.000000
E_11-12	ARO:3003103	cphA7	89	84.566292	74.485393	108.000000
E_11-12	ARO:3003104	cphA8	86	85.850000	74.831395	108.000000
E_11-12	ARO:3003105	dfrA3	6344	55.737973	56.054839	111.000000
E_11-12	ARO:3003106	Erm(42)	538	45.343494	43.888848	71.600000
E_11-12	ARO:3003107	mef(B)	1367	54.687857	52.927871	107.000000
E_11-12	ARO:3003109	msrE	32848	68.799422	66.091095	110.000000
E_11-12	ARO:3003110	catB10	2847	60.743063	60.676783	110.000000
E_11-12	ARO:3003111	lsaB	4896	46.153819	45.450306	95.500000
E_11-12	ARO:3003112	lsaC	3721	48.034507	46.138296	88.200000
E_11-12	ARO:3003115	OXA-427	554	79.956318	82.218231	112.000000
E_11-12	ARO:3003116	OXA-420	202	96.639109	91.500495	109.000000
E_11-12	ARO:3003117	OXA-421	52	68.132692	72.307692	82.000000
E_11-12	ARO:3003120	OXA-429	13	72.884615	74.507692	80.100000
E_11-12	ARO:3003128	OXA-436	219	51.044292	51.947489	105.000000
E_11-12	ARO:3003129	CMY-121	221	86.945701	89.996833	115.000000
E_11-12	ARO:3003130	CMY-122	7	65.128571	64.100000	107.000000
E_11-12	ARO:3003132	CMY-124	3	82.766667	89.966667	107.000000
E_11-12	ARO:3003133	CMY-125	8	70.600000	80.625000	102.000000
E_11-12	ARO:3003135	CMY-127	10	76.580000	71.050000	105.000000
E_11-12	ARO:3003136	CMY-128	39	54.994872	64.879487	94.400000
E_11-12	ARO:3003137	CMY-129	10	87.310000	82.140000	107.000000
E_11-12	ARO:3003138	CMY-130	1	34.700000	38.900000	38.900000
E_11-12	ARO:3003139	MIR-18	29	82.289655	89.889655	107.000000
E_11-12	ARO:3003140	MOX-10	392	81.563265	83.044388	110.000000
E_11-12	ARO:3003141	MOX-11	421	80.505226	81.421853	110.000000
E_11-12	ARO:3003142	IMI-8	100	57.830000	62.414000	75.900000
E_11-12	ARO:3003143	IMI-9	65	47.283077	48.255385	67.800000
E_11-12	ARO:3003145	KPC-21	2	55.650000	51.950000	55.800000
E_11-12	ARO:3003146	VEB-10	1979	90.719202	88.378423	113.000000
E_11-12	ARO:3003147	OXA-424	1	81.600000	92.400000	92.400000
E_11-12	ARO:3003149	OXA-426	23	69.252174	72.100000	79.300000
E_11-12	ARO:3003150	CARB-20	149	59.086577	59.783221	76.600000
E_11-12	ARO:3003151	CARB-22	169	58.956213	59.686982	78.200000
E_11-12	ARO:3003152	SHV-185	4	60.575000	45.925000	62.000000
E_11-12	ARO:3003153	SHV-186	2	100.000000	92.800000	92.800000
E_11-12	ARO:3003158	TEM-220	5	55.120000	53.600000	57.800000
E_11-12	ARO:3003160	OXA-422	128	62.114844	65.669531	96.700000
E_11-12	ARO:3003161	OXA-423	34	49.729412	51.850000	84.300000
E_11-12	ARO:3003162	OXA-435	59	56.237288	57.711864	96.700000
E_11-12	ARO:3003163	CTX-M-155	68	80.082353	78.376471	106.000000
E_11-12	ARO:3003164	CTX-M-156	55	71.150909	72.558182	106.000000
E_11-12	ARO:3003165	CTX-M-157	35	96.205714	88.848571	106.000000
E_11-12	ARO:3003166	CTX-M-158	84	66.711905	63.889286	103.000000
E_11-12	ARO:3003167	CTX-M-159	110	63.177273	64.346364	83.600000
E_11-12	ARO:3003168	CTX-M-160	35	55.225714	57.251429	80.500000
E_11-12	ARO:3003169	CTX-M-161	27	68.470370	72.188889	83.600000
E_11-12	ARO:3003171	ACT-36	56	48.110714	45.596429	101.000000
E_11-12	ARO:3003172	ACT-37	55	49.754545	45.716364	103.000000
E_11-12	ARO:3003173	MIR-17	40	82.970000	88.800000	110.000000
E_11-12	ARO:3003174	CARB-18	167	58.639521	60.050299	76.600000
E_11-12	ARO:3003175	CARB-19	190	58.839474	59.768947	76.600000
E_11-12	ARO:3003176	CARB-21	4	57.975000	61.050000	68.200000
E_11-12	ARO:3003177	IMI-7	79	47.417722	47.632911	67.400000
E_11-12	ARO:3003178	VIM-42	19	47.500000	51.457895	66.600000
E_11-12	ARO:3003179	VIM-43	21	47.823810	48.595238	65.500000
E_11-12	ARO:3003180	KPC-22	26	58.153846	60.873077	105.000000
E_11-12	ARO:3003181	GES-26	1139	99.405180	95.563038	113.000000
E_11-12	ARO:3003182	NDM-13	25	83.552000	75.048000	108.000000
E_11-12	ARO:3003183	NDM-14	34	92.605882	87.529412	108.000000
E_11-12	ARO:3003184	PER-8	198	66.882828	65.470707	106.000000
E_11-12	ARO:3003185	GES-25	947	97.998838	99.501901	113.000000
E_11-12	ARO:3003186	CARB-23	4	56.400000	61.625000	68.200000
E_11-12	ARO:3003187	QnrB75	8	71.575000	64.037500	106.000000
E_11-12	ARO:3003188	QnrB76	2	92.050000	60.050000	80.100000
E_11-12	ARO:3003189	QnrB77	5	56.160000	53.380000	63.200000
E_11-12	ARO:3003190	QnrB78	41	59.751220	59.880488	106.000000
E_11-12	ARO:3003192	QnrB80	19	92.615789	83.752632	109.000000
E_11-12	ARO:3003193	QnrVC7	325	83.175385	62.344308	110.000000
E_11-12	ARO:3003194	GIM-2	21	42.985714	46.704762	63.200000
E_11-12	ARO:3003196	tet(45)	59	63.793220	62.206780	93.600000
E_11-12	ARO:3003197	aadA25	2002	82.305045	79.385015	110.000000
E_11-12	ARO:3003198	rmtH	4	45.000000	43.725000	46.600000
E_11-12	ARO:3003199	AAC(6')-Iak	157	50.100000	47.767516	68.200000
E_11-12	ARO:3003200	AAC(6')-Ian	59	47.777966	48.962712	70.100000
E_11-12	ARO:3003202	TLA-1	713	51.938289	56.105330	104.000000
E_11-12	ARO:3003203	TLA-2	369	54.838482	57.257995	103.000000
E_11-12	ARO:3003204	TLA-3	633	52.243128	56.364771	99.400000
E_11-12	ARO:3003205	Erm(43)	576	57.218056	56.641319	76.600000
E_11-12	ARO:3003206	lsaE	11166	43.935841	44.491967	114.000000
E_11-12	ARO:3003207	FosK	120	52.625000	55.469167	83.600000
E_11-12	ARO:3003208	FosXCC	233	64.045064	56.800429	74.300000
E_11-12	ARO:3003209	fosA5	164	64.265854	62.064024	111.000000
E_11-12	ARO:3003210	FosA4	148	63.944595	61.204730	100.000000
E_11-12	ARO:3003250	bcrC	223	50.490135	42.362780	57.000000
E_11-12	ARO:3003324	Bsub_mprF	231	50.856710	49.340260	81.300000
E_11-12	ARO:3003440	mecB	2012	46.375398	43.605666	67.400000
E_11-12	ARO:3003441	cfrA	1189	46.011354	45.467199	89.000000
E_11-12	ARO:3003548	mdtN	1282	58.119189	54.037598	105.000000
E_11-12	ARO:3003549	mdtO	539	94.690538	93.448794	112.000000
E_11-12	ARO:3003550	mdtP	631	77.659113	73.812678	110.000000
E_11-12	ARO:3003551	emeA	294	49.344558	47.629932	97.400000
E_11-12	ARO:3003552	fusB	3	51.533333	59.566667	76.300000
E_11-12	ARO:3003553	CepS	133	70.767669	68.923308	102.000000
E_11-12	ARO:3003556	SLB-1	37	48.989189	52.208108	69.300000
E_11-12	ARO:3003557	SFB-1	33	46.903030	48.572727	65.100000
E_11-12	ARO:3003558	Yent_y56	260	58.581154	59.583462	87.400000
E_11-12	ARO:3003559	cepA	1267	54.132123	53.119574	112.000000
E_11-12	ARO:3003561	SED-1	88	60.076136	59.894318	80.100000
E_11-12	ARO:3003562	blaF	602	65.230897	66.354319	93.600000
E_11-12	ARO:3003563	RCP-1	39	50.592308	48.305128	104.000000
E_11-12	ARO:3003564	EXO-1	54	55.474074	55.979630	73.200000
E_11-12	ARO:3003565	R39	133	51.457895	56.974436	77.800000
E_11-12	ARO:3003576	eptA	4148	62.325072	64.292189	117.000000
E_11-12	ARO:3003577	ugd	19268	69.523152	69.587139	113.000000
E_11-12	ARO:3003578	PmrF	5565	51.706038	49.378940	109.000000
E_11-12	ARO:3003583	basS	4176	45.750958	42.755005	102.000000
E_11-12	ARO:3003589	NmcA	140	51.929286	54.181429	74.300000
E_11-12	ARO:3003591	SHV-191	1	68.800000	74.700000	74.700000
E_11-12	ARO:3003593	OXA-437	18	66.972222	68.677778	103.000000
E_11-12	ARO:3003594	OXA-438	526	52.911217	53.059506	104.000000
E_11-12	ARO:3003595	OXA-439	929	52.539397	54.338859	84.700000
E_11-12	ARO:3003596	OXA-440	48	49.391667	52.287500	96.700000
E_11-12	ARO:3003598	OXA-442	1	69.400000	74.300000	74.300000
E_11-12	ARO:3003599	OXA-443	151	54.667550	53.888742	77.800000
E_11-12	ARO:3003600	OXA-444	210	45.316190	48.532381	77.400000
E_11-12	ARO:3003602	OXA-446	43	47.144186	45.409302	59.300000
E_11-12	ARO:3003603	OXA-447	31	52.612903	46.241935	56.600000
E_11-12	ARO:3003604	OXA-448	30	45.623333	43.510000	58.900000
E_11-12	ARO:3003605	OXA-449	22	46.068182	44.527273	58.900000
E_11-12	ARO:3003606	OXA-450	39	47.587179	44.517949	57.400000
E_11-12	ARO:3003607	OXA-451	31	48.509677	45.412903	57.400000
E_11-12	ARO:3003608	OXA-452	49	49.179592	44.636735	57.400000
E_11-12	ARO:3003609	OXA-453	44	50.047727	44.888636	57.400000
E_11-12	ARO:3003610	OXA-454	1066	92.003002	86.384428	111.000000
E_11-12	ARO:3003611	OXA-455	110	48.599091	49.020000	75.900000
E_11-12	ARO:3003613	OXA-457	128	50.720312	50.706250	75.100000
E_11-12	ARO:3003614	OXA-458	95	49.172632	49.024211	75.100000
E_11-12	ARO:3003615	OXA-459	60	50.770000	49.295000	69.300000
E_11-12	ARO:3003616	OXA-460	49	48.424490	42.208163	50.100000
E_11-12	ARO:3003617	OXA-461	48	49.054167	43.935417	57.400000
E_11-12	ARO:3003620	OXA-464	3007	69.577353	72.389558	109.000000
E_11-12	ARO:3003621	OXA-465	34	49.852941	46.861765	58.900000
E_11-12	ARO:3003622	OXA-466	36	50.827778	47.530556	65.900000
E_11-12	ARO:3003626	OXA-470	446	51.212556	49.231166	93.600000
E_11-12	ARO:3003627	OXA-471	458	51.177511	49.377511	93.600000
E_11-12	ARO:3003628	OXA-472	199	49.896482	50.269849	93.600000
E_11-12	ARO:3003629	OXA-473	444	51.194369	49.280405	91.300000
E_11-12	ARO:3003631	OXA-474	443	51.297743	49.373138	91.300000
E_11-12	ARO:3003632	OXA-475	443	51.144244	49.466817	93.600000
E_11-12	ARO:3003633	OXA-476	447	51.182327	49.466219	93.600000
E_11-12	ARO:3003634	OXA-477	451	51.325721	48.970067	87.800000
E_11-12	ARO:3003635	OXA-478	303	50.017492	47.495380	91.300000
E_11-12	ARO:3003636	OXA-479	451	51.147450	49.256763	93.600000
E_11-12	ARO:3003638	OXA-481	146	61.480822	64.432877	96.700000
E_11-12	ARO:3003639	OXA-482	39	50.666667	52.815385	96.700000
E_11-12	ARO:3003640	OXA-483	20	52.710000	53.305000	96.700000
E_11-12	ARO:3003641	OXA-484	107	59.265421	58.011215	106.000000
E_11-12	ARO:3003642	OXA-485	117	53.823932	57.105128	112.000000
E_11-12	ARO:3003643	OXA-486	197	53.764467	55.715736	112.000000
E_11-12	ARO:3003645	OXA-488	135	52.756296	55.723704	112.000000
E_11-12	ARO:3003646	CTX-M-162	1	100.000000	103.000000	103.000000
E_11-12	ARO:3003647	CTX-M-163	2	100.000000	105.500000	106.000000
E_11-12	ARO:3003648	CTX-M-164	51	57.141176	56.223529	106.000000
E_11-12	ARO:3003649	CTX-M-165	70	64.281429	62.751429	102.000000
E_11-12	ARO:3003650	CTX-M-166	50	55.496000	54.730000	67.800000
E_11-12	ARO:3003652	CMY-132	6	67.916667	70.100000	90.900000
E_11-12	ARO:3003653	CMY-133	3	34.700000	39.900000	40.000000
E_11-12	ARO:3003655	ACT-38	27	89.333333	86.159259	108.000000
E_11-12	ARO:3003657	IMP-49	7	73.400000	75.371429	110.000000
E_11-12	ARO:3003659	IMP-51	7	77.928571	81.314286	104.000000
E_11-12	ARO:3003660	VIM-44	1	38.000000	50.400000	50.400000
E_11-12	ARO:3003661	VIM-45	1	38.000000	50.400000	50.400000
E_11-12	ARO:3003663	NDM-15	29	89.210345	83.658621	108.000000
E_11-12	ARO:3003664	NDM-16a	19	99.142105	101.373684	107.000000
E_11-12	ARO:3003665	NmcR	1965	52.584427	46.809466	74.700000
E_11-12	ARO:3003670	PEDO-1	98	47.167347	44.760204	78.600000
E_11-12	ARO:3003676	AAC(6')-Ib'	651	95.536713	91.219662	110.000000
E_11-12	ARO:3003677	AAC(6')-Iaj	71	57.857746	56.795775	87.800000
E_11-12	ARO:3003679	TriA	594	55.705724	47.236700	87.000000
E_11-12	ARO:3003680	TriB	105	55.440000	46.685714	100.000000
E_11-12	ARO:3003681	TriC	11398	53.807089	51.601781	104.000000
E_11-12	ARO:3003682	OpmH	1858	56.184822	51.937029	102.000000
E_11-12	ARO:3003689	MCR-1.1	3789	58.795645	60.392584	94.700000
E_11-12	ARO:3003692	MexJ	975	52.621641	48.748000	97.800000
E_11-12	ARO:3003693	MexK	16878	61.079518	58.743127	102.000000
E_11-12	ARO:3003698	mexP	1510	50.560861	46.646623	102.000000
E_11-12	ARO:3003699	mexQ	58749	53.713297	49.989899	100.000000
E_11-12	ARO:3003700	opmE	618	52.903236	42.242557	97.800000
E_11-12	ARO:3003704	mexM	1043	47.240364	45.946117	99.800000
E_11-12	ARO:3003705	mexN	29409	53.898582	50.018593	107.000000
E_11-12	ARO:3003712	VEB-16	517	96.427853	98.264217	106.000000
E_11-12	ARO:3003713	VCC-1	223	45.440807	47.439462	67.400000
E_11-12	ARO:3003714	PEDO-2	54	47.374074	43.459259	59.700000
E_11-12	ARO:3003715	PEDO-3	75	51.018667	58.510667	82.800000
E_11-12	ARO:3003716	CPS-1	45	49.648889	48.066667	66.200000
E_11-12	ARO:3003717	ESP-1	51	52.413725	52.276471	68.600000
E_11-12	ARO:3003718	MSI-1	393	50.495420	47.959288	70.500000
E_11-12	ARO:3003719	MSI-OXA	397	50.471788	49.973300	77.000000
E_11-12	ARO:3003720	SPG-1	135	60.413333	61.208889	80.100000
E_11-12	ARO:3003723	vanI	4136	53.569971	49.289894	78.600000
E_11-12	ARO:3003724	vanW_in_vanI_cl	364	50.649725	47.746429	68.200000
E_11-12	ARO:3003725	vanX_in_vanI_cl	362	51.558287	49.306630	84.000000
E_11-12	ARO:3003727	vanK_in_vanI_cl	131	48.764122	50.613740	68.900000
E_11-12	ARO:3003728	vanR_in_vanI_cl	29288	51.697548	51.352800	92.800000
E_11-12	ARO:3003730	Bbif_ileS_MUP	23238	57.047646	61.026435	117.000000
E_11-12	ARO:3003731	fusD	1	70.200000	77.400000	77.400000
E_11-12	ARO:3003733	fusC	6	46.666667	50.500000	68.900000
E_11-12	ARO:3003741	mphE	8293	95.935066	92.219185	112.000000
E_11-12	ARO:3003742	mphG	5173	70.624860	69.461260	119.000000
E_11-12	ARO:3003744	vatF	3212	57.744334	57.546980	100.000000
E_11-12	ARO:3003745	mef(C)	2378	76.953070	72.195627	104.000000
E_11-12	ARO:3003746	optrA	39002	48.043311	48.387639	107.000000
E_11-12	ARO:3003748	oleC	10703	47.667009	49.740484	83.200000
E_11-12	ARO:3003749	salA	14280	42.531905	42.860189	61.600000
E_11-12	ARO:3003762	lnuE	121	57.175207	60.815702	92.800000
E_11-12	ARO:3003767	mphM	1139	48.175680	47.279017	75.900000
E_11-12	ARO:3003770	Lmon_mprF	370	51.135135	52.436216	76.600000
E_11-12	ARO:3003772	Bsui_mprF	835	50.302874	50.034251	86.300000
E_11-12	ARO:3003773	Cper_mprF	238	50.625210	50.173950	93.600000
E_11-12	ARO:3003774	Saga_mprF	270	48.568148	50.692963	74.700000
E_11-12	ARO:3003785	Ctra_murA_FOF	2402	54.103164	51.393297	89.000000
E_11-12	ARO:3003793	SPM-1	21	47.147619	44.547619	61.200000
E_11-12	ARO:3003801	bcr-1	3338	49.754224	48.082415	102.000000
E_11-12	ARO:3003811	adeC	5826	56.383934	53.934398	94.700000
E_11-12	ARO:3003835	cdeA	1089	47.150505	45.661249	67.800000
E_11-12	ARO:3003836	qacH	537	45.848976	45.028492	65.900000
E_11-12	ARO:3003838	gadW	235	79.826809	76.621277	104.000000
E_11-12	ARO:3003839	Mrx	1521	96.593623	85.695464	101.000000
E_11-12	ARO:3003841	kdpE	26822	52.113612	50.501722	110.000000
E_11-12	ARO:3003842	MUS-2	49	47.357143	54.914286	75.900000
E_11-12	ARO:3003843	leuO	1448	61.711188	59.424448	111.000000
E_11-12	ARO:3003847	ADC-1	213	68.033803	69.816432	84.700000
E_11-12	ARO:3003848	ADC-2	528	65.803598	71.220455	87.400000
E_11-12	ARO:3003849	ADC-3	442	65.491629	73.128281	87.400000
E_11-12	ARO:3003850	ADC-4	373	67.687399	74.425469	87.400000
E_11-12	ARO:3003851	ADC-5	191	63.690576	63.540314	86.700000
E_11-12	ARO:3003852	ADC-6	139	69.113669	68.270504	84.700000
E_11-12	ARO:3003853	ADC-7	401	65.761845	73.756110	87.400000
E_11-12	ARO:3003854	ADC-8	289	66.106228	68.488235	97.800000
E_11-12	ARO:3003855	ADC-10	1	51.200000	50.800000	50.800000
E_11-12	ARO:3003856	ADC-12	476	67.360504	69.038025	86.300000
E_11-12	ARO:3003857	ADC-13	783	66.124138	71.180971	87.400000
E_11-12	ARO:3003858	ADC-14	647	65.243586	70.344668	87.400000
E_11-12	ARO:3003859	ADC-15	867	65.034948	69.372780	88.200000
E_11-12	ARO:3003860	ADC-16	792	67.000000	73.943561	88.600000
E_11-12	ARO:3003861	ADC-17	589	64.756706	68.068591	87.400000
E_11-12	ARO:3003862	ADC-18	349	61.802006	64.263610	80.100000
E_11-12	ARO:3003863	ADC-19	840	65.112976	68.819881	87.400000
E_11-12	ARO:3003864	ADC-20	833	65.431573	69.864346	87.400000
E_11-12	ARO:3003865	ADC-21	890	66.014607	73.165169	88.600000
E_11-12	ARO:3003866	ADC-22	805	65.512795	69.621863	87.400000
E_11-12	ARO:3003867	ADC-23	360	62.851111	65.271111	87.400000
E_11-12	ARO:3003868	ADC-25	185	65.478378	68.423784	79.700000
E_11-12	ARO:3003870	ADC-31	165	68.768485	70.104242	83.200000
E_11-12	ARO:3003871	ADC-39	67	70.102985	66.170149	86.700000
E_11-12	ARO:3003872	ADC-41	591	67.609814	72.989002	87.400000
E_11-12	ARO:3003873	ADC-42	266	62.840977	66.275188	80.100000
E_11-12	ARO:3003874	ADC-43	338	66.209467	73.516272	87.400000
E_11-12	ARO:3003876	ADC-44	461	65.339046	68.016269	87.400000
E_11-12	ARO:3003878	ADC-56	121	67.470248	73.164463	77.800000
E_11-12	ARO:3003879	ADC-61	120	67.239167	72.936667	77.800000
E_11-12	ARO:3003880	ADC-74	78	63.555128	59.056410	86.700000
E_11-12	ARO:3003881	ADC-75	115	67.369565	73.038261	77.800000
E_11-12	ARO:3003882	ADC-76	185	64.829189	66.663243	79.700000
E_11-12	ARO:3003883	ADC-77	93	67.516129	77.005376	83.200000
E_11-12	ARO:3003884	ADC-78	153	65.841176	65.989542	77.800000
E_11-12	ARO:3003885	ADC-79	41	65.895122	74.243902	81.600000
E_11-12	ARO:3003886	ADC-80	18	61.605556	59.533333	74.700000
E_11-12	ARO:3003887	ADC-81	71	65.657746	62.600000	74.300000
E_11-12	ARO:3003888	ADC-82	77	67.270130	73.227273	77.800000
E_11-12	ARO:3003894	Rm3	348	61.212356	63.629885	103.000000
E_11-12	ARO:3003907	cipA	875	49.432571	46.569943	88.600000
E_11-12	ARO:3003908	Erm(47)	674	48.484421	48.497478	105.000000
E_11-12	ARO:3003918	apmA	500	49.977800	47.126800	79.300000
E_11-12	ARO:3003920	pgpB	228	47.829386	45.877632	79.000000
E_11-12	ARO:3003922	oqxA	2523	50.392350	48.469917	107.000000
E_11-12	ARO:3003923	oqxB	63259	54.376941	51.048417	106.000000
E_11-12	ARO:3003942	abcA	345	53.837101	52.437971	88.200000
E_11-12	ARO:3003948	efrA	37589	49.406853	49.925462	101.000000
E_11-12	ARO:3003949	efrB	40833	49.928737	50.087956	100.000000
E_11-12	ARO:3003950	msbA	27891	54.728407	54.404743	104.000000
E_11-12	ARO:3003952	YojI	4705	55.512349	52.509139	110.000000
E_11-12	ARO:3003953	hmrM	1513	51.289293	50.963318	89.700000
E_11-12	ARO:3003954	efmA	775	47.268258	47.054065	105.000000
E_11-12	ARO:3003955	efpA	3765	65.430996	63.994954	102.000000
E_11-12	ARO:3003961	farA	5425	55.483410	55.105604	85.100000
E_11-12	ARO:3003962	farB	6959	53.678028	56.353068	105.000000
E_11-12	ARO:3003964	hp1181	3750	52.670347	50.046800	76.300000
E_11-12	ARO:3003967	lfrA	1506	54.483732	52.390969	95.900000
E_11-12	ARO:3003969	lmrP	40	48.180000	50.127500	58.500000
E_11-12	ARO:3003971	Erm(44)v	616	55.830357	56.955844	76.600000
E_11-12	ARO:3003980	tetA(58)	11751	49.348694	50.319403	96.300000
E_11-12	ARO:3003981	tetB(58)	252	58.138095	54.513095	90.900000
E_11-12	ARO:3003982	LlmA_23S_CLI	5625	59.120587	62.048889	92.400000
E_11-12	ARO:3003983	CatU	505	54.040396	57.410891	79.700000
E_11-12	ARO:3003984	BahA	34	62.308824	64.623529	84.300000
E_11-12	ARO:3003986	TaeA	44787	49.497044	49.406029	94.700000
E_11-12	ARO:3003987	VatI	3146	57.692626	54.646567	89.700000
E_11-12	ARO:3003988	AAC(2')-IIb	12	54.841667	50.641667	59.700000
E_11-12	ARO:3003989	AAC(6')-34	33	44.109091	49.572727	72.400000
E_11-12	ARO:3003990	vgbC	23	49.821739	44.465217	60.800000
E_11-12	ARO:3003991	mphI	1063	50.326529	53.550800	72.800000
E_11-12	ARO:3003992	rphB	4956	57.283979	53.376332	99.000000
E_11-12	ARO:3003994	cpaA	5	44.360000	44.440000	49.300000
E_11-12	ARO:3004032	tetA(46)	13699	46.455435	46.381991	100.000000
E_11-12	ARO:3004033	tetB(46)	27272	50.415309	50.882073	103.000000
E_11-12	ARO:3004035	tetA(60)	12684	49.667219	44.862346	78.600000
E_11-12	ARO:3004036	tetB(60)	28028	50.509237	50.089849	90.900000
E_11-12	ARO:3004038	Paer_emrE	1808	51.100664	50.203097	71.600000
E_11-12	ARO:3004039	Ecol_emrE	2310	51.629524	48.736234	108.000000
E_11-12	ARO:3004041	Kpne_acrA	6453	56.574446	54.405734	104.000000
E_11-12	ARO:3004042	Eclo_acrA	7951	57.121960	54.623041	103.000000
E_11-12	ARO:3004043	Ecol_acrA	8465	57.102575	54.553538	104.000000
E_11-12	ARO:3004047	kdpD	3546	48.791089	49.553384	74.700000
E_11-12	ARO:3004054	Paer_CpxR	20701	54.126690	51.369055	98.200000
E_11-12	ARO:3004056	ArmR	1	100.000000	60.500000	60.500000
E_11-12	ARO:3004063	EdeQ	56	48.475000	47.217857	68.200000
E_11-12	ARO:3004072	OpmB	3040	52.858947	47.166875	102.000000
E_11-12	ARO:3004073	MuxA	2574	51.804507	48.488034	97.100000
E_11-12	ARO:3004074	MuxB	31826	57.493345	53.807293	102.000000
E_11-12	ARO:3004075	MuxC	35629	55.944483	51.157916	101.000000
E_11-12	ARO:3004077	PmpM	2556	53.338185	51.097966	99.800000
E_11-12	ARO:3004085	lnuG	273	63.240659	64.900366	96.300000
E_11-12	ARO:3004086	APH(3')-VIIIb	50	56.846000	58.314000	91.300000
E_11-12	ARO:3004087	APH(3')-IXa	59	52.222034	52.477966	75.100000
E_11-12	ARO:3004089	ANT(3'')-IIa	553	70.695841	69.937794	106.000000
E_11-12	ARO:3004090	ANT(3'')-IIb	556	69.566367	69.612590	95.100000
E_11-12	ARO:3004091	ANT(3'')-IIc	617	85.103728	80.826256	109.000000
E_11-12	ARO:3004092	HMB-1	16	50.425000	45.262500	60.100000
E_11-12	ARO:3004093	NDM-17	24	79.500000	69.579167	108.000000
E_11-12	ARO:3004094	Erm(48)	727	54.434113	54.716919	76.300000
E_11-12	ARO:3004099	LpeA	140	48.592143	49.079286	83.200000
E_11-12	ARO:3004100	LpeB	33176	52.375531	48.660170	89.000000
E_11-12	ARO:3004102	kamB	2	49.100000	44.450000	50.400000
E_11-12	ARO:3004103	QepA2	1332	49.143018	48.813739	85.900000
E_11-12	ARO:3004105	TMB-1	30	55.160000	55.516667	74.700000
E_11-12	ARO:3004106	TMB-2	23	54.726087	51.960870	65.100000
E_11-12	ARO:3004107	Paer_soxR	519	63.374566	59.655684	92.800000
E_11-12	ARO:3004110	MCR-2.1	3617	58.744982	61.085236	96.300000
E_11-12	ARO:3004111	FosA6	164	64.433537	61.853049	111.000000
E_11-12	ARO:3004113	FosA7	239	60.223849	58.867782	103.000000
E_11-12	ARO:3004122	Kpne_OmpK37	1663	69.425496	68.601563	108.000000
E_11-12	ARO:3004123	Bpse_Omp38	459	57.013725	44.653159	68.600000
E_11-12	ARO:3004139	MCR-3.1	1153	57.227407	58.479792	115.000000
E_11-12	ARO:3004142	OprZ	7227	54.909603	48.919649	74.700000
E_11-12	ARO:3004143	AxyX	1629	53.237753	49.745918	89.700000
E_11-12	ARO:3004144	AxyY	55670	55.782745	51.971645	101.000000
E_11-12	ARO:3004146	cfrC	2891	45.254998	45.059426	86.300000
E_11-12	ARO:3004185	mecD	1612	46.984988	44.298697	65.100000
E_11-12	ARO:3004189	Bla2	21	46.928571	49.261905	67.800000
E_11-12	ARO:3004191	APH(2'')-If	212	79.708019	81.233019	106.000000
E_11-12	ARO:3004194	MCR-1.2	4431	58.047032	59.246987	94.700000
E_11-12	ARO:3004213	GOB-18	101	47.839604	43.430693	60.100000
E_11-12	ARO:3004239	NPS-1	678	56.920501	59.522419	112.000000
E_11-12	ARO:3004253	vanU_in_vanG_cl	649	55.504314	47.413867	87.400000
E_11-12	ARO:3004254	vanV_in_vanB_cl	68	62.998529	47.842647	82.800000
E_11-12	ARO:3004289	Vcho_varG	9	45.866667	47.688889	69.300000
E_11-12	ARO:3004290	Ecol_ampC_BLA	367	83.704360	84.221798	112.000000
E_11-12	ARO:3004291	Rsph_ampC_BLA	87	48.643678	46.624138	68.600000
E_11-12	ARO:3004294	BUT-1	117	54.176068	55.678632	92.000000
E_11-12	ARO:3004325	MCR-4.1	2766	54.095445	57.193456	111.000000
E_11-12	ARO:3004332	MCR-5.1	2594	56.884348	57.688782	115.000000
E_11-12	ARO:3004336	PDC-73	63	60.004762	55.317460	82.400000
E_11-12	ARO:3004338	PDC-75	54	60.377778	54.392593	82.400000
E_11-12	ARO:3004339	PDC-76	38	54.307895	56.657895	82.400000
E_11-12	ARO:3004340	PDC-77	55	60.154545	55.032727	82.400000
E_11-12	ARO:3004341	PDC-78	53	60.579245	55.162264	82.400000
E_11-12	ARO:3004342	PDC-79	64	60.100000	55.250000	82.400000
E_11-12	ARO:3004343	PDC-80	1	38.500000	38.100000	38.100000
E_11-12	ARO:3004344	PDC-81	69	60.008696	54.872464	82.400000
E_11-12	ARO:3004345	PDC-82	60	60.893333	55.428333	82.400000
E_11-12	ARO:3004346	PDC-83	54	60.425926	54.953704	82.400000
E_11-12	ARO:3004347	PDC-84	32	53.890625	55.946875	82.400000
E_11-12	ARO:3004348	PDC-85	45	61.355556	54.624444	82.400000
E_11-12	ARO:3004349	PDC-86	7	69.642857	58.114286	80.900000
E_11-12	ARO:3004350	PDC-87	24	56.075000	55.962500	82.400000
E_11-12	ARO:3004351	PDC-88	58	60.134483	54.005172	80.900000
E_11-12	ARO:3004352	PDC-89	75	59.965333	55.781333	72.400000
E_11-12	ARO:3004353	PDC-90	62	59.890323	54.714516	80.900000
E_11-12	ARO:3004354	PDC-91	73	59.373973	55.401370	80.900000
E_11-12	ARO:3004355	PDC-92	64	60.950000	55.085937	72.400000
E_11-12	ARO:3004356	PDC-93	37	63.802703	53.732432	72.400000
E_11-12	ARO:3004357	catV	695	54.685755	57.306331	81.600000
E_11-12	ARO:3004359	ACI-1	269	73.665799	73.686245	109.000000
E_11-12	ARO:3004361	sul4	6625	52.262023	50.030551	110.000000
E_11-12	ARO:3004362	OXA-535	233	51.358369	51.936052	103.000000
E_11-12	ARO:3004364	almG	3	46.000000	40.533333	41.200000
E_11-12	ARO:3004379	QepA4	1404	49.519444	48.772293	86.300000
E_11-12	ARO:3004441	tet(59)	3192	55.243014	53.723246	95.100000
E_11-12	ARO:3004442	tet(W/N/W)	27096	59.630396	55.809824	112.000000
E_11-12	ARO:3004444	RSA1-1	223	89.645291	83.520628	103.000000
E_11-12	ARO:3004450	TRU-1	116	65.664655	67.037931	95.500000
E_11-12	ARO:3004451	Afab_ACT_CHL	3818	56.840152	56.318753	99.400000
E_11-12	ARO:3004452	Acla_ACT_CHL	161	48.855901	55.128571	93.600000
E_11-12	ARO:3004454	Ccol_ACT_CHL	649	61.318182	62.721880	112.000000
E_11-12	ARO:3004455	Ssui_ACT_CHL	438	50.320776	55.453881	79.300000
E_11-12	ARO:3004456	Efac_ACT_CHL	472	51.930297	56.236229	103.000000
E_11-12	ARO:3004457	Sint_ACT_CHL	475	51.845895	56.975789	98.200000
E_11-12	ARO:3004458	Efae_ACT_CHL	461	50.779393	56.554013	98.200000
E_11-12	ARO:3004460	Vang_ACT_CHL	591	54.544162	59.026396	110.000000
E_11-12	ARO:3004463	EBR-2	44	55.154545	58.950000	104.000000
E_11-12	ARO:3004464	CFE-2	34	63.820588	67.038235	88.200000
E_11-12	ARO:3004466	ICR-Mc	1330	57.767519	54.711955	101.000000
E_11-12	ARO:3004470	poxtA	15353	46.533876	46.251469	99.800000
E_11-12	ARO:3004476	vmlR	17009	48.516462	49.481369	72.800000
E_11-12	ARO:3004478	OXA-665	238	64.008824	64.043697	82.000000
E_11-12	ARO:3004479	OXA-664	57	60.445614	61.077193	102.000000
E_11-12	ARO:3004480	Bado_rpoB_RIF	103170	66.097647	68.462925	113.000000
E_11-12	ARO:3004489	OXA-663	1369	87.167568	86.011833	111.000000
E_11-12	ARO:3004493	ADC-68	330	63.533939	64.686061	78.600000
E_11-12	ARO:3004494	IMP-55	1	100.000000	72.400000	72.400000
E_11-12	ARO:3004495	IMP-56	5	74.120000	81.840000	110.000000
E_11-12	ARO:3004496	KPC-24	5	91.940000	95.040000	105.000000
E_11-12	ARO:3004498	dfrB4	114	74.747368	68.857018	107.000000
E_11-12	ARO:3004500	MCR-3.11	1934	56.243485	58.606722	115.000000
E_11-12	ARO:3004501	MCR-6.1	3260	58.931012	60.917730	95.100000
E_11-12	ARO:3004502	MCR-2.2	3462	58.822473	61.323339	96.300000
E_11-12	ARO:3004503	MCR-3.6	2854	56.426349	60.581605	114.000000
E_11-12	ARO:3004504	MCR-3.10	1409	58.483180	59.227750	114.000000
E_11-12	ARO:3004505	MCR-3.5	2291	56.984068	59.422785	115.000000
E_11-12	ARO:3004506	MCR-1.10	4235	57.933932	59.244534	94.700000
E_11-12	ARO:3004507	MCR-1.9	3816	57.374869	57.220624	92.800000
E_11-12	ARO:3004508	MCR-3.9	1097	58.659435	59.359982	114.000000
E_11-12	ARO:3004509	MCR-3.8	2749	56.693307	60.656348	114.000000
E_11-12	ARO:3004510	MCR-3.7	1333	58.203301	61.390173	114.000000
E_11-12	ARO:3004511	MCR-3.2	1240	57.353387	59.299274	115.000000
E_11-12	ARO:3004513	MCR-1.6	4241	58.124263	59.492455	94.700000
E_11-12	ARO:3004514	MCR-1.3	4239	58.151356	59.491625	94.700000
E_11-12	ARO:3004515	MCR-1.4	4042	58.006828	59.238298	94.700000
E_11-12	ARO:3004516	MCR-8.1	3762	54.680808	55.431685	85.100000
E_11-12	ARO:3004517	MCR-7.1	2591	54.750598	57.312582	111.000000
E_11-12	ARO:3004539	mphH	1171	49.480444	49.586251	85.900000
E_11-12	ARO:3004541	mphK	1065	46.258779	50.369014	76.300000
E_11-12	ARO:3004542	mphN	160	47.205000	54.289375	69.300000
E_11-12	ARO:3004543	mphO	950	43.702842	44.516526	97.100000
E_11-12	ARO:3004544	mphJ	1201	52.733389	54.860533	71.600000
E_11-12	ARO:3004547	dfrA6	908	49.607269	48.391410	93.200000
E_11-12	ARO:3004548	dfrA9	2155	50.617680	50.441624	74.300000
E_11-12	ARO:3004549	dfrB5	118	83.321186	70.883898	110.000000
E_11-12	ARO:3004550	dfrA27	437	66.677803	65.459497	102.000000
E_11-12	ARO:3004551	dfrA28	435	66.121379	65.267356	102.000000
E_11-12	ARO:3004552	dfrA30	727	61.162999	57.997524	105.000000
E_11-12	ARO:3004554	dfrA29	1099	56.067880	51.382803	105.000000
E_11-12	ARO:3004555	dfrA32	485	61.580412	60.777320	108.000000
E_11-12	ARO:3004556	dfrB7	117	81.511966	70.202564	108.000000
E_11-12	ARO:3004559	CAM-1	79	56.137975	62.962025	88.600000
E_11-12	ARO:3004568	dfrA18	2927	53.335395	48.650666	71.200000
E_11-12	ARO:3004569	ICR-Mo	3772	72.800292	72.879454	113.000000
E_11-12	ARO:3004571	PNGM-1	42	48.033333	51.130952	72.400000
E_11-12	ARO:3004572	Saur_LmrS	734	44.304905	46.086240	88.600000
E_11-12	ARO:3004573	Abau_AbaF	6018	51.205334	53.092373	102.000000
E_11-12	ARO:3004574	Abau_AbaQ	1494	53.180455	56.661379	100.000000
E_11-12	ARO:3004577	Abau_AmvA	1224	51.370670	51.796324	92.800000
E_11-12	ARO:3004580	Kpne_KpnE	885	44.380113	43.134011	92.000000
E_11-12	ARO:3004581	tet(48)	467	55.738544	56.443897	89.000000
E_11-12	ARO:3004582	tet(49)	430	58.960000	59.414419	88.600000
E_11-12	ARO:3004583	Kpne_KpnF	123	79.014634	70.871545	102.000000
E_11-12	ARO:3004584	tet(50)	530	55.145849	53.396981	99.400000
E_11-12	ARO:3004586	tet(51)	472	58.200000	57.841314	85.100000
E_11-12	ARO:3004587	tet(52)	639	55.520344	54.815962	82.000000
E_11-12	ARO:3004588	Kpne_KpnG	4834	57.177472	56.027782	103.000000
E_11-12	ARO:3004589	tet(53)	295	59.420339	57.024746	86.700000
E_11-12	ARO:3004590	tet(54)	486	56.111934	55.576543	88.200000
E_11-12	ARO:3004591	tet(55)	460	57.595870	57.229348	87.000000
E_11-12	ARO:3004592	erm(32)	691	49.441823	45.604052	68.200000
E_11-12	ARO:3004595	erm(45)	1136	60.460915	61.592782	80.900000
E_11-12	ARO:3004596	erm(46)	171	63.215205	65.443275	82.400000
E_11-12	ARO:3004597	Kpne_KpnH	6651	58.708179	60.531213	115.000000
E_11-12	ARO:3004599	clcD	1668	46.017386	44.670264	88.200000
E_11-12	ARO:3004600	LnuH	495	79.070303	77.440606	108.000000
E_11-12	ARO:3004601	LnuP	287	59.199652	61.949477	107.000000
E_11-12	ARO:3004603	tet(56)	433	56.627021	58.425404	102.000000
E_11-12	ARO:3004605	ermZ	1	58.800000	39.300000	39.300000
E_11-12	ARO:3004606	erm(40)	265	60.668302	61.665283	98.200000
E_11-12	ARO:3004608	EreD	982	79.125255	77.820468	112.000000
E_11-12	ARO:3004613	tet(47)	528	56.925000	58.292235	96.700000
E_11-12	ARO:3004615	ADC-11	277	63.132491	64.697834	86.700000
E_11-12	ARO:3004617	ADC-30	295	65.863390	67.716949	84.700000
E_11-12	ARO:3004618	ADC-58	613	67.261501	74.330016	89.000000
E_11-12	ARO:3004619	ADC-59	308	65.289935	69.774675	84.700000
E_11-12	ARO:3004620	ADC-60	215	64.589302	68.469767	77.800000
E_11-12	ARO:3004621	AAC(3)-IIe	128	80.103906	78.586719	108.000000
E_11-12	ARO:3004622	QnrS10	328	83.726524	65.783841	100.000000
E_11-12	ARO:3004623	AAC(3)-IId	133	82.154135	79.430827	110.000000
E_11-12	ARO:3004624	QnrS11	465	77.272903	66.604301	106.000000
E_11-12	ARO:3004625	QnrS12	250	85.143200	66.181200	100.000000
E_11-12	ARO:3004626	Erm(49)	802	45.235411	42.970449	60.100000
E_11-12	ARO:3004627	QnrS15	328	83.526524	66.173476	100.000000
E_11-12	ARO:3004628	AAC(2')-IIa	6	62.850000	65.216667	84.000000
E_11-12	ARO:3004629	AAC(6')-Im	131	62.338168	62.754198	87.800000
E_11-12	ARO:3004632	ADC-62	146	66.954110	72.498630	77.800000
E_11-12	ARO:3004633	ADC-67	215	66.611163	71.724186	84.700000
E_11-12	ARO:3004634	ADC-73	190	67.216316	68.214737	77.800000
E_11-12	ARO:3004635	AAC(6')-Il	35	79.137143	73.345714	105.000000
E_11-12	ARO:3004636	qnrE1	40	61.175000	53.410000	92.800000
E_11-12	ARO:3004637	qnrE2	39	61.576923	53.525641	92.800000
E_11-12	ARO:3004638	AAC(6')-I-48	148	49.368919	48.033108	72.800000
E_11-12	ARO:3004639	Cstr_tetA	13335	51.689569	44.069861	102.000000
E_11-12	ARO:3004640	dfrA15b	781	61.690397	58.450832	108.000000
E_11-12	ARO:3004641	AAC(6')-I-43	91	47.642857	51.361538	107.000000
E_11-12	ARO:3004642	dfrA3b	11	43.927273	42.518182	55.800000
E_11-12	ARO:3004643	Erm(K)	226	44.004425	42.185398	52.000000
E_11-12	ARO:3004644	Pmir_dfrA6	913	49.306681	48.548302	96.300000
E_11-12	ARO:3004645	dfrI	4365	53.603230	52.211501	84.000000
E_11-12	ARO:3004647	AQU-2	306	72.155882	75.546405	105.000000
E_11-12	ARO:3004648	AQU-3	208	74.216346	78.929808	103.000000
E_11-12	ARO:3004649	cfr(B)	1712	45.987792	44.673481	88.200000
E_11-12	ARO:3004651	lin	30368	47.174710	45.588646	70.500000
E_11-12	ARO:3004652	Erm(O)-lrm	46	46.676087	42.002174	75.500000
E_11-12	ARO:3004655	nimB	1018	63.075442	63.273183	94.700000
E_11-12	ARO:3004656	Ecol_catII	476	50.617017	52.182983	107.000000
E_11-12	ARO:3004657	catA4	434	53.350691	56.007143	92.800000
E_11-12	ARO:3004658	catA8	497	50.589537	55.631590	107.000000
E_11-12	ARO:3004659	Mef(En2)	930	61.189032	58.265699	108.000000
E_11-12	ARO:3004660	catB11	3002	59.302398	60.005696	110.000000
E_11-12	ARO:3004661	Saur_FosB	136	55.248529	44.763971	54.700000
E_11-12	ARO:3004662	MCR-3.3	2541	56.635104	60.473829	114.000000
E_11-12	ARO:3004663	FusF	6	53.350000	61.433333	85.100000
E_11-12	ARO:3004665	cmlA8	2414	65.915824	62.973198	108.000000
E_11-12	ARO:3004666	pexA	73	41.756164	46.212329	89.000000
E_11-12	ARO:3004667	Saur_norA	105	45.176190	44.531429	68.900000
E_11-12	ARO:3004668	QnrAS	539	74.063636	78.694063	103.000000
E_11-12	ARO:3004669	emtA	4	49.750000	42.850000	49.700000
E_11-12	ARO:3004670	FosB1	14	59.264286	43.300000	66.200000
E_11-12	ARO:3004671	FosB4	14	59.264286	43.107143	64.700000
E_11-12	ARO:3004672	FosB5	13	59.730769	43.638462	66.200000
E_11-12	ARO:3004673	FosB6	83	51.572289	43.965060	64.700000
E_11-12	ARO:3004674	FosD	135	55.940741	44.622963	55.500000
E_11-12	ARO:3004675	aphA15	64	70.775000	64.251562	106.000000
E_11-12	ARO:3004677	rmtD2	13	57.176923	54.946154	76.600000
E_11-12	ARO:3004678	rmtE	5	47.680000	47.760000	59.700000
E_11-12	ARO:3004679	rmtE2	5	47.680000	47.760000	59.700000
E_11-12	ARO:3004680	APH(3')-VIIIa	99	51.817172	53.503030	65.900000
E_11-12	ARO:3004682	aadA27	627	88.141786	83.666507	111.000000
E_11-12	ARO:3004683	aadS	2253	97.302486	95.710297	114.000000
E_11-12	ARO:3004684	MCR-9.1	3362	54.411898	56.842504	114.000000
E_11-12	ARO:3004685	MCR-1.5	4551	58.306768	59.331883	94.700000
E_11-12	ARO:3004686	MCR-1.7	4554	58.001581	59.082653	94.700000
E_11-12	ARO:3004687	MCR-1.8	4549	58.057771	59.118422	94.700000
E_11-12	ARO:3004689	MCR-1.12	4562	58.064708	59.120583	94.700000
E_11-12	ARO:3004690	MCR-1.13	4499	58.071683	59.152301	94.700000
E_11-12	ARO:3004691	MCR-3.4	1963	56.472899	58.673765	115.000000
E_11-12	ARO:3004692	aadA10	1790	75.218156	76.224469	110.000000
E_11-12	ARO:3004693	MCR-3.12	1814	57.200937	59.671885	114.000000
E_11-12	ARO:3004694	MCR-4.2	3014	53.950531	56.985036	111.000000
E_11-12	ARO:3004695	MCR-4.3	2800	54.133536	57.253893	111.000000
E_11-12	ARO:3004696	MCR-4.4	2959	53.908956	57.119196	111.000000
E_11-12	ARO:3004697	MCR-4.5	2915	53.999348	57.244048	111.000000
E_11-12	ARO:3004698	MCR-5.2	2602	56.937164	57.638009	115.000000
E_11-12	ARO:3004699	sta	10	44.860000	42.640000	44.700000
E_11-12	ARO:3004704	aadA8b	2023	82.351953	79.495057	110.000000
E_11-12	ARO:3004715	Scoh_vga(E)	25817	48.182039	46.930867	72.800000
E_11-12	ARO:3004719	tet(X3)	1218	75.850328	71.960427	105.000000
E_11-12	ARO:3004720	tet(X4)	1331	80.694440	75.783847	112.000000
E_11-12	ARO:3004730	tva(A)	10492	47.516060	42.078231	101.000000
E_11-12	ARO:3004734	ARL-1	21	45.185714	46.552381	66.600000
E_11-12	ARO:3004735	ARL-2	21	46.576190	48.285714	74.300000
E_11-12	ARO:3004736	ARL-3	16	48.050000	50.781250	74.300000
E_11-12	ARO:3004737	ARL-4	16	48.050000	50.781250	74.300000
E_11-12	ARO:3004738	ARL-5	16	47.856250	50.618750	74.300000
E_11-12	ARO:3004739	ARL-6	34	43.229412	45.900000	70.100000
E_11-12	ARO:3004740	AST-1	114	55.267544	55.781579	74.700000
E_11-12	ARO:3004745	MIR-23	37	83.835135	90.110811	110.000000
E_11-12	ARO:3004747	BAT-1	303	51.977888	56.142244	90.900000
E_11-12	ARO:3004749	BCL-1	148	55.551351	58.922973	82.000000
E_11-12	ARO:3004751	BES-1	188	63.913298	63.465426	102.000000
E_11-12	ARO:3004753	BIC-1	53	55.143396	54.866038	66.600000
E_11-12	ARO:3004755	BIL-1	2	46.450000	42.350000	44.700000
E_11-12	ARO:3004757	BKC-1	217	52.641935	48.723041	72.400000
E_11-12	ARO:3004759	BPU-1	354	50.283051	55.060169	87.000000
E_11-12	ARO:3004761	BRO-1	127	64.676378	66.629134	105.000000
E_11-12	ARO:3004762	BRO-2	127	64.324409	66.203937	105.000000
E_11-12	ARO:3004764	CBP-1	178	54.392697	58.416854	90.500000
E_11-12	ARO:3004766	CGA-1	537	60.070577	62.356797	87.800000
E_11-12	ARO:3004768	CIA-1	477	58.481761	60.355556	83.200000
E_11-12	ARO:3004769	CIA-2	483	57.969979	59.790062	83.200000
E_11-12	ARO:3004770	CIA-3	484	58.090289	59.473760	83.200000
E_11-12	ARO:3004771	CIA-4	486	58.246091	60.059671	83.200000
E_11-12	ARO:3004773	CKO-1	288	57.568403	58.255208	79.300000
E_11-12	ARO:3004775	CME-1	540	58.881852	60.487778	89.000000
E_11-12	ARO:3004777	CMH-1	49	70.255102	73.255102	104.000000
E_11-12	ARO:3004778	CMY-135	9	86.866667	87.477778	107.000000
E_11-12	ARO:3004780	DES-1	127	58.918110	58.323622	96.300000
E_11-12	ARO:3004782	ERP-1	190	54.187895	52.908421	101.000000
E_11-12	ARO:3004784	FAR-1	109	56.479817	55.846789	73.200000
E_11-12	ARO:3004786	FIM-1	3	48.733333	54.033333	59.300000
E_11-12	ARO:3004788	FONA-1	85	55.880000	55.411765	105.000000
E_11-12	ARO:3004789	FONA-2	77	56.416883	56.053247	105.000000
E_11-12	ARO:3004790	FONA-3	96	57.134375	57.109375	105.000000
E_11-12	ARO:3004791	FONA-4	85	55.956471	55.421176	105.000000
E_11-12	ARO:3004792	FONA-5	80	57.966250	57.283750	105.000000
E_11-12	ARO:3004793	FONA-6	118	56.642373	56.379661	105.000000
E_11-12	ARO:3004795	FPH-1	3	49.000000	43.533333	49.700000
E_11-12	ARO:3004797	FRI-1	132	46.147727	47.667424	67.000000
E_11-12	ARO:3004798	FRI-2	159	48.722642	48.008805	68.900000
E_11-12	ARO:3004799	FRI-3	157	48.806369	48.089809	68.900000
E_11-12	ARO:3004801	FTU-1	1	63.400000	46.200000	46.200000
E_11-12	ARO:3004802	GOB-10	67	48.928358	49.282090	77.800000
E_11-12	ARO:3004803	GOB-11	31	49.361290	44.490323	62.000000
E_11-12	ARO:3004804	GOB-12	58	49.927586	49.037931	72.400000
E_11-12	ARO:3004805	GOB-13	30	50.146667	45.290000	72.400000
E_11-12	ARO:3004806	GOB-14	31	50.022581	45.232258	72.400000
E_11-12	ARO:3004807	GOB-15	23	50.682609	44.121739	72.400000
E_11-12	ARO:3004808	GOB-16	46	51.556522	51.321739	76.300000
E_11-12	ARO:3004809	GOB-2	89	47.532584	42.815730	60.800000
E_11-12	ARO:3004810	GOB-3	66	49.215152	48.472727	67.400000
E_11-12	ARO:3004811	GOB-4	61	49.931148	49.585246	78.600000
E_11-12	ARO:3004812	GOB-5	53	49.928302	50.598113	78.600000
E_11-12	ARO:3004813	GOB-6	110	48.880909	46.581818	78.600000
E_11-12	ARO:3004814	GOB-7	45	49.333333	45.644444	79.000000
E_11-12	ARO:3004815	GOB-8	58	49.756897	49.532759	77.800000
E_11-12	ARO:3004816	GOB-9	56	49.919643	49.858929	77.800000
E_11-12	ARO:3004823	IMP-52	6	76.883333	67.883333	102.000000
E_11-12	ARO:3004825	LAP-1	223	57.848430	57.345740	101.000000
E_11-12	ARO:3004826	LAP-2	215	57.726512	56.901860	101.000000
E_11-12	ARO:3004827	LEN-35	4	63.275000	66.300000	100.000000
E_11-12	ARO:3004828	LEN-36	8	57.862500	58.712500	64.300000
E_11-12	ARO:3004829	LEN-37	4	59.975000	52.825000	58.500000
E_11-12	ARO:3004837	OXA-724	579	71.681002	74.095682	116.000000
E_11-12	ARO:3004838	LEN-30	4	63.275000	66.300000	100.000000
E_11-12	ARO:3004839	LEN-32	2	67.600000	64.850000	71.200000
E_11-12	ARO:3004840	LEN-34	5	53.320000	54.980000	60.100000
E_11-12	ARO:3004841	LEN-38	29	62.868966	64.455172	80.500000
E_11-12	ARO:3004842	LEN-39	29	64.679310	66.486207	80.500000
E_11-12	ARO:3004843	LEN-40	4	65.900000	56.875000	58.900000
E_11-12	ARO:3004844	LEN-41	13	64.330769	63.538462	102.000000
E_11-12	ARO:3004845	LEN-42	28	65.360714	66.375000	80.500000
E_11-12	ARO:3004846	LEN-43	28	65.360714	66.375000	80.500000
E_11-12	ARO:3004847	LEN-51	5	75.400000	75.360000	102.000000
E_11-12	ARO:3004848	LEN-55	2	100.000000	101.000000	102.000000
E_11-12	ARO:3004849	LEN-58	10	60.800000	57.400000	102.000000
E_11-12	ARO:3004856	SCO-1	396	57.245960	59.057828	81.600000
E_11-12	ARO:3004862	NDM-19	24	94.045833	89.325000	108.000000
E_11-12	ARO:3004863	NDM-20	24	79.500000	73.808333	108.000000
E_11-12	ARO:3004864	NDM-21	22	85.154545	78.240909	108.000000
E_11-12	ARO:3004865	NDM-22	33	92.618182	92.433333	108.000000
E_11-12	ARO:3004866	NDM-23	34	88.026471	82.685294	108.000000
E_11-12	ARO:3004867	NDM-24	33	83.003030	76.863636	108.000000
E_11-12	ARO:3004868	NDM-25	36	88.352778	82.877778	108.000000
E_11-12	ARO:3004869	NDM-26	13	70.392308	63.146154	107.000000
E_11-12	ARO:3004870	NDM-27	28	85.532143	78.553571	108.000000
E_11-12	ARO:3004871	NDM-28	35	90.114286	89.420000	108.000000
E_11-12	ARO:3005006	tet(57)	3064	55.863381	53.175881	82.800000
E_11-12	ARO:3005008	TxR	18701	55.049404	55.308005	81.300000
E_11-12	ARO:3005009	qacE	3487	68.946143	61.425609	99.800000
E_11-12	ARO:3005010	qacEdelta1	3521	73.162255	63.838114	106.000000
E_11-12	ARO:3005012	IDC-1	306	62.992810	63.111111	112.000000
E_11-12	ARO:3005013	IDC-2	277	62.281588	63.266065	110.000000
E_11-12	ARO:3005015	VMB-1	50	53.716000	58.266000	75.900000
E_11-12	ARO:3005016	CMY-150	41	58.143902	67.397561	107.000000
E_11-12	ARO:3005018	LMB-1	231	51.938528	53.587446	92.400000
E_11-12	ARO:3005019	IMP-68	16	78.106250	77.093750	108.000000
E_11-12	ARO:3005021	cfr(D)	1332	49.801952	46.517868	102.000000
E_11-12	ARO:3005023	cfrE	1837	47.657485	45.934839	88.600000
E_11-12	ARO:3005024	FosL1	214	58.371963	58.297664	84.700000
E_11-12	ARO:3005027	FRI-4	144	45.058333	46.954861	66.600000
E_11-12	ARO:3005028	FRI-5	60	51.750000	50.855000	69.300000
E_11-12	ARO:3005029	FRI-6	145	45.263448	47.048276	66.600000
E_11-12	ARO:3005030	FRI-7	145	45.263448	47.048276	66.600000
E_11-12	ARO:3005031	FRI-8	55	52.656364	50.136364	69.700000
E_11-12	ARO:3005032	FRI-9	138	45.108696	46.865217	66.600000
E_11-12	ARO:3005033	FLC-1	55	52.394545	49.981818	69.700000
E_11-12	ARO:3005035	YRC-1	87	69.739080	71.958621	100.000000
E_11-12	ARO:3005036	BLMT	80	52.985000	58.023750	87.400000
E_11-12	ARO:3005037	ADC-159	27	60.866667	68.281481	86.700000
E_11-12	ARO:3005038	PDC-65	16	60.931250	55.468750	80.900000
E_11-12	ARO:3005040	YajC	1690	53.992485	53.450888	100.000000
E_11-12	ARO:3005043	cmlA9	2264	54.053401	52.018463	108.000000
E_11-12	ARO:3005044	OmpA	3305	58.734281	54.072769	110.000000
E_11-12	ARO:3005045	SatA	35	54.722857	58.568571	76.300000
E_11-12	ARO:3005046	MecI_rep	41	41.582927	42.541463	73.900000
E_11-12	ARO:3005047	eptB	1039	75.172859	76.328874	110.000000
E_11-12	ARO:3005049	CrcB	27	48.214815	46.703704	77.400000
E_11-12	ARO:3005051	LpsB	2095	62.746110	62.251122	103.000000
E_11-12	ARO:3005052	LpsA	138	53.397101	50.205072	88.600000
E_11-12	ARO:3005053	ArnT	912	64.091557	65.212061	112.000000
E_11-12	ARO:3005056	tet(X6)	1243	75.013355	73.025261	114.000000
E_11-12	ARO:3005057	tet(X5)	1275	77.568863	74.273098	114.000000
E_11-12	ARO:3005059	LptD	2913	60.953107	63.965671	114.000000
E_11-12	ARO:3005060	OXA-837	91	46.535165	48.632967	68.600000
E_11-12	ARO:3005061	AAC(3)-IVb	50	58.456000	54.760000	91.700000
E_11-12	ARO:3005062	ANT(3'')-Ib	203	48.337438	49.227094	74.300000
E_11-12	ARO:3005063	cprR	27895	48.503420	47.615178	108.000000
E_11-12	ARO:3005064	cprS	53	45.954717	48.686792	106.000000
E_11-12	ARO:3005067	ParS	3095	50.283134	49.116511	100.000000
E_11-12	ARO:3005068	ParR	18143	48.118128	49.138737	100.000000
E_11-12	ARO:3005069	rsmA	2837	65.185760	54.123017	94.000000
E_11-12	ARO:3005072	ROB-13	115	53.650435	54.972174	72.400000
E_11-12	ARO:3005073	ROB-3	109	54.032110	55.413761	72.400000
E_11-12	ARO:3005074	ROB-4	108	53.925000	55.321296	72.400000
E_11-12	ARO:3005075	ROB-5	124	53.626613	54.847581	72.400000
E_11-12	ARO:3005076	ROB-6	120	53.403333	54.779167	72.400000
E_11-12	ARO:3005077	ROB-7	120	53.416667	54.882500	72.400000
E_11-12	ARO:3005078	ROB-8	119	53.457983	54.815966	72.400000
E_11-12	ARO:3005079	ROB-2	99	51.991919	53.154545	64.300000
E_11-12	ARO:3005080	ROB-10	118	53.532203	54.974576	72.400000
E_11-12	ARO:3005084	dfrA31	1036	48.833784	47.929440	94.400000
E_11-12	ARO:3005085	AAC(3)-IIg	137	64.390511	65.162044	99.800000
E_11-12	ARO:3005087	msrF	21654	48.046869	49.021211	100.000000
E_11-12	ARO:3005088	msrH	23873	48.352767	48.888468	93.200000
E_11-12	ARO:3005089	mef(D)	1126	56.957904	54.002664	101.000000
E_11-12	ARO:3005090	RanB	4579	56.037934	53.816619	99.000000
E_11-12	ARO:3005091	RanA	14382	53.658956	51.844910	102.000000
E_11-12	ARO:3005093	OXA-899	137	52.599270	51.695620	72.000000
E_11-12	ARO:3005094	OXA-898	179	46.127933	48.755866	76.600000
E_11-12	ARO:3005096	GPC-1	213	50.231925	48.684977	95.900000
E_11-12	ARO:3005097	mecC-type_BlaZ	7	56.971429	60.585714	87.400000
E_11-12	ARO:3005098	qacL	3156	64.754848	59.404056	100.000000
E_11-12	ARO:3005099	Spyo_ErmA_MLSb	361	61.820222	58.521884	99.400000
E_11-12	ARO:3005100	FosB2	33	58.748485	49.242424	61.200000
E_11-12	ARO:3005111	blaS1	663	66.806033	68.565762	91.300000
E_11-12	ARO:3005112	AAC(6')-Ib-cr3	623	94.432584	90.516212	110.000000
E_11-12	ARO:3005114	AAC(6')-Ib-cr4	646	94.594427	90.074303	109.000000
E_11-12	ARO:3005115	AAC(6')-Ib-cr5	650	94.890615	89.995846	110.000000
E_11-12	ARO:3005116	AAC(6')-Ib-cr6	644	94.033696	89.581832	108.000000
E_11-12	ARO:3005117	AAC(6')-Ib-cr7	651	94.584485	89.585100	110.000000
E_11-12	ARO:3005118	AAC(6')-Ib-cr8	617	95.228525	89.764668	108.000000
E_11-12	ARO:3005119	AAC(6')-Ib-cr9	620	95.821613	90.461774	110.000000
E_11-12	ARO:3005121	lsaD	7123	44.896560	42.542131	100.000000
E_11-12	ARO:3005122	PDC-68	10	67.120000	62.100000	80.900000
E_11-12	ARO:3005123	PDC-70	10	63.370000	53.080000	80.900000
E_11-12	ARO:3005124	PDC-63	18	54.116667	54.272222	69.300000
E_11-12	ARO:3005125	PDC-57	14	50.400000	42.700000	57.800000
E_11-12	ARO:3005126	PDC-66	13	55.900000	56.653846	80.900000
E_11-12	ARO:3005129	PDC-51	4	53.225000	42.450000	44.300000
E_11-12	ARO:3005130	OXA-846	140	51.646429	54.652857	112.000000
E_11-12	ARO:3005131	NDM-29	27	99.440741	97.411111	108.000000
E_11-12	ARO:3005133	PDC-62	109	54.434862	56.592661	73.600000
E_11-12	ARO:3005135	PDC-54	3	53.700000	60.700000	75.100000
E_11-12	ARO:3005136	OXA-906	88	54.179545	57.540909	112.000000
E_11-12	ARO:3005137	PDC-59	4	52.750000	60.650000	84.000000
E_11-12	ARO:3005138	OXA-850	129	51.053488	54.195349	112.000000
E_11-12	ARO:3005139	PDC-67	3	44.033333	39.400000	40.000000
E_11-12	ARO:3005140	PDC-56	7	61.128571	49.357143	80.900000
E_11-12	ARO:3005141	PDC-52	2	41.650000	43.900000	50.100000
E_11-12	ARO:3005143	PDC-240	7	47.714286	52.600000	62.000000
E_11-12	ARO:3005144	PDC-61	2	41.450000	39.650000	41.200000
E_11-12	ARO:3005145	PDC-45	4	53.225000	42.450000	44.300000
E_11-12	ARO:3005146	PDC-49	11	49.400000	54.109091	61.600000
E_11-12	ARO:3005148	PDC-48	3	66.366667	51.466667	61.200000
E_11-12	ARO:3005150	PAC-1	214	65.063084	63.955140	112.000000
E_11-12	ARO:3005151	PDC-53	4	54.825000	47.750000	60.500000
E_11-12	ARO:3005152	PDC-72	3	55.400000	43.500000	44.300000
E_11-12	ARO:3005153	PDC-69	1	56.700000	40.000000	40.000000
E_11-12	ARO:3005155	PDC-23	8	57.675000	62.825000	84.000000
E_11-12	ARO:3005156	PDC-28	3	55.400000	43.500000	44.300000
E_11-12	ARO:3005157	PDC-41	108	54.507407	56.762963	71.600000
E_11-12	ARO:3005158	OXA-668	209	76.898086	80.774163	99.000000
E_11-12	ARO:3005159	OXA-818	38	52.339474	51.271053	96.700000
E_11-12	ARO:3005160	OXA-812	27	47.762963	49.044444	74.700000
E_11-12	ARO:3005162	FosA7.5	242	60.093802	58.566529	107.000000
E_11-12	ARO:3005164	dfrA35	3048	56.819127	54.525951	82.400000
E_11-12	ARO:3005166	tet(X1)	1194	63.260385	59.689363	109.000000
E_11-12	ARO:3005176	CMY-158	15	94.946667	99.113333	105.000000
E_11-12	ARO:3005177	CMY-173	14	98.428571	103.428571	108.000000
E_11-12	ARO:3005181	CMY-146	26	73.453846	81.915385	108.000000
E_11-12	ARO:3005182	CMY-156	2	76.550000	83.850000	108.000000
E_11-12	ARO:3005185	CMY-140	25	72.392000	80.872000	92.000000
E_11-12	ARO:3005187	CMY-161	1	78.100000	55.500000	55.500000
E_11-12	ARO:3005189	CMY-166	2	53.900000	39.650000	40.000000
E_11-12	ARO:3005190	CMY-149	2	100.000000	101.000000	102.000000
E_11-12	ARO:3005191	CMY-139	2	74.000000	75.050000	107.000000
E_11-12	ARO:3005192	CMY-148	2	74.000000	75.050000	107.000000
E_11-12	ARO:3005193	CMY-163	1	50.000000	43.100000	43.100000
E_11-12	ARO:3005194	CMY-154	1	100.000000	108.000000	108.000000
E_11-12	ARO:3005196	CMY-141	2	78.550000	83.850000	108.000000
E_11-12	ARO:3005197	CMY-145	48	80.614583	82.297917	108.000000
E_11-12	ARO:3005198	CMY-157	58	70.817241	74.600000	103.000000
E_11-12	ARO:3005200	CMY-155	10	84.760000	90.520000	107.000000
E_11-12	ARO:3005210	SHV-195	5	62.660000	54.220000	69.300000
E_11-12	ARO:3005211	SHV-201	1	44.900000	48.900000	48.900000
E_11-12	ARO:3005213	SHV-204	14	49.921429	50.257143	55.800000
E_11-12	ARO:3005214	SHV-197	10	67.810000	63.800000	80.100000
E_11-12	ARO:3005216	CMY-152	14	75.342857	82.864286	107.000000
E_11-12	ARO:3005217	CMY-151	29	48.068966	59.610345	74.300000
E_11-12	ARO:3005219	CMY-144	21	65.490476	68.442857	106.000000
E_11-12	ARO:3005220	CMY-138	15	99.866667	105.133333	108.000000
E_11-12	ARO:3005221	MCR-3.41	1340	58.797836	61.965149	114.000000
E_11-12	ARO:3005222	OXA-544	757	67.606737	68.466182	117.000000
E_11-12	ARO:3005224	SHV-220	2	58.900000	57.000000	58.900000
E_11-12	ARO:3005226	SHV-208	5	53.840000	54.440000	66.200000
E_11-12	ARO:3005229	SHV-196	4	46.950000	40.525000	42.700000
E_11-12	ARO:3005231	SHV-219	5	46.440000	40.260000	43.100000
E_11-12	ARO:3005232	SHV-199	1	54.200000	62.000000	62.000000
E_11-12	ARO:3005233	SHV-227	1	66.700000	63.500000	63.500000
E_11-12	ARO:3005234	SHV-223	1	68.800000	74.700000	74.700000
E_11-12	ARO:3005237	SHV-1b-b	1	55.600000	41.600000	41.600000
E_11-12	ARO:3005238	SHV-218	36	62.975000	63.516667	82.400000
E_11-12	ARO:3005239	SHV-193	8	50.462500	49.687500	60.500000
E_11-12	ARO:3005241	SHV-225	15	56.120000	55.686667	67.800000
E_11-12	ARO:3005242	SHV-209	6	54.866667	53.333333	67.000000
E_11-12	ARO:3005243	SHV-215	10	55.450000	62.320000	63.200000
E_11-12	ARO:3005244	ADC-181	35	62.488571	66.954286	86.700000
E_11-12	ARO:3005245	ADC-182	21	59.142857	60.200000	70.500000
E_11-12	ARO:3005246	ADC-183	27	64.029630	68.303704	86.700000
E_11-12	ARO:3005249	SHV-203	3	56.066667	56.900000	67.800000
E_11-12	ARO:3005252	SHV-221	1	56.900000	54.300000	54.300000
E_11-12	ARO:3005255	TEM-224	2	54.400000	50.450000	52.000000
E_11-12	ARO:3005256	TEM-225	14	57.614286	57.907143	67.800000
E_11-12	ARO:3005257	TEM-226	1	59.200000	63.200000	63.200000
E_11-12	ARO:3005258	TEM-227	88	58.232955	51.673864	68.200000
E_11-12	ARO:3005260	TEM-229	6	51.233333	53.400000	60.500000
E_11-12	ARO:3005261	TEM-230	6	81.083333	81.133333	92.000000
E_11-12	ARO:3005263	TEM-232	1	62.500000	60.800000	60.800000
E_11-12	ARO:3005265	TEM-234	1	68.800000	71.200000	71.200000
E_11-12	ARO:3005269	TEM-238	82	63.185366	63.447561	70.100000
E_11-12	ARO:3005270	TEM-240	38	55.497368	55.136842	73.200000
E_11-12	ARO:3005271	TEM-241	29	59.765517	58.520690	68.600000
E_11-12	ARO:3005275	PDC-438	13	60.823077	57.030769	80.900000
E_11-12	ARO:3005276	PDC-284	10	67.120000	62.100000	80.900000
E_11-12	ARO:3005277	PDC-105	3	71.666667	58.566667	80.900000
E_11-12	ARO:3005278	PDC-118	4	48.300000	55.075000	60.500000
E_11-12	ARO:3005279	PDC-324	7	69.642857	58.114286	80.900000
E_11-12	ARO:3005280	PDC-323	1	62.500000	67.000000	67.000000
E_11-12	ARO:3005281	PDC-258	1	38.500000	38.100000	38.100000
E_11-12	ARO:3005282	PDC-413	1	81.600000	80.900000	80.900000
E_11-12	ARO:3005283	PDC-384	20	53.255000	53.840000	76.300000
E_11-12	ARO:3005284	PDC-264	11	52.609091	52.254545	61.200000
E_11-12	ARO:3005285	PDC-201	7	47.714286	52.600000	62.000000
E_11-12	ARO:3005286	PDC-346	3	55.400000	43.500000	44.300000
E_11-12	ARO:3005289	PDC-212	3	55.400000	43.500000	44.300000
E_11-12	ARO:3005290	PDC-352	10	47.730000	51.610000	62.000000
E_11-12	ARO:3005291	PDC-464	35	48.077143	44.308571	62.400000
E_11-12	ARO:3005292	PDC-19b	6	46.583333	43.066667	46.600000
E_11-12	ARO:3005293	PDC-380	1	38.500000	38.100000	38.100000
E_11-12	ARO:3005294	PDC-461	23	48.395652	40.343478	62.400000
E_11-12	ARO:3005295	PDC-19a	1	81.600000	80.900000	80.900000
E_11-12	ARO:3005297	PDC-255	9	50.022222	49.766667	62.000000
E_11-12	ARO:3005298	PDC-293	3	39.466667	49.666667	51.200000
E_11-12	ARO:3005299	PDC-183	3	55.400000	43.500000	44.300000
E_11-12	ARO:3005300	PDC-207	31	51.206452	56.429032	69.300000
E_11-12	ARO:3005302	PDC-376	3	41.066667	45.566667	53.500000
E_11-12	ARO:3005303	PDC-117	36	53.505556	61.691667	69.300000
E_11-12	ARO:3005304	PDC-231	3	34.366667	46.833333	51.200000
E_11-12	ARO:3005305	PDC-104	4	51.150000	50.925000	58.500000
E_11-12	ARO:3005306	PDC-173	8	65.387500	43.037500	58.500000
E_11-12	ARO:3005307	PDC-292	4	51.750000	45.800000	58.500000
E_11-12	ARO:3005310	PDC-313	8	51.012500	44.675000	61.200000
E_11-12	ARO:3005313	PDC-449	1	62.500000	67.000000	67.000000
E_11-12	ARO:3005314	OXA-540	786	67.611959	69.225191	117.000000
E_11-12	ARO:3005315	OXA-779	777	60.144402	62.023810	118.000000
E_11-12	ARO:3005316	OXA-838	654	73.006575	73.267890	117.000000
E_11-12	ARO:3005317	OXA-539	147	75.324490	77.683673	112.000000
E_11-12	ARO:3005318	OXA-543	449	79.577951	79.759465	117.000000
E_11-12	ARO:3005319	OXA-681	832	69.483534	71.457091	117.000000
E_11-12	ARO:3005320	OXA-737	685	70.436642	71.379708	117.000000
E_11-12	ARO:3005321	OXA-541	492	75.341463	75.134350	117.000000
E_11-12	ARO:3005322	OXA-835	755	60.725695	62.665166	118.000000
E_11-12	ARO:3005323	OXA-926	86	48.145349	48.929070	85.900000
E_11-12	ARO:3005324	OXA-570	174	45.724138	46.762069	72.800000
E_11-12	ARO:3005325	OXA-573	145	46.151724	46.626897	72.400000
E_11-12	ARO:3005326	OXA-571	201	44.944279	48.141294	75.900000
E_11-12	ARO:3005327	OXA-672	70	63.964286	67.400000	108.000000
E_11-12	ARO:3005328	OXA-671	31	61.848387	63.851613	102.000000
E_11-12	ARO:3005329	OXA-673	71	62.987324	65.901408	103.000000
E_11-12	ARO:3005330	OXA-931	92	71.792391	73.792391	98.600000
E_11-12	ARO:3005331	OXA-930	131	71.636641	72.575573	97.800000
E_11-12	ARO:3005332	OXA-895	142	69.165493	70.217606	98.600000
E_11-12	ARO:3005333	OXA-641	1201	53.223980	57.740466	90.500000
E_11-12	ARO:3005334	DfrA42_TMP	12	52.608333	44.683333	105.000000
E_11-12	ARO:3005335	OXA-496	77	72.214286	72.125974	102.000000
E_11-12	ARO:3005336	OXA-915	72	72.586111	76.908333	96.700000
E_11-12	ARO:3005337	OXA-647	133	79.599248	82.251128	101.000000
E_11-12	ARO:3005338	OXA-648	68	58.254412	58.220588	102.000000
E_11-12	ARO:3005339	OXA-646	62	64.874194	66.730645	102.000000
E_11-12	ARO:3005340	OXA-649	82	66.236585	70.304878	102.000000
E_11-12	ARO:3005341	OXA-897	13	73.892308	76.238462	107.000000
E_11-12	ARO:3005342	OXA-653	16	69.243750	71.825000	104.000000
E_11-12	ARO:3005343	OXA-499	42	67.195238	72.102381	102.000000
E_11-12	ARO:3005344	OXA-825	44	66.209091	71.302273	102.000000
E_11-12	ARO:3005345	DfrA43_TMP	1622	52.223058	50.367694	78.600000
E_11-12	ARO:3005346	DfrA34	2	43.300000	39.450000	40.800000
E_11-12	ARO:3005347	DfrA37	925	58.229081	55.278162	107.000000
E_11-12	ARO:3005348	DfrA36	1447	50.660815	51.463580	97.400000
E_11-12	ARO:3005349	DfrA38	2507	54.859434	55.362824	91.700000
E_11-12	ARO:3005350	DfrB9	133	78.334586	68.444361	106.000000
E_11-12	ARO:3005351	DfrA39	3024	48.962401	49.901521	84.700000
E_11-12	ARO:3005354	dfr22	3087	51.425850	51.928183	93.600000
E_11-12	ARO:3005356	KPC-23	18	71.294444	59.572222	101.000000
E_11-12	ARO:3005358	KPC-26	3	98.633333	102.000000	105.000000
E_11-12	ARO:3005359	KPC-27	2	55.650000	51.950000	55.800000
E_11-12	ARO:3005361	KPC-28	101	64.646535	65.213861	105.000000
E_11-12	ARO:3005364	KPC-30	1	95.900000	105.000000	105.000000
E_11-12	ARO:3005365	KPC-33	1	95.900000	105.000000	105.000000
E_11-12	ARO:3005367	KPC-35	1	95.900000	105.000000	105.000000
E_11-12	ARO:3005368	KPC-36	20	51.145000	49.975000	56.200000
E_11-12	ARO:3005369	KPC-37	31	51.125806	52.619355	105.000000
E_11-12	ARO:3005371	KPC-39	3	44.166667	41.066667	43.500000
E_11-12	ARO:3005372	KPC-40	1	48.900000	45.400000	45.400000
E_11-12	ARO:3005375	KPC-43	15	55.300000	56.513333	105.000000
E_11-12	ARO:3005376	KPC-45	7	57.471429	58.028571	105.000000
E_11-12	ARO:3005379	KPC-50	1	47.100000	50.800000	50.800000
E_11-12	ARO:3005380	KPC-51	2	53.150000	55.250000	59.700000
E_11-12	ARO:3005381	KPC-52	4	53.550000	42.925000	49.300000
E_11-12	ARO:3005382	KPC-54	5	51.720000	53.080000	59.300000
E_11-12	ARO:3005461	EBR-3	46	55.284783	59.752174	105.000000
E_11-12	ARO:3005462	EBR-4	51	53.886275	58.382353	105.000000
E_11-12	ARO:3005463	IMP-53	10	54.120000	52.360000	91.300000
E_11-12	ARO:3005464	IMP-54	9	67.833333	74.733333	114.000000
E_11-12	ARO:3005465	IMP-58	15	81.293333	81.506667	111.000000
E_11-12	ARO:3005466	IMP-59	9	74.222222	74.966667	104.000000
E_11-12	ARO:3005467	IMP-60	8	75.325000	60.637500	102.000000
E_11-12	ARO:3005468	IMP-61	6	76.883333	67.883333	102.000000
E_11-12	ARO:3005469	IMP-62	8	67.337500	66.212500	100.000000
E_11-12	ARO:3005470	IMP-63	17	66.511765	67.247059	109.000000
E_11-12	ARO:3005471	IMP-64	2	75.850000	82.750000	105.000000
E_11-12	ARO:3005472	IMP-65	8	69.125000	77.525000	114.000000
E_11-12	ARO:3005473	IMP-66	5	79.260000	70.180000	100.000000
E_11-12	ARO:3005474	IMP-67	2	75.850000	82.750000	105.000000
E_11-12	ARO:3005475	IMP-69	10	91.330000	93.600000	114.000000
E_11-12	ARO:3005476	IMP-70	5	79.500000	70.820000	102.000000
E_11-12	ARO:3005477	IMP-71	6	75.866667	80.100000	110.000000
E_11-12	ARO:3005478	IMP-73	3	91.233333	95.466667	100.000000
E_11-12	ARO:3005479	IMP-74	14	76.635714	74.307143	110.000000
E_11-12	ARO:3005480	IMP-75	5	74.120000	81.680000	110.000000
E_11-12	ARO:3005481	IMP-76	5	79.260000	70.180000	100.000000
E_11-12	ARO:3005482	IMP-77	7	70.185714	63.100000	100.000000
E_11-12	ARO:3005483	IMP-78	5	78.700000	69.880000	100.000000
E_11-12	ARO:3005484	IMP-79	5	80.060000	70.980000	102.000000
E_11-12	ARO:3005485	IMP-80	5	78.700000	69.940000	100.000000
E_11-12	ARO:3005486	IMP-81	9	76.277778	73.577778	103.000000
E_11-12	ARO:3005487	IMP-82	9	70.733333	65.155556	105.000000
E_11-12	ARO:3005488	IMP-83	5	72.260000	74.120000	97.100000
E_11-12	ARO:3005489	IMP-84	7	59.771429	54.400000	84.000000
E_11-12	ARO:3005490	IMP-85	6	73.183333	63.666667	88.600000
E_11-12	ARO:3005491	IMP-88	5	79.260000	70.180000	100.000000
E_11-12	ARO:3005492	IMP-89	2	44.950000	38.900000	39.300000
E_11-12	ARO:3005493	IND-16	3	56.466667	64.466667	76.300000
E_11-12	ARO:3005494	SIM-2	4	69.550000	64.675000	105.000000
E_11-12	ARO:3005495	VIM-47	4	49.600000	48.225000	54.700000
E_11-12	ARO:3005497	VIM-49	5	51.060000	43.580000	48.500000
E_11-12	ARO:3005499	VIM-51	1	40.000000	45.800000	45.800000
E_11-12	ARO:3005500	VIM-52	17	47.900000	54.182353	67.400000
E_11-12	ARO:3005502	VIM-54	3	54.733333	45.433333	48.500000
E_11-12	ARO:3005503	VIM-55	32	46.765625	50.800000	67.000000
E_11-12	ARO:3005505	VIM-57	13	48.415385	54.892308	66.200000
E_11-12	ARO:3005507	VIM-59	31	46.903226	50.783871	68.600000
E_11-12	ARO:3005508	VIM-60	7	46.885714	52.485714	59.300000
E_11-12	ARO:3005509	VIM-61	24	49.445833	51.379167	63.200000
E_11-12	ARO:3005511	VIM-63	1	43.200000	46.200000	46.200000
E_11-12	ARO:3005512	VIM-64	2	53.300000	43.900000	43.900000
E_11-12	ARO:3005513	VIM-65	1	40.000000	45.800000	45.800000
E_11-12	ARO:3005514	VIM-66	5	45.300000	53.380000	58.500000
E_11-12	ARO:3005516	VIM-68	11	48.890909	56.363636	66.200000
E_11-12	ARO:3005517	VIM-69	23	49.660870	51.930435	67.000000
E_11-12	ARO:3005518	VIM-70	6	48.950000	59.950000	65.900000
E_11-12	ARO:3005519	VIM-71	10	47.540000	47.780000	67.800000
E_11-12	ARO:3005522	BlaB-1	31	49.796774	61.151613	78.200000
E_11-12	ARO:3005523	BlaB-10	23	45.626087	54.208696	74.300000
E_11-12	ARO:3005524	BlaB-11	30	49.756667	61.136667	78.200000
E_11-12	ARO:3005525	BlaB-12	27	45.181481	54.603704	74.300000
E_11-12	ARO:3005526	BlaB-13	31	46.532258	56.712903	75.900000
E_11-12	ARO:3005527	BlaB-14	40	48.512500	59.017500	78.200000
E_11-12	ARO:3005528	BlaB-15	31	46.129032	57.532258	75.100000
E_11-12	ARO:3005529	BlaB-16	41	47.587805	59.329268	76.600000
E_11-12	ARO:3005530	BlaB-17	28	50.353571	62.121429	78.200000
E_11-12	ARO:3005531	BlaB-18	28	50.353571	62.135714	78.200000
E_11-12	ARO:3005532	BlaB-19	19	43.794737	51.000000	74.300000
E_11-12	ARO:3005533	BlaB-2	27	50.629630	62.481481	78.200000
E_11-12	ARO:3005534	BlaB-20	28	50.532143	61.928571	78.200000
E_11-12	ARO:3005535	BlaB-22	21	46.366667	57.271429	75.100000
E_11-12	ARO:3005536	BlaB-23	15	44.706667	51.153333	62.800000
E_11-12	ARO:3005537	BlaB-24	24	44.570833	54.700000	75.100000
E_11-12	ARO:3005538	BlaB-25	22	43.986364	53.654545	75.100000
E_11-12	ARO:3005539	BlaB-26	16	43.193750	52.131250	71.200000
E_11-12	ARO:3005540	BlaB-27	15	42.926667	52.466667	71.200000
E_11-12	ARO:3005541	BlaB-28	14	41.978571	51.792857	71.200000
E_11-12	ARO:3005542	BlaB-29	24	50.637500	63.187500	77.800000
E_11-12	ARO:3005543	BlaB-3	13	44.330769	51.676923	62.800000
E_11-12	ARO:3005544	BlaB-30	26	50.503846	62.615385	78.200000
E_11-12	ARO:3005545	BlaB-31	19	50.342105	64.005263	77.800000
E_11-12	ARO:3005546	BlaB-32	28	50.575000	63.567857	78.200000
E_11-12	ARO:3005547	BlaB-33	24	50.895833	63.500000	78.200000
E_11-12	ARO:3005548	BlaB-34	17	43.958824	53.805882	75.100000
E_11-12	ARO:3005549	BlaB-35	13	45.523077	51.584615	62.800000
E_11-12	ARO:3005550	BlaB-36	21	44.566667	53.971429	75.100000
E_11-12	ARO:3005551	BlaB-38	37	47.791892	59.497297	76.600000
E_11-12	ARO:3005552	BlaB-39	11	41.072727	48.827273	56.600000
E_11-12	ARO:3005553	BlaB-5	20	42.950000	52.880000	74.700000
E_11-12	ARO:3005554	BlaB-6	16	41.637500	52.537500	71.200000
E_11-12	ARO:3005555	BlaB-7	18	46.900000	56.133333	74.300000
E_11-12	ARO:3005556	BlaB-8	24	45.287500	54.200000	74.300000
E_11-12	ARO:3005557	BlaB-9	26	43.119231	51.688462	71.200000
E_11-12	ARO:3005558	BUT-2	119	54.381513	55.800840	92.000000
E_11-12	ARO:3005559	CARB-11	197	81.016751	77.371066	105.000000
E_11-12	ARO:3005560	CARB-24	148	59.898649	60.830405	76.600000
E_11-12	ARO:3005561	CARB-25	132	58.268939	59.940909	76.600000
E_11-12	ARO:3005562	CARB-26	105	57.883810	59.770476	76.600000
E_11-12	ARO:3005563	CARB-27	96	57.709375	59.577083	76.600000
E_11-12	ARO:3005564	CARB-28	104	56.176923	59.382692	76.600000
E_11-12	ARO:3005565	CARB-29	75	57.140000	59.478667	76.600000
E_11-12	ARO:3005566	CARB-30	29	54.696552	54.944828	69.300000
E_11-12	ARO:3005567	CARB-31	59	56.466102	58.137288	69.700000
E_11-12	ARO:3005568	CARB-32	22	51.977273	53.222727	67.800000
E_11-12	ARO:3005569	CARB-33	49	58.438776	60.857143	73.900000
E_11-12	ARO:3005570	CARB-34	49	57.451020	59.538776	74.700000
E_11-12	ARO:3005571	CARB-35	33	57.239394	59.657576	69.700000
E_11-12	ARO:3005572	CARB-36	54	58.200000	59.511111	69.700000
E_11-12	ARO:3005573	CARB-38	32	57.253125	59.375000	69.700000
E_11-12	ARO:3005574	CARB-40	28	57.182143	59.471429	69.700000
E_11-12	ARO:3005575	CARB-41	20	59.370000	61.530000	69.700000
E_11-12	ARO:3005576	CARB-42	192	59.737500	61.946875	75.500000
E_11-12	ARO:3005577	CARB-43	91	64.616484	62.451648	70.500000
E_11-12	ARO:3005578	CARB-44	26	56.350000	57.953846	69.300000
E_11-12	ARO:3005579	CARB-45	30	60.243333	61.743333	74.700000
E_11-12	ARO:3005580	CARB-46	105	64.854286	63.380000	70.900000
E_11-12	ARO:3005581	CARB-47	19	53.121053	58.994737	69.300000
E_11-12	ARO:3005582	CARB-48	17	57.164706	58.217647	69.300000
E_11-12	ARO:3005583	CARB-49	551	68.867877	69.773503	111.000000
E_11-12	ARO:3005584	CARB-50	534	69.317041	70.458801	111.000000
E_11-12	ARO:3005585	CARB-51	214	79.428505	76.323364	108.000000
E_11-12	ARO:3005586	CARB-52	192	74.804167	73.388542	106.000000
E_11-12	ARO:3005587	CARB-53	186	82.573656	78.693548	108.000000
E_11-12	ARO:3005588	CARB-54	577	68.950260	69.906066	111.000000
E_11-12	ARO:3005589	CARB-55	182	82.352198	79.143956	106.000000
E_11-12	ARO:3005592	CTX-M-169	1	40.700000	39.300000	39.300000
E_11-12	ARO:3005594	CTX-M-171	51	64.415686	63.401961	102.000000
E_11-12	ARO:3005596	CTX-M-173	1	97.800000	93.200000	93.200000
E_11-12	ARO:3005597	CTX-M-174	30	65.806667	70.616667	83.600000
E_11-12	ARO:3005598	CTX-M-175	49	55.522449	54.722449	67.800000
E_11-12	ARO:3005599	CTX-M-176	3	46.866667	46.566667	54.300000
E_11-12	ARO:3005602	CTX-M-179	70	57.500000	59.462857	79.300000
E_11-12	ARO:3005603	CTX-M-180	7	50.871429	56.371429	59.300000
E_11-12	ARO:3005605	CTX-M-182	3	50.166667	47.866667	53.500000
E_11-12	ARO:3005608	CTX-M-185	9	55.600000	54.733333	83.200000
E_11-12	ARO:3005611	CTX-M-188	1	55.100000	51.600000	51.600000
E_11-12	ARO:3005613	CTX-M-190	28	55.664286	54.303571	61.200000
E_11-12	ARO:3005615	CTX-M-192	5	53.520000	58.620000	66.600000
E_11-12	ARO:3005616	CTX-M-193	12	54.300000	52.508333	58.200000
E_11-12	ARO:3005618	CTX-M-195	32	64.650000	69.078125	83.600000
E_11-12	ARO:3005619	CTX-M-196	27	67.437037	72.825926	83.600000
E_11-12	ARO:3005620	CTX-M-197	1	58.300000	57.400000	57.400000
E_11-12	ARO:3005622	CTX-M-199	59	67.225424	71.411864	87.400000
E_11-12	ARO:3005623	CTX-M-200	45	65.964444	60.386667	102.000000
E_11-12	ARO:3005624	CTX-M-201	1	45.700000	50.100000	50.100000
E_11-12	ARO:3005625	CTX-M-202	52	60.528846	66.267308	80.500000
E_11-12	ARO:3005627	CTX-M-204	8	61.812500	59.412500	65.900000
E_11-12	ARO:3005628	CTX-M-205	10	57.640000	55.340000	83.200000
E_11-12	ARO:3005630	CTX-M-207	31	56.825806	57.551613	71.200000
E_11-12	ARO:3005631	CTX-M-208	28	68.921429	74.782143	80.900000
E_11-12	ARO:3005635	CTX-M-212	19	56.668421	54.747368	67.400000
E_11-12	ARO:3005636	CTX-M-213	9	52.600000	51.044444	59.300000
E_11-12	ARO:3005637	CTX-M-214	4	51.550000	49.375000	53.100000
E_11-12	ARO:3005639	CTX-M-216	1	51.000000	61.200000	61.200000
E_11-12	ARO:3005640	CTX-M-217	24	57.520833	60.895833	80.500000
E_11-12	ARO:3005642	CTX-M-219	22	62.204545	66.231818	80.100000
E_11-12	ARO:3005643	CTX-M-220	7	43.528571	39.371429	41.600000
E_11-12	ARO:3005644	CTX-M-221	10	53.570000	57.330000	65.100000
E_11-12	ARO:3005645	CTX-M-222	7	51.514286	53.257143	58.200000
E_11-12	ARO:3005646	CTX-M-223	26	65.561538	70.684615	83.600000
E_11-12	ARO:3005648	CTX-M-225	10	66.640000	76.920000	83.600000
E_11-12	ARO:3005649	CTX-M-226	4	51.000000	49.025000	54.300000
E_11-12	ARO:3005650	CTX-M-227	4	51.000000	49.025000	54.300000
E_11-12	ARO:3005651	CTX-M-228	2	61.900000	72.600000	85.500000
E_11-12	ARO:3005652	CTX-M-229	112	58.600893	58.193750	97.100000
E_11-12	ARO:3005653	CTX-M-230	5	51.960000	48.700000	54.300000
E_11-12	ARO:3005655	CTX-M-232	1	63.600000	38.100000	38.100000
E_11-12	ARO:3005656	CTX-M-233	18	60.316667	65.133333	83.600000
E_11-12	ARO:3005657	CTX-M-234	113	62.601770	65.026549	87.400000
E_11-12	ARO:3005658	CTX-M-235	2	46.250000	45.250000	48.100000
E_11-12	ARO:3005659	CTX-M-236	1	50.000000	43.100000	43.100000
E_11-12	ARO:3005660	CTX-M-237	1	72.000000	73.900000	73.900000
E_11-12	ARO:3005661	CTX-M-238	1	63.600000	37.700000	37.700000
E_11-12	ARO:3005662	CTX-M-239	5	53.520000	58.620000	66.600000
E_11-12	ARO:3005663	CTX-M-240	16	61.862500	67.668750	83.600000
E_11-12	ARO:3005664	CTX-M-241	115	54.826087	56.208696	79.700000
E_11-12	ARO:3005665	CTX-M-242	19	64.221053	69.594737	84.000000
E_11-12	ARO:3005667	CTX-M-97	52	65.919231	62.967308	102.000000
E_11-12	ARO:3005668	GOB-19	30	49.980000	45.373333	72.400000
E_11-12	ARO:3005669	GOB-20	48	49.962500	49.237500	77.800000
E_11-12	ARO:3005670	GOB-21	36	50.772222	49.966667	78.600000
E_11-12	ARO:3005671	GOB-22	44	51.547727	51.713636	76.300000
E_11-12	ARO:3005672	GOB-23	33	49.333333	46.139394	72.400000
E_11-12	ARO:3005673	GOB-24	76	48.338158	43.839474	67.400000
E_11-12	ARO:3005674	GOB-25	72	47.493056	48.088889	55.500000
E_11-12	ARO:3005675	GOB-26	30	49.733333	44.263333	62.000000
E_11-12	ARO:3005676	GOB-27	43	51.195349	51.141860	69.300000
E_11-12	ARO:3005677	GOB-28	73	48.705479	44.153425	67.400000
E_11-12	ARO:3005678	GOB-29	35	49.594286	44.100000	78.600000
E_11-12	ARO:3005679	GOB-30	92	47.505435	42.553261	60.100000
E_11-12	ARO:3005680	GOB-31	35	49.145714	43.005714	60.100000
E_11-12	ARO:3005681	GOB-32	33	48.839394	44.890909	62.000000
E_11-12	ARO:3005682	GOB-33	13	52.407692	47.561538	73.200000
E_11-12	ARO:3005683	GOB-34	14	51.828571	48.207143	73.600000
E_11-12	ARO:3005684	GOB-35	15	51.093333	47.820000	73.600000
E_11-12	ARO:3005685	GOB-36	10	55.310000	50.440000	73.900000
E_11-12	ARO:3005686	GOB-37	15	51.093333	47.820000	73.600000
E_11-12	ARO:3005687	GOB-38	39	50.123077	49.723077	78.600000
E_11-12	ARO:3005688	GOB-39	28	51.182143	50.810714	78.600000
E_11-12	ARO:3005689	GOB-40	87	47.016092	42.264368	60.100000
E_11-12	ARO:3005690	GOB-41	85	48.224706	43.243529	67.400000
E_11-12	ARO:3005691	GOB-42	20	49.940000	49.340000	76.600000
E_11-12	ARO:3005692	GOB-43	85	48.021176	43.089412	67.400000
E_11-12	ARO:3005693	GOB-44	42	51.330952	51.602381	76.300000
E_11-12	ARO:3005694	GOB-45	83	47.849398	42.768675	67.400000
E_11-12	ARO:3005695	GOB-46	41	51.556098	51.385366	76.300000
E_11-12	ARO:3005696	GOB-48	23	50.169565	50.647826	78.600000
E_11-12	ARO:3005697	GOB-49	28	49.285714	43.789286	78.600000
E_11-12	ARO:3005698	GOB-50	24	49.816667	50.362500	78.600000
E_11-12	ARO:3005699	GOB-51	14	50.350000	48.350000	73.600000
E_11-12	ARO:3005700	NDM-30	19	93.884211	95.184211	107.000000
E_11-12	ARO:3005701	NDM-31	17	99.041176	101.476471	108.000000
E_11-12	ARO:3005702	OXA-114b	81	49.197531	48.692593	74.300000
E_11-12	ARO:3005703	OXA-114c	49	49.975510	50.204082	74.300000
E_11-12	ARO:3005704	OXA-114d	60	49.031667	48.555000	74.300000
E_11-12	ARO:3005705	OXA-114e	71	48.840845	48.073239	74.300000
E_11-12	ARO:3005706	OXA-114f	63	49.512698	48.642857	74.300000
E_11-12	ARO:3005707	OXA-114g	70	50.008571	48.198571	74.300000
E_11-12	ARO:3005708	OXA-114h	55	49.912727	49.350909	74.300000
E_11-12	ARO:3005709	OXA-114i	46	49.665217	48.708696	70.500000
E_11-12	ARO:3005710	OXA-114j	24	50.825000	51.741667	70.500000
E_11-12	ARO:3005711	OXA-114k	29	47.096552	47.024138	70.500000
E_11-12	ARO:3005712	OXA-114l	29	49.227586	48.693103	70.500000
E_11-12	ARO:3005713	OXA-114m	28	49.821429	49.696429	70.500000
E_11-12	ARO:3005714	OXA-114n	35	50.814286	49.548571	70.900000
E_11-12	ARO:3005715	OXA-114p	32	52.546875	56.431250	73.200000
E_11-12	ARO:3005716	OXA-114q	30	50.143333	48.910000	70.500000
E_11-12	ARO:3005717	OXA-114r	31	49.035484	47.816129	70.500000
E_11-12	ARO:3005718	OXA-114s	23	47.882609	48.586957	70.500000
E_11-12	ARO:3005719	OXA-114t	14	51.550000	51.871429	70.500000
E_11-12	ARO:3005720	OXA-114u	31	53.112903	57.480645	74.700000
E_11-12	ARO:3005721	OXA-114v	24	49.020833	48.445833	62.800000
E_11-12	ARO:3005722	OXA-114w	19	46.673684	47.057895	53.900000
E_11-12	ARO:3005723	OXA-114x	24	48.283333	45.879167	63.900000
E_11-12	ARO:3005724	OXA-489	42	51.638095	46.088095	56.600000
E_11-12	ARO:3005725	OXA-491	3002	69.520053	72.252632	109.000000
E_11-12	ARO:3005726	OXA-493	55	47.658182	44.560000	60.100000
E_11-12	ARO:3005727	OXA-494	156	54.987179	56.793590	112.000000
E_11-12	ARO:3005728	OXA-497	3	60.733333	63.933333	82.000000
E_11-12	ARO:3005729	OXA-498	773	93.600129	89.454204	111.000000
E_11-12	ARO:3005730	OXA-500	148	77.026351	80.669595	93.200000
E_11-12	ARO:3005731	OXA-501	160	75.763750	76.608125	93.200000
E_11-12	ARO:3005732	OXA-502	147	76.539456	78.723810	93.200000
E_11-12	ARO:3005733	OXA-503	193	76.707772	77.955959	93.200000
E_11-12	ARO:3005734	OXA-504	579	81.984974	81.883247	115.000000
E_11-12	ARO:3005735	OXA-505	39	53.169231	57.046154	110.000000
E_11-12	ARO:3005736	OXA-506	179	76.221788	77.257542	93.200000
E_11-12	ARO:3005737	OXA-507	1	81.600000	92.400000	92.400000
E_11-12	ARO:3005739	OXA-509	3	71.400000	76.400000	76.600000
E_11-12	ARO:3005740	OXA-510	45	70.822222	74.957778	81.300000
E_11-12	ARO:3005742	OXA-512	200	95.954000	90.885000	107.000000
E_11-12	ARO:3005743	OXA-513	108	48.552778	49.113889	75.900000
E_11-12	ARO:3005744	OXA-514	49	47.900000	51.340816	110.000000
E_11-12	ARO:3005745	OXA-515	130	50.986154	55.521538	105.000000
E_11-12	ARO:3005746	OXA-516	9	73.477778	75.011111	80.100000
E_11-12	ARO:3005747	OXA-517	476	52.978151	53.091176	104.000000
E_11-12	ARO:3005748	OXA-518	47	47.689362	44.942553	59.700000
E_11-12	ARO:3005749	OXA-519	23	49.091304	53.226087	110.000000
E_11-12	ARO:3005750	OXA-520	1128	92.051773	86.782801	111.000000
E_11-12	ARO:3005752	OXA-522	123	74.980488	74.656098	92.400000
E_11-12	ARO:3005753	OXA-523	3	71.400000	76.400000	76.600000
E_11-12	ARO:3005754	OXA-524	3	71.400000	76.400000	76.600000
E_11-12	ARO:3005756	OXA-526	114	76.201754	79.359649	93.200000
E_11-12	ARO:3005757	OXA-527	37	70.975676	76.181081	92.000000
E_11-12	ARO:3005763	OXA-533	82	76.741463	80.407317	93.200000
E_11-12	ARO:3005764	OXA-534	529	82.621550	80.647070	112.000000
E_11-12	ARO:3005766	OXA-537	33	73.115152	69.933333	105.000000
E_11-12	ARO:3005767	OXA-538	352	52.942330	58.185795	104.000000
E_11-12	ARO:3005768	OXA-542	83	61.513253	62.521687	96.300000
E_11-12	ARO:3005770	OXA-546	124	48.627419	50.401613	110.000000
E_11-12	ARO:3005771	OXA-547	116	48.982759	50.823276	110.000000
E_11-12	ARO:3005772	OXA-548	393	50.448346	50.936641	75.900000
E_11-12	ARO:3005773	OXA-549	395	50.357722	50.754177	75.900000
E_11-12	ARO:3005774	OXA-550	390	50.152821	50.447179	72.400000
E_11-12	ARO:3005775	OXA-551	465	51.234624	50.713548	77.000000
E_11-12	ARO:3005776	OXA-552	389	50.398972	50.880463	75.900000
E_11-12	ARO:3005777	OXA-553	373	50.431367	51.078552	75.900000
E_11-12	ARO:3005782	OXA-558	14	77.700000	85.628571	92.000000
E_11-12	ARO:3005783	OXA-559	3	83.966667	85.400000	86.300000
E_11-12	ARO:3005785	OXA-561	1	81.600000	93.200000	93.200000
E_11-12	ARO:3005786	OXA-562	58	71.422414	75.827586	89.000000
E_11-12	ARO:3005787	OXA-563	9	75.166667	77.722222	93.200000
E_11-12	ARO:3005788	OXA-564	106	76.456604	80.229245	93.200000
E_11-12	ARO:3005789	OXA-565	5	64.180000	63.460000	96.700000
E_11-12	ARO:3005790	OXA-566	48	47.331250	49.256250	110.000000
E_11-12	ARO:3005791	OXA-567	448	54.007812	55.161830	104.000000
E_11-12	ARO:3005792	OXA-568	146	66.150000	70.177397	94.400000
E_11-12	ARO:3005793	OXA-569	123	55.996748	54.767480	76.600000
E_11-12	ARO:3005794	OXA-572	150	54.468667	53.670000	77.800000
E_11-12	ARO:3005795	OXA-574	114	56.255263	55.099123	75.500000
E_11-12	ARO:3005796	OXA-575	51	57.017647	61.737255	70.900000
E_11-12	ARO:3005797	OXA-576	54	49.657407	44.570370	57.400000
E_11-12	ARO:3005798	OXA-577	39	48.166667	42.815385	50.100000
E_11-12	ARO:3005799	OXA-578	40	50.790000	45.207500	57.400000
E_11-12	ARO:3005800	OXA-579	29	48.000000	45.158621	57.400000
E_11-12	ARO:3005801	OXA-580	37	47.154054	44.154054	57.400000
E_11-12	ARO:3005802	OXA-581	46	48.871739	43.867391	57.400000
E_11-12	ARO:3005803	OXA-582	29	48.934483	43.955172	57.400000
E_11-12	ARO:3005804	OXA-583	62	48.641935	43.387097	57.400000
E_11-12	ARO:3005805	OXA-584	26	50.853846	44.015385	53.100000
E_11-12	ARO:3005806	OXA-585	17	50.605882	44.988235	50.100000
E_11-12	ARO:3005807	OXA-586	13	50.161538	45.169231	50.100000
E_11-12	ARO:3005808	OXA-587	1	45.800000	38.900000	38.900000
E_11-12	ARO:3005809	OXA-588	19	47.905263	43.757895	50.800000
E_11-12	ARO:3005810	OXA-589	38	47.218421	42.534211	49.300000
E_11-12	ARO:3005811	OXA-590	2	45.750000	39.300000	39.700000
E_11-12	ARO:3005812	OXA-591	3	44.766667	40.933333	43.100000
E_11-12	ARO:3005814	OXA-593	7	54.900000	53.242857	55.100000
E_11-12	ARO:3005816	OXA-595	7	50.700000	45.828571	52.400000
E_11-12	ARO:3005817	OXA-596	3	44.766667	40.933333	43.100000
E_11-12	ARO:3005819	OXA-598	37	49.470270	45.070270	57.400000
E_11-12	ARO:3005820	OXA-599	58	49.067241	45.744828	56.600000
E_11-12	ARO:3005821	OXA-600	6	42.366667	41.416667	46.600000
E_11-12	ARO:3005822	OXA-601	38	49.307895	42.878947	52.400000
E_11-12	ARO:3005823	OXA-602	72	48.445833	43.166667	57.400000
E_11-12	ARO:3005824	OXA-603	56	48.805357	43.971429	57.400000
E_11-12	ARO:3005825	OXA-604	66	48.334848	43.362121	57.400000
E_11-12	ARO:3005826	OXA-605	8	42.762500	40.887500	44.700000
E_11-12	ARO:3005828	OXA-607	59	49.203390	43.759322	57.400000
E_11-12	ARO:3005829	OXA-608	1	34.000000	42.000000	42.000000
E_11-12	ARO:3005832	OXA-611	3	53.300000	39.133333	40.000000
E_11-12	ARO:3005833	OXA-612	1	42.200000	40.000000	40.000000
E_11-12	ARO:3005834	OXA-613	31	44.500000	43.758065	59.300000
E_11-12	ARO:3005835	OXA-614	30	44.723333	43.906667	59.300000
E_11-12	ARO:3005836	OXA-615	31	45.403226	44.122581	59.300000
E_11-12	ARO:3005837	OXA-616	31	46.867742	42.032258	54.300000
E_11-12	ARO:3005838	OXA-617	32	52.490625	46.178125	56.600000
E_11-12	ARO:3005839	OXA-618	34	54.614706	48.632353	58.200000
E_11-12	ARO:3005840	OXA-619	29	53.020690	46.579310	56.600000
E_11-12	ARO:3005841	OXA-620	30	47.000000	41.573333	46.200000
E_11-12	ARO:3005842	OXA-621	41	39.900000	40.412195	47.800000
E_11-12	ARO:3005843	OXA-622	45	43.291111	40.222222	46.200000
E_11-12	ARO:3005844	OXA-623	27	45.074074	43.466667	58.900000
E_11-12	ARO:3005845	OXA-624	46	43.513043	40.410870	48.900000
E_11-12	ARO:3005846	OXA-625	33	49.912121	46.693939	58.900000
E_11-12	ARO:3005847	OXA-626	29	49.520690	47.203448	58.900000
E_11-12	ARO:3005848	OXA-627	27	52.625926	47.955556	56.200000
E_11-12	ARO:3005849	OXA-628	18	49.650000	45.744444	54.300000
E_11-12	ARO:3005850	OXA-629	28	52.175000	48.457143	58.900000
E_11-12	ARO:3005851	OXA-630	28	51.985714	48.925000	59.300000
E_11-12	ARO:3005852	OXA-631	27	52.029630	48.477778	58.900000
E_11-12	ARO:3005853	OXA-632	20	51.440000	48.795000	58.900000
E_11-12	ARO:3005854	OXA-633	31	49.109677	46.483871	59.300000
E_11-12	ARO:3005855	OXA-634	20	52.045000	49.260000	58.900000
E_11-12	ARO:3005856	OXA-635	21	45.747619	43.880952	54.300000
E_11-12	ARO:3005857	OXA-636	22	45.840909	43.686364	54.300000
E_11-12	ARO:3005858	OXA-637	36	45.097222	44.325000	59.300000
E_11-12	ARO:3005859	OXA-638	35	46.834286	41.980000	54.300000
E_11-12	ARO:3005860	OXA-639	27	49.359259	43.455556	59.300000
E_11-12	ARO:3005861	OXA-640	22	45.450000	43.731818	59.300000
E_11-12	ARO:3005862	OXA-642	17	72.264706	74.752941	80.900000
E_11-12	ARO:3005863	OXA-643	803	93.192403	89.351681	114.000000
E_11-12	ARO:3005864	OXA-644	816	93.888480	89.552574	113.000000
E_11-12	ARO:3005865	OXA-645	841	92.356599	87.848276	113.000000
E_11-12	ARO:3005866	OXA-650	844	92.302370	88.402014	110.000000
E_11-12	ARO:3005867	OXA-651	851	92.560047	88.429612	114.000000
E_11-12	ARO:3005868	OXA-652	840	93.036190	88.897857	113.000000
E_11-12	ARO:3005869	OXA-654	14	64.685714	72.371429	84.700000
E_11-12	ARO:3005870	OXA-655	1103	86.828377	83.786129	111.000000
E_11-12	ARO:3005871	OXA-656	1303	87.537375	85.525019	111.000000
E_11-12	ARO:3005872	OXA-657	14	52.264286	56.007143	96.700000
E_11-12	ARO:3005873	OXA-658	29	49.600000	47.362069	58.900000
E_11-12	ARO:3005874	OXA-659	3	44.766667	40.933333	43.100000
E_11-12	ARO:3005875	OXA-660	65	49.524615	43.789231	66.600000
E_11-12	ARO:3005876	OXA-661	66	70.340909	77.337879	99.800000
E_11-12	ARO:3005877	OXA-662	786	91.440967	86.802417	114.000000
E_11-12	ARO:3005878	OXA-666	32	66.550000	57.406250	94.000000
E_11-12	ARO:3005879	OXA-667	210	76.910952	80.664286	99.000000
E_11-12	ARO:3005880	OXA-669	91	71.789011	74.878022	96.700000
E_11-12	ARO:3005881	OXA-670	15	59.433333	61.613333	100.000000
E_11-12	ARO:3005882	OXA-674	77	63.932468	66.096104	108.000000
E_11-12	ARO:3005883	OXA-675	519	82.620809	80.425241	112.000000
E_11-12	ARO:3005884	OXA-676	338	76.840828	73.181065	111.000000
E_11-12	ARO:3005885	OXA-677	1113	91.351842	86.478167	111.000000
E_11-12	ARO:3005886	OXA-678	9	65.244444	62.777778	93.200000
E_11-12	ARO:3005887	OXA-679	210	65.740952	65.059524	94.400000
E_11-12	ARO:3005890	OXA-683	52	65.276923	58.146154	82.000000
E_11-12	ARO:3005891	OXA-684	40	67.135000	57.865000	82.000000
E_11-12	ARO:3005892	OXA-685	1	81.600000	92.400000	92.400000
E_11-12	ARO:3005893	OXA-686	13	52.061538	55.530769	76.600000
E_11-12	ARO:3005894	OXA-687	2	71.400000	76.450000	76.600000
E_11-12	ARO:3005897	OXA-690	2	46.450000	42.700000	45.400000
E_11-12	ARO:3005898	OXA-691	8	78.762500	84.712500	90.500000
E_11-12	ARO:3005904	OXA-697	40	67.135000	57.865000	82.000000
E_11-12	ARO:3005906	OXA-699	1	42.900000	39.700000	39.700000
E_11-12	ARO:3005907	OXA-700	5	64.120000	67.060000	87.000000
E_11-12	ARO:3005910	OXA-703	2	41.700000	43.500000	43.500000
E_11-12	ARO:3005911	OXA-704	3	76.366667	86.533333	90.100000
E_11-12	ARO:3005918	OXA-711	2	85.600000	89.750000	90.900000
E_11-12	ARO:3005921	OXA-714	1	81.600000	92.400000	92.400000
E_11-12	ARO:3005924	OXA-717	2	71.400000	76.450000	76.600000
E_11-12	ARO:3005931	OXA-726	559	73.202683	77.020215	116.000000
E_11-12	ARO:3005932	OXA-727	173	75.619075	74.474566	101.000000
E_11-12	ARO:3005933	OXA-728	258	77.012016	79.350775	105.000000
E_11-12	ARO:3005934	OXA-729	222	47.856306	49.919820	71.200000
E_11-12	ARO:3005935	OXA-730	189	66.079894	65.076720	94.400000
E_11-12	ARO:3005936	OXA-731	407	50.840541	52.848649	105.000000
E_11-12	ARO:3005937	OXA-732	1041	56.860327	60.707589	115.000000
E_11-12	ARO:3005940	OXA-735	7	54.385714	59.585714	73.600000
E_11-12	ARO:3005941	OXA-736	282	83.666667	81.035461	111.000000
E_11-12	ARO:3005943	OXA-739	6	53.733333	57.783333	60.500000
E_11-12	ARO:3005945	OXA-741	34	67.488235	56.444118	72.400000
E_11-12	ARO:3005949	OXA-745	2	71.400000	76.450000	76.600000
E_11-12	ARO:3005953	OXA-749	2	78.950000	84.950000	86.300000
E_11-12	ARO:3005957	OXA-753	1	72.000000	73.600000	73.600000
E_11-12	ARO:3005959	OXA-755	38	70.257895	72.505263	90.500000
E_11-12	ARO:3005962	OXA-758	5	64.120000	67.060000	87.000000
E_11-12	ARO:3005963	OXA-759	6	55.900000	52.816667	67.400000
E_11-12	ARO:3005968	OXA-764	14	76.928571	84.671429	92.000000
E_11-12	ARO:3005970	OXA-766	17	71.188235	83.300000	85.500000
E_11-12	ARO:3005971	OXA-767	3	79.066667	82.766667	87.000000
E_11-12	ARO:3005979	OXA-775	3	47.533333	41.600000	43.500000
E_11-12	ARO:3005980	OXA-776	1	81.600000	92.400000	92.400000
E_11-12	ARO:3005981	OXA-777	11	52.727273	58.081818	80.100000
E_11-12	ARO:3005982	OXA-778	98	76.114286	78.901020	93.200000
E_11-12	ARO:3005983	OXA-780	546	84.565385	83.915385	115.000000
E_11-12	ARO:3005984	OXA-781	34	67.488235	56.444118	72.400000
E_11-12	ARO:3005986	OXA-783	17	41.905882	41.852941	54.300000
E_11-12	ARO:3005987	OXA-784	33	45.909091	41.324242	42.400000
E_11-12	ARO:3005988	OXA-785	26	50.069231	46.800000	58.900000
E_11-12	ARO:3005989	OXA-786	60	49.235000	43.691667	57.400000
E_11-12	ARO:3005990	OXA-787	104	48.877885	49.330769	75.900000
E_11-12	ARO:3005991	OXA-788	899	52.688209	54.591769	84.700000
E_11-12	ARO:3005992	OXA-789	102	49.009804	49.514706	75.900000
E_11-12	ARO:3005993	OXA-793	446	53.185874	53.340359	104.000000
E_11-12	ARO:3005994	OXA-794	1020	95.133431	90.179020	111.000000
E_11-12	ARO:3005995	OXA-795	1142	91.585289	86.259107	111.000000
E_11-12	ARO:3005996	OXA-796	524	82.953817	80.968321	112.000000
E_11-12	ARO:3005997	OXA-797	1	55.900000	40.800000	40.800000
E_11-12	ARO:3005998	OXA-798	41	65.697561	57.319512	82.000000
E_11-12	ARO:3006000	OXA-800	32	68.387500	57.578125	72.400000
E_11-12	ARO:3006001	OXA-801	8	78.475000	81.900000	95.100000
E_11-12	ARO:3006002	OXA-802	14	61.264286	66.057143	95.100000
E_11-12	ARO:3006003	OXA-803	93	76.323656	79.835484	93.200000
E_11-12	ARO:3006004	OXA-804	19	75.421053	77.384211	86.700000
E_11-12	ARO:3006005	OXA-805	20	74.795000	77.655000	94.700000
E_11-12	ARO:3006006	OXA-806	33	55.154545	52.390909	96.700000
E_11-12	ARO:3006007	OXA-807	31	51.932258	51.929032	96.700000
E_11-12	ARO:3006008	OXA-808	30	50.606667	50.436667	57.400000
E_11-12	ARO:3006009	OXA-809	24	45.225000	48.854167	60.100000
E_11-12	ARO:3006010	OXA-810	6	50.383333	46.316667	60.100000
E_11-12	ARO:3006011	OXA-811	31	53.303226	49.932258	60.100000
E_11-12	ARO:3006012	OXA-813	1	57.100000	60.100000	60.100000
E_11-12	ARO:3006013	OXA-814	30	50.606667	50.436667	57.400000
E_11-12	ARO:3006014	OXA-815	23	44.130435	47.847826	55.500000
E_11-12	ARO:3006015	OXA-816	23	44.708696	48.365217	55.100000
E_11-12	ARO:3006016	OXA-817	44	53.688636	57.236364	82.400000
E_11-12	ARO:3006017	OXA-819	6	68.250000	68.550000	93.200000
E_11-12	ARO:3006018	OXA-820	148	73.501351	74.186486	92.400000
E_11-12	ARO:3006019	OXA-821	111	74.842342	78.664865	93.200000
E_11-12	ARO:3006020	OXA-822	23	81.960870	84.886957	93.200000
E_11-12	ARO:3006021	OXA-823	1087	92.883993	88.449218	111.000000
E_11-12	ARO:3006022	OXA-824	1018	95.245285	90.168271	111.000000
E_11-12	ARO:3006023	OXA-826	81	75.786420	79.423457	89.700000
E_11-12	ARO:3006024	OXA-827	1176	90.318282	87.929677	111.000000
E_11-12	ARO:3006026	OXA-829	15	62.820000	69.626667	84.700000
E_11-12	ARO:3006027	OXA-830	230	64.127826	68.042609	101.000000
E_11-12	ARO:3006029	OXA-832	18	63.105556	68.344444	82.000000
E_11-12	ARO:3006030	OXA-833	63	55.750794	57.138095	105.000000
E_11-12	ARO:3006031	OXA-834	2	55.100000	57.000000	72.800000
E_11-12	ARO:3006032	OXA-836	296	90.437162	90.988851	107.000000
E_11-12	ARO:3006033	OXA-839	26	48.469231	46.192308	59.700000
E_11-12	ARO:3006034	OXA-840	76	76.186842	79.606579	93.200000
E_11-12	ARO:3006035	OXA-841	10	63.680000	61.250000	87.800000
E_11-12	ARO:3006036	OXA-842	13	62.192308	62.861538	93.200000
E_11-12	ARO:3006037	OXA-843	9	67.277778	65.822222	93.200000
E_11-12	ARO:3006038	OXA-844	30	77.536667	82.903333	90.100000
E_11-12	ARO:3006039	OXA-845	12	51.133333	54.708333	70.500000
E_11-12	ARO:3006040	OXA-847	131	55.279389	56.435878	112.000000
E_11-12	ARO:3006041	OXA-848	106	59.010377	60.628302	112.000000
E_11-12	ARO:3006042	OXA-849	62	55.930645	58.514516	112.000000
E_11-12	ARO:3006043	OXA-851	62	57.088710	59.606452	112.000000
E_11-12	ARO:3006044	OXA-852	17	71.188235	83.300000	85.500000
E_11-12	ARO:3006045	OXA-853	1	81.600000	92.400000	92.400000
E_11-12	ARO:3006046	OXA-854	1	81.600000	92.400000	92.400000
E_11-12	ARO:3006051	OXA-859	1	72.000000	73.600000	73.600000
E_11-12	ARO:3006060	OXA-868	1	81.600000	92.400000	92.400000
E_11-12	ARO:3006063	OXA-871	2	51.600000	56.200000	61.600000
E_11-12	ARO:3006066	OXA-874	1	52.400000	45.400000	45.400000
E_11-12	ARO:3006070	OXA-878	32	68.387500	57.578125	72.400000
E_11-12	ARO:3006072	OXA-880	2	71.400000	76.450000	76.600000
E_11-12	ARO:3006075	OXA-883	3	58.733333	58.000000	69.300000
E_11-12	ARO:3006077	OXA-885	14	73.135714	79.000000	90.500000
E_11-12	ARO:3006080	OXA-888	17	71.435294	80.894118	87.000000
E_11-12	ARO:3006082	OXA-890	2	71.400000	76.450000	76.600000
E_11-12	ARO:3006086	OXA-894	107	49.172897	50.770093	110.000000
E_11-12	ARO:3006087	OXA-896	207	60.727536	62.769565	112.000000
E_11-12	ARO:3006088	OXA-900	513	49.466667	50.607992	80.100000
E_11-12	ARO:3006089	OXA-901	48	59.829167	62.110417	112.000000
E_11-12	ARO:3006090	OXA-902	53	57.796226	59.622642	69.300000
E_11-12	ARO:3006091	OXA-903	85	57.312941	58.307059	112.000000
E_11-12	ARO:3006092	OXA-904	129	56.521705	58.342636	112.000000
E_11-12	ARO:3006093	OXA-905	93	53.325806	55.863441	112.000000
E_11-12	ARO:3006094	OXA-907	49	58.387755	60.697959	112.000000
E_11-12	ARO:3006095	OXA-908	151	52.980132	55.656291	112.000000
E_11-12	ARO:3006096	OXA-909	1	81.600000	92.400000	92.400000
E_11-12	ARO:3006097	OXA-910	3	47.533333	41.600000	43.500000
E_11-12	ARO:3006098	OXA-911	5	40.500000	50.840000	52.400000
E_11-12	ARO:3006099	OXA-912	541	71.484473	75.204991	115.000000
E_11-12	ARO:3006100	OXA-913	32	61.353125	64.490625	112.000000
E_11-12	ARO:3006101	OXA-914	110	53.079091	56.925455	112.000000
E_11-12	ARO:3006103	OXA-917	558	80.262007	82.635305	115.000000
E_11-12	ARO:3006104	OXA-918	148	53.579730	53.829054	110.000000
E_11-12	ARO:3006105	OXA-919	165	53.340000	55.780606	79.700000
E_11-12	ARO:3006106	OXA-920	105	49.751429	52.794286	67.800000
E_11-12	ARO:3006107	OXA-921	517	82.835203	80.610251	109.000000
E_11-12	ARO:3006108	OXA-922	121	53.863636	55.057025	106.000000
E_11-12	ARO:3006109	OXA-923	59	57.866102	58.994915	110.000000
E_11-12	ARO:3006110	OXA-924	95	50.750526	52.395789	106.000000
E_11-12	ARO:3006111	OXA-925	61	50.437705	50.350820	74.700000
E_11-12	ARO:3006113	OXA-928	1384	85.422182	80.953251	109.000000
E_11-12	ARO:3006114	OXA-929	901	53.010655	55.016426	104.000000
E_11-12	ARO:3006115	OXA-932	337	84.016914	82.652226	111.000000
E_11-12	ARO:3006116	OXA-935	962	95.662786	90.488565	111.000000
E_11-12	ARO:3006117	OXA-937	36	60.255556	65.169444	112.000000
E_11-12	ARO:3006118	OXA-938	9	50.600000	43.166667	45.400000
E_11-12	ARO:3006121	OXA-941	111	72.763063	73.982883	89.700000
E_11-12	ARO:3006122	OXA-942	10	69.700000	73.770000	77.800000
E_11-12	ARO:3006123	OXA-943	89	75.975281	79.766292	89.700000
E_11-12	ARO:3006124	OXA-945	92	65.396739	69.055435	102.000000
E_11-12	ARO:3006125	OXA-946	208	65.819712	65.138942	94.400000
E_11-12	ARO:3006126	OXA-947	108	64.440741	62.512963	94.400000
E_11-12	ARO:3006127	OXA-948	213	65.519249	64.111737	94.400000
E_11-12	ARO:3006128	OXA-949	145	63.698621	61.994483	94.400000
E_11-12	ARO:3006129	OXY-2-14	68	58.289706	62.422059	79.000000
E_11-12	ARO:3006130	OXY-2-15	48	52.060417	53.814583	76.300000
E_11-12	ARO:3006131	PER-10	226	64.539823	63.160619	106.000000
E_11-12	ARO:3006132	PER-11	223	64.980269	64.341704	106.000000
E_11-12	ARO:3006133	PER-12	209	64.266507	62.731100	106.000000
E_11-12	ARO:3006134	PER-13	198	67.014646	65.536869	106.000000
E_11-12	ARO:3006135	PER-14	172	62.160465	62.949419	105.000000
E_11-12	ARO:3006136	PER-15	156	72.485256	68.135256	106.000000
E_11-12	ARO:3006137	PER-16	196	65.351020	63.437245	106.000000
E_11-12	ARO:3006138	PER-9	197	67.094416	65.265990	106.000000
E_11-12	ARO:3006141	OKP-A-17	41	59.724390	60.541463	95.900000
E_11-12	ARO:3006142	OKP-B-16	10	62.880000	62.110000	95.500000
E_11-12	ARO:3006143	OKP-B-21	19	63.400000	63.352632	79.300000
E_11-12	ARO:3006144	OKP-B-22	3	73.133333	77.766667	79.300000
E_11-12	ARO:3006145	OKP-B-23	10	57.670000	56.370000	74.700000
E_11-12	ARO:3006146	OKP-B-24	15	57.460000	56.040000	74.700000
E_11-12	ARO:3006147	OKP-B-34	29	59.762069	59.289655	79.700000
E_11-12	ARO:3006148	OKP-B-36	8	57.862500	57.275000	74.700000
E_11-12	ARO:3006149	OKP-B-40	28	60.000000	59.496429	79.700000
E_11-12	ARO:3006150	OKP-B-41	8	57.862500	57.275000	74.700000
E_11-12	ARO:3006151	OKP-B-45	25	61.112000	60.368000	79.700000
E_11-12	ARO:3006152	OKP-C-1	47	56.172340	56.372340	82.000000
E_11-12	ARO:3006153	OKP-D-1	117	60.680342	61.817094	82.400000
E_11-12	ARO:3006154	BEL-4	136	56.287500	56.145588	73.200000
E_11-12	ARO:3006155	CME-2	536	58.717351	60.420336	89.000000
E_11-12	ARO:3006156	GES-27	990	99.567172	95.308384	113.000000
E_11-12	ARO:3006157	GES-28	966	99.523499	95.469255	113.000000
E_11-12	ARO:3006158	GES-29	922	99.516920	95.129826	113.000000
E_11-12	ARO:3006159	GES-30	908	98.024670	95.765088	113.000000
E_11-12	ARO:3006160	GES-31	403	99.608437	101.025310	113.000000
E_11-12	ARO:3006161	GES-32	94	81.528723	81.114894	106.000000
E_11-12	ARO:3006162	GES-33	606	96.095545	94.020627	107.000000
E_11-12	ARO:3006163	GES-34	529	97.662760	97.354820	113.000000
E_11-12	ARO:3006164	GES-35	557	93.632316	94.424596	108.000000
E_11-12	ARO:3006165	GES-36	325	98.876000	99.535692	108.000000
E_11-12	ARO:3006166	GES-37	297	99.098316	99.841751	108.000000
E_11-12	ARO:3006167	GES-38	77	97.311688	98.179221	106.000000
E_11-12	ARO:3006168	GES-39	255	91.428235	90.869804	104.000000
E_11-12	ARO:3006169	GES-40	297	94.681818	95.024579	108.000000
E_11-12	ARO:3006170	GES-41	186	86.746237	87.041398	104.000000
E_11-12	ARO:3006172	GES-43	46	96.584783	97.743478	108.000000
E_11-12	ARO:3006173	GES-44	61	98.980328	100.819672	107.000000
E_11-12	ARO:3006174	GES-45	69	89.113043	90.562319	106.000000
E_11-12	ARO:3006175	GES-46	76	89.143421	91.571053	105.000000
E_11-12	ARO:3006176	IMI-12	69	46.555072	47.108696	67.400000
E_11-12	ARO:3006177	IMI-13	106	51.855660	52.488679	75.900000
E_11-12	ARO:3006178	IMI-14	66	46.022727	46.895455	67.400000
E_11-12	ARO:3006179	IMI-15	63	46.374603	46.890476	67.400000
E_11-12	ARO:3006180	IMI-16	49	53.436735	55.706122	74.300000
E_11-12	ARO:3006181	IMI-17	57	49.056140	52.331579	68.600000
E_11-12	ARO:3006182	IMI-18	40	49.992500	52.452500	67.800000
E_11-12	ARO:3006183	IMI-19	29	49.375862	54.034483	67.800000
E_11-12	ARO:3006184	IMI-20	66	45.160606	46.104545	67.000000
E_11-12	ARO:3006185	IMI-21	103	51.903883	52.332039	75.900000
E_11-12	ARO:3006188	KPC-59	3	42.466667	43.600000	45.400000
E_11-12	ARO:3006189	KPC-60	1	51.200000	43.500000	43.500000
E_11-12	ARO:3006192	KPC-63	26	66.896154	50.223077	59.300000
E_11-12	ARO:3006195	KPC-66	72	65.147222	65.723611	109.000000
E_11-12	ARO:3006197	KPC-72	6	48.683333	47.300000	55.500000
E_11-12	ARO:3006198	KPC-73	1	40.400000	48.100000	48.100000
E_11-12	ARO:3006199	KPC-74	99	65.358586	65.340404	105.000000
E_11-12	ARO:3006206	KPC-81	49	68.671429	68.310204	109.000000
E_11-12	ARO:3006208	VEB-11	2385	88.721635	85.765535	113.000000
E_11-12	ARO:3006209	VEB-12	1938	88.389577	86.613364	111.000000
E_11-12	ARO:3006210	VEB-13	2225	89.759101	85.496674	111.000000
E_11-12	ARO:3006211	VEB-14	2375	87.557726	83.701095	111.000000
E_11-12	ARO:3006212	VEB-15	1955	91.393350	88.823171	113.000000
E_11-12	ARO:3006213	VEB-17	1559	91.377101	89.493842	113.000000
E_11-12	ARO:3006214	VEB-19	2405	89.470353	88.068358	113.000000
E_11-12	ARO:3006215	VEB-20	2089	91.893442	87.865294	113.000000
E_11-12	ARO:3006216	VEB-21	1914	90.328004	88.902612	113.000000
E_11-12	ARO:3006217	VEB-22	2389	93.437673	90.329468	113.000000
E_11-12	ARO:3006218	VEB-23	2114	93.494560	92.475355	113.000000
E_11-12	ARO:3006219	VEB-24	1024	86.726074	83.745117	113.000000
E_11-12	ARO:3006220	VEB-25	1948	93.746817	90.314168	113.000000
E_11-12	ARO:3006221	VEB-26	1960	93.499235	88.917602	107.000000
E_11-12	ARO:3006222	VEB-27	1406	90.735206	85.820768	113.000000
E_11-12	ARO:3006223	BKC-2	216	52.656481	48.343056	72.400000
E_11-12	ARO:3006224	CepA-29	1225	54.567592	52.479429	109.000000
E_11-12	ARO:3006225	CepA-44	1256	53.869347	52.854061	112.000000
E_11-12	ARO:3006226	CepA-49	1259	54.046465	53.058856	112.000000
E_11-12	ARO:3006227	FRI-10	150	48.598000	47.787333	63.500000
E_11-12	ARO:3006228	ACC-1a	297	54.754209	55.802357	77.800000
E_11-12	ARO:3006229	ACC-1b	295	54.809831	55.831864	77.800000
E_11-12	ARO:3006230	ACC-1c	293	54.720819	55.810922	77.800000
E_11-12	ARO:3006231	ACC-1d	260	55.137308	55.120000	77.800000
E_11-12	ARO:3006232	ACC-7	287	55.049129	55.799303	77.800000
E_11-12	ARO:3006233	ACC-8	302	54.762252	55.837417	77.800000
E_11-12	ARO:3006234	ACT-39	14	50.171429	51.214286	103.000000
E_11-12	ARO:3006235	ACT-40	155	49.371613	45.703871	109.000000
E_11-12	ARO:3006236	ACT-41	20	59.960000	63.285000	109.000000
E_11-12	ARO:3006237	ACT-42	156	48.901282	45.235256	103.000000
E_11-12	ARO:3006238	ACT-43	29	59.658621	60.672414	103.000000
E_11-12	ARO:3006239	ACT-44	34	65.691176	61.708824	109.000000
E_11-12	ARO:3006240	ACT-45	5	74.340000	76.180000	109.000000
E_11-12	ARO:3006241	ACT-46	54	50.335185	47.805556	109.000000
E_11-12	ARO:3006242	ACT-47	18	57.422222	61.461111	103.000000
E_11-12	ARO:3006243	ACT-48	59	73.520339	75.211864	111.000000
E_11-12	ARO:3006244	ACT-49	27	81.851852	85.448148	110.000000
E_11-12	ARO:3006245	ACT-50	10	71.760000	74.390000	108.000000
E_11-12	ARO:3006246	ACT-51	45	86.866667	83.331111	110.000000
E_11-12	ARO:3006247	ACT-52	49	85.522449	80.493878	112.000000
E_11-12	ARO:3006248	ACT-53	27	65.085185	65.892593	111.000000
E_11-12	ARO:3006249	ACT-54	51	72.009804	68.672549	103.000000
E_11-12	ARO:3006250	ACT-55	4	74.325000	80.550000	104.000000
E_11-12	ARO:3006251	ACT-56	24	63.366667	64.666667	109.000000
E_11-12	ARO:3006252	ACT-57	32	93.915625	92.231250	108.000000
E_11-12	ARO:3006253	ACT-58	27	85.303704	90.625926	108.000000
E_11-12	ARO:3006254	ACT-59	34	51.723529	50.514706	103.000000
E_11-12	ARO:3006255	ACT-60	4	60.525000	64.725000	103.000000
E_11-12	ARO:3006256	ACT-61	10	74.110000	81.220000	109.000000
E_11-12	ARO:3006257	ACT-62	17	82.100000	85.370588	112.000000
E_11-12	ARO:3006258	ACT-63	41	68.343902	67.536585	111.000000
E_11-12	ARO:3006259	ACT-64	44	85.329545	79.756818	108.000000
E_11-12	ARO:3006260	ACT-65	31	60.700000	60.435484	109.000000
E_11-12	ARO:3006261	ACT-66	42	59.990476	64.469048	103.000000
E_11-12	ARO:3006262	ACT-67	19	57.405263	60.978947	101.000000
E_11-12	ARO:3006263	ACT-68	45	84.324444	82.653333	111.000000
E_11-12	ARO:3006264	ACT-69	83	46.651807	45.474699	109.000000
E_11-12	ARO:3006265	ACT-70	22	63.659091	64.468182	103.000000
E_11-12	ARO:3006266	ACT-72	19	62.068421	63.215789	109.000000
E_11-12	ARO:3006267	ACT-73	20	64.755000	65.465000	109.000000
E_11-12	ARO:3006268	ACT-74	23	67.186957	68.656522	109.000000
E_11-12	ARO:3006269	ACT-75	50	46.912000	43.052000	99.800000
E_11-12	ARO:3006270	ACT-76	37	74.089189	77.456757	103.000000
E_11-12	ARO:3006271	ACT-77	49	77.346939	82.006122	103.000000
E_11-12	ARO:3006272	ACT-78	36	79.858333	84.627778	108.000000
E_11-12	ARO:3006273	ACT-79	51	48.507843	46.784314	102.000000
E_11-12	ARO:3006274	ACT-80	46	78.695652	83.982609	103.000000
E_11-12	ARO:3006275	ACT-81	14	66.507143	66.207143	99.000000
E_11-12	ARO:3006276	ACT-82	43	80.123256	85.693023	99.000000
E_11-12	ARO:3006277	ACT-83	96	46.064583	44.304167	102.000000
E_11-12	ARO:3006278	ACT-84	25	54.716000	55.328000	102.000000
E_11-12	ARO:3006279	ACT-87	37	85.937838	81.275676	110.000000
E_11-12	ARO:3006281	ADC-101	19	58.489474	58.357895	70.100000
E_11-12	ARO:3006282	ADC-102	195	57.627692	60.762051	71.600000
E_11-12	ARO:3006283	ADC-103	311	65.008360	68.685531	78.600000
E_11-12	ARO:3006284	ADC-104	427	64.225761	63.649649	84.700000
E_11-12	ARO:3006285	ADC-105	544	65.708088	70.849081	87.400000
E_11-12	ARO:3006286	ADC-106	533	65.384428	70.116135	87.400000
E_11-12	ARO:3006287	ADC-107	502	66.510558	71.859163	87.400000
E_11-12	ARO:3006288	ADC-109	131	67.010687	72.763359	77.800000
E_11-12	ARO:3006289	ADC-110	129	67.158140	72.875969	77.800000
E_11-12	ARO:3006290	ADC-112	73	65.965753	71.793151	77.800000
E_11-12	ARO:3006291	ADC-113	106	64.601887	68.495283	77.800000
E_11-12	ARO:3006293	ADC-115	43	66.913953	73.679070	77.800000
E_11-12	ARO:3006294	ADC-116	37	66.448649	73.394595	77.800000
E_11-12	ARO:3006296	ADC-119	80	59.813750	58.251250	72.000000
E_11-12	ARO:3006297	ADC-120	470	64.601915	67.225957	85.500000
E_11-12	ARO:3006298	ADC-121	218	63.790367	63.617431	74.700000
E_11-12	ARO:3006300	ADC-123	844	65.865403	68.645972	83.200000
E_11-12	ARO:3006301	ADC-125	112	64.269643	65.268750	86.700000
E_11-12	ARO:3006302	ADC-127	393	60.367176	62.348855	87.400000
E_11-12	ARO:3006303	ADC-128	390	59.884359	62.583846	87.400000
E_11-12	ARO:3006304	ADC-129	471	61.170488	63.754777	87.400000
E_11-12	ARO:3006305	ADC-130	328	62.999695	68.336890	85.500000
E_11-12	ARO:3006306	ADC-131	312	62.835897	68.245192	85.900000
E_11-12	ARO:3006307	ADC-132	298	67.382550	70.291611	86.700000
E_11-12	ARO:3006308	ADC-133	656	64.487500	67.587652	87.400000
E_11-12	ARO:3006309	ADC-134	476	63.177941	68.539076	87.400000
E_11-12	ARO:3006310	ADC-135	431	62.086311	67.032019	84.300000
E_11-12	ARO:3006311	ADC-136	365	63.737260	67.964932	83.200000
E_11-12	ARO:3006312	ADC-137	58	61.806897	65.367241	87.400000
E_11-12	ARO:3006313	ADC-138	82	62.329268	65.587805	87.400000
E_11-12	ARO:3006314	ADC-139	2	49.000000	58.900000	58.900000
E_11-12	ARO:3006315	ADC-140	18	55.461111	58.594444	62.000000
E_11-12	ARO:3006320	ADC-146	1	63.800000	65.900000	65.900000
E_11-12	ARO:3006322	ADC-148	603	64.709619	67.910779	85.500000
E_11-12	ARO:3006323	ADC-149	343	65.596793	71.913703	87.400000
E_11-12	ARO:3006324	ADC-150	492	65.958943	70.613415	86.300000
E_11-12	ARO:3006325	ADC-151	239	61.920502	65.965690	86.300000
E_11-12	ARO:3006326	ADC-152	82	62.867073	63.590244	86.700000
E_11-12	ARO:3006327	ADC-153	1	63.800000	65.900000	65.900000
E_11-12	ARO:3006328	ADC-154	106	62.435849	62.314151	77.000000
E_11-12	ARO:3006329	ADC-155	26	66.919231	66.411538	73.200000
E_11-12	ARO:3006330	ADC-156	115	60.409565	63.474783	86.700000
E_11-12	ARO:3006331	ADC-157	744	64.443280	67.508065	87.400000
E_11-12	ARO:3006332	ADC-158	341	66.153959	72.478886	87.400000
E_11-12	ARO:3006333	ADC-160	312	65.163141	73.900000	87.400000
E_11-12	ARO:3006334	ADC-162	88	67.534091	73.392045	77.800000
E_11-12	ARO:3006337	ADC-165	135	65.290370	65.871111	74.700000
E_11-12	ARO:3006338	ADC-166	173	66.804046	63.208092	80.500000
E_11-12	ARO:3006339	ADC-167	255	65.969020	67.765882	84.300000
E_11-12	ARO:3006340	ADC-168	12	47.758333	51.441667	74.700000
E_11-12	ARO:3006341	ADC-169	215	64.507907	64.928837	77.000000
E_11-12	ARO:3006342	ADC-170	169	64.304734	65.409467	86.700000
E_11-12	ARO:3006343	ADC-171	18	55.461111	58.594444	62.000000
E_11-12	ARO:3006344	ADC-172	3	43.166667	44.933333	47.000000
E_11-12	ARO:3006346	ADC-174	17	66.929412	68.500000	74.700000
E_11-12	ARO:3006347	ADC-175	118	64.474576	61.277966	82.000000
E_11-12	ARO:3006351	ADC-179	55	63.418182	64.047273	73.200000
E_11-12	ARO:3006352	ADC-180	86	61.176744	64.427907	83.600000
E_11-12	ARO:3006353	ADC-184	117	63.591453	66.069231	86.700000
E_11-12	ARO:3006354	ADC-185	22	57.222727	59.863636	67.800000
E_11-12	ARO:3006355	ADC-186	1	48.800000	49.300000	49.300000
E_11-12	ARO:3006356	ADC-187	54	62.592593	53.422222	86.700000
E_11-12	ARO:3006357	ADC-188	208	66.560577	67.606731	77.800000
E_11-12	ARO:3006358	ADC-189	91	64.923077	61.447253	84.300000
E_11-12	ARO:3006359	ADC-190	128	64.782031	62.126563	82.000000
E_11-12	ARO:3006360	ADC-191	280	64.366071	65.843214	80.100000
E_11-12	ARO:3006361	ADC-192	287	66.224390	74.793380	87.400000
E_11-12	ARO:3006362	ADC-193	454	63.256167	68.422467	84.000000
E_11-12	ARO:3006363	ADC-194	425	61.272471	64.838824	88.200000
E_11-12	ARO:3006364	ADC-195	31	63.380645	68.100000	86.700000
E_11-12	ARO:3006365	ADC-196	4	58.900000	61.725000	76.300000
E_11-12	ARO:3006366	ADC-197	1	57.100000	62.000000	62.000000
E_11-12	ARO:3006370	ADC-201	611	67.051391	74.590671	88.600000
E_11-12	ARO:3006371	ADC-202	327	61.636086	65.318960	80.100000
E_11-12	ARO:3006372	ADC-203	3	56.833333	62.366667	69.700000
E_11-12	ARO:3006373	ADC-204	2	43.450000	45.050000	46.200000
E_11-12	ARO:3006374	ADC-205	236	58.244915	60.165254	86.300000
E_11-12	ARO:3006375	ADC-206	548	66.491971	71.376642	86.300000
E_11-12	ARO:3006376	ADC-207	799	65.489111	70.018773	86.300000
E_11-12	ARO:3006377	ADC-208	93	57.097849	60.265591	72.400000
E_11-12	ARO:3006378	ADC-209	514	62.470428	64.209922	82.000000
E_11-12	ARO:3006379	ADC-210	519	66.561079	74.591329	88.600000
E_11-12	ARO:3006380	ADC-211	19	56.084211	59.484211	75.500000
E_11-12	ARO:3006383	ADC-214	67	62.001493	61.341791	86.700000
E_11-12	ARO:3006384	ADC-215	60	62.565000	61.481667	77.000000
E_11-12	ARO:3006385	ADC-216	601	67.636106	72.036273	89.000000
E_11-12	ARO:3006390	ADC-221	466	66.213305	68.237768	86.300000
E_11-12	ARO:3006391	ADC-222	9	62.911111	67.211111	81.600000
E_11-12	ARO:3006392	ADC-223	311	65.549518	66.771383	84.700000
E_11-12	ARO:3006398	ADC-229	1	48.900000	53.500000	53.500000
E_11-12	ARO:3006399	ADC-230	57	63.091228	61.556140	77.000000
E_11-12	ARO:3006403	ADC-234	345	61.115072	61.728406	86.700000
E_11-12	ARO:3006404	ADC-235	21	59.142857	60.200000	70.500000
E_11-12	ARO:3006405	ADC-236	40	61.510000	57.167500	77.800000
E_11-12	ARO:3006406	ADC-237	367	63.483106	63.802180	78.600000
E_11-12	ARO:3006408	ADC-239	310	63.098710	68.688065	85.500000
E_11-12	ARO:3006409	ADC-24	459	65.430065	69.225490	86.300000
E_11-12	ARO:3006410	ADC-240	32	62.878125	51.362500	59.700000
E_11-12	ARO:3006411	ADC-241	1	56.900000	57.800000	57.800000
E_11-12	ARO:3006413	ADC-243	50	67.318000	70.972000	79.700000
E_11-12	ARO:3006414	ADC-244	4	58.900000	61.725000	76.300000
E_11-12	ARO:3006415	ADC-245	388	64.924227	68.025000	86.300000
E_11-12	ARO:3006416	ADC-246	64	65.081250	65.542188	73.900000
E_11-12	ARO:3006417	ADC-247	43	65.053488	68.076744	74.300000
E_11-12	ARO:3006418	ADC-248	121	68.314876	64.857851	80.500000
E_11-12	ARO:3006419	ADC-249	137	68.018248	65.251825	80.500000
E_11-12	ARO:3006421	ADC-251	204	64.606863	65.139706	79.300000
E_11-12	ARO:3006422	ADC-252	257	64.610117	65.679377	85.100000
E_11-12	ARO:3006423	ADC-253	229	58.481659	61.372052	76.600000
E_11-12	ARO:3006424	ADC-254	396	63.150253	64.019192	73.900000
E_11-12	ARO:3006425	ADC-255	248	61.250403	65.927419	85.500000
E_11-12	ARO:3006426	ADC-256	3	54.333333	59.433333	74.700000
E_11-12	ARO:3006428	ADC-32	50	67.318000	70.972000	79.700000
E_11-12	ARO:3006431	ADC-51	2	43.450000	45.050000	46.200000
E_11-12	ARO:3006432	ADC-52	50	64.856000	68.670000	75.900000
E_11-12	ARO:3006433	ADC-53	9	55.988889	64.077778	74.700000
E_11-12	ARO:3006434	ADC-54	18	61.605556	59.533333	74.700000
E_11-12	ARO:3006436	ADC-63	5	64.780000	65.860000	67.800000
E_11-12	ARO:3006438	ADC-66	4	47.825000	45.850000	57.800000
E_11-12	ARO:3006439	ADC-70	250	63.119600	66.817200	80.100000
E_11-12	ARO:3006440	ADC-83	456	63.354386	63.859430	82.400000
E_11-12	ARO:3006441	ADC-84	983	63.721872	67.563276	85.500000
E_11-12	ARO:3006442	ADC-85	639	64.967293	70.180125	88.200000
E_11-12	ARO:3006443	ADC-86	532	65.782707	69.833083	86.300000
E_11-12	ARO:3006444	ADC-87	120	62.914167	69.299167	82.800000
E_11-12	ARO:3006445	ADC-88	259	65.336293	67.423938	84.300000
E_11-12	ARO:3006446	ADC-89	20	63.655000	48.700000	58.900000
E_11-12	ARO:3006447	ADC-90	18	55.150000	55.838889	60.800000
E_11-12	ARO:3006448	ADC-91	9	55.988889	64.077778	74.700000
E_11-12	ARO:3006449	ADC-92	84	58.769048	61.071429	74.700000
E_11-12	ARO:3006451	ADC-94	2	43.450000	45.050000	46.200000
E_11-12	ARO:3006453	ADC-96	1	67.300000	74.700000	74.700000
E_11-12	ARO:3006454	ADC-97	43	65.053488	68.076744	74.300000
E_11-12	ARO:3006455	ADC-98	16	60.418750	61.450000	65.100000
E_11-12	ARO:3006456	ADC-99	6	62.050000	63.416667	65.100000
E_11-12	ARO:3006457	CMY-137	28	78.003571	85.185714	103.000000
E_11-12	ARO:3006458	CMY-159	36	67.363889	73.538889	88.200000
E_11-12	ARO:3006459	CMY-167	18	91.961111	97.238889	108.000000
E_11-12	ARO:3006460	CMY-168	5	62.540000	67.080000	94.000000
E_11-12	ARO:3006461	CMY-169	110	80.157273	82.449091	110.000000
E_11-12	ARO:3006462	CMY-170	1	100.000000	105.000000	105.000000
E_11-12	ARO:3006464	CMY-8b	369	76.828726	76.600271	110.000000
E_11-12	ARO:3006465	DHA-24	143	75.243357	71.995804	111.000000
E_11-12	ARO:3006466	DHA-25	140	77.170714	73.765000	111.000000
E_11-12	ARO:3006467	DHA-26	122	80.555738	76.940164	111.000000
E_11-12	ARO:3006468	DHA-27	164	74.624390	73.091463	111.000000
E_11-12	ARO:3006469	DHA-28	130	70.935385	69.388462	110.000000
E_11-12	ARO:3006470	DHA-29	104	80.622115	79.911538	111.000000
E_11-12	ARO:3006471	FOX-13	177	71.936723	72.107345	109.000000
E_11-12	ARO:3006472	FOX-14	177	72.519774	72.277966	109.000000
E_11-12	ARO:3006473	FOX-15	146	77.260959	76.440411	108.000000
E_11-12	ARO:3006474	FOX-16	149	75.520134	74.829530	110.000000
E_11-12	ARO:3006475	FOX-17	134	75.879851	74.633582	111.000000
E_11-12	ARO:3006477	MOX-12	288	87.382639	85.265972	110.000000
E_11-12	ARO:3006478	MOX-13	268	87.657836	84.442537	110.000000
E_11-12	ARO:3006479	MOX-14	367	77.596458	77.015259	110.000000
E_11-12	ARO:3006480	PDC-100	6	59.500000	65.466667	84.000000
E_11-12	ARO:3006483	PDC-103	5	40.280000	37.940000	38.100000
E_11-12	ARO:3006486	PDC-108	3	55.400000	43.500000	44.300000
E_11-12	ARO:3006487	PDC-109	4	56.275000	59.525000	72.800000
E_11-12	ARO:3006491	PDC-113	7	46.485714	48.914286	62.000000
E_11-12	ARO:3006492	PDC-114	1	38.500000	38.100000	38.100000
E_11-12	ARO:3006501	PDC-125	95	54.326316	56.353684	70.500000
E_11-12	ARO:3006503	PDC-127	4	62.600000	65.000000	76.300000
E_11-12	ARO:3006504	PDC-128	22	53.877273	57.450000	63.500000
E_11-12	ARO:3006506	PDC-13	1	78.300000	40.800000	40.800000
E_11-12	ARO:3006507	PDC-130	85	53.168235	49.189412	67.800000
E_11-12	ARO:3006509	PDC-132	6	57.483333	52.183333	70.900000
E_11-12	ARO:3006510	PDC-133	12	53.808333	54.325000	69.700000
E_11-12	ARO:3006513	PDC-136	2	41.650000	43.900000	50.100000
E_11-12	ARO:3006514	PDC-137	7	55.657143	51.371429	72.800000
E_11-12	ARO:3006517	PDC-140	89	54.778652	56.914607	71.600000
E_11-12	ARO:3006518	PDC-141	85	52.484706	48.877647	67.800000
E_11-12	ARO:3006521	PDC-144	5	47.920000	51.380000	60.500000
E_11-12	ARO:3006525	PDC-148	13	49.823077	52.969231	62.000000
E_11-12	ARO:3006526	PDC-149	1	55.100000	62.000000	62.000000
E_11-12	ARO:3006529	PDC-151	95	54.608421	57.329474	71.600000
E_11-12	ARO:3006531	PDC-153	7	58.114286	60.371429	76.300000
E_11-12	ARO:3006532	PDC-154	7	53.357143	61.171429	69.300000
E_11-12	ARO:3006533	PDC-155	10	55.690000	56.330000	82.800000
E_11-12	ARO:3006535	PDC-157	1	55.100000	62.000000	62.000000
E_11-12	ARO:3006537	PDC-159	6	56.166667	56.666667	62.000000
E_11-12	ARO:3006539	PDC-160	88	53.860227	55.995455	70.500000
E_11-12	ARO:3006541	PDC-162	14	52.971429	56.157143	65.500000
E_11-12	ARO:3006543	PDC-164	1	38.500000	38.900000	38.900000
E_11-12	ARO:3006544	PDC-165	1	55.300000	60.500000	60.500000
E_11-12	ARO:3006545	PDC-166	4	42.400000	51.500000	57.800000
E_11-12	ARO:3006546	PDC-167	11	53.863636	54.681818	69.700000
E_11-12	ARO:3006547	PDC-168	1	46.900000	49.300000	49.300000
E_11-12	ARO:3006548	PDC-169	11	48.472727	53.127273	61.600000
E_11-12	ARO:3006549	PDC-17	12	59.558333	51.108333	64.300000
E_11-12	ARO:3006550	PDC-170	7	55.700000	55.114286	69.700000
E_11-12	ARO:3006554	PDC-175	22	53.877273	57.450000	63.500000
E_11-12	ARO:3006556	PDC-177	1	48.800000	49.700000	49.700000
E_11-12	ARO:3006557	PDC-178	1	46.900000	49.300000	49.300000
E_11-12	ARO:3006559	PDC-18	12	50.541667	51.833333	60.100000
E_11-12	ARO:3006560	PDC-180	4	45.325000	51.500000	68.900000
E_11-12	ARO:3006561	PDC-181	3	46.900000	48.533333	48.900000
E_11-12	ARO:3006562	PDC-182	1	55.100000	62.000000	62.000000
E_11-12	ARO:3006563	PDC-184	8	50.425000	52.962500	62.000000
E_11-12	ARO:3006565	PDC-186	2	31.900000	50.800000	50.800000
E_11-12	ARO:3006566	PDC-187	2	46.300000	53.950000	55.500000
E_11-12	ARO:3006567	PDC-188	7	55.657143	51.371429	72.800000
E_11-12	ARO:3006568	PDC-189	11	53.863636	54.681818	69.700000
E_11-12	ARO:3006569	PDC-190	5	57.880000	59.400000	76.300000
E_11-12	ARO:3006570	PDC-191	8	51.562500	55.537500	61.200000
E_11-12	ARO:3006571	PDC-192	2	43.700000	39.250000	40.400000
E_11-12	ARO:3006573	PDC-194	1	38.500000	38.100000	38.100000
E_11-12	ARO:3006574	PDC-195	2	66.200000	67.400000	71.600000
E_11-12	ARO:3006576	PDC-197	11	49.954545	54.690909	61.200000
E_11-12	ARO:3006579	PDC-20	1	55.100000	62.000000	62.000000
E_11-12	ARO:3006581	PDC-202	26	46.123077	43.703846	69.300000
E_11-12	ARO:3006583	PDC-204	1	46.900000	49.300000	49.300000
E_11-12	ARO:3006584	PDC-205	10	48.670000	51.150000	62.000000
E_11-12	ARO:3006587	PDC-209	1	38.500000	38.100000	38.100000
E_11-12	ARO:3006589	PDC-211	4	54.350000	56.050000	76.300000
E_11-12	ARO:3006590	PDC-213	7	53.057143	53.285714	70.100000
E_11-12	ARO:3006591	PDC-214	7	49.814286	55.614286	69.300000
E_11-12	ARO:3006593	PDC-216	9	53.933333	60.477778	65.500000
E_11-12	ARO:3006594	PDC-217	1	46.900000	49.300000	49.300000
E_11-12	ARO:3006597	PDC-21a	1	55.100000	62.000000	62.000000
E_11-12	ARO:3006598	PDC-21b	1	62.000000	68.900000	68.900000
E_11-12	ARO:3006601	PDC-221	1	38.500000	38.100000	38.100000
E_11-12	ARO:3006602	PDC-222	6	45.250000	40.350000	43.500000
E_11-12	ARO:3006603	PDC-223	37	62.070270	53.059459	72.400000
E_11-12	ARO:3006604	PDC-224	20	58.095000	53.060000	64.300000
E_11-12	ARO:3006605	PDC-226	3	40.600000	41.966667	50.100000
E_11-12	ARO:3006606	PDC-227	10	49.580000	53.210000	61.200000
E_11-12	ARO:3006607	PDC-228	16	49.893750	52.037500	61.200000
E_11-12	ARO:3006608	PDC-229	1	55.600000	55.100000	55.100000
E_11-12	ARO:3006609	PDC-230	1	55.600000	55.100000	55.100000
E_11-12	ARO:3006610	PDC-232	3	66.366667	51.466667	61.200000
E_11-12	ARO:3006612	PDC-234	1	35.300000	37.700000	37.700000
E_11-12	ARO:3006613	PDC-235	8	51.562500	55.537500	61.200000
E_11-12	ARO:3006614	PDC-236	4	41.800000	53.725000	57.800000
E_11-12	ARO:3006615	PDC-237	4	63.675000	52.375000	61.200000
E_11-12	ARO:3006616	PDC-238	10	46.770000	51.310000	61.600000
E_11-12	ARO:3006619	PDC-241	85	53.201176	49.769412	84.000000
E_11-12	ARO:3006620	PDC-242	2	46.350000	49.300000	60.500000
E_11-12	ARO:3006621	PDC-243	6	44.600000	39.900000	43.900000
E_11-12	ARO:3006622	PDC-244	14	54.964286	50.578571	68.900000
E_11-12	ARO:3006624	PDC-246	2	45.200000	49.850000	62.000000
E_11-12	ARO:3006625	PDC-247	35	50.691429	46.851429	67.800000
E_11-12	ARO:3006629	PDC-250	62	55.096774	55.256452	70.100000
E_11-12	ARO:3006630	PDC-251	6	56.166667	56.666667	62.000000
E_11-12	ARO:3006633	PDC-254	1	55.100000	62.000000	62.000000
E_11-12	ARO:3006635	PDC-259	22	53.286364	56.722727	67.800000
E_11-12	ARO:3006636	PDC-26	10	49.260000	52.020000	68.200000
E_11-12	ARO:3006638	PDC-261	1	55.100000	62.000000	62.000000
E_11-12	ARO:3006639	PDC-262	1	35.300000	37.700000	37.700000
E_11-12	ARO:3006640	PDC-263	76	52.525000	48.223684	67.800000
E_11-12	ARO:3006641	PDC-265	10	66.450000	58.130000	80.900000
E_11-12	ARO:3006645	PDC-270	4	50.150000	52.375000	68.200000
E_11-12	ARO:3006646	PDC-271	2	51.050000	39.050000	40.400000
E_11-12	ARO:3006647	PDC-273	1	38.500000	38.100000	38.100000
E_11-12	ARO:3006650	PDC-276	12	50.391667	56.191667	69.300000
E_11-12	ARO:3006651	PDC-277	10	54.760000	55.450000	69.700000
E_11-12	ARO:3006652	PDC-278	7	50.871429	53.357143	68.200000
E_11-12	ARO:3006653	PDC-279	9	50.833333	49.277778	57.400000
E_11-12	ARO:3006654	PDC-280	11	50.390909	42.054545	56.200000
E_11-12	ARO:3006655	PDC-281	8	51.562500	55.537500	61.200000
E_11-12	ARO:3006656	PDC-282	8	50.425000	52.962500	62.000000
E_11-12	ARO:3006657	PDC-283	35	54.360000	63.180000	83.200000
E_11-12	ARO:3006661	PDC-289	4	55.325000	44.400000	51.200000
E_11-12	ARO:3006663	PDC-291	2	52.450000	52.550000	58.500000
E_11-12	ARO:3006664	PDC-294	4	53.300000	55.250000	60.800000
E_11-12	ARO:3006665	PDC-295	1	70.200000	70.900000	70.900000
E_11-12	ARO:3006666	PDC-296	6	48.966667	55.600000	61.600000
E_11-12	ARO:3006671	PDC-300	31	71.651613	61.222581	75.500000
E_11-12	ARO:3006677	PDC-307	2	51.050000	39.050000	40.400000
E_11-12	ARO:3006681	PDC-310	8	51.562500	55.537500	61.200000
E_11-12	ARO:3006684	PDC-314	34	53.247059	61.141176	69.300000
E_11-12	ARO:3006686	PDC-316	6	52.416667	55.700000	60.800000
E_11-12	ARO:3006687	PDC-317	1	50.000000	53.100000	53.100000
E_11-12	ARO:3006689	PDC-319	7	52.100000	55.185714	60.500000
E_11-12	ARO:3006690	PDC-32	1	53.800000	48.100000	48.100000
E_11-12	ARO:3006695	PDC-326	3	56.533333	50.733333	65.900000
E_11-12	ARO:3006696	PDC-327	6	51.316667	54.883333	61.200000
E_11-12	ARO:3006697	PDC-328	6	49.433333	53.533333	61.600000
E_11-12	ARO:3006698	PDC-329	10	47.700000	52.120000	61.600000
E_11-12	ARO:3006699	PDC-33	77	54.696104	57.518182	70.500000
E_11-12	ARO:3006701	PDC-331	20	67.755000	57.190000	72.400000
E_11-12	ARO:3006702	PDC-332	29	63.582759	54.617241	72.400000
E_11-12	ARO:3006703	PDC-333	28	68.103571	57.600000	76.300000
E_11-12	ARO:3006704	PDC-334	7	44.257143	39.971429	43.500000
E_11-12	ARO:3006705	PDC-335	4	52.100000	54.300000	54.300000
E_11-12	ARO:3006708	PDC-339	7	69.642857	58.114286	80.900000
E_11-12	ARO:3006709	PDC-34	4	62.600000	65.000000	76.300000
E_11-12	ARO:3006712	PDC-342	74	55.316216	58.416216	71.600000
E_11-12	ARO:3006713	PDC-343	75	55.281333	58.336000	70.500000
E_11-12	ARO:3006714	PDC-344	55	55.136364	56.567273	70.100000
E_11-12	ARO:3006716	PDC-347	31	50.525806	46.151613	67.800000
E_11-12	ARO:3006718	PDC-349	10	50.460000	53.330000	67.800000
E_11-12	ARO:3006720	PDC-350	2	53.550000	43.150000	46.600000
E_11-12	ARO:3006723	PDC-354	6	49.400000	46.950000	53.900000
E_11-12	ARO:3006727	PDC-358	7	53.200000	58.171429	68.200000
E_11-12	ARO:3006730	PDC-360	10	49.630000	41.140000	56.200000
E_11-12	ARO:3006731	PDC-361	1	54.000000	69.300000	69.300000
E_11-12	ARO:3006732	PDC-362	28	54.307143	63.396429	69.700000
E_11-12	ARO:3006734	PDC-364	8	48.850000	46.912500	61.200000
E_11-12	ARO:3006735	PDC-365	3	47.966667	52.866667	54.300000
E_11-12	ARO:3006736	PDC-366	4	50.550000	53.450000	55.100000
E_11-12	ARO:3006744	PDC-373	7	44.257143	39.971429	43.500000
E_11-12	ARO:3006748	PDC-378	3	66.366667	51.466667	61.200000
E_11-12	ARO:3006749	PDC-379	11	51.772727	46.490909	58.500000
E_11-12	ARO:3006750	PDC-38	4	62.600000	65.000000	76.300000
E_11-12	ARO:3006751	PDC-381	2	66.200000	67.400000	71.600000
E_11-12	ARO:3006752	PDC-382	6	44.600000	39.900000	43.900000
E_11-12	ARO:3006753	PDC-383	3	46.333333	53.266667	57.000000
E_11-12	ARO:3006754	PDC-385	2	46.400000	51.800000	52.800000
E_11-12	ARO:3006756	PDC-387	11	50.927273	49.072727	76.300000
E_11-12	ARO:3006760	PDC-390	2	48.900000	48.700000	52.000000
E_11-12	ARO:3006761	PDC-391	31	52.070968	54.119355	78.600000
E_11-12	ARO:3006762	PDC-392	1	51.100000	58.500000	58.500000
E_11-12	ARO:3006763	PDC-394	1	38.500000	38.100000	38.100000
E_11-12	ARO:3006764	PDC-395	7	64.214286	59.200000	76.300000
E_11-12	ARO:3006765	PDC-396	7	52.914286	56.828571	61.200000
E_11-12	ARO:3006766	PDC-397	3	61.100000	61.500000	70.100000
E_11-12	ARO:3006767	PDC-398	3	52.833333	40.066667	41.600000
E_11-12	ARO:3006768	PDC-399	1	56.300000	58.900000	58.900000
E_11-12	ARO:3006771	PDC-401	1	50.000000	53.500000	53.500000
E_11-12	ARO:3006774	PDC-404	1	46.900000	49.300000	49.300000
E_11-12	ARO:3006775	PDC-405	34	55.264706	58.682353	83.200000
E_11-12	ARO:3006776	PDC-406	3	49.400000	53.533333	54.300000
E_11-12	ARO:3006778	PDC-408	4	52.100000	54.300000	54.300000
E_11-12	ARO:3006781	PDC-411	4	53.300000	55.250000	60.800000
E_11-12	ARO:3006783	PDC-414	3	53.433333	54.566667	67.000000
E_11-12	ARO:3006785	PDC-416	6	60.016667	62.983333	70.900000
E_11-12	ARO:3006786	PDC-417	10	48.480000	53.010000	61.600000
E_11-12	ARO:3006787	PDC-418	47	61.727660	52.619149	72.400000
E_11-12	ARO:3006789	PDC-42	57	55.568421	58.015789	70.500000
E_11-12	ARO:3006790	PDC-420	5	54.560000	61.860000	64.700000
E_11-12	ARO:3006792	PDC-422	4	48.425000	50.850000	59.700000
E_11-12	ARO:3006795	PDC-425	3	56.966667	60.600000	70.500000
E_11-12	ARO:3006796	PDC-426	4	51.025000	46.375000	66.200000
E_11-12	ARO:3006797	PDC-427	4	52.100000	54.300000	54.300000
E_11-12	ARO:3006802	PDC-433	3	46.333333	53.266667	57.000000
E_11-12	ARO:3006804	PDC-435	13	51.538462	55.253846	59.700000
E_11-12	ARO:3006806	PDC-437	7	54.057143	57.214286	70.500000
E_11-12	ARO:3006809	PDC-441	1	46.900000	49.300000	49.300000
E_11-12	ARO:3006811	PDC-443	3	54.000000	60.200000	61.200000
E_11-12	ARO:3006815	PDC-447	4	52.750000	60.650000	84.000000
E_11-12	ARO:3006816	PDC-448	6	44.600000	39.700000	43.500000
E_11-12	ARO:3006817	PDC-450	7	55.000000	56.171429	69.700000
E_11-12	ARO:3006819	PDC-452	4	53.300000	55.250000	60.800000
E_11-12	ARO:3006820	PDC-453	8	57.675000	62.825000	84.000000
E_11-12	ARO:3006822	PDC-455	68	55.498529	59.047059	70.500000
E_11-12	ARO:3006823	PDC-456	9	59.600000	60.888889	76.300000
E_11-12	ARO:3006826	PDC-459	4	53.300000	55.250000	60.800000
E_11-12	ARO:3006828	PDC-460	25	48.288000	41.224000	58.900000
E_11-12	ARO:3006829	PDC-462	21	47.523810	39.142857	58.900000
E_11-12	ARO:3006830	PDC-463	29	47.782759	43.317241	61.600000
E_11-12	ARO:3006832	PDC-466	23	47.665217	40.773913	58.900000
E_11-12	ARO:3006835	PDC-469	4	52.100000	54.300000	54.300000
E_11-12	ARO:3006839	PDC-473	3	53.033333	48.033333	57.800000
E_11-12	ARO:3006840	PDC-474	1	58.000000	64.700000	64.700000
E_11-12	ARO:3006841	PDC-475	6	44.600000	39.700000	43.500000
E_11-12	ARO:3006844	PDC-60	2	66.200000	67.400000	71.600000
E_11-12	ARO:3006846	PDC-71	1	64.000000	70.500000	70.500000
E_11-12	ARO:3006849	PDC-96	6	56.166667	56.666667	62.000000
E_11-12	ARO:3006852	PDC-99	6	46.583333	43.066667	46.600000
E_11-12	ARO:3006853	SRT-3	338	54.313314	54.254438	84.300000
E_11-12	ARO:3006854	CMH-2	34	75.029412	79.679412	104.000000
E_11-12	ARO:3006855	CMH-3	68	74.516176	78.692647	104.000000
E_11-12	ARO:3006856	CMH-4	50	70.724000	73.490000	104.000000
E_11-12	ARO:3006857	CMH-5	18	74.800000	78.544444	102.000000
E_11-12	ARO:3006858	CMH-6	35	71.845714	74.634286	104.000000
E_11-12	ARO:3006859	MIR-19	19	81.647368	87.857895	107.000000
E_11-12	ARO:3006860	MIR-20	6	74.233333	75.966667	107.000000
E_11-12	ARO:3006861	MIR-21	7	77.628571	77.714286	107.000000
E_11-12	ARO:3006862	MIR-22	5	80.780000	80.280000	108.000000
E_11-12	ARO:3006863	AAK-1	6	49.766667	42.816667	49.700000
E_11-12	ARO:3006864	CRD3-1	323	47.665015	48.864706	83.600000
E_11-12	ARO:3006865	CRH-1	173	63.101734	60.531792	83.600000
E_11-12	ARO:3006866	CRH-2	126	62.598413	61.130159	84.300000
E_11-12	ARO:3006867	CRH-3	109	63.211009	60.309174	82.800000
E_11-12	ARO:3006868	CRP-1	137	58.928467	57.389781	79.000000
E_11-12	ARO:3006869	CSA-1	173	54.715607	54.252023	86.300000
E_11-12	ARO:3006870	CSA-2	164	54.609756	54.304878	86.300000
E_11-12	ARO:3006871	CSP-1	421	55.604513	58.490974	83.200000
E_11-12	ARO:3006872	DHT2-1	196	44.846939	47.092347	83.200000
E_11-12	ARO:3006873	EAM-1	234	49.146154	50.576923	71.200000
E_11-12	ARO:3006874	EC-13	370	83.535135	83.948649	112.000000
E_11-12	ARO:3006875	EC-14	364	84.065934	84.485440	112.000000
E_11-12	ARO:3006876	EC-15	371	83.452561	83.752561	112.000000
E_11-12	ARO:3006877	EC-16	357	84.743978	85.039216	112.000000
E_11-12	ARO:3006878	EC-18	352	84.591193	85.179830	112.000000
E_11-12	ARO:3006879	EC-19	313	85.582109	85.402236	112.000000
E_11-12	ARO:3006880	EC-5	312	86.169872	85.772436	112.000000
E_11-12	ARO:3006881	EC-8	371	83.571159	84.092992	110.000000
E_11-12	ARO:3006882	ECM-1	43	55.641860	57.183721	85.900000
E_11-12	ARO:3006883	ECV-1	43	53.974419	57.869767	75.900000
E_11-12	ARO:3006884	EFM-1	82	57.603659	59.923171	81.600000
E_11-12	ARO:3006885	ELM-1	181	47.881768	45.123204	70.500000
E_11-12	ARO:3006886	EVM-1	123	51.095122	53.798374	75.900000
E_11-12	ARO:3006887	FIA-1	23	52.960870	55.330435	88.200000
E_11-12	ARO:3006888	GIL-1	190	60.703684	59.337895	92.400000
E_11-12	ARO:3006889	GMB-1	19	51.147368	45.452632	63.200000
E_11-12	ARO:3006890	AFM-1	3	65.933333	48.533333	53.500000
E_11-12	ARO:3006891	AFM-2	3	65.933333	48.533333	53.500000
E_11-12	ARO:3006892	ALG11-1	368	56.037500	56.342935	82.400000
E_11-12	ARO:3006893	ALG6-1	343	59.218950	61.353644	84.700000
E_11-12	ARO:3006894	ALI-1	17	45.841176	46.205882	58.900000
E_11-12	ARO:3006895	ALI-2	18	41.250000	41.783333	50.800000
E_11-12	ARO:3006896	ANA-1	13	51.669231	44.200000	57.800000
E_11-12	ARO:3006897	AXC-1	172	59.373837	60.386047	77.400000
E_11-12	ARO:3006898	AXC-2	172	59.562209	60.165698	76.300000
E_11-12	ARO:3006899	AXC-3	173	60.086127	60.486127	77.400000
E_11-12	ARO:3006900	AXC-4	168	59.529167	60.503571	77.400000
E_11-12	ARO:3006901	AXC-5	160	59.450625	60.550000	77.400000
E_11-12	ARO:3006902	BSU-1	433	50.751501	54.982217	97.100000
E_11-12	ARO:3006903	CAR-1	451	43.438359	42.635255	97.400000
E_11-12	ARO:3006904	CDD-1	248	49.115726	48.311290	77.000000
E_11-12	ARO:3006905	CDD-2	252	49.242460	48.619048	77.400000
E_11-12	ARO:3006906	CfiA10	128	59.532812	67.781250	111.000000
E_11-12	ARO:3006907	CfiA11	131	59.619847	67.348092	110.000000
E_11-12	ARO:3006908	CfiA14	136	59.143382	66.657353	111.000000
E_11-12	ARO:3006909	CfiA17	126	59.753175	67.165873	109.000000
E_11-12	ARO:3006910	CfiA18	135	59.177037	66.684444	111.000000
E_11-12	ARO:3006911	CfiA19	135	59.405185	67.043704	110.000000
E_11-12	ARO:3006912	CfiA2	134	59.236567	66.844776	111.000000
E_11-12	ARO:3006913	CfiA21	123	60.410569	67.841463	111.000000
E_11-12	ARO:3006914	CfiA22	130	59.893077	67.630769	110.000000
E_11-12	ARO:3006915	CfiA23	133	59.554887	67.180451	111.000000
E_11-12	ARO:3006916	CfiA24	122	60.963115	68.530328	111.000000
E_11-12	ARO:3006917	CfiA26	135	59.225185	66.874815	110.000000
E_11-12	ARO:3006918	CfiA27	129	59.901550	67.575194	112.000000
E_11-12	ARO:3006919	CfiA4	128	59.805469	67.681250	111.000000
E_11-12	ARO:3006920	CfiA8	130	59.879231	67.511538	111.000000
E_11-12	ARO:3006921	CfiA9	129	59.972093	67.574419	111.000000
E_11-12	ARO:3006922	CMA-1	131	57.833588	58.321374	87.400000
E_11-12	ARO:3006923	CMA-2	148	55.932432	55.605405	86.700000
E_11-12	ARO:3006924	CVI-1	42	65.342857	70.402381	84.000000
E_11-12	ARO:3006925	GRD23-1	16	52.212500	54.937500	74.700000
E_11-12	ARO:3006926	GRD33-1	343	56.039942	56.978717	79.700000
E_11-12	ARO:3006927	KLUC-1	76	56.785526	53.921053	82.800000
E_11-12	ARO:3006928	KLUC-2	76	56.785526	53.921053	82.800000
E_11-12	ARO:3006929	KLUC-3	99	58.778788	58.164646	82.800000
E_11-12	ARO:3006930	KLUC-4	57	52.719298	47.917544	58.200000
E_11-12	ARO:3006931	KLUC-5	71	57.073239	54.090141	82.800000
E_11-12	ARO:3006932	LEN-27	7	60.114286	60.871429	100.000000
E_11-12	ARO:3006933	LEN-28	4	61.175000	63.075000	80.900000
E_11-12	ARO:3006934	LEN-31	9	58.433333	58.133333	64.300000
E_11-12	ARO:3006935	LHK-1	120	69.835000	67.634167	109.000000
E_11-12	ARO:3006936	LHK-2	126	70.228571	69.029365	109.000000
E_11-12	ARO:3006937	LHK-3	117	70.945299	68.665812	105.000000
E_11-12	ARO:3006938	LHK-4	114	71.655263	69.096491	105.000000
E_11-12	ARO:3006939	LHK-5	121	71.304959	68.880992	105.000000
E_11-12	ARO:3006940	LHK-6	100	74.644000	71.118000	108.000000
E_11-12	ARO:3006941	LRG-1	200	55.680000	57.370000	85.500000
E_11-12	ARO:3006942	LUS-1	699	52.881259	56.610157	86.300000
E_11-12	ARO:3006943	LUT-1	594	59.198822	60.896801	86.300000
E_11-12	ARO:3006944	LUT-2	571	59.320140	61.138879	86.300000
E_11-12	ARO:3006945	LUT-3	583	59.295369	61.054031	86.300000
E_11-12	ARO:3006946	LUT-4	572	59.569580	61.186014	86.300000
E_11-12	ARO:3006947	LUT-5	570	59.268596	61.012281	86.300000
E_11-12	ARO:3006948	LUT-6	477	61.044025	62.633543	86.300000
E_11-12	ARO:3006949	MAL-1	290	57.551379	58.190345	79.300000
E_11-12	ARO:3006950	MAL-2	289	57.834256	58.414187	79.300000
E_11-12	ARO:3006951	MBL1b	287	62.102439	62.524739	108.000000
E_11-12	ARO:3006952	MOC-1	63	47.247619	53.230159	72.400000
E_11-12	ARO:3006953	MOR-2	91	70.584615	72.128571	110.000000
E_11-12	ARO:3006954	MYO-1	71	56.323944	59.225352	89.000000
E_11-12	ARO:3006955	MYX-1	19	51.468421	50.326316	64.700000
E_11-12	ARO:3006956	OHIO-1	54	60.768519	60.924074	81.300000
E_11-12	ARO:3006957	ORN-1	134	58.661194	59.268657	104.000000
E_11-12	ARO:3006958	ORN-2	115	60.100870	59.554783	104.000000
E_11-12	ARO:3006959	ORN-3	108	60.278704	59.752778	104.000000
E_11-12	ARO:3006960	ORN-4	79	62.453165	61.224051	102.000000
E_11-12	ARO:3006961	ORN-5	121	59.152893	59.672727	104.000000
E_11-12	ARO:3006962	ORN-6	92	60.617391	59.743478	104.000000
E_11-12	ARO:3006963	ORR-1	42	54.376190	54.980952	76.600000
E_11-12	ARO:3006964	PAU-1	201	63.800995	62.689552	103.000000
E_11-12	ARO:3006965	PFM-1	24	61.587500	71.187500	80.500000
E_11-12	ARO:3006966	PFM-2	24	60.579167	68.008333	78.200000
E_11-12	ARO:3006967	PFM-3	24	61.983333	68.762500	79.300000
E_11-12	ARO:3006968	PLA-1	153	59.005229	57.601961	100.000000
E_11-12	ARO:3006969	PLA-2a	150	59.042667	57.673333	100.000000
E_11-12	ARO:3006970	PLA-3	142	59.273944	57.791549	100.000000
E_11-12	ARO:3006971	PLA-6	181	59.546961	58.606077	100.000000
E_11-12	ARO:3006972	PLN-1	90	46.851111	48.828889	78.200000
E_11-12	ARO:3006973	PME-1	94	57.263830	54.521277	99.400000
E_11-12	ARO:3006974	POM-1	230	44.180435	46.079565	93.600000
E_11-12	ARO:3006975	POM-2	229	44.182096	46.094323	93.600000
E_11-12	ARO:3006976	PST-1	16	50.043750	47.562500	59.300000
E_11-12	ARO:3006977	PST-2	16	50.337500	47.537500	59.300000
E_11-12	ARO:3006978	PSV-1	114	54.222807	54.962281	73.900000
E_11-12	ARO:3006979	RAHN-1	66	56.565152	59.334848	94.400000
E_11-12	ARO:3006980	RAHN-2	81	56.041975	58.569136	94.700000
E_11-12	ARO:3006981	RSA2-1	30	56.620000	52.853333	69.300000
E_11-12	ARO:3006982	RSD2-1	349	69.316046	70.226648	107.000000
E_11-12	ARO:3006983	RSD2-2	362	68.761326	69.371547	107.000000
E_11-12	ARO:3006984	RUB-1	82	58.032927	58.431707	91.700000
E_11-12	ARO:3006985	SFC-1	35	50.505714	47.974286	69.300000
E_11-12	ARO:3006986	SFO-1	77	56.403896	54.575325	107.000000
E_11-12	ARO:3006987	SGM-1	131	52.510687	45.112977	90.500000
E_11-12	ARO:3006988	SGM-2	94	55.432979	51.598936	89.000000
E_11-12	ARO:3006989	SGM-3	79	54.508861	49.930380	89.000000
E_11-12	ARO:3006990	SGM-4	132	54.896970	46.405303	93.200000
E_11-12	ARO:3006991	SGM-5	112	51.691071	46.841071	89.700000
E_11-12	ARO:3006992	SGM-6	152	55.291447	45.084211	90.900000
E_11-12	ARO:3006993	SGM-7	147	55.412925	45.218367	90.900000
E_11-12	ARO:3006994	SHN-1	9	43.122222	43.866667	57.800000
E_11-12	ARO:3006995	SPN79-1	17	53.594118	51.552941	73.900000
E_11-12	ARO:3006996	SPR-1	127	49.246457	50.996063	69.700000
E_11-12	ARO:3006997	SPS-1	14	52.971429	53.235714	63.200000
E_11-12	ARO:3006998	SPU-1	426	55.507512	58.387559	83.200000
E_11-12	ARO:3006999	SST-1	388	54.096134	53.955155	83.600000
E_11-12	ARO:3007000	STA-1	8	54.400000	56.812500	68.600000
E_11-12	ARO:3007001	TER-1	223	58.069507	58.573991	93.600000
E_11-12	ARO:3007002	TTU-1	25	45.020000	49.540000	67.400000
E_11-12	ARO:3007003	VHH-1	138	59.094928	61.527536	75.100000
E_11-12	ARO:3007004	VHW-1	107	56.934579	61.189720	75.100000
E_11-12	ARO:3007005	YEM-1	42	62.202381	66.192857	88.200000
E_11-12	ARO:3007006	ZOG-1	54	49.612963	54.122222	74.300000
E_11-12	ARO:3007007	TER-2	272	59.294485	59.443750	95.100000
E_11-12	ARO:3007010	norC	417	57.516547	55.903597	88.200000
E_11-12	ARO:3007011	mdeA	629	44.074563	42.414626	92.400000
E_11-12	ARO:3007012	sepA	1	74.400000	63.200000	63.200000
E_11-12	ARO:3007013	sdrM	1789	44.267188	45.547848	93.200000
E_11-12	ARO:3007014	qacJ	1094	50.871298	45.549086	66.600000
E_11-12	ARO:3007015	qacG	1259	50.021604	45.699921	66.600000
E_11-12	ARO:3007017	SHD-1	35	45.431429	47.640000	70.100000
E_11-12	ARO:3007019	fexB	65	42.507692	41.806154	58.200000
E_11-12	ARO:3007021	PFM-4	24	61.720833	68.570833	79.300000
E_11-12	ARO:3007023	NDM-33	6	74.033333	73.766667	99.800000
E_11-12	ARO:3007026	salB	4658	43.656677	43.236668	60.100000
E_11-12	ARO:3007027	salC	4091	43.290858	43.710535	59.700000
E_11-12	ARO:3007028	salD	7494	46.510622	41.829130	63.500000
E_11-12	ARO:3007029	salE	3433	46.939208	42.264288	71.200000
E_11-12	ARO:3007032	Erm(50)	317	61.585804	59.504732	112.000000
E_11-12	ARO:3007033	Erm(51)	307	60.937459	60.856026	116.000000
E_11-12	ARO:3007041	Erm(52)	457	46.170678	44.138074	61.600000
E_11-12	ARO:3007042	msr(G)	8404	50.240992	49.315576	105.000000
E_11-12	ARO:3007043	msr(I)	28767	49.810842	47.136615	105.000000
E_11-12	ARO:3007044	mef(F)	995	55.302513	53.227136	99.000000
E_11-12	ARO:3007047	mef(H)	32	51.309375	48.731250	95.500000
E_11-12	ARO:3007049	mef(J)	953	63.632109	58.501784	106.000000
E_11-12	ARO:3007050	mreA	1499	51.163976	49.870514	91.700000
E_11-12	ARO:3007062	VAM-1	16	52.112500	56.081250	74.300000
E_11-12	ARO:3007069	FosY	52	52.515385	42.482692	67.800000
E_11-12	ARO:3007070	MCR-1.33	3526	58.730800	60.533721	94.700000
E_11-12	ARO:3007075	cph	83	44.957831	41.069880	69.300000
E_11-12	ARO:3007085	PRC-1	198	53.788889	58.033333	90.100000
E_11-12	ARO:3007097	FosM1	6	56.483333	51.166667	76.300000
E_11-12	ARO:3007098	FosM2	32	60.715625	53.206250	79.000000
E_11-12	ARO:3007099	FosM3	29	62.744828	53.058621	80.900000
E_11-12	ARO:3007101	BcIII	192	54.844792	57.796354	95.100000
E_11-12	ARO:3007102	KPC-93	1	48.000000	52.000000	52.000000
E_11-12	ARO:3007104	nimA	1408	55.883026	55.987216	92.000000
E_11-12	ARO:3007105	nimC	787	59.465565	60.530877	87.800000
E_11-12	ARO:3007106	nimD	903	62.103433	62.922038	93.600000
E_11-12	ARO:3007107	nimE	1018	66.192338	65.414735	112.000000
E_11-12	ARO:3007108	nimF	787	60.841423	64.414740	90.100000
E_11-12	ARO:3007109	nimG	1000	61.388400	62.530900	91.300000
E_11-12	ARO:3007110	nimH	880	62.745682	64.075227	96.300000
E_11-12	ARO:3007111	nimI	829	58.863571	57.740772	94.000000
E_11-12	ARO:3007112	nimJ	1026	60.147758	61.460721	108.000000
E_11-12	ARO:3007113	nimK	975	54.739795	54.550769	78.600000
E_11-12	ARO:3007118	crxA	22	55.313636	58.868182	110.000000
E_11-12	ARO:3007119	tet(O/32/O)	28181	58.069792	56.015372	114.000000
E_11-12	ARO:3007120	tet(O/M/O)	28266	59.562987	56.893943	113.000000
E_11-12	ARO:3007121	tet(O/W)	28490	59.331565	56.525111	112.000000
E_11-12	ARO:3007122	tet(O/W/32/O)	28763	59.214428	56.479227	111.000000
E_11-12	ARO:3007123	tet(O/W/O)	28528	59.388832	56.561228	114.000000
E_11-12	ARO:3007124	tet(W/32/O)	26345	59.175901	55.424096	110.000000
E_11-12	ARO:3007125	ROB-11	117	53.596581	54.967521	72.400000
E_11-12	ARO:3007126	ROB-12	107	54.208411	55.574766	72.400000
E_11-12	ARO:3007127	otr(A)S.liv	13593	56.090238	48.505738	78.600000
E_11-12	ARO:3007137	mcr-10.1	2626	56.930922	59.345545	111.000000
E_11-12	ARO:3007180	MAB	129	55.489922	56.556589	83.200000
E_11-12	ARO:3007182	blaC	63	54.471429	54.542857	78.200000
E_11-12	ARO:3007188	vanH_in_vanP_cl	4758	48.429592	46.126608	70.100000
E_11-12	ARO:3007189	vanP	3402	49.911817	48.652704	74.300000
E_11-12	ARO:3007190	vanX_in_vanP_cl	501	56.727545	51.492814	82.000000
E_11-12	ARO:3007191	vanR_in_vanP_cl	25076	51.979355	50.351129	94.700000
E_11-12	ARO:3007192	vanS_in_vanP_cl	4402	47.396229	45.247774	81.300000
E_11-12	ARO:3007199	PAM-1	268	47.433582	43.111567	108.000000
E_11-12	ARO:3007200	PAM-2	164	47.210976	45.025000	101.000000
E_11-12	ARO:3007201	PAM-3	165	47.136970	45.128485	105.000000
E_11-12	ARO:3007202	NDM-16b	4	45.350000	48.325000	53.100000
E_11-12	ARO:3007204	AAC(6')-Iap	124	48.149194	44.633871	75.100000
E_11-12	ARO:3007206	KBL-1	198	57.877273	57.156566	98.600000
E_11-12	ARO:3007208	HelR	959	60.119291	57.145255	100.000000
E_11-12	ARO:3007209	Sven_rox	1558	60.610141	52.889153	94.700000
E_11-12	ARO:3007210	Nfar_rox	1264	60.439557	54.857199	93.200000
E_11-12	ARO:3007211	NDM-34	12	87.016667	87.933333	106.000000
E_11-12	ARO:3007212	NDM-35	6	74.033333	73.766667	99.800000
E_11-12	ARO:3007213	NDM-36	4	45.350000	48.325000	53.100000
E_11-12	ARO:3007214	NDM-37	3	50.100000	50.566667	53.100000
E_11-12	ARO:3007215	NDM-38	16	99.362500	102.200000	107.000000
E_11-12	ARO:3007216	NDM-39	3	50.100000	50.566667	53.100000
E_11-12	ARO:3007217	NDM-40	17	99.252941	100.876471	107.000000
E_11-12	ARO:3007218	NDM-41	3	50.100000	50.566667	53.100000
E_11-12	ARO:3007219	NDM-42	16	99.362500	102.200000	107.000000
E_11-12	ARO:3007220	NDM-43	16	94.987500	98.225000	107.000000
E_11-12	ARO:3007227	MCR-8.3	3709	54.645592	55.308682	85.100000
E_11-12	ARO:3007228	MCR-8.4	3747	54.668321	55.404243	85.100000
E_11-12	ARO:3007229	MCR-8.2	3847	54.833975	55.606811	85.100000
E_11-12	ARO:3007230	MCR-1.34	2923	58.966815	61.240369	94.700000
E_11-12	ARO:3007231	MCR-4.6	2673	54.054583	57.473064	111.000000
E_11-12	ARO:3007232	MCR-1.27	2277	59.535485	61.897101	94.700000
E_11-12	ARO:3007233	MCR-1.18	1651	58.058813	58.899818	92.800000
E_11-12	ARO:3007234	MCR-1.23	1229	57.233523	56.275671	92.800000
E_11-12	ARO:3007235	MCR-1.20	1129	57.437378	56.811515	92.800000
E_11-12	ARO:3007236	MCR-1.28	1077	57.470938	56.935933	92.800000
E_11-12	ARO:3007237	MCR-1.21	870	58.265287	57.217701	92.800000
E_11-12	ARO:3007238	MCR-1.16	1064	55.758647	54.715883	92.800000
E_11-12	ARO:3007239	MCR-1.22	677	57.543279	57.678287	92.800000
E_11-12	ARO:3007240	MCR-1.19	389	56.653985	56.673779	92.800000
E_11-12	ARO:3007241	MCR-1.29	110	55.633636	56.973636	91.300000
E_11-12	ARO:3007242	MCR-1.30	214	54.377103	56.459346	75.500000
E_11-12	ARO:3007243	MCR-1.24	136	56.400000	53.816912	73.200000
E_11-12	ARO:3007244	MCR-1.17	11	48.554545	52.563636	71.200000
E_11-12	ARO:3007245	MCR-1.31	3	63.366667	63.900000	74.700000
E_11-12	ARO:3007246	MCR-1.14	70	51.454286	49.230000	57.800000
E_11-12	ARO:3007248	MCR-3.33	2494	56.322735	60.669968	114.000000
E_11-12	ARO:3007249	MCR-3.14	1867	57.387788	60.802196	114.000000
E_11-12	ARO:3007250	MCR-3.37	2493	56.459607	60.563016	113.000000
E_11-12	ARO:3007251	MCR-3.38	1587	56.437744	60.295463	113.000000
E_11-12	ARO:3007252	MCR-3.15	1540	57.740000	60.941688	113.000000
E_11-12	ARO:3007253	MCR-3.27	1457	58.078586	61.268771	113.000000
E_11-12	ARO:3007254	MCR-3.32	2036	56.065619	59.516110	113.000000
E_11-12	ARO:3007255	MCR-3.31	2002	55.762388	59.003347	113.000000
E_11-12	ARO:3007256	MCR-3.23	1076	57.186524	58.365428	115.000000
E_11-12	ARO:3007257	MCR-3.36	2270	56.858811	60.855242	114.000000
E_11-12	ARO:3007258	MCR-3.25	1729	57.795662	60.701793	114.000000
E_11-12	ARO:3007259	MCR-3.22	1165	56.194850	58.391588	115.000000
E_11-12	ARO:3007260	MCR-3.16	1959	57.094640	60.629964	114.000000
E_11-12	ARO:3007261	MCR-3.26	973	56.926721	58.000719	115.000000
E_11-12	ARO:3007262	MCR-3.21	946	57.353911	58.819450	115.000000
E_11-12	ARO:3007263	MCR-3.18	1929	56.257802	60.123069	114.000000
E_11-12	ARO:3007264	MCR-3.40	1039	56.163908	58.134841	115.000000
E_11-12	ARO:3007265	MCR-3.24	923	56.368581	57.883965	115.000000
E_11-12	ARO:3007266	MCR-3.20	2438	55.942166	58.232363	115.000000
E_11-12	ARO:3007267	MCR-3.35	1918	57.125600	61.385036	114.000000
E_11-12	ARO:3007268	MCR-3.34	1958	56.812615	61.511236	114.000000
E_11-12	ARO:3007269	MCR-3.13	1554	57.689575	61.305341	114.000000
E_11-12	ARO:3007270	MCR-3.28	1648	56.739078	59.245752	115.000000
E_11-12	ARO:3007271	MCR-3.39	895	56.218324	57.890838	115.000000
E_11-12	ARO:3007272	MCR-3.29	995	55.495176	58.010854	115.000000
E_11-12	ARO:3007273	MCR-3.19	799	57.138798	58.451564	115.000000
E_11-12	ARO:3007274	MCR-10.5	2626	56.990404	59.321135	110.000000
E_11-12	ARO:3007275	MCR-10.3	2618	56.699007	59.033613	111.000000
E_11-12	ARO:3007276	MCR-10.4	2658	56.883296	59.338111	111.000000
E_11-12	ARO:3007277	MCR-10.2	2585	56.750251	59.147969	111.000000
E_11-12	ARO:3007278	MCR-3.17	2318	55.559534	60.182916	117.000000
E_11-12	ARO:3007279	MCR-1.15	4010	58.065037	59.357606	94.700000
E_11-12	ARO:3007280	MCR-1.26	4643	58.062460	59.144088	94.700000
E_11-12	ARO:3007281	MCR-5.4	2548	57.025235	57.834655	115.000000
E_11-12	ARO:3007282	MCR-5.3	2576	56.740140	57.663238	115.000000
E_11-12	ARO:3007283	MCR-2.4	3456	59.344531	61.988339	96.300000
E_11-12	ARO:3007284	MCR-2.3	3700	58.766297	60.791270	96.300000
E_11-12	ARO:3007285	MCR-2.8	2982	58.374648	59.621462	95.100000
E_11-12	ARO:3007286	MCR-2.5	3537	58.675940	61.224427	96.300000
E_11-12	ARO:3007287	MCR-2.7	3497	58.640578	60.991421	96.300000
E_11-12	ARO:3007288	MCR-2.6	3528	58.788067	61.234977	96.300000
E_11-12	ARO:3007368	FosG	137	55.091241	56.800730	79.700000
E_11-12	ARO:3007369	FosH	290	58.891034	56.427586	86.700000
E_11-12	ARO:3007370	FosI	254	62.054331	57.718110	94.000000
E_11-12	ARO:3007371	FosA8	210	61.804286	60.961905	105.000000
E_11-12	ARO:3007372	FosBx1	69	52.766667	43.968116	56.200000
E_11-12	ARO:3007374	PJM-1	305	52.472787	53.918033	100.000000
E_11-12	ARO:3007375	KPC-87	49	74.842857	74.471429	105.000000
E_11-12	ARO:3007401	ANT(9)-Ib	51	47.288235	47.596078	56.200000
E_11-12	ARO:3007402	KPC-94	4	99.475000	99.575000	109.000000
E_11-12	ARO:3007427	ThfT	61	59.268852	52.172131	88.200000
E_11-12	ARO:3007433	almE	113	50.105310	43.081416	56.600000
E_11-12	ARO:3007435	WUS-1	63	47.549206	54.485714	75.900000
E_11-12	ARO:3007436	KPC-96	15	64.500000	49.940000	58.200000
E_11-12	ARO:3007437	EBR-5	39	49.825641	55.530769	104.000000
E_11-12	ARO:3007438	LAQ-1	167	55.609581	56.222754	100.000000
E_11-12	ARO:3007442	SSA	198	57.521212	55.148990	80.900000
E_11-12	ARO:3007443	NDM-44	15	99.320000	102.080000	107.000000
E_11-12	ARO:3007444	NDM-45	4	50.400000	45.750000	52.000000
E_11-12	ARO:3007445	NDM-46	3	50.100000	50.566667	53.100000
E_11-12	ARO:3007447	NDM-47	7	98.542857	102.085714	107.000000
E_11-12	ARO:3007450	KPC-98	28	51.292857	50.707143	57.800000
E_11-12	ARO:3007456	dfrL	2257	49.345724	49.569163	71.600000
E_11-12	ARO:3007459	EstT	685	57.047153	57.088905	110.000000
E_11-12	ARO:3007460	IMP-91	7	70.800000	79.028571	114.000000
E_11-12	ARO:3007461	IMP-96	9	90.322222	91.266667	114.000000
E_11-12	ARO:3007462	IMP-92	18	84.711111	85.072222	115.000000
E_11-12	ARO:3007463	IMP-93	14	76.492857	74.171429	110.000000
E_11-12	ARO:3007464	IMP-94	6	75.100000	78.833333	103.000000
E_11-12	ARO:3007465	IMP-95	2	75.850000	82.750000	105.000000
E_11-12	ARO:3007470	IND-17	24	54.162500	60.195833	81.600000
E_11-12	ARO:3007483	RAD-1	856	52.340187	56.190070	95.900000
E_11-12	ARO:3007489	dfrB10	119	80.090756	68.781513	109.000000
E_11-12	ARO:3007490	dfrB11	110	79.678182	69.750909	107.000000
E_11-12	ARO:3007492	tet(62)	5224	56.253025	54.143338	99.000000
E_11-12	ARO:3007493	tet(63)	50	59.518000	54.582000	85.100000
E_11-12	ARO:3007494	tet(64)	6059	59.466892	57.940980	85.500000
E_11-12	ARO:3007509	Sfle_acrA	8350	57.139605	54.563952	104.000000
E_11-12	ARO:3007515	ANT(9)-Ic	242	52.719421	45.585124	68.200000
E_11-12	ARO:3007533	MCR-4.7	2832	54.002260	57.512394	111.000000
E_11-12	ARO:3007539	APH(9)-Ic	121	48.374380	52.375207	71.600000
E_11-12	ARO:3007561	OXA-1038	72	49.940278	50.948611	110.000000
E_11-12	ARO:3007562	OXA-1039	2	99.000000	107.500000	110.000000
E_11-12	ARO:3007632	FRI-11	157	48.478344	48.370064	68.900000
E_11-12	ARO:3007635	CAE-1	363	68.403306	65.578237	104.000000
E_11-12	ARO:3007637	cplR	40085	47.460918	45.261459	92.800000
E_11-12	ARO:3007644	Cper_cplR	35565	47.190060	46.437135	86.300000
E_11-12	ARO:3007645	Cspo_cplR	28229	45.603805	46.008495	79.300000
E_11-12	ARO:3007648	PSZ-1	76	60.273684	56.496053	79.000000
E_11-12	ARO:3007650	CDA-1	65	61.338462	57.263077	88.200000
E_11-12	ARO:3007654	erm(56)	476	59.453361	57.438445	106.000000
E_11-12	ARO:3007659	Rv2856	1401	68.318772	69.306924	103.000000
E_11-12	ARO:3007662	Rv1877	3096	54.110013	52.431977	95.100000
E_11-12	ARO:3007669	aadT	1370	51.857226	50.897226	111.000000
E_11-12	ARO:3007671	CdnimB	369	48.369919	51.327642	74.300000
E_11-12	ARO:3007678	IreK	8702	49.182579	49.679545	98.200000
E_11-12	ARO:3007682	MdtQ	819	61.886569	59.208669	108.000000
E_11-12	ARO:3007694	AMZ-1	350	54.800286	57.514286	82.400000
E_11-12	ARO:3007695	CMY-185	1	100.000000	108.000000	108.000000
E_11-12	ARO:3007770	aac(6')-Ib-cr10	614	95.182736	90.062052	110.000000
E_11-12	ARO:3007771	aac(6')-Ib-cr11	605	95.430909	90.051240	110.000000
E_11-12	ARO:3007801	RATA-1	461	60.198915	59.730803	107.000000
E_11-12	ARO:3007802	RATA-2	438	60.496347	60.247489	105.000000
E_11-12	ARO:3007803	CARB-56	192	60.175521	61.919792	75.500000
E_11-12	ARO:3007812	VIM-75	9	47.911111	59.133333	66.200000
E_11-12	ARO:3007813	VIM-76	5	45.300000	53.380000	58.500000
E_11-12	ARO:3007816	VIM-79	3	54.866667	51.500000	54.700000
E_11-12	ARO:3007817	VIM-80	3	43.433333	49.766667	53.500000
E_11-12	ARO:3007820	VIM-83	11	45.772727	55.627273	66.200000
E_11-12	ARO:3007823	VIM-86	14	49.192857	58.842857	66.200000
E_11-12	ARO:3007825	GES-47	288	89.485417	88.957292	107.000000
E_11-12	ARO:3007826	GES-48	261	92.578161	92.111494	107.000000
E_11-12	ARO:3007827	GES-49	228	95.685088	95.096491	105.000000
E_11-12	ARO:3007828	GES-50	255	93.111373	92.624706	107.000000
E_11-12	ARO:3007829	GES-51	201	97.981095	97.702488	104.000000
E_11-12	ARO:3007830	GES-52	63	97.382540	99.066667	106.000000
E_11-12	ARO:3007831	GES-53	199	98.296985	98.109548	105.000000
E_11-12	ARO:3007832	GES-54	223	94.937668	94.795067	107.000000
E_11-12	ARO:3007833	GES-55	6	91.150000	95.016667	105.000000
E_11-12	ARO:3007834	GES-56	96	81.557292	82.085417	106.000000
E_11-12	ARO:3007835	GES-57	70	89.028571	91.324286	104.000000
E_11-12	ARO:3007836	CARB-57	176	60.053409	61.444318	75.500000
E_11-12	ARO:3007837	CARB-58	746	92.525469	53.635657	108.000000
E_11-12	ARO:3007838	tet(65)	3565	54.720954	51.886424	99.000000
E_11-12	ARO:3007840	CIM-1	50	56.696000	62.226000	89.000000
E_11-12	ARO:3007844	KPC-135	1	40.400000	48.100000	48.100000
E_11-12	ARO:3007846	SIE-1	185	51.729730	52.350270	89.000000
E_11-12	ARO:3007848	NWM-1	331	46.490030	44.062236	68.600000
E_11-12	ARO:3007855	CHM-1	67	59.046269	63.649254	90.500000
E_11-12	ARO:3007859	BIM-1	5	60.440000	63.260000	106.000000
E_11-12	ARO:3007861	DYB-1	131	53.680916	60.585496	85.900000
E_11-12	ARO:3007883	ACT-100	40	89.210000	85.965000	108.000000
E_11-12	ARO:3007884	ACT-101	30	88.426667	82.896667	112.000000
E_11-12	ARO:3007885	ACT-102	42	85.745238	83.614286	112.000000
E_11-12	ARO:3007886	ACT-103	39	85.256410	82.184615	112.000000
E_11-12	ARO:3007887	ACT-104	50	67.040000	68.972000	110.000000
E_11-12	ARO:3007888	ACT-105	44	82.345455	79.850000	111.000000
E_11-12	ARO:3007889	ACT-106	44	55.629545	55.736364	102.000000
E_11-12	ARO:3007890	ACT-107	35	77.245714	74.605714	106.000000
E_11-12	ARO:3007891	ACT-108	29	52.013793	52.489655	102.000000
E_11-12	ARO:3007892	ACT-109	47	61.036170	59.776596	103.000000
E_11-12	ARO:3007893	ACT-110	24	83.629167	87.991667	112.000000
E_11-12	ARO:3007894	ACT-111	15	80.993333	85.626667	112.000000
E_11-12	ARO:3007895	ACT-112	46	70.695652	67.667391	103.000000
E_11-12	ARO:3007896	ACT-113	17	61.900000	60.635294	103.000000
E_11-12	ARO:3007897	ACT-115	6	75.683333	83.000000	99.800000
E_11-12	ARO:3007898	ACT-116	33	92.996970	93.609091	111.000000
E_11-12	ARO:3007899	ACT-117	43	70.737209	66.965116	103.000000
E_11-12	ARO:3007900	ACT-118	29	68.468966	72.651724	111.000000
E_11-12	ARO:3007901	ACT-119	47	56.082979	57.482979	97.100000
E_11-12	ARO:3007902	ACT-120	34	61.811765	62.932353	95.500000
E_11-12	ARO:3007903	ACT-121	43	68.023256	70.946512	95.500000
E_11-12	ARO:3007904	ACT-122	22	62.159091	62.622727	87.800000
E_11-12	ARO:3007905	ACT-123	15	62.573333	59.146667	103.000000
E_11-12	ARO:3007906	ACT-124	7	49.371429	48.242857	75.100000
E_11-12	ARO:3007907	ACT-131	41	70.446341	65.404878	103.000000
E_11-12	ARO:3007908	ACT-140	32	73.750000	78.715625	103.000000
E_11-12	ARO:3007909	ACT-141	96	43.942708	42.585417	87.800000
E_11-12	ARO:3007910	ACT-142	41	75.280488	74.495122	109.000000
E_11-12	ARO:3007911	ACT-143	19	77.589474	83.300000	112.000000
E_11-12	ARO:3007912	ACT-144	18	46.716667	44.450000	102.000000
E_11-12	ARO:3007913	ACT-145	26	93.526923	92.084615	108.000000
E_11-12	ARO:3007914	ACT-146	46	78.389130	83.739130	103.000000
E_11-12	ARO:3007915	ACT-148	16	59.481250	56.912500	68.900000
E_11-12	ARO:3007916	ACT-150	76	51.413158	51.164474	110.000000
E_11-12	ARO:3007917	ACT-151	69	42.686957	40.200000	50.400000
E_11-12	ARO:3007918	ACT-153	25	74.900000	79.408000	99.000000
E_11-12	ARO:3007919	ACT-154	18	64.883333	67.872222	112.000000
E_11-12	ARO:3007920	ACT-155	69	42.686957	40.200000	50.400000
E_11-12	ARO:3007921	ACT-156	50	59.920000	60.632000	111.000000
E_11-12	ARO:3007922	ACT-157	68	42.670588	40.050000	47.800000
E_11-12	ARO:3007923	ACT-158	25	45.372000	43.908000	102.000000
E_11-12	ARO:3007924	ACT-159	18	81.227778	74.216667	112.000000
E_11-12	ARO:3007925	ACT-160	46	78.432609	83.771739	103.000000
E_11-12	ARO:3007926	ACT-161	36	62.952778	63.594444	109.000000
E_11-12	ARO:3007927	ACT-162	22	64.763636	65.545455	109.000000
E_11-12	ARO:3007928	ACT-165	49	74.771429	79.961224	103.000000
E_11-12	ARO:3007929	ACT-166	29	62.737931	63.065517	103.000000
E_11-12	ARO:3007930	ACT-167	21	93.147619	98.985714	111.000000
E_11-12	ARO:3007931	ACT-168	15	80.993333	85.626667	112.000000
E_11-12	ARO:3007932	ACT-169	7	92.200000	92.771429	110.000000
E_11-12	ARO:3007933	ACT-170	28	76.585714	82.907143	99.000000
E_11-12	ARO:3007934	ACT-171	14	63.814286	60.592857	103.000000
E_11-12	ARO:3007935	ACT-172	29	75.200000	80.075862	103.000000
E_11-12	ARO:3007936	ACT-173	39	84.541026	87.774359	108.000000
E_11-12	ARO:3007937	ACT-174	9	47.388889	47.988889	103.000000
E_11-12	ARO:3007938	ACT-175	8	57.850000	61.750000	99.000000
E_11-12	ARO:3007939	ACT-176	13	83.284615	86.784615	108.000000
E_11-12	ARO:3007940	ACT-177	54	80.900000	79.850000	110.000000
E_11-12	ARO:3007941	ACT-178	146	48.100685	43.669863	103.000000
E_11-12	ARO:3007942	ACT-179	1	98.000000	103.000000	103.000000
E_11-12	ARO:3007943	ACT-180	7	79.628571	81.457143	108.000000
E_11-12	ARO:3007944	ACT-181	67	49.238806	48.611940	110.000000
E_11-12	ARO:3007945	ACT-182	38	85.750000	86.584211	110.000000
E_11-12	ARO:3007946	ACT-183	23	57.026087	56.217391	103.000000
E_11-12	ARO:3007947	ACT-184	40	46.007500	41.455000	47.800000
E_11-12	ARO:3007948	ACT-185	29	70.017241	72.082759	110.000000
E_11-12	ARO:3007949	ACT-186	13	61.184615	57.330769	68.900000
E_11-12	ARO:3007950	ACT-187	14	82.735714	90.764286	112.000000
E_11-12	ARO:3007951	ACT-188	29	79.231034	85.717241	103.000000
E_11-12	ARO:3007952	ACT-189	14	60.928571	64.221429	73.200000
E_11-12	ARO:3007953	ACT-190	5	87.060000	87.140000	112.000000
E_11-12	ARO:3007954	ACT-191	1	47.900000	42.400000	42.400000
E_11-12	ARO:3007955	ACT-192	12	54.166667	55.191667	103.000000
E_11-12	ARO:3007956	ACT-193	12	78.691667	81.341667	108.000000
E_11-12	ARO:3007958	ACT-85	91	50.760440	48.916484	109.000000
E_11-12	ARO:3007959	ACT-86	90	51.276667	49.560000	109.000000
E_11-12	ARO:3007960	ACT-88	57	51.603509	53.440351	103.000000
E_11-12	ARO:3007961	ACT-89	6	50.450000	44.066667	48.900000
E_11-12	ARO:3007962	ACT-90	16	50.293750	50.231250	103.000000
E_11-12	ARO:3007963	ACT-91	18	80.305556	84.794444	108.000000
E_11-12	ARO:3007964	ACT-92	22	94.990909	94.913636	110.000000
E_11-12	ARO:3007965	ACT-93	23	93.656522	94.191304	111.000000
E_11-12	ARO:3007967	ACT-95	10	79.850000	83.400000	112.000000
E_11-12	ARO:3007968	ACT-96	11	81.118182	87.518182	112.000000
E_11-12	ARO:3007969	ACT-97	6	98.633333	100.066667	110.000000
E_11-12	ARO:3007970	ACT-98	35	63.597143	64.248571	110.000000
E_11-12	ARO:3007971	ACT-99	14	61.650000	65.700000	109.000000
E_11-12	ARO:3007973	ADC-257	50	64.856000	68.670000	75.900000
E_11-12	ARO:3007975	ADC-259	21	59.142857	60.200000	70.500000
E_11-12	ARO:3007980	ADC-264	411	60.783455	64.230657	88.200000
E_11-12	ARO:3007981	ADC-265	369	62.850949	66.940108	80.100000
E_11-12	ARO:3007982	ADC-266	213	60.983099	66.564789	85.500000
E_11-12	ARO:3007983	ADC-267	20	63.655000	48.700000	58.900000
E_11-12	ARO:3007985	ADC-269	2	49.000000	58.900000	58.900000
E_11-12	ARO:3007986	ADC-270	18	54.466667	55.638889	63.500000
E_11-12	ARO:3007987	ADC-271	1	56.900000	57.800000	57.800000
E_11-12	ARO:3007988	ADC-272	14	49.978571	52.600000	61.600000
E_11-12	ARO:3007990	ADC-274	299	63.854515	64.904682	79.000000
E_11-12	ARO:3007991	ADC-275	8	54.900000	55.262500	74.700000
E_11-12	ARO:3007992	ADC-276	20	63.655000	48.700000	58.900000
E_11-12	ARO:3007993	ADC-277	50	67.136000	70.664000	79.700000
E_11-12	ARO:3007994	ADC-278	20	65.125000	65.240000	73.900000
E_11-12	ARO:3007996	ADC-280	6	62.050000	63.416667	65.100000
E_11-12	ARO:3007997	ADC-281	83	63.540964	68.491566	78.200000
E_11-12	ARO:3007998	ADC-282	312	61.852885	65.471154	80.100000
E_11-12	ARO:3007999	ADC-283	1	58.000000	64.700000	64.700000
E_11-12	ARO:3008000	ADC-284	2	49.000000	58.900000	58.900000
E_11-12	ARO:3008001	ADC-285	359	64.803900	67.466852	86.700000
E_11-12	ARO:3008002	ADC-286	13	61.176923	65.230769	79.300000
E_11-12	ARO:3008003	ADC-287	12	62.191667	66.041667	79.300000
E_11-12	ARO:3008004	ADC-288	301	65.385050	73.114950	85.100000
E_11-12	ARO:3008005	ADC-289	206	61.431553	67.101942	85.500000
E_11-12	ARO:3008006	ADC-290	504	66.523016	71.757540	89.000000
E_11-12	ARO:3008007	ADC-291	73	66.612329	69.268493	77.800000
E_11-12	ARO:3008008	ADC-292	295	67.600000	70.784746	86.300000
E_11-12	ARO:3008011	ADC-295	263	59.127757	62.435741	80.100000
E_11-12	ARO:3008012	ADC-302	9	46.155556	50.400000	74.700000
E_11-12	ARO:3008013	ADC-303	1	56.900000	57.800000	57.800000
E_11-12	ARO:3008016	ADC-306	166	62.562651	67.250602	85.100000
E_11-12	ARO:3008017	ADC-307	1	56.900000	57.800000	57.800000
E_11-12	ARO:3008018	ADC-308	87	68.420690	61.964368	80.500000
E_11-12	ARO:3008019	ADC-309	2	54.200000	57.000000	57.000000
E_11-12	ARO:3008020	ADC-310	43	65.053488	68.076744	74.300000
E_11-12	ARO:3008021	ADC-311	87	68.420690	61.964368	80.500000
E_11-12	ARO:3008023	ADC-313	2	57.100000	64.500000	74.700000
E_11-12	ARO:3008024	ADC-314	507	66.772781	71.790138	89.000000
E_11-12	ARO:3008025	ADC-315	1	56.900000	57.800000	57.800000
E_11-12	ARO:3008026	ADC-316	13	57.207692	63.223077	75.100000
E_11-12	ARO:3008028	ADC-318	199	62.166834	67.800000	78.600000
E_11-12	ARO:3008031	ADC-321	230	65.846522	67.636087	84.300000
E_11-12	ARO:3008032	ADC-322	40	61.480000	66.430000	76.600000
E_11-12	ARO:3008033	ADC-323	1	49.000000	55.800000	55.800000
E_11-12	ARO:3008034	ADC-324	302	66.307285	76.745033	87.800000
E_11-12	ARO:3008035	ADC-325	12	58.025000	64.933333	75.100000
E_11-12	ARO:3008036	ADC-326	32	73.006250	81.050000	85.100000
E_11-12	ARO:3008039	ADC-329	50	67.318000	70.972000	79.700000
E_11-12	ARO:3008041	ADC-331	2	57.100000	64.500000	74.700000
E_11-12	ARO:3008042	ADC-332	98	60.436735	61.301020	74.700000
E_11-12	ARO:3008043	ADC-333	5	64.780000	65.860000	67.800000
E_11-12	ARO:3008044	ADC-334	213	60.340845	66.534272	85.500000
E_11-12	ARO:3008045	ADC-335	597	63.238861	66.411055	81.300000
E_11-12	ARO:3008046	ADC-336	6	64.766667	74.733333	75.900000
E_11-12	ARO:3008051	ADC-341	3	56.966667	59.166667	60.800000
E_11-12	ARO:3008052	ADC-342	4	60.450000	65.175000	74.700000
E_11-12	ARO:3008053	ADC-343	62	57.237097	58.929032	79.300000
E_11-12	ARO:3008054	ADC-344	14	64.778571	68.142857	79.300000
E_11-12	ARO:3008057	ADC-347	248	63.141532	63.802823	77.800000
E_11-12	ARO:3008058	ADC-348	49	65.018367	68.891837	75.900000
E_11-12	ARO:3008060	ADC-350	243	61.358025	66.082305	85.500000
E_11-12	ARO:3008061	ADC-351	10	63.710000	69.120000	79.300000
E_11-12	ARO:3008062	ADC-352	259	64.722394	67.488031	79.300000
E_11-12	ARO:3008063	ADC-353	118	56.338983	59.892373	79.300000
E_11-12	ARO:3008064	ADC-354	9	68.088889	70.988889	77.400000
E_11-12	ARO:3008066	ADC-356	31	72.000000	79.764516	86.300000
E_11-12	ARO:3008067	ADC-357	363	68.860882	73.905785	86.300000
E_11-12	ARO:3008068	ADC-358	232	60.830172	65.703017	85.500000
E_11-12	ARO:3008069	ADC-359	306	65.878758	67.068301	84.700000
E_11-12	ARO:3008070	AFM-3	3	65.933333	48.533333	53.500000
E_11-12	ARO:3008071	AFM-4	3	65.933333	48.533333	53.500000
E_11-12	ARO:3008072	AFM-5	6	71.150000	75.950000	108.000000
E_11-12	ARO:3008073	AIM-2	194	53.624742	51.714948	94.000000
E_11-12	ARO:3008074	ASU1-1	77	54.927273	53.319481	80.500000
E_11-12	ARO:3008075	AXC-6	157	60.364968	61.014013	76.300000
E_11-12	ARO:3008076	AXC-7	157	60.364968	61.092994	77.400000
E_11-12	ARO:3008077	AXC-8	154	60.777273	61.216234	77.400000
E_11-12	ARO:3008078	B3SU1-1	235	51.196596	47.147234	89.000000
E_11-12	ARO:3008079	B3SU2-1	231	55.096970	55.614286	87.800000
E_11-12	ARO:3008080	BIC-2	14	51.992857	50.971429	63.500000
E_11-12	ARO:3008081	BMHC-1	60	62.783333	66.930000	94.400000
E_11-12	ARO:3008082	BOR-1	172	57.747674	57.147093	88.600000
E_11-12	ARO:3008083	CAM-2	71	56.946479	64.535211	86.300000
E_11-12	ARO:3008084	CME-3	550	59.406182	60.739636	89.000000
E_11-12	ARO:3008085	CMH-10	49	68.946939	71.602041	103.000000
E_11-12	ARO:3008086	CMH-11	43	68.106977	69.753488	104.000000
E_11-12	ARO:3008087	CMH-12	41	69.804878	71.748780	103.000000
E_11-12	ARO:3008088	CMH-13	27	75.133333	79.348148	104.000000
E_11-12	ARO:3008089	CMH-14	47	70.965957	73.429787	104.000000
E_11-12	ARO:3008090	CMH-15	46	70.821739	73.126087	104.000000
E_11-12	ARO:3008091	CMH-16	44	70.290909	72.250000	104.000000
E_11-12	ARO:3008092	CMH-17	14	68.914286	70.500000	95.900000
E_11-12	ARO:3008093	CMH-18	43	69.600000	71.534884	104.000000
E_11-12	ARO:3008094	CMH-19	40	69.357500	70.625000	104.000000
E_11-12	ARO:3008095	CMH-20	28	73.950000	77.696429	104.000000
E_11-12	ARO:3008096	CMH-21	37	68.218919	69.097297	103.000000
E_11-12	ARO:3008097	CMH-24	36	68.888889	69.697222	104.000000
E_11-12	ARO:3008098	CMH-25	32	67.384375	68.053125	103.000000
E_11-12	ARO:3008099	CMH-26	27	67.407407	66.992593	103.000000
E_11-12	ARO:3008100	CMH-27	31	65.041935	66.677419	104.000000
E_11-12	ARO:3008101	CMH-28	17	69.882353	68.200000	104.000000
E_11-12	ARO:3008102	CMH-29	21	67.371429	66.457143	103.000000
E_11-12	ARO:3008103	CMH-30	33	68.121212	68.475758	103.000000
E_11-12	ARO:3008104	CMH-31	35	68.914286	69.614286	104.000000
E_11-12	ARO:3008105	CMH-32	11	71.700000	73.481818	95.900000
E_11-12	ARO:3008106	CMH-33	33	64.115152	65.054545	103.000000
E_11-12	ARO:3008107	CMH-34	11	76.327273	78.736364	99.400000
E_11-12	ARO:3008108	CMH-7	17	67.870588	67.129412	104.000000
E_11-12	ARO:3008109	CMH-8	24	65.725000	66.354167	102.000000
E_11-12	ARO:3008110	CMH-9	17	75.994118	79.752941	103.000000
E_11-12	ARO:3008111	CMY-172	200	86.299500	87.815500	115.000000
E_11-12	ARO:3008112	CMY-175	6	71.133333	82.150000	107.000000
E_11-12	ARO:3008113	CMY-176	12	72.733333	73.741667	107.000000
E_11-12	ARO:3008115	CMY-178	205	83.867317	85.007805	115.000000
E_11-12	ARO:3008116	CMY-179	27	71.788889	76.385185	106.000000
E_11-12	ARO:3008117	CMY-180	5	87.620000	92.980000	107.000000
E_11-12	ARO:3008118	CMY-181	1	98.000000	105.000000	105.000000
E_11-12	ARO:3008119	CMY-182	25	67.596000	74.168000	103.000000
E_11-12	ARO:3008120	CMY-183	8	88.887500	79.362500	106.000000
E_11-12	ARO:3008121	CMY-184	22	85.840909	92.172727	108.000000
E_11-12	ARO:3008122	CMY-186	15	94.120000	100.280000	108.000000
E_11-12	ARO:3008123	CMY-188	4	85.025000	85.075000	105.000000
E_11-12	ARO:3008124	CMY-189	4	85.025000	85.075000	105.000000
E_11-12	ARO:3008125	CMY-190	18	61.450000	60.611111	100.000000
E_11-12	ARO:3008126	CMY-191	1	98.000000	107.000000	107.000000
E_11-12	ARO:3008127	CMY-192	1	77.300000	74.300000	74.300000
E_11-12	ARO:3008128	CMY-194	10	99.800000	105.900000	108.000000
E_11-12	ARO:3008129	CMY-195	1	100.000000	108.000000	108.000000
E_11-12	ARO:3008130	CMY-196	1	98.000000	107.000000	107.000000
E_11-12	ARO:3008131	CMY-197	1	100.000000	108.000000	108.000000
E_11-12	ARO:3008134	CTX-M-243	2	47.300000	46.000000	48.900000
E_11-12	ARO:3008135	CTX-M-245	2	42.300000	46.400000	47.000000
E_11-12	ARO:3008136	CTX-M-246	10	55.750000	52.630000	64.700000
E_11-12	ARO:3008137	CTX-M-247	21	56.014286	57.742857	74.300000
E_11-12	ARO:3008138	CTX-M-248	22	56.468182	58.095455	74.300000
E_11-12	ARO:3008139	CTX-M-249	22	56.468182	58.095455	74.300000
E_11-12	ARO:3008140	CTX-M-251	1	69.400000	67.800000	67.800000
E_11-12	ARO:3008141	CTX-M-252	23	55.365217	57.126087	74.300000
E_11-12	ARO:3008142	CTX-M-253	73	60.438356	57.794521	102.000000
E_11-12	ARO:3008143	CTX-M-254	2	56.400000	50.800000	53.500000
E_11-12	ARO:3008144	CTX-M-255	1	50.000000	57.000000	57.000000
E_11-12	ARO:3008148	CTX-M-259	4	52.900000	49.700000	55.100000
E_11-12	ARO:3008149	CTX-M-260	6	38.966667	45.566667	50.400000
E_11-12	ARO:3008150	CTX-M-261	4	51.000000	49.025000	54.300000
E_11-12	ARO:3008153	CTX-M-264	5	61.240000	55.540000	60.100000
E_11-12	ARO:3008154	CTX-M-265	5	61.240000	55.540000	60.100000
E_11-12	ARO:3008155	CTX-M-266	5	49.200000	43.800000	47.400000
E_11-12	ARO:3008156	CTX-M-267	13	55.992308	57.446154	65.500000
E_11-12	ARO:3008157	CTX-M-268	3	53.833333	63.033333	67.800000
E_11-12	ARO:3008158	CTX-M-269	14	56.707143	58.292857	69.300000
E_11-12	ARO:3008159	CTX-M-270	27	69.625926	64.640741	102.000000
E_11-12	ARO:3008160	CTX-M-271	8	61.975000	58.650000	65.500000
E_11-12	ARO:3008161	CTX-M-272	37	64.043243	62.848649	102.000000
E_11-12	ARO:3008162	CTX-M-273	3	60.766667	57.666667	60.500000
E_11-12	ARO:3008164	CTX-M-275	4	56.200000	62.300000	64.700000
E_11-12	ARO:3008165	CTX-M-276	6	63.966667	61.550000	67.400000
E_11-12	ARO:3008166	CTX-M-277	16	59.693750	65.450000	83.600000
E_11-12	ARO:3008168	DHA-30	58	55.206897	55.013793	70.900000
E_11-12	ARO:3008169	DHA-31	77	65.510390	69.654545	107.000000
E_11-12	ARO:3008170	DHA-32	67	63.541791	67.619403	107.000000
E_11-12	ARO:3008171	DHA-33	75	83.032000	80.841333	107.000000
E_11-12	ARO:3008172	DHA-34	68	84.875000	84.498529	107.000000
E_11-12	ARO:3008173	FONA-10	101	56.181188	55.539604	105.000000
E_11-12	ARO:3008174	FONA-11	74	57.536486	56.645946	105.000000
E_11-12	ARO:3008175	FONA-12	71	58.474648	57.036620	105.000000
E_11-12	ARO:3008176	FONA-13	74	57.324324	56.608108	105.000000
E_11-12	ARO:3008177	FONA-7	99	57.859596	57.077778	105.000000
E_11-12	ARO:3008178	FONA-8	93	57.360215	56.481720	105.000000
E_11-12	ARO:3008179	FONA-9	87	57.277011	56.181609	105.000000
E_11-12	ARO:3008180	FOX-18	137	74.009489	73.454015	110.000000
E_11-12	ARO:3008181	FOX-19	144	75.945139	75.067361	104.000000
E_11-12	ARO:3008182	FOX-20	135	77.129630	75.704444	105.000000
E_11-12	ARO:3008183	FOX-21	152	73.359868	72.936842	109.000000
E_11-12	ARO:3008184	FRI-12	58	52.031034	50.943103	69.300000
E_11-12	ARO:3008185	GES-58	172	98.426163	97.797093	104.000000
E_11-12	ARO:3008186	GES-59	142	67.057746	67.145775	105.000000
E_11-12	ARO:3008187	GES-60	116	99.131034	98.030172	104.000000
E_11-12	ARO:3008188	GES-61	166	99.198795	98.845783	105.000000
E_11-12	ARO:3008189	GES-62	86	81.004651	79.015116	103.000000
E_11-12	ARO:3008191	GES-66	38	71.831579	70.871053	104.000000
E_11-12	ARO:3008192	GIM-3	12	38.375000	41.700000	48.500000
E_11-12	ARO:3008193	GMA-1	86	53.061628	56.105814	75.100000
E_11-12	ARO:3008194	GMA-2	77	52.618182	56.379221	75.100000
E_11-12	ARO:3008195	GOB-17	37	51.075676	51.059459	69.300000
E_11-12	ARO:3008196	GOB-47	31	51.303226	51.306452	69.300000
E_11-12	ARO:3008197	GOB-52	14	50.421429	50.028571	78.600000
E_11-12	ARO:3008198	GOB-53	24	48.479167	41.304167	55.100000
E_11-12	ARO:3008199	HBL-1	178	51.737640	49.262921	74.300000
E_11-12	ARO:3008200	HER-1	200	58.518500	59.938000	77.400000
E_11-12	ARO:3008201	HER-2	196	58.298469	59.988776	77.400000
E_11-12	ARO:3008202	HER-3	196	58.669388	60.299490	77.400000
E_11-12	ARO:3008203	HER-4	183	59.042623	60.449180	77.400000
E_11-12	ARO:3008204	HER-5	191	58.896859	60.585864	77.400000
E_11-12	ARO:3008205	HER-6	208	59.104808	59.561058	77.400000
E_11-12	ARO:3008206	HER-8	206	59.699515	61.087864	77.400000
E_11-12	ARO:3008207	HMB-2	16	49.431250	43.268750	59.700000
E_11-12	ARO:3008208	IMI-10	40	46.735000	48.492500	64.300000
E_11-12	ARO:3008209	IMI-22	65	44.623077	46.826154	67.800000
E_11-12	ARO:3008210	IMI-23	52	48.196154	50.184615	68.200000
E_11-12	ARO:3008211	IMI-24	42	53.009524	54.188095	73.900000
E_11-12	ARO:3008212	IMI-25	40	53.420000	54.287500	73.900000
E_11-12	ARO:3008213	IMI-26	38	45.600000	46.452632	63.500000
E_11-12	ARO:3008214	IMI-27	86	45.951163	46.323256	67.000000
E_11-12	ARO:3008215	IMP-100	16	80.956250	81.093750	112.000000
E_11-12	ARO:3008216	IMP-101	7	76.614286	64.585714	88.600000
E_11-12	ARO:3008217	IMP-102	6	75.433333	79.066667	103.000000
E_11-12	ARO:3008218	IMP-104	5	80.060000	70.980000	102.000000
E_11-12	ARO:3008219	IMP-105	12	65.441667	68.250000	114.000000
E_11-12	ARO:3008220	IMP-86	7	70.800000	79.028571	114.000000
E_11-12	ARO:3008221	IMP-87	7	70.800000	79.028571	114.000000
E_11-12	ARO:3008222	IMP-90	15	63.933333	66.273333	109.000000
E_11-12	ARO:3008223	IMP-97	5	87.420000	84.160000	104.000000
E_11-12	ARO:3008224	IMP-98	3	81.700000	81.466667	102.000000
E_11-12	ARO:3008225	IMP-99	5	72.260000	74.120000	97.100000
E_11-12	ARO:3008226	IND-18	38	51.226316	54.878947	81.600000
E_11-12	ARO:3008227	IND-19	15	52.473333	60.806667	79.300000
E_11-12	ARO:3008228	KHM-2	16	45.862500	42.587500	53.100000
E_11-12	ARO:3008229	KLUC-6	71	57.115493	54.122535	82.800000
E_11-12	ARO:3008230	KLUG-1	30	53.576667	52.766667	96.300000
E_11-12	ARO:3008232	KPC-102	6	58.966667	55.066667	61.200000
E_11-12	ARO:3008242	KPC-112	92	62.845652	62.627174	105.000000
E_11-12	ARO:3008245	KPC-115	67	65.989552	67.088060	109.000000
E_11-12	ARO:3008248	KPC-118	24	52.650000	54.200000	62.800000
E_11-12	ARO:3008250	KPC-120	5	59.780000	61.840000	66.200000
E_11-12	ARO:3008253	KPC-124	63	66.057143	67.384127	109.000000
E_11-12	ARO:3008254	KPC-126	2	52.650000	51.050000	52.800000
E_11-12	ARO:3008262	KPC-136	1	46.900000	42.700000	42.700000
E_11-12	ARO:3008263	KPC-137	1	49.000000	45.400000	45.400000
E_11-12	ARO:3008264	KPC-138	1	48.000000	51.600000	51.600000
E_11-12	ARO:3008270	KPC-144	3	44.166667	41.066667	43.500000
E_11-12	ARO:3008275	KPC-149	1	46.900000	44.300000	44.300000
E_11-12	ARO:3008276	KPC-150	76	65.007895	65.235526	109.000000
E_11-12	ARO:3008277	KPC-151	91	66.257143	66.681319	105.000000
E_11-12	ARO:3008279	KPC-153	1	49.000000	51.200000	51.200000
E_11-12	ARO:3008281	KPC-155	5	79.200000	66.640000	101.000000
E_11-12	ARO:3008284	KPC-158	3	56.200000	47.733333	53.100000
E_11-12	ARO:3008285	KPC-159	77	65.848052	66.081818	105.000000
E_11-12	ARO:3008286	KPC-160	55	71.358182	71.434545	109.000000
E_11-12	ARO:3008290	KPC-164	1	47.100000	50.800000	50.800000
E_11-12	ARO:3008292	KPC-166	5	99.180000	89.880000	109.000000
E_11-12	ARO:3008294	KPC-168	5	42.580000	41.380000	44.700000
E_11-12	ARO:3008295	KPC-169	89	65.873034	65.730337	109.000000
E_11-12	ARO:3008300	KPC-174	25	70.284000	68.600000	101.000000
E_11-12	ARO:3008304	KPC-178	1	46.900000	42.700000	42.700000
E_11-12	ARO:3008305	KPC-179	38	64.850000	62.684211	80.900000
E_11-12	ARO:3008306	KPC-180	28	51.292857	50.707143	57.800000
E_11-12	ARO:3008307	KPC-181	1	49.000000	51.200000	51.200000
E_11-12	ARO:3008310	KPC-184	1	49.000000	51.200000	51.200000
E_11-12	ARO:3008311	KPC-185	13	69.207692	65.023077	82.800000
E_11-12	ARO:3008312	KPC-186	57	71.785965	72.122807	109.000000
E_11-12	ARO:3008313	KPC-187	23	51.973913	52.208696	57.800000
E_11-12	ARO:3008316	KPC-190	3	56.200000	47.733333	53.100000
E_11-12	ARO:3008317	KPC-191	13	72.230769	69.584615	109.000000
E_11-12	ARO:3008323	KPC-197	5	51.160000	54.780000	70.100000
E_11-12	ARO:3008324	KPC-201	72	65.359722	65.443056	109.000000
E_11-12	ARO:3008326	KPC-203	1	40.400000	48.100000	48.100000
E_11-12	ARO:3008333	KPC-211	93	64.691398	64.580645	109.000000
E_11-12	ARO:3008336	KPC-214	3	54.766667	52.266667	59.700000
E_11-12	ARO:3008337	KPC-215	8	47.937500	48.337500	60.100000
E_11-12	ARO:3008339	KPC-217	7	48.728571	47.857143	55.500000
E_11-12	ARO:3008340	KPC-218	2	47.950000	46.950000	51.200000
E_11-12	ARO:3008343	KPC-225	85	63.365882	63.837647	109.000000
E_11-12	ARO:3008344	KPC-226	71	69.495775	69.800000	105.000000
E_11-12	ARO:3008346	KPC-228	85	64.897647	64.678824	109.000000
E_11-12	ARO:3008348	KPC-231	1	50.000000	52.800000	52.800000
E_11-12	ARO:3008349	KPC-232	6	51.066667	50.200000	58.500000
E_11-12	ARO:3008351	KPC-234	5	59.480000	56.220000	61.200000
E_11-12	ARO:3008353	KPC-237	16	60.668750	57.987500	109.000000
E_11-12	ARO:3008354	KPC-238	52	68.892308	68.413462	105.000000
E_11-12	ARO:3008355	KPC-239	21	65.966667	67.023810	101.000000
E_11-12	ARO:3008356	KPC-240	79	63.989873	64.391139	109.000000
E_11-12	ARO:3008357	KPC-241	79	66.560759	66.144304	109.000000
E_11-12	ARO:3008359	KPC-47	5	48.380000	45.120000	51.200000
E_11-12	ARO:3008367	KPC-85	2	52.650000	51.050000	52.800000
E_11-12	ARO:3008368	KPC-88	1	37.500000	42.700000	42.700000
E_11-12	ARO:3008370	KPC-91	12	54.116667	57.650000	62.800000
E_11-12	ARO:3008371	KPC-92	35	76.474286	78.051429	109.000000
E_11-12	ARO:3008372	LHK-7	121	70.761157	69.444628	108.000000
E_11-12	ARO:3008373	MIR-24	3	99.333333	100.566667	107.000000
E_11-12	ARO:3008374	MIR-25	11	84.000000	80.790909	107.000000
E_11-12	ARO:3008375	MIR-27	2	99.000000	106.000000	107.000000
E_11-12	ARO:3008376	MIR-28	1	100.000000	89.700000	89.700000
E_11-12	ARO:3008377	MIR-30	3	87.766667	93.633333	107.000000
E_11-12	ARO:3008378	MIR-31	2	77.650000	79.200000	108.000000
E_11-12	ARO:3008379	MIR-32	3	70.066667	66.366667	89.700000
E_11-12	ARO:3008380	MIR-33	1	100.000000	105.000000	105.000000
E_11-12	ARO:3008381	MIR-34	3	69.000000	65.966667	89.700000
E_11-12	ARO:3008382	MIR-35	2	99.000000	96.800000	105.000000
E_11-12	ARO:3008383	MOX-15	260	88.839231	85.710385	108.000000
E_11-12	ARO:3008384	MOX-16	300	76.311667	77.158000	110.000000
E_11-12	ARO:3008385	MOX-17	445	81.428315	81.293483	110.000000
E_11-12	ARO:3008386	MOX-18	418	81.734928	82.385407	110.000000
E_11-12	ARO:3008387	MOX-19	261	87.183908	84.439847	110.000000
E_11-12	ARO:3008388	MOX-20	404	82.038614	83.019059	110.000000
E_11-12	ARO:3008389	MOX-21	396	82.189646	81.890152	110.000000
E_11-12	ARO:3008390	MOX-22	393	83.108397	82.694148	110.000000
E_11-12	ARO:3008391	MOX-23	371	82.519137	83.054987	110.000000
E_11-12	ARO:3008392	MOX-24	274	85.962409	83.375547	110.000000
E_11-12	ARO:3008393	MOX-25	252	88.279365	85.197222	110.000000
E_11-12	ARO:3008394	MUN-1	229	49.610480	53.203930	111.000000
E_11-12	ARO:3008395	MUN-6	221	49.195023	52.450679	108.000000
E_11-12	ARO:3008396	NDM-48	3	50.100000	50.566667	53.100000
E_11-12	ARO:3008397	NDM-49	3	50.100000	50.566667	53.100000
E_11-12	ARO:3008399	NDM-51	2	52.300000	52.550000	53.100000
E_11-12	ARO:3008400	NDM-52	6	83.733333	83.500000	106.000000
E_11-12	ARO:3008401	NDM-53	1	53.500000	52.000000	52.000000
E_11-12	ARO:3008402	NDM-54	7	98.542857	100.714286	106.000000
E_11-12	ARO:3008405	NDM-57	1	53.500000	52.000000	52.000000
E_11-12	ARO:3008406	NDM-58	4	97.450000	97.250000	101.000000
E_11-12	ARO:3008407	NDM-60	1	53.500000	52.000000	52.000000
E_11-12	ARO:3008408	NDM-61	7	75.528571	77.057143	106.000000
E_11-12	ARO:3008409	NDM-64	6	98.300000	100.666667	106.000000
E_11-12	ARO:3008410	NDM-65	4	80.225000	82.100000	97.800000
E_11-12	ARO:3008411	NDM-66	1	53.500000	52.000000	52.000000
E_11-12	ARO:3008412	NDM-67	1	53.500000	52.000000	52.000000
E_11-12	ARO:3008413	NDM-68	1	46.000000	54.300000	54.300000
E_11-12	ARO:3008414	NDM-69	2	100.000000	97.800000	97.800000
E_11-12	ARO:3008419	NDM-74	2	51.200000	42.000000	42.000000
E_11-12	ARO:3008421	OXA-1000	11	53.372727	54.581818	57.000000
E_11-12	ARO:3008422	OXA-1001	107	71.500935	69.841121	98.600000
E_11-12	ARO:3008423	OXA-1002	10	62.870000	61.810000	79.000000
E_11-12	ARO:3008424	OXA-1003	51	74.405882	78.582353	90.100000
E_11-12	ARO:3008425	OXA-1004	22	76.263636	82.445455	98.600000
E_11-12	ARO:3008426	OXA-1005	55	74.529091	78.778182	102.000000
E_11-12	ARO:3008427	OXA-1006	12	51.475000	51.758333	104.000000
E_11-12	ARO:3008428	OXA-1007	24	73.345833	76.620833	82.400000
E_11-12	ARO:3008429	OXA-1008	8	65.487500	63.262500	93.200000
E_11-12	ARO:3008430	OXA-1009	12	78.558333	85.133333	91.300000
E_11-12	ARO:3008431	OXA-1010	26	74.303846	77.480769	93.600000
E_11-12	ARO:3008432	OXA-1011	1002	56.630339	60.500898	115.000000
E_11-12	ARO:3008433	OXA-1012	552	53.177899	53.201993	104.000000
E_11-12	ARO:3008435	OXA-1014	109	59.672477	60.937615	112.000000
E_11-12	ARO:3008436	OXA-1015	399	87.062155	85.921554	111.000000
E_11-12	ARO:3008437	OXA-1016	1173	52.867093	57.289173	90.500000
E_11-12	ARO:3008438	OXA-1017	534	67.119476	66.674532	108.000000
E_11-12	ARO:3008439	OXA-1018	30	62.286667	66.760000	112.000000
E_11-12	ARO:3008440	OXA-1019	23	55.673913	58.430435	100.000000
E_11-12	ARO:3008441	OXA-1020	87	56.341379	57.573563	99.000000
E_11-12	ARO:3008442	OXA-1021	53	57.796226	59.622642	69.300000
E_11-12	ARO:3008443	OXA-1022	67	59.247761	60.438806	100.000000
E_11-12	ARO:3008444	OXA-1023	96	51.645833	54.000000	103.000000
E_11-12	ARO:3008445	OXA-1024	64	59.982813	61.129688	100.000000
E_11-12	ARO:3008446	OXA-1025	82	56.159756	57.562195	100.000000
E_11-12	ARO:3008447	OXA-1026	72	56.298611	57.180556	75.500000
E_11-12	ARO:3008448	OXA-1027	69	58.247826	58.450725	99.000000
E_11-12	ARO:3008449	OXA-1028	67	56.253731	57.286567	75.500000
E_11-12	ARO:3008450	OXA-1029	11	63.663636	60.990909	99.000000
E_11-12	ARO:3008451	OXA-1030	6	80.266667	82.350000	100.000000
E_11-12	ARO:3008452	OXA-1031	17	64.529412	63.370588	100.000000
E_11-12	ARO:3008453	OXA-1032	53	61.135849	61.556604	99.000000
E_11-12	ARO:3008454	OXA-1033	1	72.000000	80.100000	80.100000
E_11-12	ARO:3008455	OXA-1034	4	90.150000	90.400000	100.000000
E_11-12	ARO:3008456	OXA-1035	3	71.733333	59.833333	99.000000
E_11-12	ARO:3008457	OXA-1036	39	67.825641	67.812821	105.000000
E_11-12	ARO:3008458	OXA-1037	566	82.616078	82.397703	114.000000
E_11-12	ARO:3008459	OXA-1040	16	69.112500	71.700000	103.000000
E_11-12	ARO:3008460	OXA-1041	507	77.622091	80.241420	111.000000
E_11-12	ARO:3008461	OXA-1042	515	83.448155	81.215728	109.000000
E_11-12	ARO:3008462	OXA-1043	52	50.107692	50.603846	75.900000
E_11-12	ARO:3008463	OXA-1044	801	93.345443	89.777778	114.000000
E_11-12	ARO:3008464	OXA-1045	10	46.370000	50.640000	55.800000
E_11-12	ARO:3008465	OXA-1046	788	95.720178	93.630964	111.000000
E_11-12	ARO:3008466	OXA-1047	1	42.900000	40.000000	40.000000
E_11-12	ARO:3008467	OXA-1048	3	46.333333	47.233333	54.700000
E_11-12	ARO:3008468	OXA-1049	512	72.687305	72.782617	117.000000
E_11-12	ARO:3008469	OXA-1050	15	82.160000	84.413333	93.200000
E_11-12	ARO:3008470	OXA-1051	150	63.526000	63.208000	95.500000
E_11-12	ARO:3008471	OXA-1052	69	73.017391	72.969565	98.600000
E_11-12	ARO:3008472	OXA-1053	334	86.144611	83.858084	111.000000
E_11-12	ARO:3008473	OXA-1055	419	53.596181	53.577566	104.000000
E_11-12	ARO:3008474	OXA-1056	1411	53.505103	56.885967	82.800000
E_11-12	ARO:3008475	OXA-1057	1432	53.846439	57.466690	83.200000
E_11-12	ARO:3008485	OXA-1067	1	69.400000	74.300000	74.300000
E_11-12	ARO:3008486	OXA-1068	1	69.400000	74.300000	74.300000
E_11-12	ARO:3008487	OXA-1069	1	88.900000	69.700000	69.700000
E_11-12	ARO:3008491	OXA-1073	45	70.822222	74.957778	81.300000
E_11-12	ARO:3008494	OXA-1076	2	71.400000	76.450000	76.600000
E_11-12	ARO:3008499	OXA-1081	29	63.148276	65.051724	104.000000
E_11-12	ARO:3008500	OXA-1082	346	81.536416	81.004913	117.000000
E_11-12	ARO:3008501	OXA-1083	501	72.698004	74.255090	119.000000
E_11-12	ARO:3008502	OXA-1084	308	79.505519	77.986688	117.000000
E_11-12	ARO:3008503	OXA-1085	836	69.063517	70.977871	117.000000
E_11-12	ARO:3008504	OXA-1086	427	89.253162	81.762998	107.000000
E_11-12	ARO:3008505	OXA-1087	247	85.312146	82.189069	111.000000
E_11-12	ARO:3008506	OXA-1088	537	94.030168	91.947672	108.000000
E_11-12	ARO:3008507	OXA-1089	748	52.830749	54.758289	82.800000
E_11-12	ARO:3008508	OXA-1090	15	51.413333	47.906667	57.400000
E_11-12	ARO:3008509	OXA-1091	216	54.924537	58.018056	92.000000
E_11-12	ARO:3008510	OXA-1092	1	42.900000	40.000000	40.000000
E_11-12	ARO:3008513	OXA-1095	7	41.600000	45.000000	51.600000
E_11-12	ARO:3008514	OXA-1096	1	81.600000	92.400000	92.400000
E_11-12	ARO:3008517	OXA-1099	393	50.796183	48.343511	93.600000
E_11-12	ARO:3008518	OXA-1100	400	50.526000	49.231750	93.600000
E_11-12	ARO:3008519	OXA-1101	473	51.428964	49.531290	92.000000
E_11-12	ARO:3008520	OXA-1102	325	50.037231	48.636923	90.500000
E_11-12	ARO:3008521	OXA-1103	329	49.982067	48.889058	89.000000
E_11-12	ARO:3008522	OXA-1104	330	49.729394	48.697576	89.000000
E_11-12	ARO:3008523	OXA-1105	326	49.711656	48.775153	90.500000
E_11-12	ARO:3008524	OXA-1106	246	50.500813	50.317480	89.000000
E_11-12	ARO:3008525	OXA-1107	306	50.054902	49.135621	90.500000
E_11-12	ARO:3008526	OXA-1108	3006	69.589222	72.417299	109.000000
E_11-12	ARO:3008528	OXA-1110	96	75.193750	76.519792	102.000000
E_11-12	ARO:3008529	OXA-1111	50	80.062000	78.254000	101.000000
E_11-12	ARO:3008530	OXA-1112	50	67.634000	68.050000	104.000000
E_11-12	ARO:3008531	OXA-1113	160	75.801875	76.600625	92.400000
E_11-12	ARO:3008532	OXA-1114	30	60.616667	53.730000	60.500000
E_11-12	ARO:3008533	OXA-1115	9	50.033333	54.600000	57.400000
E_11-12	ARO:3008534	OXA-1116	26	66.057692	62.319231	105.000000
E_11-12	ARO:3008537	OXA-1119	89	54.968539	57.769663	105.000000
E_11-12	ARO:3008538	OXA-1120	313	87.074441	84.357508	111.000000
E_11-12	ARO:3008539	OXA-1121	2	42.650000	48.300000	50.800000
E_11-12	ARO:3008540	OXA-1122	41	71.660976	76.402439	85.100000
E_11-12	ARO:3008541	OXA-1123	11	78.818182	87.063636	92.000000
E_11-12	ARO:3008542	OXA-1124	42	61.721429	61.657143	100.000000
E_11-12	ARO:3008543	OXA-1125	13	53.346154	55.707692	100.000000
E_11-12	ARO:3008544	OXA-1126	56	56.683929	57.426786	69.300000
E_11-12	ARO:3008545	OXA-1127	14	55.378571	54.628571	100.000000
E_11-12	ARO:3008546	OXA-1128	11	60.272727	61.609091	100.000000
E_11-12	ARO:3008547	OXA-1129	71	50.153521	53.771831	81.600000
E_11-12	ARO:3008548	OXA-1130	47	60.121277	60.465957	75.500000
E_11-12	ARO:3008549	OXA-1131	55	58.521818	58.069091	75.500000
E_11-12	ARO:3008550	OXA-1132	6	58.083333	56.100000	67.800000
E_11-12	ARO:3008551	OXA-1133	73	50.717808	54.023288	81.600000
E_11-12	ARO:3008552	OXA-1134	7	55.557143	53.642857	67.800000
E_11-12	ARO:3008553	OXA-1135	6	58.083333	56.100000	67.800000
E_11-12	ARO:3008554	OXA-1136	351	75.273219	78.160114	119.000000
E_11-12	ARO:3008555	OXA-1137	9	67.544444	66.244444	93.200000
E_11-12	ARO:3008556	OXA-1138	77	76.198701	80.483117	93.200000
E_11-12	ARO:3008557	OXA-1139	16	76.506250	80.575000	102.000000
E_11-12	ARO:3008558	OXA-1140	59	55.832203	56.623729	75.500000
E_11-12	ARO:3008559	OXA-1141	374	92.986096	96.470588	108.000000
E_11-12	ARO:3008560	OXA-1142	48	50.116667	50.070833	75.900000
E_11-12	ARO:3008561	OXA-1143	559	83.047764	82.744723	114.000000
E_11-12	ARO:3008562	OXA-1144	84	72.454762	73.109524	98.600000
E_11-12	ARO:3008563	OXA-1145	58	62.496552	65.856897	108.000000
E_11-12	ARO:3008564	OXA-1146	470	54.417660	54.745745	105.000000
E_11-12	ARO:3008565	OXA-1147	287	91.202787	91.315679	107.000000
E_11-12	ARO:3008566	OXA-1148	478	89.254184	90.700209	108.000000
E_11-12	ARO:3008567	OXA-1149	131	44.267176	47.871756	63.900000
E_11-12	ARO:3008568	OXA-1150	58	76.787931	80.027586	89.700000
E_11-12	ARO:3008569	OXA-1151	8	82.512500	87.562500	91.300000
E_11-12	ARO:3008570	OXA-1152	127	44.268504	47.580315	63.900000
E_11-12	ARO:3008571	OXA-1153	561	75.979857	78.908021	113.000000
E_11-12	ARO:3008572	OXA-1154	561	83.047237	82.862745	114.000000
E_11-12	ARO:3008573	OXA-1155	557	83.059425	83.035907	115.000000
E_11-12	ARO:3008574	OXA-1156	502	84.750199	85.937251	115.000000
E_11-12	ARO:3008575	OXA-1157	418	69.348086	71.137560	115.000000
E_11-12	ARO:3008576	OXA-1158	517	85.817215	85.196132	115.000000
E_11-12	ARO:3008577	OXA-1159	521	84.403839	83.848944	115.000000
E_11-12	ARO:3008578	OXA-1160	525	85.003429	84.713524	115.000000
E_11-12	ARO:3008579	OXA-1161	492	85.865650	85.104675	115.000000
E_11-12	ARO:3008580	OXA-1162	444	70.080405	73.796847	115.000000
E_11-12	ARO:3008581	OXA-1163	491	86.308758	85.502648	115.000000
E_11-12	ARO:3008582	OXA-1164	7	64.300000	70.100000	82.000000
E_11-12	ARO:3008583	OXA-1165	216	75.723148	77.523148	92.400000
E_11-12	ARO:3008584	OXA-1166	78	75.888462	79.510256	89.700000
E_11-12	ARO:3008585	OXA-1167	6	53.733333	57.700000	107.000000
E_11-12	ARO:3008586	OXA-1168	88	90.317045	90.722727	108.000000
E_11-12	ARO:3008587	OXA-1169	291	92.449141	89.736082	111.000000
E_11-12	ARO:3008588	OXA-1170	235	87.588936	84.111064	111.000000
E_11-12	ARO:3008589	OXA-1171	239	88.323849	84.636820	111.000000
E_11-12	ARO:3008590	OXA-1172	801	70.340449	72.648065	117.000000
E_11-12	ARO:3008591	OXA-1173	372	70.406183	73.778226	116.000000
E_11-12	ARO:3008592	OXA-1174	2	57.600000	40.250000	41.600000
E_11-12	ARO:3008593	OXA-1175	116	97.492241	95.156897	104.000000
E_11-12	ARO:3008594	OXA-1176	199	44.929648	48.114573	75.900000
E_11-12	ARO:3008595	OXA-1177	157	50.130573	50.411465	73.900000
E_11-12	ARO:3008596	OXA-1178	191	97.651832	92.250785	107.000000
E_11-12	ARO:3008597	OXA-1181	54	58.133333	59.175926	105.000000
E_11-12	ARO:3008598	OXA-1182	44	67.568182	73.495455	100.000000
E_11-12	ARO:3008599	OXA-1183	307	73.717915	75.762215	117.000000
E_11-12	ARO:3008600	OXA-1184	221	88.327149	85.395928	111.000000
E_11-12	ARO:3008601	OXA-1185	6	73.750000	81.633333	87.800000
E_11-12	ARO:3008602	OXA-1186	1423	53.886999	57.547013	82.800000
E_11-12	ARO:3008603	OXA-1187	860	69.137907	71.003837	117.000000
E_11-12	ARO:3008604	OXA-1188	46	61.354348	61.845652	100.000000
E_11-12	ARO:3008605	OXA-1189	69	75.795652	76.953623	94.400000
E_11-12	ARO:3008606	OXA-1190	119	72.150420	73.489916	97.800000
E_11-12	ARO:3008607	OXA-1191	83	72.257831	69.274699	98.600000
E_11-12	ARO:3008608	OXA-1193	92	72.161957	69.746739	100.000000
E_11-12	ARO:3008609	OXA-1194	73	73.420548	75.860274	98.600000
E_11-12	ARO:3008610	OXA-1198	9	62.100000	58.188889	99.800000
E_11-12	ARO:3008611	OXA-1199	7	69.257143	70.185714	100.000000
E_11-12	ARO:3008612	OXA-1200	869	53.033142	55.066743	104.000000
E_11-12	ARO:3008613	OXA-1201	57	57.203509	58.515789	107.000000
E_11-12	ARO:3008614	OXA-1202	307	89.970358	87.910423	111.000000
E_11-12	ARO:3008615	OXA-1203	269	94.963197	93.336059	111.000000
E_11-12	ARO:3008616	OXA-1204	212	89.895755	87.589151	111.000000
E_11-12	ARO:3008617	OXA-1205	56	56.439286	57.650000	105.000000
E_11-12	ARO:3008618	OXA-1206	229	48.125764	47.495197	76.300000
E_11-12	ARO:3008619	OXA-1207	61	56.883607	58.144262	105.000000
E_11-12	ARO:3008620	OXA-1208	755	88.843179	85.104901	113.000000
E_11-12	ARO:3008621	OXA-1211	80	53.821250	56.671250	105.000000
E_11-12	ARO:3008622	OXA-1212	41	45.580488	47.104878	59.300000
E_11-12	ARO:3008623	OXA-1213	33	55.427273	56.912121	106.000000
E_11-12	ARO:3008625	OXA-1215	60	64.096667	66.695000	105.000000
E_11-12	ARO:3008629	OXA-1219	1	69.400000	74.300000	74.300000
E_11-12	ARO:3008631	OXA-1221	11	47.981818	52.245455	81.300000
E_11-12	ARO:3008632	OXA-1222	21	74.119048	76.790476	86.700000
E_11-12	ARO:3008634	OXA-1224	86	76.133721	79.874419	89.700000
E_11-12	ARO:3008635	OXA-1225	30	62.230000	64.163333	103.000000
E_11-12	ARO:3008636	OXA-1226	80	54.736250	56.212500	110.000000
E_11-12	ARO:3008637	OXA-1227	121	44.544628	47.097521	63.900000
E_11-12	ARO:3008638	OXA-1228	126	44.263492	47.609524	63.900000
E_11-12	ARO:3008639	OXA-1229	1	51.100000	55.100000	55.100000
E_11-12	ARO:3008641	OXA-1231	163	87.482822	89.052761	111.000000
E_11-12	ARO:3008642	OXA-1232	166	83.340361	85.208434	111.000000
E_11-12	ARO:3008643	OXA-1233	169	90.522485	92.281657	108.000000
E_11-12	ARO:3008644	OXA-1234	8	65.225000	63.075000	93.200000
E_11-12	ARO:3008645	OXA-1235	13	75.930769	79.361538	86.300000
E_11-12	ARO:3008646	OXA-1236	9	45.877778	53.088889	55.800000
E_11-12	ARO:3008647	OXA-1237	40	71.117500	74.125000	84.000000
E_11-12	ARO:3008648	OXA-1238	83	48.771084	48.320482	67.000000
E_11-12	ARO:3008649	OXA-1239	264	54.757955	56.353409	90.900000
E_11-12	ARO:3008650	OXA-1240	804	53.275249	54.633955	104.000000
E_11-12	ARO:3008651	OXA-1241	12	44.758333	51.250000	54.700000
E_11-12	ARO:3008652	OXA-1242	9	50.133333	55.355556	110.000000
E_11-12	ARO:3008653	OXA-1243	99	87.667677	95.268687	117.000000
E_11-12	ARO:3008654	OXA-1244	4	77.950000	76.525000	100.000000
E_11-12	ARO:3008655	OXA-1245	96	50.619792	52.175000	69.700000
E_11-12	ARO:3008656	OXA-1246	34	49.982353	50.638235	81.600000
E_11-12	ARO:3008657	OXA-1247	119	92.512605	90.506723	108.000000
E_11-12	ARO:3008658	OXA-1248	310	87.987419	89.673871	108.000000
E_11-12	ARO:3008659	OXA-1249	2	71.400000	76.450000	76.600000
E_11-12	ARO:3008660	OXA-1250	13	51.807692	54.323077	69.300000
E_11-12	ARO:3008661	OXA-1251	70	49.595714	49.660000	74.700000
E_11-12	ARO:3008662	OXA-1252	3	86.866667	87.533333	100.000000
E_11-12	ARO:3008663	OXA-1253	36	56.116667	55.352778	75.500000
E_11-12	ARO:3008664	OXA-1254	30	58.540000	58.560000	75.500000
E_11-12	ARO:3008665	OXA-1255	46	59.252174	60.215217	77.000000
E_11-12	ARO:3008666	OXA-1256	10	56.270000	55.300000	67.800000
E_11-12	ARO:3008667	OXA-1257	410	86.873415	89.280488	108.000000
E_11-12	ARO:3008668	OXA-1258	130	74.938462	72.106154	100.000000
E_11-12	ARO:3008669	OXA-1259	130	75.367692	73.133077	96.700000
E_11-12	ARO:3008670	OXA-1260	125	75.744800	72.889600	96.700000
E_11-12	ARO:3008671	OXA-1261	149	74.314765	72.661745	102.000000
E_11-12	ARO:3008672	OXA-1262	157	74.305732	72.307643	102.000000
E_11-12	ARO:3008673	OXA-1263	133	75.722556	72.247368	99.000000
E_11-12	ARO:3008674	OXA-1264	248	43.928629	42.222177	65.500000
E_11-12	ARO:3008676	OXA-1266	7	64.300000	70.100000	82.000000
E_11-12	ARO:3008677	OXA-1267	30	57.030000	58.210000	75.500000
E_11-12	ARO:3008678	OXA-1268	2	57.750000	55.650000	56.200000
E_11-12	ARO:3008679	OXA-1269	29	56.934483	56.689655	75.500000
E_11-12	ARO:3008680	OXA-1270	51	58.254902	59.778431	69.700000
E_11-12	ARO:3008682	OXA-1272	45	60.084444	61.400000	69.700000
E_11-12	ARO:3008683	OXA-1273	42	59.933333	61.135714	69.700000
E_11-12	ARO:3008684	OXA-1274	5	59.020000	60.460000	70.900000
E_11-12	ARO:3008685	OXA-1275	103	56.314563	58.346602	85.900000
E_11-12	ARO:3008686	OXA-1276	45	60.177778	61.417778	69.700000
E_11-12	ARO:3008688	OXA-1278	76	52.473684	55.667105	73.600000
E_11-12	ARO:3008689	OXA-1279	10	56.940000	57.750000	67.400000
E_11-12	ARO:3008690	OXA-1280	25	55.072000	56.852000	70.900000
E_11-12	ARO:3008691	OXA-1281	8	63.487500	65.712500	70.900000
E_11-12	ARO:3008692	OXA-1282	1	55.300000	42.700000	42.700000
E_11-12	ARO:3008693	OXA-1283	5	43.960000	48.580000	50.400000
E_11-12	ARO:3008694	OXA-1284	104	55.849038	58.345192	85.900000
E_11-12	ARO:3008695	OXA-1285	6	57.400000	55.016667	68.200000
E_11-12	ARO:3008697	OXA-1287	15	40.806667	43.200000	54.300000
E_11-12	ARO:3008698	OXA-1288	1	53.200000	41.600000	41.600000
E_11-12	ARO:3008699	OXA-1289	70	56.797143	58.170000	81.600000
E_11-12	ARO:3008700	OXA-1290	98	55.929592	58.340816	85.900000
E_11-12	ARO:3008701	OXA-1291	13	54.715385	57.938462	68.900000
E_11-12	ARO:3008702	OXA-1292	2	51.750000	46.600000	50.100000
E_11-12	ARO:3008703	OXA-1293	4	43.850000	48.875000	50.400000
E_11-12	ARO:3008704	OXA-1294	104	55.997115	58.018269	85.900000
E_11-12	ARO:3008705	OXA-1295	1	55.100000	63.500000	63.500000
E_11-12	ARO:3008706	OXA-1296	36	52.783333	53.886111	68.900000
E_11-12	ARO:3008707	OXA-1297	4	43.850000	48.875000	50.400000
E_11-12	ARO:3008708	OXA-1298	6	58.083333	56.100000	67.800000
E_11-12	ARO:3008709	OXA-1299	1	58.000000	63.900000	63.900000
E_11-12	ARO:3008712	OXA-1302	320	90.810937	91.539687	107.000000
E_11-12	ARO:3008713	OXA-1303	15	70.240000	72.980000	105.000000
E_11-12	ARO:3008714	OXA-1304	33	55.821212	57.342424	106.000000
E_11-12	ARO:3008715	OXA-1305	49	57.095918	59.363265	110.000000
E_11-12	ARO:3008716	OXA-1306	2	99.000000	107.500000	110.000000
E_11-12	ARO:3008717	OXA-1307	46	57.630435	59.495652	107.000000
E_11-12	ARO:3008718	OXA-1308	212	49.827358	48.185377	110.000000
E_11-12	ARO:3008719	OXA-1309	171	53.237427	50.092982	107.000000
E_11-12	ARO:3008720	OXA-725	596	72.460570	75.905369	116.000000
E_11-12	ARO:3008721	OXA-790	8	50.450000	48.550000	63.900000
E_11-12	ARO:3008722	OXA-791	13	47.638462	46.653846	53.900000
E_11-12	ARO:3008723	OXA-933	17	56.241176	60.429412	110.000000
E_11-12	ARO:3008724	OXA-934	4	70.925000	73.375000	110.000000
E_11-12	ARO:3008725	OXA-936	51	57.013725	61.880392	70.900000
E_11-12	ARO:3008726	OXA-944	138	74.410870	78.182609	97.800000
E_11-12	ARO:3008727	OXA-950	512	73.995312	77.583008	116.000000
E_11-12	ARO:3008728	OXA-951	507	73.412032	76.517751	116.000000
E_11-12	ARO:3008729	OXA-952	109	72.320183	70.870642	98.600000
E_11-12	ARO:3008730	OXA-953	54	74.879630	73.487037	98.600000
E_11-12	ARO:3008732	OXA-955	17	75.088235	82.723529	94.000000
E_11-12	ARO:3008733	OXA-956	592	75.542061	78.801014	111.000000
E_11-12	ARO:3008734	OXA-957	785	51.037197	53.091592	74.300000
E_11-12	ARO:3008735	OXA-958	532	72.687782	75.204323	116.000000
E_11-12	ARO:3008736	OXA-959	525	73.086476	75.979619	116.000000
E_11-12	ARO:3008737	OXA-960	172	45.535465	48.417442	67.800000
E_11-12	ARO:3008738	OXA-961	181	45.641436	48.662431	69.700000
E_11-12	ARO:3008739	OXA-962	167	45.704790	48.174251	69.300000
E_11-12	ARO:3008740	OXA-963	169	45.606509	46.857988	67.800000
E_11-12	ARO:3008741	OXA-964	227	47.652863	49.941410	71.200000
E_11-12	ARO:3008742	OXA-965	134	48.350746	49.729851	68.900000
E_11-12	ARO:3008743	OXA-966	23	44.621739	48.726087	55.500000
E_11-12	ARO:3008744	OXA-967	18	44.311111	49.294444	55.500000
E_11-12	ARO:3008745	OXA-968	7	42.900000	49.471429	54.300000
E_11-12	ARO:3008746	OXA-969	40	51.030000	54.567500	74.300000
E_11-12	ARO:3008750	OXA-973	1	42.900000	40.000000	40.000000
E_11-12	ARO:3008752	OXA-975	3	60.733333	63.933333	82.000000
E_11-12	ARO:3008755	OXA-978	27	74.733333	76.074074	89.400000
E_11-12	ARO:3008756	OXA-979	6	57.383333	54.183333	59.300000
E_11-12	ARO:3008757	OXA-980	10	51.560000	57.150000	80.100000
E_11-12	ARO:3008758	OXA-981	106	60.787736	63.315094	105.000000
E_11-12	ARO:3008759	OXA-982	73	65.679452	64.976712	94.000000
E_11-12	ARO:3008760	OXA-983	76	73.328947	73.921053	97.800000
E_11-12	ARO:3008761	OXA-984	24	75.687500	81.433333	98.600000
E_11-12	ARO:3008762	OXA-985	62	75.091935	79.938710	93.600000
E_11-12	ARO:3008763	OXA-986	5	56.820000	64.980000	80.100000
E_11-12	ARO:3008764	OXA-987	30	78.733333	82.616667	93.200000
E_11-12	ARO:3008765	OXA-988	17	63.682353	66.158824	86.700000
E_11-12	ARO:3008766	OXA-989	1	60.000000	59.300000	59.300000
E_11-12	ARO:3008767	OXA-990	23	73.939130	78.247826	90.900000
E_11-12	ARO:3008768	OXA-991	18	86.677778	79.788889	105.000000
E_11-12	ARO:3008769	OXA-992	57	72.021053	76.459649	85.100000
E_11-12	ARO:3008770	OXA-993	47	67.987234	66.644681	94.000000
E_11-12	ARO:3008771	OXA-994	39	58.615385	54.794872	74.700000
E_11-12	ARO:3008772	OXA-995	21	76.338095	81.671429	98.600000
E_11-12	ARO:3008773	OXA-996	18	78.244444	83.488889	98.600000
E_11-12	ARO:3008774	OXA-997	42	59.333333	51.233333	74.700000
E_11-12	ARO:3008775	OXA-998	12	68.408333	74.625000	97.800000
E_11-12	ARO:3008776	OXA-999	95	61.233684	63.927368	105.000000
E_11-12	ARO:3008777	OXY-1-11	22	56.522727	56.109091	95.500000
E_11-12	ARO:3008778	OXY-1-12	60	58.201667	57.688333	97.800000
E_11-12	ARO:3008779	OXY-1-13	53	60.884906	61.471698	100.000000
E_11-12	ARO:3008780	OXY-1-16	9	73.900000	67.922222	95.500000
E_11-12	ARO:3008781	OXY-1-17	8	75.312500	67.062500	95.500000
E_11-12	ARO:3008782	OXY-1-18	15	67.453333	62.526667	100.000000
E_11-12	ARO:3008783	OXY-1-19	18	53.933333	55.294444	95.500000
E_11-12	ARO:3008784	OXY-10-1	44	59.040909	60.581818	100.000000
E_11-12	ARO:3008785	OXY-11-1	33	60.872727	58.175758	70.100000
E_11-12	ARO:3008786	OXY-12-1	30	62.550000	63.436667	100.000000
E_11-12	ARO:3008787	OXY-12-2	31	60.816129	62.664516	100.000000
E_11-12	ARO:3008788	OXY-2-17	37	54.162162	55.340541	76.300000
E_11-12	ARO:3008789	OXY-2-18	23	53.017391	54.365217	75.500000
E_11-12	ARO:3008790	OXY-2-19	17	58.617647	60.111765	79.000000
E_11-12	ARO:3008791	OXY-2-20	28	53.357143	55.721429	75.500000
E_11-12	ARO:3008792	OXY-2-21	13	55.930769	58.007692	75.500000
E_11-12	ARO:3008793	OXY-2-22	34	54.408824	54.061765	76.300000
E_11-12	ARO:3008794	OXY-2-23	46	51.882609	54.230435	75.500000
E_11-12	ARO:3008795	OXY-2-24	64	53.335937	57.604687	81.600000
E_11-12	ARO:3008796	OXY-2-25	40	54.720000	61.062500	81.600000
E_11-12	ARO:3008797	OXY-2-26	22	52.786364	56.300000	65.100000
E_11-12	ARO:3008798	OXY-2-27	11	55.636364	54.972727	76.300000
E_11-12	ARO:3008799	OXY-2-28	48	54.631250	54.500000	76.300000
E_11-12	ARO:3008800	OXY-2-30	86	57.194186	60.398837	79.000000
E_11-12	ARO:3008801	OXY-3-2	39	59.438462	61.174359	92.400000
E_11-12	ARO:3008802	OXY-3-3	39	59.438462	61.174359	92.400000
E_11-12	ARO:3008803	OXY-4-2	40	62.860000	61.477500	100.000000
E_11-12	ARO:3008804	OXY-4-3	46	58.323913	57.900000	100.000000
E_11-12	ARO:3008805	OXY-4-4	41	58.568293	57.848780	100.000000
E_11-12	ARO:3008806	OXY-4-5	45	59.811111	59.348889	100.000000
E_11-12	ARO:3008807	OXY-5-10	39	61.669231	58.530769	100.000000
E_11-12	ARO:3008808	OXY-5-11	36	64.375000	61.430556	100.000000
E_11-12	ARO:3008809	OXY-5-6	45	65.502222	62.635556	98.600000
E_11-12	ARO:3008810	OXY-5-7	47	61.631915	61.982979	100.000000
E_11-12	ARO:3008811	OXY-5-8	25	63.828000	59.712000	100.000000
E_11-12	ARO:3008812	OXY-6-10	23	56.095652	57.934783	99.400000
E_11-12	ARO:3008813	OXY-6-11	26	58.576923	58.430769	99.400000
E_11-12	ARO:3008814	OXY-6-5	60	57.943333	59.311667	99.400000
E_11-12	ARO:3008815	OXY-6-7	25	55.352000	57.472000	98.200000
E_11-12	ARO:3008816	OXY-7-1	36	57.947222	59.383333	99.400000
E_11-12	ARO:3008817	OXY-8-1	132	63.323485	69.181818	99.800000
E_11-12	ARO:3008818	OXY-8-2	33	60.960606	64.200000	78.200000
E_11-12	ARO:3008819	OXY-8-3	30	60.456667	62.880000	78.200000
E_11-12	ARO:3008820	OXY-9-1	46	56.860870	58.589130	80.100000
E_11-12	ARO:3008821	PAD-1	221	55.111312	54.916742	74.300000
E_11-12	ARO:3008822	PAM-5	281	48.870107	43.769039	108.000000
E_11-12	ARO:3008823	PC1	29	52.193103	49.075862	97.100000
E_11-12	ARO:3008825	PDC-478	44	53.125000	60.288636	69.300000
E_11-12	ARO:3008826	PDC-479	4	52.100000	54.300000	54.300000
E_11-12	ARO:3008827	PDC-480	9	48.000000	45.811111	60.800000
E_11-12	ARO:3008828	PDC-481	18	51.211111	42.811111	56.200000
E_11-12	ARO:3008830	PDC-483	11	54.600000	55.809091	69.700000
E_11-12	ARO:3008831	PDC-484	5	53.120000	56.380000	60.800000
E_11-12	ARO:3008832	PDC-485	9	47.688889	52.777778	61.600000
E_11-12	ARO:3008833	PDC-486	31	71.651613	61.222581	75.500000
E_11-12	ARO:3008834	PDC-487	1	45.500000	39.700000	39.700000
E_11-12	ARO:3008835	PDC-488	2	56.700000	60.450000	60.800000
E_11-12	ARO:3008840	PDC-493	12	52.533333	58.666667	66.600000
E_11-12	ARO:3008842	PDC-495	9	52.211111	50.177778	61.200000
E_11-12	ARO:3008845	PDC-498	1	42.200000	48.500000	48.500000
E_11-12	ARO:3008848	PDC-501	4	51.500000	58.725000	65.100000
E_11-12	ARO:3008849	PDC-502	20	52.265000	56.305000	70.500000
E_11-12	ARO:3008850	PDC-503	3	48.233333	51.833333	53.100000
E_11-12	ARO:3008851	PDC-504	3	48.233333	51.833333	53.100000
E_11-12	ARO:3008852	PDC-505	1	55.600000	55.100000	55.100000
E_11-12	ARO:3008853	PDC-506	7	55.000000	56.171429	69.700000
E_11-12	ARO:3008854	PDC-507	1	53.300000	39.700000	39.700000
E_11-12	ARO:3008855	PDC-508	20	48.620000	40.020000	58.900000
E_11-12	ARO:3008857	PDC-510	2	60.400000	56.800000	61.200000
E_11-12	ARO:3008859	PDC-512	78	53.147436	48.676923	67.800000
E_11-12	ARO:3008861	PDC-514	1	58.000000	64.700000	64.700000
E_11-12	ARO:3008864	PDC-517	4	52.750000	60.650000	84.000000
E_11-12	ARO:3008866	PDC-519	2	55.100000	64.300000	68.900000
E_11-12	ARO:3008867	PDC-520	4	62.600000	65.000000	76.300000
E_11-12	ARO:3008868	PDC-521	39	68.243590	54.430769	81.600000
E_11-12	ARO:3008870	PDC-523	33	64.696970	54.427273	72.400000
E_11-12	ARO:3008871	PDC-524	48	60.247917	57.041667	81.300000
E_11-12	ARO:3008872	PDC-525	19	49.247368	56.010526	63.200000
E_11-12	ARO:3008873	PDC-526	5	52.560000	56.840000	65.100000
E_11-12	ARO:3008874	PDC-527	33	62.460606	55.045455	73.600000
E_11-12	ARO:3008875	PDC-528	27	66.140741	53.777778	72.400000
E_11-12	ARO:3008876	PDC-529	6	55.500000	58.983333	69.700000
E_11-12	ARO:3008877	PDC-530	8	50.050000	55.125000	61.200000
E_11-12	ARO:3008880	PDC-533	2	60.400000	56.800000	61.200000
E_11-12	ARO:3008882	PDC-535	2	56.700000	60.450000	60.800000
E_11-12	ARO:3008883	PDC-536	2	60.400000	56.800000	61.200000
E_11-12	ARO:3008884	PDC-537	2	56.700000	60.450000	60.800000
E_11-12	ARO:3008885	PDC-538	2	56.000000	59.700000	59.700000
E_11-12	ARO:3008886	PDC-539	3	49.933333	53.166667	64.700000
E_11-12	ARO:3008887	PDC-540	7	60.128571	58.657143	63.500000
E_11-12	ARO:3008888	PDC-541	2	64.700000	54.300000	69.300000
E_11-12	ARO:3008889	PDC-542	24	53.516667	57.316667	84.000000
E_11-12	ARO:3008890	PDC-543	23	54.343478	63.369565	69.300000
E_11-12	ARO:3008891	PDC-544	2	45.100000	38.500000	38.500000
E_11-12	ARO:3008893	PDC-546	2	43.100000	37.700000	37.700000
E_11-12	ARO:3008895	PDC-548	10	53.860000	60.090000	65.900000
E_11-12	ARO:3008896	PDC-549	4	52.100000	54.300000	54.300000
E_11-12	ARO:3008898	PDC-551	4	52.100000	54.300000	54.300000
E_11-12	ARO:3008899	PDC-552	6	44.600000	39.700000	43.500000
E_11-12	ARO:3008900	PDC-553	8	67.437500	58.075000	80.900000
E_11-12	ARO:3008902	PDC-555	8	67.437500	58.075000	80.900000
E_11-12	ARO:3008904	PDC-557	4	53.025000	46.025000	64.700000
E_11-12	ARO:3008905	PDC-558	2	53.100000	54.300000	54.300000
E_11-12	ARO:3008906	PDC-559	6	44.600000	39.700000	43.500000
E_11-12	ARO:3008908	PDC-561	4	53.750000	47.550000	54.300000
E_11-12	ARO:3008909	PDC-562	4	42.600000	51.700000	57.800000
E_11-12	ARO:3008913	PDC-566	1	58.000000	64.700000	64.700000
E_11-12	ARO:3008914	PDC-567	1	51.200000	48.900000	48.900000
E_11-12	ARO:3008916	PDC-569	1	38.200000	38.900000	38.900000
E_11-12	ARO:3008918	PDC-571	15	56.580000	65.966667	70.100000
E_11-12	ARO:3008921	PDC-574	12	48.716667	46.175000	57.800000
E_11-12	ARO:3008922	PDC-575	11	51.772727	46.490909	58.500000
E_11-12	ARO:3008923	PDC-576	2	53.100000	54.300000	54.300000
E_11-12	ARO:3008924	PDC-577	12	64.808333	59.033333	80.900000
E_11-12	ARO:3008926	PDC-579	1	52.000000	57.800000	57.800000
E_11-12	ARO:3008927	PDC-580	1	38.200000	38.900000	38.900000
E_11-12	ARO:3008928	PDC-581	4	52.300000	41.100000	46.600000
E_11-12	ARO:3008929	PDC-582	70	52.121429	47.795714	67.800000
E_11-12	ARO:3008930	PDC-583	1	46.900000	49.300000	49.300000
E_11-12	ARO:3008931	PDC-584	9	46.877778	52.088889	61.600000
E_11-12	ARO:3008933	PDC-586	1	58.000000	64.700000	64.700000
E_11-12	ARO:3008934	PDC-587	12	52.533333	58.666667	66.600000
E_11-12	ARO:3008935	PDC-588	2	52.900000	52.200000	57.800000
E_11-12	ARO:3008937	PDC-590	2	53.550000	43.150000	46.600000
E_11-12	ARO:3008938	PDC-591	1	53.100000	60.500000	60.500000
E_11-12	ARO:3008942	PDC-595	23	65.643478	57.065217	72.400000
E_11-12	ARO:3008944	PDC-597	1	58.000000	64.700000	64.700000
E_11-12	ARO:3008947	PDC-600	1	52.000000	57.800000	57.800000
E_11-12	ARO:3008949	PDC-602	32	62.787500	55.537500	73.600000
E_11-12	ARO:3008951	PDC-604	2	58.300000	43.350000	47.400000
E_11-12	ARO:3008952	PDC-605	1	52.000000	57.800000	57.800000
E_11-12	ARO:3008954	PDC-607	3	58.733333	61.500000	70.500000
E_11-12	ARO:3008957	PDC-610	3	39.533333	41.100000	42.400000
E_11-12	ARO:3008958	PDC-611	6	44.600000	39.700000	43.500000
E_11-12	ARO:3008959	PDC-612	8	47.625000	44.887500	60.800000
E_11-12	ARO:3008963	PDC-616	6	44.600000	39.900000	43.900000
E_11-12	ARO:3008966	PDC-619	4	55.950000	53.850000	65.900000
E_11-12	ARO:3008967	PDC-620	2	56.000000	59.700000	59.700000
E_11-12	ARO:3008969	PDC-622	1	64.000000	70.500000	70.500000
E_11-12	ARO:3008971	PDC-624	2	56.000000	59.700000	59.700000
E_11-12	ARO:3008972	PDC-625	1	32.400000	38.900000	38.900000
E_11-12	ARO:3008973	PDC-626	2	32.300000	51.200000	51.200000
E_11-12	ARO:3008974	PDC-627	5	49.100000	40.960000	45.100000
E_11-12	ARO:3008976	PDC-629	17	51.358824	50.676471	75.100000
E_11-12	ARO:3008978	PDC-631	3	52.833333	40.066667	41.600000
E_11-12	ARO:3008980	PDC-633	5	58.840000	63.280000	67.000000
E_11-12	ARO:3008981	PDC-634	1	54.300000	40.800000	40.800000
E_11-12	ARO:3008984	PDC-637	2	56.000000	59.700000	59.700000
E_11-12	ARO:3008986	PDC-639	34	53.429412	60.247059	82.800000
E_11-12	ARO:3008988	PEN-A10	461	56.222126	59.458785	85.900000
E_11-12	ARO:3008989	PEN-A11	491	56.473727	60.043381	85.900000
E_11-12	ARO:3008990	PEN-A12	492	56.452439	60.243496	85.900000
E_11-12	ARO:3008991	PEN-A13	477	56.169602	60.099161	85.900000
E_11-12	ARO:3008992	PEN-A15	345	59.021739	61.511304	82.000000
E_11-12	ARO:3008993	PEN-A16	419	55.952745	59.310263	85.900000
E_11-12	ARO:3008994	PEN-A17	243	57.139506	59.324691	82.000000
E_11-12	ARO:3008995	PEN-A18	368	55.701630	59.419837	85.900000
E_11-12	ARO:3008996	PEN-A19	440	56.086136	59.740227	85.900000
E_11-12	ARO:3008997	PEN-A1	479	55.666597	60.115866	87.400000
E_11-12	ARO:3008998	PEN-A20	375	55.384533	59.130667	85.900000
E_11-12	ARO:3008999	PEN-A21	166	56.093373	57.154217	82.000000
E_11-12	ARO:3009000	PEN-A22	314	57.907006	59.692675	82.000000
E_11-12	ARO:3009001	PEN-A23	116	55.525862	54.597414	82.000000
E_11-12	ARO:3009002	PEN-A24	328	55.083232	58.678659	85.900000
E_11-12	ARO:3009003	PEN-A25	262	55.319084	59.539695	85.900000
E_11-12	ARO:3009004	PEN-A26	228	54.971491	58.821930	85.900000
E_11-12	ARO:3009005	PEN-A27	296	56.071959	60.747973	85.900000
E_11-12	ARO:3009006	PEN-A28	324	54.577469	58.186728	85.900000
E_11-12	ARO:3009007	PEN-A29	439	54.666059	59.051025	87.400000
E_11-12	ARO:3009008	PEN-A2	42	58.242857	57.383333	75.900000
E_11-12	ARO:3009009	PEN-A30	411	55.321898	60.039659	87.800000
E_11-12	ARO:3009010	PEN-A31	270	55.252593	57.717037	85.900000
E_11-12	ARO:3009011	PEN-A32	318	53.958491	57.510377	85.900000
E_11-12	ARO:3009012	PEN-A33	252	53.369841	56.578571	79.700000
E_11-12	ARO:3009013	PEN-A34	136	53.526471	55.975735	79.700000
E_11-12	ARO:3009014	PEN-A35	278	54.045324	57.579137	85.900000
E_11-12	ARO:3009015	PEN-A37	377	54.303714	59.404509	86.700000
E_11-12	ARO:3009016	PEN-A38	252	54.244444	57.840079	85.900000
E_11-12	ARO:3009017	PEN-A3	125	55.485600	58.604000	85.900000
E_11-12	ARO:3009018	PEN-A5	83	59.477108	61.506024	85.900000
E_11-12	ARO:3009019	PEN-A6	36	58.713889	58.155556	75.900000
E_11-12	ARO:3009020	PEN-A7	66	59.557576	59.912121	85.900000
E_11-12	ARO:3009021	PEN-A8	80	57.397500	56.250000	85.900000
E_11-12	ARO:3009022	PEN-A9	83	56.238554	56.169880	73.900000
E_11-12	ARO:3009023	PEN-B1	376	60.049734	63.607713	84.000000
E_11-12	ARO:3009024	PEN-B2	412	58.681068	61.383495	83.600000
E_11-12	ARO:3009025	PEN-B3	328	59.720427	63.633232	83.600000
E_11-12	ARO:3009026	PEN-B4	365	60.159726	63.720000	84.000000
E_11-12	ARO:3009027	PER-17	206	65.463107	65.091262	106.000000
E_11-12	ARO:3009028	PER-18	176	67.290341	64.926705	106.000000
E_11-12	ARO:3009029	PJM-2	298	52.840268	54.081544	97.800000
E_11-12	ARO:3009030	PLA-4	138	59.252899	57.736957	100.000000
E_11-12	ARO:3009031	PLA-5	133	59.260902	57.744361	100.000000
E_11-12	ARO:3009032	PNC-1	352	56.486932	57.826136	77.000000
E_11-12	ARO:3009033	PNC-2	350	56.462286	57.797429	77.000000
E_11-12	ARO:3009034	PNC-3	338	56.563018	57.889645	77.000000
E_11-12	ARO:3009035	RAA-1	471	57.271975	59.529512	85.500000
E_11-12	ARO:3009036	RAHN-3	79	56.525316	58.832911	94.700000
E_11-12	ARO:3009037	RAHN-4	60	58.806667	60.038333	94.400000
E_11-12	ARO:3009038	RAHN-5	58	59.025862	60.343103	94.400000
E_11-12	ARO:3009039	RAHN-6	60	58.690000	60.000000	94.400000
E_11-12	ARO:3009040	RASA-1	175	51.257714	56.752571	94.000000
E_11-12	ARO:3009041	RSC1-1	345	56.795652	58.337681	106.000000
E_11-12	ARO:3009042	RSD1-1	586	47.748976	51.781058	90.500000
E_11-12	ARO:3009044	SED-2	91	59.428571	59.569231	80.500000
E_11-12	ARO:3009045	SFC-2	34	50.394118	47.723529	69.300000
E_11-12	ARO:3009046	SFDC-1	261	51.165134	49.123372	98.600000
E_11-12	ARO:3009048	SHV-229	1	43.800000	43.100000	43.100000
E_11-12	ARO:3009051	SHV-232	61	61.583607	61.150820	80.900000
E_11-12	ARO:3009053	SHV-234	2	64.400000	67.200000	74.700000
E_11-12	ARO:3009054	SHV-235	1	62.000000	69.300000	69.300000
E_11-12	ARO:3009058	SHV-239	1	68.800000	74.700000	74.700000
E_11-12	ARO:3009061	SHV-242	1	68.800000	74.700000	74.700000
E_11-12	ARO:3009062	SHV-243	107	65.332710	63.302804	74.700000
E_11-12	ARO:3009065	SRT-4	316	53.825316	53.434810	85.500000
E_11-12	ARO:3009069	TEM-250	11	55.354545	51.572727	72.800000
E_11-12	ARO:3009070	TEM-251	29	61.693103	61.331034	71.200000
E_11-12	ARO:3009073	TEM-254	17	63.305882	64.405882	69.300000
E_11-12	ARO:3009079	VEB-18	1716	94.148310	92.286888	113.000000
E_11-12	ARO:3009080	VEB-28	1689	95.538188	90.520900	113.000000
E_11-12	ARO:3009081	VEB-29	492	80.177846	79.081911	113.000000
E_11-12	ARO:3009082	VEB-30	812	87.774631	83.628818	113.000000
E_11-12	ARO:3009083	VEB-31	1262	96.606973	89.062916	113.000000
E_11-12	ARO:3009084	VEB-32	1294	95.577512	87.697604	106.000000
E_11-12	ARO:3009085	VEB-33	1318	92.596889	84.708498	105.000000
E_11-12	ARO:3009086	VEB-34	897	94.995541	89.911371	106.000000
E_11-12	ARO:3009087	VEB-35	810	95.710741	89.422716	106.000000
E_11-12	ARO:3009088	VEB-36	386	92.495078	87.604404	103.000000
E_11-12	ARO:3009089	VEB-37	218	82.870642	69.455963	108.000000
E_11-12	ARO:3009090	VEB-38	580	94.353103	83.915862	104.000000
E_11-12	ARO:3009091	VEB-39	829	95.669240	89.725090	105.000000
E_11-12	ARO:3009092	VIM-88	9	47.911111	59.133333	66.200000
E_11-12	ARO:3009096	YOC-1	36	52.938889	51.127778	82.000000
E_11-12	ARO:3009098	CfiA28	129	60.102326	67.892248	112.000000
E_11-12	ARO:3009099	CfiA29	127	60.135433	67.838583	111.000000
E_11-12	ARO:3009100	CfiA30	128	60.377344	68.063281	111.000000
E_11-12	ARO:3009101	CfiA31	130	59.916154	67.556923	112.000000
E_11-12	ARO:3009192	OXY-1-7	20	56.105000	57.610000	100.000000
