sample_id	aro_id	card_hit_name	diamond_read_hits	mean_pident	mean_bitscore	max_bitscore
E_9-10	ARO:3000005	vanD	6140	50.532655	48.443078	75.500000
E_9-10	ARO:3000010	vanA	4276	51.265412	48.865341	77.400000
E_9-10	ARO:3000013	vanB	2965	50.193558	48.916290	72.800000
E_9-10	ARO:3000024	patA	26220	45.818150	45.476438	81.600000
E_9-10	ARO:3000025	patB	26812	48.064986	47.756340	91.300000
E_9-10	ARO:3000026	mepA	217	45.544700	43.084332	64.700000
E_9-10	ARO:3000027	emrA	2839	58.310778	58.572596	106.000000
E_9-10	ARO:3000074	emrB	5355	55.594062	57.978301	114.000000
E_9-10	ARO:3000090	Bla1	115	55.069565	56.554783	85.900000
E_9-10	ARO:3000118	vgaB	21721	44.608540	44.548152	72.000000
E_9-10	ARO:3000124	mecI	18	42.844444	45.466667	55.100000
E_9-10	ARO:3000149	FosA	66	61.336364	58.037879	79.700000
E_9-10	ARO:3000165	tet(A)	5522	62.983520	58.968961	108.000000
E_9-10	ARO:3000166	tet(B)	3907	50.443307	50.048554	102.000000
E_9-10	ARO:3000167	tet(C)	5207	68.596966	62.306856	107.000000
E_9-10	ARO:3000168	tet(D)	1928	52.909544	51.142531	100.000000
E_9-10	ARO:3000172	FosB	15	48.653333	40.306667	50.400000
E_9-10	ARO:3000173	tet(E)	2846	55.229550	53.372839	102.000000
E_9-10	ARO:3000174	tet(G)	2622	61.359497	59.276850	104.000000
E_9-10	ARO:3000175	tet(H)	4852	52.790293	50.264200	107.000000
E_9-10	ARO:3000177	tet(J)	4911	52.892792	49.474303	90.900000
E_9-10	ARO:3000178	tet(K)	24	50.754167	49.766667	81.600000
E_9-10	ARO:3000179	tet(L)	36	54.116667	52.580556	100.000000
E_9-10	ARO:3000180	tetA(P)	264	70.430303	67.667803	101.000000
E_9-10	ARO:3000181	tet(V)	156	63.327564	61.433333	84.700000
E_9-10	ARO:3000182	tet(Y)	3775	52.972291	50.456795	102.000000
E_9-10	ARO:3000183	tet(Z)	3567	52.543594	48.101962	78.600000
E_9-10	ARO:3000186	tet(M)	25519	53.731259	49.707492	114.000000
E_9-10	ARO:3000190	tet(O)	25525	54.542621	50.634041	114.000000
E_9-10	ARO:3000191	tet(Q)	21067	53.798595	52.621000	110.000000
E_9-10	ARO:3000192	tet(S)	23405	52.607584	48.902081	110.000000
E_9-10	ARO:3000193	tet(T)	34015	52.908088	50.604780	98.200000
E_9-10	ARO:3000194	tet(W)	24686	54.125849	49.068671	113.000000
E_9-10	ARO:3000195	tetB(P)	31402	53.014448	50.538354	105.000000
E_9-10	ARO:3000196	tet(32)	24434	53.329021	49.803254	112.000000
E_9-10	ARO:3000197	tet(36)	28417	53.623884	51.197723	109.000000
E_9-10	ARO:3000198	FosX	135	66.011111	63.812593	85.900000
E_9-10	ARO:3000205	tet(X)	443	71.961400	63.254853	113.000000
E_9-10	ARO:3000206	emrK	2666	56.771905	58.226632	102.000000
E_9-10	ARO:3000215	mecR1	194	48.175258	45.084021	63.500000
E_9-10	ARO:3000216	acrB	59515	58.249616	55.580623	113.000000
E_9-10	ARO:3000217	blaR1	341	48.079179	49.942522	72.000000
E_9-10	ARO:3000230	ANT(2'')-Ia	139	95.505755	92.133813	117.000000
E_9-10	ARO:3000237	TolC	579	61.213990	57.596200	103.000000
E_9-10	ARO:3000245	RbpA	205	65.825366	60.023902	109.000000
E_9-10	ARO:3000250	ErmC	78	57.148718	54.403846	91.700000
E_9-10	ARO:3000251	msrA	9323	49.025088	45.787579	65.100000
E_9-10	ARO:3000254	emrY	4540	53.492952	55.533744	115.000000
E_9-10	ARO:3000263	marA	182	55.847253	53.008242	107.000000
E_9-10	ARO:3000300	lsaA	5116	45.453987	42.493784	84.700000
E_9-10	ARO:3000316	mphA	1066	71.600000	73.536585	114.000000
E_9-10	ARO:3000318	mphB	118	46.744068	55.066102	69.300000
E_9-10	ARO:3000319	mphC	124	44.424194	50.946774	69.700000
E_9-10	ARO:3000326	ErmE	436	48.124541	42.919037	55.500000
E_9-10	ARO:3000343	tap	315	58.888571	57.228254	97.100000
E_9-10	ARO:3000347	ErmA	69	58.128986	51.573913	93.600000
E_9-10	ARO:3000361	EreA	985	90.667817	85.907919	108.000000
E_9-10	ARO:3000363	EreB	770	71.990779	74.627792	109.000000
E_9-10	ARO:3000368	vanC	4202	56.430438	50.331271	77.000000
E_9-10	ARO:3000375	ErmB	196	53.865816	47.464286	105.000000
E_9-10	ARO:3000377	MexA	6112	56.752978	53.538678	92.400000
E_9-10	ARO:3000378	MexB	58275	58.425737	55.448360	95.900000
E_9-10	ARO:3000379	OprM	6780	59.039012	52.921445	79.300000
E_9-10	ARO:3000391	norA	100	42.745000	43.781000	64.700000
E_9-10	ARO:3000392	Erm(37)	76	47.734211	42.468421	61.600000
E_9-10	ARO:3000410	sul1	2379	89.786339	81.549306	110.000000
E_9-10	ARO:3000412	sul2	2303	60.241033	56.052280	104.000000
E_9-10	ARO:3000413	sul3	2285	50.791204	49.084595	103.000000
E_9-10	ARO:3000421	norB	641	58.382995	57.689236	87.400000
E_9-10	ARO:3000444	rphA	5696	57.616942	52.812184	91.300000
E_9-10	ARO:3000448	QepA1	1094	49.294333	47.284004	85.900000
E_9-10	ARO:3000449	FomB	1	55.900000	38.100000	38.100000
E_9-10	ARO:3000462	mgtA	14	46.207143	45.342857	56.200000
E_9-10	ARO:3000463	gimA	15	47.733333	48.320000	74.700000
E_9-10	ARO:3000476	tet(31)	3882	50.161978	48.387120	99.000000
E_9-10	ARO:3000478	tet(33)	3563	51.775414	47.983918	101.000000
E_9-10	ARO:3000481	tet(35)	319	60.071473	55.089342	86.700000
E_9-10	ARO:3000491	acrD	54857	57.050380	54.908194	108.000000
E_9-10	ARO:3000495	ErmD	601	46.822296	44.272546	58.900000
E_9-10	ARO:3000498	ErmF	1678	73.449523	69.732896	107.000000
E_9-10	ARO:3000499	AcrE	6262	55.680709	53.251006	106.000000
E_9-10	ARO:3000501	rpoB2	127938	64.644164	66.580428	107.000000
E_9-10	ARO:3000502	AcrF	59343	57.362063	54.523445	104.000000
E_9-10	ARO:3000504	golS	790	58.921392	56.584051	86.300000
E_9-10	ARO:3000508	gadX	94	71.304255	68.558511	104.000000
E_9-10	ARO:3000510	Saur_mupB_MUP	50562	53.205862	54.684053	99.400000
E_9-10	ARO:3000516	emrR	85	65.643529	60.457647	107.000000
E_9-10	ARO:3000518	CRP	799	71.024906	70.433417	105.000000
E_9-10	ARO:3000521	Saur_mupA_MUP	47904	53.672305	55.397691	95.900000
E_9-10	ARO:3000522	ErmG	62	60.383871	56.337097	107.000000
E_9-10	ARO:3000526	cmeR	116	44.810345	42.856897	46.600000
E_9-10	ARO:3000533	macA	587	51.210562	47.354344	68.200000
E_9-10	ARO:3000535	macB	27458	55.099690	50.938630	85.100000
E_9-10	ARO:3000549	adeS	1220	45.745164	45.158197	86.300000
E_9-10	ARO:3000553	adeR	21887	46.297021	45.254749	100.000000
E_9-10	ARO:3000556	tet(44)	19620	55.113710	50.189501	110.000000
E_9-10	ARO:3000559	adeN	259	48.282239	47.915444	95.900000
E_9-10	ARO:3000561	tet(30)	4485	50.502943	48.544593	84.300000
E_9-10	ARO:3000565	tet(38)	8	55.800000	53.875000	62.800000
E_9-10	ARO:3000566	tet(39)	5535	55.510605	52.409521	108.000000
E_9-10	ARO:3000567	tet(40)	200	61.249500	59.100500	106.000000
E_9-10	ARO:3000569	tet(41)	6243	53.575621	51.201506	89.700000
E_9-10	ARO:3000572	tet(42)	2479	46.949133	44.428883	82.800000
E_9-10	ARO:3000573	tet(43)	509	53.718271	47.288802	92.800000
E_9-10	ARO:3000578	CcrA	49	58.475510	66.791837	104.000000
E_9-10	ARO:3000579	Cmen_BlaB	20	50.355000	58.215000	75.100000
E_9-10	ARO:3000582	L1_BLA	23	44.756522	42.552174	61.600000
E_9-10	ARO:3000592	ErmN	75	42.386667	39.316000	47.000000
E_9-10	ARO:3000593	ErmQ	1365	46.509377	44.046520	104.000000
E_9-10	ARO:3000594	ErmR	743	48.826514	44.108614	57.400000
E_9-10	ARO:3000595	ErmT	114	56.156140	52.698246	104.000000
E_9-10	ARO:3000596	ErmX	152	69.918421	64.901974	107.000000
E_9-10	ARO:3000598	Erm(31)	217	52.051152	45.691244	81.300000
E_9-10	ARO:3000599	Erm(33)	58	58.846552	57.141379	93.600000
E_9-10	ARO:3000600	Erm(34)	329	45.966261	43.592097	57.000000
E_9-10	ARO:3000601	Erm(38)	96	55.414583	51.708333	94.000000
E_9-10	ARO:3000602	Erm(39)	114	53.171930	50.970175	95.900000
E_9-10	ARO:3000603	Erm(41)	5	57.960000	41.820000	55.800000
E_9-10	ARO:3000604	Erm(35)	1568	67.972449	65.020408	94.000000
E_9-10	ARO:3000605	Erm(36)	218	51.585780	45.194495	90.500000
E_9-10	ARO:3000606	FEZ-1	98	59.192857	57.996939	86.700000
E_9-10	ARO:3000614	mef(E)	14	55.850000	46.371429	73.200000
E_9-10	ARO:3000616	mel	2021	76.978179	72.404998	100.000000
E_9-10	ARO:3000617	mecA	539	44.400928	42.450649	63.900000
E_9-10	ARO:3000620	adeL	2619	49.161703	47.039443	89.400000
E_9-10	ARO:3000621	PC1_blaZ	2	51.850000	47.400000	47.400000
E_9-10	ARO:3000656	AcrS	801	56.923970	50.835581	107.000000
E_9-10	ARO:3000676	H-NS	136	73.227941	59.715441	102.000000
E_9-10	ARO:3000746	mepR	2	60.550000	47.400000	57.400000
E_9-10	ARO:3000753	abeM	1074	53.856704	50.827747	101.000000
E_9-10	ARO:3000768	abeS	2037	55.621404	53.524742	78.600000
E_9-10	ARO:3000774	adeA	2274	50.973879	47.766315	94.000000
E_9-10	ARO:3000775	adeB	46640	55.393786	52.693623	100.000000
E_9-10	ARO:3000777	adeF	51819	54.408939	50.944208	103.000000
E_9-10	ARO:3000778	adeG	3668	48.888250	45.329826	98.200000
E_9-10	ARO:3000779	adeH	3420	55.309123	47.779211	97.100000
E_9-10	ARO:3000780	adeI	3729	52.418718	49.536659	94.700000
E_9-10	ARO:3000781	adeJ	55165	56.134264	53.674964	105.000000
E_9-10	ARO:3000782	adeK	5530	54.597288	48.978463	101.000000
E_9-10	ARO:3000783	cmeA	425	45.698118	43.520706	57.400000
E_9-10	ARO:3000784	cmeB	53520	55.041353	52.352891	85.100000
E_9-10	ARO:3000785	cmeC	627	48.323604	41.106220	59.700000
E_9-10	ARO:3000789	mdsA	1191	48.467506	43.975903	84.700000
E_9-10	ARO:3000790	mdsB	52582	53.451116	50.536693	92.400000
E_9-10	ARO:3000791	mdsC	4771	57.495871	51.250681	79.700000
E_9-10	ARO:3000792	mdtA	2441	52.300696	51.208603	102.000000
E_9-10	ARO:3000793	mdtB	33312	57.059996	53.280124	104.000000
E_9-10	ARO:3000794	mdtC	30692	57.460394	53.879082	107.000000
E_9-10	ARO:3000795	mdtE	4064	53.239665	50.558711	103.000000
E_9-10	ARO:3000796	mdtF	58901	56.768328	54.039003	110.000000
E_9-10	ARO:3000800	MexC	3737	57.495076	53.182499	99.800000
E_9-10	ARO:3000801	MexD	51954	55.781112	53.411953	97.800000
E_9-10	ARO:3000802	OprJ	7030	58.971664	53.486501	92.800000
E_9-10	ARO:3000803	MexE	2491	49.914291	46.071096	79.700000
E_9-10	ARO:3000804	MexF	55767	54.549633	51.153672	101.000000
E_9-10	ARO:3000805	OprN	1209	54.146898	46.243259	86.700000
E_9-10	ARO:3000806	MexG	1	59.200000	62.000000	62.000000
E_9-10	ARO:3000807	MexH	440	47.323864	42.247273	60.500000
E_9-10	ARO:3000808	MexI	33250	52.204499	47.478439	86.700000
E_9-10	ARO:3000809	OpmD	438	49.879909	41.397717	53.900000
E_9-10	ARO:3000810	mtrC	3263	50.713209	48.144376	72.000000
E_9-10	ARO:3000811	mtrD	42777	55.400089	51.614164	84.000000
E_9-10	ARO:3000812	mtrE	3443	59.308481	52.001481	73.600000
E_9-10	ARO:3000815	mgrA	646	46.428793	46.476625	61.600000
E_9-10	ARO:3000816	mtrA	69	43.666667	40.901449	60.100000
E_9-10	ARO:3000822	pmrA	246	48.489837	49.813008	80.900000
E_9-10	ARO:3000823	ramA	126	51.407937	50.819048	104.000000
E_9-10	ARO:3000826	sdiA	130	57.995385	54.282308	97.100000
E_9-10	ARO:3000830	cpxA	769	51.057087	50.281664	111.000000
E_9-10	ARO:3000832	evgA	3755	38.886152	40.739840	103.000000
E_9-10	ARO:3000833	evgS	14346	43.850683	42.650899	112.000000
E_9-10	ARO:3000838	arlR	33944	49.797463	47.777843	73.900000
E_9-10	ARO:3000839	arlS	4701	49.414699	48.679515	77.000000
E_9-10	ARO:3000840	JOHN-1	35	55.797143	63.842857	81.300000
E_9-10	ARO:3000841	CGB-1	57	42.403509	45.424561	72.000000
E_9-10	ARO:3000842	EBR-1	26	51.746154	60.388462	72.400000
E_9-10	ARO:3000843	MUS-1	16	47.731250	52.618750	66.600000
E_9-10	ARO:3000844	TUS-1	52	41.148077	46.965385	65.900000
E_9-10	ARO:3000845	GIM-1	10	46.250000	52.410000	74.700000
E_9-10	ARO:3000846	SIM-1	9	88.011111	76.511111	115.000000
E_9-10	ARO:3000847	KHM-1	7	44.700000	44.942857	62.400000
E_9-10	ARO:3000848	DIM-1	7	49.228571	54.957143	75.500000
E_9-10	ARO:3000849	SFH-1	9	57.444444	62.077778	77.000000
E_9-10	ARO:3000850	GOB-1	99	51.537374	47.622222	79.000000
E_9-10	ARO:3000851	THIN-B	134	54.632836	53.177612	80.100000
E_9-10	ARO:3000853	AIM-1	152	55.302632	48.219079	80.500000
E_9-10	ARO:3000854	SMB-1	96	49.233333	49.714583	71.200000
E_9-10	ARO:3000855	CAU-1	117	50.605128	47.817949	104.000000
E_9-10	ARO:3000856	BJP-1	85	49.430588	45.811765	68.900000
E_9-10	ARO:3000858	armA	43	50.902326	46.190698	67.800000
E_9-10	ARO:3000859	rmtA	39	49.161538	40.743590	48.100000
E_9-10	ARO:3000860	rmtB	44	47.740909	41.465909	47.000000
E_9-10	ARO:3000861	rmtC	7	42.671429	41.857143	51.200000
E_9-10	ARO:3000862	sgm	22	50.286364	46.668182	80.900000
E_9-10	ARO:3000865	oleD	22	44.177273	46.304545	75.900000
E_9-10	ARO:3000866	oleI	38	42.634211	44.747368	61.200000
E_9-10	ARO:3000876	TEM-4	2	77.300000	57.400000	57.800000
E_9-10	ARO:3000878	TEM-6	2	58.950000	56.200000	56.200000
E_9-10	ARO:3000879	TEM-7	121	57.893388	51.205785	75.100000
E_9-10	ARO:3000880	TEM-8	1	55.100000	64.300000	64.300000
E_9-10	ARO:3000881	TEM-9	2	77.300000	57.400000	57.800000
E_9-10	ARO:3000882	TEM-10	1	55.100000	64.300000	64.300000
E_9-10	ARO:3000883	TEM-11	3	62.000000	61.866667	73.200000
E_9-10	ARO:3000884	TEM-12	1	55.100000	64.300000	64.300000
E_9-10	ARO:3000887	TEM-16	15	60.066667	59.940000	74.300000
E_9-10	ARO:3000888	TEM-17	1	51.100000	44.700000	44.700000
E_9-10	ARO:3000891	TEM-20	22	57.418182	57.309091	64.700000
E_9-10	ARO:3000892	TEM-21	62	61.854839	59.835484	68.900000
E_9-10	ARO:3000896	TEM-26	1	55.100000	64.300000	64.300000
E_9-10	ARO:3000898	TEM-28	2	58.950000	56.200000	56.200000
E_9-10	ARO:3000899	TEM-29	2	58.950000	56.200000	56.200000
E_9-10	ARO:3000902	TEM-32	15	57.353333	57.480000	64.700000
E_9-10	ARO:3000904	TEM-34	58	60.800000	53.136207	74.300000
E_9-10	ARO:3000909	TEM-39	43	63.286047	63.744186	69.300000
E_9-10	ARO:3000911	TEM-42	118	58.717797	52.483051	75.100000
E_9-10	ARO:3000912	TEM-43	14	57.464286	55.942857	74.300000
E_9-10	ARO:3000916	TEM-47	28	60.042857	56.171429	74.300000
E_9-10	ARO:3000917	TEM-48	2	77.300000	57.400000	57.800000
E_9-10	ARO:3000921	TEM-52	27	57.555556	57.737037	65.500000
E_9-10	ARO:3000922	TEM-53	1	55.100000	64.300000	64.300000
E_9-10	ARO:3000924	TEM-55	1	62.500000	61.200000	61.200000
E_9-10	ARO:3000926	TEM-57	36	50.877778	46.200000	65.100000
E_9-10	ARO:3000928	TEM-59	27	58.392593	58.607407	75.100000
E_9-10	ARO:3000930	TEM-61	2	58.950000	56.200000	56.200000
E_9-10	ARO:3000931	TEM-63	6	56.066667	56.216667	64.700000
E_9-10	ARO:3000934	TEM-67	2	59.600000	58.950000	73.200000
E_9-10	ARO:3000936	TEM-70	1	72.000000	76.600000	76.600000
E_9-10	ARO:3000938	TEM-72	90	59.281111	54.221111	74.300000
E_9-10	ARO:3000941	TEM-75	119	57.924370	51.273109	75.100000
E_9-10	ARO:3000944	TEM-78	47	63.051064	63.663830	73.200000
E_9-10	ARO:3000947	TEM-80	135	59.675556	50.812593	72.400000
E_9-10	ARO:3000948	TEM-81	136	59.604412	50.733088	72.400000
E_9-10	ARO:3000950	TEM-83	1	66.000000	67.400000	67.400000
E_9-10	ARO:3000952	TEM-85	3	69.900000	59.700000	64.300000
E_9-10	ARO:3000953	TEM-86	3	69.900000	59.700000	64.300000
E_9-10	ARO:3000954	TEM-87	11	57.272727	55.700000	74.300000
E_9-10	ARO:3000955	TEM-88	7	58.514286	55.657143	65.500000
E_9-10	ARO:3000956	TEM-89	23	58.391304	58.452174	75.100000
E_9-10	ARO:3000957	TEM-90	96	59.090625	50.407292	62.800000
E_9-10	ARO:3000958	TEM-91	7	57.957143	57.485714	73.200000
E_9-10	ARO:3000959	TEM-92	30	57.393333	57.226667	65.500000
E_9-10	ARO:3000960	TEM-93	21	57.295238	57.123810	64.700000
E_9-10	ARO:3000961	TEM-94	19	59.005263	56.915789	64.700000
E_9-10	ARO:3000962	TEM-95	79	61.208861	56.618987	67.800000
E_9-10	ARO:3000965	TEM-102	17	59.829412	60.029412	74.300000
E_9-10	ARO:3000968	TEM-105	92	58.302174	50.311957	66.200000
E_9-10	ARO:3000969	TEM-106	27	57.555556	57.737037	65.500000
E_9-10	ARO:3000970	TEM-107	8	56.975000	55.437500	64.700000
E_9-10	ARO:3000972	TEM-109	6	65.600000	58.783333	74.300000
E_9-10	ARO:3000973	TEM-110	2	77.300000	57.400000	57.800000
E_9-10	ARO:3000974	TEM-111	2	77.300000	57.400000	57.800000
E_9-10	ARO:3000975	TEM-112	62	61.854839	59.835484	68.900000
E_9-10	ARO:3000976	TEM-113	25	57.232000	57.180000	64.700000
E_9-10	ARO:3000977	TEM-114	1	55.100000	64.300000	64.300000
E_9-10	ARO:3000978	TEM-115	2	58.950000	56.200000	56.200000
E_9-10	ARO:3000979	TEM-116	13	59.715385	58.738462	74.300000
E_9-10	ARO:3000980	TEM-117	138	58.197101	52.169565	75.100000
E_9-10	ARO:3000981	TEM-118	120	57.885000	51.218333	75.100000
E_9-10	ARO:3000983	TEM-121	1	55.100000	64.300000	64.300000
E_9-10	ARO:3000985	TEM-123	79	59.749367	52.058228	75.100000
E_9-10	ARO:3000986	TEM-124	114	59.430702	53.968421	75.100000
E_9-10	ARO:3000987	TEM-125	23	63.313043	63.334783	67.000000
E_9-10	ARO:3000988	TEM-126	83	60.034940	52.531325	75.100000
E_9-10	ARO:3000989	TEM-127	38	60.663158	60.339474	67.800000
E_9-10	ARO:3000990	TEM-128	1	63.300000	62.800000	62.800000
E_9-10	ARO:3000993	TEM-129	1	55.100000	64.300000	64.300000
E_9-10	ARO:3000994	TEM-130	1	55.100000	64.300000	64.300000
E_9-10	ARO:3000995	TEM-131	4	55.850000	56.700000	64.700000
E_9-10	ARO:3000996	TEM-132	52	61.225000	52.638462	74.300000
E_9-10	ARO:3000997	TEM-133	1	55.100000	64.300000	64.300000
E_9-10	ARO:3000998	TEM-134	2	58.950000	56.200000	56.200000
E_9-10	ARO:3000999	TEM-135	18	56.833333	56.800000	64.700000
E_9-10	ARO:3001000	TEM-136	1	55.100000	64.300000	64.300000
E_9-10	ARO:3001001	TEM-137	1	55.100000	64.300000	64.300000
E_9-10	ARO:3001002	TEM-138	1	51.100000	44.700000	44.700000
E_9-10	ARO:3001005	TEM-142	2	77.300000	57.400000	57.800000
E_9-10	ARO:3001013	TEM-146	102	57.339216	48.474510	61.600000
E_9-10	ARO:3001014	TEM-147	3	63.300000	63.000000	76.600000
E_9-10	ARO:3001015	TEM-148	1	70.000000	75.900000	75.900000
E_9-10	ARO:3001016	TEM-149	5	55.980000	56.520000	64.700000
E_9-10	ARO:3001018	TEM-151	2	58.950000	56.200000	56.200000
E_9-10	ARO:3001019	TEM-152	2	58.950000	56.200000	56.200000
E_9-10	ARO:3001021	TEM-155	1	55.100000	64.300000	64.300000
E_9-10	ARO:3001022	TEM-156	43	62.495349	59.230233	67.000000
E_9-10	ARO:3001023	TEM-157	48	52.370833	48.133333	65.500000
E_9-10	ARO:3001024	TEM-158	2	61.600000	68.750000	73.200000
E_9-10	ARO:3001025	TEM-159	25	57.232000	57.180000	64.700000
E_9-10	ARO:3001028	TEM-162	8	51.962500	52.662500	64.700000
E_9-10	ARO:3001032	TEM-166	63	54.471429	51.549206	74.700000
E_9-10	ARO:3001033	TEM-167	3	75.533333	63.800000	76.600000
E_9-10	ARO:3001034	TEM-168	2	77.300000	57.400000	57.800000
E_9-10	ARO:3001035	TEM-169	24	64.125000	63.245833	68.600000
E_9-10	ARO:3001041	TEM-176	1	72.000000	76.600000	76.600000
E_9-10	ARO:3001042	TEM-177	6	56.066667	56.216667	64.700000
E_9-10	ARO:3001043	TEM-178	127	60.119685	55.023622	74.300000
E_9-10	ARO:3001045	TEM-183	5	59.300000	58.860000	73.200000
E_9-10	ARO:3001047	TEM-187	94	59.467021	52.838298	74.300000
E_9-10	ARO:3001050	TEM-190	21	64.057143	63.519048	68.600000
E_9-10	ARO:3001052	TEM-192	135	58.494074	52.083704	75.100000
E_9-10	ARO:3001054	TEM-194	82	54.431707	51.651220	74.300000
E_9-10	ARO:3001055	TEM-195	104	56.331731	51.575000	74.700000
E_9-10	ARO:3001057	TEM-198	4	58.500000	58.450000	73.200000
E_9-10	ARO:3001058	TEM-199	125	61.224800	55.287200	75.100000
E_9-10	ARO:3001065	SHV-6	1	88.000000	87.400000	87.400000
E_9-10	ARO:3001067	SHV-8	1	88.000000	87.400000	87.400000
E_9-10	ARO:3001068	SHV-9	68	52.994118	53.957353	100.000000
E_9-10	ARO:3001071	SHV-12	17	60.811765	63.111765	100.000000
E_9-10	ARO:3001075	SHV-16	1	64.600000	60.500000	60.500000
E_9-10	ARO:3001076	SHV-18	25	57.632000	59.384000	100.000000
E_9-10	ARO:3001077	SHV-19	3	67.133333	72.766667	75.100000
E_9-10	ARO:3001078	SHV-20	58	52.036207	54.234483	100.000000
E_9-10	ARO:3001079	SHV-21	4	75.350000	79.575000	100.000000
E_9-10	ARO:3001080	SHV-22	67	52.120896	54.022388	100.000000
E_9-10	ARO:3001081	SHV-23	16	65.756250	68.806250	100.000000
E_9-10	ARO:3001082	SHV-24	39	55.646154	56.517949	100.000000
E_9-10	ARO:3001083	SHV-25	9	65.622222	64.455556	74.700000
E_9-10	ARO:3001085	SHV-27	3	50.933333	45.166667	60.100000
E_9-10	ARO:3001090	SHV-32	5	61.620000	59.080000	87.400000
E_9-10	ARO:3001093	SHV-35	3	67.066667	68.166667	75.100000
E_9-10	ARO:3001094	SHV-36	1	88.000000	87.400000	87.400000
E_9-10	ARO:3001095	SHV-37	10	66.350000	64.790000	74.700000
E_9-10	ARO:3001096	SHV-38	1	70.000000	63.200000	63.200000
E_9-10	ARO:3001099	SHV-41	24	67.212500	66.395833	100.000000
E_9-10	ARO:3001100	SHV-42	40	58.242500	58.897500	100.000000
E_9-10	ARO:3001101	SHV-43	43	49.325581	52.404651	63.900000
E_9-10	ARO:3001103	SHV-45	3	50.933333	45.166667	60.100000
E_9-10	ARO:3001105	SHV-48	63	47.519048	49.966667	68.900000
E_9-10	ARO:3001106	SHV-49	1	88.000000	87.400000	87.400000
E_9-10	ARO:3001108	SHV-51	1	55.100000	56.600000	56.600000
E_9-10	ARO:3001109	SHV-52	18	66.555556	65.077778	100.000000
E_9-10	ARO:3001110	SHV-53	113	56.871681	57.497345	100.000000
E_9-10	ARO:3001112	SHV-56	10	67.480000	69.070000	100.000000
E_9-10	ARO:3001116	SHV-61	7	74.071429	75.957143	100.000000
E_9-10	ARO:3001117	SHV-62	1	44.900000	42.700000	42.700000
E_9-10	ARO:3001119	SHV-64	13	61.284615	62.915385	75.100000
E_9-10	ARO:3001122	SHV-67	1	88.000000	87.400000	87.400000
E_9-10	ARO:3001123	SHV-69	1	88.000000	87.400000	87.400000
E_9-10	ARO:3001124	SHV-70	2	65.300000	63.000000	65.500000
E_9-10	ARO:3001125	SHV-71	2	57.450000	52.950000	63.200000
E_9-10	ARO:3001126	SHV-72	1	70.000000	63.200000	63.200000
E_9-10	ARO:3001127	SHV-73	33	51.339394	52.200000	100.000000
E_9-10	ARO:3001132	SHV-78	1	88.000000	87.400000	87.400000
E_9-10	ARO:3001133	SHV-79	22	59.131818	60.181818	100.000000
E_9-10	ARO:3001134	SHV-80	97	50.998969	52.549485	69.300000
E_9-10	ARO:3001137	SHV-83	1	88.000000	87.400000	87.400000
E_9-10	ARO:3001141	SHV-89	17	68.294118	67.664706	100.000000
E_9-10	ARO:3001144	SHV-92	13	68.607692	70.107692	100.000000
E_9-10	ARO:3001145	SHV-93	3	50.933333	45.166667	60.100000
E_9-10	ARO:3001146	SHV-94	1	46.800000	46.200000	46.200000
E_9-10	ARO:3001150	SHV-101	7	74.071429	75.957143	100.000000
E_9-10	ARO:3001153	SHV-104	21	60.200000	61.323810	66.200000
E_9-10	ARO:3001154	SHV-105	7	60.871429	57.685714	100.000000
E_9-10	ARO:3001157	SHV-108	9	64.600000	65.722222	82.000000
E_9-10	ARO:3001159	SHV-110	3	50.933333	45.166667	60.100000
E_9-10	ARO:3001160	SHV-111	4	50.125000	45.525000	62.000000
E_9-10	ARO:3001164	SHV-115	1	40.900000	40.400000	40.400000
E_9-10	ARO:3001165	SHV-116	1	40.900000	40.400000	40.400000
E_9-10	ARO:3001168	SHV-121	12	68.916667	68.050000	87.400000
E_9-10	ARO:3001170	SHV-123	48	53.887500	56.033333	100.000000
E_9-10	ARO:3001171	SHV-124	69	55.875362	56.656522	100.000000
E_9-10	ARO:3001172	SHV-125	51	55.003922	56.874510	100.000000
E_9-10	ARO:3001173	SHV-126	58	56.241379	57.115517	100.000000
E_9-10	ARO:3001174	SHV-127	47	53.585106	55.874468	100.000000
E_9-10	ARO:3001178	SHV-134	2	66.300000	64.500000	64.700000
E_9-10	ARO:3001181	SHV-137	32	65.878125	65.028125	76.600000
E_9-10	ARO:3001182	SHV-140	9	49.444444	46.733333	62.000000
E_9-10	ARO:3001188	SHV-149	2	61.200000	60.850000	63.900000
E_9-10	ARO:3001191	SHV-152	1	71.400000	75.100000	75.100000
E_9-10	ARO:3001195	SHV-156	5	64.200000	63.220000	87.400000
E_9-10	ARO:3001196	SHV-157	1	58.300000	61.600000	61.600000
E_9-10	ARO:3001198	SHV-159	14	59.178571	56.757143	58.900000
E_9-10	ARO:3001201	SHV-162	1	71.400000	75.100000	75.100000
E_9-10	ARO:3001204	SHV-167	27	50.907407	54.140741	87.400000
E_9-10	ARO:3001205	BRP(MBL)	4	64.175000	68.275000	80.500000
E_9-10	ARO:3001209	mecC	884	44.570023	42.943665	63.200000
E_9-10	ARO:3001214	mdtM	629	52.558029	48.604452	101.000000
E_9-10	ARO:3001216	mdtH	136	74.414706	74.638235	110.000000
E_9-10	ARO:3001265	Erm(30)	820	46.028902	40.267317	63.200000
E_9-10	ARO:3001299	Sfra_tlrB_TYL	152	49.238158	45.188158	60.100000
E_9-10	ARO:3001300	myrA	191	53.500524	47.626178	61.600000
E_9-10	ARO:3001301	RlmA(II)	55	47.130909	44.558182	73.200000
E_9-10	ARO:3001302	chrB	196	53.720408	47.920408	66.600000
E_9-10	ARO:3001303	ErmO-srmA	94	46.807447	39.975532	54.300000
E_9-10	ARO:3001304	ErmS	118	44.657627	40.206780	52.800000
E_9-10	ARO:3001305	ErmU	32	59.596875	62.818750	83.600000
E_9-10	ARO:3001306	ErmW	139	45.500719	42.869065	72.800000
E_9-10	ARO:3001313	facT	1264	45.919937	44.333940	68.900000
E_9-10	ARO:3001327	MdtK	107	74.598131	72.889720	106.000000
E_9-10	ARO:3001328	Ecol_mdfA	560	56.751250	52.628571	102.000000
E_9-10	ARO:3001329	mdtG	292	62.871575	61.544178	110.000000
E_9-10	ARO:3001337	SHV-99	1	58.300000	62.000000	62.000000
E_9-10	ARO:3001345	SHV-144	1	70.000000	63.200000	63.200000
E_9-10	ARO:3001347	SHV-164	1	71.400000	75.100000	75.100000
E_9-10	ARO:3001350	SHV-180	1	88.000000	87.400000	87.400000
E_9-10	ARO:3001351	SHV-183	2	60.400000	65.100000	65.100000
E_9-10	ARO:3001352	SHV-168	1	70.000000	63.200000	63.200000
E_9-10	ARO:3001364	SHV-182	9	66.166667	67.600000	87.400000
E_9-10	ARO:3001369	TEM-153	23	57.317391	57.347826	64.700000
E_9-10	ARO:3001373	TEM-182	25	62.720000	62.376000	67.400000
E_9-10	ARO:3001374	TEM-185	44	63.100000	63.600000	69.300000
E_9-10	ARO:3001375	TEM-184	105	59.076190	48.879048	72.400000
E_9-10	ARO:3001382	TEM-205	1	55.100000	64.300000	64.300000
E_9-10	ARO:3001383	TEM-206	3	61.000000	61.000000	73.200000
E_9-10	ARO:3001384	TEM-207	34	56.102941	53.541176	63.500000
E_9-10	ARO:3001388	TEM-211	19	57.089474	56.852632	64.700000
E_9-10	ARO:3001392	TEM-215	61	61.965574	59.762295	68.900000
E_9-10	ARO:3001396	OXA-1	460	89.842826	85.102391	112.000000
E_9-10	ARO:3001397	OXA-2	1450	65.573172	67.894621	118.000000
E_9-10	ARO:3001398	OXA-3	564	75.439539	77.125177	118.000000
E_9-10	ARO:3001399	OXA-4	473	88.719662	84.195983	112.000000
E_9-10	ARO:3001400	OXA-5	275	66.284364	63.196364	107.000000
E_9-10	ARO:3001402	OXA-7	464	80.162500	75.542241	107.000000
E_9-10	ARO:3001404	OXA-9	298	75.052013	75.261745	108.000000
E_9-10	ARO:3001405	OXA-10	1102	87.115608	84.532305	111.000000
E_9-10	ARO:3001406	OXA-11	700	91.868000	86.814714	111.000000
E_9-10	ARO:3001407	OXA-12	183	60.697814	62.310929	117.000000
E_9-10	ARO:3001408	OXA-13	599	84.590150	81.189316	112.000000
E_9-10	ARO:3001409	OXA-14	816	88.564828	84.834436	111.000000
E_9-10	ARO:3001410	OXA-15	1475	65.550102	67.911797	118.000000
E_9-10	ARO:3001411	OXA-16	614	89.047720	87.146254	111.000000
E_9-10	ARO:3001412	OXA-17	955	86.394031	83.160838	111.000000
E_9-10	ARO:3001413	OXA-18	213	54.339906	57.547418	87.800000
E_9-10	ARO:3001414	OXA-19	425	84.070118	78.835529	112.000000
E_9-10	ARO:3001415	OXA-20	644	57.711801	58.855901	109.000000
E_9-10	ARO:3001416	OXA-21	653	72.327565	74.245636	119.000000
E_9-10	ARO:3001417	OXA-22	58	50.632759	50.584483	70.100000
E_9-10	ARO:3001418	OXA-23	53	44.873585	50.445283	59.300000
E_9-10	ARO:3001419	OXA-24	6	57.066667	62.116667	85.900000
E_9-10	ARO:3001420	OXA-25	6	57.066667	62.116667	85.900000
E_9-10	ARO:3001421	OXA-26	7	53.914286	58.685714	85.900000
E_9-10	ARO:3001422	OXA-27	55	46.167273	51.336364	87.800000
E_9-10	ARO:3001423	OXA-28	362	90.639779	84.061878	112.000000
E_9-10	ARO:3001424	OXA-29	199	57.800503	60.472864	100.000000
E_9-10	ARO:3001425	OXA-31	473	88.525581	84.031078	112.000000
E_9-10	ARO:3001426	OXA-32	1287	67.821989	70.989277	118.000000
E_9-10	ARO:3001427	OXA-33	451	87.918182	83.356319	112.000000
E_9-10	ARO:3001428	OXA-34	1068	66.896629	70.469663	118.000000
E_9-10	ARO:3001429	OXA-35	741	84.919568	82.501484	112.000000
E_9-10	ARO:3001430	OXA-36	1443	62.397297	66.477408	118.000000
E_9-10	ARO:3001431	OXA-37	659	57.665402	58.812443	109.000000
E_9-10	ARO:3001439	OXA-101	656	85.310061	82.271037	112.000000
E_9-10	ARO:3001440	OXA-115	1	100.000000	67.400000	67.400000
E_9-10	ARO:3001441	OXA-116	8	55.712500	56.737500	103.000000
E_9-10	ARO:3001442	OXA-117	7	57.128571	58.457143	103.000000
E_9-10	ARO:3001443	OXA-121	1	70.000000	70.500000	70.500000
E_9-10	ARO:3001444	OXA-122	1	71.100000	67.800000	67.800000
E_9-10	ARO:3001445	OXA-123	15	61.553333	65.580000	75.900000
E_9-10	ARO:3001446	OXA-124	7	61.785714	65.814286	75.900000
E_9-10	ARO:3001447	OXA-125	8	62.950000	62.537500	75.900000
E_9-10	ARO:3001448	OXA-126	2	79.600000	81.600000	81.600000
E_9-10	ARO:3001451	OXA-139	4	53.400000	58.125000	85.900000
E_9-10	ARO:3001452	OXA-140	418	87.128469	82.789234	112.000000
E_9-10	ARO:3001453	OXA-148	6	56.083333	50.066667	67.400000
E_9-10	ARO:3001454	OXA-149	4	46.850000	46.425000	48.100000
E_9-10	ARO:3001455	OXA-150	8	55.712500	56.925000	103.000000
E_9-10	ARO:3001456	OXA-151	437	43.094279	44.137529	63.200000
E_9-10	ARO:3001457	OXA-152	426	42.765962	44.083333	62.000000
E_9-10	ARO:3001458	OXA-153	333	42.696697	41.845345	60.500000
E_9-10	ARO:3001459	OXA-154	150	44.749333	46.614667	65.100000
E_9-10	ARO:3001460	OXA-155	148	44.729730	46.654730	65.100000
E_9-10	ARO:3001461	OXA-156	172	47.019186	47.633140	63.200000
E_9-10	ARO:3001462	OXA-157	170	44.286471	47.238824	59.700000
E_9-10	ARO:3001463	OXA-158	132	44.718182	46.006061	63.500000
E_9-10	ARO:3001464	OXA-159	123	44.622764	45.980488	63.500000
E_9-10	ARO:3001465	OXA-165	43	44.379070	50.630233	55.500000
E_9-10	ARO:3001466	OXA-166	48	44.710417	50.437500	55.500000
E_9-10	ARO:3001467	OXA-167	64	45.928125	51.451563	87.800000
E_9-10	ARO:3001468	OXA-168	40	44.747500	50.567500	55.500000
E_9-10	ARO:3001469	OXA-169	50	44.798000	50.484000	55.500000
E_9-10	ARO:3001470	OXA-170	54	45.412963	51.227778	57.000000
E_9-10	ARO:3001471	OXA-171	59	45.518644	50.779661	87.800000
E_9-10	ARO:3001472	OXA-178	7	77.428571	74.971429	85.100000
E_9-10	ARO:3001473	OXA-179	2	78.550000	84.000000	89.000000
E_9-10	ARO:3001474	OXA-180	1	81.600000	89.000000	89.000000
E_9-10	ARO:3001475	OXA-183	343	90.822157	83.790671	112.000000
E_9-10	ARO:3001476	OXA-184	16	51.193750	44.456250	50.800000
E_9-10	ARO:3001477	OXA-185	15	51.066667	44.393333	50.800000
E_9-10	ARO:3001478	OXA-193	29	53.896552	45.096552	52.400000
E_9-10	ARO:3001480	OXA-195	2	58.600000	63.500000	81.600000
E_9-10	ARO:3001482	OXA-197	1	71.100000	67.800000	67.800000
E_9-10	ARO:3001483	OXA-205	914	62.150985	65.421882	120.000000
E_9-10	ARO:3001484	OXA-206	1	77.600000	80.100000	80.100000
E_9-10	ARO:3001485	OXA-207	6	57.066667	62.116667	85.900000
E_9-10	ARO:3001486	OXA-208	20	61.545000	63.285000	75.900000
E_9-10	ARO:3001487	OXA-210	1056	69.720644	71.064489	118.000000
E_9-10	ARO:3001488	OXA-216	4	80.875000	85.400000	89.000000
E_9-10	ARO:3001489	OXA-217	5	44.640000	44.680000	47.800000
E_9-10	ARO:3001493	OXA-225	66	45.857576	51.724242	87.800000
E_9-10	ARO:3001495	OXA-233	717	88.316039	83.156904	111.000000
E_9-10	ARO:3001498	OXA-239	44	44.015909	50.484091	59.300000
E_9-10	ARO:3001499	OXA-240	952	85.830567	82.195693	111.000000
E_9-10	ARO:3001500	OXA-251	532	91.871241	84.958835	111.000000
E_9-10	ARO:3001501	OXA-252	68	52.379412	58.235294	101.000000
E_9-10	ARO:3001502	OXA-256	955	86.277906	83.062513	111.000000
E_9-10	ARO:3001503	OXA-258	60	48.736667	51.096667	84.700000
E_9-10	ARO:3001504	OXA-309	68	70.986765	67.469118	105.000000
E_9-10	ARO:3001510	OXA-322	1	82.000000	84.000000	84.000000
E_9-10	ARO:3001511	OXA-323	3	69.466667	68.800000	84.000000
E_9-10	ARO:3001512	OXA-324	4	69.950000	71.700000	82.800000
E_9-10	ARO:3001513	OXA-325	6	74.716667	77.583333	87.000000
E_9-10	ARO:3001514	OXA-326	1	82.000000	84.000000	84.000000
E_9-10	ARO:3001515	OXA-327	43	64.430233	68.869767	82.000000
E_9-10	ARO:3001516	OXA-328	4	68.850000	70.375000	82.800000
E_9-10	ARO:3001517	OXA-329	6	74.716667	77.583333	87.000000
E_9-10	ARO:3001518	OXA-330	54	61.196296	65.538889	82.000000
E_9-10	ARO:3001519	OXA-331	1	82.000000	85.100000	85.100000
E_9-10	ARO:3001520	OXA-332	5	71.080000	72.460000	82.800000
E_9-10	ARO:3001521	OXA-333	100	71.407000	69.488000	103.000000
E_9-10	ARO:3001522	OXA-334	62	72.027419	67.900000	103.000000
E_9-10	ARO:3001523	OXA-335	79	54.768354	58.492405	99.800000
E_9-10	ARO:3001525	OXA-337	3	60.200000	66.633333	75.900000
E_9-10	ARO:3001526	OXA-338	1	81.600000	89.000000	89.000000
E_9-10	ARO:3001527	OXA-339	3	60.200000	66.633333	75.900000
E_9-10	ARO:3001528	OXA-340	1	50.000000	48.100000	48.100000
E_9-10	ARO:3001530	OXA-342	4	64.325000	73.450000	82.800000
E_9-10	ARO:3001531	OXA-343	2	79.600000	81.600000	81.600000
E_9-10	ARO:3001533	OXA-345	1	50.000000	48.100000	48.100000
E_9-10	ARO:3001534	OXA-346	1	100.000000	105.000000	105.000000
E_9-10	ARO:3001535	OXA-348	39	66.374359	72.558974	87.000000
E_9-10	ARO:3001536	OXA-349	2	60.900000	57.750000	75.100000
E_9-10	ARO:3001537	OXA-350	5	71.480000	72.860000	84.000000
E_9-10	ARO:3001538	OXA-351	34	64.882353	71.258824	85.100000
E_9-10	ARO:3001539	OXA-352	7	70.457143	73.042857	87.000000
E_9-10	ARO:3001540	OXA-353	9	54.544444	59.077778	84.000000
E_9-10	ARO:3001541	OXA-354	2	64.100000	62.200000	84.000000
E_9-10	ARO:3001542	OXA-355	62	64.514516	67.348387	94.700000
E_9-10	ARO:3001543	OXA-356	44	64.375000	66.206818	94.700000
E_9-10	ARO:3001544	OXA-357	11	50.563636	53.154545	57.000000
E_9-10	ARO:3001545	OXA-358	5	69.080000	70.780000	82.800000
E_9-10	ARO:3001546	OXA-359	1	80.000000	82.000000	82.000000
E_9-10	ARO:3001547	OXA-360	12	60.816667	61.775000	97.400000
E_9-10	ARO:3001548	OXA-361	42	65.123810	69.426190	103.000000
E_9-10	ARO:3001549	OXA-362	42	63.123810	67.669048	102.000000
E_9-10	ARO:3001550	OXA-363	76	55.640789	58.956579	105.000000
E_9-10	ARO:3001551	OXA-364	85	50.180000	49.930588	85.100000
E_9-10	ARO:3001552	OXA-365	2	65.800000	68.550000	89.000000
E_9-10	ARO:3001553	OXA-366	64	45.928125	51.451563	87.800000
E_9-10	ARO:3001555	OXA-368	608	87.679934	82.498684	111.000000
E_9-10	ARO:3001557	OXA-371	10	75.630000	73.580000	105.000000
E_9-10	ARO:3001558	OXA-372	1438	53.820445	58.011127	112.000000
E_9-10	ARO:3001559	OXA-373	78	71.133333	67.939744	106.000000
E_9-10	ARO:3001560	OXA-374	1	70.000000	70.500000	70.500000
E_9-10	ARO:3001561	OXA-375	3	69.433333	80.466667	82.800000
E_9-10	ARO:3001562	OXA-376	3	80.633333	84.200000	85.100000
E_9-10	ARO:3001563	OXA-377	6	79.966667	84.666667	89.000000
E_9-10	ARO:3001564	OXA-378	3	46.933333	47.366667	52.400000
E_9-10	ARO:3001565	OXA-379	23	58.191304	62.552174	75.900000
E_9-10	ARO:3001566	OXA-380	4	85.475000	80.000000	85.100000
E_9-10	ARO:3001567	OXA-381	19	59.052632	60.989474	85.100000
E_9-10	ARO:3001568	OXA-382	16	61.831250	66.175000	75.900000
E_9-10	ARO:3001570	OXA-384	2	44.900000	45.050000	52.400000
E_9-10	ARO:3001571	OXA-385	6	82.850000	79.900000	85.100000
E_9-10	ARO:3001572	OXA-386	1	78.700000	82.800000	82.800000
E_9-10	ARO:3001574	OXA-388	2	44.900000	45.050000	52.400000
E_9-10	ARO:3001575	OXA-389	2	79.600000	86.700000	89.400000
E_9-10	ARO:3001576	OXA-390	16	61.831250	66.175000	75.900000
E_9-10	ARO:3001577	OXA-391	20	61.545000	63.285000	75.900000
E_9-10	ARO:3001578	OXA-392	451	90.672727	85.760310	112.000000
E_9-10	ARO:3001581	OXA-395	168	54.850000	57.387500	84.700000
E_9-10	ARO:3001582	OXA-396	185	54.248649	55.724324	85.500000
E_9-10	ARO:3001583	OXA-397	30	83.226667	84.240000	107.000000
E_9-10	ARO:3001584	OXA-398	45	44.364444	50.446667	55.500000
E_9-10	ARO:3001586	OXA-400	2	79.600000	81.600000	81.600000
E_9-10	ARO:3001587	OXA-401	1	68.900000	67.000000	67.000000
E_9-10	ARO:3001588	OXA-402	18	61.400000	63.400000	75.900000
E_9-10	ARO:3001589	OXA-403	1	100.000000	105.000000	105.000000
E_9-10	ARO:3001596	OXA-405	855	52.101053	53.096725	100.000000
E_9-10	ARO:3001597	OXA-406	14	62.378571	66.828571	75.900000
E_9-10	ARO:3001598	OXA-407	6	53.600000	53.716667	84.700000
E_9-10	ARO:3001599	OXA-408	2	53.850000	52.350000	67.000000
E_9-10	ARO:3001602	OXA-411	1	70.000000	70.500000	70.500000
E_9-10	ARO:3001603	OXA-412	3	60.200000	66.633333	75.900000
E_9-10	ARO:3001606	OXA-415	1103	67.444968	68.902901	118.000000
E_9-10	ARO:3001607	OXA-416	120	51.295833	55.744167	100.000000
E_9-10	ARO:3001608	OXA-417	11	71.172727	67.463636	90.100000
E_9-10	ARO:3001609	OXA-114a	80	48.580000	47.013750	81.300000
E_9-10	ARO:3001610	OXA-243	87	48.020690	48.198851	82.800000
E_9-10	ARO:3001611	OXA-58	30	83.563333	84.553333	107.000000
E_9-10	ARO:3001612	OXA-51	5	80.440000	84.880000	89.000000
E_9-10	ARO:3001613	OXA-64	2	90.800000	78.200000	89.000000
E_9-10	ARO:3001617	OXA-69	8	79.225000	77.862500	105.000000
E_9-10	ARO:3001618	OXA-70	16	61.956250	65.887500	75.900000
E_9-10	ARO:3001619	OXA-71	1	70.000000	70.500000	70.500000
E_9-10	ARO:3001620	OXA-75	4	54.875000	56.225000	82.800000
E_9-10	ARO:3001623	OXA-83	7	77.428571	74.971429	85.100000
E_9-10	ARO:3001624	OXA-84	7	73.642857	77.300000	85.500000
E_9-10	ARO:3001628	OXA-93	1	50.000000	48.100000	48.100000
E_9-10	ARO:3001629	OXA-94	3	80.633333	84.200000	85.100000
E_9-10	ARO:3001631	OXA-96	30	83.296667	84.403333	107.000000
E_9-10	ARO:3001632	OXA-92	5	88.380000	85.000000	105.000000
E_9-10	ARO:3001633	OXA-79	7	81.342857	80.142857	85.100000
E_9-10	ARO:3001636	OXA-104	3	66.533333	52.633333	67.400000
E_9-10	ARO:3001637	OXA-106	17	64.076471	66.247059	75.900000
E_9-10	ARO:3001638	OXA-107	1	100.000000	105.000000	105.000000
E_9-10	ARO:3001639	OXA-108	2	77.600000	80.500000	80.500000
E_9-10	ARO:3001641	OXA-110	1	98.000000	104.000000	104.000000
E_9-10	ARO:3001642	OXA-111	1	81.600000	89.000000	89.000000
E_9-10	ARO:3001643	OXA-112	2	100.000000	86.200000	105.000000
E_9-10	ARO:3001644	OXA-113	4	72.625000	64.500000	74.700000
E_9-10	ARO:3001646	OXA-98	7	57.128571	58.457143	103.000000
E_9-10	ARO:3001647	OXA-97	30	83.430000	84.453333	107.000000
E_9-10	ARO:3001649	OXA-99	2	76.800000	81.300000	89.000000
E_9-10	ARO:3001650	OXA-90	8	76.787500	75.800000	85.100000
E_9-10	ARO:3001651	OXA-130	4	69.100000	72.550000	81.600000
E_9-10	ARO:3001652	OXA-131	10	58.430000	62.330000	82.000000
E_9-10	ARO:3001654	OXA-143	7	64.971429	70.971429	93.200000
E_9-10	ARO:3001656	OXA-172	10	58.430000	62.330000	82.000000
E_9-10	ARO:3001657	OXA-173	10	58.430000	62.330000	82.000000
E_9-10	ARO:3001658	OXA-174	3	72.400000	64.800000	81.600000
E_9-10	ARO:3001659	OXA-175	1	100.000000	67.400000	67.400000
E_9-10	ARO:3001662	OXA-164	29	84.548276	85.624138	106.000000
E_9-10	ARO:3001663	OXA-160	6	57.066667	62.116667	85.900000
E_9-10	ARO:3001664	OXA-203	2	49.800000	45.250000	52.400000
E_9-10	ARO:3001667	OXA-202	7	77.428571	74.971429	85.100000
E_9-10	ARO:3001668	OXA-219	1	81.600000	89.000000	89.000000
E_9-10	ARO:3001670	OXA-231	7	64.971429	70.971429	93.200000
E_9-10	ARO:3001671	OXA-49	29	45.182759	52.055172	82.000000
E_9-10	ARO:3001672	OXA-120	6	82.850000	79.900000	85.100000
E_9-10	ARO:3001674	OXA-249	2	79.600000	81.600000	81.600000
E_9-10	ARO:3001675	OXA-250	1	46.200000	40.800000	40.800000
E_9-10	ARO:3001676	OXA-235	35	59.448571	62.365714	100.000000
E_9-10	ARO:3001677	OXA-236	53	57.296226	61.913208	100.000000
E_9-10	ARO:3001678	OXA-237	33	61.869697	64.760606	100.000000
E_9-10	ARO:3001680	OXA-242	1	81.600000	89.000000	89.000000
E_9-10	ARO:3001681	OXA-278	18	65.266667	66.211111	101.000000
E_9-10	ARO:3001682	OXA-254	1	75.500000	79.000000	79.000000
E_9-10	ARO:3001683	OXA-312	1	70.000000	70.500000	70.500000
E_9-10	ARO:3001684	OXA-313	1	70.000000	70.500000	70.500000
E_9-10	ARO:3001685	OXA-314	1	100.000000	67.400000	67.400000
E_9-10	ARO:3001687	OXA-316	8	57.350000	64.412500	85.100000
E_9-10	ARO:3001689	OXA-253	10	65.000000	69.350000	93.200000
E_9-10	ARO:3001690	OXA-255	6	64.100000	68.800000	93.200000
E_9-10	ARO:3001691	OXA-228	60	64.593333	67.361667	94.700000
E_9-10	ARO:3001692	OXA-229	67	64.376119	67.585075	94.700000
E_9-10	ARO:3001693	OXA-230	87	65.226437	68.626437	94.700000
E_9-10	ARO:3001694	OXA-257	46	66.456522	68.652174	94.700000
E_9-10	ARO:3001695	OXA-134	52	53.450000	55.203846	102.000000
E_9-10	ARO:3001702	OXA-133	76	51.223684	55.346053	74.300000
E_9-10	ARO:3001704	OXA-87	3	80.633333	84.200000	85.100000
E_9-10	ARO:3001705	OXA-72	7	59.700000	64.957143	85.900000
E_9-10	ARO:3001707	OXA-103	46	44.026087	48.239130	59.700000
E_9-10	ARO:3001709	OXA-182	9	61.855556	65.933333	91.300000
E_9-10	ARO:3001710	OXA-211	71	71.464789	67.716901	107.000000
E_9-10	ARO:3001711	OXA-212	101	68.746535	67.811881	105.000000
E_9-10	ARO:3001712	OXA-213	31	64.303226	69.816129	75.900000
E_9-10	ARO:3001713	OXA-214	13	49.446154	49.969231	64.300000
E_9-10	ARO:3001714	OXA-215	13	49.446154	49.969231	64.300000
E_9-10	ARO:3001717	OXA-261	15	61.553333	65.580000	75.900000
E_9-10	ARO:3001718	OXA-262	7	49.100000	52.242857	80.100000
E_9-10	ARO:3001720	OXA-264	13	49.446154	49.969231	64.300000
E_9-10	ARO:3001721	OXA-265	9	45.422222	44.800000	56.600000
E_9-10	ARO:3001722	OXA-266	7	63.342857	65.914286	92.000000
E_9-10	ARO:3001723	OXA-267	4	77.800000	80.975000	84.000000
E_9-10	ARO:3001724	OXA-268	5	72.380000	72.780000	83.200000
E_9-10	ARO:3001725	OXA-269	14	46.871429	52.307143	57.400000
E_9-10	ARO:3001726	OXA-270	1	44.900000	46.200000	46.200000
E_9-10	ARO:3001728	OXA-272	4	55.200000	59.650000	82.000000
E_9-10	ARO:3001729	OXA-273	20	49.760000	50.635000	57.400000
E_9-10	ARO:3001730	OXA-274	14	71.678571	77.550000	97.100000
E_9-10	ARO:3001731	OXA-275	14	72.850000	77.721429	97.100000
E_9-10	ARO:3001732	OXA-276	39	50.330769	51.561538	101.000000
E_9-10	ARO:3001733	OXA-277	38	48.971053	51.244737	100.000000
E_9-10	ARO:3001734	OXA-279	9	51.833333	51.866667	58.200000
E_9-10	ARO:3001735	OXA-280	64	72.226562	68.007812	106.000000
E_9-10	ARO:3001736	OXA-281	66	71.642424	68.598485	105.000000
E_9-10	ARO:3001737	OXA-282	67	54.383582	57.329851	105.000000
E_9-10	ARO:3001738	OXA-283	63	53.709524	57.001587	105.000000
E_9-10	ARO:3001739	OXA-284	94	56.101064	59.263830	105.000000
E_9-10	ARO:3001740	OXA-285	54	50.537037	52.814815	102.000000
E_9-10	ARO:3001741	OXA-286	17	56.317647	56.900000	88.200000
E_9-10	ARO:3001742	OXA-287	19	54.436842	55.705263	88.200000
E_9-10	ARO:3001743	OXA-288	21	52.757143	51.295238	66.600000
E_9-10	ARO:3001744	OXA-289	8	50.787500	50.500000	59.700000
E_9-10	ARO:3001745	OXA-290	10	51.780000	50.760000	60.500000
E_9-10	ARO:3001746	OXA-291	18	51.927778	52.400000	87.000000
E_9-10	ARO:3001747	OXA-292	16	49.193750	50.531250	61.200000
E_9-10	ARO:3001748	OXA-293	12	50.600000	51.925000	64.700000
E_9-10	ARO:3001749	OXA-294	26	55.119231	55.346154	90.500000
E_9-10	ARO:3001750	OXA-295	12	54.725000	56.750000	87.000000
E_9-10	ARO:3001751	OXA-296	12	56.125000	62.583333	86.300000
E_9-10	ARO:3001752	OXA-297	7	61.514286	63.671429	90.900000
E_9-10	ARO:3001753	OXA-298	10	59.940000	61.660000	90.900000
E_9-10	ARO:3001754	OXA-299	12	47.050000	47.033333	52.400000
E_9-10	ARO:3001755	OXA-300	61	66.167213	69.960656	90.900000
E_9-10	ARO:3001756	OXA-301	41	66.492683	68.239024	94.700000
E_9-10	ARO:3001757	OXA-302	18	47.777778	50.772222	65.100000
E_9-10	ARO:3001758	OXA-303	17	56.494118	56.970588	88.200000
E_9-10	ARO:3001759	OXA-304	1	70.000000	73.600000	73.600000
E_9-10	ARO:3001760	OXA-305	1	70.000000	73.600000	73.600000
E_9-10	ARO:3001761	OXA-306	17	50.441176	52.294118	65.900000
E_9-10	ARO:3001762	OXA-307	8	47.100000	50.087500	55.500000
E_9-10	ARO:3001763	OXA-308	107	54.245794	57.297196	99.800000
E_9-10	ARO:3001764	OXA-63	264	51.299242	48.523106	71.200000
E_9-10	ARO:3001765	OXA-136	350	51.021714	49.661429	70.500000
E_9-10	ARO:3001766	OXA-192	360	50.846389	50.075556	72.000000
E_9-10	ARO:3001767	OXA-137	335	50.618209	49.410746	70.500000
E_9-10	ARO:3001768	OXA-118	911	63.056861	67.076290	120.000000
E_9-10	ARO:3001769	OXA-42	57	51.875439	49.642105	70.900000
E_9-10	ARO:3001770	OXA-43	57	51.561404	49.570175	70.900000
E_9-10	ARO:3001771	OXA-57	57	51.231579	49.670175	70.900000
E_9-10	ARO:3001772	OXA-59	57	51.749123	49.729825	70.900000
E_9-10	ARO:3001773	OXA-61	33	53.372727	44.772727	52.400000
E_9-10	ARO:3001774	OXA-370	96	54.386458	57.415625	100.000000
E_9-10	ARO:3001775	OXA-119	963	63.517238	67.618276	120.000000
E_9-10	ARO:3001776	OXA-162	215	53.439535	54.654884	100.000000
E_9-10	ARO:3001777	OXA-347	628	69.042834	68.254299	110.000000
E_9-10	ARO:3001778	OXA-232	306	53.604902	52.900000	100.000000
E_9-10	ARO:3001779	OXA-146	13	42.338462	52.315385	55.500000
E_9-10	ARO:3001780	OXA-85	552	47.836413	49.585870	73.900000
E_9-10	ARO:3001781	OXA-47	455	89.862637	85.087692	112.000000
E_9-10	ARO:3001782	OXA-48	168	53.203571	55.473810	100.000000
E_9-10	ARO:3001783	OXA-163	921	52.108143	53.432356	100.000000
E_9-10	ARO:3001784	OXA-181	293	52.923891	52.591468	100.000000
E_9-10	ARO:3001785	OXA-73	40	44.857500	50.627500	55.500000
E_9-10	ARO:3001786	OXA-244	196	54.563776	56.025510	100.000000
E_9-10	ARO:3001787	OXA-245	138	52.384058	54.807246	100.000000
E_9-10	ARO:3001788	OXA-204	228	52.142105	52.779825	100.000000
E_9-10	ARO:3001791	OXA-247	760	52.049211	51.765921	100.000000
E_9-10	ARO:3001792	OXA-62	442	42.998190	44.083710	62.000000
E_9-10	ARO:3001793	OXA-320	465	88.677204	84.350538	112.000000
E_9-10	ARO:3001794	OXA-45	89	50.502247	54.189888	98.600000
E_9-10	ARO:3001795	OXA-56	515	83.426990	78.831068	107.000000
E_9-10	ARO:3001796	OXA-50	168	52.280952	55.742262	82.800000
E_9-10	ARO:3001797	OXA-46	868	63.056452	65.886982	118.000000
E_9-10	ARO:3001798	OXA-74	903	86.552935	83.179070	111.000000
E_9-10	ARO:3001799	OXA-161	1351	66.566099	68.984826	118.000000
E_9-10	ARO:3001800	OXA-226	1075	69.451442	71.513953	118.000000
E_9-10	ARO:3001801	OXA-147	368	90.608424	84.130435	112.000000
E_9-10	ARO:3001802	OXA-141	1254	66.935805	68.614992	118.000000
E_9-10	ARO:3001803	OXA-142	667	87.931034	82.986657	111.000000
E_9-10	ARO:3001804	OXA-145	424	90.717925	85.699057	112.000000
E_9-10	ARO:3001805	OXA-198	1259	55.769897	59.247419	107.000000
E_9-10	ARO:3001806	OXA-224	469	88.723667	84.166311	112.000000
E_9-10	ARO:3001807	OXA-246	791	91.109229	86.660936	111.000000
E_9-10	ARO:3001808	OXA-60	219	46.892237	49.663470	74.700000
E_9-10	ARO:3001809	OXA-209	675	60.071852	61.489333	108.000000
E_9-10	ARO:3001810	OXA-53	712	63.793961	67.642275	117.000000
E_9-10	ARO:3001811	OXA-129	201	72.861194	69.735821	106.000000
E_9-10	ARO:3001812	OXA-54	372	50.269355	49.766935	73.200000
E_9-10	ARO:3001813	OXA-55	214	48.514019	50.431776	65.900000
E_9-10	ARO:3001814	OXA-199	268	52.919403	54.637687	100.000000
E_9-10	ARO:3001815	ACC-1	534	55.437640	57.007491	79.300000
E_9-10	ARO:3001816	ACC-2	435	55.391494	56.793333	79.300000
E_9-10	ARO:3001817	ACC-3	521	53.754127	56.638772	79.300000
E_9-10	ARO:3001818	ACC-4	511	55.104697	56.612916	79.300000
E_9-10	ARO:3001819	ACC-5	508	55.425787	56.853740	79.300000
E_9-10	ARO:3001821	ACT-1	45	64.824444	59.351111	106.000000
E_9-10	ARO:3001822	ACT-2	48	69.408333	64.883333	111.000000
E_9-10	ARO:3001823	ACT-3	40	67.037500	60.222500	106.000000
E_9-10	ARO:3001824	ACT-5	73	75.252055	69.317808	112.000000
E_9-10	ARO:3001825	ACT-6	18	79.872222	70.338889	105.000000
E_9-10	ARO:3001827	ACT-16	152	66.044079	64.826316	111.000000
E_9-10	ARO:3001828	ACT-23	89	78.965169	72.539326	112.000000
E_9-10	ARO:3001829	ACT-4	44	64.338636	58.152273	102.000000
E_9-10	ARO:3001830	ACT-7	55	79.927273	80.443636	110.000000
E_9-10	ARO:3001831	ACT-8	32	69.421875	61.587500	105.000000
E_9-10	ARO:3001832	ACT-10	40	67.120000	64.392500	107.000000
E_9-10	ARO:3001834	ACT-12	27	61.162963	57.133333	92.800000
E_9-10	ARO:3001835	ACT-13	31	71.090323	62.464516	106.000000
E_9-10	ARO:3001836	ACT-14	112	78.156250	72.920536	112.000000
E_9-10	ARO:3001837	ACT-15	94	63.352128	60.628723	110.000000
E_9-10	ARO:3001838	ACT-17	99	69.639394	68.133333	111.000000
E_9-10	ARO:3001839	ACT-18	113	80.305310	75.645133	112.000000
E_9-10	ARO:3001840	ACT-19	86	56.419767	51.712791	107.000000
E_9-10	ARO:3001841	ACT-20	110	72.746364	69.088182	111.000000
E_9-10	ARO:3001842	ACT-21	69	76.627536	70.807246	112.000000
E_9-10	ARO:3001843	ACT-22	86	57.997674	55.866279	97.100000
E_9-10	ARO:3001844	ACT-24	73	81.854795	74.482192	112.000000
E_9-10	ARO:3001845	ACT-25	139	67.197842	65.710791	111.000000
E_9-10	ARO:3001847	ACT-27	112	64.579464	59.296429	110.000000
E_9-10	ARO:3001848	ACT-28	14	73.971429	63.207143	96.300000
E_9-10	ARO:3001849	ACT-29	37	73.018919	69.891892	111.000000
E_9-10	ARO:3001850	ACT-30	115	64.901739	60.793913	111.000000
E_9-10	ARO:3001851	ACT-31	132	70.121970	66.962121	111.000000
E_9-10	ARO:3001852	ACT-32	66	71.292424	69.095455	110.000000
E_9-10	ARO:3001853	ACT-33	54	81.537037	79.811111	110.000000
E_9-10	ARO:3001854	ACT-34	35	65.668571	57.165714	106.000000
E_9-10	ARO:3001855	ACT-35	116	63.614655	61.708621	111.000000
E_9-10	ARO:3001856	CFE-1	24	67.954167	74.400000	91.700000
E_9-10	ARO:3001857	LAT-1	1	98.000000	95.900000	95.900000
E_9-10	ARO:3001858	IMI-1	10	53.000000	56.290000	93.600000
E_9-10	ARO:3001859	IMI-2	11	52.727273	55.618182	93.600000
E_9-10	ARO:3001860	IMI-3	11	51.854545	58.209091	93.600000
E_9-10	ARO:3001861	IMI-4	9	55.188889	57.066667	93.600000
E_9-10	ARO:3001862	IMI-5	18	52.638889	51.916667	62.000000
E_9-10	ARO:3001863	IMI-6	9	52.744444	59.855556	93.600000
E_9-10	ARO:3001864	CTX-M-1	9	60.611111	62.133333	95.500000
E_9-10	ARO:3001865	CTX-M-2	18	66.088889	64.522222	97.100000
E_9-10	ARO:3001866	CTX-M-3	2	77.000000	55.650000	59.700000
E_9-10	ARO:3001867	CTX-M-4	37	60.513514	61.000000	79.300000
E_9-10	ARO:3001868	CTX-M-5	22	64.795455	64.559091	97.100000
E_9-10	ARO:3001869	CTX-M-6	30	60.640000	59.970000	79.000000
E_9-10	ARO:3001870	CTX-M-7	40	60.577500	61.420000	79.300000
E_9-10	ARO:3001871	CTX-M-8	15	52.186667	52.066667	62.000000
E_9-10	ARO:3001872	CTX-M-9	79	57.363291	53.337975	75.500000
E_9-10	ARO:3001873	CTX-M-10	5	56.140000	52.600000	62.000000
E_9-10	ARO:3001874	CTX-M-11	10	57.040000	53.640000	95.500000
E_9-10	ARO:3001876	CTX-M-13	6	59.583333	56.666667	62.400000
E_9-10	ARO:3001877	CTX-M-14	45	58.482222	55.262222	75.500000
E_9-10	ARO:3001878	CTX-M-15	1	100.000000	100.000000	100.000000
E_9-10	ARO:3001879	CTX-M-16	3	64.700000	64.066667	67.800000
E_9-10	ARO:3001881	CTX-M-19	87	55.851724	52.225287	72.400000
E_9-10	ARO:3001882	CTX-M-20	34	60.350000	61.117647	97.100000
E_9-10	ARO:3001883	CTX-M-21	25	59.976000	56.896000	75.500000
E_9-10	ARO:3001884	CTX-M-22	2	76.000000	77.600000	95.500000
E_9-10	ARO:3001885	CTX-M-23	6	58.000000	55.083333	58.900000
E_9-10	ARO:3001886	CTX-M-24	89	56.643820	53.096629	75.500000
E_9-10	ARO:3001887	CTX-M-25	30	60.313333	60.516667	84.000000
E_9-10	ARO:3001888	CTX-M-26	27	58.477778	57.733333	81.300000
E_9-10	ARO:3001889	CTX-M-27	9	53.222222	58.711111	75.900000
E_9-10	ARO:3001890	CTX-M-28	3	76.200000	78.533333	100.000000
E_9-10	ARO:3001891	CTX-M-29	1	100.000000	100.000000	100.000000
E_9-10	ARO:3001892	CTX-M-30	7	67.828571	63.642857	95.500000
E_9-10	ARO:3001893	CTX-M-31	37	61.408108	62.194595	97.100000
E_9-10	ARO:3001894	CTX-M-32	8	64.050000	65.512500	100.000000
E_9-10	ARO:3001895	CTX-M-33	5	74.160000	66.060000	100.000000
E_9-10	ARO:3001896	CTX-M-34	8	66.350000	57.375000	95.500000
E_9-10	ARO:3001897	CTX-M-35	27	60.751852	61.918519	97.100000
E_9-10	ARO:3001898	CTX-M-36	7	60.685714	63.757143	95.500000
E_9-10	ARO:3001899	CTX-M-37	4	55.050000	51.600000	62.000000
E_9-10	ARO:3001900	CTX-M-38	117	56.741880	54.974359	85.100000
E_9-10	ARO:3001901	CTX-M-39	27	58.437037	56.811111	84.000000
E_9-10	ARO:3001902	CTX-M-40	13	57.469231	53.930769	62.000000
E_9-10	ARO:3001903	CTX-M-41	34	58.973529	58.638235	84.000000
E_9-10	ARO:3001904	CTX-M-42	12	63.541667	60.200000	95.500000
E_9-10	ARO:3001905	CTX-M-43	21	63.852381	63.028571	97.100000
E_9-10	ARO:3001906	CTX-M-44	19	66.157895	64.468421	97.100000
E_9-10	ARO:3001907	CTX-M-45	74	55.229730	50.800000	63.200000
E_9-10	ARO:3001908	CTX-M-46	2	48.450000	57.350000	63.500000
E_9-10	ARO:3001909	CTX-M-47	30	54.940000	53.940000	75.500000
E_9-10	ARO:3001910	CTX-M-48	49	58.081633	54.657143	75.500000
E_9-10	ARO:3001911	CTX-M-49	13	55.669231	55.692308	75.500000
E_9-10	ARO:3001912	CTX-M-50	50	54.470000	52.578000	75.500000
E_9-10	ARO:3001913	CTX-M-51	9	59.777778	61.744444	75.100000
E_9-10	ARO:3001914	CTX-M-52	7	62.600000	54.742857	59.700000
E_9-10	ARO:3001915	CTX-M-53	19	59.378947	56.994737	100.000000
E_9-10	ARO:3001916	CTX-M-54	4	78.350000	66.325000	95.500000
E_9-10	ARO:3001917	CTX-M-55	11	68.127273	61.754545	100.000000
E_9-10	ARO:3001918	CTX-M-56	41	61.341463	62.339024	97.100000
E_9-10	ARO:3001919	CTX-M-58	11	60.972727	61.481818	95.500000
E_9-10	ARO:3001920	CTX-M-59	18	63.000000	61.650000	95.100000
E_9-10	ARO:3001921	CTX-M-60	4	56.775000	53.925000	57.400000
E_9-10	ARO:3001922	CTX-M-61	9	65.200000	60.466667	95.500000
E_9-10	ARO:3001923	CTX-M-62	1	61.400000	58.500000	58.500000
E_9-10	ARO:3001924	CTX-M-63	12	56.816667	53.291667	62.000000
E_9-10	ARO:3001925	CTX-M-64	19	62.157895	62.721053	89.000000
E_9-10	ARO:3001926	CTX-M-65	24	58.008333	55.987500	75.500000
E_9-10	ARO:3001928	CTX-M-67	35	57.014286	53.622857	58.200000
E_9-10	ARO:3001929	CTX-M-68	5	72.800000	66.160000	95.500000
E_9-10	ARO:3001930	CTX-M-69	12	63.316667	62.733333	100.000000
E_9-10	ARO:3001932	CTX-M-71	1	100.000000	51.600000	51.600000
E_9-10	ARO:3001934	CTX-M-73	12	58.616667	52.275000	55.500000
E_9-10	ARO:3001935	CTX-M-74	16	67.175000	66.762500	97.100000
E_9-10	ARO:3001936	CTX-M-75	17	64.094118	65.623529	97.100000
E_9-10	ARO:3001937	CTX-M-76	39	61.343590	61.805128	97.100000
E_9-10	ARO:3001938	CTX-M-77	23	60.765217	59.043478	97.100000
E_9-10	ARO:3001939	CTX-M-78	25	57.312000	55.924000	71.200000
E_9-10	ARO:3001940	CTX-M-79	5	64.560000	62.680000	100.000000
E_9-10	ARO:3001941	CTX-M-80	2	77.000000	55.650000	59.700000
E_9-10	ARO:3001942	CTX-M-81	35	57.268571	54.845714	75.500000
E_9-10	ARO:3001943	CTX-M-82	54	55.422222	54.488889	100.000000
E_9-10	ARO:3001944	CTX-M-83	3	63.300000	59.566667	64.700000
E_9-10	ARO:3001945	CTX-M-84	6	50.450000	53.333333	55.100000
E_9-10	ARO:3001946	CTX-M-86	32	58.543750	55.606250	75.500000
E_9-10	ARO:3001947	CTX-M-87	28	59.025000	59.882143	73.600000
E_9-10	ARO:3001948	CTX-M-88	14	61.071429	61.578571	100.000000
E_9-10	ARO:3001949	CTX-M-89	20	59.465000	57.000000	68.600000
E_9-10	ARO:3001950	CTX-M-90	3	60.000000	58.666667	64.700000
E_9-10	ARO:3001951	CTX-M-91	23	62.321739	59.713043	79.300000
E_9-10	ARO:3001952	CTX-M-92	14	67.314286	65.571429	97.100000
E_9-10	ARO:3001953	CTX-M-93	40	57.210000	56.040000	75.900000
E_9-10	ARO:3001954	CTX-M-94	34	58.847059	58.614706	84.000000
E_9-10	ARO:3001955	CTX-M-95	17	64.717647	60.594118	95.900000
E_9-10	ARO:3001956	CTX-M-96	4	69.125000	73.525000	100.000000
E_9-10	ARO:3001957	CTX-M-98	30	57.716667	57.836667	75.900000
E_9-10	ARO:3001958	CTX-M-99	36	58.316667	54.655556	63.500000
E_9-10	ARO:3001959	CTX-M-100	34	58.847059	58.614706	84.000000
E_9-10	ARO:3001960	CTX-M-101	13	66.200000	62.169231	100.000000
E_9-10	ARO:3001961	CTX-M-102	61	57.424590	55.818033	75.500000
E_9-10	ARO:3001962	CTX-M-103	3	74.166667	60.600000	86.700000
E_9-10	ARO:3001963	CTX-M-104	2	44.900000	48.700000	50.400000
E_9-10	ARO:3001965	CTX-M-105	21	55.057143	58.533333	71.600000
E_9-10	ARO:3001966	CTX-M-106	90	57.160000	53.328889	75.500000
E_9-10	ARO:3001967	CTX-M-107	11	56.609091	53.518182	95.500000
E_9-10	ARO:3001968	CTX-M-108	13	63.315385	62.553846	100.000000
E_9-10	ARO:3001969	CTX-M-109	14	62.592857	62.407143	100.000000
E_9-10	ARO:3001972	CTX-M-112	96	56.091667	53.008333	75.500000
E_9-10	ARO:3001973	CTX-M-113	31	59.596774	56.770968	75.500000
E_9-10	ARO:3001974	CTX-M-114	8	72.325000	65.950000	100.000000
E_9-10	ARO:3001975	CTX-M-115	16	66.462500	62.556250	97.100000
E_9-10	ARO:3001976	CTX-M-116	4	55.700000	53.350000	57.400000
E_9-10	ARO:3001977	CTX-M-117	11	67.509091	61.463636	100.000000
E_9-10	ARO:3001980	CTX-M-121	107	56.491589	54.033645	75.900000
E_9-10	ARO:3001981	CTX-M-122	66	58.377273	56.128788	76.600000
E_9-10	ARO:3001982	CTX-M-123	21	61.176190	61.004762	83.200000
E_9-10	ARO:3001983	CTX-M-124	26	63.184615	62.096154	97.100000
E_9-10	ARO:3001984	CTX-M-125	79	57.316456	53.479747	75.500000
E_9-10	ARO:3001985	CTX-M-126	86	56.688372	53.646512	73.200000
E_9-10	ARO:3001988	CTX-M-129	6	51.916667	57.116667	71.200000
E_9-10	ARO:3001989	CTX-M-130	98	56.420408	53.353061	75.500000
E_9-10	ARO:3001990	CTX-M-131	34	60.008824	60.350000	97.100000
E_9-10	ARO:3001991	CTX-M-132	12	64.591667	62.841667	100.000000
E_9-10	ARO:3001992	CTX-M-134	12	58.100000	66.225000	70.500000
E_9-10	ARO:3001994	CTX-M-137	60	59.396667	54.976667	100.000000
E_9-10	ARO:3001995	CTX-M-136	4	55.700000	53.350000	57.400000
E_9-10	ARO:3001996	CTX-M-138	5	55.900000	56.000000	62.000000
E_9-10	ARO:3001997	CTX-M-139	7	75.228571	66.557143	100.000000
E_9-10	ARO:3001998	CTX-M-140	9	51.655556	51.977778	58.900000
E_9-10	ARO:3001999	CTX-M-141	32	60.503125	62.546875	97.100000
E_9-10	ARO:3002000	CTX-M-142	8	70.825000	63.100000	100.000000
E_9-10	ARO:3002002	CTX-M-144	7	60.442857	58.585714	100.000000
E_9-10	ARO:3002004	CTX-M-146	5	55.900000	56.000000	62.000000
E_9-10	ARO:3002005	CTX-M-147	30	56.006667	54.720000	72.400000
E_9-10	ARO:3002006	CTX-M-148	2	58.300000	53.500000	53.500000
E_9-10	ARO:3002008	CTX-M-151	69	58.644928	54.813043	79.700000
E_9-10	ARO:3002009	CTX-M-152	26	57.738462	56.553846	68.600000
E_9-10	ARO:3002010	CTX-M-153	54	54.031481	55.112963	83.200000
E_9-10	ARO:3002011	CTX-M-154	2	56.550000	50.850000	62.400000
E_9-10	ARO:3002012	CMY-1	286	70.702448	71.796154	105.000000
E_9-10	ARO:3002013	CMY-2	83	90.190361	91.454217	110.000000
E_9-10	ARO:3002015	CMY-4	99	88.351515	88.780808	110.000000
E_9-10	ARO:3002016	CMY-5	1	100.000000	108.000000	108.000000
E_9-10	ARO:3002017	CMY-6	4	97.975000	99.475000	101.000000
E_9-10	ARO:3002018	CMY-7	1	100.000000	108.000000	108.000000
E_9-10	ARO:3002019	CMY-8	243	68.028395	69.020576	106.000000
E_9-10	ARO:3002020	CMY-9	255	69.401569	71.084706	106.000000
E_9-10	ARO:3002021	CMY-10	287	70.241115	71.216028	105.000000
E_9-10	ARO:3002022	CMY-11	267	70.229963	71.322472	105.000000
E_9-10	ARO:3002023	CMY-12	6	79.600000	81.600000	104.000000
E_9-10	ARO:3002024	CMY-13	39	83.538462	86.238462	107.000000
E_9-10	ARO:3002025	CMY-14	38	88.565789	94.694737	110.000000
E_9-10	ARO:3002026	CMY-15	6	80.550000	80.700000	104.000000
E_9-10	ARO:3002027	CMY-16	3	88.933333	95.700000	104.000000
E_9-10	ARO:3002028	CMY-17	25	94.888000	101.532000	110.000000
E_9-10	ARO:3002030	CMY-19	219	68.437900	69.690868	106.000000
E_9-10	ARO:3002031	CMY-20	91	84.636264	86.210989	109.000000
E_9-10	ARO:3002032	CMY-21	88	85.353409	85.120455	110.000000
E_9-10	ARO:3002033	CMY-22	1	100.000000	108.000000	108.000000
E_9-10	ARO:3002034	CMY-23	30	94.223333	101.200000	110.000000
E_9-10	ARO:3002035	CMY-24	57	92.891228	94.794737	110.000000
E_9-10	ARO:3002036	CMY-25	82	91.015854	88.508537	109.000000
E_9-10	ARO:3002037	CMY-26	18	53.033333	55.094444	80.100000
E_9-10	ARO:3002038	CMY-27	70	90.515714	92.104286	110.000000
E_9-10	ARO:3002039	CMY-28	85	86.745882	87.842353	110.000000
E_9-10	ARO:3002040	CMY-29	65	94.569231	91.992308	109.000000
E_9-10	ARO:3002041	CMY-30	4	100.000000	108.750000	110.000000
E_9-10	ARO:3002043	CMY-32	49	92.379592	97.944898	110.000000
E_9-10	ARO:3002044	CMY-33	105	84.843810	84.498095	110.000000
E_9-10	ARO:3002045	CMY-34	8	77.837500	88.212500	108.000000
E_9-10	ARO:3002046	CMY-35	84	87.132143	86.742857	110.000000
E_9-10	ARO:3002047	CMY-36	1	55.100000	62.400000	62.400000
E_9-10	ARO:3002048	CMY-37	7	63.400000	66.685714	93.200000
E_9-10	ARO:3002049	CMY-38	6	80.200000	80.366667	104.000000
E_9-10	ARO:3002050	CMY-39	45	81.733333	81.786667	104.000000
E_9-10	ARO:3002051	CMY-40	30	84.883333	81.133333	107.000000
E_9-10	ARO:3002052	CMY-41	8	49.300000	49.487500	60.100000
E_9-10	ARO:3002053	CMY-42	112	84.803571	85.070536	110.000000
E_9-10	ARO:3002054	CMY-43	66	88.442424	89.483333	110.000000
E_9-10	ARO:3002055	CMY-44	106	84.775472	84.461321	110.000000
E_9-10	ARO:3002056	CMY-45	4	91.700000	97.025000	104.000000
E_9-10	ARO:3002057	CMY-46	11	67.281818	74.109091	93.200000
E_9-10	ARO:3002058	CMY-47	56	49.205357	59.353571	106.000000
E_9-10	ARO:3002059	CMY-48	40	77.932500	78.037500	106.000000
E_9-10	ARO:3002060	CMY-49	10	69.610000	74.940000	93.200000
E_9-10	ARO:3002061	CMY-50	8	58.225000	63.950000	106.000000
E_9-10	ARO:3002062	CMY-51	31	74.251613	75.961290	106.000000
E_9-10	ARO:3002064	CMY-53	7	85.300000	89.128571	110.000000
E_9-10	ARO:3002066	CMY-55	109	83.668807	83.477064	110.000000
E_9-10	ARO:3002067	CMY-56	102	85.400980	84.984314	110.000000
E_9-10	ARO:3002069	CMY-59	15	92.193333	71.233333	100.000000
E_9-10	ARO:3002070	CMY-99	4	79.975000	86.125000	104.000000
E_9-10	ARO:3002071	CMY-110	27	80.077778	80.648148	106.000000
E_9-10	ARO:3002072	CMY-58	40	94.287500	99.950000	110.000000
E_9-10	ARO:3002073	CMY-60	92	85.227174	85.268478	110.000000
E_9-10	ARO:3002074	CMY-61	108	84.456481	87.511111	110.000000
E_9-10	ARO:3002075	CMY-62	3	99.333333	101.633333	108.000000
E_9-10	ARO:3002076	CMY-63	19	64.042105	65.742105	93.200000
E_9-10	ARO:3002077	CMY-64	14	67.100000	67.528571	93.200000
E_9-10	ARO:3002078	CMY-65	61	62.400000	68.837705	106.000000
E_9-10	ARO:3002079	CMY-66	11	65.172727	65.572727	106.000000
E_9-10	ARO:3002080	CMY-67	8	62.475000	64.862500	106.000000
E_9-10	ARO:3002081	CMY-68	56	48.173214	58.292857	92.400000
E_9-10	ARO:3002082	CMY-69	39	94.353846	100.043590	110.000000
E_9-10	ARO:3002083	CMY-70	34	76.882353	75.797059	104.000000
E_9-10	ARO:3002084	CMY-71	36	72.397222	71.811111	103.000000
E_9-10	ARO:3002085	CMY-72	35	47.040000	56.722857	106.000000
E_9-10	ARO:3002086	CMY-73	20	51.300000	50.060000	84.700000
E_9-10	ARO:3002087	CMY-74	12	62.158333	70.575000	91.700000
E_9-10	ARO:3002088	CMY-75	40	51.520000	60.415000	106.000000
E_9-10	ARO:3002089	CMY-76	3	61.733333	70.066667	84.700000
E_9-10	ARO:3002090	CMY-77	15	68.866667	73.773333	100.000000
E_9-10	ARO:3002091	CMY-78	4	63.225000	65.700000	106.000000
E_9-10	ARO:3002092	CMY-79	43	75.711628	74.990698	106.000000
E_9-10	ARO:3002093	CMY-80	21	60.071429	60.604762	93.200000
E_9-10	ARO:3002094	CMY-81	33	45.681818	53.448485	65.900000
E_9-10	ARO:3002095	CMY-82	12	62.841667	71.566667	91.700000
E_9-10	ARO:3002096	CMY-83	25	79.256000	80.476000	104.000000
E_9-10	ARO:3002097	CMY-84	6	76.616667	85.900000	106.000000
E_9-10	ARO:3002098	CMY-85	30	89.230000	89.366667	106.000000
E_9-10	ARO:3002099	CMY-86	14	60.921429	67.171429	93.200000
E_9-10	ARO:3002100	CMY-87	13	64.553846	67.615385	106.000000
E_9-10	ARO:3002102	CMY-89	39	47.435897	56.884615	87.800000
E_9-10	ARO:3002103	CMY-90	5	59.420000	60.880000	106.000000
E_9-10	ARO:3002106	CMY-93	13	61.700000	70.092308	91.700000
E_9-10	ARO:3002107	CMY-94	15	99.466667	104.280000	110.000000
E_9-10	ARO:3002108	CMY-95	83	88.077108	88.434940	110.000000
E_9-10	ARO:3002109	CMY-96	6	66.283333	70.216667	93.200000
E_9-10	ARO:3002110	CMY-97	2	68.500000	72.650000	106.000000
E_9-10	ARO:3002111	CMY-98	30	68.923333	70.833333	97.400000
E_9-10	ARO:3002112	CMY-100	23	80.886957	78.495652	104.000000
E_9-10	ARO:3002113	CMY-101	11	63.545455	72.190909	91.700000
E_9-10	ARO:3002114	CMY-102	21	82.195238	88.814286	108.000000
E_9-10	ARO:3002115	CMY-103	4	51.050000	45.625000	51.600000
E_9-10	ARO:3002116	CMY-104	52	63.003846	63.565385	107.000000
E_9-10	ARO:3002117	CMY-105	91	63.665934	68.919780	106.000000
E_9-10	ARO:3002118	CMY-106	10	70.810000	77.720000	92.800000
E_9-10	ARO:3002120	CMY-108	11	64.736364	71.381818	93.200000
E_9-10	ARO:3002121	CMY-109	3	41.300000	42.466667	46.600000
E_9-10	ARO:3002123	CMY-112	4	50.800000	47.750000	57.400000
E_9-10	ARO:3002124	CMY-113	42	52.640476	57.961905	106.000000
E_9-10	ARO:3002125	CMY-114	81	67.518519	68.013580	106.000000
E_9-10	ARO:3002126	CMY-115	8	46.737500	47.700000	60.100000
E_9-10	ARO:3002127	CMY-116	17	80.282353	67.882353	106.000000
E_9-10	ARO:3002128	CMY-117	8	56.325000	56.200000	106.000000
E_9-10	ARO:3002129	CMY-118	37	85.683784	81.621622	106.000000
E_9-10	ARO:3002130	CMY-119	21	66.919048	73.090476	93.200000
E_9-10	ARO:3002132	DHA-1	131	59.717557	60.234351	104.000000
E_9-10	ARO:3002133	DHA-2	179	58.308939	59.651955	103.000000
E_9-10	ARO:3002134	DHA-3	70	56.417143	55.257143	104.000000
E_9-10	ARO:3002135	DHA-6	101	56.705941	56.882178	104.000000
E_9-10	ARO:3002136	DHA-7	114	55.971930	56.226316	104.000000
E_9-10	ARO:3002137	DHA-4	62	61.946774	62.835484	104.000000
E_9-10	ARO:3002138	DHA-5	74	59.564865	59.889189	103.000000
E_9-10	ARO:3002140	DHA-9	71	58.205634	58.125352	104.000000
E_9-10	ARO:3002141	DHA-10	155	55.526452	57.851613	103.000000
E_9-10	ARO:3002143	DHA-12	185	57.310270	57.772432	103.000000
E_9-10	ARO:3002144	DHA-13	158	57.258228	59.250633	104.000000
E_9-10	ARO:3002145	DHA-14	77	58.277922	57.302597	103.000000
E_9-10	ARO:3002146	DHA-15	118	60.730508	59.886441	104.000000
E_9-10	ARO:3002147	DHA-16	121	59.160331	59.289256	96.700000
E_9-10	ARO:3002148	DHA-17	135	59.846667	60.288889	104.000000
E_9-10	ARO:3002149	DHA-18	138	56.752899	58.817391	104.000000
E_9-10	ARO:3002150	DHA-19	206	57.427184	58.981553	104.000000
E_9-10	ARO:3002151	DHA-20	114	56.985965	58.178070	104.000000
E_9-10	ARO:3002152	DHA-21	137	57.255474	58.610949	103.000000
E_9-10	ARO:3002153	DHA-22	109	58.138532	58.865138	104.000000
E_9-10	ARO:3002154	DHA-23	65	57.733846	56.198462	104.000000
E_9-10	ARO:3002155	FOX-1	103	64.144660	62.673786	107.000000
E_9-10	ARO:3002156	FOX-2	98	62.042857	62.057143	107.000000
E_9-10	ARO:3002157	FOX-3	86	60.760465	58.701163	106.000000
E_9-10	ARO:3002158	FOX-4	91	63.387912	62.873626	107.000000
E_9-10	ARO:3002159	FOX-5	89	63.057303	61.855056	109.000000
E_9-10	ARO:3002160	FOX-7	97	63.921649	62.824742	107.000000
E_9-10	ARO:3002161	FOX-8	82	60.306098	59.240244	106.000000
E_9-10	ARO:3002162	FOX-10	95	64.002105	61.696842	109.000000
E_9-10	ARO:3002163	FOX-9	75	64.598667	62.609333	107.000000
E_9-10	ARO:3002165	FOX-12	106	63.987736	62.392453	107.000000
E_9-10	ARO:3002166	MIR-1	31	68.890323	64.703226	106.000000
E_9-10	ARO:3002167	MIR-4	31	71.441935	66.961290	106.000000
E_9-10	ARO:3002168	MIR-2	56	68.669643	66.775000	106.000000
E_9-10	ARO:3002169	MIR-3	57	66.831579	65.933333	106.000000
E_9-10	ARO:3002170	MIR-5	49	69.295918	67.891837	106.000000
E_9-10	ARO:3002171	MIR-6	27	74.955556	73.140741	106.000000
E_9-10	ARO:3002172	MIR-7	15	75.766667	74.660000	106.000000
E_9-10	ARO:3002174	MIR-9	37	69.591892	66.897297	106.000000
E_9-10	ARO:3002175	MIR-10	31	71.170968	67.474194	106.000000
E_9-10	ARO:3002176	MIR-11	32	70.443750	67.087500	106.000000
E_9-10	ARO:3002177	MIR-12	34	74.558824	72.408824	106.000000
E_9-10	ARO:3002178	MIR-13	34	70.273529	66.658824	106.000000
E_9-10	ARO:3002179	MIR-14	26	69.384615	64.896154	104.000000
E_9-10	ARO:3002180	MIR-15	35	73.160000	70.160000	106.000000
E_9-10	ARO:3002181	MIR-16	54	67.185185	65.814815	106.000000
E_9-10	ARO:3002182	MOX-1	228	67.737281	68.640351	106.000000
E_9-10	ARO:3002183	MOX-2	221	74.582805	75.910860	108.000000
E_9-10	ARO:3002184	MOX-4	236	73.877966	75.052119	108.000000
E_9-10	ARO:3002185	MOX-6	106	85.924528	86.875472	109.000000
E_9-10	ARO:3002186	MOX-3	246	73.003659	74.330488	108.000000
E_9-10	ARO:3002188	MOX-5	96	90.889583	89.302083	107.000000
E_9-10	ARO:3002189	MOX-7	165	78.758788	77.089697	109.000000
E_9-10	ARO:3002190	MOX-8	190	79.125263	80.061053	108.000000
E_9-10	ARO:3002191	MOX-9	121	61.252066	63.985950	111.000000
E_9-10	ARO:3002192	IMP-1	40	79.777500	74.992500	115.000000
E_9-10	ARO:3002193	IMP-2	9	68.288889	64.955556	105.000000
E_9-10	ARO:3002194	IMP-3	35	82.445714	77.640000	115.000000
E_9-10	ARO:3002195	IMP-4	40	67.925000	61.755000	114.000000
E_9-10	ARO:3002196	IMP-5	16	65.993750	63.037500	107.000000
E_9-10	ARO:3002197	IMP-6	39	80.546154	75.705128	115.000000
E_9-10	ARO:3002198	IMP-7	2	59.650000	45.050000	52.400000
E_9-10	ARO:3002199	IMP-8	9	68.288889	65.044444	105.000000
E_9-10	ARO:3002200	IMP-9	6	46.616667	52.233333	87.400000
E_9-10	ARO:3002201	IMP-10	39	80.415385	75.538462	115.000000
E_9-10	ARO:3002202	IMP-11	8	67.825000	60.412500	89.400000
E_9-10	ARO:3002203	IMP-12	9	60.033333	52.833333	94.000000
E_9-10	ARO:3002204	IMP-13	9	54.844444	56.755556	103.000000
E_9-10	ARO:3002205	IMP-14	12	45.966667	48.583333	78.600000
E_9-10	ARO:3002206	IMP-15	13	54.976923	54.215385	105.000000
E_9-10	ARO:3002207	IMP-16	5	76.520000	68.640000	103.000000
E_9-10	ARO:3002208	IMP-17	2	37.400000	40.050000	42.400000
E_9-10	ARO:3002209	IMP-18	12	54.425000	58.241667	105.000000
E_9-10	ARO:3002210	IMP-19	9	68.288889	64.955556	105.000000
E_9-10	ARO:3002211	IMP-20	9	68.288889	64.955556	105.000000
E_9-10	ARO:3002212	IMP-21	8	67.825000	60.412500	89.400000
E_9-10	ARO:3002213	IMP-22	4	80.125000	61.225000	107.000000
E_9-10	ARO:3002214	IMP-23	6	79.566667	72.200000	105.000000
E_9-10	ARO:3002215	IMP-24	9	67.344444	64.777778	105.000000
E_9-10	ARO:3002216	IMP-25	31	84.261290	76.738710	111.000000
E_9-10	ARO:3002217	IMP-26	39	65.664103	59.689744	114.000000
E_9-10	ARO:3002218	IMP-27	6	55.633333	61.250000	103.000000
E_9-10	ARO:3002219	IMP-28	9	44.177778	44.066667	61.200000
E_9-10	ARO:3002220	IMP-29	9	67.277778	64.566667	107.000000
E_9-10	ARO:3002221	IMP-30	39	80.461538	75.661538	115.000000
E_9-10	ARO:3002222	IMP-31	12	40.950000	45.316667	62.000000
E_9-10	ARO:3002223	IMP-32	12	45.966667	48.583333	78.600000
E_9-10	ARO:3002224	IMP-33	10	49.240000	43.110000	49.700000
E_9-10	ARO:3002225	IMP-34	40	78.302500	73.350000	115.000000
E_9-10	ARO:3002226	IMP-35	11	40.127273	45.445455	62.000000
E_9-10	ARO:3002228	IMP-37	6	43.450000	44.233333	49.300000
E_9-10	ARO:3002229	IMP-38	33	62.354545	58.445455	114.000000
E_9-10	ARO:3002230	IMP-39	6	48.100000	53.050000	102.000000
E_9-10	ARO:3002231	IMP-40	33	82.257576	77.212121	115.000000
E_9-10	ARO:3002232	IMP-41	8	67.825000	60.412500	89.400000
E_9-10	ARO:3002233	IMP-42	35	76.354286	69.557143	115.000000
E_9-10	ARO:3002234	IMP-43	4	57.225000	43.875000	52.400000
E_9-10	ARO:3002235	IMP-44	7	69.300000	60.457143	89.400000
E_9-10	ARO:3002236	IMP-45	6	46.283333	51.983333	85.900000
E_9-10	ARO:3002237	IMP-46	14	54.485714	51.728571	84.300000
E_9-10	ARO:3002239	IMP-48	13	49.076923	48.161538	78.600000
E_9-10	ARO:3002240	CARB-1	214	61.950467	65.726168	108.000000
E_9-10	ARO:3002241	CARB-2	217	62.404608	64.525806	108.000000
E_9-10	ARO:3002242	CARB-3	133	67.119549	66.939098	108.000000
E_9-10	ARO:3002243	CARB-4	248	62.254435	64.813710	101.000000
E_9-10	ARO:3002244	CARB-5	489	58.348671	62.697137	89.700000
E_9-10	ARO:3002245	CARB-6	153	64.016340	64.754248	108.000000
E_9-10	ARO:3002246	CARB-7	441	56.409751	60.291837	95.900000
E_9-10	ARO:3002247	CARB-8	481	58.395010	62.775884	89.700000
E_9-10	ARO:3002248	CARB-9	451	56.468736	60.577827	95.500000
E_9-10	ARO:3002249	CARB-10	480	58.273125	62.728333	88.200000
E_9-10	ARO:3002250	CARB-12	206	62.221845	64.652427	108.000000
E_9-10	ARO:3002252	CARB-14	486	58.375103	62.723663	89.700000
E_9-10	ARO:3002254	CARB-17	213	62.307512	61.050235	76.600000
E_9-10	ARO:3002255	CARB-16	485	58.411340	62.760825	89.700000
E_9-10	ARO:3002256	IND-1	9	46.444444	55.077778	60.800000
E_9-10	ARO:3002257	IND-2	14	47.421429	55.378571	72.000000
E_9-10	ARO:3002258	IND-2a	14	47.421429	55.271429	72.000000
E_9-10	ARO:3002259	IND-3	10	46.210000	54.460000	59.300000
E_9-10	ARO:3002260	IND-4	163	43.528221	43.541718	70.500000
E_9-10	ARO:3002261	IND-5	11	48.218182	57.700000	70.500000
E_9-10	ARO:3002262	IND-6	2	53.550000	61.800000	66.200000
E_9-10	ARO:3002263	IND-7	10	47.220000	56.230000	66.200000
E_9-10	ARO:3002264	IND-8	7	47.114286	53.757143	55.100000
E_9-10	ARO:3002265	IND-9	4	53.075000	60.950000	70.900000
E_9-10	ARO:3002266	IND-10	7	47.114286	53.757143	55.100000
E_9-10	ARO:3002267	IND-11	13	47.292308	55.169231	72.000000
E_9-10	ARO:3002268	IND-12	13	47.130769	55.076923	72.000000
E_9-10	ARO:3002269	IND-14	10	46.210000	54.460000	59.300000
E_9-10	ARO:3002270	IND-15	9	43.922222	50.988889	55.800000
E_9-10	ARO:3002271	VIM-1	12	46.550000	53.791667	65.100000
E_9-10	ARO:3002272	VIM-2	8	51.250000	53.475000	65.500000
E_9-10	ARO:3002273	VIM-3	2	51.100000	53.500000	53.500000
E_9-10	ARO:3002274	VIM-4	6	49.583333	50.200000	65.500000
E_9-10	ARO:3002275	VIM-5	7	49.714286	52.042857	65.500000
E_9-10	ARO:3002276	VIM-6	8	51.775000	53.875000	65.500000
E_9-10	ARO:3002277	VIM-7	31	48.274194	52.793548	66.600000
E_9-10	ARO:3002278	VIM-8	7	51.228571	54.571429	65.500000
E_9-10	ARO:3002280	VIM-10	3	48.766667	51.733333	54.700000
E_9-10	ARO:3002281	VIM-11	5	52.200000	53.300000	65.500000
E_9-10	ARO:3002282	VIM-12	14	47.992857	53.657143	65.500000
E_9-10	ARO:3002283	VIM-13	6	47.683333	50.883333	55.800000
E_9-10	ARO:3002284	VIM-14	4	46.050000	48.425000	59.700000
E_9-10	ARO:3002285	VIM-15	1	49.000000	59.700000	59.700000
E_9-10	ARO:3002286	VIM-16	6	52.666667	55.283333	65.500000
E_9-10	ARO:3002287	VIM-17	8	51.250000	53.475000	65.500000
E_9-10	ARO:3002288	VIM-18	10	49.380000	52.690000	65.500000
E_9-10	ARO:3002289	VIM-19	12	46.408333	47.266667	65.500000
E_9-10	ARO:3002290	VIM-20	15	48.486667	54.966667	65.500000
E_9-10	ARO:3002293	VIM-23	11	49.890909	54.363636	65.500000
E_9-10	ARO:3002294	VIM-24	3	48.766667	51.733333	54.700000
E_9-10	ARO:3002295	VIM-25	4	50.250000	49.300000	65.500000
E_9-10	ARO:3002296	VIM-26	17	48.011765	52.841176	65.500000
E_9-10	ARO:3002297	VIM-27	15	48.553333	54.640000	65.500000
E_9-10	ARO:3002298	VIM-28	8	48.750000	50.975000	65.500000
E_9-10	ARO:3002299	VIM-29	19	47.636842	53.042105	67.000000
E_9-10	ARO:3002300	VIM-30	8	51.250000	53.475000	65.500000
E_9-10	ARO:3002301	VIM-31	14	48.885714	54.978571	65.500000
E_9-10	ARO:3002302	VIM-32	12	46.550000	53.791667	65.100000
E_9-10	ARO:3002303	VIM-33	11	47.509091	56.427273	65.100000
E_9-10	ARO:3002304	VIM-34	19	46.563158	51.821053	65.100000
E_9-10	ARO:3002305	VIM-35	14	47.614286	53.585714	65.500000
E_9-10	ARO:3002306	VIM-36	3	51.300000	53.266667	54.700000
E_9-10	ARO:3002307	VIM-37	14	47.771429	50.142857	65.500000
E_9-10	ARO:3002308	VIM-38	9	50.022222	52.277778	65.500000
E_9-10	ARO:3002309	VIM-39	10	46.900000	53.180000	65.100000
E_9-10	ARO:3002310	VIM-40	3	45.966667	48.900000	59.700000
E_9-10	ARO:3002313	KPC-3	8	74.500000	79.887500	102.000000
E_9-10	ARO:3002314	KPC-4	30	69.120000	73.316667	102.000000
E_9-10	ARO:3002315	KPC-5	14	74.885714	79.721429	102.000000
E_9-10	ARO:3002316	KPC-6	7	66.885714	67.500000	102.000000
E_9-10	ARO:3002317	KPC-7	5	63.500000	60.680000	102.000000
E_9-10	ARO:3002318	KPC-8	32	68.346875	72.284375	102.000000
E_9-10	ARO:3002319	KPC-9	75	63.866667	64.157333	102.000000
E_9-10	ARO:3002320	KPC-10	29	70.324138	75.286207	102.000000
E_9-10	ARO:3002321	KPC-11	21	72.242857	77.390476	102.000000
E_9-10	ARO:3002322	KPC-12	2	82.650000	82.950000	102.000000
E_9-10	ARO:3002323	KPC-13	6	57.166667	57.000000	102.000000
E_9-10	ARO:3002324	KPC-14	61	68.749180	68.390164	105.000000
E_9-10	ARO:3002325	KPC-15	18	67.672222	69.100000	102.000000
E_9-10	ARO:3002326	KPC-16	34	63.094118	67.135294	102.000000
E_9-10	ARO:3002327	KPC-17	21	45.195238	49.376190	102.000000
E_9-10	ARO:3002328	KPC-18	2	100.000000	102.000000	102.000000
E_9-10	ARO:3002329	KPC-19	15	72.120000	77.026667	102.000000
E_9-10	ARO:3002330	GES-1	490	92.978980	87.161429	113.000000
E_9-10	ARO:3002331	GES-2	503	91.673956	86.174155	113.000000
E_9-10	ARO:3002332	GES-3	365	90.941096	82.927123	113.000000
E_9-10	ARO:3002333	GES-4	434	88.381336	81.782028	113.000000
E_9-10	ARO:3002334	GES-5	529	91.682987	86.433648	113.000000
E_9-10	ARO:3002335	GES-6	437	95.154691	88.272998	113.000000
E_9-10	ARO:3002336	GES-7	437	91.698398	84.828604	113.000000
E_9-10	ARO:3002337	GES-8	408	93.208824	86.420588	113.000000
E_9-10	ARO:3002338	GES-9	427	90.930211	83.534192	107.000000
E_9-10	ARO:3002339	GES-10	266	90.287970	87.509774	113.000000
E_9-10	ARO:3002340	GES-11	422	91.472038	84.003791	107.000000
E_9-10	ARO:3002341	GES-12	408	90.780882	82.902941	107.000000
E_9-10	ARO:3002342	GES-13	514	86.760117	81.249416	113.000000
E_9-10	ARO:3002343	GES-14	526	88.884221	82.996578	107.000000
E_9-10	ARO:3002344	GES-15	416	95.583654	88.685096	113.000000
E_9-10	ARO:3002345	GES-16	442	90.226244	85.154072	113.000000
E_9-10	ARO:3002346	GES-17	366	90.029781	81.041530	107.000000
E_9-10	ARO:3002347	GES-18	414	94.087198	86.817874	113.000000
E_9-10	ARO:3002348	GES-19	275	96.925091	92.501091	107.000000
E_9-10	ARO:3002349	GES-20	479	89.493528	87.855950	113.000000
E_9-10	ARO:3002350	GES-21	520	88.582115	82.851538	113.000000
E_9-10	ARO:3002351	GES-22	464	88.348060	81.766379	107.000000
E_9-10	ARO:3002352	GES-23	402	92.632587	85.691542	113.000000
E_9-10	ARO:3002353	GES-24	432	92.718981	86.139583	113.000000
E_9-10	ARO:3002354	NDM-3	1	53.600000	38.100000	38.100000
E_9-10	ARO:3002363	PER-1	108	51.559259	53.279630	102.000000
E_9-10	ARO:3002364	PER-2	93	49.898925	51.493548	103.000000
E_9-10	ARO:3002365	PER-3	124	50.497581	53.477419	102.000000
E_9-10	ARO:3002366	PER-4	106	50.963208	53.092453	102.000000
E_9-10	ARO:3002367	PER-5	107	51.564486	53.251402	102.000000
E_9-10	ARO:3002368	PER-6	172	48.169767	49.448837	97.100000
E_9-10	ARO:3002369	PER-7	115	51.088696	52.726087	102.000000
E_9-10	ARO:3002370	VEB-1	2526	90.185748	87.265875	113.000000
E_9-10	ARO:3002371	VEB-2	2207	89.604576	88.196058	113.000000
E_9-10	ARO:3002372	VEB-3	2355	90.274437	86.983907	113.000000
E_9-10	ARO:3002373	VEB-4	1938	89.799278	87.734314	113.000000
E_9-10	ARO:3002374	VEB-6	2040	90.878529	86.434755	113.000000
E_9-10	ARO:3002375	VEB-5	2173	90.142200	89.235435	113.000000
E_9-10	ARO:3002376	VEB-7	1989	86.795978	86.530618	113.000000
E_9-10	ARO:3002377	VEB-8	1372	88.865233	86.328571	111.000000
E_9-10	ARO:3002378	VEB-9	2543	90.171805	87.080220	113.000000
E_9-10	ARO:3002379	SME-1	37	48.432432	49.627027	66.600000
E_9-10	ARO:3002380	SME-2	36	48.458333	49.211111	66.600000
E_9-10	ARO:3002381	SME-3	39	48.012821	49.176923	66.600000
E_9-10	ARO:3002382	SME-4	38	48.178947	49.386842	66.600000
E_9-10	ARO:3002383	SME-5	39	47.958974	49.156410	66.600000
E_9-10	ARO:3002385	BEL-1	90	56.510000	56.365556	102.000000
E_9-10	ARO:3002386	BEL-2	80	56.207500	55.471250	102.000000
E_9-10	ARO:3002387	BEL-3	77	56.405195	55.783117	102.000000
E_9-10	ARO:3002389	OXY-1-1	8	51.150000	58.600000	64.300000
E_9-10	ARO:3002390	OXY-1-2	11	57.072727	63.527273	101.000000
E_9-10	ARO:3002391	OXY-1-3	8	51.487500	59.137500	68.600000
E_9-10	ARO:3002392	OXY-1-4	21	61.966667	65.819048	101.000000
E_9-10	ARO:3002394	OXY-1-6	7	48.928571	57.785714	60.800000
E_9-10	ARO:3002396	OXY-2-1	12	52.066667	52.358333	72.800000
E_9-10	ARO:3002397	OXY-2-2	26	58.196154	59.846154	74.700000
E_9-10	ARO:3002398	OXY-2-3	26	58.196154	59.846154	74.700000
E_9-10	ARO:3002399	OXY-2-4	28	57.903571	59.946429	74.700000
E_9-10	ARO:3002400	OXY-2-5	22	58.250000	60.854545	74.700000
E_9-10	ARO:3002401	OXY-2-6	17	59.576471	60.788235	74.700000
E_9-10	ARO:3002402	OXY-2-7	22	58.795455	61.013636	74.700000
E_9-10	ARO:3002403	OXY-2-8	23	58.965217	61.286957	74.700000
E_9-10	ARO:3002404	OXY-2-9	32	58.521875	61.115625	84.300000
E_9-10	ARO:3002405	OXY-2-10	19	57.773684	59.557895	74.700000
E_9-10	ARO:3002406	OXY-2-11	18	60.800000	62.005556	74.700000
E_9-10	ARO:3002407	OXY-2-12	14	62.600000	63.164286	74.700000
E_9-10	ARO:3002408	OXY-2-13	10	60.510000	60.060000	73.200000
E_9-10	ARO:3002409	OXY-3-1	20	58.455000	59.905000	101.000000
E_9-10	ARO:3002410	OXY-4-1	17	61.564706	60.888235	101.000000
E_9-10	ARO:3002411	OXY-5-1	15	60.980000	61.406667	101.000000
E_9-10	ARO:3002412	OXY-5-2	13	62.100000	62.384615	101.000000
E_9-10	ARO:3002413	OXY-6-1	2	83.350000	82.650000	101.000000
E_9-10	ARO:3002414	OXY-6-2	17	60.976471	61.229412	101.000000
E_9-10	ARO:3002415	OXY-6-3	2	83.350000	82.650000	101.000000
E_9-10	ARO:3002416	OXY-6-4	1	44.900000	45.400000	45.400000
E_9-10	ARO:3002418	OKP-A-1	64	59.856250	59.679688	77.000000
E_9-10	ARO:3002419	OKP-A-2	145	61.780690	60.876552	77.000000
E_9-10	ARO:3002420	OKP-A-3	124	61.630645	60.872581	77.000000
E_9-10	ARO:3002421	OKP-A-4	120	61.967500	60.960000	77.000000
E_9-10	ARO:3002422	OKP-A-5	86	61.401163	60.409302	77.000000
E_9-10	ARO:3002423	OKP-A-6	85	61.071765	59.667059	72.400000
E_9-10	ARO:3002424	OKP-A-7	123	62.814634	61.971545	99.000000
E_9-10	ARO:3002425	OKP-A-8	133	61.572180	60.469925	77.000000
E_9-10	ARO:3002426	OKP-A-9	136	62.169853	61.320588	99.000000
E_9-10	ARO:3002427	OKP-A-10	101	61.631683	60.792079	77.000000
E_9-10	ARO:3002428	OKP-A-11	142	62.292254	61.465493	77.000000
E_9-10	ARO:3002429	OKP-A-12	163	62.577914	62.012270	99.000000
E_9-10	ARO:3002430	OKP-A-13	136	61.683824	60.583824	77.000000
E_9-10	ARO:3002431	OKP-A-14	139	61.601439	60.951799	77.000000
E_9-10	ARO:3002432	OKP-A-15	168	61.952976	61.256548	99.000000
E_9-10	ARO:3002433	OKP-A-16	114	62.320175	61.363158	77.000000
E_9-10	ARO:3002434	OKP-B-1	35	62.248571	63.122857	95.900000
E_9-10	ARO:3002435	OKP-B-2	59	61.328814	62.900000	99.000000
E_9-10	ARO:3002436	OKP-B-3	54	58.766667	60.646296	101.000000
E_9-10	ARO:3002437	OKP-B-4	13	66.461538	68.084615	95.900000
E_9-10	ARO:3002438	OKP-B-5	39	57.576923	58.430769	102.000000
E_9-10	ARO:3002439	OKP-B-6	38	63.263158	64.150000	99.000000
E_9-10	ARO:3002440	OKP-B-7	10	71.910000	74.750000	101.000000
E_9-10	ARO:3002441	OKP-B-8	69	57.152174	57.733333	102.000000
E_9-10	ARO:3002442	OKP-B-9	37	63.056757	63.945946	99.000000
E_9-10	ARO:3002443	OKP-B-10	60	57.021667	57.393333	102.000000
E_9-10	ARO:3002444	OKP-B-11	12	70.766667	72.625000	101.000000
E_9-10	ARO:3002445	OKP-B-12	130	62.324615	61.933077	94.400000
E_9-10	ARO:3002446	OKP-B-13	57	56.777193	56.933333	102.000000
E_9-10	ARO:3002447	OKP-B-14	47	62.482979	62.723404	99.000000
E_9-10	ARO:3002450	OKP-B-17	13	66.461538	68.084615	95.900000
E_9-10	ARO:3002451	OKP-B-18	117	62.574359	62.351282	101.000000
E_9-10	ARO:3002452	OKP-B-19	43	57.144186	57.500000	102.000000
E_9-10	ARO:3002453	OKP-B-20	37	57.172973	58.237838	102.000000
E_9-10	ARO:3002454	LEN-1	18	67.372222	67.705556	101.000000
E_9-10	ARO:3002455	LEN-2	16	69.737500	70.750000	101.000000
E_9-10	ARO:3002456	LEN-5	15	67.420000	66.820000	100.000000
E_9-10	ARO:3002457	LEN-7	11	68.400000	70.700000	100.000000
E_9-10	ARO:3002458	LEN-8	10	73.740000	72.800000	101.000000
E_9-10	ARO:3002459	LEN-9	18	68.533333	68.888889	101.000000
E_9-10	ARO:3002460	LEN-10	17	66.282353	65.294118	100.000000
E_9-10	ARO:3002461	LEN-11	6	76.416667	77.166667	101.000000
E_9-10	ARO:3002462	LEN-12	22	64.750000	65.122727	101.000000
E_9-10	ARO:3002463	LEN-13	15	70.193333	69.180000	101.000000
E_9-10	ARO:3002464	LEN-16	18	67.900000	67.172222	100.000000
E_9-10	ARO:3002465	LEN-18	8	72.637500	71.750000	100.000000
E_9-10	ARO:3002466	LEN-19	12	70.800000	68.058333	100.000000
E_9-10	ARO:3002467	LEN-20	15	65.980000	65.406667	100.000000
E_9-10	ARO:3002468	LEN-21	29	62.410345	63.396552	101.000000
E_9-10	ARO:3002469	LEN-22	10	71.600000	70.910000	101.000000
E_9-10	ARO:3002470	LEN-23	21	67.052381	67.276190	100.000000
E_9-10	ARO:3002471	LEN-24	7	79.785714	80.428571	101.000000
E_9-10	ARO:3002472	LEN-4	22	65.413636	65.372727	100.000000
E_9-10	ARO:3002473	LEN-17	8	70.500000	71.412500	100.000000
E_9-10	ARO:3002474	LEN-26	6	58.700000	61.716667	71.200000
E_9-10	ARO:3002475	LEN-3	20	66.550000	66.215000	101.000000
E_9-10	ARO:3002476	LEN-6	37	59.954054	61.213514	101.000000
E_9-10	ARO:3002477	LEN-14	21	62.980952	62.357143	97.800000
E_9-10	ARO:3002478	LEN-15	24	63.300000	61.345833	101.000000
E_9-10	ARO:3002479	LEN-25	2	100.000000	92.350000	100.000000
E_9-10	ARO:3002480	OXA-144	3	73.866667	77.066667	103.000000
E_9-10	ARO:3002481	AER-1	1554	81.156821	78.846718	109.000000
E_9-10	ARO:3002482	LRA-1	59	54.945763	53.344068	74.700000
E_9-10	ARO:3002483	LRA-5	18	44.127778	40.766667	55.500000
E_9-10	ARO:3002484	LRA-13	403	52.515136	56.477916	76.300000
E_9-10	ARO:3002485	LRA-2	158	52.373418	46.031646	73.900000
E_9-10	ARO:3002486	LRA-7	33	48.800000	48.854545	65.500000
E_9-10	ARO:3002487	LRA-8	136	51.238971	47.881618	73.200000
E_9-10	ARO:3002488	LRA-9	34	48.923529	48.161765	65.100000
E_9-10	ARO:3002489	LRA-10	256	58.772266	58.072656	91.300000
E_9-10	ARO:3002492	LRA-18	240	57.528750	58.251250	86.700000
E_9-10	ARO:3002493	SRT-1	361	51.235180	50.346814	75.900000
E_9-10	ARO:3002494	SRT-2	405	52.083704	51.703951	74.700000
E_9-10	ARO:3002495	CTX-M-85	10	60.080000	54.720000	57.400000
E_9-10	ARO:3002496	OXA-418	46	63.615217	65.213043	92.800000
E_9-10	ARO:3002497	PDC-1	6	57.166667	45.700000	54.700000
E_9-10	ARO:3002498	PDC-2	2	69.200000	41.600000	41.600000
E_9-10	ARO:3002500	PDC-3	2	69.200000	41.600000	41.600000
E_9-10	ARO:3002502	PDC-5	16	54.868750	43.418750	73.900000
E_9-10	ARO:3002505	PDC-6	18	52.450000	44.672222	73.900000
E_9-10	ARO:3002506	PDC-7	4	70.275000	49.775000	62.800000
E_9-10	ARO:3002507	PDC-8	4	61.700000	47.850000	62.400000
E_9-10	ARO:3002508	PDC-9	3	68.800000	52.766667	75.100000
E_9-10	ARO:3002509	PDC-10	2	69.200000	41.600000	41.600000
E_9-10	ARO:3002510	LRA-3	25	48.412000	48.432000	63.200000
E_9-10	ARO:3002511	LRA-12	47	51.544681	53.987234	78.200000
E_9-10	ARO:3002512	LRA-17	91	50.067033	51.812088	84.000000
E_9-10	ARO:3002513	LRA-19	80	54.627500	55.427500	83.200000
E_9-10	ARO:3002514	OCH-1	107	56.262617	56.586916	79.000000
E_9-10	ARO:3002515	OCH-2	161	58.512422	58.579503	79.000000
E_9-10	ARO:3002516	OCH-3	165	59.380000	60.879394	80.100000
E_9-10	ARO:3002517	OCH-4	89	57.119101	58.986517	80.100000
E_9-10	ARO:3002518	OCH-5	89	58.919101	58.823596	80.500000
E_9-10	ARO:3002519	OCH-6	153	58.771895	58.963399	79.300000
E_9-10	ARO:3002520	OCH-7	166	58.169880	58.284940	79.300000
E_9-10	ARO:3002521	OCH-8	90	57.370000	58.761111	80.100000
E_9-10	ARO:3002522	novA	31450	52.525806	51.343593	91.700000
E_9-10	ARO:3002523	AAC(2')-Ia	3	39.566667	41.333333	44.300000
E_9-10	ARO:3002524	AAC(2')-Ib	47	69.140426	69.021277	90.500000
E_9-10	ARO:3002525	AAC(2')-Ic	46	66.441304	66.667391	84.300000
E_9-10	ARO:3002526	AAC(2')-Id	46	61.232609	63.358696	76.300000
E_9-10	ARO:3002527	AAC(2')-Ie	41	65.195122	65.958537	81.300000
E_9-10	ARO:3002528	AAC(3)-Ia	27	65.370370	58.107407	79.300000
E_9-10	ARO:3002529	AAC(3)-Id	31	62.851613	59.409677	94.400000
E_9-10	ARO:3002530	AAC(3)-Ib	465	91.778495	44.809032	88.200000
E_9-10	ARO:3002531	AAC(3)-Ic	46	61.076087	56.686957	75.500000
E_9-10	ARO:3002533	AAC(3)-IIa	68	61.607353	57.325000	106.000000
E_9-10	ARO:3002534	AAC(3)-IIb	47	57.970213	56.023404	88.600000
E_9-10	ARO:3002535	AAC(3)-IIc	58	62.489655	58.834483	106.000000
E_9-10	ARO:3002536	AAC(3)-IIIa	48	47.500000	47.768750	89.700000
E_9-10	ARO:3002537	AAC(3)-IIIb	27	52.944444	51.544444	69.300000
E_9-10	ARO:3002538	AAC(3)-IIIc	27	52.196296	52.177778	74.700000
E_9-10	ARO:3002539	AAC(3)-IVa	56	57.383929	51.496429	79.300000
E_9-10	ARO:3002540	AAC(3)-VIa	23	45.595652	44.986957	55.800000
E_9-10	ARO:3002541	AAC(3)-VIIa	29	50.865517	46.117241	57.400000
E_9-10	ARO:3002542	AAC(3)-VIIIa	29	49.431034	47.337931	60.800000
E_9-10	ARO:3002543	AAC(3)-IXa	30	48.926667	45.846667	58.200000
E_9-10	ARO:3002544	AAC(3)-Xa	43	51.495349	47.381395	68.200000
E_9-10	ARO:3002545	AAC(6')-Ia	78	57.484615	55.335897	97.100000
E_9-10	ARO:3002546	AAC(6')-Ib	441	94.635828	90.690249	110.000000
E_9-10	ARO:3002547	AAC(6')-Ib-cr1	436	93.257339	88.848853	110.000000
E_9-10	ARO:3002549	AAC(6')-Ic	70	47.818571	48.530000	59.300000
E_9-10	ARO:3002553	AAC(6')-If	69	51.078261	50.026087	65.500000
E_9-10	ARO:3002554	AAC(6')-Ig	41	48.995122	49.458537	60.800000
E_9-10	ARO:3002555	AAC(6')-Ih	46	49.997826	48.817391	63.500000
E_9-10	ARO:3002556	AAC(6')-Ii	74	60.144595	59.828378	110.000000
E_9-10	ARO:3002557	AAC(6')-Ij	51	51.541176	49.354902	58.900000
E_9-10	ARO:3002558	AAC(6')-Ik	52	52.050000	50.265385	60.100000
E_9-10	ARO:3002559	AAC(6')-Ip	73	55.319178	55.668493	82.800000
E_9-10	ARO:3002560	AAC(6')-Iq	72	55.254167	56.219444	80.900000
E_9-10	ARO:3002561	AAC(6')-Ir	51	52.013725	49.156863	59.300000
E_9-10	ARO:3002562	AAC(6')-Is	61	50.606557	47.914754	62.000000
E_9-10	ARO:3002563	AAC(6')-Isa	21	59.123810	58.661905	77.000000
E_9-10	ARO:3002564	AAC(6')-It	54	50.992593	49.244444	65.500000
E_9-10	ARO:3002565	AAC(6')-Iu	60	51.178333	48.148333	62.000000
E_9-10	ARO:3002566	AAC(6')-Iv	54	49.379630	47.881481	64.300000
E_9-10	ARO:3002567	AAC(6')-Iw	50	52.776000	51.390000	62.800000
E_9-10	ARO:3002568	AAC(6')-Ix	62	49.204839	47.937097	64.300000
E_9-10	ARO:3002569	AAC(6')-Iy	68	56.707353	51.533824	65.900000
E_9-10	ARO:3002570	AAC(6')-Iz	59	44.222034	47.349153	61.600000
E_9-10	ARO:3002571	AAC(6')-Iaa	68	56.707353	51.533824	65.900000
E_9-10	ARO:3002572	AAC(6')-Iad	61	51.391803	51.562295	75.500000
E_9-10	ARO:3002573	AAC(6')-Iae	83	55.812048	55.387952	79.300000
E_9-10	ARO:3002574	AAC(6')-Iaf	72	54.975000	56.576389	83.600000
E_9-10	ARO:3002575	AAC(6')-Iai	66	56.481818	56.453030	102.000000
E_9-10	ARO:3002576	AAC(6')-Ib3	442	94.644344	90.453167	110.000000
E_9-10	ARO:3002577	AAC(6')-Ib4	442	94.996380	90.830769	110.000000
E_9-10	ARO:3002578	AAC(6')-Ib7	1658	96.312907	82.363993	110.000000
E_9-10	ARO:3002579	AAC(6')-Ib8	499	93.362325	87.228657	110.000000
E_9-10	ARO:3002580	AAC(6')-Ib9	458	95.091048	91.123144	110.000000
E_9-10	ARO:3002581	AAC(6')-Ib10	458	94.751310	90.758734	110.000000
E_9-10	ARO:3002582	AAC(6')-Ib11	438	93.756621	90.264384	110.000000
E_9-10	ARO:3002583	AAC(6')-29a	4	67.000000	58.825000	71.200000
E_9-10	ARO:3002584	AAC(6')-29b	3	65.233333	54.700000	63.200000
E_9-10	ARO:3002585	AAC(6')-31	295	83.148475	85.274915	105.000000
E_9-10	ARO:3002586	AAC(6')-32	158	78.138608	68.948734	102.000000
E_9-10	ARO:3002587	AAC(6')-I33	82	59.498780	58.962195	82.400000
E_9-10	ARO:3002588	AAC(6')-I30	80	58.455000	58.562500	79.700000
E_9-10	ARO:3002589	AAC(6')-Iid	58	57.393103	61.648276	102.000000
E_9-10	ARO:3002590	AAC(6')-Iih	67	61.792537	61.723881	91.300000
E_9-10	ARO:3002591	AAC_6_IB_Su	418	94.830861	90.181818	110.000000
E_9-10	ARO:3002592	AAC6_IB_HZ	416	95.056490	90.867788	110.000000
E_9-10	ARO:3002593	AAC(6')-Ib-SK	13	54.423077	58.476923	74.700000
E_9-10	ARO:3002594	AAC(6')-IIa	119	72.808403	68.146218	115.000000
E_9-10	ARO:3002595	AAC(6')-IIb	50	51.220000	50.956000	85.100000
E_9-10	ARO:3002596	AAC(6')-IIc	122	84.833607	85.895902	113.000000
E_9-10	ARO:3002597	AAC6_Ie_APH2_Ia	154	94.397403	93.606494	113.000000
E_9-10	ARO:3002598	ANT3II_ANT6II	1780	80.378764	79.651292	110.000000
E_9-10	ARO:3002599	AAC6_30_AAC6_Ib	456	94.138596	90.399342	110.000000
E_9-10	ARO:3002600	AAC_3Ib_AAC_6Ib	461	91.810846	88.408677	110.000000
E_9-10	ARO:3002601	aadA	1448	86.943163	83.361948	110.000000
E_9-10	ARO:3002602	aadA2	1394	85.415638	82.764849	110.000000
E_9-10	ARO:3002603	aadA3	1433	85.198953	82.500000	110.000000
E_9-10	ARO:3002604	aadA4	1055	67.954028	69.875261	109.000000
E_9-10	ARO:3002605	aadA5	1051	68.392864	70.901808	114.000000
E_9-10	ARO:3002606	aadA6	1358	76.138292	76.078940	109.000000
E_9-10	ARO:3002607	aadA7	1270	72.795827	74.070000	103.000000
E_9-10	ARO:3002608	aadA8	1450	85.456552	82.474138	110.000000
E_9-10	ARO:3002609	aadA9	1589	71.838955	61.709629	93.200000
E_9-10	ARO:3002611	aadA11	1366	75.437555	75.781479	109.000000
E_9-10	ARO:3002612	aadA12	1409	85.797800	83.086799	110.000000
E_9-10	ARO:3002613	aadA13	1379	80.970051	80.253299	109.000000
E_9-10	ARO:3002614	aadA14	891	61.916947	64.652189	86.300000
E_9-10	ARO:3002615	aadA15	1410	86.644184	83.687305	110.000000
E_9-10	ARO:3002616	aadA16	1194	76.874456	76.547320	107.000000
E_9-10	ARO:3002617	aadA17	1416	85.956356	83.433404	110.000000
E_9-10	ARO:3002618	aadA21	1420	86.341620	82.922042	110.000000
E_9-10	ARO:3002619	aadA22	1444	85.868490	82.827839	110.000000
E_9-10	ARO:3002620	aadA23	1424	86.536868	82.878020	110.000000
E_9-10	ARO:3002621	aadA24	1436	86.622702	82.766295	110.000000
E_9-10	ARO:3002622	aadA6/aadA10	1350	75.945333	76.134148	109.000000
E_9-10	ARO:3002623	ANT(4')-Ia	4	75.275000	78.975000	102.000000
E_9-10	ARO:3002624	ANT(4')-IIa	2	45.900000	41.400000	42.400000
E_9-10	ARO:3002626	ANT(6)-Ia	342	86.140351	87.844444	116.000000
E_9-10	ARO:3002627	aadK	275	59.600727	64.151636	90.900000
E_9-10	ARO:3002628	aad(6)	309	82.552427	83.317152	115.000000
E_9-10	ARO:3002629	ANT(6)-Ib	276	66.135870	71.136232	114.000000
E_9-10	ARO:3002630	ANT(9)-Ia	212	59.159434	61.415094	85.500000
E_9-10	ARO:3002631	spd	75	48.796000	46.762667	59.300000
E_9-10	ARO:3002634	APH(2'')-Ie	40	86.145000	80.965000	109.000000
E_9-10	ARO:3002635	APH(2'')-IIa	30	47.410000	47.506667	62.400000
E_9-10	ARO:3002636	APH(2'')-IIIa	11	50.609091	47.163636	58.200000
E_9-10	ARO:3002637	APH(2'')-IVa	41	81.290244	76.643902	108.000000
E_9-10	ARO:3002638	APH(3'')-Ia	70	59.162857	59.837143	78.600000
E_9-10	ARO:3002639	APH(3'')-Ib	527	97.547628	90.984440	112.000000
E_9-10	ARO:3002640	APH(3'')-Ic	105	57.693333	55.049524	70.900000
E_9-10	ARO:3002641	APH(3')-Ia	73	64.389041	63.805479	112.000000
E_9-10	ARO:3002642	APH(3')-Ib	52	88.040385	85.367308	107.000000
E_9-10	ARO:3002644	APH(3')-IIa	76	52.423684	51.731579	77.000000
E_9-10	ARO:3002645	APH(3')-IIb	34	55.702941	55.147059	69.700000
E_9-10	ARO:3002646	APH(3')-IIc	41	53.731707	51.612195	70.500000
E_9-10	ARO:3002647	APH(3')-IIIa	397	55.816121	51.164484	106.000000
E_9-10	ARO:3002648	APH(3')-IVa	49	50.948980	53.487755	76.300000
E_9-10	ARO:3002649	APH(3')-Va	110	50.710909	50.559091	67.800000
E_9-10	ARO:3002650	APH(3')-Vb	52	55.673077	51.926923	60.800000
E_9-10	ARO:3002651	APH(3')-Vc	95	50.872632	52.069474	68.600000
E_9-10	ARO:3002652	APH(3')-VIa	20	57.705000	56.405000	99.400000
E_9-10	ARO:3002653	APH(3')-VIb	18	60.466667	58.472222	105.000000
E_9-10	ARO:3002654	APH(3')-VIIa	25	59.188000	51.348000	73.200000
E_9-10	ARO:3002655	APH(4)-Ia	42	49.066667	49.026190	58.500000
E_9-10	ARO:3002657	APH(6)-Ia	84	55.295238	53.892857	68.900000
E_9-10	ARO:3002658	APH(6)-Ib	36	55.680556	53.869444	72.400000
E_9-10	ARO:3002659	APH(6)-Ic	119	56.626050	53.848739	92.400000
E_9-10	ARO:3002660	APH(6)-Id	376	96.039894	89.496277	111.000000
E_9-10	ARO:3002662	APH(9)-Ia	149	57.956376	63.904027	95.900000
E_9-10	ARO:3002665	npmA	19	43.500000	45.768421	53.900000
E_9-10	ARO:3002666	rmtF	6	46.400000	44.466667	51.600000
E_9-10	ARO:3002667	rmtD	13	41.807692	41.646154	55.500000
E_9-10	ARO:3002668	rmtG	7	44.642857	42.457143	49.700000
E_9-10	ARO:3002669	APH(2'')-Ig	2	42.900000	42.200000	42.400000
E_9-10	ARO:3002671	Lreu_cat-TC	302	50.031788	53.543377	77.000000
E_9-10	ARO:3002672	Bpum_cat86	246	51.078049	57.559756	79.300000
E_9-10	ARO:3002674	Cbut_catB	586	64.718259	70.151024	100.000000
E_9-10	ARO:3002675	catB2	2121	63.010655	62.824752	110.000000
E_9-10	ARO:3002676	catB3	2198	65.432712	64.193949	115.000000
E_9-10	ARO:3002678	Paer_catB6	2826	58.310899	58.631493	114.000000
E_9-10	ARO:3002679	Paer_catB7	1015	66.674877	69.925123	108.000000
E_9-10	ARO:3002680	catB8	2880	60.863090	59.484132	115.000000
E_9-10	ARO:3002681	catB9	1513	61.182419	60.362921	102.000000
E_9-10	ARO:3002683	catA1	317	49.560568	56.427445	79.000000
E_9-10	ARO:3002684	catII	340	51.228529	54.134706	78.600000
E_9-10	ARO:3002685	catIII	310	51.631935	53.044839	77.800000
E_9-10	ARO:3002686	catP	412	58.362864	62.970146	90.900000
E_9-10	ARO:3002687	catQ	693	74.996537	76.386436	118.000000
E_9-10	ARO:3002688	catS	197	58.305584	57.091371	78.600000
E_9-10	ARO:3002689	pp_cat	317	49.897161	56.486751	79.000000
E_9-10	ARO:3002690	Sliv_cmlR	321	48.910903	47.274143	79.300000
E_9-10	ARO:3002691	Sent_cmlA	1569	71.212110	66.071064	109.000000
E_9-10	ARO:3002693	cmlA1	1710	70.821111	66.430117	109.000000
E_9-10	ARO:3002694	cmlA4	1660	70.974699	66.331506	107.000000
E_9-10	ARO:3002695	cmlA5	1714	70.992707	66.613594	109.000000
E_9-10	ARO:3002696	cmlA6	1714	70.804142	66.450000	109.000000
E_9-10	ARO:3002698	cmlB	1711	65.482583	62.498890	107.000000
E_9-10	ARO:3002699	cmlB1	1252	66.267891	63.612620	99.800000
E_9-10	ARO:3002700	cmlv	472	50.138983	47.022881	64.700000
E_9-10	ARO:3002701	Rfas_cmr	415	46.960482	45.926506	67.800000
E_9-10	ARO:3002702	cmrA	321	50.497508	49.850156	64.700000
E_9-10	ARO:3002703	cmx	471	50.245011	47.173673	98.600000
E_9-10	ARO:3002704	fexA	134	44.531343	42.193284	100.000000
E_9-10	ARO:3002705	floR	1603	57.978540	55.719775	104.000000
E_9-10	ARO:3002707	QnrA1	46	66.517391	59.880435	74.300000
E_9-10	ARO:3002708	QnrA2	26	69.607692	53.696154	62.800000
E_9-10	ARO:3002709	QnrA3	36	67.625000	51.991667	62.400000
E_9-10	ARO:3002710	QnrA4	36	67.625000	51.991667	62.400000
E_9-10	ARO:3002711	QnrA5	36	67.625000	51.991667	62.400000
E_9-10	ARO:3002712	QnrA6	27	65.881481	52.174074	62.400000
E_9-10	ARO:3002713	QnrA7	33	67.627273	52.178788	62.400000
E_9-10	ARO:3002714	QnrB1	5	61.840000	70.960000	73.200000
E_9-10	ARO:3002715	QnrB2	8	69.487500	77.625000	105.000000
E_9-10	ARO:3002718	QnrB4	19	69.184211	64.668421	108.000000
E_9-10	ARO:3002719	QnrB5	6	83.950000	76.966667	87.800000
E_9-10	ARO:3002721	QnrB7	14	60.485714	68.785714	105.000000
E_9-10	ARO:3002722	QnrB8	14	73.571429	74.657143	104.000000
E_9-10	ARO:3002723	QnrB9	3	49.266667	56.466667	57.800000
E_9-10	ARO:3002724	QnrB10	6	83.950000	76.966667	87.800000
E_9-10	ARO:3002725	QnrB11	6	97.950000	85.966667	106.000000
E_9-10	ARO:3002726	QnrB12	5	97.540000	93.300000	106.000000
E_9-10	ARO:3002728	QnrB14	2	85.700000	88.600000	88.600000
E_9-10	ARO:3002730	QnrB15	10	70.160000	77.140000	105.000000
E_9-10	ARO:3002733	QnrB18	2	85.700000	88.600000	88.600000
E_9-10	ARO:3002734	QnrB19	27	70.770370	65.177778	105.000000
E_9-10	ARO:3002736	QnrB21	15	72.286667	73.606667	104.000000
E_9-10	ARO:3002737	QnrB22	19	72.536842	71.094737	108.000000
E_9-10	ARO:3002738	QnrB23	2	100.000000	105.000000	105.000000
E_9-10	ARO:3002740	QnrB25	13	68.392308	68.784615	87.800000
E_9-10	ARO:3002741	QnrB26	2	93.900000	98.200000	98.200000
E_9-10	ARO:3002742	QnrB27	24	62.325000	62.495833	106.000000
E_9-10	ARO:3002743	QnrB28	27	65.229630	66.122222	106.000000
E_9-10	ARO:3002746	QnrB31	4	89.800000	94.300000	105.000000
E_9-10	ARO:3002747	QnrB32	12	54.233333	62.916667	72.000000
E_9-10	ARO:3002748	QnrB33	29	64.413793	63.775862	106.000000
E_9-10	ARO:3002749	QnrB34	5	98.360000	82.560000	106.000000
E_9-10	ARO:3002750	QnrB35	9	63.711111	72.688889	102.000000
E_9-10	ARO:3002751	QnrB36	41	65.929268	65.407317	105.000000
E_9-10	ARO:3002752	QnrB37	18	75.772222	65.888889	106.000000
E_9-10	ARO:3002753	QnrB38	14	68.421429	70.828571	104.000000
E_9-10	ARO:3002754	QnrB39	3	100.000000	86.433333	106.000000
E_9-10	ARO:3002755	QnrB40	7	90.014286	83.085714	104.000000
E_9-10	ARO:3002757	QnrB42	15	65.453333	73.146667	105.000000
E_9-10	ARO:3002758	QnrB43	3	49.266667	56.466667	57.800000
E_9-10	ARO:3002759	QnrB44	3	49.266667	56.466667	57.800000
E_9-10	ARO:3002760	QnrB45	8	55.187500	64.012500	72.000000
E_9-10	ARO:3002761	QnrB46	10	56.390000	66.960000	72.400000
E_9-10	ARO:3002762	QnrB47	43	65.665116	65.537209	105.000000
E_9-10	ARO:3002763	QnrB48	11	58.500000	67.081818	103.000000
E_9-10	ARO:3002764	QnrB49	2	81.700000	53.500000	56.200000
E_9-10	ARO:3002765	QnrB50	15	69.960000	61.466667	104.000000
E_9-10	ARO:3002767	QnrB54	36	59.794444	60.819444	105.000000
E_9-10	ARO:3002768	QnrB55	18	72.466667	63.233333	108.000000
E_9-10	ARO:3002769	QnrB56	8	83.387500	71.100000	87.800000
E_9-10	ARO:3002771	QnrB58	2	85.700000	88.600000	88.600000
E_9-10	ARO:3002772	QnrB59	4	82.700000	71.350000	87.800000
E_9-10	ARO:3002773	QnrB60	9	63.711111	68.977778	87.800000
E_9-10	ARO:3002774	QnrB61	37	64.575676	64.286486	105.000000
E_9-10	ARO:3002775	QnrB62	6	83.950000	76.966667	87.800000
E_9-10	ARO:3002776	QnrB64	8	55.187500	64.012500	72.000000
E_9-10	ARO:3002777	QnrB65	42	61.559524	60.557143	107.000000
E_9-10	ARO:3002778	QnrB66	16	61.093750	69.981250	105.000000
E_9-10	ARO:3002779	QnrB67	8	78.675000	74.762500	104.000000
E_9-10	ARO:3002780	QnrB68	8	88.700000	82.800000	104.000000
E_9-10	ARO:3002781	QnrB69	18	75.772222	65.888889	106.000000
E_9-10	ARO:3002782	QnrB70	23	72.434783	66.521739	105.000000
E_9-10	ARO:3002783	QnrB71	35	64.885714	64.705714	105.000000
E_9-10	ARO:3002784	QnrB72	3	54.633333	54.800000	64.300000
E_9-10	ARO:3002785	QnrB73	26	64.911538	65.688462	106.000000
E_9-10	ARO:3002787	QnrC	32	79.434375	55.696875	73.200000
E_9-10	ARO:3002788	QnrD1	25	61.372000	63.784000	101.000000
E_9-10	ARO:3002789	QnrD2	25	61.372000	63.736000	101.000000
E_9-10	ARO:3002790	QnrS1	83	76.962651	64.774699	96.700000
E_9-10	ARO:3002791	QnrS2	99	78.890909	72.694949	108.000000
E_9-10	ARO:3002792	QnrS3	70	76.188571	64.808571	96.700000
E_9-10	ARO:3002793	QnrS4	83	76.667470	64.550602	96.700000
E_9-10	ARO:3002794	QnrS5	106	75.925472	73.900943	107.000000
E_9-10	ARO:3002795	QnrS6	100	77.926000	72.089000	108.000000
E_9-10	ARO:3002796	QnrS7	70	77.795714	61.977143	96.700000
E_9-10	ARO:3002797	QnrS8	81	78.462963	68.048148	100.000000
E_9-10	ARO:3002798	QnrS9	106	76.683019	77.000943	108.000000
E_9-10	ARO:3002799	QnrVC1	85	82.642353	64.568235	98.200000
E_9-10	ARO:3002800	QnrVC3	86	82.130233	64.898837	99.000000
E_9-10	ARO:3002801	QnrVC4	78	77.241026	58.085897	105.000000
E_9-10	ARO:3002802	QnrVC5	79	78.145570	58.741772	105.000000
E_9-10	ARO:3002803	QnrVC6	89	83.256180	66.316854	101.000000
E_9-10	ARO:3002804	FosA2	70	60.425714	60.427143	108.000000
E_9-10	ARO:3002812	pp-flo	1579	57.115136	54.012033	104.000000
E_9-10	ARO:3002813	lmrB	283	47.388339	47.427915	71.600000
E_9-10	ARO:3002814	clbA	1692	47.218676	46.339894	83.600000
E_9-10	ARO:3002815	clbB	2354	46.648811	45.331478	83.600000
E_9-10	ARO:3002816	clbC	1927	45.279398	43.743799	77.000000
E_9-10	ARO:3002817	carA	8203	51.520029	49.314702	76.300000
E_9-10	ARO:3002819	msrC	12858	47.481023	44.815002	99.400000
E_9-10	ARO:3002823	ErmH	289	45.702422	41.929758	53.500000
E_9-10	ARO:3002824	ErmV	161	45.419255	39.755280	54.700000
E_9-10	ARO:3002825	ErmY	69	56.914493	55.550725	90.100000
E_9-10	ARO:3002826	EreA2	983	88.266429	84.362258	107.000000
E_9-10	ARO:3002827	tlrC	3331	51.933744	47.183548	70.500000
E_9-10	ARO:3002828	srmB	8426	50.305566	48.106575	72.400000
E_9-10	ARO:3002829	vgaA	18292	47.229636	46.209944	68.900000
E_9-10	ARO:3002830	vgaALC	18292	47.226919	46.209901	68.900000
E_9-10	ARO:3002831	vgaC	14393	48.320600	48.204454	73.200000
E_9-10	ARO:3002832	vgaD	17698	45.518556	46.237225	71.600000
E_9-10	ARO:3002833	vgaE	19584	48.253523	47.139251	71.600000
E_9-10	ARO:3002835	lnuA	33	56.463636	62.690909	108.000000
E_9-10	ARO:3002836	lnuB	480	76.936667	74.654375	107.000000
E_9-10	ARO:3002837	lnuC	91	65.003297	65.458242	109.000000
E_9-10	ARO:3002838	lnuD	144	69.516667	70.173611	102.000000
E_9-10	ARO:3002839	lnuF	195	50.857949	56.966667	105.000000
E_9-10	ARO:3002840	vatA	616	57.863961	48.192695	75.100000
E_9-10	ARO:3002841	vatB	2728	53.959531	54.178116	99.800000
E_9-10	ARO:3002842	vatC	2458	54.497030	51.233198	91.300000
E_9-10	ARO:3002843	vatD	1269	53.382033	52.405831	83.600000
E_9-10	ARO:3002844	vatE	2890	55.048270	51.031419	92.000000
E_9-10	ARO:3002845	vatH	2664	56.605931	52.075488	96.700000
E_9-10	ARO:3002846	arr-1	503	65.907157	71.126640	98.600000
E_9-10	ARO:3002847	arr-2	566	72.153887	72.926325	116.000000
E_9-10	ARO:3002848	arr-3	566	71.315548	72.474205	116.000000
E_9-10	ARO:3002849	arr-4	538	65.185688	69.063197	104.000000
E_9-10	ARO:3002850	arr-5	555	62.982162	67.693153	100.000000
E_9-10	ARO:3002852	arr-7	481	65.367775	68.173181	100.000000
E_9-10	ARO:3002853	arr-8	494	67.011741	71.864575	107.000000
E_9-10	ARO:3002854	dfrA1	701	58.560485	56.461626	109.000000
E_9-10	ARO:3002856	dfrA24	320	50.432812	47.494375	62.800000
E_9-10	ARO:3002857	dfrA26	3762	53.006725	51.835859	81.300000
E_9-10	ARO:3002858	dfrA12	2561	50.729012	52.005662	107.000000
E_9-10	ARO:3002859	dfrA14	661	55.262935	53.067776	108.000000
E_9-10	ARO:3002860	dfrA17	457	56.018381	56.929978	104.000000
E_9-10	ARO:3002861	dfrA5	702	55.098148	52.767094	105.000000
E_9-10	ARO:3002862	dfrA7	355	60.670423	60.876338	105.000000
E_9-10	ARO:3002863	dfrA8	2124	55.788136	47.099200	65.100000
E_9-10	ARO:3002864	dfrB1	167	77.911976	66.278443	107.000000
E_9-10	ARO:3002865	dfrC	3648	52.579331	54.252138	95.100000
E_9-10	ARO:3002866	dfrD	2018	45.274827	47.343756	89.700000
E_9-10	ARO:3002867	dfrF	1542	49.061673	51.927951	101.000000
E_9-10	ARO:3002868	dfrG	2725	48.313394	50.251229	108.000000
E_9-10	ARO:3002869	dfrK	2655	46.908211	48.774840	101.000000
E_9-10	ARO:3002871	tet(37)	201	70.098507	61.045274	97.100000
E_9-10	ARO:3002872	FosA3	62	62.474194	61.720968	92.400000
E_9-10	ARO:3002873	FosB3	9	51.422222	41.066667	45.400000
E_9-10	ARO:3002874	FosC2	97	56.816495	49.864948	84.700000
E_9-10	ARO:3002875	dfrE	1262	49.299921	47.883122	72.000000
E_9-10	ARO:3002877	BcI	125	54.864800	57.978400	86.700000
E_9-10	ARO:3002878	BcII	12	47.816667	50.050000	73.900000
E_9-10	ARO:3002879	linG	195	51.649231	57.376410	108.000000
E_9-10	ARO:3002881	lmrC	8692	47.734952	44.193373	68.200000
E_9-10	ARO:3002882	lmrD	35403	47.228176	47.518614	95.500000
E_9-10	ARO:3002883	rgt1438	54	60.201852	51.661111	78.200000
E_9-10	ARO:3002884	iri	804	58.207090	55.074876	90.500000
E_9-10	ARO:3002891	otr(A)S.rim	22186	53.630050	48.630925	79.300000
E_9-10	ARO:3002892	otr(B)	1227	46.473024	46.796985	73.200000
E_9-10	ARO:3002893	tcr3	953	49.086569	45.954145	71.600000
E_9-10	ARO:3002894	otr(C)	11209	49.397556	51.093139	82.800000
E_9-10	ARO:3002895	SAT-2	26	53.138462	54.680769	73.200000
E_9-10	ARO:3002897	SAT-4	62	70.466129	70.633871	112.000000
E_9-10	ARO:3002898	SAT-3	9	60.000000	61.433333	76.600000
E_9-10	ARO:3002907	vanE	3281	48.178909	49.449070	74.300000
E_9-10	ARO:3002908	vanF	3375	50.958281	48.030133	76.600000
E_9-10	ARO:3002909	vanG	2774	52.392430	47.776640	98.200000
E_9-10	ARO:3002910	vanL	4325	51.188624	49.701595	78.200000
E_9-10	ARO:3002911	vanM	3371	50.639929	49.294898	76.600000
E_9-10	ARO:3002912	vanN	2939	50.339639	49.711228	73.200000
E_9-10	ARO:3002913	vanO	4470	51.550671	49.520694	75.500000
E_9-10	ARO:3002914	vanJ	3	44.533333	44.033333	52.400000
E_9-10	ARO:3002919	vanR_in_vanA_cl	14077	54.060553	50.052433	80.900000
E_9-10	ARO:3002921	vanR_in_vanB_cl	7977	43.263595	41.947035	63.500000
E_9-10	ARO:3002922	vanR_in_vanC_cl	20731	51.178149	48.650060	93.600000
E_9-10	ARO:3002923	vanR_in_vanD_cl	16498	48.626452	45.462547	93.600000
E_9-10	ARO:3002924	vanR_in_vanE_cl	19791	50.336754	48.522697	87.800000
E_9-10	ARO:3002925	vanR_in_vanF_cl	27758	45.868121	45.214943	74.700000
E_9-10	ARO:3002926	vanR_in_vanG_cl	18929	50.513804	48.806181	104.000000
E_9-10	ARO:3002927	vanR_in_vanL_cl	19373	51.535498	48.932592	90.500000
E_9-10	ARO:3002928	vanR_in_vanM_cl	30074	46.243636	44.937075	70.100000
E_9-10	ARO:3002929	vanR_in_vanN_cl	18680	51.630439	48.644251	87.000000
E_9-10	ARO:3002930	vanR_in_vanO_cl	18404	51.605792	46.982281	96.300000
E_9-10	ARO:3002931	vanS_in_vanA_cl	1898	50.434879	46.767281	91.300000
E_9-10	ARO:3002932	vanS_in_vanB_cl	284	45.772535	41.154577	60.100000
E_9-10	ARO:3002933	vanS_in_vanC_cl	1141	45.884224	43.026030	82.800000
E_9-10	ARO:3002934	vanS_in_vanD_cl	311	43.282958	42.363666	87.400000
E_9-10	ARO:3002935	vanS_in_vanE_cl	792	47.361742	43.698359	64.700000
E_9-10	ARO:3002936	vanS_in_vanF_cl	1086	43.670626	41.159392	56.600000
E_9-10	ARO:3002937	vanS_in_vanG_cl	1591	49.319925	45.491201	82.800000
E_9-10	ARO:3002938	vanS_in_vanL_cl	2752	46.878125	43.513118	83.600000
E_9-10	ARO:3002939	vanS_in_vanM_cl	2161	44.315872	41.521934	60.800000
E_9-10	ARO:3002940	vanS_in_vanN_cl	393	50.694911	47.635369	83.200000
E_9-10	ARO:3002941	vanS_in_vanO_cl	79	57.222785	52.158228	78.600000
E_9-10	ARO:3002942	vanH_in_vanA_cl	1968	47.939736	45.931555	77.400000
E_9-10	ARO:3002943	vanH_in_vanB_cl	3229	49.078631	46.263983	75.500000
E_9-10	ARO:3002944	vanH_in_vanD_cl	4948	51.508145	47.876031	69.300000
E_9-10	ARO:3002945	vanH_in_vanF_cl	4031	50.816869	47.749715	84.300000
E_9-10	ARO:3002947	vanH_in_vanM_cl	3529	50.565344	48.831879	82.000000
E_9-10	ARO:3002948	vanH_in_vanO_cl	3456	49.010561	47.475174	84.300000
E_9-10	ARO:3002949	vanX_in_vanA_cl	210	51.476190	50.977619	92.000000
E_9-10	ARO:3002950	vanX_in_vanB_cl	94	61.551064	52.345745	85.100000
E_9-10	ARO:3002952	vanX_in_vanF_cl	204	51.332843	50.772549	90.500000
E_9-10	ARO:3002953	vanX_in_vanM_cl	141	48.210638	50.744681	92.400000
E_9-10	ARO:3002954	vanX_in_vanO_cl	108	60.162963	54.452778	84.000000
E_9-10	ARO:3002955	vanY_in_vanA_cl	522	49.495977	49.829310	74.300000
E_9-10	ARO:3002956	vanY_in_vanB_cl	183	49.122404	49.647541	74.700000
E_9-10	ARO:3002958	vanY_in_vanF_cl	99	55.241414	57.111111	73.200000
E_9-10	ARO:3002959	vanY_in_vanG_cl	100	50.449000	49.059000	102.000000
E_9-10	ARO:3002961	vanY_in_vanM_cl	245	53.073469	51.821633	74.300000
E_9-10	ARO:3002962	vanZ_in_vanA_cl	17	52.641176	45.576471	54.700000
E_9-10	ARO:3002963	vanZ_in_vanF_cl	21	50.852381	43.300000	64.300000
E_9-10	ARO:3002964	vanW_in_vanB_cl	264	47.253788	47.117803	80.100000
E_9-10	ARO:3002965	vanW_in_vanG_cl	110	49.316364	54.754545	71.200000
E_9-10	ARO:3002966	vanXY_in_vanC	139	55.439568	51.670504	67.000000
E_9-10	ARO:3002967	vanXY_in_vanE	116	53.228448	51.714655	77.400000
E_9-10	ARO:3002968	vanXY_in_vanL	55	55.650909	53.770909	66.200000
E_9-10	ARO:3002969	vanXY_in_vanN	112	60.578571	55.919643	74.700000
E_9-10	ARO:3002970	vanT_in_vanC_cl	629	47.100000	43.572655	82.000000
E_9-10	ARO:3002971	vanT_in_vanE_cl	570	46.414386	43.215439	67.000000
E_9-10	ARO:3002972	vanT_in_vanG_cl	2277	46.455512	45.748309	97.800000
E_9-10	ARO:3002973	vanTm_in_vanL	20	43.600000	42.685000	51.200000
E_9-10	ARO:3002974	vanTr_in_vanL	672	46.438988	42.232143	63.900000
E_9-10	ARO:3002975	vanT_in_vanN_cl	738	44.744038	42.305285	68.600000
E_9-10	ARO:3002982	amrA	2060	52.677864	49.643350	79.300000
E_9-10	ARO:3002983	amrB	43779	57.020832	52.658693	88.200000
E_9-10	ARO:3002985	arnA	4349	57.736836	60.192803	106.000000
E_9-10	ARO:3002986	bacA	11570	58.458669	50.664520	108.000000
E_9-10	ARO:3002987	bcrA	18784	51.283337	47.123770	79.700000
E_9-10	ARO:3002988	bcrB	3	42.566667	44.533333	47.000000
E_9-10	ARO:3002993	AQU-1	109	70.041284	73.622936	102.000000
E_9-10	ARO:3002995	ROB-1	66	47.409091	44.813636	70.100000
E_9-10	ARO:3002997	LCR-1	1460	62.250068	65.268082	113.000000
E_9-10	ARO:3002999	CblA-1	160	46.946875	50.572500	104.000000
E_9-10	ARO:3003001	CfxA	607	94.316474	90.840692	108.000000
E_9-10	ARO:3003002	CfxA2	611	94.311620	90.736498	108.000000
E_9-10	ARO:3003003	CfxA3	607	94.610544	90.997364	108.000000
E_9-10	ARO:3003005	CfxA4	610	94.294590	90.717541	108.000000
E_9-10	ARO:3003006	blt	197	48.560914	49.255330	67.400000
E_9-10	ARO:3003007	bmr	171	46.167251	43.100000	98.200000
E_9-10	ARO:3003009	ceoA	969	49.785036	46.903818	82.400000
E_9-10	ARO:3003010	ceoB	53891	54.002666	50.859574	94.700000
E_9-10	ARO:3003011	dfrA10	43	49.986047	46.588372	100.000000
E_9-10	ARO:3003012	dfrA13	2302	50.155778	50.209731	103.000000
E_9-10	ARO:3003013	dfrA15	695	57.621295	55.867194	108.000000
E_9-10	ARO:3003014	dfrA16	606	56.354620	54.769307	108.000000
E_9-10	ARO:3003015	dfrA19	18	80.883333	79.450000	101.000000
E_9-10	ARO:3003016	dfrA20	3046	53.195469	56.882633	84.300000
E_9-10	ARO:3003017	dfrA21	2528	48.904035	50.096242	103.000000
E_9-10	ARO:3003018	dfrA22	2550	49.799020	50.931451	101.000000
E_9-10	ARO:3003019	dfrA23	15	88.533333	85.913333	106.000000
E_9-10	ARO:3003020	dfrA25	869	53.856041	49.849367	105.000000
E_9-10	ARO:3003021	dfrB2	158	78.439873	66.348734	107.000000
E_9-10	ARO:3003022	dfrB3	157	78.661783	66.372611	107.000000
E_9-10	ARO:3003023	dfrB6	173	79.171098	66.695954	104.000000
E_9-10	ARO:3003026	fusH	4	53.725000	38.600000	38.900000
E_9-10	ARO:3003030	MexV	604	46.190232	46.747020	80.900000
E_9-10	ARO:3003031	MexW	37507	52.250711	48.389770	92.400000
E_9-10	ARO:3003033	mexY	47562	56.465510	52.891767	89.700000
E_9-10	ARO:3003034	mexX	1795	56.244624	50.007298	74.700000
E_9-10	ARO:3003035	mfpA	27	67.603704	57.766667	75.900000
E_9-10	ARO:3003036	oleB	8934	49.211730	48.546206	74.300000
E_9-10	ARO:3003037	opcM	1475	57.437220	45.493017	72.800000
E_9-10	ARO:3003039	OprA	6679	58.239242	51.774367	79.700000
E_9-10	ARO:3003046	qacA	521	47.100576	46.112668	70.100000
E_9-10	ARO:3003047	qacB	513	47.069006	46.025536	71.600000
E_9-10	ARO:3003048	rosA	2343	64.060905	62.515280	102.000000
E_9-10	ARO:3003049	rosB	5660	63.726926	58.090088	96.300000
E_9-10	ARO:3003051	smeA	4786	52.668972	50.481049	77.800000
E_9-10	ARO:3003052	smeB	49583	55.968691	52.294458	94.000000
E_9-10	ARO:3003053	smeC	5424	55.062777	49.837408	87.000000
E_9-10	ARO:3003055	smeD	5289	55.670372	52.133806	100.000000
E_9-10	ARO:3003056	smeE	54661	56.787452	53.945063	98.600000
E_9-10	ARO:3003057	smeF	6929	57.701530	52.520118	80.500000
E_9-10	ARO:3003059	tmrB	3	49.600000	51.600000	56.600000
E_9-10	ARO:3003060	tsnR	89	47.451685	40.568539	57.800000
E_9-10	ARO:3003061	vph	34	46.738235	42.502941	47.000000
E_9-10	ARO:3003063	ykkC	667	47.926387	43.589055	65.900000
E_9-10	ARO:3003064	ykkD	1167	51.996915	46.766838	67.800000
E_9-10	ARO:3003066	smeR	29150	52.730346	50.385111	102.000000
E_9-10	ARO:3003067	smeS	1919	48.609067	44.246587	68.600000
E_9-10	ARO:3003069	vanXY_in_vanG	66	56.543939	53.768182	85.500000
E_9-10	ARO:3003070	vanX_in_vanD_cl	48	50.702083	49.331250	75.900000
E_9-10	ARO:3003071	mphF	443	51.121445	54.524831	111.000000
E_9-10	ARO:3003072	mphL	65	45.727692	54.164615	68.600000
E_9-10	ARO:3003093	cphA3	21	59.700000	50.961905	79.300000
E_9-10	ARO:3003094	imiH	14	69.235714	56.935714	78.200000
E_9-10	ARO:3003095	imiS	16	66.400000	55.718750	77.800000
E_9-10	ARO:3003096	CfxA5	607	94.530148	90.873641	108.000000
E_9-10	ARO:3003097	CfxA6	606	89.867162	87.839934	107.000000
E_9-10	ARO:3003099	cphA2	14	69.235714	56.964286	78.200000
E_9-10	ARO:3003100	cphA4	23	57.456522	49.447826	77.800000
E_9-10	ARO:3003101	cphA5	12	66.250000	56.291667	73.900000
E_9-10	ARO:3003102	cphA6	21	59.695238	51.000000	78.200000
E_9-10	ARO:3003103	cphA7	22	58.781818	50.700000	79.300000
E_9-10	ARO:3003104	cphA8	21	59.876190	51.057143	78.200000
E_9-10	ARO:3003105	dfrA3	6252	54.561596	55.211148	99.800000
E_9-10	ARO:3003106	Erm(42)	601	47.546755	44.997005	68.200000
E_9-10	ARO:3003107	mef(B)	1015	53.819113	52.341773	109.000000
E_9-10	ARO:3003109	msrE	16676	60.136657	58.271552	110.000000
E_9-10	ARO:3003110	catB10	2026	62.885044	63.355183	106.000000
E_9-10	ARO:3003111	lsaB	2755	47.249546	46.600181	93.200000
E_9-10	ARO:3003112	lsaC	2750	47.605236	45.743091	92.000000
E_9-10	ARO:3003115	OXA-427	148	75.481081	75.682432	110.000000
E_9-10	ARO:3003116	OXA-420	30	83.363333	84.350000	107.000000
E_9-10	ARO:3003117	OXA-421	8	50.737500	46.312500	55.800000
E_9-10	ARO:3003120	OXA-429	1	72.000000	73.600000	73.600000
E_9-10	ARO:3003121	OXA-430	1	100.000000	105.000000	105.000000
E_9-10	ARO:3003125	OXA-432	1	50.000000	48.100000	48.100000
E_9-10	ARO:3003126	OXA-433	5	46.060000	46.360000	48.500000
E_9-10	ARO:3003128	OXA-436	245	51.425306	50.761633	106.000000
E_9-10	ARO:3003129	CMY-121	109	84.734862	87.182569	110.000000
E_9-10	ARO:3003130	CMY-122	9	63.333333	70.288889	93.200000
E_9-10	ARO:3003132	CMY-124	9	68.822222	77.400000	93.200000
E_9-10	ARO:3003133	CMY-125	5	63.480000	74.400000	85.100000
E_9-10	ARO:3003135	CMY-127	2	61.000000	60.650000	81.600000
E_9-10	ARO:3003136	CMY-128	39	45.530769	55.710256	63.200000
E_9-10	ARO:3003137	CMY-129	3	64.666667	69.200000	90.500000
E_9-10	ARO:3003138	CMY-130	2	43.800000	44.100000	47.400000
E_9-10	ARO:3003139	MIR-18	20	72.475000	72.695000	106.000000
E_9-10	ARO:3003140	MOX-10	215	72.678605	75.184651	108.000000
E_9-10	ARO:3003141	MOX-11	220	72.677273	75.033636	108.000000
E_9-10	ARO:3003142	IMI-8	20	56.625000	58.610000	95.100000
E_9-10	ARO:3003143	IMI-9	6	53.466667	55.766667	93.600000
E_9-10	ARO:3003145	KPC-21	4	49.500000	42.550000	43.900000
E_9-10	ARO:3003146	VEB-10	1861	90.074207	88.339602	113.000000
E_9-10	ARO:3003147	OXA-424	1	100.000000	105.000000	105.000000
E_9-10	ARO:3003149	OXA-426	5	55.260000	56.200000	103.000000
E_9-10	ARO:3003150	CARB-20	183	62.243169	61.360656	76.600000
E_9-10	ARO:3003151	CARB-22	210	61.063810	60.384762	78.200000
E_9-10	ARO:3003158	TEM-220	2	51.900000	54.100000	63.500000
E_9-10	ARO:3003160	OXA-422	64	45.928125	51.451563	87.800000
E_9-10	ARO:3003161	OXA-423	38	43.784211	50.381579	55.500000
E_9-10	ARO:3003162	OXA-435	35	46.902857	51.214286	87.800000
E_9-10	ARO:3003163	CTX-M-155	11	64.963636	63.181818	100.000000
E_9-10	ARO:3003164	CTX-M-156	2	73.250000	73.500000	100.000000
E_9-10	ARO:3003165	CTX-M-157	4	82.150000	71.800000	100.000000
E_9-10	ARO:3003166	CTX-M-158	7	61.928571	62.171429	95.500000
E_9-10	ARO:3003167	CTX-M-159	85	56.896471	53.574118	75.900000
E_9-10	ARO:3003168	CTX-M-160	25	58.140000	57.780000	82.400000
E_9-10	ARO:3003171	ACT-36	117	71.890598	66.603419	112.000000
E_9-10	ARO:3003172	ACT-37	69	54.059420	46.760870	100.000000
E_9-10	ARO:3003173	MIR-17	28	73.442857	69.435714	106.000000
E_9-10	ARO:3003174	CARB-18	200	61.402000	60.879500	76.600000
E_9-10	ARO:3003175	CARB-19	239	61.233473	60.371130	76.600000
E_9-10	ARO:3003177	IMI-7	12	52.950000	54.966667	93.600000
E_9-10	ARO:3003178	VIM-42	12	46.841667	54.808333	65.500000
E_9-10	ARO:3003179	VIM-43	13	48.176923	50.884615	65.500000
E_9-10	ARO:3003180	KPC-22	23	44.830435	48.752174	102.000000
E_9-10	ARO:3003181	GES-26	337	98.824629	96.068843	113.000000
E_9-10	ARO:3003182	NDM-13	1	53.600000	38.100000	38.100000
E_9-10	ARO:3003184	PER-8	106	51.412264	53.324528	102.000000
E_9-10	ARO:3003185	GES-25	305	93.673770	95.208197	113.000000
E_9-10	ARO:3003190	QnrB78	3	49.266667	56.466667	57.800000
E_9-10	ARO:3003192	QnrB80	1	100.000000	49.300000	49.300000
E_9-10	ARO:3003193	QnrVC7	76	77.147368	57.802632	104.000000
E_9-10	ARO:3003194	GIM-2	10	46.250000	52.410000	74.700000
E_9-10	ARO:3003196	tet(45)	38	50.697368	48.992105	86.700000
E_9-10	ARO:3003197	aadA25	1435	85.519721	82.414913	110.000000
E_9-10	ARO:3003198	rmtH	7	45.600000	41.442857	46.600000
E_9-10	ARO:3003199	AAC(6')-Iak	57	47.273684	48.292982	62.800000
E_9-10	ARO:3003200	AAC(6')-Ian	24	46.658333	47.987500	65.500000
E_9-10	ARO:3003202	TLA-1	563	56.500178	61.278153	84.000000
E_9-10	ARO:3003203	TLA-2	363	61.730028	63.620386	108.000000
E_9-10	ARO:3003204	TLA-3	536	56.521455	61.059142	81.300000
E_9-10	ARO:3003205	Erm(43)	48	55.537500	54.510417	73.900000
E_9-10	ARO:3003206	lsaE	8191	45.342644	45.841167	114.000000
E_9-10	ARO:3003207	FosK	46	51.339130	53.580435	77.400000
E_9-10	ARO:3003208	FosXCC	152	64.005921	60.600658	79.000000
E_9-10	ARO:3003209	fosA5	66	63.310606	61.957576	107.000000
E_9-10	ARO:3003210	FosA4	55	63.087273	60.972727	90.100000
E_9-10	ARO:3003250	bcrC	231	48.507792	43.266234	82.400000
E_9-10	ARO:3003324	Bsub_mprF	123	49.701626	46.898374	65.500000
E_9-10	ARO:3003440	mecB	1570	45.519108	42.595414	60.800000
E_9-10	ARO:3003441	cfrA	1550	47.335871	46.152968	85.100000
E_9-10	ARO:3003548	mdtN	836	53.351077	49.347368	107.000000
E_9-10	ARO:3003549	mdtO	166	73.898193	72.038554	110.000000
E_9-10	ARO:3003550	mdtP	509	58.938310	57.083104	109.000000
E_9-10	ARO:3003551	emeA	211	42.851185	41.447393	87.400000
E_9-10	ARO:3003552	fusB	2	43.600000	48.350000	52.400000
E_9-10	ARO:3003553	CepS	109	60.044954	57.828440	100.000000
E_9-10	ARO:3003556	SLB-1	40	45.650000	51.795000	68.200000
E_9-10	ARO:3003557	SFB-1	29	50.148276	54.824138	65.900000
E_9-10	ARO:3003558	Yent_y56	62	57.040323	58.922581	90.500000
E_9-10	ARO:3003559	cepA	314	53.396815	54.250637	103.000000
E_9-10	ARO:3003561	SED-1	62	60.045161	58.683871	77.400000
E_9-10	ARO:3003562	blaF	69	63.415942	64.471014	85.900000
E_9-10	ARO:3003563	RCP-1	27	54.029630	53.914815	99.800000
E_9-10	ARO:3003564	EXO-1	37	52.970270	52.813514	70.100000
E_9-10	ARO:3003565	R39	105	50.331429	57.376190	75.900000
E_9-10	ARO:3003576	eptA	3307	56.870124	61.984427	115.000000
E_9-10	ARO:3003577	ugd	8137	70.594371	71.377363	110.000000
E_9-10	ARO:3003578	PmrF	5752	49.805876	48.408953	108.000000
E_9-10	ARO:3003583	basS	3883	46.635230	43.302112	64.300000
E_9-10	ARO:3003589	NmcA	11	56.045455	58.127273	93.600000
E_9-10	ARO:3003591	SHV-191	3	50.933333	45.166667	60.100000
E_9-10	ARO:3003593	OXA-437	6	57.066667	62.116667	85.900000
E_9-10	ARO:3003594	OXA-438	496	52.475806	52.418750	100.000000
E_9-10	ARO:3003595	OXA-439	863	52.071379	53.455272	100.000000
E_9-10	ARO:3003596	OXA-440	41	44.339024	51.046341	56.200000
E_9-10	ARO:3003599	OXA-443	104	51.519231	53.066346	69.700000
E_9-10	ARO:3003600	OXA-444	254	47.934646	50.524803	76.300000
E_9-10	ARO:3003602	OXA-446	10	50.980000	43.320000	50.800000
E_9-10	ARO:3003603	OXA-447	11	53.227273	41.545455	45.800000
E_9-10	ARO:3003604	OXA-448	11	50.645455	43.545455	50.800000
E_9-10	ARO:3003605	OXA-449	6	49.383333	42.666667	50.800000
E_9-10	ARO:3003606	OXA-450	22	50.250000	44.804545	52.400000
E_9-10	ARO:3003607	OXA-451	19	50.721053	45.436842	52.400000
E_9-10	ARO:3003608	OXA-452	31	53.538710	44.970968	52.400000
E_9-10	ARO:3003609	OXA-453	29	54.510345	45.520690	52.400000
E_9-10	ARO:3003610	OXA-454	824	87.142840	83.077063	111.000000
E_9-10	ARO:3003611	OXA-455	85	49.382353	49.644706	85.100000
E_9-10	ARO:3003613	OXA-457	101	48.900990	49.345545	82.800000
E_9-10	ARO:3003614	OXA-458	85	47.781176	48.425882	82.800000
E_9-10	ARO:3003615	OXA-459	80	49.223750	48.868750	82.000000
E_9-10	ARO:3003616	OXA-460	34	52.432353	43.600000	52.400000
E_9-10	ARO:3003617	OXA-461	38	52.173684	43.813158	52.400000
E_9-10	ARO:3003620	OXA-464	2965	68.500438	71.686172	110.000000
E_9-10	ARO:3003621	OXA-465	13	49.607692	44.676923	50.800000
E_9-10	ARO:3003622	OXA-466	18	50.566667	44.711111	53.100000
E_9-10	ARO:3003626	OXA-470	317	50.905363	49.579180	70.500000
E_9-10	ARO:3003627	OXA-471	320	51.144687	49.732187	70.500000
E_9-10	ARO:3003628	OXA-472	147	49.955782	50.878912	70.500000
E_9-10	ARO:3003629	OXA-473	311	51.169775	49.622830	70.500000
E_9-10	ARO:3003631	OXA-474	313	51.292013	49.722364	70.500000
E_9-10	ARO:3003632	OXA-475	325	51.267385	49.772923	70.500000
E_9-10	ARO:3003633	OXA-476	349	51.092837	50.042693	70.500000
E_9-10	ARO:3003634	OXA-477	317	51.283912	49.768139	70.500000
E_9-10	ARO:3003635	OXA-478	200	50.913500	47.244000	58.200000
E_9-10	ARO:3003636	OXA-479	323	50.770898	49.510526	70.500000
E_9-10	ARO:3003638	OXA-481	65	46.106154	51.246154	87.800000
E_9-10	ARO:3003639	OXA-482	29	45.017241	50.020690	55.500000
E_9-10	ARO:3003640	OXA-483	19	44.710526	49.673684	55.500000
E_9-10	ARO:3003641	OXA-484	170	53.495294	53.885882	100.000000
E_9-10	ARO:3003642	OXA-485	125	53.696800	57.500000	73.900000
E_9-10	ARO:3003643	OXA-486	235	55.420426	57.663830	85.500000
E_9-10	ARO:3003645	OXA-488	145	52.640690	55.992414	82.800000
E_9-10	ARO:3003648	CTX-M-164	3	55.833333	52.000000	57.400000
E_9-10	ARO:3003649	CTX-M-165	16	67.656250	65.943750	97.100000
E_9-10	ARO:3003650	CTX-M-166	3	55.833333	52.000000	57.400000
E_9-10	ARO:3003652	CMY-132	9	64.077778	60.211111	108.000000
E_9-10	ARO:3003653	CMY-133	1	46.000000	50.400000	50.400000
E_9-10	ARO:3003655	ACT-38	17	70.317647	61.635294	104.000000
E_9-10	ARO:3003657	IMP-49	11	53.990909	56.845455	105.000000
E_9-10	ARO:3003659	IMP-51	5	65.380000	56.500000	107.000000
E_9-10	ARO:3003665	NmcR	1399	51.224875	45.525590	71.600000
E_9-10	ARO:3003670	PEDO-1	93	49.364516	48.380645	85.900000
E_9-10	ARO:3003676	AAC(6')-Ib'	442	94.678281	90.463575	110.000000
E_9-10	ARO:3003677	AAC(6')-Iaj	80	56.485000	55.341250	80.900000
E_9-10	ARO:3003679	TriA	473	54.383087	46.250529	68.600000
E_9-10	ARO:3003680	TriB	130	52.370769	43.016154	64.700000
E_9-10	ARO:3003681	TriC	14413	54.411774	52.153854	94.700000
E_9-10	ARO:3003682	OpmH	1068	50.921910	48.033333	90.100000
E_9-10	ARO:3003689	MCR-1.1	2605	56.020691	56.900077	86.700000
E_9-10	ARO:3003692	MexJ	911	51.789243	46.517783	82.000000
E_9-10	ARO:3003693	MexK	19037	59.339392	56.435347	98.600000
E_9-10	ARO:3003698	mexP	1018	48.753929	45.047151	75.900000
E_9-10	ARO:3003699	mexQ	51797	53.689241	50.087422	88.600000
E_9-10	ARO:3003700	opmE	769	52.332510	42.693758	64.300000
E_9-10	ARO:3003704	mexM	951	47.451840	47.415457	68.600000
E_9-10	ARO:3003705	mexN	30568	54.118503	50.278893	89.400000
E_9-10	ARO:3003712	VEB-16	493	97.420892	98.956389	106.000000
E_9-10	ARO:3003713	VCC-1	21	48.776190	49.166667	62.400000
E_9-10	ARO:3003714	PEDO-2	55	49.370909	45.769091	85.500000
E_9-10	ARO:3003715	PEDO-3	40	50.455000	59.670000	77.400000
E_9-10	ARO:3003716	CPS-1	31	57.900000	60.438710	89.400000
E_9-10	ARO:3003717	ESP-1	38	57.263158	57.068421	85.900000
E_9-10	ARO:3003718	MSI-1	237	45.610970	44.424895	71.600000
E_9-10	ARO:3003719	MSI-OXA	378	52.707937	52.264815	80.100000
E_9-10	ARO:3003720	SPG-1	64	53.643750	51.142187	79.300000
E_9-10	ARO:3003723	vanI	5417	52.037364	48.478106	76.600000
E_9-10	ARO:3003724	vanW_in_vanI_cl	353	50.128329	48.478754	70.100000
E_9-10	ARO:3003725	vanX_in_vanI_cl	336	51.805060	51.459226	95.500000
E_9-10	ARO:3003727	vanK_in_vanI_cl	354	53.907627	54.394350	76.600000
E_9-10	ARO:3003728	vanR_in_vanI_cl	21439	51.293433	49.865292	95.500000
E_9-10	ARO:3003730	Bbif_ileS_MUP	32078	53.274029	57.197391	116.000000
E_9-10	ARO:3003731	fusD	1	50.000000	53.100000	53.100000
E_9-10	ARO:3003733	fusC	1	50.000000	45.100000	45.100000
E_9-10	ARO:3003741	mphE	2776	90.064157	86.909006	112.000000
E_9-10	ARO:3003742	mphG	2011	74.161363	73.711885	119.000000
E_9-10	ARO:3003744	vatF	1978	55.825126	55.066835	100.000000
E_9-10	ARO:3003745	mef(C)	1816	75.185242	71.613436	104.000000
E_9-10	ARO:3003746	optrA	29176	47.706200	47.847786	91.300000
E_9-10	ARO:3003748	oleC	13333	49.976089	52.239376	84.000000
E_9-10	ARO:3003749	salA	10473	42.103371	42.456612	58.900000
E_9-10	ARO:3003762	lnuE	34	57.361765	61.047059	94.000000
E_9-10	ARO:3003767	mphM	332	47.728313	48.804217	65.100000
E_9-10	ARO:3003770	Lmon_mprF	85	47.775294	49.595294	72.400000
E_9-10	ARO:3003772	Bsui_mprF	571	49.311559	50.243082	82.000000
E_9-10	ARO:3003773	Cper_mprF	156	47.130769	47.222436	60.100000
E_9-10	ARO:3003774	Saga_mprF	144	45.549306	45.853472	71.600000
E_9-10	ARO:3003785	Ctra_murA_FOF	2647	52.443370	49.900831	93.600000
E_9-10	ARO:3003793	SPM-1	33	44.384848	48.163636	79.000000
E_9-10	ARO:3003801	bcr-1	2171	50.499263	48.277338	72.000000
E_9-10	ARO:3003811	adeC	3764	52.656243	47.607678	97.400000
E_9-10	ARO:3003835	cdeA	213	46.444601	45.557277	65.900000
E_9-10	ARO:3003836	qacH	289	46.950865	45.753287	64.300000
E_9-10	ARO:3003838	gadW	61	72.442623	69.534426	101.000000
E_9-10	ARO:3003839	Mrx	821	87.989038	79.407186	101.000000
E_9-10	ARO:3003841	kdpE	20355	52.726215	50.895967	111.000000
E_9-10	ARO:3003842	MUS-2	14	47.114286	52.771429	65.100000
E_9-10	ARO:3003843	leuO	862	57.556497	53.920766	108.000000
E_9-10	ARO:3003847	ADC-1	10	62.340000	68.400000	75.100000
E_9-10	ARO:3003848	ADC-2	8	58.487500	61.162500	85.100000
E_9-10	ARO:3003849	ADC-3	7	58.385714	61.371429	85.100000
E_9-10	ARO:3003850	ADC-4	3	69.666667	79.966667	85.100000
E_9-10	ARO:3003851	ADC-5	4	53.525000	55.800000	73.900000
E_9-10	ARO:3003852	ADC-6	2	57.750000	56.600000	75.500000
E_9-10	ARO:3003853	ADC-7	16	50.987500	51.106250	85.100000
E_9-10	ARO:3003854	ADC-8	58	54.094828	58.094828	89.700000
E_9-10	ARO:3003856	ADC-12	22	61.136364	62.118182	79.000000
E_9-10	ARO:3003857	ADC-13	23	62.056522	65.786957	85.100000
E_9-10	ARO:3003858	ADC-14	18	59.150000	63.116667	85.100000
E_9-10	ARO:3003859	ADC-15	33	60.239394	63.648485	83.200000
E_9-10	ARO:3003860	ADC-16	40	61.142500	67.335000	86.300000
E_9-10	ARO:3003861	ADC-17	30	58.726667	63.656667	78.600000
E_9-10	ARO:3003862	ADC-18	15	60.673333	64.633333	79.000000
E_9-10	ARO:3003863	ADC-19	40	59.455000	64.410000	83.200000
E_9-10	ARO:3003864	ADC-20	30	58.700000	60.913333	85.100000
E_9-10	ARO:3003865	ADC-21	37	59.054054	64.562162	86.300000
E_9-10	ARO:3003866	ADC-22	38	60.273684	64.597368	83.200000
E_9-10	ARO:3003867	ADC-23	14	61.057143	65.057143	78.600000
E_9-10	ARO:3003868	ADC-25	12	61.116667	65.400000	75.100000
E_9-10	ARO:3003870	ADC-31	9	64.500000	70.611111	75.100000
E_9-10	ARO:3003871	ADC-39	3	51.200000	50.300000	73.900000
E_9-10	ARO:3003872	ADC-41	23	61.113043	63.139130	85.100000
E_9-10	ARO:3003873	ADC-42	17	58.388235	60.741176	79.000000
E_9-10	ARO:3003874	ADC-43	14	60.428571	64.057143	85.100000
E_9-10	ARO:3003876	ADC-44	17	60.576471	62.488235	78.600000
E_9-10	ARO:3003878	ADC-56	5	66.360000	71.800000	73.200000
E_9-10	ARO:3003879	ADC-61	5	66.360000	71.800000	73.200000
E_9-10	ARO:3003880	ADC-74	3	51.200000	50.300000	73.900000
E_9-10	ARO:3003881	ADC-75	4	66.800000	72.600000	73.200000
E_9-10	ARO:3003882	ADC-76	5	57.940000	58.040000	72.000000
E_9-10	ARO:3003883	ADC-77	1	67.300000	79.300000	79.300000
E_9-10	ARO:3003884	ADC-78	1	65.300000	72.000000	72.000000
E_9-10	ARO:3003885	ADC-79	3	50.966667	49.766667	55.800000
E_9-10	ARO:3003886	ADC-80	1	46.700000	38.100000	38.100000
E_9-10	ARO:3003887	ADC-81	3	67.333333	70.200000	73.900000
E_9-10	ARO:3003888	ADC-82	1	65.300000	72.000000	72.000000
E_9-10	ARO:3003894	Rm3	164	51.373780	49.847561	79.300000
E_9-10	ARO:3003905	ANT(4')-Ib	6	49.650000	53.100000	59.700000
E_9-10	ARO:3003907	cipA	1163	49.381599	47.519433	84.300000
E_9-10	ARO:3003908	Erm(47)	362	47.000276	44.253039	102.000000
E_9-10	ARO:3003918	apmA	438	49.067580	47.124886	75.900000
E_9-10	ARO:3003920	pgpB	227	48.710132	44.947577	73.900000
E_9-10	ARO:3003922	oqxA	2018	48.840486	46.269277	106.000000
E_9-10	ARO:3003923	oqxB	55366	54.364942	51.015407	104.000000
E_9-10	ARO:3003942	abcA	107	48.183178	45.520561	82.000000
E_9-10	ARO:3003948	efrA	24653	48.490143	48.124752	90.100000
E_9-10	ARO:3003949	efrB	31094	48.547128	48.626999	93.200000
E_9-10	ARO:3003950	msbA	19902	53.926118	53.197176	104.000000
E_9-10	ARO:3003952	YojI	3280	51.506433	47.938140	108.000000
E_9-10	ARO:3003953	hmrM	923	51.415493	51.261538	77.000000
E_9-10	ARO:3003954	efmA	499	46.764128	46.874950	81.300000
E_9-10	ARO:3003955	efpA	1359	53.396394	53.190581	99.400000
E_9-10	ARO:3003961	farA	3343	58.506252	58.708166	85.100000
E_9-10	ARO:3003962	farB	5466	53.523857	56.669045	97.800000
E_9-10	ARO:3003964	hp1181	2808	52.746118	49.675107	76.300000
E_9-10	ARO:3003967	lfrA	1507	51.777638	48.184738	81.300000
E_9-10	ARO:3003969	lmrP	6	45.700000	39.966667	40.800000
E_9-10	ARO:3003971	Erm(44)v	50	53.174000	52.138000	73.900000
E_9-10	ARO:3003980	tetA(58)	14921	50.524817	51.681818	92.400000
E_9-10	ARO:3003981	tetB(58)	446	51.630942	47.976457	87.800000
E_9-10	ARO:3003982	LlmA_23S_CLI	9924	56.159190	57.747168	91.300000
E_9-10	ARO:3003983	CatU	386	54.741969	57.906995	79.700000
E_9-10	ARO:3003984	BahA	62	57.161290	59.691935	92.800000
E_9-10	ARO:3003986	TaeA	34058	48.716727	48.299254	95.900000
E_9-10	ARO:3003987	VatI	2296	57.270601	53.044207	90.500000
E_9-10	ARO:3003988	AAC(2')-IIb	6	50.700000	46.000000	55.800000
E_9-10	ARO:3003989	AAC(6')-34	17	44.441176	49.764706	68.900000
E_9-10	ARO:3003990	vgbC	23	48.973913	41.478261	48.100000
E_9-10	ARO:3003991	mphI	377	49.727851	52.340584	66.200000
E_9-10	ARO:3003992	rphB	7230	56.295615	52.875145	98.200000
E_9-10	ARO:3003994	cpaA	1	43.200000	37.400000	37.400000
E_9-10	ARO:3004032	tetA(46)	9234	45.676749	45.437340	84.000000
E_9-10	ARO:3004033	tetB(46)	19779	50.042429	50.312594	84.000000
E_9-10	ARO:3004035	tetA(60)	8816	49.452609	44.413441	70.100000
E_9-10	ARO:3004036	tetB(60)	21447	50.847526	50.003436	81.600000
E_9-10	ARO:3004038	Paer_emrE	1157	52.515557	51.557822	72.800000
E_9-10	ARO:3004039	Ecol_emrE	1452	51.935055	49.087948	103.000000
E_9-10	ARO:3004041	Kpne_acrA	5009	54.892933	52.780635	103.000000
E_9-10	ARO:3004042	Eclo_acrA	6652	56.198903	53.323497	102.000000
E_9-10	ARO:3004043	Ecol_acrA	7031	55.627293	53.261840	101.000000
E_9-10	ARO:3004047	kdpD	2519	49.644541	50.134855	80.100000
E_9-10	ARO:3004054	Paer_CpxR	17609	54.706247	51.652104	97.400000
E_9-10	ARO:3004063	EdeQ	29	50.003448	50.368966	69.700000
E_9-10	ARO:3004072	OpmB	2866	52.427809	46.595045	82.000000
E_9-10	ARO:3004073	MuxA	2484	52.320773	48.431965	74.300000
E_9-10	ARO:3004074	MuxB	32366	57.977035	54.686090	91.700000
E_9-10	ARO:3004075	MuxC	35458	56.247448	51.590169	87.400000
E_9-10	ARO:3004077	PmpM	1249	52.354203	49.905524	101.000000
E_9-10	ARO:3004085	lnuG	463	66.790065	67.042549	96.700000
E_9-10	ARO:3004086	APH(3')-VIIIb	24	49.495833	49.304167	73.900000
E_9-10	ARO:3004087	APH(3')-IXa	24	50.145833	48.850000	66.600000
E_9-10	ARO:3004089	ANT(3'')-IIa	54	61.305556	58.840741	105.000000
E_9-10	ARO:3004090	ANT(3'')-IIb	59	59.179661	55.677966	95.900000
E_9-10	ARO:3004091	ANT(3'')-IIc	70	60.850000	56.750000	102.000000
E_9-10	ARO:3004092	HMB-1	6	50.366667	56.150000	64.300000
E_9-10	ARO:3004094	Erm(48)	65	54.144615	50.949231	70.100000
E_9-10	ARO:3004099	LpeA	166	48.911446	45.509036	71.600000
E_9-10	ARO:3004100	LpeB	29541	51.328909	48.207288	84.700000
E_9-10	ARO:3004102	kamB	2	51.050000	45.400000	48.100000
E_9-10	ARO:3004103	QepA2	1114	49.153321	47.083662	85.900000
E_9-10	ARO:3004105	TMB-1	15	55.753333	52.206667	79.000000
E_9-10	ARO:3004106	TMB-2	14	56.150000	51.528571	78.200000
E_9-10	ARO:3004107	Paer_soxR	171	59.992398	56.476023	81.300000
E_9-10	ARO:3004110	MCR-2.1	2582	56.224671	59.145043	89.000000
E_9-10	ARO:3004111	FosA6	66	63.430303	61.530303	109.000000
E_9-10	ARO:3004113	FosA7	79	58.596203	58.436709	90.900000
E_9-10	ARO:3004122	Kpne_OmpK37	432	70.642130	70.256944	108.000000
E_9-10	ARO:3004123	Bpse_Omp38	503	56.151690	43.613917	69.300000
E_9-10	ARO:3004139	MCR-3.1	990	53.252727	56.152626	114.000000
E_9-10	ARO:3004142	OprZ	6241	56.736324	49.747717	73.200000
E_9-10	ARO:3004143	AxyX	1973	53.439078	50.261581	93.600000
E_9-10	ARO:3004144	AxyY	47198	56.162488	52.621920	90.900000
E_9-10	ARO:3004146	cfrC	3113	46.641696	46.342467	82.000000
E_9-10	ARO:3004185	mecD	1265	46.408854	42.310040	58.200000
E_9-10	ARO:3004189	Bla2	11	44.318182	46.581818	61.200000
E_9-10	ARO:3004191	APH(2'')-If	93	79.804301	78.646237	104.000000
E_9-10	ARO:3004194	MCR-1.2	3085	55.861848	56.350632	86.700000
E_9-10	ARO:3004213	GOB-18	81	51.771605	46.313580	81.600000
E_9-10	ARO:3004239	NPS-1	1168	64.464897	66.485445	113.000000
E_9-10	ARO:3004253	vanU_in_vanG_cl	218	58.396330	48.936239	67.000000
E_9-10	ARO:3004254	vanV_in_vanB_cl	1	56.100000	53.100000	53.100000
E_9-10	ARO:3004289	Vcho_varG	6	44.233333	40.116667	43.100000
E_9-10	ARO:3004290	Ecol_ampC_BLA	137	69.509489	69.560584	108.000000
E_9-10	ARO:3004291	Rsph_ampC_BLA	76	50.282895	46.676316	68.200000
E_9-10	ARO:3004294	BUT-1	113	51.033628	51.940708	89.400000
E_9-10	ARO:3004325	MCR-4.1	2080	54.707837	59.088462	94.000000
E_9-10	ARO:3004332	MCR-5.1	3065	57.341794	58.729560	111.000000
E_9-10	ARO:3004336	PDC-73	57	65.159649	55.287719	80.500000
E_9-10	ARO:3004338	PDC-75	29	63.796552	48.072414	80.500000
E_9-10	ARO:3004339	PDC-76	20	57.240000	53.180000	80.500000
E_9-10	ARO:3004340	PDC-77	54	65.453704	54.785185	80.500000
E_9-10	ARO:3004341	PDC-78	55	64.981818	54.510909	80.500000
E_9-10	ARO:3004342	PDC-79	59	64.206780	53.940678	80.500000
E_9-10	ARO:3004343	PDC-80	4	51.150000	47.750000	54.700000
E_9-10	ARO:3004344	PDC-81	59	64.422034	54.705085	80.500000
E_9-10	ARO:3004345	PDC-82	64	65.803125	56.195312	80.500000
E_9-10	ARO:3004346	PDC-83	51	66.382353	55.394118	80.500000
E_9-10	ARO:3004347	PDC-84	16	58.362500	52.362500	80.500000
E_9-10	ARO:3004348	PDC-85	44	67.040909	56.029545	80.500000
E_9-10	ARO:3004349	PDC-86	2	71.350000	57.950000	62.800000
E_9-10	ARO:3004350	PDC-87	16	60.125000	56.287500	80.500000
E_9-10	ARO:3004351	PDC-88	35	61.582857	47.654286	80.100000
E_9-10	ARO:3004352	PDC-89	77	64.855844	53.650649	80.100000
E_9-10	ARO:3004353	PDC-90	36	61.033333	47.461111	80.100000
E_9-10	ARO:3004354	PDC-91	40	59.897500	47.432500	80.100000
E_9-10	ARO:3004355	PDC-92	71	65.425352	53.329577	80.100000
E_9-10	ARO:3004356	PDC-93	43	67.830233	56.160465	80.100000
E_9-10	ARO:3004357	catV	493	56.899189	60.260243	81.600000
E_9-10	ARO:3004359	ACI-1	34	52.970588	56.138235	110.000000
E_9-10	ARO:3004361	sul4	6238	53.448718	51.100834	110.000000
E_9-10	ARO:3004362	OXA-535	248	51.585484	50.908468	107.000000
E_9-10	ARO:3004364	almG	6	42.500000	39.866667	42.400000
E_9-10	ARO:3004379	QepA4	1181	49.375529	47.038611	86.300000
E_9-10	ARO:3004441	tet(59)	3567	50.417045	49.403729	90.100000
E_9-10	ARO:3004442	tet(W/N/W)	24659	54.159151	49.133809	113.000000
E_9-10	ARO:3004444	RSA1-1	142	91.426761	85.471127	103.000000
E_9-10	ARO:3004450	TRU-1	87	61.450575	57.594253	90.900000
E_9-10	ARO:3004451	Afab_ACT_CHL	2875	56.770052	56.124417	101.000000
E_9-10	ARO:3004452	Acla_ACT_CHL	92	46.603261	51.397826	91.700000
E_9-10	ARO:3004454	Ccol_ACT_CHL	475	56.466526	60.308211	110.000000
E_9-10	ARO:3004455	Ssui_ACT_CHL	304	49.253618	55.200658	77.000000
E_9-10	ARO:3004456	Efac_ACT_CHL	319	51.473354	56.747649	77.400000
E_9-10	ARO:3004457	Sint_ACT_CHL	328	51.833537	58.637195	75.900000
E_9-10	ARO:3004458	Efae_ACT_CHL	320	50.699687	58.215000	74.700000
E_9-10	ARO:3004460	Vang_ACT_CHL	449	53.792650	57.875724	98.600000
E_9-10	ARO:3004463	EBR-2	24	52.062500	60.750000	72.400000
E_9-10	ARO:3004464	CFE-2	14	63.864286	63.800000	80.900000
E_9-10	ARO:3004466	ICR-Mc	1191	56.655751	53.906549	90.500000
E_9-10	ARO:3004470	poxtA	13519	46.468030	46.040935	97.800000
E_9-10	ARO:3004476	vmlR	12349	48.375617	48.955284	72.800000
E_9-10	ARO:3004478	OXA-665	36	52.927778	57.047222	90.500000
E_9-10	ARO:3004479	OXA-664	37	62.589189	64.305405	106.000000
E_9-10	ARO:3004480	Bado_rpoB_RIF	117291	64.971284	67.178485	111.000000
E_9-10	ARO:3004489	OXA-663	960	86.461979	86.119063	111.000000
E_9-10	ARO:3004493	ADC-68	9	48.088889	46.688889	60.500000
E_9-10	ARO:3004494	IMP-55	12	98.816667	100.116667	110.000000
E_9-10	ARO:3004495	IMP-56	9	57.322222	60.744444	105.000000
E_9-10	ARO:3004496	KPC-24	2	100.000000	102.000000	102.000000
E_9-10	ARO:3004498	dfrB4	200	72.956500	64.890000	108.000000
E_9-10	ARO:3004500	MCR-3.11	1565	53.110927	56.730160	114.000000
E_9-10	ARO:3004501	MCR-6.1	2125	56.064706	58.707247	88.200000
E_9-10	ARO:3004502	MCR-2.2	2600	56.180500	59.121654	89.000000
E_9-10	ARO:3004503	MCR-3.6	1925	53.846909	57.801091	113.000000
E_9-10	ARO:3004504	MCR-3.10	910	55.815824	57.179560	114.000000
E_9-10	ARO:3004505	MCR-3.5	1779	55.408038	58.858404	114.000000
E_9-10	ARO:3004506	MCR-1.10	3133	55.642451	56.405969	86.700000
E_9-10	ARO:3004507	MCR-1.9	2630	55.107414	54.299886	84.000000
E_9-10	ARO:3004508	MCR-3.9	725	56.882207	57.803862	114.000000
E_9-10	ARO:3004509	MCR-3.8	1762	54.479569	58.123383	114.000000
E_9-10	ARO:3004510	MCR-3.7	769	55.868791	58.493108	113.000000
E_9-10	ARO:3004511	MCR-3.2	1047	53.361987	56.584623	114.000000
E_9-10	ARO:3004513	MCR-1.6	2930	55.774130	56.474846	86.700000
E_9-10	ARO:3004514	MCR-1.3	2875	55.807026	56.525113	86.700000
E_9-10	ARO:3004515	MCR-1.4	2862	55.860377	56.810552	86.700000
E_9-10	ARO:3004516	MCR-8.1	3056	53.011976	55.480170	91.300000
E_9-10	ARO:3004517	MCR-7.1	1775	53.190479	57.127606	111.000000
E_9-10	ARO:3004539	mphH	414	49.963768	49.827778	68.200000
E_9-10	ARO:3004541	mphK	361	46.543213	50.303324	75.500000
E_9-10	ARO:3004542	mphN	88	45.377273	52.318182	68.200000
E_9-10	ARO:3004543	mphO	318	45.159119	45.298428	65.500000
E_9-10	ARO:3004544	mphJ	360	51.201944	54.133333	71.200000
E_9-10	ARO:3004547	dfrA6	816	48.188480	46.634191	90.500000
E_9-10	ARO:3004548	dfrA9	1691	51.615376	51.249379	69.300000
E_9-10	ARO:3004549	dfrB5	158	81.188608	68.596203	110.000000
E_9-10	ARO:3004550	dfrA27	423	59.622222	58.937825	104.000000
E_9-10	ARO:3004551	dfrA28	425	59.198824	58.675294	104.000000
E_9-10	ARO:3004552	dfrA30	634	55.153628	52.968139	103.000000
E_9-10	ARO:3004554	dfrA29	873	53.568156	49.686712	103.000000
E_9-10	ARO:3004555	dfrA32	363	59.775482	60.930303	106.000000
E_9-10	ARO:3004556	dfrB7	154	79.519481	68.228571	108.000000
E_9-10	ARO:3004559	CAM-1	48	55.500000	61.387500	79.300000
E_9-10	ARO:3004568	dfrA18	2364	52.035829	49.307530	68.900000
E_9-10	ARO:3004569	ICR-Mo	2398	60.008966	62.411093	100.000000
E_9-10	ARO:3004571	PNGM-1	90	48.216667	50.946667	69.300000
E_9-10	ARO:3004572	Saur_LmrS	402	41.488060	42.627861	63.900000
E_9-10	ARO:3004573	Abau_AbaF	2826	49.616100	51.405697	105.000000
E_9-10	ARO:3004574	Abau_AbaQ	1094	53.973675	57.040219	104.000000
E_9-10	ARO:3004577	Abau_AmvA	1010	49.103168	49.559109	80.500000
E_9-10	ARO:3004580	Kpne_KpnE	432	42.896759	41.786574	90.900000
E_9-10	ARO:3004581	tet(48)	157	53.447134	54.196178	89.400000
E_9-10	ARO:3004582	tet(49)	185	56.388649	56.823243	93.200000
E_9-10	ARO:3004583	Kpne_KpnF	93	62.021505	59.145161	92.800000
E_9-10	ARO:3004584	tet(50)	138	57.632609	56.750000	90.500000
E_9-10	ARO:3004586	tet(51)	187	56.043850	56.524064	94.000000
E_9-10	ARO:3004587	tet(52)	234	55.300000	53.973932	85.900000
E_9-10	ARO:3004588	Kpne_KpnG	2649	59.419253	59.138920	104.000000
E_9-10	ARO:3004589	tet(53)	142	64.034507	64.229577	102.000000
E_9-10	ARO:3004590	tet(54)	190	56.609474	56.131053	89.700000
E_9-10	ARO:3004591	tet(55)	113	56.647788	55.862832	80.100000
E_9-10	ARO:3004592	erm(32)	152	49.215789	45.202632	60.100000
E_9-10	ARO:3004595	erm(45)	623	47.161156	43.838202	75.500000
E_9-10	ARO:3004596	erm(46)	39	62.312821	64.138462	88.600000
E_9-10	ARO:3004597	Kpne_KpnH	5355	55.590047	57.978880	114.000000
E_9-10	ARO:3004599	clcD	1708	47.654508	46.280913	87.000000
E_9-10	ARO:3004600	LnuH	783	79.839464	75.343295	108.000000
E_9-10	ARO:3004601	LnuP	99	60.537374	61.289899	100.000000
E_9-10	ARO:3004603	tet(56)	132	57.442424	59.116667	94.400000
E_9-10	ARO:3004605	ermZ	1	46.000000	39.700000	39.700000
E_9-10	ARO:3004606	erm(40)	74	57.987838	56.517568	98.600000
E_9-10	ARO:3004608	EreD	811	79.783354	78.774353	112.000000
E_9-10	ARO:3004613	tet(47)	212	56.022170	56.614623	90.900000
E_9-10	ARO:3004615	ADC-11	10	55.530000	55.120000	73.900000
E_9-10	ARO:3004617	ADC-30	10	63.970000	69.520000	75.100000
E_9-10	ARO:3004618	ADC-58	15	64.333333	69.200000	86.700000
E_9-10	ARO:3004619	ADC-59	11	62.190909	67.572727	75.100000
E_9-10	ARO:3004620	ADC-60	10	63.970000	69.520000	75.100000
E_9-10	ARO:3004621	AAC(3)-IIe	57	62.552632	59.584211	107.000000
E_9-10	ARO:3004622	QnrS10	64	79.392188	65.489063	96.700000
E_9-10	ARO:3004623	AAC(3)-IId	59	64.013559	59.677966	111.000000
E_9-10	ARO:3004624	QnrS11	90	76.526667	67.621111	96.700000
E_9-10	ARO:3004625	QnrS12	47	83.187234	66.236170	96.700000
E_9-10	ARO:3004626	Erm(49)	2102	45.247050	44.039201	60.500000
E_9-10	ARO:3004627	QnrS15	64	79.995313	66.100000	96.700000
E_9-10	ARO:3004628	AAC(2')-IIa	2	62.600000	57.800000	63.200000
E_9-10	ARO:3004629	AAC(6')-Im	60	59.856667	60.463333	88.200000
E_9-10	ARO:3004632	ADC-62	10	63.450000	70.440000	75.100000
E_9-10	ARO:3004633	ADC-67	9	64.500000	70.611111	75.100000
E_9-10	ARO:3004634	ADC-73	9	64.500000	70.611111	75.100000
E_9-10	ARO:3004635	AAC(6')-Il	26	73.092308	73.688462	107.000000
E_9-10	ARO:3004636	qnrE1	9	55.911111	46.822222	63.200000
E_9-10	ARO:3004637	qnrE2	8	57.575000	47.137500	63.200000
E_9-10	ARO:3004638	AAC(6')-I-48	55	50.807273	48.167273	65.100000
E_9-10	ARO:3004639	Cstr_tetA	12925	51.368820	44.087714	64.300000
E_9-10	ARO:3004640	dfrA15b	651	58.200461	56.660676	108.000000
E_9-10	ARO:3004641	AAC(6')-I-43	87	53.232184	53.571264	108.000000
E_9-10	ARO:3004642	dfrA3b	3	45.033333	44.433333	48.900000
E_9-10	ARO:3004643	Erm(K)	223	43.065919	41.286547	53.100000
E_9-10	ARO:3004644	Pmir_dfrA6	594	49.190572	48.873401	93.600000
E_9-10	ARO:3004645	dfrI	4202	53.179819	52.854165	82.800000
E_9-10	ARO:3004647	AQU-2	166	66.573494	71.810241	102.000000
E_9-10	ARO:3004648	AQU-3	83	71.466265	76.471084	102.000000
E_9-10	ARO:3004649	cfr(B)	1773	47.543768	46.238917	87.000000
E_9-10	ARO:3004651	lin	23428	47.851502	45.159040	68.200000
E_9-10	ARO:3004652	Erm(O)-lrm	47	45.536170	39.772340	51.200000
E_9-10	ARO:3004655	nimB	662	60.325680	62.371299	92.400000
E_9-10	ARO:3004656	Ecol_catII	335	50.904179	53.334328	73.900000
E_9-10	ARO:3004657	catA4	308	50.937013	55.533766	79.000000
E_9-10	ARO:3004658	catA8	339	50.107670	57.028909	77.800000
E_9-10	ARO:3004659	Mef(En2)	809	51.891718	49.133869	109.000000
E_9-10	ARO:3004660	catB11	2130	61.306432	62.373756	111.000000
E_9-10	ARO:3004661	Saur_FosB	17	51.982353	40.970588	46.200000
E_9-10	ARO:3004662	MCR-3.3	1659	53.877095	57.488728	114.000000
E_9-10	ARO:3004663	FusF	2	54.400000	54.300000	58.200000
E_9-10	ARO:3004665	cmlA8	1721	69.797269	65.620918	107.000000
E_9-10	ARO:3004666	pexA	65	54.067692	56.735385	85.500000
E_9-10	ARO:3004667	Saur_norA	250	46.198000	41.830000	66.200000
E_9-10	ARO:3004668	QnrAS	114	72.369298	75.561404	97.400000
E_9-10	ARO:3004669	emtA	15	47.680000	43.380000	49.300000
E_9-10	ARO:3004670	FosB1	9	49.922222	41.155556	45.400000
E_9-10	ARO:3004671	FosB4	9	49.922222	40.900000	45.400000
E_9-10	ARO:3004672	FosB5	9	49.400000	40.600000	45.400000
E_9-10	ARO:3004673	FosB6	8	49.412500	40.137500	45.800000
E_9-10	ARO:3004674	FosD	17	55.300000	41.011765	46.200000
E_9-10	ARO:3004675	aphA15	76	90.092105	83.323684	107.000000
E_9-10	ARO:3004677	rmtD2	10	42.390000	43.810000	55.800000
E_9-10	ARO:3004678	rmtE	13	46.976923	42.546154	47.800000
E_9-10	ARO:3004679	rmtE2	13	46.976923	42.546154	47.800000
E_9-10	ARO:3004680	APH(3')-VIIIa	83	51.725301	52.595181	65.900000
E_9-10	ARO:3004682	aadA27	70	61.335714	57.761429	105.000000
E_9-10	ARO:3004683	aadS	587	96.506303	94.863203	115.000000
E_9-10	ARO:3004684	MCR-9.1	2110	53.750047	57.561659	90.100000
E_9-10	ARO:3004685	MCR-1.5	3140	56.155127	56.402070	86.700000
E_9-10	ARO:3004686	MCR-1.7	3210	55.950841	56.449938	86.700000
E_9-10	ARO:3004687	MCR-1.8	3173	55.947810	56.405169	86.700000
E_9-10	ARO:3004689	MCR-1.12	3186	55.933427	56.408977	86.700000
E_9-10	ARO:3004690	MCR-1.13	3150	55.946222	56.389206	86.700000
E_9-10	ARO:3004691	MCR-3.4	1599	53.136585	56.705128	114.000000
E_9-10	ARO:3004692	aadA10	1273	75.451453	76.924116	107.000000
E_9-10	ARO:3004693	MCR-3.12	1076	55.654833	57.883550	113.000000
E_9-10	ARO:3004694	MCR-4.2	2243	54.523362	58.729960	94.000000
E_9-10	ARO:3004695	MCR-4.3	2088	54.743870	59.244397	94.000000
E_9-10	ARO:3004696	MCR-4.4	2207	54.484096	58.858722	94.000000
E_9-10	ARO:3004697	MCR-4.5	2195	54.493622	58.843690	94.000000
E_9-10	ARO:3004698	MCR-5.2	3077	57.401625	58.715730	111.000000
E_9-10	ARO:3004699	sta	9	48.988889	41.777778	49.300000
E_9-10	ARO:3004704	aadA8b	1451	85.489456	82.481323	110.000000
E_9-10	ARO:3004715	Scoh_vga(E)	18825	47.842762	46.586444	71.200000
E_9-10	ARO:3004719	tet(X3)	379	69.625594	62.037731	105.000000
E_9-10	ARO:3004720	tet(X4)	442	70.352715	62.373529	112.000000
E_9-10	ARO:3004730	tva(A)	8272	46.418919	41.490631	65.100000
E_9-10	ARO:3004734	ARL-1	5	39.980000	40.500000	50.100000
E_9-10	ARO:3004735	ARL-2	7	38.914286	39.928571	50.100000
E_9-10	ARO:3004736	ARL-3	7	38.800000	39.985714	50.100000
E_9-10	ARO:3004737	ARL-4	7	38.800000	39.985714	50.100000
E_9-10	ARO:3004738	ARL-5	7	38.500000	39.871429	49.700000
E_9-10	ARO:3004739	ARL-6	5	39.980000	40.500000	50.100000
E_9-10	ARO:3004740	AST-1	72	52.162500	51.101389	74.300000
E_9-10	ARO:3004745	MIR-23	25	72.740000	70.496000	106.000000
E_9-10	ARO:3004747	BAT-1	337	53.378338	58.394659	89.400000
E_9-10	ARO:3004749	BCL-1	37	58.681081	61.056757	80.100000
E_9-10	ARO:3004751	BES-1	73	57.234247	58.283562	99.000000
E_9-10	ARO:3004753	BIC-1	54	54.074074	58.048148	74.700000
E_9-10	ARO:3004757	BKC-1	80	54.737500	54.490000	73.600000
E_9-10	ARO:3004759	BPU-1	451	50.703769	55.915743	85.500000
E_9-10	ARO:3004761	BRO-1	18	50.444444	52.377778	58.200000
E_9-10	ARO:3004762	BRO-2	18	50.444444	52.377778	58.200000
E_9-10	ARO:3004764	CBP-1	28	52.214286	57.400000	90.100000
E_9-10	ARO:3004766	CGA-1	505	60.789901	64.043762	85.100000
E_9-10	ARO:3004768	CIA-1	434	59.541705	60.932258	82.800000
E_9-10	ARO:3004769	CIA-2	422	59.153318	60.592654	82.800000
E_9-10	ARO:3004770	CIA-3	423	59.056265	60.110402	82.800000
E_9-10	ARO:3004771	CIA-4	427	59.364637	60.769555	82.800000
E_9-10	ARO:3004773	CKO-1	624	59.232692	59.933974	75.900000
E_9-10	ARO:3004775	CME-1	434	61.339631	62.969585	87.400000
E_9-10	ARO:3004777	CMH-1	20	71.865000	75.650000	103.000000
E_9-10	ARO:3004778	CMY-135	2	35.400000	40.400000	42.700000
E_9-10	ARO:3004780	DES-1	375	65.570400	65.826667	102.000000
E_9-10	ARO:3004782	ERP-1	111	51.966667	50.275676	73.200000
E_9-10	ARO:3004784	FAR-1	74	55.258108	53.910811	73.900000
E_9-10	ARO:3004786	FIM-1	1	45.800000	47.800000	47.800000
E_9-10	ARO:3004788	FONA-1	20	72.695000	73.110000	109.000000
E_9-10	ARO:3004789	FONA-2	23	67.304348	66.013043	109.000000
E_9-10	ARO:3004790	FONA-3	31	67.051613	66.196774	109.000000
E_9-10	ARO:3004791	FONA-4	20	72.695000	73.110000	109.000000
E_9-10	ARO:3004792	FONA-5	20	72.600000	71.475000	109.000000
E_9-10	ARO:3004793	FONA-6	33	65.760606	65.581818	109.000000
E_9-10	ARO:3004795	FPH-1	1	55.600000	47.000000	47.000000
E_9-10	ARO:3004797	FRI-1	11	47.863636	48.490909	59.700000
E_9-10	ARO:3004798	FRI-2	17	52.235294	48.194118	60.100000
E_9-10	ARO:3004799	FRI-3	16	51.812500	48.187500	60.100000
E_9-10	ARO:3004801	FTU-1	3	49.766667	47.900000	52.400000
E_9-10	ARO:3004802	GOB-10	51	52.507843	52.378431	71.600000
E_9-10	ARO:3004803	GOB-11	27	54.614815	50.451852	76.600000
E_9-10	ARO:3004804	GOB-12	62	55.104839	53.662903	76.600000
E_9-10	ARO:3004805	GOB-13	30	54.120000	52.266667	76.600000
E_9-10	ARO:3004806	GOB-14	30	54.120000	52.266667	76.600000
E_9-10	ARO:3004807	GOB-15	23	55.730435	53.004348	76.600000
E_9-10	ARO:3004808	GOB-16	56	55.876786	54.394643	83.600000
E_9-10	ARO:3004809	GOB-2	70	49.702857	44.488571	73.600000
E_9-10	ARO:3004810	GOB-3	54	52.916667	51.977778	80.100000
E_9-10	ARO:3004811	GOB-4	52	53.888462	53.153846	75.500000
E_9-10	ARO:3004812	GOB-5	48	54.241667	54.556250	75.500000
E_9-10	ARO:3004813	GOB-6	102	51.539216	47.929412	75.500000
E_9-10	ARO:3004814	GOB-7	37	56.086486	50.516216	81.300000
E_9-10	ARO:3004815	GOB-8	45	51.508889	50.837778	68.600000
E_9-10	ARO:3004816	GOB-9	48	51.768750	50.941667	68.600000
E_9-10	ARO:3004823	IMP-52	32	81.890625	76.437500	115.000000
E_9-10	ARO:3004825	LAP-1	124	61.163710	59.458065	72.400000
E_9-10	ARO:3004826	LAP-2	122	61.460656	59.764754	72.400000
E_9-10	ARO:3004827	LEN-35	3	73.333333	70.433333	100.000000
E_9-10	ARO:3004828	LEN-36	4	60.000000	63.425000	71.200000
E_9-10	ARO:3004829	LEN-37	6	82.500000	85.100000	101.000000
E_9-10	ARO:3004837	OXA-724	186	64.709677	65.353226	114.000000
E_9-10	ARO:3004838	LEN-30	4	79.350000	73.825000	100.000000
E_9-10	ARO:3004839	LEN-32	3	86.800000	82.700000	101.000000
E_9-10	ARO:3004840	LEN-34	3	87.066667	80.833333	100.000000
E_9-10	ARO:3004841	LEN-38	25	50.696000	54.060000	71.200000
E_9-10	ARO:3004842	LEN-39	6	60.250000	63.383333	71.200000
E_9-10	ARO:3004843	LEN-40	2	60.000000	71.200000	71.200000
E_9-10	ARO:3004844	LEN-41	6	66.916667	72.866667	100.000000
E_9-10	ARO:3004845	LEN-42	7	64.314286	67.185714	100.000000
E_9-10	ARO:3004846	LEN-43	7	64.314286	67.185714	100.000000
E_9-10	ARO:3004847	LEN-51	4	94.400000	92.225000	101.000000
E_9-10	ARO:3004848	LEN-55	4	93.750000	92.050000	101.000000
E_9-10	ARO:3004849	LEN-58	5	79.000000	81.920000	100.000000
E_9-10	ARO:3004856	SCO-1	646	57.202477	60.330650	80.100000
E_9-10	ARO:3004870	NDM-27	1	53.600000	38.100000	38.100000
E_9-10	ARO:3005006	tet(57)	3294	51.956497	49.254979	90.900000
E_9-10	ARO:3005008	TxR	21436	54.674202	54.906214	84.000000
E_9-10	ARO:3005009	qacE	2137	72.469490	63.967525	100.000000
E_9-10	ARO:3005010	qacEdelta1	2171	76.429111	66.357946	107.000000
E_9-10	ARO:3005012	IDC-1	278	61.113309	57.074101	109.000000
E_9-10	ARO:3005013	IDC-2	231	58.892641	55.793074	105.000000
E_9-10	ARO:3005015	VMB-1	47	51.534043	58.242553	79.300000
E_9-10	ARO:3005016	CMY-150	33	46.400000	56.915152	106.000000
E_9-10	ARO:3005018	LMB-1	81	49.479012	49.639506	73.200000
E_9-10	ARO:3005019	IMP-68	5	74.300000	59.900000	87.800000
E_9-10	ARO:3005021	cfr(D)	1250	49.268320	47.458960	80.500000
E_9-10	ARO:3005023	cfrE	1881	49.165019	47.218979	85.500000
E_9-10	ARO:3005024	FosL1	73	58.671233	58.772603	77.400000
E_9-10	ARO:3005027	FRI-4	17	50.723529	51.258824	67.400000
E_9-10	ARO:3005028	FRI-5	26	46.665385	46.619231	58.900000
E_9-10	ARO:3005029	FRI-6	21	53.542857	56.276190	71.200000
E_9-10	ARO:3005030	FRI-7	21	53.542857	56.276190	71.200000
E_9-10	ARO:3005031	FRI-8	13	46.323077	45.200000	58.900000
E_9-10	ARO:3005032	FRI-9	13	47.776923	48.546154	63.200000
E_9-10	ARO:3005033	FLC-1	12	45.908333	45.366667	58.900000
E_9-10	ARO:3005035	YRC-1	55	62.047273	63.601818	100.000000
E_9-10	ARO:3005036	BLMT	7	53.657143	60.742857	69.700000
E_9-10	ARO:3005038	PDC-65	11	55.163636	49.436364	63.200000
E_9-10	ARO:3005039	PDC-55	2	69.200000	41.600000	41.600000
E_9-10	ARO:3005040	YajC	1400	52.937071	53.043857	100.000000
E_9-10	ARO:3005043	cmlA9	1608	59.161878	56.005970	107.000000
E_9-10	ARO:3005044	OmpA	2056	55.254961	50.501508	110.000000
E_9-10	ARO:3005045	SatA	55	55.527273	59.014545	75.500000
E_9-10	ARO:3005046	MecI_rep	44	41.256818	42.004545	51.600000
E_9-10	ARO:3005047	eptB	311	68.741158	70.365916	113.000000
E_9-10	ARO:3005049	CrcB	31	54.825806	53.890323	70.900000
E_9-10	ARO:3005051	LpsB	1625	55.460615	53.077969	112.000000
E_9-10	ARO:3005052	LpsA	7	46.514286	45.314286	59.300000
E_9-10	ARO:3005053	ArnT	528	58.264015	57.460985	113.000000
E_9-10	ARO:3005056	tet(X6)	399	68.123308	61.283459	112.000000
E_9-10	ARO:3005057	tet(X5)	428	69.277570	61.525935	112.000000
E_9-10	ARO:3005059	LptD	1831	54.802949	56.790060	113.000000
E_9-10	ARO:3005060	OXA-837	127	50.188189	52.031496	78.600000
E_9-10	ARO:3005061	AAC(3)-IVb	63	58.301587	51.423810	78.600000
E_9-10	ARO:3005062	ANT(3'')-Ib	135	50.608148	54.004444	75.100000
E_9-10	ARO:3005063	cprR	23063	48.299705	47.101474	75.500000
E_9-10	ARO:3005064	cprS	10	41.360000	43.790000	49.700000
E_9-10	ARO:3005067	ParS	2155	49.574896	48.037865	79.000000
E_9-10	ARO:3005068	ParR	15426	47.752269	47.863899	79.000000
E_9-10	ARO:3005069	rsmA	1985	51.373652	49.062771	95.900000
E_9-10	ARO:3005072	ROB-13	64	47.323437	44.660937	70.100000
E_9-10	ARO:3005073	ROB-3	64	47.323437	44.660937	70.100000
E_9-10	ARO:3005074	ROB-4	64	47.323437	44.660937	70.100000
E_9-10	ARO:3005075	ROB-5	65	47.327692	45.056923	70.100000
E_9-10	ARO:3005076	ROB-6	63	47.998413	44.928571	70.100000
E_9-10	ARO:3005077	ROB-7	66	47.409091	44.813636	70.100000
E_9-10	ARO:3005078	ROB-8	63	47.998413	44.928571	70.100000
E_9-10	ARO:3005079	ROB-2	62	46.850000	43.840323	60.100000
E_9-10	ARO:3005080	ROB-10	64	47.323437	44.660937	70.100000
E_9-10	ARO:3005084	dfrA31	851	47.848061	47.177908	91.700000
E_9-10	ARO:3005085	AAC(3)-IIg	42	60.733333	56.885714	90.500000
E_9-10	ARO:3005087	msrF	14409	47.843667	48.231855	75.900000
E_9-10	ARO:3005088	msrH	16495	48.096508	47.958303	73.600000
E_9-10	ARO:3005089	mef(D)	543	49.072376	47.178453	75.900000
E_9-10	ARO:3005090	RanB	2824	54.943697	52.842882	95.500000
E_9-10	ARO:3005091	RanA	13788	51.354751	49.005925	102.000000
E_9-10	ARO:3005093	OXA-899	78	50.346154	52.580769	70.100000
E_9-10	ARO:3005094	OXA-898	239	48.321757	50.274895	76.600000
E_9-10	ARO:3005096	GPC-1	59	54.094915	53.589831	85.900000
E_9-10	ARO:3005097	mecC-type_BlaZ	1	45.500000	41.600000	41.600000
E_9-10	ARO:3005098	qacL	1949	67.321703	62.042637	100.000000
E_9-10	ARO:3005099	Spyo_ErmA_MLSb	68	60.191176	52.211765	97.800000
E_9-10	ARO:3005100	FosB2	2	52.800000	38.700000	39.300000
E_9-10	ARO:3005111	blaS1	77	63.344156	64.285714	84.300000
E_9-10	ARO:3005112	AAC(6')-Ib-cr3	417	93.373861	89.757314	110.000000
E_9-10	ARO:3005114	AAC(6')-Ib-cr4	437	93.286041	88.888558	110.000000
E_9-10	ARO:3005115	AAC(6')-Ib-cr5	441	93.706803	88.712698	110.000000
E_9-10	ARO:3005116	AAC(6')-Ib-cr6	434	93.008525	88.617512	108.000000
E_9-10	ARO:3005117	AAC(6')-Ib-cr7	442	93.359276	88.235294	110.000000
E_9-10	ARO:3005118	AAC(6')-Ib-cr8	421	93.741330	88.489311	108.000000
E_9-10	ARO:3005119	AAC(6')-Ib-cr9	421	94.585511	88.944656	110.000000
E_9-10	ARO:3005121	lsaD	5231	44.762015	42.234391	84.300000
E_9-10	ARO:3005122	PDC-68	2	72.900000	68.950000	75.100000
E_9-10	ARO:3005123	PDC-70	11	56.745455	44.781818	73.900000
E_9-10	ARO:3005124	PDC-63	10	52.520000	54.410000	67.000000
E_9-10	ARO:3005125	PDC-57	20	47.250000	41.020000	55.100000
E_9-10	ARO:3005126	PDC-66	11	54.818182	55.172727	67.000000
E_9-10	ARO:3005129	PDC-51	9	55.411111	43.522222	73.900000
E_9-10	ARO:3005130	OXA-846	143	51.945455	55.406294	82.800000
E_9-10	ARO:3005133	PDC-62	58	52.622414	52.587931	67.800000
E_9-10	ARO:3005135	PDC-54	5	48.260000	46.440000	54.700000
E_9-10	ARO:3005136	OXA-906	83	52.821687	56.660241	73.900000
E_9-10	ARO:3005137	PDC-59	1	68.000000	82.000000	82.000000
E_9-10	ARO:3005138	OXA-850	120	49.638333	52.461667	82.800000
E_9-10	ARO:3005139	PDC-67	4	46.775000	39.850000	42.000000
E_9-10	ARO:3005140	PDC-56	10	57.650000	45.450000	73.900000
E_9-10	ARO:3005141	PDC-52	1	50.000000	50.800000	50.800000
E_9-10	ARO:3005143	PDC-240	2	54.200000	54.100000	62.400000
E_9-10	ARO:3005144	PDC-61	4	48.225000	41.000000	43.500000
E_9-10	ARO:3005145	PDC-45	9	55.411111	43.522222	73.900000
E_9-10	ARO:3005146	PDC-49	1	32.700000	38.500000	38.500000
E_9-10	ARO:3005148	PDC-48	6	61.966667	49.900000	70.900000
E_9-10	ARO:3005150	PAC-1	167	55.925150	52.792814	106.000000
E_9-10	ARO:3005151	PDC-53	8	53.412500	39.725000	43.100000
E_9-10	ARO:3005152	PDC-72	7	52.171429	39.685714	43.100000
E_9-10	ARO:3005155	PDC-23	2	68.000000	78.550000	82.000000
E_9-10	ARO:3005156	PDC-28	7	52.171429	39.685714	43.100000
E_9-10	ARO:3005157	PDC-41	62	53.335484	53.090323	66.600000
E_9-10	ARO:3005158	OXA-668	16	74.206250	79.343750	97.100000
E_9-10	ARO:3005159	OXA-818	56	49.742857	50.160714	60.500000
E_9-10	ARO:3005160	OXA-812	27	43.240741	48.722222	59.700000
E_9-10	ARO:3005162	FosA7.5	82	58.474390	57.989024	89.700000
E_9-10	ARO:3005164	dfrA35	2819	54.929266	53.295566	84.000000
E_9-10	ARO:3005166	tet(X1)	321	60.696573	54.560125	91.700000
E_9-10	ARO:3005176	CMY-158	3	86.066667	85.166667	102.000000
E_9-10	ARO:3005177	CMY-173	2	97.950000	102.000000	104.000000
E_9-10	ARO:3005181	CMY-146	14	73.778571	81.271429	89.000000
E_9-10	ARO:3005182	CMY-156	2	60.550000	67.200000	75.500000
E_9-10	ARO:3005185	CMY-140	14	73.778571	81.271429	89.000000
E_9-10	ARO:3005187	CMY-161	1	44.200000	42.700000	42.700000
E_9-10	ARO:3005188	CMY-165	1	59.500000	52.800000	52.800000
E_9-10	ARO:3005189	CMY-166	2	63.500000	57.200000	76.300000
E_9-10	ARO:3005197	CMY-145	17	55.294118	54.958824	99.800000
E_9-10	ARO:3005198	CMY-157	28	66.250000	71.692857	92.800000
E_9-10	ARO:3005200	CMY-155	8	66.462500	71.962500	93.200000
E_9-10	ARO:3005208	SHV-222	2	79.000000	75.500000	87.800000
E_9-10	ARO:3005209	SHV-198	1	70.000000	63.200000	63.200000
E_9-10	ARO:3005210	SHV-195	4	50.125000	45.525000	62.000000
E_9-10	ARO:3005211	SHV-201	1	38.600000	39.300000	39.300000
E_9-10	ARO:3005213	SHV-204	3	58.433333	56.733333	63.900000
E_9-10	ARO:3005214	SHV-197	1	62.500000	66.200000	66.200000
E_9-10	ARO:3005215	SHV-216	3	56.566667	57.366667	60.100000
E_9-10	ARO:3005216	CMY-152	1	45.800000	42.700000	42.700000
E_9-10	ARO:3005217	CMY-151	32	43.356250	55.465625	65.100000
E_9-10	ARO:3005219	CMY-144	15	56.173333	53.666667	82.000000
E_9-10	ARO:3005220	CMY-138	2	99.000000	103.500000	104.000000
E_9-10	ARO:3005221	MCR-3.41	924	55.206277	57.751948	114.000000
E_9-10	ARO:3005222	OXA-544	1052	65.834791	67.649620	118.000000
E_9-10	ARO:3005224	SHV-220	1	70.200000	58.900000	58.900000
E_9-10	ARO:3005226	SHV-208	50	58.722000	59.560000	67.000000
E_9-10	ARO:3005229	SHV-196	1	93.300000	61.600000	61.600000
E_9-10	ARO:3005231	SHV-219	1	96.700000	63.500000	63.500000
E_9-10	ARO:3005234	SHV-223	2	59.800000	62.000000	64.300000
E_9-10	ARO:3005235	SHV-214	1	57.100000	51.600000	51.600000
E_9-10	ARO:3005236	SHV-207	1	46.800000	46.200000	46.200000
E_9-10	ARO:3005238	SHV-218	18	65.000000	66.327778	77.400000
E_9-10	ARO:3005239	SHV-193	12	50.916667	49.133333	60.100000
E_9-10	ARO:3005241	SHV-225	10	54.830000	54.040000	65.100000
E_9-10	ARO:3005242	SHV-209	4	58.375000	56.500000	64.300000
E_9-10	ARO:3005243	SHV-215	1	54.000000	63.200000	63.200000
E_9-10	ARO:3005244	ADC-181	1	43.900000	48.100000	48.100000
E_9-10	ARO:3005255	TEM-224	2	61.250000	58.900000	64.700000
E_9-10	ARO:3005256	TEM-225	12	56.891667	57.216667	63.500000
E_9-10	ARO:3005257	TEM-226	1	72.000000	76.600000	76.600000
E_9-10	ARO:3005258	TEM-227	67	57.713433	47.240299	63.200000
E_9-10	ARO:3005261	TEM-230	2	77.300000	57.400000	57.800000
E_9-10	ARO:3005269	TEM-238	91	62.345055	62.736264	69.300000
E_9-10	ARO:3005270	TEM-240	36	58.836111	57.611111	63.500000
E_9-10	ARO:3005271	TEM-241	27	59.733333	55.051852	61.200000
E_9-10	ARO:3005275	PDC-438	2	61.900000	56.050000	62.800000
E_9-10	ARO:3005276	PDC-284	2	72.900000	68.950000	75.100000
E_9-10	ARO:3005277	PDC-105	2	68.700000	60.100000	62.800000
E_9-10	ARO:3005278	PDC-118	1	52.100000	59.300000	59.300000
E_9-10	ARO:3005279	PDC-324	3	63.900000	57.000000	62.800000
E_9-10	ARO:3005281	PDC-258	4	51.150000	47.750000	54.700000
E_9-10	ARO:3005282	PDC-413	1	77.800000	62.800000	62.800000
E_9-10	ARO:3005283	PDC-384	10	52.350000	48.790000	75.100000
E_9-10	ARO:3005284	PDC-264	13	60.476923	52.169231	65.900000
E_9-10	ARO:3005285	PDC-201	2	54.200000	54.100000	62.400000
E_9-10	ARO:3005286	PDC-346	6	50.116667	39.500000	43.100000
E_9-10	ARO:3005289	PDC-212	6	50.116667	39.500000	43.100000
E_9-10	ARO:3005290	PDC-352	4	54.900000	55.450000	62.800000
E_9-10	ARO:3005291	PDC-464	23	51.882609	47.147826	67.000000
E_9-10	ARO:3005292	PDC-19b	3	49.700000	52.500000	75.500000
E_9-10	ARO:3005294	PDC-461	21	52.885714	47.385714	67.000000
E_9-10	ARO:3005297	PDC-255	8	51.137500	43.150000	62.400000
E_9-10	ARO:3005298	PDC-293	3	54.300000	57.166667	60.500000
E_9-10	ARO:3005299	PDC-183	7	51.457143	43.985714	56.200000
E_9-10	ARO:3005300	PDC-207	15	52.533333	55.080000	63.500000
E_9-10	ARO:3005302	PDC-376	2	49.100000	54.100000	67.000000
E_9-10	ARO:3005303	PDC-117	10	51.890000	54.370000	63.500000
E_9-10	ARO:3005304	PDC-231	7	52.500000	51.785714	60.500000
E_9-10	ARO:3005305	PDC-104	5	53.620000	54.140000	68.200000
E_9-10	ARO:3005306	PDC-173	4	51.150000	47.750000	54.700000
E_9-10	ARO:3005307	PDC-292	2	40.000000	38.900000	39.300000
E_9-10	ARO:3005308	PDC-393	2	69.200000	41.600000	41.600000
E_9-10	ARO:3005310	PDC-313	12	53.691667	48.683333	70.500000
E_9-10	ARO:3005314	OXA-540	1097	65.683865	67.911759	118.000000
E_9-10	ARO:3005315	OXA-779	826	62.918765	65.674092	118.000000
E_9-10	ARO:3005316	OXA-838	913	69.030887	69.808653	118.000000
E_9-10	ARO:3005317	OXA-539	227	66.879736	69.730396	113.000000
E_9-10	ARO:3005318	OXA-543	572	76.317657	75.943007	118.000000
E_9-10	ARO:3005319	OXA-681	1058	68.918336	71.065028	118.000000
E_9-10	ARO:3005320	OXA-737	872	69.003899	70.113532	118.000000
E_9-10	ARO:3005321	OXA-541	653	72.153139	72.791271	118.000000
E_9-10	ARO:3005322	OXA-835	812	63.429680	66.308005	118.000000
E_9-10	ARO:3005323	OXA-926	53	47.728302	47.009434	59.300000
E_9-10	ARO:3005324	OXA-570	222	47.709459	48.564414	75.500000
E_9-10	ARO:3005325	OXA-573	189	48.702116	49.041270	75.100000
E_9-10	ARO:3005326	OXA-571	253	47.566008	50.480632	76.300000
E_9-10	ARO:3005327	OXA-672	12	56.575000	57.083333	88.200000
E_9-10	ARO:3005328	OXA-671	13	51.892308	52.153846	65.500000
E_9-10	ARO:3005329	OXA-673	17	56.341176	57.217647	87.000000
E_9-10	ARO:3005330	OXA-931	41	66.492683	68.239024	94.700000
E_9-10	ARO:3005331	OXA-930	45	66.846667	69.260000	90.900000
E_9-10	ARO:3005332	OXA-895	83	65.863855	69.316867	94.700000
E_9-10	ARO:3005333	OXA-641	1485	53.803906	58.236970	114.000000
E_9-10	ARO:3005334	DfrA42_TMP	2	43.700000	38.900000	39.700000
E_9-10	ARO:3005335	OXA-496	68	55.017647	58.210294	103.000000
E_9-10	ARO:3005336	OXA-915	61	63.539344	68.811475	104.000000
E_9-10	ARO:3005337	OXA-647	52	53.415385	54.603846	102.000000
E_9-10	ARO:3005338	OXA-648	54	49.414815	51.055556	97.400000
E_9-10	ARO:3005339	OXA-646	45	49.577778	51.660000	102.000000
E_9-10	ARO:3005340	OXA-649	7	68.771429	75.200000	93.200000
E_9-10	ARO:3005341	OXA-897	5	57.820000	62.900000	85.900000
E_9-10	ARO:3005342	OXA-653	6	57.066667	62.116667	85.900000
E_9-10	ARO:3005343	OXA-499	5	68.520000	74.860000	93.200000
E_9-10	ARO:3005344	OXA-825	9	55.133333	60.566667	91.700000
E_9-10	ARO:3005345	DfrA43_TMP	1634	55.156487	53.080661	79.000000
E_9-10	ARO:3005346	DfrA34	9	35.944444	40.522222	43.100000
E_9-10	ARO:3005347	DfrA37	805	54.786335	53.043602	107.000000
E_9-10	ARO:3005348	DfrA36	2212	49.363427	50.299141	89.400000
E_9-10	ARO:3005349	DfrA38	3265	55.073201	55.684900	89.000000
E_9-10	ARO:3005350	DfrB9	228	72.387719	63.256579	106.000000
E_9-10	ARO:3005351	DfrA39	2560	49.086406	50.635352	101.000000
E_9-10	ARO:3005354	dfr22	2665	50.336285	51.741501	105.000000
E_9-10	ARO:3005356	KPC-23	7	70.928571	56.400000	102.000000
E_9-10	ARO:3005358	KPC-26	2	100.000000	102.000000	102.000000
E_9-10	ARO:3005359	KPC-27	5	59.600000	54.440000	102.000000
E_9-10	ARO:3005361	KPC-28	59	69.300000	68.986441	105.000000
E_9-10	ARO:3005364	KPC-30	1	100.000000	102.000000	102.000000
E_9-10	ARO:3005365	KPC-33	1	100.000000	102.000000	102.000000
E_9-10	ARO:3005367	KPC-35	1	100.000000	102.000000	102.000000
E_9-10	ARO:3005368	KPC-36	1	66.700000	67.800000	67.800000
E_9-10	ARO:3005369	KPC-37	23	46.356522	50.743478	102.000000
E_9-10	ARO:3005371	KPC-39	1	48.900000	43.900000	43.900000
E_9-10	ARO:3005375	KPC-43	3	56.466667	59.533333	102.000000
E_9-10	ARO:3005376	KPC-45	2	75.000000	73.900000	102.000000
E_9-10	ARO:3005382	KPC-54	1	58.100000	52.000000	52.000000
E_9-10	ARO:3005461	EBR-3	26	51.557692	60.561538	73.200000
E_9-10	ARO:3005462	EBR-4	36	48.525000	55.336111	72.800000
E_9-10	ARO:3005463	IMP-53	3	55.633333	64.833333	85.900000
E_9-10	ARO:3005464	IMP-54	12	45.966667	48.583333	78.600000
E_9-10	ARO:3005465	IMP-58	2	89.450000	47.750000	50.800000
E_9-10	ARO:3005466	IMP-59	33	57.448485	53.251515	105.000000
E_9-10	ARO:3005467	IMP-60	30	88.533333	85.840000	114.000000
E_9-10	ARO:3005468	IMP-61	34	82.894118	78.029412	115.000000
E_9-10	ARO:3005469	IMP-62	11	56.700000	55.354545	105.000000
E_9-10	ARO:3005470	IMP-63	7	52.428571	48.342857	74.300000
E_9-10	ARO:3005471	IMP-64	6	55.633333	61.250000	103.000000
E_9-10	ARO:3005472	IMP-65	12	45.416667	48.100000	76.600000
E_9-10	ARO:3005473	IMP-66	32	83.025000	78.362500	115.000000
E_9-10	ARO:3005474	IMP-67	6	55.633333	61.250000	103.000000
E_9-10	ARO:3005475	IMP-69	6	79.566667	72.200000	105.000000
E_9-10	ARO:3005476	IMP-70	34	84.055882	80.158824	115.000000
E_9-10	ARO:3005477	IMP-71	9	57.322222	60.744444	105.000000
E_9-10	ARO:3005478	IMP-73	2	59.650000	45.050000	52.400000
E_9-10	ARO:3005479	IMP-74	4	73.725000	59.575000	102.000000
E_9-10	ARO:3005480	IMP-75	9	61.555556	65.533333	105.000000
E_9-10	ARO:3005481	IMP-76	34	83.905882	80.000000	115.000000
E_9-10	ARO:3005482	IMP-77	33	81.236364	76.693939	115.000000
E_9-10	ARO:3005483	IMP-78	32	82.809375	78.221875	115.000000
E_9-10	ARO:3005484	IMP-79	32	86.843750	82.481250	115.000000
E_9-10	ARO:3005485	IMP-80	30	85.936667	80.810000	115.000000
E_9-10	ARO:3005486	IMP-81	8	47.262500	44.325000	61.600000
E_9-10	ARO:3005487	IMP-82	7	53.657143	58.142857	95.900000
E_9-10	ARO:3005488	IMP-83	8	59.300000	63.087500	105.000000
E_9-10	ARO:3005489	IMP-84	7	49.485714	52.485714	102.000000
E_9-10	ARO:3005490	IMP-85	9	58.033333	57.522222	105.000000
E_9-10	ARO:3005491	IMP-88	30	85.963333	80.640000	115.000000
E_9-10	ARO:3005492	IMP-89	24	50.579167	43.033333	85.500000
E_9-10	ARO:3005493	IND-16	7	47.114286	53.757143	55.100000
E_9-10	ARO:3005494	SIM-2	11	82.127273	72.727273	115.000000
E_9-10	ARO:3005495	VIM-47	6	47.683333	50.883333	55.800000
E_9-10	ARO:3005497	VIM-49	6	49.666667	49.866667	59.700000
E_9-10	ARO:3005499	VIM-51	2	45.900000	57.750000	59.300000
E_9-10	ARO:3005500	VIM-52	9	48.000000	59.600000	65.100000
E_9-10	ARO:3005503	VIM-55	15	45.073333	49.380000	65.500000
E_9-10	ARO:3005505	VIM-57	8	45.112500	55.987500	65.100000
E_9-10	ARO:3005507	VIM-59	16	46.487500	54.931250	67.000000
E_9-10	ARO:3005508	VIM-60	12	48.183333	54.191667	64.700000
E_9-10	ARO:3005509	VIM-61	30	47.356667	52.903333	63.200000
E_9-10	ARO:3005513	VIM-65	2	45.900000	57.750000	59.300000
E_9-10	ARO:3005514	VIM-66	12	48.183333	54.191667	64.700000
E_9-10	ARO:3005516	VIM-68	7	46.342857	58.542857	65.100000
E_9-10	ARO:3005517	VIM-69	33	49.706061	52.627273	67.000000
E_9-10	ARO:3005518	VIM-70	2	46.950000	62.200000	64.700000
E_9-10	ARO:3005519	VIM-71	18	45.838889	51.877778	63.500000
E_9-10	ARO:3005520	VIM-72	3	46.200000	56.733333	58.900000
E_9-10	ARO:3005522	BlaB-1	20	50.355000	58.215000	75.100000
E_9-10	ARO:3005523	BlaB-10	13	49.146154	54.523077	71.200000
E_9-10	ARO:3005524	BlaB-11	18	49.916667	59.016667	75.100000
E_9-10	ARO:3005525	BlaB-12	11	48.990909	54.781818	65.900000
E_9-10	ARO:3005526	BlaB-13	22	48.445455	54.718182	73.600000
E_9-10	ARO:3005527	BlaB-14	25	49.508000	57.164000	75.100000
E_9-10	ARO:3005528	BlaB-15	18	47.933333	55.616667	72.000000
E_9-10	ARO:3005529	BlaB-16	17	46.652941	55.211765	73.600000
E_9-10	ARO:3005530	BlaB-17	16	50.143750	58.668750	75.100000
E_9-10	ARO:3005531	BlaB-18	15	50.566667	58.860000	75.100000
E_9-10	ARO:3005532	BlaB-19	13	49.146154	52.223077	65.900000
E_9-10	ARO:3005533	BlaB-2	15	50.566667	58.860000	75.100000
E_9-10	ARO:3005534	BlaB-20	15	50.566667	58.860000	75.100000
E_9-10	ARO:3005535	BlaB-22	13	49.146154	56.953846	72.000000
E_9-10	ARO:3005536	BlaB-23	13	49.376923	52.253846	65.900000
E_9-10	ARO:3005537	BlaB-24	17	48.141176	56.535294	72.000000
E_9-10	ARO:3005538	BlaB-25	17	48.141176	56.535294	72.000000
E_9-10	ARO:3005539	BlaB-26	14	48.185714	54.978571	71.200000
E_9-10	ARO:3005540	BlaB-27	11	48.381818	55.554545	71.200000
E_9-10	ARO:3005541	BlaB-28	6	45.866667	55.833333	71.200000
E_9-10	ARO:3005542	BlaB-29	9	50.900000	60.377778	74.700000
E_9-10	ARO:3005543	BlaB-3	11	49.681818	52.090909	64.300000
E_9-10	ARO:3005544	BlaB-30	11	50.963636	59.890909	75.100000
E_9-10	ARO:3005545	BlaB-31	10	49.340000	58.150000	73.900000
E_9-10	ARO:3005546	BlaB-32	15	48.600000	58.066667	75.100000
E_9-10	ARO:3005547	BlaB-33	11	50.963636	59.890909	75.100000
E_9-10	ARO:3005548	BlaB-34	12	47.733333	55.191667	71.200000
E_9-10	ARO:3005549	BlaB-35	14	50.835714	54.578571	70.900000
E_9-10	ARO:3005550	BlaB-36	9	47.000000	54.122222	71.200000
E_9-10	ARO:3005551	BlaB-38	19	46.105263	54.694737	73.600000
E_9-10	ARO:3005552	BlaB-39	6	46.316667	55.183333	71.200000
E_9-10	ARO:3005553	BlaB-5	11	47.018182	53.418182	73.600000
E_9-10	ARO:3005554	BlaB-6	9	49.077778	52.877778	73.600000
E_9-10	ARO:3005555	BlaB-7	12	48.725000	53.666667	71.200000
E_9-10	ARO:3005556	BlaB-8	15	47.933333	54.026667	71.200000
E_9-10	ARO:3005557	BlaB-9	15	48.066667	54.240000	73.600000
E_9-10	ARO:3005558	BUT-2	122	51.396721	52.151639	89.400000
E_9-10	ARO:3005559	CARB-11	162	64.426543	65.437654	105.000000
E_9-10	ARO:3005560	CARB-24	219	60.859817	61.318265	76.600000
E_9-10	ARO:3005561	CARB-25	174	61.587931	61.028736	76.600000
E_9-10	ARO:3005562	CARB-26	134	62.097015	61.441045	76.600000
E_9-10	ARO:3005563	CARB-27	135	62.122963	61.697778	73.600000
E_9-10	ARO:3005564	CARB-28	150	59.708000	60.434000	72.000000
E_9-10	ARO:3005565	CARB-29	107	61.417757	61.129907	72.000000
E_9-10	ARO:3005566	CARB-30	65	61.392308	60.360000	70.100000
E_9-10	ARO:3005567	CARB-31	93	61.695699	61.262366	72.000000
E_9-10	ARO:3005568	CARB-32	20	61.475000	61.020000	72.000000
E_9-10	ARO:3005569	CARB-33	64	62.504688	62.645312	72.000000
E_9-10	ARO:3005570	CARB-34	35	58.542857	60.745714	77.000000
E_9-10	ARO:3005571	CARB-35	67	61.600000	61.643284	72.000000
E_9-10	ARO:3005572	CARB-36	115	61.144348	61.278261	72.000000
E_9-10	ARO:3005573	CARB-38	50	61.936000	62.150000	72.000000
E_9-10	ARO:3005574	CARB-40	35	63.040000	63.085714	69.300000
E_9-10	ARO:3005575	CARB-41	33	61.378788	61.542424	68.900000
E_9-10	ARO:3005576	CARB-42	309	61.143366	62.876699	72.800000
E_9-10	ARO:3005577	CARB-43	92	64.944565	62.702174	69.700000
E_9-10	ARO:3005578	CARB-44	23	59.882609	60.882609	68.200000
E_9-10	ARO:3005579	CARB-45	24	57.795833	60.337500	77.000000
E_9-10	ARO:3005580	CARB-46	209	64.764115	63.076555	73.600000
E_9-10	ARO:3005581	CARB-47	18	54.855556	57.544444	68.200000
E_9-10	ARO:3005582	CARB-48	5	59.480000	56.920000	65.900000
E_9-10	ARO:3005583	CARB-49	478	58.385565	62.754603	89.700000
E_9-10	ARO:3005584	CARB-50	469	58.282942	62.845842	88.200000
E_9-10	ARO:3005585	CARB-51	201	63.618905	65.422886	108.000000
E_9-10	ARO:3005586	CARB-52	178	62.106742	64.899438	101.000000
E_9-10	ARO:3005587	CARB-53	153	64.886928	65.854902	108.000000
E_9-10	ARO:3005588	CARB-54	571	59.679510	63.583538	88.200000
E_9-10	ARO:3005589	CARB-55	131	66.703817	66.770992	106.000000
E_9-10	ARO:3005591	CTX-M-168	1	70.800000	59.300000	59.300000
E_9-10	ARO:3005594	CTX-M-171	13	66.376923	64.484615	95.100000
E_9-10	ARO:3005597	CTX-M-174	7	54.728571	58.642857	75.900000
E_9-10	ARO:3005598	CTX-M-175	5	55.900000	56.000000	62.000000
E_9-10	ARO:3005602	CTX-M-179	11	52.372727	50.527273	81.300000
E_9-10	ARO:3005603	CTX-M-180	1	50.000000	55.800000	55.800000
E_9-10	ARO:3005607	CTX-M-184	1	41.200000	40.400000	40.400000
E_9-10	ARO:3005608	CTX-M-185	25	57.104000	55.492000	71.200000
E_9-10	ARO:3005613	CTX-M-190	3	55.833333	52.000000	57.400000
E_9-10	ARO:3005615	CTX-M-192	4	46.525000	51.575000	61.200000
E_9-10	ARO:3005616	CTX-M-193	1	43.500000	43.900000	43.900000
E_9-10	ARO:3005618	CTX-M-195	18	53.188889	54.172222	75.900000
E_9-10	ARO:3005619	CTX-M-196	6	51.600000	55.766667	71.600000
E_9-10	ARO:3005620	CTX-M-197	2	56.000000	62.000000	62.000000
E_9-10	ARO:3005621	CTX-M-198	1	56.000000	49.300000	49.300000
E_9-10	ARO:3005622	CTX-M-199	17	57.423529	59.652941	89.000000
E_9-10	ARO:3005623	CTX-M-200	7	77.871429	67.828571	97.100000
E_9-10	ARO:3005624	CTX-M-201	1	47.900000	40.000000	40.000000
E_9-10	ARO:3005625	CTX-M-202	10	54.390000	57.520000	81.600000
E_9-10	ARO:3005627	CTX-M-204	4	58.150000	60.775000	62.800000
E_9-10	ARO:3005628	CTX-M-205	25	59.028000	57.032000	71.200000
E_9-10	ARO:3005630	CTX-M-207	13	56.807692	62.669231	70.100000
E_9-10	ARO:3005631	CTX-M-208	2	56.150000	66.600000	72.400000
E_9-10	ARO:3005635	CTX-M-212	3	60.566667	55.966667	58.900000
E_9-10	ARO:3005636	CTX-M-213	6	60.616667	57.450000	63.900000
E_9-10	ARO:3005637	CTX-M-214	15	54.860000	56.500000	75.100000
E_9-10	ARO:3005640	CTX-M-217	28	57.403571	56.664286	82.400000
E_9-10	ARO:3005642	CTX-M-219	6	52.950000	56.683333	67.400000
E_9-10	ARO:3005643	CTX-M-220	1	42.200000	43.100000	43.100000
E_9-10	ARO:3005644	CTX-M-221	7	55.342857	58.400000	69.700000
E_9-10	ARO:3005645	CTX-M-222	3	59.133333	61.100000	62.400000
E_9-10	ARO:3005646	CTX-M-223	17	51.994118	52.894118	71.600000
E_9-10	ARO:3005648	CTX-M-225	1	70.000000	82.400000	82.400000
E_9-10	ARO:3005651	CTX-M-228	1	51.000000	49.300000	49.300000
E_9-10	ARO:3005652	CTX-M-229	18	63.738889	64.994444	97.100000
E_9-10	ARO:3005654	CTX-M-231	1	40.000000	39.700000	39.700000
E_9-10	ARO:3005656	CTX-M-233	7	52.971429	56.114286	71.600000
E_9-10	ARO:3005657	CTX-M-234	48	52.935417	54.085417	89.000000
E_9-10	ARO:3005658	CTX-M-235	14	52.107143	47.821429	52.400000
E_9-10	ARO:3005662	CTX-M-239	4	46.525000	51.575000	61.200000
E_9-10	ARO:3005663	CTX-M-240	6	51.600000	55.766667	71.600000
E_9-10	ARO:3005664	CTX-M-241	30	54.920000	54.183333	77.400000
E_9-10	ARO:3005665	CTX-M-242	6	55.166667	59.183333	76.300000
E_9-10	ARO:3005666	CTX-M-244	1	35.900000	37.700000	37.700000
E_9-10	ARO:3005667	CTX-M-97	8	70.887500	75.037500	97.100000
E_9-10	ARO:3005668	GOB-19	27	54.929630	51.762963	76.600000
E_9-10	ARO:3005669	GOB-20	44	51.113636	51.750000	68.600000
E_9-10	ARO:3005670	GOB-21	40	52.490000	53.897500	69.700000
E_9-10	ARO:3005671	GOB-22	59	55.611864	53.554237	83.600000
E_9-10	ARO:3005672	GOB-23	31	54.680645	53.812903	76.600000
E_9-10	ARO:3005673	GOB-24	65	49.949231	44.547692	78.600000
E_9-10	ARO:3005674	GOB-25	30	53.970000	50.160000	76.600000
E_9-10	ARO:3005675	GOB-26	28	55.385714	52.839286	79.000000
E_9-10	ARO:3005676	GOB-27	59	55.313559	53.561017	83.600000
E_9-10	ARO:3005677	GOB-28	73	50.719178	46.282192	79.000000
E_9-10	ARO:3005678	GOB-29	27	55.818519	50.877778	81.300000
E_9-10	ARO:3005679	GOB-30	71	51.515493	45.946479	81.600000
E_9-10	ARO:3005680	GOB-31	26	55.611538	50.153846	81.300000
E_9-10	ARO:3005681	GOB-32	25	58.992000	55.164000	81.300000
E_9-10	ARO:3005682	GOB-33	23	63.313043	66.195652	86.300000
E_9-10	ARO:3005683	GOB-34	24	58.841667	60.679167	84.700000
E_9-10	ARO:3005684	GOB-35	27	61.670370	63.848148	86.300000
E_9-10	ARO:3005685	GOB-36	20	65.580000	66.260000	83.200000
E_9-10	ARO:3005686	GOB-37	25	62.352000	64.072000	86.300000
E_9-10	ARO:3005687	GOB-38	33	50.490909	52.600000	68.600000
E_9-10	ARO:3005688	GOB-39	29	51.693103	54.596552	69.700000
E_9-10	ARO:3005689	GOB-40	69	51.160870	45.989855	83.600000
E_9-10	ARO:3005690	GOB-41	76	50.142105	46.218421	79.000000
E_9-10	ARO:3005691	GOB-42	28	51.800000	55.532143	70.100000
E_9-10	ARO:3005692	GOB-43	76	50.365789	46.290789	79.000000
E_9-10	ARO:3005693	GOB-44	52	55.540385	54.028846	83.600000
E_9-10	ARO:3005694	GOB-45	75	50.140000	45.748000	79.000000
E_9-10	ARO:3005695	GOB-46	53	55.488679	53.801887	83.600000
E_9-10	ARO:3005696	GOB-48	29	49.893103	51.517241	68.600000
E_9-10	ARO:3005697	GOB-49	22	56.454545	52.995455	81.300000
E_9-10	ARO:3005698	GOB-50	29	49.724138	51.568966	68.600000
E_9-10	ARO:3005699	GOB-51	24	62.950000	64.879167	86.300000
E_9-10	ARO:3005702	OXA-114b	80	47.825000	47.126250	81.300000
E_9-10	ARO:3005703	OXA-114c	45	49.664444	47.780000	81.300000
E_9-10	ARO:3005704	OXA-114d	55	46.740000	45.369091	57.400000
E_9-10	ARO:3005705	OXA-114e	66	47.893939	47.174242	81.300000
E_9-10	ARO:3005706	OXA-114f	56	49.587500	47.294643	81.300000
E_9-10	ARO:3005707	OXA-114g	67	48.813433	46.771642	81.300000
E_9-10	ARO:3005708	OXA-114h	48	49.818750	47.418750	81.300000
E_9-10	ARO:3005709	OXA-114i	50	47.886000	46.538000	81.300000
E_9-10	ARO:3005710	OXA-114j	21	51.495238	47.957143	81.300000
E_9-10	ARO:3005711	OXA-114k	36	46.858333	45.375000	81.300000
E_9-10	ARO:3005712	OXA-114l	37	49.283784	46.562162	81.300000
E_9-10	ARO:3005713	OXA-114m	25	50.548000	47.316000	81.300000
E_9-10	ARO:3005714	OXA-114n	24	49.295833	46.458333	58.200000
E_9-10	ARO:3005715	OXA-114p	30	49.816667	48.246667	70.900000
E_9-10	ARO:3005716	OXA-114q	29	49.955172	47.165517	81.300000
E_9-10	ARO:3005717	OXA-114r	32	47.953125	45.050000	57.400000
E_9-10	ARO:3005718	OXA-114s	24	45.670833	45.216667	57.400000
E_9-10	ARO:3005719	OXA-114t	14	49.221429	44.621429	47.400000
E_9-10	ARO:3005720	OXA-114u	22	52.913636	50.345455	74.700000
E_9-10	ARO:3005721	OXA-114v	38	46.515789	45.836842	58.200000
E_9-10	ARO:3005722	OXA-114w	20	44.320000	44.795000	57.400000
E_9-10	ARO:3005723	OXA-114x	29	47.717241	44.675862	57.400000
E_9-10	ARO:3005724	OXA-489	38	53.710526	45.615789	52.400000
E_9-10	ARO:3005725	OXA-491	2950	68.479322	71.663695	110.000000
E_9-10	ARO:3005726	OXA-493	75	47.896000	44.757333	55.800000
E_9-10	ARO:3005727	OXA-494	165	55.261212	56.608485	85.500000
E_9-10	ARO:3005728	OXA-497	1	38.800000	37.700000	37.700000
E_9-10	ARO:3005729	OXA-498	53	78.330189	72.432075	105.000000
E_9-10	ARO:3005730	OXA-500	10	70.470000	65.890000	87.800000
E_9-10	ARO:3005731	OXA-501	10	70.360000	66.550000	87.800000
E_9-10	ARO:3005732	OXA-502	10	70.360000	66.550000	87.800000
E_9-10	ARO:3005733	OXA-503	11	70.609091	66.836364	87.800000
E_9-10	ARO:3005734	OXA-504	183	73.385792	72.218033	115.000000
E_9-10	ARO:3005735	OXA-505	49	50.875510	57.371429	100.000000
E_9-10	ARO:3005736	OXA-506	10	69.670000	65.320000	87.800000
E_9-10	ARO:3005737	OXA-507	1	46.200000	40.800000	40.800000
E_9-10	ARO:3005740	OXA-510	1	68.000000	70.500000	70.500000
E_9-10	ARO:3005742	OXA-512	32	80.284375	81.518750	105.000000
E_9-10	ARO:3005743	OXA-513	86	49.294186	49.689535	85.100000
E_9-10	ARO:3005744	OXA-514	60	51.196667	55.121667	100.000000
E_9-10	ARO:3005745	OXA-515	91	50.632967	56.463736	101.000000
E_9-10	ARO:3005747	OXA-517	443	52.477427	52.578555	100.000000
E_9-10	ARO:3005748	OXA-518	61	46.893443	44.849180	55.800000
E_9-10	ARO:3005749	OXA-519	23	47.056522	53.426087	100.000000
E_9-10	ARO:3005750	OXA-520	706	93.671105	88.869688	111.000000
E_9-10	ARO:3005752	OXA-522	6	61.383333	51.483333	75.100000
E_9-10	ARO:3005755	OXA-525	1	77.600000	80.100000	80.100000
E_9-10	ARO:3005756	OXA-526	9	69.288889	64.833333	87.800000
E_9-10	ARO:3005757	OXA-527	2	51.000000	49.500000	52.400000
E_9-10	ARO:3005763	OXA-533	10	64.250000	61.080000	87.800000
E_9-10	ARO:3005764	OXA-534	456	89.941886	85.184211	112.000000
E_9-10	ARO:3005766	OXA-537	26	58.280769	59.107692	102.000000
E_9-10	ARO:3005767	OXA-538	252	52.476984	58.811508	68.900000
E_9-10	ARO:3005768	OXA-542	12	51.733333	55.775000	87.800000
E_9-10	ARO:3005770	OXA-546	135	49.423704	51.074815	101.000000
E_9-10	ARO:3005771	OXA-547	135	48.985185	50.620741	100.000000
E_9-10	ARO:3005772	OXA-548	407	52.021622	51.559951	69.700000
E_9-10	ARO:3005773	OXA-549	425	51.629412	51.235294	69.700000
E_9-10	ARO:3005774	OXA-550	391	51.669054	51.307161	68.200000
E_9-10	ARO:3005775	OXA-551	516	51.915504	50.558915	70.900000
E_9-10	ARO:3005776	OXA-552	417	51.544604	51.344844	69.700000
E_9-10	ARO:3005777	OXA-553	391	51.974680	51.856010	69.700000
E_9-10	ARO:3005785	OXA-561	6	53.600000	53.716667	84.700000
E_9-10	ARO:3005787	OXA-563	6	56.350000	47.433333	77.000000
E_9-10	ARO:3005788	OXA-564	11	64.854545	62.209091	87.800000
E_9-10	ARO:3005789	OXA-565	1	44.900000	55.100000	55.100000
E_9-10	ARO:3005790	OXA-566	48	48.470833	52.468750	100.000000
E_9-10	ARO:3005791	OXA-567	388	53.714948	55.188660	100.000000
E_9-10	ARO:3005792	OXA-568	20	55.930000	57.850000	90.900000
E_9-10	ARO:3005793	OXA-569	107	54.328972	55.155140	70.900000
E_9-10	ARO:3005794	OXA-572	105	51.329524	53.160952	69.700000
E_9-10	ARO:3005795	OXA-574	101	54.375248	54.812871	70.900000
E_9-10	ARO:3005796	OXA-575	11	47.672727	47.254545	58.500000
E_9-10	ARO:3005797	OXA-576	28	54.603571	44.285714	53.900000
E_9-10	ARO:3005798	OXA-577	21	55.428571	44.414286	52.400000
E_9-10	ARO:3005799	OXA-578	20	55.985000	44.980000	51.600000
E_9-10	ARO:3005800	OXA-579	11	51.554545	44.800000	51.600000
E_9-10	ARO:3005801	OXA-580	10	49.770000	44.080000	51.600000
E_9-10	ARO:3005802	OXA-581	22	55.609091	44.954545	53.100000
E_9-10	ARO:3005803	OXA-582	14	57.192857	44.014286	49.700000
E_9-10	ARO:3005804	OXA-583	29	53.365517	44.472414	53.500000
E_9-10	ARO:3005805	OXA-584	17	55.364706	44.035294	49.700000
E_9-10	ARO:3005806	OXA-585	7	49.714286	44.785714	49.700000
E_9-10	ARO:3005807	OXA-586	3	50.333333	46.733333	49.700000
E_9-10	ARO:3005808	OXA-587	2	52.700000	49.100000	49.700000
E_9-10	ARO:3005809	OXA-588	12	51.200000	44.241667	55.500000
E_9-10	ARO:3005810	OXA-589	26	48.307692	43.469231	48.900000
E_9-10	ARO:3005812	OXA-591	1	46.000000	47.400000	47.400000
E_9-10	ARO:3005814	OXA-593	4	49.650000	44.575000	50.400000
E_9-10	ARO:3005816	OXA-595	18	50.055556	46.416667	52.800000
E_9-10	ARO:3005817	OXA-596	1	46.000000	47.400000	47.400000
E_9-10	ARO:3005819	OXA-598	18	55.722222	44.244444	50.100000
E_9-10	ARO:3005820	OXA-599	47	48.731915	44.310638	52.800000
E_9-10	ARO:3005821	OXA-600	3	43.400000	38.900000	38.900000
E_9-10	ARO:3005822	OXA-601	34	53.447059	45.311765	52.800000
E_9-10	ARO:3005823	OXA-602	43	52.018605	43.755814	53.100000
E_9-10	ARO:3005824	OXA-603	37	52.851351	44.186486	52.400000
E_9-10	ARO:3005825	OXA-604	39	52.338462	44.305128	53.100000
E_9-10	ARO:3005828	OXA-607	41	52.495122	44.102439	52.400000
E_9-10	ARO:3005833	OXA-612	1	41.300000	40.000000	40.000000
E_9-10	ARO:3005834	OXA-613	2	50.300000	44.650000	48.100000
E_9-10	ARO:3005835	OXA-614	2	50.300000	44.650000	48.100000
E_9-10	ARO:3005836	OXA-615	5	52.360000	41.660000	48.100000
E_9-10	ARO:3005837	OXA-616	17	54.347059	45.170588	52.400000
E_9-10	ARO:3005838	OXA-617	13	54.792308	44.853846	47.400000
E_9-10	ARO:3005839	OXA-618	21	53.852381	45.042857	52.400000
E_9-10	ARO:3005840	OXA-619	10	52.900000	41.430000	45.800000
E_9-10	ARO:3005841	OXA-620	11	52.100000	41.618182	48.100000
E_9-10	ARO:3005842	OXA-621	6	47.933333	40.183333	42.400000
E_9-10	ARO:3005843	OXA-622	13	54.200000	44.884615	47.400000
E_9-10	ARO:3005844	OXA-623	9	50.811111	43.766667	50.800000
E_9-10	ARO:3005845	OXA-624	13	54.200000	44.884615	47.400000
E_9-10	ARO:3005846	OXA-625	12	49.266667	44.416667	50.800000
E_9-10	ARO:3005847	OXA-626	13	49.869231	44.115385	50.800000
E_9-10	ARO:3005848	OXA-627	13	51.115385	44.315385	50.800000
E_9-10	ARO:3005849	OXA-628	10	51.010000	43.600000	47.800000
E_9-10	ARO:3005850	OXA-629	13	51.115385	44.315385	50.800000
E_9-10	ARO:3005851	OXA-630	14	50.550000	44.750000	53.100000
E_9-10	ARO:3005852	OXA-631	9	49.477778	44.633333	50.800000
E_9-10	ARO:3005853	OXA-632	8	50.212500	44.200000	50.800000
E_9-10	ARO:3005854	OXA-633	9	51.500000	44.888889	53.100000
E_9-10	ARO:3005855	OXA-634	7	50.485714	44.071429	50.800000
E_9-10	ARO:3005856	OXA-635	5	48.700000	43.120000	50.800000
E_9-10	ARO:3005857	OXA-636	8	50.587500	41.825000	50.800000
E_9-10	ARO:3005858	OXA-637	7	49.800000	44.885714	50.800000
E_9-10	ARO:3005859	OXA-638	15	53.340000	42.706667	50.800000
E_9-10	ARO:3005860	OXA-639	9	52.855556	41.755556	48.100000
E_9-10	ARO:3005861	OXA-640	4	46.075000	42.350000	48.100000
E_9-10	ARO:3005862	OXA-642	4	56.300000	41.400000	42.000000
E_9-10	ARO:3005863	OXA-643	68	71.022059	68.045588	107.000000
E_9-10	ARO:3005864	OXA-644	69	72.017391	67.994203	107.000000
E_9-10	ARO:3005865	OXA-645	70	72.594286	68.431429	104.000000
E_9-10	ARO:3005866	OXA-650	70	71.597143	67.895714	107.000000
E_9-10	ARO:3005867	OXA-651	77	71.274026	68.076623	106.000000
E_9-10	ARO:3005868	OXA-652	69	72.140580	68.323188	107.000000
E_9-10	ARO:3005869	OXA-654	8	58.062500	61.875000	82.000000
E_9-10	ARO:3005870	OXA-655	722	87.842798	85.671468	111.000000
E_9-10	ARO:3005871	OXA-656	896	86.509263	85.385938	111.000000
E_9-10	ARO:3005872	OXA-657	7	43.442857	51.157143	54.300000
E_9-10	ARO:3005873	OXA-658	7	50.842857	42.314286	48.900000
E_9-10	ARO:3005874	OXA-659	1	46.000000	47.400000	47.400000
E_9-10	ARO:3005875	OXA-660	41	52.495122	44.112195	52.400000
E_9-10	ARO:3005876	OXA-661	7	63.628571	65.842857	91.700000
E_9-10	ARO:3005877	OXA-662	65	69.747692	65.776923	107.000000
E_9-10	ARO:3005878	OXA-666	5	58.080000	55.160000	93.600000
E_9-10	ARO:3005879	OXA-667	14	72.850000	77.892857	97.100000
E_9-10	ARO:3005880	OXA-669	13	67.115385	72.838462	95.500000
E_9-10	ARO:3005881	OXA-670	9	47.188889	50.400000	55.800000
E_9-10	ARO:3005882	OXA-674	13	55.723077	56.038462	88.200000
E_9-10	ARO:3005883	OXA-675	450	89.856889	84.983333	112.000000
E_9-10	ARO:3005884	OXA-676	327	83.904893	77.375535	112.000000
E_9-10	ARO:3005885	OXA-677	747	91.516332	86.936814	111.000000
E_9-10	ARO:3005886	OXA-678	1	44.900000	46.200000	46.200000
E_9-10	ARO:3005887	OXA-679	12	55.000000	58.125000	85.500000
E_9-10	ARO:3005890	OXA-683	10	52.990000	56.510000	67.000000
E_9-10	ARO:3005891	OXA-684	2	53.850000	52.350000	67.000000
E_9-10	ARO:3005892	OXA-685	1	100.000000	105.000000	105.000000
E_9-10	ARO:3005893	OXA-686	15	47.233333	53.026667	60.500000
E_9-10	ARO:3005904	OXA-697	2	53.850000	52.350000	67.000000
E_9-10	ARO:3005907	OXA-700	2	79.600000	81.600000	81.600000
E_9-10	ARO:3005910	OXA-703	4	46.850000	46.775000	48.500000
E_9-10	ARO:3005912	OXA-705	2	49.800000	45.250000	52.400000
E_9-10	ARO:3005921	OXA-714	1	100.000000	105.000000	105.000000
E_9-10	ARO:3005927	OXA-720	2	49.800000	45.250000	52.400000
E_9-10	ARO:3005929	OXA-722	2	49.800000	45.250000	52.400000
E_9-10	ARO:3005931	OXA-726	173	65.408092	67.879191	114.000000
E_9-10	ARO:3005932	OXA-727	14	61.978571	66.185714	95.900000
E_9-10	ARO:3005933	OXA-728	38	64.515789	70.197368	96.300000
E_9-10	ARO:3005934	OXA-729	222	49.248198	50.731982	67.000000
E_9-10	ARO:3005935	OXA-730	12	55.000000	58.125000	85.500000
E_9-10	ARO:3005936	OXA-731	367	50.572207	52.020436	102.000000
E_9-10	ARO:3005937	OXA-732	1294	60.779598	65.143663	118.000000
E_9-10	ARO:3005940	OXA-735	7	53.614286	59.000000	60.500000
E_9-10	ARO:3005941	OXA-736	316	88.382595	81.177215	112.000000
E_9-10	ARO:3005943	OXA-739	18	50.305556	52.900000	60.800000
E_9-10	ARO:3005951	OXA-747	2	49.800000	45.250000	52.400000
E_9-10	ARO:3005952	OXA-748	6	47.833333	45.966667	52.000000
E_9-10	ARO:3005953	OXA-749	2	49.800000	45.250000	52.400000
E_9-10	ARO:3005954	OXA-750	2	49.800000	45.250000	52.400000
E_9-10	ARO:3005959	OXA-755	23	64.256522	65.208696	74.300000
E_9-10	ARO:3005962	OXA-758	2	79.600000	81.600000	81.600000
E_9-10	ARO:3005970	OXA-766	3	69.433333	80.600000	82.800000
E_9-10	ARO:3005971	OXA-767	2	79.600000	81.600000	81.600000
E_9-10	ARO:3005978	OXA-774	2	49.800000	45.250000	52.400000
E_9-10	ARO:3005980	OXA-776	1	100.000000	105.000000	105.000000
E_9-10	ARO:3005981	OXA-777	27	50.444444	51.881481	58.500000
E_9-10	ARO:3005982	OXA-778	5	59.260000	46.520000	67.000000
E_9-10	ARO:3005983	OXA-780	164	77.781098	74.989024	112.000000
E_9-10	ARO:3005986	OXA-783	4	47.250000	41.775000	45.800000
E_9-10	ARO:3005987	OXA-784	23	48.800000	43.782609	53.100000
E_9-10	ARO:3005988	OXA-785	9	49.477778	44.288889	50.800000
E_9-10	ARO:3005989	OXA-786	41	52.495122	44.102439	52.400000
E_9-10	ARO:3005990	OXA-787	85	49.922353	49.730588	85.100000
E_9-10	ARO:3005991	OXA-788	832	52.275481	53.671274	100.000000
E_9-10	ARO:3005992	OXA-789	83	50.049398	49.806024	85.100000
E_9-10	ARO:3005993	OXA-793	413	52.521308	52.783777	100.000000
E_9-10	ARO:3005994	OXA-794	660	94.588030	89.653788	111.000000
E_9-10	ARO:3005995	OXA-795	728	92.553846	87.762088	111.000000
E_9-10	ARO:3005996	OXA-796	457	90.040044	85.291466	112.000000
E_9-10	ARO:3005997	OXA-797	1	77.800000	76.300000	76.300000
E_9-10	ARO:3005998	OXA-798	8	51.762500	56.337500	60.500000
E_9-10	ARO:3006001	OXA-801	5	43.600000	44.580000	53.900000
E_9-10	ARO:3006002	OXA-802	23	47.426087	51.969565	58.500000
E_9-10	ARO:3006003	OXA-803	9	69.411111	64.100000	87.800000
E_9-10	ARO:3006004	OXA-804	6	52.500000	44.400000	50.400000
E_9-10	ARO:3006005	OXA-805	1	70.000000	73.600000	73.600000
E_9-10	ARO:3006006	OXA-806	3	53.333333	49.766667	58.500000
E_9-10	ARO:3006007	OXA-807	47	50.506383	50.295745	60.500000
E_9-10	ARO:3006008	OXA-808	47	50.506383	50.295745	60.500000
E_9-10	ARO:3006009	OXA-809	25	43.272000	48.168000	59.700000
E_9-10	ARO:3006011	OXA-811	3	53.333333	49.766667	58.500000
E_9-10	ARO:3006013	OXA-814	47	50.506383	50.295745	60.500000
E_9-10	ARO:3006014	OXA-815	34	43.747059	47.497059	59.700000
E_9-10	ARO:3006015	OXA-816	25	43.272000	48.168000	59.700000
E_9-10	ARO:3006016	OXA-817	64	51.832813	55.695312	74.300000
E_9-10	ARO:3006017	OXA-819	5	43.600000	44.580000	53.900000
E_9-10	ARO:3006018	OXA-820	11	55.545455	53.454545	75.900000
E_9-10	ARO:3006019	OXA-821	22	56.236364	59.504545	87.800000
E_9-10	ARO:3006020	OXA-822	2	45.550000	43.500000	46.200000
E_9-10	ARO:3006021	OXA-823	761	89.051643	85.347700	111.000000
E_9-10	ARO:3006022	OXA-824	636	95.683019	90.210377	111.000000
E_9-10	ARO:3006023	OXA-826	6	75.966667	75.483333	87.800000
E_9-10	ARO:3006024	OXA-827	858	88.966317	86.318881	112.000000
E_9-10	ARO:3006025	OXA-828	2	45.950000	51.250000	54.700000
E_9-10	ARO:3006026	OXA-829	8	58.062500	61.875000	82.000000
E_9-10	ARO:3006027	OXA-830	82	57.613415	61.235366	97.400000
E_9-10	ARO:3006029	OXA-832	14	47.964286	53.500000	57.000000
E_9-10	ARO:3006030	OXA-833	118	53.113559	52.900000	74.700000
E_9-10	ARO:3006032	OXA-836	251	85.647809	86.451394	105.000000
E_9-10	ARO:3006033	OXA-839	27	45.470370	44.488889	57.400000
E_9-10	ARO:3006034	OXA-840	5	79.900000	82.260000	87.800000
E_9-10	ARO:3006036	OXA-842	3	43.233333	48.766667	53.900000
E_9-10	ARO:3006037	OXA-843	1	44.900000	46.200000	46.200000
E_9-10	ARO:3006039	OXA-845	12	47.100000	46.750000	58.500000
E_9-10	ARO:3006040	OXA-847	156	55.968590	57.297436	85.500000
E_9-10	ARO:3006041	OXA-848	127	57.136220	59.566142	82.800000
E_9-10	ARO:3006042	OXA-849	46	51.717391	54.510870	82.800000
E_9-10	ARO:3006043	OXA-851	45	51.686667	54.497778	82.800000
E_9-10	ARO:3006044	OXA-852	3	69.433333	80.600000	82.800000
E_9-10	ARO:3006045	OXA-853	1	100.000000	105.000000	105.000000
E_9-10	ARO:3006046	OXA-854	1	100.000000	105.000000	105.000000
E_9-10	ARO:3006058	OXA-866	1	77.800000	76.300000	76.300000
E_9-10	ARO:3006059	OXA-867	1	36.700000	38.900000	38.900000
E_9-10	ARO:3006060	OXA-868	1	100.000000	105.000000	105.000000
E_9-10	ARO:3006063	OXA-871	4	69.400000	74.300000	89.700000
E_9-10	ARO:3006072	OXA-880	1	44.900000	45.800000	45.800000
E_9-10	ARO:3006073	OXA-881	2	43.850000	45.450000	52.400000
E_9-10	ARO:3006075	OXA-883	1	68.000000	70.500000	70.500000
E_9-10	ARO:3006077	OXA-885	1	38.800000	37.700000	37.700000
E_9-10	ARO:3006080	OXA-888	2	59.050000	64.700000	82.000000
E_9-10	ARO:3006086	OXA-894	121	49.185950	50.274380	100.000000
E_9-10	ARO:3006087	OXA-896	277	76.860289	77.172924	108.000000
E_9-10	ARO:3006088	OXA-900	391	50.524297	52.172890	68.200000
E_9-10	ARO:3006089	OXA-901	35	52.842857	56.094286	80.100000
E_9-10	ARO:3006090	OXA-902	84	59.404762	62.133333	74.300000
E_9-10	ARO:3006091	OXA-903	99	58.489899	58.957576	85.500000
E_9-10	ARO:3006092	OXA-904	130	57.570000	58.866154	85.500000
E_9-10	ARO:3006093	OXA-905	85	50.800000	53.248235	84.300000
E_9-10	ARO:3006094	OXA-907	43	53.816279	55.976744	80.100000
E_9-10	ARO:3006095	OXA-908	146	54.905479	57.894521	74.300000
E_9-10	ARO:3006096	OXA-909	1	100.000000	105.000000	105.000000
E_9-10	ARO:3006098	OXA-911	15	40.280000	52.726667	56.200000
E_9-10	ARO:3006099	OXA-912	181	62.118232	65.983425	117.000000
E_9-10	ARO:3006100	OXA-913	30	54.043333	57.366667	80.100000
E_9-10	ARO:3006101	OXA-914	114	51.897368	55.159649	83.200000
E_9-10	ARO:3006102	OXA-916	1	51.000000	52.800000	52.800000
E_9-10	ARO:3006103	OXA-917	147	76.491156	76.859184	110.000000
E_9-10	ARO:3006104	OXA-918	159	51.677358	52.725786	100.000000
E_9-10	ARO:3006105	OXA-919	103	48.700971	50.584466	71.200000
E_9-10	ARO:3006106	OXA-920	69	49.913043	53.666667	67.400000
E_9-10	ARO:3006107	OXA-921	446	90.626457	85.646413	109.000000
E_9-10	ARO:3006108	OXA-922	205	53.051220	53.781951	100.000000
E_9-10	ARO:3006109	OXA-923	116	53.078448	52.619828	68.200000
E_9-10	ARO:3006110	OXA-924	135	51.339259	51.681481	73.200000
E_9-10	ARO:3006111	OXA-925	42	51.800000	54.000000	84.700000
E_9-10	ARO:3006113	OXA-928	974	83.598255	80.093532	108.000000
E_9-10	ARO:3006114	OXA-929	833	52.257863	53.775030	100.000000
E_9-10	ARO:3006115	OXA-932	389	88.793316	83.687661	112.000000
E_9-10	ARO:3006116	OXA-935	622	95.125402	89.908360	111.000000
E_9-10	ARO:3006117	OXA-937	33	52.418182	56.251515	80.100000
E_9-10	ARO:3006121	OXA-941	7	72.557143	75.814286	87.800000
E_9-10	ARO:3006122	OXA-942	5	52.380000	41.840000	43.100000
E_9-10	ARO:3006123	OXA-943	5	79.680000	83.580000	87.800000
E_9-10	ARO:3006124	OXA-945	8	62.625000	67.887500	91.300000
E_9-10	ARO:3006125	OXA-946	12	54.658333	57.866667	84.000000
E_9-10	ARO:3006126	OXA-947	7	51.800000	56.657143	85.500000
E_9-10	ARO:3006127	OXA-948	8	59.075000	62.062500	85.500000
E_9-10	ARO:3006128	OXA-949	7	56.757143	59.685714	85.500000
E_9-10	ARO:3006129	OXY-2-14	15	60.946667	62.033333	74.700000
E_9-10	ARO:3006130	OXY-2-15	27	58.451852	60.355556	74.700000
E_9-10	ARO:3006131	PER-10	109	51.292661	53.045872	102.000000
E_9-10	ARO:3006132	PER-11	122	50.375410	53.435246	102.000000
E_9-10	ARO:3006133	PER-12	94	51.598936	52.055319	100.000000
E_9-10	ARO:3006134	PER-13	103	51.195146	53.275728	102.000000
E_9-10	ARO:3006135	PER-14	81	50.113580	51.407407	102.000000
E_9-10	ARO:3006136	PER-15	62	53.480645	51.298387	102.000000
E_9-10	ARO:3006137	PER-16	83	52.378313	52.231325	100.000000
E_9-10	ARO:3006138	PER-9	100	51.779000	53.228000	102.000000
E_9-10	ARO:3006141	OKP-A-17	105	62.524762	61.450476	77.000000
E_9-10	ARO:3006142	OKP-B-16	9	73.555556	76.211111	101.000000
E_9-10	ARO:3006143	OKP-B-21	99	62.595960	62.143434	77.000000
E_9-10	ARO:3006144	OKP-B-22	4	80.125000	78.450000	95.900000
E_9-10	ARO:3006145	OKP-B-23	9	73.555556	76.211111	101.000000
E_9-10	ARO:3006146	OKP-B-24	6	64.350000	58.016667	95.900000
E_9-10	ARO:3006147	OKP-B-34	35	56.902857	57.968571	102.000000
E_9-10	ARO:3006148	OKP-B-36	7	74.742857	78.457143	101.000000
E_9-10	ARO:3006149	OKP-B-40	35	56.468571	57.317143	102.000000
E_9-10	ARO:3006150	OKP-B-41	7	74.742857	78.457143	101.000000
E_9-10	ARO:3006151	OKP-B-45	32	56.762500	58.300000	102.000000
E_9-10	ARO:3006152	OKP-C-1	73	48.150685	49.869863	69.700000
E_9-10	ARO:3006153	OKP-D-1	162	57.775309	60.530864	73.200000
E_9-10	ARO:3006154	BEL-4	83	56.416867	56.053012	102.000000
E_9-10	ARO:3006155	CME-2	427	61.215457	63.033255	87.400000
E_9-10	ARO:3006156	GES-27	296	99.151014	93.640541	113.000000
E_9-10	ARO:3006157	GES-28	285	98.362456	92.908772	113.000000
E_9-10	ARO:3006158	GES-29	271	99.473432	93.663469	113.000000
E_9-10	ARO:3006159	GES-30	274	94.533212	92.118248	113.000000
E_9-10	ARO:3006160	GES-31	143	99.430769	99.439161	113.000000
E_9-10	ARO:3006161	GES-32	51	76.205882	75.270588	105.000000
E_9-10	ARO:3006162	GES-33	209	93.313397	91.118182	107.000000
E_9-10	ARO:3006163	GES-34	182	96.572527	95.559341	113.000000
E_9-10	ARO:3006164	GES-35	217	83.592627	84.889401	107.000000
E_9-10	ARO:3006165	GES-36	83	96.831325	97.954217	107.000000
E_9-10	ARO:3006166	GES-37	72	99.052778	100.262500	107.000000
E_9-10	ARO:3006167	GES-38	46	98.195652	98.282609	105.000000
E_9-10	ARO:3006168	GES-39	84	84.242857	84.432143	104.000000
E_9-10	ARO:3006169	GES-40	90	87.932222	88.771111	107.000000
E_9-10	ARO:3006170	GES-41	71	74.405634	75.259155	104.000000
E_9-10	ARO:3006172	GES-43	9	99.333333	103.122222	107.000000
E_9-10	ARO:3006173	GES-44	28	98.675000	99.517857	105.000000
E_9-10	ARO:3006174	GES-45	27	98.700000	99.500000	105.000000
E_9-10	ARO:3006175	GES-46	47	93.061702	94.125532	104.000000
E_9-10	ARO:3006176	IMI-12	9	53.700000	56.811111	93.600000
E_9-10	ARO:3006177	IMI-13	13	53.500000	58.484615	93.600000
E_9-10	ARO:3006178	IMI-14	10	51.630000	54.750000	93.600000
E_9-10	ARO:3006179	IMI-15	9	54.166667	55.700000	93.600000
E_9-10	ARO:3006180	IMI-16	10	56.070000	58.530000	93.600000
E_9-10	ARO:3006181	IMI-17	10	52.370000	58.950000	93.600000
E_9-10	ARO:3006182	IMI-18	10	56.070000	58.530000	93.600000
E_9-10	ARO:3006183	IMI-19	11	55.345455	57.418182	93.600000
E_9-10	ARO:3006184	IMI-20	9	51.544444	57.122222	93.600000
E_9-10	ARO:3006185	IMI-21	13	53.500000	58.484615	93.600000
E_9-10	ARO:3006188	KPC-59	2	46.950000	42.950000	46.600000
E_9-10	ARO:3006192	KPC-63	7	66.885714	49.957143	57.800000
E_9-10	ARO:3006193	KPC-64	5	60.600000	66.920000	67.400000
E_9-10	ARO:3006195	KPC-66	18	73.972222	64.361111	105.000000
E_9-10	ARO:3006197	KPC-72	3	46.600000	43.000000	44.300000
E_9-10	ARO:3006199	KPC-74	56	69.303571	68.730357	102.000000
E_9-10	ARO:3006206	KPC-81	16	84.431250	78.068750	105.000000
E_9-10	ARO:3006208	VEB-11	2161	90.102962	87.312587	113.000000
E_9-10	ARO:3006209	VEB-12	1726	89.777752	88.345886	111.000000
E_9-10	ARO:3006210	VEB-13	1998	91.534234	87.124324	111.000000
E_9-10	ARO:3006211	VEB-14	2170	88.733594	84.917373	111.000000
E_9-10	ARO:3006212	VEB-15	1831	91.027362	88.919498	113.000000
E_9-10	ARO:3006213	VEB-17	1512	90.807937	89.560648	113.000000
E_9-10	ARO:3006214	VEB-19	2166	91.399908	90.336057	113.000000
E_9-10	ARO:3006215	VEB-20	1964	92.799491	88.720010	113.000000
E_9-10	ARO:3006216	VEB-21	1807	90.497288	89.680188	113.000000
E_9-10	ARO:3006217	VEB-22	2287	93.375820	90.268518	113.000000
E_9-10	ARO:3006218	VEB-23	1998	93.361762	92.252753	113.000000
E_9-10	ARO:3006219	VEB-24	1025	88.364390	85.329171	113.000000
E_9-10	ARO:3006220	VEB-25	1878	94.177902	90.198882	113.000000
E_9-10	ARO:3006221	VEB-26	1869	94.001391	88.960674	107.000000
E_9-10	ARO:3006222	VEB-27	1408	91.886364	85.827699	113.000000
E_9-10	ARO:3006223	BKC-2	79	54.815190	54.477215	73.600000
E_9-10	ARO:3006224	CepA-29	282	54.388298	54.015957	100.000000
E_9-10	ARO:3006225	CepA-44	300	54.020333	54.548667	103.000000
E_9-10	ARO:3006226	CepA-49	311	53.338264	54.236656	100.000000
E_9-10	ARO:3006227	FRI-10	12	48.658333	48.175000	60.800000
E_9-10	ARO:3006228	ACC-1a	518	55.379923	56.872008	79.300000
E_9-10	ARO:3006229	ACC-1b	518	55.379923	56.873552	79.300000
E_9-10	ARO:3006230	ACC-1c	506	55.352174	56.835178	79.300000
E_9-10	ARO:3006231	ACC-1d	426	55.363850	56.018310	79.300000
E_9-10	ARO:3006232	ACC-7	498	54.801406	56.026908	79.300000
E_9-10	ARO:3006233	ACC-8	518	55.292278	56.769305	79.300000
E_9-10	ARO:3006234	ACT-39	65	89.061538	82.133846	112.000000
E_9-10	ARO:3006235	ACT-40	98	56.921429	53.251020	110.000000
E_9-10	ARO:3006236	ACT-41	73	85.386301	80.402740	110.000000
E_9-10	ARO:3006237	ACT-42	99	56.469697	52.621212	108.000000
E_9-10	ARO:3006238	ACT-43	42	76.914286	74.064286	110.000000
E_9-10	ARO:3006239	ACT-44	38	88.905263	86.750000	110.000000
E_9-10	ARO:3006240	ACT-45	42	93.673810	90.640476	107.000000
E_9-10	ARO:3006241	ACT-46	46	87.895652	82.939130	110.000000
E_9-10	ARO:3006242	ACT-47	67	91.292537	85.234328	112.000000
E_9-10	ARO:3006243	ACT-48	26	55.861538	51.661538	102.000000
E_9-10	ARO:3006244	ACT-49	7	66.185714	62.485714	90.500000
E_9-10	ARO:3006245	ACT-50	4	52.075000	45.150000	50.400000
E_9-10	ARO:3006246	ACT-51	9	77.233333	71.844444	96.300000
E_9-10	ARO:3006247	ACT-52	7	84.371429	74.214286	96.300000
E_9-10	ARO:3006248	ACT-53	23	46.447826	43.239130	71.600000
E_9-10	ARO:3006249	ACT-54	21	60.728571	60.123810	92.800000
E_9-10	ARO:3006250	ACT-55	46	96.363043	85.963043	110.000000
E_9-10	ARO:3006251	ACT-56	24	83.862500	80.141667	108.000000
E_9-10	ARO:3006252	ACT-57	11	84.781818	80.372727	106.000000
E_9-10	ARO:3006253	ACT-58	14	76.714286	61.957143	105.000000
E_9-10	ARO:3006254	ACT-59	34	66.279412	57.461765	107.000000
E_9-10	ARO:3006255	ACT-60	26	94.188462	87.396154	107.000000
E_9-10	ARO:3006256	ACT-61	29	95.848276	94.868966	107.000000
E_9-10	ARO:3006257	ACT-62	5	68.220000	61.400000	97.100000
E_9-10	ARO:3006258	ACT-63	24	53.479167	50.204167	102.000000
E_9-10	ARO:3006259	ACT-64	11	76.809091	71.954545	96.300000
E_9-10	ARO:3006260	ACT-65	13	60.207692	51.730769	100.000000
E_9-10	ARO:3006261	ACT-66	123	72.771545	71.050407	108.000000
E_9-10	ARO:3006262	ACT-67	57	91.080702	86.035088	112.000000
E_9-10	ARO:3006263	ACT-68	30	67.580000	58.553333	105.000000
E_9-10	ARO:3006264	ACT-69	32	76.684375	70.596875	107.000000
E_9-10	ARO:3006265	ACT-70	9	92.711111	92.455556	100.000000
E_9-10	ARO:3006266	ACT-72	43	79.302326	78.044186	107.000000
E_9-10	ARO:3006267	ACT-73	9	92.711111	92.455556	100.000000
E_9-10	ARO:3006268	ACT-74	15	90.466667	93.386667	107.000000
E_9-10	ARO:3006269	ACT-75	14	63.592857	66.171429	107.000000
E_9-10	ARO:3006270	ACT-76	15	53.193333	52.146667	90.500000
E_9-10	ARO:3006271	ACT-77	15	56.286667	58.080000	94.000000
E_9-10	ARO:3006272	ACT-78	10	49.710000	49.920000	90.500000
E_9-10	ARO:3006273	ACT-79	48	59.250000	53.058333	107.000000
E_9-10	ARO:3006274	ACT-80	11	61.509091	62.600000	94.000000
E_9-10	ARO:3006275	ACT-81	5	60.680000	57.160000	88.200000
E_9-10	ARO:3006276	ACT-82	7	69.700000	73.928571	94.000000
E_9-10	ARO:3006277	ACT-83	59	61.671186	60.276271	107.000000
E_9-10	ARO:3006278	ACT-84	47	64.485106	63.868085	107.000000
E_9-10	ARO:3006279	ACT-87	7	75.457143	75.428571	96.300000
E_9-10	ARO:3006282	ADC-102	5	53.540000	54.600000	62.800000
E_9-10	ARO:3006283	ADC-103	7	57.214286	58.928571	75.900000
E_9-10	ARO:3006284	ADC-104	7	59.242857	62.585714	73.900000
E_9-10	ARO:3006285	ADC-105	11	59.945455	63.172727	85.100000
E_9-10	ARO:3006286	ADC-106	10	58.940000	62.070000	85.100000
E_9-10	ARO:3006287	ADC-107	12	57.333333	60.258333	85.100000
E_9-10	ARO:3006288	ADC-109	9	61.555556	67.911111	75.100000
E_9-10	ARO:3006289	ADC-110	8	63.662500	69.712500	75.100000
E_9-10	ARO:3006290	ADC-112	3	57.166667	61.200000	72.000000
E_9-10	ARO:3006291	ADC-113	1	65.300000	72.000000	72.000000
E_9-10	ARO:3006293	ADC-115	1	65.300000	72.000000	72.000000
E_9-10	ARO:3006294	ADC-116	1	65.300000	72.000000	72.000000
E_9-10	ARO:3006296	ADC-119	13	46.676923	44.446154	63.500000
E_9-10	ARO:3006297	ADC-120	32	52.121875	53.687500	83.200000
E_9-10	ARO:3006298	ADC-121	7	62.114286	63.314286	73.900000
E_9-10	ARO:3006300	ADC-123	22	58.368182	61.836364	83.200000
E_9-10	ARO:3006301	ADC-125	4	59.300000	58.150000	72.000000
E_9-10	ARO:3006302	ADC-127	23	52.665217	54.600000	73.600000
E_9-10	ARO:3006303	ADC-128	21	49.661905	52.166667	73.200000
E_9-10	ARO:3006304	ADC-129	25	48.452000	49.516000	73.200000
E_9-10	ARO:3006305	ADC-130	30	50.493333	51.646667	83.200000
E_9-10	ARO:3006306	ADC-131	25	49.088000	49.788000	83.200000
E_9-10	ARO:3006307	ADC-132	14	56.250000	56.335714	76.300000
E_9-10	ARO:3006308	ADC-133	22	54.122727	56.013636	76.300000
E_9-10	ARO:3006309	ADC-134	26	55.938462	59.515385	83.200000
E_9-10	ARO:3006310	ADC-135	18	54.000000	58.855556	83.200000
E_9-10	ARO:3006311	ADC-136	24	53.458333	57.395833	83.200000
E_9-10	ARO:3006312	ADC-137	6	45.716667	52.866667	58.500000
E_9-10	ARO:3006313	ADC-138	23	53.482609	58.130435	75.500000
E_9-10	ARO:3006314	ADC-139	17	53.194118	60.252941	68.900000
E_9-10	ARO:3006315	ADC-140	1	53.100000	59.700000	59.700000
E_9-10	ARO:3006320	ADC-146	2	46.200000	38.500000	39.300000
E_9-10	ARO:3006322	ADC-148	32	53.928125	55.718750	83.200000
E_9-10	ARO:3006323	ADC-149	12	59.183333	64.491667	83.200000
E_9-10	ARO:3006324	ADC-150	19	59.857895	62.731579	83.200000
E_9-10	ARO:3006325	ADC-151	15	52.213333	59.486667	73.900000
E_9-10	ARO:3006326	ADC-152	2	57.000000	60.250000	72.000000
E_9-10	ARO:3006327	ADC-153	2	46.200000	38.500000	39.300000
E_9-10	ARO:3006328	ADC-154	3	65.866667	70.200000	73.900000
E_9-10	ARO:3006329	ADC-155	1	70.800000	72.000000	72.000000
E_9-10	ARO:3006330	ADC-156	19	54.957895	61.000000	73.900000
E_9-10	ARO:3006331	ADC-157	20	62.455000	65.100000	85.100000
E_9-10	ARO:3006332	ADC-158	6	60.316667	64.866667	85.100000
E_9-10	ARO:3006333	ADC-160	6	60.316667	64.866667	85.100000
E_9-10	ARO:3006334	ADC-162	1	65.300000	72.000000	72.000000
E_9-10	ARO:3006336	ADC-164	2	35.400000	39.100000	39.700000
E_9-10	ARO:3006337	ADC-165	1	70.800000	72.000000	72.000000
E_9-10	ARO:3006338	ADC-166	5	64.700000	68.400000	73.900000
E_9-10	ARO:3006339	ADC-167	7	63.457143	62.671429	76.300000
E_9-10	ARO:3006340	ADC-168	3	45.000000	38.900000	39.700000
E_9-10	ARO:3006341	ADC-169	3	65.300000	64.466667	72.400000
E_9-10	ARO:3006342	ADC-170	1	70.800000	72.000000	72.000000
E_9-10	ARO:3006343	ADC-171	1	53.100000	59.700000	59.700000
E_9-10	ARO:3006344	ADC-172	1	48.900000	42.400000	42.400000
E_9-10	ARO:3006346	ADC-174	1	70.800000	72.000000	72.000000
E_9-10	ARO:3006347	ADC-175	5	58.880000	57.520000	73.900000
E_9-10	ARO:3006351	ADC-179	4	59.300000	58.150000	72.000000
E_9-10	ARO:3006352	ADC-180	12	46.616667	44.650000	63.500000
E_9-10	ARO:3006353	ADC-184	12	49.066667	51.525000	72.000000
E_9-10	ARO:3006354	ADC-185	1	53.100000	59.700000	59.700000
E_9-10	ARO:3006356	ADC-187	3	45.100000	41.833333	48.500000
E_9-10	ARO:3006357	ADC-188	11	62.700000	68.345455	75.100000
E_9-10	ARO:3006358	ADC-189	2	46.200000	38.500000	39.300000
E_9-10	ARO:3006359	ADC-190	6	56.850000	54.216667	73.900000
E_9-10	ARO:3006360	ADC-191	1	68.800000	75.500000	75.500000
E_9-10	ARO:3006361	ADC-192	6	60.316667	64.866667	85.100000
E_9-10	ARO:3006362	ADC-193	28	56.992857	61.921429	83.200000
E_9-10	ARO:3006363	ADC-194	22	54.618182	58.727273	79.300000
E_9-10	ARO:3006365	ADC-196	1	51.000000	50.800000	50.800000
E_9-10	ARO:3006366	ADC-197	5	44.860000	38.340000	39.700000
E_9-10	ARO:3006370	ADC-201	31	57.670968	63.016129	86.300000
E_9-10	ARO:3006371	ADC-202	18	57.772222	62.977778	79.000000
E_9-10	ARO:3006374	ADC-205	17	47.829412	48.994118	68.900000
E_9-10	ARO:3006375	ADC-206	22	57.163636	60.863636	83.200000
E_9-10	ARO:3006376	ADC-207	24	60.933333	64.162500	83.200000
E_9-10	ARO:3006377	ADC-208	11	46.090909	48.081818	66.600000
E_9-10	ARO:3006378	ADC-209	26	59.465385	58.934615	80.900000
E_9-10	ARO:3006379	ADC-210	17	56.311765	61.794118	86.300000
E_9-10	ARO:3006380	ADC-211	1	53.100000	59.700000	59.700000
E_9-10	ARO:3006383	ADC-214	1	70.800000	72.000000	72.000000
E_9-10	ARO:3006384	ADC-215	1	70.800000	72.000000	72.000000
E_9-10	ARO:3006385	ADC-216	29	58.365517	63.486207	86.700000
E_9-10	ARO:3006390	ADC-221	19	54.221053	55.663158	76.300000
E_9-10	ARO:3006391	ADC-222	1	43.200000	48.500000	48.500000
E_9-10	ARO:3006392	ADC-223	14	59.464286	63.842857	75.100000
E_9-10	ARO:3006399	ADC-230	1	70.800000	72.000000	72.000000
E_9-10	ARO:3006403	ADC-234	13	55.484615	55.846154	73.900000
E_9-10	ARO:3006405	ADC-236	1	43.200000	48.500000	48.500000
E_9-10	ARO:3006406	ADC-237	12	52.533333	52.566667	73.900000
E_9-10	ARO:3006408	ADC-239	28	50.228571	50.796429	83.200000
E_9-10	ARO:3006409	ADC-24	17	61.611765	65.105882	83.200000
E_9-10	ARO:3006410	ADC-240	2	46.200000	38.500000	39.300000
E_9-10	ARO:3006412	ADC-242	4	39.625000	44.750000	50.400000
E_9-10	ARO:3006413	ADC-243	1	69.400000	73.200000	73.200000
E_9-10	ARO:3006414	ADC-244	1	51.000000	50.800000	50.800000
E_9-10	ARO:3006415	ADC-245	14	62.007143	64.200000	76.300000
E_9-10	ARO:3006416	ADC-246	7	48.071429	50.385714	72.000000
E_9-10	ARO:3006417	ADC-247	3	65.866667	70.200000	73.900000
E_9-10	ARO:3006418	ADC-248	3	67.333333	70.200000	73.900000
E_9-10	ARO:3006419	ADC-249	4	67.850000	70.950000	73.900000
E_9-10	ARO:3006421	ADC-251	3	65.300000	64.466667	72.400000
E_9-10	ARO:3006422	ADC-252	8	63.300000	62.387500	76.300000
E_9-10	ARO:3006423	ADC-253	15	52.680000	57.140000	69.700000
E_9-10	ARO:3006424	ADC-254	7	52.914286	51.000000	62.400000
E_9-10	ARO:3006425	ADC-255	21	49.938095	50.257143	82.800000
E_9-10	ARO:3006428	ADC-32	1	69.400000	73.200000	73.200000
E_9-10	ARO:3006430	ADC-38	2	46.200000	38.500000	39.300000
E_9-10	ARO:3006432	ADC-52	4	60.200000	64.775000	73.900000
E_9-10	ARO:3006433	ADC-53	1	66.000000	68.900000	68.900000
E_9-10	ARO:3006434	ADC-54	1	46.700000	38.100000	38.100000
E_9-10	ARO:3006438	ADC-66	1	35.400000	38.900000	38.900000
E_9-10	ARO:3006439	ADC-70	15	59.453333	62.213333	79.000000
E_9-10	ARO:3006440	ADC-83	26	49.100000	49.988462	75.500000
E_9-10	ARO:3006441	ADC-84	46	51.915217	54.445652	82.800000
E_9-10	ARO:3006442	ADC-85	26	58.757692	62.046154	84.000000
E_9-10	ARO:3006443	ADC-86	14	65.121429	68.214286	82.400000
E_9-10	ARO:3006444	ADC-87	10	52.620000	59.690000	82.800000
E_9-10	ARO:3006445	ADC-88	9	63.044444	64.311111	76.300000
E_9-10	ARO:3006448	ADC-91	1	66.000000	68.900000	68.900000
E_9-10	ARO:3006449	ADC-92	4	46.125000	52.625000	68.900000
E_9-10	ARO:3006450	ADC-93	4	40.575000	39.675000	41.600000
E_9-10	ARO:3006454	ADC-97	3	65.866667	70.200000	73.900000
E_9-10	ARO:3006455	ADC-98	4	39.950000	45.125000	50.400000
E_9-10	ARO:3006456	ADC-99	4	39.950000	45.125000	50.400000
E_9-10	ARO:3006457	CMY-137	10	63.860000	72.940000	91.700000
E_9-10	ARO:3006458	CMY-159	20	65.315000	70.330000	89.400000
E_9-10	ARO:3006459	CMY-167	3	88.933333	95.700000	104.000000
E_9-10	ARO:3006461	CMY-169	29	73.206897	73.968966	106.000000
E_9-10	ARO:3006463	CMY-174	1	46.500000	44.300000	44.300000
E_9-10	ARO:3006464	CMY-8b	233	68.124893	69.200000	105.000000
E_9-10	ARO:3006465	DHA-24	62	58.562903	57.151613	104.000000
E_9-10	ARO:3006466	DHA-25	53	58.849057	56.294340	104.000000
E_9-10	ARO:3006467	DHA-26	49	61.426531	58.618367	104.000000
E_9-10	ARO:3006468	DHA-27	87	57.189655	58.701149	104.000000
E_9-10	ARO:3006469	DHA-28	77	57.445455	58.068831	103.000000
E_9-10	ARO:3006470	DHA-29	35	58.680000	56.068571	103.000000
E_9-10	ARO:3006471	FOX-13	82	61.445122	61.610976	107.000000
E_9-10	ARO:3006472	FOX-14	81	61.335802	61.167901	107.000000
E_9-10	ARO:3006473	FOX-15	79	64.773418	64.336709	105.000000
E_9-10	ARO:3006474	FOX-16	77	61.453247	60.677922	109.000000
E_9-10	ARO:3006475	FOX-17	81	59.829630	59.149383	106.000000
E_9-10	ARO:3006477	MOX-12	114	89.118421	86.923684	109.000000
E_9-10	ARO:3006478	MOX-13	117	87.958974	84.450427	109.000000
E_9-10	ARO:3006479	MOX-14	246	69.423577	70.263821	105.000000
E_9-10	ARO:3006480	PDC-100	2	68.000000	78.550000	82.000000
E_9-10	ARO:3006486	PDC-108	5	50.780000	39.320000	43.100000
E_9-10	ARO:3006487	PDC-109	6	51.383333	45.733333	60.800000
E_9-10	ARO:3006491	PDC-113	2	54.200000	54.100000	62.400000
E_9-10	ARO:3006498	PDC-122	1	68.000000	81.600000	81.600000
E_9-10	ARO:3006501	PDC-125	61	53.272131	53.037705	66.600000
E_9-10	ARO:3006503	PDC-127	1	68.000000	75.100000	75.100000
E_9-10	ARO:3006507	PDC-130	67	54.291045	49.770149	68.200000
E_9-10	ARO:3006509	PDC-132	9	61.100000	52.433333	70.900000
E_9-10	ARO:3006510	PDC-133	1	33.300000	38.500000	38.500000
E_9-10	ARO:3006513	PDC-136	1	50.000000	50.800000	50.800000
E_9-10	ARO:3006514	PDC-137	6	43.316667	40.500000	44.300000
E_9-10	ARO:3006517	PDC-140	53	53.515094	53.183019	66.600000
E_9-10	ARO:3006518	PDC-141	69	54.288406	49.895652	68.200000
E_9-10	ARO:3006521	PDC-144	8	51.450000	55.550000	57.800000
E_9-10	ARO:3006525	PDC-148	10	50.500000	53.540000	62.400000
E_9-10	ARO:3006526	PDC-149	3	51.100000	54.666667	62.400000
E_9-10	ARO:3006529	PDC-151	49	53.163265	52.634694	66.600000
E_9-10	ARO:3006531	PDC-153	1	68.000000	75.100000	75.100000
E_9-10	ARO:3006532	PDC-154	8	52.712500	54.687500	57.000000
E_9-10	ARO:3006533	PDC-155	7	56.942857	60.957143	80.900000
E_9-10	ARO:3006535	PDC-157	2	54.200000	54.100000	62.400000
E_9-10	ARO:3006537	PDC-159	1	48.900000	50.100000	50.100000
E_9-10	ARO:3006539	PDC-160	49	51.653061	51.236735	66.600000
E_9-10	ARO:3006541	PDC-162	10	55.620000	56.280000	58.900000
E_9-10	ARO:3006542	PDC-163	2	65.850000	56.450000	70.900000
E_9-10	ARO:3006543	PDC-164	2	40.600000	39.450000	40.400000
E_9-10	ARO:3006544	PDC-165	3	52.566667	51.966667	60.800000
E_9-10	ARO:3006545	PDC-166	1	64.000000	72.400000	72.400000
E_9-10	ARO:3006546	PDC-167	1	33.300000	38.500000	38.500000
E_9-10	ARO:3006548	PDC-169	1	32.700000	38.500000	38.500000
E_9-10	ARO:3006549	PDC-17	8	55.562500	48.412500	66.200000
E_9-10	ARO:3006550	PDC-170	2	54.200000	54.100000	62.400000
E_9-10	ARO:3006556	PDC-177	2	48.500000	53.550000	55.100000
E_9-10	ARO:3006557	PDC-178	1	58.700000	61.200000	61.200000
E_9-10	ARO:3006559	PDC-18	1	51.200000	46.600000	46.600000
E_9-10	ARO:3006560	PDC-180	1	50.000000	50.800000	50.800000
E_9-10	ARO:3006561	PDC-181	12	47.741667	49.133333	53.500000
E_9-10	ARO:3006562	PDC-182	3	49.300000	49.300000	62.400000
E_9-10	ARO:3006563	PDC-184	8	49.975000	52.912500	62.400000
E_9-10	ARO:3006566	PDC-187	2	53.250000	62.400000	80.500000
E_9-10	ARO:3006567	PDC-188	5	43.980000	40.660000	44.300000
E_9-10	ARO:3006568	PDC-189	1	33.300000	38.500000	38.500000
E_9-10	ARO:3006569	PDC-190	2	55.450000	57.750000	75.100000
E_9-10	ARO:3006570	PDC-191	7	69.357143	63.028571	65.900000
E_9-10	ARO:3006571	PDC-192	2	46.850000	40.600000	42.700000
E_9-10	ARO:3006574	PDC-195	3	71.600000	72.533333	73.200000
E_9-10	ARO:3006576	PDC-197	11	52.200000	54.327273	67.000000
E_9-10	ARO:3006579	PDC-20	2	54.200000	54.100000	62.400000
E_9-10	ARO:3006581	PDC-202	16	53.368750	51.018750	67.000000
E_9-10	ARO:3006582	PDC-203	3	50.933333	49.933333	61.600000
E_9-10	ARO:3006583	PDC-204	1	58.700000	61.200000	61.200000
E_9-10	ARO:3006584	PDC-205	9	49.977778	52.677778	62.400000
E_9-10	ARO:3006589	PDC-211	2	55.450000	57.750000	75.100000
E_9-10	ARO:3006590	PDC-213	3	59.766667	67.933333	81.300000
E_9-10	ARO:3006591	PDC-214	3	55.666667	62.900000	80.500000
E_9-10	ARO:3006593	PDC-216	3	52.800000	58.366667	63.500000
E_9-10	ARO:3006597	PDC-21a	2	54.200000	54.100000	62.400000
E_9-10	ARO:3006602	PDC-222	1	55.200000	39.300000	39.300000
E_9-10	ARO:3006603	PDC-223	47	66.268085	55.444681	80.500000
E_9-10	ARO:3006604	PDC-224	14	53.307143	51.421429	67.000000
E_9-10	ARO:3006605	PDC-226	1	50.000000	50.800000	50.800000
E_9-10	ARO:3006606	PDC-227	8	66.937500	61.500000	65.900000
E_9-10	ARO:3006607	PDC-228	10	50.930000	50.020000	67.000000
E_9-10	ARO:3006610	PDC-232	6	61.966667	49.900000	70.900000
E_9-10	ARO:3006611	PDC-233	1	49.000000	51.600000	51.600000
E_9-10	ARO:3006612	PDC-234	1	50.000000	50.800000	50.800000
E_9-10	ARO:3006613	PDC-235	7	69.357143	63.028571	65.900000
E_9-10	ARO:3006614	PDC-236	2	61.350000	66.450000	72.400000
E_9-10	ARO:3006615	PDC-237	6	61.966667	49.900000	70.900000
E_9-10	ARO:3006616	PDC-238	1	32.700000	38.500000	38.500000
E_9-10	ARO:3006617	PDC-239	1	51.200000	41.200000	41.200000
E_9-10	ARO:3006619	PDC-241	63	54.550794	50.471429	82.000000
E_9-10	ARO:3006621	PDC-243	2	69.200000	41.600000	41.600000
E_9-10	ARO:3006622	PDC-244	19	52.831579	45.789474	73.900000
E_9-10	ARO:3006624	PDC-246	2	54.800000	56.600000	62.400000
E_9-10	ARO:3006625	PDC-247	48	54.077083	50.039583	68.200000
E_9-10	ARO:3006629	PDC-250	34	55.217647	54.808824	68.200000
E_9-10	ARO:3006630	PDC-251	1	48.900000	50.100000	50.100000
E_9-10	ARO:3006633	PDC-254	1	59.600000	62.400000	62.400000
E_9-10	ARO:3006635	PDC-259	12	52.025000	55.316667	62.400000
E_9-10	ARO:3006636	PDC-26	5	44.400000	47.520000	62.400000
E_9-10	ARO:3006638	PDC-261	1	59.600000	62.400000	62.400000
E_9-10	ARO:3006639	PDC-262	1	50.000000	50.800000	50.800000
E_9-10	ARO:3006640	PDC-263	58	54.274138	49.670690	68.200000
E_9-10	ARO:3006641	PDC-265	3	68.900000	62.766667	72.400000
E_9-10	ARO:3006645	PDC-270	1	46.000000	49.300000	49.300000
E_9-10	ARO:3006646	PDC-271	2	40.000000	38.900000	39.300000
E_9-10	ARO:3006650	PDC-276	7	53.385714	55.885714	63.500000
E_9-10	ARO:3006651	PDC-277	1	33.300000	38.500000	38.500000
E_9-10	ARO:3006652	PDC-278	2	52.800000	55.850000	62.400000
E_9-10	ARO:3006653	PDC-279	6	45.516667	45.266667	50.800000
E_9-10	ARO:3006654	PDC-280	19	47.647368	41.342105	55.500000
E_9-10	ARO:3006655	PDC-281	5	71.640000	62.280000	63.900000
E_9-10	ARO:3006656	PDC-282	6	48.566667	52.516667	57.000000
E_9-10	ARO:3006657	PDC-283	5	58.320000	64.940000	80.900000
E_9-10	ARO:3006661	PDC-289	1	51.600000	38.500000	38.500000
E_9-10	ARO:3006662	PDC-290	1	49.000000	53.500000	53.500000
E_9-10	ARO:3006664	PDC-294	1	46.800000	48.900000	48.900000
E_9-10	ARO:3006666	PDC-296	1	32.700000	38.500000	38.500000
E_9-10	ARO:3006668	PDC-298	1	39.000000	41.600000	41.600000
E_9-10	ARO:3006671	PDC-300	93	71.017204	57.779570	76.600000
E_9-10	ARO:3006677	PDC-307	2	40.000000	38.900000	39.300000
E_9-10	ARO:3006681	PDC-310	5	71.640000	62.280000	63.900000
E_9-10	ARO:3006684	PDC-314	10	51.470000	53.100000	57.000000
E_9-10	ARO:3006685	PDC-315	3	50.666667	51.600000	53.100000
E_9-10	ARO:3006686	PDC-316	4	71.500000	63.700000	63.900000
E_9-10	ARO:3006688	PDC-318	2	69.200000	41.600000	41.600000
E_9-10	ARO:3006689	PDC-319	11	58.872727	58.945455	63.900000
E_9-10	ARO:3006691	PDC-320	3	60.533333	42.100000	43.100000
E_9-10	ARO:3006695	PDC-326	1	64.000000	72.400000	72.400000
E_9-10	ARO:3006696	PDC-327	5	52.700000	55.840000	67.000000
E_9-10	ARO:3006698	PDC-329	1	32.700000	38.500000	38.500000
E_9-10	ARO:3006699	PDC-33	41	52.768293	53.097561	66.600000
E_9-10	ARO:3006701	PDC-331	12	70.950000	68.950000	73.900000
E_9-10	ARO:3006702	PDC-332	31	59.845161	54.754839	73.900000
E_9-10	ARO:3006703	PDC-333	82	68.429268	54.454878	76.300000
E_9-10	ARO:3006704	PDC-334	1	55.200000	39.300000	39.300000
E_9-10	ARO:3006705	PDC-335	4	71.500000	63.700000	63.900000
E_9-10	ARO:3006707	PDC-338	2	60.000000	60.850000	62.800000
E_9-10	ARO:3006708	PDC-339	3	67.133333	58.800000	62.800000
E_9-10	ARO:3006709	PDC-34	1	68.000000	75.100000	75.100000
E_9-10	ARO:3006712	PDC-342	35	53.822857	53.271429	66.600000
E_9-10	ARO:3006713	PDC-343	32	55.246875	54.628125	66.600000
E_9-10	ARO:3006714	PDC-344	41	55.470732	55.895122	66.600000
E_9-10	ARO:3006715	PDC-345	4	71.500000	63.700000	63.900000
E_9-10	ARO:3006716	PDC-347	43	54.486047	50.200000	68.200000
E_9-10	ARO:3006718	PDC-349	8	55.537500	51.250000	60.800000
E_9-10	ARO:3006720	PDC-350	1	64.000000	72.400000	72.400000
E_9-10	ARO:3006723	PDC-354	3	51.600000	48.366667	48.500000
E_9-10	ARO:3006725	PDC-356	1	39.000000	41.200000	41.200000
E_9-10	ARO:3006727	PDC-358	1	64.000000	73.200000	73.200000
E_9-10	ARO:3006730	PDC-360	18	47.516667	41.500000	55.500000
E_9-10	ARO:3006731	PDC-361	1	39.000000	41.200000	41.200000
E_9-10	ARO:3006732	PDC-362	2	52.100000	57.950000	61.600000
E_9-10	ARO:3006734	PDC-364	19	53.110526	47.257895	67.000000
E_9-10	ARO:3006744	PDC-373	1	55.200000	39.300000	39.300000
E_9-10	ARO:3006745	PDC-374	2	69.200000	41.600000	41.600000
E_9-10	ARO:3006747	PDC-377	2	69.200000	41.600000	41.600000
E_9-10	ARO:3006748	PDC-378	6	61.966667	49.900000	70.900000
E_9-10	ARO:3006749	PDC-379	16	51.925000	43.612500	73.900000
E_9-10	ARO:3006750	PDC-38	1	68.000000	75.100000	75.100000
E_9-10	ARO:3006751	PDC-381	3	71.600000	72.533333	73.200000
E_9-10	ARO:3006753	PDC-383	1	52.100000	59.300000	59.300000
E_9-10	ARO:3006756	PDC-387	2	61.600000	57.200000	75.100000
E_9-10	ARO:3006757	PDC-388	1	39.000000	42.400000	42.400000
E_9-10	ARO:3006760	PDC-390	5	51.740000	54.620000	57.400000
E_9-10	ARO:3006761	PDC-391	6	60.766667	61.300000	77.400000
E_9-10	ARO:3006763	PDC-394	4	51.150000	47.750000	54.700000
E_9-10	ARO:3006764	PDC-395	6	64.033333	54.133333	75.100000
E_9-10	ARO:3006765	PDC-396	9	52.800000	54.722222	67.000000
E_9-10	ARO:3006766	PDC-397	5	60.320000	45.940000	50.100000
E_9-10	ARO:3006767	PDC-398	2	54.000000	57.400000	64.700000
E_9-10	ARO:3006768	PDC-399	2	69.200000	41.600000	41.600000
E_9-10	ARO:3006774	PDC-404	1	58.700000	61.200000	61.200000
E_9-10	ARO:3006775	PDC-405	7	53.571429	53.085714	80.900000
E_9-10	ARO:3006776	PDC-406	1	58.000000	65.900000	65.900000
E_9-10	ARO:3006778	PDC-408	2	73.200000	63.500000	63.500000
E_9-10	ARO:3006781	PDC-411	1	46.800000	48.900000	48.900000
E_9-10	ARO:3006783	PDC-414	6	50.983333	54.733333	60.800000
E_9-10	ARO:3006785	PDC-416	5	48.460000	47.520000	52.400000
E_9-10	ARO:3006786	PDC-417	1	32.700000	38.500000	38.500000
E_9-10	ARO:3006787	PDC-418	59	63.496610	52.920339	80.100000
E_9-10	ARO:3006789	PDC-42	31	54.774194	54.341935	66.600000
E_9-10	ARO:3006790	PDC-420	2	52.100000	55.800000	55.800000
E_9-10	ARO:3006792	PDC-422	4	51.100000	55.275000	57.000000
E_9-10	ARO:3006796	PDC-426	2	43.850000	39.050000	40.400000
E_9-10	ARO:3006797	PDC-427	2	73.200000	63.500000	63.500000
E_9-10	ARO:3006799	PDC-430	1	36.700000	41.600000	41.600000
E_9-10	ARO:3006802	PDC-433	1	52.100000	59.300000	59.300000
E_9-10	ARO:3006804	PDC-435	1	52.100000	59.300000	59.300000
E_9-10	ARO:3006806	PDC-437	3	64.400000	58.633333	63.500000
E_9-10	ARO:3006811	PDC-443	9	52.800000	54.722222	67.000000
E_9-10	ARO:3006815	PDC-447	1	68.000000	82.000000	82.000000
E_9-10	ARO:3006816	PDC-448	1	55.200000	39.300000	39.300000
E_9-10	ARO:3006817	PDC-450	1	33.300000	38.500000	38.500000
E_9-10	ARO:3006819	PDC-452	1	46.800000	48.900000	48.900000
E_9-10	ARO:3006820	PDC-453	2	68.000000	78.550000	82.000000
E_9-10	ARO:3006822	PDC-455	31	55.151613	54.600000	66.600000
E_9-10	ARO:3006823	PDC-456	1	48.900000	50.100000	50.100000
E_9-10	ARO:3006826	PDC-459	1	46.800000	48.900000	48.900000
E_9-10	ARO:3006828	PDC-460	29	57.827586	51.934483	67.000000
E_9-10	ARO:3006829	PDC-462	20	53.240000	47.790000	67.000000
E_9-10	ARO:3006830	PDC-463	20	51.375000	46.420000	67.000000
E_9-10	ARO:3006832	PDC-466	18	50.511111	45.844444	66.600000
E_9-10	ARO:3006835	PDC-469	2	73.200000	63.500000	63.500000
E_9-10	ARO:3006839	PDC-473	1	64.000000	72.400000	72.400000
E_9-10	ARO:3006840	PDC-474	2	52.100000	55.800000	55.800000
E_9-10	ARO:3006844	PDC-60	3	71.600000	72.533333	73.200000
E_9-10	ARO:3006849	PDC-96	1	48.900000	50.100000	50.100000
E_9-10	ARO:3006852	PDC-99	3	49.700000	52.500000	75.500000
E_9-10	ARO:3006853	SRT-3	384	53.178385	53.558594	75.900000
E_9-10	ARO:3006854	CMH-2	25	72.832000	76.100000	103.000000
E_9-10	ARO:3006855	CMH-3	22	70.554545	72.963636	103.000000
E_9-10	ARO:3006856	CMH-4	19	70.589474	73.757895	103.000000
E_9-10	ARO:3006857	CMH-5	13	57.161538	58.892308	80.900000
E_9-10	ARO:3006858	CMH-6	20	70.860000	73.570000	103.000000
E_9-10	ARO:3006859	MIR-19	17	71.223529	69.976471	106.000000
E_9-10	ARO:3006860	MIR-20	16	70.562500	70.018750	106.000000
E_9-10	ARO:3006861	MIR-21	16	70.431250	69.943750	106.000000
E_9-10	ARO:3006862	MIR-22	9	86.544444	88.411111	106.000000
E_9-10	ARO:3006863	AAK-1	2	61.450000	57.350000	58.900000
E_9-10	ARO:3006864	CRD3-1	216	48.189815	44.719907	94.400000
E_9-10	ARO:3006865	CRH-1	58	63.903448	59.948276	78.600000
E_9-10	ARO:3006866	CRH-2	28	61.610714	59.039286	76.300000
E_9-10	ARO:3006867	CRH-3	20	61.225000	54.575000	75.100000
E_9-10	ARO:3006868	CRP-1	58	60.453448	57.996552	74.300000
E_9-10	ARO:3006869	CSA-1	138	50.835507	49.584058	78.600000
E_9-10	ARO:3006870	CSA-2	120	50.107500	48.797500	77.000000
E_9-10	ARO:3006871	CSP-1	302	59.757616	62.130132	82.000000
E_9-10	ARO:3006872	DHT2-1	72	44.898611	44.890278	72.400000
E_9-10	ARO:3006873	EAM-1	85	47.021176	45.465882	65.100000
E_9-10	ARO:3006874	EC-13	158	67.863291	67.673418	114.000000
E_9-10	ARO:3006875	EC-14	130	70.395385	70.296154	114.000000
E_9-10	ARO:3006876	EC-15	153	68.273203	68.104575	114.000000
E_9-10	ARO:3006877	EC-16	137	70.356934	70.279562	114.000000
E_9-10	ARO:3006878	EC-18	108	74.063889	73.578704	114.000000
E_9-10	ARO:3006879	EC-19	79	75.183544	75.527848	107.000000
E_9-10	ARO:3006880	EC-5	81	75.375309	75.509877	107.000000
E_9-10	ARO:3006881	EC-8	125	71.343200	71.114400	108.000000
E_9-10	ARO:3006882	ECM-1	32	51.518750	49.893750	70.500000
E_9-10	ARO:3006883	ECV-1	26	52.565385	55.157692	71.200000
E_9-10	ARO:3006884	EFM-1	30	50.926667	50.323333	69.700000
E_9-10	ARO:3006885	ELM-1	166	47.466265	44.010241	73.600000
E_9-10	ARO:3006886	EVM-1	56	50.389286	46.514286	70.500000
E_9-10	ARO:3006887	FIA-1	10	42.840000	45.520000	55.800000
E_9-10	ARO:3006888	GIL-1	254	57.652756	55.870866	78.600000
E_9-10	ARO:3006889	GMB-1	41	46.073171	45.043902	66.200000
E_9-10	ARO:3006890	AFM-1	1	50.000000	38.100000	38.100000
E_9-10	ARO:3006891	AFM-2	1	50.000000	38.100000	38.100000
E_9-10	ARO:3006892	ALG11-1	87	52.594253	50.724138	78.200000
E_9-10	ARO:3006893	ALG6-1	130	54.013077	54.444615	82.400000
E_9-10	ARO:3006894	ALI-1	2	41.900000	54.500000	55.100000
E_9-10	ARO:3006895	ALI-2	115	40.437391	42.456522	51.200000
E_9-10	ARO:3006896	ANA-1	10	54.690000	49.280000	70.900000
E_9-10	ARO:3006897	AXC-1	95	59.351579	58.508421	77.400000
E_9-10	ARO:3006898	AXC-2	94	59.034043	57.836170	77.400000
E_9-10	ARO:3006899	AXC-3	98	59.222449	57.871429	78.200000
E_9-10	ARO:3006900	AXC-4	93	59.551613	58.631183	77.400000
E_9-10	ARO:3006901	AXC-5	89	59.952809	59.251685	77.400000
E_9-10	ARO:3006902	BSU-1	439	54.205239	58.394761	95.500000
E_9-10	ARO:3006903	CAR-1	373	45.345845	45.091421	99.000000
E_9-10	ARO:3006904	CDD-1	198	44.949495	45.886869	65.500000
E_9-10	ARO:3006905	CDD-2	204	45.004902	45.814706	66.200000
E_9-10	ARO:3006906	CfiA10	47	58.138298	67.727660	109.000000
E_9-10	ARO:3006907	CfiA11	51	58.290196	66.503922	108.000000
E_9-10	ARO:3006908	CfiA14	49	58.385714	66.718367	108.000000
E_9-10	ARO:3006909	CfiA17	45	59.246667	67.446667	108.000000
E_9-10	ARO:3006910	CfiA18	49	58.383673	66.659184	109.000000
E_9-10	ARO:3006911	CfiA19	51	58.417647	66.700000	105.000000
E_9-10	ARO:3006912	CfiA2	49	58.383673	66.697959	109.000000
E_9-10	ARO:3006913	CfiA21	48	58.906250	66.612500	109.000000
E_9-10	ARO:3006914	CfiA22	51	58.409804	66.625490	105.000000
E_9-10	ARO:3006915	CfiA23	49	58.467347	66.804082	105.000000
E_9-10	ARO:3006916	CfiA24	47	59.765957	67.525532	108.000000
E_9-10	ARO:3006917	CfiA26	47	58.653191	66.804255	105.000000
E_9-10	ARO:3006918	CfiA27	48	58.843750	67.093750	104.000000
E_9-10	ARO:3006919	CfiA4	48	58.752083	67.018750	108.000000
E_9-10	ARO:3006920	CfiA8	48	58.758333	67.077083	109.000000
E_9-10	ARO:3006921	CfiA9	47	59.229787	67.634043	109.000000
E_9-10	ARO:3006922	CMA-1	84	53.471429	52.251190	79.700000
E_9-10	ARO:3006923	CMA-2	120	50.722500	48.871667	78.200000
E_9-10	ARO:3006924	CVI-1	9	61.288889	65.755556	82.400000
E_9-10	ARO:3006925	GRD23-1	8	50.462500	54.437500	71.600000
E_9-10	ARO:3006926	GRD33-1	161	54.270186	46.729814	76.300000
E_9-10	ARO:3006927	KLUC-1	26	53.200000	48.523077	59.700000
E_9-10	ARO:3006928	KLUC-2	26	53.200000	48.523077	59.700000
E_9-10	ARO:3006929	KLUC-3	29	54.703448	50.620690	87.000000
E_9-10	ARO:3006930	KLUC-4	24	52.591667	47.737500	57.800000
E_9-10	ARO:3006931	KLUC-5	25	53.660000	48.740000	59.700000
E_9-10	ARO:3006932	LEN-27	2	57.950000	55.650000	58.500000
E_9-10	ARO:3006933	LEN-28	2	81.650000	81.300000	101.000000
E_9-10	ARO:3006934	LEN-31	5	60.080000	63.220000	71.200000
E_9-10	ARO:3006935	LHK-1	129	78.375969	76.551163	112.000000
E_9-10	ARO:3006936	LHK-2	123	79.791057	78.103252	111.000000
E_9-10	ARO:3006937	LHK-3	129	79.170543	77.754264	110.000000
E_9-10	ARO:3006938	LHK-4	126	80.179365	78.610317	110.000000
E_9-10	ARO:3006939	LHK-5	119	81.590756	79.768067	108.000000
E_9-10	ARO:3006940	LHK-6	123	81.040650	79.196748	110.000000
E_9-10	ARO:3006941	LRG-1	97	53.963918	55.671134	87.400000
E_9-10	ARO:3006942	LUS-1	524	57.298855	61.634351	85.900000
E_9-10	ARO:3006943	LUT-1	201	60.708458	64.273632	88.200000
E_9-10	ARO:3006944	LUT-2	203	60.780788	64.441872	88.200000
E_9-10	ARO:3006945	LUT-3	199	60.664824	64.369849	88.200000
E_9-10	ARO:3006946	LUT-4	199	60.734673	64.344221	88.200000
E_9-10	ARO:3006947	LUT-5	189	61.089418	64.849206	88.200000
E_9-10	ARO:3006948	LUT-6	183	61.131694	65.103825	88.200000
E_9-10	ARO:3006949	MAL-1	622	59.515113	59.938264	75.900000
E_9-10	ARO:3006950	MAL-2	596	59.754698	60.245470	75.900000
E_9-10	ARO:3006951	MBL1b	100	50.076000	48.335000	104.000000
E_9-10	ARO:3006952	MOC-1	74	47.155405	50.160811	73.600000
E_9-10	ARO:3006953	MOR-2	45	58.395556	59.068889	104.000000
E_9-10	ARO:3006954	MYO-1	32	54.875000	57.790625	87.400000
E_9-10	ARO:3006955	MYX-1	18	47.772222	43.477778	68.600000
E_9-10	ARO:3006956	OHIO-1	106	51.057547	52.054717	71.200000
E_9-10	ARO:3006957	ORN-1	107	55.976636	54.440187	77.800000
E_9-10	ARO:3006958	ORN-2	107	55.976636	54.440187	77.800000
E_9-10	ARO:3006959	ORN-3	106	56.023585	54.430189	77.800000
E_9-10	ARO:3006960	ORN-4	46	59.300000	59.458696	77.800000
E_9-10	ARO:3006961	ORN-5	111	55.941441	53.714414	77.800000
E_9-10	ARO:3006962	ORN-6	96	55.636458	53.766667	78.600000
E_9-10	ARO:3006963	ORR-1	22	52.868182	52.427273	66.200000
E_9-10	ARO:3006964	PAU-1	142	79.378873	77.617606	103.000000
E_9-10	ARO:3006965	PFM-1	18	51.044444	52.600000	73.900000
E_9-10	ARO:3006966	PFM-2	20	53.315000	53.580000	80.500000
E_9-10	ARO:3006967	PFM-3	20	54.135000	53.870000	80.500000
E_9-10	ARO:3006968	PLA-1	134	55.740299	53.858955	73.600000
E_9-10	ARO:3006969	PLA-2a	131	55.739695	53.816031	73.600000
E_9-10	ARO:3006970	PLA-3	128	55.693750	53.675781	73.600000
E_9-10	ARO:3006971	PLA-6	148	56.045946	54.091892	73.600000
E_9-10	ARO:3006972	PLN-1	90	50.918889	51.174444	80.500000
E_9-10	ARO:3006973	PME-1	67	59.874627	54.405970	105.000000
E_9-10	ARO:3006974	POM-1	67	44.814925	44.091045	70.500000
E_9-10	ARO:3006975	POM-2	66	44.824242	44.134848	70.500000
E_9-10	ARO:3006976	PST-1	15	47.480000	45.953333	71.600000
E_9-10	ARO:3006977	PST-2	15	47.480000	45.953333	71.600000
E_9-10	ARO:3006978	PSV-1	74	57.989189	60.050000	73.200000
E_9-10	ARO:3006979	RAHN-1	23	59.352174	61.273913	101.000000
E_9-10	ARO:3006980	RAHN-2	24	57.250000	59.570833	90.100000
E_9-10	ARO:3006981	RSA2-1	38	55.571053	52.881579	66.600000
E_9-10	ARO:3006982	RSD2-1	490	83.576939	81.680612	108.000000
E_9-10	ARO:3006983	RSD2-2	496	84.021371	81.389113	108.000000
E_9-10	ARO:3006984	RUB-1	97	53.532990	52.290722	73.600000
E_9-10	ARO:3006985	SFC-1	7	47.900000	46.128571	50.800000
E_9-10	ARO:3006986	SFO-1	34	65.102941	63.461765	111.000000
E_9-10	ARO:3006987	SGM-1	57	55.928070	53.398246	95.900000
E_9-10	ARO:3006988	SGM-2	49	60.979592	58.293878	87.400000
E_9-10	ARO:3006989	SGM-3	47	58.765957	56.644681	91.700000
E_9-10	ARO:3006990	SGM-4	57	59.840351	57.833333	88.200000
E_9-10	ARO:3006991	SGM-5	60	56.198333	55.598333	101.000000
E_9-10	ARO:3006992	SGM-6	41	59.468293	56.982927	102.000000
E_9-10	ARO:3006993	SGM-7	46	59.228261	57.404348	102.000000
E_9-10	ARO:3006994	SHN-1	5	44.900000	44.360000	51.600000
E_9-10	ARO:3006995	SPN79-1	13	52.046154	50.784615	79.300000
E_9-10	ARO:3006996	SPR-1	42	47.616667	46.130952	67.400000
E_9-10	ARO:3006997	SPS-1	39	50.220513	54.338462	68.600000
E_9-10	ARO:3006998	SPU-1	304	59.811184	62.206579	82.000000
E_9-10	ARO:3006999	SST-1	336	52.558333	52.123214	75.900000
E_9-10	ARO:3007000	STA-1	5	53.580000	50.140000	65.100000
E_9-10	ARO:3007001	TER-1	204	57.781373	56.073039	69.700000
E_9-10	ARO:3007002	TTU-1	23	46.047826	53.839130	75.500000
E_9-10	ARO:3007003	VHH-1	158	63.048101	64.188608	77.000000
E_9-10	ARO:3007004	VHW-1	129	62.410078	63.715504	72.400000
E_9-10	ARO:3007005	YEM-1	32	46.287500	49.353125	80.500000
E_9-10	ARO:3007006	ZOG-1	18	49.127778	51.250000	69.300000
E_9-10	ARO:3007007	TER-2	243	59.085185	58.004527	74.300000
E_9-10	ARO:3007010	norC	655	57.474046	55.994962	92.400000
E_9-10	ARO:3007011	mdeA	161	41.343478	41.548447	70.100000
E_9-10	ARO:3007013	sdrM	1175	44.291234	45.665702	65.900000
E_9-10	ARO:3007014	qacJ	646	51.661920	46.434056	67.000000
E_9-10	ARO:3007015	qacG	868	49.660484	46.555069	66.200000
E_9-10	ARO:3007017	SHD-1	26	47.738462	55.026923	74.300000
E_9-10	ARO:3007019	fexB	84	41.064286	41.903571	59.300000
E_9-10	ARO:3007021	PFM-4	19	54.105263	54.563158	80.900000
E_9-10	ARO:3007026	salB	3851	43.440561	42.550532	60.100000
E_9-10	ARO:3007027	salC	3225	42.822853	43.333519	64.300000
E_9-10	ARO:3007028	salD	6522	45.957697	41.354768	63.500000
E_9-10	ARO:3007029	salE	2803	47.867892	42.123653	71.200000
E_9-10	ARO:3007032	Erm(50)	166	50.400000	46.427108	96.300000
E_9-10	ARO:3007033	Erm(51)	155	48.600645	47.229677	94.700000
E_9-10	ARO:3007041	Erm(52)	1324	44.036858	42.768202	103.000000
E_9-10	ARO:3007042	msr(G)	5833	49.320915	47.676959	77.000000
E_9-10	ARO:3007043	msr(I)	20112	49.622922	46.462709	80.100000
E_9-10	ARO:3007044	mef(F)	492	50.845325	46.958943	89.000000
E_9-10	ARO:3007047	mef(H)	5	35.000000	37.720000	38.100000
E_9-10	ARO:3007049	mef(J)	616	49.518182	47.034903	74.300000
E_9-10	ARO:3007050	mreA	845	49.142485	47.198225	80.900000
E_9-10	ARO:3007062	VAM-1	10	47.480000	56.780000	78.200000
E_9-10	ARO:3007069	FosY	20	51.705000	40.460000	44.300000
E_9-10	ARO:3007070	MCR-1.33	2383	56.078850	57.113596	86.700000
E_9-10	ARO:3007075	cph	49	46.193878	41.583673	47.000000
E_9-10	ARO:3007085	PRC-1	113	54.201770	56.458407	99.000000
E_9-10	ARO:3007089	KPC-83	1	36.800000	38.900000	38.900000
E_9-10	ARO:3007097	FosM1	2	60.400000	45.450000	52.800000
E_9-10	ARO:3007098	FosM2	2	58.100000	44.850000	51.200000
E_9-10	ARO:3007099	FosM3	7	44.714286	40.428571	50.800000
E_9-10	ARO:3007101	BcIII	49	47.557143	54.414286	84.000000
E_9-10	ARO:3007104	nimA	853	56.938335	57.857093	90.100000
E_9-10	ARO:3007105	nimC	592	56.157264	57.993074	85.500000
E_9-10	ARO:3007106	nimD	743	58.620727	59.911306	89.000000
E_9-10	ARO:3007107	nimE	603	60.897512	61.433499	109.000000
E_9-10	ARO:3007108	nimF	647	58.416229	62.048995	89.000000
E_9-10	ARO:3007109	nimG	777	58.726641	60.481467	91.700000
E_9-10	ARO:3007110	nimH	687	59.163610	61.274381	94.000000
E_9-10	ARO:3007111	nimI	406	58.993596	59.357143	87.400000
E_9-10	ARO:3007112	nimJ	632	57.705380	59.269778	103.000000
E_9-10	ARO:3007113	nimK	684	54.963889	55.342690	78.600000
E_9-10	ARO:3007118	crxA	8	48.450000	48.425000	67.800000
E_9-10	ARO:3007119	tet(O/32/O)	24661	53.154536	50.033620	114.000000
E_9-10	ARO:3007120	tet(O/M/O)	25519	54.614758	50.699534	112.000000
E_9-10	ARO:3007121	tet(O/W)	25750	54.299491	50.431014	113.000000
E_9-10	ARO:3007122	tet(O/W/32/O)	25824	54.388960	50.536687	111.000000
E_9-10	ARO:3007123	tet(O/W/O)	25753	54.333984	50.454856	114.000000
E_9-10	ARO:3007124	tet(W/32/O)	23540	53.841457	49.040909	107.000000
E_9-10	ARO:3007125	ROB-11	64	47.323437	44.660937	70.100000
E_9-10	ARO:3007126	ROB-12	64	47.323437	44.660937	70.100000
E_9-10	ARO:3007127	otr(A)S.liv	13229	54.207393	46.663943	77.000000
E_9-10	ARO:3007137	mcr-10.1	1834	55.088168	59.355834	97.100000
E_9-10	ARO:3007180	MAB	21	54.880952	54.366667	71.200000
E_9-10	ARO:3007182	blaC	19	55.168421	58.278947	75.500000
E_9-10	ARO:3007188	vanH_in_vanP_cl	5702	48.390477	47.363644	70.500000
E_9-10	ARO:3007189	vanP	3068	49.345078	48.005639	77.000000
E_9-10	ARO:3007190	vanX_in_vanP_cl	330	55.936364	52.722121	74.700000
E_9-10	ARO:3007191	vanR_in_vanP_cl	17842	51.987137	49.660627	94.400000
E_9-10	ARO:3007192	vanS_in_vanP_cl	3309	46.413660	44.030644	79.700000
E_9-10	ARO:3007199	PAM-1	136	47.295588	43.186029	68.900000
E_9-10	ARO:3007200	PAM-2	78	45.247436	44.289744	72.000000
E_9-10	ARO:3007201	PAM-3	75	45.340000	44.598667	72.000000
E_9-10	ARO:3007204	AAC(6')-Iap	61	45.496721	44.855738	61.200000
E_9-10	ARO:3007206	KBL-1	164	57.575000	58.247561	72.000000
E_9-10	ARO:3007208	HelR	783	62.145083	59.609962	103.000000
E_9-10	ARO:3007209	Sven_rox	1528	60.150131	49.190969	94.400000
E_9-10	ARO:3007210	Nfar_rox	1174	59.275894	52.931090	99.400000
E_9-10	ARO:3007227	MCR-8.3	2946	52.966836	55.305058	89.000000
E_9-10	ARO:3007228	MCR-8.4	3023	52.886900	55.337479	89.400000
E_9-10	ARO:3007229	MCR-8.2	3001	53.143486	55.399067	91.300000
E_9-10	ARO:3007230	MCR-1.34	1961	56.442580	57.248088	86.700000
E_9-10	ARO:3007231	MCR-4.6	2016	54.722421	59.280208	94.000000
E_9-10	ARO:3007232	MCR-1.27	1461	56.693155	57.296441	86.700000
E_9-10	ARO:3007233	MCR-1.18	1161	56.182343	55.141171	80.500000
E_9-10	ARO:3007234	MCR-1.23	933	55.955413	53.582315	76.300000
E_9-10	ARO:3007235	MCR-1.20	878	55.816401	53.492027	75.900000
E_9-10	ARO:3007236	MCR-1.28	815	55.735951	53.596442	75.900000
E_9-10	ARO:3007237	MCR-1.21	647	56.420093	53.382380	75.900000
E_9-10	ARO:3007238	MCR-1.16	664	54.653313	52.684789	75.900000
E_9-10	ARO:3007239	MCR-1.22	533	55.635272	53.611069	75.900000
E_9-10	ARO:3007240	MCR-1.19	361	54.747368	53.224654	75.900000
E_9-10	ARO:3007241	MCR-1.29	128	56.850781	57.873437	75.900000
E_9-10	ARO:3007242	MCR-1.30	157	54.424204	57.926115	72.000000
E_9-10	ARO:3007243	MCR-1.24	56	57.701786	54.576786	73.900000
E_9-10	ARO:3007244	MCR-1.17	1	42.600000	50.400000	50.400000
E_9-10	ARO:3007248	MCR-3.33	1521	54.024523	58.076068	113.000000
E_9-10	ARO:3007249	MCR-3.14	1357	54.241783	57.901253	114.000000
E_9-10	ARO:3007250	MCR-3.37	1512	54.725000	58.074669	113.000000
E_9-10	ARO:3007251	MCR-3.38	844	54.246445	57.804265	113.000000
E_9-10	ARO:3007252	MCR-3.15	972	54.704630	57.424383	113.000000
E_9-10	ARO:3007253	MCR-3.27	903	55.004319	57.654264	113.000000
E_9-10	ARO:3007254	MCR-3.32	1312	53.473018	57.181402	115.000000
E_9-10	ARO:3007255	MCR-3.31	1320	53.192273	56.118939	115.000000
E_9-10	ARO:3007256	MCR-3.23	942	53.329193	56.219851	114.000000
E_9-10	ARO:3007257	MCR-3.36	1466	53.974761	57.419168	113.000000
E_9-10	ARO:3007258	MCR-3.25	1195	54.406444	57.603180	114.000000
E_9-10	ARO:3007259	MCR-3.22	1090	52.870367	56.892936	113.000000
E_9-10	ARO:3007260	MCR-3.16	1176	54.481293	57.232568	114.000000
E_9-10	ARO:3007261	MCR-3.26	845	53.658935	56.851598	113.000000
E_9-10	ARO:3007262	MCR-3.21	804	53.769403	56.904851	113.000000
E_9-10	ARO:3007263	MCR-3.18	1310	52.631756	56.129618	114.000000
E_9-10	ARO:3007264	MCR-3.40	783	52.849425	56.290549	114.000000
E_9-10	ARO:3007265	MCR-3.24	717	52.706137	55.931799	114.000000
E_9-10	ARO:3007266	MCR-3.20	1926	53.311163	56.833697	113.000000
E_9-10	ARO:3007267	MCR-3.35	1209	54.768156	58.862531	113.000000
E_9-10	ARO:3007268	MCR-3.34	1320	54.496894	58.992197	113.000000
E_9-10	ARO:3007269	MCR-3.13	900	55.615444	57.593333	113.000000
E_9-10	ARO:3007270	MCR-3.28	1261	55.795638	59.591356	114.000000
E_9-10	ARO:3007271	MCR-3.39	673	52.813076	56.263744	114.000000
E_9-10	ARO:3007272	MCR-3.29	843	51.981851	56.441044	114.000000
E_9-10	ARO:3007273	MCR-3.19	579	53.292573	56.656304	114.000000
E_9-10	ARO:3007274	MCR-10.5	1876	55.133049	59.451866	97.100000
E_9-10	ARO:3007275	MCR-10.3	1791	54.942993	59.013345	97.100000
E_9-10	ARO:3007276	MCR-10.4	1884	55.042357	59.398779	97.100000
E_9-10	ARO:3007277	MCR-10.2	1831	54.984653	59.204642	97.100000
E_9-10	ARO:3007278	MCR-3.17	1534	53.219426	57.476597	114.000000
E_9-10	ARO:3007279	MCR-1.15	2874	56.229367	56.874078	86.700000
E_9-10	ARO:3007280	MCR-1.26	3260	55.947454	56.477822	86.700000
E_9-10	ARO:3007281	MCR-5.4	2996	57.412216	58.870227	111.000000
E_9-10	ARO:3007282	MCR-5.3	3051	57.259095	58.718617	111.000000
E_9-10	ARO:3007283	MCR-2.4	2512	56.446736	59.435709	89.000000
E_9-10	ARO:3007284	MCR-2.3	2570	56.277899	58.934981	89.000000
E_9-10	ARO:3007285	MCR-2.8	2106	55.668519	57.514150	86.700000
E_9-10	ARO:3007286	MCR-2.5	2513	56.244210	59.213211	89.000000
E_9-10	ARO:3007287	MCR-2.7	2526	56.220309	59.090063	89.000000
E_9-10	ARO:3007288	MCR-2.6	2504	56.206270	59.052356	89.000000
E_9-10	ARO:3007368	FosG	88	51.307955	51.375000	77.800000
E_9-10	ARO:3007369	FosH	132	64.532576	58.510606	87.400000
E_9-10	ARO:3007370	FosI	137	64.348905	60.694891	87.800000
E_9-10	ARO:3007371	FosA8	70	61.288571	62.884286	93.600000
E_9-10	ARO:3007372	FosBx1	15	48.386667	40.100000	50.400000
E_9-10	ARO:3007374	PJM-1	156	53.391667	47.533333	79.000000
E_9-10	ARO:3007375	KPC-87	42	72.390476	73.473810	105.000000
E_9-10	ARO:3007401	ANT(9)-Ib	15	45.060000	48.460000	55.800000
E_9-10	ARO:3007402	KPC-94	5	99.160000	79.680000	105.000000
E_9-10	ARO:3007427	ThfT	16	66.600000	62.581250	81.600000
E_9-10	ARO:3007433	almE	103	45.319417	42.279612	57.800000
E_9-10	ARO:3007435	WUS-1	73	43.754795	47.593151	72.800000
E_9-10	ARO:3007436	KPC-96	12	63.433333	58.325000	68.900000
E_9-10	ARO:3007437	EBR-5	25	48.448000	58.296000	73.900000
E_9-10	ARO:3007438	LAQ-1	34	59.467647	61.029412	96.300000
E_9-10	ARO:3007442	SSA	186	56.855376	55.474194	76.600000
E_9-10	ARO:3007454	TEM-245	1	49.000000	45.100000	45.100000
E_9-10	ARO:3007456	dfrL	1709	50.496489	50.909128	68.200000
E_9-10	ARO:3007459	EstT	304	50.329934	51.295395	110.000000
E_9-10	ARO:3007460	IMP-91	12	45.966667	48.583333	78.600000
E_9-10	ARO:3007461	IMP-96	4	88.575000	76.425000	105.000000
E_9-10	ARO:3007462	IMP-92	12	40.950000	45.316667	62.000000
E_9-10	ARO:3007463	IMP-93	4	73.725000	59.775000	102.000000
E_9-10	ARO:3007464	IMP-94	8	44.012500	43.512500	61.200000
E_9-10	ARO:3007465	IMP-95	6	55.633333	61.316667	103.000000
E_9-10	ARO:3007470	IND-17	32	46.659375	56.384375	72.800000
E_9-10	ARO:3007483	RAD-1	621	48.211111	52.085024	94.700000
E_9-10	ARO:3007489	dfrB10	158	79.071519	66.908228	107.000000
E_9-10	ARO:3007490	dfrB11	151	78.182781	67.148344	104.000000
E_9-10	ARO:3007492	tet(62)	4886	54.532235	51.817888	88.200000
E_9-10	ARO:3007493	tet(63)	26	48.100000	46.807692	75.900000
E_9-10	ARO:3007494	tet(64)	5312	55.821574	51.915267	85.500000
E_9-10	ARO:3007509	Sfle_acrA	6964	55.546267	53.155055	101.000000
E_9-10	ARO:3007515	ANT(9)-Ic	124	48.298387	48.788710	68.200000
E_9-10	ARO:3007533	MCR-4.7	2113	54.513157	59.120776	94.000000
E_9-10	ARO:3007539	APH(9)-Ic	73	52.000000	52.347945	92.800000
E_9-10	ARO:3007561	OXA-1038	111	50.308108	50.866667	63.200000
E_9-10	ARO:3007562	OXA-1039	2	50.400000	46.600000	49.300000
E_9-10	ARO:3007632	FRI-11	11	49.390909	48.645455	60.100000
E_9-10	ARO:3007635	CAE-1	202	64.076238	60.203465	106.000000
E_9-10	ARO:3007637	cplR	31385	47.761386	44.844219	77.000000
E_9-10	ARO:3007644	Cper_cplR	28309	46.882115	45.577693	74.300000
E_9-10	ARO:3007645	Cspo_cplR	20707	45.331801	45.796692	72.800000
E_9-10	ARO:3007648	PSZ-1	90	64.154444	62.214444	78.600000
E_9-10	ARO:3007650	CDA-1	24	55.375000	56.400000	86.700000
E_9-10	ARO:3007654	erm(56)	158	53.273418	50.568354	97.800000
E_9-10	ARO:3007659	Rv2856	756	64.634127	64.451323	100.000000
E_9-10	ARO:3007662	Rv1877	1622	51.845006	51.651233	94.700000
E_9-10	ARO:3007669	aadT	1396	50.191261	47.743696	91.700000
E_9-10	ARO:3007671	CdnimB	372	47.393548	50.031452	76.600000
E_9-10	ARO:3007678	IreK	9621	46.214001	46.635007	100.000000
E_9-10	ARO:3007682	MdtQ	554	53.238989	50.699097	110.000000
E_9-10	ARO:3007694	AMZ-1	471	57.793206	61.193631	82.000000
E_9-10	ARO:3007695	CMY-185	1	73.900000	75.500000	75.500000
E_9-10	ARO:3007770	aac(6')-Ib-cr10	411	94.171776	88.840389	110.000000
E_9-10	ARO:3007771	aac(6')-Ib-cr11	395	94.760253	89.032911	110.000000
E_9-10	ARO:3007801	RATA-1	446	59.450897	59.741704	102.000000
E_9-10	ARO:3007802	RATA-2	423	59.796927	59.721040	104.000000
E_9-10	ARO:3007803	CARB-56	310	61.394516	63.019032	72.800000
E_9-10	ARO:3007804	VIM-74	1	57.600000	49.300000	49.300000
E_9-10	ARO:3007812	VIM-75	9	47.866667	57.688889	65.100000
E_9-10	ARO:3007813	VIM-76	12	48.183333	54.191667	64.700000
E_9-10	ARO:3007815	VIM-78	2	53.200000	54.700000	54.700000
E_9-10	ARO:3007817	VIM-80	9	49.811111	51.766667	65.500000
E_9-10	ARO:3007819	VIM-82	4	49.525000	55.175000	55.800000
E_9-10	ARO:3007820	VIM-83	7	46.342857	58.542857	65.100000
E_9-10	ARO:3007821	VIM-84	2	53.200000	54.700000	54.700000
E_9-10	ARO:3007822	VIM-85	3	53.500000	52.400000	54.700000
E_9-10	ARO:3007823	VIM-86	6	45.133333	54.233333	65.100000
E_9-10	ARO:3007825	GES-47	105	78.446667	78.555238	104.000000
E_9-10	ARO:3007826	GES-48	84	83.779762	83.620238	104.000000
E_9-10	ARO:3007827	GES-49	76	94.857895	94.542105	104.000000
E_9-10	ARO:3007828	GES-50	78	85.329487	85.129487	104.000000
E_9-10	ARO:3007829	GES-51	56	96.608929	96.003571	104.000000
E_9-10	ARO:3007830	GES-52	42	97.973810	98.423810	105.000000
E_9-10	ARO:3007831	GES-53	69	97.218841	96.630435	104.000000
E_9-10	ARO:3007832	GES-54	67	87.662687	87.144776	104.000000
E_9-10	ARO:3007833	GES-55	14	100.000000	99.750000	104.000000
E_9-10	ARO:3007834	GES-56	61	76.621311	77.765574	103.000000
E_9-10	ARO:3007835	GES-57	33	90.118182	91.739394	103.000000
E_9-10	ARO:3007836	CARB-57	300	62.227333	63.271667	72.800000
E_9-10	ARO:3007837	CARB-58	551	88.502178	48.929220	108.000000
E_9-10	ARO:3007838	tet(65)	3589	52.252744	48.502591	81.300000
E_9-10	ARO:3007840	CIM-1	38	54.060526	58.965789	84.700000
E_9-10	ARO:3007846	SIE-1	82	50.752439	49.235366	85.900000
E_9-10	ARO:3007848	NWM-1	320	45.328438	41.117500	65.900000
E_9-10	ARO:3007855	CHM-1	39	63.394872	67.071795	98.200000
E_9-10	ARO:3007859	BIM-1	7	67.985714	71.185714	106.000000
E_9-10	ARO:3007861	DYB-1	51	53.362745	60.172549	82.000000
E_9-10	ARO:3007883	ACT-100	6	82.750000	79.466667	96.300000
E_9-10	ARO:3007884	ACT-101	5	76.480000	73.260000	96.300000
E_9-10	ARO:3007885	ACT-102	10	67.630000	67.090000	96.300000
E_9-10	ARO:3007886	ACT-103	5	75.620000	72.640000	92.800000
E_9-10	ARO:3007887	ACT-104	63	59.130159	56.966667	83.600000
E_9-10	ARO:3007888	ACT-105	33	64.766667	55.281818	106.000000
E_9-10	ARO:3007889	ACT-106	50	54.596000	51.996000	100.000000
E_9-10	ARO:3007890	ACT-107	19	66.515789	68.173684	92.800000
E_9-10	ARO:3007891	ACT-108	38	54.397368	52.581579	103.000000
E_9-10	ARO:3007892	ACT-109	89	62.273034	59.448315	89.400000
E_9-10	ARO:3007893	ACT-110	3	76.833333	79.966667	92.800000
E_9-10	ARO:3007894	ACT-111	3	68.633333	71.400000	96.700000
E_9-10	ARO:3007895	ACT-112	18	58.400000	56.461111	92.800000
E_9-10	ARO:3007896	ACT-113	1	60.600000	44.700000	44.700000
E_9-10	ARO:3007897	ACT-115	9	90.488889	96.100000	107.000000
E_9-10	ARO:3007898	ACT-116	9	84.044444	81.655556	105.000000
E_9-10	ARO:3007899	ACT-117	19	58.405263	57.252632	89.400000
E_9-10	ARO:3007900	ACT-118	17	64.335294	68.635294	102.000000
E_9-10	ARO:3007901	ACT-119	67	54.802985	52.158209	95.500000
E_9-10	ARO:3007902	ACT-120	36	53.972222	52.347222	97.400000
E_9-10	ARO:3007903	ACT-121	37	54.554054	53.286486	97.400000
E_9-10	ARO:3007904	ACT-122	14	70.421429	72.857143	107.000000
E_9-10	ARO:3007905	ACT-123	1	60.600000	44.700000	44.700000
E_9-10	ARO:3007906	ACT-124	6	46.500000	44.550000	55.100000
E_9-10	ARO:3007907	ACT-131	18	57.000000	55.488889	88.600000
E_9-10	ARO:3007908	ACT-140	11	52.027273	53.881818	90.500000
E_9-10	ARO:3007909	ACT-141	25	59.100000	59.408000	107.000000
E_9-10	ARO:3007910	ACT-142	10	65.470000	64.230000	83.200000
E_9-10	ARO:3007911	ACT-143	12	63.225000	67.041667	89.700000
E_9-10	ARO:3007912	ACT-144	32	53.675000	50.993750	107.000000
E_9-10	ARO:3007913	ACT-145	9	83.822222	81.588889	105.000000
E_9-10	ARO:3007914	ACT-146	12	58.783333	61.300000	94.000000
E_9-10	ARO:3007915	ACT-148	8	55.112500	54.925000	60.800000
E_9-10	ARO:3007916	ACT-150	57	46.501754	43.903509	83.200000
E_9-10	ARO:3007917	ACT-151	17	63.852941	64.323529	103.000000
E_9-10	ARO:3007918	ACT-153	10	54.760000	56.460000	90.500000
E_9-10	ARO:3007919	ACT-154	13	54.961538	58.953846	83.200000
E_9-10	ARO:3007920	ACT-155	12	50.550000	50.550000	75.500000
E_9-10	ARO:3007921	ACT-156	30	52.763333	54.413333	102.000000
E_9-10	ARO:3007922	ACT-157	13	51.523077	50.900000	75.500000
E_9-10	ARO:3007923	ACT-158	35	50.408571	48.277143	103.000000
E_9-10	ARO:3007924	ACT-159	9	58.922222	55.933333	105.000000
E_9-10	ARO:3007925	ACT-160	12	58.783333	61.300000	94.000000
E_9-10	ARO:3007926	ACT-161	83	61.096386	57.477108	83.200000
E_9-10	ARO:3007927	ACT-162	23	54.339130	50.378261	83.200000
E_9-10	ARO:3007928	ACT-165	20	58.860000	61.155000	94.000000
E_9-10	ARO:3007929	ACT-166	17	54.900000	55.541176	89.400000
E_9-10	ARO:3007930	ACT-167	2	76.500000	83.550000	97.800000
E_9-10	ARO:3007931	ACT-168	2	54.000000	58.750000	70.100000
E_9-10	ARO:3007932	ACT-169	1	77.600000	83.200000	83.200000
E_9-10	ARO:3007933	ACT-170	8	50.187500	51.025000	90.500000
E_9-10	ARO:3007934	ACT-171	1	60.600000	44.700000	44.700000
E_9-10	ARO:3007935	ACT-172	9	52.077778	53.355556	90.500000
E_9-10	ARO:3007936	ACT-173	32	72.646875	73.387500	112.000000
E_9-10	ARO:3007937	ACT-174	10	50.640000	49.980000	61.200000
E_9-10	ARO:3007938	ACT-175	7	46.028571	46.771429	68.600000
E_9-10	ARO:3007939	ACT-176	1	46.900000	50.400000	50.400000
E_9-10	ARO:3007940	ACT-177	52	66.326923	61.700000	111.000000
E_9-10	ARO:3007941	ACT-178	78	47.428205	43.356410	57.400000
E_9-10	ARO:3007943	ACT-180	1	46.900000	50.400000	50.400000
E_9-10	ARO:3007944	ACT-181	56	45.946429	43.201786	63.900000
E_9-10	ARO:3007945	ACT-182	23	75.582609	73.756522	105.000000
E_9-10	ARO:3007946	ACT-183	8	51.912500	50.462500	56.600000
E_9-10	ARO:3007947	ACT-184	13	54.192308	54.461538	103.000000
E_9-10	ARO:3007948	ACT-185	63	64.123810	61.323810	83.600000
E_9-10	ARO:3007949	ACT-186	1	60.600000	44.700000	44.700000
E_9-10	ARO:3007950	ACT-187	11	52.927273	55.372727	68.200000
E_9-10	ARO:3007951	ACT-188	8	59.762500	60.900000	94.000000
E_9-10	ARO:3007952	ACT-189	12	90.758333	68.291667	94.400000
E_9-10	ARO:3007953	ACT-190	2	58.200000	64.900000	83.200000
E_9-10	ARO:3007954	ACT-191	8	50.362500	51.087500	56.600000
E_9-10	ARO:3007955	ACT-192	37	89.637838	80.078378	112.000000
E_9-10	ARO:3007956	ACT-193	1	46.900000	50.400000	50.400000
E_9-10	ARO:3007957	ACT-194	4	54.300000	55.075000	56.600000
E_9-10	ARO:3007958	ACT-85	106	62.255660	59.553774	111.000000
E_9-10	ARO:3007959	ACT-86	109	63.369725	60.929358	111.000000
E_9-10	ARO:3007960	ACT-88	114	47.535965	50.679825	89.400000
E_9-10	ARO:3007961	ACT-89	5	51.700000	43.600000	47.800000
E_9-10	ARO:3007962	ACT-90	43	82.427907	73.620930	112.000000
E_9-10	ARO:3007963	ACT-91	9	63.355556	62.133333	105.000000
E_9-10	ARO:3007964	ACT-92	7	87.028571	85.328571	105.000000
E_9-10	ARO:3007965	ACT-93	7	85.300000	80.014286	106.000000
E_9-10	ARO:3007966	ACT-94	5	53.840000	55.080000	56.600000
E_9-10	ARO:3007967	ACT-95	5	62.860000	71.960000	83.200000
E_9-10	ARO:3007968	ACT-96	7	73.314286	81.214286	89.700000
E_9-10	ARO:3007970	ACT-98	56	58.903571	56.067857	79.300000
E_9-10	ARO:3007971	ACT-99	5	54.880000	55.200000	79.300000
E_9-10	ARO:3007973	ADC-257	4	60.200000	64.775000	73.900000
E_9-10	ARO:3007975	ADC-259	1	54.000000	65.100000	65.100000
E_9-10	ARO:3007980	ADC-264	22	53.913636	57.990909	79.300000
E_9-10	ARO:3007981	ADC-265	23	59.656522	64.995652	79.000000
E_9-10	ARO:3007982	ADC-266	23	49.091304	49.904348	82.800000
E_9-10	ARO:3007985	ADC-269	14	55.942857	62.878571	68.900000
E_9-10	ARO:3007988	ADC-272	3	38.666667	40.033333	42.400000
E_9-10	ARO:3007990	ADC-274	8	47.712500	48.175000	61.200000
E_9-10	ARO:3007993	ADC-277	1	69.400000	73.200000	73.200000
E_9-10	ARO:3007994	ADC-278	1	40.000000	39.700000	39.700000
E_9-10	ARO:3007996	ADC-280	1	41.300000	40.000000	40.000000
E_9-10	ARO:3007997	ADC-281	10	58.590000	66.420000	75.100000
E_9-10	ARO:3007998	ADC-282	15	60.673333	64.633333	79.000000
E_9-10	ARO:3007999	ADC-283	1	41.300000	40.000000	40.000000
E_9-10	ARO:3008000	ADC-284	15	55.326667	61.226667	68.900000
E_9-10	ARO:3008001	ADC-285	13	56.792308	56.123077	76.300000
E_9-10	ARO:3008002	ADC-286	5	51.680000	54.820000	69.300000
E_9-10	ARO:3008003	ADC-287	5	51.680000	54.820000	69.300000
E_9-10	ARO:3008004	ADC-288	13	60.115385	66.830769	83.600000
E_9-10	ARO:3008005	ADC-289	24	49.112500	49.070833	82.800000
E_9-10	ARO:3008006	ADC-290	9	53.577778	58.377778	86.700000
E_9-10	ARO:3008007	ADC-291	6	41.466667	41.533333	47.800000
E_9-10	ARO:3008008	ADC-292	8	61.287500	59.212500	84.000000
E_9-10	ARO:3008011	ADC-295	13	46.384615	46.146154	69.300000
E_9-10	ARO:3008012	ADC-302	1	42.600000	39.700000	39.700000
E_9-10	ARO:3008016	ADC-306	4	57.875000	64.425000	75.900000
E_9-10	ARO:3008018	ADC-308	3	67.333333	70.200000	73.900000
E_9-10	ARO:3008019	ADC-309	1	41.300000	40.000000	40.000000
E_9-10	ARO:3008020	ADC-310	3	65.866667	70.200000	73.900000
E_9-10	ARO:3008021	ADC-311	4	60.825000	62.650000	73.900000
E_9-10	ARO:3008024	ADC-314	20	54.275000	59.735000	86.700000
E_9-10	ARO:3008026	ADC-316	5	56.080000	64.680000	73.200000
E_9-10	ARO:3008028	ADC-318	5	54.520000	57.620000	75.900000
E_9-10	ARO:3008030	ADC-320	1	41.300000	40.000000	40.000000
E_9-10	ARO:3008031	ADC-321	8	62.450000	64.112500	76.300000
E_9-10	ARO:3008032	ADC-322	14	53.421429	59.000000	69.300000
E_9-10	ARO:3008034	ADC-324	5	59.560000	68.380000	85.500000
E_9-10	ARO:3008035	ADC-325	4	56.100000	64.675000	73.200000
E_9-10	ARO:3008036	ADC-326	2	44.000000	47.900000	55.800000
E_9-10	ARO:3008039	ADC-329	1	69.400000	73.200000	73.200000
E_9-10	ARO:3008042	ADC-332	8	44.237500	42.350000	60.500000
E_9-10	ARO:3008043	ADC-333	1	41.300000	40.000000	40.000000
E_9-10	ARO:3008044	ADC-334	28	49.771429	51.532143	82.400000
E_9-10	ARO:3008045	ADC-335	12	54.008333	54.141667	76.300000
E_9-10	ARO:3008051	ADC-341	6	45.883333	42.350000	62.400000
E_9-10	ARO:3008053	ADC-343	4	51.050000	49.475000	58.500000
E_9-10	ARO:3008057	ADC-347	6	45.750000	47.116667	60.500000
E_9-10	ARO:3008058	ADC-348	3	65.866667	70.200000	73.900000
E_9-10	ARO:3008060	ADC-350	18	51.111111	51.416667	82.800000
E_9-10	ARO:3008061	ADC-351	5	53.760000	56.300000	69.300000
E_9-10	ARO:3008062	ADC-352	14	55.921429	58.492857	73.600000
E_9-10	ARO:3008063	ADC-353	10	47.360000	50.590000	63.900000
E_9-10	ARO:3008067	ADC-357	6	71.216667	72.933333	76.300000
E_9-10	ARO:3008068	ADC-358	22	49.986364	50.613636	82.800000
E_9-10	ARO:3008069	ADC-359	13	60.038462	63.869231	75.100000
E_9-10	ARO:3008070	AFM-3	1	50.000000	38.100000	38.100000
E_9-10	ARO:3008071	AFM-4	1	50.000000	38.100000	38.100000
E_9-10	ARO:3008072	AFM-5	1	50.000000	38.100000	38.100000
E_9-10	ARO:3008073	AIM-2	148	55.512162	48.011486	76.600000
E_9-10	ARO:3008074	ASU1-1	51	51.868627	50.645098	71.600000
E_9-10	ARO:3008075	AXC-6	93	59.164516	57.919355	77.400000
E_9-10	ARO:3008076	AXC-7	88	60.585227	59.371591	77.400000
E_9-10	ARO:3008077	AXC-8	91	59.978022	58.547253	78.200000
E_9-10	ARO:3008078	B3SU1-1	121	46.780992	44.069421	75.500000
E_9-10	ARO:3008079	B3SU2-1	147	58.123810	59.796599	87.000000
E_9-10	ARO:3008080	BIC-2	32	56.878125	60.190625	74.700000
E_9-10	ARO:3008081	BMHC-1	38	62.221053	66.376316	92.000000
E_9-10	ARO:3008082	BOR-1	109	57.010092	54.928440	82.800000
E_9-10	ARO:3008083	CAM-2	42	55.992857	62.140476	80.500000
E_9-10	ARO:3008084	CME-3	429	62.034033	63.610023	87.400000
E_9-10	ARO:3008085	CMH-10	47	63.368085	67.651064	103.000000
E_9-10	ARO:3008086	CMH-11	13	70.438462	71.761538	103.000000
E_9-10	ARO:3008087	CMH-12	13	71.953846	74.261538	103.000000
E_9-10	ARO:3008088	CMH-13	16	75.043750	78.031250	103.000000
E_9-10	ARO:3008089	CMH-14	13	75.700000	78.469231	103.000000
E_9-10	ARO:3008090	CMH-15	12	76.100000	78.341667	103.000000
E_9-10	ARO:3008091	CMH-16	11	75.600000	76.954545	103.000000
E_9-10	ARO:3008092	CMH-17	15	67.200000	70.060000	103.000000
E_9-10	ARO:3008093	CMH-18	8	72.550000	75.700000	103.000000
E_9-10	ARO:3008094	CMH-19	9	78.055556	79.077778	103.000000
E_9-10	ARO:3008095	CMH-20	14	72.021429	74.928571	103.000000
E_9-10	ARO:3008096	CMH-21	9	74.977778	76.033333	103.000000
E_9-10	ARO:3008097	CMH-24	9	78.144444	80.688889	103.000000
E_9-10	ARO:3008098	CMH-25	12	71.175000	73.175000	103.000000
E_9-10	ARO:3008099	CMH-26	3	82.200000	79.500000	103.000000
E_9-10	ARO:3008100	CMH-27	4	74.500000	70.125000	103.000000
E_9-10	ARO:3008101	CMH-28	5	75.180000	74.780000	102.000000
E_9-10	ARO:3008102	CMH-29	10	72.180000	74.420000	103.000000
E_9-10	ARO:3008103	CMH-30	9	74.977778	76.033333	103.000000
E_9-10	ARO:3008104	CMH-31	9	73.533333	74.500000	103.000000
E_9-10	ARO:3008105	CMH-32	12	69.466667	72.558333	103.000000
E_9-10	ARO:3008106	CMH-33	5	66.120000	64.880000	103.000000
E_9-10	ARO:3008107	CMH-34	11	69.736364	73.236364	103.000000
E_9-10	ARO:3008108	CMH-7	8	76.475000	76.562500	103.000000
E_9-10	ARO:3008109	CMH-8	5	75.020000	77.800000	102.000000
E_9-10	ARO:3008110	CMH-9	11	76.436364	80.627273	103.000000
E_9-10	ARO:3008111	CMY-172	97	83.676289	84.097938	110.000000
E_9-10	ARO:3008112	CMY-175	2	69.700000	84.150000	85.100000
E_9-10	ARO:3008113	CMY-176	4	66.425000	62.875000	81.600000
E_9-10	ARO:3008115	CMY-178	105	76.870476	76.609524	110.000000
E_9-10	ARO:3008116	CMY-179	14	54.750000	54.735714	85.500000
E_9-10	ARO:3008117	CMY-180	1	45.800000	42.700000	42.700000
E_9-10	ARO:3008119	CMY-182	5	56.540000	64.300000	85.500000
E_9-10	ARO:3008120	CMY-183	1	76.000000	81.600000	81.600000
E_9-10	ARO:3008121	CMY-184	3	88.933333	95.700000	104.000000
E_9-10	ARO:3008122	CMY-186	1	98.000000	103.000000	103.000000
E_9-10	ARO:3008125	CMY-190	9	62.355556	66.244444	88.600000
E_9-10	ARO:3008127	CMY-192	1	76.100000	77.400000	77.400000
E_9-10	ARO:3008128	CMY-194	2	99.000000	103.500000	104.000000
E_9-10	ARO:3008129	CMY-195	3	53.500000	41.300000	43.100000
E_9-10	ARO:3008134	CTX-M-243	13	51.084615	50.923077	58.200000
E_9-10	ARO:3008135	CTX-M-245	1	60.000000	47.400000	47.400000
E_9-10	ARO:3008136	CTX-M-246	10	53.940000	54.460000	62.000000
E_9-10	ARO:3008137	CTX-M-247	3	60.000000	58.666667	64.700000
E_9-10	ARO:3008138	CTX-M-248	5	60.680000	58.300000	64.700000
E_9-10	ARO:3008139	CTX-M-249	5	60.680000	58.300000	64.700000
E_9-10	ARO:3008140	CTX-M-251	2	56.000000	62.000000	62.000000
E_9-10	ARO:3008141	CTX-M-252	3	60.000000	58.666667	64.700000
E_9-10	ARO:3008142	CTX-M-253	6	66.800000	73.550000	95.500000
E_9-10	ARO:3008143	CTX-M-254	1	52.100000	49.300000	49.300000
E_9-10	ARO:3008148	CTX-M-259	2	54.050000	53.950000	57.800000
E_9-10	ARO:3008149	CTX-M-260	1	50.000000	42.400000	42.400000
E_9-10	ARO:3008150	CTX-M-261	1	51.000000	49.700000	49.700000
E_9-10	ARO:3008153	CTX-M-264	2	55.700000	55.250000	58.500000
E_9-10	ARO:3008155	CTX-M-266	2	52.800000	43.100000	43.100000
E_9-10	ARO:3008156	CTX-M-267	3	60.000000	58.666667	64.700000
E_9-10	ARO:3008158	CTX-M-269	2	58.200000	58.900000	64.700000
E_9-10	ARO:3008159	CTX-M-270	2	100.000000	96.100000	97.100000
E_9-10	ARO:3008160	CTX-M-271	5	58.400000	54.920000	63.200000
E_9-10	ARO:3008161	CTX-M-272	6	74.016667	79.966667	97.100000
E_9-10	ARO:3008165	CTX-M-276	1	61.200000	59.300000	59.300000
E_9-10	ARO:3008166	CTX-M-277	6	50.400000	52.816667	71.600000
E_9-10	ARO:3008168	DHA-30	30	53.976667	54.390000	63.200000
E_9-10	ARO:3008169	DHA-31	70	56.558571	61.067143	104.000000
E_9-10	ARO:3008170	DHA-32	63	56.344444	60.960317	104.000000
E_9-10	ARO:3008171	DHA-33	35	60.257143	58.245714	104.000000
E_9-10	ARO:3008172	DHA-34	33	59.260606	59.142424	104.000000
E_9-10	ARO:3008173	FONA-10	29	68.117241	67.772414	109.000000
E_9-10	ARO:3008174	FONA-11	19	73.189474	72.373684	109.000000
E_9-10	ARO:3008175	FONA-12	20	72.845000	71.975000	109.000000
E_9-10	ARO:3008176	FONA-13	19	73.078947	72.352632	109.000000
E_9-10	ARO:3008177	FONA-7	29	67.044828	65.810345	109.000000
E_9-10	ARO:3008178	FONA-8	27	68.992593	68.414815	109.000000
E_9-10	ARO:3008179	FONA-9	27	69.070370	68.500000	109.000000
E_9-10	ARO:3008180	FOX-18	69	62.434783	61.772464	108.000000
E_9-10	ARO:3008181	FOX-19	90	63.596667	62.983333	102.000000
E_9-10	ARO:3008182	FOX-20	71	64.474648	63.556338	105.000000
E_9-10	ARO:3008183	FOX-21	77	62.858442	62.597403	107.000000
E_9-10	ARO:3008184	FRI-12	23	46.930435	46.126087	58.900000
E_9-10	ARO:3008185	GES-58	38	97.302632	95.944737	104.000000
E_9-10	ARO:3008186	GES-59	129	65.355039	66.221705	105.000000
E_9-10	ARO:3008187	GES-60	26	97.865385	96.157692	102.000000
E_9-10	ARO:3008188	GES-61	44	98.547727	97.488636	104.000000
E_9-10	ARO:3008189	GES-62	48	69.850000	70.220833	100.000000
E_9-10	ARO:3008191	GES-66	12	62.408333	60.358333	94.700000
E_9-10	ARO:3008192	GIM-3	5	52.560000	60.020000	78.600000
E_9-10	ARO:3008193	GMA-1	37	52.883784	54.362162	67.400000
E_9-10	ARO:3008194	GMA-2	32	51.253125	54.103125	67.400000
E_9-10	ARO:3008195	GOB-17	52	55.165385	53.588462	83.600000
E_9-10	ARO:3008196	GOB-47	50	55.088000	53.878000	83.600000
E_9-10	ARO:3008197	GOB-52	23	51.408696	55.043478	69.700000
E_9-10	ARO:3008198	GOB-53	22	53.713636	54.536364	79.000000
E_9-10	ARO:3008199	HBL-1	174	52.567816	50.774138	77.400000
E_9-10	ARO:3008200	HER-1	382	60.582723	62.665707	78.200000
E_9-10	ARO:3008201	HER-2	381	60.340157	62.759055	78.200000
E_9-10	ARO:3008202	HER-3	382	60.491099	62.902880	78.200000
E_9-10	ARO:3008203	HER-4	369	60.712737	62.685366	78.200000
E_9-10	ARO:3008204	HER-5	381	60.497375	62.917060	78.200000
E_9-10	ARO:3008205	HER-6	390	60.952821	62.826154	78.200000
E_9-10	ARO:3008206	HER-8	390	61.061795	63.115641	78.200000
E_9-10	ARO:3008207	HMB-2	5	49.660000	55.840000	63.900000
E_9-10	ARO:3008208	IMI-10	8	54.287500	57.662500	93.600000
E_9-10	ARO:3008209	IMI-22	9	47.977778	52.655556	66.600000
E_9-10	ARO:3008210	IMI-23	10	55.680000	57.880000	93.600000
E_9-10	ARO:3008211	IMI-24	17	56.217647	57.964706	95.100000
E_9-10	ARO:3008212	IMI-25	17	56.217647	57.964706	95.100000
E_9-10	ARO:3008213	IMI-26	8	51.862500	57.912500	93.600000
E_9-10	ARO:3008214	IMI-27	15	53.513333	53.653333	92.800000
E_9-10	ARO:3008215	IMP-100	7	72.857143	69.857143	103.000000
E_9-10	ARO:3008216	IMP-101	10	61.940000	58.510000	105.000000
E_9-10	ARO:3008217	IMP-102	8	44.012500	43.512500	61.200000
E_9-10	ARO:3008218	IMP-104	28	93.014286	88.832143	115.000000
E_9-10	ARO:3008219	IMP-105	14	50.092857	48.407143	78.600000
E_9-10	ARO:3008220	IMP-86	12	45.966667	48.583333	78.600000
E_9-10	ARO:3008221	IMP-87	12	45.966667	48.583333	78.600000
E_9-10	ARO:3008222	IMP-90	5	52.100000	55.760000	75.900000
E_9-10	ARO:3008223	IMP-97	26	95.923077	92.546154	115.000000
E_9-10	ARO:3008224	IMP-98	25	95.844000	93.524000	115.000000
E_9-10	ARO:3008225	IMP-99	8	59.300000	63.087500	105.000000
E_9-10	ARO:3008226	IND-18	24	47.287500	52.925000	71.600000
E_9-10	ARO:3008227	IND-19	14	47.421429	55.378571	72.000000
E_9-10	ARO:3008228	KHM-2	10	42.030000	44.620000	63.900000
E_9-10	ARO:3008229	KLUC-6	25	53.660000	48.740000	59.700000
E_9-10	ARO:3008230	KLUG-1	10	52.600000	50.940000	62.000000
E_9-10	ARO:3008232	KPC-102	4	57.875000	49.950000	56.200000
E_9-10	ARO:3008242	KPC-112	40	61.130000	57.942500	105.000000
E_9-10	ARO:3008245	KPC-115	18	76.577778	67.438889	105.000000
E_9-10	ARO:3008248	KPC-118	6	50.300000	49.350000	63.900000
E_9-10	ARO:3008253	KPC-124	17	75.200000	65.652941	105.000000
E_9-10	ARO:3008254	KPC-126	4	64.800000	64.575000	66.200000
E_9-10	ARO:3008262	KPC-136	2	45.450000	43.900000	44.700000
E_9-10	ARO:3008263	KPC-137	2	47.450000	46.600000	47.400000
E_9-10	ARO:3008264	KPC-138	2	63.300000	67.400000	67.400000
E_9-10	ARO:3008267	KPC-141	1	38.300000	45.100000	45.100000
E_9-10	ARO:3008269	KPC-143	1	38.000000	47.400000	47.400000
E_9-10	ARO:3008270	KPC-144	1	48.900000	43.900000	43.900000
E_9-10	ARO:3008276	KPC-150	26	68.557692	62.153846	105.000000
E_9-10	ARO:3008277	KPC-151	56	69.596429	69.419643	105.000000
E_9-10	ARO:3008281	KPC-155	4	71.825000	74.675000	105.000000
E_9-10	ARO:3008284	KPC-158	6	60.783333	66.300000	67.400000
E_9-10	ARO:3008285	KPC-159	39	69.864103	67.317949	105.000000
E_9-10	ARO:3008286	KPC-160	16	78.875000	69.225000	105.000000
E_9-10	ARO:3008292	KPC-166	3	100.000000	101.600000	105.000000
E_9-10	ARO:3008294	KPC-168	2	45.450000	42.350000	43.100000
E_9-10	ARO:3008295	KPC-169	44	71.940909	69.829545	105.000000
E_9-10	ARO:3008300	KPC-174	40	65.950000	71.030000	102.000000
E_9-10	ARO:3008304	KPC-178	2	45.450000	43.900000	44.700000
E_9-10	ARO:3008305	KPC-179	40	69.992500	72.295000	85.900000
E_9-10	ARO:3008311	KPC-185	18	68.233333	71.805556	97.800000
E_9-10	ARO:3008312	KPC-186	32	75.090625	72.006250	105.000000
E_9-10	ARO:3008316	KPC-190	6	60.783333	66.300000	67.400000
E_9-10	ARO:3008317	KPC-191	16	73.718750	77.862500	102.000000
E_9-10	ARO:3008323	KPC-197	1	54.500000	44.700000	44.700000
E_9-10	ARO:3008324	KPC-201	18	71.027778	61.000000	105.000000
E_9-10	ARO:3008333	KPC-211	49	66.602041	64.959184	105.000000
E_9-10	ARO:3008337	KPC-215	7	54.357143	53.857143	77.000000
E_9-10	ARO:3008339	KPC-217	1	48.900000	44.300000	44.300000
E_9-10	ARO:3008340	KPC-218	2	45.450000	43.900000	44.700000
E_9-10	ARO:3008343	KPC-225	44	65.213636	62.697727	105.000000
E_9-10	ARO:3008344	KPC-226	52	70.053846	69.759615	105.000000
E_9-10	ARO:3008346	KPC-228	34	64.255882	60.688235	105.000000
E_9-10	ARO:3008349	KPC-232	1	50.000000	45.800000	45.800000
E_9-10	ARO:3008351	KPC-234	3	60.166667	48.766667	56.200000
E_9-10	ARO:3008352	KPC-236	1	47.900000	51.200000	51.200000
E_9-10	ARO:3008353	KPC-237	5	82.420000	83.860000	102.000000
E_9-10	ARO:3008354	KPC-238	15	75.373333	64.093333	102.000000
E_9-10	ARO:3008355	KPC-239	42	64.330952	70.159524	102.000000
E_9-10	ARO:3008356	KPC-240	31	63.461290	59.270968	105.000000
E_9-10	ARO:3008357	KPC-241	24	72.779167	65.916667	105.000000
E_9-10	ARO:3008359	KPC-47	6	58.650000	63.083333	67.400000
E_9-10	ARO:3008367	KPC-85	4	64.800000	64.575000	66.200000
E_9-10	ARO:3008370	KPC-91	1	44.900000	38.900000	38.900000
E_9-10	ARO:3008371	KPC-92	10	87.690000	77.110000	105.000000
E_9-10	ARO:3008372	LHK-7	116	81.592241	79.687069	112.000000
E_9-10	ARO:3008373	MIR-24	10	74.050000	71.870000	106.000000
E_9-10	ARO:3008374	MIR-25	26	72.676923	67.507692	106.000000
E_9-10	ARO:3008375	MIR-27	11	76.145455	77.090909	106.000000
E_9-10	ARO:3008376	MIR-28	7	92.542857	93.485714	106.000000
E_9-10	ARO:3008377	MIR-30	9	67.522222	69.744444	106.000000
E_9-10	ARO:3008378	MIR-31	3	70.766667	63.166667	82.400000
E_9-10	ARO:3008379	MIR-32	3	73.900000	67.533333	81.300000
E_9-10	ARO:3008380	MIR-33	6	54.166667	52.683333	76.600000
E_9-10	ARO:3008381	MIR-34	10	55.230000	52.640000	81.300000
E_9-10	ARO:3008382	MIR-35	5	61.940000	54.900000	82.400000
E_9-10	ARO:3008383	MOX-15	112	89.300000	86.898214	109.000000
E_9-10	ARO:3008384	MOX-16	204	66.568137	68.473529	106.000000
E_9-10	ARO:3008385	MOX-17	243	74.164198	75.110700	108.000000
E_9-10	ARO:3008386	MOX-18	216	73.899074	76.165741	108.000000
E_9-10	ARO:3008387	MOX-19	107	90.070093	87.552336	109.000000
E_9-10	ARO:3008388	MOX-20	211	73.932227	76.430806	108.000000
E_9-10	ARO:3008389	MOX-21	210	75.613810	77.005238	108.000000
E_9-10	ARO:3008390	MOX-22	199	76.090452	77.718090	108.000000
E_9-10	ARO:3008391	MOX-23	189	75.881481	78.564550	108.000000
E_9-10	ARO:3008392	MOX-24	120	87.822500	84.954167	109.000000
E_9-10	ARO:3008393	MOX-25	111	90.142342	86.849550	109.000000
E_9-10	ARO:3008394	MUN-1	61	46.981967	50.267213	77.000000
E_9-10	ARO:3008395	MUN-6	53	47.339623	50.462264	77.000000
E_9-10	ARO:3008421	OXA-1000	23	51.595652	51.895652	57.800000
E_9-10	ARO:3008422	OXA-1001	43	66.806977	68.665116	94.700000
E_9-10	ARO:3008423	OXA-1002	11	52.827273	55.572727	67.000000
E_9-10	ARO:3008424	OXA-1003	1	70.000000	73.600000	73.600000
E_9-10	ARO:3008425	OXA-1004	5	63.480000	68.940000	90.500000
E_9-10	ARO:3008426	OXA-1005	41	63.341463	67.031707	105.000000
E_9-10	ARO:3008427	OXA-1006	4	60.250000	67.400000	88.600000
E_9-10	ARO:3008428	OXA-1007	2	58.150000	61.650000	73.600000
E_9-10	ARO:3008429	OXA-1008	1	44.900000	46.200000	46.200000
E_9-10	ARO:3008430	OXA-1009	3	76.400000	79.966667	82.800000
E_9-10	ARO:3008431	OXA-1010	2	53.350000	56.450000	73.600000
E_9-10	ARO:3008432	OXA-1011	1261	60.707058	65.109675	118.000000
E_9-10	ARO:3008433	OXA-1012	530	52.583208	52.413208	100.000000
E_9-10	ARO:3008435	OXA-1014	129	59.448837	61.374419	85.900000
E_9-10	ARO:3008436	OXA-1015	390	90.557436	85.082564	112.000000
E_9-10	ARO:3008437	OXA-1016	1470	53.621020	58.005442	114.000000
E_9-10	ARO:3008438	OXA-1017	731	65.621751	66.373324	108.000000
E_9-10	ARO:3008439	OXA-1018	16	52.887500	55.962500	80.100000
E_9-10	ARO:3008440	OXA-1019	12	49.350000	50.416667	80.100000
E_9-10	ARO:3008441	OXA-1020	110	58.481818	59.123636	85.500000
E_9-10	ARO:3008442	OXA-1021	83	59.357831	62.153012	74.300000
E_9-10	ARO:3008443	OXA-1022	95	58.429474	61.244211	80.100000
E_9-10	ARO:3008444	OXA-1023	97	54.352577	56.241237	74.300000
E_9-10	ARO:3008445	OXA-1024	85	59.412941	62.007059	74.300000
E_9-10	ARO:3008446	OXA-1025	94	57.374468	58.006383	85.500000
E_9-10	ARO:3008447	OXA-1026	94	58.142553	58.489362	85.500000
E_9-10	ARO:3008448	OXA-1027	81	59.434568	59.756790	85.500000
E_9-10	ARO:3008449	OXA-1028	89	58.555056	59.051685	85.500000
E_9-10	ARO:3008450	OXA-1029	8	50.037500	52.312500	63.200000
E_9-10	ARO:3008451	OXA-1030	1	56.300000	63.200000	63.200000
E_9-10	ARO:3008452	OXA-1031	6	50.850000	56.183333	63.200000
E_9-10	ARO:3008453	OXA-1032	81	60.145679	62.609877	74.300000
E_9-10	ARO:3008454	OXA-1033	5	51.940000	53.220000	64.700000
E_9-10	ARO:3008455	OXA-1034	3	49.966667	53.400000	63.200000
E_9-10	ARO:3008456	OXA-1035	2	46.950000	43.700000	46.200000
E_9-10	ARO:3008457	OXA-1036	31	68.445161	69.635484	105.000000
E_9-10	ARO:3008458	OXA-1037	181	73.684530	72.440331	112.000000
E_9-10	ARO:3008459	OXA-1040	6	57.066667	62.116667	85.900000
E_9-10	ARO:3008460	OXA-1041	154	70.510390	72.275325	108.000000
E_9-10	ARO:3008461	OXA-1042	449	90.659020	85.596214	109.000000
E_9-10	ARO:3008462	OXA-1043	31	50.054839	52.009677	60.800000
E_9-10	ARO:3008463	OXA-1044	62	72.429032	69.051613	107.000000
E_9-10	ARO:3008464	OXA-1045	16	48.568750	52.837500	57.000000
E_9-10	ARO:3008465	OXA-1046	504	96.372024	93.497222	111.000000
E_9-10	ARO:3008466	OXA-1047	1	36.700000	38.500000	38.500000
E_9-10	ARO:3008468	OXA-1049	715	69.063636	70.096783	118.000000
E_9-10	ARO:3008469	OXA-1050	2	45.550000	43.500000	46.200000
E_9-10	ARO:3008470	OXA-1051	11	53.145455	54.890909	87.400000
E_9-10	ARO:3008471	OXA-1052	35	67.642857	69.251429	94.700000
E_9-10	ARO:3008472	OXA-1053	363	88.246281	82.336639	112.000000
E_9-10	ARO:3008473	OXA-1055	381	53.056168	53.182677	100.000000
E_9-10	ARO:3008474	OXA-1056	1666	55.236255	58.782893	110.000000
E_9-10	ARO:3008475	OXA-1057	1696	55.376297	59.175354	110.000000
E_9-10	ARO:3008487	OXA-1069	1	50.000000	53.100000	53.100000
E_9-10	ARO:3008491	OXA-1073	1	68.000000	70.500000	70.500000
E_9-10	ARO:3008499	OXA-1081	24	54.400000	57.516667	87.400000
E_9-10	ARO:3008500	OXA-1082	400	80.675750	79.866750	118.000000
E_9-10	ARO:3008501	OXA-1083	669	69.239462	71.497160	119.000000
E_9-10	ARO:3008502	OXA-1084	469	70.961407	70.902985	118.000000
E_9-10	ARO:3008503	OXA-1085	1045	68.731292	70.947464	118.000000
E_9-10	ARO:3008504	OXA-1086	245	93.404490	86.580816	106.000000
E_9-10	ARO:3008505	OXA-1087	304	89.297697	82.112171	112.000000
E_9-10	ARO:3008506	OXA-1088	328	94.573171	91.848171	108.000000
E_9-10	ARO:3008507	OXA-1089	641	55.931669	58.269423	87.000000
E_9-10	ARO:3008508	OXA-1090	37	52.778378	44.870270	59.700000
E_9-10	ARO:3008509	OXA-1091	274	55.995255	59.160219	92.800000
E_9-10	ARO:3008512	OXA-1094	1	100.000000	105.000000	105.000000
E_9-10	ARO:3008513	OXA-1095	13	42.338462	52.315385	55.500000
E_9-10	ARO:3008514	OXA-1096	1	100.000000	105.000000	105.000000
E_9-10	ARO:3008517	OXA-1099	248	50.642742	47.805242	58.500000
E_9-10	ARO:3008518	OXA-1100	292	50.976712	49.768836	70.500000
E_9-10	ARO:3008519	OXA-1101	355	51.473239	49.652958	70.500000
E_9-10	ARO:3008520	OXA-1102	177	49.659322	49.288701	71.200000
E_9-10	ARO:3008521	OXA-1103	196	49.663776	50.011224	72.000000
E_9-10	ARO:3008522	OXA-1104	203	49.460099	49.663054	72.000000
E_9-10	ARO:3008523	OXA-1105	200	49.465500	49.782000	72.000000
E_9-10	ARO:3008524	OXA-1106	162	50.500000	50.951235	72.000000
E_9-10	ARO:3008525	OXA-1107	183	49.807104	50.196175	72.000000
E_9-10	ARO:3008526	OXA-1108	2983	68.422461	71.568388	110.000000
E_9-10	ARO:3008527	OXA-1109	1	46.200000	40.800000	40.800000
E_9-10	ARO:3008528	OXA-1110	71	55.639437	58.570423	103.000000
E_9-10	ARO:3008529	OXA-1111	39	50.351282	50.007692	102.000000
E_9-10	ARO:3008530	OXA-1112	58	53.486207	56.743103	101.000000
E_9-10	ARO:3008531	OXA-1113	6	78.583333	81.266667	87.800000
E_9-10	ARO:3008532	OXA-1114	27	50.296296	51.881481	58.500000
E_9-10	ARO:3008533	OXA-1115	26	50.815385	52.115385	58.500000
E_9-10	ARO:3008534	OXA-1116	16	56.893750	59.256250	101.000000
E_9-10	ARO:3008537	OXA-1119	149	52.813423	53.673154	68.200000
E_9-10	ARO:3008538	OXA-1120	324	92.934259	85.806790	112.000000
E_9-10	ARO:3008539	OXA-1121	7	49.100000	52.242857	80.100000
E_9-10	ARO:3008540	OXA-1122	8	76.787500	75.800000	85.100000
E_9-10	ARO:3008542	OXA-1124	55	60.181818	62.625455	71.200000
E_9-10	ARO:3008543	OXA-1125	15	49.093333	51.666667	63.900000
E_9-10	ARO:3008544	OXA-1126	87	57.419540	57.639080	77.000000
E_9-10	ARO:3008545	OXA-1127	24	47.175000	50.779167	64.700000
E_9-10	ARO:3008546	OXA-1128	13	48.423077	51.253846	63.900000
E_9-10	ARO:3008547	OXA-1129	83	52.059036	55.239759	83.200000
E_9-10	ARO:3008548	OXA-1130	68	60.744118	60.798529	85.500000
E_9-10	ARO:3008549	OXA-1131	72	58.790278	59.200000	85.500000
E_9-10	ARO:3008550	OXA-1132	6	62.016667	63.483333	83.600000
E_9-10	ARO:3008551	OXA-1133	81	52.258025	55.493827	83.200000
E_9-10	ARO:3008552	OXA-1134	6	62.016667	63.483333	83.600000
E_9-10	ARO:3008553	OXA-1135	1	55.800000	55.800000	55.800000
E_9-10	ARO:3008554	OXA-1136	414	77.061836	81.219807	119.000000
E_9-10	ARO:3008555	OXA-1137	1	44.900000	46.200000	46.200000
E_9-10	ARO:3008556	OXA-1138	4	82.100000	86.075000	87.800000
E_9-10	ARO:3008557	OXA-1139	5	68.520000	74.860000	93.200000
E_9-10	ARO:3008558	OXA-1140	84	56.841667	57.354762	85.500000
E_9-10	ARO:3008559	OXA-1141	235	92.317021	95.100851	108.000000
E_9-10	ARO:3008560	OXA-1142	31	50.054839	52.009677	60.800000
E_9-10	ARO:3008561	OXA-1143	177	74.188701	72.723164	112.000000
E_9-10	ARO:3008562	OXA-1144	35	67.565714	68.997143	94.700000
E_9-10	ARO:3008563	OXA-1145	17	54.705882	53.435294	88.200000
E_9-10	ARO:3008564	OXA-1146	380	53.457632	53.933947	100.000000
E_9-10	ARO:3008565	OXA-1147	226	87.433628	87.816814	105.000000
E_9-10	ARO:3008566	OXA-1148	379	85.486544	86.872823	108.000000
E_9-10	ARO:3008567	OXA-1149	142	44.559859	46.574648	63.900000
E_9-10	ARO:3008568	OXA-1150	4	82.100000	86.075000	87.800000
E_9-10	ARO:3008570	OXA-1152	144	44.788889	46.618056	65.100000
E_9-10	ARO:3008571	OXA-1153	166	69.457831	69.849398	106.000000
E_9-10	ARO:3008572	OXA-1154	172	74.385465	72.916279	114.000000
E_9-10	ARO:3008573	OXA-1155	170	75.282941	73.595882	115.000000
E_9-10	ARO:3008574	OXA-1156	139	77.911511	78.015827	115.000000
E_9-10	ARO:3008575	OXA-1157	163	60.569939	61.302454	117.000000
E_9-10	ARO:3008576	OXA-1158	155	77.109677	75.012903	115.000000
E_9-10	ARO:3008577	OXA-1159	178	74.745506	73.939326	115.000000
E_9-10	ARO:3008578	OXA-1160	164	76.183537	74.701220	115.000000
E_9-10	ARO:3008579	OXA-1161	158	77.210759	75.524051	115.000000
E_9-10	ARO:3008580	OXA-1162	149	61.240268	64.736913	117.000000
E_9-10	ARO:3008581	OXA-1163	156	77.367308	75.583333	115.000000
E_9-10	ARO:3008582	OXA-1164	2	44.450000	50.450000	54.300000
E_9-10	ARO:3008583	OXA-1165	6	78.583333	81.266667	87.800000
E_9-10	ARO:3008584	OXA-1166	5	79.900000	82.260000	87.800000
E_9-10	ARO:3008585	OXA-1167	2	55.100000	67.000000	74.700000
E_9-10	ARO:3008586	OXA-1168	104	93.894231	94.240385	107.000000
E_9-10	ARO:3008587	OXA-1169	342	91.931579	85.297368	112.000000
E_9-10	ARO:3008588	OXA-1170	282	92.191489	84.158156	112.000000
E_9-10	ARO:3008589	OXA-1171	279	92.648746	84.465950	112.000000
E_9-10	ARO:3008590	OXA-1172	1031	69.693016	72.170126	118.000000
E_9-10	ARO:3008591	OXA-1173	661	65.865204	69.298033	117.000000
E_9-10	ARO:3008593	OXA-1175	145	99.040000	94.480000	105.000000
E_9-10	ARO:3008594	OXA-1176	255	47.501569	50.392549	76.300000
E_9-10	ARO:3008595	OXA-1177	124	48.576613	49.895161	69.300000
E_9-10	ARO:3008596	OXA-1178	32	80.771875	82.003125	106.000000
E_9-10	ARO:3008597	OXA-1181	112	53.261607	52.758929	68.200000
E_9-10	ARO:3008598	OXA-1182	6	64.166667	65.866667	90.900000
E_9-10	ARO:3008599	OXA-1183	453	66.738631	68.990949	118.000000
E_9-10	ARO:3008600	OXA-1184	258	92.289147	85.749225	112.000000
E_9-10	ARO:3008601	OXA-1185	3	76.400000	79.966667	82.800000
E_9-10	ARO:3008602	OXA-1186	1682	55.435910	59.301665	110.000000
E_9-10	ARO:3008603	OXA-1187	1097	68.240383	70.373200	118.000000
E_9-10	ARO:3008604	OXA-1188	68	58.904412	59.995588	74.300000
E_9-10	ARO:3008605	OXA-1189	1	44.900000	47.800000	47.800000
E_9-10	ARO:3008606	OXA-1190	38	68.468421	70.997368	92.400000
E_9-10	ARO:3008607	OXA-1191	24	72.316667	72.720833	94.700000
E_9-10	ARO:3008608	OXA-1193	29	69.865517	71.165517	90.900000
E_9-10	ARO:3008609	OXA-1194	28	71.896429	73.032143	94.700000
E_9-10	ARO:3008610	OXA-1198	3	46.233333	43.900000	47.000000
E_9-10	ARO:3008611	OXA-1199	3	50.633333	52.233333	59.700000
E_9-10	ARO:3008612	OXA-1200	822	52.603893	54.230535	100.000000
E_9-10	ARO:3008613	OXA-1201	113	53.323009	53.028319	74.700000
E_9-10	ARO:3008614	OXA-1202	348	92.416379	86.453161	112.000000
E_9-10	ARO:3008615	OXA-1203	321	94.450467	88.020872	112.000000
E_9-10	ARO:3008616	OXA-1204	267	94.086891	86.205618	112.000000
E_9-10	ARO:3008617	OXA-1205	111	53.373874	52.995495	74.700000
E_9-10	ARO:3008618	OXA-1206	273	50.724176	49.838828	67.400000
E_9-10	ARO:3008619	OXA-1207	117	53.616239	53.541880	73.200000
E_9-10	ARO:3008620	OXA-1208	58	69.505172	67.210345	101.000000
E_9-10	ARO:3008621	OXA-1211	109	53.192661	52.911009	68.200000
E_9-10	ARO:3008622	OXA-1212	37	46.021622	51.791892	73.600000
E_9-10	ARO:3008623	OXA-1213	34	54.417647	56.964706	73.200000
E_9-10	ARO:3008625	OXA-1215	11	56.927273	55.872727	75.100000
E_9-10	ARO:3008630	OXA-1220	5	48.480000	47.200000	50.400000
E_9-10	ARO:3008631	OXA-1221	11	44.554545	47.936364	52.800000
E_9-10	ARO:3008634	OXA-1224	5	79.680000	83.580000	87.800000
E_9-10	ARO:3008635	OXA-1225	21	55.000000	58.152381	87.400000
E_9-10	ARO:3008636	OXA-1226	152	52.696053	52.964474	68.200000
E_9-10	ARO:3008637	OXA-1227	135	44.813333	46.197037	65.100000
E_9-10	ARO:3008638	OXA-1228	140	44.885714	46.717857	65.100000
E_9-10	ARO:3008639	OXA-1229	2	43.750000	40.050000	40.800000
E_9-10	ARO:3008641	OXA-1231	200	92.367500	88.437000	112.000000
E_9-10	ARO:3008642	OXA-1232	204	86.739706	87.803922	112.000000
E_9-10	ARO:3008643	OXA-1233	190	92.839474	94.403684	107.000000
E_9-10	ARO:3008644	OXA-1234	1	44.900000	46.200000	46.200000
E_9-10	ARO:3008645	OXA-1235	3	44.133333	49.000000	50.400000
E_9-10	ARO:3008646	OXA-1236	9	43.155556	51.433333	55.500000
E_9-10	ARO:3008647	OXA-1237	21	50.390476	54.171429	58.500000
E_9-10	ARO:3008648	OXA-1238	54	50.427778	48.624074	71.600000
E_9-10	ARO:3008649	OXA-1239	217	54.982949	58.869585	86.700000
E_9-10	ARO:3008650	OXA-1240	723	52.531259	53.527524	100.000000
E_9-10	ARO:3008651	OXA-1241	19	43.000000	50.926316	55.100000
E_9-10	ARO:3008652	OXA-1242	4	48.025000	47.075000	49.700000
E_9-10	ARO:3008653	OXA-1243	103	84.390291	90.895146	118.000000
E_9-10	ARO:3008655	OXA-1245	100	53.888000	57.086000	74.300000
E_9-10	ARO:3008656	OXA-1246	44	50.495455	51.827273	84.300000
E_9-10	ARO:3008657	OXA-1247	159	97.276101	93.402516	107.000000
E_9-10	ARO:3008658	OXA-1248	206	89.357282	90.088835	108.000000
E_9-10	ARO:3008660	OXA-1250	21	51.633333	54.714286	76.300000
E_9-10	ARO:3008661	OXA-1251	59	48.774576	51.296610	84.700000
E_9-10	ARO:3008662	OXA-1252	1	49.000000	57.000000	57.000000
E_9-10	ARO:3008663	OXA-1253	46	58.406522	57.736957	85.500000
E_9-10	ARO:3008664	OXA-1254	34	60.464706	60.370588	85.500000
E_9-10	ARO:3008665	OXA-1255	60	59.500000	59.600000	85.500000
E_9-10	ARO:3008666	OXA-1256	5	64.100000	65.240000	80.500000
E_9-10	ARO:3008667	OXA-1257	317	82.417666	84.062776	108.000000
E_9-10	ARO:3008668	OXA-1258	16	72.100000	75.831250	99.800000
E_9-10	ARO:3008669	OXA-1259	19	67.331579	69.884211	95.500000
E_9-10	ARO:3008670	OXA-1260	18	68.194444	70.222222	92.000000
E_9-10	ARO:3008671	OXA-1261	25	65.424000	67.676000	101.000000
E_9-10	ARO:3008672	OXA-1262	26	64.476923	66.896154	101.000000
E_9-10	ARO:3008673	OXA-1263	16	69.212500	72.631250	99.800000
E_9-10	ARO:3008674	OXA-1264	330	42.696061	41.847576	60.500000
E_9-10	ARO:3008676	OXA-1266	2	44.450000	50.450000	54.300000
E_9-10	ARO:3008677	OXA-1267	43	58.530233	58.400000	85.500000
E_9-10	ARO:3008678	OXA-1268	5	47.860000	55.760000	72.400000
E_9-10	ARO:3008679	OXA-1269	37	59.854054	59.548649	85.500000
E_9-10	ARO:3008680	OXA-1270	80	60.322500	62.987500	74.300000
E_9-10	ARO:3008682	OXA-1272	80	60.275000	62.810000	74.300000
E_9-10	ARO:3008683	OXA-1273	74	60.359459	62.797297	74.300000
E_9-10	ARO:3008684	OXA-1274	10	51.270000	56.530000	72.400000
E_9-10	ARO:3008685	OXA-1275	96	58.917708	61.360417	85.500000
E_9-10	ARO:3008686	OXA-1276	76	60.771053	63.268421	74.300000
E_9-10	ARO:3008688	OXA-1278	74	57.435135	60.078378	85.500000
E_9-10	ARO:3008689	OXA-1279	9	61.444444	60.377778	61.600000
E_9-10	ARO:3008690	OXA-1280	21	57.104762	58.442857	85.500000
E_9-10	ARO:3008691	OXA-1281	8	72.550000	74.862500	85.500000
E_9-10	ARO:3008692	OXA-1282	3	45.833333	47.466667	50.400000
E_9-10	ARO:3008693	OXA-1283	14	53.821429	57.235714	82.800000
E_9-10	ARO:3008694	OXA-1284	93	58.593548	61.348387	85.500000
E_9-10	ARO:3008695	OXA-1285	2	51.800000	52.200000	65.900000
E_9-10	ARO:3008696	OXA-1286	1	63.300000	64.700000	64.700000
E_9-10	ARO:3008697	OXA-1287	10	39.260000	43.140000	47.800000
E_9-10	ARO:3008698	OXA-1288	2	35.600000	43.900000	45.400000
E_9-10	ARO:3008699	OXA-1289	113	57.461947	59.553982	84.300000
E_9-10	ARO:3008700	OXA-1290	87	58.975862	61.317241	85.500000
E_9-10	ARO:3008701	OXA-1291	16	60.575000	64.050000	85.500000
E_9-10	ARO:3008702	OXA-1292	1	51.100000	54.300000	54.300000
E_9-10	ARO:3008703	OXA-1293	11	50.354545	53.618182	63.900000
E_9-10	ARO:3008704	OXA-1294	92	58.653261	61.286957	85.500000
E_9-10	ARO:3008705	OXA-1295	2	51.750000	52.150000	53.900000
E_9-10	ARO:3008706	OXA-1296	23	51.973913	55.330435	68.200000
E_9-10	ARO:3008707	OXA-1297	12	51.433333	54.541667	64.700000
E_9-10	ARO:3008708	OXA-1298	1	55.800000	55.800000	55.800000
E_9-10	ARO:3008712	OXA-1302	273	86.682418	87.641392	107.000000
E_9-10	ARO:3008713	OXA-1303	5	59.540000	64.460000	85.900000
E_9-10	ARO:3008714	OXA-1304	45	52.888889	55.748889	73.200000
E_9-10	ARO:3008715	OXA-1305	93	53.452688	52.858065	68.200000
E_9-10	ARO:3008717	OXA-1307	85	53.515294	53.225882	74.700000
E_9-10	ARO:3008718	OXA-1308	208	50.019231	47.718269	67.400000
E_9-10	ARO:3008719	OXA-1309	216	52.357870	48.641667	74.700000
E_9-10	ARO:3008720	OXA-725	197	65.343147	66.701523	114.000000
E_9-10	ARO:3008721	OXA-790	7	51.471429	45.042857	57.400000
E_9-10	ARO:3008722	OXA-791	18	44.227778	44.361111	47.000000
E_9-10	ARO:3008723	OXA-933	12	46.866667	47.458333	59.300000
E_9-10	ARO:3008724	OXA-934	1	52.000000	50.800000	50.800000
E_9-10	ARO:3008725	OXA-936	11	47.672727	47.509091	58.900000
E_9-10	ARO:3008726	OXA-944	25	67.108000	72.656000	95.900000
E_9-10	ARO:3008727	OXA-950	166	65.843373	68.075301	114.000000
E_9-10	ARO:3008728	OXA-951	170	65.153529	66.902941	114.000000
E_9-10	ARO:3008729	OXA-952	28	71.928571	72.985714	94.700000
E_9-10	ARO:3008730	OXA-953	25	72.560000	73.356000	94.700000
E_9-10	ARO:3008733	OXA-956	174	69.477586	71.222989	106.000000
E_9-10	ARO:3008734	OXA-957	372	47.029032	50.379301	74.700000
E_9-10	ARO:3008735	OXA-958	169	65.207692	65.560947	114.000000
E_9-10	ARO:3008736	OXA-959	166	65.748193	66.254819	114.000000
E_9-10	ARO:3008737	OXA-960	150	48.061333	49.546667	66.200000
E_9-10	ARO:3008738	OXA-961	146	48.267808	50.032192	65.900000
E_9-10	ARO:3008739	OXA-962	138	48.163768	49.655072	66.200000
E_9-10	ARO:3008740	OXA-963	172	48.268023	49.059884	67.000000
E_9-10	ARO:3008741	OXA-964	221	49.232579	50.847964	67.000000
E_9-10	ARO:3008742	OXA-965	168	48.864286	49.920833	67.000000
E_9-10	ARO:3008743	OXA-966	30	43.966667	48.366667	59.700000
E_9-10	ARO:3008744	OXA-967	32	43.650000	47.312500	56.600000
E_9-10	ARO:3008745	OXA-968	22	42.468182	47.322727	58.200000
E_9-10	ARO:3008746	OXA-969	55	51.681818	55.754545	74.300000
E_9-10	ARO:3008748	OXA-971	1	48.600000	38.100000	38.100000
E_9-10	ARO:3008750	OXA-973	1	46.900000	47.000000	47.000000
E_9-10	ARO:3008752	OXA-975	1	38.800000	37.700000	37.700000
E_9-10	ARO:3008755	OXA-978	1	71.100000	67.000000	67.000000
E_9-10	ARO:3008756	OXA-979	1	44.900000	46.200000	46.200000
E_9-10	ARO:3008757	OXA-980	22	49.904545	54.004545	58.500000
E_9-10	ARO:3008758	OXA-981	95	55.827368	58.682105	102.000000
E_9-10	ARO:3008759	OXA-982	12	52.000000	56.925000	89.700000
E_9-10	ARO:3008760	OXA-983	29	72.200000	74.165517	90.900000
E_9-10	ARO:3008761	OXA-984	12	57.441667	59.658333	90.500000
E_9-10	ARO:3008762	OXA-985	3	44.300000	44.400000	53.100000
E_9-10	ARO:3008763	OXA-986	8	50.612500	53.125000	56.200000
E_9-10	ARO:3008764	OXA-987	3	76.600000	77.400000	82.800000
E_9-10	ARO:3008765	OXA-988	17	50.664706	53.917647	57.800000
E_9-10	ARO:3008766	OXA-989	1	44.900000	46.200000	46.200000
E_9-10	ARO:3008767	OXA-990	3	75.933333	77.300000	82.800000
E_9-10	ARO:3008768	OXA-991	12	67.125000	68.658333	102.000000
E_9-10	ARO:3008769	OXA-992	3	46.366667	48.033333	55.500000
E_9-10	ARO:3008770	OXA-993	9	52.377778	56.277778	73.900000
E_9-10	ARO:3008771	OXA-994	13	55.030769	57.100000	88.600000
E_9-10	ARO:3008772	OXA-995	12	57.441667	59.658333	90.500000
E_9-10	ARO:3008773	OXA-996	12	57.258333	59.600000	90.500000
E_9-10	ARO:3008774	OXA-997	7	61.657143	66.385714	90.500000
E_9-10	ARO:3008775	OXA-998	5	60.960000	65.320000	89.700000
E_9-10	ARO:3008776	OXA-999	71	56.354930	59.567606	99.000000
E_9-10	ARO:3008777	OXY-1-11	8	51.487500	59.137500	68.600000
E_9-10	ARO:3008778	OXY-1-12	17	58.558824	61.429412	101.000000
E_9-10	ARO:3008779	OXY-1-13	17	56.452941	63.970588	101.000000
E_9-10	ARO:3008780	OXY-1-16	2	64.050000	56.050000	63.200000
E_9-10	ARO:3008781	OXY-1-17	2	64.050000	56.050000	63.200000
E_9-10	ARO:3008782	OXY-1-18	12	57.366667	63.791667	101.000000
E_9-10	ARO:3008783	OXY-1-19	7	51.171429	58.671429	60.800000
E_9-10	ARO:3008784	OXY-10-1	22	56.740909	57.854545	101.000000
E_9-10	ARO:3008785	OXY-11-1	20	56.435000	52.915000	67.400000
E_9-10	ARO:3008786	OXY-12-1	17	66.664706	68.047059	101.000000
E_9-10	ARO:3008787	OXY-12-2	13	67.884615	69.307692	101.000000
E_9-10	ARO:3008788	OXY-2-17	10	61.240000	60.890000	74.700000
E_9-10	ARO:3008789	OXY-2-18	11	59.127273	58.954545	74.700000
E_9-10	ARO:3008790	OXY-2-19	8	59.375000	58.012500	74.700000
E_9-10	ARO:3008791	OXY-2-20	11	59.127273	58.954545	74.700000
E_9-10	ARO:3008792	OXY-2-21	9	60.966667	63.500000	74.700000
E_9-10	ARO:3008793	OXY-2-22	7	63.828571	68.442857	74.700000
E_9-10	ARO:3008794	OXY-2-23	28	58.275000	60.350000	74.700000
E_9-10	ARO:3008795	OXY-2-24	35	58.134286	61.011429	84.700000
E_9-10	ARO:3008796	OXY-2-25	14	55.257143	56.342857	84.700000
E_9-10	ARO:3008797	OXY-2-26	4	58.800000	63.250000	74.700000
E_9-10	ARO:3008798	OXY-2-27	3	64.000000	64.966667	74.700000
E_9-10	ARO:3008799	OXY-2-28	26	58.196154	59.846154	74.700000
E_9-10	ARO:3008800	OXY-2-30	28	58.167857	60.207143	74.700000
E_9-10	ARO:3008801	OXY-3-2	19	58.847368	60.563158	101.000000
E_9-10	ARO:3008802	OXY-3-3	18	59.450000	61.127778	101.000000
E_9-10	ARO:3008803	OXY-4-2	6	69.183333	65.300000	101.000000
E_9-10	ARO:3008804	OXY-4-3	11	56.472727	60.036364	101.000000
E_9-10	ARO:3008805	OXY-4-4	11	56.472727	60.036364	101.000000
E_9-10	ARO:3008806	OXY-4-5	9	51.788889	56.722222	68.600000
E_9-10	ARO:3008807	OXY-5-10	13	53.092308	49.523077	101.000000
E_9-10	ARO:3008808	OXY-5-11	7	55.914286	64.142857	101.000000
E_9-10	ARO:3008809	OXY-5-6	11	57.918182	63.927273	101.000000
E_9-10	ARO:3008810	OXY-5-7	14	59.235714	67.392857	101.000000
E_9-10	ARO:3008811	OXY-5-8	6	59.650000	65.250000	101.000000
E_9-10	ARO:3008812	OXY-6-10	1	44.900000	45.400000	45.400000
E_9-10	ARO:3008813	OXY-6-11	1	55.100000	49.700000	49.700000
E_9-10	ARO:3008814	OXY-6-5	19	52.342105	59.215789	101.000000
E_9-10	ARO:3008815	OXY-6-7	13	49.284615	57.161538	60.100000
E_9-10	ARO:3008816	OXY-7-1	7	59.214286	60.214286	101.000000
E_9-10	ARO:3008817	OXY-8-1	11	59.072727	58.763636	101.000000
E_9-10	ARO:3008818	OXY-8-2	9	59.722222	59.333333	101.000000
E_9-10	ARO:3008819	OXY-8-3	10	58.750000	58.590000	101.000000
E_9-10	ARO:3008820	OXY-9-1	3	79.000000	69.166667	81.600000
E_9-10	ARO:3008821	PAD-1	176	56.926136	57.588636	76.300000
E_9-10	ARO:3008822	PAM-5	142	47.897183	43.075352	68.900000
E_9-10	ARO:3008823	PC1	3	52.333333	45.200000	47.400000
E_9-10	ARO:3008825	PDC-478	16	53.756250	55.493750	63.900000
E_9-10	ARO:3008826	PDC-479	2	73.200000	63.500000	63.500000
E_9-10	ARO:3008828	PDC-481	32	49.953125	42.671875	73.900000
E_9-10	ARO:3008830	PDC-483	2	41.100000	43.900000	49.300000
E_9-10	ARO:3008831	PDC-484	2	73.200000	63.500000	63.500000
E_9-10	ARO:3008832	PDC-485	1	32.700000	38.500000	38.500000
E_9-10	ARO:3008833	PDC-486	93	71.017204	57.779570	76.600000
E_9-10	ARO:3008834	PDC-487	3	46.033333	42.866667	44.300000
E_9-10	ARO:3008840	PDC-493	6	52.300000	56.883333	64.700000
E_9-10	ARO:3008842	PDC-495	22	51.490909	49.995455	70.100000
E_9-10	ARO:3008845	PDC-498	1	54.200000	60.500000	60.500000
E_9-10	ARO:3008848	PDC-501	8	52.712500	54.687500	57.000000
E_9-10	ARO:3008849	PDC-502	30	51.743333	52.736667	64.700000
E_9-10	ARO:3008853	PDC-506	1	33.300000	38.500000	38.500000
E_9-10	ARO:3008854	PDC-507	1	64.000000	72.400000	72.400000
E_9-10	ARO:3008855	PDC-508	15	48.233333	43.026667	65.900000
E_9-10	ARO:3008857	PDC-510	5	63.240000	49.940000	70.900000
E_9-10	ARO:3008859	PDC-512	68	54.227941	49.716176	68.200000
E_9-10	ARO:3008860	PDC-513	1	39.500000	39.700000	39.700000
E_9-10	ARO:3008861	PDC-514	2	52.100000	55.800000	55.800000
E_9-10	ARO:3008863	PDC-516	3	50.666667	51.600000	53.100000
E_9-10	ARO:3008864	PDC-517	1	68.000000	82.000000	82.000000
E_9-10	ARO:3008866	PDC-519	2	69.200000	41.600000	41.600000
E_9-10	ARO:3008867	PDC-520	1	68.000000	75.100000	75.100000
E_9-10	ARO:3008868	PDC-521	69	66.069565	54.723188	74.300000
E_9-10	ARO:3008870	PDC-523	38	68.657895	55.715789	73.900000
E_9-10	ARO:3008871	PDC-524	53	64.386792	57.709434	74.300000
E_9-10	ARO:3008872	PDC-525	8	56.087500	57.562500	67.000000
E_9-10	ARO:3008873	PDC-526	1	33.300000	38.500000	38.500000
E_9-10	ARO:3008874	PDC-527	74	65.378378	52.864865	75.100000
E_9-10	ARO:3008875	PDC-528	37	69.429730	57.013514	73.900000
E_9-10	ARO:3008876	PDC-529	1	33.300000	38.500000	38.500000
E_9-10	ARO:3008877	PDC-530	9	52.300000	53.477778	67.000000
E_9-10	ARO:3008880	PDC-533	5	63.240000	49.940000	70.900000
E_9-10	ARO:3008883	PDC-536	5	63.240000	49.940000	70.900000
E_9-10	ARO:3008885	PDC-538	3	54.133333	55.966667	56.600000
E_9-10	ARO:3008886	PDC-539	1	49.000000	55.500000	55.500000
E_9-10	ARO:3008888	PDC-541	1	32.000000	38.100000	38.100000
E_9-10	ARO:3008889	PDC-542	8	50.637500	56.600000	82.000000
E_9-10	ARO:3008890	PDC-543	3	49.000000	51.866667	56.600000
E_9-10	ARO:3008895	PDC-548	1	54.200000	63.900000	63.900000
E_9-10	ARO:3008896	PDC-549	2	73.200000	63.500000	63.500000
E_9-10	ARO:3008898	PDC-551	2	73.200000	63.500000	63.500000
E_9-10	ARO:3008900	PDC-553	2	71.350000	57.950000	62.800000
E_9-10	ARO:3008902	PDC-555	3	68.900000	62.766667	72.400000
E_9-10	ARO:3008904	PDC-557	1	60.000000	64.700000	64.700000
E_9-10	ARO:3008905	PDC-558	2	73.200000	63.500000	63.500000
E_9-10	ARO:3008908	PDC-561	12	53.550000	44.566667	63.500000
E_9-10	ARO:3008909	PDC-562	1	64.000000	72.400000	72.400000
E_9-10	ARO:3008914	PDC-567	1	48.900000	49.700000	49.700000
E_9-10	ARO:3008916	PDC-569	1	40.000000	38.900000	38.900000
E_9-10	ARO:3008918	PDC-571	1	56.300000	64.300000	64.300000
E_9-10	ARO:3008920	PDC-573	1	59.600000	57.400000	57.400000
E_9-10	ARO:3008921	PDC-574	17	52.635294	45.305882	73.900000
E_9-10	ARO:3008922	PDC-575	16	51.925000	43.612500	73.900000
E_9-10	ARO:3008924	PDC-577	3	68.900000	62.766667	72.400000
E_9-10	ARO:3008927	PDC-580	1	40.000000	38.900000	38.900000
E_9-10	ARO:3008928	PDC-581	3	48.000000	50.066667	72.400000
E_9-10	ARO:3008929	PDC-582	56	54.203571	49.541071	68.200000
E_9-10	ARO:3008931	PDC-584	1	32.700000	38.500000	38.500000
E_9-10	ARO:3008934	PDC-587	5	52.960000	58.320000	64.700000
E_9-10	ARO:3008935	PDC-588	1	64.000000	72.400000	72.400000
E_9-10	ARO:3008936	PDC-589	1	39.000000	42.000000	42.000000
E_9-10	ARO:3008937	PDC-590	1	64.000000	72.400000	72.400000
E_9-10	ARO:3008940	PDC-593	1	50.000000	52.000000	52.000000
E_9-10	ARO:3008942	PDC-595	14	69.464286	66.000000	73.900000
E_9-10	ARO:3008944	PDC-597	2	52.100000	55.800000	55.800000
E_9-10	ARO:3008949	PDC-602	74	65.378378	52.864865	75.100000
E_9-10	ARO:3008951	PDC-604	1	51.600000	38.500000	38.500000
E_9-10	ARO:3008958	PDC-611	3	67.000000	51.900000	70.900000
E_9-10	ARO:3008964	PDC-617	2	69.200000	41.600000	41.600000
E_9-10	ARO:3008966	PDC-619	2	59.550000	68.550000	72.400000
E_9-10	ARO:3008967	PDC-620	3	49.433333	50.833333	56.600000
E_9-10	ARO:3008971	PDC-624	3	46.533333	45.433333	56.600000
E_9-10	ARO:3008972	PDC-625	3	39.433333	38.766667	39.700000
E_9-10	ARO:3008974	PDC-627	3	44.533333	40.433333	43.500000
E_9-10	ARO:3008976	PDC-629	21	53.323810	47.000000	73.900000
E_9-10	ARO:3008978	PDC-631	2	54.000000	57.400000	64.700000
E_9-10	ARO:3008980	PDC-633	1	60.900000	62.400000	62.400000
E_9-10	ARO:3008984	PDC-637	1	55.100000	56.600000	56.600000
E_9-10	ARO:3008986	PDC-639	12	55.050000	56.366667	67.400000
E_9-10	ARO:3008988	PEN-A10	113	57.840708	60.459292	85.500000
E_9-10	ARO:3008989	PEN-A11	109	58.156881	60.655046	85.500000
E_9-10	ARO:3008990	PEN-A12	112	58.001786	60.358036	85.500000
E_9-10	ARO:3008991	PEN-A13	120	57.446667	59.789167	85.500000
E_9-10	ARO:3008992	PEN-A15	103	57.805825	59.605825	79.000000
E_9-10	ARO:3008993	PEN-A16	142	56.397887	58.068310	85.500000
E_9-10	ARO:3008994	PEN-A17	69	58.382609	61.137681	79.000000
E_9-10	ARO:3008995	PEN-A18	75	57.273333	59.280000	85.500000
E_9-10	ARO:3008996	PEN-A19	130	55.550000	56.110000	85.500000
E_9-10	ARO:3008997	PEN-A1	123	52.432520	52.061789	87.000000
E_9-10	ARO:3008998	PEN-A20	96	56.425000	57.676042	85.500000
E_9-10	ARO:3008999	PEN-A21	49	56.444898	56.953061	79.000000
E_9-10	ARO:3009000	PEN-A22	91	58.408791	61.036264	79.000000
E_9-10	ARO:3009001	PEN-A23	37	56.991892	55.402703	79.000000
E_9-10	ARO:3009002	PEN-A24	119	55.207563	55.664706	85.500000
E_9-10	ARO:3009003	PEN-A25	66	56.257576	56.936364	85.500000
E_9-10	ARO:3009004	PEN-A26	72	54.672222	55.661111	85.500000
E_9-10	ARO:3009005	PEN-A27	70	55.242857	56.447143	85.500000
E_9-10	ARO:3009006	PEN-A28	143	54.890909	57.055944	85.500000
E_9-10	ARO:3009007	PEN-A29	145	54.234483	55.388966	87.000000
E_9-10	ARO:3009008	PEN-A2	12	61.033333	61.450000	74.700000
E_9-10	ARO:3009009	PEN-A30	163	54.636196	56.747853	85.900000
E_9-10	ARO:3009010	PEN-A31	62	56.767742	58.122581	78.600000
E_9-10	ARO:3009011	PEN-A32	140	54.437857	56.023571	78.600000
E_9-10	ARO:3009012	PEN-A33	135	53.884444	55.037778	77.400000
E_9-10	ARO:3009013	PEN-A34	100	54.148000	55.018000	77.400000
E_9-10	ARO:3009014	PEN-A35	134	54.410448	56.201493	78.600000
E_9-10	ARO:3009015	PEN-A37	151	54.279470	56.242384	86.300000
E_9-10	ARO:3009016	PEN-A38	125	55.112000	56.392800	78.600000
E_9-10	ARO:3009017	PEN-A3	43	56.941860	56.979070	78.600000
E_9-10	ARO:3009018	PEN-A5	32	57.987500	57.875000	78.600000
E_9-10	ARO:3009019	PEN-A6	23	55.591304	52.573913	74.700000
E_9-10	ARO:3009020	PEN-A7	27	59.288889	58.277778	78.600000
E_9-10	ARO:3009021	PEN-A8	49	56.108163	56.053061	74.700000
E_9-10	ARO:3009022	PEN-A9	57	55.889474	56.831579	74.700000
E_9-10	ARO:3009023	PEN-B1	96	57.629167	58.928125	83.200000
E_9-10	ARO:3009024	PEN-B2	104	56.315385	56.489423	80.100000
E_9-10	ARO:3009025	PEN-B3	86	57.262791	57.775581	81.600000
E_9-10	ARO:3009026	PEN-B4	93	57.661290	58.882796	83.200000
E_9-10	ARO:3009027	PER-17	109	49.804587	53.358716	102.000000
E_9-10	ARO:3009028	PER-18	77	52.658442	52.453247	100.000000
E_9-10	ARO:3009029	PJM-2	151	53.841722	47.088742	78.600000
E_9-10	ARO:3009030	PLA-4	124	55.679032	53.630645	73.600000
E_9-10	ARO:3009031	PLA-5	113	55.777876	53.601770	73.600000
E_9-10	ARO:3009032	PNC-1	578	57.654671	59.684775	78.600000
E_9-10	ARO:3009033	PNC-2	576	57.649653	59.687500	78.600000
E_9-10	ARO:3009034	PNC-3	565	57.812920	59.987257	78.600000
E_9-10	ARO:3009035	RAA-1	346	60.331503	61.745665	86.300000
E_9-10	ARO:3009036	RAHN-3	23	59.204348	60.856522	90.100000
E_9-10	ARO:3009037	RAHN-4	19	57.400000	59.078947	90.500000
E_9-10	ARO:3009038	RAHN-5	18	57.416667	59.127778	90.500000
E_9-10	ARO:3009039	RAHN-6	18	57.416667	59.150000	90.500000
E_9-10	ARO:3009040	RASA-1	111	54.139640	58.470270	95.900000
E_9-10	ARO:3009041	RSC1-1	343	54.418659	54.652770	105.000000
E_9-10	ARO:3009042	RSD1-1	439	56.122779	61.351708	95.100000
E_9-10	ARO:3009044	SED-2	59	60.710169	58.859322	76.300000
E_9-10	ARO:3009045	SFC-2	6	49.366667	46.250000	50.800000
E_9-10	ARO:3009046	SFDC-1	44	57.968182	58.125000	98.600000
E_9-10	ARO:3009051	SHV-232	72	51.840278	54.070833	75.500000
E_9-10	ARO:3009053	SHV-234	3	50.933333	45.166667	60.100000
E_9-10	ARO:3009058	SHV-239	3	50.933333	45.166667	60.100000
E_9-10	ARO:3009061	SHV-242	1	60.400000	60.100000	60.100000
E_9-10	ARO:3009062	SHV-243	104	63.687500	62.500000	72.400000
E_9-10	ARO:3009065	SRT-4	344	52.512209	52.149128	75.900000
E_9-10	ARO:3009069	TEM-250	4	68.125000	56.800000	57.800000
E_9-10	ARO:3009070	TEM-251	43	60.655814	60.576744	67.400000
E_9-10	ARO:3009073	TEM-254	18	64.083333	64.027778	68.600000
E_9-10	ARO:3009076	TEM-257	1	58.000000	63.500000	63.500000
E_9-10	ARO:3009079	VEB-18	1601	94.086758	92.609994	113.000000
E_9-10	ARO:3009080	VEB-28	1690	95.992663	89.973964	113.000000
E_9-10	ARO:3009081	VEB-29	478	80.470921	82.320084	113.000000
E_9-10	ARO:3009082	VEB-30	736	88.741848	85.896467	113.000000
E_9-10	ARO:3009083	VEB-31	1232	97.044805	88.920292	113.000000
E_9-10	ARO:3009084	VEB-32	1286	96.012442	87.389114	106.000000
E_9-10	ARO:3009085	VEB-33	1259	94.433201	85.830659	105.000000
E_9-10	ARO:3009086	VEB-34	866	94.302540	88.688568	106.000000
E_9-10	ARO:3009087	VEB-35	759	96.938208	89.815679	106.000000
E_9-10	ARO:3009088	VEB-36	330	93.168182	88.400000	105.000000
E_9-10	ARO:3009089	VEB-37	154	77.879221	70.090909	107.000000
E_9-10	ARO:3009090	VEB-38	555	95.386847	84.179640	106.000000
E_9-10	ARO:3009091	VEB-39	797	97.049561	90.318695	105.000000
E_9-10	ARO:3009092	VIM-88	5	46.960000	59.380000	65.100000
E_9-10	ARO:3009096	YOC-1	22	54.190909	48.577273	81.300000
E_9-10	ARO:3009098	CfiA28	48	58.808333	67.133333	104.000000
E_9-10	ARO:3009099	CfiA29	48	58.795833	67.058333	108.000000
E_9-10	ARO:3009100	CfiA30	48	58.887500	67.225000	105.000000
E_9-10	ARO:3009101	CfiA31	48	58.722917	67.043750	107.000000
E_9-10	ARO:3009192	OXY-1-7	9	60.411111	68.711111	101.000000
