sample_id	aro_id	card_hit_name	diamond_read_hits	mean_pident	mean_bitscore	max_bitscore
RW_2	ARO:3000005	vanD	5074	51.888155	47.990225	91.300000
RW_2	ARO:3000010	vanA	3544	51.780841	48.513262	105.000000
RW_2	ARO:3000013	vanB	2016	52.170437	48.446429	94.700000
RW_2	ARO:3000024	patA	39267	45.946018	46.071890	95.900000
RW_2	ARO:3000025	patB	40615	48.826690	49.232838	94.000000
RW_2	ARO:3000026	mepA	549	45.180874	42.231876	58.900000
RW_2	ARO:3000027	emrA	8535	59.301125	58.801090	107.000000
RW_2	ARO:3000074	emrB	13086	60.199167	62.025821	115.000000
RW_2	ARO:3000090	Bla1	176	53.343182	56.597727	87.800000
RW_2	ARO:3000118	vgaB	42030	44.581875	45.291601	75.100000
RW_2	ARO:3000124	mecI	24	41.100000	43.420833	56.200000
RW_2	ARO:3000149	FosA	226	69.191150	65.807965	92.000000
RW_2	ARO:3000165	tet(A)	11057	62.376069	60.594953	108.000000
RW_2	ARO:3000166	tet(B)	7963	55.490079	55.266369	105.000000
RW_2	ARO:3000167	tet(C)	9795	63.127728	61.378295	107.000000
RW_2	ARO:3000168	tet(D)	5085	56.065723	53.391485	98.600000
RW_2	ARO:3000172	FosB	53	50.279245	40.543396	67.000000
RW_2	ARO:3000173	tet(E)	7564	57.768258	56.373585	112.000000
RW_2	ARO:3000174	tet(G)	8351	57.044905	56.489283	103.000000
RW_2	ARO:3000175	tet(H)	5784	56.794554	55.939436	106.000000
RW_2	ARO:3000177	tet(J)	5697	57.359768	55.263560	94.000000
RW_2	ARO:3000178	tet(K)	73	51.775342	50.657534	89.700000
RW_2	ARO:3000179	tet(L)	118	58.170339	53.850847	103.000000
RW_2	ARO:3000180	tetA(P)	519	73.200963	71.559730	99.800000
RW_2	ARO:3000181	tet(V)	432	54.778009	53.127778	97.400000
RW_2	ARO:3000182	tet(Y)	7702	54.736912	54.400169	106.000000
RW_2	ARO:3000183	tet(Z)	4225	56.904355	53.773538	99.000000
RW_2	ARO:3000186	tet(M)	21750	58.185664	54.987292	114.000000
RW_2	ARO:3000190	tet(O)	23648	58.352622	55.808775	114.000000
RW_2	ARO:3000191	tet(Q)	23731	59.377173	58.801782	113.000000
RW_2	ARO:3000192	tet(S)	20521	56.286672	53.746070	114.000000
RW_2	ARO:3000193	tet(T)	27660	53.555412	52.122871	108.000000
RW_2	ARO:3000194	tet(W)	21928	58.571233	54.516372	113.000000
RW_2	ARO:3000195	tetB(P)	27204	54.348747	50.045383	107.000000
RW_2	ARO:3000196	tet(32)	23511	56.773770	54.098639	112.000000
RW_2	ARO:3000197	tet(36)	27469	55.047574	52.714700	108.000000
RW_2	ARO:3000198	FosX	159	59.927044	59.630818	87.800000
RW_2	ARO:3000205	tet(X)	1370	75.021022	68.365474	112.000000
RW_2	ARO:3000206	emrK	7631	57.620168	58.776609	105.000000
RW_2	ARO:3000215	mecR1	314	48.012739	46.486306	69.700000
RW_2	ARO:3000216	acrB	134332	60.332073	58.028657	114.000000
RW_2	ARO:3000217	blaR1	498	48.641566	49.716667	70.500000
RW_2	ARO:3000230	ANT(2'')-Ia	384	99.229948	95.512760	117.000000
RW_2	ARO:3000237	TolC	2674	69.694802	66.257853	104.000000
RW_2	ARO:3000245	RbpA	207	63.361836	50.879227	112.000000
RW_2	ARO:3000250	ErmC	950	59.148737	58.611368	101.000000
RW_2	ARO:3000251	msrA	20440	48.679770	46.191032	73.600000
RW_2	ARO:3000254	emrY	11468	56.792762	58.818137	116.000000
RW_2	ARO:3000263	marA	461	75.385683	72.176573	111.000000
RW_2	ARO:3000300	lsaA	9995	45.315698	42.182901	99.000000
RW_2	ARO:3000316	mphA	4299	71.123843	74.341591	115.000000
RW_2	ARO:3000318	mphB	262	46.898855	55.410687	99.400000
RW_2	ARO:3000319	mphC	99	45.905051	53.205051	67.800000
RW_2	ARO:3000326	ErmE	339	47.908260	46.333923	78.200000
RW_2	ARO:3000343	tap	59	57.520339	54.113559	98.600000
RW_2	ARO:3000347	ErmA	723	60.534716	57.694467	91.300000
RW_2	ARO:3000361	EreA	739	83.032206	79.882409	107.000000
RW_2	ARO:3000363	EreB	1934	81.116081	84.008118	111.000000
RW_2	ARO:3000368	vanC	4328	55.451825	47.978651	101.000000
RW_2	ARO:3000375	ErmB	1327	93.787943	85.904748	111.000000
RW_2	ARO:3000377	MexA	13675	57.644380	54.783174	100.000000
RW_2	ARO:3000378	MexB	130341	60.215583	57.808658	97.400000
RW_2	ARO:3000379	OprM	17665	58.409691	52.476785	91.300000
RW_2	ARO:3000391	norA	91	44.620879	41.731868	62.800000
RW_2	ARO:3000392	Erm(37)	25	49.308000	43.888000	61.600000
RW_2	ARO:3000410	sul1	3810	88.160630	80.815328	110.000000
RW_2	ARO:3000412	sul2	4659	64.858639	60.079330	105.000000
RW_2	ARO:3000413	sul3	4177	50.784463	48.674192	102.000000
RW_2	ARO:3000421	norB	1785	58.615350	57.320224	93.200000
RW_2	ARO:3000444	rphA	5800	57.719897	52.085948	93.600000
RW_2	ARO:3000448	QepA1	1361	47.746804	46.508303	88.600000
RW_2	ARO:3000449	FomB	1	65.200000	61.600000	61.600000
RW_2	ARO:3000462	mgtA	38	55.807895	56.126316	82.000000
RW_2	ARO:3000463	gimA	37	55.081081	56.978378	87.400000
RW_2	ARO:3000467	NDM-5	67	93.585075	84.468657	113.000000
RW_2	ARO:3000476	tet(31)	6677	54.810798	55.219155	108.000000
RW_2	ARO:3000478	tet(33)	5320	58.459380	56.486541	107.000000
RW_2	ARO:3000481	tet(35)	1881	60.207815	55.235673	88.200000
RW_2	ARO:3000491	acrD	123196	59.086682	57.420194	112.000000
RW_2	ARO:3000495	ErmD	693	47.975758	44.557576	54.300000
RW_2	ARO:3000498	ErmF	3292	90.530468	85.839642	107.000000
RW_2	ARO:3000499	AcrE	15570	56.622762	54.678536	106.000000
RW_2	ARO:3000501	rpoB2	111126	65.589762	68.012437	111.000000
RW_2	ARO:3000502	AcrF	138196	59.126606	56.737346	113.000000
RW_2	ARO:3000504	golS	2870	59.036620	57.077247	94.000000
RW_2	ARO:3000508	gadX	711	75.733052	71.680028	108.000000
RW_2	ARO:3000510	Saur_mupB_MUP	20110	53.058677	53.308071	91.700000
RW_2	ARO:3000516	emrR	500	88.277400	81.370800	112.000000
RW_2	ARO:3000518	CRP	4471	69.038985	70.717401	107.000000
RW_2	ARO:3000521	Saur_mupA_MUP	21383	52.080611	52.696927	109.000000
RW_2	ARO:3000522	ErmG	585	64.650598	63.663077	108.000000
RW_2	ARO:3000526	cmeR	41	44.502439	41.370732	54.700000
RW_2	ARO:3000533	macA	3403	55.402939	51.768146	83.600000
RW_2	ARO:3000535	macB	35172	56.523777	52.935415	95.900000
RW_2	ARO:3000549	adeS	2649	48.232276	48.279992	90.100000
RW_2	ARO:3000553	adeR	38287	47.618001	46.570350	103.000000
RW_2	ARO:3000556	tet(44)	16605	58.889509	55.551599	109.000000
RW_2	ARO:3000559	adeN	1641	65.067215	67.151432	103.000000
RW_2	ARO:3000561	tet(30)	9126	56.690730	57.029268	90.500000
RW_2	ARO:3000565	tet(38)	31	56.470968	54.883871	69.700000
RW_2	ARO:3000566	tet(39)	15543	87.370694	82.984025	108.000000
RW_2	ARO:3000567	tet(40)	452	81.141593	77.898009	109.000000
RW_2	ARO:3000569	tet(41)	13308	64.295469	65.637263	90.100000
RW_2	ARO:3000572	tet(42)	3935	51.091614	47.423380	96.700000
RW_2	ARO:3000573	tet(43)	518	55.846718	49.507529	93.200000
RW_2	ARO:3000578	CcrA	218	54.851835	63.802294	111.000000
RW_2	ARO:3000579	Cmen_BlaB	47	51.080851	57.136170	80.900000
RW_2	ARO:3000582	L1_BLA	87	54.283908	55.418391	108.000000
RW_2	ARO:3000589	NDM-1	96	96.198958	90.880208	113.000000
RW_2	ARO:3000590	NDM-2	77	95.923377	91.870130	110.000000
RW_2	ARO:3000592	ErmN	8	42.487500	41.425000	46.600000
RW_2	ARO:3000593	ErmQ	418	47.717943	47.985885	110.000000
RW_2	ARO:3000594	ErmR	127	51.170866	44.522047	72.800000
RW_2	ARO:3000595	ErmT	892	64.493834	62.152578	106.000000
RW_2	ARO:3000596	ErmX	596	79.826846	73.556040	110.000000
RW_2	ARO:3000598	Erm(31)	364	57.512912	55.054670	89.400000
RW_2	ARO:3000599	Erm(33)	717	61.476709	60.935565	91.300000
RW_2	ARO:3000600	Erm(34)	107	45.289720	42.174766	55.800000
RW_2	ARO:3000601	Erm(38)	209	64.065072	64.543541	94.700000
RW_2	ARO:3000602	Erm(39)	283	60.967491	61.952650	94.700000
RW_2	ARO:3000603	Erm(41)	12	46.783333	44.241667	63.500000
RW_2	ARO:3000604	Erm(35)	3206	73.492452	71.069869	94.700000
RW_2	ARO:3000605	Erm(36)	369	57.406504	56.739566	102.000000
RW_2	ARO:3000606	FEZ-1	184	55.972826	56.766304	84.000000
RW_2	ARO:3000614	mef(E)	96	65.033333	63.051042	94.700000
RW_2	ARO:3000616	mel	4584	82.199302	78.131043	103.000000
RW_2	ARO:3000617	mecA	1530	44.220523	42.629869	72.000000
RW_2	ARO:3000620	adeL	9387	49.988825	47.902237	110.000000
RW_2	ARO:3000621	PC1_blaZ	22	53.577273	52.063636	58.500000
RW_2	ARO:3000656	AcrS	2074	62.147252	56.079701	110.000000
RW_2	ARO:3000676	H-NS	1049	70.853861	57.248046	106.000000
RW_2	ARO:3000746	mepR	2	40.800000	37.400000	37.400000
RW_2	ARO:3000753	abeM	8077	69.233168	67.814486	105.000000
RW_2	ARO:3000768	abeS	6076	56.320869	54.230398	83.200000
RW_2	ARO:3000774	adeA	6070	51.710873	48.686129	96.700000
RW_2	ARO:3000775	adeB	100892	56.713093	54.272183	106.000000
RW_2	ARO:3000777	adeF	101260	55.080040	51.916097	105.000000
RW_2	ARO:3000778	adeG	7713	50.218086	46.517114	100.000000
RW_2	ARO:3000779	adeH	7887	55.691404	47.971599	99.800000
RW_2	ARO:3000780	adeI	12703	62.644989	59.774093	99.000000
RW_2	ARO:3000781	adeJ	129224	60.296704	58.193559	110.000000
RW_2	ARO:3000782	adeK	19850	63.506831	59.177174	102.000000
RW_2	ARO:3000783	cmeA	642	47.872897	43.891277	58.200000
RW_2	ARO:3000784	cmeB	101410	55.037402	52.459096	82.400000
RW_2	ARO:3000785	cmeC	925	47.152000	42.615459	58.500000
RW_2	ARO:3000789	mdsA	2753	49.310134	45.405667	88.600000
RW_2	ARO:3000790	mdsB	103117	53.843418	51.395795	98.600000
RW_2	ARO:3000791	mdsC	12303	57.206730	51.357742	85.500000
RW_2	ARO:3000792	mdtA	5298	55.841299	54.413496	105.000000
RW_2	ARO:3000793	mdtB	62618	59.008799	55.257990	105.000000
RW_2	ARO:3000794	mdtC	57272	59.461171	56.114883	108.000000
RW_2	ARO:3000795	mdtE	9077	55.376424	53.227355	107.000000
RW_2	ARO:3000796	mdtF	131248	58.620693	56.263433	112.000000
RW_2	ARO:3000800	MexC	8051	57.983952	52.907216	95.100000
RW_2	ARO:3000801	MexD	111863	56.535315	54.442973	100.000000
RW_2	ARO:3000802	OprJ	18005	57.141261	52.020966	92.400000
RW_2	ARO:3000803	MexE	5032	51.544873	47.251331	98.200000
RW_2	ARO:3000804	MexF	107263	55.123335	52.002436	102.000000
RW_2	ARO:3000805	OprN	2393	57.898287	49.273673	91.700000
RW_2	ARO:3000806	MexG	2	58.850000	59.900000	60.500000
RW_2	ARO:3000807	MexH	771	48.161738	43.207652	70.500000
RW_2	ARO:3000808	MexI	60824	53.049844	48.235905	95.900000
RW_2	ARO:3000809	OpmD	731	49.170315	42.582627	91.700000
RW_2	ARO:3000810	mtrC	8164	52.183525	49.606112	84.700000
RW_2	ARO:3000811	mtrD	99430	56.128152	52.927489	93.600000
RW_2	ARO:3000812	mtrE	9793	57.981027	51.748841	82.000000
RW_2	ARO:3000815	mgrA	1601	45.429794	45.107808	61.600000
RW_2	ARO:3000816	mtrA	356	46.257865	41.045225	60.800000
RW_2	ARO:3000822	pmrA	912	55.647588	56.550219	85.900000
RW_2	ARO:3000823	ramA	397	58.729975	58.581864	106.000000
RW_2	ARO:3000826	sdiA	553	70.084448	67.666004	100.000000
RW_2	ARO:3000830	cpxA	2364	66.690525	65.997758	112.000000
RW_2	ARO:3000832	evgA	5840	40.452106	42.570223	110.000000
RW_2	ARO:3000833	evgS	26423	46.530965	45.644181	115.000000
RW_2	ARO:3000838	arlR	53824	50.288422	48.321999	85.900000
RW_2	ARO:3000839	arlS	6470	50.027017	49.488532	79.000000
RW_2	ARO:3000840	JOHN-1	81	57.444444	65.590123	101.000000
RW_2	ARO:3000841	CGB-1	157	45.035032	47.017197	86.700000
RW_2	ARO:3000842	EBR-1	36	65.100000	66.338889	108.000000
RW_2	ARO:3000843	MUS-1	83	50.551807	55.524096	67.800000
RW_2	ARO:3000844	TUS-1	136	44.601471	50.145588	69.300000
RW_2	ARO:3000845	GIM-1	35	46.260000	49.502857	73.600000
RW_2	ARO:3000846	SIM-1	5	48.640000	51.140000	58.200000
RW_2	ARO:3000847	KHM-1	35	46.260000	43.782857	68.200000
RW_2	ARO:3000848	DIM-1	16	47.687500	48.175000	74.700000
RW_2	ARO:3000849	SFH-1	132	65.934848	73.050000	85.500000
RW_2	ARO:3000850	GOB-1	155	50.114839	49.223226	91.700000
RW_2	ARO:3000851	THIN-B	324	55.378704	54.990123	91.300000
RW_2	ARO:3000853	AIM-1	319	51.841379	51.209091	79.000000
RW_2	ARO:3000854	SMB-1	237	52.778903	57.721097	102.000000
RW_2	ARO:3000855	CAU-1	216	50.095370	49.737963	99.000000
RW_2	ARO:3000856	BJP-1	227	52.418062	49.584581	100.000000
RW_2	ARO:3000858	armA	3	82.600000	77.233333	110.000000
RW_2	ARO:3000859	rmtA	2	54.100000	44.300000	48.900000
RW_2	ARO:3000860	rmtB	5	45.560000	43.060000	49.700000
RW_2	ARO:3000861	rmtC	5	41.140000	43.060000	55.500000
RW_2	ARO:3000862	sgm	28	52.171429	50.932143	67.000000
RW_2	ARO:3000865	oleD	46	52.060870	54.452174	87.400000
RW_2	ARO:3000866	oleI	48	52.325000	52.314583	69.700000
RW_2	ARO:3000874	TEM-2	24	99.750000	99.508333	108.000000
RW_2	ARO:3000876	TEM-4	1	85.700000	91.300000	91.300000
RW_2	ARO:3000877	TEM-5	2	42.750000	41.200000	44.300000
RW_2	ARO:3000878	TEM-6	8	53.825000	49.012500	52.400000
RW_2	ARO:3000879	TEM-7	170	73.521765	68.884118	105.000000
RW_2	ARO:3000881	TEM-9	1	85.700000	91.300000	91.300000
RW_2	ARO:3000883	TEM-11	103	95.864078	82.443689	105.000000
RW_2	ARO:3000887	TEM-16	111	91.138739	77.685586	103.000000
RW_2	ARO:3000888	TEM-17	112	99.773214	87.314286	108.000000
RW_2	ARO:3000891	TEM-20	68	59.598529	61.750000	72.000000
RW_2	ARO:3000892	TEM-21	96	62.470833	60.590625	76.600000
RW_2	ARO:3000893	TEM-22	10	99.800000	103.270000	108.000000
RW_2	ARO:3000894	TEM-24	2	42.750000	41.200000	44.300000
RW_2	ARO:3000898	TEM-28	8	53.825000	49.012500	52.400000
RW_2	ARO:3000899	TEM-29	8	53.825000	49.012500	52.400000
RW_2	ARO:3000902	TEM-32	46	58.991304	60.982609	72.000000
RW_2	ARO:3000903	TEM-33	35	98.545714	96.871429	108.000000
RW_2	ARO:3000904	TEM-34	185	86.341081	76.449189	108.000000
RW_2	ARO:3000905	TEM-35	3	85.033333	82.700000	104.000000
RW_2	ARO:3000906	TEM-36	4	77.525000	77.825000	99.800000
RW_2	ARO:3000907	TEM-37	2	75.000000	73.000000	89.000000
RW_2	ARO:3000909	TEM-39	83	62.527711	63.393976	104.000000
RW_2	ARO:3000910	TEM-40	1	50.000000	57.000000	57.000000
RW_2	ARO:3000911	TEM-42	163	72.753374	68.567485	108.000000
RW_2	ARO:3000912	TEM-43	134	91.288806	80.649254	104.000000
RW_2	ARO:3000914	TEM-45	2	77.550000	79.550000	104.000000
RW_2	ARO:3000916	TEM-47	145	87.259310	79.742759	108.000000
RW_2	ARO:3000917	TEM-48	1	85.700000	91.300000	91.300000
RW_2	ARO:3000921	TEM-52	72	59.354167	61.216667	72.000000
RW_2	ARO:3000924	TEM-55	2	59.200000	56.200000	56.200000
RW_2	ARO:3000926	TEM-57	46	53.639130	52.189130	70.500000
RW_2	ARO:3000928	TEM-59	103	92.806796	86.801942	108.000000
RW_2	ARO:3000930	TEM-61	8	53.825000	49.012500	52.400000
RW_2	ARO:3000931	TEM-63	14	57.550000	57.907143	69.300000
RW_2	ARO:3000934	TEM-67	65	99.141538	89.821538	108.000000
RW_2	ARO:3000935	TEM-68	1	51.000000	52.800000	52.800000
RW_2	ARO:3000936	TEM-70	1	78.000000	77.000000	77.000000
RW_2	ARO:3000937	TEM-71	24	99.750000	99.529167	108.000000
RW_2	ARO:3000938	TEM-72	220	74.095909	67.145909	105.000000
RW_2	ARO:3000939	TEM-73	2	77.550000	79.550000	104.000000
RW_2	ARO:3000941	TEM-75	176	72.661364	68.169886	105.000000
RW_2	ARO:3000944	TEM-78	173	78.373410	74.374566	104.000000
RW_2	ARO:3000947	TEM-80	98	61.385714	52.343878	104.000000
RW_2	ARO:3000948	TEM-81	105	60.914286	51.994286	104.000000
RW_2	ARO:3000949	TEM-82	3	70.033333	74.100000	99.800000
RW_2	ARO:3000950	TEM-83	7	71.357143	68.942857	104.000000
RW_2	ARO:3000951	TEM-84	9	99.777778	99.777778	108.000000
RW_2	ARO:3000952	TEM-85	1	85.700000	91.300000	91.300000
RW_2	ARO:3000953	TEM-86	3	57.066667	57.900000	91.300000
RW_2	ARO:3000954	TEM-87	97	93.638144	86.484536	104.000000
RW_2	ARO:3000955	TEM-88	23	64.173913	64.534783	74.700000
RW_2	ARO:3000956	TEM-89	58	89.310345	78.463793	108.000000
RW_2	ARO:3000957	TEM-90	141	59.178014	53.324113	63.200000
RW_2	ARO:3000958	TEM-91	98	93.348980	80.063265	105.000000
RW_2	ARO:3000959	TEM-92	118	74.736441	70.484746	105.000000
RW_2	ARO:3000960	TEM-93	65	59.530769	61.655385	72.000000
RW_2	ARO:3000961	TEM-94	51	59.441176	61.603922	91.300000
RW_2	ARO:3000962	TEM-95	83	62.609639	57.440964	103.000000
RW_2	ARO:3000963	TEM-96	2	48.400000	48.500000	58.900000
RW_2	ARO:3000965	TEM-102	98	86.331633	78.189796	105.000000
RW_2	ARO:3000968	TEM-105	79	60.024051	51.979747	72.400000
RW_2	ARO:3000969	TEM-106	79	62.955696	64.451899	103.000000
RW_2	ARO:3000970	TEM-107	24	56.975000	55.104167	69.300000
RW_2	ARO:3000972	TEM-109	110	94.760000	80.884545	104.000000
RW_2	ARO:3000973	TEM-110	1	85.700000	91.300000	91.300000
RW_2	ARO:3000974	TEM-111	1	85.700000	91.300000	91.300000
RW_2	ARO:3000975	TEM-112	135	71.722222	69.893333	105.000000
RW_2	ARO:3000976	TEM-113	69	59.427536	61.446377	72.000000
RW_2	ARO:3000977	TEM-114	3	42.100000	40.300000	44.300000
RW_2	ARO:3000978	TEM-115	8	53.825000	49.012500	52.400000
RW_2	ARO:3000979	TEM-116	133	91.530827	80.715038	105.000000
RW_2	ARO:3000980	TEM-117	203	74.569951	71.100985	108.000000
RW_2	ARO:3000981	TEM-118	179	73.108380	68.748045	105.000000
RW_2	ARO:3000983	TEM-121	55	96.754545	72.554545	103.000000
RW_2	ARO:3000984	TEM-122	44	99.818182	99.204545	108.000000
RW_2	ARO:3000985	TEM-123	137	74.359124	69.497810	108.000000
RW_2	ARO:3000986	TEM-124	205	67.439024	64.980000	105.000000
RW_2	ARO:3000987	TEM-125	24	62.954167	63.875000	104.000000
RW_2	ARO:3000988	TEM-126	227	82.851542	74.027753	105.000000
RW_2	ARO:3000989	TEM-127	48	60.197917	59.443750	72.000000
RW_2	ARO:3000990	TEM-128	15	99.866667	97.920000	103.000000
RW_2	ARO:3000994	TEM-130	2	42.750000	41.400000	44.300000
RW_2	ARO:3000995	TEM-131	9	53.944444	54.822222	69.300000
RW_2	ARO:3000996	TEM-132	168	83.322619	72.498214	105.000000
RW_2	ARO:3000997	TEM-133	7	100.000000	97.728571	103.000000
RW_2	ARO:3000998	TEM-134	8	53.825000	49.012500	52.400000
RW_2	ARO:3000999	TEM-135	56	58.805357	60.921429	72.000000
RW_2	ARO:3001000	TEM-136	3	42.100000	40.300000	44.300000
RW_2	ARO:3001002	TEM-138	76	99.797368	81.651316	104.000000
RW_2	ARO:3001004	TEM-141	1	62.200000	62.400000	62.400000
RW_2	ARO:3001005	TEM-142	1	85.700000	91.300000	91.300000
RW_2	ARO:3001013	TEM-146	75	59.636000	50.962667	61.200000
RW_2	ARO:3001014	TEM-147	9	54.733333	50.666667	63.900000
RW_2	ARO:3001015	TEM-148	108	98.710185	90.262963	107.000000
RW_2	ARO:3001016	TEM-149	10	56.530000	57.960000	69.300000
RW_2	ARO:3001018	TEM-151	22	78.922727	75.322727	103.000000
RW_2	ARO:3001019	TEM-152	12	61.725000	58.616667	99.800000
RW_2	ARO:3001020	TEM-154	2	77.550000	79.550000	104.000000
RW_2	ARO:3001021	TEM-155	14	99.857143	101.450000	105.000000
RW_2	ARO:3001022	TEM-156	49	60.787755	56.079592	67.400000
RW_2	ARO:3001023	TEM-157	86	52.902326	52.082558	67.800000
RW_2	ARO:3001024	TEM-158	75	98.132000	87.774667	104.000000
RW_2	ARO:3001025	TEM-159	79	62.865823	64.467089	103.000000
RW_2	ARO:3001026	TEM-160	3	70.033333	74.100000	99.800000
RW_2	ARO:3001028	TEM-162	66	56.692424	57.653030	103.000000
RW_2	ARO:3001030	TEM-164	1	62.200000	62.400000	62.400000
RW_2	ARO:3001032	TEM-166	182	75.366484	73.275824	108.000000
RW_2	ARO:3001033	TEM-167	2	73.850000	77.600000	91.300000
RW_2	ARO:3001034	TEM-168	1	85.700000	91.300000	91.300000
RW_2	ARO:3001035	TEM-169	37	63.786486	63.967568	105.000000
RW_2	ARO:3001041	TEM-176	111	99.446847	87.757658	108.000000
RW_2	ARO:3001042	TEM-177	13	53.200000	53.884615	69.300000
RW_2	ARO:3001043	TEM-178	169	74.763314	63.449112	105.000000
RW_2	ARO:3001044	TEM-181	7	48.271429	53.514286	53.900000
RW_2	ARO:3001045	TEM-183	135	95.765926	85.623704	108.000000
RW_2	ARO:3001047	TEM-187	169	71.504142	67.551479	105.000000
RW_2	ARO:3001048	TEM-188	7	99.714286	105.714286	108.000000
RW_2	ARO:3001049	TEM-189	2	77.550000	79.550000	104.000000
RW_2	ARO:3001050	TEM-190	32	65.081250	65.146875	105.000000
RW_2	ARO:3001051	TEM-191	7	99.714286	105.714286	108.000000
RW_2	ARO:3001052	TEM-192	187	71.082353	67.101604	108.000000
RW_2	ARO:3001053	TEM-193	1	42.000000	44.300000	44.300000
RW_2	ARO:3001054	TEM-194	50	53.492000	50.074000	66.200000
RW_2	ARO:3001055	TEM-195	174	82.812069	72.436207	104.000000
RW_2	ARO:3001056	TEM-197	7	48.271429	53.514286	53.900000
RW_2	ARO:3001057	TEM-198	120	97.105000	91.660000	108.000000
RW_2	ARO:3001058	TEM-199	157	71.353503	61.801274	103.000000
RW_2	ARO:3001065	SHV-6	15	97.333333	90.600000	102.000000
RW_2	ARO:3001067	SHV-8	13	96.923077	93.530769	102.000000
RW_2	ARO:3001068	SHV-9	115	63.740000	64.325217	105.000000
RW_2	ARO:3001070	SHV-11	8	100.000000	91.875000	101.000000
RW_2	ARO:3001071	SHV-12	129	72.182171	72.662791	105.000000
RW_2	ARO:3001074	SHV-15	13	89.646154	86.030769	103.000000
RW_2	ARO:3001076	SHV-18	142	68.425352	69.880282	105.000000
RW_2	ARO:3001077	SHV-19	49	63.879592	68.412245	102.000000
RW_2	ARO:3001078	SHV-20	212	63.832075	64.786321	105.000000
RW_2	ARO:3001079	SHV-21	86	64.669767	67.059302	105.000000
RW_2	ARO:3001080	SHV-22	160	62.053750	61.613125	105.000000
RW_2	ARO:3001081	SHV-23	93	66.938710	69.554839	105.000000
RW_2	ARO:3001082	SHV-24	122	69.449180	68.150820	105.000000
RW_2	ARO:3001083	SHV-25	63	68.366667	69.847619	101.000000
RW_2	ARO:3001084	SHV-26	1	58.300000	59.300000	59.300000
RW_2	ARO:3001085	SHV-27	1	100.000000	102.000000	102.000000
RW_2	ARO:3001090	SHV-32	18	89.177778	81.277778	102.000000
RW_2	ARO:3001093	SHV-35	63	77.014286	73.555556	103.000000
RW_2	ARO:3001094	SHV-36	12	99.833333	99.050000	101.000000
RW_2	ARO:3001095	SHV-37	68	69.427941	70.819118	101.000000
RW_2	ARO:3001096	SHV-38	7	93.928571	86.942857	101.000000
RW_2	ARO:3001099	SHV-41	228	68.430263	69.173684	105.000000
RW_2	ARO:3001100	SHV-42	170	68.578235	70.171765	105.000000
RW_2	ARO:3001101	SHV-43	19	54.973684	53.242105	86.300000
RW_2	ARO:3001103	SHV-45	1	100.000000	102.000000	102.000000
RW_2	ARO:3001104	SHV-46	2	80.850000	74.150000	86.300000
RW_2	ARO:3001105	SHV-48	38	54.139474	57.163158	72.800000
RW_2	ARO:3001106	SHV-49	9	99.777778	94.311111	101.000000
RW_2	ARO:3001107	SHV-50	1	58.300000	59.300000	59.300000
RW_2	ARO:3001108	SHV-51	5	52.260000	53.220000	62.000000
RW_2	ARO:3001109	SHV-52	55	70.920000	70.405455	103.000000
RW_2	ARO:3001110	SHV-53	311	65.359807	66.264630	105.000000
RW_2	ARO:3001112	SHV-56	89	76.793258	75.762921	105.000000
RW_2	ARO:3001113	SHV-57	4	82.650000	71.925000	86.300000
RW_2	ARO:3001114	SHV-59	1	59.500000	55.100000	55.100000
RW_2	ARO:3001115	SHV-60	1	58.300000	59.300000	59.300000
RW_2	ARO:3001116	SHV-61	78	78.614103	78.656410	105.000000
RW_2	ARO:3001117	SHV-62	26	68.696154	65.138462	101.000000
RW_2	ARO:3001119	SHV-64	124	69.833871	68.909677	103.000000
RW_2	ARO:3001120	SHV-65	8	56.437500	55.200000	72.400000
RW_2	ARO:3001121	SHV-66	4	100.000000	83.750000	97.800000
RW_2	ARO:3001122	SHV-67	10	99.800000	92.800000	100.000000
RW_2	ARO:3001123	SHV-69	16	97.793750	93.081250	101.000000
RW_2	ARO:3001124	SHV-70	12	67.558333	64.766667	79.300000
RW_2	ARO:3001125	SHV-71	15	54.006667	52.860000	62.000000
RW_2	ARO:3001126	SHV-72	3	86.500000	85.033333	101.000000
RW_2	ARO:3001127	SHV-73	41	64.836585	62.448780	105.000000
RW_2	ARO:3001129	SHV-75	4	100.000000	89.025000	101.000000
RW_2	ARO:3001130	SHV-76	3	55.266667	57.933333	76.300000
RW_2	ARO:3001131	SHV-77	8	69.537500	56.987500	89.700000
RW_2	ARO:3001132	SHV-78	17	97.158824	90.182353	103.000000
RW_2	ARO:3001133	SHV-79	96	73.991667	72.033333	105.000000
RW_2	ARO:3001134	SHV-80	29	53.527586	54.234483	68.200000
RW_2	ARO:3001135	SHV-81	3	64.433333	64.700000	66.600000
RW_2	ARO:3001136	SHV-82	2	99.000000	100.200000	101.000000
RW_2	ARO:3001137	SHV-83	10	99.800000	94.480000	101.000000
RW_2	ARO:3001141	SHV-89	124	74.637903	74.049194	105.000000
RW_2	ARO:3001144	SHV-92	37	85.559459	79.570270	103.000000
RW_2	ARO:3001145	SHV-93	7	100.000000	91.000000	102.000000
RW_2	ARO:3001146	SHV-94	2	42.450000	43.700000	43.900000
RW_2	ARO:3001148	SHV-96	8	100.000000	91.875000	101.000000
RW_2	ARO:3001149	SHV-97	3	100.000000	85.033333	101.000000
RW_2	ARO:3001150	SHV-101	60	77.908333	74.986667	105.000000
RW_2	ARO:3001151	SHV-102	2	100.000000	77.050000	86.300000
RW_2	ARO:3001153	SHV-104	12	58.008333	59.241667	66.200000
RW_2	ARO:3001154	SHV-105	19	82.784211	77.252632	105.000000
RW_2	ARO:3001157	SHV-108	17	79.676471	74.841176	101.000000
RW_2	ARO:3001159	SHV-110	1	100.000000	102.000000	102.000000
RW_2	ARO:3001160	SHV-111	9	55.877778	50.011111	68.900000
RW_2	ARO:3001168	SHV-121	101	73.125743	74.183168	105.000000
RW_2	ARO:3001170	SHV-123	189	68.152910	68.411111	105.000000
RW_2	ARO:3001171	SHV-124	226	65.873009	66.314159	105.000000
RW_2	ARO:3001172	SHV-125	206	67.588350	68.793689	105.000000
RW_2	ARO:3001173	SHV-126	218	66.754128	67.210550	105.000000
RW_2	ARO:3001174	SHV-127	177	67.476271	68.760452	105.000000
RW_2	ARO:3001175	SHV-128	17	95.723529	86.535294	103.000000
RW_2	ARO:3001176	SHV-129	8	100.000000	91.875000	101.000000
RW_2	ARO:3001177	SHV-133	5	100.000000	90.640000	101.000000
RW_2	ARO:3001178	SHV-134	17	72.300000	67.870588	101.000000
RW_2	ARO:3001179	SHV-135	1	58.300000	59.300000	59.300000
RW_2	ARO:3001181	SHV-137	289	67.769896	67.331142	104.000000
RW_2	ARO:3001182	SHV-140	21	52.319048	49.885714	61.600000
RW_2	ARO:3001184	SHV-142	4	100.000000	100.000000	101.000000
RW_2	ARO:3001186	SHV-147	6	47.300000	41.400000	43.100000
RW_2	ARO:3001188	SHV-149	7	56.871429	57.942857	70.500000
RW_2	ARO:3001189	SHV-150	1	100.000000	86.300000	86.300000
RW_2	ARO:3001191	SHV-152	42	76.378571	70.990476	103.000000
RW_2	ARO:3001192	SHV-153	4	100.000000	89.025000	101.000000
RW_2	ARO:3001195	SHV-156	21	76.404762	73.471429	101.000000
RW_2	ARO:3001196	SHV-157	23	67.095652	64.717391	100.000000
RW_2	ARO:3001198	SHV-159	10	59.150000	56.870000	58.900000
RW_2	ARO:3001201	SHV-162	17	82.782353	76.352941	103.000000
RW_2	ARO:3001204	SHV-167	47	67.968085	64.989362	102.000000
RW_2	ARO:3001205	BRP(MBL)	45	80.800000	77.277778	111.000000
RW_2	ARO:3001209	mecC	2217	44.817591	43.567253	64.700000
RW_2	ARO:3001214	mdtM	3322	55.843498	53.979350	105.000000
RW_2	ARO:3001216	mdtH	1916	72.650313	72.288361	112.000000
RW_2	ARO:3001265	Erm(30)	298	46.260403	46.518456	70.100000
RW_2	ARO:3001299	Sfra_tlrB_TYL	1087	50.242962	46.620883	68.200000
RW_2	ARO:3001300	myrA	973	51.210483	45.730010	78.600000
RW_2	ARO:3001301	RlmA(II)	407	51.242998	49.462408	99.400000
RW_2	ARO:3001302	chrB	1288	51.925311	46.190450	68.600000
RW_2	ARO:3001303	ErmO-srmA	111	47.445946	41.850450	75.500000
RW_2	ARO:3001304	ErmS	21	47.409524	44.395238	74.700000
RW_2	ARO:3001305	ErmU	138	60.197101	64.307246	80.900000
RW_2	ARO:3001306	ErmW	129	54.755039	55.231783	73.600000
RW_2	ARO:3001308	vgbB	2	55.350000	41.050000	42.400000
RW_2	ARO:3001313	facT	1397	46.768933	44.189263	73.200000
RW_2	ARO:3001327	MdtK	931	80.401074	80.125349	103.000000
RW_2	ARO:3001328	Ecol_mdfA	4422	60.290005	57.457892	107.000000
RW_2	ARO:3001329	mdtG	1492	73.569102	71.208378	113.000000
RW_2	ARO:3001337	SHV-99	7	58.985714	56.328571	66.200000
RW_2	ARO:3001341	SHV-132	10	59.400000	56.380000	63.900000
RW_2	ARO:3001345	SHV-144	1	59.500000	53.100000	53.100000
RW_2	ARO:3001347	SHV-164	35	82.345714	76.037143	103.000000
RW_2	ARO:3001350	SHV-180	16	94.718750	86.612500	103.000000
RW_2	ARO:3001352	SHV-168	1	59.500000	53.100000	53.100000
RW_2	ARO:3001356	SHV-172	8	100.000000	91.875000	101.000000
RW_2	ARO:3001364	SHV-182	99	77.173737	76.310101	105.000000
RW_2	ARO:3001369	TEM-153	68	59.598529	61.750000	72.000000
RW_2	ARO:3001373	TEM-182	48	72.364583	70.329167	103.000000
RW_2	ARO:3001374	TEM-185	85	61.992941	63.062353	104.000000
RW_2	ARO:3001375	TEM-184	87	60.334483	50.585057	69.300000
RW_2	ARO:3001382	TEM-205	17	66.188235	69.129412	102.000000
RW_2	ARO:3001383	TEM-206	115	98.352174	92.623478	108.000000
RW_2	ARO:3001384	TEM-207	131	90.042748	80.030534	108.000000
RW_2	ARO:3001386	TEM-209	2	58.200000	55.450000	62.400000
RW_2	ARO:3001387	TEM-210	1	55.100000	55.100000	55.100000
RW_2	ARO:3001388	TEM-211	58	58.839655	60.970690	72.000000
RW_2	ARO:3001389	TEM-212	1	48.100000	46.600000	46.600000
RW_2	ARO:3001391	TEM-214	40	99.800000	100.197500	108.000000
RW_2	ARO:3001392	TEM-215	93	62.373118	60.507527	76.600000
RW_2	ARO:3001396	OXA-1	580	94.463621	91.463621	112.000000
RW_2	ARO:3001397	OXA-2	2639	68.670027	71.901857	117.000000
RW_2	ARO:3001398	OXA-3	1368	75.993933	78.470833	119.000000
RW_2	ARO:3001399	OXA-4	581	93.959380	91.044578	112.000000
RW_2	ARO:3001400	OXA-5	459	65.934641	63.868410	109.000000
RW_2	ARO:3001402	OXA-7	701	85.450499	79.666334	108.000000
RW_2	ARO:3001404	OXA-9	135	53.917778	57.360000	101.000000
RW_2	ARO:3001405	OXA-10	1487	89.497108	85.470410	111.000000
RW_2	ARO:3001406	OXA-11	972	92.673663	85.514506	111.000000
RW_2	ARO:3001407	OXA-12	608	80.953289	82.354770	114.000000
RW_2	ARO:3001408	OXA-13	851	91.008226	87.509283	112.000000
RW_2	ARO:3001409	OXA-14	1037	92.755448	86.222469	111.000000
RW_2	ARO:3001410	OXA-15	2774	68.340375	71.725379	117.000000
RW_2	ARO:3001411	OXA-16	807	90.386493	87.435316	111.000000
RW_2	ARO:3001412	OXA-17	1200	91.228417	86.335500	111.000000
RW_2	ARO:3001413	OXA-18	195	52.991282	54.912821	80.100000
RW_2	ARO:3001414	OXA-19	721	88.889875	83.580583	112.000000
RW_2	ARO:3001415	OXA-20	1267	60.620521	62.943331	112.000000
RW_2	ARO:3001416	OXA-21	1435	74.769895	77.172056	120.000000
RW_2	ARO:3001417	OXA-22	66	50.342424	53.466667	84.000000
RW_2	ARO:3001418	OXA-23	89	60.040449	64.035955	109.000000
RW_2	ARO:3001419	OXA-24	59	65.125424	65.549153	103.000000
RW_2	ARO:3001420	OXA-25	52	66.069231	66.869231	103.000000
RW_2	ARO:3001421	OXA-26	53	66.611321	67.284906	103.000000
RW_2	ARO:3001422	OXA-27	170	65.077059	69.656471	108.000000
RW_2	ARO:3001423	OXA-28	710	89.634507	84.307606	112.000000
RW_2	ARO:3001424	OXA-29	138	56.544928	59.282609	75.900000
RW_2	ARO:3001425	OXA-31	583	93.473070	90.601201	112.000000
RW_2	ARO:3001426	OXA-32	2496	70.649239	74.659575	117.000000
RW_2	ARO:3001427	OXA-33	557	93.379354	89.520826	112.000000
RW_2	ARO:3001428	OXA-34	2016	69.401687	74.475942	117.000000
RW_2	ARO:3001429	OXA-35	1169	88.506330	86.123097	112.000000
RW_2	ARO:3001430	OXA-36	2541	64.930342	70.105155	117.000000
RW_2	ARO:3001431	OXA-37	1293	60.315700	62.646404	112.000000
RW_2	ARO:3001437	OXA-67	1	76.000000	85.100000	85.100000
RW_2	ARO:3001438	OXA-100	18	68.738889	74.661111	101.000000
RW_2	ARO:3001439	OXA-101	1060	89.082642	86.090566	112.000000
RW_2	ARO:3001440	OXA-115	20	68.870000	78.410000	87.000000
RW_2	ARO:3001441	OXA-116	137	77.294161	80.304380	93.600000
RW_2	ARO:3001442	OXA-117	54	82.322222	83.959259	93.600000
RW_2	ARO:3001443	OXA-121	6	89.350000	82.466667	87.400000
RW_2	ARO:3001444	OXA-122	33	73.739394	65.148485	85.500000
RW_2	ARO:3001445	OXA-123	14	69.992857	76.092857	99.000000
RW_2	ARO:3001446	OXA-124	9	75.655556	83.177778	100.000000
RW_2	ARO:3001447	OXA-125	67	72.573134	76.483582	99.000000
RW_2	ARO:3001449	OXA-127	3	37.433333	38.366667	38.900000
RW_2	ARO:3001451	OXA-139	43	68.334884	66.906977	103.000000
RW_2	ARO:3001452	OXA-140	530	93.550377	87.911132	112.000000
RW_2	ARO:3001453	OXA-148	33	72.121212	78.890909	91.300000
RW_2	ARO:3001455	OXA-150	61	80.568852	82.413115	93.600000
RW_2	ARO:3001456	OXA-151	596	42.908893	43.457550	65.100000
RW_2	ARO:3001457	OXA-152	577	42.748700	43.729289	63.900000
RW_2	ARO:3001458	OXA-153	458	42.031441	41.399782	61.200000
RW_2	ARO:3001459	OXA-154	144	44.190278	47.329167	63.200000
RW_2	ARO:3001460	OXA-155	140	44.226429	47.566429	63.200000
RW_2	ARO:3001461	OXA-156	175	44.793714	47.257143	63.500000
RW_2	ARO:3001462	OXA-157	129	45.147287	48.741860	60.100000
RW_2	ARO:3001463	OXA-158	151	43.192715	46.691391	59.300000
RW_2	ARO:3001464	OXA-159	138	43.197826	46.605072	59.300000
RW_2	ARO:3001465	OXA-165	80	58.295000	62.587500	108.000000
RW_2	ARO:3001466	OXA-166	81	59.856790	63.943210	109.000000
RW_2	ARO:3001467	OXA-167	179	65.644134	70.654190	109.000000
RW_2	ARO:3001468	OXA-168	74	56.566216	60.467568	104.000000
RW_2	ARO:3001469	OXA-169	88	60.200000	64.190909	109.000000
RW_2	ARO:3001470	OXA-170	78	58.489744	62.279487	104.000000
RW_2	ARO:3001471	OXA-171	95	59.596842	64.484211	109.000000
RW_2	ARO:3001472	OXA-178	29	67.741379	71.655172	87.400000
RW_2	ARO:3001473	OXA-179	3	97.800000	85.500000	85.500000
RW_2	ARO:3001474	OXA-180	12	73.341667	74.916667	85.500000
RW_2	ARO:3001475	OXA-183	681	89.262702	83.587959	112.000000
RW_2	ARO:3001476	OXA-184	23	49.013043	45.026087	56.600000
RW_2	ARO:3001477	OXA-185	21	48.052381	45.685714	56.600000
RW_2	ARO:3001478	OXA-193	20	50.870000	48.080000	65.500000
RW_2	ARO:3001479	OXA-194	2	42.750000	42.750000	44.700000
RW_2	ARO:3001480	OXA-195	61	70.714754	82.272131	101.000000
RW_2	ARO:3001482	OXA-197	20	70.810000	56.820000	82.400000
RW_2	ARO:3001483	OXA-205	1696	65.151828	68.925472	120.000000
RW_2	ARO:3001484	OXA-206	4	52.075000	54.700000	83.600000
RW_2	ARO:3001485	OXA-207	57	63.321053	63.396491	103.000000
RW_2	ARO:3001486	OXA-208	96	70.946875	77.091667	100.000000
RW_2	ARO:3001487	OXA-210	1977	72.359939	74.586950	117.000000
RW_2	ARO:3001488	OXA-216	36	74.144444	80.341667	95.900000
RW_2	ARO:3001489	OXA-217	23	69.791304	74.008696	84.000000
RW_2	ARO:3001493	OXA-225	151	64.809934	69.877483	104.000000
RW_2	ARO:3001495	OXA-233	972	90.558745	83.812449	111.000000
RW_2	ARO:3001498	OXA-239	102	61.849020	66.045098	101.000000
RW_2	ARO:3001499	OXA-240	1232	89.521266	84.142695	111.000000
RW_2	ARO:3001500	OXA-251	796	90.379271	81.214824	111.000000
RW_2	ARO:3001501	OXA-252	82	53.529268	58.664634	111.000000
RW_2	ARO:3001502	OXA-256	1243	89.585680	84.902574	111.000000
RW_2	ARO:3001503	OXA-258	43	54.860465	54.297674	81.600000
RW_2	ARO:3001504	OXA-309	1839	90.057314	87.105438	112.000000
RW_2	ARO:3001510	OXA-322	38	80.481579	84.331579	97.100000
RW_2	ARO:3001511	OXA-323	38	79.763158	84.897368	98.600000
RW_2	ARO:3001512	OXA-324	81	76.849383	82.945679	98.600000
RW_2	ARO:3001513	OXA-325	69	79.360870	83.165217	108.000000
RW_2	ARO:3001514	OXA-326	44	74.452273	77.890909	95.100000
RW_2	ARO:3001515	OXA-327	57	76.138596	81.289474	98.600000
RW_2	ARO:3001516	OXA-328	70	74.630000	80.210000	97.100000
RW_2	ARO:3001517	OXA-329	74	78.204054	83.106757	108.000000
RW_2	ARO:3001518	OXA-330	61	75.488525	80.359016	98.600000
RW_2	ARO:3001519	OXA-331	44	79.729545	84.234091	95.100000
RW_2	ARO:3001520	OXA-332	89	77.062921	82.388764	98.600000
RW_2	ARO:3001521	OXA-333	1732	92.509988	88.550058	112.000000
RW_2	ARO:3001522	OXA-334	1767	89.955857	86.883871	112.000000
RW_2	ARO:3001523	OXA-335	222	80.136036	83.102252	105.000000
RW_2	ARO:3001524	OXA-336	1	69.400000	72.000000	72.000000
RW_2	ARO:3001525	OXA-337	6	84.266667	94.733333	100.000000
RW_2	ARO:3001526	OXA-338	3	97.800000	85.500000	85.500000
RW_2	ARO:3001527	OXA-339	5	81.520000	93.680000	99.000000
RW_2	ARO:3001528	OXA-340	4	81.900000	96.300000	99.000000
RW_2	ARO:3001529	OXA-341	3	45.166667	47.000000	54.700000
RW_2	ARO:3001530	OXA-342	103	71.988350	84.012621	87.800000
RW_2	ARO:3001534	OXA-346	2	91.000000	98.150000	100.000000
RW_2	ARO:3001535	OXA-348	98	75.882653	81.146939	96.700000
RW_2	ARO:3001536	OXA-349	13	84.176923	84.161538	97.100000
RW_2	ARO:3001537	OXA-350	81	77.465432	83.128395	97.100000
RW_2	ARO:3001538	OXA-351	60	75.730000	80.540000	95.100000
RW_2	ARO:3001539	OXA-352	72	80.094444	84.029167	108.000000
RW_2	ARO:3001540	OXA-353	24	80.070833	84.433333	95.100000
RW_2	ARO:3001541	OXA-354	37	81.143243	85.189189	108.000000
RW_2	ARO:3001542	OXA-355	448	69.510045	69.654018	103.000000
RW_2	ARO:3001543	OXA-356	354	70.164972	70.026836	103.000000
RW_2	ARO:3001544	OXA-357	28	62.660714	65.239286	92.800000
RW_2	ARO:3001545	OXA-358	114	74.896491	78.350000	97.100000
RW_2	ARO:3001546	OXA-359	42	82.900000	87.838095	108.000000
RW_2	ARO:3001547	OXA-360	28	76.885714	71.696429	106.000000
RW_2	ARO:3001548	OXA-361	153	80.303922	84.776471	102.000000
RW_2	ARO:3001549	OXA-362	189	68.565608	72.466138	104.000000
RW_2	ARO:3001550	OXA-363	337	74.543917	78.688724	102.000000
RW_2	ARO:3001551	OXA-364	77	53.232468	53.364935	87.400000
RW_2	ARO:3001552	OXA-365	2	77.750000	82.400000	83.200000
RW_2	ARO:3001553	OXA-366	180	65.835000	70.670556	109.000000
RW_2	ARO:3001555	OXA-368	812	90.773153	83.011823	111.000000
RW_2	ARO:3001557	OXA-371	90	75.250000	79.020000	100.000000
RW_2	ARO:3001558	OXA-372	2136	54.394054	59.151170	113.000000
RW_2	ARO:3001559	OXA-373	1892	90.628330	87.384778	115.000000
RW_2	ARO:3001560	OXA-374	8	84.037500	80.250000	85.500000
RW_2	ARO:3001561	OXA-375	104	72.043269	83.934615	87.800000
RW_2	ARO:3001562	OXA-376	41	75.824390	81.875610	101.000000
RW_2	ARO:3001563	OXA-377	61	84.288525	87.116393	101.000000
RW_2	ARO:3001564	OXA-378	21	62.266667	66.947619	82.000000
RW_2	ARO:3001565	OXA-379	26	64.315385	68.807692	99.000000
RW_2	ARO:3001566	OXA-380	28	76.610714	82.057143	101.000000
RW_2	ARO:3001567	OXA-381	41	65.365854	70.500000	89.700000
RW_2	ARO:3001568	OXA-382	21	69.057143	74.933333	99.000000
RW_2	ARO:3001569	OXA-383	1	75.500000	81.600000	81.600000
RW_2	ARO:3001570	OXA-384	4	42.575000	40.750000	42.000000
RW_2	ARO:3001571	OXA-385	32	72.690625	76.318750	101.000000
RW_2	ARO:3001572	OXA-386	1	75.500000	81.600000	81.600000
RW_2	ARO:3001574	OXA-388	4	42.575000	40.750000	42.000000
RW_2	ARO:3001575	OXA-389	57	71.150877	77.114035	91.300000
RW_2	ARO:3001576	OXA-390	20	70.750000	76.735000	99.000000
RW_2	ARO:3001577	OXA-391	100	70.673000	76.737000	99.000000
RW_2	ARO:3001578	OXA-392	579	93.716235	90.641105	113.000000
RW_2	ARO:3001581	OXA-395	189	55.144444	56.953968	82.400000
RW_2	ARO:3001582	OXA-396	180	53.458889	55.554444	78.600000
RW_2	ARO:3001583	OXA-397	1038	97.127938	94.557900	109.000000
RW_2	ARO:3001584	OXA-398	72	56.736111	60.718056	104.000000
RW_2	ARO:3001587	OXA-401	31	74.451613	70.754839	88.600000
RW_2	ARO:3001588	OXA-402	49	71.912245	78.991837	99.000000
RW_2	ARO:3001589	OXA-403	2	91.000000	98.150000	100.000000
RW_2	ARO:3001596	OXA-405	1256	52.797930	54.372930	110.000000
RW_2	ARO:3001597	OXA-406	14	71.535714	78.592857	99.000000
RW_2	ARO:3001598	OXA-407	3	82.333333	89.000000	97.100000
RW_2	ARO:3001599	OXA-408	20	62.615000	54.290000	72.400000
RW_2	ARO:3001601	OXA-410	2	82.700000	88.400000	96.700000
RW_2	ARO:3001602	OXA-411	5	75.780000	77.100000	77.800000
RW_2	ARO:3001603	OXA-412	5	81.520000	93.680000	99.000000
RW_2	ARO:3001605	OXA-414	3	97.800000	85.500000	85.500000
RW_2	ARO:3001606	OXA-415	2028	69.476677	72.114152	117.000000
RW_2	ARO:3001607	OXA-416	146	49.906849	54.306164	111.000000
RW_2	ARO:3001608	OXA-417	174	77.827586	81.100575	95.500000
RW_2	ARO:3001609	OXA-114a	103	54.809709	54.673786	82.000000
RW_2	ARO:3001610	OXA-243	77	54.019481	53.070130	87.800000
RW_2	ARO:3001611	OXA-58	1033	97.522556	94.935818	109.000000
RW_2	ARO:3001612	OXA-51	37	85.091892	87.186486	101.000000
RW_2	ARO:3001613	OXA-64	1	100.000000	101.000000	101.000000
RW_2	ARO:3001614	OXA-65	3	97.800000	85.500000	85.500000
RW_2	ARO:3001616	OXA-68	5	72.340000	78.260000	83.600000
RW_2	ARO:3001617	OXA-69	39	73.407692	76.505128	100.000000
RW_2	ARO:3001618	OXA-70	24	64.841667	69.020833	99.000000
RW_2	ARO:3001619	OXA-71	8	84.037500	80.250000	85.500000
RW_2	ARO:3001620	OXA-75	6	53.100000	49.183333	89.000000
RW_2	ARO:3001621	OXA-76	1	47.100000	39.300000	39.300000
RW_2	ARO:3001622	OXA-77	1	75.500000	81.600000	81.600000
RW_2	ARO:3001623	OXA-83	49	70.434694	76.981633	89.700000
RW_2	ARO:3001624	OXA-84	10	68.740000	73.530000	87.800000
RW_2	ARO:3001625	OXA-89	1	75.500000	81.600000	81.600000
RW_2	ARO:3001626	OXA-88	1	100.000000	101.000000	101.000000
RW_2	ARO:3001627	OXA-91	1	75.500000	81.600000	81.600000
RW_2	ARO:3001628	OXA-93	5	66.820000	69.160000	84.000000
RW_2	ARO:3001629	OXA-94	8	83.575000	88.100000	101.000000
RW_2	ARO:3001630	OXA-95	14	68.664286	74.535714	101.000000
RW_2	ARO:3001631	OXA-96	1008	97.753274	95.193353	109.000000
RW_2	ARO:3001632	OXA-92	13	75.007692	77.753846	100.000000
RW_2	ARO:3001633	OXA-79	53	73.684906	82.741509	101.000000
RW_2	ARO:3001634	OXA-80	1	52.800000	50.100000	50.100000
RW_2	ARO:3001635	OXA-82	1	44.700000	40.800000	40.800000
RW_2	ARO:3001636	OXA-104	21	71.723810	75.285714	85.500000
RW_2	ARO:3001637	OXA-106	44	68.034091	74.504545	99.000000
RW_2	ARO:3001638	OXA-107	2	91.000000	98.150000	100.000000
RW_2	ARO:3001639	OXA-108	5	62.140000	66.400000	74.300000
RW_2	ARO:3001640	OXA-109	3	50.933333	50.833333	51.200000
RW_2	ARO:3001641	OXA-110	3	84.000000	90.466667	100.000000
RW_2	ARO:3001642	OXA-111	69	72.144928	80.291304	92.400000
RW_2	ARO:3001643	OXA-112	4	76.625000	80.750000	100.000000
RW_2	ARO:3001644	OXA-113	37	78.056757	83.270270	101.000000
RW_2	ARO:3001645	OXA-78	2	59.800000	60.050000	81.600000
RW_2	ARO:3001646	OXA-98	73	81.145205	82.676712	93.600000
RW_2	ARO:3001647	OXA-97	1031	97.251115	94.754316	109.000000
RW_2	ARO:3001648	OXA-128	8	59.962500	64.525000	83.600000
RW_2	ARO:3001649	OXA-99	105	71.507619	77.237143	92.400000
RW_2	ARO:3001650	OXA-90	146	72.811644	80.878082	101.000000
RW_2	ARO:3001651	OXA-130	113	70.833628	79.829204	91.300000
RW_2	ARO:3001652	OXA-131	41	71.575610	81.673171	89.400000
RW_2	ARO:3001654	OXA-143	125	70.268800	75.602400	104.000000
RW_2	ARO:3001655	OXA-138	20	71.230000	80.955000	101.000000
RW_2	ARO:3001656	OXA-172	41	71.575610	81.673171	89.400000
RW_2	ARO:3001657	OXA-173	41	71.575610	81.673171	89.400000
RW_2	ARO:3001658	OXA-174	60	69.760000	79.793333	101.000000
RW_2	ARO:3001659	OXA-175	17	70.364706	78.629412	101.000000
RW_2	ARO:3001660	OXA-176	2	42.750000	42.750000	44.700000
RW_2	ARO:3001662	OXA-164	1039	96.980847	94.343696	107.000000
RW_2	ARO:3001663	OXA-160	58	64.710345	64.746552	103.000000
RW_2	ARO:3001664	OXA-203	4	92.225000	84.525000	85.500000
RW_2	ARO:3001665	OXA-200	4	86.550000	76.650000	85.500000
RW_2	ARO:3001666	OXA-201	3	50.933333	50.833333	51.200000
RW_2	ARO:3001667	OXA-202	48	70.860417	77.462500	89.700000
RW_2	ARO:3001668	OXA-219	12	83.608333	89.041667	101.000000
RW_2	ARO:3001670	OXA-231	102	70.316667	75.243137	104.000000
RW_2	ARO:3001671	OXA-49	106	72.470755	78.466038	96.300000
RW_2	ARO:3001672	OXA-120	13	76.238462	78.115385	101.000000
RW_2	ARO:3001673	OXA-248	3	84.000000	90.466667	100.000000
RW_2	ARO:3001674	OXA-249	3	50.933333	50.833333	51.200000
RW_2	ARO:3001675	OXA-250	2	91.000000	98.150000	100.000000
RW_2	ARO:3001676	OXA-235	207	68.525604	73.813043	106.000000
RW_2	ARO:3001677	OXA-236	378	71.312169	76.268783	106.000000
RW_2	ARO:3001678	OXA-237	200	72.752500	78.241000	106.000000
RW_2	ARO:3001679	OXA-241	1	100.000000	101.000000	101.000000
RW_2	ARO:3001680	OXA-242	13	86.230769	92.584615	101.000000
RW_2	ARO:3001681	OXA-278	109	72.923853	76.716514	103.000000
RW_2	ARO:3001682	OXA-254	2	62.400000	67.600000	85.100000
RW_2	ARO:3001683	OXA-312	8	84.037500	80.250000	85.500000
RW_2	ARO:3001684	OXA-313	10	77.230000	74.440000	85.500000
RW_2	ARO:3001685	OXA-314	7	91.585714	88.428571	101.000000
RW_2	ARO:3001687	OXA-316	59	71.886441	83.959322	89.700000
RW_2	ARO:3001688	OXA-317	59	69.862712	74.916949	85.100000
RW_2	ARO:3001689	OXA-253	178	66.585393	69.537079	104.000000
RW_2	ARO:3001690	OXA-255	141	65.717021	70.567376	100.000000
RW_2	ARO:3001691	OXA-228	371	69.946631	73.387062	103.000000
RW_2	ARO:3001692	OXA-229	373	70.302145	74.832440	103.000000
RW_2	ARO:3001693	OXA-230	245	69.251020	72.542857	103.000000
RW_2	ARO:3001694	OXA-257	410	69.573659	70.442195	103.000000
RW_2	ARO:3001695	OXA-134	304	82.389803	86.369737	105.000000
RW_2	ARO:3001702	OXA-133	59	54.576271	57.849153	99.800000
RW_2	ARO:3001703	OXA-86	5	86.160000	91.220000	101.000000
RW_2	ARO:3001704	OXA-87	63	73.211111	79.614286	101.000000
RW_2	ARO:3001705	OXA-72	62	65.416129	66.345161	105.000000
RW_2	ARO:3001707	OXA-103	67	55.543284	59.280597	109.000000
RW_2	ARO:3001709	OXA-182	219	64.248402	67.958447	98.600000
RW_2	ARO:3001710	OXA-211	1857	90.342703	87.214917	114.000000
RW_2	ARO:3001711	OXA-212	1795	90.081170	87.173649	112.000000
RW_2	ARO:3001712	OXA-213	31	72.251613	78.612903	98.200000
RW_2	ARO:3001713	OXA-214	53	59.420755	63.098113	102.000000
RW_2	ARO:3001714	OXA-215	55	59.803636	63.654545	102.000000
RW_2	ARO:3001715	OXA-259	3	97.800000	85.500000	85.500000
RW_2	ARO:3001717	OXA-261	15	71.860000	77.686667	100.000000
RW_2	ARO:3001718	OXA-262	10	45.160000	50.500000	55.800000
RW_2	ARO:3001719	OXA-263	14	61.935714	67.042857	79.300000
RW_2	ARO:3001720	OXA-264	44	59.940909	63.868182	102.000000
RW_2	ARO:3001721	OXA-265	24	60.058333	62.141667	101.000000
RW_2	ARO:3001722	OXA-266	104	66.884615	73.063462	85.100000
RW_2	ARO:3001723	OXA-267	58	75.986207	81.808621	97.100000
RW_2	ARO:3001724	OXA-268	72	76.622222	81.981944	98.600000
RW_2	ARO:3001725	OXA-269	23	63.439130	67.095652	94.000000
RW_2	ARO:3001726	OXA-270	21	65.719048	66.214286	108.000000
RW_2	ARO:3001727	OXA-271	12	72.458333	69.258333	97.100000
RW_2	ARO:3001728	OXA-272	52	76.778846	81.978846	99.000000
RW_2	ARO:3001729	OXA-273	26	66.273077	70.026923	82.000000
RW_2	ARO:3001730	OXA-274	431	73.182367	76.476798	102.000000
RW_2	ARO:3001731	OXA-275	511	74.370059	77.930920	101.000000
RW_2	ARO:3001732	OXA-276	50	70.194000	70.462000	106.000000
RW_2	ARO:3001733	OXA-277	48	71.318750	71.025000	105.000000
RW_2	ARO:3001734	OXA-279	27	66.229630	67.755556	91.700000
RW_2	ARO:3001735	OXA-280	1790	90.978883	87.399106	115.000000
RW_2	ARO:3001736	OXA-281	1825	90.466082	87.577425	112.000000
RW_2	ARO:3001737	OXA-282	124	73.425000	75.638710	105.000000
RW_2	ARO:3001738	OXA-283	106	74.094340	76.288679	104.000000
RW_2	ARO:3001739	OXA-284	132	72.612121	75.159848	105.000000
RW_2	ARO:3001740	OXA-285	56	67.582143	65.892857	104.000000
RW_2	ARO:3001741	OXA-286	67	64.946269	69.083582	93.600000
RW_2	ARO:3001742	OXA-287	83	64.849398	69.218072	93.600000
RW_2	ARO:3001743	OXA-288	51	59.009804	63.739216	93.600000
RW_2	ARO:3001744	OXA-289	33	68.866667	70.672727	91.700000
RW_2	ARO:3001745	OXA-290	31	67.287097	69.490323	91.300000
RW_2	ARO:3001746	OXA-291	43	59.881395	64.739535	93.600000
RW_2	ARO:3001747	OXA-292	40	58.942500	64.097500	93.600000
RW_2	ARO:3001748	OXA-293	51	61.323529	64.949020	93.200000
RW_2	ARO:3001749	OXA-294	136	61.030147	61.980882	88.600000
RW_2	ARO:3001750	OXA-295	138	58.821739	60.150000	88.600000
RW_2	ARO:3001751	OXA-296	160	70.936250	71.765625	99.000000
RW_2	ARO:3001752	OXA-297	33	64.845455	68.836364	89.000000
RW_2	ARO:3001753	OXA-298	41	69.595122	74.753659	90.500000
RW_2	ARO:3001754	OXA-299	200	73.643000	75.972500	108.000000
RW_2	ARO:3001755	OXA-300	241	70.306224	68.087967	105.000000
RW_2	ARO:3001756	OXA-301	263	70.690114	74.009125	103.000000
RW_2	ARO:3001757	OXA-302	72	69.422222	74.034722	91.700000
RW_2	ARO:3001758	OXA-303	57	64.998246	68.884211	93.600000
RW_2	ARO:3001759	OXA-304	36	75.950000	78.938889	108.000000
RW_2	ARO:3001760	OXA-305	26	71.942308	73.850000	108.000000
RW_2	ARO:3001761	OXA-306	70	62.917143	65.548571	93.600000
RW_2	ARO:3001762	OXA-307	42	59.842857	64.321429	86.700000
RW_2	ARO:3001763	OXA-308	160	64.481875	68.663125	106.000000
RW_2	ARO:3001764	OXA-63	422	52.213744	48.836256	77.400000
RW_2	ARO:3001765	OXA-136	542	51.653506	49.495387	88.200000
RW_2	ARO:3001766	OXA-192	553	51.826221	49.953165	88.200000
RW_2	ARO:3001767	OXA-137	536	51.466604	49.274254	88.200000
RW_2	ARO:3001768	OXA-118	1744	65.955562	71.009518	120.000000
RW_2	ARO:3001769	OXA-42	68	55.014706	58.932353	81.300000
RW_2	ARO:3001770	OXA-43	59	55.071186	57.823729	80.500000
RW_2	ARO:3001771	OXA-57	64	55.332813	59.284375	81.300000
RW_2	ARO:3001772	OXA-59	68	55.014706	58.932353	81.300000
RW_2	ARO:3001773	OXA-61	26	49.834615	46.653846	65.500000
RW_2	ARO:3001774	OXA-370	173	57.142775	58.687861	111.000000
RW_2	ARO:3001775	OXA-119	1862	66.423577	71.448228	120.000000
RW_2	ARO:3001776	OXA-162	263	53.792395	54.923954	111.000000
RW_2	ARO:3001777	OXA-347	698	67.620057	67.742837	111.000000
RW_2	ARO:3001778	OXA-232	324	56.300617	56.064506	111.000000
RW_2	ARO:3001779	OXA-146	2	40.350000	50.100000	50.100000
RW_2	ARO:3001780	OXA-85	681	46.080617	49.876946	82.000000
RW_2	ARO:3001781	OXA-47	580	93.273448	90.255345	113.000000
RW_2	ARO:3001782	OXA-48	197	55.192893	56.895431	111.000000
RW_2	ARO:3001783	OXA-163	1335	52.669813	54.544494	110.000000
RW_2	ARO:3001784	OXA-181	319	55.547649	56.012853	111.000000
RW_2	ARO:3001785	OXA-73	67	58.237313	62.674627	108.000000
RW_2	ARO:3001786	OXA-244	226	56.245133	56.862832	111.000000
RW_2	ARO:3001787	OXA-245	154	55.472727	56.839610	111.000000
RW_2	ARO:3001788	OXA-204	247	54.550202	55.539676	111.000000
RW_2	ARO:3001791	OXA-247	1094	52.820384	52.789580	110.000000
RW_2	ARO:3001792	OXA-62	592	42.880068	43.483108	63.900000
RW_2	ARO:3001793	OXA-320	579	94.083420	91.176166	112.000000
RW_2	ARO:3001794	OXA-45	49	52.977551	56.522449	82.400000
RW_2	ARO:3001795	OXA-56	814	87.925553	82.488084	108.000000
RW_2	ARO:3001796	OXA-50	211	51.561611	54.724645	81.300000
RW_2	ARO:3001797	OXA-46	1782	64.189618	68.077273	119.000000
RW_2	ARO:3001798	OXA-74	1162	91.220912	86.137263	111.000000
RW_2	ARO:3001799	OXA-161	2533	69.451402	72.878642	117.000000
RW_2	ARO:3001800	OXA-226	2115	72.002837	75.388936	117.000000
RW_2	ARO:3001801	OXA-147	713	89.669705	84.371669	112.000000
RW_2	ARO:3001802	OXA-141	2308	69.729116	72.593977	117.000000
RW_2	ARO:3001803	OXA-142	752	96.651197	87.779388	111.000000
RW_2	ARO:3001804	OXA-145	795	90.016981	85.853459	112.000000
RW_2	ARO:3001805	OXA-198	1840	54.916957	59.140000	91.700000
RW_2	ARO:3001806	OXA-224	581	93.589329	90.760757	112.000000
RW_2	ARO:3001807	OXA-246	1104	91.246014	84.785145	111.000000
RW_2	ARO:3001808	OXA-60	250	45.296800	49.648000	79.000000
RW_2	ARO:3001809	OXA-209	799	60.072966	61.839299	108.000000
RW_2	ARO:3001810	OXA-53	1311	69.098856	74.717773	118.000000
RW_2	ARO:3001811	OXA-129	301	74.023256	72.643189	110.000000
RW_2	ARO:3001812	OXA-54	370	48.970000	49.835676	109.000000
RW_2	ARO:3001813	OXA-55	372	46.838441	49.792742	70.100000
RW_2	ARO:3001814	OXA-199	375	53.269067	54.383733	111.000000
RW_2	ARO:3001815	ACC-1	863	55.510545	55.580301	78.600000
RW_2	ARO:3001816	ACC-2	641	55.526365	55.900780	78.600000
RW_2	ARO:3001817	ACC-3	827	54.270979	55.693470	78.600000
RW_2	ARO:3001818	ACC-4	844	55.340877	55.298223	78.600000
RW_2	ARO:3001819	ACC-5	818	55.603912	55.563203	78.600000
RW_2	ARO:3001821	ACT-1	110	67.983636	68.377273	111.000000
RW_2	ARO:3001822	ACT-2	79	72.017722	69.008861	111.000000
RW_2	ARO:3001823	ACT-3	66	74.512121	70.769697	110.000000
RW_2	ARO:3001824	ACT-5	50	61.060000	58.394000	108.000000
RW_2	ARO:3001825	ACT-6	45	90.255556	90.513333	110.000000
RW_2	ARO:3001827	ACT-16	301	51.101661	48.991362	109.000000
RW_2	ARO:3001828	ACT-23	58	61.901724	59.860345	109.000000
RW_2	ARO:3001829	ACT-4	94	71.524468	67.669149	111.000000
RW_2	ARO:3001830	ACT-7	135	63.475556	61.642963	109.000000
RW_2	ARO:3001831	ACT-8	64	79.725000	76.779688	109.000000
RW_2	ARO:3001832	ACT-10	51	75.482353	73.492157	109.000000
RW_2	ARO:3001834	ACT-12	90	69.251111	64.134444	104.000000
RW_2	ARO:3001835	ACT-13	62	80.614516	76.946774	110.000000
RW_2	ARO:3001836	ACT-14	74	61.178378	59.390541	109.000000
RW_2	ARO:3001837	ACT-15	170	59.791765	57.596471	108.000000
RW_2	ARO:3001838	ACT-17	163	61.634356	59.406135	109.000000
RW_2	ARO:3001839	ACT-18	69	62.350725	60.557971	109.000000
RW_2	ARO:3001840	ACT-19	101	56.128713	54.169307	110.000000
RW_2	ARO:3001841	ACT-20	260	50.359231	48.141923	109.000000
RW_2	ARO:3001842	ACT-21	51	62.896078	61.162745	108.000000
RW_2	ARO:3001843	ACT-22	118	59.650000	57.084746	106.000000
RW_2	ARO:3001844	ACT-24	45	64.197778	63.353333	109.000000
RW_2	ARO:3001845	ACT-25	282	50.408865	48.297518	109.000000
RW_2	ARO:3001847	ACT-27	186	59.250538	55.991398	109.000000
RW_2	ARO:3001848	ACT-28	84	82.221429	79.135714	108.000000
RW_2	ARO:3001849	ACT-29	71	77.388732	77.218310	110.000000
RW_2	ARO:3001850	ACT-30	213	51.567136	47.763380	109.000000
RW_2	ARO:3001851	ACT-31	271	50.470111	48.038376	109.000000
RW_2	ARO:3001852	ACT-32	81	63.702469	64.043210	109.000000
RW_2	ARO:3001853	ACT-33	60	69.231667	70.605000	109.000000
RW_2	ARO:3001854	ACT-34	53	69.637736	63.898113	111.000000
RW_2	ARO:3001855	ACT-35	110	59.760909	58.481818	109.000000
RW_2	ARO:3001856	CFE-1	158	75.099367	77.449367	107.000000
RW_2	ARO:3001857	LAT-1	2	72.400000	72.850000	108.000000
RW_2	ARO:3001858	IMI-1	51	47.370588	45.590196	75.100000
RW_2	ARO:3001859	IMI-2	54	47.803704	45.809259	75.100000
RW_2	ARO:3001860	IMI-3	51	47.427451	45.886275	75.100000
RW_2	ARO:3001861	IMI-4	19	52.873684	50.300000	75.100000
RW_2	ARO:3001862	IMI-5	28	51.392857	46.525000	63.200000
RW_2	ARO:3001863	IMI-6	39	47.317949	45.841026	75.100000
RW_2	ARO:3001864	CTX-M-1	87	88.922989	81.985057	107.000000
RW_2	ARO:3001865	CTX-M-2	95	68.136842	67.493684	103.000000
RW_2	ARO:3001866	CTX-M-3	120	98.398333	89.084167	107.000000
RW_2	ARO:3001867	CTX-M-4	87	65.309195	64.285057	102.000000
RW_2	ARO:3001868	CTX-M-5	86	68.573256	67.353488	103.000000
RW_2	ARO:3001869	CTX-M-6	83	64.050602	62.854217	96.300000
RW_2	ARO:3001870	CTX-M-7	85	63.970588	62.900000	100.000000
RW_2	ARO:3001871	CTX-M-8	40	59.775000	58.432500	99.400000
RW_2	ARO:3001872	CTX-M-9	65	63.872308	60.740000	99.400000
RW_2	ARO:3001873	CTX-M-10	44	62.334091	56.872727	107.000000
RW_2	ARO:3001874	CTX-M-11	101	84.992079	80.233663	107.000000
RW_2	ARO:3001875	CTX-M-12	12	95.666667	99.583333	107.000000
RW_2	ARO:3001876	CTX-M-13	13	59.438462	59.223077	93.200000
RW_2	ARO:3001877	CTX-M-14	37	65.718919	62.416216	99.400000
RW_2	ARO:3001878	CTX-M-15	11	99.263636	103.027273	107.000000
RW_2	ARO:3001879	CTX-M-16	2	55.150000	53.750000	55.500000
RW_2	ARO:3001880	CTX-M-17	1	51.500000	38.100000	38.100000
RW_2	ARO:3001881	CTX-M-19	49	60.824490	58.093878	99.400000
RW_2	ARO:3001882	CTX-M-20	120	65.830000	65.174167	103.000000
RW_2	ARO:3001883	CTX-M-21	17	68.341176	64.100000	95.100000
RW_2	ARO:3001884	CTX-M-22	126	95.799206	90.153968	107.000000
RW_2	ARO:3001885	CTX-M-23	19	77.631579	81.826316	107.000000
RW_2	ARO:3001886	CTX-M-24	78	62.158974	60.926923	99.400000
RW_2	ARO:3001887	CTX-M-25	37	58.675676	60.502703	99.000000
RW_2	ARO:3001888	CTX-M-26	46	55.919565	58.528261	99.000000
RW_2	ARO:3001889	CTX-M-27	17	66.164706	68.076471	83.600000
RW_2	ARO:3001890	CTX-M-28	116	96.350862	90.056034	107.000000
RW_2	ARO:3001891	CTX-M-29	17	82.235294	86.417647	107.000000
RW_2	ARO:3001892	CTX-M-30	113	93.746903	85.697345	107.000000
RW_2	ARO:3001893	CTX-M-31	90	66.345556	65.411111	102.000000
RW_2	ARO:3001894	CTX-M-32	19	79.289474	81.800000	107.000000
RW_2	ARO:3001895	CTX-M-33	120	94.740000	81.615833	107.000000
RW_2	ARO:3001896	CTX-M-34	151	86.309272	75.424503	102.000000
RW_2	ARO:3001897	CTX-M-35	75	64.670667	64.233333	99.400000
RW_2	ARO:3001898	CTX-M-36	107	91.470093	84.948598	107.000000
RW_2	ARO:3001899	CTX-M-37	46	62.343478	57.789130	107.000000
RW_2	ARO:3001900	CTX-M-38	142	59.948592	58.752113	95.100000
RW_2	ARO:3001901	CTX-M-39	31	54.025806	55.393548	99.000000
RW_2	ARO:3001902	CTX-M-40	33	60.339394	58.127273	100.000000
RW_2	ARO:3001903	CTX-M-41	45	55.813333	57.400000	99.000000
RW_2	ARO:3001904	CTX-M-42	139	93.223022	81.413669	107.000000
RW_2	ARO:3001905	CTX-M-43	92	67.969565	68.102174	103.000000
RW_2	ARO:3001906	CTX-M-44	104	67.109615	66.619231	103.000000
RW_2	ARO:3001907	CTX-M-45	45	59.942222	56.888889	95.100000
RW_2	ARO:3001908	CTX-M-46	6	74.466667	65.850000	95.100000
RW_2	ARO:3001909	CTX-M-47	55	63.818182	62.130909	99.400000
RW_2	ARO:3001910	CTX-M-48	45	64.162222	60.666667	99.400000
RW_2	ARO:3001911	CTX-M-49	40	64.792500	62.552500	99.400000
RW_2	ARO:3001912	CTX-M-50	58	64.108621	62.777586	99.400000
RW_2	ARO:3001913	CTX-M-51	2	72.650000	72.050000	89.400000
RW_2	ARO:3001914	CTX-M-52	74	95.797297	82.247297	107.000000
RW_2	ARO:3001915	CTX-M-53	88	63.607955	58.968182	106.000000
RW_2	ARO:3001916	CTX-M-54	125	97.052800	84.291200	107.000000
RW_2	ARO:3001917	CTX-M-55	133	94.497744	83.052632	107.000000
RW_2	ARO:3001918	CTX-M-56	128	64.813281	63.997656	103.000000
RW_2	ARO:3001919	CTX-M-58	71	84.726761	76.211268	107.000000
RW_2	ARO:3001920	CTX-M-59	89	68.621348	67.806742	103.000000
RW_2	ARO:3001921	CTX-M-60	40	96.642500	97.690000	107.000000
RW_2	ARO:3001922	CTX-M-61	101	95.664356	81.682178	107.000000
RW_2	ARO:3001923	CTX-M-62	8	100.000000	104.250000	107.000000
RW_2	ARO:3001924	CTX-M-63	30	58.996667	57.946667	100.000000
RW_2	ARO:3001925	CTX-M-64	93	83.354839	68.235484	106.000000
RW_2	ARO:3001926	CTX-M-65	54	64.727778	63.874074	99.400000
RW_2	ARO:3001927	CTX-M-66	34	97.250000	86.182353	107.000000
RW_2	ARO:3001928	CTX-M-67	5	54.420000	54.760000	64.300000
RW_2	ARO:3001929	CTX-M-68	116	94.764655	83.787069	107.000000
RW_2	ARO:3001930	CTX-M-69	117	88.722222	83.534188	106.000000
RW_2	ARO:3001932	CTX-M-71	50	99.536000	83.018000	104.000000
RW_2	ARO:3001933	CTX-M-72	14	99.285714	101.828571	107.000000
RW_2	ARO:3001934	CTX-M-73	5	51.380000	47.760000	52.000000
RW_2	ARO:3001935	CTX-M-74	63	67.298413	66.261905	99.400000
RW_2	ARO:3001936	CTX-M-75	87	69.555172	68.829885	103.000000
RW_2	ARO:3001937	CTX-M-76	114	65.852632	64.675439	103.000000
RW_2	ARO:3001938	CTX-M-77	95	68.614737	67.361053	103.000000
RW_2	ARO:3001939	CTX-M-78	23	57.560870	57.234783	101.000000
RW_2	ARO:3001940	CTX-M-79	18	78.250000	81.233333	107.000000
RW_2	ARO:3001941	CTX-M-80	107	97.557009	88.580374	107.000000
RW_2	ARO:3001942	CTX-M-81	50	61.970000	58.830000	99.400000
RW_2	ARO:3001943	CTX-M-82	144	91.639583	80.896528	107.000000
RW_2	ARO:3001945	CTX-M-84	9	58.811111	59.000000	65.900000
RW_2	ARO:3001946	CTX-M-86	19	66.700000	63.400000	78.600000
RW_2	ARO:3001947	CTX-M-87	13	70.015385	63.500000	99.400000
RW_2	ARO:3001948	CTX-M-88	137	92.439416	86.483942	107.000000
RW_2	ARO:3001949	CTX-M-89	20	57.860000	58.460000	99.000000
RW_2	ARO:3001950	CTX-M-90	2	72.650000	72.050000	89.400000
RW_2	ARO:3001951	CTX-M-91	25	58.864000	59.048000	99.000000
RW_2	ARO:3001952	CTX-M-92	81	67.788889	67.132099	103.000000
RW_2	ARO:3001953	CTX-M-93	27	68.822222	66.925926	99.400000
RW_2	ARO:3001954	CTX-M-94	47	56.106383	58.025532	99.400000
RW_2	ARO:3001955	CTX-M-95	90	65.922222	65.211111	103.000000
RW_2	ARO:3001956	CTX-M-96	59	99.118644	98.284746	107.000000
RW_2	ARO:3001957	CTX-M-98	62	66.027419	64.390323	99.400000
RW_2	ARO:3001958	CTX-M-99	12	66.341667	64.825000	99.400000
RW_2	ARO:3001959	CTX-M-100	43	55.423256	57.555814	99.000000
RW_2	ARO:3001960	CTX-M-101	139	93.566906	82.179137	107.000000
RW_2	ARO:3001961	CTX-M-102	56	62.900000	61.587500	95.100000
RW_2	ARO:3001962	CTX-M-103	74	98.670270	84.852703	104.000000
RW_2	ARO:3001963	CTX-M-104	1	50.000000	67.000000	67.000000
RW_2	ARO:3001965	CTX-M-105	31	62.416129	62.461290	89.400000
RW_2	ARO:3001966	CTX-M-106	74	61.983784	60.144595	99.400000
RW_2	ARO:3001967	CTX-M-107	107	92.372897	89.553271	102.000000
RW_2	ARO:3001968	CTX-M-108	106	89.863208	89.016981	107.000000
RW_2	ARO:3001969	CTX-M-109	103	89.270874	88.716505	107.000000
RW_2	ARO:3001972	CTX-M-112	82	62.210976	60.275610	99.400000
RW_2	ARO:3001973	CTX-M-113	33	63.578788	59.863636	85.500000
RW_2	ARO:3001974	CTX-M-114	120	97.376667	84.794167	107.000000
RW_2	ARO:3001975	CTX-M-115	90	68.576667	68.320000	103.000000
RW_2	ARO:3001976	CTX-M-116	14	82.028571	87.185714	107.000000
RW_2	ARO:3001977	CTX-M-117	129	94.183721	81.421705	107.000000
RW_2	ARO:3001980	CTX-M-121	95	62.285263	60.670526	99.400000
RW_2	ARO:3001981	CTX-M-122	66	63.722727	62.201515	99.400000
RW_2	ARO:3001982	CTX-M-123	142	83.671831	72.483099	104.000000
RW_2	ARO:3001983	CTX-M-124	113	66.424779	65.651327	103.000000
RW_2	ARO:3001984	CTX-M-125	72	63.276389	61.891667	99.400000
RW_2	ARO:3001985	CTX-M-126	47	61.544681	58.321277	99.400000
RW_2	ARO:3001986	CTX-M-127	3	98.633333	102.433333	107.000000
RW_2	ARO:3001988	CTX-M-129	11	59.418182	59.836364	83.200000
RW_2	ARO:3001989	CTX-M-130	85	61.307059	60.530588	99.400000
RW_2	ARO:3001990	CTX-M-131	125	64.820000	64.606400	103.000000
RW_2	ARO:3001991	CTX-M-132	74	95.720270	81.124324	107.000000
RW_2	ARO:3001992	CTX-M-134	8	55.487500	60.312500	73.900000
RW_2	ARO:3001994	CTX-M-137	89	79.837079	70.246067	107.000000
RW_2	ARO:3001995	CTX-M-136	9	95.166667	99.133333	107.000000
RW_2	ARO:3001996	CTX-M-138	4	73.625000	74.700000	102.000000
RW_2	ARO:3001997	CTX-M-139	131	97.250382	87.205344	107.000000
RW_2	ARO:3001998	CTX-M-140	2	41.300000	44.500000	47.000000
RW_2	ARO:3001999	CTX-M-141	101	65.134653	65.559406	103.000000
RW_2	ARO:3002000	CTX-M-142	130	96.930769	86.466154	107.000000
RW_2	ARO:3002001	CTX-M-143	2	97.950000	100.150000	104.000000
RW_2	ARO:3002002	CTX-M-144	19	80.973684	83.042105	107.000000
RW_2	ARO:3002004	CTX-M-146	6	58.400000	62.266667	92.000000
RW_2	ARO:3002005	CTX-M-147	30	64.643333	61.610000	99.400000
RW_2	ARO:3002006	CTX-M-148	3	53.266667	57.233333	68.900000
RW_2	ARO:3002007	CTX-M-150	1	100.000000	104.000000	104.000000
RW_2	ARO:3002008	CTX-M-151	167	55.998802	54.261677	80.900000
RW_2	ARO:3002009	CTX-M-152	30	55.440000	56.040000	103.000000
RW_2	ARO:3002010	CTX-M-153	33	63.875758	65.457576	104.000000
RW_2	ARO:3002011	CTX-M-154	4	76.025000	67.100000	104.000000
RW_2	ARO:3002012	CMY-1	1293	79.589172	79.140913	108.000000
RW_2	ARO:3002013	CMY-2	230	92.518261	93.289130	113.000000
RW_2	ARO:3002015	CMY-4	321	90.986293	90.313084	113.000000
RW_2	ARO:3002016	CMY-5	5	86.840000	93.060000	110.000000
RW_2	ARO:3002017	CMY-6	34	98.352941	102.470588	107.000000
RW_2	ARO:3002018	CMY-7	9	71.433333	77.077778	110.000000
RW_2	ARO:3002019	CMY-8	1034	77.806383	77.035203	108.000000
RW_2	ARO:3002020	CMY-9	1054	78.410816	78.264611	108.000000
RW_2	ARO:3002021	CMY-10	1225	79.623102	78.892000	108.000000
RW_2	ARO:3002022	CMY-11	1112	79.679766	78.886241	108.000000
RW_2	ARO:3002023	CMY-12	72	84.877778	85.122222	110.000000
RW_2	ARO:3002024	CMY-13	167	88.217964	86.888623	111.000000
RW_2	ARO:3002025	CMY-14	127	90.662992	96.585039	113.000000
RW_2	ARO:3002026	CMY-15	67	86.926866	86.005970	110.000000
RW_2	ARO:3002027	CMY-16	33	93.487879	100.254545	110.000000
RW_2	ARO:3002028	CMY-17	62	98.103226	105.506452	113.000000
RW_2	ARO:3002029	CMY-18	1	34.600000	38.100000	38.100000
RW_2	ARO:3002030	CMY-19	848	78.471934	77.436085	108.000000
RW_2	ARO:3002031	CMY-20	366	85.630328	86.436885	111.000000
RW_2	ARO:3002032	CMY-21	281	87.616014	85.967616	113.000000
RW_2	ARO:3002033	CMY-22	5	99.600000	109.200000	111.000000
RW_2	ARO:3002034	CMY-23	85	94.685882	102.568235	113.000000
RW_2	ARO:3002035	CMY-24	148	91.035135	94.089189	113.000000
RW_2	ARO:3002036	CMY-25	316	90.887975	88.624051	111.000000
RW_2	ARO:3002037	CMY-26	261	44.802682	43.758238	100.000000
RW_2	ARO:3002038	CMY-27	182	92.698901	94.395055	113.000000
RW_2	ARO:3002039	CMY-28	247	88.834818	87.664372	113.000000
RW_2	ARO:3002040	CMY-29	208	94.428846	89.500000	111.000000
RW_2	ARO:3002041	CMY-30	9	99.777778	107.355556	111.000000
RW_2	ARO:3002042	CMY-31	1	98.000000	108.000000	108.000000
RW_2	ARO:3002043	CMY-32	127	91.037795	98.185039	113.000000
RW_2	ARO:3002044	CMY-33	406	85.428325	84.683744	113.000000
RW_2	ARO:3002045	CMY-34	20	75.060000	85.120000	110.000000
RW_2	ARO:3002046	CMY-35	244	89.090984	86.727869	113.000000
RW_2	ARO:3002048	CMY-37	17	67.647059	67.135294	105.000000
RW_2	ARO:3002049	CMY-38	68	85.564706	84.532353	108.000000
RW_2	ARO:3002050	CMY-39	202	83.875248	83.222772	110.000000
RW_2	ARO:3002051	CMY-40	78	85.600000	82.261538	110.000000
RW_2	ARO:3002052	CMY-41	70	82.300000	81.577143	111.000000
RW_2	ARO:3002053	CMY-42	410	85.306341	84.727073	113.000000
RW_2	ARO:3002054	CMY-43	182	91.019780	91.978022	113.000000
RW_2	ARO:3002055	CMY-44	420	85.128810	84.364286	113.000000
RW_2	ARO:3002056	CMY-45	37	95.975676	100.997297	110.000000
RW_2	ARO:3002057	CMY-46	44	68.040909	72.390909	107.000000
RW_2	ARO:3002058	CMY-47	129	63.913953	72.306202	111.000000
RW_2	ARO:3002059	CMY-48	208	83.362500	84.496635	112.000000
RW_2	ARO:3002060	CMY-49	30	68.233333	71.843333	105.000000
RW_2	ARO:3002061	CMY-50	52	79.796154	85.913462	111.000000
RW_2	ARO:3002062	CMY-51	147	80.533333	82.346259	112.000000
RW_2	ARO:3002064	CMY-53	27	86.959259	88.555556	111.000000
RW_2	ARO:3002066	CMY-55	402	84.373632	83.217662	113.000000
RW_2	ARO:3002067	CMY-56	379	86.196306	85.202902	113.000000
RW_2	ARO:3002069	CMY-59	54	86.837037	66.872222	101.000000
RW_2	ARO:3002070	CMY-99	35	91.574286	97.717143	110.000000
RW_2	ARO:3002071	CMY-110	123	86.574797	88.235772	112.000000
RW_2	ARO:3002072	CMY-58	105	91.474286	98.978095	113.000000
RW_2	ARO:3002073	CMY-60	261	88.869349	86.642529	113.000000
RW_2	ARO:3002074	CMY-61	414	86.098068	88.375604	113.000000
RW_2	ARO:3002075	CMY-62	12	96.841667	100.025000	111.000000
RW_2	ARO:3002076	CMY-63	63	69.920635	73.784127	107.000000
RW_2	ARO:3002077	CMY-64	62	65.122581	63.743548	107.000000
RW_2	ARO:3002078	CMY-65	243	75.993827	80.997531	111.000000
RW_2	ARO:3002079	CMY-66	70	79.832857	78.092857	112.000000
RW_2	ARO:3002080	CMY-67	43	85.818605	88.813953	111.000000
RW_2	ARO:3002081	CMY-68	134	64.102985	72.293284	111.000000
RW_2	ARO:3002082	CMY-69	108	93.936111	100.926852	113.000000
RW_2	ARO:3002083	CMY-70	204	80.098529	77.638235	107.000000
RW_2	ARO:3002084	CMY-71	149	78.151007	77.410738	110.000000
RW_2	ARO:3002085	CMY-72	88	61.972727	67.913636	109.000000
RW_2	ARO:3002086	CMY-73	50	50.606000	51.656000	88.200000
RW_2	ARO:3002087	CMY-74	85	74.315294	78.898824	107.000000
RW_2	ARO:3002088	CMY-75	143	70.167133	77.397203	111.000000
RW_2	ARO:3002089	CMY-76	19	90.684211	97.410526	112.000000
RW_2	ARO:3002090	CMY-77	58	70.191379	73.529310	107.000000
RW_2	ARO:3002091	CMY-78	28	74.346429	75.264286	109.000000
RW_2	ARO:3002092	CMY-79	187	84.066845	81.278075	112.000000
RW_2	ARO:3002093	CMY-80	388	48.523969	45.970619	108.000000
RW_2	ARO:3002094	CMY-81	68	64.854412	67.430882	111.000000
RW_2	ARO:3002095	CMY-82	75	75.769333	80.361333	107.000000
RW_2	ARO:3002096	CMY-83	126	83.166667	79.461111	107.000000
RW_2	ARO:3002097	CMY-84	20	78.875000	85.570000	111.000000
RW_2	ARO:3002098	CMY-85	127	92.305512	87.580315	112.000000
RW_2	ARO:3002099	CMY-86	51	70.696078	73.996078	107.000000
RW_2	ARO:3002100	CMY-87	39	71.705128	76.730769	112.000000
RW_2	ARO:3002102	CMY-89	144	70.272917	76.275000	101.000000
RW_2	ARO:3002103	CMY-90	57	73.198246	71.724561	109.000000
RW_2	ARO:3002106	CMY-93	68	73.825000	79.322059	107.000000
RW_2	ARO:3002107	CMY-94	35	97.974286	103.262857	111.000000
RW_2	ARO:3002108	CMY-95	237	89.048101	86.575105	113.000000
RW_2	ARO:3002109	CMY-96	29	68.858621	72.979310	107.000000
RW_2	ARO:3002110	CMY-97	4	86.800000	88.175000	107.000000
RW_2	ARO:3002111	CMY-98	128	72.009375	77.420312	107.000000
RW_2	ARO:3002112	CMY-100	141	82.677305	78.313475	107.000000
RW_2	ARO:3002113	CMY-101	78	75.210256	79.467949	107.000000
RW_2	ARO:3002114	CMY-102	58	90.370690	96.737931	111.000000
RW_2	ARO:3002115	CMY-103	40	85.252500	89.480000	111.000000
RW_2	ARO:3002116	CMY-104	169	73.958580	74.727219	110.000000
RW_2	ARO:3002117	CMY-105	300	76.526667	79.000333	111.000000
RW_2	ARO:3002118	CMY-106	51	74.696078	83.301961	97.100000
RW_2	ARO:3002120	CMY-108	31	70.093548	77.132258	107.000000
RW_2	ARO:3002121	CMY-109	44	63.611364	59.663636	112.000000
RW_2	ARO:3002122	CMY-111	1	100.000000	111.000000	111.000000
RW_2	ARO:3002123	CMY-112	50	83.534000	89.374000	111.000000
RW_2	ARO:3002124	CMY-113	118	66.777966	69.566949	111.000000
RW_2	ARO:3002125	CMY-114	279	77.976703	77.800358	111.000000
RW_2	ARO:3002126	CMY-115	59	67.476271	64.469492	112.000000
RW_2	ARO:3002127	CMY-116	80	86.090000	82.791250	112.000000
RW_2	ARO:3002128	CMY-117	41	82.192683	76.978049	112.000000
RW_2	ARO:3002129	CMY-118	183	86.519672	85.769399	112.000000
RW_2	ARO:3002130	CMY-119	53	70.541509	78.998113	105.000000
RW_2	ARO:3002132	DHA-1	403	71.009926	71.357072	114.000000
RW_2	ARO:3002133	DHA-2	455	66.525714	66.727033	114.000000
RW_2	ARO:3002134	DHA-3	254	75.415354	74.289370	114.000000
RW_2	ARO:3002135	DHA-6	363	71.113499	71.312672	114.000000
RW_2	ARO:3002136	DHA-7	376	69.336968	69.313298	114.000000
RW_2	ARO:3002137	DHA-4	234	78.622222	79.473077	113.000000
RW_2	ARO:3002138	DHA-5	325	71.950154	71.957846	114.000000
RW_2	ARO:3002140	DHA-9	229	77.220087	78.590830	114.000000
RW_2	ARO:3002141	DHA-10	405	67.738765	68.399012	114.000000
RW_2	ARO:3002143	DHA-12	420	61.809524	61.460714	110.000000
RW_2	ARO:3002144	DHA-13	461	68.197180	69.260738	114.000000
RW_2	ARO:3002145	DHA-14	314	75.553503	74.965287	114.000000
RW_2	ARO:3002146	DHA-15	360	70.635556	69.232500	114.000000
RW_2	ARO:3002147	DHA-16	309	65.138188	64.851780	114.000000
RW_2	ARO:3002148	DHA-17	392	69.842347	70.964541	114.000000
RW_2	ARO:3002149	DHA-18	327	69.994190	70.488073	114.000000
RW_2	ARO:3002150	DHA-19	442	65.693891	66.017647	114.000000
RW_2	ARO:3002151	DHA-20	369	71.110027	71.427100	114.000000
RW_2	ARO:3002152	DHA-21	394	70.123858	70.401269	114.000000
RW_2	ARO:3002153	DHA-22	402	67.617413	68.151741	114.000000
RW_2	ARO:3002154	DHA-23	294	75.717347	75.438095	114.000000
RW_2	ARO:3002155	FOX-1	450	74.814444	74.827333	112.000000
RW_2	ARO:3002156	FOX-2	438	73.612785	73.825571	113.000000
RW_2	ARO:3002157	FOX-3	374	74.022727	72.995455	111.000000
RW_2	ARO:3002158	FOX-4	390	74.397692	75.525641	113.000000
RW_2	ARO:3002159	FOX-5	388	74.173196	74.843299	114.000000
RW_2	ARO:3002160	FOX-7	433	75.432794	75.355889	112.000000
RW_2	ARO:3002161	FOX-8	355	73.907887	73.976901	111.000000
RW_2	ARO:3002162	FOX-10	376	75.188298	74.220745	112.000000
RW_2	ARO:3002163	FOX-9	312	76.674359	75.793269	107.000000
RW_2	ARO:3002165	FOX-12	461	74.926681	74.473970	112.000000
RW_2	ARO:3002166	MIR-1	47	72.482979	71.602128	111.000000
RW_2	ARO:3002167	MIR-4	79	73.931646	76.751899	111.000000
RW_2	ARO:3002168	MIR-2	134	72.196269	75.485075	111.000000
RW_2	ARO:3002169	MIR-3	129	72.700775	75.765891	111.000000
RW_2	ARO:3002170	MIR-5	130	73.042308	76.216923	111.000000
RW_2	ARO:3002171	MIR-6	89	77.857303	83.058427	111.000000
RW_2	ARO:3002172	MIR-7	31	74.980645	75.932258	111.000000
RW_2	ARO:3002174	MIR-9	105	75.419048	78.926667	111.000000
RW_2	ARO:3002175	MIR-10	78	76.843590	80.524359	111.000000
RW_2	ARO:3002176	MIR-11	82	74.759756	78.953659	111.000000
RW_2	ARO:3002177	MIR-12	104	76.728846	80.508654	111.000000
RW_2	ARO:3002178	MIR-13	87	72.526437	75.112644	111.000000
RW_2	ARO:3002179	MIR-14	43	73.874419	72.272093	108.000000
RW_2	ARO:3002180	MIR-15	109	75.268807	78.871560	111.000000
RW_2	ARO:3002181	MIR-16	129	73.089147	76.374419	111.000000
RW_2	ARO:3002182	MOX-1	933	77.505681	76.610611	108.000000
RW_2	ARO:3002183	MOX-2	1218	83.007061	82.215846	110.000000
RW_2	ARO:3002184	MOX-4	1185	83.651730	83.233165	110.000000
RW_2	ARO:3002185	MOX-6	740	89.027838	90.470811	110.000000
RW_2	ARO:3002186	MOX-3	1248	82.762260	82.344071	110.000000
RW_2	ARO:3002188	MOX-5	683	90.857247	89.071449	109.000000
RW_2	ARO:3002189	MOX-7	780	88.856026	87.985256	109.000000
RW_2	ARO:3002190	MOX-8	1054	87.383966	86.765085	110.000000
RW_2	ARO:3002191	MOX-9	620	75.155000	75.574032	111.000000
RW_2	ARO:3002192	IMP-1	15	51.760000	48.733333	85.500000
RW_2	ARO:3002193	IMP-2	40	59.640000	60.012500	97.800000
RW_2	ARO:3002194	IMP-3	17	47.082353	46.305882	67.400000
RW_2	ARO:3002195	IMP-4	21	47.514286	44.609524	84.000000
RW_2	ARO:3002196	IMP-5	22	51.913636	47.709091	89.400000
RW_2	ARO:3002197	IMP-6	14	50.342857	49.957143	85.500000
RW_2	ARO:3002198	IMP-7	22	58.472727	52.940909	89.400000
RW_2	ARO:3002199	IMP-8	39	64.297436	65.423077	97.800000
RW_2	ARO:3002200	IMP-9	20	55.910000	58.605000	95.900000
RW_2	ARO:3002201	IMP-10	11	50.918182	48.945455	85.500000
RW_2	ARO:3002202	IMP-11	17	67.794118	70.200000	96.700000
RW_2	ARO:3002203	IMP-12	13	63.376923	64.069231	93.200000
RW_2	ARO:3002204	IMP-13	24	62.520833	65.766667	99.000000
RW_2	ARO:3002205	IMP-14	29	43.458621	44.113793	56.200000
RW_2	ARO:3002206	IMP-15	29	58.551724	55.520690	95.500000
RW_2	ARO:3002207	IMP-16	12	70.075000	67.016667	101.000000
RW_2	ARO:3002208	IMP-17	13	84.330769	89.200000	98.200000
RW_2	ARO:3002209	IMP-18	29	56.648276	57.310345	95.500000
RW_2	ARO:3002210	IMP-19	37	60.237838	60.767568	97.800000
RW_2	ARO:3002211	IMP-20	34	61.220588	61.750000	97.800000
RW_2	ARO:3002212	IMP-21	17	67.423529	69.835294	96.700000
RW_2	ARO:3002213	IMP-22	20	62.300000	59.965000	99.400000
RW_2	ARO:3002214	IMP-23	30	68.346667	69.906667	97.800000
RW_2	ARO:3002215	IMP-24	39	64.246154	65.394872	97.800000
RW_2	ARO:3002216	IMP-25	20	48.985000	51.300000	85.500000
RW_2	ARO:3002217	IMP-26	24	50.758333	48.254167	95.100000
RW_2	ARO:3002218	IMP-27	16	56.931250	57.856250	92.800000
RW_2	ARO:3002219	IMP-28	26	55.207692	55.873077	96.300000
RW_2	ARO:3002220	IMP-29	16	58.818750	51.693750	100.000000
RW_2	ARO:3002221	IMP-30	12	50.575000	49.391667	85.500000
RW_2	ARO:3002222	IMP-31	29	37.820690	42.955172	55.800000
RW_2	ARO:3002223	IMP-32	25	43.544000	43.896000	56.200000
RW_2	ARO:3002224	IMP-33	30	59.930000	61.000000	99.400000
RW_2	ARO:3002225	IMP-34	18	45.083333	44.927778	67.400000
RW_2	ARO:3002226	IMP-35	28	38.067857	43.182143	73.200000
RW_2	ARO:3002228	IMP-37	23	63.360870	66.634783	99.000000
RW_2	ARO:3002229	IMP-38	23	47.360870	45.017391	84.000000
RW_2	ARO:3002230	IMP-39	18	76.672222	79.938889	100.000000
RW_2	ARO:3002231	IMP-40	8	51.975000	49.012500	85.500000
RW_2	ARO:3002232	IMP-41	17	67.423529	69.764706	96.700000
RW_2	ARO:3002233	IMP-42	15	51.620000	47.986667	85.500000
RW_2	ARO:3002234	IMP-43	23	57.708696	52.395652	89.400000
RW_2	ARO:3002235	IMP-44	15	65.880000	67.206667	96.700000
RW_2	ARO:3002236	IMP-45	22	54.745455	57.759091	95.900000
RW_2	ARO:3002237	IMP-46	32	44.234375	45.121875	69.300000
RW_2	ARO:3002239	IMP-48	31	43.877419	44.248387	56.200000
RW_2	ARO:3002240	CARB-1	433	75.129099	74.211547	108.000000
RW_2	ARO:3002241	CARB-2	431	75.630858	74.335499	108.000000
RW_2	ARO:3002242	CARB-3	397	78.307053	76.206549	108.000000
RW_2	ARO:3002243	CARB-4	371	72.380054	72.238005	105.000000
RW_2	ARO:3002244	CARB-5	888	67.636036	68.365541	111.000000
RW_2	ARO:3002245	CARB-6	409	74.151834	72.717359	108.000000
RW_2	ARO:3002246	CARB-7	439	67.261731	68.620273	101.000000
RW_2	ARO:3002247	CARB-8	863	68.312630	69.053302	111.000000
RW_2	ARO:3002248	CARB-9	455	66.889890	68.660220	100.000000
RW_2	ARO:3002249	CARB-10	883	67.430464	68.249377	111.000000
RW_2	ARO:3002250	CARB-12	399	75.767669	74.164411	108.000000
RW_2	ARO:3002252	CARB-14	878	67.937130	68.634738	111.000000
RW_2	ARO:3002254	CARB-17	269	58.839777	60.413755	74.700000
RW_2	ARO:3002255	CARB-16	872	68.115826	68.820298	111.000000
RW_2	ARO:3002256	IND-1	50	50.936000	54.672000	85.500000
RW_2	ARO:3002257	IND-2	86	53.272093	54.989535	84.000000
RW_2	ARO:3002258	IND-2a	84	53.586905	55.234524	84.000000
RW_2	ARO:3002259	IND-3	54	53.064815	56.340741	84.000000
RW_2	ARO:3002260	IND-4	223	45.841256	46.110314	86.700000
RW_2	ARO:3002261	IND-5	42	50.935714	52.995238	86.300000
RW_2	ARO:3002262	IND-6	40	53.790000	57.302500	84.300000
RW_2	ARO:3002263	IND-7	56	51.239286	54.833929	85.900000
RW_2	ARO:3002264	IND-8	25	54.948000	58.768000	84.300000
RW_2	ARO:3002265	IND-9	36	54.050000	58.455556	85.900000
RW_2	ARO:3002266	IND-10	27	55.733333	58.751852	84.300000
RW_2	ARO:3002267	IND-11	83	53.674699	55.292771	84.000000
RW_2	ARO:3002268	IND-12	85	53.254118	54.925882	84.000000
RW_2	ARO:3002269	IND-14	55	52.861818	56.225455	84.000000
RW_2	ARO:3002270	IND-15	50	49.960000	53.106000	82.000000
RW_2	ARO:3002271	VIM-1	18	47.861111	53.594444	68.200000
RW_2	ARO:3002272	VIM-2	14	59.271429	56.085714	104.000000
RW_2	ARO:3002273	VIM-3	4	76.325000	69.700000	97.800000
RW_2	ARO:3002274	VIM-4	15	47.920000	49.566667	67.800000
RW_2	ARO:3002275	VIM-5	17	46.100000	47.688235	67.800000
RW_2	ARO:3002276	VIM-6	14	55.114286	51.492857	97.800000
RW_2	ARO:3002277	VIM-7	32	49.068750	52.250000	70.100000
RW_2	ARO:3002278	VIM-8	15	57.540000	54.913333	104.000000
RW_2	ARO:3002279	VIM-9	4	89.650000	84.825000	104.000000
RW_2	ARO:3002280	VIM-10	5	75.320000	77.700000	104.000000
RW_2	ARO:3002281	VIM-11	12	56.808333	52.308333	97.800000
RW_2	ARO:3002282	VIM-12	22	48.013636	46.313636	67.800000
RW_2	ARO:3002283	VIM-13	9	47.766667	51.077778	64.300000
RW_2	ARO:3002284	VIM-14	11	48.781818	51.100000	67.800000
RW_2	ARO:3002285	VIM-15	8	66.162500	61.525000	97.800000
RW_2	ARO:3002286	VIM-16	13	60.676923	56.761538	104.000000
RW_2	ARO:3002287	VIM-17	15	51.053333	47.440000	104.000000
RW_2	ARO:3002288	VIM-18	17	54.000000	49.852941	97.800000
RW_2	ARO:3002289	VIM-19	28	46.728571	49.839286	67.800000
RW_2	ARO:3002290	VIM-20	26	52.488462	54.850000	104.000000
RW_2	ARO:3002293	VIM-23	15	57.540000	54.966667	104.000000
RW_2	ARO:3002294	VIM-24	7	74.442857	70.428571	104.000000
RW_2	ARO:3002295	VIM-25	13	46.823077	45.415385	63.500000
RW_2	ARO:3002296	VIM-26	32	46.325000	51.000000	67.800000
RW_2	ARO:3002297	VIM-27	27	47.029630	51.762963	68.200000
RW_2	ARO:3002298	VIM-28	27	45.985185	48.759259	67.800000
RW_2	ARO:3002299	VIM-29	53	47.345283	52.352830	70.100000
RW_2	ARO:3002300	VIM-30	12	52.483333	49.133333	104.000000
RW_2	ARO:3002301	VIM-31	27	52.396296	55.240741	104.000000
RW_2	ARO:3002302	VIM-32	20	47.200000	51.540000	68.200000
RW_2	ARO:3002303	VIM-33	21	50.280952	56.519048	69.300000
RW_2	ARO:3002304	VIM-34	36	47.200000	50.555556	68.200000
RW_2	ARO:3002305	VIM-35	30	45.790000	50.370000	68.200000
RW_2	ARO:3002306	VIM-36	7	73.985714	67.742857	104.000000
RW_2	ARO:3002307	VIM-37	32	46.662500	48.490625	67.800000
RW_2	ARO:3002308	VIM-38	20	45.480000	47.135000	67.800000
RW_2	ARO:3002309	VIM-39	19	47.736842	53.363158	67.800000
RW_2	ARO:3002310	VIM-40	7	51.742857	52.357143	67.800000
RW_2	ARO:3002311	VIM-41	4	89.650000	84.825000	104.000000
RW_2	ARO:3002313	KPC-3	13	88.192308	92.123077	111.000000
RW_2	ARO:3002314	KPC-4	30	71.913333	68.363333	105.000000
RW_2	ARO:3002315	KPC-5	16	92.562500	92.625000	111.000000
RW_2	ARO:3002316	KPC-6	25	70.548000	67.664000	105.000000
RW_2	ARO:3002317	KPC-7	14	77.935714	78.457143	105.000000
RW_2	ARO:3002318	KPC-8	31	69.000000	67.935484	105.000000
RW_2	ARO:3002319	KPC-9	100	67.046000	64.328000	108.000000
RW_2	ARO:3002320	KPC-10	19	83.784211	88.236842	111.000000
RW_2	ARO:3002321	KPC-11	17	91.000000	91.641176	111.000000
RW_2	ARO:3002322	KPC-12	6	97.950000	93.466667	111.000000
RW_2	ARO:3002323	KPC-13	11	83.727273	85.318182	105.000000
RW_2	ARO:3002324	KPC-14	120	64.962500	65.466667	108.000000
RW_2	ARO:3002325	KPC-15	23	61.891304	57.813043	105.000000
RW_2	ARO:3002326	KPC-16	53	63.020755	62.901887	109.000000
RW_2	ARO:3002327	KPC-17	43	60.030233	62.320930	109.000000
RW_2	ARO:3002328	KPC-18	3	100.000000	105.666667	109.000000
RW_2	ARO:3002329	KPC-19	13	88.192308	92.123077	111.000000
RW_2	ARO:3002330	GES-1	837	92.801434	86.357826	113.000000
RW_2	ARO:3002331	GES-2	841	92.338050	86.012723	113.000000
RW_2	ARO:3002332	GES-3	601	90.266057	80.786023	113.000000
RW_2	ARO:3002333	GES-4	691	88.581331	80.481910	113.000000
RW_2	ARO:3002334	GES-5	865	92.525780	86.414798	113.000000
RW_2	ARO:3002335	GES-6	693	96.106349	87.854113	113.000000
RW_2	ARO:3002336	GES-7	719	91.693185	83.735883	113.000000
RW_2	ARO:3002337	GES-8	682	93.062463	85.223167	113.000000
RW_2	ARO:3002338	GES-9	721	91.283911	82.955479	108.000000
RW_2	ARO:3002339	GES-10	452	89.663717	85.579867	113.000000
RW_2	ARO:3002340	GES-11	716	91.598464	83.231564	108.000000
RW_2	ARO:3002341	GES-12	721	90.303190	81.921221	108.000000
RW_2	ARO:3002342	GES-13	843	87.340332	80.838790	113.000000
RW_2	ARO:3002343	GES-14	846	89.406974	82.472222	108.000000
RW_2	ARO:3002344	GES-15	732	95.385656	87.856694	113.000000
RW_2	ARO:3002345	GES-16	717	90.901395	84.494979	113.000000
RW_2	ARO:3002346	GES-17	596	90.154698	79.535738	108.000000
RW_2	ARO:3002347	GES-18	676	95.270118	86.609615	113.000000
RW_2	ARO:3002348	GES-19	467	96.136831	90.604711	108.000000
RW_2	ARO:3002349	GES-20	778	90.483033	88.324679	113.000000
RW_2	ARO:3002350	GES-21	842	88.742399	81.962589	113.000000
RW_2	ARO:3002351	GES-22	777	89.085071	81.483526	108.000000
RW_2	ARO:3002352	GES-23	671	92.390760	84.511624	113.000000
RW_2	ARO:3002353	GES-24	703	93.086913	85.154054	113.000000
RW_2	ARO:3002354	NDM-3	80	96.050000	88.775000	113.000000
RW_2	ARO:3002355	NDM-4	80	96.025000	89.493750	113.000000
RW_2	ARO:3002356	NDM-6	84	96.044048	90.276190	113.000000
RW_2	ARO:3002357	NDM-7	71	94.860563	87.285915	113.000000
RW_2	ARO:3002358	NDM-8	71	94.860563	87.285915	113.000000
RW_2	ARO:3002359	NDM-9	80	95.438750	88.756250	113.000000
RW_2	ARO:3002360	NDM-10	47	92.574468	81.302128	108.000000
RW_2	ARO:3002361	NDM-11	73	99.083562	93.471233	113.000000
RW_2	ARO:3002362	NDM-12	63	95.949206	87.230159	113.000000
RW_2	ARO:3002363	PER-1	303	77.301650	74.228053	105.000000
RW_2	ARO:3002364	PER-2	245	74.138367	73.504082	104.000000
RW_2	ARO:3002365	PER-3	322	75.434161	72.945342	105.000000
RW_2	ARO:3002366	PER-4	295	77.759322	74.522373	105.000000
RW_2	ARO:3002367	PER-5	299	77.522742	74.253177	105.000000
RW_2	ARO:3002368	PER-6	502	59.200996	59.820916	103.000000
RW_2	ARO:3002369	PER-7	301	77.055814	74.219269	105.000000
RW_2	ARO:3002370	VEB-1	2489	90.234311	87.824106	112.000000
RW_2	ARO:3002371	VEB-2	2248	90.029048	88.815970	112.000000
RW_2	ARO:3002372	VEB-3	2314	89.850432	87.029257	112.000000
RW_2	ARO:3002373	VEB-4	1926	92.124455	90.122897	112.000000
RW_2	ARO:3002374	VEB-6	1940	92.664227	88.636959	112.000000
RW_2	ARO:3002375	VEB-5	2064	92.516521	92.046463	112.000000
RW_2	ARO:3002376	VEB-7	1936	86.899638	86.994370	112.000000
RW_2	ARO:3002377	VEB-8	1334	92.308996	90.199100	111.000000
RW_2	ARO:3002378	VEB-9	2508	90.136005	87.566667	112.000000
RW_2	ARO:3002379	SME-1	144	49.948611	47.848611	78.600000
RW_2	ARO:3002380	SME-2	152	49.803289	47.996053	78.600000
RW_2	ARO:3002381	SME-3	149	49.541611	47.759732	78.600000
RW_2	ARO:3002382	SME-4	138	49.721739	47.668841	78.600000
RW_2	ARO:3002383	SME-5	150	50.026667	48.071333	78.600000
RW_2	ARO:3002385	BEL-1	262	58.304198	57.693130	107.000000
RW_2	ARO:3002386	BEL-2	220	58.124091	57.220455	107.000000
RW_2	ARO:3002387	BEL-3	221	58.115837	57.121267	107.000000
RW_2	ARO:3002389	OXY-1-1	17	71.970588	70.523529	105.000000
RW_2	ARO:3002390	OXY-1-2	31	68.751613	69.900000	105.000000
RW_2	ARO:3002391	OXY-1-3	14	78.035714	77.392857	99.800000
RW_2	ARO:3002392	OXY-1-4	51	63.009804	62.690196	107.000000
RW_2	ARO:3002394	OXY-1-6	11	75.609091	71.463636	99.800000
RW_2	ARO:3002396	OXY-2-1	79	50.496203	52.620253	81.600000
RW_2	ARO:3002397	OXY-2-2	103	50.304854	52.209709	82.000000
RW_2	ARO:3002398	OXY-2-3	116	52.004310	54.056897	94.000000
RW_2	ARO:3002399	OXY-2-4	122	50.600000	52.483607	94.000000
RW_2	ARO:3002400	OXY-2-5	102	50.889216	53.589216	82.800000
RW_2	ARO:3002401	OXY-2-6	60	52.793333	54.120000	81.600000
RW_2	ARO:3002402	OXY-2-7	98	50.603061	52.633673	81.600000
RW_2	ARO:3002403	OXY-2-8	85	48.428235	50.836471	85.100000
RW_2	ARO:3002404	OXY-2-9	156	51.696795	53.434615	94.000000
RW_2	ARO:3002405	OXY-2-10	82	49.147561	51.846341	76.300000
RW_2	ARO:3002406	OXY-2-11	35	57.288571	57.051429	85.100000
RW_2	ARO:3002407	OXY-2-12	42	55.161905	56.664286	76.300000
RW_2	ARO:3002408	OXY-2-13	34	56.108824	56.388235	81.600000
RW_2	ARO:3002409	OXY-3-1	68	58.048529	58.651471	97.800000
RW_2	ARO:3002410	OXY-4-1	58	63.718966	61.453448	96.700000
RW_2	ARO:3002411	OXY-5-1	62	59.914516	58.400000	105.000000
RW_2	ARO:3002412	OXY-5-2	61	59.437705	57.690164	105.000000
RW_2	ARO:3002413	OXY-6-1	15	76.933333	74.513333	105.000000
RW_2	ARO:3002414	OXY-6-2	62	63.804839	62.020968	105.000000
RW_2	ARO:3002415	OXY-6-3	15	77.093333	75.486667	105.000000
RW_2	ARO:3002416	OXY-6-4	10	78.680000	79.530000	105.000000
RW_2	ARO:3002418	OKP-A-1	65	60.560000	60.244615	100.000000
RW_2	ARO:3002419	OKP-A-2	129	60.786822	61.048062	101.000000
RW_2	ARO:3002420	OKP-A-3	112	59.877679	60.274107	101.000000
RW_2	ARO:3002421	OKP-A-4	97	60.890722	60.873196	101.000000
RW_2	ARO:3002422	OKP-A-5	54	61.775926	62.207407	101.000000
RW_2	ARO:3002423	OKP-A-6	83	60.253012	61.380723	101.000000
RW_2	ARO:3002424	OKP-A-7	75	60.417333	61.729333	101.000000
RW_2	ARO:3002425	OKP-A-8	111	61.106306	61.052252	101.000000
RW_2	ARO:3002426	OKP-A-9	115	60.633043	60.998261	101.000000
RW_2	ARO:3002427	OKP-A-10	83	59.409639	59.354217	100.000000
RW_2	ARO:3002428	OKP-A-11	123	60.296748	60.608943	101.000000
RW_2	ARO:3002429	OKP-A-12	147	60.500680	60.912245	101.000000
RW_2	ARO:3002430	OKP-A-13	116	61.133621	61.289655	101.000000
RW_2	ARO:3002431	OKP-A-14	132	61.924242	62.303788	101.000000
RW_2	ARO:3002432	OKP-A-15	160	61.046875	61.536250	101.000000
RW_2	ARO:3002433	OKP-A-16	88	60.106818	60.036364	101.000000
RW_2	ARO:3002434	OKP-B-1	48	66.258333	67.895833	99.800000
RW_2	ARO:3002435	OKP-B-2	66	65.589394	67.134848	99.800000
RW_2	ARO:3002436	OKP-B-3	44	62.961364	62.788636	99.800000
RW_2	ARO:3002437	OKP-B-4	21	68.400000	70.938095	99.800000
RW_2	ARO:3002438	OKP-B-5	62	58.496774	58.250000	81.300000
RW_2	ARO:3002439	OKP-B-6	55	66.634545	68.078182	99.800000
RW_2	ARO:3002440	OKP-B-7	19	65.531579	65.284211	81.300000
RW_2	ARO:3002441	OKP-B-8	79	59.454430	59.120253	99.800000
RW_2	ARO:3002442	OKP-B-9	55	64.752727	66.892727	99.800000
RW_2	ARO:3002443	OKP-B-10	66	56.627273	55.921212	99.800000
RW_2	ARO:3002444	OKP-B-11	19	65.647368	65.384211	81.300000
RW_2	ARO:3002445	OKP-B-12	80	64.236250	65.403750	99.800000
RW_2	ARO:3002446	OKP-B-13	77	58.994805	58.600000	81.300000
RW_2	ARO:3002447	OKP-B-14	82	65.141463	66.598780	99.800000
RW_2	ARO:3002450	OKP-B-17	16	65.568750	69.856250	99.800000
RW_2	ARO:3002451	OKP-B-18	47	63.159574	62.527660	81.300000
RW_2	ARO:3002452	OKP-B-19	68	58.677941	58.569118	81.300000
RW_2	ARO:3002453	OKP-B-20	56	58.282143	58.067857	81.300000
RW_2	ARO:3002454	LEN-1	49	64.057143	64.177551	101.000000
RW_2	ARO:3002455	LEN-2	32	65.575000	65.653125	98.600000
RW_2	ARO:3002456	LEN-5	44	63.386364	64.140909	101.000000
RW_2	ARO:3002457	LEN-7	35	64.665714	64.920000	100.000000
RW_2	ARO:3002458	LEN-8	20	60.945000	61.375000	101.000000
RW_2	ARO:3002459	LEN-9	47	64.857447	64.861702	101.000000
RW_2	ARO:3002460	LEN-10	54	63.290741	63.825926	101.000000
RW_2	ARO:3002461	LEN-11	22	67.822727	67.772727	101.000000
RW_2	ARO:3002462	LEN-12	34	64.129412	64.832353	101.000000
RW_2	ARO:3002463	LEN-13	38	64.536842	64.565789	101.000000
RW_2	ARO:3002464	LEN-16	59	62.620339	63.227119	101.000000
RW_2	ARO:3002465	LEN-18	37	64.962162	65.848649	101.000000
RW_2	ARO:3002466	LEN-19	43	63.351163	64.104651	101.000000
RW_2	ARO:3002467	LEN-20	50	63.426000	63.348000	101.000000
RW_2	ARO:3002468	LEN-21	40	64.982500	65.395000	98.600000
RW_2	ARO:3002469	LEN-22	30	65.750000	66.343333	101.000000
RW_2	ARO:3002470	LEN-23	61	62.803279	63.193443	101.000000
RW_2	ARO:3002471	LEN-24	25	66.428000	66.372000	101.000000
RW_2	ARO:3002472	LEN-4	67	61.808955	62.291045	101.000000
RW_2	ARO:3002473	LEN-17	27	63.533333	64.600000	100.000000
RW_2	ARO:3002474	LEN-26	18	63.661111	64.611111	100.000000
RW_2	ARO:3002475	LEN-3	51	63.643137	63.639216	101.000000
RW_2	ARO:3002476	LEN-6	135	61.484444	61.959259	101.000000
RW_2	ARO:3002477	LEN-14	88	59.475000	59.398864	101.000000
RW_2	ARO:3002478	LEN-15	44	64.990909	65.093182	101.000000
RW_2	ARO:3002479	LEN-25	4	80.200000	80.900000	101.000000
RW_2	ARO:3002480	OXA-144	41	85.460976	86.412195	93.600000
RW_2	ARO:3002481	AER-1	981	69.827523	70.580122	107.000000
RW_2	ARO:3002482	LRA-1	195	58.451795	57.363077	85.500000
RW_2	ARO:3002483	LRA-5	12	45.658333	40.866667	55.800000
RW_2	ARO:3002484	LRA-13	496	53.160081	57.285081	95.500000
RW_2	ARO:3002485	LRA-2	483	52.250725	47.032712	80.500000
RW_2	ARO:3002486	LRA-7	45	47.433333	48.495556	73.900000
RW_2	ARO:3002487	LRA-8	342	53.816667	49.250000	81.300000
RW_2	ARO:3002488	LRA-9	48	47.137500	48.039583	71.200000
RW_2	ARO:3002489	LRA-10	817	61.634027	63.502203	100.000000
RW_2	ARO:3002492	LRA-18	709	58.438928	61.069958	91.700000
RW_2	ARO:3002493	SRT-1	841	53.676694	52.661356	85.100000
RW_2	ARO:3002494	SRT-2	856	53.566121	52.998131	85.100000
RW_2	ARO:3002495	CTX-M-85	5	65.620000	64.300000	95.100000
RW_2	ARO:3002496	OXA-418	229	68.993013	65.013100	102.000000
RW_2	ARO:3002497	PDC-1	10	43.070000	42.240000	57.000000
RW_2	ARO:3002498	PDC-2	2	51.850000	56.800000	63.500000
RW_2	ARO:3002501	PDC-4	3	59.066667	54.166667	58.900000
RW_2	ARO:3002502	PDC-5	8	56.887500	54.287500	72.800000
RW_2	ARO:3002505	PDC-6	10	56.280000	52.940000	72.800000
RW_2	ARO:3002506	PDC-7	17	69.741176	63.917647	77.800000
RW_2	ARO:3002507	PDC-8	33	50.857576	54.203030	81.600000
RW_2	ARO:3002508	PDC-9	12	64.241667	67.266667	79.000000
RW_2	ARO:3002510	LRA-3	42	49.733333	49.069048	63.900000
RW_2	ARO:3002511	LRA-12	86	53.261628	55.758140	88.600000
RW_2	ARO:3002512	LRA-17	183	50.339891	51.187432	79.300000
RW_2	ARO:3002513	LRA-19	133	52.657895	53.522556	90.900000
RW_2	ARO:3002514	OCH-1	479	56.388518	58.701461	86.300000
RW_2	ARO:3002515	OCH-2	515	57.447961	59.938447	88.600000
RW_2	ARO:3002516	OCH-3	592	57.528041	59.986993	84.700000
RW_2	ARO:3002517	OCH-4	412	57.523544	59.918204	86.300000
RW_2	ARO:3002518	OCH-5	402	57.577114	59.188557	84.300000
RW_2	ARO:3002519	OCH-6	439	57.223235	59.514579	86.300000
RW_2	ARO:3002520	OCH-7	490	56.881429	59.091224	86.300000
RW_2	ARO:3002521	OCH-8	450	57.656222	60.210000	86.300000
RW_2	ARO:3002522	novA	45256	52.773608	51.943097	94.400000
RW_2	ARO:3002523	AAC(2')-Ia	3	41.100000	38.500000	38.900000
RW_2	ARO:3002524	AAC(2')-Ib	11	60.463636	58.572727	81.600000
RW_2	ARO:3002525	AAC(2')-Ic	12	68.941667	62.858333	94.400000
RW_2	ARO:3002526	AAC(2')-Id	12	58.816667	53.108333	70.100000
RW_2	ARO:3002527	AAC(2')-Ie	7	70.728571	65.700000	86.700000
RW_2	ARO:3002528	AAC(3)-Ia	33	73.348485	68.003030	103.000000
RW_2	ARO:3002529	AAC(3)-Id	27	68.729630	65.051852	93.600000
RW_2	ARO:3002530	AAC(3)-Ib	717	92.070153	44.590934	80.900000
RW_2	ARO:3002531	AAC(3)-Ic	31	67.196774	60.761290	79.000000
RW_2	ARO:3002533	AAC(3)-IIa	187	81.393583	76.994652	109.000000
RW_2	ARO:3002534	AAC(3)-IIb	154	70.880519	68.770779	90.100000
RW_2	ARO:3002535	AAC(3)-IIc	177	82.497740	78.162147	107.000000
RW_2	ARO:3002536	AAC(3)-IIIa	46	50.789130	48.658696	68.900000
RW_2	ARO:3002537	AAC(3)-IIIb	69	56.127536	54.694203	86.700000
RW_2	ARO:3002538	AAC(3)-IIIc	54	59.185185	59.187037	90.900000
RW_2	ARO:3002539	AAC(3)-IVa	40	56.765000	50.675000	105.000000
RW_2	ARO:3002540	AAC(3)-VIa	49	50.532653	50.836735	77.400000
RW_2	ARO:3002541	AAC(3)-VIIa	48	53.333333	53.337500	77.400000
RW_2	ARO:3002542	AAC(3)-VIIIa	68	51.811765	49.714706	74.300000
RW_2	ARO:3002543	AAC(3)-IXa	48	49.747917	50.939583	78.200000
RW_2	ARO:3002544	AAC(3)-Xa	67	53.350746	50.058209	71.200000
RW_2	ARO:3002545	AAC(6')-Ia	43	65.865116	66.609302	110.000000
RW_2	ARO:3002546	AAC(6')-Ib	1171	95.892314	92.064987	110.000000
RW_2	ARO:3002547	AAC(6')-Ib-cr1	1162	94.584940	90.191222	110.000000
RW_2	ARO:3002549	AAC(6')-Ic	228	50.740351	49.173684	90.900000
RW_2	ARO:3002553	AAC(6')-If	258	52.787597	51.833333	72.800000
RW_2	ARO:3002554	AAC(6')-Ig	177	50.761017	51.266102	103.000000
RW_2	ARO:3002555	AAC(6')-Ih	199	48.803015	50.706030	90.900000
RW_2	ARO:3002556	AAC(6')-Ii	27	64.918519	61.085185	103.000000
RW_2	ARO:3002557	AAC(6')-Ij	229	49.948035	50.500000	83.600000
RW_2	ARO:3002558	AAC(6')-Ik	237	50.929536	51.008439	93.200000
RW_2	ARO:3002559	AAC(6')-Ip	36	66.436111	70.033333	110.000000
RW_2	ARO:3002560	AAC(6')-Iq	37	68.024324	70.108108	105.000000
RW_2	ARO:3002561	AAC(6')-Ir	244	50.771721	49.450000	93.600000
RW_2	ARO:3002562	AAC(6')-Is	244	49.312295	50.102459	91.700000
RW_2	ARO:3002563	AAC(6')-Isa	23	61.626087	62.134783	80.100000
RW_2	ARO:3002564	AAC(6')-It	240	49.145833	50.065000	89.000000
RW_2	ARO:3002565	AAC(6')-Iu	243	50.103704	50.400823	93.200000
RW_2	ARO:3002566	AAC(6')-Iv	235	47.994468	49.500426	89.700000
RW_2	ARO:3002567	AAC(6')-Iw	239	50.423431	51.419665	93.600000
RW_2	ARO:3002568	AAC(6')-Ix	245	48.469796	50.382449	94.700000
RW_2	ARO:3002569	AAC(6')-Iy	237	61.114768	54.017300	76.600000
RW_2	ARO:3002570	AAC(6')-Iz	198	46.548485	46.379798	65.500000
RW_2	ARO:3002571	AAC(6')-Iaa	237	61.114768	54.017300	76.600000
RW_2	ARO:3002572	AAC(6')-Iad	246	52.867480	52.799593	82.400000
RW_2	ARO:3002573	AAC(6')-Iae	30	63.990000	63.983333	92.000000
RW_2	ARO:3002574	AAC(6')-Iaf	36	68.661111	71.144444	110.000000
RW_2	ARO:3002575	AAC(6')-Iai	27	65.292593	67.840741	95.500000
RW_2	ARO:3002576	AAC(6')-Ib3	1172	95.963311	91.894369	110.000000
RW_2	ARO:3002577	AAC(6')-Ib4	1172	96.245563	92.223208	110.000000
RW_2	ARO:3002578	AAC(6')-Ib7	3134	96.005680	84.276165	110.000000
RW_2	ARO:3002579	AAC(6')-Ib8	1296	95.030478	89.845216	110.000000
RW_2	ARO:3002580	AAC(6')-Ib9	1224	96.459150	92.687663	110.000000
RW_2	ARO:3002581	AAC(6')-Ib10	1224	96.188889	92.372794	110.000000
RW_2	ARO:3002582	AAC(6')-Ib11	1169	94.632164	91.571001	110.000000
RW_2	ARO:3002583	AAC(6')-29a	19	71.363158	66.810526	97.100000
RW_2	ARO:3002584	AAC(6')-29b	17	71.088235	66.852941	97.100000
RW_2	ARO:3002585	AAC(6')-31	742	84.582345	87.112938	102.000000
RW_2	ARO:3002586	AAC(6')-32	351	79.639601	70.913105	104.000000
RW_2	ARO:3002587	AAC(6')-I33	37	70.421622	70.572973	111.000000
RW_2	ARO:3002588	AAC(6')-I30	43	66.518605	66.995349	112.000000
RW_2	ARO:3002589	AAC(6')-Iid	25	64.212000	61.832000	99.800000
RW_2	ARO:3002590	AAC(6')-Iih	33	63.257576	58.772727	85.500000
RW_2	ARO:3002591	AAC_6_IB_Su	1088	96.764430	91.656066	110.000000
RW_2	ARO:3002592	AAC6_IB_HZ	1077	96.767502	92.493036	110.000000
RW_2	ARO:3002593	AAC(6')-Ib-SK	20	61.255000	62.720000	81.300000
RW_2	ARO:3002594	AAC(6')-IIa	235	82.859149	75.865957	117.000000
RW_2	ARO:3002595	AAC(6')-IIb	48	60.535417	53.577083	93.200000
RW_2	ARO:3002596	AAC(6')-IIc	255	83.983529	85.820784	112.000000
RW_2	ARO:3002597	AAC6_Ie_APH2_Ia	535	97.128224	98.464673	115.000000
RW_2	ARO:3002598	ANT3II_ANT6II	4248	80.472128	80.137759	111.000000
RW_2	ARO:3002599	AAC6_30_AAC6_Ib	1238	95.178191	91.639095	110.000000
RW_2	ARO:3002600	AAC_3Ib_AAC_6Ib	1186	94.352867	91.061214	110.000000
RW_2	ARO:3002601	aadA	3402	82.051617	79.956790	112.000000
RW_2	ARO:3002602	aadA2	3304	81.697518	80.030630	110.000000
RW_2	ARO:3002603	aadA3	3341	81.791829	80.192368	110.000000
RW_2	ARO:3002604	aadA4	2557	70.630583	72.431443	110.000000
RW_2	ARO:3002605	aadA5	2597	71.561032	73.442010	115.000000
RW_2	ARO:3002606	aadA6	3131	74.659725	75.015299	112.000000
RW_2	ARO:3002607	aadA7	2977	70.958179	72.631676	107.000000
RW_2	ARO:3002608	aadA8	3349	82.249985	80.505255	110.000000
RW_2	ARO:3002609	aadA9	3662	67.800792	62.235937	110.000000
RW_2	ARO:3002611	aadA11	3159	73.860177	74.654479	111.000000
RW_2	ARO:3002612	aadA12	3341	81.479527	79.779348	110.000000
RW_2	ARO:3002613	aadA13	3273	77.687565	77.539933	110.000000
RW_2	ARO:3002614	aadA14	2184	60.636401	63.615385	87.400000
RW_2	ARO:3002615	aadA15	3342	81.636535	79.933333	110.000000
RW_2	ARO:3002616	aadA16	2796	75.216237	75.291023	110.000000
RW_2	ARO:3002617	aadA17	3367	81.391922	79.805287	110.000000
RW_2	ARO:3002618	aadA21	3355	81.890432	79.774754	110.000000
RW_2	ARO:3002619	aadA22	3394	81.672451	79.846170	112.000000
RW_2	ARO:3002620	aadA23	3373	82.123985	79.776371	112.000000
RW_2	ARO:3002621	aadA24	3377	82.056855	79.775304	112.000000
RW_2	ARO:3002622	aadA6/aadA10	3164	73.927781	74.483344	112.000000
RW_2	ARO:3002623	ANT(4')-Ia	1	45.500000	42.700000	42.700000
RW_2	ARO:3002624	ANT(4')-IIa	3	65.400000	70.633333	76.300000
RW_2	ARO:3002625	ANT(4')-IIb	3	65.633333	74.066667	78.600000
RW_2	ARO:3002626	ANT(6)-Ia	268	75.229478	77.280597	117.000000
RW_2	ARO:3002627	aadK	214	60.225701	65.170561	85.900000
RW_2	ARO:3002628	aad(6)	219	76.615982	78.970320	117.000000
RW_2	ARO:3002629	ANT(6)-Ib	216	68.055556	73.537500	113.000000
RW_2	ARO:3002630	ANT(9)-Ia	334	54.490120	53.859281	100.000000
RW_2	ARO:3002631	spd	45	48.935556	45.000000	57.000000
RW_2	ARO:3002634	APH(2'')-Ie	42	97.435714	93.171429	109.000000
RW_2	ARO:3002635	APH(2'')-IIa	45	49.562222	48.460000	85.500000
RW_2	ARO:3002636	APH(2'')-IIIa	6	46.716667	46.333333	57.000000
RW_2	ARO:3002637	APH(2'')-IVa	41	92.504878	89.175610	108.000000
RW_2	ARO:3002638	APH(3'')-Ia	222	60.130180	60.095495	80.100000
RW_2	ARO:3002639	APH(3'')-Ib	1881	97.448379	92.789102	112.000000
RW_2	ARO:3002640	APH(3'')-Ic	345	58.123188	53.934493	72.400000
RW_2	ARO:3002641	APH(3')-Ia	222	67.527477	66.944144	112.000000
RW_2	ARO:3002642	APH(3')-Ib	217	90.919816	86.774194	110.000000
RW_2	ARO:3002644	APH(3')-IIa	164	52.785366	49.240854	87.800000
RW_2	ARO:3002645	APH(3')-IIb	63	50.460317	48.138095	65.100000
RW_2	ARO:3002646	APH(3')-IIc	69	52.646377	49.476812	70.900000
RW_2	ARO:3002647	APH(3')-IIIa	205	84.220488	83.512195	110.000000
RW_2	ARO:3002648	APH(3')-IVa	81	50.656790	46.882716	63.900000
RW_2	ARO:3002649	APH(3')-Va	309	51.178317	49.886084	67.000000
RW_2	ARO:3002650	APH(3')-Vb	144	55.989583	51.694444	60.100000
RW_2	ARO:3002651	APH(3')-Vc	276	51.554348	51.571739	67.800000
RW_2	ARO:3002652	APH(3')-VIa	170	86.317059	81.885882	108.000000
RW_2	ARO:3002653	APH(3')-VIb	160	86.706875	81.581250	107.000000
RW_2	ARO:3002654	APH(3')-VIIa	53	56.875472	52.373585	71.200000
RW_2	ARO:3002655	APH(4)-Ia	20	58.440000	57.030000	112.000000
RW_2	ARO:3002657	APH(6)-Ia	26	56.638462	51.776923	75.900000
RW_2	ARO:3002658	APH(6)-Ib	27	55.622222	53.655556	75.500000
RW_2	ARO:3002659	APH(6)-Ic	213	55.978873	52.779812	87.800000
RW_2	ARO:3002660	APH(6)-Id	1288	98.385870	94.485171	113.000000
RW_2	ARO:3002661	APH(7'')-Ia	2	56.150000	63.950000	70.100000
RW_2	ARO:3002662	APH(9)-Ia	33	53.327273	58.663636	89.400000
RW_2	ARO:3002663	APH(9)-Ib	7	49.900000	44.485714	56.600000
RW_2	ARO:3002665	npmA	1	34.000000	42.400000	42.400000
RW_2	ARO:3002666	rmtF	6	53.716667	48.883333	59.700000
RW_2	ARO:3002667	rmtD	12	52.100000	49.158333	96.700000
RW_2	ARO:3002668	rmtG	5	48.080000	49.620000	68.200000
RW_2	ARO:3002669	APH(2'')-Ig	3	48.100000	52.233333	62.000000
RW_2	ARO:3002671	Lreu_cat-TC	410	49.648293	53.726098	105.000000
RW_2	ARO:3002672	Bpum_cat86	349	49.085960	54.500860	78.200000
RW_2	ARO:3002674	Cbut_catB	752	61.694681	67.520479	101.000000
RW_2	ARO:3002675	catB2	3630	61.092066	61.266639	111.000000
RW_2	ARO:3002676	catB3	3997	62.357443	61.449487	113.000000
RW_2	ARO:3002678	Paer_catB6	4812	56.855195	58.552120	112.000000
RW_2	ARO:3002679	Paer_catB7	2307	59.905808	62.315518	108.000000
RW_2	ARO:3002680	catB8	4855	59.312379	59.012441	113.000000
RW_2	ARO:3002681	catB9	2814	59.907925	60.433298	102.000000
RW_2	ARO:3002683	catA1	447	54.997092	59.591051	114.000000
RW_2	ARO:3002684	catII	461	50.408460	53.228416	108.000000
RW_2	ARO:3002685	catIII	422	53.496682	53.974882	80.500000
RW_2	ARO:3002686	catP	608	58.738322	62.529934	107.000000
RW_2	ARO:3002687	catQ	843	73.095018	75.169988	118.000000
RW_2	ARO:3002688	catS	293	58.839590	58.335836	100.000000
RW_2	ARO:3002689	pp_cat	449	55.114031	59.529621	114.000000
RW_2	ARO:3002690	Sliv_cmlR	1756	48.197210	46.555467	80.900000
RW_2	ARO:3002691	Sent_cmlA	4837	63.599256	59.565020	110.000000
RW_2	ARO:3002693	cmlA1	5318	63.185427	60.153234	110.000000
RW_2	ARO:3002694	cmlA4	5146	63.181617	59.818947	107.000000
RW_2	ARO:3002695	cmlA5	5326	63.276361	60.277788	110.000000
RW_2	ARO:3002696	cmlA6	5326	63.170034	60.176155	110.000000
RW_2	ARO:3002698	cmlB	5191	60.629262	58.263706	108.000000
RW_2	ARO:3002699	cmlB1	3775	63.943815	61.168477	101.000000
RW_2	ARO:3002700	cmlv	3266	49.874434	47.940753	75.100000
RW_2	ARO:3002701	Rfas_cmr	2360	47.673347	46.760593	67.000000
RW_2	ARO:3002702	cmrA	2175	49.055862	48.148598	69.300000
RW_2	ARO:3002703	cmx	2263	49.907291	46.933893	101.000000
RW_2	ARO:3002704	fexA	232	46.104310	43.552155	104.000000
RW_2	ARO:3002705	floR	5047	53.336358	52.082088	107.000000
RW_2	ARO:3002707	QnrA1	216	64.375000	58.370833	74.700000
RW_2	ARO:3002708	QnrA2	176	65.241477	52.014773	63.900000
RW_2	ARO:3002709	QnrA3	209	65.088038	50.855024	63.500000
RW_2	ARO:3002710	QnrA4	209	65.088038	50.855024	63.500000
RW_2	ARO:3002711	QnrA5	209	65.088038	50.855024	63.500000
RW_2	ARO:3002712	QnrA6	130	63.423846	51.080769	63.500000
RW_2	ARO:3002713	QnrA7	169	64.891716	50.530769	63.500000
RW_2	ARO:3002714	QnrB1	35	78.034286	74.140000	106.000000
RW_2	ARO:3002715	QnrB2	55	72.738182	56.667273	110.000000
RW_2	ARO:3002716	QnrB3	10	77.570000	62.650000	94.000000
RW_2	ARO:3002718	QnrB4	130	78.344615	65.894615	108.000000
RW_2	ARO:3002719	QnrB5	53	87.652830	75.975472	107.000000
RW_2	ARO:3002720	QnrB6	24	72.675000	69.508333	106.000000
RW_2	ARO:3002721	QnrB7	71	66.600000	71.133803	110.000000
RW_2	ARO:3002722	QnrB8	59	76.213559	75.318644	107.000000
RW_2	ARO:3002723	QnrB9	43	65.037209	70.197674	110.000000
RW_2	ARO:3002724	QnrB10	66	90.337879	80.465152	107.000000
RW_2	ARO:3002725	QnrB11	54	95.355556	72.135185	108.000000
RW_2	ARO:3002726	QnrB12	37	97.289189	79.764865	108.000000
RW_2	ARO:3002727	QnrB13	49	77.918367	55.661224	106.000000
RW_2	ARO:3002728	QnrB14	32	81.784375	79.515625	106.000000
RW_2	ARO:3002730	QnrB15	70	72.231429	75.620000	108.000000
RW_2	ARO:3002731	QnrB16	10	81.570000	82.920000	106.000000
RW_2	ARO:3002732	QnrB17	12	79.975000	67.000000	94.000000
RW_2	ARO:3002733	QnrB18	52	73.761538	73.473077	110.000000
RW_2	ARO:3002734	QnrB19	175	77.998857	67.815429	110.000000
RW_2	ARO:3002735	QnrB20	37	87.745946	55.670270	106.000000
RW_2	ARO:3002736	QnrB21	71	77.711268	74.401408	107.000000
RW_2	ARO:3002737	QnrB22	135	80.210370	68.922963	108.000000
RW_2	ARO:3002738	QnrB23	46	78.256522	77.128261	107.000000
RW_2	ARO:3002739	QnrB24	11	78.681818	65.600000	95.100000
RW_2	ARO:3002740	QnrB25	61	74.554098	73.877049	107.000000
RW_2	ARO:3002741	QnrB26	35	81.408571	80.582857	106.000000
RW_2	ARO:3002742	QnrB27	125	66.624000	60.682400	108.000000
RW_2	ARO:3002743	QnrB28	153	68.975817	63.592157	108.000000
RW_2	ARO:3002744	QnrB29	8	86.137500	73.312500	95.100000
RW_2	ARO:3002745	QnrB30	8	86.087500	72.450000	95.100000
RW_2	ARO:3002746	QnrB31	59	83.842373	65.759322	107.000000
RW_2	ARO:3002747	QnrB32	63	60.963492	64.790476	106.000000
RW_2	ARO:3002748	QnrB33	153	70.028758	64.228105	108.000000
RW_2	ARO:3002749	QnrB34	32	97.434375	75.506250	108.000000
RW_2	ARO:3002750	QnrB35	32	61.815625	71.546875	107.000000
RW_2	ARO:3002751	QnrB36	234	71.497009	65.610684	110.000000
RW_2	ARO:3002752	QnrB37	94	87.388298	73.469149	108.000000
RW_2	ARO:3002753	QnrB38	56	73.144643	72.019643	107.000000
RW_2	ARO:3002754	QnrB39	44	89.845455	72.368182	108.000000
RW_2	ARO:3002755	QnrB40	38	92.886842	83.173684	110.000000
RW_2	ARO:3002756	QnrB41	9	84.933333	73.422222	92.800000
RW_2	ARO:3002757	QnrB42	69	69.144928	76.071014	107.000000
RW_2	ARO:3002758	QnrB43	44	65.195455	67.525000	110.000000
RW_2	ARO:3002759	QnrB44	43	65.881395	67.804651	110.000000
RW_2	ARO:3002760	QnrB45	48	67.422917	64.941667	110.000000
RW_2	ARO:3002761	QnrB46	74	70.978378	60.098649	106.000000
RW_2	ARO:3002762	QnrB47	242	71.206198	65.870248	110.000000
RW_2	ARO:3002763	QnrB48	58	67.503448	73.124138	110.000000
RW_2	ARO:3002764	QnrB49	65	87.503077	62.415385	107.000000
RW_2	ARO:3002765	QnrB50	76	82.740789	73.101316	110.000000
RW_2	ARO:3002767	QnrB54	227	66.456388	63.978414	110.000000
RW_2	ARO:3002768	QnrB55	90	86.471111	65.518889	108.000000
RW_2	ARO:3002769	QnrB56	76	90.828947	75.396053	107.000000
RW_2	ARO:3002770	QnrB57	15	81.453333	76.073333	106.000000
RW_2	ARO:3002771	QnrB58	63	72.271429	73.392063	110.000000
RW_2	ARO:3002772	QnrB59	31	90.500000	81.177419	107.000000
RW_2	ARO:3002773	QnrB60	34	64.120588	71.132353	107.000000
RW_2	ARO:3002774	QnrB61	202	70.975743	65.383663	110.000000
RW_2	ARO:3002775	QnrB62	55	88.332727	81.950909	107.000000
RW_2	ARO:3002776	QnrB64	70	71.311429	60.437143	110.000000
RW_2	ARO:3002777	QnrB65	250	70.110800	63.228000	110.000000
RW_2	ARO:3002778	QnrB66	75	69.066667	70.380000	110.000000
RW_2	ARO:3002779	QnrB67	65	88.167692	77.686154	110.000000
RW_2	ARO:3002780	QnrB68	58	89.732759	79.937931	110.000000
RW_2	ARO:3002781	QnrB69	94	87.388298	73.469149	108.000000
RW_2	ARO:3002782	QnrB70	119	84.365546	74.029412	110.000000
RW_2	ARO:3002783	QnrB71	189	71.517989	65.432804	110.000000
RW_2	ARO:3002784	QnrB72	25	70.608000	69.188000	101.000000
RW_2	ARO:3002785	QnrB73	133	68.940602	63.838346	108.000000
RW_2	ARO:3002786	QnrB74	4	96.000000	64.375000	89.700000
RW_2	ARO:3002787	QnrC	157	80.021656	56.729299	73.600000
RW_2	ARO:3002788	QnrD1	168	65.032738	67.245833	114.000000
RW_2	ARO:3002789	QnrD2	171	64.734503	66.977778	114.000000
RW_2	ARO:3002790	QnrS1	509	80.802358	64.371513	105.000000
RW_2	ARO:3002791	QnrS2	591	81.185279	76.041117	110.000000
RW_2	ARO:3002792	QnrS3	446	80.506054	63.111883	105.000000
RW_2	ARO:3002793	QnrS4	519	79.780539	63.624663	105.000000
RW_2	ARO:3002794	QnrS5	630	79.322698	77.212381	110.000000
RW_2	ARO:3002795	QnrS6	591	80.534349	75.687986	109.000000
RW_2	ARO:3002796	QnrS7	433	82.631871	60.228176	105.000000
RW_2	ARO:3002797	QnrS8	542	78.915129	65.341513	106.000000
RW_2	ARO:3002798	QnrS9	645	79.642636	79.395039	109.000000
RW_2	ARO:3002799	QnrVC1	444	79.198649	63.796622	101.000000
RW_2	ARO:3002800	QnrVC3	445	79.092809	64.267191	102.000000
RW_2	ARO:3002801	QnrVC4	401	81.170075	60.585786	112.000000
RW_2	ARO:3002802	QnrVC5	411	80.677616	60.724088	112.000000
RW_2	ARO:3002803	QnrVC6	452	79.805752	66.638717	104.000000
RW_2	ARO:3002804	FosA2	247	65.510526	65.298381	110.000000
RW_2	ARO:3002812	pp-flo	5010	52.799162	51.054431	107.000000
RW_2	ARO:3002813	lmrB	1118	46.498479	46.747138	80.500000
RW_2	ARO:3002814	clbA	1179	44.447922	44.068109	86.700000
RW_2	ARO:3002815	clbB	3470	43.811210	43.999280	87.000000
RW_2	ARO:3002816	clbC	3816	45.440383	42.796593	81.600000
RW_2	ARO:3002817	carA	14870	51.675071	49.674533	79.000000
RW_2	ARO:3002819	msrC	27291	47.082309	45.520769	100.000000
RW_2	ARO:3002823	ErmH	220	43.669545	42.299545	70.100000
RW_2	ARO:3002824	ErmV	23	50.217391	46.273913	71.600000
RW_2	ARO:3002825	ErmY	671	63.273472	62.327720	94.000000
RW_2	ARO:3002826	EreA2	727	80.552820	78.240853	105.000000
RW_2	ARO:3002827	tlrC	4574	50.566069	47.008352	69.700000
RW_2	ARO:3002828	srmB	14221	50.065305	48.462816	78.600000
RW_2	ARO:3002829	vgaA	33959	46.936753	47.393242	103.000000
RW_2	ARO:3002830	vgaALC	33959	46.936391	47.393095	103.000000
RW_2	ARO:3002831	vgaC	30763	49.282167	48.954289	73.200000
RW_2	ARO:3002832	vgaD	31681	45.033828	47.134923	77.000000
RW_2	ARO:3002833	vgaE	37677	49.119771	48.322170	79.000000
RW_2	ARO:3002835	lnuA	60	61.456667	68.363333	110.000000
RW_2	ARO:3002836	lnuB	223	69.236771	69.138117	107.000000
RW_2	ARO:3002837	lnuC	206	64.982524	65.673301	112.000000
RW_2	ARO:3002838	lnuD	286	67.526923	69.122727	99.800000
RW_2	ARO:3002839	lnuF	152	60.813158	66.930263	112.000000
RW_2	ARO:3002840	vatA	937	56.518677	48.225614	80.900000
RW_2	ARO:3002841	vatB	3869	55.208917	56.244378	103.000000
RW_2	ARO:3002842	vatC	3314	54.986844	52.809203	90.900000
RW_2	ARO:3002843	vatD	1871	54.124372	52.967825	85.100000
RW_2	ARO:3002844	vatE	4321	55.299329	51.374080	92.400000
RW_2	ARO:3002845	vatH	3444	58.046951	53.839286	93.600000
RW_2	ARO:3002846	arr-1	559	64.150626	69.437030	95.500000
RW_2	ARO:3002847	arr-2	831	81.527316	79.589410	116.000000
RW_2	ARO:3002848	arr-3	831	81.177617	79.410590	116.000000
RW_2	ARO:3002849	arr-4	694	70.250865	75.158501	104.000000
RW_2	ARO:3002850	arr-5	785	66.660510	71.627898	100.000000
RW_2	ARO:3002852	arr-7	687	69.116012	72.297525	100.000000
RW_2	ARO:3002853	arr-8	692	68.371532	75.708092	108.000000
RW_2	ARO:3002854	dfrA1	1103	66.948232	65.030009	109.000000
RW_2	ARO:3002856	dfrA24	661	50.106808	50.149773	60.800000
RW_2	ARO:3002857	dfrA26	4789	53.164105	53.367112	83.600000
RW_2	ARO:3002858	dfrA12	3226	51.879541	53.342219	107.000000
RW_2	ARO:3002859	dfrA14	1128	64.070745	62.545922	110.000000
RW_2	ARO:3002860	dfrA17	785	64.265605	64.085860	106.000000
RW_2	ARO:3002861	dfrA5	1238	61.942326	60.001212	111.000000
RW_2	ARO:3002862	dfrA7	708	67.939407	66.642655	105.000000
RW_2	ARO:3002863	dfrA8	3233	55.075626	47.416239	67.000000
RW_2	ARO:3002864	dfrB1	82	80.018293	73.371951	107.000000
RW_2	ARO:3002865	dfrC	4604	53.369961	54.486859	81.300000
RW_2	ARO:3002866	dfrD	1923	44.147842	48.076235	110.000000
RW_2	ARO:3002867	dfrF	1553	48.619639	51.391436	105.000000
RW_2	ARO:3002868	dfrG	2688	46.850372	50.399777	111.000000
RW_2	ARO:3002869	dfrK	3167	45.697979	49.258415	104.000000
RW_2	ARO:3002871	tet(37)	962	76.415696	67.875676	101.000000
RW_2	ARO:3002872	FosA3	251	66.771315	65.543825	103.000000
RW_2	ARO:3002873	FosB3	29	53.337931	42.365517	89.000000
RW_2	ARO:3002874	FosC2	252	63.595238	60.088095	89.700000
RW_2	ARO:3002875	dfrE	1151	50.220330	49.362902	85.100000
RW_2	ARO:3002877	BcI	178	53.497191	57.435393	87.400000
RW_2	ARO:3002878	BcII	33	49.024242	52.078788	71.200000
RW_2	ARO:3002879	linG	152	61.209211	66.957895	114.000000
RW_2	ARO:3002881	lmrC	15239	47.329346	44.046381	78.600000
RW_2	ARO:3002882	lmrD	52743	47.526718	48.758173	105.000000
RW_2	ARO:3002883	rgt1438	39	62.238462	50.884615	81.600000
RW_2	ARO:3002884	iri	1241	57.605318	55.103223	97.800000
RW_2	ARO:3002891	otr(A)S.rim	15202	54.101881	49.301506	78.600000
RW_2	ARO:3002892	otr(B)	1801	44.898667	46.405108	76.300000
RW_2	ARO:3002893	tcr3	1230	49.091138	48.145203	80.100000
RW_2	ARO:3002894	otr(C)	9233	47.502643	49.369696	86.300000
RW_2	ARO:3002895	SAT-2	26	70.484615	68.773077	106.000000
RW_2	ARO:3002897	SAT-4	39	72.507692	73.474359	110.000000
RW_2	ARO:3002898	SAT-3	13	51.261538	51.507692	70.500000
RW_2	ARO:3002907	vanE	2466	47.516991	48.227818	78.600000
RW_2	ARO:3002908	vanF	1912	51.345816	48.464854	97.400000
RW_2	ARO:3002909	vanG	3792	51.576028	46.830011	92.000000
RW_2	ARO:3002910	vanL	2593	51.924296	49.850019	75.900000
RW_2	ARO:3002911	vanM	2050	50.472732	49.644244	97.800000
RW_2	ARO:3002912	vanN	1952	51.373975	48.479713	79.700000
RW_2	ARO:3002913	vanO	5124	52.785656	49.018208	91.300000
RW_2	ARO:3002914	vanJ	18	48.777778	46.594444	71.200000
RW_2	ARO:3002919	vanR_in_vanA_cl	25950	53.329453	50.608778	107.000000
RW_2	ARO:3002921	vanR_in_vanB_cl	14407	43.109183	42.788929	69.300000
RW_2	ARO:3002922	vanR_in_vanC_cl	37715	51.705409	49.697253	89.700000
RW_2	ARO:3002923	vanR_in_vanD_cl	27784	49.827782	46.582216	94.000000
RW_2	ARO:3002924	vanR_in_vanE_cl	36199	51.527462	49.662278	84.000000
RW_2	ARO:3002925	vanR_in_vanF_cl	45690	46.248691	46.013379	76.600000
RW_2	ARO:3002926	vanR_in_vanG_cl	32030	51.268417	50.244221	105.000000
RW_2	ARO:3002927	vanR_in_vanL_cl	37232	51.484734	49.581489	91.700000
RW_2	ARO:3002928	vanR_in_vanM_cl	49395	46.560415	45.594516	77.000000
RW_2	ARO:3002929	vanR_in_vanN_cl	34887	51.939596	49.359142	86.300000
RW_2	ARO:3002930	vanR_in_vanO_cl	32018	51.390630	47.369011	99.400000
RW_2	ARO:3002931	vanS_in_vanA_cl	2478	51.247215	48.910371	100.000000
RW_2	ARO:3002932	vanS_in_vanB_cl	674	46.981454	42.056083	60.500000
RW_2	ARO:3002933	vanS_in_vanC_cl	1761	46.750823	44.757638	85.500000
RW_2	ARO:3002934	vanS_in_vanD_cl	799	46.358824	44.334919	87.400000
RW_2	ARO:3002935	vanS_in_vanE_cl	1142	47.021366	43.943433	60.100000
RW_2	ARO:3002936	vanS_in_vanF_cl	1950	43.530256	41.641231	80.900000
RW_2	ARO:3002937	vanS_in_vanG_cl	2555	49.995616	46.910215	88.200000
RW_2	ARO:3002938	vanS_in_vanL_cl	4842	47.270157	44.631206	85.100000
RW_2	ARO:3002939	vanS_in_vanM_cl	2203	43.605039	41.952156	78.200000
RW_2	ARO:3002940	vanS_in_vanN_cl	1253	50.079010	48.279649	84.700000
RW_2	ARO:3002941	vanS_in_vanO_cl	100	64.577000	59.335000	89.400000
RW_2	ARO:3002942	vanH_in_vanA_cl	2214	45.516079	45.754923	69.300000
RW_2	ARO:3002943	vanH_in_vanB_cl	3390	47.667552	45.412065	69.700000
RW_2	ARO:3002944	vanH_in_vanD_cl	5011	49.978567	46.778986	67.400000
RW_2	ARO:3002945	vanH_in_vanF_cl	3912	49.748875	46.642791	73.600000
RW_2	ARO:3002947	vanH_in_vanM_cl	3460	48.391185	47.502601	73.200000
RW_2	ARO:3002948	vanH_in_vanO_cl	3270	47.820489	46.829358	78.600000
RW_2	ARO:3002949	vanX_in_vanA_cl	167	52.534132	51.194012	87.400000
RW_2	ARO:3002950	vanX_in_vanB_cl	89	51.339326	50.417978	92.000000
RW_2	ARO:3002952	vanX_in_vanF_cl	147	52.813605	50.962585	98.600000
RW_2	ARO:3002953	vanX_in_vanM_cl	124	48.930645	49.161290	90.100000
RW_2	ARO:3002954	vanX_in_vanO_cl	112	55.626786	54.394643	93.600000
RW_2	ARO:3002955	vanY_in_vanA_cl	297	54.230303	56.729966	102.000000
RW_2	ARO:3002956	vanY_in_vanB_cl	328	56.215854	56.173476	87.000000
RW_2	ARO:3002958	vanY_in_vanF_cl	218	54.950917	56.382110	76.600000
RW_2	ARO:3002959	vanY_in_vanG_cl	124	57.470968	54.000000	99.400000
RW_2	ARO:3002961	vanY_in_vanM_cl	247	55.485425	57.001215	79.300000
RW_2	ARO:3002962	vanZ_in_vanA_cl	74	49.052703	46.628378	99.800000
RW_2	ARO:3002963	vanZ_in_vanF_cl	83	48.072289	43.733735	68.900000
RW_2	ARO:3002964	vanW_in_vanB_cl	113	49.063717	51.639823	87.800000
RW_2	ARO:3002965	vanW_in_vanG_cl	96	49.679167	52.803125	105.000000
RW_2	ARO:3002966	vanXY_in_vanC	284	56.582042	53.522887	86.300000
RW_2	ARO:3002967	vanXY_in_vanE	158	53.626582	50.497468	75.500000
RW_2	ARO:3002968	vanXY_in_vanL	123	57.265854	55.534959	72.000000
RW_2	ARO:3002969	vanXY_in_vanN	193	57.735233	54.825907	75.100000
RW_2	ARO:3002970	vanT_in_vanC_cl	1088	45.492188	44.151654	63.500000
RW_2	ARO:3002971	vanT_in_vanE_cl	619	46.423586	44.447658	62.000000
RW_2	ARO:3002972	vanT_in_vanG_cl	3421	46.652762	46.064367	106.000000
RW_2	ARO:3002973	vanTm_in_vanL	18	51.250000	48.166667	65.100000
RW_2	ARO:3002974	vanTr_in_vanL	1212	47.416584	42.660726	56.600000
RW_2	ARO:3002975	vanT_in_vanN_cl	939	45.877210	42.114909	62.800000
RW_2	ARO:3002982	amrA	4876	52.831440	49.727010	77.000000
RW_2	ARO:3002983	amrB	95583	58.394764	54.150325	87.800000
RW_2	ARO:3002985	arnA	5978	61.124640	63.887588	108.000000
RW_2	ARO:3002986	bacA	13217	60.873269	55.027101	111.000000
RW_2	ARO:3002987	bcrA	31242	51.299187	47.296140	81.300000
RW_2	ARO:3002988	bcrB	10	45.510000	45.130000	48.100000
RW_2	ARO:3002993	AQU-1	781	76.379898	79.652241	107.000000
RW_2	ARO:3002995	ROB-1	126	51.659524	50.823810	71.200000
RW_2	ARO:3002997	LCR-1	2238	58.235880	62.386193	112.000000
RW_2	ARO:3002999	CblA-1	437	47.227460	50.297712	107.000000
RW_2	ARO:3003001	CfxA	2470	89.568543	87.495547	108.000000
RW_2	ARO:3003002	CfxA2	2478	89.828289	87.592131	108.000000
RW_2	ARO:3003003	CfxA3	2471	90.042574	87.875759	108.000000
RW_2	ARO:3003005	CfxA4	2476	89.833118	87.691801	108.000000
RW_2	ARO:3003006	blt	126	48.401587	47.602381	89.000000
RW_2	ARO:3003007	bmr	100	50.902000	50.104000	89.000000
RW_2	ARO:3003009	ceoA	2001	51.240680	48.447426	87.400000
RW_2	ARO:3003010	ceoB	105811	54.539000	51.663853	100.000000
RW_2	ARO:3003011	dfrA10	18	48.905556	44.172222	80.900000
RW_2	ARO:3003012	dfrA13	2764	50.171165	51.258249	103.000000
RW_2	ARO:3003013	dfrA15	1105	66.474118	64.559729	108.000000
RW_2	ARO:3003014	dfrA16	992	64.839819	62.968548	108.000000
RW_2	ARO:3003015	dfrA19	16	71.068750	64.743750	103.000000
RW_2	ARO:3003016	dfrA20	3720	52.335511	57.335161	80.900000
RW_2	ARO:3003017	dfrA21	3141	49.111143	50.692486	103.000000
RW_2	ARO:3003018	dfrA22	3435	50.642795	51.698020	101.000000
RW_2	ARO:3003019	dfrA23	7	71.700000	74.185714	108.000000
RW_2	ARO:3003020	dfrA25	1361	59.637546	56.659221	108.000000
RW_2	ARO:3003021	dfrB2	80	82.690000	74.247500	106.000000
RW_2	ARO:3003022	dfrB3	79	82.817722	74.149367	106.000000
RW_2	ARO:3003023	dfrB6	80	82.327500	73.632500	105.000000
RW_2	ARO:3003026	fusH	3	53.066667	48.266667	51.200000
RW_2	ARO:3003030	MexV	2043	54.399315	53.170338	88.600000
RW_2	ARO:3003031	MexW	68788	53.731178	49.915639	99.000000
RW_2	ARO:3003033	mexY	101906	57.646751	54.069304	90.500000
RW_2	ARO:3003034	mexX	4538	56.125826	51.001234	94.000000
RW_2	ARO:3003035	mfpA	2	62.700000	61.600000	64.700000
RW_2	ARO:3003036	oleB	18367	48.126444	48.390483	76.300000
RW_2	ARO:3003037	opcM	3608	58.462029	45.806901	82.000000
RW_2	ARO:3003039	OprA	15909	57.283330	51.235169	83.600000
RW_2	ARO:3003046	qacA	642	45.112461	46.020717	76.300000
RW_2	ARO:3003047	qacB	644	45.076242	45.998913	77.800000
RW_2	ARO:3003048	rosA	8291	65.056302	63.240188	101.000000
RW_2	ARO:3003049	rosB	15719	65.433482	60.098041	99.400000
RW_2	ARO:3003051	smeA	11238	52.054449	49.791902	97.100000
RW_2	ARO:3003052	smeB	109961	57.058814	54.003019	100.000000
RW_2	ARO:3003053	smeC	14074	54.662612	49.816065	87.800000
RW_2	ARO:3003055	smeD	11336	55.166355	52.399453	88.600000
RW_2	ARO:3003056	smeE	127897	58.493253	56.118878	97.400000
RW_2	ARO:3003057	smeF	18232	57.185619	52.302677	90.500000
RW_2	ARO:3003059	tmrB	6	46.416667	46.083333	53.900000
RW_2	ARO:3003060	tsnR	23	50.639130	42.443478	77.800000
RW_2	ARO:3003061	vph	173	47.104624	42.263584	48.100000
RW_2	ARO:3003063	ykkC	1273	46.705813	42.122938	66.600000
RW_2	ARO:3003064	ykkD	2349	53.162069	46.239166	68.600000
RW_2	ARO:3003066	smeR	52749	53.164297	51.342253	93.200000
RW_2	ARO:3003067	smeS	3935	49.176036	44.996112	95.500000
RW_2	ARO:3003069	vanXY_in_vanG	113	58.701770	57.552212	92.000000
RW_2	ARO:3003070	vanX_in_vanD_cl	60	49.450000	49.736667	82.800000
RW_2	ARO:3003071	mphF	2507	51.473394	55.193458	112.000000
RW_2	ARO:3003072	mphL	194	43.925773	53.554639	66.600000
RW_2	ARO:3003093	cphA3	337	88.740059	81.797329	112.000000
RW_2	ARO:3003094	imiH	346	88.165896	80.625723	112.000000
RW_2	ARO:3003095	imiS	349	86.674212	79.875931	108.000000
RW_2	ARO:3003096	CfxA5	2472	89.885396	87.610922	108.000000
RW_2	ARO:3003097	CfxA6	2546	94.190848	90.351414	107.000000
RW_2	ARO:3003099	cphA2	346	87.975145	80.585549	112.000000
RW_2	ARO:3003100	cphA4	338	87.806213	80.903846	112.000000
RW_2	ARO:3003101	cphA5	344	85.918895	79.132558	109.000000
RW_2	ARO:3003102	cphA6	337	87.919288	81.334421	112.000000
RW_2	ARO:3003103	cphA7	349	87.855301	80.261605	110.000000
RW_2	ARO:3003104	cphA8	334	88.498503	81.389521	110.000000
RW_2	ARO:3003105	dfrA3	8336	56.279882	56.915511	109.000000
RW_2	ARO:3003106	Erm(42)	249	48.124096	46.142972	66.200000
RW_2	ARO:3003107	mef(B)	1616	54.398577	53.507488	111.000000
RW_2	ARO:3003109	msrE	53409	76.711243	73.337394	110.000000
RW_2	ARO:3003110	catB10	3632	60.593998	60.792483	111.000000
RW_2	ARO:3003111	lsaB	4552	44.699033	44.251472	94.700000
RW_2	ARO:3003112	lsaC	3880	46.990593	44.531418	95.100000
RW_2	ARO:3003115	OXA-427	866	85.409931	88.030485	113.000000
RW_2	ARO:3003116	OXA-420	1031	97.299418	94.715907	109.000000
RW_2	ARO:3003117	OXA-421	48	66.531250	70.995833	82.000000
RW_2	ARO:3003120	OXA-429	31	73.477419	75.761290	80.900000
RW_2	ARO:3003121	OXA-430	1	98.000000	100.000000	100.000000
RW_2	ARO:3003124	OXA-431	1	39.600000	37.700000	37.700000
RW_2	ARO:3003125	OXA-432	4	86.400000	97.425000	100.000000
RW_2	ARO:3003126	OXA-433	2	88.800000	95.850000	100.000000
RW_2	ARO:3003128	OXA-436	338	51.583136	52.360355	109.000000
RW_2	ARO:3003129	CMY-121	416	86.287500	88.019471	113.000000
RW_2	ARO:3003130	CMY-122	36	59.052778	62.475000	105.000000
RW_2	ARO:3003132	CMY-124	16	67.518750	76.187500	105.000000
RW_2	ARO:3003133	CMY-125	15	64.206667	73.233333	88.600000
RW_2	ARO:3003135	CMY-127	29	64.993103	65.365517	107.000000
RW_2	ARO:3003136	CMY-128	93	55.388172	64.129032	107.000000
RW_2	ARO:3003137	CMY-129	31	67.809677	71.890323	107.000000
RW_2	ARO:3003139	MIR-18	61	74.998361	79.101639	111.000000
RW_2	ARO:3003140	MOX-10	1008	83.827877	85.194048	110.000000
RW_2	ARO:3003141	MOX-11	1089	82.822865	83.553627	110.000000
RW_2	ARO:3003142	IMI-8	57	54.261404	51.875439	77.000000
RW_2	ARO:3003143	IMI-9	26	46.596154	43.188462	56.600000
RW_2	ARO:3003145	KPC-21	3	53.400000	48.766667	53.900000
RW_2	ARO:3003146	VEB-10	1789	92.070319	90.421017	112.000000
RW_2	ARO:3003147	OXA-424	4	94.350000	88.200000	96.300000
RW_2	ARO:3003149	OXA-426	26	71.773077	76.742308	85.100000
RW_2	ARO:3003150	CARB-20	234	58.746154	60.137607	74.700000
RW_2	ARO:3003151	CARB-22	267	59.129963	60.905618	76.300000
RW_2	ARO:3003152	SHV-185	11	71.254545	64.045455	101.000000
RW_2	ARO:3003153	SHV-186	1	58.300000	59.300000	59.300000
RW_2	ARO:3003154	SHV-187	1	100.000000	53.100000	53.100000
RW_2	ARO:3003155	SHV-188	2	79.350000	56.000000	58.900000
RW_2	ARO:3003158	TEM-220	13	56.861538	58.315385	66.200000
RW_2	ARO:3003160	OXA-422	188	66.020213	70.909043	109.000000
RW_2	ARO:3003161	OXA-423	64	54.648437	58.904688	109.000000
RW_2	ARO:3003162	OXA-435	71	61.423944	64.445070	104.000000
RW_2	ARO:3003163	CTX-M-155	111	92.376577	84.700901	107.000000
RW_2	ARO:3003164	CTX-M-156	51	90.698039	90.580392	106.000000
RW_2	ARO:3003165	CTX-M-157	103	98.726214	86.315534	107.000000
RW_2	ARO:3003166	CTX-M-158	82	91.032927	84.228049	107.000000
RW_2	ARO:3003167	CTX-M-159	86	64.129070	62.290698	99.400000
RW_2	ARO:3003168	CTX-M-160	30	58.196667	60.343333	99.000000
RW_2	ARO:3003169	CTX-M-161	6	68.233333	69.983333	92.400000
RW_2	ARO:3003170	CMY-131	6	57.150000	61.116667	79.700000
RW_2	ARO:3003171	ACT-36	79	62.516456	59.621519	108.000000
RW_2	ARO:3003172	ACT-37	90	54.843333	52.285556	110.000000
RW_2	ARO:3003173	MIR-17	70	76.570000	81.267143	111.000000
RW_2	ARO:3003174	CARB-18	256	58.517578	60.388672	74.700000
RW_2	ARO:3003175	CARB-19	292	58.443151	60.100685	74.700000
RW_2	ARO:3003176	CARB-21	16	52.775000	58.837500	69.300000
RW_2	ARO:3003177	IMI-7	54	48.000000	46.001852	75.100000
RW_2	ARO:3003178	VIM-42	23	49.373913	55.643478	68.600000
RW_2	ARO:3003179	VIM-43	30	46.193333	49.003333	67.800000
RW_2	ARO:3003180	KPC-22	48	59.656250	61.370833	109.000000
RW_2	ARO:3003181	GES-26	566	98.529505	94.937456	113.000000
RW_2	ARO:3003182	NDM-13	65	95.138462	85.764615	113.000000
RW_2	ARO:3003183	NDM-14	78	96.608974	90.434615	113.000000
RW_2	ARO:3003184	PER-8	291	77.932302	74.675945	105.000000
RW_2	ARO:3003185	GES-25	451	95.062971	97.419956	113.000000
RW_2	ARO:3003186	CARB-23	3	56.666667	60.566667	66.200000
RW_2	ARO:3003187	QnrB75	8	82.550000	81.500000	110.000000
RW_2	ARO:3003188	QnrB76	12	87.941667	80.716667	106.000000
RW_2	ARO:3003189	QnrB77	4	69.100000	55.725000	87.800000
RW_2	ARO:3003190	QnrB78	55	69.605455	60.605455	110.000000
RW_2	ARO:3003192	QnrB80	34	88.152941	68.823529	104.000000
RW_2	ARO:3003193	QnrVC7	381	81.144357	60.661680	111.000000
RW_2	ARO:3003194	GIM-2	34	46.247059	49.338235	73.600000
RW_2	ARO:3003196	tet(45)	77	55.229870	54.841558	92.000000
RW_2	ARO:3003197	aadA25	3338	82.006681	80.100659	110.000000
RW_2	ARO:3003199	AAC(6')-Iak	198	50.181818	47.779798	67.800000
RW_2	ARO:3003200	AAC(6')-Ian	85	49.550588	50.300000	99.800000
RW_2	ARO:3003202	TLA-1	594	53.661785	57.790067	102.000000
RW_2	ARO:3003203	TLA-2	360	56.165000	58.334444	103.000000
RW_2	ARO:3003204	TLA-3	548	54.105292	58.044343	104.000000
RW_2	ARO:3003205	Erm(43)	701	56.615121	56.751213	77.400000
RW_2	ARO:3003206	lsaE	15545	42.499762	43.177414	114.000000
RW_2	ARO:3003207	FosK	197	56.848731	60.964467	79.000000
RW_2	ARO:3003208	FosXCC	124	61.212097	56.908065	95.900000
RW_2	ARO:3003209	fosA5	253	69.312253	67.620158	109.000000
RW_2	ARO:3003210	FosA4	183	69.990164	66.608743	102.000000
RW_2	ARO:3003250	bcrC	151	50.371523	40.694040	75.100000
RW_2	ARO:3003324	Bsub_mprF	260	51.105000	48.254615	78.600000
RW_2	ARO:3003440	mecB	2425	45.463546	43.598969	104.000000
RW_2	ARO:3003441	cfrA	1453	43.859807	43.226703	85.500000
RW_2	ARO:3003548	mdtN	2094	60.751719	56.207832	107.000000
RW_2	ARO:3003549	mdtO	867	94.242445	93.011765	113.000000
RW_2	ARO:3003550	mdtP	1282	73.746334	70.808658	112.000000
RW_2	ARO:3003551	emeA	354	46.985593	45.535593	92.800000
RW_2	ARO:3003552	fusB	5	45.100000	46.540000	52.400000
RW_2	ARO:3003553	CepS	406	76.284975	73.978818	106.000000
RW_2	ARO:3003556	SLB-1	62	47.790323	50.488710	71.200000
RW_2	ARO:3003557	SFB-1	54	48.362963	51.588889	70.100000
RW_2	ARO:3003558	Yent_y56	233	58.015451	59.800858	88.200000
RW_2	ARO:3003559	cepA	836	54.906340	54.378469	112.000000
RW_2	ARO:3003561	SED-1	145	60.072414	59.993103	85.900000
RW_2	ARO:3003562	blaF	68	59.369118	56.155882	81.600000
RW_2	ARO:3003563	RCP-1	57	82.996491	77.540351	108.000000
RW_2	ARO:3003564	EXO-1	200	57.508000	59.525500	71.600000
RW_2	ARO:3003565	R39	140	50.578571	55.883571	76.300000
RW_2	ARO:3003576	eptA	9000	60.570289	63.971100	118.000000
RW_2	ARO:3003577	ugd	25424	70.473332	71.632064	113.000000
RW_2	ARO:3003578	PmrF	6868	54.606523	52.422292	110.000000
RW_2	ARO:3003583	basS	7750	46.710787	43.396194	73.600000
RW_2	ARO:3003589	NmcA	57	47.975439	46.422807	75.100000
RW_2	ARO:3003591	SHV-191	1	100.000000	102.000000	102.000000
RW_2	ARO:3003593	OXA-437	58	65.710345	65.718966	103.000000
RW_2	ARO:3003594	OXA-438	649	53.215716	53.170878	110.000000
RW_2	ARO:3003595	OXA-439	1272	52.807783	54.765645	110.000000
RW_2	ARO:3003596	OXA-440	71	57.047887	61.183099	104.000000
RW_2	ARO:3003597	OXA-441	4	45.625000	46.200000	56.200000
RW_2	ARO:3003598	OXA-442	4	71.550000	77.425000	83.600000
RW_2	ARO:3003599	OXA-443	115	55.930435	58.173043	80.100000
RW_2	ARO:3003600	OXA-444	276	45.514493	49.436232	80.900000
RW_2	ARO:3003602	OXA-446	14	46.871429	45.300000	57.000000
RW_2	ARO:3003603	OXA-447	11	57.600000	44.045455	55.100000
RW_2	ARO:3003604	OXA-448	12	52.600000	44.466667	56.600000
RW_2	ARO:3003605	OXA-449	7	45.485714	44.342857	53.100000
RW_2	ARO:3003606	OXA-450	21	51.095238	48.157143	65.500000
RW_2	ARO:3003607	OXA-451	21	51.095238	48.157143	65.500000
RW_2	ARO:3003608	OXA-452	22	50.900000	47.786364	65.500000
RW_2	ARO:3003609	OXA-453	22	50.900000	47.736364	65.500000
RW_2	ARO:3003610	OXA-454	997	92.496991	85.960281	111.000000
RW_2	ARO:3003611	OXA-455	65	52.647692	51.906154	85.500000
RW_2	ARO:3003613	OXA-457	98	54.907143	54.331633	87.800000
RW_2	ARO:3003614	OXA-458	67	54.120896	53.062687	87.800000
RW_2	ARO:3003615	OXA-459	48	55.808333	53.231250	85.100000
RW_2	ARO:3003616	OXA-460	22	46.172727	43.277273	47.800000
RW_2	ARO:3003617	OXA-461	26	49.680769	46.653846	65.500000
RW_2	ARO:3003620	OXA-464	5047	71.218328	74.734852	110.000000
RW_2	ARO:3003621	OXA-465	32	51.709375	45.190625	56.600000
RW_2	ARO:3003622	OXA-466	26	49.069231	46.484615	56.600000
RW_2	ARO:3003626	OXA-470	507	51.785996	49.429191	88.200000
RW_2	ARO:3003627	OXA-471	514	51.744747	49.633074	88.200000
RW_2	ARO:3003628	OXA-472	213	50.015493	50.261033	85.100000
RW_2	ARO:3003629	OXA-473	499	51.876152	49.678357	85.900000
RW_2	ARO:3003631	OXA-474	496	51.972177	49.748992	85.900000
RW_2	ARO:3003632	OXA-475	507	51.731361	49.595661	88.200000
RW_2	ARO:3003633	OXA-476	511	51.647162	49.661840	88.200000
RW_2	ARO:3003634	OXA-477	521	52.072553	49.859885	82.400000
RW_2	ARO:3003635	OXA-478	310	51.730323	48.676452	85.900000
RW_2	ARO:3003636	OXA-479	512	51.770703	49.430273	88.200000
RW_2	ARO:3003638	OXA-481	222	64.565315	68.357658	109.000000
RW_2	ARO:3003639	OXA-482	74	59.758108	63.951351	109.000000
RW_2	ARO:3003640	OXA-483	49	60.689796	64.777551	108.000000
RW_2	ARO:3003641	OXA-484	152	60.242105	59.631579	111.000000
RW_2	ARO:3003642	OXA-485	133	53.801504	57.630827	81.300000
RW_2	ARO:3003643	OXA-486	229	53.378166	55.111354	78.600000
RW_2	ARO:3003645	OXA-488	162	51.869753	55.130864	81.300000
RW_2	ARO:3003646	CTX-M-162	8	100.000000	104.250000	107.000000
RW_2	ARO:3003647	CTX-M-163	7	98.842857	102.757143	107.000000
RW_2	ARO:3003648	CTX-M-164	6	91.733333	95.583333	107.000000
RW_2	ARO:3003649	CTX-M-165	78	70.383333	69.491026	103.000000
RW_2	ARO:3003650	CTX-M-166	6	58.733333	63.933333	102.000000
RW_2	ARO:3003652	CMY-132	18	73.522222	75.894444	110.000000
RW_2	ARO:3003653	CMY-133	11	36.381818	40.136364	43.100000
RW_2	ARO:3003655	ACT-38	31	83.254839	79.993548	109.000000
RW_2	ARO:3003657	IMP-49	24	56.012500	57.216667	95.500000
RW_2	ARO:3003659	IMP-51	25	56.752000	52.144000	89.400000
RW_2	ARO:3003660	VIM-44	3	100.000000	99.866667	104.000000
RW_2	ARO:3003661	VIM-45	2	79.300000	71.850000	104.000000
RW_2	ARO:3003662	VIM-46	2	79.300000	71.850000	104.000000
RW_2	ARO:3003663	NDM-15	62	99.446774	93.206452	113.000000
RW_2	ARO:3003664	NDM-16a	50	99.348000	101.610000	110.000000
RW_2	ARO:3003665	NmcR	4002	51.942204	47.005847	74.700000
RW_2	ARO:3003670	PEDO-1	135	49.455556	48.265926	84.000000
RW_2	ARO:3003676	AAC(6')-Ib'	1173	95.922592	91.789940	110.000000
RW_2	ARO:3003677	AAC(6')-Iaj	42	64.840476	65.416667	87.800000
RW_2	ARO:3003679	TriA	1319	56.436619	47.935785	81.300000
RW_2	ARO:3003680	TriB	368	56.569837	47.885870	77.000000
RW_2	ARO:3003681	TriC	34075	54.218448	52.657875	99.400000
RW_2	ARO:3003682	OpmH	4126	59.896510	56.608677	94.700000
RW_2	ARO:3003689	MCR-1.1	6846	57.293368	59.326804	95.100000
RW_2	ARO:3003692	MexJ	3826	55.869054	52.824961	88.600000
RW_2	ARO:3003693	MexK	52413	63.361393	61.735402	102.000000
RW_2	ARO:3003698	mexP	2053	50.094691	46.580127	78.600000
RW_2	ARO:3003699	mexQ	99415	54.120690	50.945746	97.100000
RW_2	ARO:3003700	opmE	1410	51.635319	42.548511	70.900000
RW_2	ARO:3003704	mexM	2016	47.835565	47.539038	72.800000
RW_2	ARO:3003705	mexN	52971	55.202945	51.519945	93.200000
RW_2	ARO:3003712	VEB-16	513	96.726316	98.859259	106.000000
RW_2	ARO:3003713	VCC-1	45	52.971111	50.082222	59.700000
RW_2	ARO:3003714	PEDO-2	68	49.083824	49.014706	97.800000
RW_2	ARO:3003715	PEDO-3	137	49.678102	57.072263	84.700000
RW_2	ARO:3003716	CPS-1	67	50.586567	50.453731	85.500000
RW_2	ARO:3003717	ESP-1	95	53.367368	53.560000	96.700000
RW_2	ARO:3003718	MSI-1	504	47.969841	47.685913	82.800000
RW_2	ARO:3003719	MSI-OXA	601	51.573544	51.042596	77.800000
RW_2	ARO:3003720	SPG-1	166	56.701807	55.697590	89.400000
RW_2	ARO:3003723	vanI	4877	52.922165	47.840107	89.700000
RW_2	ARO:3003724	vanW_in_vanI_cl	290	50.740000	47.650000	72.000000
RW_2	ARO:3003725	vanX_in_vanI_cl	276	50.030435	50.367391	98.200000
RW_2	ARO:3003727	vanK_in_vanI_cl	171	49.152632	51.150292	74.700000
RW_2	ARO:3003728	vanR_in_vanI_cl	35968	51.539140	51.203865	103.000000
RW_2	ARO:3003730	Bbif_ileS_MUP	12790	55.957819	57.827060	117.000000
RW_2	ARO:3003731	fusD	1	46.200000	43.500000	43.500000
RW_2	ARO:3003733	fusC	8	48.400000	51.837500	61.200000
RW_2	ARO:3003741	mphE	17891	97.471936	93.959538	112.000000
RW_2	ARO:3003742	mphG	10467	69.393733	68.315898	119.000000
RW_2	ARO:3003744	vatF	3330	57.640991	57.333994	105.000000
RW_2	ARO:3003745	mef(C)	2578	79.858107	74.806749	104.000000
RW_2	ARO:3003746	optrA	52752	47.772649	48.292463	103.000000
RW_2	ARO:3003748	oleC	11326	47.632403	49.739405	87.400000
RW_2	ARO:3003749	salA	16824	42.291423	42.790977	62.000000
RW_2	ARO:3003762	lnuE	68	58.811765	62.438235	92.800000
RW_2	ARO:3003767	mphM	2368	47.722466	47.122466	70.500000
RW_2	ARO:3003770	Lmon_mprF	350	50.402857	51.698000	73.900000
RW_2	ARO:3003772	Bsui_mprF	900	48.353111	49.283333	84.700000
RW_2	ARO:3003773	Cper_mprF	356	48.665169	49.442697	110.000000
RW_2	ARO:3003774	Saga_mprF	240	47.017917	48.003333	70.500000
RW_2	ARO:3003785	Ctra_murA_FOF	1279	53.590383	51.562471	88.600000
RW_2	ARO:3003793	SPM-1	57	49.489474	49.170175	63.200000
RW_2	ARO:3003801	bcr-1	6679	51.247777	49.072331	79.700000
RW_2	ARO:3003811	adeC	14485	58.570721	56.455091	93.600000
RW_2	ARO:3003835	cdeA	666	46.509009	45.532583	69.300000
RW_2	ARO:3003836	qacH	1065	44.100376	44.375962	64.300000
RW_2	ARO:3003838	gadW	409	83.588753	79.582641	107.000000
RW_2	ARO:3003839	Mrx	2224	96.570099	85.966817	101.000000
RW_2	ARO:3003841	kdpE	36028	52.747968	51.173579	112.000000
RW_2	ARO:3003842	MUS-2	81	50.453086	55.679012	67.800000
RW_2	ARO:3003843	leuO	3876	60.313442	56.819221	110.000000
RW_2	ARO:3003847	ADC-1	418	68.027990	71.712201	85.500000
RW_2	ARO:3003848	ADC-2	1108	65.264440	72.071570	103.000000
RW_2	ARO:3003849	ADC-3	937	65.378442	73.881003	103.000000
RW_2	ARO:3003850	ADC-4	780	67.345513	75.782051	87.400000
RW_2	ARO:3003851	ADC-5	354	62.447740	64.730791	103.000000
RW_2	ARO:3003852	ADC-6	246	69.075203	71.334146	103.000000
RW_2	ARO:3003853	ADC-7	815	65.876442	74.713620	87.400000
RW_2	ARO:3003854	ADC-8	832	67.345553	69.699519	97.800000
RW_2	ARO:3003855	ADC-10	1	51.300000	47.800000	47.800000
RW_2	ARO:3003856	ADC-12	902	67.434146	70.432816	86.300000
RW_2	ARO:3003857	ADC-13	1664	66.019171	71.650721	103.000000
RW_2	ARO:3003858	ADC-14	1366	65.030161	70.683529	103.000000
RW_2	ARO:3003859	ADC-15	1863	65.044230	69.931723	98.600000
RW_2	ARO:3003860	ADC-16	1707	67.118102	74.382308	101.000000
RW_2	ARO:3003861	ADC-17	1269	64.424350	68.321198	92.400000
RW_2	ARO:3003862	ADC-18	671	63.554247	66.522504	80.100000
RW_2	ARO:3003863	ADC-19	1818	64.820572	69.293949	86.300000
RW_2	ARO:3003864	ADC-20	1731	65.341017	70.607337	92.400000
RW_2	ARO:3003865	ADC-21	1848	66.014827	73.798268	88.600000
RW_2	ARO:3003866	ADC-22	1747	65.166915	70.084488	92.400000
RW_2	ARO:3003867	ADC-23	689	64.534978	67.360668	85.900000
RW_2	ARO:3003868	ADC-25	389	64.472237	68.361440	103.000000
RW_2	ARO:3003870	ADC-31	305	68.307213	71.424918	85.500000
RW_2	ARO:3003871	ADC-39	106	68.040566	68.698113	85.500000
RW_2	ARO:3003872	ADC-41	1259	67.305481	73.082685	92.400000
RW_2	ARO:3003873	ADC-42	540	64.013519	68.088148	81.300000
RW_2	ARO:3003874	ADC-43	620	67.915000	75.829839	92.400000
RW_2	ARO:3003876	ADC-44	1002	65.117665	68.444411	103.000000
RW_2	ARO:3003878	ADC-56	221	67.449321	73.296833	78.600000
RW_2	ARO:3003879	ADC-61	212	67.480189	73.271226	78.600000
RW_2	ARO:3003880	ADC-74	147	63.648299	58.866667	85.100000
RW_2	ARO:3003881	ADC-75	196	67.400510	73.214286	78.600000
RW_2	ARO:3003882	ADC-76	357	65.113725	67.575910	103.000000
RW_2	ARO:3003883	ADC-77	204	67.498039	77.514706	83.200000
RW_2	ARO:3003884	ADC-78	259	65.967568	65.299228	78.600000
RW_2	ARO:3003885	ADC-79	92	65.134783	74.258696	103.000000
RW_2	ARO:3003886	ADC-80	44	59.663636	58.954545	75.500000
RW_2	ARO:3003887	ADC-81	155	65.428387	62.457419	78.600000
RW_2	ARO:3003888	ADC-82	128	67.684375	73.611719	77.400000
RW_2	ARO:3003894	Rm3	343	54.621866	52.836443	89.700000
RW_2	ARO:3003905	ANT(4')-Ib	1	47.900000	51.200000	51.200000
RW_2	ARO:3003907	cipA	803	47.550062	45.384932	86.700000
RW_2	ARO:3003908	Erm(47)	549	49.067213	49.175410	105.000000
RW_2	ARO:3003918	apmA	747	50.625167	46.376037	92.000000
RW_2	ARO:3003920	pgpB	178	47.672472	45.593820	77.000000
RW_2	ARO:3003922	oqxA	4188	49.967264	47.270511	109.000000
RW_2	ARO:3003923	oqxB	104332	54.855876	51.853089	107.000000
RW_2	ARO:3003942	abcA	97	57.530928	57.311340	89.700000
RW_2	ARO:3003948	efrA	41605	48.610564	49.475279	97.400000
RW_2	ARO:3003949	efrB	46135	49.067465	49.400232	99.400000
RW_2	ARO:3003950	msbA	36108	54.784984	54.467101	106.000000
RW_2	ARO:3003952	YojI	8060	57.788375	54.905310	111.000000
RW_2	ARO:3003953	hmrM	3065	51.425775	51.613344	90.900000
RW_2	ARO:3003954	efmA	913	47.183242	46.887404	102.000000
RW_2	ARO:3003955	efpA	1094	48.054388	47.283181	101.000000
RW_2	ARO:3003961	farA	8623	57.869117	57.889493	87.000000
RW_2	ARO:3003962	farB	13164	55.575851	58.355675	105.000000
RW_2	ARO:3003964	hp1181	7088	51.744470	49.292269	76.300000
RW_2	ARO:3003967	lfrA	1241	51.815310	48.596293	93.200000
RW_2	ARO:3003969	lmrP	19	50.115789	51.152632	69.300000
RW_2	ARO:3003971	Erm(44)v	736	55.703261	57.409918	76.300000
RW_2	ARO:3003980	tetA(58)	14160	49.191462	49.630784	94.000000
RW_2	ARO:3003981	tetB(58)	179	57.674860	53.120112	87.800000
RW_2	ARO:3003982	LlmA_23S_CLI	2055	60.257421	63.968759	92.800000
RW_2	ARO:3003983	CatU	461	54.154447	57.422560	79.300000
RW_2	ARO:3003984	BahA	47	57.380851	61.706383	90.500000
RW_2	ARO:3003986	TaeA	59046	48.890401	49.153799	94.400000
RW_2	ARO:3003987	VatI	3515	57.506202	53.933997	90.100000
RW_2	ARO:3003988	AAC(2')-IIb	3	45.633333	45.566667	54.300000
RW_2	ARO:3003989	AAC(6')-34	63	44.163492	48.525397	72.800000
RW_2	ARO:3003990	vgbC	30	47.136667	41.646667	52.400000
RW_2	ARO:3003991	mphI	2264	50.442712	53.880124	65.900000
RW_2	ARO:3003992	rphB	7891	57.092168	53.215739	102.000000
RW_2	ARO:3003994	cpaA	2	48.850000	39.700000	42.000000
RW_2	ARO:3004032	tetA(46)	15192	46.618325	45.911026	100.000000
RW_2	ARO:3004033	tetB(46)	30828	50.529564	51.037385	101.000000
RW_2	ARO:3004035	tetA(60)	15782	49.715600	44.867013	80.100000
RW_2	ARO:3004036	tetB(60)	30851	50.550741	50.222437	102.000000
RW_2	ARO:3004038	Paer_emrE	3824	53.286846	50.762474	76.300000
RW_2	ARO:3004039	Ecol_emrE	4231	52.864618	50.179627	110.000000
RW_2	ARO:3004041	Kpne_acrA	12755	56.012121	54.336833	103.000000
RW_2	ARO:3004042	Eclo_acrA	16203	56.349670	54.329149	103.000000
RW_2	ARO:3004043	Ecol_acrA	17173	56.416846	54.509905	104.000000
RW_2	ARO:3004047	kdpD	3392	48.229717	48.925914	76.300000
RW_2	ARO:3004054	Paer_CpxR	32265	55.403744	52.936138	102.000000
RW_2	ARO:3004063	EdeQ	57	44.236842	47.278947	64.700000
RW_2	ARO:3004072	OpmB	7212	54.609179	49.033056	94.400000
RW_2	ARO:3004073	MuxA	5155	54.482250	50.639146	88.200000
RW_2	ARO:3004074	MuxB	62090	59.675312	56.468617	97.100000
RW_2	ARO:3004075	MuxC	67657	57.188660	52.691124	90.900000
RW_2	ARO:3004077	PmpM	5497	55.151683	53.266163	114.000000
RW_2	ARO:3004085	lnuG	222	61.980180	63.887387	101.000000
RW_2	ARO:3004086	APH(3')-VIIIb	144	58.390278	59.103472	91.300000
RW_2	ARO:3004087	APH(3')-IXa	115	53.726087	53.307826	94.400000
RW_2	ARO:3004089	ANT(3'')-IIa	1237	72.998949	72.609135	110.000000
RW_2	ARO:3004090	ANT(3'')-IIb	1245	70.831647	72.150924	97.800000
RW_2	ARO:3004091	ANT(3'')-IIc	1363	88.090902	85.243580	109.000000
RW_2	ARO:3004092	HMB-1	29	48.634483	45.200000	68.200000
RW_2	ARO:3004093	NDM-17	60	96.096667	87.495000	113.000000
RW_2	ARO:3004094	Erm(48)	893	54.164390	54.451624	75.900000
RW_2	ARO:3004099	LpeA	71	44.374648	40.650704	52.000000
RW_2	ARO:3004100	LpeB	52687	51.983241	48.787511	80.100000
RW_2	ARO:3004102	kamB	4	54.175000	58.250000	69.300000
RW_2	ARO:3004103	QepA2	1422	47.542405	46.097679	88.600000
RW_2	ARO:3004105	TMB-1	22	51.804545	58.454545	75.500000
RW_2	ARO:3004106	TMB-2	13	50.661538	55.869231	74.700000
RW_2	ARO:3004107	Paer_soxR	828	64.727053	60.527415	87.400000
RW_2	ARO:3004110	MCR-2.1	6524	57.297486	59.743685	96.700000
RW_2	ARO:3004111	FosA6	251	69.083267	67.437052	111.000000
RW_2	ARO:3004113	FosA7	287	63.457491	63.740070	109.000000
RW_2	ARO:3004122	Kpne_OmpK37	3643	69.738348	69.491024	111.000000
RW_2	ARO:3004123	Bpse_Omp38	2394	56.794820	45.501546	74.300000
RW_2	ARO:3004139	MCR-3.1	2359	57.494404	61.189953	116.000000
RW_2	ARO:3004142	OprZ	16541	55.325730	49.281555	90.100000
RW_2	ARO:3004143	AxyX	4904	54.711277	50.913377	87.800000
RW_2	ARO:3004144	AxyY	103230	57.163733	53.919629	100.000000
RW_2	ARO:3004146	cfrC	4764	43.987573	44.814798	88.600000
RW_2	ARO:3004185	mecD	1975	47.058177	43.941468	85.500000
RW_2	ARO:3004189	Bla2	26	46.273077	49.080769	70.100000
RW_2	ARO:3004191	APH(2'')-If	352	79.962784	81.483523	108.000000
RW_2	ARO:3004194	MCR-1.2	8485	56.493223	57.842263	95.100000
RW_2	ARO:3004213	GOB-18	130	49.617692	47.506923	91.700000
RW_2	ARO:3004239	NPS-1	1635	60.344098	63.784220	112.000000
RW_2	ARO:3004253	vanU_in_vanG_cl	422	56.074882	47.481517	83.200000
RW_2	ARO:3004254	vanV_in_vanB_cl	25	72.312000	50.312000	82.800000
RW_2	ARO:3004289	Vcho_varG	12	41.941667	42.533333	58.900000
RW_2	ARO:3004290	Ecol_ampC_BLA	660	82.396515	82.724848	113.000000
RW_2	ARO:3004291	Rsph_ampC_BLA	171	48.750877	47.295322	90.500000
RW_2	ARO:3004294	BUT-1	228	54.607018	55.968860	92.000000
RW_2	ARO:3004325	MCR-4.1	5594	54.709832	58.064069	106.000000
RW_2	ARO:3004332	MCR-5.1	7246	57.551201	57.715319	115.000000
RW_2	ARO:3004336	PDC-73	169	62.501775	59.791124	82.800000
RW_2	ARO:3004338	PDC-75	145	61.772414	59.680690	82.000000
RW_2	ARO:3004339	PDC-76	105	58.433333	63.922857	82.000000
RW_2	ARO:3004340	PDC-77	159	60.869182	59.122013	82.800000
RW_2	ARO:3004341	PDC-78	150	60.613333	58.592000	82.800000
RW_2	ARO:3004342	PDC-79	194	61.192784	58.990722	82.800000
RW_2	ARO:3004343	PDC-80	11	43.609091	43.718182	58.500000
RW_2	ARO:3004344	PDC-81	186	62.465054	59.213978	82.800000
RW_2	ARO:3004345	PDC-82	164	63.457317	59.207317	82.800000
RW_2	ARO:3004346	PDC-83	163	61.907362	58.796933	82.800000
RW_2	ARO:3004347	PDC-84	97	58.346392	61.961856	82.000000
RW_2	ARO:3004348	PDC-85	103	64.949515	58.138835	82.800000
RW_2	ARO:3004349	PDC-86	14	71.428571	63.721429	77.800000
RW_2	ARO:3004350	PDC-87	51	65.080392	68.986275	82.000000
RW_2	ARO:3004351	PDC-88	149	64.163758	59.838926	82.000000
RW_2	ARO:3004352	PDC-89	208	63.822115	60.436538	82.800000
RW_2	ARO:3004353	PDC-90	157	63.874522	60.112739	82.000000
RW_2	ARO:3004354	PDC-91	182	62.967582	60.284066	82.000000
RW_2	ARO:3004355	PDC-92	175	64.286286	59.652571	82.800000
RW_2	ARO:3004356	PDC-93	83	68.021687	58.731325	82.800000
RW_2	ARO:3004357	catV	690	54.783043	58.031739	81.300000
RW_2	ARO:3004359	ACI-1	163	77.944172	76.763190	109.000000
RW_2	ARO:3004361	sul4	9763	52.573656	50.232326	111.000000
RW_2	ARO:3004362	OXA-535	357	51.915126	52.689636	107.000000
RW_2	ARO:3004364	almG	10	48.730000	39.110000	40.400000
RW_2	ARO:3004379	QepA4	1507	47.961845	46.149038	88.600000
RW_2	ARO:3004441	tet(59)	4954	58.159851	57.186415	102.000000
RW_2	ARO:3004442	tet(W/N/W)	21884	58.520531	54.551526	113.000000
RW_2	ARO:3004444	RSA1-1	284	85.118662	80.458803	104.000000
RW_2	ARO:3004450	TRU-1	276	66.955797	69.281884	100.000000
RW_2	ARO:3004451	Afab_ACT_CHL	5078	55.925916	56.128417	102.000000
RW_2	ARO:3004452	Acla_ACT_CHL	182	50.015385	56.215934	95.500000
RW_2	ARO:3004454	Ccol_ACT_CHL	652	61.490491	63.798620	112.000000
RW_2	ARO:3004455	Ssui_ACT_CHL	415	48.900723	55.653253	105.000000
RW_2	ARO:3004456	Efac_ACT_CHL	515	50.134757	55.212427	85.100000
RW_2	ARO:3004457	Sint_ACT_CHL	503	51.554076	57.042147	75.500000
RW_2	ARO:3004458	Efae_ACT_CHL	484	50.733264	56.660744	75.100000
RW_2	ARO:3004460	Vang_ACT_CHL	569	54.518278	59.852900	102.000000
RW_2	ARO:3004463	EBR-2	36	65.197222	66.161111	110.000000
RW_2	ARO:3004464	CFE-2	55	63.272727	63.818182	90.900000
RW_2	ARO:3004466	ICR-Mc	3344	56.264653	54.301256	97.100000
RW_2	ARO:3004470	poxtA	19247	46.763677	46.180189	100.000000
RW_2	ARO:3004476	vmlR	24978	48.506157	49.744359	73.600000
RW_2	ARO:3004478	OXA-665	453	64.022075	66.156954	93.600000
RW_2	ARO:3004479	OXA-664	133	67.609023	69.736090	106.000000
RW_2	ARO:3004480	Bado_rpoB_RIF	102191	66.294953	69.235031	113.000000
RW_2	ARO:3004489	OXA-663	1290	89.092558	88.145271	111.000000
RW_2	ARO:3004493	ADC-68	805	63.376522	65.060870	80.100000
RW_2	ARO:3004494	IMP-55	1	77.600000	85.500000	85.500000
RW_2	ARO:3004495	IMP-56	20	58.340000	59.105000	95.500000
RW_2	ARO:3004496	KPC-24	10	96.330000	99.190000	109.000000
RW_2	ARO:3004498	dfrB4	79	81.741772	74.191139	107.000000
RW_2	ARO:3004500	MCR-3.11	3865	57.488616	61.096404	116.000000
RW_2	ARO:3004501	MCR-6.1	5404	57.895836	59.817524	95.500000
RW_2	ARO:3004502	MCR-2.2	6362	57.304826	59.854323	96.700000
RW_2	ARO:3004503	MCR-3.6	6113	58.309390	62.401685	116.000000
RW_2	ARO:3004504	MCR-3.10	3115	60.879839	63.533355	116.000000
RW_2	ARO:3004505	MCR-3.5	4727	58.889846	62.177703	116.000000
RW_2	ARO:3004506	MCR-1.10	8152	56.451533	57.896872	95.100000
RW_2	ARO:3004507	MCR-1.9	7240	55.816285	56.034171	92.000000
RW_2	ARO:3004508	MCR-3.9	2497	60.629555	63.669123	116.000000
RW_2	ARO:3004509	MCR-3.8	5899	58.492999	62.312358	116.000000
RW_2	ARO:3004510	MCR-3.7	3000	60.113900	64.950800	116.000000
RW_2	ARO:3004511	MCR-3.2	2465	58.543083	62.559675	116.000000
RW_2	ARO:3004513	MCR-1.6	7985	56.557683	58.158535	95.100000
RW_2	ARO:3004514	MCR-1.3	7862	56.671712	58.264475	95.100000
RW_2	ARO:3004515	MCR-1.4	7616	56.713931	58.514877	95.100000
RW_2	ARO:3004516	MCR-8.1	8548	54.830510	55.766998	87.800000
RW_2	ARO:3004517	MCR-7.1	5506	56.934181	60.541736	113.000000
RW_2	ARO:3004539	mphH	2519	49.334101	49.891624	68.900000
RW_2	ARO:3004541	mphK	2261	46.105529	50.687307	78.600000
RW_2	ARO:3004542	mphN	179	48.570391	55.991620	64.300000
RW_2	ARO:3004543	mphO	2052	43.596832	44.668372	65.900000
RW_2	ARO:3004544	mphJ	2528	53.064478	55.524209	70.900000
RW_2	ARO:3004547	dfrA6	1178	52.123769	51.619864	102.000000
RW_2	ARO:3004548	dfrA9	2624	52.186738	51.615777	73.900000
RW_2	ARO:3004549	dfrB5	79	84.306329	76.874684	110.000000
RW_2	ARO:3004550	dfrA27	803	65.945081	65.477335	106.000000
RW_2	ARO:3004551	dfrA28	800	65.324250	65.210125	106.000000
RW_2	ARO:3004552	dfrA30	1101	62.448411	61.252407	111.000000
RW_2	ARO:3004554	dfrA29	1337	59.513463	56.714361	107.000000
RW_2	ARO:3004555	dfrA32	692	67.204624	67.220376	108.000000
RW_2	ARO:3004556	dfrB7	76	81.975000	76.400000	107.000000
RW_2	ARO:3004559	CAM-1	97	53.157732	60.340206	91.700000
RW_2	ARO:3004568	dfrA18	3129	53.251742	50.157622	75.900000
RW_2	ARO:3004569	ICR-Mo	6514	66.144489	67.039008	113.000000
RW_2	ARO:3004571	PNGM-1	50	47.298000	49.442000	63.500000
RW_2	ARO:3004572	Saur_LmrS	1028	43.009144	44.479572	68.900000
RW_2	ARO:3004573	Abau_AbaF	9447	49.159151	51.488166	105.000000
RW_2	ARO:3004574	Abau_AbaQ	2950	54.729695	59.139966	107.000000
RW_2	ARO:3004577	Abau_AmvA	1344	54.829688	53.757292	94.000000
RW_2	ARO:3004580	Kpne_KpnE	1743	46.137177	44.273723	94.400000
RW_2	ARO:3004581	tet(48)	119	46.752101	45.256303	77.000000
RW_2	ARO:3004582	tet(49)	159	52.148428	51.488679	79.000000
RW_2	ARO:3004583	Kpne_KpnF	244	80.879098	74.623770	100.000000
RW_2	ARO:3004584	tet(50)	224	50.447768	48.254464	92.800000
RW_2	ARO:3004586	tet(51)	119	50.404202	49.328571	81.300000
RW_2	ARO:3004587	tet(52)	121	52.040496	48.656198	77.800000
RW_2	ARO:3004588	Kpne_KpnG	8041	59.611976	58.919761	105.000000
RW_2	ARO:3004589	tet(53)	100	53.575000	48.611000	75.900000
RW_2	ARO:3004590	tet(54)	101	48.546535	47.953465	80.100000
RW_2	ARO:3004591	tet(55)	145	56.560000	53.398621	85.900000
RW_2	ARO:3004592	erm(32)	1093	50.191857	46.589844	68.200000
RW_2	ARO:3004595	erm(45)	1316	60.467933	62.395441	80.900000
RW_2	ARO:3004596	erm(46)	180	63.968333	66.096667	100.000000
RW_2	ARO:3004597	Kpne_KpnH	13085	60.187077	62.029392	115.000000
RW_2	ARO:3004599	clcD	1675	44.427045	43.648179	87.800000
RW_2	ARO:3004600	LnuH	402	80.433085	78.980100	108.000000
RW_2	ARO:3004601	LnuP	218	58.201376	60.579358	80.900000
RW_2	ARO:3004603	tet(56)	95	50.702105	50.986316	84.300000
RW_2	ARO:3004605	ermZ	1	50.000000	46.200000	46.200000
RW_2	ARO:3004606	erm(40)	277	60.468592	61.246209	97.800000
RW_2	ARO:3004608	EreD	1385	69.810108	69.955379	112.000000
RW_2	ARO:3004613	tet(47)	157	49.430573	50.325478	80.100000
RW_2	ARO:3004615	ADC-11	552	63.281159	65.193297	103.000000
RW_2	ARO:3004617	ADC-30	604	65.839735	69.031788	85.500000
RW_2	ARO:3004618	ADC-58	1304	67.092561	74.569632	103.000000
RW_2	ARO:3004619	ADC-59	662	65.465408	70.281420	85.500000
RW_2	ARO:3004620	ADC-60	452	64.620354	68.563938	80.500000
RW_2	ARO:3004621	AAC(3)-IIe	169	82.678698	80.139645	108.000000
RW_2	ARO:3004622	QnrS10	416	83.923077	64.150962	105.000000
RW_2	ARO:3004623	AAC(3)-IId	177	85.592090	81.246328	112.000000
RW_2	ARO:3004624	QnrS11	572	78.287413	65.952448	110.000000
RW_2	ARO:3004625	QnrS12	323	86.038390	63.816718	105.000000
RW_2	ARO:3004626	Erm(49)	397	46.209320	43.279849	96.300000
RW_2	ARO:3004627	QnrS15	418	83.975598	64.459330	105.000000
RW_2	ARO:3004628	AAC(2')-IIa	1	67.300000	61.200000	61.200000
RW_2	ARO:3004629	AAC(6')-Im	162	62.286420	64.649383	86.700000
RW_2	ARO:3004632	ADC-62	273	67.509158	73.142125	78.600000
RW_2	ARO:3004633	ADC-67	428	67.432944	72.936682	85.500000
RW_2	ARO:3004634	ADC-73	360	66.908333	69.598333	78.600000
RW_2	ARO:3004635	AAC(6')-Il	97	83.682474	78.817526	107.000000
RW_2	ARO:3004636	qnrE1	61	62.032787	57.009836	92.800000
RW_2	ARO:3004637	qnrE2	62	63.182258	57.369355	92.800000
RW_2	ARO:3004638	AAC(6')-I-48	223	50.056951	48.917937	84.000000
RW_2	ARO:3004639	Cstr_tetA	19899	51.714770	43.805252	66.200000
RW_2	ARO:3004640	dfrA15b	1094	66.399817	64.557495	108.000000
RW_2	ARO:3004641	AAC(6')-I-43	32	63.321875	63.606250	87.400000
RW_2	ARO:3004642	dfrA3b	13	40.430769	40.261538	47.000000
RW_2	ARO:3004643	Erm(K)	104	43.311538	41.487500	53.100000
RW_2	ARO:3004644	Pmir_dfrA6	986	53.930426	54.005578	99.000000
RW_2	ARO:3004645	dfrI	3991	53.603007	54.775069	89.000000
RW_2	ARO:3004647	AQU-2	812	75.916626	79.340640	107.000000
RW_2	ARO:3004648	AQU-3	543	78.422836	83.096685	107.000000
RW_2	ARO:3004649	cfr(B)	1739	44.361587	43.643933	87.800000
RW_2	ARO:3004651	lin	43951	47.350047	46.174979	73.600000
RW_2	ARO:3004652	Erm(O)-lrm	144	46.278472	40.288194	72.000000
RW_2	ARO:3004655	nimB	823	62.419927	63.682260	95.900000
RW_2	ARO:3004656	Ecol_catII	476	49.730042	52.647689	111.000000
RW_2	ARO:3004657	catA4	434	54.653687	58.042396	107.000000
RW_2	ARO:3004658	catA8	513	49.627096	55.282651	87.400000
RW_2	ARO:3004659	Mef(En2)	888	58.175563	56.590203	110.000000
RW_2	ARO:3004660	catB11	3672	59.545697	60.606727	113.000000
RW_2	ARO:3004661	Saur_FosB	30	60.046667	43.340000	87.000000
RW_2	ARO:3004662	MCR-3.3	5509	58.240933	62.198566	116.000000
RW_2	ARO:3004663	FusF	8	52.287500	56.362500	68.900000
RW_2	ARO:3004665	cmlA8	5354	62.590007	59.706985	108.000000
RW_2	ARO:3004666	pexA	17	48.952941	49.376471	87.000000
RW_2	ARO:3004667	Saur_norA	80	43.875000	44.466250	63.900000
RW_2	ARO:3004668	QnrAS	659	72.294841	77.310167	102.000000
RW_2	ARO:3004669	emtA	12	47.791667	40.125000	43.500000
RW_2	ARO:3004670	FosB1	28	53.989286	42.585714	89.000000
RW_2	ARO:3004671	FosB4	27	54.607407	42.722222	87.800000
RW_2	ARO:3004672	FosB5	27	54.507407	42.411111	89.000000
RW_2	ARO:3004673	FosB6	25	55.420000	41.732000	87.800000
RW_2	ARO:3004674	FosD	35	63.131429	43.840000	110.000000
RW_2	ARO:3004675	aphA15	94	76.854255	72.772340	107.000000
RW_2	ARO:3004677	rmtD2	9	51.611111	50.655556	97.800000
RW_2	ARO:3004678	rmtE	7	41.200000	43.171429	50.400000
RW_2	ARO:3004679	rmtE2	7	41.200000	43.171429	50.400000
RW_2	ARO:3004680	APH(3')-VIIIa	242	52.757025	52.315289	66.600000
RW_2	ARO:3004682	aadA27	1376	91.639898	88.521294	111.000000
RW_2	ARO:3004683	aadS	1741	97.017978	95.417002	115.000000
RW_2	ARO:3004684	MCR-9.1	6353	55.801039	58.700756	112.000000
RW_2	ARO:3004685	MCR-1.5	8631	56.675194	57.729626	95.100000
RW_2	ARO:3004686	MCR-1.7	8823	56.374464	57.703128	95.100000
RW_2	ARO:3004687	MCR-1.8	8772	56.434690	57.743126	95.100000
RW_2	ARO:3004688	MCR-1.11	4	57.650000	52.550000	59.300000
RW_2	ARO:3004689	MCR-1.12	8828	56.431921	57.730494	95.100000
RW_2	ARO:3004690	MCR-1.13	8657	56.470013	57.787074	95.100000
RW_2	ARO:3004691	MCR-3.4	3896	57.746869	61.260857	116.000000
RW_2	ARO:3004692	aadA10	2988	74.073193	75.678681	108.000000
RW_2	ARO:3004693	MCR-3.12	3903	59.491571	63.292032	116.000000
RW_2	ARO:3004694	MCR-4.2	6427	54.395752	57.821207	105.000000
RW_2	ARO:3004695	MCR-4.3	5727	54.785368	58.108294	106.000000
RW_2	ARO:3004696	MCR-4.4	6357	54.372471	57.853421	105.000000
RW_2	ARO:3004697	MCR-4.5	6300	54.379730	57.857476	105.000000
RW_2	ARO:3004698	MCR-5.2	7266	57.486953	57.725420	115.000000
RW_2	ARO:3004699	sta	25	47.424000	41.360000	53.900000
RW_2	ARO:3004704	aadA8b	3360	82.217292	80.435893	110.000000
RW_2	ARO:3004715	Scoh_vga(E)	37002	48.748373	47.636722	77.400000
RW_2	ARO:3004719	tet(X3)	1298	69.009014	62.785439	106.000000
RW_2	ARO:3004720	tet(X4)	1398	72.607153	66.739843	111.000000
RW_2	ARO:3004730	tva(A)	14184	47.712084	41.967245	67.800000
RW_2	ARO:3004734	ARL-1	21	47.423810	49.971429	60.500000
RW_2	ARO:3004735	ARL-2	19	47.442105	50.178947	60.500000
RW_2	ARO:3004736	ARL-3	19	47.442105	50.178947	60.500000
RW_2	ARO:3004737	ARL-4	18	47.238889	50.166667	60.500000
RW_2	ARO:3004738	ARL-5	16	47.862500	50.275000	60.100000
RW_2	ARO:3004739	ARL-6	29	45.075862	48.168966	60.500000
RW_2	ARO:3004740	AST-1	114	53.974561	54.135965	74.700000
RW_2	ARO:3004745	MIR-23	68	79.550000	83.876471	111.000000
RW_2	ARO:3004747	BAT-1	212	49.505189	54.835377	76.300000
RW_2	ARO:3004749	BCL-1	111	57.317117	58.037838	80.900000
RW_2	ARO:3004751	BES-1	159	64.215094	63.988679	106.000000
RW_2	ARO:3004753	BIC-1	141	54.680142	57.526950	74.300000
RW_2	ARO:3004755	BIL-1	5	47.340000	45.580000	60.800000
RW_2	ARO:3004757	BKC-1	309	58.617476	59.434628	103.000000
RW_2	ARO:3004759	BPU-1	321	48.079128	53.920872	74.300000
RW_2	ARO:3004761	BRO-1	161	61.431677	62.558385	86.700000
RW_2	ARO:3004762	BRO-2	160	61.143125	62.214375	86.700000
RW_2	ARO:3004764	CBP-1	110	56.508182	60.456364	92.000000
RW_2	ARO:3004766	CGA-1	565	61.811327	64.140354	94.000000
RW_2	ARO:3004768	CIA-1	479	60.879332	62.586430	81.600000
RW_2	ARO:3004769	CIA-2	482	60.248340	61.828216	81.600000
RW_2	ARO:3004770	CIA-3	482	60.296680	61.543568	81.600000
RW_2	ARO:3004771	CIA-4	482	60.554357	62.119917	81.600000
RW_2	ARO:3004773	CKO-1	477	57.346751	58.227673	75.500000
RW_2	ARO:3004775	CME-1	484	60.530372	61.891529	87.400000
RW_2	ARO:3004777	CMH-1	71	71.711268	76.512676	103.000000
RW_2	ARO:3004778	CMY-135	13	78.869231	82.530769	112.000000
RW_2	ARO:3004780	DES-1	90	57.864444	53.632222	81.600000
RW_2	ARO:3004782	ERP-1	168	54.730357	54.214286	80.900000
RW_2	ARO:3004784	FAR-1	140	59.231429	58.264286	77.000000
RW_2	ARO:3004786	FIM-1	3	59.100000	64.833333	70.100000
RW_2	ARO:3004788	FONA-1	47	60.242553	64.600000	106.000000
RW_2	ARO:3004789	FONA-2	48	60.141667	63.566667	106.000000
RW_2	ARO:3004790	FONA-3	54	61.016667	63.275926	107.000000
RW_2	ARO:3004791	FONA-4	46	60.595652	64.891304	106.000000
RW_2	ARO:3004792	FONA-5	57	60.710526	63.247368	107.000000
RW_2	ARO:3004793	FONA-6	51	61.003922	63.439216	107.000000
RW_2	ARO:3004797	FRI-1	18	50.938889	51.838889	73.900000
RW_2	ARO:3004798	FRI-2	55	58.630909	54.220000	78.600000
RW_2	ARO:3004799	FRI-3	53	58.852830	54.186792	78.600000
RW_2	ARO:3004802	GOB-10	78	52.644872	55.308974	84.300000
RW_2	ARO:3004803	GOB-11	54	50.937037	49.416667	92.000000
RW_2	ARO:3004804	GOB-12	79	53.645570	54.883544	92.000000
RW_2	ARO:3004805	GOB-13	60	49.408333	48.113333	81.300000
RW_2	ARO:3004806	GOB-14	58	49.687931	48.258621	81.300000
RW_2	ARO:3004807	GOB-15	54	49.535185	47.546296	81.300000
RW_2	ARO:3004808	GOB-16	53	53.133962	54.064151	95.500000
RW_2	ARO:3004809	GOB-2	124	48.250000	46.553226	91.700000
RW_2	ARO:3004810	GOB-3	74	50.994595	51.863514	73.200000
RW_2	ARO:3004811	GOB-4	62	54.201613	56.379032	84.300000
RW_2	ARO:3004812	GOB-5	72	53.811111	56.165278	91.700000
RW_2	ARO:3004813	GOB-6	124	50.326613	50.358065	91.700000
RW_2	ARO:3004814	GOB-7	65	51.604615	48.858462	93.600000
RW_2	ARO:3004815	GOB-8	70	52.482857	55.137143	84.300000
RW_2	ARO:3004816	GOB-9	65	52.089231	54.667692	84.300000
RW_2	ARO:3004823	IMP-52	9	51.400000	49.644444	85.500000
RW_2	ARO:3004825	LAP-1	307	62.248534	61.337134	103.000000
RW_2	ARO:3004826	LAP-2	271	62.452768	61.337269	103.000000
RW_2	ARO:3004827	LEN-35	14	60.764286	62.357143	101.000000
RW_2	ARO:3004828	LEN-36	12	56.900000	57.891667	100.000000
RW_2	ARO:3004829	LEN-37	6	68.866667	69.700000	98.600000
RW_2	ARO:3004837	OXA-724	830	80.290120	82.685181	116.000000
RW_2	ARO:3004838	LEN-30	13	63.676923	65.261538	101.000000
RW_2	ARO:3004839	LEN-32	2	76.150000	75.100000	99.400000
RW_2	ARO:3004840	LEN-34	13	62.607692	63.600000	100.000000
RW_2	ARO:3004841	LEN-38	16	56.281250	56.375000	79.300000
RW_2	ARO:3004842	LEN-39	10	68.920000	69.730000	100.000000
RW_2	ARO:3004843	LEN-40	3	56.366667	54.666667	62.400000
RW_2	ARO:3004844	LEN-41	16	65.781250	65.012500	79.000000
RW_2	ARO:3004845	LEN-42	10	64.520000	65.080000	79.300000
RW_2	ARO:3004846	LEN-43	10	64.520000	65.080000	79.300000
RW_2	ARO:3004847	LEN-51	13	69.653846	69.692308	101.000000
RW_2	ARO:3004848	LEN-55	9	71.911111	72.888889	101.000000
RW_2	ARO:3004849	LEN-58	12	62.025000	62.366667	98.600000
RW_2	ARO:3004856	SCO-1	655	57.862901	59.748855	81.600000
RW_2	ARO:3004862	NDM-19	52	99.340385	91.901923	113.000000
RW_2	ARO:3004863	NDM-20	61	93.722951	86.608197	113.000000
RW_2	ARO:3004864	NDM-21	60	93.488333	82.831667	109.000000
RW_2	ARO:3004865	NDM-22	80	99.290000	96.671250	113.000000
RW_2	ARO:3004866	NDM-23	80	95.438750	88.566250	113.000000
RW_2	ARO:3004867	NDM-24	82	94.758537	87.642683	113.000000
RW_2	ARO:3004868	NDM-25	70	98.012857	89.852857	110.000000
RW_2	ARO:3004869	NDM-26	39	95.605128	88.656410	113.000000
RW_2	ARO:3004870	NDM-27	63	99.176190	91.492063	113.000000
RW_2	ARO:3004871	NDM-28	83	99.193976	96.555422	113.000000
RW_2	ARO:3005006	tet(57)	4781	58.602426	56.520310	99.000000
RW_2	ARO:3005008	TxR	31296	54.939395	55.442338	85.100000
RW_2	ARO:3005009	qacE	6516	62.321209	57.736848	101.000000
RW_2	ARO:3005010	qacEdelta1	6064	65.911741	59.911626	107.000000
RW_2	ARO:3005012	IDC-1	671	59.153800	59.254844	102.000000
RW_2	ARO:3005013	IDC-2	582	58.319244	59.638316	98.600000
RW_2	ARO:3005015	VMB-1	95	46.497895	51.615789	83.200000
RW_2	ARO:3005016	CMY-150	74	55.040541	62.781081	107.000000
RW_2	ARO:3005018	LMB-1	162	52.185185	52.503704	90.900000
RW_2	ARO:3005019	IMP-68	23	62.773913	64.813043	96.700000
RW_2	ARO:3005021	cfr(D)	996	48.736145	45.742671	85.500000
RW_2	ARO:3005023	cfrE	3019	46.753196	45.185326	88.200000
RW_2	ARO:3005024	FosL1	310	61.510645	61.722258	85.500000
RW_2	ARO:3005027	FRI-4	35	54.825714	54.731429	78.600000
RW_2	ARO:3005028	FRI-5	94	49.951064	48.878723	78.600000
RW_2	ARO:3005029	FRI-6	40	54.050000	54.225000	78.600000
RW_2	ARO:3005030	FRI-7	39	54.389744	54.389744	78.600000
RW_2	ARO:3005031	FRI-8	66	50.071212	47.493939	62.000000
RW_2	ARO:3005032	FRI-9	38	53.573684	52.678947	78.600000
RW_2	ARO:3005033	FLC-1	66	50.042424	47.500000	62.000000
RW_2	ARO:3005035	YRC-1	164	72.304268	75.365854	103.000000
RW_2	ARO:3005036	BLMT	159	51.528302	57.691195	69.300000
RW_2	ARO:3005037	ADC-159	42	63.797619	72.285714	85.100000
RW_2	ARO:3005038	PDC-65	28	63.135714	59.021429	77.800000
RW_2	ARO:3005039	PDC-55	1	61.100000	45.100000	45.100000
RW_2	ARO:3005040	YajC	3751	57.194588	55.881872	103.000000
RW_2	ARO:3005043	cmlA9	4837	53.539508	51.966281	107.000000
RW_2	ARO:3005044	OmpA	6897	58.737451	54.759707	111.000000
RW_2	ARO:3005045	SatA	27	50.566667	55.307407	71.200000
RW_2	ARO:3005046	MecI_rep	34	40.773529	42.129412	54.300000
RW_2	ARO:3005047	eptB	1658	75.750965	77.880820	113.000000
RW_2	ARO:3005049	CrcB	52	46.826923	46.550000	95.900000
RW_2	ARO:3005051	LpsB	3256	74.639681	75.256542	105.000000
RW_2	ARO:3005052	LpsA	276	51.468841	48.785870	79.300000
RW_2	ARO:3005053	ArnT	1513	67.021613	68.709385	115.000000
RW_2	ARO:3005056	tet(X6)	1318	68.899697	64.612595	110.000000
RW_2	ARO:3005057	tet(X5)	1335	70.562097	65.697303	110.000000
RW_2	ARO:3005059	LptD	5746	59.924904	62.741733	115.000000
RW_2	ARO:3005060	OXA-837	92	47.469565	49.605435	70.100000
RW_2	ARO:3005061	AAC(3)-IVb	34	57.852941	50.785294	85.500000
RW_2	ARO:3005062	ANT(3'')-Ib	313	45.138658	45.824920	75.500000
RW_2	ARO:3005063	cprR	40654	48.731908	47.875909	77.400000
RW_2	ARO:3005064	cprS	127	39.657480	42.038583	50.800000
RW_2	ARO:3005067	ParS	5612	50.986885	49.886119	99.000000
RW_2	ARO:3005068	ParR	29405	48.820612	49.320337	99.000000
RW_2	ARO:3005069	rsmA	2149	82.098511	62.377757	96.700000
RW_2	ARO:3005072	ROB-13	106	52.343396	51.408491	71.200000
RW_2	ARO:3005073	ROB-3	101	52.573267	51.567327	71.200000
RW_2	ARO:3005074	ROB-4	100	52.446000	51.506000	71.200000
RW_2	ARO:3005075	ROB-5	131	52.064122	50.954198	71.200000
RW_2	ARO:3005076	ROB-6	119	51.954622	51.015126	71.200000
RW_2	ARO:3005077	ROB-7	119	52.089916	51.109244	71.200000
RW_2	ARO:3005078	ROB-8	116	52.140517	51.122414	71.200000
RW_2	ARO:3005079	ROB-2	98	51.683673	50.275510	66.200000
RW_2	ARO:3005080	ROB-10	116	52.231897	51.272414	71.200000
RW_2	ARO:3005084	dfrA31	1221	51.983702	52.125307	102.000000
RW_2	ARO:3005085	AAC(3)-IIg	162	67.501235	66.860494	92.400000
RW_2	ARO:3005087	msrF	33773	48.706866	49.932881	97.100000
RW_2	ARO:3005088	msrH	36340	49.325927	50.005363	94.700000
RW_2	ARO:3005089	mef(D)	917	54.615267	50.648310	99.400000
RW_2	ARO:3005090	RanB	4316	57.892771	56.167539	97.100000
RW_2	ARO:3005091	RanA	17241	53.706021	51.448379	102.000000
RW_2	ARO:3005093	OXA-899	99	52.641414	55.890909	84.000000
RW_2	ARO:3005094	OXA-898	246	46.500407	49.803659	80.900000
RW_2	ARO:3005096	GPC-1	359	58.843733	59.639554	97.800000
RW_2	ARO:3005097	mecC-type_BlaZ	4	52.625000	54.700000	55.800000
RW_2	ARO:3005098	qacL	5290	62.611248	58.545444	100.000000
RW_2	ARO:3005099	Spyo_ErmA_MLSb	397	62.989169	60.302015	100.000000
RW_2	ARO:3005100	FosB2	10	53.710000	46.340000	67.000000
RW_2	ARO:3005111	blaS1	51	57.731373	58.121569	88.600000
RW_2	ARO:3005112	AAC(6')-Ib-cr3	1121	94.779839	90.779393	110.000000
RW_2	ARO:3005114	AAC(6')-Ib-cr4	1163	94.782631	90.405847	110.000000
RW_2	ARO:3005115	AAC(6')-Ib-cr5	1171	95.188642	90.381554	110.000000
RW_2	ARO:3005116	AAC(6')-Ib-cr6	1151	94.423719	90.183753	109.000000
RW_2	ARO:3005117	AAC(6')-Ib-cr7	1172	94.865444	89.955205	110.000000
RW_2	ARO:3005118	AAC(6')-Ib-cr8	1113	95.383378	90.188410	109.000000
RW_2	ARO:3005119	AAC(6')-Ib-cr9	1114	96.251706	90.474237	110.000000
RW_2	ARO:3005121	lsaD	8018	43.869431	41.697269	85.500000
RW_2	ARO:3005122	PDC-68	19	70.621053	68.468421	79.000000
RW_2	ARO:3005123	PDC-70	17	66.452941	61.176471	77.800000
RW_2	ARO:3005124	PDC-63	62	57.575806	62.487097	82.800000
RW_2	ARO:3005125	PDC-57	32	57.796875	55.368750	79.000000
RW_2	ARO:3005126	PDC-66	70	59.584286	63.355714	82.800000
RW_2	ARO:3005129	PDC-51	7	56.442857	53.185714	72.800000
RW_2	ARO:3005130	OXA-846	165	50.200000	54.279394	81.300000
RW_2	ARO:3005131	NDM-29	68	99.016176	96.697059	113.000000
RW_2	ARO:3005133	PDC-62	339	54.918584	57.519764	86.300000
RW_2	ARO:3005134	PDC-43	2	64.400000	62.600000	72.800000
RW_2	ARO:3005135	PDC-54	15	50.880000	52.013333	78.600000
RW_2	ARO:3005136	OXA-906	95	54.287368	57.950526	81.300000
RW_2	ARO:3005137	PDC-59	30	56.310000	62.286667	81.300000
RW_2	ARO:3005138	OXA-850	141	50.195035	54.099291	81.300000
RW_2	ARO:3005139	PDC-67	1	54.500000	41.200000	41.200000
RW_2	ARO:3005140	PDC-56	17	66.452941	61.176471	77.800000
RW_2	ARO:3005141	PDC-52	4	51.025000	43.125000	54.300000
RW_2	ARO:3005143	PDC-240	33	50.857576	54.203030	81.600000
RW_2	ARO:3005144	PDC-61	17	45.894118	42.011765	57.000000
RW_2	ARO:3005145	PDC-45	7	56.442857	53.185714	72.800000
RW_2	ARO:3005146	PDC-49	17	53.900000	59.329412	72.800000
RW_2	ARO:3005148	PDC-48	4	69.575000	64.900000	79.000000
RW_2	ARO:3005150	PAC-1	438	62.669863	61.209132	115.000000
RW_2	ARO:3005151	PDC-53	7	53.700000	52.414286	72.800000
RW_2	ARO:3005152	PDC-72	5	50.940000	46.500000	72.800000
RW_2	ARO:3005153	PDC-69	5	62.300000	62.140000	67.000000
RW_2	ARO:3005155	PDC-23	39	58.884615	64.148718	81.300000
RW_2	ARO:3005156	PDC-28	4	46.325000	39.925000	41.600000
RW_2	ARO:3005157	PDC-41	344	54.822384	57.404651	86.300000
RW_2	ARO:3005158	OXA-668	503	74.764414	78.377734	102.000000
RW_2	ARO:3005159	OXA-818	47	61.057447	63.340426	109.000000
RW_2	ARO:3005160	OXA-812	38	58.302632	62.347368	109.000000
RW_2	ARO:3005162	FosA7.5	281	63.618505	64.284698	108.000000
RW_2	ARO:3005164	dfrA35	3044	56.582556	56.089093	82.000000
RW_2	ARO:3005166	tet(X1)	1310	60.478626	53.910153	108.000000
RW_2	ARO:3005176	CMY-158	29	96.451724	101.675862	108.000000
RW_2	ARO:3005177	CMY-173	28	98.642857	103.592857	108.000000
RW_2	ARO:3005181	CMY-146	42	74.840476	82.669048	99.800000
RW_2	ARO:3005182	CMY-156	2	82.200000	86.300000	99.800000
RW_2	ARO:3005185	CMY-140	41	74.226829	82.251220	94.000000
RW_2	ARO:3005186	CMY-164	1	44.200000	41.200000	41.200000
RW_2	ARO:3005188	CMY-165	6	53.750000	53.266667	63.500000
RW_2	ARO:3005189	CMY-166	16	69.825000	63.350000	82.800000
RW_2	ARO:3005190	CMY-149	3	100.000000	101.666667	102.000000
RW_2	ARO:3005191	CMY-139	2	100.000000	101.900000	104.000000
RW_2	ARO:3005192	CMY-148	1	100.000000	99.800000	99.800000
RW_2	ARO:3005194	CMY-154	7	63.271429	66.642857	99.800000
RW_2	ARO:3005196	CMY-141	2	81.900000	85.350000	99.800000
RW_2	ARO:3005197	CMY-145	74	80.966216	83.429730	102.000000
RW_2	ARO:3005198	CMY-157	102	67.191176	70.428431	99.800000
RW_2	ARO:3005199	CMY-171	2	77.750000	83.000000	87.400000
RW_2	ARO:3005200	CMY-155	34	69.241176	73.870588	107.000000
RW_2	ARO:3005208	SHV-222	1	59.500000	53.100000	53.100000
RW_2	ARO:3005209	SHV-198	1	59.500000	53.100000	53.100000
RW_2	ARO:3005210	SHV-195	9	55.877778	50.011111	68.900000
RW_2	ARO:3005211	SHV-201	3	47.966667	49.166667	51.200000
RW_2	ARO:3005212	SHV-212	5	50.660000	45.360000	51.200000
RW_2	ARO:3005213	SHV-204	14	52.021429	53.564286	62.000000
RW_2	ARO:3005214	SHV-197	6	67.466667	68.483333	84.000000
RW_2	ARO:3005215	SHV-216	1	65.200000	65.500000	65.500000
RW_2	ARO:3005216	CMY-152	26	86.803846	95.946154	109.000000
RW_2	ARO:3005217	CMY-151	52	49.301923	58.723077	89.700000
RW_2	ARO:3005219	CMY-144	44	69.113636	70.668182	107.000000
RW_2	ARO:3005220	CMY-138	28	99.928571	105.071429	110.000000
RW_2	ARO:3005221	MCR-3.41	3172	60.821406	64.519451	116.000000
RW_2	ARO:3005222	OXA-544	1761	69.634185	71.815332	117.000000
RW_2	ARO:3005224	SHV-220	1	58.300000	58.900000	58.900000
RW_2	ARO:3005226	SHV-208	16	56.093750	57.912500	67.000000
RW_2	ARO:3005229	SHV-196	7	47.042857	41.585714	43.900000
RW_2	ARO:3005231	SHV-219	7	47.042857	41.957143	44.300000
RW_2	ARO:3005232	SHV-199	7	52.114286	54.971429	65.100000
RW_2	ARO:3005233	SHV-227	4	56.850000	58.750000	60.500000
RW_2	ARO:3005234	SHV-223	1	98.000000	100.000000	100.000000
RW_2	ARO:3005235	SHV-214	8	52.237500	54.350000	64.300000
RW_2	ARO:3005236	SHV-207	2	42.450000	43.700000	43.900000
RW_2	ARO:3005238	SHV-218	172	65.164535	67.030233	81.600000
RW_2	ARO:3005239	SHV-193	22	52.081818	50.040909	60.800000
RW_2	ARO:3005241	SHV-225	16	60.975000	60.306250	78.600000
RW_2	ARO:3005242	SHV-209	7	65.814286	67.757143	74.300000
RW_2	ARO:3005244	ADC-181	58	63.868966	69.615517	85.100000
RW_2	ARO:3005245	ADC-182	30	59.793333	61.800000	74.700000
RW_2	ARO:3005246	ADC-183	45	65.228889	71.355556	85.100000
RW_2	ARO:3005249	SHV-203	4	51.300000	52.875000	58.200000
RW_2	ARO:3005252	SHV-221	1	52.400000	38.900000	38.900000
RW_2	ARO:3005253	SHV-202	5	50.060000	43.580000	53.100000
RW_2	ARO:3005255	TEM-224	4	55.225000	56.625000	61.200000
RW_2	ARO:3005256	TEM-225	36	59.255556	61.288889	72.000000
RW_2	ARO:3005257	TEM-226	1	62.000000	63.900000	63.900000
RW_2	ARO:3005258	TEM-227	56	59.351786	49.626786	61.200000
RW_2	ARO:3005260	TEM-229	7	48.271429	53.514286	53.900000
RW_2	ARO:3005261	TEM-230	2	81.850000	84.150000	91.300000
RW_2	ARO:3005269	TEM-238	137	61.672993	63.128467	72.000000
RW_2	ARO:3005270	TEM-240	46	58.502174	59.247826	72.000000
RW_2	ARO:3005271	TEM-241	40	59.557500	54.877500	72.400000
RW_2	ARO:3005272	TEM-242	1	44.900000	52.400000	52.400000
RW_2	ARO:3005275	PDC-438	21	65.223810	61.895238	82.800000
RW_2	ARO:3005276	PDC-284	24	67.508333	65.995833	79.000000
RW_2	ARO:3005277	PDC-105	11	73.263636	68.081818	77.800000
RW_2	ARO:3005278	PDC-118	18	48.438889	54.994444	65.900000
RW_2	ARO:3005279	PDC-324	14	71.428571	63.721429	77.800000
RW_2	ARO:3005280	PDC-323	1	63.600000	65.100000	65.100000
RW_2	ARO:3005281	PDC-258	9	41.277778	40.600000	43.500000
RW_2	ARO:3005282	PDC-413	9	72.844444	67.155556	77.800000
RW_2	ARO:3005283	PDC-384	24	58.458333	56.412500	73.900000
RW_2	ARO:3005284	PDC-264	10	50.460000	49.660000	57.000000
RW_2	ARO:3005285	PDC-201	36	50.652778	54.125000	81.600000
RW_2	ARO:3005286	PDC-346	5	45.360000	39.800000	41.600000
RW_2	ARO:3005289	PDC-212	5	48.060000	43.580000	51.200000
RW_2	ARO:3005290	PDC-352	41	51.895122	54.126829	81.600000
RW_2	ARO:3005291	PDC-464	33	52.606061	51.509091	72.800000
RW_2	ARO:3005292	PDC-19b	11	63.136364	55.300000	73.600000
RW_2	ARO:3005293	PDC-380	10	43.070000	42.240000	57.000000
RW_2	ARO:3005294	PDC-461	11	50.181818	43.200000	55.100000
RW_2	ARO:3005295	PDC-19a	4	75.575000	66.950000	77.800000
RW_2	ARO:3005297	PDC-255	33	50.733333	53.548485	81.600000
RW_2	ARO:3005299	PDC-183	3	44.100000	41.466667	45.100000
RW_2	ARO:3005300	PDC-207	94	52.657447	59.503191	81.600000
RW_2	ARO:3005302	PDC-376	14	57.528571	63.314286	81.600000
RW_2	ARO:3005303	PDC-117	126	52.246032	61.511905	70.900000
RW_2	ARO:3005304	PDC-231	11	45.118182	42.463636	57.000000
RW_2	ARO:3005305	PDC-104	44	54.593182	54.897727	74.300000
RW_2	ARO:3005306	PDC-173	30	57.003333	51.653333	82.800000
RW_2	ARO:3005307	PDC-292	12	55.641667	48.100000	58.900000
RW_2	ARO:3005309	PDC-119	1	39.600000	43.900000	43.900000
RW_2	ARO:3005310	PDC-313	31	53.783871	50.761290	72.800000
RW_2	ARO:3005311	PDC-257	2	45.600000	49.100000	50.800000
RW_2	ARO:3005312	PDC-429	1	53.700000	42.700000	42.700000
RW_2	ARO:3005313	PDC-449	1	63.600000	65.100000	65.100000
RW_2	ARO:3005314	OXA-540	1870	69.108824	72.155615	117.000000
RW_2	ARO:3005315	OXA-779	1717	63.786488	67.614910	119.000000
RW_2	ARO:3005316	OXA-838	1613	72.483819	74.370428	117.000000
RW_2	ARO:3005317	OXA-539	482	65.167635	68.339627	112.000000
RW_2	ARO:3005318	OXA-543	1044	79.236207	80.147126	117.000000
RW_2	ARO:3005319	OXA-681	2092	71.632266	75.033700	117.000000
RW_2	ARO:3005320	OXA-737	1589	70.877030	72.745060	117.000000
RW_2	ARO:3005321	OXA-541	1227	73.091117	74.522086	115.000000
RW_2	ARO:3005322	OXA-835	1720	64.414477	68.309244	119.000000
RW_2	ARO:3005323	OXA-926	70	58.245714	61.752857	94.000000
RW_2	ARO:3005324	OXA-570	226	46.103982	48.504425	82.800000
RW_2	ARO:3005325	OXA-573	194	46.436082	48.751031	82.400000
RW_2	ARO:3005326	OXA-571	271	45.220295	49.279336	80.900000
RW_2	ARO:3005327	OXA-672	71	65.318310	70.205634	93.600000
RW_2	ARO:3005328	OXA-671	37	59.178378	65.000000	93.600000
RW_2	ARO:3005329	OXA-673	71	61.988732	65.109859	90.900000
RW_2	ARO:3005330	OXA-931	252	70.695635	74.128175	103.000000
RW_2	ARO:3005331	OXA-930	406	71.196305	73.607882	101.000000
RW_2	ARO:3005332	OXA-895	331	69.564048	71.096979	103.000000
RW_2	ARO:3005333	OXA-641	2265	54.726004	60.032141	115.000000
RW_2	ARO:3005334	DfrA42_TMP	6	46.600000	39.650000	42.700000
RW_2	ARO:3005335	OXA-496	121	78.580992	79.252066	105.000000
RW_2	ARO:3005336	OXA-915	83	75.979518	80.330120	103.000000
RW_2	ARO:3005337	OXA-647	257	82.563813	86.520233	105.000000
RW_2	ARO:3005338	OXA-648	121	66.338843	66.594215	99.400000
RW_2	ARO:3005339	OXA-646	113	66.061062	69.755752	104.000000
RW_2	ARO:3005340	OXA-649	220	65.781364	70.458182	104.000000
RW_2	ARO:3005341	OXA-897	46	69.000000	68.376087	105.000000
RW_2	ARO:3005342	OXA-653	47	68.989362	69.310638	105.000000
RW_2	ARO:3005343	OXA-499	135	66.190370	70.623704	102.000000
RW_2	ARO:3005344	OXA-825	130	66.162308	70.950000	102.000000
RW_2	ARO:3005345	DfrA43_TMP	2247	54.732710	54.903471	82.000000
RW_2	ARO:3005346	DfrA34	18	40.427778	42.716667	54.700000
RW_2	ARO:3005347	DfrA37	1301	61.501922	59.917909	107.000000
RW_2	ARO:3005348	DfrA36	2466	51.234509	53.366869	95.100000
RW_2	ARO:3005349	DfrA38	3552	56.099831	57.926745	87.800000
RW_2	ARO:3005350	DfrB9	75	80.586667	74.432000	106.000000
RW_2	ARO:3005351	DfrA39	3213	49.464052	50.766418	101.000000
RW_2	ARO:3005354	dfr22	3594	51.293740	52.587980	105.000000
RW_2	ARO:3005356	KPC-23	34	70.464706	63.341176	105.000000
RW_2	ARO:3005358	KPC-26	9	99.777778	102.977778	109.000000
RW_2	ARO:3005359	KPC-27	3	53.400000	48.766667	53.900000
RW_2	ARO:3005361	KPC-28	112	65.141964	66.233036	108.000000
RW_2	ARO:3005363	KPC-32	1	75.000000	73.600000	73.600000
RW_2	ARO:3005364	KPC-30	2	100.000000	106.000000	109.000000
RW_2	ARO:3005365	KPC-33	2	100.000000	106.000000	109.000000
RW_2	ARO:3005367	KPC-35	2	100.000000	106.000000	109.000000
RW_2	ARO:3005369	KPC-37	36	52.905556	55.261111	109.000000
RW_2	ARO:3005371	KPC-39	1	53.200000	57.400000	57.400000
RW_2	ARO:3005372	KPC-40	3	52.800000	55.433333	58.500000
RW_2	ARO:3005374	KPC-42	1	57.800000	50.400000	50.400000
RW_2	ARO:3005375	KPC-43	4	82.400000	85.350000	109.000000
RW_2	ARO:3005376	KPC-45	9	65.400000	63.911111	109.000000
RW_2	ARO:3005380	KPC-51	11	62.036364	62.490909	103.000000
RW_2	ARO:3005382	KPC-54	5	52.660000	51.620000	63.200000
RW_2	ARO:3005461	EBR-3	41	62.792683	64.941463	110.000000
RW_2	ARO:3005462	EBR-4	64	54.317187	55.539062	111.000000
RW_2	ARO:3005463	IMP-53	17	50.411765	56.141176	95.900000
RW_2	ARO:3005464	IMP-54	25	42.328000	43.268000	56.200000
RW_2	ARO:3005465	IMP-58	15	65.306667	63.513333	99.400000
RW_2	ARO:3005466	IMP-59	35	43.840000	44.334286	84.000000
RW_2	ARO:3005467	IMP-60	13	53.138462	50.746154	85.500000
RW_2	ARO:3005468	IMP-61	8	48.125000	45.162500	58.200000
RW_2	ARO:3005469	IMP-62	28	57.464286	54.175000	95.500000
RW_2	ARO:3005470	IMP-63	9	65.133333	67.511111	93.200000
RW_2	ARO:3005471	IMP-64	15	57.946667	59.046667	92.800000
RW_2	ARO:3005472	IMP-65	21	40.990476	41.842857	56.200000
RW_2	ARO:3005473	IMP-66	8	49.875000	49.200000	85.500000
RW_2	ARO:3005474	IMP-67	13	57.769231	59.215385	92.800000
RW_2	ARO:3005475	IMP-69	27	69.081481	71.681481	97.800000
RW_2	ARO:3005476	IMP-70	7	48.271429	47.971429	85.500000
RW_2	ARO:3005477	IMP-71	16	58.956250	60.956250	95.500000
RW_2	ARO:3005478	IMP-73	20	57.565000	50.840000	89.400000
RW_2	ARO:3005479	IMP-74	9	73.477778	69.977778	101.000000
RW_2	ARO:3005480	IMP-75	13	66.130769	67.861538	95.500000
RW_2	ARO:3005481	IMP-76	6	48.516667	46.850000	85.500000
RW_2	ARO:3005482	IMP-77	6	48.516667	47.116667	85.500000
RW_2	ARO:3005483	IMP-78	8	48.625000	48.425000	85.500000
RW_2	ARO:3005484	IMP-79	9	47.766667	47.322222	85.500000
RW_2	ARO:3005485	IMP-80	6	48.516667	46.850000	85.500000
RW_2	ARO:3005486	IMP-81	24	60.295833	58.183333	97.100000
RW_2	ARO:3005487	IMP-82	17	63.517647	62.847059	95.500000
RW_2	ARO:3005488	IMP-83	10	64.800000	65.840000	95.500000
RW_2	ARO:3005489	IMP-84	19	59.142105	61.873684	99.000000
RW_2	ARO:3005490	IMP-85	20	52.915000	48.055000	89.400000
RW_2	ARO:3005491	IMP-88	5	42.580000	40.740000	47.800000
RW_2	ARO:3005492	IMP-89	18	48.400000	44.422222	84.000000
RW_2	ARO:3005493	IND-16	23	54.934783	58.652174	84.300000
RW_2	ARO:3005494	SIM-2	4	50.800000	53.250000	58.200000
RW_2	ARO:3005495	VIM-47	7	49.742857	51.971429	64.300000
RW_2	ARO:3005496	VIM-48	4	89.650000	84.825000	104.000000
RW_2	ARO:3005497	VIM-49	12	45.083333	47.633333	67.800000
RW_2	ARO:3005498	VIM-50	3	84.033333	86.366667	97.800000
RW_2	ARO:3005499	VIM-51	5	77.080000	80.560000	104.000000
RW_2	ARO:3005500	VIM-52	17	48.576471	56.929412	69.300000
RW_2	ARO:3005501	VIM-53	1	100.000000	104.000000	104.000000
RW_2	ARO:3005502	VIM-54	4	47.100000	43.125000	51.600000
RW_2	ARO:3005503	VIM-55	35	47.660000	52.894286	68.900000
RW_2	ARO:3005504	VIM-56	3	100.000000	99.866667	104.000000
RW_2	ARO:3005505	VIM-57	11	49.518182	53.290909	68.200000
RW_2	ARO:3005506	VIM-58	3	100.000000	99.866667	104.000000
RW_2	ARO:3005507	VIM-59	31	46.848387	54.229032	69.300000
RW_2	ARO:3005508	VIM-60	17	55.223529	59.558824	104.000000
RW_2	ARO:3005509	VIM-61	61	47.816393	53.478689	61.600000
RW_2	ARO:3005510	VIM-62	1	100.000000	104.000000	104.000000
RW_2	ARO:3005511	VIM-63	3	100.000000	99.866667	104.000000
RW_2	ARO:3005512	VIM-64	2	53.350000	47.200000	50.100000
RW_2	ARO:3005513	VIM-65	3	61.800000	69.066667	104.000000
RW_2	ARO:3005514	VIM-66	14	45.628571	50.921429	64.700000
RW_2	ARO:3005516	VIM-68	6	50.033333	60.233333	68.200000
RW_2	ARO:3005517	VIM-69	32	49.912500	52.571875	69.700000
RW_2	ARO:3005518	VIM-70	4	52.625000	60.475000	67.800000
RW_2	ARO:3005519	VIM-71	14	50.871429	55.042857	68.900000
RW_2	ARO:3005522	BlaB-1	47	51.080851	57.136170	80.900000
RW_2	ARO:3005523	BlaB-10	32	48.378125	54.653125	70.900000
RW_2	ARO:3005524	BlaB-11	41	50.890244	57.109756	80.900000
RW_2	ARO:3005525	BlaB-12	44	49.668182	55.822727	71.200000
RW_2	ARO:3005526	BlaB-13	40	49.647500	55.330000	71.200000
RW_2	ARO:3005527	BlaB-14	50	50.954000	57.206000	80.900000
RW_2	ARO:3005528	BlaB-15	34	46.955882	51.894118	78.600000
RW_2	ARO:3005529	BlaB-16	43	51.483721	59.239535	79.300000
RW_2	ARO:3005530	BlaB-17	36	51.463889	58.613889	80.900000
RW_2	ARO:3005531	BlaB-18	32	51.746875	59.462500	80.900000
RW_2	ARO:3005532	BlaB-19	36	49.641667	56.069444	71.200000
RW_2	ARO:3005533	BlaB-2	31	51.587097	59.890323	80.900000
RW_2	ARO:3005534	BlaB-20	29	51.644828	60.210345	80.900000
RW_2	ARO:3005535	BlaB-22	26	46.169231	50.442308	78.600000
RW_2	ARO:3005536	BlaB-23	41	49.582927	55.004878	70.900000
RW_2	ARO:3005537	BlaB-24	29	45.889655	50.493103	78.600000
RW_2	ARO:3005538	BlaB-25	29	45.889655	50.493103	78.600000
RW_2	ARO:3005539	BlaB-26	21	47.595238	51.976190	68.200000
RW_2	ARO:3005540	BlaB-27	21	47.761905	52.780952	68.200000
RW_2	ARO:3005541	BlaB-28	19	47.305263	54.700000	71.200000
RW_2	ARO:3005542	BlaB-29	21	51.790476	61.214286	80.500000
RW_2	ARO:3005543	BlaB-3	17	48.100000	54.258824	69.300000
RW_2	ARO:3005544	BlaB-30	26	51.473077	60.161538	80.900000
RW_2	ARO:3005545	BlaB-31	16	51.506250	62.787500	79.700000
RW_2	ARO:3005546	BlaB-32	45	50.197778	58.477778	80.900000
RW_2	ARO:3005547	BlaB-33	26	51.473077	60.161538	80.900000
RW_2	ARO:3005548	BlaB-34	22	45.795455	50.154545	78.600000
RW_2	ARO:3005549	BlaB-35	26	48.923077	54.480769	69.300000
RW_2	ARO:3005550	BlaB-36	28	48.082143	52.964286	78.600000
RW_2	ARO:3005551	BlaB-38	40	51.140000	60.120000	79.300000
RW_2	ARO:3005552	BlaB-39	12	45.633333	49.100000	67.800000
RW_2	ARO:3005553	BlaB-5	28	46.907143	51.385714	78.600000
RW_2	ARO:3005554	BlaB-6	25	47.456000	51.928000	71.600000
RW_2	ARO:3005555	BlaB-7	28	48.492857	54.539286	70.900000
RW_2	ARO:3005556	BlaB-8	30	48.016667	54.146667	68.200000
RW_2	ARO:3005557	BlaB-9	39	47.905128	54.176923	71.600000
RW_2	ARO:3005558	BUT-2	254	54.787795	56.147638	92.000000
RW_2	ARO:3005559	CARB-11	411	76.346229	74.879075	108.000000
RW_2	ARO:3005560	CARB-24	229	58.799563	60.068122	74.700000
RW_2	ARO:3005561	CARB-25	210	58.665714	60.241905	74.700000
RW_2	ARO:3005562	CARB-26	155	58.861290	60.803871	74.700000
RW_2	ARO:3005563	CARB-27	153	59.247712	60.937908	73.900000
RW_2	ARO:3005564	CARB-28	178	56.852247	60.250562	72.000000
RW_2	ARO:3005565	CARB-29	135	58.090370	59.913333	72.000000
RW_2	ARO:3005566	CARB-30	57	58.403509	59.354386	70.500000
RW_2	ARO:3005567	CARB-31	119	58.269748	59.362185	70.900000
RW_2	ARO:3005568	CARB-32	56	56.562500	57.783929	69.300000
RW_2	ARO:3005569	CARB-33	95	59.734737	61.016842	73.200000
RW_2	ARO:3005570	CARB-34	99	57.613131	58.764646	75.100000
RW_2	ARO:3005571	CARB-35	109	59.630275	60.832110	70.500000
RW_2	ARO:3005572	CARB-36	114	59.131579	60.362281	70.500000
RW_2	ARO:3005573	CARB-38	78	60.132051	60.861538	70.500000
RW_2	ARO:3005574	CARB-40	83	58.700000	60.372289	70.500000
RW_2	ARO:3005575	CARB-41	48	61.672917	62.272917	70.500000
RW_2	ARO:3005576	CARB-42	296	58.978041	62.542905	73.900000
RW_2	ARO:3005577	CARB-43	87	63.612644	62.231034	71.200000
RW_2	ARO:3005578	CARB-44	59	58.591525	59.244068	70.500000
RW_2	ARO:3005579	CARB-45	64	60.106250	60.756250	75.100000
RW_2	ARO:3005580	CARB-46	110	64.356364	64.065455	71.600000
RW_2	ARO:3005581	CARB-47	53	54.200000	58.464151	70.500000
RW_2	ARO:3005582	CARB-48	33	58.403030	59.096970	70.100000
RW_2	ARO:3005583	CARB-49	884	67.495588	68.150000	111.000000
RW_2	ARO:3005584	CARB-50	836	68.420335	69.231699	111.000000
RW_2	ARO:3005585	CARB-51	438	75.261644	74.070091	108.000000
RW_2	ARO:3005586	CARB-52	312	74.501282	73.850321	104.000000
RW_2	ARO:3005587	CARB-53	392	77.294388	75.621173	108.000000
RW_2	ARO:3005588	CARB-54	972	67.805041	68.901029	111.000000
RW_2	ARO:3005589	CARB-55	376	77.896277	76.112234	108.000000
RW_2	ARO:3005590	CTX-M-167	2	50.600000	45.400000	45.400000
RW_2	ARO:3005592	CTX-M-169	1	100.000000	104.000000	104.000000
RW_2	ARO:3005593	CTX-M-170	2	60.600000	61.250000	65.500000
RW_2	ARO:3005594	CTX-M-171	68	67.477941	66.555882	103.000000
RW_2	ARO:3005597	CTX-M-174	17	66.164706	68.076471	83.600000
RW_2	ARO:3005598	CTX-M-175	6	58.733333	63.933333	102.000000
RW_2	ARO:3005599	CTX-M-176	7	52.185714	51.885714	67.400000
RW_2	ARO:3005602	CTX-M-179	20	58.125000	62.220000	80.900000
RW_2	ARO:3005603	CTX-M-180	3	48.533333	58.266667	58.500000
RW_2	ARO:3005605	CTX-M-182	1	64.700000	44.300000	44.300000
RW_2	ARO:3005606	CTX-M-183	1	59.200000	54.700000	54.700000
RW_2	ARO:3005607	CTX-M-184	5	50.980000	44.000000	51.200000
RW_2	ARO:3005608	CTX-M-185	22	57.695455	58.018182	101.000000
RW_2	ARO:3005613	CTX-M-190	1	56.500000	58.200000	58.200000
RW_2	ARO:3005615	CTX-M-192	2	53.600000	56.000000	56.200000
RW_2	ARO:3005616	CTX-M-193	7	46.814286	46.214286	60.800000
RW_2	ARO:3005618	CTX-M-195	17	64.247059	66.217647	83.600000
RW_2	ARO:3005619	CTX-M-196	16	61.756250	63.400000	83.600000
RW_2	ARO:3005621	CTX-M-198	2	76.600000	72.200000	72.400000
RW_2	ARO:3005622	CTX-M-199	30	61.006667	64.090000	84.000000
RW_2	ARO:3005623	CTX-M-200	54	71.935185	69.337037	103.000000
RW_2	ARO:3005625	CTX-M-202	32	56.893750	62.040625	83.600000
RW_2	ARO:3005627	CTX-M-204	2	66.450000	69.500000	74.300000
RW_2	ARO:3005628	CTX-M-205	28	58.921429	59.521429	103.000000
RW_2	ARO:3005630	CTX-M-207	12	55.075000	59.691667	79.000000
RW_2	ARO:3005631	CTX-M-208	1	46.000000	58.900000	58.900000
RW_2	ARO:3005633	CTX-M-210	1	61.200000	55.800000	55.800000
RW_2	ARO:3005635	CTX-M-212	2	66.300000	65.850000	70.500000
RW_2	ARO:3005636	CTX-M-213	12	59.075000	58.991667	93.200000
RW_2	ARO:3005637	CTX-M-214	1	38.800000	42.000000	42.000000
RW_2	ARO:3005638	CTX-M-215	1	50.000000	67.000000	67.000000
RW_2	ARO:3005639	CTX-M-216	4	44.650000	51.800000	57.000000
RW_2	ARO:3005640	CTX-M-217	43	53.555814	55.586047	99.000000
RW_2	ARO:3005642	CTX-M-219	17	54.964706	59.664706	79.000000
RW_2	ARO:3005643	CTX-M-220	8	52.112500	48.087500	97.100000
RW_2	ARO:3005644	CTX-M-221	5	63.920000	66.300000	73.900000
RW_2	ARO:3005645	CTX-M-222	7	61.328571	65.414286	92.000000
RW_2	ARO:3005646	CTX-M-223	14	63.150000	64.950000	83.600000
RW_2	ARO:3005648	CTX-M-225	11	59.681818	69.127273	84.300000
RW_2	ARO:3005651	CTX-M-228	2	57.050000	68.750000	79.000000
RW_2	ARO:3005652	CTX-M-229	80	61.766250	61.460000	99.400000
RW_2	ARO:3005653	CTX-M-230	1	50.000000	55.500000	55.500000
RW_2	ARO:3005654	CTX-M-231	1	53.700000	44.300000	44.300000
RW_2	ARO:3005655	CTX-M-232	1	59.200000	55.100000	55.100000
RW_2	ARO:3005656	CTX-M-233	10	63.130000	64.010000	83.200000
RW_2	ARO:3005657	CTX-M-234	32	62.450000	65.631250	97.100000
RW_2	ARO:3005659	CTX-M-236	1	48.900000	50.100000	50.100000
RW_2	ARO:3005660	CTX-M-237	4	63.725000	66.125000	71.200000
RW_2	ARO:3005662	CTX-M-239	2	53.600000	56.000000	56.200000
RW_2	ARO:3005663	CTX-M-240	10	59.840000	59.810000	81.300000
RW_2	ARO:3005664	CTX-M-241	42	60.926190	58.621429	99.400000
RW_2	ARO:3005665	CTX-M-242	18	63.994444	63.372222	84.000000
RW_2	ARO:3005667	CTX-M-97	46	73.880435	73.771739	103.000000
RW_2	ARO:3005668	GOB-19	57	51.828070	50.796491	92.000000
RW_2	ARO:3005669	GOB-20	61	51.995082	54.609836	84.300000
RW_2	ARO:3005670	GOB-21	60	53.163333	56.053333	84.300000
RW_2	ARO:3005671	GOB-22	69	51.062319	52.302899	95.500000
RW_2	ARO:3005672	GOB-23	61	51.581967	51.340984	84.700000
RW_2	ARO:3005673	GOB-24	87	48.605747	47.087356	84.300000
RW_2	ARO:3005674	GOB-25	64	50.903125	50.098438	92.000000
RW_2	ARO:3005675	GOB-26	56	49.523214	47.932143	81.300000
RW_2	ARO:3005676	GOB-27	67	50.853731	52.013433	95.500000
RW_2	ARO:3005677	GOB-28	83	49.800000	47.936145	84.300000
RW_2	ARO:3005678	GOB-29	62	50.367742	47.700000	93.600000
RW_2	ARO:3005679	GOB-30	120	48.527500	46.110833	84.300000
RW_2	ARO:3005680	GOB-31	55	50.203636	47.010909	95.500000
RW_2	ARO:3005681	GOB-32	63	51.096825	50.334921	92.000000
RW_2	ARO:3005682	GOB-33	35	52.508571	52.234286	80.900000
RW_2	ARO:3005683	GOB-34	34	50.461765	47.873529	80.900000
RW_2	ARO:3005684	GOB-35	34	52.673529	51.002941	81.300000
RW_2	ARO:3005685	GOB-36	27	52.333333	51.292593	81.300000
RW_2	ARO:3005686	GOB-37	35	52.800000	52.391429	81.300000
RW_2	ARO:3005687	GOB-38	52	51.294231	55.265385	84.300000
RW_2	ARO:3005688	GOB-39	43	53.576744	58.081395	84.300000
RW_2	ARO:3005689	GOB-40	108	47.962037	45.255556	84.300000
RW_2	ARO:3005690	GOB-41	103	48.592233	45.618447	82.000000
RW_2	ARO:3005691	GOB-42	45	52.786667	56.740000	92.000000
RW_2	ARO:3005692	GOB-43	117	48.343590	46.298291	82.000000
RW_2	ARO:3005693	GOB-44	71	50.949296	51.987324	95.500000
RW_2	ARO:3005694	GOB-45	115	47.979130	45.686087	82.000000
RW_2	ARO:3005695	GOB-46	73	50.115068	51.157534	95.500000
RW_2	ARO:3005696	GOB-48	43	50.186047	52.760465	82.000000
RW_2	ARO:3005697	GOB-49	45	50.193333	47.848889	93.600000
RW_2	ARO:3005698	GOB-50	42	49.650000	52.404762	82.000000
RW_2	ARO:3005699	GOB-51	32	53.162500	52.200000	80.900000
RW_2	ARO:3005700	NDM-30	53	100.000000	101.388679	113.000000
RW_2	ARO:3005701	NDM-31	48	99.108333	101.577083	113.000000
RW_2	ARO:3005702	OXA-114b	94	55.323404	55.423404	82.000000
RW_2	ARO:3005703	OXA-114c	58	56.591379	58.484483	82.000000
RW_2	ARO:3005704	OXA-114d	71	54.571831	54.700000	81.300000
RW_2	ARO:3005705	OXA-114e	85	55.504706	55.076471	82.000000
RW_2	ARO:3005706	OXA-114f	88	55.975000	55.789773	82.000000
RW_2	ARO:3005707	OXA-114g	98	55.289796	53.905102	82.000000
RW_2	ARO:3005708	OXA-114h	86	55.954651	55.820930	82.000000
RW_2	ARO:3005709	OXA-114i	72	56.291667	56.711111	82.000000
RW_2	ARO:3005710	OXA-114j	51	58.480392	60.217647	82.000000
RW_2	ARO:3005711	OXA-114k	57	55.047368	55.756140	82.000000
RW_2	ARO:3005712	OXA-114l	57	56.559649	57.603509	82.000000
RW_2	ARO:3005713	OXA-114m	55	56.667273	57.745455	82.000000
RW_2	ARO:3005714	OXA-114n	38	58.236842	58.900000	80.900000
RW_2	ARO:3005715	OXA-114p	36	56.652778	58.369444	73.600000
RW_2	ARO:3005716	OXA-114q	53	55.918868	56.405660	82.000000
RW_2	ARO:3005717	OXA-114r	60	55.791667	55.958333	82.000000
RW_2	ARO:3005718	OXA-114s	53	55.886792	57.156604	82.000000
RW_2	ARO:3005719	OXA-114t	47	56.608511	57.485106	82.000000
RW_2	ARO:3005720	OXA-114u	29	58.065517	60.437931	82.000000
RW_2	ARO:3005721	OXA-114v	40	55.942500	57.090000	82.000000
RW_2	ARO:3005722	OXA-114w	42	56.064286	58.007143	82.000000
RW_2	ARO:3005723	OXA-114x	48	55.606250	56.312500	82.000000
RW_2	ARO:3005724	OXA-489	17	54.364706	51.735294	67.400000
RW_2	ARO:3005725	OXA-491	5039	71.135960	74.570173	110.000000
RW_2	ARO:3005726	OXA-493	117	47.251282	44.968376	55.500000
RW_2	ARO:3005727	OXA-494	145	54.406897	56.272414	78.600000
RW_2	ARO:3005728	OXA-497	4	42.575000	40.750000	42.000000
RW_2	ARO:3005729	OXA-498	1720	91.616163	88.147500	112.000000
RW_2	ARO:3005730	OXA-500	96	76.823958	81.443750	93.200000
RW_2	ARO:3005731	OXA-501	106	76.380189	78.443396	108.000000
RW_2	ARO:3005732	OXA-502	102	76.613725	79.561765	107.000000
RW_2	ARO:3005733	OXA-503	139	76.917266	80.074101	93.200000
RW_2	ARO:3005734	OXA-504	931	86.968958	88.611815	115.000000
RW_2	ARO:3005735	OXA-505	66	52.642424	58.145455	111.000000
RW_2	ARO:3005736	OXA-506	130	76.755385	79.801538	93.200000
RW_2	ARO:3005737	OXA-507	2	91.000000	98.150000	100.000000
RW_2	ARO:3005739	OXA-509	8	84.037500	80.250000	85.500000
RW_2	ARO:3005740	OXA-510	45	70.122222	75.028889	84.000000
RW_2	ARO:3005742	OXA-512	1029	96.333236	93.786686	107.000000
RW_2	ARO:3005743	OXA-513	58	52.250000	52.081034	85.500000
RW_2	ARO:3005744	OXA-514	64	48.587500	53.287500	111.000000
RW_2	ARO:3005745	OXA-515	196	51.075510	55.868878	111.000000
RW_2	ARO:3005746	OXA-516	22	73.400000	75.468182	80.900000
RW_2	ARO:3005747	OXA-517	530	53.253585	52.909623	110.000000
RW_2	ARO:3005748	OXA-518	115	46.741739	44.954783	55.500000
RW_2	ARO:3005749	OXA-519	38	51.078947	56.452632	111.000000
RW_2	ARO:3005750	OXA-520	999	94.045145	87.332032	111.000000
RW_2	ARO:3005751	OXA-521	1	52.800000	50.100000	50.100000
RW_2	ARO:3005752	OXA-522	93	75.829032	78.293548	92.000000
RW_2	ARO:3005753	OXA-523	5	75.780000	77.100000	77.800000
RW_2	ARO:3005754	OXA-524	5	75.780000	77.100000	77.800000
RW_2	ARO:3005755	OXA-525	1	70.000000	83.600000	83.600000
RW_2	ARO:3005756	OXA-526	80	76.566250	80.117500	107.000000
RW_2	ARO:3005757	OXA-527	48	65.777083	69.222917	84.700000
RW_2	ARO:3005758	OXA-528	2	88.800000	95.850000	100.000000
RW_2	ARO:3005761	OXA-531	1	76.000000	85.100000	85.100000
RW_2	ARO:3005763	OXA-533	61	77.011475	81.155738	93.200000
RW_2	ARO:3005764	OXA-534	579	94.159067	91.190846	112.000000
RW_2	ARO:3005766	OXA-537	52	70.101923	70.423077	106.000000
RW_2	ARO:3005767	OXA-538	580	52.400172	58.246207	105.000000
RW_2	ARO:3005768	OXA-542	94	65.462766	67.428723	105.000000
RW_2	ARO:3005770	OXA-546	213	47.486854	48.984977	111.000000
RW_2	ARO:3005771	OXA-547	198	46.915657	48.220707	111.000000
RW_2	ARO:3005772	OXA-548	514	50.809922	51.106420	72.400000
RW_2	ARO:3005773	OXA-549	514	51.025097	51.310506	72.400000
RW_2	ARO:3005774	OXA-550	498	50.973695	51.040562	69.700000
RW_2	ARO:3005775	OXA-551	537	51.105959	50.662756	73.600000
RW_2	ARO:3005776	OXA-552	507	51.038264	51.413609	72.400000
RW_2	ARO:3005777	OXA-553	482	50.955602	51.543776	72.400000
RW_2	ARO:3005778	OXA-554	2	68.400000	74.700000	95.900000
RW_2	ARO:3005782	OXA-558	15	78.826667	83.560000	91.700000
RW_2	ARO:3005783	OXA-559	6	52.200000	54.000000	78.200000
RW_2	ARO:3005784	OXA-560	2	88.800000	95.850000	100.000000
RW_2	ARO:3005785	OXA-561	3	82.333333	89.000000	97.100000
RW_2	ARO:3005786	OXA-562	59	69.862712	74.916949	85.100000
RW_2	ARO:3005787	OXA-563	19	52.215789	51.100000	82.800000
RW_2	ARO:3005788	OXA-564	79	76.317722	79.874684	93.200000
RW_2	ARO:3005789	OXA-565	19	83.657895	86.526316	108.000000
RW_2	ARO:3005790	OXA-566	84	47.150000	48.940476	111.000000
RW_2	ARO:3005791	OXA-567	594	53.888721	55.643771	110.000000
RW_2	ARO:3005792	OXA-568	293	68.231058	72.569966	95.900000
RW_2	ARO:3005793	OXA-569	131	57.267939	58.892366	81.600000
RW_2	ARO:3005794	OXA-572	118	55.908475	57.761864	80.100000
RW_2	ARO:3005795	OXA-574	125	57.654400	59.056000	81.600000
RW_2	ARO:3005796	OXA-575	44	59.147727	63.259091	101.000000
RW_2	ARO:3005797	OXA-576	21	51.823810	49.533333	65.500000
RW_2	ARO:3005798	OXA-577	11	45.409091	43.509091	47.800000
RW_2	ARO:3005799	OXA-578	15	51.140000	48.093333	65.500000
RW_2	ARO:3005800	OXA-579	15	51.693333	49.300000	65.500000
RW_2	ARO:3005801	OXA-580	12	50.308333	47.791667	65.500000
RW_2	ARO:3005802	OXA-581	13	50.261538	47.492308	65.500000
RW_2	ARO:3005803	OXA-582	10	51.490000	48.150000	65.500000
RW_2	ARO:3005804	OXA-583	39	48.620513	44.715385	65.500000
RW_2	ARO:3005805	OXA-584	4	54.300000	53.925000	65.500000
RW_2	ARO:3005806	OXA-585	3	49.933333	50.066667	57.000000
RW_2	ARO:3005807	OXA-586	2	47.350000	46.600000	47.800000
RW_2	ARO:3005808	OXA-587	1	55.100000	57.000000	57.000000
RW_2	ARO:3005809	OXA-588	14	45.428571	43.764286	52.000000
RW_2	ARO:3005810	OXA-589	38	47.002632	42.860526	47.800000
RW_2	ARO:3005811	OXA-590	1	46.800000	39.300000	39.300000
RW_2	ARO:3005814	OXA-593	8	60.187500	57.262500	65.900000
RW_2	ARO:3005816	OXA-595	15	49.173333	46.786667	52.800000
RW_2	ARO:3005819	OXA-598	13	52.784615	49.507692	65.500000
RW_2	ARO:3005820	OXA-599	52	47.825000	45.153846	67.400000
RW_2	ARO:3005821	OXA-600	1	40.400000	42.000000	42.000000
RW_2	ARO:3005822	OXA-601	19	48.400000	46.157895	57.000000
RW_2	ARO:3005823	OXA-602	48	48.670833	44.516667	65.500000
RW_2	ARO:3005824	OXA-603	26	49.869231	46.638462	65.500000
RW_2	ARO:3005825	OXA-604	48	48.670833	44.516667	65.500000
RW_2	ARO:3005826	OXA-605	7	45.242857	43.557143	47.400000
RW_2	ARO:3005828	OXA-607	27	49.574074	46.366667	65.500000
RW_2	ARO:3005832	OXA-611	1	46.800000	40.400000	40.400000
RW_2	ARO:3005833	OXA-612	1	40.900000	37.700000	37.700000
RW_2	ARO:3005834	OXA-613	12	47.291667	45.916667	57.000000
RW_2	ARO:3005835	OXA-614	10	48.240000	46.320000	57.000000
RW_2	ARO:3005836	OXA-615	9	49.355556	47.233333	57.000000
RW_2	ARO:3005837	OXA-616	22	52.554545	42.463636	48.100000
RW_2	ARO:3005838	OXA-617	17	57.076471	44.111765	55.100000
RW_2	ARO:3005839	OXA-618	17	59.005882	47.223529	58.200000
RW_2	ARO:3005840	OXA-619	7	61.785714	45.471429	55.100000
RW_2	ARO:3005841	OXA-620	7	59.171429	43.371429	50.100000
RW_2	ARO:3005842	OXA-621	20	40.260000	39.955000	51.600000
RW_2	ARO:3005843	OXA-622	31	46.922581	41.329032	50.400000
RW_2	ARO:3005844	OXA-623	12	48.616667	44.850000	56.600000
RW_2	ARO:3005845	OXA-624	28	46.582143	41.260714	50.400000
RW_2	ARO:3005846	OXA-625	30	50.786667	45.546667	56.600000
RW_2	ARO:3005847	OXA-626	16	46.056250	43.825000	48.900000
RW_2	ARO:3005848	OXA-627	16	46.575000	43.912500	47.800000
RW_2	ARO:3005849	OXA-628	15	46.646667	44.173333	47.800000
RW_2	ARO:3005850	OXA-629	14	47.178571	44.328571	47.800000
RW_2	ARO:3005851	OXA-630	17	47.235294	44.982353	52.800000
RW_2	ARO:3005852	OXA-631	25	50.752000	44.444000	48.900000
RW_2	ARO:3005853	OXA-632	14	46.150000	44.228571	48.900000
RW_2	ARO:3005854	OXA-633	15	47.753333	45.406667	52.800000
RW_2	ARO:3005855	OXA-634	14	46.321429	44.221429	47.800000
RW_2	ARO:3005856	OXA-635	9	43.711111	43.466667	53.100000
RW_2	ARO:3005857	OXA-636	5	44.600000	43.120000	53.100000
RW_2	ARO:3005858	OXA-637	14	46.871429	45.300000	57.000000
RW_2	ARO:3005859	OXA-638	14	53.300000	42.800000	50.100000
RW_2	ARO:3005860	OXA-639	18	54.066667	44.966667	57.000000
RW_2	ARO:3005861	OXA-640	12	48.808333	45.758333	57.000000
RW_2	ARO:3005862	OXA-642	16	73.793750	75.612500	82.000000
RW_2	ARO:3005863	OXA-643	1763	91.312479	88.030006	115.000000
RW_2	ARO:3005864	OXA-644	1821	91.253817	87.816420	114.000000
RW_2	ARO:3005865	OXA-645	1816	90.904405	87.248844	112.000000
RW_2	ARO:3005866	OXA-650	1905	89.809764	86.795853	113.000000
RW_2	ARO:3005867	OXA-651	1877	90.946457	87.644539	115.000000
RW_2	ARO:3005868	OXA-652	1889	90.629910	87.383695	112.000000
RW_2	ARO:3005869	OXA-654	36	71.391667	81.572222	89.400000
RW_2	ARO:3005870	OXA-655	1074	88.697579	85.054935	111.000000
RW_2	ARO:3005871	OXA-656	1241	89.785737	87.046575	111.000000
RW_2	ARO:3005872	OXA-657	36	65.308333	69.302778	104.000000
RW_2	ARO:3005873	OXA-658	6	50.766667	44.516667	53.500000
RW_2	ARO:3005875	OXA-660	27	49.574074	46.366667	65.500000
RW_2	ARO:3005876	OXA-661	82	68.136585	74.124390	85.900000
RW_2	ARO:3005877	OXA-662	1723	89.407719	85.788973	115.000000
RW_2	ARO:3005878	OXA-666	78	71.378205	60.306410	94.700000
RW_2	ARO:3005879	OXA-667	493	74.709331	78.155578	101.000000
RW_2	ARO:3005880	OXA-669	295	70.503729	72.798983	102.000000
RW_2	ARO:3005881	OXA-670	42	59.140476	62.597619	93.600000
RW_2	ARO:3005882	OXA-674	76	65.173684	69.103947	94.000000
RW_2	ARO:3005883	OXA-675	576	92.894792	89.830556	113.000000
RW_2	ARO:3005884	OXA-676	586	88.748805	82.542321	112.000000
RW_2	ARO:3005885	OXA-677	1059	92.348064	86.594523	111.000000
RW_2	ARO:3005886	OXA-678	19	64.631579	65.036842	108.000000
RW_2	ARO:3005887	OXA-679	271	66.457196	66.103321	90.100000
RW_2	ARO:3005888	OXA-680	1	48.800000	41.200000	41.200000
RW_2	ARO:3005889	OXA-682	1	48.800000	41.200000	41.200000
RW_2	ARO:3005890	OXA-683	36	58.405556	52.988889	76.600000
RW_2	ARO:3005891	OXA-684	21	64.300000	56.466667	100.000000
RW_2	ARO:3005892	OXA-685	1	84.000000	96.300000	96.300000
RW_2	ARO:3005893	OXA-686	22	51.809091	54.513636	77.800000
RW_2	ARO:3005894	OXA-687	4	76.875000	77.300000	77.800000
RW_2	ARO:3005896	OXA-689	1	50.000000	38.900000	38.900000
RW_2	ARO:3005897	OXA-690	1	79.600000	91.700000	91.700000
RW_2	ARO:3005898	OXA-691	9	79.555556	86.744444	91.300000
RW_2	ARO:3005899	OXA-692	1	70.000000	83.600000	83.600000
RW_2	ARO:3005903	OXA-696	1	76.000000	85.100000	85.100000
RW_2	ARO:3005904	OXA-697	20	62.615000	54.290000	72.400000
RW_2	ARO:3005906	OXA-699	2	62.150000	65.450000	87.400000
RW_2	ARO:3005910	OXA-703	4	82.775000	88.450000	100.000000
RW_2	ARO:3005911	OXA-704	1	77.800000	82.000000	82.000000
RW_2	ARO:3005912	OXA-705	1	58.000000	65.900000	65.900000
RW_2	ARO:3005915	OXA-708	1	98.000000	100.000000	100.000000
RW_2	ARO:3005918	OXA-711	3	82.800000	84.233333	88.600000
RW_2	ARO:3005920	OXA-713	1	48.800000	41.200000	41.200000
RW_2	ARO:3005921	OXA-714	1	84.000000	96.300000	96.300000
RW_2	ARO:3005923	OXA-716	1	70.000000	72.000000	72.000000
RW_2	ARO:3005924	OXA-717	4	76.875000	77.300000	77.800000
RW_2	ARO:3005929	OXA-722	1	58.000000	65.900000	65.900000
RW_2	ARO:3005931	OXA-726	818	82.296333	86.568949	116.000000
RW_2	ARO:3005932	OXA-727	403	74.912903	72.644665	112.000000
RW_2	ARO:3005933	OXA-728	560	77.157857	78.145893	112.000000
RW_2	ARO:3005934	OXA-729	382	47.245812	49.741885	71.200000
RW_2	ARO:3005935	OXA-730	248	66.690726	66.041532	90.100000
RW_2	ARO:3005936	OXA-731	605	51.694711	54.166942	108.000000
RW_2	ARO:3005937	OXA-732	2339	64.115562	68.946558	119.000000
RW_2	ARO:3005940	OXA-735	11	65.427273	68.427273	75.500000
RW_2	ARO:3005941	OXA-736	575	92.002435	86.656348	112.000000
RW_2	ARO:3005943	OXA-739	7	52.828571	56.614286	60.800000
RW_2	ARO:3005945	OXA-741	16	67.625000	57.675000	72.400000
RW_2	ARO:3005948	OXA-744	1	76.000000	84.300000	84.300000
RW_2	ARO:3005949	OXA-745	4	76.875000	77.300000	77.800000
RW_2	ARO:3005957	OXA-753	4	71.850000	73.475000	74.300000
RW_2	ARO:3005959	OXA-755	39	71.428205	75.161538	91.300000
RW_2	ARO:3005960	OXA-756	2	81.800000	90.850000	92.000000
RW_2	ARO:3005963	OXA-759	8	53.587500	51.725000	77.000000
RW_2	ARO:3005968	OXA-764	11	79.536364	85.836364	91.700000
RW_2	ARO:3005970	OXA-766	101	70.975248	83.525743	87.800000
RW_2	ARO:3005976	OXA-772	3	45.166667	47.000000	54.700000
RW_2	ARO:3005980	OXA-776	1	84.000000	96.300000	96.300000
RW_2	ARO:3005981	OXA-777	16	59.725000	62.287500	77.000000
RW_2	ARO:3005982	OXA-778	63	76.309524	80.374603	93.200000
RW_2	ARO:3005983	OXA-780	859	90.425146	90.923399	116.000000
RW_2	ARO:3005984	OXA-781	17	66.517647	56.705882	72.400000
RW_2	ARO:3005986	OXA-783	6	48.850000	49.033333	68.200000
RW_2	ARO:3005987	OXA-784	35	47.142857	42.662857	47.000000
RW_2	ARO:3005988	OXA-785	25	49.924000	44.216000	49.300000
RW_2	ARO:3005989	OXA-786	27	49.574074	46.366667	65.500000
RW_2	ARO:3005990	OXA-787	56	52.512500	52.126786	85.500000
RW_2	ARO:3005991	OXA-788	1212	52.936799	55.047690	110.000000
RW_2	ARO:3005992	OXA-789	50	53.664000	53.774000	85.500000
RW_2	ARO:3005993	OXA-793	508	53.499606	53.133268	110.000000
RW_2	ARO:3005994	OXA-794	902	96.778492	90.020953	111.000000
RW_2	ARO:3005995	OXA-795	1026	93.085575	86.303801	111.000000
RW_2	ARO:3005996	OXA-796	577	94.373310	91.422010	112.000000
RW_2	ARO:3005997	OXA-797	1	58.100000	39.700000	39.700000
RW_2	ARO:3005998	OXA-798	27	59.355556	54.111111	72.400000
RW_2	ARO:3006000	OXA-800	15	68.593333	59.006667	72.400000
RW_2	ARO:3006001	OXA-801	23	77.721739	81.056522	97.100000
RW_2	ARO:3006002	OXA-802	30	69.166667	74.263333	94.000000
RW_2	ARO:3006003	OXA-803	64	76.909375	81.081250	93.200000
RW_2	ARO:3006004	OXA-804	19	71.652632	75.536842	82.400000
RW_2	ARO:3006005	OXA-805	22	73.695455	75.095455	108.000000
RW_2	ARO:3006006	OXA-806	86	60.569767	58.253488	109.000000
RW_2	ARO:3006007	OXA-807	19	59.342105	60.815789	108.000000
RW_2	ARO:3006008	OXA-808	17	55.735294	56.958824	108.000000
RW_2	ARO:3006009	OXA-809	31	60.506452	64.596774	109.000000
RW_2	ARO:3006010	OXA-810	10	94.770000	93.230000	104.000000
RW_2	ARO:3006011	OXA-811	76	59.556579	56.417105	109.000000
RW_2	ARO:3006012	OXA-813	10	100.000000	101.290000	109.000000
RW_2	ARO:3006013	OXA-814	14	57.535714	57.528571	108.000000
RW_2	ARO:3006014	OXA-815	27	49.748148	52.907407	99.800000
RW_2	ARO:3006015	OXA-816	30	60.440000	64.463333	109.000000
RW_2	ARO:3006016	OXA-817	42	53.914286	58.466667	99.800000
RW_2	ARO:3006017	OXA-819	30	69.726667	73.096667	108.000000
RW_2	ARO:3006018	OXA-820	120	74.855000	79.069167	92.000000
RW_2	ARO:3006019	OXA-821	79	76.516456	80.162025	107.000000
RW_2	ARO:3006020	OXA-822	33	80.196970	86.360606	107.000000
RW_2	ARO:3006021	OXA-823	923	95.676598	89.201192	111.000000
RW_2	ARO:3006022	OXA-824	899	96.435261	89.497887	111.000000
RW_2	ARO:3006023	OXA-826	52	76.182692	80.707692	89.700000
RW_2	ARO:3006024	OXA-827	1218	91.950575	88.391133	112.000000
RW_2	ARO:3006025	OXA-828	4	43.575000	49.775000	54.300000
RW_2	ARO:3006026	OXA-829	36	71.391667	81.572222	89.400000
RW_2	ARO:3006027	OXA-830	311	74.036334	80.080064	112.000000
RW_2	ARO:3006028	OXA-831	3	50.933333	50.833333	51.200000
RW_2	ARO:3006029	OXA-832	17	64.588235	68.200000	82.000000
RW_2	ARO:3006030	OXA-833	86	57.180233	59.191860	109.000000
RW_2	ARO:3006031	OXA-834	3	50.933333	50.833333	51.200000
RW_2	ARO:3006032	OXA-836	280	90.641429	91.993214	107.000000
RW_2	ARO:3006033	OXA-839	51	55.417647	56.254902	82.000000
RW_2	ARO:3006034	OXA-840	44	76.500000	80.752273	89.700000
RW_2	ARO:3006035	OXA-841	19	63.810526	63.300000	108.000000
RW_2	ARO:3006036	OXA-842	17	67.188235	63.994118	79.700000
RW_2	ARO:3006037	OXA-843	16	64.075000	63.675000	108.000000
RW_2	ARO:3006038	OXA-844	42	78.221429	85.773810	99.800000
RW_2	ARO:3006039	OXA-845	23	57.921739	60.017391	101.000000
RW_2	ARO:3006040	OXA-847	117	55.600855	56.241880	78.600000
RW_2	ARO:3006041	OXA-848	133	58.549624	59.085714	82.400000
RW_2	ARO:3006042	OXA-849	65	50.050769	54.176923	77.400000
RW_2	ARO:3006043	OXA-851	57	52.605263	56.301754	79.000000
RW_2	ARO:3006044	OXA-852	100	71.191000	83.972000	87.800000
RW_2	ARO:3006045	OXA-853	1	84.000000	96.300000	96.300000
RW_2	ARO:3006046	OXA-854	1	84.000000	96.300000	96.300000
RW_2	ARO:3006051	OXA-859	3	72.000000	73.433333	74.300000
RW_2	ARO:3006057	OXA-865	3	45.166667	47.000000	54.700000
RW_2	ARO:3006058	OXA-866	3	78.700000	77.533333	77.800000
RW_2	ARO:3006059	OXA-867	2	67.000000	51.200000	58.900000
RW_2	ARO:3006060	OXA-868	1	84.000000	96.300000	96.300000
RW_2	ARO:3006063	OXA-871	1	81.300000	87.800000	87.800000
RW_2	ARO:3006067	OXA-875	1	76.000000	85.100000	85.100000
RW_2	ARO:3006070	OXA-878	16	67.356250	57.893750	72.400000
RW_2	ARO:3006071	OXA-879	1	76.000000	85.100000	85.100000
RW_2	ARO:3006072	OXA-880	3	53.933333	53.633333	76.600000
RW_2	ARO:3006075	OXA-883	6	48.116667	49.500000	65.500000
RW_2	ARO:3006076	OXA-884	3	45.166667	47.000000	54.700000
RW_2	ARO:3006077	OXA-885	20	69.185000	74.740000	91.300000
RW_2	ARO:3006079	OXA-887	1	39.600000	40.400000	40.400000
RW_2	ARO:3006080	OXA-888	78	69.908974	82.053846	87.000000
RW_2	ARO:3006082	OXA-890	4	76.875000	77.300000	77.800000
RW_2	ARO:3006085	OXA-893	4	100.000000	104.825000	109.000000
RW_2	ARO:3006086	OXA-894	182	46.967033	47.924725	111.000000
RW_2	ARO:3006087	OXA-896	113	55.568142	59.524779	101.000000
RW_2	ARO:3006088	OXA-900	537	50.059218	51.403166	72.000000
RW_2	ARO:3006089	OXA-901	42	55.402381	58.085714	79.000000
RW_2	ARO:3006090	OXA-902	92	58.330435	59.654348	82.400000
RW_2	ARO:3006091	OXA-903	86	56.561628	57.050000	78.600000
RW_2	ARO:3006092	OXA-904	125	55.298400	57.139200	78.600000
RW_2	ARO:3006093	OXA-905	103	49.337864	52.803883	76.300000
RW_2	ARO:3006094	OXA-907	49	53.702041	56.512245	81.600000
RW_2	ARO:3006095	OXA-908	208	52.726442	55.110577	82.400000
RW_2	ARO:3006096	OXA-909	1	84.000000	96.300000	96.300000
RW_2	ARO:3006097	OXA-910	1	50.000000	38.900000	38.900000
RW_2	ARO:3006098	OXA-911	2	39.400000	52.150000	53.500000
RW_2	ARO:3006099	OXA-912	756	81.449339	84.886772	117.000000
RW_2	ARO:3006100	OXA-913	30	54.890000	58.243333	79.000000
RW_2	ARO:3006101	OXA-914	166	50.956627	55.610843	78.200000
RW_2	ARO:3006103	OXA-917	873	85.855441	88.641695	115.000000
RW_2	ARO:3006104	OXA-918	159	52.932075	53.147170	111.000000
RW_2	ARO:3006105	OXA-919	64	53.321875	54.406250	117.000000
RW_2	ARO:3006106	OXA-920	149	51.132886	54.408725	66.600000
RW_2	ARO:3006107	OXA-921	575	93.427130	90.310261	110.000000
RW_2	ARO:3006108	OXA-922	154	54.846753	55.962338	111.000000
RW_2	ARO:3006109	OXA-923	76	60.360526	62.035526	111.000000
RW_2	ARO:3006110	OXA-924	100	54.972000	56.720000	111.000000
RW_2	ARO:3006111	OXA-925	36	55.241667	55.219444	81.600000
RW_2	ARO:3006113	OXA-928	1325	86.649132	81.548151	109.000000
RW_2	ARO:3006114	OXA-929	1210	53.093967	55.318843	110.000000
RW_2	ARO:3006115	OXA-932	671	91.895231	87.845306	112.000000
RW_2	ARO:3006116	OXA-935	847	97.279575	90.231877	111.000000
RW_2	ARO:3006117	OXA-937	43	52.951163	57.895349	79.000000
RW_2	ARO:3006118	OXA-938	5	50.780000	44.020000	45.400000
RW_2	ARO:3006121	OXA-941	68	73.604412	76.885294	89.700000
RW_2	ARO:3006122	OXA-942	17	70.123529	72.429412	80.500000
RW_2	ARO:3006123	OXA-943	63	76.763492	80.261905	89.700000
RW_2	ARO:3006124	OXA-945	174	64.708046	68.255172	104.000000
RW_2	ARO:3006125	OXA-946	261	66.649042	66.254406	89.000000
RW_2	ARO:3006126	OXA-947	139	65.343165	64.404317	90.100000
RW_2	ARO:3006127	OXA-948	254	66.687008	65.948031	90.100000
RW_2	ARO:3006128	OXA-949	196	63.390816	62.317347	90.100000
RW_2	ARO:3006129	OXY-2-14	63	55.420635	56.825397	82.800000
RW_2	ARO:3006130	OXY-2-15	117	49.276923	51.047009	94.000000
RW_2	ARO:3006131	PER-10	313	76.136102	73.079233	105.000000
RW_2	ARO:3006132	PER-11	318	75.582075	73.123270	105.000000
RW_2	ARO:3006133	PER-12	279	77.232258	73.584229	105.000000
RW_2	ARO:3006134	PER-13	288	78.349306	75.250000	105.000000
RW_2	ARO:3006135	PER-14	236	74.952542	74.158898	104.000000
RW_2	ARO:3006136	PER-15	247	83.878138	78.254656	105.000000
RW_2	ARO:3006137	PER-16	271	77.859410	74.190406	105.000000
RW_2	ARO:3006138	PER-9	290	78.381724	74.856207	105.000000
RW_2	ARO:3006141	OKP-A-17	71	61.242254	60.721127	101.000000
RW_2	ARO:3006142	OKP-B-16	10	60.770000	61.500000	75.100000
RW_2	ARO:3006143	OKP-B-21	26	63.907692	64.411538	99.800000
RW_2	ARO:3006144	OKP-B-22	5	74.400000	80.660000	99.800000
RW_2	ARO:3006145	OKP-B-23	10	60.770000	61.500000	75.100000
RW_2	ARO:3006146	OKP-B-24	29	54.462069	53.810345	69.300000
RW_2	ARO:3006147	OKP-B-34	45	56.193333	56.113333	75.100000
RW_2	ARO:3006148	OKP-B-36	10	60.770000	61.500000	75.100000
RW_2	ARO:3006149	OKP-B-40	39	56.946154	57.369231	75.100000
RW_2	ARO:3006150	OKP-B-41	9	60.411111	60.633333	75.100000
RW_2	ARO:3006151	OKP-B-45	34	56.841176	57.088235	75.100000
RW_2	ARO:3006152	OKP-C-1	69	54.849275	54.285507	75.900000
RW_2	ARO:3006153	OKP-D-1	170	61.293529	62.675294	75.900000
RW_2	ARO:3006154	BEL-4	237	58.067511	57.237131	107.000000
RW_2	ARO:3006155	CME-2	487	60.065298	61.491170	87.400000
RW_2	ARO:3006156	GES-27	523	99.144168	93.757744	113.000000
RW_2	ARO:3006157	GES-28	493	98.940568	93.586815	113.000000
RW_2	ARO:3006158	GES-29	482	99.171577	93.658714	113.000000
RW_2	ARO:3006159	GES-30	434	94.982028	92.029493	113.000000
RW_2	ARO:3006160	GES-31	215	99.416744	100.318140	113.000000
RW_2	ARO:3006161	GES-32	69	68.691304	69.947826	105.000000
RW_2	ARO:3006162	GES-33	319	92.648903	91.643887	108.000000
RW_2	ARO:3006163	GES-34	352	92.832102	93.835227	113.000000
RW_2	ARO:3006164	GES-35	367	86.254496	87.442507	108.000000
RW_2	ARO:3006165	GES-36	175	97.361143	98.759429	108.000000
RW_2	ARO:3006166	GES-37	150	98.776000	100.250667	108.000000
RW_2	ARO:3006167	GES-38	74	98.393243	99.197297	108.000000
RW_2	ARO:3006168	GES-39	115	81.307826	82.270435	105.000000
RW_2	ARO:3006169	GES-40	122	88.385246	90.376230	108.000000
RW_2	ARO:3006170	GES-41	104	72.105769	73.744231	105.000000
RW_2	ARO:3006172	GES-43	23	96.147826	100.382609	108.000000
RW_2	ARO:3006173	GES-44	32	90.409375	92.962500	107.000000
RW_2	ARO:3006174	GES-45	34	85.714706	87.735294	105.000000
RW_2	ARO:3006175	GES-46	90	82.582222	85.848889	108.000000
RW_2	ARO:3006176	IMI-12	46	48.058696	45.504348	75.100000
RW_2	ARO:3006177	IMI-13	44	48.418182	46.263636	74.300000
RW_2	ARO:3006178	IMI-14	46	46.850000	45.239130	75.100000
RW_2	ARO:3006179	IMI-15	48	46.308333	45.066667	75.100000
RW_2	ARO:3006180	IMI-16	13	53.369231	52.992308	75.900000
RW_2	ARO:3006181	IMI-17	44	47.256818	45.829545	75.100000
RW_2	ARO:3006182	IMI-18	13	53.369231	53.053846	75.900000
RW_2	ARO:3006183	IMI-19	13	53.876923	53.138462	75.900000
RW_2	ARO:3006184	IMI-20	39	47.020513	44.900000	75.100000
RW_2	ARO:3006185	IMI-21	35	48.374286	46.068571	74.300000
RW_2	ARO:3006188	KPC-59	2	51.050000	50.050000	54.300000
RW_2	ARO:3006192	KPC-63	37	69.262162	52.540541	105.000000
RW_2	ARO:3006193	KPC-64	4	62.325000	65.375000	74.300000
RW_2	ARO:3006195	KPC-66	40	74.725000	75.160000	111.000000
RW_2	ARO:3006197	KPC-72	4	50.500000	48.400000	59.300000
RW_2	ARO:3006199	KPC-74	113	65.264602	66.115044	105.000000
RW_2	ARO:3006206	KPC-81	29	87.534483	85.000000	111.000000
RW_2	ARO:3006208	VEB-11	2183	90.353733	88.083372	112.000000
RW_2	ARO:3006209	VEB-12	1759	90.587891	89.774645	111.000000
RW_2	ARO:3006210	VEB-13	2024	91.654644	88.022283	111.000000
RW_2	ARO:3006211	VEB-14	2169	89.138866	85.944214	111.000000
RW_2	ARO:3006212	VEB-15	1763	92.949234	90.947306	112.000000
RW_2	ARO:3006213	VEB-17	1443	92.246292	90.928967	112.000000
RW_2	ARO:3006214	VEB-19	2171	91.455320	90.708337	112.000000
RW_2	ARO:3006215	VEB-20	1899	93.483044	89.988257	112.000000
RW_2	ARO:3006216	VEB-21	1739	91.764865	91.231570	112.000000
RW_2	ARO:3006217	VEB-22	2167	94.871943	92.354176	112.000000
RW_2	ARO:3006218	VEB-23	1927	95.231188	94.803996	112.000000
RW_2	ARO:3006219	VEB-24	920	88.129130	85.288043	112.000000
RW_2	ARO:3006220	VEB-25	1772	95.662190	92.551298	112.000000
RW_2	ARO:3006221	VEB-26	1781	95.360191	91.012914	107.000000
RW_2	ARO:3006222	VEB-27	1239	93.004762	87.842776	112.000000
RW_2	ARO:3006223	BKC-2	300	58.580667	59.505000	103.000000
RW_2	ARO:3006224	CepA-29	814	55.563145	53.976904	112.000000
RW_2	ARO:3006225	CepA-44	832	54.688462	54.218029	112.000000
RW_2	ARO:3006226	CepA-49	824	54.880704	54.444053	112.000000
RW_2	ARO:3006227	FRI-10	41	57.312195	51.868293	62.000000
RW_2	ARO:3006228	ACC-1a	834	55.464269	55.505995	78.600000
RW_2	ARO:3006229	ACC-1b	830	55.428072	55.499036	78.600000
RW_2	ARO:3006230	ACC-1c	821	55.394397	55.461267	78.600000
RW_2	ARO:3006231	ACC-1d	723	55.143154	54.461272	78.600000
RW_2	ARO:3006232	ACC-7	810	55.291111	55.354074	78.600000
RW_2	ARO:3006233	ACC-8	857	55.501050	55.551342	78.600000
RW_2	ARO:3006234	ACT-39	35	65.454286	65.865714	109.000000
RW_2	ARO:3006235	ACT-40	232	53.678879	50.013793	108.000000
RW_2	ARO:3006236	ACT-41	57	69.282456	67.473684	109.000000
RW_2	ARO:3006237	ACT-42	235	54.089787	50.524255	109.000000
RW_2	ARO:3006238	ACT-43	126	62.600000	60.599206	109.000000
RW_2	ARO:3006239	ACT-44	135	64.631111	61.962963	108.000000
RW_2	ARO:3006240	ACT-45	27	76.029630	73.411111	108.000000
RW_2	ARO:3006241	ACT-46	157	50.485987	47.251592	108.000000
RW_2	ARO:3006242	ACT-47	29	68.675862	69.689655	109.000000
RW_2	ARO:3006243	ACT-48	55	71.425455	69.656364	111.000000
RW_2	ARO:3006244	ACT-49	36	74.233333	76.777778	109.000000
RW_2	ARO:3006245	ACT-50	22	68.086364	69.177273	104.000000
RW_2	ARO:3006246	ACT-51	73	82.905479	79.046575	109.000000
RW_2	ARO:3006247	ACT-52	69	84.917391	81.024638	108.000000
RW_2	ARO:3006248	ACT-53	32	64.456250	66.209375	111.000000
RW_2	ARO:3006249	ACT-54	85	69.909412	66.087059	104.000000
RW_2	ARO:3006250	ACT-55	17	74.917647	73.929412	107.000000
RW_2	ARO:3006251	ACT-56	99	62.454545	59.725253	108.000000
RW_2	ARO:3006252	ACT-57	29	93.000000	93.031034	108.000000
RW_2	ARO:3006253	ACT-58	46	69.691304	66.804348	109.000000
RW_2	ARO:3006254	ACT-59	55	56.910909	56.787273	107.000000
RW_2	ARO:3006255	ACT-60	9	76.911111	79.255556	101.000000
RW_2	ARO:3006256	ACT-61	20	76.605000	77.500000	108.000000
RW_2	ARO:3006257	ACT-62	23	83.417391	87.517391	111.000000
RW_2	ARO:3006258	ACT-63	40	68.257500	64.750000	111.000000
RW_2	ARO:3006259	ACT-64	65	81.106154	77.173846	108.000000
RW_2	ARO:3006260	ACT-65	108	61.760185	59.172222	108.000000
RW_2	ARO:3006261	ACT-66	104	63.521154	66.576923	109.000000
RW_2	ARO:3006262	ACT-67	28	68.946429	70.407143	108.000000
RW_2	ARO:3006263	ACT-68	46	73.682609	67.000000	111.000000
RW_2	ARO:3006264	ACT-69	201	47.404975	45.005970	108.000000
RW_2	ARO:3006265	ACT-70	86	62.780233	59.673256	108.000000
RW_2	ARO:3006266	ACT-72	23	66.530435	65.704348	108.000000
RW_2	ARO:3006267	ACT-73	81	63.593827	59.971605	105.000000
RW_2	ARO:3006268	ACT-74	79	62.040506	58.213924	108.000000
RW_2	ARO:3006269	ACT-75	145	48.599310	44.367586	108.000000
RW_2	ARO:3006270	ACT-76	43	72.920930	77.172093	109.000000
RW_2	ARO:3006271	ACT-77	65	77.298462	82.170769	102.000000
RW_2	ARO:3006272	ACT-78	49	77.744898	82.734694	108.000000
RW_2	ARO:3006273	ACT-79	57	56.070175	56.229825	101.000000
RW_2	ARO:3006274	ACT-80	62	78.298387	82.891935	102.000000
RW_2	ARO:3006275	ACT-81	21	73.628571	73.833333	100.000000
RW_2	ARO:3006276	ACT-82	64	76.573437	81.242188	100.000000
RW_2	ARO:3006277	ACT-83	212	46.553774	44.096226	108.000000
RW_2	ARO:3006278	ACT-84	39	58.638462	54.200000	108.000000
RW_2	ARO:3006279	ACT-87	59	86.074576	81.835593	108.000000
RW_2	ARO:3006281	ADC-101	28	57.910714	58.839286	74.300000
RW_2	ARO:3006282	ADC-102	370	57.156486	61.016757	74.300000
RW_2	ARO:3006283	ADC-103	740	64.476351	68.584865	78.600000
RW_2	ARO:3006284	ADC-104	811	64.112454	64.525524	103.000000
RW_2	ARO:3006285	ADC-105	1132	65.432597	71.923145	103.000000
RW_2	ARO:3006286	ADC-106	1205	64.983817	70.796349	103.000000
RW_2	ARO:3006287	ADC-107	1090	66.145229	71.724037	103.000000
RW_2	ARO:3006288	ADC-109	260	67.372692	73.136154	78.600000
RW_2	ARO:3006289	ADC-110	259	67.432046	73.189575	78.600000
RW_2	ARO:3006290	ADC-112	127	66.620472	72.257480	103.000000
RW_2	ARO:3006291	ADC-113	200	64.858500	68.491000	103.000000
RW_2	ARO:3006293	ADC-115	67	67.355224	74.543284	80.500000
RW_2	ARO:3006294	ADC-116	61	66.944262	73.716393	103.000000
RW_2	ARO:3006295	ADC-117	3	75.066667	82.466667	103.000000
RW_2	ARO:3006296	ADC-119	150	59.926000	57.715333	78.200000
RW_2	ARO:3006297	ADC-120	1012	64.428261	67.999111	86.300000
RW_2	ARO:3006298	ADC-121	522	63.822989	64.321073	75.900000
RW_2	ARO:3006300	ADC-123	1907	65.416256	68.910645	83.200000
RW_2	ARO:3006301	ADC-125	276	63.666304	65.268116	85.100000
RW_2	ARO:3006302	ADC-127	828	60.111473	62.426329	85.900000
RW_2	ARO:3006303	ADC-128	794	59.627456	62.726071	85.900000
RW_2	ARO:3006304	ADC-129	917	60.930207	63.864231	85.900000
RW_2	ARO:3006305	ADC-130	702	62.489744	68.126211	86.300000
RW_2	ARO:3006306	ADC-131	659	62.047041	67.676935	86.300000
RW_2	ARO:3006307	ADC-132	639	66.627230	70.025822	92.400000
RW_2	ARO:3006308	ADC-133	1507	63.888719	67.285534	85.900000
RW_2	ARO:3006309	ADC-134	964	64.321784	70.459544	103.000000
RW_2	ARO:3006310	ADC-135	909	62.410231	68.121452	100.000000
RW_2	ARO:3006311	ADC-136	785	64.464968	69.561911	102.000000
RW_2	ARO:3006312	ADC-137	114	61.994737	64.812281	101.000000
RW_2	ARO:3006313	ADC-138	200	62.650000	66.533500	101.000000
RW_2	ARO:3006314	ADC-139	14	42.728571	50.042857	62.000000
RW_2	ARO:3006315	ADC-140	58	58.168966	56.477586	64.300000
RW_2	ARO:3006316	ADC-141	1	42.200000	39.700000	39.700000
RW_2	ARO:3006317	ADC-143	2	67.050000	71.050000	71.600000
RW_2	ARO:3006322	ADC-148	1344	64.243378	67.789807	86.300000
RW_2	ARO:3006323	ADC-149	723	65.715629	72.706362	92.400000
RW_2	ARO:3006324	ADC-150	1114	65.202424	70.549282	92.400000
RW_2	ARO:3006325	ADC-151	577	61.264991	65.731369	99.400000
RW_2	ARO:3006326	ADC-152	139	64.971223	65.707194	85.100000
RW_2	ARO:3006328	ADC-154	187	63.141176	62.503743	74.300000
RW_2	ARO:3006329	ADC-155	41	66.297561	68.741463	75.900000
RW_2	ARO:3006330	ADC-156	234	58.748291	62.923504	103.000000
RW_2	ARO:3006331	ADC-157	1543	64.203759	68.143746	87.400000
RW_2	ARO:3006332	ADC-158	740	65.064324	73.044595	103.000000
RW_2	ARO:3006333	ADC-160	688	64.552180	73.890116	103.000000
RW_2	ARO:3006334	ADC-162	143	67.893706	73.777622	78.600000
RW_2	ARO:3006335	ADC-163	3	75.066667	82.466667	103.000000
RW_2	ARO:3006336	ADC-164	4	67.400000	71.775000	103.000000
RW_2	ARO:3006337	ADC-165	267	65.477154	66.514607	73.600000
RW_2	ARO:3006338	ADC-166	421	66.754869	65.644181	81.600000
RW_2	ARO:3006339	ADC-167	586	63.643174	66.332082	84.300000
RW_2	ARO:3006340	ADC-168	8	52.037500	57.100000	60.800000
RW_2	ARO:3006341	ADC-169	506	64.206126	65.292885	76.600000
RW_2	ARO:3006342	ADC-170	319	64.957680	66.348903	85.100000
RW_2	ARO:3006343	ADC-171	54	58.112963	56.709259	64.300000
RW_2	ARO:3006344	ADC-172	7	44.885714	44.114286	47.400000
RW_2	ARO:3006346	ADC-174	29	65.420690	68.451724	73.200000
RW_2	ARO:3006347	ADC-175	229	64.685153	61.131878	84.700000
RW_2	ARO:3006349	ADC-177	2	67.050000	71.050000	71.600000
RW_2	ARO:3006350	ADC-178	1	72.900000	83.200000	83.200000
RW_2	ARO:3006351	ADC-179	141	61.893617	63.840426	75.900000
RW_2	ARO:3006352	ADC-180	154	61.445455	64.857143	86.300000
RW_2	ARO:3006353	ADC-184	293	63.001365	66.276792	85.100000
RW_2	ARO:3006354	ADC-185	63	58.422222	57.047619	66.200000
RW_2	ARO:3006355	ADC-186	3	49.166667	48.133333	62.800000
RW_2	ARO:3006356	ADC-187	92	62.613043	51.728261	85.100000
RW_2	ARO:3006357	ADC-188	415	66.095663	68.747711	78.600000
RW_2	ARO:3006358	ADC-189	148	64.266216	59.229730	85.500000
RW_2	ARO:3006359	ADC-190	247	64.918623	62.162753	103.000000
RW_2	ARO:3006360	ADC-191	550	64.280727	66.540000	80.100000
RW_2	ARO:3006361	ADC-192	591	65.750761	74.878511	103.000000
RW_2	ARO:3006362	ADC-193	1008	63.321032	68.552282	103.000000
RW_2	ARO:3006363	ADC-194	878	61.636105	65.668679	99.400000
RW_2	ARO:3006364	ADC-195	55	64.443636	70.490909	85.100000
RW_2	ARO:3006365	ADC-196	2	52.000000	52.800000	52.800000
RW_2	ARO:3006366	ADC-197	1	34.000000	39.700000	39.700000
RW_2	ARO:3006370	ADC-201	1345	67.172937	74.982900	101.000000
RW_2	ARO:3006371	ADC-202	645	63.485891	67.099535	80.100000
RW_2	ARO:3006372	ADC-203	10	59.190000	64.310000	72.000000
RW_2	ARO:3006373	ADC-204	4	42.150000	41.375000	43.900000
RW_2	ARO:3006374	ADC-205	434	58.371198	60.360138	99.400000
RW_2	ARO:3006375	ADC-206	1271	65.467899	70.881275	92.400000
RW_2	ARO:3006376	ADC-207	1747	65.032284	70.187464	101.000000
RW_2	ARO:3006377	ADC-208	165	57.867879	60.606061	101.000000
RW_2	ARO:3006378	ADC-209	1081	63.034968	65.338853	82.000000
RW_2	ARO:3006379	ADC-210	1129	66.747387	75.116120	101.000000
RW_2	ARO:3006380	ADC-211	58	57.868966	56.389655	64.300000
RW_2	ARO:3006383	ADC-214	101	62.745545	61.337624	85.100000
RW_2	ARO:3006384	ADC-215	97	62.734021	61.016495	76.300000
RW_2	ARO:3006385	ADC-216	1412	67.070467	71.879887	89.000000
RW_2	ARO:3006389	ADC-220	1	65.300000	71.600000	71.600000
RW_2	ARO:3006390	ADC-221	998	65.880561	68.313727	92.400000
RW_2	ARO:3006391	ADC-222	21	54.261905	53.738095	81.600000
RW_2	ARO:3006392	ADC-223	646	65.578947	67.994737	85.500000
RW_2	ARO:3006394	ADC-225	1	44.900000	40.800000	40.800000
RW_2	ARO:3006398	ADC-229	1	68.000000	74.700000	74.700000
RW_2	ARO:3006399	ADC-230	92	63.258696	60.984783	76.300000
RW_2	ARO:3006400	ADC-231	1	65.300000	71.600000	71.600000
RW_2	ARO:3006403	ADC-234	708	60.938983	61.866384	103.000000
RW_2	ARO:3006404	ADC-235	30	59.793333	61.800000	74.700000
RW_2	ARO:3006405	ADC-236	73	63.828767	59.086301	77.800000
RW_2	ARO:3006406	ADC-237	806	63.186352	63.942308	80.100000
RW_2	ARO:3006408	ADC-239	653	62.013936	67.760796	86.300000
RW_2	ARO:3006409	ADC-24	1054	64.641935	69.158444	86.300000
RW_2	ARO:3006410	ADC-240	85	62.662353	51.330588	69.300000
RW_2	ARO:3006411	ADC-241	1	56.900000	57.800000	57.800000
RW_2	ARO:3006412	ADC-242	2	38.950000	43.900000	48.100000
RW_2	ARO:3006413	ADC-243	190	67.391579	71.671579	81.600000
RW_2	ARO:3006414	ADC-244	2	52.000000	52.800000	52.800000
RW_2	ARO:3006415	ADC-245	881	63.879001	67.580136	86.300000
RW_2	ARO:3006416	ADC-246	141	63.002128	64.675887	75.900000
RW_2	ARO:3006417	ADC-247	99	64.749495	67.189899	74.300000
RW_2	ARO:3006418	ADC-248	316	67.582278	66.846835	81.600000
RW_2	ARO:3006419	ADC-249	368	67.327174	67.278804	81.600000
RW_2	ARO:3006421	ADC-251	449	64.275724	65.351002	81.300000
RW_2	ARO:3006422	ADC-252	570	63.252807	65.234561	92.400000
RW_2	ARO:3006423	ADC-253	456	58.592325	62.063377	94.400000
RW_2	ARO:3006424	ADC-254	916	62.983734	64.403603	80.900000
RW_2	ARO:3006425	ADC-255	506	59.836166	64.450000	86.300000
RW_2	ARO:3006426	ADC-256	6	51.150000	48.833333	65.500000
RW_2	ARO:3006427	ADC-29	2	40.400000	40.800000	40.800000
RW_2	ARO:3006428	ADC-32	189	67.253439	71.704233	81.600000
RW_2	ARO:3006430	ADC-38	4	52.675000	54.275000	69.300000
RW_2	ARO:3006431	ADC-51	2	43.900000	41.950000	43.900000
RW_2	ARO:3006432	ADC-52	111	64.724324	67.524324	76.300000
RW_2	ARO:3006433	ADC-53	11	56.818182	64.172727	80.500000
RW_2	ARO:3006434	ADC-54	45	59.924444	59.160000	75.500000
RW_2	ARO:3006436	ADC-63	10	62.060000	64.970000	75.900000
RW_2	ARO:3006437	ADC-65	1	64.300000	62.400000	62.400000
RW_2	ARO:3006438	ADC-66	2	52.800000	51.400000	62.400000
RW_2	ARO:3006439	ADC-70	518	64.089575	68.388996	81.300000
RW_2	ARO:3006440	ADC-83	914	63.710394	64.086214	85.100000
RW_2	ARO:3006441	ADC-84	2086	63.878476	68.129578	85.900000
RW_2	ARO:3006442	ADC-85	1442	65.052219	70.759431	99.000000
RW_2	ARO:3006443	ADC-86	1164	64.877491	69.536340	100.000000
RW_2	ARO:3006444	ADC-87	221	60.969683	67.705882	82.800000
RW_2	ARO:3006445	ADC-88	600	63.288667	66.282167	84.300000
RW_2	ARO:3006446	ADC-89	48	63.064583	49.397917	60.800000
RW_2	ARO:3006447	ADC-90	9	56.022222	55.866667	60.800000
RW_2	ARO:3006448	ADC-91	10	56.210000	62.270000	67.400000
RW_2	ARO:3006449	ADC-92	206	58.490291	60.927184	72.000000
RW_2	ARO:3006450	ADC-93	1	44.400000	39.700000	39.700000
RW_2	ARO:3006451	ADC-94	2	43.900000	41.950000	43.900000
RW_2	ARO:3006452	ADC-95	1	93.500000	63.900000	63.900000
RW_2	ARO:3006453	ADC-96	2	52.200000	52.550000	55.800000
RW_2	ARO:3006454	ADC-97	96	64.871875	67.616667	74.300000
RW_2	ARO:3006455	ADC-98	63	59.311111	61.887302	75.900000
RW_2	ARO:3006456	ADC-99	43	58.876744	62.123256	75.900000
RW_2	ARO:3006457	CMY-137	68	74.020588	80.151471	106.000000
RW_2	ARO:3006458	CMY-159	66	67.542424	72.854545	107.000000
RW_2	ARO:3006459	CMY-167	31	95.196774	101.229032	110.000000
RW_2	ARO:3006460	CMY-168	13	87.876923	93.207692	109.000000
RW_2	ARO:3006461	CMY-169	204	80.285294	83.072549	112.000000
RW_2	ARO:3006462	CMY-170	6	89.566667	99.450000	112.000000
RW_2	ARO:3006463	CMY-174	4	63.850000	47.750000	70.900000
RW_2	ARO:3006464	CMY-8b	940	78.274681	77.277447	108.000000
RW_2	ARO:3006465	DHA-24	271	75.974539	75.738007	114.000000
RW_2	ARO:3006466	DHA-25	231	77.569264	76.757143	114.000000
RW_2	ARO:3006467	DHA-26	215	81.655349	80.320465	114.000000
RW_2	ARO:3006468	DHA-27	322	72.609317	73.795342	114.000000
RW_2	ARO:3006469	DHA-28	209	68.187560	70.458373	114.000000
RW_2	ARO:3006470	DHA-29	201	80.357711	80.118408	114.000000
RW_2	ARO:3006471	FOX-13	429	71.617949	72.578555	113.000000
RW_2	ARO:3006472	FOX-14	427	72.192506	72.645433	113.000000
RW_2	ARO:3006473	FOX-15	371	75.706469	76.114825	110.000000
RW_2	ARO:3006474	FOX-16	378	73.209524	73.829894	114.000000
RW_2	ARO:3006475	FOX-17	336	73.475298	73.826190	111.000000
RW_2	ARO:3006477	MOX-12	839	90.547318	88.763886	110.000000
RW_2	ARO:3006478	MOX-13	869	90.025086	87.181128	110.000000
RW_2	ARO:3006479	MOX-14	939	79.922897	78.305644	108.000000
RW_2	ARO:3006480	PDC-100	38	59.215789	64.447368	81.300000
RW_2	ARO:3006482	PDC-102	1	53.700000	42.700000	42.700000
RW_2	ARO:3006483	PDC-103	3	50.966667	46.966667	62.400000
RW_2	ARO:3006484	PDC-106	2	61.250000	42.700000	45.400000
RW_2	ARO:3006486	PDC-108	1	42.600000	37.700000	37.700000
RW_2	ARO:3006487	PDC-109	34	67.638235	66.623529	79.000000
RW_2	ARO:3006488	PDC-110	5	73.820000	47.840000	52.400000
RW_2	ARO:3006491	PDC-113	27	51.796296	55.162963	81.600000
RW_2	ARO:3006492	PDC-114	10	43.070000	42.240000	57.000000
RW_2	ARO:3006493	PDC-115	3	35.700000	39.266667	41.200000
RW_2	ARO:3006498	PDC-122	4	48.300000	54.200000	58.900000
RW_2	ARO:3006501	PDC-125	317	55.238170	57.794953	86.300000
RW_2	ARO:3006502	PDC-126	1	46.800000	50.100000	50.100000
RW_2	ARO:3006503	PDC-127	9	67.466667	70.355556	79.000000
RW_2	ARO:3006504	PDC-128	82	53.492683	57.573171	74.700000
RW_2	ARO:3006506	PDC-13	3	60.800000	58.033333	79.000000
RW_2	ARO:3006507	PDC-130	173	58.475723	56.012139	81.300000
RW_2	ARO:3006508	PDC-131	1	51.200000	45.400000	45.400000
RW_2	ARO:3006509	PDC-132	7	57.471429	49.557143	66.200000
RW_2	ARO:3006510	PDC-133	36	56.527778	61.500000	81.600000
RW_2	ARO:3006512	PDC-135	3	40.800000	41.833333	50.100000
RW_2	ARO:3006513	PDC-136	4	51.025000	43.125000	54.300000
RW_2	ARO:3006514	PDC-137	14	64.678571	62.635714	75.900000
RW_2	ARO:3006517	PDC-140	303	55.260066	57.690429	86.300000
RW_2	ARO:3006518	PDC-141	183	57.724590	55.773770	81.600000
RW_2	ARO:3006521	PDC-144	10	58.300000	58.810000	82.000000
RW_2	ARO:3006523	PDC-146	5	64.780000	69.720000	78.600000
RW_2	ARO:3006525	PDC-148	43	59.355814	62.106977	81.600000
RW_2	ARO:3006526	PDC-149	14	56.964286	60.485714	81.600000
RW_2	ARO:3006527	PDC-15	1	48.000000	52.000000	52.000000
RW_2	ARO:3006529	PDC-151	310	55.260000	57.795484	86.300000
RW_2	ARO:3006530	PDC-152	1	46.800000	50.100000	50.100000
RW_2	ARO:3006531	PDC-153	10	66.920000	69.640000	79.000000
RW_2	ARO:3006532	PDC-154	21	53.538095	61.619048	70.900000
RW_2	ARO:3006533	PDC-155	69	58.056522	60.514493	81.600000
RW_2	ARO:3006534	PDC-156	1	70.000000	72.800000	72.800000
RW_2	ARO:3006535	PDC-157	13	57.369231	58.561538	81.600000
RW_2	ARO:3006537	PDC-159	3	51.800000	48.933333	54.700000
RW_2	ARO:3006539	PDC-160	291	54.899313	57.666323	86.300000
RW_2	ARO:3006541	PDC-162	44	52.329545	58.111364	67.800000
RW_2	ARO:3006542	PDC-163	4	64.050000	54.300000	78.600000
RW_2	ARO:3006543	PDC-164	1	48.500000	38.100000	38.100000
RW_2	ARO:3006544	PDC-165	8	70.037500	63.287500	73.900000
RW_2	ARO:3006545	PDC-166	9	60.044444	63.066667	81.600000
RW_2	ARO:3006546	PDC-167	32	57.003125	62.425000	81.600000
RW_2	ARO:3006547	PDC-168	2	47.900000	49.700000	51.600000
RW_2	ARO:3006548	PDC-169	19	53.268421	58.315789	72.800000
RW_2	ARO:3006549	PDC-17	25	56.780000	52.508000	66.600000
RW_2	ARO:3006550	PDC-170	23	58.104348	60.043478	81.600000
RW_2	ARO:3006551	PDC-171	1	70.000000	72.800000	72.800000
RW_2	ARO:3006554	PDC-175	76	53.919737	57.903947	74.700000
RW_2	ARO:3006555	PDC-176	3	49.366667	39.666667	40.400000
RW_2	ARO:3006556	PDC-177	3	54.000000	58.000000	66.200000
RW_2	ARO:3006557	PDC-178	3	47.533333	49.833333	51.600000
RW_2	ARO:3006558	PDC-179	1	61.400000	57.400000	57.400000
RW_2	ARO:3006559	PDC-18	53	54.992453	58.105660	77.800000
RW_2	ARO:3006560	PDC-180	4	51.025000	43.125000	54.300000
RW_2	ARO:3006561	PDC-181	20	47.775000	50.425000	61.600000
RW_2	ARO:3006562	PDC-182	9	56.422222	59.777778	72.000000
RW_2	ARO:3006563	PDC-184	17	56.452941	60.729412	71.200000
RW_2	ARO:3006565	PDC-186	2	61.750000	55.650000	56.200000
RW_2	ARO:3006566	PDC-187	15	54.586667	63.066667	82.800000
RW_2	ARO:3006567	PDC-188	14	62.842857	61.428571	75.900000
RW_2	ARO:3006568	PDC-189	29	56.868966	62.034483	81.600000
RW_2	ARO:3006569	PDC-190	6	62.216667	64.850000	76.300000
RW_2	ARO:3006570	PDC-191	6	53.216667	56.150000	57.000000
RW_2	ARO:3006571	PDC-192	1	37.000000	37.700000	37.700000
RW_2	ARO:3006572	PDC-193	1	61.400000	57.400000	57.400000
RW_2	ARO:3006573	PDC-194	10	43.070000	42.240000	57.000000
RW_2	ARO:3006574	PDC-195	9	63.600000	60.300000	71.600000
RW_2	ARO:3006576	PDC-197	47	55.291489	59.687234	81.600000
RW_2	ARO:3006579	PDC-20	9	56.355556	58.155556	70.500000
RW_2	ARO:3006581	PDC-202	60	57.280000	60.385000	82.800000
RW_2	ARO:3006582	PDC-203	13	61.346154	65.915385	82.800000
RW_2	ARO:3006583	PDC-204	3	52.400000	52.266667	57.400000
RW_2	ARO:3006584	PDC-205	21	55.419048	57.376190	71.200000
RW_2	ARO:3006586	PDC-208	1	61.400000	57.400000	57.400000
RW_2	ARO:3006587	PDC-209	9	41.277778	40.600000	43.500000
RW_2	ARO:3006589	PDC-211	5	59.960000	63.180000	76.300000
RW_2	ARO:3006590	PDC-213	41	58.634146	62.690244	80.100000
RW_2	ARO:3006591	PDC-214	47	58.197872	65.363830	83.200000
RW_2	ARO:3006593	PDC-216	34	52.552941	61.955882	80.100000
RW_2	ARO:3006594	PDC-217	2	47.900000	49.700000	51.600000
RW_2	ARO:3006597	PDC-21a	10	55.460000	56.420000	70.500000
RW_2	ARO:3006598	PDC-21b	2	52.450000	61.200000	63.900000
RW_2	ARO:3006601	PDC-221	5	42.040000	40.440000	42.000000
RW_2	ARO:3006602	PDC-222	2	46.350000	40.050000	41.600000
RW_2	ARO:3006603	PDC-223	95	62.949474	56.056842	82.800000
RW_2	ARO:3006604	PDC-224	58	59.108621	59.712069	82.800000
RW_2	ARO:3006605	PDC-226	8	46.675000	41.737500	54.300000
RW_2	ARO:3006606	PDC-227	10	52.340000	50.940000	57.000000
RW_2	ARO:3006607	PDC-228	37	57.613514	61.783784	82.800000
RW_2	ARO:3006608	PDC-229	23	54.556522	53.821739	67.000000
RW_2	ARO:3006609	PDC-230	23	54.556522	53.821739	67.000000
RW_2	ARO:3006610	PDC-232	4	69.575000	64.900000	79.000000
RW_2	ARO:3006612	PDC-234	4	51.025000	43.125000	54.300000
RW_2	ARO:3006613	PDC-235	6	53.216667	56.150000	57.000000
RW_2	ARO:3006614	PDC-236	16	63.712500	69.887500	81.600000
RW_2	ARO:3006615	PDC-237	27	56.781481	55.462963	79.000000
RW_2	ARO:3006616	PDC-238	21	51.695238	55.714286	72.800000
RW_2	ARO:3006619	PDC-241	173	58.579191	57.688439	81.600000
RW_2	ARO:3006620	PDC-242	4	42.325000	40.350000	42.000000
RW_2	ARO:3006621	PDC-243	4	44.400000	39.175000	41.600000
RW_2	ARO:3006622	PDC-244	26	58.407692	57.957692	82.800000
RW_2	ARO:3006623	PDC-245	2	42.900000	44.100000	50.100000
RW_2	ARO:3006624	PDC-246	10	54.850000	54.450000	70.500000
RW_2	ARO:3006625	PDC-247	74	59.122973	56.968919	80.100000
RW_2	ARO:3006626	PDC-248	5	53.600000	61.080000	68.600000
RW_2	ARO:3006628	PDC-25	1	60.400000	67.800000	67.800000
RW_2	ARO:3006629	PDC-250	185	57.092432	57.674054	84.700000
RW_2	ARO:3006630	PDC-251	3	50.000000	49.066667	54.700000
RW_2	ARO:3006631	PDC-252	2	44.800000	38.700000	38.900000
RW_2	ARO:3006633	PDC-254	5	55.840000	58.780000	70.500000
RW_2	ARO:3006634	PDC-256	1	53.700000	42.700000	42.700000
RW_2	ARO:3006635	PDC-259	62	54.959677	61.275806	71.200000
RW_2	ARO:3006636	PDC-26	17	55.629412	54.811765	70.500000
RW_2	ARO:3006638	PDC-261	4	58.650000	61.825000	70.500000
RW_2	ARO:3006639	PDC-262	2	47.800000	49.100000	54.300000
RW_2	ARO:3006640	PDC-263	128	58.724219	55.946875	81.300000
RW_2	ARO:3006641	PDC-265	32	68.868750	64.825000	81.600000
RW_2	ARO:3006642	PDC-266	1	66.700000	74.700000	74.700000
RW_2	ARO:3006645	PDC-270	5	53.220000	54.740000	71.600000
RW_2	ARO:3006646	PDC-271	1	46.800000	50.100000	50.100000
RW_2	ARO:3006647	PDC-273	5	46.660000	46.600000	71.600000
RW_2	ARO:3006648	PDC-274	1	39.600000	45.100000	45.100000
RW_2	ARO:3006649	PDC-275	2	48.900000	47.950000	50.100000
RW_2	ARO:3006650	PDC-276	46	52.136957	60.945652	70.900000
RW_2	ARO:3006651	PDC-277	25	57.276000	63.044000	81.600000
RW_2	ARO:3006652	PDC-278	6	53.033333	56.583333	61.600000
RW_2	ARO:3006653	PDC-279	13	43.684615	41.176923	49.300000
RW_2	ARO:3006654	PDC-280	27	60.718519	57.911111	79.000000
RW_2	ARO:3006655	PDC-281	6	53.216667	56.150000	57.000000
RW_2	ARO:3006656	PDC-282	13	54.084615	58.976923	71.200000
RW_2	ARO:3006657	PDC-283	159	55.218868	64.072956	83.200000
RW_2	ARO:3006660	PDC-288	1	51.200000	45.400000	45.400000
RW_2	ARO:3006661	PDC-289	4	63.625000	60.850000	66.600000
RW_2	ARO:3006663	PDC-291	12	59.316667	53.333333	75.100000
RW_2	ARO:3006664	PDC-294	2	51.600000	48.550000	54.700000
RW_2	ARO:3006665	PDC-295	5	64.800000	69.480000	74.700000
RW_2	ARO:3006666	PDC-296	13	52.376923	57.653846	72.800000
RW_2	ARO:3006671	PDC-300	88	70.270455	55.497727	85.100000
RW_2	ARO:3006673	PDC-302	1	61.400000	57.400000	57.400000
RW_2	ARO:3006674	PDC-303	4	51.650000	62.000000	68.600000
RW_2	ARO:3006676	PDC-305	1	39.600000	43.900000	43.900000
RW_2	ARO:3006677	PDC-307	1	50.000000	55.500000	55.500000
RW_2	ARO:3006678	PDC-308	1	39.600000	43.900000	43.900000
RW_2	ARO:3006681	PDC-310	8	55.450000	55.250000	59.300000
RW_2	ARO:3006683	PDC-312	2	62.150000	52.550000	59.300000
RW_2	ARO:3006684	PDC-314	113	52.314159	61.546018	70.900000
RW_2	ARO:3006685	PDC-315	3	49.300000	48.666667	49.700000
RW_2	ARO:3006686	PDC-316	7	54.100000	54.400000	57.000000
RW_2	ARO:3006687	PDC-317	3	59.666667	55.333333	57.400000
RW_2	ARO:3006689	PDC-319	5	57.840000	62.780000	82.000000
RW_2	ARO:3006690	PDC-32	4	66.500000	41.475000	46.200000
RW_2	ARO:3006691	PDC-320	2	53.100000	62.000000	73.600000
RW_2	ARO:3006693	PDC-322	1	41.500000	39.300000	39.300000
RW_2	ARO:3006695	PDC-326	16	68.268750	65.612500	81.600000
RW_2	ARO:3006696	PDC-327	31	58.438710	63.245161	80.500000
RW_2	ARO:3006697	PDC-328	6	48.466667	52.966667	58.900000
RW_2	ARO:3006698	PDC-329	19	53.168421	58.836842	72.800000
RW_2	ARO:3006699	PDC-33	283	55.558657	58.577739	86.300000
RW_2	ARO:3006701	PDC-331	45	66.651111	62.771111	82.800000
RW_2	ARO:3006702	PDC-332	58	64.539655	60.398276	82.800000
RW_2	ARO:3006703	PDC-333	91	68.569231	55.306593	84.700000
RW_2	ARO:3006704	PDC-334	3	44.233333	39.533333	41.600000
RW_2	ARO:3006705	PDC-335	1	57.800000	55.100000	55.100000
RW_2	ARO:3006707	PDC-338	5	57.340000	61.840000	70.900000
RW_2	ARO:3006708	PDC-339	25	69.296000	67.896000	81.600000
RW_2	ARO:3006709	PDC-34	11	64.909091	67.545455	79.000000
RW_2	ARO:3006712	PDC-342	256	55.629688	58.455859	86.300000
RW_2	ARO:3006713	PDC-343	267	56.227341	59.358801	86.300000
RW_2	ARO:3006714	PDC-344	196	57.083673	58.182653	86.300000
RW_2	ARO:3006715	PDC-345	4	47.350000	46.400000	55.100000
RW_2	ARO:3006716	PDC-347	63	58.980952	57.061905	80.100000
RW_2	ARO:3006718	PDC-349	9	58.377778	64.044444	79.700000
RW_2	ARO:3006720	PDC-350	15	66.753333	63.160000	81.600000
RW_2	ARO:3006723	PDC-354	4	53.375000	55.850000	59.700000
RW_2	ARO:3006724	PDC-355	5	60.740000	65.780000	66.600000
RW_2	ARO:3006727	PDC-358	15	52.686667	58.046667	68.200000
RW_2	ARO:3006728	PDC-359	3	35.700000	39.266667	41.200000
RW_2	ARO:3006730	PDC-360	21	61.047619	58.890476	79.000000
RW_2	ARO:3006731	PDC-361	2	57.650000	57.950000	74.300000
RW_2	ARO:3006732	PDC-362	82	53.639024	64.384146	71.200000
RW_2	ARO:3006734	PDC-364	31	59.680645	63.222581	80.500000
RW_2	ARO:3006735	PDC-365	14	57.264286	63.071429	70.900000
RW_2	ARO:3006736	PDC-366	7	68.928571	69.757143	79.700000
RW_2	ARO:3006739	PDC-369	1	56.900000	61.200000	61.200000
RW_2	ARO:3006744	PDC-373	3	44.233333	39.533333	41.600000
RW_2	ARO:3006745	PDC-374	1	61.100000	45.100000	45.100000
RW_2	ARO:3006748	PDC-378	4	69.575000	64.900000	79.000000
RW_2	ARO:3006749	PDC-379	16	55.168750	54.293750	72.800000
RW_2	ARO:3006750	PDC-38	8	67.150000	69.950000	79.000000
RW_2	ARO:3006751	PDC-381	8	63.037500	63.025000	71.600000
RW_2	ARO:3006752	PDC-382	4	44.400000	39.175000	41.600000
RW_2	ARO:3006753	PDC-383	15	47.626667	54.160000	65.900000
RW_2	ARO:3006756	PDC-387	13	59.746154	60.615385	79.000000
RW_2	ARO:3006760	PDC-390	3	63.733333	72.000000	79.700000
RW_2	ARO:3006761	PDC-391	55	58.750909	62.967273	83.600000
RW_2	ARO:3006762	PDC-392	8	55.250000	57.375000	75.100000
RW_2	ARO:3006763	PDC-394	12	46.183333	44.475000	57.000000
RW_2	ARO:3006764	PDC-395	13	66.515385	67.846154	79.000000
RW_2	ARO:3006765	PDC-396	22	61.509091	65.759091	80.500000
RW_2	ARO:3006766	PDC-397	4	67.125000	63.075000	78.600000
RW_2	ARO:3006767	PDC-398	6	53.883333	51.983333	71.200000
RW_2	ARO:3006768	PDC-399	1	49.000000	58.500000	58.500000
RW_2	ARO:3006769	PDC-40	1	53.700000	44.700000	44.700000
RW_2	ARO:3006770	PDC-400	2	55.700000	56.450000	57.400000
RW_2	ARO:3006771	PDC-401	1	56.300000	62.800000	62.800000
RW_2	ARO:3006774	PDC-404	1	46.900000	51.600000	51.600000
RW_2	ARO:3006775	PDC-405	102	56.694118	63.872549	81.300000
RW_2	ARO:3006778	PDC-408	1	57.800000	55.100000	55.100000
RW_2	ARO:3006779	PDC-409	1	41.500000	39.300000	39.300000
RW_2	ARO:3006781	PDC-411	2	51.600000	48.550000	54.700000
RW_2	ARO:3006783	PDC-414	4	58.050000	61.325000	68.900000
RW_2	ARO:3006785	PDC-416	27	64.088889	61.548148	79.000000
RW_2	ARO:3006786	PDC-417	38	53.715789	55.847368	72.800000
RW_2	ARO:3006787	PDC-418	99	64.390909	57.000000	82.800000
RW_2	ARO:3006789	PDC-42	214	56.401869	59.353738	86.300000
RW_2	ARO:3006790	PDC-420	18	53.400000	62.833333	80.100000
RW_2	ARO:3006791	PDC-421	2	58.050000	64.500000	67.800000
RW_2	ARO:3006792	PDC-422	7	53.414286	57.657143	64.700000
RW_2	ARO:3006793	PDC-423	1	41.500000	39.300000	39.300000
RW_2	ARO:3006795	PDC-425	2	61.200000	70.100000	70.100000
RW_2	ARO:3006796	PDC-426	1	51.500000	40.800000	40.800000
RW_2	ARO:3006797	PDC-427	1	57.800000	55.100000	55.100000
RW_2	ARO:3006802	PDC-433	15	47.626667	54.160000	65.900000
RW_2	ARO:3006803	PDC-434	1	40.800000	39.700000	39.700000
RW_2	ARO:3006804	PDC-435	46	52.054348	55.713043	72.400000
RW_2	ARO:3006806	PDC-437	6	53.500000	54.650000	65.500000
RW_2	ARO:3006807	PDC-439	1	61.400000	57.400000	57.400000
RW_2	ARO:3006809	PDC-441	1	46.900000	51.600000	51.600000
RW_2	ARO:3006811	PDC-443	21	61.019048	64.914286	80.500000
RW_2	ARO:3006812	PDC-444	1	66.000000	80.500000	80.500000
RW_2	ARO:3006813	PDC-445	3	48.400000	53.266667	59.300000
RW_2	ARO:3006815	PDC-447	28	56.589286	62.857143	81.300000
RW_2	ARO:3006816	PDC-448	3	44.233333	39.533333	41.600000
RW_2	ARO:3006817	PDC-450	16	57.481250	65.512500	73.900000
RW_2	ARO:3006819	PDC-452	2	51.600000	48.550000	54.700000
RW_2	ARO:3006820	PDC-453	34	59.073529	64.497059	81.300000
RW_2	ARO:3006822	PDC-455	238	56.356303	59.618908	86.300000
RW_2	ARO:3006823	PDC-456	9	64.900000	65.133333	79.000000
RW_2	ARO:3006825	PDC-458	1	61.400000	57.400000	57.400000
RW_2	ARO:3006826	PDC-459	2	51.600000	48.550000	54.700000
RW_2	ARO:3006828	PDC-460	9	51.322222	43.822222	55.100000
RW_2	ARO:3006829	PDC-462	8	50.562500	42.750000	55.100000
RW_2	ARO:3006830	PDC-463	23	52.021739	52.913043	72.800000
RW_2	ARO:3006831	PDC-465	1	53.100000	66.600000	66.600000
RW_2	ARO:3006832	PDC-466	11	50.445455	45.654545	61.200000
RW_2	ARO:3006834	PDC-468	1	39.000000	38.100000	38.100000
RW_2	ARO:3006835	PDC-469	1	57.800000	55.100000	55.100000
RW_2	ARO:3006837	PDC-471	1	64.000000	71.600000	71.600000
RW_2	ARO:3006839	PDC-473	15	64.666667	62.033333	81.600000
RW_2	ARO:3006840	PDC-474	2	55.550000	65.850000	67.000000
RW_2	ARO:3006841	PDC-475	3	44.233333	39.533333	41.600000
RW_2	ARO:3006843	PDC-58	1	66.700000	74.700000	74.700000
RW_2	ARO:3006844	PDC-60	7	66.114286	66.414286	71.600000
RW_2	ARO:3006846	PDC-71	2	54.450000	62.800000	65.500000
RW_2	ARO:3006849	PDC-96	2	51.600000	48.550000	54.700000
RW_2	ARO:3006852	PDC-99	11	63.136364	55.300000	73.600000
RW_2	ARO:3006853	SRT-3	728	54.990385	54.160165	83.200000
RW_2	ARO:3006854	CMH-2	55	76.409091	82.532727	105.000000
RW_2	ARO:3006855	CMH-3	92	75.293478	80.432609	105.000000
RW_2	ARO:3006856	CMH-4	69	72.575362	77.362319	105.000000
RW_2	ARO:3006857	CMH-5	43	63.448837	64.430233	109.000000
RW_2	ARO:3006858	CMH-6	56	73.646429	78.460714	105.000000
RW_2	ARO:3006859	MIR-19	40	74.620000	77.172500	111.000000
RW_2	ARO:3006860	MIR-20	32	71.931250	74.740625	111.000000
RW_2	ARO:3006861	MIR-21	26	78.953846	81.730769	111.000000
RW_2	ARO:3006862	MIR-22	21	77.657143	80.666667	111.000000
RW_2	ARO:3006863	AAK-1	14	54.050000	49.342857	65.100000
RW_2	ARO:3006864	CRD3-1	302	48.826490	48.614901	98.200000
RW_2	ARO:3006865	CRH-1	137	61.128467	56.035766	77.800000
RW_2	ARO:3006866	CRH-2	104	59.841346	54.199038	79.700000
RW_2	ARO:3006867	CRH-3	93	60.404301	53.681720	77.400000
RW_2	ARO:3006868	CRP-1	128	60.069531	56.353906	87.000000
RW_2	ARO:3006869	CSA-1	271	54.932103	54.155720	86.300000
RW_2	ARO:3006870	CSA-2	245	54.704490	54.014286	86.300000
RW_2	ARO:3006871	CSP-1	370	57.272432	60.570541	84.000000
RW_2	ARO:3006872	DHT2-1	186	48.946774	50.919892	95.500000
RW_2	ARO:3006873	EAM-1	214	51.484112	50.016355	76.600000
RW_2	ARO:3006874	EC-13	677	81.756573	82.111226	113.000000
RW_2	ARO:3006875	EC-14	641	83.282059	83.830109	113.000000
RW_2	ARO:3006876	EC-15	658	82.658967	83.008967	113.000000
RW_2	ARO:3006877	EC-16	640	83.502031	83.905781	113.000000
RW_2	ARO:3006878	EC-18	617	83.982496	84.588006	113.000000
RW_2	ARO:3006879	EC-19	547	83.413528	83.612066	113.000000
RW_2	ARO:3006880	EC-5	561	83.603209	83.518538	113.000000
RW_2	ARO:3006881	EC-8	645	82.988527	83.388527	112.000000
RW_2	ARO:3006882	ECM-1	102	51.388235	51.356863	80.500000
RW_2	ARO:3006883	ECV-1	282	50.932270	55.169504	78.600000
RW_2	ARO:3006884	EFM-1	66	51.884848	50.313636	85.100000
RW_2	ARO:3006885	ELM-1	232	50.666379	46.493966	87.000000
RW_2	ARO:3006886	EVM-1	176	50.394318	47.273295	80.100000
RW_2	ARO:3006887	FIA-1	31	48.332258	54.029032	90.900000
RW_2	ARO:3006888	GIL-1	319	60.925392	59.409404	82.400000
RW_2	ARO:3006889	GMB-1	65	47.209231	44.136923	65.500000
RW_2	ARO:3006890	AFM-1	8	48.625000	40.425000	44.700000
RW_2	ARO:3006891	AFM-2	8	48.625000	40.425000	44.700000
RW_2	ARO:3006892	ALG11-1	201	53.837313	54.092040	84.700000
RW_2	ARO:3006893	ALG6-1	297	55.907071	57.635354	89.400000
RW_2	ARO:3006894	ALI-1	8	44.512500	46.300000	55.800000
RW_2	ARO:3006895	ALI-2	213	38.813146	41.281221	49.700000
RW_2	ARO:3006896	ANA-1	11	50.409091	46.463636	53.900000
RW_2	ARO:3006897	AXC-1	787	63.244346	63.633037	80.100000
RW_2	ARO:3006898	AXC-2	767	63.170665	63.410039	79.700000
RW_2	ARO:3006899	AXC-3	781	63.717286	63.690269	80.100000
RW_2	ARO:3006900	AXC-4	778	63.346787	63.771594	80.100000
RW_2	ARO:3006901	AXC-5	756	63.190873	63.642328	80.100000
RW_2	ARO:3006902	BSU-1	338	47.871893	52.495858	74.300000
RW_2	ARO:3006903	CAR-1	643	46.960342	43.169673	92.800000
RW_2	ARO:3006904	CDD-1	265	45.983396	46.286415	71.200000
RW_2	ARO:3006905	CDD-2	266	46.037594	46.395489	70.900000
RW_2	ARO:3006906	CfiA10	212	55.082547	64.173585	112.000000
RW_2	ARO:3006907	CfiA11	206	55.210194	64.159223	109.000000
RW_2	ARO:3006908	CfiA14	218	54.848624	63.747248	111.000000
RW_2	ARO:3006909	CfiA17	183	57.019126	66.247541	111.000000
RW_2	ARO:3006910	CfiA18	218	54.830275	63.728440	112.000000
RW_2	ARO:3006911	CfiA19	216	55.007407	63.984722	111.000000
RW_2	ARO:3006912	CfiA2	218	54.821101	63.721560	112.000000
RW_2	ARO:3006913	CfiA21	200	55.690000	64.619500	112.000000
RW_2	ARO:3006914	CfiA22	194	56.071134	65.305670	109.000000
RW_2	ARO:3006915	CfiA23	207	55.542512	64.669082	111.000000
RW_2	ARO:3006916	CfiA24	189	56.664550	65.758201	110.000000
RW_2	ARO:3006917	CfiA26	207	55.547826	64.643961	111.000000
RW_2	ARO:3006918	CfiA27	191	56.288482	65.424084	109.000000
RW_2	ARO:3006919	CfiA4	192	56.198438	65.249479	110.000000
RW_2	ARO:3006920	CfiA8	200	56.036000	65.393000	112.000000
RW_2	ARO:3006921	CfiA9	198	56.205556	65.520202	112.000000
RW_2	ARO:3006922	CMA-1	194	57.183505	56.810825	87.400000
RW_2	ARO:3006923	CMA-2	223	55.733632	54.635426	87.400000
RW_2	ARO:3006924	CVI-1	193	64.272539	69.931088	85.500000
RW_2	ARO:3006925	GRD23-1	35	49.965714	55.654286	75.500000
RW_2	ARO:3006926	GRD33-1	213	52.462911	53.253521	82.800000
RW_2	ARO:3006927	KLUC-1	179	56.568156	52.049162	107.000000
RW_2	ARO:3006928	KLUC-2	179	56.534637	51.997207	107.000000
RW_2	ARO:3006929	KLUC-3	185	57.144324	53.350270	101.000000
RW_2	ARO:3006930	KLUC-4	163	56.522699	51.894479	107.000000
RW_2	ARO:3006931	KLUC-5	167	57.017365	52.549102	107.000000
RW_2	ARO:3006932	LEN-27	12	57.616667	59.133333	101.000000
RW_2	ARO:3006933	LEN-28	2	59.000000	59.900000	78.600000
RW_2	ARO:3006934	LEN-31	11	57.636364	58.772727	100.000000
RW_2	ARO:3006935	LHK-1	168	57.884524	59.962500	110.000000
RW_2	ARO:3006936	LHK-2	171	59.071345	61.264912	107.000000
RW_2	ARO:3006937	LHK-3	149	58.458389	60.557047	110.000000
RW_2	ARO:3006938	LHK-4	144	58.754861	60.771528	110.000000
RW_2	ARO:3006939	LHK-5	146	59.279452	61.300000	109.000000
RW_2	ARO:3006940	LHK-6	108	59.552778	59.887037	110.000000
RW_2	ARO:3006941	LRG-1	175	54.921143	52.987429	87.400000
RW_2	ARO:3006942	LUS-1	575	54.712174	58.432174	88.200000
RW_2	ARO:3006943	LUT-1	429	57.302331	56.902564	86.300000
RW_2	ARO:3006944	LUT-2	410	57.560488	57.203659	86.300000
RW_2	ARO:3006945	LUT-3	403	57.287841	57.348139	86.300000
RW_2	ARO:3006946	LUT-4	414	57.204106	57.001932	86.300000
RW_2	ARO:3006947	LUT-5	397	57.299244	57.388161	86.300000
RW_2	ARO:3006948	LUT-6	366	56.687705	56.489071	86.300000
RW_2	ARO:3006949	MAL-1	477	57.346541	58.203564	75.500000
RW_2	ARO:3006950	MAL-2	471	57.599151	58.287686	75.500000
RW_2	ARO:3006951	MBL1b	183	50.116393	49.502732	99.000000
RW_2	ARO:3006952	MOC-1	157	49.154140	51.943949	75.900000
RW_2	ARO:3006953	MOR-2	169	74.397633	77.075148	112.000000
RW_2	ARO:3006954	MYO-1	262	53.520992	61.026718	94.400000
RW_2	ARO:3006955	MYX-1	40	52.622500	50.812500	67.400000
RW_2	ARO:3006956	OHIO-1	86	58.331395	58.713953	83.600000
RW_2	ARO:3006957	ORN-1	238	59.890756	57.363445	101.000000
RW_2	ARO:3006958	ORN-2	235	59.848085	57.379574	101.000000
RW_2	ARO:3006959	ORN-3	222	60.059910	57.320270	101.000000
RW_2	ARO:3006960	ORN-4	119	61.068067	59.016807	101.000000
RW_2	ARO:3006961	ORN-5	212	60.041038	57.495283	101.000000
RW_2	ARO:3006962	ORN-6	201	60.331343	57.249254	99.400000
RW_2	ARO:3006963	ORR-1	227	54.225110	59.398678	79.000000
RW_2	ARO:3006964	PAU-1	1064	73.549436	72.792387	106.000000
RW_2	ARO:3006965	PFM-1	120	62.414167	70.185833	86.700000
RW_2	ARO:3006966	PFM-2	116	61.156897	68.860345	86.700000
RW_2	ARO:3006967	PFM-3	117	62.162393	69.401709	86.700000
RW_2	ARO:3006968	PLA-1	327	57.341896	53.765138	97.400000
RW_2	ARO:3006969	PLA-2a	314	57.435032	53.669108	97.400000
RW_2	ARO:3006970	PLA-3	306	57.470261	53.619935	97.400000
RW_2	ARO:3006971	PLA-6	333	57.739339	54.152553	97.400000
RW_2	ARO:3006972	PLN-1	136	53.189706	54.930882	80.900000
RW_2	ARO:3006973	PME-1	152	57.109868	54.890132	86.300000
RW_2	ARO:3006974	POM-1	175	51.778286	52.430857	104.000000
RW_2	ARO:3006975	POM-2	174	51.751149	52.391379	104.000000
RW_2	ARO:3006976	PST-1	26	49.050000	51.788462	79.300000
RW_2	ARO:3006977	PST-2	25	49.448000	52.232000	79.000000
RW_2	ARO:3006978	PSV-1	214	58.135047	60.121963	79.000000
RW_2	ARO:3006979	RAHN-1	58	57.268966	59.653448	91.700000
RW_2	ARO:3006980	RAHN-2	60	57.038333	59.313333	90.100000
RW_2	ARO:3006981	RSA2-1	49	54.671429	54.312245	85.500000
RW_2	ARO:3006982	RSD2-1	544	64.347426	67.883456	106.000000
RW_2	ARO:3006983	RSD2-2	546	64.766667	67.706777	106.000000
RW_2	ARO:3006984	RUB-1	154	58.235065	57.261688	91.700000
RW_2	ARO:3006985	SFC-1	40	49.497500	45.815000	58.200000
RW_2	ARO:3006986	SFO-1	48	60.464583	61.487500	108.000000
RW_2	ARO:3006987	SGM-1	59	55.735593	51.533898	86.300000
RW_2	ARO:3006988	SGM-2	86	61.760465	60.311628	83.600000
RW_2	ARO:3006989	SGM-3	70	59.077143	57.628571	83.600000
RW_2	ARO:3006990	SGM-4	82	57.309756	56.131707	79.000000
RW_2	ARO:3006991	SGM-5	101	56.007921	54.597030	87.800000
RW_2	ARO:3006992	SGM-6	77	58.084416	55.903896	89.000000
RW_2	ARO:3006993	SGM-7	86	58.445349	57.317442	88.200000
RW_2	ARO:3006994	SHN-1	10	41.500000	44.250000	51.600000
RW_2	ARO:3006995	SPN79-1	69	46.860870	44.618841	72.000000
RW_2	ARO:3006996	SPR-1	114	52.098246	53.620175	76.600000
RW_2	ARO:3006997	SPS-1	24	51.945833	58.250000	68.900000
RW_2	ARO:3006998	SPU-1	373	57.216354	60.531367	84.000000
RW_2	ARO:3006999	SST-1	822	54.468248	53.824696	83.200000
RW_2	ARO:3007000	STA-1	12	51.650000	53.975000	73.200000
RW_2	ARO:3007001	TER-1	305	59.986230	57.605246	83.200000
RW_2	ARO:3007002	TTU-1	73	47.443836	55.976712	78.600000
RW_2	ARO:3007003	VHH-1	204	58.072549	62.110294	77.400000
RW_2	ARO:3007004	VHW-1	182	57.301648	62.154396	77.400000
RW_2	ARO:3007005	YEM-1	189	62.445503	69.180423	89.700000
RW_2	ARO:3007006	ZOG-1	189	51.258201	55.252381	82.800000
RW_2	ARO:3007007	TER-2	380	60.913421	58.607632	86.300000
RW_2	ARO:3007010	norC	1729	57.609254	56.330943	90.500000
RW_2	ARO:3007011	mdeA	690	42.212754	41.478841	68.200000
RW_2	ARO:3007013	sdrM	2687	44.233681	45.173725	106.000000
RW_2	ARO:3007014	qacJ	1827	48.207718	45.275151	62.400000
RW_2	ARO:3007015	qacG	2295	48.173682	45.586623	66.200000
RW_2	ARO:3007017	SHD-1	65	43.163077	45.970769	64.700000
RW_2	ARO:3007019	fexB	97	41.973196	42.341237	66.200000
RW_2	ARO:3007021	PFM-4	116	61.524138	68.895690	85.900000
RW_2	ARO:3007023	NDM-33	31	84.883871	81.293548	104.000000
RW_2	ARO:3007026	salB	5510	43.096824	42.963702	60.100000
RW_2	ARO:3007027	salC	5110	43.512016	43.513112	58.500000
RW_2	ARO:3007028	salD	9682	47.433351	41.242109	62.400000
RW_2	ARO:3007029	salE	4586	45.926276	41.259049	58.500000
RW_2	ARO:3007032	Erm(50)	339	59.282301	56.175516	111.000000
RW_2	ARO:3007033	Erm(51)	342	57.826316	56.795614	116.000000
RW_2	ARO:3007041	Erm(52)	232	47.625862	45.120690	107.000000
RW_2	ARO:3007042	msr(G)	12603	50.013195	49.970150	107.000000
RW_2	ARO:3007043	msr(I)	42530	50.295777	47.986428	108.000000
RW_2	ARO:3007044	mef(F)	839	51.571752	49.084505	99.800000
RW_2	ARO:3007047	mef(H)	18	71.011111	60.683333	100.000000
RW_2	ARO:3007049	mef(J)	741	54.954116	50.904993	107.000000
RW_2	ARO:3007050	mreA	1479	51.677620	50.569709	90.900000
RW_2	ARO:3007062	VAM-1	36	49.472222	52.458333	80.900000
RW_2	ARO:3007069	FosY	30	60.220000	43.246667	90.500000
RW_2	ARO:3007070	MCR-1.33	6310	57.357718	59.610919	95.100000
RW_2	ARO:3007075	cph	128	44.939844	41.029687	50.800000
RW_2	ARO:3007085	PRC-1	503	58.300596	62.054473	103.000000
RW_2	ARO:3007097	FosM1	6	55.483333	48.983333	68.600000
RW_2	ARO:3007098	FosM2	9	54.966667	44.222222	65.900000
RW_2	ARO:3007099	FosM3	5	50.420000	42.800000	50.800000
RW_2	ARO:3007101	BcIII	83	51.363855	57.062651	81.600000
RW_2	ARO:3007104	nimA	1293	53.764733	54.695205	94.000000
RW_2	ARO:3007105	nimC	648	58.869599	60.542593	87.000000
RW_2	ARO:3007106	nimD	766	60.736423	62.387076	93.600000
RW_2	ARO:3007107	nimE	788	66.360787	66.928426	111.000000
RW_2	ARO:3007108	nimF	687	59.681514	63.194469	89.700000
RW_2	ARO:3007109	nimG	841	60.570511	62.331034	90.900000
RW_2	ARO:3007110	nimH	751	61.665513	63.384687	96.700000
RW_2	ARO:3007111	nimI	595	57.645882	58.645042	93.600000
RW_2	ARO:3007112	nimJ	767	59.454889	61.544980	107.000000
RW_2	ARO:3007113	nimK	769	53.998700	54.958778	79.000000
RW_2	ARO:3007118	crxA	62	48.985484	47.661290	64.700000
RW_2	ARO:3007119	tet(O/32/O)	23624	56.892906	54.680757	114.000000
RW_2	ARO:3007120	tet(O/M/O)	23517	58.395293	55.796607	113.000000
RW_2	ARO:3007121	tet(O/W)	23596	58.030920	55.336218	113.000000
RW_2	ARO:3007122	tet(O/W/32/O)	23802	58.009755	55.381875	111.000000
RW_2	ARO:3007123	tet(O/W/O)	23622	58.156231	55.431886	114.000000
RW_2	ARO:3007124	tet(W/32/O)	21492	58.032240	54.162386	110.000000
RW_2	ARO:3007125	ROB-11	110	52.140000	51.335455	71.200000
RW_2	ARO:3007126	ROB-12	99	52.646465	51.663636	71.200000
RW_2	ARO:3007127	otr(A)S.liv	11274	56.482384	47.516684	76.600000
RW_2	ARO:3007137	mcr-10.1	5402	57.599167	60.390466	112.000000
RW_2	ARO:3007180	MAB	26	55.242308	54.015385	78.600000
RW_2	ARO:3007182	blaC	111	56.748649	56.936937	82.000000
RW_2	ARO:3007188	vanH_in_vanP_cl	5647	47.753905	45.555498	67.000000
RW_2	ARO:3007189	vanP	4552	48.841037	46.936753	89.400000
RW_2	ARO:3007190	vanX_in_vanP_cl	343	53.435277	50.831778	73.200000
RW_2	ARO:3007191	vanR_in_vanP_cl	33426	51.810501	50.173245	91.700000
RW_2	ARO:3007192	vanS_in_vanP_cl	5045	47.030783	44.787810	80.900000
RW_2	ARO:3007199	PAM-1	242	50.690083	48.231818	94.000000
RW_2	ARO:3007200	PAM-2	173	51.629480	51.325434	92.000000
RW_2	ARO:3007201	PAM-3	167	51.831138	51.634731	92.400000
RW_2	ARO:3007202	NDM-16b	7	76.100000	77.871429	104.000000
RW_2	ARO:3007204	AAC(6')-Iap	163	48.019632	44.346626	63.500000
RW_2	ARO:3007206	KBL-1	365	61.006849	61.736712	77.000000
RW_2	ARO:3007208	HelR	1109	62.469161	60.609197	103.000000
RW_2	ARO:3007209	Sven_rox	2447	60.642951	50.511402	90.100000
RW_2	ARO:3007210	Nfar_rox	2169	58.924020	50.974274	93.600000
RW_2	ARO:3007211	NDM-34	33	95.721212	96.100000	108.000000
RW_2	ARO:3007212	NDM-35	17	92.052941	91.176471	104.000000
RW_2	ARO:3007213	NDM-36	4	58.175000	59.325000	96.700000
RW_2	ARO:3007214	NDM-37	6	71.116667	70.883333	96.700000
RW_2	ARO:3007215	NDM-38	32	100.000000	103.490625	110.000000
RW_2	ARO:3007216	NDM-39	5	66.540000	66.400000	96.700000
RW_2	ARO:3007217	NDM-40	31	100.000000	103.774194	110.000000
RW_2	ARO:3007218	NDM-41	4	58.175000	59.325000	96.700000
RW_2	ARO:3007219	NDM-42	31	100.000000	103.774194	110.000000
RW_2	ARO:3007220	NDM-43	28	100.000000	103.428571	110.000000
RW_2	ARO:3007227	MCR-8.3	8450	54.843598	55.688237	86.700000
RW_2	ARO:3007228	MCR-8.4	8546	54.796068	55.803487	86.700000
RW_2	ARO:3007229	MCR-8.2	8608	54.912721	55.895946	87.800000
RW_2	ARO:3007230	MCR-1.34	5366	57.727749	60.271040	95.100000
RW_2	ARO:3007231	MCR-4.6	5486	54.667080	58.212213	106.000000
RW_2	ARO:3007232	MCR-1.27	4356	57.867952	60.440220	95.100000
RW_2	ARO:3007233	MCR-1.18	3340	56.715269	57.908772	94.700000
RW_2	ARO:3007234	MCR-1.23	2556	56.098239	55.713185	90.100000
RW_2	ARO:3007235	MCR-1.20	2349	56.090507	55.995487	89.700000
RW_2	ARO:3007236	MCR-1.28	2149	56.273290	56.128804	89.700000
RW_2	ARO:3007237	MCR-1.21	1571	57.361999	56.280140	89.700000
RW_2	ARO:3007238	MCR-1.16	1883	55.240945	54.932661	88.600000
RW_2	ARO:3007239	MCR-1.22	1257	56.558313	56.584010	89.700000
RW_2	ARO:3007240	MCR-1.19	916	55.248472	56.395415	89.700000
RW_2	ARO:3007241	MCR-1.29	258	53.623643	56.057364	88.600000
RW_2	ARO:3007242	MCR-1.30	555	53.573514	57.304865	76.600000
RW_2	ARO:3007243	MCR-1.24	407	56.794103	54.189681	78.200000
RW_2	ARO:3007244	MCR-1.17	32	48.337500	52.993750	74.700000
RW_2	ARO:3007245	MCR-1.31	13	71.153846	70.307692	75.900000
RW_2	ARO:3007246	MCR-1.14	55	51.203636	49.387273	57.800000
RW_2	ARO:3007247	MCR-1.25	1	52.100000	50.400000	50.400000
RW_2	ARO:3007248	MCR-3.33	5266	58.248025	62.635511	116.000000
RW_2	ARO:3007249	MCR-3.14	4174	59.393460	63.218280	116.000000
RW_2	ARO:3007250	MCR-3.37	5257	58.626593	62.631196	114.000000
RW_2	ARO:3007251	MCR-3.38	3512	57.414322	61.722494	117.000000
RW_2	ARO:3007252	MCR-3.15	3720	58.470618	62.031344	117.000000
RW_2	ARO:3007253	MCR-3.27	3514	58.657257	62.056232	117.000000
RW_2	ARO:3007254	MCR-3.32	4269	58.321152	61.757601	114.000000
RW_2	ARO:3007255	MCR-3.31	4144	58.354706	61.388562	114.000000
RW_2	ARO:3007256	MCR-3.23	2171	57.435698	61.188577	116.000000
RW_2	ARO:3007257	MCR-3.36	4799	59.410940	63.250781	116.000000
RW_2	ARO:3007258	MCR-3.25	3944	59.916734	63.173225	116.000000
RW_2	ARO:3007259	MCR-3.22	2421	55.934159	59.928872	116.000000
RW_2	ARO:3007260	MCR-3.16	4231	59.288939	62.778114	116.000000
RW_2	ARO:3007261	MCR-3.26	2042	56.809745	60.685553	116.000000
RW_2	ARO:3007262	MCR-3.21	2052	57.505799	61.868616	116.000000
RW_2	ARO:3007263	MCR-3.18	4188	57.699260	61.329370	116.000000
RW_2	ARO:3007264	MCR-3.40	2125	56.077929	60.493318	116.000000
RW_2	ARO:3007265	MCR-3.24	1836	56.110784	60.322168	116.000000
RW_2	ARO:3007266	MCR-3.20	4889	57.135120	60.633627	116.000000
RW_2	ARO:3007267	MCR-3.35	3989	60.027125	64.581725	116.000000
RW_2	ARO:3007268	MCR-3.34	4028	59.827830	64.718744	116.000000
RW_2	ARO:3007269	MCR-3.13	3316	60.033142	63.921864	116.000000
RW_2	ARO:3007270	MCR-3.28	3500	57.775000	61.388171	116.000000
RW_2	ARO:3007271	MCR-3.39	1778	55.923622	59.940495	116.000000
RW_2	ARO:3007272	MCR-3.29	2009	55.135640	59.519313	116.000000
RW_2	ARO:3007273	MCR-3.19	1630	56.764969	61.029325	116.000000
RW_2	ARO:3007274	MCR-10.5	5363	57.736621	60.413276	112.000000
RW_2	ARO:3007275	MCR-10.3	5353	57.448421	60.101887	112.000000
RW_2	ARO:3007276	MCR-10.4	5455	57.570101	60.396334	112.000000
RW_2	ARO:3007277	MCR-10.2	5324	57.504583	60.206217	112.000000
RW_2	ARO:3007278	MCR-3.17	4804	57.851187	62.546274	119.000000
RW_2	ARO:3007279	MCR-1.15	7577	56.543144	58.115573	95.100000
RW_2	ARO:3007280	MCR-1.26	9022	56.441088	57.717247	95.100000
RW_2	ARO:3007281	MCR-5.4	7069	57.720654	57.905659	115.000000
RW_2	ARO:3007282	MCR-5.3	7208	57.524279	57.736945	115.000000
RW_2	ARO:3007283	MCR-2.4	6212	57.734369	60.415325	96.700000
RW_2	ARO:3007284	MCR-2.3	6633	57.397633	59.482135	96.700000
RW_2	ARO:3007285	MCR-2.8	4946	57.560877	58.761403	95.100000
RW_2	ARO:3007286	MCR-2.5	6375	57.338431	59.893239	96.700000
RW_2	ARO:3007287	MCR-2.7	6388	57.174499	59.569067	96.700000
RW_2	ARO:3007288	MCR-2.6	6415	57.268012	59.715136	96.700000
RW_2	ARO:3007368	FosG	263	59.863878	62.485932	112.000000
RW_2	ARO:3007369	FosH	205	72.426341	65.095610	89.700000
RW_2	ARO:3007370	FosI	194	71.702577	66.810825	90.500000
RW_2	ARO:3007371	FosA8	261	63.677778	65.532950	113.000000
RW_2	ARO:3007372	FosBx1	53	50.243396	40.515094	67.000000
RW_2	ARO:3007374	PJM-1	324	50.760185	50.730864	82.000000
RW_2	ARO:3007375	KPC-87	39	84.012821	83.394872	108.000000
RW_2	ARO:3007401	ANT(9)-Ib	108	46.791667	47.607407	56.200000
RW_2	ARO:3007402	KPC-94	8	93.050000	93.037500	111.000000
RW_2	ARO:3007427	ThfT	100	60.689000	56.294000	87.800000
RW_2	ARO:3007433	almE	172	45.825581	42.519186	60.100000
RW_2	ARO:3007435	WUS-1	218	48.085321	52.370183	73.200000
RW_2	ARO:3007436	KPC-96	31	62.161290	55.380645	104.000000
RW_2	ARO:3007437	EBR-5	25	61.692000	65.624000	103.000000
RW_2	ARO:3007438	LAQ-1	310	55.069355	55.879032	98.600000
RW_2	ARO:3007442	SSA	217	56.388940	53.851613	75.900000
RW_2	ARO:3007443	NDM-44	28	100.000000	103.428571	110.000000
RW_2	ARO:3007444	NDM-45	2	41.350000	42.750000	43.100000
RW_2	ARO:3007445	NDM-46	4	58.175000	59.325000	96.700000
RW_2	ARO:3007446	KPC-100	1	75.000000	73.600000	73.600000
RW_2	ARO:3007447	NDM-47	10	100.000000	106.200000	110.000000
RW_2	ARO:3007456	dfrL	2597	49.927070	51.052830	68.200000
RW_2	ARO:3007459	EstT	543	60.216206	58.553407	111.000000
RW_2	ARO:3007460	IMP-91	20	38.700000	41.685000	49.300000
RW_2	ARO:3007461	IMP-96	19	74.363158	77.578947	97.800000
RW_2	ARO:3007462	IMP-92	28	37.667857	43.100000	55.800000
RW_2	ARO:3007463	IMP-93	9	73.477778	69.977778	101.000000
RW_2	ARO:3007464	IMP-94	21	52.771429	52.447619	96.300000
RW_2	ARO:3007465	IMP-95	15	63.426667	65.313333	92.800000
RW_2	ARO:3007470	IND-17	50	54.770000	58.940000	87.000000
RW_2	ARO:3007483	RAD-1	1129	50.199557	54.568733	95.900000
RW_2	ARO:3007489	dfrB10	83	83.422892	74.167470	106.000000
RW_2	ARO:3007490	dfrB11	76	82.906579	75.423684	105.000000
RW_2	ARO:3007492	tet(62)	9657	57.104867	56.090587	90.900000
RW_2	ARO:3007493	tet(63)	64	52.346875	49.714062	80.900000
RW_2	ARO:3007494	tet(64)	11896	61.454548	61.897621	85.500000
RW_2	ARO:3007509	Sfle_acrA	16831	56.489365	54.557638	104.000000
RW_2	ARO:3007515	ANT(9)-Ic	322	50.684161	44.697826	71.200000
RW_2	ARO:3007533	MCR-4.7	6196	54.383828	58.046740	105.000000
RW_2	ARO:3007539	APH(9)-Ic	19	51.615789	50.768421	79.300000
RW_2	ARO:3007561	OXA-1038	138	46.714493	47.407246	108.000000
RW_2	ARO:3007562	OXA-1039	4	57.925000	58.575000	108.000000
RW_2	ARO:3007632	FRI-11	44	56.127273	54.968182	78.600000
RW_2	ARO:3007635	CAE-1	891	71.057688	69.466891	106.000000
RW_2	ARO:3007637	cplR	53526	47.503641	45.696011	79.000000
RW_2	ARO:3007644	Cper_cplR	48610	46.844736	47.032720	82.000000
RW_2	ARO:3007645	Cspo_cplR	40276	45.446117	46.285900	76.300000
RW_2	ARO:3007648	PSZ-1	148	62.168919	59.567568	82.800000
RW_2	ARO:3007650	CDA-1	92	61.892391	59.420652	90.500000
RW_2	ARO:3007654	erm(56)	484	60.045868	57.752066	105.000000
RW_2	ARO:3007659	Rv2856	716	58.385615	56.525698	91.300000
RW_2	ARO:3007662	Rv1877	2886	48.039224	46.621448	84.700000
RW_2	ARO:3007669	aadT	1512	60.908399	57.554167	110.000000
RW_2	ARO:3007671	CdnimB	361	49.169806	51.823269	72.400000
RW_2	ARO:3007678	IreK	7700	48.270468	48.639857	100.000000
RW_2	ARO:3007682	MdtQ	1738	60.578596	59.019793	117.000000
RW_2	ARO:3007694	AMZ-1	860	55.656628	59.031047	81.600000
RW_2	ARO:3007695	CMY-185	2	85.850000	87.850000	99.800000
RW_2	ARO:3007770	aac(6')-Ib-cr10	1113	95.366307	90.383109	110.000000
RW_2	ARO:3007771	aac(6')-Ib-cr11	1071	96.187395	90.689449	110.000000
RW_2	ARO:3007801	RATA-1	415	59.054458	58.980964	104.000000
RW_2	ARO:3007802	RATA-2	376	59.922872	59.793617	105.000000
RW_2	ARO:3007803	CARB-56	286	59.561888	62.962238	73.900000
RW_2	ARO:3007804	VIM-74	1	47.300000	50.800000	50.800000
RW_2	ARO:3007812	VIM-75	6	48.283333	60.300000	68.200000
RW_2	ARO:3007813	VIM-76	14	45.628571	50.921429	64.700000
RW_2	ARO:3007815	VIM-78	1	48.900000	44.700000	44.700000
RW_2	ARO:3007816	VIM-79	4	53.775000	59.600000	68.600000
RW_2	ARO:3007817	VIM-80	17	53.870588	49.758824	97.800000
RW_2	ARO:3007819	VIM-82	1	48.900000	44.700000	44.700000
RW_2	ARO:3007820	VIM-83	6	47.050000	60.233333	68.200000
RW_2	ARO:3007821	VIM-84	1	48.900000	44.700000	44.700000
RW_2	ARO:3007822	VIM-85	1	48.900000	44.700000	44.700000
RW_2	ARO:3007823	VIM-86	13	49.938462	56.984615	69.700000
RW_2	ARO:3007825	GES-47	151	75.503311	75.892053	105.000000
RW_2	ARO:3007826	GES-48	131	78.110687	78.580153	105.000000
RW_2	ARO:3007827	GES-49	115	92.054783	93.254783	108.000000
RW_2	ARO:3007828	GES-50	117	79.577778	79.926496	105.000000
RW_2	ARO:3007829	GES-51	68	93.686765	94.301471	105.000000
RW_2	ARO:3007830	GES-52	58	97.681034	99.727586	108.000000
RW_2	ARO:3007831	GES-53	91	97.924176	99.105495	108.000000
RW_2	ARO:3007832	GES-54	96	81.368750	81.582292	105.000000
RW_2	ARO:3007833	GES-55	32	98.028125	100.218750	108.000000
RW_2	ARO:3007834	GES-56	70	75.098571	76.072857	107.000000
RW_2	ARO:3007835	GES-57	58	73.868966	77.648276	103.000000
RW_2	ARO:3007836	CARB-57	286	59.481119	62.416084	73.900000
RW_2	ARO:3007837	CARB-58	1048	88.751813	56.148760	108.000000
RW_2	ARO:3007838	tet(65)	5341	56.352013	54.733009	94.700000
RW_2	ARO:3007840	CIM-1	281	55.781495	62.624199	90.100000
RW_2	ARO:3007846	SIE-1	193	51.037824	50.405699	93.200000
RW_2	ARO:3007848	NWM-1	421	47.338242	41.800000	87.000000
RW_2	ARO:3007855	CHM-1	305	60.778689	66.451475	91.700000
RW_2	ARO:3007859	BIM-1	5	56.700000	53.740000	58.500000
RW_2	ARO:3007861	DYB-1	221	49.007692	55.714027	85.900000
RW_2	ARO:3007883	ACT-100	60	85.453333	81.751667	109.000000
RW_2	ARO:3007884	ACT-101	49	85.246939	78.389796	109.000000
RW_2	ARO:3007885	ACT-102	64	83.457812	81.045313	108.000000
RW_2	ARO:3007886	ACT-103	61	85.419672	82.006557	109.000000
RW_2	ARO:3007887	ACT-104	95	65.353684	64.505263	108.000000
RW_2	ARO:3007888	ACT-105	47	71.063830	63.831915	111.000000
RW_2	ARO:3007889	ACT-106	130	58.526154	54.827692	101.000000
RW_2	ARO:3007890	ACT-107	50	76.934000	75.248000	100.000000
RW_2	ARO:3007891	ACT-108	53	56.879245	50.783019	101.000000
RW_2	ARO:3007892	ACT-109	108	60.491667	56.942593	99.000000
RW_2	ARO:3007893	ACT-110	47	77.814894	81.597872	109.000000
RW_2	ARO:3007894	ACT-111	13	80.000000	85.276923	111.000000
RW_2	ARO:3007895	ACT-112	62	71.569355	64.948387	99.000000
RW_2	ARO:3007896	ACT-113	77	61.302597	57.006494	103.000000
RW_2	ARO:3007897	ACT-115	9	73.700000	66.866667	108.000000
RW_2	ARO:3007898	ACT-116	30	89.923333	91.093333	111.000000
RW_2	ARO:3007899	ACT-117	71	68.233803	63.184507	98.600000
RW_2	ARO:3007900	ACT-118	42	68.697619	72.492857	107.000000
RW_2	ARO:3007901	ACT-119	111	61.075676	63.268468	97.400000
RW_2	ARO:3007902	ACT-120	47	60.585106	61.682979	95.500000
RW_2	ARO:3007903	ACT-121	55	63.701818	66.690909	95.500000
RW_2	ARO:3007904	ACT-122	83	59.287952	55.344578	108.000000
RW_2	ARO:3007905	ACT-123	68	62.144118	56.423529	105.000000
RW_2	ARO:3007906	ACT-124	15	55.920000	54.900000	76.600000
RW_2	ARO:3007907	ACT-131	60	67.393333	60.226667	94.000000
RW_2	ARO:3007908	ACT-140	38	73.250000	78.042105	102.000000
RW_2	ARO:3007909	ACT-141	191	45.701047	43.438220	108.000000
RW_2	ARO:3007910	ACT-142	65	76.360000	73.184615	109.000000
RW_2	ARO:3007911	ACT-143	44	75.136364	77.188636	107.000000
RW_2	ARO:3007912	ACT-144	34	53.976471	47.970588	108.000000
RW_2	ARO:3007913	ACT-145	29	84.093103	84.993103	108.000000
RW_2	ARO:3007914	ACT-146	59	78.171186	83.650847	102.000000
RW_2	ARO:3007915	ACT-148	77	60.145455	54.701299	102.000000
RW_2	ARO:3007916	ACT-150	93	56.769892	53.458065	109.000000
RW_2	ARO:3007917	ACT-151	185	46.628649	44.322162	108.000000
RW_2	ARO:3007918	ACT-153	29	72.258621	76.482759	100.000000
RW_2	ARO:3007919	ACT-154	36	72.308333	76.272222	109.000000
RW_2	ARO:3007920	ACT-155	181	45.404420	43.020994	108.000000
RW_2	ARO:3007921	ACT-156	63	60.055556	62.920635	107.000000
RW_2	ARO:3007922	ACT-157	177	44.928249	42.394915	77.000000
RW_2	ARO:3007923	ACT-158	32	51.178125	45.021875	95.900000
RW_2	ARO:3007924	ACT-159	20	72.905000	69.650000	111.000000
RW_2	ARO:3007925	ACT-160	56	78.301786	83.651786	102.000000
RW_2	ARO:3007926	ACT-161	99	61.543434	58.834343	109.000000
RW_2	ARO:3007927	ACT-162	57	62.477193	61.154386	109.000000
RW_2	ARO:3007928	ACT-165	71	73.912676	77.523944	102.000000
RW_2	ARO:3007929	ACT-166	40	62.057500	62.092500	98.600000
RW_2	ARO:3007930	ACT-167	20	91.745000	90.120000	111.000000
RW_2	ARO:3007931	ACT-168	10	75.720000	79.130000	111.000000
RW_2	ARO:3007932	ACT-169	15	84.240000	83.293333	109.000000
RW_2	ARO:3007933	ACT-170	34	76.600000	81.550000	108.000000
RW_2	ARO:3007934	ACT-171	60	61.871667	55.286667	105.000000
RW_2	ARO:3007935	ACT-172	32	74.846875	79.615625	102.000000
RW_2	ARO:3007936	ACT-173	48	70.081250	67.420833	108.000000
RW_2	ARO:3007937	ACT-174	11	73.690909	75.890909	105.000000
RW_2	ARO:3007938	ACT-175	15	66.300000	68.473333	100.000000
RW_2	ARO:3007939	ACT-176	16	70.275000	70.575000	101.000000
RW_2	ARO:3007940	ACT-177	80	70.346250	66.040000	110.000000
RW_2	ARO:3007941	ACT-178	198	51.695455	46.527778	105.000000
RW_2	ARO:3007942	ACT-179	13	78.076923	76.446154	105.000000
RW_2	ARO:3007943	ACT-180	14	66.750000	67.357143	99.000000
RW_2	ARO:3007944	ACT-181	73	51.793151	46.917808	106.000000
RW_2	ARO:3007945	ACT-182	44	75.334091	74.920455	110.000000
RW_2	ARO:3007946	ACT-183	68	61.127941	55.076471	105.000000
RW_2	ARO:3007947	ACT-184	137	46.391241	43.388321	77.000000
RW_2	ARO:3007948	ACT-185	69	65.147826	63.836232	105.000000
RW_2	ARO:3007949	ACT-186	53	59.933962	51.809434	71.200000
RW_2	ARO:3007950	ACT-187	17	76.341176	82.435294	111.000000
RW_2	ARO:3007951	ACT-188	54	77.650000	82.766667	108.000000
RW_2	ARO:3007952	ACT-189	43	62.283721	61.009302	73.600000
RW_2	ARO:3007953	ACT-190	15	81.780000	82.280000	109.000000
RW_2	ARO:3007954	ACT-191	11	61.018182	54.609091	102.000000
RW_2	ARO:3007955	ACT-192	19	65.700000	66.478947	106.000000
RW_2	ARO:3007956	ACT-193	18	67.911111	68.211111	101.000000
RW_2	ARO:3007957	ACT-194	2	100.000000	102.500000	103.000000
RW_2	ARO:3007958	ACT-85	177	59.431638	56.547458	109.000000
RW_2	ARO:3007959	ACT-86	180	60.600556	58.090000	109.000000
RW_2	ARO:3007960	ACT-88	132	48.919697	51.438636	99.000000
RW_2	ARO:3007961	ACT-89	10	62.660000	60.440000	105.000000
RW_2	ARO:3007962	ACT-90	21	63.166667	57.228571	109.000000
RW_2	ARO:3007963	ACT-91	32	63.078125	60.096875	108.000000
RW_2	ARO:3007964	ACT-92	20	88.380000	87.645000	110.000000
RW_2	ARO:3007965	ACT-93	16	94.931250	93.862500	111.000000
RW_2	ARO:3007966	ACT-94	3	88.433333	94.400000	105.000000
RW_2	ARO:3007967	ACT-95	27	75.737037	82.040741	109.000000
RW_2	ARO:3007968	ACT-96	25	74.264000	79.856000	109.000000
RW_2	ARO:3007969	ACT-97	11	80.290909	82.018182	109.000000
RW_2	ARO:3007970	ACT-98	83	63.308434	62.510843	109.000000
RW_2	ARO:3007971	ACT-99	28	67.025000	71.900000	109.000000
RW_2	ARO:3007972	ACT-GC1	2	100.000000	105.000000	105.000000
RW_2	ARO:3007973	ADC-257	107	64.715888	67.960748	76.300000
RW_2	ARO:3007975	ADC-259	32	59.543750	62.243750	82.000000
RW_2	ARO:3007976	ADC-260	2	67.300000	74.500000	74.700000
RW_2	ARO:3007979	ADC-263	1	67.300000	75.900000	75.900000
RW_2	ARO:3007980	ADC-264	815	61.177546	65.082577	99.400000
RW_2	ARO:3007981	ADC-265	745	64.159732	68.276510	80.500000
RW_2	ARO:3007982	ADC-266	414	59.630435	65.283575	86.300000
RW_2	ARO:3007983	ADC-267	47	63.178723	49.736170	62.800000
RW_2	ARO:3007985	ADC-269	8	44.462500	51.512500	62.000000
RW_2	ARO:3007986	ADC-270	10	53.090000	54.360000	57.800000
RW_2	ARO:3007987	ADC-271	1	56.900000	57.800000	57.800000
RW_2	ARO:3007988	ADC-272	27	53.722222	52.677778	60.800000
RW_2	ARO:3007990	ADC-274	734	63.201362	64.837193	80.500000
RW_2	ARO:3007991	ADC-275	11	54.236364	49.336364	57.000000
RW_2	ARO:3007992	ADC-276	47	63.248936	50.112766	80.500000
RW_2	ARO:3007993	ADC-277	188	67.278723	71.753723	81.600000
RW_2	ARO:3007994	ADC-278	25	66.620000	66.596000	72.800000
RW_2	ARO:3007996	ADC-280	42	59.295238	62.457143	75.900000
RW_2	ARO:3007997	ADC-281	197	64.080203	70.116244	101.000000
RW_2	ARO:3007998	ADC-282	620	63.773387	67.409516	80.100000
RW_2	ARO:3007999	ADC-283	15	56.100000	60.406667	75.900000
RW_2	ARO:3008000	ADC-284	11	49.327273	50.309091	65.500000
RW_2	ARO:3008001	ADC-285	730	64.946849	68.016301	86.700000
RW_2	ARO:3008002	ADC-286	27	58.348148	61.944444	81.300000
RW_2	ARO:3008003	ADC-287	15	63.626667	67.726667	81.300000
RW_2	ARO:3008004	ADC-288	669	66.097160	74.553363	102.000000
RW_2	ARO:3008005	ADC-289	404	59.803713	65.493812	86.300000
RW_2	ARO:3008006	ADC-290	1082	66.093161	71.604159	89.000000
RW_2	ARO:3008007	ADC-291	161	66.722981	69.709317	80.900000
RW_2	ARO:3008008	ADC-292	646	67.228947	71.637771	86.300000
RW_2	ARO:3008010	ADC-294	1	65.300000	71.600000	71.600000
RW_2	ARO:3008011	ADC-295	570	59.470702	63.218596	81.600000
RW_2	ARO:3008012	ADC-302	6	50.916667	55.850000	59.700000
RW_2	ARO:3008013	ADC-303	1	56.900000	57.800000	57.800000
RW_2	ARO:3008016	ADC-306	419	62.950835	68.799284	85.100000
RW_2	ARO:3008017	ADC-307	1	56.900000	57.800000	57.800000
RW_2	ARO:3008018	ADC-308	179	67.405028	62.606145	80.500000
RW_2	ARO:3008019	ADC-309	5	45.980000	50.620000	80.900000
RW_2	ARO:3008020	ADC-310	98	65.072449	67.332653	74.300000
RW_2	ARO:3008021	ADC-311	184	66.981522	62.391304	80.500000
RW_2	ARO:3008022	ADC-312	1	57.500000	51.200000	51.200000
RW_2	ARO:3008023	ADC-313	2	52.200000	52.550000	55.800000
RW_2	ARO:3008024	ADC-314	1141	66.329623	71.700263	89.000000
RW_2	ARO:3008025	ADC-315	1	56.900000	57.800000	57.800000
RW_2	ARO:3008026	ADC-316	18	57.750000	65.466667	77.000000
RW_2	ARO:3008027	ADC-317	1	46.800000	46.600000	46.600000
RW_2	ARO:3008028	ADC-318	458	61.394541	67.734061	78.600000
RW_2	ARO:3008030	ADC-320	4	45.275000	46.025000	60.800000
RW_2	ARO:3008031	ADC-321	488	64.122541	66.805943	84.300000
RW_2	ARO:3008032	ADC-322	134	62.856716	68.444776	78.200000
RW_2	ARO:3008033	ADC-323	3	57.300000	64.033333	77.400000
RW_2	ARO:3008034	ADC-324	647	65.743586	76.576352	87.800000
RW_2	ARO:3008035	ADC-325	16	57.881250	65.443750	77.000000
RW_2	ARO:3008036	ADC-326	84	72.515476	81.083333	85.900000
RW_2	ARO:3008039	ADC-329	189	67.253439	71.704233	81.600000
RW_2	ARO:3008041	ADC-331	2	52.200000	52.550000	55.800000
RW_2	ARO:3008042	ADC-332	246	59.965854	61.645935	75.100000
RW_2	ARO:3008043	ADC-333	8	57.200000	59.700000	68.600000
RW_2	ARO:3008044	ADC-334	396	59.180556	65.372475	86.300000
RW_2	ARO:3008045	ADC-335	1373	62.813474	66.320539	81.600000
RW_2	ARO:3008046	ADC-336	9	64.077778	72.911111	76.300000
RW_2	ARO:3008048	ADC-338	1	40.000000	42.000000	42.000000
RW_2	ARO:3008050	ADC-340	2	62.000000	71.450000	82.800000
RW_2	ARO:3008051	ADC-341	7	49.971429	55.557143	61.600000
RW_2	ARO:3008052	ADC-342	11	57.809091	61.681818	72.000000
RW_2	ARO:3008053	ADC-343	109	57.562385	58.804587	92.400000
RW_2	ARO:3008054	ADC-344	25	66.616000	70.040000	81.300000
RW_2	ARO:3008057	ADC-347	564	63.256028	64.341312	79.300000
RW_2	ARO:3008058	ADC-348	104	64.850000	68.050962	76.300000
RW_2	ARO:3008060	ADC-350	474	60.103376	64.905274	86.300000
RW_2	ARO:3008061	ADC-351	14	63.185714	67.692857	81.300000
RW_2	ARO:3008062	ADC-352	525	65.882286	69.065143	81.300000
RW_2	ARO:3008063	ADC-353	197	58.544162	62.069543	101.000000
RW_2	ARO:3008064	ADC-354	11	68.863636	73.081818	77.000000
RW_2	ARO:3008066	ADC-356	52	72.567308	81.013462	86.300000
RW_2	ARO:3008067	ADC-357	766	68.332637	74.326110	103.000000
RW_2	ARO:3008068	ADC-358	455	59.440220	64.522418	86.300000
RW_2	ARO:3008069	ADC-359	640	65.658281	68.086094	85.500000
RW_2	ARO:3008070	AFM-3	8	48.625000	40.425000	44.700000
RW_2	ARO:3008071	AFM-4	8	48.625000	40.425000	44.700000
RW_2	ARO:3008072	AFM-5	12	64.083333	60.758333	105.000000
RW_2	ARO:3008073	AIM-2	300	51.518000	50.427333	76.300000
RW_2	ARO:3008074	ASU1-1	57	54.035088	52.568421	74.700000
RW_2	ARO:3008075	AXC-6	752	63.339628	63.602660	79.700000
RW_2	ARO:3008076	AXC-7	768	63.547917	63.925391	80.100000
RW_2	ARO:3008077	AXC-8	765	63.627582	63.709281	80.100000
RW_2	ARO:3008078	B3SU1-1	397	52.437783	45.292443	88.200000
RW_2	ARO:3008079	B3SU2-1	215	59.591163	61.463721	96.700000
RW_2	ARO:3008080	BIC-2	50	53.684000	55.696000	74.300000
RW_2	ARO:3008081	BMHC-1	289	60.208304	67.591696	102.000000
RW_2	ARO:3008082	BOR-1	390	56.286154	56.209231	83.200000
RW_2	ARO:3008083	CAM-2	67	55.026866	63.014925	90.900000
RW_2	ARO:3008084	CME-3	485	61.117732	62.340825	87.400000
RW_2	ARO:3008085	CMH-10	100	67.538000	71.780000	105.000000
RW_2	ARO:3008086	CMH-11	40	70.732500	72.232500	104.000000
RW_2	ARO:3008087	CMH-12	67	70.041791	74.616418	106.000000
RW_2	ARO:3008088	CMH-13	54	73.966667	79.079630	105.000000
RW_2	ARO:3008089	CMH-14	60	73.293333	78.416667	105.000000
RW_2	ARO:3008090	CMH-15	58	72.460345	76.687931	105.000000
RW_2	ARO:3008091	CMH-16	57	72.335088	76.321053	105.000000
RW_2	ARO:3008092	CMH-17	41	60.204878	61.029268	107.000000
RW_2	ARO:3008093	CMH-18	49	72.967347	78.036735	103.000000
RW_2	ARO:3008094	CMH-19	38	74.363158	78.852632	105.000000
RW_2	ARO:3008095	CMH-20	51	73.149020	78.201961	105.000000
RW_2	ARO:3008096	CMH-21	35	68.002857	69.831429	105.000000
RW_2	ARO:3008097	CMH-24	32	71.787500	71.975000	104.000000
RW_2	ARO:3008098	CMH-25	40	63.932500	64.037500	106.000000
RW_2	ARO:3008099	CMH-26	23	63.786957	65.656522	105.000000
RW_2	ARO:3008100	CMH-27	22	66.263636	68.540909	105.000000
RW_2	ARO:3008101	CMH-28	15	71.880000	71.093333	104.000000
RW_2	ARO:3008102	CMH-29	18	71.994444	75.622222	104.000000
RW_2	ARO:3008103	CMH-30	23	66.582609	66.839130	105.000000
RW_2	ARO:3008104	CMH-31	36	66.180556	66.413889	106.000000
RW_2	ARO:3008105	CMH-32	40	62.517500	63.850000	107.000000
RW_2	ARO:3008106	CMH-33	28	66.332143	67.792857	105.000000
RW_2	ARO:3008107	CMH-34	39	62.641026	62.728205	109.000000
RW_2	ARO:3008108	CMH-7	18	70.511111	70.116667	105.000000
RW_2	ARO:3008109	CMH-8	20	74.460000	74.215000	104.000000
RW_2	ARO:3008110	CMH-9	40	77.640000	83.872500	105.000000
RW_2	ARO:3008111	CMY-172	374	83.248663	84.468717	113.000000
RW_2	ARO:3008112	CMY-175	10	62.740000	74.460000	88.600000
RW_2	ARO:3008113	CMY-176	43	66.376744	66.325581	107.000000
RW_2	ARO:3008115	CMY-178	374	81.281016	82.376738	113.000000
RW_2	ARO:3008116	CMY-179	69	69.842029	72.927536	106.000000
RW_2	ARO:3008117	CMY-180	7	91.057143	100.957143	112.000000
RW_2	ARO:3008118	CMY-181	3	98.000000	109.333333	112.000000
RW_2	ARO:3008119	CMY-182	38	65.052632	69.934211	105.000000
RW_2	ARO:3008120	CMY-183	17	71.888235	73.405882	107.000000
RW_2	ARO:3008121	CMY-184	33	93.487879	100.254545	110.000000
RW_2	ARO:3008122	CMY-186	23	95.000000	101.665217	110.000000
RW_2	ARO:3008123	CMY-188	4	76.250000	80.875000	112.000000
RW_2	ARO:3008124	CMY-189	4	76.250000	80.875000	112.000000
RW_2	ARO:3008125	CMY-190	60	62.583333	63.815000	107.000000
RW_2	ARO:3008126	CMY-191	2	72.950000	73.950000	98.200000
RW_2	ARO:3008127	CMY-192	7	68.514286	59.014286	90.100000
RW_2	ARO:3008128	CMY-194	16	99.875000	105.312500	108.000000
RW_2	ARO:3008129	CMY-195	1	100.000000	99.800000	99.800000
RW_2	ARO:3008130	CMY-196	1	98.000000	98.200000	98.200000
RW_2	ARO:3008131	CMY-197	2	72.350000	69.900000	99.800000
RW_2	ARO:3008133	CMY-199	8	45.425000	43.600000	45.800000
RW_2	ARO:3008134	CTX-M-243	2	47.000000	57.200000	67.000000
RW_2	ARO:3008136	CTX-M-246	38	53.507895	46.692105	69.700000
RW_2	ARO:3008137	CTX-M-247	4	60.850000	65.000000	89.400000
RW_2	ARO:3008138	CTX-M-248	4	60.850000	65.000000	89.400000
RW_2	ARO:3008139	CTX-M-249	4	60.850000	65.000000	89.400000
RW_2	ARO:3008141	CTX-M-252	3	52.566667	56.866667	68.900000
RW_2	ARO:3008142	CTX-M-253	29	72.737931	73.948276	103.000000
RW_2	ARO:3008145	CTX-M-256	2	98.000000	92.600000	92.800000
RW_2	ARO:3008147	CTX-M-258	2	42.750000	43.100000	48.500000
RW_2	ARO:3008149	CTX-M-260	2	47.300000	46.600000	51.600000
RW_2	ARO:3008153	CTX-M-264	2	53.750000	51.400000	57.000000
RW_2	ARO:3008154	CTX-M-265	2	53.750000	51.400000	57.000000
RW_2	ARO:3008155	CTX-M-266	4	48.425000	43.800000	47.400000
RW_2	ARO:3008156	CTX-M-267	2	54.800000	60.850000	67.000000
RW_2	ARO:3008157	CTX-M-268	2	39.200000	43.500000	48.900000
RW_2	ARO:3008158	CTX-M-269	4	54.850000	57.875000	68.200000
RW_2	ARO:3008159	CTX-M-270	20	85.780000	85.850000	103.000000
RW_2	ARO:3008160	CTX-M-271	5	61.800000	62.160000	72.000000
RW_2	ARO:3008161	CTX-M-272	21	82.095238	82.409524	103.000000
RW_2	ARO:3008164	CTX-M-275	6	52.083333	59.316667	64.700000
RW_2	ARO:3008165	CTX-M-276	1	61.700000	63.200000	63.200000
RW_2	ARO:3008166	CTX-M-277	7	56.742857	55.242857	71.200000
RW_2	ARO:3008168	DHA-30	126	57.149206	59.770635	72.000000
RW_2	ARO:3008169	DHA-31	151	62.820530	68.043046	106.000000
RW_2	ARO:3008170	DHA-32	125	59.364000	64.777600	106.000000
RW_2	ARO:3008171	DHA-33	123	85.811382	83.700000	108.000000
RW_2	ARO:3008172	DHA-34	120	89.085000	88.920000	108.000000
RW_2	ARO:3008173	FONA-10	49	61.602041	64.159184	107.000000
RW_2	ARO:3008174	FONA-11	37	64.678378	67.562162	107.000000
RW_2	ARO:3008175	FONA-12	49	63.565306	66.273469	107.000000
RW_2	ARO:3008176	FONA-13	36	65.327778	68.305556	107.000000
RW_2	ARO:3008177	FONA-7	35	62.188571	63.191429	106.000000
RW_2	ARO:3008178	FONA-8	42	63.183333	66.023810	107.000000
RW_2	ARO:3008179	FONA-9	41	63.180488	65.607317	107.000000
RW_2	ARO:3008180	FOX-18	348	73.796839	74.688793	114.000000
RW_2	ARO:3008181	FOX-19	330	76.702727	76.746364	107.000000
RW_2	ARO:3008182	FOX-20	320	76.552187	76.262500	107.000000
RW_2	ARO:3008183	FOX-21	390	74.368974	73.733333	109.000000
RW_2	ARO:3008184	FRI-12	85	51.388235	49.415294	78.600000
RW_2	ARO:3008185	GES-58	35	98.365714	98.594286	105.000000
RW_2	ARO:3008186	GES-59	186	63.569355	65.112903	105.000000
RW_2	ARO:3008187	GES-60	20	99.600000	99.200000	103.000000
RW_2	ARO:3008188	GES-61	61	99.211475	100.547541	108.000000
RW_2	ARO:3008189	GES-62	55	68.692727	68.761818	101.000000
RW_2	ARO:3008191	GES-66	23	62.443478	61.800000	105.000000
RW_2	ARO:3008192	GIM-3	59	41.701695	47.564407	72.800000
RW_2	ARO:3008193	GMA-1	153	54.075163	56.849673	73.600000
RW_2	ARO:3008194	GMA-2	144	53.862500	56.665972	72.400000
RW_2	ARO:3008195	GOB-17	60	51.603333	52.936667	95.500000
RW_2	ARO:3008196	GOB-47	56	51.885714	53.576786	95.500000
RW_2	ARO:3008197	GOB-52	29	51.475862	54.444828	82.000000
RW_2	ARO:3008198	GOB-53	62	48.037097	46.095161	94.000000
RW_2	ARO:3008199	HBL-1	239	52.802510	51.576569	76.300000
RW_2	ARO:3008200	HER-1	348	56.063218	58.841092	82.400000
RW_2	ARO:3008201	HER-2	328	55.781098	58.814329	83.200000
RW_2	ARO:3008202	HER-3	338	56.409467	59.368343	83.200000
RW_2	ARO:3008203	HER-4	304	56.263487	58.965789	82.400000
RW_2	ARO:3008204	HER-5	306	56.524837	59.616667	82.400000
RW_2	ARO:3008205	HER-6	331	57.351662	59.701511	82.400000
RW_2	ARO:3008206	HER-8	343	57.843149	60.646939	83.200000
RW_2	ARO:3008207	HMB-2	32	48.146875	44.753125	67.800000
RW_2	ARO:3008208	IMI-10	35	46.297143	44.311429	75.100000
RW_2	ARO:3008209	IMI-22	40	49.187500	47.020000	75.500000
RW_2	ARO:3008210	IMI-23	46	49.241304	46.506522	75.100000
RW_2	ARO:3008211	IMI-24	53	53.998113	51.032075	70.500000
RW_2	ARO:3008212	IMI-25	53	53.998113	51.016981	70.500000
RW_2	ARO:3008213	IMI-26	34	45.594118	43.405882	56.600000
RW_2	ARO:3008214	IMI-27	76	47.244737	46.185526	63.200000
RW_2	ARO:3008215	IMP-100	10	80.140000	81.100000	95.500000
RW_2	ARO:3008216	IMP-101	21	56.633333	53.157143	95.500000
RW_2	ARO:3008217	IMP-102	21	52.771429	52.447619	96.300000
RW_2	ARO:3008218	IMP-104	5	52.540000	51.140000	85.100000
RW_2	ARO:3008219	IMP-105	32	44.656250	45.043750	69.700000
RW_2	ARO:3008220	IMP-86	20	38.700000	41.685000	49.300000
RW_2	ARO:3008221	IMP-87	20	38.700000	41.685000	49.300000
RW_2	ARO:3008222	IMP-90	7	67.171429	69.742857	93.200000
RW_2	ARO:3008223	IMP-97	4	41.600000	43.800000	54.700000
RW_2	ARO:3008224	IMP-98	4	50.900000	54.100000	85.500000
RW_2	ARO:3008225	IMP-99	7	68.857143	72.114286	95.500000
RW_2	ARO:3008226	IND-18	78	51.783333	55.185897	87.800000
RW_2	ARO:3008227	IND-19	85	53.267059	54.925882	84.000000
RW_2	ARO:3008228	KHM-2	29	46.748276	45.951724	60.800000
RW_2	ARO:3008229	KLUC-6	166	57.156024	52.578313	107.000000
RW_2	ARO:3008230	KLUG-1	33	58.996970	57.327273	98.600000
RW_2	ARO:3008232	KPC-102	37	59.313514	57.037838	103.000000
RW_2	ARO:3008240	KPC-110	1	54.200000	57.000000	57.000000
RW_2	ARO:3008242	KPC-112	115	61.179130	61.333913	108.000000
RW_2	ARO:3008243	KPC-113	4	52.200000	51.200000	54.300000
RW_2	ARO:3008245	KPC-115	37	76.475676	76.635135	111.000000
RW_2	ARO:3008248	KPC-118	7	54.142857	51.485714	67.000000
RW_2	ARO:3008249	KPC-119	1	50.000000	49.700000	49.700000
RW_2	ARO:3008253	KPC-124	33	78.339394	78.287879	111.000000
RW_2	ARO:3008256	KPC-128	1	75.000000	73.600000	73.600000
RW_2	ARO:3008257	KPC-129	1	42.900000	45.400000	45.400000
RW_2	ARO:3008262	KPC-136	8	48.200000	47.312500	58.200000
RW_2	ARO:3008263	KPC-137	4	49.725000	48.025000	53.500000
RW_2	ARO:3008264	KPC-138	5	62.060000	65.860000	74.300000
RW_2	ARO:3008269	KPC-143	1	38.000000	47.400000	47.400000
RW_2	ARO:3008275	KPC-149	2	51.950000	49.300000	52.400000
RW_2	ARO:3008276	KPC-150	49	70.573469	70.373469	111.000000
RW_2	ARO:3008277	KPC-151	115	65.348696	66.699130	108.000000
RW_2	ARO:3008279	KPC-153	1	50.000000	43.900000	43.900000
RW_2	ARO:3008281	KPC-155	5	78.480000	67.480000	101.000000
RW_2	ARO:3008283	KPC-157	1	55.100000	49.300000	49.300000
RW_2	ARO:3008284	KPC-158	5	58.320000	62.640000	67.000000
RW_2	ARO:3008285	KPC-159	86	64.318605	64.660465	108.000000
RW_2	ARO:3008286	KPC-160	37	81.894595	80.635135	111.000000
RW_2	ARO:3008292	KPC-166	10	88.230000	85.530000	111.000000
RW_2	ARO:3008294	KPC-168	4	46.075000	43.225000	46.600000
RW_2	ARO:3008295	KPC-169	56	72.114286	70.785714	111.000000
RW_2	ARO:3008299	KPC-173	1	55.300000	48.500000	48.500000
RW_2	ARO:3008300	KPC-174	27	74.062963	75.259259	105.000000
RW_2	ARO:3008304	KPC-178	7	49.128571	47.800000	58.200000
RW_2	ARO:3008305	KPC-179	7	60.528571	57.714286	71.600000
RW_2	ARO:3008307	KPC-181	1	50.000000	44.700000	44.700000
RW_2	ARO:3008308	KPC-182	1	47.600000	43.900000	43.900000
RW_2	ARO:3008310	KPC-184	1	50.000000	43.900000	43.900000
RW_2	ARO:3008311	KPC-185	8	70.475000	65.512500	78.200000
RW_2	ARO:3008312	KPC-186	35	83.477143	81.662857	111.000000
RW_2	ARO:3008316	KPC-190	5	58.320000	62.640000	67.000000
RW_2	ARO:3008317	KPC-191	13	81.053846	80.153846	111.000000
RW_2	ARO:3008323	KPC-197	6	62.566667	66.750000	71.600000
RW_2	ARO:3008324	KPC-201	48	72.547917	72.612500	111.000000
RW_2	ARO:3008333	KPC-211	59	70.400000	69.340678	111.000000
RW_2	ARO:3008335	KPC-213	1	55.100000	50.800000	50.800000
RW_2	ARO:3008336	KPC-214	1	46.900000	55.100000	55.100000
RW_2	ARO:3008337	KPC-215	7	50.742857	50.500000	62.800000
RW_2	ARO:3008338	KPC-216	1	54.000000	50.400000	50.400000
RW_2	ARO:3008339	KPC-217	4	51.775000	48.700000	59.300000
RW_2	ARO:3008340	KPC-218	6	48.600000	46.650000	58.200000
RW_2	ARO:3008343	KPC-225	53	68.918868	68.262264	111.000000
RW_2	ARO:3008344	KPC-226	104	66.583654	67.623077	108.000000
RW_2	ARO:3008346	KPC-228	59	70.001695	69.108475	111.000000
RW_2	ARO:3008349	KPC-232	7	55.514286	51.885714	62.000000
RW_2	ARO:3008351	KPC-234	34	59.641176	57.497059	103.000000
RW_2	ARO:3008353	KPC-237	9	92.744444	90.244444	111.000000
RW_2	ARO:3008354	KPC-238	35	76.462857	72.317143	108.000000
RW_2	ARO:3008355	KPC-239	30	67.533333	72.653333	105.000000
RW_2	ARO:3008356	KPC-240	52	69.059615	69.186538	111.000000
RW_2	ARO:3008357	KPC-241	49	74.206122	72.914286	111.000000
RW_2	ARO:3008359	KPC-47	5	62.060000	65.860000	74.300000
RW_2	ARO:3008369	KPC-89	1	75.000000	73.600000	73.600000
RW_2	ARO:3008370	KPC-91	3	57.333333	55.300000	67.000000
RW_2	ARO:3008371	KPC-92	22	90.377273	89.931818	111.000000
RW_2	ARO:3008372	LHK-7	154	59.022078	61.317532	108.000000
RW_2	ARO:3008373	MIR-24	26	73.588462	74.661538	111.000000
RW_2	ARO:3008374	MIR-25	51	69.923529	70.256863	111.000000
RW_2	ARO:3008375	MIR-27	21	73.428571	76.842857	111.000000
RW_2	ARO:3008376	MIR-28	23	74.182609	74.778261	111.000000
RW_2	ARO:3008377	MIR-30	17	76.217647	80.176471	111.000000
RW_2	ARO:3008378	MIR-31	11	82.318182	80.318182	111.000000
RW_2	ARO:3008379	MIR-32	17	68.670588	64.176471	110.000000
RW_2	ARO:3008380	MIR-33	13	59.738462	62.000000	103.000000
RW_2	ARO:3008381	MIR-34	25	66.536000	61.752000	110.000000
RW_2	ARO:3008382	MIR-35	11	68.200000	63.436364	103.000000
RW_2	ARO:3008383	MOX-15	811	91.180518	88.775586	110.000000
RW_2	ARO:3008384	MOX-16	715	78.073986	77.717343	108.000000
RW_2	ARO:3008385	MOX-17	1196	84.446154	83.725920	110.000000
RW_2	ARO:3008386	MOX-18	1111	83.472007	84.101620	110.000000
RW_2	ARO:3008387	MOX-19	815	90.791288	88.725521	110.000000
RW_2	ARO:3008388	MOX-20	1090	83.646055	84.464771	110.000000
RW_2	ARO:3008389	MOX-21	1089	85.273278	84.682094	110.000000
RW_2	ARO:3008390	MOX-22	1085	84.687189	84.054101	110.000000
RW_2	ARO:3008391	MOX-23	1030	84.311456	84.853301	110.000000
RW_2	ARO:3008392	MOX-24	833	90.252941	88.275270	110.000000
RW_2	ARO:3008393	MOX-25	777	91.673359	89.474003	110.000000
RW_2	ARO:3008394	MUN-1	155	46.787742	50.115484	105.000000
RW_2	ARO:3008395	MUN-6	149	46.410067	49.510738	105.000000
RW_2	ARO:3008396	NDM-48	4	58.175000	59.325000	96.700000
RW_2	ARO:3008397	NDM-49	4	58.175000	59.325000	96.700000
RW_2	ARO:3008398	NDM-50	3	100.000000	105.000000	105.000000
RW_2	ARO:3008399	NDM-51	4	58.175000	59.325000	96.700000
RW_2	ARO:3008400	NDM-52	9	100.000000	104.111111	108.000000
RW_2	ARO:3008401	NDM-53	4	58.175000	59.325000	96.700000
RW_2	ARO:3008402	NDM-54	17	99.758824	101.411765	108.000000
RW_2	ARO:3008403	NDM-55	4	58.175000	59.325000	96.700000
RW_2	ARO:3008404	NDM-56	2	70.700000	69.900000	96.700000
RW_2	ARO:3008405	NDM-57	3	63.766667	64.733333	96.700000
RW_2	ARO:3008406	NDM-58	9	100.000000	98.777778	102.000000
RW_2	ARO:3008407	NDM-60	3	63.766667	64.733333	96.700000
RW_2	ARO:3008408	NDM-61	9	100.000000	104.111111	108.000000
RW_2	ARO:3008409	NDM-64	14	100.000000	101.571429	108.000000
RW_2	ARO:3008410	NDM-65	7	100.000000	98.142857	100.000000
RW_2	ARO:3008411	NDM-66	1	50.000000	55.100000	55.100000
RW_2	ARO:3008412	NDM-67	1	40.900000	42.400000	42.400000
RW_2	ARO:3008413	NDM-68	1	41.300000	42.400000	42.400000
RW_2	ARO:3008414	NDM-69	7	100.000000	98.142857	100.000000
RW_2	ARO:3008415	NDM-70	2	67.600000	68.750000	95.100000
RW_2	ARO:3008416	NDM-71	2	100.000000	97.850000	99.400000
RW_2	ARO:3008421	OXA-1000	11	59.300000	64.009091	80.900000
RW_2	ARO:3008422	OXA-1001	283	70.919081	69.926148	103.000000
RW_2	ARO:3008423	OXA-1002	1	69.400000	73.200000	73.200000
RW_2	ARO:3008424	OXA-1003	57	75.882456	79.842105	97.400000
RW_2	ARO:3008425	OXA-1004	104	74.212500	80.444231	91.300000
RW_2	ARO:3008426	OXA-1005	82	78.946341	83.193902	102.000000
RW_2	ARO:3008427	OXA-1006	45	70.215556	68.413333	108.000000
RW_2	ARO:3008428	OXA-1007	28	74.714286	77.850000	108.000000
RW_2	ARO:3008429	OXA-1008	12	60.458333	61.216667	108.000000
RW_2	ARO:3008430	OXA-1009	37	74.221622	81.243243	98.200000
RW_2	ARO:3008431	OXA-1010	18	74.505556	75.750000	82.400000
RW_2	ARO:3008432	OXA-1011	2249	63.937661	68.854157	119.000000
RW_2	ARO:3008433	OXA-1012	672	53.325744	52.718304	110.000000
RW_2	ARO:3008435	OXA-1014	146	58.121233	58.717123	78.600000
RW_2	ARO:3008436	OXA-1015	690	93.134348	88.774058	112.000000
RW_2	ARO:3008437	OXA-1016	2228	54.472172	59.623250	115.000000
RW_2	ARO:3008438	OXA-1017	1310	67.962214	69.308779	109.000000
RW_2	ARO:3008439	OXA-1018	30	53.493333	58.426667	79.000000
RW_2	ARO:3008440	OXA-1019	32	46.509375	51.340625	77.400000
RW_2	ARO:3008441	OXA-1020	86	57.470930	57.745349	78.600000
RW_2	ARO:3008442	OXA-1021	92	58.353261	59.428261	82.400000
RW_2	ARO:3008443	OXA-1022	115	57.455652	58.573913	82.400000
RW_2	ARO:3008444	OXA-1023	139	52.405036	53.987050	82.400000
RW_2	ARO:3008445	OXA-1024	112	57.494643	58.658036	82.400000
RW_2	ARO:3008446	OXA-1025	70	56.911429	57.924286	78.600000
RW_2	ARO:3008447	OXA-1026	68	57.561765	57.998529	78.600000
RW_2	ARO:3008448	OXA-1027	62	57.874194	58.758065	78.600000
RW_2	ARO:3008449	OXA-1028	63	57.204762	57.555556	78.600000
RW_2	ARO:3008450	OXA-1029	12	46.183333	49.516667	66.600000
RW_2	ARO:3008451	OXA-1030	4	67.250000	69.800000	79.000000
RW_2	ARO:3008452	OXA-1031	8	62.050000	64.750000	79.000000
RW_2	ARO:3008453	OXA-1032	96	59.196875	59.415625	82.400000
RW_2	ARO:3008454	OXA-1033	10	43.540000	49.720000	66.600000
RW_2	ARO:3008455	OXA-1034	4	67.250000	69.800000	79.000000
RW_2	ARO:3008456	OXA-1035	10	43.540000	49.720000	66.600000
RW_2	ARO:3008457	OXA-1036	89	76.542697	76.901124	107.000000
RW_2	ARO:3008458	OXA-1037	921	86.839957	88.074050	115.000000
RW_2	ARO:3008459	OXA-1040	43	68.211628	67.846512	103.000000
RW_2	ARO:3008460	OXA-1041	773	83.807891	87.076585	113.000000
RW_2	ARO:3008461	OXA-1042	577	94.398440	91.203293	109.000000
RW_2	ARO:3008462	OXA-1043	51	56.333333	58.666667	82.400000
RW_2	ARO:3008463	OXA-1044	1765	91.087535	87.953031	115.000000
RW_2	ARO:3008464	OXA-1045	5	72.040000	64.020000	73.600000
RW_2	ARO:3008465	OXA-1046	689	97.079681	92.908128	111.000000
RW_2	ARO:3008467	OXA-1048	7	68.185714	72.014286	90.100000
RW_2	ARO:3008468	OXA-1049	1245	70.557992	72.096064	115.000000
RW_2	ARO:3008469	OXA-1050	21	83.066667	90.728571	99.000000
RW_2	ARO:3008470	OXA-1051	179	64.750838	65.236313	89.000000
RW_2	ARO:3008471	OXA-1052	144	72.584722	73.827083	103.000000
RW_2	ARO:3008472	OXA-1053	661	92.328139	87.845386	112.000000
RW_2	ARO:3008473	OXA-1055	485	53.839794	53.442474	110.000000
RW_2	ARO:3008474	OXA-1056	2532	54.846919	59.406556	92.800000
RW_2	ARO:3008475	OXA-1057	2591	55.143265	59.847781	92.800000
RW_2	ARO:3008479	OXA-1061	1	47.100000	39.300000	39.300000
RW_2	ARO:3008485	OXA-1067	4	71.550000	77.425000	83.600000
RW_2	ARO:3008486	OXA-1068	4	71.550000	77.425000	83.600000
RW_2	ARO:3008491	OXA-1073	45	70.122222	75.028889	84.000000
RW_2	ARO:3008494	OXA-1076	4	76.875000	77.300000	77.800000
RW_2	ARO:3008499	OXA-1081	53	68.905660	68.466038	102.000000
RW_2	ARO:3008500	OXA-1082	792	79.002652	79.583586	115.000000
RW_2	ARO:3008501	OXA-1083	1291	71.363052	74.821689	120.000000
RW_2	ARO:3008502	OXA-1084	786	71.804453	71.856870	115.000000
RW_2	ARO:3008503	OXA-1085	2071	71.514775	74.899372	117.000000
RW_2	ARO:3008504	OXA-1086	371	90.208895	82.322642	107.000000
RW_2	ARO:3008505	OXA-1087	578	93.177855	87.927682	112.000000
RW_2	ARO:3008506	OXA-1088	458	95.749127	92.620306	108.000000
RW_2	ARO:3008507	OXA-1089	790	53.077089	55.358987	76.300000
RW_2	ARO:3008508	OXA-1090	18	50.033333	50.733333	57.400000
RW_2	ARO:3008509	OXA-1091	213	53.677465	57.614554	95.100000
RW_2	ARO:3008510	OXA-1092	4	39.175000	41.500000	43.900000
RW_2	ARO:3008513	OXA-1095	2	40.350000	50.100000	50.100000
RW_2	ARO:3008514	OXA-1096	1	84.000000	96.300000	96.300000
RW_2	ARO:3008517	OXA-1099	417	51.631175	48.542686	88.200000
RW_2	ARO:3008518	OXA-1100	428	51.433645	49.755607	88.200000
RW_2	ARO:3008519	OXA-1101	495	52.374141	49.970303	86.700000
RW_2	ARO:3008520	OXA-1102	323	50.337771	49.646749	85.100000
RW_2	ARO:3008521	OXA-1103	331	50.325076	49.859517	83.600000
RW_2	ARO:3008522	OXA-1104	337	49.851039	49.668546	83.600000
RW_2	ARO:3008523	OXA-1105	329	49.977508	49.761398	85.100000
RW_2	ARO:3008524	OXA-1106	287	50.670383	50.973171	83.600000
RW_2	ARO:3008525	OXA-1107	307	50.428664	50.024756	85.100000
RW_2	ARO:3008526	OXA-1108	5037	71.236371	74.802680	110.000000
RW_2	ARO:3008527	OXA-1109	2	47.500000	49.300000	49.300000
RW_2	ARO:3008528	OXA-1110	169	79.506509	81.663314	105.000000
RW_2	ARO:3008529	OXA-1111	93	83.225806	83.270968	105.000000
RW_2	ARO:3008530	OXA-1112	85	71.604706	71.755294	105.000000
RW_2	ARO:3008531	OXA-1113	111	76.684685	79.967568	92.000000
RW_2	ARO:3008532	OXA-1114	22	60.354545	58.290909	77.000000
RW_2	ARO:3008533	OXA-1115	12	55.608333	60.850000	77.000000
RW_2	ARO:3008534	OXA-1116	31	65.077419	63.483871	106.000000
RW_2	ARO:3008537	OXA-1119	127	55.677953	58.770079	109.000000
RW_2	ARO:3008538	OXA-1120	637	93.868132	88.933909	112.000000
RW_2	ARO:3008539	OXA-1121	10	45.160000	50.500000	55.800000
RW_2	ARO:3008540	OXA-1122	115	73.211304	80.680870	101.000000
RW_2	ARO:3008541	OXA-1123	11	79.536364	85.836364	91.700000
RW_2	ARO:3008542	OXA-1124	69	61.382609	60.728986	81.600000
RW_2	ARO:3008543	OXA-1125	14	52.100000	53.821429	79.000000
RW_2	ARO:3008544	OXA-1126	65	59.464615	59.480000	78.600000
RW_2	ARO:3008545	OXA-1127	14	52.257143	54.621429	79.000000
RW_2	ARO:3008546	OXA-1128	7	63.614286	66.800000	79.000000
RW_2	ARO:3008547	OXA-1129	126	49.955556	54.743651	78.200000
RW_2	ARO:3008548	OXA-1130	46	60.117391	60.071739	78.600000
RW_2	ARO:3008549	OXA-1131	53	59.279245	59.462264	78.600000
RW_2	ARO:3008550	OXA-1132	10	46.530000	48.410000	62.800000
RW_2	ARO:3008551	OXA-1133	125	49.881600	54.648800	78.200000
RW_2	ARO:3008552	OXA-1134	10	46.530000	48.410000	62.800000
RW_2	ARO:3008553	OXA-1135	7	46.071429	46.985714	62.800000
RW_2	ARO:3008554	OXA-1136	1081	76.826549	81.525069	120.000000
RW_2	ARO:3008555	OXA-1137	14	65.650000	64.707143	108.000000
RW_2	ARO:3008556	OXA-1138	44	77.093182	81.697727	89.700000
RW_2	ARO:3008557	OXA-1139	59	75.530508	81.137288	102.000000
RW_2	ARO:3008558	OXA-1140	59	56.442373	56.710169	78.600000
RW_2	ARO:3008559	OXA-1141	316	95.864873	99.124051	108.000000
RW_2	ARO:3008560	OXA-1142	44	56.906818	58.654545	82.400000
RW_2	ARO:3008561	OXA-1143	915	87.132240	88.266120	115.000000
RW_2	ARO:3008562	OXA-1144	221	71.650226	73.787783	103.000000
RW_2	ARO:3008563	OXA-1145	51	62.209804	68.031373	93.600000
RW_2	ARO:3008564	OXA-1146	589	54.608489	54.878268	111.000000
RW_2	ARO:3008565	OXA-1147	254	92.284252	93.144882	107.000000
RW_2	ARO:3008566	OXA-1148	472	89.118008	91.096398	108.000000
RW_2	ARO:3008567	OXA-1149	122	44.593443	48.018852	63.200000
RW_2	ARO:3008568	OXA-1150	35	78.228571	82.228571	89.700000
RW_2	ARO:3008569	OXA-1151	8	83.862500	87.087500	98.200000
RW_2	ARO:3008570	OXA-1152	121	44.460331	47.785124	63.200000
RW_2	ARO:3008571	OXA-1153	817	83.147124	87.017748	115.000000
RW_2	ARO:3008572	OXA-1154	931	87.078518	88.609130	115.000000
RW_2	ARO:3008573	OXA-1155	920	87.143370	88.765435	115.000000
RW_2	ARO:3008574	OXA-1156	812	90.051970	92.329926	116.000000
RW_2	ARO:3008575	OXA-1157	560	81.607500	82.007143	117.000000
RW_2	ARO:3008576	OXA-1158	885	89.070508	89.857966	115.000000
RW_2	ARO:3008577	OXA-1159	873	87.552463	88.236655	115.000000
RW_2	ARO:3008578	OXA-1160	904	87.944137	89.166482	115.000000
RW_2	ARO:3008579	OXA-1161	835	88.857844	89.458323	115.000000
RW_2	ARO:3008580	OXA-1162	603	81.882587	84.720232	117.000000
RW_2	ARO:3008581	OXA-1163	821	89.760049	90.484775	115.000000
RW_2	ARO:3008582	OXA-1164	8	46.662500	53.975000	82.000000
RW_2	ARO:3008583	OXA-1165	163	76.271779	80.182822	92.000000
RW_2	ARO:3008584	OXA-1166	49	74.224490	78.485714	89.700000
RW_2	ARO:3008585	OXA-1167	13	52.500000	57.830769	98.600000
RW_2	ARO:3008586	OXA-1168	232	94.076293	95.774569	108.000000
RW_2	ARO:3008587	OXA-1169	605	95.484793	90.206777	112.000000
RW_2	ARO:3008588	OXA-1170	572	93.247552	87.798951	112.000000
RW_2	ARO:3008589	OXA-1171	573	93.643979	88.030017	112.000000
RW_2	ARO:3008590	OXA-1172	2044	72.206067	75.803718	117.000000
RW_2	ARO:3008591	OXA-1173	1164	70.053007	75.713230	118.000000
RW_2	ARO:3008592	OXA-1174	6	45.016667	49.866667	62.800000
RW_2	ARO:3008593	OXA-1175	306	98.959150	94.933333	106.000000
RW_2	ARO:3008594	OXA-1176	267	45.265169	49.354307	80.900000
RW_2	ARO:3008595	OXA-1177	143	49.370629	51.333566	80.100000
RW_2	ARO:3008596	OXA-1178	1002	97.675250	94.966367	107.000000
RW_2	ARO:3008597	OXA-1181	70	59.688571	61.258571	109.000000
RW_2	ARO:3008598	OXA-1182	126	69.081746	75.539683	102.000000
RW_2	ARO:3008599	OXA-1183	736	69.499728	72.333967	115.000000
RW_2	ARO:3008600	OXA-1184	525	93.093524	89.348000	112.000000
RW_2	ARO:3008601	OXA-1185	35	70.434286	76.537143	97.800000
RW_2	ARO:3008602	OXA-1186	2574	55.130963	59.903885	92.800000
RW_2	ARO:3008603	OXA-1187	2196	70.932787	74.181831	117.000000
RW_2	ARO:3008604	OXA-1188	75	61.266667	60.085333	82.400000
RW_2	ARO:3008605	OXA-1189	60	77.146667	80.278333	99.800000
RW_2	ARO:3008606	OXA-1190	378	72.093386	75.219048	101.000000
RW_2	ARO:3008607	OXA-1191	255	72.034510	71.630588	103.000000
RW_2	ARO:3008608	OXA-1193	233	71.419742	70.066094	105.000000
RW_2	ARO:3008609	OXA-1194	218	71.737615	75.747248	103.000000
RW_2	ARO:3008610	OXA-1198	8	59.875000	61.462500	79.000000
RW_2	ARO:3008611	OXA-1199	2	55.100000	58.550000	79.000000
RW_2	ARO:3008612	OXA-1200	1170	53.086838	55.322564	110.000000
RW_2	ARO:3008613	OXA-1201	77	57.597403	59.794805	109.000000
RW_2	ARO:3008614	OXA-1202	658	93.886170	89.607751	112.000000
RW_2	ARO:3008615	OXA-1203	620	96.172097	91.840806	112.000000
RW_2	ARO:3008616	OXA-1204	548	94.545438	89.489964	112.000000
RW_2	ARO:3008617	OXA-1205	74	58.322973	60.345946	109.000000
RW_2	ARO:3008618	OXA-1206	231	48.364935	47.670130	63.900000
RW_2	ARO:3008619	OXA-1207	81	58.616049	59.870370	109.000000
RW_2	ARO:3008620	OXA-1208	1626	86.391759	83.263223	111.000000
RW_2	ARO:3008621	OXA-1211	97	54.248454	57.335052	109.000000
RW_2	ARO:3008622	OXA-1212	64	46.548438	50.978125	69.700000
RW_2	ARO:3008623	OXA-1213	40	56.147500	56.625000	97.100000
RW_2	ARO:3008624	OXA-1214	3	45.166667	48.133333	55.800000
RW_2	ARO:3008625	OXA-1215	57	65.347368	68.510526	93.600000
RW_2	ARO:3008626	OXA-1216	4	100.000000	105.700000	109.000000
RW_2	ARO:3008629	OXA-1219	4	71.550000	77.425000	83.600000
RW_2	ARO:3008631	OXA-1221	18	54.038889	60.894444	88.600000
RW_2	ARO:3008632	OXA-1222	20	73.030000	79.250000	99.000000
RW_2	ARO:3008633	OXA-1223	4	100.000000	105.700000	109.000000
RW_2	ARO:3008634	OXA-1224	56	76.751786	80.905357	89.700000
RW_2	ARO:3008635	OXA-1225	62	67.429032	68.482258	101.000000
RW_2	ARO:3008636	OXA-1226	96	55.086458	56.661458	109.000000
RW_2	ARO:3008637	OXA-1227	120	44.465833	47.615000	63.200000
RW_2	ARO:3008638	OXA-1228	117	44.583761	47.819658	63.200000
RW_2	ARO:3008641	OXA-1231	408	93.131373	93.419608	112.000000
RW_2	ARO:3008642	OXA-1232	393	91.923919	94.673537	112.000000
RW_2	ARO:3008643	OXA-1233	369	92.578862	95.214905	108.000000
RW_2	ARO:3008644	OXA-1234	12	63.875000	64.425000	108.000000
RW_2	ARO:3008645	OXA-1235	11	70.945455	76.100000	108.000000
RW_2	ARO:3008646	OXA-1236	23	46.321739	53.395652	96.300000
RW_2	ARO:3008647	OXA-1237	32	69.346875	73.765625	84.000000
RW_2	ARO:3008648	OXA-1238	44	51.765909	53.500000	82.800000
RW_2	ARO:3008649	OXA-1239	171	56.766667	59.249123	80.100000
RW_2	ARO:3008650	OXA-1240	1066	53.402814	54.894371	110.000000
RW_2	ARO:3008651	OXA-1241	17	47.276471	55.294118	96.300000
RW_2	ARO:3008652	OXA-1242	10	47.570000	50.590000	108.000000
RW_2	ARO:3008653	OXA-1243	232	80.275862	86.603448	115.000000
RW_2	ARO:3008654	OXA-1244	1	74.000000	79.000000	79.000000
RW_2	ARO:3008655	OXA-1245	139	51.391367	52.866906	82.400000
RW_2	ARO:3008656	OXA-1246	48	46.504167	49.689583	75.900000
RW_2	ARO:3008657	OXA-1247	346	96.984104	94.339884	108.000000
RW_2	ARO:3008658	OXA-1248	274	90.378467	91.874088	108.000000
RW_2	ARO:3008659	OXA-1249	5	75.780000	76.780000	77.800000
RW_2	ARO:3008660	OXA-1250	14	57.092857	61.414286	78.600000
RW_2	ARO:3008661	OXA-1251	42	54.902381	54.085714	81.600000
RW_2	ARO:3008662	OXA-1252	1	74.000000	79.000000	79.000000
RW_2	ARO:3008663	OXA-1253	35	56.494286	54.360000	73.900000
RW_2	ARO:3008664	OXA-1254	33	59.218182	59.112121	70.900000
RW_2	ARO:3008665	OXA-1255	38	59.621053	58.828947	78.600000
RW_2	ARO:3008666	OXA-1256	13	51.638462	52.107692	77.800000
RW_2	ARO:3008667	OXA-1257	353	87.435127	90.052125	108.000000
RW_2	ARO:3008668	OXA-1258	573	76.538918	77.169983	102.000000
RW_2	ARO:3008669	OXA-1259	591	76.204399	77.333672	98.200000
RW_2	ARO:3008670	OXA-1260	575	76.359130	77.022435	96.700000
RW_2	ARO:3008671	OXA-1261	642	76.980841	78.533956	104.000000
RW_2	ARO:3008672	OXA-1262	670	77.228806	78.268060	104.000000
RW_2	ARO:3008673	OXA-1263	617	75.560292	74.773744	100.000000
RW_2	ARO:3008674	OXA-1264	454	42.038767	41.379295	61.200000
RW_2	ARO:3008676	OXA-1266	9	47.288889	52.900000	82.000000
RW_2	ARO:3008677	OXA-1267	31	58.551613	56.570968	78.600000
RW_2	ARO:3008678	OXA-1268	5	46.620000	51.680000	62.800000
RW_2	ARO:3008679	OXA-1269	27	59.040741	56.037037	78.600000
RW_2	ARO:3008680	OXA-1270	90	59.974444	59.737778	82.400000
RW_2	ARO:3008682	OXA-1272	88	60.431818	60.054545	82.400000
RW_2	ARO:3008683	OXA-1273	84	60.808333	60.639286	82.400000
RW_2	ARO:3008684	OXA-1274	2	55.000000	57.000000	58.900000
RW_2	ARO:3008685	OXA-1275	138	57.403623	59.998551	79.300000
RW_2	ARO:3008686	OXA-1276	84	60.782143	60.342857	82.400000
RW_2	ARO:3008688	OXA-1278	148	53.402027	57.005405	79.700000
RW_2	ARO:3008689	OXA-1279	12	62.783333	63.600000	82.800000
RW_2	ARO:3008690	OXA-1280	25	57.912000	58.348000	78.600000
RW_2	ARO:3008691	OXA-1281	4	61.275000	58.525000	71.200000
RW_2	ARO:3008692	OXA-1282	8	53.312500	53.350000	68.600000
RW_2	ARO:3008693	OXA-1283	6	48.800000	50.316667	73.900000
RW_2	ARO:3008694	OXA-1284	147	56.710884	59.524490	79.300000
RW_2	ARO:3008695	OXA-1285	2	64.950000	43.900000	47.400000
RW_2	ARO:3008696	OXA-1286	1	57.100000	62.800000	62.800000
RW_2	ARO:3008697	OXA-1287	12	42.616667	46.250000	61.600000
RW_2	ARO:3008699	OXA-1289	123	56.678862	57.370732	82.400000
RW_2	ARO:3008700	OXA-1290	142	56.807746	59.526056	79.300000
RW_2	ARO:3008701	OXA-1291	9	48.366667	52.244444	73.900000
RW_2	ARO:3008702	OXA-1292	5	49.760000	43.880000	54.700000
RW_2	ARO:3008703	OXA-1293	7	49.985714	52.100000	73.900000
RW_2	ARO:3008704	OXA-1294	141	57.011348	59.695745	79.300000
RW_2	ARO:3008705	OXA-1295	7	63.557143	65.742857	74.300000
RW_2	ARO:3008706	OXA-1296	42	51.316667	54.597619	74.300000
RW_2	ARO:3008707	OXA-1297	5	52.980000	56.300000	73.900000
RW_2	ARO:3008708	OXA-1298	1	68.800000	40.800000	40.800000
RW_2	ARO:3008712	OXA-1302	319	91.033229	92.586207	107.000000
RW_2	ARO:3008713	OXA-1303	43	69.425581	69.451163	103.000000
RW_2	ARO:3008714	OXA-1304	42	55.885714	56.857143	97.100000
RW_2	ARO:3008715	OXA-1305	64	60.098437	62.053125	109.000000
RW_2	ARO:3008716	OXA-1306	1	100.000000	108.000000	108.000000
RW_2	ARO:3008717	OXA-1307	66	58.554545	61.151515	109.000000
RW_2	ARO:3008718	OXA-1308	317	49.941325	47.849842	109.000000
RW_2	ARO:3008719	OXA-1309	253	53.370751	50.244269	109.000000
RW_2	ARO:3008720	OXA-725	873	80.658992	83.643757	116.000000
RW_2	ARO:3008721	OXA-790	28	58.321429	60.753571	82.000000
RW_2	ARO:3008722	OXA-791	26	53.900000	54.834615	82.000000
RW_2	ARO:3008723	OXA-933	10	54.830000	56.320000	108.000000
RW_2	ARO:3008724	OXA-934	1	100.000000	108.000000	108.000000
RW_2	ARO:3008725	OXA-936	41	58.929268	62.570732	102.000000
RW_2	ARO:3008726	OXA-944	380	72.971053	76.596053	102.000000
RW_2	ARO:3008727	OXA-950	778	82.890103	86.873393	116.000000
RW_2	ARO:3008728	OXA-951	744	82.913844	86.616263	116.000000
RW_2	ARO:3008729	OXA-952	333	71.256456	71.802402	103.000000
RW_2	ARO:3008730	OXA-953	117	72.700855	74.823932	103.000000
RW_2	ARO:3008732	OXA-955	14	75.671429	82.450000	91.700000
RW_2	ARO:3008733	OXA-956	883	83.069875	86.965006	113.000000
RW_2	ARO:3008734	OXA-957	807	50.766543	52.807559	82.000000
RW_2	ARO:3008735	OXA-958	792	80.920455	82.829545	116.000000
RW_2	ARO:3008736	OXA-959	777	81.446203	83.745560	116.000000
RW_2	ARO:3008737	OXA-960	232	46.143966	49.403448	70.100000
RW_2	ARO:3008738	OXA-961	244	45.871311	49.360246	70.100000
RW_2	ARO:3008739	OXA-962	225	46.256000	49.107556	70.100000
RW_2	ARO:3008740	OXA-963	303	45.992739	47.865017	71.200000
RW_2	ARO:3008741	OXA-964	376	47.300000	49.946809	71.200000
RW_2	ARO:3008742	OXA-965	245	47.386939	49.016327	71.200000
RW_2	ARO:3008743	OXA-966	27	55.511111	60.625926	109.000000
RW_2	ARO:3008744	OXA-967	21	55.942857	61.423810	109.000000
RW_2	ARO:3008745	OXA-968	22	56.031818	60.545455	109.000000
RW_2	ARO:3008746	OXA-969	44	53.861364	57.718182	74.700000
RW_2	ARO:3008749	OXA-972	1	70.000000	72.000000	72.000000
RW_2	ARO:3008750	OXA-973	7	42.728571	42.100000	44.700000
RW_2	ARO:3008752	OXA-975	5	47.400000	41.080000	42.400000
RW_2	ARO:3008755	OXA-978	12	76.625000	80.075000	89.400000
RW_2	ARO:3008756	OXA-979	24	64.120833	68.012500	108.000000
RW_2	ARO:3008757	OXA-980	10	58.050000	63.230000	77.000000
RW_2	ARO:3008758	OXA-981	171	65.042690	69.305848	106.000000
RW_2	ARO:3008759	OXA-982	224	67.950446	71.458036	91.300000
RW_2	ARO:3008760	OXA-983	237	72.429114	76.553165	101.000000
RW_2	ARO:3008761	OXA-984	114	74.067544	80.067544	91.300000
RW_2	ARO:3008762	OXA-985	78	75.356410	81.138462	99.000000
RW_2	ARO:3008763	OXA-986	3	65.500000	74.200000	75.100000
RW_2	ARO:3008764	OXA-987	42	76.878571	83.430952	98.600000
RW_2	ARO:3008765	OXA-988	16	70.312500	78.300000	99.000000
RW_2	ARO:3008766	OXA-989	19	61.963158	64.684211	108.000000
RW_2	ARO:3008767	OXA-990	33	73.333333	79.657576	89.400000
RW_2	ARO:3008768	OXA-991	36	81.713889	80.325000	106.000000
RW_2	ARO:3008769	OXA-992	42	72.404762	77.138095	85.100000
RW_2	ARO:3008770	OXA-993	187	68.796791	72.220856	91.300000
RW_2	ARO:3008771	OXA-994	117	60.614530	62.006838	88.600000
RW_2	ARO:3008772	OXA-995	87	74.048276	79.378161	91.300000
RW_2	ARO:3008773	OXA-996	79	75.336709	80.853165	91.300000
RW_2	ARO:3008774	OXA-997	104	62.225000	62.518269	88.600000
RW_2	ARO:3008775	OXA-998	45	65.688889	70.128889	90.500000
RW_2	ARO:3008776	OXA-999	161	65.837267	70.186957	106.000000
RW_2	ARO:3008777	OXY-1-11	14	78.035714	77.392857	99.800000
RW_2	ARO:3008778	OXY-1-12	52	62.598077	61.269231	105.000000
RW_2	ARO:3008779	OXY-1-13	44	63.390909	63.972727	107.000000
RW_2	ARO:3008780	OXY-1-16	6	85.083333	81.366667	105.000000
RW_2	ARO:3008781	OXY-1-17	5	82.500000	76.640000	97.800000
RW_2	ARO:3008782	OXY-1-18	32	62.125000	62.934375	107.000000
RW_2	ARO:3008783	OXY-1-19	11	77.636364	75.854545	99.800000
RW_2	ARO:3008784	OXY-10-1	57	55.475439	56.631579	106.000000
RW_2	ARO:3008785	OXY-11-1	77	54.980519	55.049351	84.300000
RW_2	ARO:3008786	OXY-12-1	51	57.717647	58.350980	107.000000
RW_2	ARO:3008787	OXY-12-2	51	56.923529	57.898039	107.000000
RW_2	ARO:3008788	OXY-2-17	35	53.082857	54.545714	73.600000
RW_2	ARO:3008789	OXY-2-18	25	55.452000	56.828000	85.100000
RW_2	ARO:3008790	OXY-2-19	34	60.832353	62.058824	85.500000
RW_2	ARO:3008791	OXY-2-20	24	55.737500	56.804167	85.100000
RW_2	ARO:3008792	OXY-2-21	17	62.452941	61.541176	85.100000
RW_2	ARO:3008793	OXY-2-22	30	55.843333	58.446667	73.600000
RW_2	ARO:3008794	OXY-2-23	97	47.522680	49.704124	94.000000
RW_2	ARO:3008795	OXY-2-24	127	49.370866	51.833071	94.000000
RW_2	ARO:3008796	OXY-2-25	51	53.076471	55.050980	85.100000
RW_2	ARO:3008797	OXY-2-26	14	55.207143	57.900000	85.100000
RW_2	ARO:3008798	OXY-2-27	16	60.918750	61.487500	81.600000
RW_2	ARO:3008799	OXY-2-28	102	49.376471	51.600980	76.300000
RW_2	ARO:3008800	OXY-2-30	131	50.551145	52.941221	82.800000
RW_2	ARO:3008801	OXY-3-2	66	58.148485	58.746970	97.800000
RW_2	ARO:3008802	OXY-3-3	63	58.463492	58.960317	97.800000
RW_2	ARO:3008803	OXY-4-2	42	64.333333	61.552381	95.100000
RW_2	ARO:3008804	OXY-4-3	41	64.485366	62.595122	96.700000
RW_2	ARO:3008805	OXY-4-4	39	64.425641	61.858974	96.700000
RW_2	ARO:3008806	OXY-4-5	36	63.841667	61.811111	96.700000
RW_2	ARO:3008807	OXY-5-10	64	55.409375	54.118750	105.000000
RW_2	ARO:3008808	OXY-5-11	49	59.606122	57.144898	105.000000
RW_2	ARO:3008809	OXY-5-6	59	61.350847	59.518644	105.000000
RW_2	ARO:3008810	OXY-5-7	41	64.207317	63.504878	107.000000
RW_2	ARO:3008811	OXY-5-8	33	59.736364	56.887879	105.000000
RW_2	ARO:3008812	OXY-6-10	6	85.716667	85.200000	99.800000
RW_2	ARO:3008813	OXY-6-11	23	60.730435	61.286957	99.800000
RW_2	ARO:3008814	OXY-6-5	45	63.968889	63.904444	99.800000
RW_2	ARO:3008815	OXY-6-7	7	78.742857	76.314286	99.800000
RW_2	ARO:3008816	OXY-7-1	26	63.965385	63.523077	99.800000
RW_2	ARO:3008817	OXY-8-1	32	62.840625	63.393750	105.000000
RW_2	ARO:3008818	OXY-8-2	30	61.433333	60.780000	105.000000
RW_2	ARO:3008819	OXY-8-3	34	57.135294	56.352941	105.000000
RW_2	ARO:3008820	OXY-9-1	10	60.630000	63.660000	95.900000
RW_2	ARO:3008821	PAD-1	550	60.437818	62.893636	83.600000
RW_2	ARO:3008822	PAM-5	292	51.487671	47.323630	94.000000
RW_2	ARO:3008823	PC1	22	53.977273	51.759091	58.200000
RW_2	ARO:3008825	PDC-478	129	52.572093	62.001550	79.700000
RW_2	ARO:3008827	PDC-480	6	46.800000	42.300000	54.700000
RW_2	ARO:3008828	PDC-481	39	60.046154	56.964103	79.000000
RW_2	ARO:3008829	PDC-482	1	51.200000	45.400000	45.400000
RW_2	ARO:3008830	PDC-483	18	54.533333	59.072222	68.900000
RW_2	ARO:3008831	PDC-484	3	51.433333	49.066667	54.700000
RW_2	ARO:3008832	PDC-485	15	52.800000	58.333333	72.800000
RW_2	ARO:3008833	PDC-486	88	70.123864	55.525000	85.100000
RW_2	ARO:3008834	PDC-487	3	55.233333	53.633333	58.500000
RW_2	ARO:3008835	PDC-488	1	51.200000	42.400000	42.400000
RW_2	ARO:3008836	PDC-489	2	50.400000	54.500000	59.300000
RW_2	ARO:3008840	PDC-493	52	51.625000	60.828846	68.900000
RW_2	ARO:3008842	PDC-495	49	55.963265	55.938776	80.500000
RW_2	ARO:3008843	PDC-496	1	52.000000	61.600000	61.600000
RW_2	ARO:3008845	PDC-498	4	43.925000	45.500000	50.400000
RW_2	ARO:3008847	PDC-500	1	39.000000	38.100000	38.100000
RW_2	ARO:3008848	PDC-501	16	53.256250	60.968750	68.200000
RW_2	ARO:3008849	PDC-502	61	52.998361	57.557377	72.000000
RW_2	ARO:3008850	PDC-503	12	65.391667	66.341667	79.000000
RW_2	ARO:3008851	PDC-504	12	65.391667	66.341667	79.000000
RW_2	ARO:3008852	PDC-505	22	54.222727	53.854545	67.000000
RW_2	ARO:3008853	PDC-506	14	57.700000	65.792857	73.900000
RW_2	ARO:3008854	PDC-507	8	68.600000	77.112500	81.600000
RW_2	ARO:3008855	PDC-508	6	46.466667	40.950000	43.900000
RW_2	ARO:3008856	PDC-509	1	61.400000	57.400000	57.400000
RW_2	ARO:3008857	PDC-510	4	65.550000	62.975000	79.000000
RW_2	ARO:3008859	PDC-512	139	59.258993	56.413669	81.300000
RW_2	ARO:3008860	PDC-513	1	61.400000	57.400000	57.400000
RW_2	ARO:3008861	PDC-514	5	60.600000	67.700000	80.100000
RW_2	ARO:3008863	PDC-516	2	50.000000	49.300000	49.700000
RW_2	ARO:3008864	PDC-517	26	56.588462	62.819231	81.300000
RW_2	ARO:3008865	PDC-518	5	51.300000	54.300000	58.900000
RW_2	ARO:3008866	PDC-519	4	55.100000	64.500000	72.400000
RW_2	ARO:3008867	PDC-520	8	67.150000	69.950000	79.000000
RW_2	ARO:3008868	PDC-521	98	67.305102	55.195918	80.500000
RW_2	ARO:3008870	PDC-523	74	65.998649	56.679730	82.800000
RW_2	ARO:3008871	PDC-524	118	61.567797	58.984746	84.000000
RW_2	ARO:3008872	PDC-525	40	54.575000	60.187500	80.500000
RW_2	ARO:3008873	PDC-526	12	53.983333	63.283333	73.200000
RW_2	ARO:3008874	PDC-527	102	63.240196	54.753922	75.100000
RW_2	ARO:3008875	PDC-528	79	68.150633	58.432911	82.800000
RW_2	ARO:3008876	PDC-529	16	57.625000	65.268750	73.900000
RW_2	ARO:3008877	PDC-530	31	56.051613	59.583871	80.500000
RW_2	ARO:3008878	PDC-531	2	44.750000	45.650000	52.000000
RW_2	ARO:3008879	PDC-532	1	61.400000	57.400000	57.400000
RW_2	ARO:3008880	PDC-533	2	75.650000	70.100000	79.000000
RW_2	ARO:3008882	PDC-535	1	51.200000	42.400000	42.400000
RW_2	ARO:3008883	PDC-536	2	75.650000	70.100000	79.000000
RW_2	ARO:3008884	PDC-537	1	51.200000	42.400000	42.400000
RW_2	ARO:3008885	PDC-538	15	63.466667	67.360000	80.500000
RW_2	ARO:3008886	PDC-539	7	55.957143	62.885714	79.700000
RW_2	ARO:3008887	PDC-540	25	54.628000	53.752000	67.400000
RW_2	ARO:3008888	PDC-541	1	41.300000	41.600000	41.600000
RW_2	ARO:3008889	PDC-542	59	57.874576	62.993220	81.300000
RW_2	ARO:3008890	PDC-543	67	52.620896	62.889552	70.900000
RW_2	ARO:3008891	PDC-544	1	66.000000	80.500000	80.500000
RW_2	ARO:3008895	PDC-548	39	51.846154	61.100000	67.400000
RW_2	ARO:3008897	PDC-550	1	39.000000	38.100000	38.100000
RW_2	ARO:3008898	PDC-551	1	48.000000	52.000000	52.000000
RW_2	ARO:3008899	PDC-552	3	44.233333	39.533333	41.600000
RW_2	ARO:3008900	PDC-553	17	70.164706	65.011765	81.300000
RW_2	ARO:3008902	PDC-555	25	68.800000	67.512000	81.600000
RW_2	ARO:3008904	PDC-557	9	59.566667	63.588889	80.100000
RW_2	ARO:3008906	PDC-559	3	44.233333	39.533333	41.600000
RW_2	ARO:3008908	PDC-561	2	58.950000	39.850000	41.200000
RW_2	ARO:3008909	PDC-562	14	61.900000	67.692857	81.600000
RW_2	ARO:3008913	PDC-566	5	60.600000	67.700000	80.100000
RW_2	ARO:3008914	PDC-567	3	40.900000	41.566667	45.400000
RW_2	ARO:3008917	PDC-570	1	61.400000	57.400000	57.400000
RW_2	ARO:3008918	PDC-571	41	56.987805	66.568293	83.600000
RW_2	ARO:3008920	PDC-573	2	69.000000	74.100000	77.000000
RW_2	ARO:3008921	PDC-574	23	60.286957	62.378261	81.600000
RW_2	ARO:3008922	PDC-575	19	55.142105	54.515789	72.800000
RW_2	ARO:3008924	PDC-577	32	68.900000	65.234375	81.600000
RW_2	ARO:3008926	PDC-579	4	55.775000	60.825000	63.500000
RW_2	ARO:3008928	PDC-581	15	64.960000	60.000000	81.600000
RW_2	ARO:3008929	PDC-582	104	58.860577	56.047115	81.300000
RW_2	ARO:3008930	PDC-583	3	60.266667	65.566667	73.900000
RW_2	ARO:3008931	PDC-584	17	53.982353	59.576471	73.900000
RW_2	ARO:3008932	PDC-585	2	66.950000	72.550000	73.900000
RW_2	ARO:3008933	PDC-586	5	60.600000	67.700000	80.100000
RW_2	ARO:3008934	PDC-587	51	51.676471	61.047059	68.900000
RW_2	ARO:3008935	PDC-588	13	67.092308	64.253846	81.600000
RW_2	ARO:3008937	PDC-590	12	68.350000	64.758333	81.600000
RW_2	ARO:3008938	PDC-591	1	53.100000	65.100000	65.100000
RW_2	ARO:3008940	PDC-593	1	50.000000	48.900000	48.900000
RW_2	ARO:3008942	PDC-595	52	65.942308	60.823077	82.800000
RW_2	ARO:3008944	PDC-597	4	60.550000	68.150000	80.100000
RW_2	ARO:3008947	PDC-600	2	54.450000	60.850000	63.500000
RW_2	ARO:3008949	PDC-602	101	63.214851	54.727723	75.100000
RW_2	ARO:3008950	PDC-603	1	66.700000	74.700000	74.700000
RW_2	ARO:3008951	PDC-604	3	62.833333	59.066667	66.600000
RW_2	ARO:3008952	PDC-605	1	56.900000	63.500000	63.500000
RW_2	ARO:3008953	PDC-606	2	68.900000	70.450000	76.600000
RW_2	ARO:3008954	PDC-607	5	58.240000	63.160000	68.900000
RW_2	ARO:3008955	PDC-608	4	62.850000	68.250000	74.300000
RW_2	ARO:3008957	PDC-610	3	44.466667	40.566667	43.100000
RW_2	ARO:3008958	PDC-611	5	56.800000	51.760000	79.000000
RW_2	ARO:3008959	PDC-612	4	45.975000	40.525000	43.500000
RW_2	ARO:3008962	PDC-615	1	41.500000	39.300000	39.300000
RW_2	ARO:3008963	PDC-616	5	45.120000	41.740000	52.000000
RW_2	ARO:3008966	PDC-619	23	65.634783	65.182609	82.800000
RW_2	ARO:3008967	PDC-620	16	62.581250	66.375000	80.500000
RW_2	ARO:3008968	PDC-621	1	51.100000	46.200000	46.200000
RW_2	ARO:3008969	PDC-622	2	56.400000	63.900000	66.600000
RW_2	ARO:3008970	PDC-623	3	35.700000	39.266667	41.200000
RW_2	ARO:3008971	PDC-624	15	62.453333	65.226667	80.500000
RW_2	ARO:3008973	PDC-626	1	65.600000	44.700000	44.700000
RW_2	ARO:3008974	PDC-627	2	40.850000	39.650000	40.400000
RW_2	ARO:3008976	PDC-629	49	65.612245	64.014286	79.000000
RW_2	ARO:3008978	PDC-631	5	55.640000	54.840000	71.200000
RW_2	ARO:3008980	PDC-633	24	56.345833	62.795833	66.200000
RW_2	ARO:3008983	PDC-636	3	35.700000	39.266667	41.200000
RW_2	ARO:3008984	PDC-637	11	65.572727	70.809091	80.500000
RW_2	ARO:3008985	PDC-638	1	57.100000	55.100000	55.100000
RW_2	ARO:3008986	PDC-639	119	54.943697	63.118487	83.200000
RW_2	ARO:3008988	PEN-A10	347	60.213833	61.479251	92.400000
RW_2	ARO:3008989	PEN-A11	322	60.217081	61.450932	92.400000
RW_2	ARO:3008990	PEN-A12	308	60.102597	61.761039	92.400000
RW_2	ARO:3008991	PEN-A13	286	60.262937	62.060140	92.400000
RW_2	ARO:3008992	PEN-A15	278	61.104317	62.113669	92.400000
RW_2	ARO:3008993	PEN-A16	259	61.017375	61.594208	92.400000
RW_2	ARO:3008994	PEN-A17	195	61.231795	61.352821	92.400000
RW_2	ARO:3008995	PEN-A18	235	61.579149	62.888085	92.400000
RW_2	ARO:3008996	PEN-A19	292	60.705137	61.588356	92.400000
RW_2	ARO:3008997	PEN-A1	286	59.768881	61.541958	92.400000
RW_2	ARO:3008998	PEN-A20	270	60.712593	62.025926	92.400000
RW_2	ARO:3008999	PEN-A21	208	62.310577	62.328846	92.400000
RW_2	ARO:3009000	PEN-A22	260	61.211154	60.962692	92.400000
RW_2	ARO:3009001	PEN-A23	158	62.379114	62.344937	92.400000
RW_2	ARO:3009002	PEN-A24	255	61.075294	61.849412	92.400000
RW_2	ARO:3009003	PEN-A25	207	61.267150	62.882126	92.400000
RW_2	ARO:3009004	PEN-A26	202	59.493069	60.394059	87.800000
RW_2	ARO:3009005	PEN-A27	185	59.318378	60.466486	92.400000
RW_2	ARO:3009006	PEN-A28	242	59.955372	61.086364	91.300000
RW_2	ARO:3009007	PEN-A29	316	58.251582	60.103481	90.900000
RW_2	ARO:3009008	PEN-A2	66	61.660606	63.415152	92.400000
RW_2	ARO:3009009	PEN-A30	253	58.695652	60.622925	90.900000
RW_2	ARO:3009010	PEN-A31	165	61.231515	62.547879	92.400000
RW_2	ARO:3009011	PEN-A32	260	59.158077	60.828462	89.400000
RW_2	ARO:3009012	PEN-A33	229	59.035808	60.007860	88.600000
RW_2	ARO:3009013	PEN-A34	161	57.805590	59.079503	88.600000
RW_2	ARO:3009014	PEN-A35	244	59.429098	61.141393	89.400000
RW_2	ARO:3009015	PEN-A37	278	58.467266	60.984892	90.100000
RW_2	ARO:3009016	PEN-A38	238	59.423109	60.916387	89.400000
RW_2	ARO:3009017	PEN-A3	152	62.393421	63.751316	92.400000
RW_2	ARO:3009018	PEN-A5	121	60.935537	62.050413	87.800000
RW_2	ARO:3009019	PEN-A6	103	62.075728	63.047573	92.400000
RW_2	ARO:3009020	PEN-A7	109	62.089908	63.858716	92.400000
RW_2	ARO:3009021	PEN-A8	145	61.505517	60.804138	92.400000
RW_2	ARO:3009022	PEN-A9	151	62.577483	62.041060	92.400000
RW_2	ARO:3009023	PEN-B1	197	60.924365	60.097970	91.700000
RW_2	ARO:3009024	PEN-B2	169	59.879882	58.785799	87.400000
RW_2	ARO:3009025	PEN-B3	175	60.103429	58.830857	88.600000
RW_2	ARO:3009026	PEN-B4	181	61.320442	60.469613	91.700000
RW_2	ARO:3009027	PER-17	309	76.029126	73.737217	105.000000
RW_2	ARO:3009028	PER-18	255	79.750588	75.663137	105.000000
RW_2	ARO:3009029	PJM-2	325	50.681538	50.530154	81.600000
RW_2	ARO:3009030	PLA-4	303	57.426073	53.586469	97.400000
RW_2	ARO:3009031	PLA-5	292	57.558562	53.691781	97.400000
RW_2	ARO:3009032	PNC-1	844	57.255450	59.191114	79.000000
RW_2	ARO:3009033	PNC-2	828	57.319444	59.283575	79.000000
RW_2	ARO:3009034	PNC-3	819	57.267399	59.259951	79.000000
RW_2	ARO:3009035	RAA-1	455	60.246154	61.521538	86.700000
RW_2	ARO:3009036	RAHN-3	64	56.057812	57.976562	90.100000
RW_2	ARO:3009037	RAHN-4	54	56.977778	59.733333	90.500000
RW_2	ARO:3009038	RAHN-5	49	57.212245	60.357143	90.500000
RW_2	ARO:3009039	RAHN-6	49	56.930612	59.971429	90.500000
RW_2	ARO:3009040	RASA-1	146	54.124658	58.493151	98.200000
RW_2	ARO:3009041	RSC1-1	980	63.398776	64.627755	115.000000
RW_2	ARO:3009042	RSD1-1	489	47.542740	51.985072	90.500000
RW_2	ARO:3009044	SED-2	151	58.468212	58.825166	87.400000
RW_2	ARO:3009045	SFC-2	39	49.730769	46.276923	64.700000
RW_2	ARO:3009046	SFDC-1	557	51.379354	49.448833	102.000000
RW_2	ARO:3009048	SHV-229	1	43.900000	48.100000	48.100000
RW_2	ARO:3009049	SHV-230	1	54.000000	47.800000	47.800000
RW_2	ARO:3009051	SHV-232	149	65.831544	67.163758	82.400000
RW_2	ARO:3009053	SHV-234	10	64.200000	61.610000	102.000000
RW_2	ARO:3009054	SHV-235	2	59.000000	58.000000	60.500000
RW_2	ARO:3009056	SHV-237	1	59.500000	53.100000	53.100000
RW_2	ARO:3009058	SHV-239	1	100.000000	102.000000	102.000000
RW_2	ARO:3009061	SHV-242	1	100.000000	102.000000	102.000000
RW_2	ARO:3009062	SHV-243	145	64.562069	64.241379	74.300000
RW_2	ARO:3009065	SRT-4	712	54.000140	53.093258	85.100000
RW_2	ARO:3009069	TEM-250	9	57.366667	53.711111	91.300000
RW_2	ARO:3009070	TEM-251	82	59.718293	60.085366	70.100000
RW_2	ARO:3009073	TEM-254	21	67.214286	68.928571	105.000000
RW_2	ARO:3009076	TEM-257	2	61.550000	58.350000	60.100000
RW_2	ARO:3009077	TEM-258	1	55.100000	55.100000	55.100000
RW_2	ARO:3009079	VEB-18	1579	95.026789	93.760038	112.000000
RW_2	ARO:3009080	VEB-28	1587	96.436106	91.748834	112.000000
RW_2	ARO:3009081	VEB-29	432	81.781019	81.890741	112.000000
RW_2	ARO:3009082	VEB-30	684	89.095468	85.703655	112.000000
RW_2	ARO:3009083	VEB-31	1159	96.890854	89.567817	112.000000
RW_2	ARO:3009084	VEB-32	1220	96.845820	89.276475	106.000000
RW_2	ARO:3009085	VEB-33	1231	94.448822	86.876361	105.000000
RW_2	ARO:3009086	VEB-34	857	95.660210	91.322637	106.000000
RW_2	ARO:3009087	VEB-35	757	96.272523	89.941612	106.000000
RW_2	ARO:3009088	VEB-36	344	93.786919	89.750000	105.000000
RW_2	ARO:3009089	VEB-37	178	84.155618	73.124719	106.000000
RW_2	ARO:3009090	VEB-38	547	95.671664	85.125960	106.000000
RW_2	ARO:3009091	VEB-39	796	96.087060	90.378141	105.000000
RW_2	ARO:3009092	VIM-88	5	48.160000	63.420000	68.200000
RW_2	ARO:3009093	VIM-89	1	47.800000	45.400000	45.400000
RW_2	ARO:3009096	YOC-1	77	59.215584	58.200000	82.000000
RW_2	ARO:3009098	CfiA28	201	55.858706	64.987065	111.000000
RW_2	ARO:3009099	CfiA29	186	56.762903	66.117742	110.000000
RW_2	ARO:3009100	CfiA30	195	56.472821	65.937436	111.000000
RW_2	ARO:3009101	CfiA31	196	56.254592	65.609184	111.000000
RW_2	ARO:3009192	OXY-1-7	17	72.741176	77.529412	107.000000
