sample_id	aro_id	card_hit_name	diamond_read_hits	mean_pident	mean_bitscore	max_bitscore
E_7-8	ARO:3000005	vanD	8067	50.207909	48.644763	80.100000
E_7-8	ARO:3000010	vanA	5617	51.423162	49.654050	80.500000
E_7-8	ARO:3000013	vanB	3981	50.479955	49.957548	78.600000
E_7-8	ARO:3000024	patA	33232	45.692113	45.661808	94.400000
E_7-8	ARO:3000025	patB	35262	48.185571	47.976207	91.700000
E_7-8	ARO:3000026	mepA	246	43.808537	41.725203	62.400000
E_7-8	ARO:3000027	emrA	3731	57.957464	57.739480	104.000000
E_7-8	ARO:3000074	emrB	6415	55.143850	57.327327	114.000000
E_7-8	ARO:3000090	Bla1	127	56.049606	56.698425	72.000000
E_7-8	ARO:3000118	vgaB	24361	44.484056	44.375227	67.000000
E_7-8	ARO:3000124	mecI	20	39.160000	41.810000	52.800000
E_7-8	ARO:3000149	FosA	117	61.473504	55.822222	78.200000
E_7-8	ARO:3000165	tet(A)	6451	60.956208	56.275740	107.000000
E_7-8	ARO:3000166	tet(B)	4841	49.300392	48.725387	103.000000
E_7-8	ARO:3000167	tet(C)	5987	64.134007	58.035193	107.000000
E_7-8	ARO:3000168	tet(D)	2265	52.081060	49.693951	105.000000
E_7-8	ARO:3000172	FosB	27	51.248148	40.077778	48.500000
E_7-8	ARO:3000173	tet(E)	3040	54.895197	52.362368	105.000000
E_7-8	ARO:3000174	tet(G)	2848	59.044698	56.203160	104.000000
E_7-8	ARO:3000175	tet(H)	6030	52.381642	49.455688	101.000000
E_7-8	ARO:3000177	tet(J)	6174	52.713913	48.875624	89.400000
E_7-8	ARO:3000178	tet(K)	34	50.376471	51.155882	91.300000
E_7-8	ARO:3000179	tet(L)	45	54.011111	54.580000	104.000000
E_7-8	ARO:3000180	tetA(P)	337	68.481306	66.487537	102.000000
E_7-8	ARO:3000181	tet(V)	569	65.892267	64.084710	87.400000
E_7-8	ARO:3000182	tet(Y)	4766	51.345783	48.534452	102.000000
E_7-8	ARO:3000183	tet(Z)	4516	51.776218	47.419863	100.000000
E_7-8	ARO:3000186	tet(M)	32110	53.321872	49.119284	114.000000
E_7-8	ARO:3000190	tet(O)	32224	54.340405	50.232758	113.000000
E_7-8	ARO:3000191	tet(Q)	24822	53.303058	51.822424	111.000000
E_7-8	ARO:3000192	tet(S)	29589	52.281679	48.327047	110.000000
E_7-8	ARO:3000193	tet(T)	44013	52.876527	50.269332	104.000000
E_7-8	ARO:3000194	tet(W)	31131	53.979612	48.714025	111.000000
E_7-8	ARO:3000195	tetB(P)	39454	53.034813	50.823230	107.000000
E_7-8	ARO:3000196	tet(32)	31116	53.069733	49.215873	111.000000
E_7-8	ARO:3000197	tet(36)	34758	52.672075	50.163663	109.000000
E_7-8	ARO:3000198	FosX	119	63.947899	63.904202	84.700000
E_7-8	ARO:3000205	tet(X)	550	69.055273	60.022182	111.000000
E_7-8	ARO:3000206	emrK	3448	56.546172	57.482454	104.000000
E_7-8	ARO:3000215	mecR1	168	47.558333	45.958929	63.500000
E_7-8	ARO:3000216	acrB	63269	58.335036	55.606885	112.000000
E_7-8	ARO:3000217	blaR1	315	47.861270	49.979683	68.900000
E_7-8	ARO:3000230	ANT(2'')-Ia	150	97.692000	93.205333	118.000000
E_7-8	ARO:3000237	TolC	1079	63.926599	60.035125	104.000000
E_7-8	ARO:3000245	RbpA	398	72.732663	65.314824	110.000000
E_7-8	ARO:3000250	ErmC	118	57.975424	56.652542	89.700000
E_7-8	ARO:3000251	msrA	10763	48.629471	45.552392	101.000000
E_7-8	ARO:3000254	emrY	5459	53.071753	55.340942	110.000000
E_7-8	ARO:3000263	marA	229	58.975983	55.040611	107.000000
E_7-8	ARO:3000300	lsaA	5725	45.123459	42.262079	102.000000
E_7-8	ARO:3000316	mphA	904	74.212058	75.844690	114.000000
E_7-8	ARO:3000318	mphB	143	47.525175	56.279021	69.300000
E_7-8	ARO:3000319	mphC	115	44.466087	51.926087	70.900000
E_7-8	ARO:3000326	ErmE	551	47.785118	42.376044	78.200000
E_7-8	ARO:3000343	tap	694	63.442651	61.436888	96.300000
E_7-8	ARO:3000347	ErmA	99	60.587879	56.688889	94.000000
E_7-8	ARO:3000361	EreA	739	92.316509	87.338024	107.000000
E_7-8	ARO:3000363	EreB	567	69.027160	70.456966	109.000000
E_7-8	ARO:3000368	vanC	5709	56.803906	50.736311	77.400000
E_7-8	ARO:3000375	ErmB	237	63.167089	57.992405	109.000000
E_7-8	ARO:3000377	MexA	6012	56.956454	54.081104	89.000000
E_7-8	ARO:3000378	MexB	62179	58.250707	55.273769	95.900000
E_7-8	ARO:3000379	OprM	7080	58.994195	52.747387	82.400000
E_7-8	ARO:3000391	norA	81	42.519753	44.959259	79.700000
E_7-8	ARO:3000392	Erm(37)	84	48.405952	42.280952	56.200000
E_7-8	ARO:3000410	sul1	2155	87.281299	78.630441	110.000000
E_7-8	ARO:3000412	sul2	2575	58.224000	54.210408	103.000000
E_7-8	ARO:3000413	sul3	2516	50.790183	48.810254	101.000000
E_7-8	ARO:3000421	norB	598	58.837458	57.720067	96.700000
E_7-8	ARO:3000444	rphA	7598	57.277652	53.373783	92.800000
E_7-8	ARO:3000448	QepA1	1702	50.239542	48.148825	84.700000
E_7-8	ARO:3000462	mgtA	22	46.568182	46.040909	57.800000
E_7-8	ARO:3000463	gimA	26	50.984615	47.423077	73.600000
E_7-8	ARO:3000467	NDM-5	2	76.250000	57.350000	64.300000
E_7-8	ARO:3000476	tet(31)	4867	49.674358	47.442696	99.000000
E_7-8	ARO:3000478	tet(33)	4643	51.276610	47.422098	103.000000
E_7-8	ARO:3000481	tet(35)	463	59.773866	54.299568	86.300000
E_7-8	ARO:3000491	acrD	58369	57.064848	54.834066	110.000000
E_7-8	ARO:3000495	ErmD	515	46.974175	44.280777	57.000000
E_7-8	ARO:3000498	ErmF	1645	77.153495	73.317204	107.000000
E_7-8	ARO:3000499	AcrE	6246	56.875776	54.576289	104.000000
E_7-8	ARO:3000501	rpoB2	160947	64.841071	66.704684	110.000000
E_7-8	ARO:3000502	AcrF	62739	57.531335	54.612021	110.000000
E_7-8	ARO:3000504	golS	995	57.232261	54.938693	87.800000
E_7-8	ARO:3000508	gadX	189	74.151852	71.016931	107.000000
E_7-8	ARO:3000510	Saur_mupB_MUP	68549	53.372961	54.933618	95.500000
E_7-8	ARO:3000516	emrR	161	83.344720	77.781988	112.000000
E_7-8	ARO:3000518	CRP	1359	73.443561	72.951435	106.000000
E_7-8	ARO:3000521	Saur_mupA_MUP	66088	53.701574	55.470405	101.000000
E_7-8	ARO:3000522	ErmG	99	60.555556	59.349495	107.000000
E_7-8	ARO:3000526	cmeR	103	44.732039	42.459223	47.400000
E_7-8	ARO:3000533	macA	771	51.060182	47.503502	74.700000
E_7-8	ARO:3000535	macB	33553	55.348917	51.221539	85.100000
E_7-8	ARO:3000549	adeS	1436	46.384401	45.652368	101.000000
E_7-8	ARO:3000553	adeR	25402	46.462830	45.378014	99.000000
E_7-8	ARO:3000556	tet(44)	25035	54.885696	49.549491	108.000000
E_7-8	ARO:3000559	adeN	281	50.458363	48.902847	100.000000
E_7-8	ARO:3000561	tet(30)	5658	50.508890	48.474267	79.000000
E_7-8	ARO:3000565	tet(38)	5	57.320000	54.540000	65.500000
E_7-8	ARO:3000566	tet(39)	7027	56.256368	52.866259	108.000000
E_7-8	ARO:3000567	tet(40)	294	63.019048	59.569388	109.000000
E_7-8	ARO:3000569	tet(41)	7913	53.312764	51.151889	88.600000
E_7-8	ARO:3000572	tet(42)	3349	46.763571	44.149746	77.800000
E_7-8	ARO:3000573	tet(43)	755	53.960662	48.601060	90.500000
E_7-8	ARO:3000578	CcrA	66	53.889394	62.425758	87.400000
E_7-8	ARO:3000579	Cmen_BlaB	53	50.354717	60.616981	80.900000
E_7-8	ARO:3000582	L1_BLA	39	47.887179	46.271795	83.600000
E_7-8	ARO:3000589	NDM-1	2	73.950000	63.150000	64.300000
E_7-8	ARO:3000590	NDM-2	1	47.900000	62.000000	62.000000
E_7-8	ARO:3000592	ErmN	78	42.191026	39.493590	45.800000
E_7-8	ARO:3000593	ErmQ	1642	46.835505	44.194580	107.000000
E_7-8	ARO:3000594	ErmR	801	49.210487	44.255056	73.900000
E_7-8	ARO:3000595	ErmT	147	61.446939	58.436054	105.000000
E_7-8	ARO:3000596	ErmX	219	74.700913	69.113699	108.000000
E_7-8	ARO:3000598	Erm(31)	232	53.362069	47.310345	80.900000
E_7-8	ARO:3000599	Erm(33)	89	62.788764	62.244944	94.000000
E_7-8	ARO:3000600	Erm(34)	255	46.142353	43.068235	55.500000
E_7-8	ARO:3000601	Erm(38)	110	59.066364	54.948182	91.300000
E_7-8	ARO:3000602	Erm(39)	128	55.806250	54.425781	94.000000
E_7-8	ARO:3000603	Erm(41)	13	54.630769	40.961538	48.900000
E_7-8	ARO:3000604	Erm(35)	1546	68.189004	65.452070	94.000000
E_7-8	ARO:3000605	Erm(36)	290	53.637241	46.208966	88.200000
E_7-8	ARO:3000606	FEZ-1	212	60.156132	59.204717	88.600000
E_7-8	ARO:3000614	mef(E)	25	57.104000	57.816000	85.500000
E_7-8	ARO:3000616	mel	1642	76.338002	72.123752	102.000000
E_7-8	ARO:3000617	mecA	647	44.655332	42.992272	103.000000
E_7-8	ARO:3000620	adeL	2510	48.987729	46.609402	105.000000
E_7-8	ARO:3000621	PC1_blaZ	4	51.600000	50.525000	56.200000
E_7-8	ARO:3000656	AcrS	866	56.980600	52.404850	108.000000
E_7-8	ARO:3000676	H-NS	266	71.819925	58.822932	106.000000
E_7-8	ARO:3000746	mepR	1	47.900000	40.000000	40.000000
E_7-8	ARO:3000753	abeM	1187	55.153580	52.707751	102.000000
E_7-8	ARO:3000768	abeS	1841	55.164041	53.309832	91.700000
E_7-8	ARO:3000774	adeA	2198	50.872657	47.926206	96.700000
E_7-8	ARO:3000775	adeB	49944	55.009673	52.192700	101.000000
E_7-8	ARO:3000777	adeF	58562	54.607711	51.174757	103.000000
E_7-8	ARO:3000778	adeG	4313	48.723348	45.471180	100.000000
E_7-8	ARO:3000779	adeH	3808	54.696928	47.461712	99.000000
E_7-8	ARO:3000780	adeI	3651	52.925829	50.477403	94.000000
E_7-8	ARO:3000781	adeJ	58007	56.083838	53.528517	105.000000
E_7-8	ARO:3000782	adeK	5694	55.314243	49.927626	99.800000
E_7-8	ARO:3000783	cmeA	495	44.790303	42.939798	57.400000
E_7-8	ARO:3000784	cmeB	58287	54.934872	52.179512	85.100000
E_7-8	ARO:3000785	cmeC	605	47.660496	41.456364	55.500000
E_7-8	ARO:3000789	mdsA	1529	47.981753	44.197515	86.300000
E_7-8	ARO:3000790	mdsB	58921	53.936781	50.992568	93.600000
E_7-8	ARO:3000791	mdsC	5195	56.839134	50.796131	82.400000
E_7-8	ARO:3000792	mdtA	2515	52.929503	51.666521	104.000000
E_7-8	ARO:3000793	mdtB	34766	56.919076	53.038900	104.000000
E_7-8	ARO:3000794	mdtC	31590	57.639940	53.920177	107.000000
E_7-8	ARO:3000795	mdtE	4153	55.027065	52.424440	107.000000
E_7-8	ARO:3000796	mdtF	63304	56.711055	53.956725	110.000000
E_7-8	ARO:3000800	MexC	3845	57.145800	53.103797	93.600000
E_7-8	ARO:3000801	MexD	55608	55.552496	53.155965	97.400000
E_7-8	ARO:3000802	OprJ	7008	59.091881	53.634860	92.400000
E_7-8	ARO:3000803	MexE	3100	49.880194	46.466548	94.000000
E_7-8	ARO:3000804	MexF	62229	54.962579	51.634693	101.000000
E_7-8	ARO:3000805	OprN	1407	53.141791	46.171073	90.900000
E_7-8	ARO:3000806	MexG	3	59.833333	47.100000	51.200000
E_7-8	ARO:3000807	MexH	453	47.081457	42.427815	66.600000
E_7-8	ARO:3000808	MexI	36969	52.713655	47.976854	90.500000
E_7-8	ARO:3000809	OpmD	386	49.671503	42.470725	102.000000
E_7-8	ARO:3000810	mtrC	3031	50.436853	47.998944	71.200000
E_7-8	ARO:3000811	mtrD	44971	55.034958	51.123642	85.500000
E_7-8	ARO:3000812	mtrE	3516	58.684130	51.516155	73.600000
E_7-8	ARO:3000815	mgrA	575	45.874435	45.990609	69.300000
E_7-8	ARO:3000816	mtrA	77	42.935065	40.341558	45.100000
E_7-8	ARO:3000822	pmrA	387	49.577003	49.910594	85.100000
E_7-8	ARO:3000823	ramA	150	59.465333	58.302667	106.000000
E_7-8	ARO:3000826	sdiA	214	66.000935	64.000467	96.700000
E_7-8	ARO:3000830	cpxA	1186	57.703710	57.004216	110.000000
E_7-8	ARO:3000832	evgA	4341	39.393504	41.371527	110.000000
E_7-8	ARO:3000833	evgS	15785	44.302857	43.143250	113.000000
E_7-8	ARO:3000838	arlR	39902	49.873658	47.844441	76.300000
E_7-8	ARO:3000839	arlS	5731	49.082394	48.605653	95.100000
E_7-8	ARO:3000840	JOHN-1	76	59.394737	67.698684	85.900000
E_7-8	ARO:3000841	CGB-1	49	45.773469	49.755102	77.400000
E_7-8	ARO:3000842	EBR-1	40	50.575000	56.457500	103.000000
E_7-8	ARO:3000843	MUS-1	51	46.141176	50.684314	67.000000
E_7-8	ARO:3000844	TUS-1	82	43.179268	50.559756	70.100000
E_7-8	ARO:3000845	GIM-1	21	53.180952	57.338095	74.700000
E_7-8	ARO:3000846	SIM-1	5	82.320000	75.820000	101.000000
E_7-8	ARO:3000847	KHM-1	13	46.423077	42.892308	54.300000
E_7-8	ARO:3000848	DIM-1	6	50.716667	49.550000	68.200000
E_7-8	ARO:3000849	SFH-1	16	57.193750	62.275000	73.600000
E_7-8	ARO:3000850	GOB-1	148	52.613514	50.748649	82.400000
E_7-8	ARO:3000851	THIN-B	220	53.689545	52.401364	80.500000
E_7-8	ARO:3000853	AIM-1	209	52.692344	50.244498	88.600000
E_7-8	ARO:3000854	SMB-1	174	49.552874	50.575862	81.300000
E_7-8	ARO:3000855	CAU-1	180	48.881667	46.482222	61.600000
E_7-8	ARO:3000856	BJP-1	141	51.798582	49.673050	95.500000
E_7-8	ARO:3000858	armA	38	47.865789	41.292105	58.900000
E_7-8	ARO:3000859	rmtA	98	50.578571	41.148980	58.500000
E_7-8	ARO:3000860	rmtB	152	47.927632	42.157895	58.900000
E_7-8	ARO:3000861	rmtC	6	43.783333	46.283333	60.100000
E_7-8	ARO:3000862	sgm	57	51.759649	49.514035	70.900000
E_7-8	ARO:3000865	oleD	34	46.785294	46.373529	57.400000
E_7-8	ARO:3000866	oleI	60	48.996667	48.048333	70.900000
E_7-8	ARO:3000876	TEM-4	1	62.200000	63.500000	63.500000
E_7-8	ARO:3000878	TEM-6	2	57.700000	59.900000	63.200000
E_7-8	ARO:3000879	TEM-7	103	58.254369	51.398058	91.700000
E_7-8	ARO:3000881	TEM-9	2	73.100000	77.950000	92.400000
E_7-8	ARO:3000883	TEM-11	2	57.700000	59.900000	63.200000
E_7-8	ARO:3000887	TEM-16	14	59.535714	60.528571	91.700000
E_7-8	ARO:3000891	TEM-20	25	59.488000	58.644000	72.000000
E_7-8	ARO:3000892	TEM-21	78	62.993590	60.824359	79.000000
E_7-8	ARO:3000898	TEM-28	2	57.700000	59.900000	63.200000
E_7-8	ARO:3000899	TEM-29	2	57.700000	59.900000	63.200000
E_7-8	ARO:3000902	TEM-32	17	60.300000	58.717647	64.700000
E_7-8	ARO:3000904	TEM-34	61	60.436066	53.000000	91.700000
E_7-8	ARO:3000909	TEM-39	33	63.721212	64.172727	72.000000
E_7-8	ARO:3000911	TEM-42	98	58.725510	52.104082	70.900000
E_7-8	ARO:3000912	TEM-43	14	58.442857	57.821429	72.000000
E_7-8	ARO:3000916	TEM-47	41	58.953659	54.119512	70.100000
E_7-8	ARO:3000917	TEM-48	1	62.200000	63.500000	63.500000
E_7-8	ARO:3000918	TEM-49	1	62.200000	62.400000	62.400000
E_7-8	ARO:3000921	TEM-52	28	58.689286	57.982143	72.000000
E_7-8	ARO:3000926	TEM-57	37	54.489189	52.740541	71.200000
E_7-8	ARO:3000928	TEM-59	14	59.364286	61.342857	91.700000
E_7-8	ARO:3000930	TEM-61	2	57.700000	59.900000	63.200000
E_7-8	ARO:3000931	TEM-63	10	58.970000	56.690000	72.000000
E_7-8	ARO:3000938	TEM-72	95	59.125263	53.815789	72.000000
E_7-8	ARO:3000941	TEM-75	97	58.561856	51.769072	92.400000
E_7-8	ARO:3000942	TEM-76	2	61.200000	70.100000	70.100000
E_7-8	ARO:3000944	TEM-78	37	63.054054	63.024324	72.000000
E_7-8	ARO:3000947	TEM-80	111	60.867568	52.160360	71.200000
E_7-8	ARO:3000948	TEM-81	115	60.749565	52.156522	71.200000
E_7-8	ARO:3000950	TEM-83	3	61.900000	57.233333	70.900000
E_7-8	ARO:3000952	TEM-85	1	62.200000	63.500000	63.500000
E_7-8	ARO:3000953	TEM-86	1	62.200000	63.500000	63.500000
E_7-8	ARO:3000954	TEM-87	11	57.936364	57.172727	72.000000
E_7-8	ARO:3000955	TEM-88	11	61.109091	60.536364	66.200000
E_7-8	ARO:3000956	TEM-89	13	57.469231	59.007692	70.100000
E_7-8	ARO:3000957	TEM-90	100	60.427000	53.288000	62.000000
E_7-8	ARO:3000958	TEM-91	11	57.200000	56.190909	72.000000
E_7-8	ARO:3000959	TEM-92	28	58.689286	57.982143	72.000000
E_7-8	ARO:3000960	TEM-93	25	59.488000	58.644000	72.000000
E_7-8	ARO:3000961	TEM-94	20	59.500000	57.920000	64.700000
E_7-8	ARO:3000962	TEM-95	84	61.145238	56.497619	67.800000
E_7-8	ARO:3000963	TEM-96	2	59.200000	50.100000	50.100000
E_7-8	ARO:3000965	TEM-102	13	56.653846	57.976923	70.100000
E_7-8	ARO:3000968	TEM-105	91	59.110989	52.002198	66.200000
E_7-8	ARO:3000969	TEM-106	28	58.689286	57.982143	72.000000
E_7-8	ARO:3000970	TEM-107	13	58.230769	56.876923	72.000000
E_7-8	ARO:3000972	TEM-109	4	65.150000	70.400000	91.700000
E_7-8	ARO:3000973	TEM-110	2	73.100000	77.950000	92.400000
E_7-8	ARO:3000974	TEM-111	1	62.200000	63.500000	63.500000
E_7-8	ARO:3000975	TEM-112	78	62.993590	60.824359	79.000000
E_7-8	ARO:3000976	TEM-113	26	58.969231	58.134615	72.000000
E_7-8	ARO:3000978	TEM-115	2	57.700000	59.900000	63.200000
E_7-8	ARO:3000979	TEM-116	14	58.400000	58.828571	91.700000
E_7-8	ARO:3000980	TEM-117	124	58.386290	52.575000	91.700000
E_7-8	ARO:3000981	TEM-118	104	58.276923	51.588462	92.400000
E_7-8	ARO:3000985	TEM-123	80	59.303750	51.663750	70.900000
E_7-8	ARO:3000986	TEM-124	108	59.144444	53.301852	72.000000
E_7-8	ARO:3000987	TEM-125	17	62.552941	63.705882	66.600000
E_7-8	ARO:3000988	TEM-126	88	59.468182	52.647727	91.700000
E_7-8	ARO:3000989	TEM-127	35	60.782857	60.885714	78.200000
E_7-8	ARO:3000995	TEM-131	5	57.800000	54.080000	58.900000
E_7-8	ARO:3000996	TEM-132	57	59.838596	52.421053	70.100000
E_7-8	ARO:3000998	TEM-134	2	57.700000	59.900000	63.200000
E_7-8	ARO:3000999	TEM-135	22	58.777273	57.418182	64.700000
E_7-8	ARO:3001005	TEM-142	1	62.200000	63.500000	63.500000
E_7-8	ARO:3001013	TEM-146	87	58.877011	50.541379	57.400000
E_7-8	ARO:3001014	TEM-147	3	67.133333	71.000000	93.200000
E_7-8	ARO:3001015	TEM-148	2	60.200000	60.850000	63.200000
E_7-8	ARO:3001016	TEM-149	9	58.577778	56.744444	72.000000
E_7-8	ARO:3001018	TEM-151	2	57.700000	59.900000	63.200000
E_7-8	ARO:3001019	TEM-152	2	57.700000	59.900000	63.200000
E_7-8	ARO:3001022	TEM-156	44	62.650000	59.934091	78.200000
E_7-8	ARO:3001023	TEM-157	35	54.008571	51.605714	70.900000
E_7-8	ARO:3001024	TEM-158	1	53.100000	59.300000	59.300000
E_7-8	ARO:3001025	TEM-159	27	58.596296	57.762963	72.000000
E_7-8	ARO:3001028	TEM-162	19	54.147368	51.915789	62.400000
E_7-8	ARO:3001032	TEM-166	46	56.167391	53.893478	71.200000
E_7-8	ARO:3001033	TEM-167	1	62.200000	63.500000	63.500000
E_7-8	ARO:3001034	TEM-168	2	73.100000	77.950000	92.400000
E_7-8	ARO:3001035	TEM-169	21	63.928571	63.123810	72.000000
E_7-8	ARO:3001037	TEM-171	5	57.080000	53.480000	58.200000
E_7-8	ARO:3001041	TEM-176	1	86.000000	93.200000	93.200000
E_7-8	ARO:3001042	TEM-177	10	58.970000	56.690000	72.000000
E_7-8	ARO:3001043	TEM-178	114	59.237719	53.949123	70.900000
E_7-8	ARO:3001045	TEM-183	5	56.700000	59.000000	70.100000
E_7-8	ARO:3001047	TEM-187	92	59.154348	52.527174	92.400000
E_7-8	ARO:3001050	TEM-190	18	63.961111	63.122222	72.000000
E_7-8	ARO:3001052	TEM-192	126	58.447619	52.556349	72.400000
E_7-8	ARO:3001053	TEM-193	1	52.000000	46.600000	46.600000
E_7-8	ARO:3001054	TEM-194	48	54.316667	51.506250	73.200000
E_7-8	ARO:3001055	TEM-195	66	56.607576	51.343939	72.400000
E_7-8	ARO:3001057	TEM-198	4	56.300000	60.275000	70.100000
E_7-8	ARO:3001058	TEM-199	114	60.787719	54.877193	78.200000
E_7-8	ARO:3001062	SHV-3	1	53.100000	60.500000	60.500000
E_7-8	ARO:3001063	SHV-4	1	53.100000	60.500000	60.500000
E_7-8	ARO:3001065	SHV-6	15	99.673333	95.806667	102.000000
E_7-8	ARO:3001066	SHV-7	1	100.000000	66.600000	66.600000
E_7-8	ARO:3001067	SHV-8	14	99.650000	95.907143	102.000000
E_7-8	ARO:3001068	SHV-9	79	61.362025	60.156962	104.000000
E_7-8	ARO:3001070	SHV-11	2	99.000000	99.200000	101.000000
E_7-8	ARO:3001071	SHV-12	39	81.184615	78.989744	104.000000
E_7-8	ARO:3001073	SHV-14	1	100.000000	66.600000	66.600000
E_7-8	ARO:3001074	SHV-15	6	99.666667	99.300000	102.000000
E_7-8	ARO:3001075	SHV-16	1	58.000000	61.600000	61.600000
E_7-8	ARO:3001076	SHV-18	43	78.016279	74.937209	104.000000
E_7-8	ARO:3001077	SHV-19	6	61.433333	63.916667	71.200000
E_7-8	ARO:3001078	SHV-20	59	62.588136	61.866102	104.000000
E_7-8	ARO:3001079	SHV-21	17	67.447059	65.664706	104.000000
E_7-8	ARO:3001080	SHV-22	67	61.394030	61.249254	104.000000
E_7-8	ARO:3001081	SHV-23	27	67.874074	68.648148	104.000000
E_7-8	ARO:3001082	SHV-24	49	78.008163	75.514286	104.000000
E_7-8	ARO:3001083	SHV-25	18	65.338889	63.444444	79.000000
E_7-8	ARO:3001085	SHV-27	3	58.533333	58.633333	66.600000
E_7-8	ARO:3001088	SHV-30	1	100.000000	66.600000	66.600000
E_7-8	ARO:3001090	SHV-32	24	84.041667	79.279167	102.000000
E_7-8	ARO:3001092	SHV-34	1	100.000000	66.600000	66.600000
E_7-8	ARO:3001093	SHV-35	22	88.772727	83.286364	102.000000
E_7-8	ARO:3001094	SHV-36	12	99.666667	99.575000	102.000000
E_7-8	ARO:3001095	SHV-37	20	66.405000	64.805000	101.000000
E_7-8	ARO:3001096	SHV-38	5	91.600000	84.120000	102.000000
E_7-8	ARO:3001099	SHV-41	45	81.655556	78.473333	104.000000
E_7-8	ARO:3001100	SHV-42	58	75.084483	73.251724	104.000000
E_7-8	ARO:3001101	SHV-43	18	50.122222	51.644444	80.900000
E_7-8	ARO:3001102	SHV-44	1	53.100000	60.500000	60.500000
E_7-8	ARO:3001103	SHV-45	3	58.533333	58.633333	66.600000
E_7-8	ARO:3001104	SHV-46	1	100.000000	80.900000	80.900000
E_7-8	ARO:3001105	SHV-48	27	47.196296	49.203704	65.900000
E_7-8	ARO:3001106	SHV-49	11	99.818182	97.945455	102.000000
E_7-8	ARO:3001108	SHV-51	2	54.600000	55.800000	55.800000
E_7-8	ARO:3001109	SHV-52	31	84.232258	80.638710	102.000000
E_7-8	ARO:3001110	SHV-53	126	64.665873	63.867460	104.000000
E_7-8	ARO:3001112	SHV-56	33	85.612121	82.100000	104.000000
E_7-8	ARO:3001113	SHV-57	1	100.000000	80.900000	80.900000
E_7-8	ARO:3001116	SHV-61	39	89.433333	86.448718	104.000000
E_7-8	ARO:3001117	SHV-62	4	78.500000	76.925000	101.000000
E_7-8	ARO:3001119	SHV-64	40	80.087500	77.237500	102.000000
E_7-8	ARO:3001120	SHV-65	1	74.000000	79.700000	79.700000
E_7-8	ARO:3001122	SHV-67	10	99.800000	99.650000	102.000000
E_7-8	ARO:3001123	SHV-69	13	96.646154	96.653846	102.000000
E_7-8	ARO:3001124	SHV-70	3	68.933333	63.166667	72.000000
E_7-8	ARO:3001125	SHV-71	3	69.333333	61.933333	100.000000
E_7-8	ARO:3001126	SHV-72	3	86.000000	68.100000	100.000000
E_7-8	ARO:3001127	SHV-73	28	74.989286	70.685714	104.000000
E_7-8	ARO:3001129	SHV-75	1	100.000000	80.900000	80.900000
E_7-8	ARO:3001131	SHV-77	3	50.966667	43.100000	45.800000
E_7-8	ARO:3001132	SHV-78	20	95.785000	92.070000	102.000000
E_7-8	ARO:3001133	SHV-79	45	80.400000	78.091111	104.000000
E_7-8	ARO:3001134	SHV-80	45	51.668889	52.628889	66.600000
E_7-8	ARO:3001135	SHV-81	1	52.300000	45.100000	45.100000
E_7-8	ARO:3001137	SHV-83	10	99.800000	99.650000	102.000000
E_7-8	ARO:3001141	SHV-89	50	80.634000	78.118000	104.000000
E_7-8	ARO:3001144	SHV-92	30	86.623333	83.096667	102.000000
E_7-8	ARO:3001145	SHV-93	4	68.400000	68.325000	97.400000
E_7-8	ARO:3001146	SHV-94	1	46.800000	47.000000	47.000000
E_7-8	ARO:3001148	SHV-96	2	99.000000	99.200000	101.000000
E_7-8	ARO:3001149	SHV-97	1	100.000000	80.900000	80.900000
E_7-8	ARO:3001150	SHV-101	28	90.796429	84.821429	104.000000
E_7-8	ARO:3001151	SHV-102	1	100.000000	80.900000	80.900000
E_7-8	ARO:3001153	SHV-104	10	58.940000	60.160000	65.100000
E_7-8	ARO:3001154	SHV-105	20	84.940000	78.070000	104.000000
E_7-8	ARO:3001157	SHV-108	9	69.177778	68.300000	101.000000
E_7-8	ARO:3001159	SHV-110	3	58.533333	58.633333	66.600000
E_7-8	ARO:3001160	SHV-111	2	69.000000	68.700000	71.200000
E_7-8	ARO:3001164	SHV-115	1	56.300000	58.200000	58.200000
E_7-8	ARO:3001165	SHV-116	1	56.300000	58.200000	58.200000
E_7-8	ARO:3001168	SHV-121	46	81.523913	78.565217	104.000000
E_7-8	ARO:3001169	SHV-122	1	41.900000	38.100000	38.100000
E_7-8	ARO:3001170	SHV-123	63	69.550794	68.731746	104.000000
E_7-8	ARO:3001171	SHV-124	79	66.837975	65.677215	104.000000
E_7-8	ARO:3001172	SHV-125	75	71.152000	70.273333	104.000000
E_7-8	ARO:3001173	SHV-126	75	68.141333	66.362667	104.000000
E_7-8	ARO:3001174	SHV-127	60	71.511667	71.073333	104.000000
E_7-8	ARO:3001175	SHV-128	6	99.666667	99.100000	102.000000
E_7-8	ARO:3001176	SHV-129	2	99.000000	99.200000	101.000000
E_7-8	ARO:3001177	SHV-133	6	100.000000	96.100000	102.000000
E_7-8	ARO:3001178	SHV-134	9	63.011111	61.788889	66.600000
E_7-8	ARO:3001181	SHV-137	57	70.471930	67.771930	104.000000
E_7-8	ARO:3001182	SHV-140	17	50.947059	48.876471	69.300000
E_7-8	ARO:3001184	SHV-142	1	100.000000	101.000000	101.000000
E_7-8	ARO:3001188	SHV-149	5	61.540000	60.220000	63.500000
E_7-8	ARO:3001189	SHV-150	1	100.000000	80.900000	80.900000
E_7-8	ARO:3001191	SHV-152	17	92.182353	83.088235	102.000000
E_7-8	ARO:3001192	SHV-153	1	100.000000	80.900000	80.900000
E_7-8	ARO:3001195	SHV-156	14	80.285714	81.492857	102.000000
E_7-8	ARO:3001196	SHV-157	5	72.260000	67.960000	101.000000
E_7-8	ARO:3001198	SHV-159	20	59.065000	56.490000	57.400000
E_7-8	ARO:3001201	SHV-162	10	96.650000	84.950000	102.000000
E_7-8	ARO:3001204	SHV-167	37	74.716216	72.178378	102.000000
E_7-8	ARO:3001205	BRP(MBL)	21	67.528571	61.957143	89.000000
E_7-8	ARO:3001209	mecC	981	44.773904	43.367584	68.600000
E_7-8	ARO:3001214	mdtM	844	56.311730	53.131161	103.000000
E_7-8	ARO:3001216	mdtH	354	76.527119	76.715537	112.000000
E_7-8	ARO:3001265	Erm(30)	1083	45.972207	39.980609	68.200000
E_7-8	ARO:3001299	Sfra_tlrB_TYL	154	49.177922	45.592208	64.300000
E_7-8	ARO:3001300	myrA	180	51.777222	46.503889	71.600000
E_7-8	ARO:3001301	RlmA(II)	106	49.790566	47.329245	94.700000
E_7-8	ARO:3001302	chrB	194	52.371649	47.397423	63.200000
E_7-8	ARO:3001303	ErmO-srmA	107	48.579439	41.967290	70.500000
E_7-8	ARO:3001304	ErmS	120	45.649167	40.613333	68.900000
E_7-8	ARO:3001305	ErmU	45	60.715556	63.871111	78.600000
E_7-8	ARO:3001306	ErmW	155	46.113548	43.703226	72.800000
E_7-8	ARO:3001313	facT	2381	45.279840	44.161151	70.900000
E_7-8	ARO:3001327	MdtK	300	77.486667	76.628333	103.000000
E_7-8	ARO:3001328	Ecol_mdfA	811	61.617263	58.299507	105.000000
E_7-8	ARO:3001329	mdtG	538	67.545725	65.874907	111.000000
E_7-8	ARO:3001337	SHV-99	10	53.950000	51.490000	62.400000
E_7-8	ARO:3001345	SHV-144	2	79.000000	68.850000	100.000000
E_7-8	ARO:3001347	SHV-164	13	97.092308	85.523077	102.000000
E_7-8	ARO:3001350	SHV-180	20	98.225000	92.300000	102.000000
E_7-8	ARO:3001352	SHV-168	3	86.000000	68.100000	100.000000
E_7-8	ARO:3001356	SHV-172	2	99.000000	99.200000	101.000000
E_7-8	ARO:3001357	SHV-173	1	52.200000	47.400000	47.400000
E_7-8	ARO:3001364	SHV-182	40	86.505000	83.777500	102.000000
E_7-8	ARO:3001369	TEM-153	26	58.969231	58.134615	72.000000
E_7-8	ARO:3001373	TEM-182	23	62.252174	62.521739	70.900000
E_7-8	ARO:3001374	TEM-185	35	63.462857	63.368571	72.000000
E_7-8	ARO:3001375	TEM-184	100	60.219000	50.917000	71.200000
E_7-8	ARO:3001382	TEM-205	5	57.080000	53.480000	58.200000
E_7-8	ARO:3001383	TEM-206	1	53.100000	59.300000	59.300000
E_7-8	ARO:3001384	TEM-207	36	53.694444	50.880556	63.900000
E_7-8	ARO:3001388	TEM-211	24	58.883333	57.716667	66.200000
E_7-8	ARO:3001392	TEM-215	78	62.993590	60.824359	79.000000
E_7-8	ARO:3001396	OXA-1	341	85.702933	82.117302	112.000000
E_7-8	ARO:3001397	OXA-2	1316	63.897568	66.386094	115.000000
E_7-8	ARO:3001398	OXA-3	476	74.036765	76.181933	113.000000
E_7-8	ARO:3001399	OXA-4	354	84.285876	80.768079	112.000000
E_7-8	ARO:3001400	OXA-5	268	65.272761	63.788060	106.000000
E_7-8	ARO:3001402	OXA-7	486	79.751852	76.473868	107.000000
E_7-8	ARO:3001404	OXA-9	239	68.845188	69.465272	110.000000
E_7-8	ARO:3001405	OXA-10	1265	87.761581	84.583083	111.000000
E_7-8	ARO:3001406	OXA-11	857	91.008751	85.519720	111.000000
E_7-8	ARO:3001407	OXA-12	213	64.101878	64.484507	114.000000
E_7-8	ARO:3001408	OXA-13	598	84.331605	82.213545	111.000000
E_7-8	ARO:3001409	OXA-14	975	88.921641	84.462359	111.000000
E_7-8	ARO:3001410	OXA-15	1339	64.304780	66.899851	115.000000
E_7-8	ARO:3001411	OXA-16	685	90.796058	88.606715	111.000000
E_7-8	ARO:3001412	OXA-17	1081	87.167438	83.063552	111.000000
E_7-8	ARO:3001413	OXA-18	208	54.223558	56.639423	86.300000
E_7-8	ARO:3001414	OXA-19	421	82.984323	79.449169	111.000000
E_7-8	ARO:3001415	OXA-20	599	57.211519	58.893823	105.000000
E_7-8	ARO:3001416	OXA-21	559	70.607156	72.925939	114.000000
E_7-8	ARO:3001417	OXA-22	72	49.437500	49.304167	72.400000
E_7-8	ARO:3001418	OXA-23	72	46.012500	51.490278	93.600000
E_7-8	ARO:3001419	OXA-24	3	55.600000	59.033333	85.100000
E_7-8	ARO:3001420	OXA-25	4	57.200000	62.175000	85.100000
E_7-8	ARO:3001421	OXA-26	4	57.200000	62.175000	85.100000
E_7-8	ARO:3001422	OXA-27	68	47.320588	52.564706	93.600000
E_7-8	ARO:3001423	OXA-28	358	88.148883	83.958101	111.000000
E_7-8	ARO:3001424	OXA-29	238	56.874370	59.938235	115.000000
E_7-8	ARO:3001425	OXA-31	352	84.322727	80.876705	112.000000
E_7-8	ARO:3001426	OXA-32	1160	66.485948	69.728879	115.000000
E_7-8	ARO:3001427	OXA-33	338	83.003550	80.294083	112.000000
E_7-8	ARO:3001428	OXA-34	980	65.968571	69.625612	115.000000
E_7-8	ARO:3001429	OXA-35	755	83.959205	82.822781	111.000000
E_7-8	ARO:3001430	OXA-36	1301	61.168563	65.232975	115.000000
E_7-8	ARO:3001431	OXA-37	612	57.088889	58.773693	105.000000
E_7-8	ARO:3001437	OXA-67	1	100.000000	103.000000	103.000000
E_7-8	ARO:3001438	OXA-100	1	100.000000	103.000000	103.000000
E_7-8	ARO:3001439	OXA-101	668	84.180090	82.414820	111.000000
E_7-8	ARO:3001440	OXA-115	5	79.220000	87.080000	100.000000
E_7-8	ARO:3001441	OXA-116	11	73.836364	77.154545	104.000000
E_7-8	ARO:3001442	OXA-117	6	80.100000	83.883333	104.000000
E_7-8	ARO:3001443	OXA-121	2	85.750000	90.950000	101.000000
E_7-8	ARO:3001444	OXA-122	2	99.000000	102.000000	103.000000
E_7-8	ARO:3001445	OXA-123	9	66.377778	69.833333	101.000000
E_7-8	ARO:3001446	OXA-124	6	60.666667	64.933333	67.000000
E_7-8	ARO:3001447	OXA-125	3	58.000000	58.166667	74.700000
E_7-8	ARO:3001448	OXA-126	3	38.600000	45.800000	45.800000
E_7-8	ARO:3001451	OXA-139	3	62.800000	66.366667	85.100000
E_7-8	ARO:3001452	OXA-140	327	82.597554	78.100000	112.000000
E_7-8	ARO:3001453	OXA-148	7	68.942857	72.171429	104.000000
E_7-8	ARO:3001454	OXA-149	2	72.450000	73.800000	101.000000
E_7-8	ARO:3001455	OXA-150	4	76.925000	79.500000	100.000000
E_7-8	ARO:3001456	OXA-151	412	43.555340	44.000485	67.000000
E_7-8	ARO:3001457	OXA-152	415	43.204578	43.953494	67.000000
E_7-8	ARO:3001458	OXA-153	316	43.883228	42.387342	66.200000
E_7-8	ARO:3001459	OXA-154	173	45.640462	46.236416	65.100000
E_7-8	ARO:3001460	OXA-155	169	45.757988	46.295266	63.500000
E_7-8	ARO:3001461	OXA-156	192	46.974479	46.782292	65.100000
E_7-8	ARO:3001462	OXA-157	169	44.636095	47.561538	60.800000
E_7-8	ARO:3001463	OXA-158	159	45.354717	45.365409	62.400000
E_7-8	ARO:3001464	OXA-159	152	45.377632	45.422368	62.400000
E_7-8	ARO:3001465	OXA-165	71	45.145070	50.963380	57.800000
E_7-8	ARO:3001466	OXA-166	69	45.289855	50.814493	57.800000
E_7-8	ARO:3001467	OXA-167	78	47.441026	52.926923	93.600000
E_7-8	ARO:3001468	OXA-168	63	45.819048	51.074603	57.800000
E_7-8	ARO:3001469	OXA-169	72	46.012500	51.490278	93.600000
E_7-8	ARO:3001470	OXA-170	86	45.793023	51.616279	57.800000
E_7-8	ARO:3001471	OXA-171	73	46.368493	51.867123	93.600000
E_7-8	ARO:3001472	OXA-178	5	73.200000	76.980000	100.000000
E_7-8	ARO:3001473	OXA-179	1	98.000000	101.000000	101.000000
E_7-8	ARO:3001475	OXA-183	336	88.064583	83.266369	111.000000
E_7-8	ARO:3001476	OXA-184	26	49.107692	44.253846	59.700000
E_7-8	ARO:3001477	OXA-185	24	49.287500	44.479167	59.700000
E_7-8	ARO:3001478	OXA-193	36	49.611111	44.072222	57.800000
E_7-8	ARO:3001480	OXA-195	8	71.375000	77.475000	100.000000
E_7-8	ARO:3001483	OXA-205	777	61.062420	65.025354	118.000000
E_7-8	ARO:3001485	OXA-207	4	57.200000	62.175000	85.100000
E_7-8	ARO:3001486	OXA-208	14	64.921429	68.550000	104.000000
E_7-8	ARO:3001487	OXA-210	933	68.604609	70.107503	115.000000
E_7-8	ARO:3001488	OXA-216	4	74.150000	80.275000	87.800000
E_7-8	ARO:3001489	OXA-217	4	79.950000	82.975000	104.000000
E_7-8	ARO:3001493	OXA-225	85	47.090588	53.143529	93.600000
E_7-8	ARO:3001495	OXA-233	796	89.867839	83.323367	111.000000
E_7-8	ARO:3001496	OXA-234	3	61.766667	72.433333	76.300000
E_7-8	ARO:3001498	OXA-239	65	46.655385	52.703077	93.600000
E_7-8	ARO:3001499	OXA-240	1052	87.734506	83.115589	111.000000
E_7-8	ARO:3001500	OXA-251	639	91.799218	83.678873	111.000000
E_7-8	ARO:3001501	OXA-252	59	52.508475	57.654237	104.000000
E_7-8	ARO:3001502	OXA-256	1095	86.737534	82.690320	111.000000
E_7-8	ARO:3001503	OXA-258	50	49.030000	51.386000	90.100000
E_7-8	ARO:3001504	OXA-309	75	70.468000	70.334667	107.000000
E_7-8	ARO:3001510	OXA-322	1	83.700000	88.200000	88.200000
E_7-8	ARO:3001511	OXA-323	5	76.580000	81.500000	93.600000
E_7-8	ARO:3001512	OXA-324	6	78.183333	83.433333	93.600000
E_7-8	ARO:3001513	OXA-325	7	76.542857	80.814286	89.700000
E_7-8	ARO:3001514	OXA-326	3	61.566667	62.500000	88.200000
E_7-8	ARO:3001515	OXA-327	23	66.552174	70.752174	93.600000
E_7-8	ARO:3001516	OXA-328	4	80.200000	88.025000	91.700000
E_7-8	ARO:3001517	OXA-329	5	72.720000	75.480000	88.200000
E_7-8	ARO:3001518	OXA-330	37	59.794595	64.386486	93.600000
E_7-8	ARO:3001519	OXA-331	3	81.100000	84.833333	88.200000
E_7-8	ARO:3001520	OXA-332	6	76.816667	82.433333	93.600000
E_7-8	ARO:3001521	OXA-333	74	75.239189	74.094595	107.000000
E_7-8	ARO:3001522	OXA-334	72	69.980556	69.690278	107.000000
E_7-8	ARO:3001523	OXA-335	44	54.631818	57.418182	98.600000
E_7-8	ARO:3001526	OXA-338	2	99.000000	102.000000	103.000000
E_7-8	ARO:3001530	OXA-342	5	68.120000	78.580000	86.300000
E_7-8	ARO:3001531	OXA-343	3	38.600000	46.200000	46.200000
E_7-8	ARO:3001534	OXA-346	1	38.300000	45.400000	45.400000
E_7-8	ARO:3001535	OXA-348	25	67.624000	73.308000	88.200000
E_7-8	ARO:3001536	OXA-349	5	74.980000	79.960000	91.300000
E_7-8	ARO:3001537	OXA-350	5	76.120000	80.660000	91.700000
E_7-8	ARO:3001538	OXA-351	22	66.581818	72.381818	88.200000
E_7-8	ARO:3001539	OXA-352	8	75.650000	80.000000	89.700000
E_7-8	ARO:3001540	OXA-353	12	49.425000	54.233333	88.200000
E_7-8	ARO:3001541	OXA-354	2	68.900000	68.550000	88.200000
E_7-8	ARO:3001542	OXA-355	37	65.637838	69.054054	106.000000
E_7-8	ARO:3001543	OXA-356	31	66.038710	69.506452	106.000000
E_7-8	ARO:3001544	OXA-357	13	49.338462	52.907692	56.200000
E_7-8	ARO:3001545	OXA-358	7	76.300000	81.485714	95.500000
E_7-8	ARO:3001546	OXA-359	2	68.900000	68.350000	87.800000
E_7-8	ARO:3001547	OXA-360	6	60.566667	61.816667	91.700000
E_7-8	ARO:3001548	OXA-361	20	69.180000	73.045000	96.700000
E_7-8	ARO:3001549	OXA-362	28	62.396429	65.289286	94.700000
E_7-8	ARO:3001550	OXA-363	47	55.951064	58.982979	97.400000
E_7-8	ARO:3001551	OXA-364	89	49.124719	48.453933	102.000000
E_7-8	ARO:3001552	OXA-365	4	79.450000	83.225000	104.000000
E_7-8	ARO:3001553	OXA-366	78	47.441026	52.926923	93.600000
E_7-8	ARO:3001555	OXA-368	756	86.968651	80.979894	111.000000
E_7-8	ARO:3001557	OXA-371	10	65.300000	67.740000	83.600000
E_7-8	ARO:3001558	OXA-372	1412	53.907578	57.883286	108.000000
E_7-8	ARO:3001559	OXA-373	84	70.972619	70.742857	109.000000
E_7-8	ARO:3001560	OXA-374	3	90.500000	94.966667	103.000000
E_7-8	ARO:3001561	OXA-375	6	73.433333	82.816667	104.000000
E_7-8	ARO:3001562	OXA-376	10	71.240000	73.190000	103.000000
E_7-8	ARO:3001563	OXA-377	10	74.030000	76.620000	103.000000
E_7-8	ARO:3001564	OXA-378	3	48.066667	49.566667	52.000000
E_7-8	ARO:3001565	OXA-379	14	62.200000	65.907143	83.600000
E_7-8	ARO:3001566	OXA-380	5	73.240000	76.960000	103.000000
E_7-8	ARO:3001567	OXA-381	10	53.320000	55.370000	61.600000
E_7-8	ARO:3001568	OXA-382	13	62.184615	66.969231	83.200000
E_7-8	ARO:3001569	OXA-383	4	75.350000	79.925000	104.000000
E_7-8	ARO:3001570	OXA-384	1	42.200000	44.700000	44.700000
E_7-8	ARO:3001571	OXA-385	5	83.000000	87.260000	103.000000
E_7-8	ARO:3001572	OXA-386	6	80.100000	83.883333	104.000000
E_7-8	ARO:3001575	OXA-389	2	62.550000	72.200000	88.200000
E_7-8	ARO:3001576	OXA-390	11	65.381818	69.036364	104.000000
E_7-8	ARO:3001577	OXA-391	14	64.921429	68.550000	104.000000
E_7-8	ARO:3001578	OXA-392	333	86.040541	82.298198	111.000000
E_7-8	ARO:3001581	OXA-395	174	54.602874	56.828736	81.300000
E_7-8	ARO:3001582	OXA-396	179	53.899441	55.290503	80.100000
E_7-8	ARO:3001583	OXA-397	33	83.145455	84.254545	108.000000
E_7-8	ARO:3001584	OXA-398	71	45.145070	50.911268	57.800000
E_7-8	ARO:3001586	OXA-400	3	38.600000	45.800000	45.800000
E_7-8	ARO:3001587	OXA-401	1	100.000000	103.000000	103.000000
E_7-8	ARO:3001588	OXA-402	10	60.420000	62.730000	67.000000
E_7-8	ARO:3001595	OXA-404	2	99.000000	102.000000	103.000000
E_7-8	ARO:3001596	OXA-405	778	52.231620	53.537532	110.000000
E_7-8	ARO:3001597	OXA-406	8	62.425000	65.937500	67.000000
E_7-8	ARO:3001598	OXA-407	7	66.457143	71.185714	85.500000
E_7-8	ARO:3001601	OXA-410	1	78.700000	82.400000	82.400000
E_7-8	ARO:3001604	OXA-413	1	79.200000	85.500000	85.500000
E_7-8	ARO:3001606	OXA-415	1002	65.827445	67.681238	115.000000
E_7-8	ARO:3001607	OXA-416	100	51.806000	56.503000	110.000000
E_7-8	ARO:3001608	OXA-417	11	77.100000	81.381818	103.000000
E_7-8	ARO:3001609	OXA-114a	67	48.168657	47.023881	86.700000
E_7-8	ARO:3001610	OXA-243	89	47.414607	47.544944	92.800000
E_7-8	ARO:3001611	OXA-58	35	81.448571	82.585714	109.000000
E_7-8	ARO:3001612	OXA-51	9	76.566667	79.744444	103.000000
E_7-8	ARO:3001613	OXA-64	2	99.000000	102.000000	103.000000
E_7-8	ARO:3001616	OXA-68	8	75.075000	80.337500	104.000000
E_7-8	ARO:3001617	OXA-69	5	76.460000	79.320000	83.600000
E_7-8	ARO:3001618	OXA-70	9	66.600000	70.166667	104.000000
E_7-8	ARO:3001619	OXA-71	3	90.500000	94.966667	103.000000
E_7-8	ARO:3001620	OXA-75	6	67.500000	70.016667	100.000000
E_7-8	ARO:3001622	OXA-77	5	87.680000	91.720000	104.000000
E_7-8	ARO:3001623	OXA-83	9	72.066667	78.533333	100.000000
E_7-8	ARO:3001624	OXA-84	4	64.475000	69.025000	80.100000
E_7-8	ARO:3001625	OXA-89	3	67.200000	75.200000	83.200000
E_7-8	ARO:3001627	OXA-91	1	100.000000	104.000000	104.000000
E_7-8	ARO:3001628	OXA-93	5	72.540000	75.460000	104.000000
E_7-8	ARO:3001629	OXA-94	3	71.666667	77.766667	79.700000
E_7-8	ARO:3001631	OXA-96	34	81.267647	82.720588	109.000000
E_7-8	ARO:3001633	OXA-79	9	75.677778	83.666667	100.000000
E_7-8	ARO:3001636	OXA-104	6	57.116667	58.933333	104.000000
E_7-8	ARO:3001637	OXA-106	14	68.714286	72.392857	104.000000
E_7-8	ARO:3001642	OXA-111	1	100.000000	103.000000	103.000000
E_7-8	ARO:3001644	OXA-113	6	79.400000	80.833333	103.000000
E_7-8	ARO:3001645	OXA-78	2	88.800000	93.600000	104.000000
E_7-8	ARO:3001646	OXA-98	8	76.950000	78.650000	104.000000
E_7-8	ARO:3001647	OXA-97	35	81.334286	82.511429	109.000000
E_7-8	ARO:3001648	OXA-128	3	73.333333	81.133333	104.000000
E_7-8	ARO:3001649	OXA-99	2	87.000000	90.000000	103.000000
E_7-8	ARO:3001650	OXA-90	13	73.130769	77.976923	100.000000
E_7-8	ARO:3001651	OXA-130	10	63.310000	70.680000	100.000000
E_7-8	ARO:3001652	OXA-131	9	56.355556	58.077778	84.700000
E_7-8	ARO:3001653	OXA-132	2	99.000000	102.000000	103.000000
E_7-8	ARO:3001654	OXA-143	5	75.620000	82.040000	90.100000
E_7-8	ARO:3001655	OXA-138	3	72.300000	83.933333	85.100000
E_7-8	ARO:3001656	OXA-172	12	57.708333	61.666667	84.700000
E_7-8	ARO:3001657	OXA-173	13	53.369231	56.853846	84.700000
E_7-8	ARO:3001658	OXA-174	7	73.900000	81.171429	100.000000
E_7-8	ARO:3001659	OXA-175	3	72.300000	83.933333	85.100000
E_7-8	ARO:3001660	OXA-176	1	51.000000	51.600000	51.600000
E_7-8	ARO:3001662	OXA-164	38	77.931579	79.239474	107.000000
E_7-8	ARO:3001663	OXA-160	4	57.200000	62.175000	85.100000
E_7-8	ARO:3001664	OXA-203	4	55.725000	56.425000	104.000000
E_7-8	ARO:3001665	OXA-200	3	61.766667	72.433333	76.300000
E_7-8	ARO:3001667	OXA-202	8	76.387500	83.587500	100.000000
E_7-8	ARO:3001668	OXA-219	3	93.200000	97.266667	103.000000
E_7-8	ARO:3001669	OXA-223	3	92.400000	96.500000	103.000000
E_7-8	ARO:3001670	OXA-231	5	69.600000	75.940000	90.100000
E_7-8	ARO:3001671	OXA-49	43	46.539535	52.432558	81.600000
E_7-8	ARO:3001672	OXA-120	4	78.750000	84.075000	103.000000
E_7-8	ARO:3001674	OXA-249	3	38.600000	46.200000	46.200000
E_7-8	ARO:3001675	OXA-250	4	56.025000	63.750000	76.300000
E_7-8	ARO:3001676	OXA-235	21	60.204762	62.309524	90.100000
E_7-8	ARO:3001677	OXA-236	35	57.702857	61.508571	90.100000
E_7-8	ARO:3001678	OXA-237	19	62.463158	63.821053	90.100000
E_7-8	ARO:3001679	OXA-241	2	99.000000	102.000000	103.000000
E_7-8	ARO:3001680	OXA-242	1	100.000000	103.000000	103.000000
E_7-8	ARO:3001681	OXA-278	15	54.693333	54.580000	90.100000
E_7-8	ARO:3001683	OXA-312	1	98.000000	101.000000	101.000000
E_7-8	ARO:3001684	OXA-313	2	85.750000	90.950000	101.000000
E_7-8	ARO:3001685	OXA-314	3	71.100000	70.000000	101.000000
E_7-8	ARO:3001687	OXA-316	6	61.783333	73.083333	85.500000
E_7-8	ARO:3001688	OXA-317	3	73.333333	81.400000	104.000000
E_7-8	ARO:3001689	OXA-253	7	71.971429	76.542857	90.100000
E_7-8	ARO:3001690	OXA-255	7	68.871429	74.928571	89.000000
E_7-8	ARO:3001691	OXA-228	36	65.613889	69.497222	106.000000
E_7-8	ARO:3001692	OXA-229	41	65.595122	69.785366	106.000000
E_7-8	ARO:3001693	OXA-230	51	65.419608	69.358824	106.000000
E_7-8	ARO:3001694	OXA-257	31	65.925806	69.432258	106.000000
E_7-8	ARO:3001695	OXA-134	31	51.919355	53.319355	98.600000
E_7-8	ARO:3001702	OXA-133	43	50.460465	53.030233	74.700000
E_7-8	ARO:3001703	OXA-86	1	100.000000	103.000000	103.000000
E_7-8	ARO:3001704	OXA-87	5	73.240000	76.960000	103.000000
E_7-8	ARO:3001705	OXA-72	3	55.600000	59.033333	85.100000
E_7-8	ARO:3001707	OXA-103	40	46.980000	47.582500	58.500000
E_7-8	ARO:3001709	OXA-182	7	63.057143	67.057143	87.000000
E_7-8	ARO:3001710	OXA-211	71	71.838028	71.309859	107.000000
E_7-8	ARO:3001711	OXA-212	76	71.819737	71.827632	107.000000
E_7-8	ARO:3001712	OXA-213	17	65.629412	70.241176	94.000000
E_7-8	ARO:3001713	OXA-214	18	50.311111	49.472222	67.000000
E_7-8	ARO:3001714	OXA-215	19	50.531579	49.768421	67.000000
E_7-8	ARO:3001717	OXA-261	8	62.425000	65.937500	67.000000
E_7-8	ARO:3001718	OXA-262	5	54.900000	57.500000	101.000000
E_7-8	ARO:3001719	OXA-263	1	70.000000	79.300000	79.300000
E_7-8	ARO:3001720	OXA-264	18	50.311111	49.472222	67.000000
E_7-8	ARO:3001721	OXA-265	14	47.342857	45.842857	65.100000
E_7-8	ARO:3001722	OXA-266	8	59.450000	64.800000	99.400000
E_7-8	ARO:3001723	OXA-267	3	80.933333	88.733333	91.700000
E_7-8	ARO:3001724	OXA-268	3	83.000000	89.100000	92.000000
E_7-8	ARO:3001725	OXA-269	9	46.000000	52.188889	56.200000
E_7-8	ARO:3001726	OXA-270	1	58.300000	55.100000	55.100000
E_7-8	ARO:3001727	OXA-271	4	57.300000	60.950000	83.600000
E_7-8	ARO:3001728	OXA-272	6	48.150000	51.783333	77.000000
E_7-8	ARO:3001729	OXA-273	11	50.063636	54.572727	77.000000
E_7-8	ARO:3001730	OXA-274	23	72.395652	76.782609	96.700000
E_7-8	ARO:3001731	OXA-275	24	73.691667	78.591667	104.000000
E_7-8	ARO:3001732	OXA-276	23	49.604348	49.791304	91.700000
E_7-8	ARO:3001733	OXA-277	22	51.768182	52.386364	91.700000
E_7-8	ARO:3001734	OXA-279	7	63.185714	59.914286	63.500000
E_7-8	ARO:3001735	OXA-280	63	72.174603	71.230159	109.000000
E_7-8	ARO:3001736	OXA-281	76	71.021053	70.656579	111.000000
E_7-8	ARO:3001737	OXA-282	40	53.777500	56.237500	98.600000
E_7-8	ARO:3001738	OXA-283	40	53.777500	56.237500	98.600000
E_7-8	ARO:3001739	OXA-284	57	55.875439	58.933333	98.600000
E_7-8	ARO:3001740	OXA-285	39	50.105128	52.276923	92.800000
E_7-8	ARO:3001741	OXA-286	18	63.266667	65.688889	113.000000
E_7-8	ARO:3001742	OXA-287	20	61.940000	64.445000	112.000000
E_7-8	ARO:3001743	OXA-288	18	59.261111	61.477778	106.000000
E_7-8	ARO:3001744	OXA-289	10	65.690000	65.800000	100.000000
E_7-8	ARO:3001745	OXA-290	10	59.510000	58.540000	99.000000
E_7-8	ARO:3001746	OXA-291	13	63.284615	62.830769	104.000000
E_7-8	ARO:3001747	OXA-292	12	59.041667	60.066667	105.000000
E_7-8	ARO:3001748	OXA-293	8	59.587500	63.837500	106.000000
E_7-8	ARO:3001749	OXA-294	20	56.815000	58.110000	103.000000
E_7-8	ARO:3001750	OXA-295	19	50.042105	51.978947	100.000000
E_7-8	ARO:3001751	OXA-296	10	56.560000	57.180000	80.500000
E_7-8	ARO:3001752	OXA-297	5	60.160000	61.520000	77.800000
E_7-8	ARO:3001753	OXA-298	8	59.887500	61.075000	77.800000
E_7-8	ARO:3001754	OXA-299	13	55.192308	57.084615	87.800000
E_7-8	ARO:3001755	OXA-300	41	68.243902	71.582927	108.000000
E_7-8	ARO:3001756	OXA-301	28	66.157143	69.596429	106.000000
E_7-8	ARO:3001757	OXA-302	16	56.937500	58.962500	105.000000
E_7-8	ARO:3001758	OXA-303	18	63.411111	65.661111	112.000000
E_7-8	ARO:3001759	OXA-304	1	69.200000	73.900000	73.900000
E_7-8	ARO:3001760	OXA-305	1	69.200000	73.900000	73.900000
E_7-8	ARO:3001761	OXA-306	15	59.973333	61.320000	105.000000
E_7-8	ARO:3001762	OXA-307	8	57.100000	58.887500	106.000000
E_7-8	ARO:3001763	OXA-308	65	56.335385	60.381538	84.000000
E_7-8	ARO:3001764	OXA-63	256	52.105859	48.623438	70.100000
E_7-8	ARO:3001765	OXA-136	367	51.468665	49.673025	70.900000
E_7-8	ARO:3001766	OXA-192	373	51.282574	49.705898	70.900000
E_7-8	ARO:3001767	OXA-137	355	51.158028	49.389859	70.500000
E_7-8	ARO:3001768	OXA-118	851	61.186016	65.801645	117.000000
E_7-8	ARO:3001769	OXA-42	72	54.172222	52.276389	77.000000
E_7-8	ARO:3001770	OXA-43	73	53.671233	51.868493	77.000000
E_7-8	ARO:3001771	OXA-57	76	53.353947	51.797368	77.000000
E_7-8	ARO:3001772	OXA-59	74	53.824324	52.206757	77.000000
E_7-8	ARO:3001773	OXA-61	39	49.943590	44.189744	57.800000
E_7-8	ARO:3001774	OXA-370	86	57.608140	60.736047	110.000000
E_7-8	ARO:3001775	OXA-119	884	61.575339	66.221946	117.000000
E_7-8	ARO:3001776	OXA-162	198	53.561111	55.980808	110.000000
E_7-8	ARO:3001777	OXA-347	430	61.818837	62.070233	110.000000
E_7-8	ARO:3001778	OXA-232	303	53.697360	53.670627	110.000000
E_7-8	ARO:3001779	OXA-146	25	42.140000	51.340000	57.000000
E_7-8	ARO:3001780	OXA-85	541	48.176340	49.922366	67.800000
E_7-8	ARO:3001781	OXA-47	336	85.491071	81.891964	111.000000
E_7-8	ARO:3001782	OXA-48	125	54.735200	57.099200	110.000000
E_7-8	ARO:3001783	OXA-163	864	52.051620	54.012269	110.000000
E_7-8	ARO:3001784	OXA-181	298	52.964094	53.641611	110.000000
E_7-8	ARO:3001785	OXA-73	65	45.343077	50.755385	57.800000
E_7-8	ARO:3001786	OXA-244	168	55.741071	57.254167	110.000000
E_7-8	ARO:3001787	OXA-245	110	52.864545	54.859091	110.000000
E_7-8	ARO:3001788	OXA-204	224	53.039286	54.058036	110.000000
E_7-8	ARO:3001791	OXA-247	672	52.106696	51.973065	110.000000
E_7-8	ARO:3001792	OXA-62	415	43.449398	43.914458	67.000000
E_7-8	ARO:3001793	OXA-320	347	84.446110	81.214409	112.000000
E_7-8	ARO:3001794	OXA-45	91	51.638462	53.458242	98.600000
E_7-8	ARO:3001795	OXA-56	508	82.508661	79.355512	107.000000
E_7-8	ARO:3001796	OXA-50	161	52.353416	55.714907	80.100000
E_7-8	ARO:3001797	OXA-46	809	61.473671	64.900865	115.000000
E_7-8	ARO:3001798	OXA-74	1039	87.340520	83.094321	111.000000
E_7-8	ARO:3001799	OXA-161	1216	65.385691	67.938980	115.000000
E_7-8	ARO:3001800	OXA-226	974	68.506366	70.878234	115.000000
E_7-8	ARO:3001801	OXA-147	366	88.083880	84.029235	111.000000
E_7-8	ARO:3001802	OXA-141	1119	65.709562	67.709115	115.000000
E_7-8	ARO:3001803	OXA-142	791	88.373325	82.363590	111.000000
E_7-8	ARO:3001804	OXA-145	429	89.046387	86.200466	111.000000
E_7-8	ARO:3001805	OXA-198	1233	56.101217	59.227170	103.000000
E_7-8	ARO:3001806	OXA-224	348	84.482471	81.133908	112.000000
E_7-8	ARO:3001807	OXA-246	935	90.370588	85.188449	111.000000
E_7-8	ARO:3001808	OXA-60	186	47.039247	50.310215	75.500000
E_7-8	ARO:3001809	OXA-209	494	56.026518	57.543522	107.000000
E_7-8	ARO:3001810	OXA-53	637	63.917739	67.662166	109.000000
E_7-8	ARO:3001811	OXA-129	224	71.515625	69.538393	108.000000
E_7-8	ARO:3001812	OXA-54	349	49.589971	49.929226	67.400000
E_7-8	ARO:3001813	OXA-55	184	48.317391	49.730435	65.500000
E_7-8	ARO:3001814	OXA-199	240	52.672500	53.969167	79.700000
E_7-8	ARO:3001815	ACC-1	558	54.845341	56.349821	78.200000
E_7-8	ARO:3001816	ACC-2	448	54.964286	56.002455	78.200000
E_7-8	ARO:3001817	ACC-3	513	53.885770	56.567446	78.600000
E_7-8	ARO:3001818	ACC-4	532	54.446241	55.950000	78.200000
E_7-8	ARO:3001819	ACC-5	530	54.934717	56.327547	78.200000
E_7-8	ARO:3001821	ACT-1	28	65.807143	61.032143	102.000000
E_7-8	ARO:3001822	ACT-2	29	68.255172	63.734483	110.000000
E_7-8	ARO:3001823	ACT-3	19	66.252632	57.921053	102.000000
E_7-8	ARO:3001824	ACT-5	57	64.143860	63.563158	111.000000
E_7-8	ARO:3001825	ACT-6	8	90.125000	75.087500	102.000000
E_7-8	ARO:3001827	ACT-16	144	60.840278	60.233333	111.000000
E_7-8	ARO:3001828	ACT-23	75	68.289333	64.352000	111.000000
E_7-8	ARO:3001829	ACT-4	29	63.431034	57.410345	102.000000
E_7-8	ARO:3001830	ACT-7	57	68.173684	67.845614	111.000000
E_7-8	ARO:3001831	ACT-8	15	70.926667	60.040000	102.000000
E_7-8	ARO:3001832	ACT-10	29	63.141379	60.324138	107.000000
E_7-8	ARO:3001834	ACT-12	41	57.253659	53.439024	90.900000
E_7-8	ARO:3001835	ACT-13	15	72.520000	61.013333	102.000000
E_7-8	ARO:3001836	ACT-14	104	67.729808	64.201923	111.000000
E_7-8	ARO:3001837	ACT-15	95	58.788421	55.921053	111.000000
E_7-8	ARO:3001838	ACT-17	99	62.615152	60.469697	111.000000
E_7-8	ARO:3001839	ACT-18	101	69.972277	66.824752	111.000000
E_7-8	ARO:3001840	ACT-19	96	55.293750	49.565625	106.000000
E_7-8	ARO:3001841	ACT-20	109	65.372477	61.928440	111.000000
E_7-8	ARO:3001842	ACT-21	64	62.320313	61.348437	111.000000
E_7-8	ARO:3001843	ACT-22	87	54.252874	54.135632	91.700000
E_7-8	ARO:3001844	ACT-24	60	69.620000	65.543333	111.000000
E_7-8	ARO:3001845	ACT-25	136	61.518382	60.760294	111.000000
E_7-8	ARO:3001847	ACT-27	103	56.129126	53.454369	111.000000
E_7-8	ARO:3001848	ACT-28	23	79.695652	72.208696	105.000000
E_7-8	ARO:3001849	ACT-29	24	73.283333	70.208333	110.000000
E_7-8	ARO:3001850	ACT-30	116	60.408621	56.120690	110.000000
E_7-8	ARO:3001851	ACT-31	128	64.526562	61.138281	111.000000
E_7-8	ARO:3001852	ACT-32	66	64.680303	62.981818	111.000000
E_7-8	ARO:3001853	ACT-33	50	71.250000	69.976000	111.000000
E_7-8	ARO:3001854	ACT-34	19	59.584211	49.436842	97.100000
E_7-8	ARO:3001855	ACT-35	106	59.676415	57.604717	111.000000
E_7-8	ARO:3001856	CFE-1	48	72.243750	74.397917	98.600000
E_7-8	ARO:3001858	IMI-1	12	48.108333	45.558333	62.000000
E_7-8	ARO:3001859	IMI-2	14	51.300000	49.828571	67.400000
E_7-8	ARO:3001860	IMI-3	24	58.708333	58.941667	74.300000
E_7-8	ARO:3001861	IMI-4	9	47.444444	47.444444	62.000000
E_7-8	ARO:3001862	IMI-5	12	53.600000	53.558333	65.500000
E_7-8	ARO:3001863	IMI-6	15	53.073333	54.100000	68.600000
E_7-8	ARO:3001864	CTX-M-1	30	68.423333	59.946667	101.000000
E_7-8	ARO:3001865	CTX-M-2	20	64.000000	66.185000	103.000000
E_7-8	ARO:3001866	CTX-M-3	22	97.572727	87.872727	101.000000
E_7-8	ARO:3001867	CTX-M-4	17	61.247059	61.017647	103.000000
E_7-8	ARO:3001868	CTX-M-5	14	62.114286	60.107143	88.200000
E_7-8	ARO:3001869	CTX-M-6	15	65.253333	65.493333	103.000000
E_7-8	ARO:3001870	CTX-M-7	20	61.855000	61.910000	103.000000
E_7-8	ARO:3001871	CTX-M-8	26	52.150000	50.780769	61.600000
E_7-8	ARO:3001872	CTX-M-9	43	57.400000	54.795349	72.400000
E_7-8	ARO:3001873	CTX-M-10	10	60.170000	53.340000	101.000000
E_7-8	ARO:3001874	CTX-M-11	32	75.421875	69.384375	101.000000
E_7-8	ARO:3001875	CTX-M-12	2	78.000000	82.650000	101.000000
E_7-8	ARO:3001876	CTX-M-13	8	55.762500	53.962500	65.900000
E_7-8	ARO:3001877	CTX-M-14	26	56.726923	54.288462	67.000000
E_7-8	ARO:3001878	CTX-M-15	8	100.000000	102.750000	105.000000
E_7-8	ARO:3001879	CTX-M-16	7	54.914286	58.585714	63.200000
E_7-8	ARO:3001881	CTX-M-19	53	54.949057	53.741509	73.200000
E_7-8	ARO:3001882	CTX-M-20	31	61.029032	62.574194	102.000000
E_7-8	ARO:3001883	CTX-M-21	11	58.245455	53.636364	58.500000
E_7-8	ARO:3001884	CTX-M-22	22	95.586364	85.631818	101.000000
E_7-8	ARO:3001885	CTX-M-23	4	66.150000	67.900000	101.000000
E_7-8	ARO:3001886	CTX-M-24	59	56.754237	55.498305	73.200000
E_7-8	ARO:3001887	CTX-M-25	29	59.910345	61.279310	89.700000
E_7-8	ARO:3001888	CTX-M-26	31	54.438710	55.125806	79.700000
E_7-8	ARO:3001889	CTX-M-27	16	60.756250	63.950000	80.100000
E_7-8	ARO:3001890	CTX-M-28	28	94.485714	87.296429	105.000000
E_7-8	ARO:3001891	CTX-M-29	7	100.000000	102.571429	105.000000
E_7-8	ARO:3001892	CTX-M-30	30	78.973333	73.136667	101.000000
E_7-8	ARO:3001893	CTX-M-31	29	61.134483	63.820690	103.000000
E_7-8	ARO:3001894	CTX-M-32	11	83.263636	83.272727	105.000000
E_7-8	ARO:3001895	CTX-M-33	36	83.463889	76.130556	105.000000
E_7-8	ARO:3001896	CTX-M-34	31	78.477419	70.670968	101.000000
E_7-8	ARO:3001897	CTX-M-35	22	59.563636	62.795455	103.000000
E_7-8	ARO:3001898	CTX-M-36	30	76.876667	67.776667	101.000000
E_7-8	ARO:3001899	CTX-M-37	10	60.170000	53.420000	101.000000
E_7-8	ARO:3001900	CTX-M-38	82	56.150000	54.028049	72.400000
E_7-8	ARO:3001901	CTX-M-39	28	56.164286	56.217857	89.700000
E_7-8	ARO:3001902	CTX-M-40	22	55.650000	53.550000	85.100000
E_7-8	ARO:3001903	CTX-M-41	27	60.648148	62.151852	89.700000
E_7-8	ARO:3001904	CTX-M-42	34	81.079412	70.350000	101.000000
E_7-8	ARO:3001905	CTX-M-43	21	62.104762	63.409524	88.200000
E_7-8	ARO:3001906	CTX-M-44	20	63.795000	65.985000	101.000000
E_7-8	ARO:3001907	CTX-M-45	41	55.448780	51.882927	73.200000
E_7-8	ARO:3001908	CTX-M-46	2	51.550000	53.350000	57.800000
E_7-8	ARO:3001909	CTX-M-47	16	56.631250	58.662500	72.400000
E_7-8	ARO:3001910	CTX-M-48	30	56.926667	54.420000	68.900000
E_7-8	ARO:3001911	CTX-M-49	10	53.320000	56.460000	68.900000
E_7-8	ARO:3001912	CTX-M-50	37	54.235135	56.248649	73.200000
E_7-8	ARO:3001913	CTX-M-51	8	59.737500	60.750000	89.400000
E_7-8	ARO:3001914	CTX-M-52	14	89.657143	76.842857	101.000000
E_7-8	ARO:3001915	CTX-M-53	20	63.550000	59.425000	101.000000
E_7-8	ARO:3001916	CTX-M-54	22	93.600000	80.654545	101.000000
E_7-8	ARO:3001917	CTX-M-55	41	81.778049	74.775610	105.000000
E_7-8	ARO:3001918	CTX-M-56	33	61.084848	62.887879	102.000000
E_7-8	ARO:3001919	CTX-M-58	23	70.617391	59.200000	101.000000
E_7-8	ARO:3001920	CTX-M-59	17	62.923529	64.817647	103.000000
E_7-8	ARO:3001921	CTX-M-60	11	84.354545	83.981818	101.000000
E_7-8	ARO:3001922	CTX-M-61	17	86.341176	71.782353	101.000000
E_7-8	ARO:3001923	CTX-M-62	1	98.000000	101.000000	101.000000
E_7-8	ARO:3001924	CTX-M-63	20	56.100000	53.920000	85.100000
E_7-8	ARO:3001925	CTX-M-64	39	74.651282	69.530769	105.000000
E_7-8	ARO:3001926	CTX-M-65	28	59.139286	57.642857	89.400000
E_7-8	ARO:3001927	CTX-M-66	4	89.000000	87.850000	101.000000
E_7-8	ARO:3001928	CTX-M-67	16	54.725000	51.268750	58.200000
E_7-8	ARO:3001929	CTX-M-68	19	86.389474	76.447368	101.000000
E_7-8	ARO:3001930	CTX-M-69	40	72.335000	66.497500	102.000000
E_7-8	ARO:3001932	CTX-M-71	11	100.000000	92.690909	104.000000
E_7-8	ARO:3001933	CTX-M-72	2	79.200000	80.550000	101.000000
E_7-8	ARO:3001934	CTX-M-73	7	58.071429	53.757143	60.500000
E_7-8	ARO:3001935	CTX-M-74	18	63.733333	68.283333	103.000000
E_7-8	ARO:3001936	CTX-M-75	17	65.564706	67.082353	103.000000
E_7-8	ARO:3001937	CTX-M-76	26	62.342308	61.988462	103.000000
E_7-8	ARO:3001938	CTX-M-77	16	65.506250	65.887500	103.000000
E_7-8	ARO:3001939	CTX-M-78	27	55.870370	54.529630	68.600000
E_7-8	ARO:3001940	CTX-M-79	10	86.360000	87.090000	105.000000
E_7-8	ARO:3001941	CTX-M-80	17	97.411765	91.541176	101.000000
E_7-8	ARO:3001942	CTX-M-81	27	54.233333	52.444444	68.900000
E_7-8	ARO:3001943	CTX-M-82	57	74.782456	69.114035	105.000000
E_7-8	ARO:3001944	CTX-M-83	6	57.533333	51.366667	65.100000
E_7-8	ARO:3001945	CTX-M-84	14	53.407143	54.628571	64.700000
E_7-8	ARO:3001946	CTX-M-86	12	58.091667	53.275000	58.500000
E_7-8	ARO:3001947	CTX-M-87	23	56.930435	56.843478	89.400000
E_7-8	ARO:3001948	CTX-M-88	49	74.379592	68.200000	105.000000
E_7-8	ARO:3001949	CTX-M-89	23	54.365217	52.834783	70.100000
E_7-8	ARO:3001950	CTX-M-90	4	65.100000	66.625000	89.400000
E_7-8	ARO:3001951	CTX-M-91	28	56.007143	54.835714	87.800000
E_7-8	ARO:3001952	CTX-M-92	17	64.817647	67.488235	103.000000
E_7-8	ARO:3001953	CTX-M-93	29	59.517241	59.175862	80.100000
E_7-8	ARO:3001954	CTX-M-94	29	59.382759	60.841379	89.700000
E_7-8	ARO:3001955	CTX-M-95	13	63.438462	66.407692	103.000000
E_7-8	ARO:3001956	CTX-M-96	12	92.275000	90.050000	105.000000
E_7-8	ARO:3001957	CTX-M-98	34	59.929412	60.141176	89.400000
E_7-8	ARO:3001958	CTX-M-99	16	57.062500	53.562500	59.700000
E_7-8	ARO:3001959	CTX-M-100	28	59.871429	61.307143	89.700000
E_7-8	ARO:3001960	CTX-M-101	52	77.734615	71.265385	105.000000
E_7-8	ARO:3001961	CTX-M-102	56	56.655357	55.946429	80.100000
E_7-8	ARO:3001962	CTX-M-103	16	100.000000	91.743750	104.000000
E_7-8	ARO:3001965	CTX-M-105	36	56.319444	58.766667	89.400000
E_7-8	ARO:3001966	CTX-M-106	61	56.385246	54.224590	72.400000
E_7-8	ARO:3001967	CTX-M-107	40	73.807500	69.890000	102.000000
E_7-8	ARO:3001968	CTX-M-108	53	71.509434	69.460377	105.000000
E_7-8	ARO:3001969	CTX-M-109	55	70.767273	68.929091	105.000000
E_7-8	ARO:3001972	CTX-M-112	66	56.069697	54.768182	73.200000
E_7-8	ARO:3001973	CTX-M-113	14	58.114286	54.407143	67.000000
E_7-8	ARO:3001974	CTX-M-114	31	90.206452	82.270968	105.000000
E_7-8	ARO:3001975	CTX-M-115	25	62.412000	66.176000	103.000000
E_7-8	ARO:3001976	CTX-M-116	3	68.866667	69.100000	101.000000
E_7-8	ARO:3001977	CTX-M-117	42	84.330952	76.545238	105.000000
E_7-8	ARO:3001980	CTX-M-121	79	57.274684	56.072152	80.100000
E_7-8	ARO:3001981	CTX-M-122	39	58.538462	55.794872	72.800000
E_7-8	ARO:3001982	CTX-M-123	44	75.686364	70.440909	104.000000
E_7-8	ARO:3001983	CTX-M-124	28	60.853571	64.378571	103.000000
E_7-8	ARO:3001984	CTX-M-125	46	57.843478	55.860870	72.400000
E_7-8	ARO:3001985	CTX-M-126	42	55.688095	53.733333	73.200000
E_7-8	ARO:3001986	CTX-M-127	5	100.000000	102.600000	104.000000
E_7-8	ARO:3001988	CTX-M-129	20	56.395000	60.050000	80.100000
E_7-8	ARO:3001989	CTX-M-130	69	56.676812	54.978261	73.200000
E_7-8	ARO:3001990	CTX-M-131	30	59.273333	61.190000	88.200000
E_7-8	ARO:3001991	CTX-M-132	34	78.682353	74.267647	105.000000
E_7-8	ARO:3001992	CTX-M-134	3	50.033333	53.666667	58.500000
E_7-8	ARO:3001994	CTX-M-137	59	64.342373	61.449153	105.000000
E_7-8	ARO:3001995	CTX-M-136	3	68.866667	69.100000	101.000000
E_7-8	ARO:3001996	CTX-M-138	2	54.300000	53.150000	53.900000
E_7-8	ARO:3001997	CTX-M-139	32	89.675000	84.371875	105.000000
E_7-8	ARO:3001998	CTX-M-140	7	50.457143	48.185714	57.800000
E_7-8	ARO:3001999	CTX-M-141	46	57.606522	62.373913	103.000000
E_7-8	ARO:3002000	CTX-M-142	36	85.961111	81.150000	105.000000
E_7-8	ARO:3002001	CTX-M-143	4	100.000000	102.750000	104.000000
E_7-8	ARO:3002002	CTX-M-144	15	79.073333	80.760000	105.000000
E_7-8	ARO:3002004	CTX-M-146	2	54.300000	53.150000	53.900000
E_7-8	ARO:3002005	CTX-M-147	25	56.544000	55.668000	89.400000
E_7-8	ARO:3002006	CTX-M-148	4	55.875000	56.525000	59.700000
E_7-8	ARO:3002007	CTX-M-150	1	100.000000	104.000000	104.000000
E_7-8	ARO:3002008	CTX-M-151	123	58.128455	56.247967	77.400000
E_7-8	ARO:3002009	CTX-M-152	21	52.723810	50.595238	84.300000
E_7-8	ARO:3002010	CTX-M-153	29	61.596552	63.548276	104.000000
E_7-8	ARO:3002011	CTX-M-154	9	64.344444	54.977778	104.000000
E_7-8	ARO:3002012	CMY-1	427	72.877752	72.566511	104.000000
E_7-8	ARO:3002013	CMY-2	100	97.093000	95.842000	112.000000
E_7-8	ARO:3002015	CMY-4	129	93.773643	93.468992	112.000000
E_7-8	ARO:3002016	CMY-5	1	100.000000	109.000000	109.000000
E_7-8	ARO:3002017	CMY-6	13	98.130769	101.000000	107.000000
E_7-8	ARO:3002018	CMY-7	3	59.066667	61.466667	109.000000
E_7-8	ARO:3002019	CMY-8	345	69.688116	68.800000	104.000000
E_7-8	ARO:3002020	CMY-9	349	70.388825	70.046991	104.000000
E_7-8	ARO:3002021	CMY-10	414	72.298068	71.928744	104.000000
E_7-8	ARO:3002022	CMY-11	370	72.378919	72.118378	104.000000
E_7-8	ARO:3002023	CMY-12	22	74.440909	69.368182	108.000000
E_7-8	ARO:3002024	CMY-13	57	93.766667	95.203509	109.000000
E_7-8	ARO:3002025	CMY-14	50	92.040000	97.836000	112.000000
E_7-8	ARO:3002026	CMY-15	20	77.795000	72.455000	108.000000
E_7-8	ARO:3002027	CMY-16	8	84.975000	89.250000	108.000000
E_7-8	ARO:3002028	CMY-17	27	99.474074	105.037037	112.000000
E_7-8	ARO:3002030	CMY-19	295	69.593559	69.437966	104.000000
E_7-8	ARO:3002031	CMY-20	124	88.520968	90.904032	109.000000
E_7-8	ARO:3002032	CMY-21	111	90.355856	89.383784	112.000000
E_7-8	ARO:3002033	CMY-22	1	100.000000	109.000000	109.000000
E_7-8	ARO:3002034	CMY-23	34	98.685294	105.414706	112.000000
E_7-8	ARO:3002035	CMY-24	72	96.486111	96.548611	112.000000
E_7-8	ARO:3002036	CMY-25	117	94.473504	92.740171	110.000000
E_7-8	ARO:3002037	CMY-26	8	62.000000	66.862500	85.100000
E_7-8	ARO:3002038	CMY-27	82	96.814634	96.352439	112.000000
E_7-8	ARO:3002039	CMY-28	104	91.612500	91.280769	112.000000
E_7-8	ARO:3002040	CMY-29	88	96.645455	93.413636	109.000000
E_7-8	ARO:3002041	CMY-30	1	100.000000	107.000000	107.000000
E_7-8	ARO:3002043	CMY-32	59	95.711864	100.606780	112.000000
E_7-8	ARO:3002044	CMY-33	136	89.638971	89.264706	112.000000
E_7-8	ARO:3002045	CMY-34	8	80.000000	89.500000	109.000000
E_7-8	ARO:3002046	CMY-35	101	93.702970	92.451485	112.000000
E_7-8	ARO:3002048	CMY-37	4	64.300000	64.225000	85.900000
E_7-8	ARO:3002049	CMY-38	20	77.290000	72.005000	107.000000
E_7-8	ARO:3002050	CMY-39	61	86.863934	88.490164	106.000000
E_7-8	ARO:3002051	CMY-40	41	89.785366	84.790244	106.000000
E_7-8	ARO:3002052	CMY-41	12	78.600000	73.191667	105.000000
E_7-8	ARO:3002053	CMY-42	138	89.913768	89.835507	112.000000
E_7-8	ARO:3002054	CMY-43	79	95.321519	94.546835	112.000000
E_7-8	ARO:3002055	CMY-44	134	89.167910	88.747761	112.000000
E_7-8	ARO:3002056	CMY-45	11	88.327273	91.036364	108.000000
E_7-8	ARO:3002057	CMY-46	8	75.675000	84.837500	94.400000
E_7-8	ARO:3002058	CMY-47	85	50.547059	60.690588	93.600000
E_7-8	ARO:3002059	CMY-48	64	86.785938	88.521875	107.000000
E_7-8	ARO:3002060	CMY-49	11	78.463636	84.227273	103.000000
E_7-8	ARO:3002061	CMY-50	8	79.512500	84.062500	105.000000
E_7-8	ARO:3002062	CMY-51	55	75.210909	76.178182	105.000000
E_7-8	ARO:3002064	CMY-53	5	78.940000	76.700000	109.000000
E_7-8	ARO:3002066	CMY-55	137	87.021898	86.367153	112.000000
E_7-8	ARO:3002067	CMY-56	126	91.434127	90.914286	112.000000
E_7-8	ARO:3002068	CMY-57	1	55.300000	54.300000	54.300000
E_7-8	ARO:3002069	CMY-59	19	95.610526	73.147368	101.000000
E_7-8	ARO:3002070	CMY-99	8	84.975000	89.250000	108.000000
E_7-8	ARO:3002071	CMY-110	51	89.511765	89.929412	107.000000
E_7-8	ARO:3002072	CMY-58	50	96.898000	101.790000	112.000000
E_7-8	ARO:3002073	CMY-60	111	90.314414	88.980180	112.000000
E_7-8	ARO:3002074	CMY-61	146	88.531507	91.623973	112.000000
E_7-8	ARO:3002075	CMY-62	6	98.633333	98.666667	109.000000
E_7-8	ARO:3002076	CMY-63	14	76.292857	81.314286	105.000000
E_7-8	ARO:3002077	CMY-64	9	74.355556	81.611111	94.400000
E_7-8	ARO:3002078	CMY-65	102	68.250000	73.995098	107.000000
E_7-8	ARO:3002079	CMY-66	19	67.589474	63.605263	102.000000
E_7-8	ARO:3002080	CMY-67	7	64.300000	63.528571	93.600000
E_7-8	ARO:3002081	CMY-68	87	50.358621	60.542529	102.000000
E_7-8	ARO:3002082	CMY-69	47	98.831915	103.270213	112.000000
E_7-8	ARO:3002083	CMY-70	56	74.737500	74.871429	105.000000
E_7-8	ARO:3002084	CMY-71	36	87.019444	91.483333	106.000000
E_7-8	ARO:3002085	CMY-72	45	48.315556	57.637778	106.000000
E_7-8	ARO:3002086	CMY-73	21	49.209524	46.876190	103.000000
E_7-8	ARO:3002087	CMY-74	18	62.005556	68.116667	92.000000
E_7-8	ARO:3002088	CMY-75	60	54.303333	63.550000	105.000000
E_7-8	ARO:3002089	CMY-76	3	49.766667	55.166667	84.700000
E_7-8	ARO:3002090	CMY-77	12	83.783333	91.475000	106.000000
E_7-8	ARO:3002091	CMY-78	2	98.800000	96.150000	106.000000
E_7-8	ARO:3002092	CMY-79	59	82.437288	84.532203	107.000000
E_7-8	ARO:3002093	CMY-80	21	72.504762	76.790476	106.000000
E_7-8	ARO:3002094	CMY-81	42	47.119048	54.330952	102.000000
E_7-8	ARO:3002095	CMY-82	17	61.052941	66.288235	92.000000
E_7-8	ARO:3002096	CMY-83	36	75.286111	75.519444	105.000000
E_7-8	ARO:3002097	CMY-84	8	78.512500	83.537500	105.000000
E_7-8	ARO:3002098	CMY-85	44	94.404545	94.115909	107.000000
E_7-8	ARO:3002099	CMY-86	11	82.309091	90.336364	106.000000
E_7-8	ARO:3002100	CMY-87	17	62.000000	63.947059	95.500000
E_7-8	ARO:3002102	CMY-89	52	50.457692	59.773077	92.800000
E_7-8	ARO:3002103	CMY-90	8	74.450000	64.887500	106.000000
E_7-8	ARO:3002106	CMY-93	17	61.394118	66.741176	92.000000
E_7-8	ARO:3002107	CMY-94	13	95.215385	96.930769	109.000000
E_7-8	ARO:3002108	CMY-95	100	93.353000	92.263000	112.000000
E_7-8	ARO:3002109	CMY-96	7	76.514286	81.757143	94.400000
E_7-8	ARO:3002110	CMY-97	3	58.400000	60.266667	103.000000
E_7-8	ARO:3002111	CMY-98	58	66.050000	68.560345	103.000000
E_7-8	ARO:3002112	CMY-100	45	74.904444	73.864444	105.000000
E_7-8	ARO:3002113	CMY-101	17	61.417647	67.035294	92.000000
E_7-8	ARO:3002114	CMY-102	28	93.632143	98.607143	109.000000
E_7-8	ARO:3002115	CMY-103	8	80.750000	82.612500	105.000000
E_7-8	ARO:3002116	CMY-104	76	70.022368	70.206579	106.000000
E_7-8	ARO:3002117	CMY-105	148	65.547297	71.898649	107.000000
E_7-8	ARO:3002118	CMY-106	15	75.213333	83.026667	103.000000
E_7-8	ARO:3002120	CMY-108	8	75.675000	84.837500	94.400000
E_7-8	ARO:3002121	CMY-109	9	63.477778	63.933333	105.000000
E_7-8	ARO:3002123	CMY-112	8	86.075000	89.100000	105.000000
E_7-8	ARO:3002124	CMY-113	57	53.764912	58.900000	102.000000
E_7-8	ARO:3002125	CMY-114	122	71.295082	72.699180	107.000000
E_7-8	ARO:3002126	CMY-115	12	68.308333	66.975000	105.000000
E_7-8	ARO:3002127	CMY-116	32	88.118750	81.471875	106.000000
E_7-8	ARO:3002128	CMY-117	9	77.111111	68.155556	105.000000
E_7-8	ARO:3002129	CMY-118	71	88.684507	85.436620	107.000000
E_7-8	ARO:3002130	CMY-119	21	73.271429	82.076190	103.000000
E_7-8	ARO:3002132	DHA-1	213	60.332864	60.751643	107.000000
E_7-8	ARO:3002133	DHA-2	257	59.477043	59.782879	107.000000
E_7-8	ARO:3002134	DHA-3	116	61.156897	58.524138	107.000000
E_7-8	ARO:3002135	DHA-6	175	58.992571	59.054286	107.000000
E_7-8	ARO:3002136	DHA-7	195	56.490256	56.832821	104.000000
E_7-8	ARO:3002137	DHA-4	85	65.996471	64.050588	107.000000
E_7-8	ARO:3002138	DHA-5	140	61.219286	61.374286	107.000000
E_7-8	ARO:3002140	DHA-9	107	59.514019	58.628972	107.000000
E_7-8	ARO:3002141	DHA-10	215	57.584186	59.330698	107.000000
E_7-8	ARO:3002143	DHA-12	269	58.035316	57.815613	104.000000
E_7-8	ARO:3002144	DHA-13	238	58.750000	59.560504	107.000000
E_7-8	ARO:3002145	DHA-14	133	61.333083	59.693985	107.000000
E_7-8	ARO:3002146	DHA-15	181	61.601105	59.791713	107.000000
E_7-8	ARO:3002147	DHA-16	161	59.793168	58.110559	107.000000
E_7-8	ARO:3002148	DHA-17	220	60.614091	61.070455	107.000000
E_7-8	ARO:3002149	DHA-18	192	57.818750	58.769271	107.000000
E_7-8	ARO:3002150	DHA-19	291	58.146048	58.863230	107.000000
E_7-8	ARO:3002151	DHA-20	157	59.087261	58.907643	107.000000
E_7-8	ARO:3002152	DHA-21	203	58.581773	58.735468	107.000000
E_7-8	ARO:3002153	DHA-22	184	59.235870	59.839130	107.000000
E_7-8	ARO:3002154	DHA-23	113	61.971681	59.691150	107.000000
E_7-8	ARO:3002155	FOX-1	99	67.600000	64.517172	105.000000
E_7-8	ARO:3002156	FOX-2	95	65.326316	63.857895	103.000000
E_7-8	ARO:3002157	FOX-3	80	67.110000	62.276250	103.000000
E_7-8	ARO:3002158	FOX-4	87	66.827586	64.911494	103.000000
E_7-8	ARO:3002159	FOX-5	74	67.264865	64.420270	106.000000
E_7-8	ARO:3002160	FOX-7	95	67.580000	64.832632	105.000000
E_7-8	ARO:3002161	FOX-8	73	66.004110	62.906849	103.000000
E_7-8	ARO:3002162	FOX-10	84	66.785714	62.125000	106.000000
E_7-8	ARO:3002163	FOX-9	70	68.382857	64.654286	103.000000
E_7-8	ARO:3002165	FOX-12	103	66.763107	63.572816	105.000000
E_7-8	ARO:3002166	MIR-1	24	76.204167	68.941667	106.000000
E_7-8	ARO:3002167	MIR-4	33	75.481818	74.093939	108.000000
E_7-8	ARO:3002168	MIR-2	69	70.185507	68.085507	107.000000
E_7-8	ARO:3002169	MIR-3	65	69.269231	69.426154	108.000000
E_7-8	ARO:3002170	MIR-5	61	70.178689	70.226230	107.000000
E_7-8	ARO:3002171	MIR-6	37	74.997297	76.302703	107.000000
E_7-8	ARO:3002172	MIR-7	15	84.160000	76.686667	107.000000
E_7-8	ARO:3002174	MIR-9	46	73.558696	72.758696	107.000000
E_7-8	ARO:3002175	MIR-10	31	79.700000	76.958065	107.000000
E_7-8	ARO:3002176	MIR-11	30	79.190000	78.220000	107.000000
E_7-8	ARO:3002177	MIR-12	47	73.791489	72.989362	107.000000
E_7-8	ARO:3002178	MIR-13	34	72.979412	69.641176	107.000000
E_7-8	ARO:3002179	MIR-14	13	80.353846	64.907692	95.500000
E_7-8	ARO:3002180	MIR-15	47	73.704255	72.995745	107.000000
E_7-8	ARO:3002181	MIR-16	63	69.525397	69.506349	107.000000
E_7-8	ARO:3002182	MOX-1	321	69.265732	68.904050	104.000000
E_7-8	ARO:3002183	MOX-2	365	77.243562	75.814795	107.000000
E_7-8	ARO:3002184	MOX-4	360	77.556667	76.210000	107.000000
E_7-8	ARO:3002185	MOX-6	201	87.226368	87.392537	110.000000
E_7-8	ARO:3002186	MOX-3	380	76.392105	75.170263	106.000000
E_7-8	ARO:3002188	MOX-5	189	91.042328	87.532275	107.000000
E_7-8	ARO:3002189	MOX-7	241	83.909129	81.226556	108.000000
E_7-8	ARO:3002190	MOX-8	306	82.851961	80.926471	107.000000
E_7-8	ARO:3002191	MOX-9	179	64.196648	65.683240	110.000000
E_7-8	ARO:3002192	IMP-1	45	73.444444	69.177778	116.000000
E_7-8	ARO:3002193	IMP-2	17	58.117647	59.858824	111.000000
E_7-8	ARO:3002194	IMP-3	41	74.360976	71.117073	116.000000
E_7-8	ARO:3002195	IMP-4	34	57.073529	56.226471	114.000000
E_7-8	ARO:3002196	IMP-5	31	64.093548	58.212903	105.000000
E_7-8	ARO:3002197	IMP-6	44	73.125000	69.263636	116.000000
E_7-8	ARO:3002198	IMP-7	10	61.720000	59.960000	95.500000
E_7-8	ARO:3002199	IMP-8	12	64.691667	68.616667	111.000000
E_7-8	ARO:3002200	IMP-9	16	48.100000	48.856250	86.700000
E_7-8	ARO:3002201	IMP-10	43	74.772093	70.353488	116.000000
E_7-8	ARO:3002202	IMP-11	17	60.341176	57.764706	96.700000
E_7-8	ARO:3002203	IMP-12	16	68.031250	66.750000	101.000000
E_7-8	ARO:3002204	IMP-13	16	48.887500	49.393750	77.000000
E_7-8	ARO:3002205	IMP-14	19	48.215789	49.915789	114.000000
E_7-8	ARO:3002206	IMP-15	22	56.131818	51.359091	105.000000
E_7-8	ARO:3002207	IMP-16	12	62.966667	58.158333	94.400000
E_7-8	ARO:3002208	IMP-17	4	51.700000	52.575000	67.400000
E_7-8	ARO:3002209	IMP-18	14	58.000000	60.857143	111.000000
E_7-8	ARO:3002210	IMP-19	14	63.328571	64.435714	111.000000
E_7-8	ARO:3002211	IMP-20	11	63.209091	68.490909	111.000000
E_7-8	ARO:3002212	IMP-21	17	60.341176	57.670588	95.100000
E_7-8	ARO:3002213	IMP-22	9	64.177778	60.300000	95.900000
E_7-8	ARO:3002214	IMP-23	7	70.142857	79.514286	111.000000
E_7-8	ARO:3002215	IMP-24	11	63.209091	68.554545	111.000000
E_7-8	ARO:3002216	IMP-25	37	77.905405	71.908108	114.000000
E_7-8	ARO:3002217	IMP-26	37	57.718919	57.275676	114.000000
E_7-8	ARO:3002218	IMP-27	7	60.071429	56.557143	64.300000
E_7-8	ARO:3002219	IMP-28	19	46.415789	48.578947	97.100000
E_7-8	ARO:3002220	IMP-29	20	65.305000	60.795000	105.000000
E_7-8	ARO:3002221	IMP-30	44	73.829545	69.684091	116.000000
E_7-8	ARO:3002222	IMP-31	24	53.320833	54.945833	117.000000
E_7-8	ARO:3002223	IMP-32	18	47.188889	49.138889	114.000000
E_7-8	ARO:3002224	IMP-33	24	53.370833	51.075000	94.700000
E_7-8	ARO:3002225	IMP-34	45	73.235556	69.122222	116.000000
E_7-8	ARO:3002226	IMP-35	20	53.715000	56.700000	117.000000
E_7-8	ARO:3002228	IMP-37	14	47.085714	50.678571	77.000000
E_7-8	ARO:3002229	IMP-38	30	53.590000	53.430000	114.000000
E_7-8	ARO:3002230	IMP-39	3	49.233333	52.100000	63.500000
E_7-8	ARO:3002231	IMP-40	37	74.924324	70.897297	116.000000
E_7-8	ARO:3002232	IMP-41	17	60.341176	57.694118	95.500000
E_7-8	ARO:3002233	IMP-42	42	68.866667	63.880952	116.000000
E_7-8	ARO:3002234	IMP-43	15	60.720000	56.400000	94.400000
E_7-8	ARO:3002235	IMP-44	15	56.933333	52.906667	85.500000
E_7-8	ARO:3002236	IMP-45	15	43.480000	43.640000	69.700000
E_7-8	ARO:3002237	IMP-46	20	49.615000	50.720000	114.000000
E_7-8	ARO:3002239	IMP-48	21	50.085714	49.933333	114.000000
E_7-8	ARO:3002240	CARB-1	149	64.750336	67.205369	110.000000
E_7-8	ARO:3002241	CARB-2	156	65.064744	66.082692	110.000000
E_7-8	ARO:3002242	CARB-3	97	71.114433	70.621649	110.000000
E_7-8	ARO:3002243	CARB-4	171	64.461988	66.921053	103.000000
E_7-8	ARO:3002244	CARB-5	482	59.842531	63.713278	108.000000
E_7-8	ARO:3002245	CARB-6	128	66.153125	66.074219	110.000000
E_7-8	ARO:3002246	CARB-7	301	56.739535	60.705980	97.400000
E_7-8	ARO:3002247	CARB-8	473	59.925581	63.816913	108.000000
E_7-8	ARO:3002248	CARB-9	304	56.746382	60.797368	99.000000
E_7-8	ARO:3002249	CARB-10	472	59.794703	63.698517	108.000000
E_7-8	ARO:3002250	CARB-12	152	64.465132	65.824342	110.000000
E_7-8	ARO:3002252	CARB-14	479	59.840084	63.718372	108.000000
E_7-8	ARO:3002254	CARB-17	153	62.771895	61.213072	73.900000
E_7-8	ARO:3002255	CARB-16	477	59.868973	63.757023	108.000000
E_7-8	ARO:3002256	IND-1	8	50.737500	57.762500	75.900000
E_7-8	ARO:3002257	IND-2	19	48.421053	57.005263	78.600000
E_7-8	ARO:3002258	IND-2a	18	48.711111	57.561111	78.600000
E_7-8	ARO:3002259	IND-3	7	52.828571	58.757143	79.000000
E_7-8	ARO:3002260	IND-4	86	46.172093	48.750000	80.500000
E_7-8	ARO:3002261	IND-5	10	47.160000	53.770000	77.400000
E_7-8	ARO:3002262	IND-6	8	51.325000	60.612500	73.900000
E_7-8	ARO:3002263	IND-7	8	50.987500	57.962500	75.900000
E_7-8	ARO:3002264	IND-8	8	50.112500	56.362500	75.100000
E_7-8	ARO:3002265	IND-9	7	51.385714	59.700000	77.800000
E_7-8	ARO:3002266	IND-10	7	50.528571	57.871429	72.800000
E_7-8	ARO:3002267	IND-11	18	48.744444	57.550000	78.600000
E_7-8	ARO:3002268	IND-12	18	48.588889	57.522222	78.600000
E_7-8	ARO:3002269	IND-14	7	52.542857	58.585714	77.800000
E_7-8	ARO:3002270	IND-15	17	47.276471	55.211765	78.600000
E_7-8	ARO:3002271	VIM-1	16	50.550000	55.431250	70.900000
E_7-8	ARO:3002272	VIM-2	5	52.600000	49.280000	53.500000
E_7-8	ARO:3002273	VIM-3	5	50.520000	49.660000	53.900000
E_7-8	ARO:3002274	VIM-4	6	51.933333	47.416667	61.200000
E_7-8	ARO:3002275	VIM-5	2	47.750000	47.950000	54.300000
E_7-8	ARO:3002276	VIM-6	7	53.128571	49.342857	55.100000
E_7-8	ARO:3002277	VIM-7	19	52.373684	53.757895	67.800000
E_7-8	ARO:3002278	VIM-8	5	51.440000	47.880000	53.500000
E_7-8	ARO:3002279	VIM-9	2	49.700000	45.400000	48.100000
E_7-8	ARO:3002280	VIM-10	2	55.050000	46.200000	49.700000
E_7-8	ARO:3002281	VIM-11	3	51.300000	46.833333	49.700000
E_7-8	ARO:3002282	VIM-12	16	49.856250	53.743750	70.900000
E_7-8	ARO:3002283	VIM-13	5	53.960000	45.580000	63.500000
E_7-8	ARO:3002284	VIM-14	5	51.420000	46.960000	61.200000
E_7-8	ARO:3002285	VIM-15	3	52.266667	51.066667	62.400000
E_7-8	ARO:3002286	VIM-16	6	53.133333	49.350000	55.800000
E_7-8	ARO:3002287	VIM-17	6	51.950000	48.183333	53.500000
E_7-8	ARO:3002288	VIM-18	7	53.128571	49.342857	55.100000
E_7-8	ARO:3002289	VIM-19	10	52.250000	51.750000	72.000000
E_7-8	ARO:3002290	VIM-20	14	49.378571	53.950000	65.500000
E_7-8	ARO:3002293	VIM-23	11	50.636364	54.327273	62.000000
E_7-8	ARO:3002294	VIM-24	3	51.300000	46.833333	49.700000
E_7-8	ARO:3002295	VIM-25	1	32.600000	43.100000	43.100000
E_7-8	ARO:3002296	VIM-26	13	52.776923	54.830769	67.400000
E_7-8	ARO:3002297	VIM-27	21	51.276190	53.876190	70.900000
E_7-8	ARO:3002298	VIM-28	5	54.400000	49.360000	61.200000
E_7-8	ARO:3002299	VIM-29	27	50.881481	56.296296	76.300000
E_7-8	ARO:3002300	VIM-30	5	52.600000	49.280000	53.500000
E_7-8	ARO:3002301	VIM-31	14	49.378571	54.085714	65.500000
E_7-8	ARO:3002302	VIM-32	15	50.286667	55.813333	70.900000
E_7-8	ARO:3002303	VIM-33	15	52.260000	57.226667	72.000000
E_7-8	ARO:3002304	VIM-34	19	50.636842	54.052632	70.900000
E_7-8	ARO:3002305	VIM-35	10	51.720000	53.840000	67.800000
E_7-8	ARO:3002306	VIM-36	6	52.900000	49.283333	55.100000
E_7-8	ARO:3002307	VIM-37	12	52.466667	49.475000	61.200000
E_7-8	ARO:3002308	VIM-38	5	51.540000	52.220000	59.300000
E_7-8	ARO:3002309	VIM-39	10	52.700000	56.570000	67.400000
E_7-8	ARO:3002310	VIM-40	5	51.420000	46.960000	61.200000
E_7-8	ARO:3002313	KPC-3	4	87.250000	87.100000	100.000000
E_7-8	ARO:3002314	KPC-4	10	76.940000	80.130000	100.000000
E_7-8	ARO:3002315	KPC-5	6	91.500000	91.050000	102.000000
E_7-8	ARO:3002316	KPC-6	5	81.460000	81.920000	100.000000
E_7-8	ARO:3002317	KPC-7	6	77.633333	78.533333	100.000000
E_7-8	ARO:3002318	KPC-8	10	73.820000	78.280000	100.000000
E_7-8	ARO:3002319	KPC-9	48	60.281250	60.975000	102.000000
E_7-8	ARO:3002320	KPC-10	10	74.870000	79.710000	100.000000
E_7-8	ARO:3002321	KPC-11	8	84.625000	86.487500	102.000000
E_7-8	ARO:3002322	KPC-12	2	100.000000	98.950000	102.000000
E_7-8	ARO:3002323	KPC-13	5	80.360000	80.920000	100.000000
E_7-8	ARO:3002324	KPC-14	36	64.644444	64.872222	102.000000
E_7-8	ARO:3002325	KPC-15	7	67.885714	64.371429	99.400000
E_7-8	ARO:3002326	KPC-16	17	60.741176	62.900000	102.000000
E_7-8	ARO:3002327	KPC-17	21	47.457143	52.385714	102.000000
E_7-8	ARO:3002328	KPC-18	3	94.566667	94.733333	102.000000
E_7-8	ARO:3002329	KPC-19	5	82.200000	83.620000	100.000000
E_7-8	ARO:3002330	GES-1	584	93.831849	88.168664	112.000000
E_7-8	ARO:3002331	GES-2	504	93.070635	86.251786	112.000000
E_7-8	ARO:3002332	GES-3	438	91.842237	84.107078	112.000000
E_7-8	ARO:3002333	GES-4	436	89.734404	81.834633	112.000000
E_7-8	ARO:3002334	GES-5	526	93.357414	86.936122	112.000000
E_7-8	ARO:3002335	GES-6	455	96.935824	89.210989	112.000000
E_7-8	ARO:3002336	GES-7	533	92.551032	86.114071	112.000000
E_7-8	ARO:3002337	GES-8	481	93.927651	87.312474	112.000000
E_7-8	ARO:3002338	GES-9	515	92.110874	84.988350	107.000000
E_7-8	ARO:3002339	GES-10	318	91.584906	88.243082	112.000000
E_7-8	ARO:3002340	GES-11	510	92.555882	85.361961	107.000000
E_7-8	ARO:3002341	GES-12	504	91.892659	84.543056	107.000000
E_7-8	ARO:3002342	GES-13	545	88.376881	82.117615	112.000000
E_7-8	ARO:3002343	GES-14	577	90.697574	84.410745	107.000000
E_7-8	ARO:3002344	GES-15	441	96.367120	88.448753	112.000000
E_7-8	ARO:3002345	GES-16	435	92.182759	85.550575	112.000000
E_7-8	ARO:3002346	GES-17	455	91.300220	82.966154	108.000000
E_7-8	ARO:3002347	GES-18	424	95.366745	86.715802	112.000000
E_7-8	ARO:3002348	GES-19	333	97.192793	92.143844	107.000000
E_7-8	ARO:3002349	GES-20	496	91.641935	89.206653	112.000000
E_7-8	ARO:3002350	GES-21	572	90.628671	84.332867	112.000000
E_7-8	ARO:3002351	GES-22	538	90.538104	83.884944	107.000000
E_7-8	ARO:3002352	GES-23	463	93.743197	86.772354	112.000000
E_7-8	ARO:3002353	GES-24	405	94.230864	85.692346	112.000000
E_7-8	ARO:3002354	NDM-3	1	100.000000	64.300000	64.300000
E_7-8	ARO:3002355	NDM-4	2	73.950000	63.150000	64.300000
E_7-8	ARO:3002356	NDM-6	2	73.950000	63.150000	64.300000
E_7-8	ARO:3002357	NDM-7	2	73.950000	63.150000	64.300000
E_7-8	ARO:3002358	NDM-8	2	73.950000	63.150000	64.300000
E_7-8	ARO:3002359	NDM-9	2	73.950000	63.150000	64.300000
E_7-8	ARO:3002360	NDM-10	2	73.950000	63.350000	64.300000
E_7-8	ARO:3002361	NDM-11	2	73.950000	63.150000	64.300000
E_7-8	ARO:3002362	NDM-12	2	73.950000	63.150000	64.300000
E_7-8	ARO:3002363	PER-1	146	53.010274	53.949315	101.000000
E_7-8	ARO:3002364	PER-2	134	50.101493	50.813433	92.800000
E_7-8	ARO:3002365	PER-3	147	53.091156	54.635374	101.000000
E_7-8	ARO:3002366	PER-4	139	52.800000	53.410072	101.000000
E_7-8	ARO:3002367	PER-5	143	53.102797	54.061538	101.000000
E_7-8	ARO:3002368	PER-6	194	49.287113	49.842268	92.800000
E_7-8	ARO:3002369	PER-7	150	52.894000	53.706000	101.000000
E_7-8	ARO:3002370	VEB-1	2324	90.549828	87.523322	113.000000
E_7-8	ARO:3002371	VEB-2	2033	90.276931	88.642696	113.000000
E_7-8	ARO:3002372	VEB-3	2205	89.966757	86.695556	113.000000
E_7-8	ARO:3002373	VEB-4	1800	90.359778	88.044389	113.000000
E_7-8	ARO:3002374	VEB-6	1883	91.561232	86.966968	113.000000
E_7-8	ARO:3002375	VEB-5	1982	90.689001	89.890666	113.000000
E_7-8	ARO:3002376	VEB-7	1767	87.171817	87.104018	113.000000
E_7-8	ARO:3002377	VEB-8	1265	89.793676	87.393281	111.000000
E_7-8	ARO:3002378	VEB-9	2345	90.425032	87.260896	113.000000
E_7-8	ARO:3002379	SME-1	69	44.155072	47.013043	64.700000
E_7-8	ARO:3002380	SME-2	69	44.691304	47.565217	66.200000
E_7-8	ARO:3002381	SME-3	71	44.246479	47.209859	64.700000
E_7-8	ARO:3002382	SME-4	67	44.602985	47.489552	64.700000
E_7-8	ARO:3002383	SME-5	72	44.106944	46.990278	64.700000
E_7-8	ARO:3002385	BEL-1	97	57.171134	56.784536	97.400000
E_7-8	ARO:3002386	BEL-2	90	56.918889	56.368889	97.400000
E_7-8	ARO:3002387	BEL-3	86	56.939535	56.227907	97.400000
E_7-8	ARO:3002389	OXY-1-1	6	52.166667	56.933333	68.200000
E_7-8	ARO:3002390	OXY-1-2	8	55.025000	60.412500	82.800000
E_7-8	ARO:3002391	OXY-1-3	3	54.600000	62.000000	68.200000
E_7-8	ARO:3002392	OXY-1-4	24	56.879167	56.725000	93.600000
E_7-8	ARO:3002394	OXY-1-6	6	52.166667	56.933333	68.200000
E_7-8	ARO:3002396	OXY-2-1	16	55.262500	53.343750	66.600000
E_7-8	ARO:3002397	OXY-2-2	30	58.480000	57.700000	73.900000
E_7-8	ARO:3002398	OXY-2-3	24	60.900000	60.308333	73.900000
E_7-8	ARO:3002399	OXY-2-4	36	57.988889	57.966667	73.900000
E_7-8	ARO:3002400	OXY-2-5	35	56.217143	59.965714	73.900000
E_7-8	ARO:3002401	OXY-2-6	25	60.952000	59.564000	73.900000
E_7-8	ARO:3002402	OXY-2-7	29	59.172414	58.055172	73.900000
E_7-8	ARO:3002403	OXY-2-8	39	58.128205	58.028205	76.300000
E_7-8	ARO:3002404	OXY-2-9	57	56.966667	59.350877	73.900000
E_7-8	ARO:3002405	OXY-2-10	32	59.228125	57.775000	73.900000
E_7-8	ARO:3002406	OXY-2-11	31	59.732258	60.038710	76.300000
E_7-8	ARO:3002407	OXY-2-12	27	60.681481	58.633333	73.900000
E_7-8	ARO:3002408	OXY-2-13	9	56.544444	54.444444	65.900000
E_7-8	ARO:3002409	OXY-3-1	28	60.125000	59.185714	93.600000
E_7-8	ARO:3002410	OXY-4-1	12	60.033333	57.291667	68.200000
E_7-8	ARO:3002411	OXY-5-1	17	53.752941	51.152941	68.200000
E_7-8	ARO:3002412	OXY-5-2	17	53.547059	50.158824	68.200000
E_7-8	ARO:3002413	OXY-6-1	5	59.300000	63.940000	68.200000
E_7-8	ARO:3002414	OXY-6-2	16	59.456250	58.450000	68.200000
E_7-8	ARO:3002415	OXY-6-3	4	58.500000	64.525000	68.200000
E_7-8	ARO:3002416	OXY-6-4	4	59.325000	64.425000	68.200000
E_7-8	ARO:3002418	OKP-A-1	38	61.015789	60.344737	77.400000
E_7-8	ARO:3002419	OKP-A-2	80	61.702500	61.776250	101.000000
E_7-8	ARO:3002420	OKP-A-3	66	62.650000	62.210606	99.800000
E_7-8	ARO:3002421	OKP-A-4	66	62.607576	62.834848	101.000000
E_7-8	ARO:3002422	OKP-A-5	54	62.168519	61.674074	77.400000
E_7-8	ARO:3002423	OKP-A-6	66	59.875758	59.468182	69.700000
E_7-8	ARO:3002424	OKP-A-7	71	62.521127	63.056338	99.800000
E_7-8	ARO:3002425	OKP-A-8	75	61.936000	61.962667	101.000000
E_7-8	ARO:3002426	OKP-A-9	74	62.417568	62.495946	99.800000
E_7-8	ARO:3002427	OKP-A-10	56	61.864286	62.337500	77.400000
E_7-8	ARO:3002428	OKP-A-11	80	62.271250	62.420000	101.000000
E_7-8	ARO:3002429	OKP-A-12	100	62.573000	62.817000	101.000000
E_7-8	ARO:3002430	OKP-A-13	77	61.944156	62.079221	101.000000
E_7-8	ARO:3002431	OKP-A-14	74	61.552703	61.906757	101.000000
E_7-8	ARO:3002432	OKP-A-15	102	62.152941	62.402941	101.000000
E_7-8	ARO:3002433	OKP-A-16	66	62.909091	63.116667	101.000000
E_7-8	ARO:3002434	OKP-B-1	20	70.165000	68.220000	99.800000
E_7-8	ARO:3002435	OKP-B-2	34	66.623529	66.147059	99.800000
E_7-8	ARO:3002436	OKP-B-3	32	65.337500	63.690625	101.000000
E_7-8	ARO:3002437	OKP-B-4	11	74.063636	68.118182	77.400000
E_7-8	ARO:3002438	OKP-B-5	39	61.676923	59.592308	100.000000
E_7-8	ARO:3002439	OKP-B-6	23	70.739130	68.947826	99.800000
E_7-8	ARO:3002440	OKP-B-7	14	69.321429	62.850000	101.000000
E_7-8	ARO:3002441	OKP-B-8	51	62.088235	60.870588	100.000000
E_7-8	ARO:3002442	OKP-B-9	25	70.284000	68.468000	99.800000
E_7-8	ARO:3002443	OKP-B-10	45	62.804444	60.935556	100.000000
E_7-8	ARO:3002444	OKP-B-11	14	67.285714	63.707143	101.000000
E_7-8	ARO:3002445	OKP-B-12	67	62.691045	63.746269	101.000000
E_7-8	ARO:3002446	OKP-B-13	45	61.780000	61.593333	100.000000
E_7-8	ARO:3002447	OKP-B-14	32	64.568750	65.115625	99.000000
E_7-8	ARO:3002450	OKP-B-17	9	75.733333	67.688889	77.400000
E_7-8	ARO:3002451	OKP-B-18	57	64.664912	63.714035	101.000000
E_7-8	ARO:3002452	OKP-B-19	42	61.997619	60.345238	100.000000
E_7-8	ARO:3002453	OKP-B-20	39	61.676923	59.592308	100.000000
E_7-8	ARO:3002454	LEN-1	20	72.305000	69.360000	105.000000
E_7-8	ARO:3002455	LEN-2	24	74.679167	72.508333	105.000000
E_7-8	ARO:3002456	LEN-5	21	74.190476	73.042857	105.000000
E_7-8	ARO:3002457	LEN-7	21	73.757143	72.871429	105.000000
E_7-8	ARO:3002458	LEN-8	13	68.253846	66.469231	105.000000
E_7-8	ARO:3002459	LEN-9	20	73.675000	71.655000	105.000000
E_7-8	ARO:3002460	LEN-10	27	72.207407	70.207407	105.000000
E_7-8	ARO:3002461	LEN-11	9	79.044444	74.866667	99.800000
E_7-8	ARO:3002462	LEN-12	19	71.715789	68.642105	99.800000
E_7-8	ARO:3002463	LEN-13	20	75.725000	72.665000	105.000000
E_7-8	ARO:3002464	LEN-16	27	72.255556	70.118519	105.000000
E_7-8	ARO:3002465	LEN-18	20	73.155000	72.050000	103.000000
E_7-8	ARO:3002466	LEN-19	22	73.418182	72.822727	105.000000
E_7-8	ARO:3002467	LEN-20	25	72.304000	70.152000	105.000000
E_7-8	ARO:3002468	LEN-21	21	69.161905	66.695238	99.800000
E_7-8	ARO:3002469	LEN-22	15	73.800000	70.440000	99.800000
E_7-8	ARO:3002470	LEN-23	28	71.496429	69.392857	105.000000
E_7-8	ARO:3002471	LEN-24	13	79.200000	76.261538	105.000000
E_7-8	ARO:3002472	LEN-4	32	68.906250	68.018750	105.000000
E_7-8	ARO:3002473	LEN-17	18	76.422222	75.838889	105.000000
E_7-8	ARO:3002474	LEN-26	13	62.800000	63.084615	103.000000
E_7-8	ARO:3002475	LEN-3	25	69.692000	68.108000	105.000000
E_7-8	ARO:3002476	LEN-6	46	62.210870	61.417391	100.000000
E_7-8	ARO:3002477	LEN-14	35	62.891429	61.828571	102.000000
E_7-8	ARO:3002478	LEN-15	24	67.300000	65.300000	99.800000
E_7-8	ARO:3002479	LEN-25	4	62.825000	51.525000	72.000000
E_7-8	ARO:3002480	OXA-144	7	74.128571	78.442857	104.000000
E_7-8	ARO:3002481	AER-1	1105	76.724887	75.364706	106.000000
E_7-8	ARO:3002482	LRA-1	109	55.058716	54.763303	85.500000
E_7-8	ARO:3002483	LRA-5	28	45.375000	41.914286	51.600000
E_7-8	ARO:3002484	LRA-13	486	52.718930	57.102675	81.600000
E_7-8	ARO:3002485	LRA-2	251	51.658167	47.024303	84.000000
E_7-8	ARO:3002486	LRA-7	40	51.012500	48.980000	67.000000
E_7-8	ARO:3002487	LRA-8	213	50.550235	48.528638	78.600000
E_7-8	ARO:3002488	LRA-9	42	50.269048	48.595238	67.000000
E_7-8	ARO:3002489	LRA-10	276	57.604348	57.133696	81.600000
E_7-8	ARO:3002492	LRA-18	296	56.217905	58.127027	75.500000
E_7-8	ARO:3002493	SRT-1	482	50.483402	49.787759	86.300000
E_7-8	ARO:3002494	SRT-2	530	50.946981	50.507170	87.000000
E_7-8	ARO:3002495	CTX-M-85	8	56.650000	52.812500	58.200000
E_7-8	ARO:3002496	OXA-418	28	64.889286	67.696429	97.400000
E_7-8	ARO:3002497	PDC-1	1	42.900000	37.700000	37.700000
E_7-8	ARO:3002498	PDC-2	2	48.000000	58.200000	58.200000
E_7-8	ARO:3002501	PDC-4	2	42.900000	39.500000	39.700000
E_7-8	ARO:3002502	PDC-5	10	56.630000	46.290000	67.800000
E_7-8	ARO:3002505	PDC-6	11	52.281818	43.200000	67.800000
E_7-8	ARO:3002506	PDC-7	3	56.066667	57.166667	58.200000
E_7-8	ARO:3002507	PDC-8	3	51.700000	59.200000	59.700000
E_7-8	ARO:3002508	PDC-9	4	54.425000	58.650000	75.500000
E_7-8	ARO:3002510	LRA-3	27	51.140741	50.140741	72.400000
E_7-8	ARO:3002511	LRA-12	64	52.810938	54.079688	87.000000
E_7-8	ARO:3002512	LRA-17	146	51.116438	50.745205	77.400000
E_7-8	ARO:3002513	LRA-19	129	54.994574	55.609302	82.000000
E_7-8	ARO:3002514	OCH-1	160	55.877500	55.141250	78.600000
E_7-8	ARO:3002515	OCH-2	200	56.919000	56.837000	79.000000
E_7-8	ARO:3002516	OCH-3	196	57.394388	58.841327	79.700000
E_7-8	ARO:3002517	OCH-4	123	57.594309	57.879675	79.000000
E_7-8	ARO:3002518	OCH-5	122	58.291803	58.358197	79.300000
E_7-8	ARO:3002519	OCH-6	173	57.201156	57.020809	79.000000
E_7-8	ARO:3002520	OCH-7	200	56.704500	56.502500	79.000000
E_7-8	ARO:3002521	OCH-8	138	57.068116	57.190580	79.000000
E_7-8	ARO:3002522	novA	40315	52.291569	51.292698	93.600000
E_7-8	ARO:3002523	AAC(2')-Ia	4	41.400000	41.300000	43.500000
E_7-8	ARO:3002524	AAC(2')-Ib	225	65.308000	66.591111	90.900000
E_7-8	ARO:3002525	AAC(2')-Ic	159	62.079245	65.815094	85.500000
E_7-8	ARO:3002526	AAC(2')-Id	160	58.224375	63.203125	78.600000
E_7-8	ARO:3002527	AAC(2')-Ie	128	64.524219	66.760938	82.800000
E_7-8	ARO:3002528	AAC(3)-Ia	71	66.916901	58.526761	74.300000
E_7-8	ARO:3002529	AAC(3)-Id	54	62.675926	58.911111	74.300000
E_7-8	ARO:3002530	AAC(3)-Ib	475	88.927158	46.444632	76.600000
E_7-8	ARO:3002531	AAC(3)-Ic	109	59.612844	54.708257	82.000000
E_7-8	ARO:3002533	AAC(3)-IIa	103	70.912621	68.192233	107.000000
E_7-8	ARO:3002534	AAC(3)-IIb	109	61.431193	60.139450	92.400000
E_7-8	ARO:3002535	AAC(3)-IIc	93	72.566667	70.131183	107.000000
E_7-8	ARO:3002536	AAC(3)-IIIa	69	50.118841	49.844928	69.300000
E_7-8	ARO:3002537	AAC(3)-IIIb	85	56.382353	54.394118	83.600000
E_7-8	ARO:3002538	AAC(3)-IIIc	75	58.568000	56.144000	87.800000
E_7-8	ARO:3002539	AAC(3)-IVa	107	60.779439	52.601869	107.000000
E_7-8	ARO:3002540	AAC(3)-VIa	47	51.061702	51.912766	110.000000
E_7-8	ARO:3002541	AAC(3)-VIIa	71	50.746479	48.176056	65.500000
E_7-8	ARO:3002542	AAC(3)-VIIIa	74	52.554054	49.718919	63.900000
E_7-8	ARO:3002543	AAC(3)-IXa	58	50.589655	50.274138	62.000000
E_7-8	ARO:3002544	AAC(3)-Xa	89	52.213483	48.885393	65.100000
E_7-8	ARO:3002545	AAC(6')-Ia	80	56.837500	55.195000	90.900000
E_7-8	ARO:3002546	AAC(6')-Ib	446	93.937668	91.593274	110.000000
E_7-8	ARO:3002547	AAC(6')-Ib-cr1	444	92.718018	89.628378	109.000000
E_7-8	ARO:3002549	AAC(6')-Ic	87	46.721839	46.089655	64.700000
E_7-8	ARO:3002553	AAC(6')-If	82	49.890244	48.631707	68.900000
E_7-8	ARO:3002554	AAC(6')-Ig	49	49.789796	47.912245	67.000000
E_7-8	ARO:3002555	AAC(6')-Ih	54	50.100000	50.355556	62.800000
E_7-8	ARO:3002556	AAC(6')-Ii	74	56.927027	56.744595	79.300000
E_7-8	ARO:3002557	AAC(6')-Ij	60	50.010000	49.396667	61.600000
E_7-8	ARO:3002558	AAC(6')-Ik	67	51.497015	49.859701	69.700000
E_7-8	ARO:3002559	AAC(6')-Ip	68	56.100000	56.125000	89.700000
E_7-8	ARO:3002560	AAC(6')-Iq	67	55.465672	57.002985	90.900000
E_7-8	ARO:3002561	AAC(6')-Ir	58	51.627586	49.250000	66.600000
E_7-8	ARO:3002562	AAC(6')-Is	64	50.385937	48.989062	62.800000
E_7-8	ARO:3002563	AAC(6')-Isa	53	59.500000	58.596226	79.000000
E_7-8	ARO:3002564	AAC(6')-It	63	51.255556	50.009524	64.700000
E_7-8	ARO:3002565	AAC(6')-Iu	66	50.680303	48.872727	64.300000
E_7-8	ARO:3002566	AAC(6')-Iv	60	49.740000	49.385000	61.200000
E_7-8	ARO:3002567	AAC(6')-Iw	59	50.947458	50.993220	67.000000
E_7-8	ARO:3002568	AAC(6')-Ix	64	49.714063	49.168750	65.500000
E_7-8	ARO:3002569	AAC(6')-Iy	85	53.340000	51.003529	70.500000
E_7-8	ARO:3002570	AAC(6')-Iz	75	47.370667	47.968000	61.200000
E_7-8	ARO:3002571	AAC(6')-Iaa	85	53.340000	51.003529	70.500000
E_7-8	ARO:3002572	AAC(6')-Iad	66	53.687879	52.521212	77.400000
E_7-8	ARO:3002573	AAC(6')-Iae	77	56.142857	56.500000	88.600000
E_7-8	ARO:3002574	AAC(6')-Iaf	68	54.979412	56.917647	96.300000
E_7-8	ARO:3002575	AAC(6')-Iai	62	56.479032	57.679032	84.000000
E_7-8	ARO:3002576	AAC(6')-Ib3	447	93.958389	91.361745	110.000000
E_7-8	ARO:3002577	AAC(6')-Ib4	447	94.246532	91.682774	110.000000
E_7-8	ARO:3002578	AAC(6')-Ib7	1571	96.105602	82.469001	110.000000
E_7-8	ARO:3002579	AAC(6')-Ib8	500	92.915000	88.116600	109.000000
E_7-8	ARO:3002580	AAC(6')-Ib9	459	94.343355	92.047059	110.000000
E_7-8	ARO:3002581	AAC(6')-Ib10	459	94.062745	91.734423	110.000000
E_7-8	ARO:3002582	AAC(6')-Ib11	443	93.143567	91.216479	110.000000
E_7-8	ARO:3002583	AAC(6')-29a	5	67.120000	64.080000	77.000000
E_7-8	ARO:3002584	AAC(6')-29b	4	67.575000	63.625000	77.000000
E_7-8	ARO:3002585	AAC(6')-31	315	82.455238	85.020952	105.000000
E_7-8	ARO:3002586	AAC(6')-32	166	76.866867	71.915060	103.000000
E_7-8	ARO:3002587	AAC(6')-I33	83	58.936145	59.366265	86.300000
E_7-8	ARO:3002588	AAC(6')-I30	83	57.798795	58.042169	87.400000
E_7-8	ARO:3002589	AAC(6')-Iid	57	56.398246	59.487719	112.000000
E_7-8	ARO:3002590	AAC(6')-Iih	67	60.829851	59.126866	91.700000
E_7-8	ARO:3002591	AAC_6_IB_Su	426	94.750704	90.150000	109.000000
E_7-8	ARO:3002592	AAC6_IB_HZ	421	94.634442	90.903325	109.000000
E_7-8	ARO:3002593	AAC(6')-Ib-SK	41	55.551220	55.824390	73.900000
E_7-8	ARO:3002594	AAC(6')-IIa	156	76.630769	73.764103	117.000000
E_7-8	ARO:3002595	AAC(6')-IIb	68	51.532353	49.770588	83.600000
E_7-8	ARO:3002596	AAC(6')-IIc	156	84.425000	86.562179	115.000000
E_7-8	ARO:3002597	AAC6_Ie_APH2_Ia	160	92.225625	90.158750	112.000000
E_7-8	ARO:3002598	ANT3II_ANT6II	1589	81.686847	80.866897	110.000000
E_7-8	ARO:3002599	AAC6_30_AAC6_Ib	458	93.786681	91.323144	110.000000
E_7-8	ARO:3002600	AAC_3Ib_AAC_6Ib	503	89.595229	86.836382	108.000000
E_7-8	ARO:3002601	aadA	1264	87.865981	83.450791	111.000000
E_7-8	ARO:3002602	aadA2	1214	86.830725	83.679077	110.000000
E_7-8	ARO:3002603	aadA3	1247	86.590217	83.343625	110.000000
E_7-8	ARO:3002604	aadA4	865	66.320116	68.154335	107.000000
E_7-8	ARO:3002605	aadA5	871	66.409300	68.939150	115.000000
E_7-8	ARO:3002606	aadA6	1189	77.233305	76.560303	109.000000
E_7-8	ARO:3002607	aadA7	1108	72.945668	73.892780	106.000000
E_7-8	ARO:3002608	aadA8	1250	87.163520	83.518880	110.000000
E_7-8	ARO:3002609	aadA9	1376	72.533285	61.467297	109.000000
E_7-8	ARO:3002611	aadA11	1192	76.625000	76.389094	109.000000
E_7-8	ARO:3002612	aadA12	1224	86.746732	83.815033	110.000000
E_7-8	ARO:3002613	aadA13	1195	81.282343	80.134979	111.000000
E_7-8	ARO:3002614	aadA14	717	62.657601	65.191213	85.500000
E_7-8	ARO:3002615	aadA15	1240	87.160081	83.654194	110.000000
E_7-8	ARO:3002616	aadA16	1022	77.709198	77.293836	108.000000
E_7-8	ARO:3002617	aadA17	1237	86.612935	83.591997	110.000000
E_7-8	ARO:3002618	aadA21	1239	87.370864	83.469895	110.000000
E_7-8	ARO:3002619	aadA22	1247	87.083801	83.595910	111.000000
E_7-8	ARO:3002620	aadA23	1236	87.792880	83.520307	111.000000
E_7-8	ARO:3002621	aadA24	1241	87.717808	83.428848	111.000000
E_7-8	ARO:3002622	aadA6/aadA10	1181	77.074767	76.530567	109.000000
E_7-8	ARO:3002623	ANT(4')-Ia	5	48.840000	56.980000	63.500000
E_7-8	ARO:3002624	ANT(4')-IIa	3	62.566667	47.866667	53.900000
E_7-8	ARO:3002625	ANT(4')-IIb	4	59.900000	49.000000	58.500000
E_7-8	ARO:3002626	ANT(6)-Ia	234	82.638034	82.961111	115.000000
E_7-8	ARO:3002627	aadK	191	59.015183	63.208901	94.400000
E_7-8	ARO:3002628	aad(6)	211	79.140758	79.330806	115.000000
E_7-8	ARO:3002629	ANT(6)-Ib	182	66.064286	70.738462	114.000000
E_7-8	ARO:3002630	ANT(9)-Ia	158	57.500000	59.941772	84.000000
E_7-8	ARO:3002631	spd	61	49.768852	47.026230	62.800000
E_7-8	ARO:3002634	APH(2'')-Ie	29	94.906897	89.479310	110.000000
E_7-8	ARO:3002635	APH(2'')-IIa	32	49.159375	43.634375	48.500000
E_7-8	ARO:3002636	APH(2'')-IIIa	6	51.100000	49.683333	53.500000
E_7-8	ARO:3002637	APH(2'')-IVa	29	89.127586	83.879310	105.000000
E_7-8	ARO:3002638	APH(3'')-Ia	45	59.326667	59.320000	80.100000
E_7-8	ARO:3002639	APH(3'')-Ib	369	97.130081	91.888618	112.000000
E_7-8	ARO:3002640	APH(3'')-Ic	59	58.886441	53.425424	70.500000
E_7-8	ARO:3002641	APH(3')-Ia	76	64.771053	66.505263	113.000000
E_7-8	ARO:3002642	APH(3')-Ib	105	90.194286	86.516190	108.000000
E_7-8	ARO:3002644	APH(3')-IIa	39	53.112821	52.594872	70.100000
E_7-8	ARO:3002645	APH(3')-IIb	24	53.625000	52.583333	66.200000
E_7-8	ARO:3002646	APH(3')-IIc	39	52.533333	51.012821	60.500000
E_7-8	ARO:3002647	APH(3')-IIIa	584	51.280308	45.751199	109.000000
E_7-8	ARO:3002648	APH(3')-IVa	44	51.297727	50.275000	64.700000
E_7-8	ARO:3002649	APH(3')-Va	69	49.113043	48.559420	67.000000
E_7-8	ARO:3002650	APH(3')-Vb	23	55.117391	50.313043	59.300000
E_7-8	ARO:3002651	APH(3')-Vc	50	52.040000	50.382000	67.800000
E_7-8	ARO:3002652	APH(3')-VIa	18	60.461111	59.516667	102.000000
E_7-8	ARO:3002653	APH(3')-VIb	12	69.075000	67.466667	104.000000
E_7-8	ARO:3002654	APH(3')-VIIa	15	58.400000	49.680000	63.900000
E_7-8	ARO:3002655	APH(4)-Ia	45	51.217778	49.075556	101.000000
E_7-8	ARO:3002657	APH(6)-Ia	165	58.727273	54.680000	70.100000
E_7-8	ARO:3002658	APH(6)-Ib	85	58.927059	57.220000	75.100000
E_7-8	ARO:3002659	APH(6)-Ic	118	56.872881	55.137288	111.000000
E_7-8	ARO:3002660	APH(6)-Id	302	92.365563	86.834106	112.000000
E_7-8	ARO:3002662	APH(9)-Ia	300	59.546000	65.798000	94.000000
E_7-8	ARO:3002663	APH(9)-Ib	4	42.875000	40.425000	42.400000
E_7-8	ARO:3002665	npmA	17	45.847059	47.094118	56.200000
E_7-8	ARO:3002666	rmtF	23	49.334783	44.517391	72.400000
E_7-8	ARO:3002667	rmtD	17	50.294118	46.564706	57.000000
E_7-8	ARO:3002668	rmtG	6	47.133333	42.366667	44.700000
E_7-8	ARO:3002669	APH(2'')-Ig	7	45.185714	41.842857	48.900000
E_7-8	ARO:3002671	Lreu_cat-TC	205	49.464390	52.690244	75.500000
E_7-8	ARO:3002672	Bpum_cat86	214	49.733178	54.898598	77.000000
E_7-8	ARO:3002674	Cbut_catB	434	62.390092	67.964977	101.000000
E_7-8	ARO:3002675	catB2	2053	61.824014	61.237750	111.000000
E_7-8	ARO:3002676	catB3	2157	63.980668	62.469819	114.000000
E_7-8	ARO:3002678	Paer_catB6	2854	56.797898	57.399299	108.000000
E_7-8	ARO:3002679	Paer_catB7	990	64.936263	67.369798	108.000000
E_7-8	ARO:3002680	catB8	2870	59.087491	58.112997	112.000000
E_7-8	ARO:3002681	catB9	1574	59.992567	58.700191	101.000000
E_7-8	ARO:3002683	catA1	237	48.673418	54.722785	107.000000
E_7-8	ARO:3002684	catII	252	50.865079	53.256349	103.000000
E_7-8	ARO:3002685	catIII	250	52.224400	53.128800	83.200000
E_7-8	ARO:3002686	catP	294	57.647279	61.160204	104.000000
E_7-8	ARO:3002687	catQ	499	72.194389	74.116834	118.000000
E_7-8	ARO:3002688	catS	130	59.173846	57.462308	103.000000
E_7-8	ARO:3002689	pp_cat	237	48.805063	54.740084	107.000000
E_7-8	ARO:3002690	Sliv_cmlR	317	48.327129	45.947950	85.900000
E_7-8	ARO:3002691	Sent_cmlA	1786	71.403024	66.371053	109.000000
E_7-8	ARO:3002693	cmlA1	1983	70.682552	66.271508	109.000000
E_7-8	ARO:3002694	cmlA4	1910	70.905969	66.409319	107.000000
E_7-8	ARO:3002695	cmlA5	1988	70.842606	66.466801	109.000000
E_7-8	ARO:3002696	cmlA6	1989	70.656963	66.315284	109.000000
E_7-8	ARO:3002698	cmlB	1939	65.460650	62.300722	107.000000
E_7-8	ARO:3002699	cmlB1	1473	65.815343	63.182281	101.000000
E_7-8	ARO:3002700	cmlv	568	49.180634	46.448239	61.200000
E_7-8	ARO:3002701	Rfas_cmr	451	47.002661	45.534368	63.900000
E_7-8	ARO:3002702	cmrA	364	49.255495	47.671703	67.000000
E_7-8	ARO:3002703	cmx	505	50.883564	47.622574	103.000000
E_7-8	ARO:3002704	fexA	191	45.504188	42.214136	98.200000
E_7-8	ARO:3002705	floR	1823	56.365606	54.405705	106.000000
E_7-8	ARO:3002707	QnrA1	74	63.945946	56.605405	74.700000
E_7-8	ARO:3002708	QnrA2	66	65.928788	51.748485	62.800000
E_7-8	ARO:3002709	QnrA3	76	65.632895	51.034211	62.400000
E_7-8	ARO:3002710	QnrA4	76	65.632895	51.034211	62.400000
E_7-8	ARO:3002711	QnrA5	76	65.632895	51.034211	62.400000
E_7-8	ARO:3002712	QnrA6	46	64.923913	50.869565	62.400000
E_7-8	ARO:3002713	QnrA7	61	65.477049	50.321311	62.400000
E_7-8	ARO:3002714	QnrB1	12	76.566667	72.800000	109.000000
E_7-8	ARO:3002715	QnrB2	14	75.478571	66.521429	110.000000
E_7-8	ARO:3002716	QnrB3	2	88.450000	60.100000	77.800000
E_7-8	ARO:3002718	QnrB4	38	66.294737	61.610526	108.000000
E_7-8	ARO:3002719	QnrB5	10	89.160000	76.510000	100.000000
E_7-8	ARO:3002720	QnrB6	7	74.985714	71.257143	104.000000
E_7-8	ARO:3002721	QnrB7	32	62.618750	69.559375	110.000000
E_7-8	ARO:3002722	QnrB8	11	70.363636	69.163636	105.000000
E_7-8	ARO:3002723	QnrB9	23	63.047826	69.721739	110.000000
E_7-8	ARO:3002724	QnrB10	14	85.642857	76.657143	100.000000
E_7-8	ARO:3002725	QnrB11	10	96.460000	77.330000	108.000000
E_7-8	ARO:3002726	QnrB12	9	96.077778	81.466667	108.000000
E_7-8	ARO:3002727	QnrB13	16	71.262500	60.387500	104.000000
E_7-8	ARO:3002728	QnrB14	7	84.642857	77.528571	104.000000
E_7-8	ARO:3002730	QnrB15	28	62.653571	66.275000	101.000000
E_7-8	ARO:3002731	QnrB16	3	99.100000	93.233333	104.000000
E_7-8	ARO:3002732	QnrB17	2	88.450000	60.100000	77.800000
E_7-8	ARO:3002733	QnrB18	18	67.866667	69.588889	110.000000
E_7-8	ARO:3002734	QnrB19	48	72.114583	64.785417	110.000000
E_7-8	ARO:3002735	QnrB20	8	91.650000	60.762500	104.000000
E_7-8	ARO:3002736	QnrB21	18	72.988889	70.872222	105.000000
E_7-8	ARO:3002737	QnrB22	36	66.680556	64.394444	108.000000
E_7-8	ARO:3002738	QnrB23	13	70.753846	70.176923	104.000000
E_7-8	ARO:3002739	QnrB24	3	92.300000	74.733333	104.000000
E_7-8	ARO:3002740	QnrB25	13	64.600000	64.338462	89.000000
E_7-8	ARO:3002741	QnrB26	7	79.014286	72.414286	104.000000
E_7-8	ARO:3002742	QnrB27	33	64.712121	54.157576	108.000000
E_7-8	ARO:3002743	QnrB28	41	67.200000	58.582927	108.000000
E_7-8	ARO:3002744	QnrB29	3	92.300000	74.733333	104.000000
E_7-8	ARO:3002745	QnrB30	3	92.300000	74.733333	104.000000
E_7-8	ARO:3002746	QnrB31	12	78.408333	59.891667	99.800000
E_7-8	ARO:3002747	QnrB32	27	55.848148	62.670370	101.000000
E_7-8	ARO:3002748	QnrB33	40	64.240000	54.807500	108.000000
E_7-8	ARO:3002749	QnrB34	6	97.150000	72.800000	108.000000
E_7-8	ARO:3002750	QnrB35	6	66.283333	73.583333	105.000000
E_7-8	ARO:3002751	QnrB36	61	66.998361	61.472131	110.000000
E_7-8	ARO:3002752	QnrB37	24	75.254167	64.391667	108.000000
E_7-8	ARO:3002753	QnrB38	17	72.747059	70.600000	105.000000
E_7-8	ARO:3002754	QnrB39	7	90.885714	70.771429	108.000000
E_7-8	ARO:3002755	QnrB40	11	82.663636	75.418182	110.000000
E_7-8	ARO:3002756	QnrB41	2	85.200000	58.900000	76.600000
E_7-8	ARO:3002757	QnrB42	18	66.338889	73.411111	109.000000
E_7-8	ARO:3002758	QnrB43	23	61.969565	66.330435	110.000000
E_7-8	ARO:3002759	QnrB44	23	63.834783	67.830435	110.000000
E_7-8	ARO:3002760	QnrB45	28	63.346429	66.028571	110.000000
E_7-8	ARO:3002761	QnrB46	15	74.420000	63.700000	104.000000
E_7-8	ARO:3002762	QnrB47	62	66.803226	61.535484	110.000000
E_7-8	ARO:3002763	QnrB48	30	63.030000	69.960000	110.000000
E_7-8	ARO:3002764	QnrB49	13	86.900000	64.553846	104.000000
E_7-8	ARO:3002765	QnrB50	23	76.873913	69.130435	110.000000
E_7-8	ARO:3002767	QnrB54	70	62.930000	61.964286	110.000000
E_7-8	ARO:3002768	QnrB55	21	73.561905	58.195238	108.000000
E_7-8	ARO:3002769	QnrB56	15	87.873333	75.140000	100.000000
E_7-8	ARO:3002770	QnrB57	4	94.225000	81.300000	104.000000
E_7-8	ARO:3002771	QnrB58	20	65.970000	68.140000	110.000000
E_7-8	ARO:3002772	QnrB59	7	85.571429	79.042857	100.000000
E_7-8	ARO:3002773	QnrB60	8	69.162500	71.412500	105.000000
E_7-8	ARO:3002774	QnrB61	56	69.025000	63.300000	110.000000
E_7-8	ARO:3002775	QnrB62	10	86.220000	79.550000	100.000000
E_7-8	ARO:3002776	QnrB64	31	65.416129	65.690323	110.000000
E_7-8	ARO:3002777	QnrB65	83	62.478313	60.562651	110.000000
E_7-8	ARO:3002778	QnrB66	25	67.704000	69.200000	110.000000
E_7-8	ARO:3002779	QnrB67	19	82.300000	74.952632	110.000000
E_7-8	ARO:3002780	QnrB68	16	84.825000	77.862500	110.000000
E_7-8	ARO:3002781	QnrB69	24	75.254167	64.391667	108.000000
E_7-8	ARO:3002782	QnrB70	34	75.808824	68.123529	110.000000
E_7-8	ARO:3002783	QnrB71	55	68.700000	63.218182	110.000000
E_7-8	ARO:3002784	QnrB72	18	61.616667	64.255556	100.000000
E_7-8	ARO:3002785	QnrB73	36	67.147222	57.927778	108.000000
E_7-8	ARO:3002786	QnrB74	1	94.700000	38.100000	38.100000
E_7-8	ARO:3002787	QnrC	57	78.401754	56.770175	73.200000
E_7-8	ARO:3002788	QnrD1	50	62.216000	62.956000	112.000000
E_7-8	ARO:3002789	QnrD2	50	62.216000	62.948000	112.000000
E_7-8	ARO:3002790	QnrS1	155	80.334839	64.485161	99.000000
E_7-8	ARO:3002791	QnrS2	179	78.411173	76.311732	109.000000
E_7-8	ARO:3002792	QnrS3	132	81.036364	63.237121	99.000000
E_7-8	ARO:3002793	QnrS4	155	80.248387	64.067742	99.000000
E_7-8	ARO:3002794	QnrS5	201	76.595522	75.218408	108.000000
E_7-8	ARO:3002795	QnrS6	179	77.810056	75.970391	109.000000
E_7-8	ARO:3002796	QnrS7	127	84.105512	60.695276	99.000000
E_7-8	ARO:3002797	QnrS8	145	80.388966	66.000690	102.000000
E_7-8	ARO:3002798	QnrS9	209	79.000000	79.290909	109.000000
E_7-8	ARO:3002799	QnrVC1	182	82.012637	65.836264	101.000000
E_7-8	ARO:3002800	QnrVC3	182	81.860989	66.332967	100.000000
E_7-8	ARO:3002801	QnrVC4	137	77.535036	59.060584	109.000000
E_7-8	ARO:3002802	QnrVC5	142	78.522535	59.813380	109.000000
E_7-8	ARO:3002803	QnrVC6	185	82.968108	68.154595	106.000000
E_7-8	ARO:3002804	FosA2	119	61.582353	63.188235	108.000000
E_7-8	ARO:3002812	pp-flo	1800	55.540167	53.123722	106.000000
E_7-8	ARO:3002813	lmrB	389	46.278920	46.476864	67.400000
E_7-8	ARO:3002814	clbA	2191	47.864491	46.834140	89.000000
E_7-8	ARO:3002815	clbB	2780	47.614748	45.982842	83.600000
E_7-8	ARO:3002816	clbC	2025	44.841383	43.791457	86.700000
E_7-8	ARO:3002817	carA	9772	51.179625	48.959548	77.800000
E_7-8	ARO:3002819	msrC	14751	47.197973	44.434276	99.400000
E_7-8	ARO:3002823	ErmH	348	45.656322	42.238218	70.500000
E_7-8	ARO:3002824	ErmV	163	45.253374	40.494479	64.700000
E_7-8	ARO:3002825	ErmY	108	59.911111	58.609259	91.700000
E_7-8	ARO:3002826	EreA2	740	88.216216	84.155676	106.000000
E_7-8	ARO:3002827	tlrC	4234	52.122437	46.863651	70.100000
E_7-8	ARO:3002828	srmB	10222	50.539699	47.921825	72.400000
E_7-8	ARO:3002829	vgaA	21207	47.298991	45.767275	68.600000
E_7-8	ARO:3002830	vgaALC	21207	47.297421	45.767454	68.600000
E_7-8	ARO:3002831	vgaC	16525	47.985162	47.730245	73.900000
E_7-8	ARO:3002832	vgaD	20471	45.452782	46.042211	70.500000
E_7-8	ARO:3002833	vgaE	22440	48.003115	46.870593	73.200000
E_7-8	ARO:3002835	lnuA	32	57.756250	62.625000	112.000000
E_7-8	ARO:3002836	lnuB	352	74.601420	72.746023	109.000000
E_7-8	ARO:3002837	lnuC	90	67.286667	68.263333	109.000000
E_7-8	ARO:3002838	lnuD	124	60.287097	62.199194	99.800000
E_7-8	ARO:3002839	lnuF	174	51.951724	57.768391	112.000000
E_7-8	ARO:3002840	vatA	654	57.752905	47.972171	78.200000
E_7-8	ARO:3002841	vatB	2981	53.615330	53.869473	97.800000
E_7-8	ARO:3002842	vatC	2673	53.918182	51.122596	88.200000
E_7-8	ARO:3002843	vatD	1416	53.232768	51.697246	84.700000
E_7-8	ARO:3002844	vatE	3170	55.176057	51.075047	88.200000
E_7-8	ARO:3002845	vatH	2850	56.575895	51.856386	91.700000
E_7-8	ARO:3002846	arr-1	625	65.922080	71.019360	98.200000
E_7-8	ARO:3002847	arr-2	665	68.614135	70.049624	114.000000
E_7-8	ARO:3002848	arr-3	665	67.832632	69.617444	113.000000
E_7-8	ARO:3002849	arr-4	634	64.106782	67.687224	104.000000
E_7-8	ARO:3002850	arr-5	664	61.075452	65.524548	100.000000
E_7-8	ARO:3002852	arr-7	573	63.688482	66.419721	99.400000
E_7-8	ARO:3002853	arr-8	588	64.751531	69.025340	103.000000
E_7-8	ARO:3002854	dfrA1	886	57.807449	54.533973	108.000000
E_7-8	ARO:3002856	dfrA24	443	51.207449	46.813544	61.600000
E_7-8	ARO:3002857	dfrA26	5356	53.287733	52.031721	77.800000
E_7-8	ARO:3002858	dfrA12	4000	50.775525	52.697475	104.000000
E_7-8	ARO:3002859	dfrA14	803	54.934745	51.833250	109.000000
E_7-8	ARO:3002860	dfrA17	567	54.609700	54.373545	105.000000
E_7-8	ARO:3002861	dfrA5	884	54.686425	51.032127	108.000000
E_7-8	ARO:3002862	dfrA7	436	59.251606	58.461927	107.000000
E_7-8	ARO:3002863	dfrA8	2480	55.774274	47.032339	65.100000
E_7-8	ARO:3002864	dfrB1	89	80.671910	72.641573	107.000000
E_7-8	ARO:3002865	dfrC	4622	52.737213	54.880160	89.000000
E_7-8	ARO:3002866	dfrD	3152	46.062754	48.299048	93.200000
E_7-8	ARO:3002867	dfrF	2426	50.250660	53.581698	104.000000
E_7-8	ARO:3002868	dfrG	4152	48.701180	50.735814	107.000000
E_7-8	ARO:3002869	dfrK	4048	47.985573	49.463439	100.000000
E_7-8	ARO:3002871	tet(37)	287	73.649129	66.005575	101.000000
E_7-8	ARO:3002872	FosA3	106	66.319811	66.526415	94.700000
E_7-8	ARO:3002873	FosB3	23	54.352174	40.334783	50.800000
E_7-8	ARO:3002874	FosC2	168	56.385714	48.552976	79.000000
E_7-8	ARO:3002875	dfrE	1662	49.613718	48.140072	74.300000
E_7-8	ARO:3002877	BcI	146	53.973288	56.452055	72.000000
E_7-8	ARO:3002878	BcII	23	49.608696	52.800000	77.400000
E_7-8	ARO:3002879	linG	174	52.541954	57.723563	110.000000
E_7-8	ARO:3002881	lmrC	10566	47.616089	44.414253	77.400000
E_7-8	ARO:3002882	lmrD	46352	47.366096	47.696412	100.000000
E_7-8	ARO:3002883	rgt1438	88	58.776136	50.248864	80.500000
E_7-8	ARO:3002884	iri	1030	59.541845	55.796505	95.100000
E_7-8	ARO:3002891	otr(A)S.rim	28328	53.741655	48.516690	82.000000
E_7-8	ARO:3002892	otr(B)	1891	46.312004	46.654997	75.100000
E_7-8	ARO:3002893	tcr3	1452	49.016873	46.518320	77.400000
E_7-8	ARO:3002894	otr(C)	16201	49.903963	51.804203	95.100000
E_7-8	ARO:3002895	SAT-2	14	52.200000	53.942857	85.100000
E_7-8	ARO:3002897	SAT-4	51	70.162745	66.688235	110.000000
E_7-8	ARO:3002898	SAT-3	11	56.009091	51.118182	75.900000
E_7-8	ARO:3002907	vanE	4428	48.498103	49.870574	73.600000
E_7-8	ARO:3002908	vanF	4659	51.374780	48.506546	72.400000
E_7-8	ARO:3002909	vanG	3256	52.167260	47.818520	103.000000
E_7-8	ARO:3002910	vanL	5875	51.298706	50.067966	77.000000
E_7-8	ARO:3002911	vanM	4976	51.108641	49.759807	83.600000
E_7-8	ARO:3002912	vanN	3981	51.028711	50.788068	72.000000
E_7-8	ARO:3002913	vanO	5583	51.548719	50.311607	78.200000
E_7-8	ARO:3002914	vanJ	5	47.460000	44.880000	56.200000
E_7-8	ARO:3002919	vanR_in_vanA_cl	17384	53.946641	50.065670	85.900000
E_7-8	ARO:3002921	vanR_in_vanB_cl	9711	43.461672	42.291803	75.900000
E_7-8	ARO:3002922	vanR_in_vanC_cl	24351	50.865648	48.656232	100.000000
E_7-8	ARO:3002923	vanR_in_vanD_cl	19477	48.198290	45.298624	92.800000
E_7-8	ARO:3002924	vanR_in_vanE_cl	24016	49.688770	48.270603	92.000000
E_7-8	ARO:3002925	vanR_in_vanF_cl	32708	45.924315	45.335202	75.500000
E_7-8	ARO:3002926	vanR_in_vanG_cl	22456	50.293191	48.824336	95.500000
E_7-8	ARO:3002927	vanR_in_vanL_cl	22853	51.236205	48.905290	88.600000
E_7-8	ARO:3002928	vanR_in_vanM_cl	35420	46.238885	45.084884	74.300000
E_7-8	ARO:3002929	vanR_in_vanN_cl	21843	51.248382	48.648437	94.000000
E_7-8	ARO:3002930	vanR_in_vanO_cl	20774	51.748330	46.859290	100.000000
E_7-8	ARO:3002931	vanS_in_vanA_cl	2629	50.589730	46.594256	79.300000
E_7-8	ARO:3002932	vanS_in_vanB_cl	391	46.394373	41.436061	63.900000
E_7-8	ARO:3002933	vanS_in_vanC_cl	1394	45.761119	42.616786	97.100000
E_7-8	ARO:3002934	vanS_in_vanD_cl	359	43.830919	42.006407	87.000000
E_7-8	ARO:3002935	vanS_in_vanE_cl	905	47.836796	44.269392	63.900000
E_7-8	ARO:3002936	vanS_in_vanF_cl	1397	43.774374	41.484037	71.600000
E_7-8	ARO:3002937	vanS_in_vanG_cl	2001	49.182409	45.179260	82.000000
E_7-8	ARO:3002938	vanS_in_vanL_cl	3216	46.943097	43.482183	80.500000
E_7-8	ARO:3002939	vanS_in_vanM_cl	3073	44.201041	41.462415	81.300000
E_7-8	ARO:3002940	vanS_in_vanN_cl	456	49.654167	47.206140	80.500000
E_7-8	ARO:3002941	vanS_in_vanO_cl	121	62.577686	56.020661	84.300000
E_7-8	ARO:3002942	vanH_in_vanA_cl	2310	48.245498	45.801126	65.900000
E_7-8	ARO:3002943	vanH_in_vanB_cl	4271	49.441793	46.322360	67.400000
E_7-8	ARO:3002944	vanH_in_vanD_cl	6249	51.487662	47.826468	80.900000
E_7-8	ARO:3002945	vanH_in_vanF_cl	4803	50.652842	47.806850	71.600000
E_7-8	ARO:3002947	vanH_in_vanM_cl	4310	50.025661	48.683852	70.100000
E_7-8	ARO:3002948	vanH_in_vanO_cl	4477	49.358767	47.711727	77.400000
E_7-8	ARO:3002949	vanX_in_vanA_cl	262	50.735878	48.931679	79.000000
E_7-8	ARO:3002950	vanX_in_vanB_cl	139	55.754676	49.036691	81.300000
E_7-8	ARO:3002952	vanX_in_vanF_cl	244	50.689754	48.699180	78.600000
E_7-8	ARO:3002953	vanX_in_vanM_cl	169	48.101775	48.569822	77.000000
E_7-8	ARO:3002954	vanX_in_vanO_cl	163	54.892025	51.076687	75.100000
E_7-8	ARO:3002955	vanY_in_vanA_cl	481	50.400832	50.434511	75.100000
E_7-8	ARO:3002956	vanY_in_vanB_cl	254	51.362205	50.451575	85.900000
E_7-8	ARO:3002958	vanY_in_vanF_cl	97	53.797938	56.129897	73.600000
E_7-8	ARO:3002959	vanY_in_vanG_cl	69	54.820290	50.394203	75.100000
E_7-8	ARO:3002961	vanY_in_vanM_cl	339	52.188201	51.331858	75.500000
E_7-8	ARO:3002962	vanZ_in_vanA_cl	20	51.950000	43.625000	50.100000
E_7-8	ARO:3002963	vanZ_in_vanF_cl	40	48.917500	45.750000	69.300000
E_7-8	ARO:3002964	vanW_in_vanB_cl	456	46.865570	46.237719	75.100000
E_7-8	ARO:3002965	vanW_in_vanG_cl	164	50.050610	55.838415	100.000000
E_7-8	ARO:3002966	vanXY_in_vanC	164	54.945122	48.896341	68.200000
E_7-8	ARO:3002967	vanXY_in_vanE	198	49.806566	48.924242	67.400000
E_7-8	ARO:3002968	vanXY_in_vanL	54	56.674074	51.611111	66.200000
E_7-8	ARO:3002969	vanXY_in_vanN	101	57.868317	53.065347	72.000000
E_7-8	ARO:3002970	vanT_in_vanC_cl	924	47.380952	43.586797	60.100000
E_7-8	ARO:3002971	vanT_in_vanE_cl	856	46.448598	43.377687	66.600000
E_7-8	ARO:3002972	vanT_in_vanG_cl	3221	46.294660	45.612760	106.000000
E_7-8	ARO:3002973	vanTm_in_vanL	7	47.428571	43.400000	52.800000
E_7-8	ARO:3002974	vanTr_in_vanL	1001	46.141459	41.845255	63.900000
E_7-8	ARO:3002975	vanT_in_vanN_cl	1041	44.768684	42.328915	62.800000
E_7-8	ARO:3002982	amrA	1955	51.744194	48.891151	78.600000
E_7-8	ARO:3002983	amrB	45750	56.861961	52.323346	91.700000
E_7-8	ARO:3002985	arnA	5445	58.110872	60.510707	109.000000
E_7-8	ARO:3002986	bacA	14177	58.239663	50.422551	110.000000
E_7-8	ARO:3002987	bcrA	23429	51.252264	47.089432	79.000000
E_7-8	ARO:3002988	bcrB	8	41.825000	41.250000	45.400000
E_7-8	ARO:3002993	AQU-1	162	70.417284	72.312346	102.000000
E_7-8	ARO:3002995	ROB-1	66	51.006061	48.159091	71.600000
E_7-8	ARO:3002997	LCR-1	1444	59.835249	63.447992	111.000000
E_7-8	ARO:3002999	CblA-1	188	50.637234	54.285106	106.000000
E_7-8	ARO:3003001	CfxA	813	90.242804	87.139729	108.000000
E_7-8	ARO:3003002	CfxA2	817	90.477234	87.186536	108.000000
E_7-8	ARO:3003003	CfxA3	814	90.658231	87.368919	108.000000
E_7-8	ARO:3003005	CfxA4	816	90.446814	87.206373	108.000000
E_7-8	ARO:3003006	blt	211	47.334123	47.575829	78.200000
E_7-8	ARO:3003007	bmr	148	46.491892	46.116216	92.800000
E_7-8	ARO:3003009	ceoA	1214	49.995305	46.985667	78.200000
E_7-8	ARO:3003010	ceoB	60700	54.313939	51.231979	95.500000
E_7-8	ARO:3003011	dfrA10	21	57.133333	51.542857	106.000000
E_7-8	ARO:3003012	dfrA13	3518	50.273621	51.222968	102.000000
E_7-8	ARO:3003013	dfrA15	839	57.773540	54.783075	108.000000
E_7-8	ARO:3003014	dfrA16	752	56.394814	53.611037	108.000000
E_7-8	ARO:3003015	dfrA19	21	78.419048	77.485714	102.000000
E_7-8	ARO:3003016	dfrA20	3686	53.503744	56.708844	84.000000
E_7-8	ARO:3003017	dfrA21	3858	48.962779	51.118637	102.000000
E_7-8	ARO:3003018	dfrA22	3965	49.633720	51.618991	102.000000
E_7-8	ARO:3003019	dfrA23	21	89.852381	86.966667	107.000000
E_7-8	ARO:3003020	dfrA25	1360	52.640882	47.376176	106.000000
E_7-8	ARO:3003021	dfrB2	74	81.444595	75.008108	107.000000
E_7-8	ARO:3003022	dfrB3	75	81.937333	74.412000	107.000000
E_7-8	ARO:3003023	dfrB6	87	83.300000	73.170115	104.000000
E_7-8	ARO:3003026	fusH	6	52.283333	39.716667	45.800000
E_7-8	ARO:3003030	MexV	923	47.303575	46.380607	82.800000
E_7-8	ARO:3003031	MexW	42250	52.704682	48.786580	94.400000
E_7-8	ARO:3003033	mexY	50404	56.246732	52.520411	89.700000
E_7-8	ARO:3003034	mexX	1735	55.535274	49.837061	74.700000
E_7-8	ARO:3003035	mfpA	76	67.465789	62.255263	97.100000
E_7-8	ARO:3003036	oleB	10045	49.227685	48.519283	74.300000
E_7-8	ARO:3003037	opcM	1717	56.340419	44.682469	70.500000
E_7-8	ARO:3003039	OprA	6917	57.957583	51.467341	79.700000
E_7-8	ARO:3003046	qacA	684	47.558918	46.603801	66.600000
E_7-8	ARO:3003047	qacB	689	47.337736	46.432801	67.400000
E_7-8	ARO:3003048	rosA	3192	64.336905	62.649624	99.800000
E_7-8	ARO:3003049	rosB	7234	64.117694	58.426624	97.400000
E_7-8	ARO:3003051	smeA	4944	52.567739	50.550061	98.200000
E_7-8	ARO:3003052	smeB	52833	55.802824	52.093383	103.000000
E_7-8	ARO:3003053	smeC	5591	55.057414	49.686299	97.400000
E_7-8	ARO:3003055	smeD	5305	56.100094	52.983506	91.300000
E_7-8	ARO:3003056	smeE	58066	56.702068	53.829026	102.000000
E_7-8	ARO:3003057	smeF	7187	57.625087	52.425031	96.300000
E_7-8	ARO:3003059	tmrB	8	56.112500	55.162500	65.900000
E_7-8	ARO:3003060	tsnR	80	47.200000	40.622500	51.200000
E_7-8	ARO:3003061	vph	40	46.797500	41.750000	48.100000
E_7-8	ARO:3003063	ykkC	736	47.651087	42.972147	62.400000
E_7-8	ARO:3003064	ykkD	1212	52.516749	46.912871	72.800000
E_7-8	ARO:3003066	smeR	33894	52.664507	50.577323	90.500000
E_7-8	ARO:3003067	smeS	2355	48.713333	44.530701	75.100000
E_7-8	ARO:3003069	vanXY_in_vanG	91	54.574725	47.694505	98.200000
E_7-8	ARO:3003070	vanX_in_vanD_cl	76	51.275000	48.298684	89.700000
E_7-8	ARO:3003071	mphF	366	51.875410	55.454918	108.000000
E_7-8	ARO:3003072	mphL	72	45.752778	55.365278	72.000000
E_7-8	ARO:3003093	cphA3	38	70.671053	62.573684	107.000000
E_7-8	ARO:3003094	imiH	36	72.480556	64.447222	106.000000
E_7-8	ARO:3003095	imiS	37	72.389189	64.472973	105.000000
E_7-8	ARO:3003096	CfxA5	814	90.571130	87.246806	108.000000
E_7-8	ARO:3003097	CfxA6	830	92.525301	88.522892	107.000000
E_7-8	ARO:3003099	cphA2	36	72.455556	64.452778	106.000000
E_7-8	ARO:3003100	cphA4	36	69.472222	63.333333	105.000000
E_7-8	ARO:3003101	cphA5	37	70.816216	62.843243	105.000000
E_7-8	ARO:3003102	cphA6	38	70.652632	62.686842	106.000000
E_7-8	ARO:3003103	cphA7	38	71.086842	62.144737	107.000000
E_7-8	ARO:3003104	cphA8	38	70.584211	62.573684	106.000000
E_7-8	ARO:3003105	dfrA3	8440	54.993839	55.558152	101.000000
E_7-8	ARO:3003106	Erm(42)	767	47.103781	43.364146	99.400000
E_7-8	ARO:3003107	mef(B)	842	51.513302	50.211876	111.000000
E_7-8	ARO:3003109	msrE	17856	57.960282	56.232040	110.000000
E_7-8	ARO:3003110	catB10	1987	61.415148	61.570206	107.000000
E_7-8	ARO:3003111	lsaB	3059	46.087578	45.171559	90.900000
E_7-8	ARO:3003112	lsaC	3127	47.043588	44.945411	100.000000
E_7-8	ARO:3003115	OXA-427	254	79.567323	79.812992	112.000000
E_7-8	ARO:3003116	OXA-420	35	80.408571	81.457143	109.000000
E_7-8	ARO:3003117	OXA-421	17	54.764706	58.764706	104.000000
E_7-8	ARO:3003120	OXA-429	1	74.000000	77.000000	77.000000
E_7-8	ARO:3003126	OXA-433	1	46.900000	47.000000	47.000000
E_7-8	ARO:3003128	OXA-436	231	51.587013	51.467100	67.400000
E_7-8	ARO:3003129	CMY-121	146	89.234932	92.114384	112.000000
E_7-8	ARO:3003130	CMY-122	11	73.972727	80.172727	103.000000
E_7-8	ARO:3003132	CMY-124	8	78.737500	87.262500	103.000000
E_7-8	ARO:3003133	CMY-125	5	55.720000	56.980000	85.100000
E_7-8	ARO:3003135	CMY-127	1	73.500000	83.600000	83.600000
E_7-8	ARO:3003136	CMY-128	49	46.387755	55.555102	88.600000
E_7-8	ARO:3003137	CMY-129	2	77.550000	87.050000	90.500000
E_7-8	ARO:3003138	CMY-130	3	42.966667	45.700000	47.400000
E_7-8	ARO:3003139	MIR-18	25	79.700000	80.480000	107.000000
E_7-8	ARO:3003140	MOX-10	305	76.106557	77.200000	106.000000
E_7-8	ARO:3003141	MOX-11	318	75.950314	76.687107	106.000000
E_7-8	ARO:3003142	IMI-8	40	59.197500	62.362500	76.300000
E_7-8	ARO:3003143	IMI-9	10	51.900000	53.290000	67.800000
E_7-8	ARO:3003146	VEB-10	1726	91.063615	88.847393	113.000000
E_7-8	ARO:3003149	OXA-426	6	64.450000	69.583333	104.000000
E_7-8	ARO:3003150	CARB-20	139	62.232374	60.868345	73.900000
E_7-8	ARO:3003151	CARB-22	152	61.816447	60.310526	71.600000
E_7-8	ARO:3003152	SHV-185	2	100.000000	91.450000	102.000000
E_7-8	ARO:3003156	SHV-189	1	100.000000	66.600000	66.600000
E_7-8	ARO:3003158	TEM-220	4	55.500000	56.025000	64.700000
E_7-8	ARO:3003160	OXA-422	78	47.441026	52.926923	93.600000
E_7-8	ARO:3003161	OXA-423	56	44.578571	50.419643	56.600000
E_7-8	ARO:3003162	OXA-435	38	48.278947	52.326316	93.600000
E_7-8	ARO:3003163	CTX-M-155	44	74.511364	68.288636	105.000000
E_7-8	ARO:3003164	CTX-M-156	16	89.056250	88.118750	102.000000
E_7-8	ARO:3003165	CTX-M-157	26	94.015385	85.757692	105.000000
E_7-8	ARO:3003166	CTX-M-158	19	76.047368	64.568421	101.000000
E_7-8	ARO:3003167	CTX-M-159	54	58.959259	57.587037	80.100000
E_7-8	ARO:3003168	CTX-M-160	23	57.339130	57.904348	80.900000
E_7-8	ARO:3003169	CTX-M-161	3	60.566667	60.600000	65.100000
E_7-8	ARO:3003171	ACT-36	105	62.566667	58.884762	111.000000
E_7-8	ARO:3003172	ACT-37	103	54.672816	46.581553	105.000000
E_7-8	ARO:3003173	MIR-17	29	77.493103	77.717241	107.000000
E_7-8	ARO:3003174	CARB-18	145	61.864828	60.620000	73.900000
E_7-8	ARO:3003175	CARB-19	169	61.771006	60.323077	73.900000
E_7-8	ARO:3003177	IMI-7	16	50.487500	49.300000	67.000000
E_7-8	ARO:3003178	VIM-42	13	50.615385	55.907692	70.900000
E_7-8	ARO:3003179	VIM-43	11	51.763636	49.000000	61.200000
E_7-8	ARO:3003180	KPC-22	22	48.268182	53.013636	102.000000
E_7-8	ARO:3003181	GES-26	399	98.933083	95.614035	112.000000
E_7-8	ARO:3003182	NDM-13	1	100.000000	64.300000	64.300000
E_7-8	ARO:3003183	NDM-14	2	73.950000	63.150000	64.300000
E_7-8	ARO:3003184	PER-8	146	53.028082	53.819178	101.000000
E_7-8	ARO:3003185	GES-25	271	95.372325	97.097417	112.000000
E_7-8	ARO:3003187	QnrB75	3	98.233333	85.700000	110.000000
E_7-8	ARO:3003188	QnrB76	4	94.225000	81.300000	104.000000
E_7-8	ARO:3003190	QnrB78	24	63.895833	63.962500	110.000000
E_7-8	ARO:3003192	QnrB80	6	84.983333	66.950000	85.100000
E_7-8	ARO:3003193	QnrVC7	125	77.875200	59.300800	108.000000
E_7-8	ARO:3003194	GIM-2	21	53.180952	57.338095	74.700000
E_7-8	ARO:3003196	tet(45)	54	48.700000	49.622222	93.200000
E_7-8	ARO:3003197	aadA25	1252	86.920767	83.138259	110.000000
E_7-8	ARO:3003198	rmtH	22	50.327273	44.000000	58.200000
E_7-8	ARO:3003199	AAC(6')-Iak	76	48.764474	48.450000	61.600000
E_7-8	ARO:3003200	AAC(6')-Ian	17	49.541176	49.764706	71.200000
E_7-8	ARO:3003202	TLA-1	568	56.938556	60.631690	104.000000
E_7-8	ARO:3003203	TLA-2	383	60.475979	61.670757	107.000000
E_7-8	ARO:3003204	TLA-3	539	56.756030	60.147681	99.400000
E_7-8	ARO:3003205	Erm(43)	79	57.500000	57.146835	76.300000
E_7-8	ARO:3003206	lsaE	8800	44.101148	44.523273	115.000000
E_7-8	ARO:3003207	FosK	79	53.912658	56.512658	75.500000
E_7-8	ARO:3003208	FosXCC	126	62.779365	60.658730	75.100000
E_7-8	ARO:3003209	fosA5	106	70.976415	71.801887	110.000000
E_7-8	ARO:3003210	FosA4	89	66.485393	65.952809	92.400000
E_7-8	ARO:3003250	bcrC	218	49.758716	42.546789	84.700000
E_7-8	ARO:3003324	Bsub_mprF	192	49.733333	47.297396	73.600000
E_7-8	ARO:3003440	mecB	2081	45.935175	42.449784	61.600000
E_7-8	ARO:3003441	cfrA	2061	47.871955	46.429064	93.200000
E_7-8	ARO:3003548	mdtN	1035	55.173430	51.117778	107.000000
E_7-8	ARO:3003549	mdtO	269	88.150929	85.884015	111.000000
E_7-8	ARO:3003550	mdtP	567	64.678483	61.738624	110.000000
E_7-8	ARO:3003551	emeA	281	45.006762	42.858719	94.700000
E_7-8	ARO:3003552	fusB	1	61.200000	67.800000	67.800000
E_7-8	ARO:3003553	CepS	112	62.334821	58.958929	109.000000
E_7-8	ARO:3003556	SLB-1	52	47.405769	50.661538	66.200000
E_7-8	ARO:3003557	SFB-1	33	47.618182	51.700000	64.700000
E_7-8	ARO:3003558	Yent_y56	71	57.264789	58.171831	85.100000
E_7-8	ARO:3003559	cepA	367	54.081744	54.750681	112.000000
E_7-8	ARO:3003561	SED-1	95	60.354737	58.637895	83.200000
E_7-8	ARO:3003562	blaF	249	65.955020	67.869478	91.300000
E_7-8	ARO:3003563	RCP-1	20	53.375000	49.855000	104.000000
E_7-8	ARO:3003564	EXO-1	27	54.322222	55.381481	70.100000
E_7-8	ARO:3003565	R39	109	49.239450	56.162385	68.600000
E_7-8	ARO:3003576	eptA	3380	59.067929	64.019970	117.000000
E_7-8	ARO:3003577	ugd	8500	70.268353	70.673576	114.000000
E_7-8	ARO:3003578	PmrF	7439	50.818537	49.438863	108.000000
E_7-8	ARO:3003583	basS	4471	46.439767	43.230709	63.900000
E_7-8	ARO:3003589	NmcA	34	57.708824	59.179412	74.300000
E_7-8	ARO:3003591	SHV-191	2	62.250000	61.400000	66.600000
E_7-8	ARO:3003593	OXA-437	3	55.600000	59.033333	85.100000
E_7-8	ARO:3003594	OXA-438	467	52.399572	52.527837	110.000000
E_7-8	ARO:3003595	OXA-439	795	51.962893	54.104528	110.000000
E_7-8	ARO:3003596	OXA-440	72	45.323611	51.443056	57.800000
E_7-8	ARO:3003598	OXA-442	2	60.000000	69.700000	69.700000
E_7-8	ARO:3003599	OXA-443	99	51.991919	52.428283	70.500000
E_7-8	ARO:3003600	OXA-444	207	47.746377	50.352657	75.100000
E_7-8	ARO:3003602	OXA-446	29	48.934483	42.868966	54.300000
E_7-8	ARO:3003603	OXA-447	21	55.033333	44.261905	59.700000
E_7-8	ARO:3003604	OXA-448	23	47.900000	44.100000	59.700000
E_7-8	ARO:3003605	OXA-449	17	48.523529	45.252941	59.700000
E_7-8	ARO:3003606	OXA-450	31	49.438710	45.103226	57.800000
E_7-8	ARO:3003607	OXA-451	28	49.628571	45.425000	57.800000
E_7-8	ARO:3003608	OXA-452	38	49.476316	43.971053	57.800000
E_7-8	ARO:3003609	OXA-453	37	50.300000	44.456757	57.800000
E_7-8	ARO:3003610	OXA-454	949	89.079557	84.036881	111.000000
E_7-8	ARO:3003611	OXA-455	88	48.596591	48.760227	100.000000
E_7-8	ARO:3003613	OXA-457	102	48.105882	48.430392	89.400000
E_7-8	ARO:3003614	OXA-458	90	47.411111	47.628889	92.000000
E_7-8	ARO:3003615	OXA-459	69	49.036232	48.398551	90.500000
E_7-8	ARO:3003616	OXA-460	43	49.597674	42.837209	50.400000
E_7-8	ARO:3003617	OXA-461	40	51.350000	44.465000	57.800000
E_7-8	ARO:3003620	OXA-464	2924	68.869596	72.446306	110.000000
E_7-8	ARO:3003621	OXA-465	21	47.276190	44.961905	59.700000
E_7-8	ARO:3003622	OXA-466	27	49.025926	44.762963	59.700000
E_7-8	ARO:3003626	OXA-470	338	51.563905	49.593491	70.500000
E_7-8	ARO:3003627	OXA-471	338	51.722781	49.962130	70.900000
E_7-8	ARO:3003628	OXA-472	132	50.914394	50.868182	70.500000
E_7-8	ARO:3003629	OXA-473	329	51.754407	49.806079	70.900000
E_7-8	ARO:3003631	OXA-474	338	51.790533	49.865976	70.900000
E_7-8	ARO:3003632	OXA-475	340	51.947647	50.075588	70.900000
E_7-8	ARO:3003633	OXA-476	385	51.467792	50.381299	71.600000
E_7-8	ARO:3003634	OXA-477	320	51.800937	49.580312	70.900000
E_7-8	ARO:3003635	OXA-478	224	51.372321	47.493750	67.800000
E_7-8	ARO:3003636	OXA-479	346	51.353757	49.559538	70.500000
E_7-8	ARO:3003638	OXA-481	81	47.686420	53.062963	93.600000
E_7-8	ARO:3003639	OXA-482	40	46.822500	50.350000	57.800000
E_7-8	ARO:3003640	OXA-483	28	46.914286	49.675000	56.600000
E_7-8	ARO:3003641	OXA-484	161	54.809938	55.060248	110.000000
E_7-8	ARO:3003642	OXA-485	124	53.734677	57.659677	80.100000
E_7-8	ARO:3003643	OXA-486	212	55.467925	58.085849	80.100000
E_7-8	ARO:3003645	OXA-488	135	52.821481	56.394815	80.100000
E_7-8	ARO:3003646	CTX-M-162	1	98.000000	101.000000	101.000000
E_7-8	ARO:3003647	CTX-M-163	8	100.000000	102.750000	105.000000
E_7-8	ARO:3003648	CTX-M-164	8	88.575000	90.537500	105.000000
E_7-8	ARO:3003649	CTX-M-165	17	65.564706	67.082353	103.000000
E_7-8	ARO:3003650	CTX-M-166	2	54.300000	53.150000	53.900000
E_7-8	ARO:3003652	CMY-132	5	72.540000	70.940000	90.900000
E_7-8	ARO:3003653	CMY-133	2	50.000000	57.550000	74.700000
E_7-8	ARO:3003655	ACT-38	11	70.018182	56.463636	102.000000
E_7-8	ARO:3003657	IMP-49	12	56.641667	61.083333	111.000000
E_7-8	ARO:3003659	IMP-51	15	59.800000	55.913333	99.800000
E_7-8	ARO:3003660	VIM-44	2	46.900000	46.400000	48.100000
E_7-8	ARO:3003663	NDM-15	2	73.950000	63.150000	64.300000
E_7-8	ARO:3003664	NDM-16a	1	47.900000	62.000000	62.000000
E_7-8	ARO:3003665	NmcR	1515	51.698878	46.090825	74.700000
E_7-8	ARO:3003670	PEDO-1	116	49.181034	48.877586	81.600000
E_7-8	ARO:3003676	AAC(6')-Ib'	448	94.038616	91.335714	110.000000
E_7-8	ARO:3003677	AAC(6')-Iaj	78	56.458974	55.535897	83.600000
E_7-8	ARO:3003679	TriA	450	53.270444	46.231111	76.600000
E_7-8	ARO:3003680	TriB	108	51.765741	44.329630	68.200000
E_7-8	ARO:3003681	TriC	13682	54.538525	52.252390	98.600000
E_7-8	ARO:3003682	OpmH	1164	51.661340	48.243900	91.300000
E_7-8	ARO:3003689	MCR-1.1	2486	56.568745	57.588938	93.600000
E_7-8	ARO:3003692	MexJ	915	52.107978	47.235519	86.300000
E_7-8	ARO:3003693	MexK	17610	58.761993	55.950801	104.000000
E_7-8	ARO:3003698	mexP	1257	49.122037	45.263246	87.400000
E_7-8	ARO:3003699	mexQ	58144	54.089378	50.559716	94.700000
E_7-8	ARO:3003700	opmE	922	51.916377	42.549024	75.900000
E_7-8	ARO:3003704	mexM	969	46.804541	45.988029	63.500000
E_7-8	ARO:3003705	mexN	32122	53.972598	50.215021	87.000000
E_7-8	ARO:3003712	VEB-16	461	97.150325	98.753362	106.000000
E_7-8	ARO:3003713	VCC-1	72	45.658333	46.948611	68.200000
E_7-8	ARO:3003714	PEDO-2	53	52.549057	49.622642	81.300000
E_7-8	ARO:3003715	PEDO-3	77	52.000000	60.158442	80.100000
E_7-8	ARO:3003716	CPS-1	50	57.570000	58.174000	89.400000
E_7-8	ARO:3003717	ESP-1	72	57.316667	58.793056	92.800000
E_7-8	ARO:3003718	MSI-1	339	45.802360	45.156342	71.200000
E_7-8	ARO:3003719	MSI-OXA	358	52.653631	52.478492	77.400000
E_7-8	ARO:3003720	SPG-1	99	53.921212	52.408081	76.300000
E_7-8	ARO:3003723	vanI	7213	51.803605	48.502093	79.000000
E_7-8	ARO:3003724	vanW_in_vanI_cl	372	49.595699	47.003495	68.200000
E_7-8	ARO:3003725	vanX_in_vanI_cl	322	51.440994	50.183851	83.200000
E_7-8	ARO:3003727	vanK_in_vanI_cl	389	53.792288	54.336247	74.700000
E_7-8	ARO:3003728	vanR_in_vanI_cl	25938	51.403235	49.977539	98.200000
E_7-8	ARO:3003730	Bbif_ileS_MUP	44428	53.662019	57.704398	115.000000
E_7-8	ARO:3003731	fusD	2	48.350000	47.750000	52.800000
E_7-8	ARO:3003733	fusC	3	48.366667	46.433333	51.200000
E_7-8	ARO:3003741	mphE	2580	90.852868	87.982636	112.000000
E_7-8	ARO:3003742	mphG	1771	72.977244	72.580915	119.000000
E_7-8	ARO:3003744	vatF	2402	55.806994	55.114030	105.000000
E_7-8	ARO:3003745	mef(C)	1507	76.025614	72.342269	103.000000
E_7-8	ARO:3003746	optrA	33480	47.576404	47.653091	104.000000
E_7-8	ARO:3003748	oleC	19258	50.449704	52.731644	95.900000
E_7-8	ARO:3003749	salA	12740	42.018312	42.391852	63.200000
E_7-8	ARO:3003762	lnuE	31	56.683871	58.554839	91.300000
E_7-8	ARO:3003767	mphM	393	47.752417	49.256234	64.300000
E_7-8	ARO:3003770	Lmon_mprF	179	47.672626	49.435754	72.000000
E_7-8	ARO:3003772	Bsui_mprF	891	49.637374	51.050281	94.400000
E_7-8	ARO:3003773	Cper_mprF	244	47.995902	48.534836	102.000000
E_7-8	ARO:3003774	Saga_mprF	221	46.071493	46.488688	68.600000
E_7-8	ARO:3003785	Ctra_murA_FOF	3373	52.597065	50.576608	89.400000
E_7-8	ARO:3003793	SPM-1	45	48.775556	51.091111	81.300000
E_7-8	ARO:3003801	bcr-1	2388	49.693970	47.989866	73.600000
E_7-8	ARO:3003811	adeC	3844	53.231243	48.633117	92.800000
E_7-8	ARO:3003835	cdeA	241	47.443568	45.688382	67.000000
E_7-8	ARO:3003836	qacH	267	46.032210	46.314981	65.500000
E_7-8	ARO:3003838	gadW	116	69.661207	67.575862	105.000000
E_7-8	ARO:3003839	Mrx	690	92.993478	84.037536	100.000000
E_7-8	ARO:3003841	kdpE	24746	52.849418	51.067902	108.000000
E_7-8	ARO:3003842	MUS-2	47	45.538298	50.123404	66.200000
E_7-8	ARO:3003843	leuO	889	62.954106	58.595051	108.000000
E_7-8	ARO:3003847	ADC-1	8	64.950000	67.112500	97.400000
E_7-8	ARO:3003848	ADC-2	20	66.775000	70.630000	101.000000
E_7-8	ARO:3003849	ADC-3	16	69.406250	75.862500	102.000000
E_7-8	ARO:3003850	ADC-4	12	72.841667	79.966667	102.000000
E_7-8	ARO:3003851	ADC-5	8	70.962500	69.462500	101.000000
E_7-8	ARO:3003852	ADC-6	9	73.044444	71.422222	105.000000
E_7-8	ARO:3003853	ADC-7	24	56.195833	59.195833	105.000000
E_7-8	ARO:3003854	ADC-8	118	56.836441	58.083898	98.600000
E_7-8	ARO:3003856	ADC-12	26	63.684615	65.834615	86.300000
E_7-8	ARO:3003857	ADC-13	38	63.710526	68.705263	86.300000
E_7-8	ARO:3003858	ADC-14	33	62.636364	67.524242	86.300000
E_7-8	ARO:3003859	ADC-15	50	61.306000	66.026000	86.300000
E_7-8	ARO:3003860	ADC-16	55	60.147273	66.883636	87.400000
E_7-8	ARO:3003861	ADC-17	45	59.564444	64.373333	85.500000
E_7-8	ARO:3003862	ADC-18	31	59.532258	61.509677	78.200000
E_7-8	ARO:3003863	ADC-19	58	60.063793	65.384483	92.800000
E_7-8	ARO:3003864	ADC-20	44	63.352273	67.400000	92.800000
E_7-8	ARO:3003865	ADC-21	51	61.882353	68.370588	92.800000
E_7-8	ARO:3003866	ADC-22	56	60.739286	65.348214	92.800000
E_7-8	ARO:3003867	ADC-23	31	60.825806	62.641935	92.800000
E_7-8	ARO:3003868	ADC-25	9	71.433333	73.600000	105.000000
E_7-8	ARO:3003870	ADC-31	9	74.744444	76.833333	105.000000
E_7-8	ARO:3003871	ADC-39	5	72.040000	71.040000	105.000000
E_7-8	ARO:3003872	ADC-41	33	63.572727	67.930303	86.700000
E_7-8	ARO:3003873	ADC-42	18	60.044444	63.938889	78.200000
E_7-8	ARO:3003874	ADC-43	13	68.546154	74.592308	86.300000
E_7-8	ARO:3003876	ADC-44	22	60.386364	62.904545	86.300000
E_7-8	ARO:3003878	ADC-56	4	76.700000	81.825000	105.000000
E_7-8	ARO:3003879	ADC-61	5	70.520000	75.780000	105.000000
E_7-8	ARO:3003880	ADC-74	3	48.800000	46.833333	53.500000
E_7-8	ARO:3003881	ADC-75	5	70.520000	75.780000	105.000000
E_7-8	ARO:3003882	ADC-76	6	72.900000	75.983333	105.000000
E_7-8	ARO:3003883	ADC-77	2	68.800000	77.000000	77.000000
E_7-8	ARO:3003884	ADC-78	6	68.850000	72.066667	105.000000
E_7-8	ARO:3003885	ADC-79	2	73.350000	69.350000	101.000000
E_7-8	ARO:3003886	ADC-80	1	46.700000	38.100000	38.100000
E_7-8	ARO:3003887	ADC-81	2	64.300000	62.950000	72.400000
E_7-8	ARO:3003894	Rm3	249	52.065060	50.285141	81.300000
E_7-8	ARO:3003905	ANT(4')-Ib	5	55.640000	60.700000	70.900000
E_7-8	ARO:3003907	cipA	1431	49.760797	48.112509	85.500000
E_7-8	ARO:3003908	Erm(47)	455	47.524835	44.647692	64.700000
E_7-8	ARO:3003918	apmA	344	48.011919	45.227326	67.000000
E_7-8	ARO:3003920	pgpB	259	48.454054	43.119305	77.000000
E_7-8	ARO:3003922	oqxA	2584	50.233785	48.207933	108.000000
E_7-8	ARO:3003923	oqxB	61994	54.789604	51.495833	107.000000
E_7-8	ARO:3003942	abcA	121	47.435537	43.340496	75.100000
E_7-8	ARO:3003948	efrA	31323	48.583868	48.265240	90.900000
E_7-8	ARO:3003949	efrB	41089	48.702086	48.910244	100.000000
E_7-8	ARO:3003950	msbA	26214	54.179374	53.671065	104.000000
E_7-8	ARO:3003952	YojI	4298	53.318078	50.079013	111.000000
E_7-8	ARO:3003953	hmrM	1035	51.843092	50.831884	80.900000
E_7-8	ARO:3003954	efmA	424	46.504717	46.721934	100.000000
E_7-8	ARO:3003955	efpA	3185	57.523673	57.550518	100.000000
E_7-8	ARO:3003961	farA	4140	57.316256	57.252440	85.100000
E_7-8	ARO:3003962	farB	6458	52.423939	55.418133	99.400000
E_7-8	ARO:3003964	hp1181	2905	51.932289	49.305267	75.100000
E_7-8	ARO:3003967	lfrA	2481	51.665740	48.805683	94.000000
E_7-8	ARO:3003969	lmrP	24	44.816667	44.204167	59.300000
E_7-8	ARO:3003971	Erm(44)v	79	56.415190	56.178481	79.000000
E_7-8	ARO:3003980	tetA(58)	21278	51.242683	52.462727	93.200000
E_7-8	ARO:3003981	tetB(58)	800	50.647500	47.874000	95.500000
E_7-8	ARO:3003982	LlmA_23S_CLI	15103	56.061584	57.841859	97.100000
E_7-8	ARO:3003983	CatU	268	53.274627	56.955970	79.300000
E_7-8	ARO:3003984	BahA	76	59.239474	62.511842	88.200000
E_7-8	ARO:3003986	TaeA	39724	48.815517	48.156147	99.800000
E_7-8	ARO:3003987	VatI	2524	57.356101	52.737441	87.800000
E_7-8	ARO:3003988	AAC(2')-IIb	11	49.363636	45.563636	50.100000
E_7-8	ARO:3003989	AAC(6')-34	21	47.880952	46.861905	74.700000
E_7-8	ARO:3003990	vgbC	47	47.327660	43.276596	52.800000
E_7-8	ARO:3003991	mphI	318	49.456289	52.841824	70.500000
E_7-8	ARO:3003992	rphB	9685	55.798317	53.018833	103.000000
E_7-8	ARO:3003994	cpaA	2	55.100000	40.200000	40.400000
E_7-8	ARO:3004032	tetA(46)	12489	45.579582	45.659468	85.100000
E_7-8	ARO:3004033	tetB(46)	26467	50.061121	50.538353	102.000000
E_7-8	ARO:3004035	tetA(60)	11252	49.295183	44.545574	77.000000
E_7-8	ARO:3004036	tetB(60)	28864	50.906520	50.172734	82.000000
E_7-8	ARO:3004038	Paer_emrE	1052	51.736882	50.338308	70.900000
E_7-8	ARO:3004039	Ecol_emrE	1297	52.239399	49.163685	108.000000
E_7-8	ARO:3004041	Kpne_acrA	5162	56.262941	54.189810	102.000000
E_7-8	ARO:3004042	Eclo_acrA	6804	57.062434	54.310509	101.000000
E_7-8	ARO:3004043	Ecol_acrA	7028	56.908523	54.523435	104.000000
E_7-8	ARO:3004047	kdpD	3472	49.931855	50.504176	77.000000
E_7-8	ARO:3004054	Paer_CpxR	20052	54.183518	51.158727	99.800000
E_7-8	ARO:3004063	EdeQ	45	48.968889	49.922222	63.900000
E_7-8	ARO:3004072	OpmB	3070	52.373518	46.758111	88.200000
E_7-8	ARO:3004073	MuxA	2646	51.359297	47.845163	80.900000
E_7-8	ARO:3004074	MuxB	33693	57.416861	53.947776	91.700000
E_7-8	ARO:3004075	MuxC	36871	56.149489	51.480893	88.200000
E_7-8	ARO:3004077	PmpM	1533	52.960861	50.381409	103.000000
E_7-8	ARO:3004085	lnuG	342	64.938596	65.805556	97.400000
E_7-8	ARO:3004086	APH(3')-VIIIb	21	47.647619	49.985714	90.100000
E_7-8	ARO:3004087	APH(3')-IXa	28	46.782143	44.917857	70.900000
E_7-8	ARO:3004089	ANT(3'')-IIa	68	64.408824	61.733824	101.000000
E_7-8	ARO:3004090	ANT(3'')-IIb	66	58.751515	56.689394	91.300000
E_7-8	ARO:3004091	ANT(3'')-IIc	68	64.238235	60.447059	104.000000
E_7-8	ARO:3004092	HMB-1	12	49.400000	46.816667	59.300000
E_7-8	ARO:3004093	NDM-17	2	76.250000	57.350000	64.300000
E_7-8	ARO:3004094	Erm(48)	134	52.417910	51.194030	78.600000
E_7-8	ARO:3004099	LpeA	136	49.696324	47.783088	89.400000
E_7-8	ARO:3004100	LpeB	32283	51.580494	48.338726	93.200000
E_7-8	ARO:3004102	kamB	6	50.100000	44.966667	51.200000
E_7-8	ARO:3004103	QepA2	1702	50.243772	48.056639	84.700000
E_7-8	ARO:3004105	TMB-1	19	54.200000	57.278947	77.400000
E_7-8	ARO:3004106	TMB-2	17	53.505882	55.623529	76.600000
E_7-8	ARO:3004107	Paer_soxR	265	60.961132	57.371698	78.600000
E_7-8	ARO:3004110	MCR-2.1	2299	56.486864	60.088734	95.100000
E_7-8	ARO:3004111	FosA6	106	70.932075	71.785849	113.000000
E_7-8	ARO:3004113	FosA7	134	59.091791	59.311194	93.600000
E_7-8	ARO:3004122	Kpne_OmpK37	1059	70.033994	69.275165	111.000000
E_7-8	ARO:3004123	Bpse_Omp38	433	56.235104	43.797229	70.900000
E_7-8	ARO:3004139	MCR-3.1	1107	54.822855	58.028726	112.000000
E_7-8	ARO:3004142	OprZ	6199	56.547088	49.646685	81.300000
E_7-8	ARO:3004143	AxyX	1921	52.796825	49.617022	77.000000
E_7-8	ARO:3004144	AxyY	49856	55.939325	52.203436	88.200000
E_7-8	ARO:3004146	cfrC	3473	47.118054	46.693464	85.100000
E_7-8	ARO:3004185	mecD	1810	46.151823	42.413536	61.200000
E_7-8	ARO:3004189	Bla2	19	46.073684	51.378947	74.700000
E_7-8	ARO:3004191	APH(2'')-If	93	78.432258	78.719355	102.000000
E_7-8	ARO:3004194	MCR-1.2	2909	56.294053	57.038742	93.600000
E_7-8	ARO:3004213	GOB-18	109	53.548624	50.074312	82.400000
E_7-8	ARO:3004239	NPS-1	1138	61.267223	63.866960	111.000000
E_7-8	ARO:3004253	vanU_in_vanG_cl	184	55.418478	47.646739	87.000000
E_7-8	ARO:3004254	vanV_in_vanB_cl	13	69.476923	50.446154	82.000000
E_7-8	ARO:3004289	Vcho_varG	11	42.781818	39.345455	43.500000
E_7-8	ARO:3004290	Ecol_ampC_BLA	204	73.485294	73.300980	112.000000
E_7-8	ARO:3004291	Rsph_ampC_BLA	100	47.636000	44.125000	79.000000
E_7-8	ARO:3004294	BUT-1	126	51.403968	52.157143	90.500000
E_7-8	ARO:3004325	MCR-4.1	2109	54.589806	59.337506	93.600000
E_7-8	ARO:3004332	MCR-5.1	2794	57.201825	58.126199	113.000000
E_7-8	ARO:3004336	PDC-73	74	63.506757	54.172973	74.300000
E_7-8	ARO:3004338	PDC-75	39	62.589744	46.987179	70.500000
E_7-8	ARO:3004339	PDC-76	26	57.173077	56.588462	75.900000
E_7-8	ARO:3004340	PDC-77	58	65.772414	54.379310	74.300000
E_7-8	ARO:3004341	PDC-78	58	65.772414	54.379310	74.300000
E_7-8	ARO:3004342	PDC-79	73	63.820548	53.368493	74.300000
E_7-8	ARO:3004343	PDC-80	1	42.900000	37.700000	37.700000
E_7-8	ARO:3004344	PDC-81	77	63.094805	54.012987	74.300000
E_7-8	ARO:3004345	PDC-82	78	63.865385	54.276923	74.300000
E_7-8	ARO:3004346	PDC-83	56	66.548214	54.912500	74.300000
E_7-8	ARO:3004347	PDC-84	15	58.260000	57.940000	75.900000
E_7-8	ARO:3004348	PDC-85	48	67.954167	54.950000	74.300000
E_7-8	ARO:3004349	PDC-86	2	61.650000	52.400000	55.100000
E_7-8	ARO:3004350	PDC-87	21	58.628571	59.547619	75.500000
E_7-8	ARO:3004351	PDC-88	56	59.482143	47.719643	74.700000
E_7-8	ARO:3004352	PDC-89	94	63.362766	54.197872	74.700000
E_7-8	ARO:3004353	PDC-90	55	60.043636	47.900000	74.700000
E_7-8	ARO:3004354	PDC-91	61	59.390164	48.295082	74.700000
E_7-8	ARO:3004355	PDC-92	84	64.186905	53.925000	74.700000
E_7-8	ARO:3004356	PDC-93	50	67.618000	55.696000	74.700000
E_7-8	ARO:3004357	catV	348	56.524713	59.462931	80.100000
E_7-8	ARO:3004359	ACI-1	91	59.295604	60.989011	106.000000
E_7-8	ARO:3004361	sul4	7220	52.983116	50.905069	111.000000
E_7-8	ARO:3004362	OXA-535	239	51.465690	51.651883	73.600000
E_7-8	ARO:3004364	almG	18	58.655556	53.772222	104.000000
E_7-8	ARO:3004379	QepA4	1818	50.309956	47.947470	84.700000
E_7-8	ARO:3004441	tet(59)	4599	49.823353	48.265145	85.500000
E_7-8	ARO:3004442	tet(W/N/W)	31107	53.978741	48.728206	111.000000
E_7-8	ARO:3004444	RSA1-1	171	89.357895	82.866667	104.000000
E_7-8	ARO:3004450	TRU-1	100	58.888000	56.262000	90.100000
E_7-8	ARO:3004451	Afab_ACT_CHL	3085	56.143566	54.960486	97.800000
E_7-8	ARO:3004452	Acla_ACT_CHL	84	45.315476	52.720238	87.800000
E_7-8	ARO:3004454	Ccol_ACT_CHL	339	56.269322	59.281711	110.000000
E_7-8	ARO:3004455	Ssui_ACT_CHL	206	48.328155	54.887864	75.500000
E_7-8	ARO:3004456	Efac_ACT_CHL	234	51.396154	56.061966	75.900000
E_7-8	ARO:3004457	Sint_ACT_CHL	245	51.015510	56.511429	76.600000
E_7-8	ARO:3004458	Efae_ACT_CHL	236	49.893644	56.411017	74.300000
E_7-8	ARO:3004460	Vang_ACT_CHL	314	52.811465	57.090764	110.000000
E_7-8	ARO:3004463	EBR-2	40	50.247500	56.152500	103.000000
E_7-8	ARO:3004464	CFE-2	29	55.355172	58.355172	89.000000
E_7-8	ARO:3004466	ICR-Mc	1178	57.023260	55.004075	81.600000
E_7-8	ARO:3004470	poxtA	16034	46.538163	46.027641	96.700000
E_7-8	ARO:3004476	vmlR	13557	48.642332	49.090595	75.900000
E_7-8	ARO:3004478	OXA-665	24	55.087500	58.275000	86.300000
E_7-8	ARO:3004479	OXA-664	45	63.873333	64.811111	102.000000
E_7-8	ARO:3004480	Bado_rpoB_RIF	147852	64.964917	67.228115	112.000000
E_7-8	ARO:3004489	OXA-663	1085	87.030046	86.605346	111.000000
E_7-8	ARO:3004493	ADC-68	15	54.073333	52.446667	101.000000
E_7-8	ARO:3004494	IMP-55	15	99.193333	94.593333	112.000000
E_7-8	ARO:3004495	IMP-56	9	58.633333	63.055556	111.000000
E_7-8	ARO:3004496	KPC-24	4	95.925000	96.050000	102.000000
E_7-8	ARO:3004498	dfrB4	92	77.213043	71.092391	107.000000
E_7-8	ARO:3004500	MCR-3.11	1752	54.253653	57.870662	112.000000
E_7-8	ARO:3004501	MCR-6.1	1887	56.420244	59.101484	94.000000
E_7-8	ARO:3004502	MCR-2.2	2335	56.398715	60.005310	95.100000
E_7-8	ARO:3004503	MCR-3.6	2216	55.512500	59.506363	112.000000
E_7-8	ARO:3004504	MCR-3.10	1066	57.032176	58.798499	114.000000
E_7-8	ARO:3004505	MCR-3.5	1994	56.173922	59.888365	112.000000
E_7-8	ARO:3004506	MCR-1.10	2974	56.068695	57.108171	93.600000
E_7-8	ARO:3004507	MCR-1.9	2450	55.535673	54.737469	87.800000
E_7-8	ARO:3004508	MCR-3.9	843	57.716963	59.301661	114.000000
E_7-8	ARO:3004509	MCR-3.8	2093	56.119207	59.859532	114.000000
E_7-8	ARO:3004510	MCR-3.7	907	57.275193	60.432084	112.000000
E_7-8	ARO:3004511	MCR-3.2	1203	54.942311	58.363175	112.000000
E_7-8	ARO:3004513	MCR-1.6	2778	56.224334	57.211051	93.600000
E_7-8	ARO:3004514	MCR-1.3	2722	56.301139	57.235709	93.600000
E_7-8	ARO:3004515	MCR-1.4	2660	56.380940	57.423835	93.600000
E_7-8	ARO:3004516	MCR-8.1	3051	53.042838	56.070796	87.400000
E_7-8	ARO:3004517	MCR-7.1	1960	54.417449	58.709082	107.000000
E_7-8	ARO:3004539	mphH	365	48.980000	49.565753	68.200000
E_7-8	ARO:3004541	mphK	331	47.266465	52.299698	78.600000
E_7-8	ARO:3004542	mphN	86	46.118605	53.356977	74.700000
E_7-8	ARO:3004543	mphO	263	44.593536	45.057034	67.800000
E_7-8	ARO:3004544	mphJ	327	52.509174	55.439144	73.200000
E_7-8	ARO:3004547	dfrA6	1276	47.663950	45.494514	90.500000
E_7-8	ARO:3004548	dfrA9	1779	51.120011	50.987015	70.500000
E_7-8	ARO:3004549	dfrB5	81	89.290123	77.967901	110.000000
E_7-8	ARO:3004550	dfrA27	460	60.817391	60.167826	103.000000
E_7-8	ARO:3004551	dfrA28	463	60.613823	59.934557	102.000000
E_7-8	ARO:3004552	dfrA30	698	55.974642	53.137106	105.000000
E_7-8	ARO:3004554	dfrA29	1339	52.476699	47.341897	104.000000
E_7-8	ARO:3004555	dfrA32	403	59.638213	59.681886	106.000000
E_7-8	ARO:3004556	dfrB7	78	85.430769	76.838462	108.000000
E_7-8	ARO:3004559	CAM-1	100	58.233000	66.300000	86.700000
E_7-8	ARO:3004568	dfrA18	2843	51.677664	49.338375	68.900000
E_7-8	ARO:3004569	ICR-Mo	2334	61.256812	63.503470	110.000000
E_7-8	ARO:3004571	PNGM-1	138	49.241304	51.196377	76.300000
E_7-8	ARO:3004572	Saur_LmrS	388	42.815206	44.450258	68.900000
E_7-8	ARO:3004573	Abau_AbaF	3639	51.070789	52.837758	103.000000
E_7-8	ARO:3004574	Abau_AbaQ	1408	53.635938	56.513494	103.000000
E_7-8	ARO:3004577	Abau_AmvA	1628	49.680221	50.749017	103.000000
E_7-8	ARO:3004580	Kpne_KpnE	418	46.645694	44.538038	95.100000
E_7-8	ARO:3004581	tet(48)	218	55.165596	54.497706	90.900000
E_7-8	ARO:3004582	tet(49)	244	55.993852	55.805328	89.700000
E_7-8	ARO:3004583	Kpne_KpnF	97	71.132990	64.420619	102.000000
E_7-8	ARO:3004584	tet(50)	227	55.723789	55.746696	100.000000
E_7-8	ARO:3004586	tet(51)	268	53.373881	52.874254	86.300000
E_7-8	ARO:3004587	tet(52)	311	54.095177	52.392283	85.500000
E_7-8	ARO:3004588	Kpne_KpnG	3484	58.837887	58.156889	104.000000
E_7-8	ARO:3004589	tet(53)	201	58.106468	56.381095	103.000000
E_7-8	ARO:3004590	tet(54)	261	54.083525	52.914943	87.000000
E_7-8	ARO:3004591	tet(55)	155	58.005806	55.419355	80.500000
E_7-8	ARO:3004592	erm(32)	156	49.075641	45.527564	64.300000
E_7-8	ARO:3004595	erm(45)	1108	47.417780	44.551354	77.800000
E_7-8	ARO:3004596	erm(46)	61	62.618033	63.524590	99.400000
E_7-8	ARO:3004597	Kpne_KpnH	6415	55.134232	57.327171	114.000000
E_7-8	ARO:3004599	clcD	2242	48.322480	46.712177	92.000000
E_7-8	ARO:3004600	LnuH	623	82.505136	76.336116	108.000000
E_7-8	ARO:3004601	LnuP	91	57.010989	58.538462	108.000000
E_7-8	ARO:3004603	tet(56)	192	57.185938	57.876042	109.000000
E_7-8	ARO:3004605	ermZ	1	47.700000	37.700000	37.700000
E_7-8	ARO:3004606	erm(40)	119	55.865546	53.956303	96.700000
E_7-8	ARO:3004608	EreD	594	81.882323	81.943939	112.000000
E_7-8	ARO:3004613	tet(47)	284	54.682746	54.725352	90.500000
E_7-8	ARO:3004615	ADC-11	13	61.915385	61.476923	105.000000
E_7-8	ARO:3004617	ADC-30	15	67.406667	69.953333	105.000000
E_7-8	ARO:3004618	ADC-58	23	64.121739	69.256522	97.400000
E_7-8	ARO:3004619	ADC-59	15	66.673333	70.640000	105.000000
E_7-8	ARO:3004620	ADC-60	11	61.181818	64.772727	97.400000
E_7-8	ARO:3004621	AAC(3)-IIe	94	71.914894	69.967021	107.000000
E_7-8	ARO:3004622	QnrS10	118	84.604237	64.756780	99.000000
E_7-8	ARO:3004623	AAC(3)-IId	93	73.988172	71.587097	112.000000
E_7-8	ARO:3004624	QnrS11	168	78.193452	66.020238	106.000000
E_7-8	ARO:3004625	QnrS12	95	87.104211	64.013684	99.000000
E_7-8	ARO:3004626	Erm(49)	2554	45.201840	44.690877	95.500000
E_7-8	ARO:3004627	QnrS15	119	85.193277	65.307563	99.000000
E_7-8	ARO:3004628	AAC(2')-IIa	5	60.220000	52.300000	62.000000
E_7-8	ARO:3004629	AAC(6')-Im	69	56.904348	53.615942	86.300000
E_7-8	ARO:3004632	ADC-62	8	60.400000	67.112500	97.400000
E_7-8	ARO:3004633	ADC-67	11	68.418182	72.272727	105.000000
E_7-8	ARO:3004634	ADC-73	9	65.211111	67.566667	97.400000
E_7-8	ARO:3004635	AAC(6')-Il	25	68.328000	66.648000	107.000000
E_7-8	ARO:3004636	qnrE1	23	57.521739	54.086957	84.700000
E_7-8	ARO:3004637	qnrE2	23	57.521739	53.986957	84.700000
E_7-8	ARO:3004638	AAC(6')-I-48	70	50.874286	48.158571	65.100000
E_7-8	ARO:3004639	Cstr_tetA	15627	51.188513	44.309810	63.900000
E_7-8	ARO:3004640	dfrA15b	750	58.780400	56.063067	108.000000
E_7-8	ARO:3004641	AAC(6')-I-43	95	50.525263	52.282105	86.700000
E_7-8	ARO:3004642	dfrA3b	12	45.391667	44.150000	51.200000
E_7-8	ARO:3004643	Erm(K)	193	44.301554	41.704145	57.000000
E_7-8	ARO:3004644	Pmir_dfrA6	896	48.079353	47.650223	93.600000
E_7-8	ARO:3004645	dfrI	5882	53.884138	52.686161	81.600000
E_7-8	ARO:3004647	AQU-2	214	68.280374	71.837850	102.000000
E_7-8	ARO:3004648	AQU-3	102	72.447059	76.638235	102.000000
E_7-8	ARO:3004649	cfr(B)	2306	48.241370	46.647051	92.000000
E_7-8	ARO:3004651	lin	26762	47.944421	44.823115	69.300000
E_7-8	ARO:3004652	Erm(O)-lrm	55	46.370909	41.569091	71.600000
E_7-8	ARO:3004655	nimB	601	61.393511	62.549251	94.700000
E_7-8	ARO:3004656	Ecol_catII	263	50.479087	52.474905	108.000000
E_7-8	ARO:3004657	catA4	268	50.125000	54.712313	89.400000
E_7-8	ARO:3004658	catA8	253	49.550988	55.538735	76.300000
E_7-8	ARO:3004659	Mef(En2)	816	55.115196	50.351593	105.000000
E_7-8	ARO:3004660	catB11	2077	59.897930	60.700144	110.000000
E_7-8	ARO:3004661	Saur_FosB	36	60.341667	41.072222	46.600000
E_7-8	ARO:3004662	MCR-3.3	1940	55.722062	59.295103	114.000000
E_7-8	ARO:3004663	FusF	2	55.600000	57.800000	68.200000
E_7-8	ARO:3004665	cmlA8	1980	69.600808	65.530404	107.000000
E_7-8	ARO:3004666	pexA	182	54.519780	57.311538	92.800000
E_7-8	ARO:3004667	Saur_norA	310	46.581290	41.619032	73.200000
E_7-8	ARO:3004668	QnrAS	223	71.392377	76.741256	103.000000
E_7-8	ARO:3004669	emtA	29	47.882759	43.000000	53.500000
E_7-8	ARO:3004670	FosB1	24	53.887500	40.391667	52.400000
E_7-8	ARO:3004671	FosB4	24	53.887500	40.279167	52.400000
E_7-8	ARO:3004672	FosB5	21	55.338095	40.109524	49.300000
E_7-8	ARO:3004673	FosB6	27	53.222222	40.192593	52.800000
E_7-8	ARO:3004674	FosD	38	61.234211	41.186842	48.500000
E_7-8	ARO:3004675	aphA15	56	80.028571	75.269643	108.000000
E_7-8	ARO:3004677	rmtD2	14	49.714286	45.992857	59.300000
E_7-8	ARO:3004678	rmtE	14	43.235714	41.007143	48.500000
E_7-8	ARO:3004679	rmtE2	14	43.235714	41.007143	48.500000
E_7-8	ARO:3004680	APH(3')-VIIIa	39	52.915385	51.810256	65.500000
E_7-8	ARO:3004682	aadA27	67	64.334328	61.723881	107.000000
E_7-8	ARO:3004683	aadS	525	96.387619	94.278667	114.000000
E_7-8	ARO:3004684	MCR-9.1	2282	54.642594	58.749430	109.000000
E_7-8	ARO:3004685	MCR-1.5	2994	56.514763	57.236840	93.600000
E_7-8	ARO:3004686	MCR-1.7	2994	56.325885	57.123881	93.600000
E_7-8	ARO:3004687	MCR-1.8	2959	56.315377	57.093883	93.600000
E_7-8	ARO:3004689	MCR-1.12	2973	56.310562	57.102758	93.600000
E_7-8	ARO:3004690	MCR-1.13	2943	56.294122	57.049168	93.600000
E_7-8	ARO:3004691	MCR-3.4	1806	54.363511	57.940365	112.000000
E_7-8	ARO:3004692	aadA10	1120	76.324196	77.196518	108.000000
E_7-8	ARO:3004693	MCR-3.12	1267	56.839463	59.691713	112.000000
E_7-8	ARO:3004694	MCR-4.2	2308	54.346534	58.944411	93.600000
E_7-8	ARO:3004695	MCR-4.3	2140	54.612243	59.359813	93.600000
E_7-8	ARO:3004696	MCR-4.4	2270	54.316828	59.043656	93.600000
E_7-8	ARO:3004697	MCR-4.5	2245	54.332650	59.055947	93.600000
E_7-8	ARO:3004698	MCR-5.2	2811	57.187834	58.080007	113.000000
E_7-8	ARO:3004699	sta	14	45.228571	39.657143	45.100000
E_7-8	ARO:3004704	aadA8b	1259	87.038046	83.266005	110.000000
E_7-8	ARO:3004715	Scoh_vga(E)	21784	47.421580	46.204136	75.100000
E_7-8	ARO:3004719	tet(X3)	524	66.050954	57.275573	105.000000
E_7-8	ARO:3004720	tet(X4)	541	67.974861	59.687061	110.000000
E_7-8	ARO:3004730	tva(A)	9768	45.894666	41.508088	67.000000
E_7-8	ARO:3004734	ARL-1	9	45.133333	45.911111	57.400000
E_7-8	ARO:3004735	ARL-2	10	43.160000	44.510000	57.400000
E_7-8	ARO:3004736	ARL-3	10	43.160000	44.510000	57.400000
E_7-8	ARO:3004737	ARL-4	10	43.160000	44.510000	57.400000
E_7-8	ARO:3004738	ARL-5	9	43.000000	43.377778	57.000000
E_7-8	ARO:3004739	ARL-6	10	43.970000	45.820000	57.400000
E_7-8	ARO:3004740	AST-1	93	53.063441	52.378495	71.600000
E_7-8	ARO:3004745	MIR-23	28	78.128571	76.489286	107.000000
E_7-8	ARO:3004747	BAT-1	294	52.667687	56.893537	89.000000
E_7-8	ARO:3004749	BCL-1	36	51.458333	54.647222	69.300000
E_7-8	ARO:3004751	BES-1	69	57.355072	56.781159	85.900000
E_7-8	ARO:3004753	BIC-1	48	52.852083	56.227083	74.700000
E_7-8	ARO:3004757	BKC-1	122	51.815574	49.732787	99.400000
E_7-8	ARO:3004759	BPU-1	448	49.496205	54.018527	85.100000
E_7-8	ARO:3004761	BRO-1	23	51.643478	54.782609	86.300000
E_7-8	ARO:3004762	BRO-2	22	51.868182	54.836364	86.300000
E_7-8	ARO:3004764	CBP-1	61	50.973770	54.255738	78.600000
E_7-8	ARO:3004766	CGA-1	517	61.017408	63.890522	96.300000
E_7-8	ARO:3004768	CIA-1	438	59.563470	61.053881	82.000000
E_7-8	ARO:3004769	CIA-2	425	59.063529	60.673647	82.000000
E_7-8	ARO:3004770	CIA-3	433	59.222633	60.441801	82.000000
E_7-8	ARO:3004771	CIA-4	434	59.473272	60.942627	82.000000
E_7-8	ARO:3004773	CKO-1	495	58.996364	59.649293	76.300000
E_7-8	ARO:3004775	CME-1	438	60.959817	62.676256	87.800000
E_7-8	ARO:3004777	CMH-1	29	69.706897	73.168966	114.000000
E_7-8	ARO:3004778	CMY-135	3	97.833333	98.100000	105.000000
E_7-8	ARO:3004780	DES-1	199	62.720101	62.264824	102.000000
E_7-8	ARO:3004782	ERP-1	94	51.976596	50.129787	72.400000
E_7-8	ARO:3004784	FAR-1	65	54.472308	51.863077	68.200000
E_7-8	ARO:3004786	FIM-1	3	60.066667	71.500000	77.400000
E_7-8	ARO:3004788	FONA-1	30	76.726667	77.310000	102.000000
E_7-8	ARO:3004789	FONA-2	36	71.875000	72.736111	102.000000
E_7-8	ARO:3004790	FONA-3	67	66.053731	66.816418	103.000000
E_7-8	ARO:3004791	FONA-4	29	77.755172	78.462069	102.000000
E_7-8	ARO:3004792	FONA-5	38	72.181579	73.450000	100.000000
E_7-8	ARO:3004793	FONA-6	61	66.922951	67.154098	103.000000
E_7-8	ARO:3004797	FRI-1	58	45.915517	48.043103	82.400000
E_7-8	ARO:3004798	FRI-2	59	46.055932	48.569492	80.900000
E_7-8	ARO:3004799	FRI-3	59	46.216949	48.549153	80.900000
E_7-8	ARO:3004801	FTU-1	3	39.166667	42.233333	47.400000
E_7-8	ARO:3004802	GOB-10	108	54.053704	55.884259	78.600000
E_7-8	ARO:3004803	GOB-11	38	53.034211	52.826316	83.200000
E_7-8	ARO:3004804	GOB-12	106	55.250943	56.333962	83.200000
E_7-8	ARO:3004805	GOB-13	38	54.423684	56.557895	85.500000
E_7-8	ARO:3004806	GOB-14	38	54.423684	56.557895	85.500000
E_7-8	ARO:3004807	GOB-15	23	56.939130	59.473913	85.500000
E_7-8	ARO:3004808	GOB-16	81	56.122222	56.593827	82.800000
E_7-8	ARO:3004809	GOB-2	90	51.138889	48.035556	81.300000
E_7-8	ARO:3004810	GOB-3	107	54.988785	56.036449	77.800000
E_7-8	ARO:3004811	GOB-4	103	55.184466	56.525243	80.100000
E_7-8	ARO:3004812	GOB-5	105	55.416190	57.323810	80.100000
E_7-8	ARO:3004813	GOB-6	150	53.571333	52.370000	81.300000
E_7-8	ARO:3004814	GOB-7	50	58.960000	55.126000	82.800000
E_7-8	ARO:3004815	GOB-8	99	53.780808	55.855556	78.600000
E_7-8	ARO:3004816	GOB-9	98	53.574490	55.544898	78.600000
E_7-8	ARO:3004823	IMP-52	35	74.997143	71.062857	116.000000
E_7-8	ARO:3004825	LAP-1	140	61.185714	58.837857	77.400000
E_7-8	ARO:3004826	LAP-2	142	60.795070	58.124648	77.400000
E_7-8	ARO:3004827	LEN-35	10	71.520000	73.340000	105.000000
E_7-8	ARO:3004828	LEN-36	10	75.810000	75.260000	105.000000
E_7-8	ARO:3004829	LEN-37	8	77.487500	74.937500	105.000000
E_7-8	ARO:3004837	OXA-724	290	67.319655	68.763793	108.000000
E_7-8	ARO:3004838	LEN-30	9	76.211111	75.077778	105.000000
E_7-8	ARO:3004839	LEN-32	4	67.125000	60.950000	72.000000
E_7-8	ARO:3004840	LEN-34	8	72.100000	75.162500	105.000000
E_7-8	ARO:3004841	LEN-38	19	52.431579	52.721053	77.000000
E_7-8	ARO:3004842	LEN-39	12	63.850000	63.741667	103.000000
E_7-8	ARO:3004843	LEN-40	3	58.066667	59.566667	67.400000
E_7-8	ARO:3004844	LEN-41	11	72.472727	69.590909	101.000000
E_7-8	ARO:3004845	LEN-42	8	65.262500	64.325000	101.000000
E_7-8	ARO:3004846	LEN-43	8	65.262500	64.325000	101.000000
E_7-8	ARO:3004847	LEN-51	5	85.680000	84.300000	99.800000
E_7-8	ARO:3004848	LEN-55	6	96.000000	92.683333	105.000000
E_7-8	ARO:3004849	LEN-58	12	80.016667	78.858333	105.000000
E_7-8	ARO:3004856	SCO-1	505	56.951287	59.595248	79.700000
E_7-8	ARO:3004862	NDM-19	2	73.950000	63.150000	64.300000
E_7-8	ARO:3004863	NDM-20	2	76.250000	57.350000	64.300000
E_7-8	ARO:3004864	NDM-21	3	66.800000	58.900000	64.300000
E_7-8	ARO:3004865	NDM-22	2	73.950000	63.150000	64.300000
E_7-8	ARO:3004866	NDM-23	2	75.000000	63.550000	64.300000
E_7-8	ARO:3004867	NDM-24	2	76.250000	57.350000	64.300000
E_7-8	ARO:3004868	NDM-25	2	73.950000	63.150000	64.300000
E_7-8	ARO:3004869	NDM-26	1	52.500000	50.400000	50.400000
E_7-8	ARO:3004870	NDM-27	1	100.000000	64.300000	64.300000
E_7-8	ARO:3004871	NDM-28	2	73.950000	63.150000	64.300000
E_7-8	ARO:3005006	tet(57)	4178	51.682767	48.466850	85.100000
E_7-8	ARO:3005008	TxR	25206	55.071324	55.327525	82.800000
E_7-8	ARO:3005009	qacE	1906	70.401102	62.725341	100.000000
E_7-8	ARO:3005010	qacEdelta1	1932	73.985197	64.930331	106.000000
E_7-8	ARO:3005012	IDC-1	321	56.750156	53.439252	103.000000
E_7-8	ARO:3005013	IDC-2	269	55.047955	52.156877	98.200000
E_7-8	ARO:3005015	VMB-1	44	48.570455	56.865909	70.900000
E_7-8	ARO:3005016	CMY-150	46	46.813043	56.200000	88.600000
E_7-8	ARO:3005018	LMB-1	118	50.476271	50.635593	76.300000
E_7-8	ARO:3005019	IMP-68	13	59.592308	54.538462	96.700000
E_7-8	ARO:3005021	cfr(D)	1710	49.562982	47.918012	107.000000
E_7-8	ARO:3005023	cfrE	2137	49.744642	47.974216	102.000000
E_7-8	ARO:3005024	FosL1	120	57.420000	58.019167	75.500000
E_7-8	ARO:3005027	FRI-4	58	44.103448	47.227586	80.900000
E_7-8	ARO:3005028	FRI-5	24	50.912500	50.820833	81.300000
E_7-8	ARO:3005029	FRI-6	60	44.395000	47.625000	80.900000
E_7-8	ARO:3005030	FRI-7	58	43.651724	46.782759	69.700000
E_7-8	ARO:3005031	FRI-8	16	46.937500	46.187500	68.900000
E_7-8	ARO:3005032	FRI-9	57	42.905263	46.270175	68.200000
E_7-8	ARO:3005033	FLC-1	16	46.937500	46.287500	68.900000
E_7-8	ARO:3005035	YRC-1	74	62.824324	64.764865	100.000000
E_7-8	ARO:3005036	BLMT	17	58.941176	51.100000	64.300000
E_7-8	ARO:3005037	ADC-159	3	66.100000	63.300000	101.000000
E_7-8	ARO:3005038	PDC-65	15	53.720000	49.260000	65.100000
E_7-8	ARO:3005040	YajC	1469	53.039346	52.851055	98.600000
E_7-8	ARO:3005043	cmlA9	1788	57.598826	54.891611	106.000000
E_7-8	ARO:3005044	OmpA	2409	57.403861	52.407513	111.000000
E_7-8	ARO:3005045	SatA	33	48.233333	52.966667	73.900000
E_7-8	ARO:3005046	MecI_rep	26	40.550000	41.046154	46.200000
E_7-8	ARO:3005047	eptB	475	73.331789	74.157684	111.000000
E_7-8	ARO:3005049	CrcB	23	56.130435	58.269565	74.300000
E_7-8	ARO:3005051	LpsB	1997	55.376965	52.914922	110.000000
E_7-8	ARO:3005052	LpsA	7	41.885714	40.200000	45.100000
E_7-8	ARO:3005053	ArnT	861	61.525784	61.438560	115.000000
E_7-8	ARO:3005056	tet(X6)	519	64.753565	57.736031	109.000000
E_7-8	ARO:3005057	tet(X5)	537	66.258845	58.366480	109.000000
E_7-8	ARO:3005059	LptD	2024	58.776927	60.945504	114.000000
E_7-8	ARO:3005060	OXA-837	125	50.014400	51.348000	79.000000
E_7-8	ARO:3005061	AAC(3)-IVb	101	58.819802	51.985149	90.100000
E_7-8	ARO:3005062	ANT(3'')-Ib	93	51.753763	52.711828	74.300000
E_7-8	ARO:3005063	cprR	26664	48.226463	47.087241	76.300000
E_7-8	ARO:3005064	cprS	18	40.188889	43.377778	50.100000
E_7-8	ARO:3005067	ParS	2617	49.620902	47.511425	94.400000
E_7-8	ARO:3005068	ParR	17680	47.664706	47.980057	79.000000
E_7-8	ARO:3005069	rsmA	2340	55.944957	51.015043	95.900000
E_7-8	ARO:3005072	ROB-13	65	51.146154	48.243077	71.600000
E_7-8	ARO:3005073	ROB-3	65	51.146154	48.243077	71.600000
E_7-8	ARO:3005074	ROB-4	65	51.035385	48.173846	71.600000
E_7-8	ARO:3005075	ROB-5	66	50.719697	48.451515	71.600000
E_7-8	ARO:3005076	ROB-6	64	51.256250	48.193750	71.600000
E_7-8	ARO:3005077	ROB-7	65	51.146154	48.243077	71.600000
E_7-8	ARO:3005078	ROB-8	64	51.256250	48.193750	71.600000
E_7-8	ARO:3005079	ROB-2	63	50.574603	47.580952	64.300000
E_7-8	ARO:3005080	ROB-10	65	51.146154	48.243077	71.600000
E_7-8	ARO:3005084	dfrA31	1398	46.903791	45.710372	91.700000
E_7-8	ARO:3005085	AAC(3)-IIg	103	61.789320	60.538835	93.200000
E_7-8	ARO:3005087	msrF	16236	47.552193	47.809362	90.900000
E_7-8	ARO:3005088	msrH	18090	47.692930	47.590774	90.500000
E_7-8	ARO:3005089	mef(D)	409	50.141565	46.956968	86.300000
E_7-8	ARO:3005090	RanB	3261	54.785342	52.664643	91.700000
E_7-8	ARO:3005091	RanA	17036	51.159638	48.664229	102.000000
E_7-8	ARO:3005093	OXA-899	80	50.313750	50.110000	72.400000
E_7-8	ARO:3005094	OXA-898	188	48.230851	50.488298	76.600000
E_7-8	ARO:3005096	GPC-1	120	51.094167	49.650833	96.700000
E_7-8	ARO:3005097	mecC-type_BlaZ	2	44.200000	39.300000	39.300000
E_7-8	ARO:3005098	qacL	1778	65.331834	60.856918	100.000000
E_7-8	ARO:3005099	Spyo_ErmA_MLSb	73	63.579452	60.241096	95.500000
E_7-8	ARO:3005100	FosB2	4	50.700000	37.750000	38.100000
E_7-8	ARO:3005111	blaS1	294	67.292177	69.346939	87.800000
E_7-8	ARO:3005112	AAC(6')-Ib-cr3	425	93.179059	90.559294	110.000000
E_7-8	ARO:3005114	AAC(6')-Ib-cr4	444	92.918694	89.897072	109.000000
E_7-8	ARO:3005115	AAC(6')-Ib-cr5	446	93.222197	89.939238	110.000000
E_7-8	ARO:3005116	AAC(6')-Ib-cr6	443	92.493002	89.423476	108.000000
E_7-8	ARO:3005117	AAC(6')-Ib-cr7	446	93.020852	89.689013	110.000000
E_7-8	ARO:3005118	AAC(6')-Ib-cr8	409	94.188998	90.483863	108.000000
E_7-8	ARO:3005119	AAC(6')-Ib-cr9	415	94.166024	90.320000	110.000000
E_7-8	ARO:3005121	lsaD	5766	44.358342	42.133975	92.400000
E_7-8	ARO:3005122	PDC-68	3	66.100000	60.100000	75.500000
E_7-8	ARO:3005123	PDC-70	9	57.122222	46.311111	67.800000
E_7-8	ARO:3005124	PDC-63	10	52.450000	53.740000	62.800000
E_7-8	ARO:3005125	PDC-57	18	48.522222	46.127778	67.400000
E_7-8	ARO:3005126	PDC-66	8	56.087500	53.012500	62.800000
E_7-8	ARO:3005129	PDC-51	7	55.828571	44.571429	67.800000
E_7-8	ARO:3005130	OXA-846	141	52.084397	55.716312	80.100000
E_7-8	ARO:3005131	NDM-29	2	73.950000	63.150000	64.300000
E_7-8	ARO:3005133	PDC-62	83	52.137349	51.525301	67.800000
E_7-8	ARO:3005134	PDC-43	1	69.400000	73.900000	73.900000
E_7-8	ARO:3005135	PDC-54	2	52.700000	46.200000	54.700000
E_7-8	ARO:3005136	OXA-906	91	53.709890	57.547253	80.100000
E_7-8	ARO:3005137	PDC-59	2	50.300000	59.850000	60.800000
E_7-8	ARO:3005138	OXA-850	114	51.028947	54.495614	80.100000
E_7-8	ARO:3005139	PDC-67	9	43.600000	40.577778	43.900000
E_7-8	ARO:3005140	PDC-56	9	57.122222	46.311111	67.800000
E_7-8	ARO:3005141	PDC-52	2	58.500000	55.250000	56.600000
E_7-8	ARO:3005143	PDC-240	3	51.700000	59.200000	59.700000
E_7-8	ARO:3005144	PDC-61	6	48.233333	42.300000	54.300000
E_7-8	ARO:3005145	PDC-45	7	55.828571	44.571429	67.800000
E_7-8	ARO:3005146	PDC-49	3	48.100000	54.833333	65.900000
E_7-8	ARO:3005148	PDC-48	3	62.366667	55.466667	75.900000
E_7-8	ARO:3005150	PAC-1	219	60.944292	58.757078	110.000000
E_7-8	ARO:3005151	PDC-53	7	55.828571	44.571429	67.800000
E_7-8	ARO:3005152	PDC-72	8	57.012500	47.425000	67.800000
E_7-8	ARO:3005153	PDC-69	1	51.000000	53.500000	53.500000
E_7-8	ARO:3005155	PDC-23	3	58.533333	65.066667	75.500000
E_7-8	ARO:3005156	PDC-28	7	55.828571	44.571429	67.800000
E_7-8	ARO:3005157	PDC-41	83	51.908434	51.071084	67.800000
E_7-8	ARO:3005158	OXA-668	24	73.691667	78.591667	104.000000
E_7-8	ARO:3005159	OXA-818	79	50.726582	49.206329	59.700000
E_7-8	ARO:3005160	OXA-812	10	49.950000	51.870000	75.900000
E_7-8	ARO:3005162	FosA7.5	142	58.315493	58.436620	92.400000
E_7-8	ARO:3005164	dfrA35	4292	55.322600	53.542824	84.000000
E_7-8	ARO:3005166	tet(X1)	458	59.345633	51.407642	89.700000
E_7-8	ARO:3005176	CMY-158	8	97.737500	103.625000	106.000000
E_7-8	ARO:3005177	CMY-173	6	97.650000	103.666667	106.000000
E_7-8	ARO:3005181	CMY-146	18	74.400000	81.355556	88.600000
E_7-8	ARO:3005185	CMY-140	18	74.400000	81.355556	88.600000
E_7-8	ARO:3005187	CMY-161	5	45.540000	41.120000	42.400000
E_7-8	ARO:3005188	CMY-165	1	59.500000	52.800000	52.800000
E_7-8	ARO:3005189	CMY-166	3	58.033333	49.133333	68.900000
E_7-8	ARO:3005196	CMY-141	1	65.300000	73.200000	73.200000
E_7-8	ARO:3005197	CMY-145	28	64.178571	65.121429	102.000000
E_7-8	ARO:3005198	CMY-157	36	65.238889	67.313889	95.100000
E_7-8	ARO:3005200	CMY-155	10	74.570000	79.880000	94.400000
E_7-8	ARO:3005208	SHV-222	3	86.000000	68.100000	100.000000
E_7-8	ARO:3005209	SHV-198	2	79.000000	68.850000	100.000000
E_7-8	ARO:3005210	SHV-195	2	69.000000	68.700000	71.200000
E_7-8	ARO:3005211	SHV-201	1	54.200000	57.000000	57.000000
E_7-8	ARO:3005212	SHV-212	1	49.000000	43.100000	43.100000
E_7-8	ARO:3005213	SHV-204	7	58.557143	55.428571	100.000000
E_7-8	ARO:3005214	SHV-197	2	71.950000	63.750000	67.800000
E_7-8	ARO:3005215	SHV-216	5	54.360000	53.980000	66.600000
E_7-8	ARO:3005216	CMY-152	6	82.183333	87.416667	105.000000
E_7-8	ARO:3005217	CMY-151	40	43.665000	55.515000	106.000000
E_7-8	ARO:3005219	CMY-144	17	60.747059	61.770588	97.100000
E_7-8	ARO:3005220	CMY-138	6	99.666667	106.166667	108.000000
E_7-8	ARO:3005221	MCR-3.41	1192	56.724664	59.528440	114.000000
E_7-8	ARO:3005222	OXA-544	948	64.248734	66.505907	115.000000
E_7-8	ARO:3005226	SHV-208	19	58.184211	60.847368	65.900000
E_7-8	ARO:3005231	SHV-219	1	44.000000	39.700000	39.700000
E_7-8	ARO:3005233	SHV-227	1	58.000000	59.300000	59.300000
E_7-8	ARO:3005234	SHV-223	6	64.500000	65.100000	75.900000
E_7-8	ARO:3005235	SHV-214	1	61.200000	64.700000	64.700000
E_7-8	ARO:3005236	SHV-207	1	46.800000	47.000000	47.000000
E_7-8	ARO:3005238	SHV-218	18	66.716667	68.216667	80.100000
E_7-8	ARO:3005239	SHV-193	8	50.787500	48.387500	54.700000
E_7-8	ARO:3005241	SHV-225	16	59.437500	55.787500	66.600000
E_7-8	ARO:3005242	SHV-209	4	67.225000	65.575000	71.200000
E_7-8	ARO:3005243	SHV-215	4	56.300000	62.800000	62.800000
E_7-8	ARO:3005244	ADC-181	2	50.550000	54.650000	60.800000
E_7-8	ARO:3005246	ADC-183	1	47.100000	48.500000	48.500000
E_7-8	ARO:3005249	SHV-203	2	56.050000	47.000000	47.400000
E_7-8	ARO:3005255	TEM-224	5	61.280000	56.920000	58.900000
E_7-8	ARO:3005256	TEM-225	12	60.275000	59.333333	64.700000
E_7-8	ARO:3005258	TEM-227	63	58.952381	49.534921	63.900000
E_7-8	ARO:3005260	TEM-229	5	57.080000	53.480000	58.200000
E_7-8	ARO:3005261	TEM-230	2	74.100000	78.750000	94.000000
E_7-8	ARO:3005269	TEM-238	64	63.375000	63.842188	72.000000
E_7-8	ARO:3005270	TEM-240	32	58.368750	57.540625	64.700000
E_7-8	ARO:3005271	TEM-241	41	60.348780	57.170732	68.200000
E_7-8	ARO:3005275	PDC-438	9	58.033333	60.011111	67.000000
E_7-8	ARO:3005276	PDC-284	5	58.860000	59.340000	75.500000
E_7-8	ARO:3005277	PDC-105	5	60.860000	58.380000	66.200000
E_7-8	ARO:3005279	PDC-324	2	61.650000	52.400000	55.100000
E_7-8	ARO:3005280	PDC-323	2	65.900000	62.400000	62.400000
E_7-8	ARO:3005281	PDC-258	1	42.900000	37.700000	37.700000
E_7-8	ARO:3005282	PDC-413	2	61.650000	52.400000	55.100000
E_7-8	ARO:3005283	PDC-384	14	49.728571	47.321429	75.500000
E_7-8	ARO:3005284	PDC-264	15	57.460000	50.653333	67.800000
E_7-8	ARO:3005285	PDC-201	3	51.700000	59.200000	59.700000
E_7-8	ARO:3005286	PDC-346	4	62.050000	49.025000	67.800000
E_7-8	ARO:3005288	PDC-337	2	52.500000	46.600000	46.600000
E_7-8	ARO:3005289	PDC-212	4	62.050000	49.025000	67.800000
E_7-8	ARO:3005290	PDC-352	5	54.420000	57.620000	59.700000
E_7-8	ARO:3005291	PDC-464	31	48.077419	45.258065	65.900000
E_7-8	ARO:3005292	PDC-19b	8	48.300000	44.012500	69.300000
E_7-8	ARO:3005293	PDC-380	2	45.950000	40.600000	43.500000
E_7-8	ARO:3005294	PDC-461	26	47.273077	43.384615	65.900000
E_7-8	ARO:3005295	PDC-19a	2	61.650000	52.400000	55.100000
E_7-8	ARO:3005296	PDC-272	1	49.000000	43.500000	43.500000
E_7-8	ARO:3005297	PDC-255	7	57.614286	53.385714	67.800000
E_7-8	ARO:3005299	PDC-183	7	57.642857	50.571429	67.800000
E_7-8	ARO:3005300	PDC-207	12	54.016667	58.383333	67.400000
E_7-8	ARO:3005301	PDC-306	1	51.100000	49.700000	49.700000
E_7-8	ARO:3005302	PDC-376	2	53.250000	41.200000	41.200000
E_7-8	ARO:3005303	PDC-117	10	56.200000	59.740000	70.900000
E_7-8	ARO:3005304	PDC-231	1	42.900000	37.700000	37.700000
E_7-8	ARO:3005305	PDC-104	8	53.875000	54.587500	68.600000
E_7-8	ARO:3005306	PDC-173	3	56.366667	39.133333	41.200000
E_7-8	ARO:3005307	PDC-292	3	47.066667	46.966667	62.800000
E_7-8	ARO:3005310	PDC-313	25	51.816000	44.400000	69.300000
E_7-8	ARO:3005312	PDC-429	1	57.400000	66.200000	66.200000
E_7-8	ARO:3005313	PDC-449	1	51.100000	49.700000	49.700000
E_7-8	ARO:3005314	OXA-540	966	63.845963	66.259317	115.000000
E_7-8	ARO:3005315	OXA-779	767	61.521121	64.951369	115.000000
E_7-8	ARO:3005316	OXA-838	802	67.921072	68.957731	115.000000
E_7-8	ARO:3005317	OXA-539	207	61.427536	64.632850	112.000000
E_7-8	ARO:3005318	OXA-543	511	75.328571	75.406262	115.000000
E_7-8	ARO:3005319	OXA-681	963	68.060748	70.387539	115.000000
E_7-8	ARO:3005320	OXA-737	807	66.656382	68.036059	115.000000
E_7-8	ARO:3005321	OXA-541	584	70.898288	71.884247	115.000000
E_7-8	ARO:3005322	OXA-835	727	61.910041	65.448006	115.000000
E_7-8	ARO:3005323	OXA-926	65	49.710769	47.676923	59.300000
E_7-8	ARO:3005324	OXA-570	194	47.956186	49.219072	73.600000
E_7-8	ARO:3005325	OXA-573	165	49.093939	50.013333	73.200000
E_7-8	ARO:3005326	OXA-571	203	47.287685	50.141379	74.700000
E_7-8	ARO:3005327	OXA-672	16	63.193750	65.543750	113.000000
E_7-8	ARO:3005328	OXA-671	11	57.936364	58.654545	110.000000
E_7-8	ARO:3005329	OXA-673	22	59.513636	61.404545	107.000000
E_7-8	ARO:3005330	OXA-931	25	69.728000	72.452000	106.000000
E_7-8	ARO:3005331	OXA-930	29	69.710345	72.120690	104.000000
E_7-8	ARO:3005332	OXA-895	50	67.278000	70.486000	106.000000
E_7-8	ARO:3005333	OXA-641	1458	54.224623	58.412140	111.000000
E_7-8	ARO:3005334	DfrA42_TMP	11	45.018182	39.200000	42.400000
E_7-8	ARO:3005335	OXA-496	36	54.400000	57.255556	97.100000
E_7-8	ARO:3005336	OXA-915	30	63.540000	68.630000	98.600000
E_7-8	ARO:3005337	OXA-647	30	51.876667	53.246667	98.600000
E_7-8	ARO:3005338	OXA-648	42	47.278571	48.697619	91.700000
E_7-8	ARO:3005339	OXA-646	39	49.602564	51.943590	93.200000
E_7-8	ARO:3005340	OXA-649	8	69.037500	74.712500	90.100000
E_7-8	ARO:3005341	OXA-897	2	63.200000	63.750000	85.100000
E_7-8	ARO:3005342	OXA-653	3	55.600000	59.033333	85.100000
E_7-8	ARO:3005343	OXA-499	6	68.300000	74.766667	89.000000
E_7-8	ARO:3005344	OXA-825	5	65.240000	71.620000	85.500000
E_7-8	ARO:3005345	DfrA43_TMP	1711	54.234015	51.831093	79.000000
E_7-8	ARO:3005346	DfrA34	3	35.100000	41.066667	43.100000
E_7-8	ARO:3005347	DfrA37	1072	53.758769	50.982090	107.000000
E_7-8	ARO:3005348	DfrA36	3007	49.095643	49.535850	98.600000
E_7-8	ARO:3005349	DfrA38	4036	55.000545	55.264519	92.000000
E_7-8	ARO:3005350	DfrB9	76	79.348684	73.063158	106.000000
E_7-8	ARO:3005351	DfrA39	4019	49.186862	51.438841	92.800000
E_7-8	ARO:3005354	dfr22	4055	50.343872	52.658027	102.000000
E_7-8	ARO:3005356	KPC-23	6	74.933333	73.800000	100.000000
E_7-8	ARO:3005358	KPC-26	4	95.925000	96.050000	102.000000
E_7-8	ARO:3005359	KPC-27	1	100.000000	99.400000	99.400000
E_7-8	ARO:3005361	KPC-28	34	63.973529	64.270588	102.000000
E_7-8	ARO:3005364	KPC-30	1	100.000000	102.000000	102.000000
E_7-8	ARO:3005365	KPC-33	1	100.000000	102.000000	102.000000
E_7-8	ARO:3005367	KPC-35	1	100.000000	102.000000	102.000000
E_7-8	ARO:3005369	KPC-37	27	47.162963	50.914815	102.000000
E_7-8	ARO:3005371	KPC-39	1	39.600000	38.500000	38.500000
E_7-8	ARO:3005372	KPC-40	1	47.100000	53.500000	53.500000
E_7-8	ARO:3005375	KPC-43	4	64.000000	63.400000	102.000000
E_7-8	ARO:3005376	KPC-45	4	65.325000	68.650000	102.000000
E_7-8	ARO:3005380	KPC-51	4	57.575000	57.000000	64.700000
E_7-8	ARO:3005385	KPC-57	1	61.200000	67.400000	67.400000
E_7-8	ARO:3005461	EBR-3	43	51.097674	57.193023	102.000000
E_7-8	ARO:3005462	EBR-4	43	50.481395	56.881395	102.000000
E_7-8	ARO:3005463	IMP-53	5	52.700000	51.600000	69.700000
E_7-8	ARO:3005464	IMP-54	16	45.862500	49.456250	114.000000
E_7-8	ARO:3005465	IMP-58	4	63.875000	68.925000	94.700000
E_7-8	ARO:3005466	IMP-59	33	47.715152	49.069697	104.000000
E_7-8	ARO:3005467	IMP-60	30	83.613333	81.116667	114.000000
E_7-8	ARO:3005468	IMP-61	36	77.547222	73.458333	116.000000
E_7-8	ARO:3005469	IMP-62	18	56.627778	49.983333	105.000000
E_7-8	ARO:3005470	IMP-63	9	59.911111	60.577778	93.600000
E_7-8	ARO:3005471	IMP-64	6	60.083333	58.533333	64.300000
E_7-8	ARO:3005472	IMP-65	14	44.992857	50.414286	114.000000
E_7-8	ARO:3005473	IMP-66	33	79.412121	76.242424	116.000000
E_7-8	ARO:3005474	IMP-67	6	60.083333	58.533333	64.300000
E_7-8	ARO:3005475	IMP-69	3	87.266667	96.933333	111.000000
E_7-8	ARO:3005476	IMP-70	34	79.838235	77.202941	116.000000
E_7-8	ARO:3005477	IMP-71	6	63.100000	68.566667	111.000000
E_7-8	ARO:3005478	IMP-73	9	60.188889	56.866667	94.000000
E_7-8	ARO:3005479	IMP-74	9	62.344444	56.055556	93.200000
E_7-8	ARO:3005480	IMP-75	7	65.742857	71.542857	111.000000
E_7-8	ARO:3005481	IMP-76	32	82.131250	79.434375	116.000000
E_7-8	ARO:3005482	IMP-77	35	79.968571	77.642857	116.000000
E_7-8	ARO:3005483	IMP-78	32	80.181250	77.493750	116.000000
E_7-8	ARO:3005484	IMP-79	32	81.375000	78.946875	115.000000
E_7-8	ARO:3005485	IMP-80	30	81.563333	78.953333	116.000000
E_7-8	ARO:3005486	IMP-81	15	57.673333	53.420000	95.500000
E_7-8	ARO:3005487	IMP-82	18	53.166667	53.655556	94.000000
E_7-8	ARO:3005488	IMP-83	5	56.920000	60.080000	87.000000
E_7-8	ARO:3005489	IMP-84	14	47.085714	50.678571	77.000000
E_7-8	ARO:3005490	IMP-85	16	60.793750	60.087500	105.000000
E_7-8	ARO:3005491	IMP-88	29	79.075862	75.758621	116.000000
E_7-8	ARO:3005492	IMP-89	25	48.196000	47.468000	88.200000
E_7-8	ARO:3005493	IND-16	8	50.112500	56.362500	75.100000
E_7-8	ARO:3005494	SIM-2	7	73.885714	69.671429	103.000000
E_7-8	ARO:3005495	VIM-47	5	53.960000	45.580000	63.500000
E_7-8	ARO:3005497	VIM-49	6	52.250000	49.866667	54.700000
E_7-8	ARO:3005499	VIM-51	1	42.900000	48.500000	48.500000
E_7-8	ARO:3005500	VIM-52	19	51.057895	58.342105	76.300000
E_7-8	ARO:3005502	VIM-54	3	52.100000	39.766667	41.600000
E_7-8	ARO:3005503	VIM-55	16	50.237500	54.593750	72.000000
E_7-8	ARO:3005505	VIM-57	12	49.066667	56.933333	71.600000
E_7-8	ARO:3005507	VIM-59	15	49.640000	58.106667	70.900000
E_7-8	ARO:3005508	VIM-60	10	50.300000	53.490000	65.500000
E_7-8	ARO:3005509	VIM-61	19	49.057895	53.957895	64.700000
E_7-8	ARO:3005513	VIM-65	1	42.900000	48.500000	48.500000
E_7-8	ARO:3005514	VIM-66	10	50.300000	53.490000	65.500000
E_7-8	ARO:3005516	VIM-68	10	48.010000	56.890000	70.900000
E_7-8	ARO:3005517	VIM-69	21	52.209524	54.490476	67.800000
E_7-8	ARO:3005518	VIM-70	3	46.533333	48.266667	59.700000
E_7-8	ARO:3005519	VIM-71	12	50.325000	53.916667	68.200000
E_7-8	ARO:3005522	BlaB-1	52	50.361538	60.567308	80.900000
E_7-8	ARO:3005523	BlaB-10	37	47.840541	55.467568	74.700000
E_7-8	ARO:3005524	BlaB-11	52	50.361538	60.567308	80.900000
E_7-8	ARO:3005525	BlaB-12	36	47.563889	56.336111	74.700000
E_7-8	ARO:3005526	BlaB-13	44	48.575000	57.515909	77.400000
E_7-8	ARO:3005527	BlaB-14	54	50.257407	60.550000	80.900000
E_7-8	ARO:3005528	BlaB-15	44	47.965909	58.100000	77.800000
E_7-8	ARO:3005529	BlaB-16	49	50.175510	60.951020	79.300000
E_7-8	ARO:3005530	BlaB-17	50	50.458000	60.648000	80.900000
E_7-8	ARO:3005531	BlaB-18	50	50.462000	60.702000	80.900000
E_7-8	ARO:3005532	BlaB-19	33	47.693939	55.927273	74.700000
E_7-8	ARO:3005533	BlaB-2	50	50.458000	60.648000	80.900000
E_7-8	ARO:3005534	BlaB-20	50	50.462000	60.702000	80.900000
E_7-8	ARO:3005535	BlaB-22	30	48.703333	58.270000	77.800000
E_7-8	ARO:3005536	BlaB-23	20	48.840000	54.735000	77.400000
E_7-8	ARO:3005537	BlaB-24	36	47.586111	56.250000	77.800000
E_7-8	ARO:3005538	BlaB-25	35	47.485714	56.042857	77.800000
E_7-8	ARO:3005539	BlaB-26	26	46.611538	53.511538	64.700000
E_7-8	ARO:3005540	BlaB-27	16	46.856250	54.418750	64.700000
E_7-8	ARO:3005541	BlaB-28	25	46.392000	56.040000	72.000000
E_7-8	ARO:3005542	BlaB-29	32	51.268750	63.012500	80.500000
E_7-8	ARO:3005543	BlaB-3	14	48.014286	51.235714	57.400000
E_7-8	ARO:3005544	BlaB-30	41	50.729268	62.307317	80.900000
E_7-8	ARO:3005545	BlaB-31	22	52.795455	64.727273	79.700000
E_7-8	ARO:3005546	BlaB-32	42	50.347619	62.066667	80.900000
E_7-8	ARO:3005547	BlaB-33	36	51.330556	63.483333	80.900000
E_7-8	ARO:3005548	BlaB-34	19	47.684211	57.131579	77.800000
E_7-8	ARO:3005549	BlaB-35	29	47.479310	52.710345	69.300000
E_7-8	ARO:3005550	BlaB-36	26	47.253846	57.696154	77.800000
E_7-8	ARO:3005551	BlaB-38	39	49.966667	60.920513	79.300000
E_7-8	ARO:3005552	BlaB-39	14	46.042857	53.200000	64.700000
E_7-8	ARO:3005553	BlaB-5	30	47.430000	56.346667	77.400000
E_7-8	ARO:3005554	BlaB-6	28	47.635714	55.989286	75.100000
E_7-8	ARO:3005555	BlaB-7	33	47.460606	55.163636	74.700000
E_7-8	ARO:3005556	BlaB-8	39	47.251282	54.797436	74.700000
E_7-8	ARO:3005557	BlaB-9	42	47.561905	54.873810	75.100000
E_7-8	ARO:3005558	BUT-2	136	51.602206	52.200735	90.500000
E_7-8	ARO:3005559	CARB-11	119	67.548739	67.621849	107.000000
E_7-8	ARO:3005560	CARB-24	151	61.743709	61.107285	73.900000
E_7-8	ARO:3005561	CARB-25	120	62.170000	60.902500	73.900000
E_7-8	ARO:3005562	CARB-26	86	63.012791	62.020930	73.900000
E_7-8	ARO:3005563	CARB-27	89	63.140449	62.297753	73.900000
E_7-8	ARO:3005564	CARB-28	107	58.366355	58.973832	73.900000
E_7-8	ARO:3005565	CARB-29	77	61.388312	60.532468	73.900000
E_7-8	ARO:3005566	CARB-30	36	62.430556	61.552778	68.200000
E_7-8	ARO:3005567	CARB-31	68	61.511765	60.252941	69.700000
E_7-8	ARO:3005568	CARB-32	17	57.235294	54.764706	63.900000
E_7-8	ARO:3005569	CARB-33	54	61.651852	60.470370	75.100000
E_7-8	ARO:3005570	CARB-34	18	55.494444	54.877778	70.500000
E_7-8	ARO:3005571	CARB-35	52	62.405769	61.598077	69.700000
E_7-8	ARO:3005572	CARB-36	78	61.393590	60.826923	69.700000
E_7-8	ARO:3005573	CARB-38	45	61.888889	60.546667	69.700000
E_7-8	ARO:3005574	CARB-40	33	62.730303	61.318182	69.700000
E_7-8	ARO:3005575	CARB-41	26	64.011538	63.038462	69.700000
E_7-8	ARO:3005576	CARB-42	209	60.761244	61.963636	71.600000
E_7-8	ARO:3005577	CARB-43	91	65.029670	63.015385	70.500000
E_7-8	ARO:3005578	CARB-44	22	59.377273	58.372727	68.200000
E_7-8	ARO:3005579	CARB-45	10	56.490000	55.100000	70.500000
E_7-8	ARO:3005580	CARB-46	147	64.858503	63.068027	70.900000
E_7-8	ARO:3005581	CARB-47	11	56.763636	55.827273	68.200000
E_7-8	ARO:3005582	CARB-48	15	56.660000	55.953333	67.800000
E_7-8	ARO:3005583	CARB-49	466	59.954506	63.842060	108.000000
E_7-8	ARO:3005584	CARB-50	457	59.954048	64.017068	108.000000
E_7-8	ARO:3005585	CARB-51	154	65.728571	66.877922	110.000000
E_7-8	ARO:3005586	CARB-52	119	65.715966	68.667227	103.000000
E_7-8	ARO:3005587	CARB-53	108	68.487037	68.487037	110.000000
E_7-8	ARO:3005588	CARB-54	515	60.545825	64.083883	108.000000
E_7-8	ARO:3005589	CARB-55	91	71.019780	70.140659	108.000000
E_7-8	ARO:3005592	CTX-M-169	1	100.000000	104.000000	104.000000
E_7-8	ARO:3005593	CTX-M-170	3	54.133333	51.733333	52.400000
E_7-8	ARO:3005594	CTX-M-171	14	63.578571	66.492857	103.000000
E_7-8	ARO:3005596	CTX-M-173	2	61.200000	64.700000	64.700000
E_7-8	ARO:3005597	CTX-M-174	15	60.413333	63.513333	80.100000
E_7-8	ARO:3005598	CTX-M-175	2	54.300000	53.150000	53.900000
E_7-8	ARO:3005599	CTX-M-176	1	45.500000	44.700000	44.700000
E_7-8	ARO:3005602	CTX-M-179	7	54.242857	56.985714	79.700000
E_7-8	ARO:3005603	CTX-M-180	9	50.077778	55.533333	59.300000
E_7-8	ARO:3005605	CTX-M-182	1	46.000000	44.700000	44.700000
E_7-8	ARO:3005606	CTX-M-183	1	59.200000	53.900000	53.900000
E_7-8	ARO:3005608	CTX-M-185	24	56.620833	55.441667	68.600000
E_7-8	ARO:3005613	CTX-M-190	1	55.300000	52.400000	52.400000
E_7-8	ARO:3005615	CTX-M-192	7	57.614286	61.385714	66.600000
E_7-8	ARO:3005616	CTX-M-193	3	46.533333	46.100000	51.600000
E_7-8	ARO:3005618	CTX-M-195	20	57.675000	59.340000	80.100000
E_7-8	ARO:3005619	CTX-M-196	13	58.407692	62.030769	80.100000
E_7-8	ARO:3005621	CTX-M-198	1	56.000000	49.300000	49.300000
E_7-8	ARO:3005622	CTX-M-199	24	58.445833	58.916667	80.900000
E_7-8	ARO:3005623	CTX-M-200	7	69.014286	69.585714	100.000000
E_7-8	ARO:3005625	CTX-M-202	7	55.000000	61.400000	80.500000
E_7-8	ARO:3005627	CTX-M-204	5	57.040000	57.020000	64.700000
E_7-8	ARO:3005628	CTX-M-205	25	57.580000	56.000000	70.100000
E_7-8	ARO:3005630	CTX-M-207	4	53.100000	54.775000	61.200000
E_7-8	ARO:3005631	CTX-M-208	7	54.857143	60.057143	71.600000
E_7-8	ARO:3005635	CTX-M-212	1	55.300000	52.400000	52.400000
E_7-8	ARO:3005636	CTX-M-213	8	59.200000	54.212500	65.900000
E_7-8	ARO:3005637	CTX-M-214	11	51.881818	50.618182	58.200000
E_7-8	ARO:3005640	CTX-M-217	24	56.241667	57.204167	80.900000
E_7-8	ARO:3005642	CTX-M-219	9	56.755556	57.222222	75.100000
E_7-8	ARO:3005643	CTX-M-220	8	44.887500	43.787500	61.600000
E_7-8	ARO:3005644	CTX-M-221	12	50.608333	54.175000	59.300000
E_7-8	ARO:3005645	CTX-M-222	4	61.650000	63.650000	65.100000
E_7-8	ARO:3005646	CTX-M-223	18	55.800000	57.677778	80.100000
E_7-8	ARO:3005648	CTX-M-225	2	70.400000	81.100000	81.300000
E_7-8	ARO:3005651	CTX-M-228	5	52.000000	51.980000	58.500000
E_7-8	ARO:3005652	CTX-M-229	22	61.086364	64.336364	103.000000
E_7-8	ARO:3005654	CTX-M-231	1	41.700000	42.700000	42.700000
E_7-8	ARO:3005655	CTX-M-232	1	59.200000	54.300000	54.300000
E_7-8	ARO:3005656	CTX-M-233	13	60.530769	62.623077	80.100000
E_7-8	ARO:3005657	CTX-M-234	28	58.089286	59.400000	80.900000
E_7-8	ARO:3005658	CTX-M-235	3	53.333333	53.666667	56.200000
E_7-8	ARO:3005660	CTX-M-237	4	58.850000	55.100000	65.500000
E_7-8	ARO:3005662	CTX-M-239	7	57.614286	61.385714	66.600000
E_7-8	ARO:3005663	CTX-M-240	10	57.930000	61.890000	69.700000
E_7-8	ARO:3005664	CTX-M-241	41	54.324390	54.087805	89.400000
E_7-8	ARO:3005665	CTX-M-242	14	60.028571	63.607143	77.000000
E_7-8	ARO:3005667	CTX-M-97	9	65.433333	70.911111	103.000000
E_7-8	ARO:3005668	GOB-19	35	53.577143	55.437143	83.200000
E_7-8	ARO:3005669	GOB-20	92	53.701087	55.341304	78.600000
E_7-8	ARO:3005670	GOB-21	85	54.621176	56.354118	80.100000
E_7-8	ARO:3005671	GOB-22	81	56.664198	57.416049	82.800000
E_7-8	ARO:3005672	GOB-23	56	53.467857	54.232143	83.200000
E_7-8	ARO:3005673	GOB-24	77	52.284416	47.448052	82.400000
E_7-8	ARO:3005674	GOB-25	44	51.665909	53.609091	83.200000
E_7-8	ARO:3005675	GOB-26	39	55.617949	56.864103	85.500000
E_7-8	ARO:3005676	GOB-27	78	56.917949	57.980769	82.800000
E_7-8	ARO:3005677	GOB-28	90	51.814444	49.185556	82.400000
E_7-8	ARO:3005678	GOB-29	37	56.572973	53.686486	83.200000
E_7-8	ARO:3005679	GOB-30	89	53.688764	49.705618	82.400000
E_7-8	ARO:3005680	GOB-31	30	55.680000	53.190000	84.700000
E_7-8	ARO:3005681	GOB-32	45	56.820000	58.055556	83.200000
E_7-8	ARO:3005682	GOB-33	31	65.006452	65.561290	86.700000
E_7-8	ARO:3005683	GOB-34	34	58.355882	59.732353	80.100000
E_7-8	ARO:3005684	GOB-35	39	60.830769	62.787179	84.000000
E_7-8	ARO:3005685	GOB-36	31	61.541935	62.606452	81.600000
E_7-8	ARO:3005686	GOB-37	34	61.467647	63.494118	85.500000
E_7-8	ARO:3005687	GOB-38	70	52.934286	56.788571	80.100000
E_7-8	ARO:3005688	GOB-39	64	52.473438	56.040625	80.100000
E_7-8	ARO:3005689	GOB-40	79	52.551899	48.448101	81.300000
E_7-8	ARO:3005690	GOB-41	99	51.001010	49.816162	80.500000
E_7-8	ARO:3005691	GOB-42	53	52.266038	56.633962	79.300000
E_7-8	ARO:3005692	GOB-43	96	51.429167	48.830208	81.300000
E_7-8	ARO:3005693	GOB-44	78	56.628205	59.230769	82.800000
E_7-8	ARO:3005694	GOB-45	92	51.363043	48.595652	81.300000
E_7-8	ARO:3005695	GOB-46	75	56.258667	58.526667	82.800000
E_7-8	ARO:3005696	GOB-48	54	51.231481	54.379630	73.200000
E_7-8	ARO:3005697	GOB-49	26	54.992308	53.442308	83.200000
E_7-8	ARO:3005698	GOB-50	53	52.516981	56.175472	78.600000
E_7-8	ARO:3005699	GOB-51	35	60.797143	62.557143	82.800000
E_7-8	ARO:3005700	NDM-30	1	47.900000	62.000000	62.000000
E_7-8	ARO:3005701	NDM-31	1	47.900000	62.000000	62.000000
E_7-8	ARO:3005702	OXA-114b	65	48.181538	47.312308	86.700000
E_7-8	ARO:3005703	OXA-114c	53	49.156604	47.345283	87.000000
E_7-8	ARO:3005704	OXA-114d	37	47.848649	47.891892	86.700000
E_7-8	ARO:3005705	OXA-114e	53	47.709434	46.232075	88.200000
E_7-8	ARO:3005706	OXA-114f	52	48.798077	47.407692	88.200000
E_7-8	ARO:3005707	OXA-114g	57	48.924561	46.685965	67.400000
E_7-8	ARO:3005708	OXA-114h	44	48.900000	47.736364	88.200000
E_7-8	ARO:3005709	OXA-114i	43	47.158140	46.132558	67.400000
E_7-8	ARO:3005710	OXA-114j	29	48.796552	46.610345	67.400000
E_7-8	ARO:3005711	OXA-114k	37	46.508108	44.694595	53.100000
E_7-8	ARO:3005712	OXA-114l	36	47.491667	45.772222	67.400000
E_7-8	ARO:3005713	OXA-114m	33	48.666667	47.227273	87.000000
E_7-8	ARO:3005714	OXA-114n	30	49.816667	47.230000	67.400000
E_7-8	ARO:3005715	OXA-114p	24	50.179167	47.137500	61.600000
E_7-8	ARO:3005716	OXA-114q	23	50.826087	48.856522	88.200000
E_7-8	ARO:3005717	OXA-114r	23	48.473913	45.917391	67.400000
E_7-8	ARO:3005718	OXA-114s	32	47.396875	46.109375	87.000000
E_7-8	ARO:3005719	OXA-114t	17	48.876471	45.535294	67.400000
E_7-8	ARO:3005720	OXA-114u	19	53.589474	48.673684	62.400000
E_7-8	ARO:3005721	OXA-114v	30	48.316667	46.870000	67.400000
E_7-8	ARO:3005722	OXA-114w	25	48.140000	46.792000	87.000000
E_7-8	ARO:3005723	OXA-114x	15	49.820000	45.873333	67.400000
E_7-8	ARO:3005724	OXA-489	35	50.385714	44.737143	58.900000
E_7-8	ARO:3005725	OXA-491	2906	68.818100	72.441156	110.000000
E_7-8	ARO:3005726	OXA-493	65	48.292308	45.538462	54.300000
E_7-8	ARO:3005727	OXA-494	161	54.668323	55.921118	80.100000
E_7-8	ARO:3005729	OXA-498	43	86.430233	82.832558	111.000000
E_7-8	ARO:3005730	OXA-500	8	81.025000	85.500000	104.000000
E_7-8	ARO:3005731	OXA-501	7	78.600000	82.642857	97.800000
E_7-8	ARO:3005732	OXA-502	9	75.577778	80.222222	103.000000
E_7-8	ARO:3005733	OXA-503	8	80.775000	85.587500	103.000000
E_7-8	ARO:3005734	OXA-504	256	85.063672	83.232422	114.000000
E_7-8	ARO:3005735	OXA-505	46	52.506522	58.217391	104.000000
E_7-8	ARO:3005736	OXA-506	7	74.700000	77.757143	99.000000
E_7-8	ARO:3005737	OXA-507	1	38.800000	37.700000	37.700000
E_7-8	ARO:3005740	OXA-510	2	73.600000	73.050000	103.000000
E_7-8	ARO:3005742	OXA-512	36	79.138889	80.188889	107.000000
E_7-8	ARO:3005743	OXA-513	91	48.668132	49.125275	102.000000
E_7-8	ARO:3005744	OXA-514	49	49.989796	54.875510	68.600000
E_7-8	ARO:3005745	OXA-515	97	50.992784	56.463918	104.000000
E_7-8	ARO:3005746	OXA-516	1	74.000000	77.000000	77.000000
E_7-8	ARO:3005747	OXA-517	413	52.255690	52.333656	110.000000
E_7-8	ARO:3005748	OXA-518	52	46.515385	45.353846	54.300000
E_7-8	ARO:3005749	OXA-519	24	44.566667	50.570833	64.300000
E_7-8	ARO:3005750	OXA-520	865	92.921272	87.576069	111.000000
E_7-8	ARO:3005752	OXA-522	2	53.600000	57.200000	75.500000
E_7-8	ARO:3005753	OXA-523	1	48.800000	47.000000	47.000000
E_7-8	ARO:3005756	OXA-526	6	80.816667	83.966667	99.000000
E_7-8	ARO:3005757	OXA-527	7	48.128571	56.085714	70.100000
E_7-8	ARO:3005763	OXA-533	12	65.291667	70.341667	106.000000
E_7-8	ARO:3005764	OXA-534	334	86.048802	82.360778	112.000000
E_7-8	ARO:3005765	OXA-536	1	46.000000	49.300000	49.300000
E_7-8	ARO:3005766	OXA-537	20	60.390000	59.775000	91.700000
E_7-8	ARO:3005767	OXA-538	306	53.044444	59.977451	104.000000
E_7-8	ARO:3005768	OXA-542	11	56.027273	54.709091	87.800000
E_7-8	ARO:3005770	OXA-546	152	49.486184	50.700000	68.600000
E_7-8	ARO:3005771	OXA-547	149	49.404698	50.593289	64.300000
E_7-8	ARO:3005772	OXA-548	401	50.967581	50.788030	65.900000
E_7-8	ARO:3005773	OXA-549	401	50.769825	50.686783	65.900000
E_7-8	ARO:3005774	OXA-550	393	50.842748	50.828244	65.900000
E_7-8	ARO:3005775	OXA-551	455	50.957582	49.894066	67.800000
E_7-8	ARO:3005776	OXA-552	397	50.714106	50.687154	65.900000
E_7-8	ARO:3005777	OXA-553	391	50.937596	50.893095	65.900000
E_7-8	ARO:3005785	OXA-561	7	66.457143	71.185714	85.500000
E_7-8	ARO:3005786	OXA-562	2	60.000000	70.100000	70.100000
E_7-8	ARO:3005787	OXA-563	2	69.450000	73.200000	104.000000
E_7-8	ARO:3005788	OXA-564	8	63.562500	67.450000	87.800000
E_7-8	ARO:3005789	OXA-565	3	50.200000	43.633333	50.100000
E_7-8	ARO:3005790	OXA-566	42	47.633333	50.695238	64.300000
E_7-8	ARO:3005791	OXA-567	369	54.342005	56.023035	110.000000
E_7-8	ARO:3005792	OXA-568	30	47.910000	48.783333	79.300000
E_7-8	ARO:3005793	OXA-569	99	52.565657	53.626263	70.900000
E_7-8	ARO:3005794	OXA-572	103	51.676699	52.033981	70.500000
E_7-8	ARO:3005795	OXA-574	90	53.515556	54.633333	70.900000
E_7-8	ARO:3005796	OXA-575	17	49.711765	49.264706	66.600000
E_7-8	ARO:3005797	OXA-576	35	50.540000	43.520000	57.800000
E_7-8	ARO:3005798	OXA-577	24	49.137500	42.604167	50.400000
E_7-8	ARO:3005799	OXA-578	24	50.129167	43.762500	57.800000
E_7-8	ARO:3005800	OXA-579	13	48.069231	44.192308	57.800000
E_7-8	ARO:3005801	OXA-580	16	47.281250	43.168750	57.800000
E_7-8	ARO:3005802	OXA-581	22	48.931818	42.595455	57.800000
E_7-8	ARO:3005803	OXA-582	12	51.916667	43.141667	57.800000
E_7-8	ARO:3005804	OXA-583	21	50.452381	42.390476	49.700000
E_7-8	ARO:3005805	OXA-584	14	51.507143	42.421429	50.400000
E_7-8	ARO:3005806	OXA-585	7	49.500000	42.500000	50.400000
E_7-8	ARO:3005807	OXA-586	2	52.150000	42.350000	42.700000
E_7-8	ARO:3005809	OXA-588	14	49.428571	42.671429	52.000000
E_7-8	ARO:3005810	OXA-589	24	48.700000	44.175000	47.800000
E_7-8	ARO:3005812	OXA-591	5	46.020000	44.200000	45.800000
E_7-8	ARO:3005814	OXA-593	7	54.828571	50.014286	57.400000
E_7-8	ARO:3005816	OXA-595	35	49.734286	47.177143	53.900000
E_7-8	ARO:3005817	OXA-596	5	46.020000	44.200000	45.800000
E_7-8	ARO:3005819	OXA-598	18	51.388889	43.550000	57.800000
E_7-8	ARO:3005820	OXA-599	44	48.631818	44.629545	58.900000
E_7-8	ARO:3005821	OXA-600	5	43.440000	39.280000	40.400000
E_7-8	ARO:3005822	OXA-601	51	50.364706	45.058824	53.900000
E_7-8	ARO:3005823	OXA-602	49	50.000000	43.261224	57.800000
E_7-8	ARO:3005824	OXA-603	42	49.359524	43.811905	57.800000
E_7-8	ARO:3005825	OXA-604	43	49.627907	43.853488	57.800000
E_7-8	ARO:3005828	OXA-607	47	50.057447	43.682979	57.800000
E_7-8	ARO:3005832	OXA-611	4	45.625000	42.650000	49.300000
E_7-8	ARO:3005833	OXA-612	1	40.000000	38.900000	38.900000
E_7-8	ARO:3005834	OXA-613	8	46.062500	41.437500	50.100000
E_7-8	ARO:3005835	OXA-614	7	45.500000	40.200000	44.300000
E_7-8	ARO:3005836	OXA-615	18	50.405556	41.527778	44.300000
E_7-8	ARO:3005837	OXA-616	26	53.661538	45.534615	59.700000
E_7-8	ARO:3005838	OXA-617	17	57.476471	46.658824	59.700000
E_7-8	ARO:3005839	OXA-618	22	55.545455	46.200000	56.600000
E_7-8	ARO:3005840	OXA-619	16	54.662500	43.287500	55.100000
E_7-8	ARO:3005841	OXA-620	19	51.926316	41.836842	44.700000
E_7-8	ARO:3005842	OXA-621	24	49.279167	41.841667	50.400000
E_7-8	ARO:3005843	OXA-622	25	51.072000	43.552000	50.400000
E_7-8	ARO:3005844	OXA-623	22	50.045455	44.281818	59.700000
E_7-8	ARO:3005845	OXA-624	24	51.304167	43.541667	50.400000
E_7-8	ARO:3005846	OXA-625	21	47.276190	44.961905	59.700000
E_7-8	ARO:3005847	OXA-626	19	47.389474	45.110526	59.700000
E_7-8	ARO:3005848	OXA-627	20	50.855000	44.575000	59.700000
E_7-8	ARO:3005849	OXA-628	14	47.728571	44.235714	55.500000
E_7-8	ARO:3005850	OXA-629	17	48.523529	45.941176	59.700000
E_7-8	ARO:3005851	OXA-630	18	48.433333	46.250000	59.700000
E_7-8	ARO:3005852	OXA-631	16	48.006250	46.256250	59.700000
E_7-8	ARO:3005853	OXA-632	15	48.346667	46.773333	59.700000
E_7-8	ARO:3005854	OXA-633	18	47.944444	45.672222	59.700000
E_7-8	ARO:3005855	OXA-634	15	48.200000	46.726667	59.700000
E_7-8	ARO:3005856	OXA-635	12	48.050000	45.433333	59.700000
E_7-8	ARO:3005857	OXA-636	23	51.582609	44.078261	59.700000
E_7-8	ARO:3005858	OXA-637	15	45.440000	43.306667	54.300000
E_7-8	ARO:3005859	OXA-638	31	51.264516	43.854839	59.700000
E_7-8	ARO:3005860	OXA-639	24	51.091667	42.183333	50.100000
E_7-8	ARO:3005861	OXA-640	8	43.637500	42.062500	50.100000
E_7-8	ARO:3005862	OXA-642	2	96.000000	101.400000	105.000000
E_7-8	ARO:3005863	OXA-643	61	72.518033	71.768852	109.000000
E_7-8	ARO:3005864	OXA-644	67	71.874627	71.485075	107.000000
E_7-8	ARO:3005865	OXA-645	77	70.996104	70.623377	111.000000
E_7-8	ARO:3005866	OXA-650	70	72.950000	72.212857	113.000000
E_7-8	ARO:3005867	OXA-651	80	71.593750	71.113750	109.000000
E_7-8	ARO:3005868	OXA-652	74	71.654054	71.020270	111.000000
E_7-8	ARO:3005869	OXA-654	9	56.355556	58.077778	84.700000
E_7-8	ARO:3005870	OXA-655	811	89.758446	86.815413	111.000000
E_7-8	ARO:3005871	OXA-656	1026	87.366569	85.677096	111.000000
E_7-8	ARO:3005872	OXA-657	18	46.383333	50.461111	57.400000
E_7-8	ARO:3005873	OXA-658	18	52.844444	45.188889	59.700000
E_7-8	ARO:3005874	OXA-659	5	46.020000	44.200000	45.800000
E_7-8	ARO:3005875	OXA-660	47	49.806383	43.729787	57.800000
E_7-8	ARO:3005876	OXA-661	7	56.128571	59.628571	77.800000
E_7-8	ARO:3005877	OXA-662	63	70.841270	71.015873	109.000000
E_7-8	ARO:3005878	OXA-666	12	58.466667	59.833333	92.400000
E_7-8	ARO:3005879	OXA-667	25	73.348000	77.880000	104.000000
E_7-8	ARO:3005880	OXA-669	18	69.355556	74.533333	96.700000
E_7-8	ARO:3005881	OXA-670	9	56.500000	56.800000	108.000000
E_7-8	ARO:3005882	OXA-674	18	62.744444	64.322222	113.000000
E_7-8	ARO:3005883	OXA-675	332	85.213855	81.436747	111.000000
E_7-8	ARO:3005884	OXA-676	330	81.569091	76.779697	111.000000
E_7-8	ARO:3005885	OXA-677	858	92.850583	87.203846	111.000000
E_7-8	ARO:3005886	OXA-678	1	58.300000	55.100000	55.100000
E_7-8	ARO:3005887	OXA-679	15	57.046667	58.620000	79.000000
E_7-8	ARO:3005890	OXA-683	4	53.450000	57.500000	60.500000
E_7-8	ARO:3005893	OXA-686	15	47.286667	50.626667	60.500000
E_7-8	ARO:3005906	OXA-699	3	54.533333	57.366667	84.000000
E_7-8	ARO:3005907	OXA-700	3	38.600000	45.800000	45.800000
E_7-8	ARO:3005908	OXA-701	2	62.000000	71.200000	71.200000
E_7-8	ARO:3005909	OXA-702	1	49.000000	50.800000	50.800000
E_7-8	ARO:3005910	OXA-703	2	62.250000	65.300000	83.600000
E_7-8	ARO:3005912	OXA-705	3	40.966667	40.566667	41.600000
E_7-8	ARO:3005922	OXA-715	2	62.000000	71.200000	71.200000
E_7-8	ARO:3005927	OXA-720	3	40.966667	40.566667	41.600000
E_7-8	ARO:3005929	OXA-722	3	40.966667	40.566667	41.600000
E_7-8	ARO:3005931	OXA-726	254	69.368110	72.456299	108.000000
E_7-8	ARO:3005932	OXA-727	17	72.458824	72.217647	97.100000
E_7-8	ARO:3005933	OXA-728	31	69.867742	71.712903	96.700000
E_7-8	ARO:3005934	OXA-729	198	49.296465	50.140404	68.900000
E_7-8	ARO:3005935	OXA-730	13	58.838462	60.115385	79.000000
E_7-8	ARO:3005936	OXA-731	348	50.564368	51.980747	67.400000
E_7-8	ARO:3005937	OXA-732	1249	61.087190	65.324019	118.000000
E_7-8	ARO:3005938	OXA-733	1	48.800000	47.000000	47.000000
E_7-8	ARO:3005940	OXA-735	8	50.850000	53.450000	60.500000
E_7-8	ARO:3005941	OXA-736	321	85.071340	80.147975	111.000000
E_7-8	ARO:3005943	OXA-739	7	51.814286	54.742857	60.800000
E_7-8	ARO:3005951	OXA-747	3	40.966667	40.566667	41.600000
E_7-8	ARO:3005952	OXA-748	3	43.133333	42.500000	46.600000
E_7-8	ARO:3005953	OXA-749	2	41.250000	40.450000	41.600000
E_7-8	ARO:3005954	OXA-750	2	41.250000	40.450000	41.600000
E_7-8	ARO:3005959	OXA-755	12	64.766667	66.275000	68.200000
E_7-8	ARO:3005962	OXA-758	3	38.600000	45.800000	45.800000
E_7-8	ARO:3005970	OXA-766	5	68.120000	78.580000	86.300000
E_7-8	ARO:3005971	OXA-767	3	38.600000	46.200000	46.200000
E_7-8	ARO:3005978	OXA-774	2	41.250000	40.450000	41.600000
E_7-8	ARO:3005981	OXA-777	25	49.112000	53.676000	77.000000
E_7-8	ARO:3005982	OXA-778	5	83.300000	86.880000	106.000000
E_7-8	ARO:3005983	OXA-780	257	84.763424	82.144358	113.000000
E_7-8	ARO:3005986	OXA-783	8	46.650000	46.587500	59.700000
E_7-8	ARO:3005987	OXA-784	24	47.666667	43.612500	47.800000
E_7-8	ARO:3005988	OXA-785	18	47.005556	45.311111	59.700000
E_7-8	ARO:3005989	OXA-786	48	49.847917	43.566667	57.800000
E_7-8	ARO:3005990	OXA-787	90	49.064444	49.130000	102.000000
E_7-8	ARO:3005991	OXA-788	775	52.151613	54.367097	110.000000
E_7-8	ARO:3005992	OXA-789	85	48.987059	48.852941	102.000000
E_7-8	ARO:3005993	OXA-793	374	52.553743	52.755348	110.000000
E_7-8	ARO:3005994	OXA-794	824	93.700607	88.137621	111.000000
E_7-8	ARO:3005995	OXA-795	879	92.187144	86.839022	111.000000
E_7-8	ARO:3005996	OXA-796	333	86.235736	82.500601	112.000000
E_7-8	ARO:3005998	OXA-798	4	53.450000	57.500000	60.500000
E_7-8	ARO:3005999	OXA-799	1	47.700000	44.700000	44.700000
E_7-8	ARO:3006001	OXA-801	4	65.475000	69.325000	90.900000
E_7-8	ARO:3006002	OXA-802	22	50.950000	55.868182	90.900000
E_7-8	ARO:3006003	OXA-803	6	85.616667	89.316667	106.000000
E_7-8	ARO:3006004	OXA-804	5	47.580000	50.980000	77.000000
E_7-8	ARO:3006005	OXA-805	1	69.200000	73.900000	73.900000
E_7-8	ARO:3006006	OXA-806	4	50.275000	45.225000	53.100000
E_7-8	ARO:3006007	OXA-807	67	51.082090	49.365672	59.700000
E_7-8	ARO:3006008	OXA-808	66	51.183333	49.542424	59.700000
E_7-8	ARO:3006009	OXA-809	7	49.700000	54.128571	75.900000
E_7-8	ARO:3006010	OXA-810	2	47.500000	47.950000	50.100000
E_7-8	ARO:3006011	OXA-811	3	52.233333	47.733333	53.100000
E_7-8	ARO:3006013	OXA-814	66	51.183333	49.542424	59.700000
E_7-8	ARO:3006014	OXA-815	23	46.234783	46.391304	58.500000
E_7-8	ARO:3006015	OXA-816	6	49.833333	54.683333	75.900000
E_7-8	ARO:3006016	OXA-817	32	51.203125	52.643750	74.700000
E_7-8	ARO:3006017	OXA-819	4	53.975000	56.325000	83.600000
E_7-8	ARO:3006018	OXA-820	9	63.277778	66.688889	106.000000
E_7-8	ARO:3006019	OXA-821	26	53.984615	58.719231	97.800000
E_7-8	ARO:3006020	OXA-822	5	81.300000	88.040000	91.300000
E_7-8	ARO:3006021	OXA-823	919	89.557563	84.892383	111.000000
E_7-8	ARO:3006022	OXA-824	791	94.937800	88.722630	111.000000
E_7-8	ARO:3006023	OXA-826	6	83.200000	86.983333	106.000000
E_7-8	ARO:3006024	OXA-827	992	88.904738	86.054435	111.000000
E_7-8	ARO:3006026	OXA-829	13	53.369231	56.853846	84.700000
E_7-8	ARO:3006027	OXA-830	139	59.503597	61.676978	96.300000
E_7-8	ARO:3006029	OXA-832	15	53.893333	59.660000	104.000000
E_7-8	ARO:3006030	OXA-833	126	52.773810	53.076984	67.400000
E_7-8	ARO:3006031	OXA-834	3	61.766667	72.433333	76.300000
E_7-8	ARO:3006032	OXA-836	249	87.506024	88.523293	105.000000
E_7-8	ARO:3006033	OXA-839	21	48.728571	47.204762	88.200000
E_7-8	ARO:3006034	OXA-840	4	75.800000	79.525000	86.300000
E_7-8	ARO:3006035	OXA-841	1	58.300000	55.500000	55.500000
E_7-8	ARO:3006036	OXA-842	7	45.128571	51.557143	55.100000
E_7-8	ARO:3006037	OXA-843	2	49.650000	46.400000	55.100000
E_7-8	ARO:3006038	OXA-844	5	82.160000	89.500000	95.100000
E_7-8	ARO:3006039	OXA-845	10	47.120000	46.650000	66.600000
E_7-8	ARO:3006040	OXA-847	131	56.334351	57.707634	78.200000
E_7-8	ARO:3006041	OXA-848	139	56.567626	58.436691	81.300000
E_7-8	ARO:3006042	OXA-849	50	51.034000	53.738000	72.800000
E_7-8	ARO:3006043	OXA-851	45	51.735556	55.044444	72.800000
E_7-8	ARO:3006044	OXA-852	5	68.120000	78.580000	86.300000
E_7-8	ARO:3006049	OXA-857	1	79.200000	85.500000	85.500000
E_7-8	ARO:3006053	OXA-861	1	79.200000	85.500000	85.500000
E_7-8	ARO:3006058	OXA-866	1	75.500000	82.400000	82.400000
E_7-8	ARO:3006059	OXA-867	4	71.200000	78.650000	88.200000
E_7-8	ARO:3006063	OXA-871	6	70.316667	75.800000	90.100000
E_7-8	ARO:3006064	OXA-872	2	62.000000	71.200000	71.200000
E_7-8	ARO:3006073	OXA-881	3	40.966667	40.833333	41.600000
E_7-8	ARO:3006080	OXA-888	6	63.316667	73.033333	85.500000
E_7-8	ARO:3006086	OXA-894	132	49.888636	50.461364	61.200000
E_7-8	ARO:3006087	OXA-896	234	69.113675	69.654701	110.000000
E_7-8	ARO:3006088	OXA-900	346	48.960405	50.619364	65.100000
E_7-8	ARO:3006089	OXA-901	35	54.045714	56.928571	72.800000
E_7-8	ARO:3006090	OXA-902	89	58.797753	61.337079	72.800000
E_7-8	ARO:3006091	OXA-903	86	57.246512	57.338372	77.000000
E_7-8	ARO:3006092	OXA-904	129	56.775969	58.441860	78.200000
E_7-8	ARO:3006093	OXA-905	74	51.194595	54.467568	72.800000
E_7-8	ARO:3006094	OXA-907	38	55.160526	57.457895	82.400000
E_7-8	ARO:3006095	OXA-908	150	55.051333	58.092000	81.300000
E_7-8	ARO:3006098	OXA-911	29	40.158621	52.413793	57.800000
E_7-8	ARO:3006099	OXA-912	256	66.553125	68.891797	114.000000
E_7-8	ARO:3006100	OXA-913	31	55.035484	58.390323	72.800000
E_7-8	ARO:3006101	OXA-914	106	51.389623	54.992453	75.100000
E_7-8	ARO:3006103	OXA-917	252	80.110714	80.434127	112.000000
E_7-8	ARO:3006104	OXA-918	146	51.302055	51.360274	69.700000
E_7-8	ARO:3006105	OXA-919	115	51.215652	50.783478	73.900000
E_7-8	ARO:3006106	OXA-920	72	51.073611	54.654167	65.900000
E_7-8	ARO:3006107	OXA-921	329	85.948328	82.155927	108.000000
E_7-8	ARO:3006108	OXA-922	207	52.990821	53.253623	67.400000
E_7-8	ARO:3006109	OXA-923	117	52.889744	52.717949	67.400000
E_7-8	ARO:3006110	OXA-924	124	51.880645	52.167742	67.400000
E_7-8	ARO:3006111	OXA-925	43	50.039535	52.376744	90.100000
E_7-8	ARO:3006113	OXA-928	1107	84.703342	80.442005	109.000000
E_7-8	ARO:3006114	OXA-929	787	52.375731	54.569886	110.000000
E_7-8	ARO:3006115	OXA-932	398	86.684925	83.326633	111.000000
E_7-8	ARO:3006116	OXA-935	780	94.347179	88.437949	111.000000
E_7-8	ARO:3006117	OXA-937	34	53.176471	57.620588	73.200000
E_7-8	ARO:3006121	OXA-941	8	64.962500	68.600000	104.000000
E_7-8	ARO:3006122	OXA-942	2	54.000000	59.500000	80.100000
E_7-8	ARO:3006123	OXA-943	5	85.600000	89.220000	104.000000
E_7-8	ARO:3006124	OXA-945	7	66.685714	71.685714	88.200000
E_7-8	ARO:3006125	OXA-946	15	57.046667	58.620000	79.000000
E_7-8	ARO:3006126	OXA-947	11	56.454545	58.790909	76.300000
E_7-8	ARO:3006127	OXA-948	16	57.087500	58.712500	77.800000
E_7-8	ARO:3006128	OXA-949	11	55.054545	56.818182	74.300000
E_7-8	ARO:3006129	OXY-2-14	40	58.045000	61.095000	73.900000
E_7-8	ARO:3006130	OXY-2-15	32	54.837500	55.431250	73.900000
E_7-8	ARO:3006131	PER-10	147	53.167347	54.059864	101.000000
E_7-8	ARO:3006132	PER-11	143	53.016783	54.723776	101.000000
E_7-8	ARO:3006133	PER-12	126	52.885714	52.232540	101.000000
E_7-8	ARO:3006134	PER-13	134	52.918657	54.103731	100.000000
E_7-8	ARO:3006135	PER-14	127	49.749606	50.500000	92.800000
E_7-8	ARO:3006136	PER-15	86	56.417442	52.525581	101.000000
E_7-8	ARO:3006137	PER-16	110	54.107273	52.168182	100.000000
E_7-8	ARO:3006138	PER-9	131	54.139695	53.774809	101.000000
E_7-8	ARO:3006139	TEM-98	1	60.900000	63.200000	63.200000
E_7-8	ARO:3006141	OKP-A-17	61	62.695082	62.783607	101.000000
E_7-8	ARO:3006142	OKP-B-16	8	66.000000	63.600000	101.000000
E_7-8	ARO:3006143	OKP-B-21	48	65.122917	64.447917	101.000000
E_7-8	ARO:3006144	OKP-B-22	5	84.700000	68.760000	77.400000
E_7-8	ARO:3006145	OKP-B-23	9	69.777778	64.966667	101.000000
E_7-8	ARO:3006146	OKP-B-24	13	64.723077	57.061538	72.400000
E_7-8	ARO:3006147	OKP-B-34	33	61.366667	58.503030	100.000000
E_7-8	ARO:3006148	OKP-B-36	9	69.233333	64.411111	101.000000
E_7-8	ARO:3006149	OKP-B-40	33	61.496970	58.642424	100.000000
E_7-8	ARO:3006150	OKP-B-41	8	76.237500	63.650000	101.000000
E_7-8	ARO:3006151	OKP-B-45	31	61.490323	58.512903	100.000000
E_7-8	ARO:3006152	OKP-C-1	33	49.500000	50.912121	78.200000
E_7-8	ARO:3006153	OKP-D-1	132	60.264394	61.073485	82.800000
E_7-8	ARO:3006154	BEL-4	89	57.020225	56.623596	95.500000
E_7-8	ARO:3006155	CME-2	431	60.749420	62.598376	87.800000
E_7-8	ARO:3006156	GES-27	314	99.462739	93.860828	112.000000
E_7-8	ARO:3006157	GES-28	308	98.846104	93.440584	112.000000
E_7-8	ARO:3006158	GES-29	293	99.460751	93.694881	112.000000
E_7-8	ARO:3006159	GES-30	264	95.426894	92.210985	112.000000
E_7-8	ARO:3006160	GES-31	213	99.571362	101.035211	112.000000
E_7-8	ARO:3006161	GES-32	83	85.706024	86.513253	105.000000
E_7-8	ARO:3006162	GES-33	223	94.279821	92.930045	108.000000
E_7-8	ARO:3006163	GES-34	217	97.008756	97.017972	112.000000
E_7-8	ARO:3006164	GES-35	249	88.054618	89.264659	107.000000
E_7-8	ARO:3006165	GES-36	80	99.171250	99.907500	107.000000
E_7-8	ARO:3006166	GES-37	75	98.561333	99.520000	107.000000
E_7-8	ARO:3006167	GES-38	113	98.021239	99.917699	108.000000
E_7-8	ARO:3006168	GES-39	70	76.830000	77.350000	103.000000
E_7-8	ARO:3006169	GES-40	76	84.738158	86.573684	107.000000
E_7-8	ARO:3006170	GES-41	58	70.184483	71.163793	103.000000
E_7-8	ARO:3006172	GES-43	11	100.000000	105.363636	107.000000
E_7-8	ARO:3006173	GES-44	62	98.869355	100.761290	105.000000
E_7-8	ARO:3006174	GES-45	62	97.000000	98.830645	105.000000
E_7-8	ARO:3006175	GES-46	112	94.079464	96.236607	108.000000
E_7-8	ARO:3006176	IMI-12	8	49.337500	46.237500	62.000000
E_7-8	ARO:3006177	IMI-13	29	60.465517	61.144828	76.300000
E_7-8	ARO:3006178	IMI-14	10	48.760000	50.400000	62.000000
E_7-8	ARO:3006179	IMI-15	9	46.333333	44.888889	55.800000
E_7-8	ARO:3006180	IMI-16	8	54.825000	59.487500	67.800000
E_7-8	ARO:3006181	IMI-17	15	53.073333	54.100000	68.600000
E_7-8	ARO:3006182	IMI-18	8	54.825000	59.487500	67.800000
E_7-8	ARO:3006183	IMI-19	8	53.250000	56.837500	67.800000
E_7-8	ARO:3006184	IMI-20	7	46.400000	43.771429	55.800000
E_7-8	ARO:3006185	IMI-21	28	60.439286	61.003571	76.300000
E_7-8	ARO:3006188	KPC-59	2	50.050000	51.400000	55.800000
E_7-8	ARO:3006192	KPC-63	1	52.900000	50.400000	50.400000
E_7-8	ARO:3006193	KPC-64	2	53.650000	57.600000	60.500000
E_7-8	ARO:3006195	KPC-66	19	62.021053	60.131579	102.000000
E_7-8	ARO:3006197	KPC-72	1	41.700000	41.200000	41.200000
E_7-8	ARO:3006199	KPC-74	34	65.205882	65.564706	102.000000
E_7-8	ARO:3006201	KPC-76	1	46.800000	37.700000	37.700000
E_7-8	ARO:3006203	KPC-78	2	62.900000	66.800000	68.900000
E_7-8	ARO:3006204	KPC-79	1	46.800000	37.700000	37.700000
E_7-8	ARO:3006206	KPC-81	8	81.337500	81.787500	102.000000
E_7-8	ARO:3006208	VEB-11	1977	90.535104	87.719879	113.000000
E_7-8	ARO:3006209	VEB-12	1593	90.261142	89.059573	111.000000
E_7-8	ARO:3006210	VEB-13	1847	92.075636	87.666703	111.000000
E_7-8	ARO:3006211	VEB-14	2013	89.113810	85.259762	111.000000
E_7-8	ARO:3006212	VEB-15	1705	91.856012	89.306334	113.000000
E_7-8	ARO:3006213	VEB-17	1389	91.434413	89.801296	113.000000
E_7-8	ARO:3006214	VEB-19	2032	91.638189	90.266634	113.000000
E_7-8	ARO:3006215	VEB-20	1800	93.070000	89.041722	113.000000
E_7-8	ARO:3006216	VEB-21	1632	90.315257	89.816605	113.000000
E_7-8	ARO:3006217	VEB-22	2126	93.184384	90.215052	113.000000
E_7-8	ARO:3006218	VEB-23	1866	93.084298	92.313076	113.000000
E_7-8	ARO:3006219	VEB-24	897	88.409810	84.907804	113.000000
E_7-8	ARO:3006220	VEB-25	1743	93.998910	90.211015	113.000000
E_7-8	ARO:3006221	VEB-26	1756	93.697096	88.975057	107.000000
E_7-8	ARO:3006222	VEB-27	1265	91.981660	86.137312	113.000000
E_7-8	ARO:3006223	BKC-2	122	51.811475	49.334426	99.400000
E_7-8	ARO:3006224	CepA-29	336	54.702381	54.517262	113.000000
E_7-8	ARO:3006225	CepA-44	355	54.303662	55.005915	113.000000
E_7-8	ARO:3006226	CepA-49	362	54.112707	54.862431	112.000000
E_7-8	ARO:3006227	FRI-10	55	44.687273	47.278182	52.800000
E_7-8	ARO:3006228	ACC-1a	538	54.781413	56.238662	78.200000
E_7-8	ARO:3006229	ACC-1b	536	54.741791	56.248694	78.200000
E_7-8	ARO:3006230	ACC-1c	518	54.669691	56.143822	78.200000
E_7-8	ARO:3006231	ACC-1d	456	54.929386	55.988377	78.200000
E_7-8	ARO:3006232	ACC-7	515	54.618252	55.796117	78.200000
E_7-8	ARO:3006233	ACC-8	547	54.724314	56.125777	78.200000
E_7-8	ARO:3006234	ACT-39	47	79.787234	75.646809	111.000000
E_7-8	ARO:3006235	ACT-40	133	52.995489	48.251128	111.000000
E_7-8	ARO:3006236	ACT-41	65	78.870769	75.490769	111.000000
E_7-8	ARO:3006237	ACT-42	134	52.854478	48.005970	107.000000
E_7-8	ARO:3006238	ACT-43	38	70.321053	68.076316	111.000000
E_7-8	ARO:3006239	ACT-44	38	77.313158	75.713158	111.000000
E_7-8	ARO:3006240	ACT-45	28	86.678571	88.317857	109.000000
E_7-8	ARO:3006241	ACT-46	52	76.828846	72.505769	111.000000
E_7-8	ARO:3006242	ACT-47	50	84.070000	80.788000	111.000000
E_7-8	ARO:3006243	ACT-48	48	54.583333	48.843750	94.400000
E_7-8	ARO:3006244	ACT-49	11	59.181818	54.709091	94.400000
E_7-8	ARO:3006245	ACT-50	6	60.250000	62.200000	99.400000
E_7-8	ARO:3006246	ACT-51	21	80.800000	76.933333	107.000000
E_7-8	ARO:3006247	ACT-52	24	77.308333	71.750000	105.000000
E_7-8	ARO:3006248	ACT-53	43	50.281395	44.918605	93.600000
E_7-8	ARO:3006249	ACT-54	36	57.063889	54.613889	90.900000
E_7-8	ARO:3006250	ACT-55	26	90.134615	80.607692	111.000000
E_7-8	ARO:3006251	ACT-56	21	73.819048	69.633333	107.000000
E_7-8	ARO:3006252	ACT-57	5	95.920000	78.320000	102.000000
E_7-8	ARO:3006253	ACT-58	17	75.917647	58.123529	100.000000
E_7-8	ARO:3006254	ACT-59	64	58.545313	50.187500	105.000000
E_7-8	ARO:3006255	ACT-60	17	93.964706	79.064706	106.000000
E_7-8	ARO:3006256	ACT-61	24	93.262500	96.987500	107.000000
E_7-8	ARO:3006257	ACT-62	6	71.300000	64.500000	91.300000
E_7-8	ARO:3006258	ACT-63	42	51.680952	44.990476	91.300000
E_7-8	ARO:3006259	ACT-64	20	74.475000	67.590000	95.500000
E_7-8	ARO:3006260	ACT-65	27	57.759259	54.540741	107.000000
E_7-8	ARO:3006261	ACT-66	102	68.980392	69.886275	110.000000
E_7-8	ARO:3006262	ACT-67	44	84.595455	80.854545	111.000000
E_7-8	ARO:3006263	ACT-68	14	64.635714	51.764286	95.500000
E_7-8	ARO:3006264	ACT-69	37	74.243243	68.754054	107.000000
E_7-8	ARO:3006265	ACT-70	11	83.890909	76.790909	105.000000
E_7-8	ARO:3006266	ACT-72	38	78.547368	76.884211	107.000000
E_7-8	ARO:3006267	ACT-73	11	84.254545	77.245455	107.000000
E_7-8	ARO:3006268	ACT-74	19	88.710526	85.957895	107.000000
E_7-8	ARO:3006269	ACT-75	21	64.052381	64.466667	103.000000
E_7-8	ARO:3006270	ACT-76	12	57.841667	56.441667	94.400000
E_7-8	ARO:3006271	ACT-77	19	67.573684	69.131579	94.400000
E_7-8	ARO:3006272	ACT-78	8	65.512500	63.200000	94.400000
E_7-8	ARO:3006273	ACT-79	56	56.657143	48.369643	102.000000
E_7-8	ARO:3006274	ACT-80	18	69.294444	73.044444	95.900000
E_7-8	ARO:3006275	ACT-81	4	56.850000	54.575000	93.600000
E_7-8	ARO:3006276	ACT-82	18	67.138889	69.744444	94.400000
E_7-8	ARO:3006277	ACT-83	57	59.538596	59.129825	107.000000
E_7-8	ARO:3006278	ACT-84	47	64.174468	64.531915	107.000000
E_7-8	ARO:3006279	ACT-87	14	79.692857	73.778571	95.500000
E_7-8	ARO:3006281	ADC-101	1	45.800000	54.700000	54.700000
E_7-8	ARO:3006282	ADC-102	9	55.388889	58.655556	71.600000
E_7-8	ARO:3006283	ADC-103	3	62.600000	68.700000	78.600000
E_7-8	ARO:3006284	ADC-104	17	63.241176	63.970588	105.000000
E_7-8	ARO:3006285	ADC-105	22	69.536364	73.777273	105.000000
E_7-8	ARO:3006286	ADC-106	24	66.558333	69.979167	105.000000
E_7-8	ARO:3006287	ADC-107	15	69.540000	76.333333	101.000000
E_7-8	ARO:3006288	ADC-109	5	59.680000	65.180000	75.100000
E_7-8	ARO:3006289	ADC-110	5	59.680000	65.180000	75.100000
E_7-8	ARO:3006290	ADC-112	1	100.000000	101.000000	101.000000
E_7-8	ARO:3006291	ADC-113	1	100.000000	101.000000	101.000000
E_7-8	ARO:3006294	ADC-116	1	100.000000	101.000000	101.000000
E_7-8	ARO:3006295	ADC-117	1	100.000000	101.000000	101.000000
E_7-8	ARO:3006296	ADC-119	16	49.737500	48.131250	101.000000
E_7-8	ARO:3006297	ADC-120	37	53.013514	55.937838	82.800000
E_7-8	ARO:3006298	ADC-121	4	72.125000	73.575000	94.400000
E_7-8	ARO:3006300	ADC-123	33	58.709091	61.581818	80.500000
E_7-8	ARO:3006301	ADC-125	3	56.300000	58.666667	67.400000
E_7-8	ARO:3006302	ADC-127	44	50.320455	53.865909	76.300000
E_7-8	ARO:3006303	ADC-128	37	49.167568	52.824324	75.500000
E_7-8	ARO:3006304	ADC-129	38	48.581579	52.252632	74.300000
E_7-8	ARO:3006305	ADC-130	40	51.227500	53.370000	82.800000
E_7-8	ARO:3006306	ADC-131	35	51.562857	54.451429	83.200000
E_7-8	ARO:3006307	ADC-132	17	60.311765	62.517647	86.700000
E_7-8	ARO:3006308	ADC-133	28	49.782143	51.235714	78.600000
E_7-8	ARO:3006309	ADC-134	32	59.978125	67.403125	80.500000
E_7-8	ARO:3006310	ADC-135	32	54.703125	61.893750	80.500000
E_7-8	ARO:3006311	ADC-136	27	54.077778	60.251852	80.500000
E_7-8	ARO:3006312	ADC-137	10	45.150000	50.010000	61.200000
E_7-8	ARO:3006313	ADC-138	25	52.140000	59.728000	72.000000
E_7-8	ARO:3006314	ADC-139	13	50.907692	59.361538	67.400000
E_7-8	ARO:3006315	ADC-140	4	56.200000	56.050000	62.000000
E_7-8	ARO:3006316	ADC-141	1	40.500000	38.100000	38.100000
E_7-8	ARO:3006320	ADC-146	2	45.000000	39.100000	39.700000
E_7-8	ARO:3006322	ADC-148	41	54.258537	57.429268	82.800000
E_7-8	ARO:3006323	ADC-149	18	60.916667	65.827778	80.500000
E_7-8	ARO:3006324	ADC-150	28	60.885714	64.807143	86.300000
E_7-8	ARO:3006325	ADC-151	14	55.821429	59.807143	75.100000
E_7-8	ARO:3006327	ADC-153	2	45.000000	39.100000	39.700000
E_7-8	ARO:3006328	ADC-154	3	74.233333	76.533333	94.400000
E_7-8	ARO:3006330	ADC-156	16	61.150000	66.137500	102.000000
E_7-8	ARO:3006331	ADC-157	30	68.303333	72.723333	105.000000
E_7-8	ARO:3006332	ADC-158	15	74.633333	79.866667	105.000000
E_7-8	ARO:3006333	ADC-160	12	74.966667	82.058333	102.000000
E_7-8	ARO:3006334	ADC-162	1	45.800000	51.600000	51.600000
E_7-8	ARO:3006336	ADC-164	3	62.800000	59.066667	101.000000
E_7-8	ARO:3006337	ADC-165	2	76.550000	79.600000	101.000000
E_7-8	ARO:3006338	ADC-166	6	63.566667	62.383333	72.400000
E_7-8	ARO:3006339	ADC-167	11	62.763636	65.918182	83.600000
E_7-8	ARO:3006340	ADC-168	4	48.300000	43.200000	51.200000
E_7-8	ARO:3006341	ADC-169	4	59.175000	59.975000	73.900000
E_7-8	ARO:3006342	ADC-170	1	47.100000	48.500000	48.500000
E_7-8	ARO:3006343	ADC-171	4	56.200000	56.050000	62.000000
E_7-8	ARO:3006344	ADC-172	2	50.000000	42.950000	43.900000
E_7-8	ARO:3006347	ADC-175	3	55.800000	54.800000	72.400000
E_7-8	ARO:3006351	ADC-179	1	55.100000	60.100000	60.100000
E_7-8	ARO:3006352	ADC-180	16	47.743750	46.268750	71.200000
E_7-8	ARO:3006353	ADC-184	7	51.714286	56.014286	72.000000
E_7-8	ARO:3006354	ADC-185	4	56.200000	56.050000	62.000000
E_7-8	ARO:3006356	ADC-187	2	49.650000	46.000000	53.500000
E_7-8	ARO:3006357	ADC-188	12	62.825000	65.183333	97.400000
E_7-8	ARO:3006358	ADC-189	7	61.528571	62.614286	105.000000
E_7-8	ARO:3006359	ADC-190	7	58.142857	58.557143	105.000000
E_7-8	ARO:3006360	ADC-191	5	75.920000	78.460000	105.000000
E_7-8	ARO:3006361	ADC-192	12	74.783333	81.925000	105.000000
E_7-8	ARO:3006362	ADC-193	33	58.706061	65.727273	82.800000
E_7-8	ARO:3006363	ADC-194	36	51.897222	56.719444	78.600000
E_7-8	ARO:3006364	ADC-195	2	50.550000	54.650000	60.800000
E_7-8	ARO:3006365	ADC-196	1	100.000000	101.000000	101.000000
E_7-8	ARO:3006366	ADC-197	4	39.900000	38.875000	40.400000
E_7-8	ARO:3006370	ADC-201	45	58.815556	65.217778	87.400000
E_7-8	ARO:3006371	ADC-202	29	59.458621	62.155172	78.200000
E_7-8	ARO:3006372	ADC-203	1	45.800000	54.700000	54.700000
E_7-8	ARO:3006374	ADC-205	28	45.382143	48.985714	70.100000
E_7-8	ARO:3006375	ADC-206	27	61.522222	65.259259	86.300000
E_7-8	ARO:3006376	ADC-207	29	63.100000	68.551724	86.300000
E_7-8	ARO:3006377	ADC-208	16	46.875000	48.075000	63.500000
E_7-8	ARO:3006378	ADC-209	29	60.337931	63.317241	80.100000
E_7-8	ARO:3006379	ADC-210	32	58.975000	64.431250	87.400000
E_7-8	ARO:3006380	ADC-211	4	56.200000	56.050000	62.000000
E_7-8	ARO:3006385	ADC-216	31	60.112903	64.883871	87.800000
E_7-8	ARO:3006390	ADC-221	22	60.004545	59.404545	86.300000
E_7-8	ARO:3006392	ADC-223	18	63.750000	66.427778	105.000000
E_7-8	ARO:3006396	ADC-227	1	45.100000	55.100000	55.100000
E_7-8	ARO:3006403	ADC-234	18	56.538889	57.272222	101.000000
E_7-8	ARO:3006406	ADC-237	15	54.073333	52.340000	94.400000
E_7-8	ARO:3006408	ADC-239	36	51.488889	52.766667	82.800000
E_7-8	ARO:3006409	ADC-24	28	60.539286	64.678571	86.300000
E_7-8	ARO:3006410	ADC-240	2	49.650000	46.000000	53.500000
E_7-8	ARO:3006412	ADC-242	2	39.550000	45.100000	45.100000
E_7-8	ARO:3006413	ADC-243	4	52.450000	55.650000	71.600000
E_7-8	ARO:3006415	ADC-245	20	59.565000	62.765000	86.300000
E_7-8	ARO:3006416	ADC-246	3	46.500000	49.966667	60.100000
E_7-8	ARO:3006417	ADC-247	3	88.900000	89.600000	102.000000
E_7-8	ARO:3006418	ADC-248	3	68.300000	63.266667	72.400000
E_7-8	ARO:3006419	ADC-249	5	68.200000	66.000000	72.400000
E_7-8	ARO:3006421	ADC-251	2	50.300000	49.300000	60.100000
E_7-8	ARO:3006422	ADC-252	11	58.654545	58.763636	72.000000
E_7-8	ARO:3006423	ADC-253	19	53.863158	57.768421	72.800000
E_7-8	ARO:3006424	ADC-254	14	56.950000	60.821429	69.700000
E_7-8	ARO:3006425	ADC-255	27	48.022222	48.933333	82.800000
E_7-8	ARO:3006428	ADC-32	2	68.050000	70.100000	71.600000
E_7-8	ARO:3006430	ADC-38	1	38.800000	38.500000	38.500000
E_7-8	ARO:3006432	ADC-52	2	83.350000	83.400000	94.400000
E_7-8	ARO:3006434	ADC-54	1	46.700000	38.100000	38.100000
E_7-8	ARO:3006438	ADC-66	2	41.900000	38.500000	38.500000
E_7-8	ARO:3006439	ADC-70	17	60.764706	64.570588	78.200000
E_7-8	ARO:3006440	ADC-83	32	44.984375	47.103125	75.900000
E_7-8	ARO:3006441	ADC-84	56	51.248214	54.533929	82.800000
E_7-8	ARO:3006442	ADC-85	27	62.388889	66.411111	81.300000
E_7-8	ARO:3006443	ADC-86	25	63.416000	67.148000	86.300000
E_7-8	ARO:3006444	ADC-87	10	44.990000	49.880000	64.700000
E_7-8	ARO:3006445	ADC-88	12	62.141667	65.400000	83.600000
E_7-8	ARO:3006446	ADC-89	1	60.500000	53.500000	53.500000
E_7-8	ARO:3006447	ADC-90	1	56.800000	52.800000	52.800000
E_7-8	ARO:3006449	ADC-92	1	44.900000	51.600000	51.600000
E_7-8	ARO:3006450	ADC-93	4	43.200000	38.575000	40.400000
E_7-8	ARO:3006454	ADC-97	2	83.350000	83.400000	94.400000
E_7-8	ARO:3006455	ADC-98	2	47.550000	52.600000	60.100000
E_7-8	ARO:3006456	ADC-99	2	47.550000	52.600000	60.100000
E_7-8	ARO:3006457	CMY-137	16	62.456250	68.050000	92.000000
E_7-8	ARO:3006458	CMY-159	36	58.280556	61.250000	88.200000
E_7-8	ARO:3006459	CMY-167	8	84.975000	89.250000	108.000000
E_7-8	ARO:3006460	CMY-168	3	92.000000	96.200000	103.000000
E_7-8	ARO:3006461	CMY-169	57	79.705263	81.449123	107.000000
E_7-8	ARO:3006462	CMY-170	2	99.000000	104.000000	105.000000
E_7-8	ARO:3006463	CMY-174	6	45.366667	41.983333	43.900000
E_7-8	ARO:3006464	CMY-8b	325	69.580308	68.845231	104.000000
E_7-8	ARO:3006465	DHA-24	96	61.360417	58.897917	104.000000
E_7-8	ARO:3006466	DHA-25	93	62.774194	59.719355	107.000000
E_7-8	ARO:3006467	DHA-26	81	63.382716	59.446914	107.000000
E_7-8	ARO:3006468	DHA-27	147	59.545578	60.893878	107.000000
E_7-8	ARO:3006469	DHA-28	91	62.836264	61.423077	107.000000
E_7-8	ARO:3006470	DHA-29	60	66.441667	61.195000	107.000000
E_7-8	ARO:3006471	FOX-13	86	65.946512	64.287209	105.000000
E_7-8	ARO:3006472	FOX-14	86	66.274419	64.211628	105.000000
E_7-8	ARO:3006473	FOX-15	79	67.882278	66.446835	103.000000
E_7-8	ARO:3006474	FOX-16	67	68.073134	65.479104	105.000000
E_7-8	ARO:3006475	FOX-17	75	66.246667	64.292000	102.000000
E_7-8	ARO:3006477	MOX-12	223	90.000000	86.413901	110.000000
E_7-8	ARO:3006478	MOX-13	226	89.932743	84.890708	110.000000
E_7-8	ARO:3006479	MOX-14	344	71.261919	70.325291	104.000000
E_7-8	ARO:3006480	PDC-100	4	58.725000	65.275000	75.500000
E_7-8	ARO:3006481	PDC-101	1	51.100000	49.700000	49.700000
E_7-8	ARO:3006482	PDC-102	2	54.250000	57.950000	66.200000
E_7-8	ARO:3006486	PDC-108	3	60.033333	42.766667	45.100000
E_7-8	ARO:3006487	PDC-109	3	65.500000	51.633333	64.700000
E_7-8	ARO:3006488	PDC-110	2	65.600000	45.100000	45.100000
E_7-8	ARO:3006491	PDC-113	6	48.550000	48.850000	59.700000
E_7-8	ARO:3006492	PDC-114	1	42.900000	37.700000	37.700000
E_7-8	ARO:3006493	PDC-115	1	51.100000	49.700000	49.700000
E_7-8	ARO:3006501	PDC-125	81	51.919753	51.392593	67.800000
E_7-8	ARO:3006503	PDC-127	1	75.000000	75.500000	75.500000
E_7-8	ARO:3006504	PDC-128	10	56.760000	55.480000	69.700000
E_7-8	ARO:3006506	PDC-13	4	56.250000	55.550000	73.900000
E_7-8	ARO:3006507	PDC-130	80	51.842500	47.248750	69.700000
E_7-8	ARO:3006509	PDC-132	10	61.400000	61.880000	73.900000
E_7-8	ARO:3006510	PDC-133	10	52.790000	51.410000	67.400000
E_7-8	ARO:3006513	PDC-136	2	58.500000	55.250000	56.600000
E_7-8	ARO:3006514	PDC-137	4	52.800000	47.275000	67.400000
E_7-8	ARO:3006515	PDC-138	2	52.500000	46.600000	46.600000
E_7-8	ARO:3006517	PDC-140	71	52.407042	51.414085	67.800000
E_7-8	ARO:3006518	PDC-141	81	51.814815	47.712346	69.700000
E_7-8	ARO:3006521	PDC-144	7	56.714286	57.857143	68.900000
E_7-8	ARO:3006522	PDC-145	2	52.500000	46.600000	46.600000
E_7-8	ARO:3006525	PDC-148	10	49.680000	54.340000	66.200000
E_7-8	ARO:3006526	PDC-149	4	55.100000	61.250000	67.400000
E_7-8	ARO:3006527	PDC-15	2	46.900000	50.250000	52.000000
E_7-8	ARO:3006529	PDC-151	69	52.682609	51.388406	67.800000
E_7-8	ARO:3006531	PDC-153	3	59.066667	55.966667	75.500000
E_7-8	ARO:3006532	PDC-154	3	52.000000	57.366667	67.400000
E_7-8	ARO:3006533	PDC-155	12	54.583333	56.708333	67.400000
E_7-8	ARO:3006535	PDC-157	5	57.260000	59.860000	73.900000
E_7-8	ARO:3006537	PDC-159	6	51.183333	53.966667	57.400000
E_7-8	ARO:3006539	PDC-160	70	51.357143	50.678571	67.800000
E_7-8	ARO:3006541	PDC-162	8	56.050000	55.212500	65.100000
E_7-8	ARO:3006542	PDC-163	1	71.400000	75.900000	75.900000
E_7-8	ARO:3006543	PDC-164	5	43.980000	39.360000	41.600000
E_7-8	ARO:3006545	PDC-166	4	54.125000	58.775000	63.200000
E_7-8	ARO:3006546	PDC-167	9	52.977778	51.600000	67.400000
E_7-8	ARO:3006547	PDC-168	1	65.300000	67.400000	67.400000
E_7-8	ARO:3006548	PDC-169	4	52.400000	57.975000	67.400000
E_7-8	ARO:3006549	PDC-17	17	52.258824	44.752941	61.600000
E_7-8	ARO:3006550	PDC-170	8	50.537500	53.625000	67.400000
E_7-8	ARO:3006554	PDC-175	10	56.760000	55.480000	69.700000
E_7-8	ARO:3006555	PDC-176	1	63.400000	55.500000	55.500000
E_7-8	ARO:3006556	PDC-177	1	50.000000	50.800000	50.800000
E_7-8	ARO:3006557	PDC-178	1	67.300000	68.900000	68.900000
E_7-8	ARO:3006559	PDC-18	2	46.850000	53.700000	58.900000
E_7-8	ARO:3006560	PDC-180	4	52.625000	51.025000	56.600000
E_7-8	ARO:3006561	PDC-181	14	47.392857	48.300000	52.000000
E_7-8	ARO:3006562	PDC-182	3	51.700000	59.200000	59.700000
E_7-8	ARO:3006563	PDC-184	6	49.933333	55.000000	66.200000
E_7-8	ARO:3006565	PDC-186	2	60.250000	59.350000	63.200000
E_7-8	ARO:3006567	PDC-188	4	52.050000	47.375000	67.400000
E_7-8	ARO:3006568	PDC-189	9	52.977778	51.600000	67.400000
E_7-8	ARO:3006569	PDC-190	3	56.733333	52.266667	75.500000
E_7-8	ARO:3006570	PDC-191	6	62.900000	60.516667	67.400000
E_7-8	ARO:3006571	PDC-192	1	41.300000	37.700000	37.700000
E_7-8	ARO:3006573	PDC-194	2	49.850000	51.800000	65.900000
E_7-8	ARO:3006574	PDC-195	5	67.200000	67.780000	73.200000
E_7-8	ARO:3006576	PDC-197	6	52.433333	50.966667	59.700000
E_7-8	ARO:3006579	PDC-20	2	53.100000	59.700000	59.700000
E_7-8	ARO:3006581	PDC-202	13	50.861538	47.961538	59.700000
E_7-8	ARO:3006582	PDC-203	6	58.133333	65.650000	76.600000
E_7-8	ARO:3006584	PDC-205	8	52.075000	55.062500	66.200000
E_7-8	ARO:3006585	PDC-206	1	65.300000	67.000000	67.000000
E_7-8	ARO:3006587	PDC-209	1	42.900000	37.700000	37.700000
E_7-8	ARO:3006589	PDC-211	3	56.733333	52.266667	75.500000
E_7-8	ARO:3006590	PDC-213	7	45.957143	49.914286	58.200000
E_7-8	ARO:3006591	PDC-214	5	51.500000	52.220000	60.800000
E_7-8	ARO:3006592	PDC-215	2	52.500000	46.600000	46.600000
E_7-8	ARO:3006593	PDC-216	3	51.466667	57.133333	62.800000
E_7-8	ARO:3006594	PDC-217	1	65.300000	67.400000	67.400000
E_7-8	ARO:3006597	PDC-21a	3	54.233333	53.533333	59.700000
E_7-8	ARO:3006601	PDC-221	1	42.900000	37.700000	37.700000
E_7-8	ARO:3006602	PDC-222	8	54.025000	39.200000	39.300000
E_7-8	ARO:3006603	PDC-223	48	67.191667	54.041667	74.300000
E_7-8	ARO:3006604	PDC-224	18	52.955556	43.616667	59.700000
E_7-8	ARO:3006605	PDC-226	3	53.300000	49.400000	56.600000
E_7-8	ARO:3006606	PDC-227	8	61.800000	59.200000	67.400000
E_7-8	ARO:3006607	PDC-228	17	51.676471	45.247059	59.700000
E_7-8	ARO:3006610	PDC-232	3	62.366667	55.466667	75.900000
E_7-8	ARO:3006611	PDC-233	1	45.800000	48.500000	48.500000
E_7-8	ARO:3006612	PDC-234	2	58.500000	55.250000	56.600000
E_7-8	ARO:3006613	PDC-235	6	62.900000	60.516667	67.400000
E_7-8	ARO:3006614	PDC-236	8	56.150000	58.400000	74.700000
E_7-8	ARO:3006615	PDC-237	3	62.366667	55.466667	75.900000
E_7-8	ARO:3006616	PDC-238	4	46.800000	50.550000	65.900000
E_7-8	ARO:3006619	PDC-241	74	51.825676	47.914865	75.500000
E_7-8	ARO:3006620	PDC-242	1	42.900000	37.700000	37.700000
E_7-8	ARO:3006621	PDC-243	3	45.600000	39.933333	40.400000
E_7-8	ARO:3006622	PDC-244	11	57.090909	47.054545	67.800000
E_7-8	ARO:3006624	PDC-246	4	55.800000	57.475000	59.700000
E_7-8	ARO:3006625	PDC-247	67	50.568657	45.817910	68.200000
E_7-8	ARO:3006629	PDC-250	51	53.619608	51.770588	67.800000
E_7-8	ARO:3006630	PDC-251	4	51.525000	55.250000	57.400000
E_7-8	ARO:3006631	PDC-252	1	39.100000	39.700000	39.700000
E_7-8	ARO:3006632	PDC-253	2	52.500000	46.600000	46.600000
E_7-8	ARO:3006633	PDC-254	2	53.100000	59.700000	59.700000
E_7-8	ARO:3006634	PDC-256	1	57.400000	66.200000	66.200000
E_7-8	ARO:3006635	PDC-259	17	55.335294	57.705882	67.800000
E_7-8	ARO:3006636	PDC-26	12	53.083333	51.516667	60.500000
E_7-8	ARO:3006638	PDC-261	2	53.100000	59.700000	59.700000
E_7-8	ARO:3006639	PDC-262	2	58.500000	55.250000	56.600000
E_7-8	ARO:3006640	PDC-263	69	51.550725	47.239130	69.700000
E_7-8	ARO:3006641	PDC-265	6	60.416667	57.766667	74.700000
E_7-8	ARO:3006645	PDC-270	1	47.100000	53.100000	53.100000
E_7-8	ARO:3006646	PDC-271	3	47.066667	46.966667	62.800000
E_7-8	ARO:3006647	PDC-273	1	42.900000	37.700000	37.700000
E_7-8	ARO:3006648	PDC-274	1	35.600000	38.900000	38.900000
E_7-8	ARO:3006649	PDC-275	1	49.000000	43.900000	43.900000
E_7-8	ARO:3006650	PDC-276	4	51.075000	55.850000	67.400000
E_7-8	ARO:3006651	PDC-277	9	52.977778	51.600000	67.400000
E_7-8	ARO:3006652	PDC-278	3	51.100000	58.033333	60.500000
E_7-8	ARO:3006653	PDC-279	3	46.066667	42.000000	47.800000
E_7-8	ARO:3006654	PDC-280	16	50.118750	46.518750	67.400000
E_7-8	ARO:3006655	PDC-281	8	60.300000	57.037500	67.400000
E_7-8	ARO:3006656	PDC-282	6	49.933333	55.000000	66.200000
E_7-8	ARO:3006657	PDC-283	11	56.318182	62.136364	71.200000
E_7-8	ARO:3006664	PDC-294	4	50.000000	54.400000	56.200000
E_7-8	ARO:3006666	PDC-296	3	47.366667	53.666667	65.900000
E_7-8	ARO:3006667	PDC-297	1	65.300000	66.600000	66.600000
E_7-8	ARO:3006670	PDC-30	2	52.500000	46.600000	46.600000
E_7-8	ARO:3006671	PDC-300	86	70.761628	58.740698	76.600000
E_7-8	ARO:3006677	PDC-307	5	49.480000	52.060000	62.800000
E_7-8	ARO:3006681	PDC-310	5	66.280000	62.840000	67.400000
E_7-8	ARO:3006684	PDC-314	11	56.636364	59.209091	70.900000
E_7-8	ARO:3006685	PDC-315	3	55.100000	55.700000	66.600000
E_7-8	ARO:3006686	PDC-316	5	66.280000	62.840000	67.400000
E_7-8	ARO:3006687	PDC-317	2	44.600000	44.450000	45.400000
E_7-8	ARO:3006689	PDC-319	10	61.140000	60.870000	68.900000
E_7-8	ARO:3006691	PDC-320	1	45.500000	46.200000	46.200000
E_7-8	ARO:3006695	PDC-326	3	63.066667	67.133333	74.700000
E_7-8	ARO:3006696	PDC-327	3	55.566667	52.000000	59.700000
E_7-8	ARO:3006697	PDC-328	1	51.100000	55.500000	55.500000
E_7-8	ARO:3006698	PDC-329	3	48.100000	54.833333	65.900000
E_7-8	ARO:3006699	PDC-33	61	53.172131	52.121311	67.800000
E_7-8	ARO:3006701	PDC-331	16	71.575000	68.093750	73.900000
E_7-8	ARO:3006702	PDC-332	27	65.674074	59.522222	73.900000
E_7-8	ARO:3006703	PDC-333	72	68.651389	55.001389	76.300000
E_7-8	ARO:3006704	PDC-334	8	54.025000	39.200000	39.300000
E_7-8	ARO:3006705	PDC-335	5	66.280000	62.840000	67.400000
E_7-8	ARO:3006707	PDC-338	1	65.000000	54.700000	54.700000
E_7-8	ARO:3006708	PDC-339	5	62.500000	61.240000	74.700000
E_7-8	ARO:3006709	PDC-34	2	60.850000	59.100000	75.500000
E_7-8	ARO:3006712	PDC-342	51	53.762745	51.747059	67.800000
E_7-8	ARO:3006713	PDC-343	51	54.364706	52.709804	67.800000
E_7-8	ARO:3006714	PDC-344	56	54.582143	54.071429	67.800000
E_7-8	ARO:3006715	PDC-345	5	66.720000	60.140000	63.900000
E_7-8	ARO:3006716	PDC-347	62	49.641935	44.883871	68.200000
E_7-8	ARO:3006718	PDC-349	2	58.200000	60.050000	67.000000
E_7-8	ARO:3006720	PDC-350	3	63.066667	67.133333	74.700000
E_7-8	ARO:3006721	PDC-351	1	61.000000	53.900000	53.900000
E_7-8	ARO:3006723	PDC-354	8	49.675000	43.650000	48.500000
E_7-8	ARO:3006725	PDC-356	2	59.650000	60.500000	65.900000
E_7-8	ARO:3006727	PDC-358	5	53.000000	60.300000	75.500000
E_7-8	ARO:3006730	PDC-360	14	51.392857	47.442857	67.400000
E_7-8	ARO:3006732	PDC-362	6	57.816667	63.533333	71.200000
E_7-8	ARO:3006734	PDC-364	13	49.907692	43.476923	59.700000
E_7-8	ARO:3006735	PDC-365	1	51.200000	51.200000	51.200000
E_7-8	ARO:3006744	PDC-373	8	54.025000	39.200000	39.300000
E_7-8	ARO:3006748	PDC-378	3	62.366667	55.466667	75.900000
E_7-8	ARO:3006749	PDC-379	10	56.630000	46.290000	67.800000
E_7-8	ARO:3006751	PDC-381	5	67.200000	67.780000	73.200000
E_7-8	ARO:3006752	PDC-382	3	45.600000	39.933333	40.400000
E_7-8	ARO:3006754	PDC-385	1	48.800000	50.800000	50.800000
E_7-8	ARO:3006756	PDC-387	7	55.200000	39.185714	39.300000
E_7-8	ARO:3006760	PDC-390	3	51.400000	53.033333	54.700000
E_7-8	ARO:3006761	PDC-391	19	56.668421	53.378947	77.800000
E_7-8	ARO:3006763	PDC-394	3	54.466667	52.133333	63.200000
E_7-8	ARO:3006764	PDC-395	4	58.450000	52.275000	75.900000
E_7-8	ARO:3006765	PDC-396	6	54.250000	53.983333	67.400000
E_7-8	ARO:3006766	PDC-397	7	62.214286	61.514286	75.500000
E_7-8	ARO:3006767	PDC-398	2	50.700000	46.200000	54.300000
E_7-8	ARO:3006770	PDC-400	2	53.100000	59.700000	59.700000
E_7-8	ARO:3006774	PDC-404	1	67.300000	68.900000	68.900000
E_7-8	ARO:3006775	PDC-405	19	53.589474	49.536842	66.600000
E_7-8	ARO:3006776	PDC-406	4	50.275000	51.800000	66.600000
E_7-8	ARO:3006778	PDC-408	3	63.933333	62.133333	67.400000
E_7-8	ARO:3006781	PDC-411	4	50.000000	54.400000	56.200000
E_7-8	ARO:3006783	PDC-414	5	54.520000	58.080000	67.000000
E_7-8	ARO:3006784	PDC-415	1	49.000000	53.100000	53.100000
E_7-8	ARO:3006785	PDC-416	5	59.920000	54.760000	74.700000
E_7-8	ARO:3006786	PDC-417	3	48.100000	54.833333	65.900000
E_7-8	ARO:3006787	PDC-418	56	66.400000	53.235714	74.300000
E_7-8	ARO:3006789	PDC-42	42	55.176190	53.652381	67.800000
E_7-8	ARO:3006790	PDC-420	2	48.650000	54.300000	55.500000
E_7-8	ARO:3006792	PDC-422	4	46.525000	52.075000	60.800000
E_7-8	ARO:3006796	PDC-426	7	43.585714	40.457143	42.400000
E_7-8	ARO:3006797	PDC-427	3	63.933333	62.133333	67.400000
E_7-8	ARO:3006798	PDC-428	1	60.900000	63.900000	63.900000
E_7-8	ARO:3006803	PDC-434	3	44.200000	39.400000	40.400000
E_7-8	ARO:3006804	PDC-435	4	55.400000	55.725000	74.700000
E_7-8	ARO:3006806	PDC-437	8	54.125000	55.175000	60.800000
E_7-8	ARO:3006810	PDC-442	2	53.100000	59.700000	59.700000
E_7-8	ARO:3006811	PDC-443	5	53.340000	51.300000	59.700000
E_7-8	ARO:3006812	PDC-444	1	65.300000	67.400000	67.400000
E_7-8	ARO:3006815	PDC-447	2	50.300000	59.850000	60.800000
E_7-8	ARO:3006816	PDC-448	8	54.025000	39.200000	39.300000
E_7-8	ARO:3006817	PDC-450	9	52.977778	51.600000	67.400000
E_7-8	ARO:3006819	PDC-452	4	50.000000	54.400000	56.200000
E_7-8	ARO:3006820	PDC-453	2	50.300000	59.850000	60.800000
E_7-8	ARO:3006822	PDC-455	42	55.638095	54.121429	67.800000
E_7-8	ARO:3006823	PDC-456	4	50.450000	52.925000	57.400000
E_7-8	ARO:3006826	PDC-459	4	50.000000	54.400000	56.200000
E_7-8	ARO:3006828	PDC-460	29	50.817241	46.268966	65.900000
E_7-8	ARO:3006829	PDC-462	25	47.460000	43.504000	65.900000
E_7-8	ARO:3006830	PDC-463	27	47.525926	44.948148	65.900000
E_7-8	ARO:3006832	PDC-466	23	47.391304	43.739130	67.400000
E_7-8	ARO:3006835	PDC-469	3	63.933333	62.133333	67.400000
E_7-8	ARO:3006839	PDC-473	3	63.066667	67.133333	74.700000
E_7-8	ARO:3006840	PDC-474	2	48.650000	54.300000	55.500000
E_7-8	ARO:3006841	PDC-475	7	53.857143	39.185714	39.300000
E_7-8	ARO:3006844	PDC-60	5	67.200000	67.780000	73.200000
E_7-8	ARO:3006849	PDC-96	4	51.525000	55.250000	57.400000
E_7-8	ARO:3006852	PDC-99	8	48.300000	44.012500	69.300000
E_7-8	ARO:3006853	SRT-3	475	53.226105	53.578526	86.300000
E_7-8	ARO:3006854	CMH-2	28	67.053571	69.507143	105.000000
E_7-8	ARO:3006855	CMH-3	36	72.266667	77.502778	105.000000
E_7-8	ARO:3006856	CMH-4	28	68.989286	72.539286	114.000000
E_7-8	ARO:3006857	CMH-5	16	59.950000	60.131250	113.000000
E_7-8	ARO:3006858	CMH-6	24	71.637500	76.608333	114.000000
E_7-8	ARO:3006859	MIR-19	18	78.605556	76.827778	107.000000
E_7-8	ARO:3006860	MIR-20	14	78.914286	78.464286	107.000000
E_7-8	ARO:3006861	MIR-21	16	80.793750	77.843750	107.000000
E_7-8	ARO:3006862	MIR-22	11	86.600000	86.327273	107.000000
E_7-8	ARO:3006863	AAK-1	1	63.800000	58.500000	58.500000
E_7-8	ARO:3006864	CRD3-1	279	48.024373	46.709319	92.000000
E_7-8	ARO:3006865	CRH-1	70	62.171429	58.832857	78.600000
E_7-8	ARO:3006866	CRH-2	39	56.376923	55.823077	78.600000
E_7-8	ARO:3006867	CRH-3	32	56.793750	54.131250	78.600000
E_7-8	ARO:3006868	CRP-1	48	61.252083	58.739583	72.800000
E_7-8	ARO:3006869	CSA-1	234	53.334188	52.194872	89.000000
E_7-8	ARO:3006870	CSA-2	219	52.715525	51.591324	89.000000
E_7-8	ARO:3006871	CSP-1	344	57.896221	59.613372	82.800000
E_7-8	ARO:3006872	DHT2-1	138	45.653623	45.016667	81.300000
E_7-8	ARO:3006873	EAM-1	162	48.419136	47.917284	70.500000
E_7-8	ARO:3006874	EC-13	222	72.109910	71.777027	112.000000
E_7-8	ARO:3006875	EC-14	196	74.515816	74.793878	112.000000
E_7-8	ARO:3006876	EC-15	217	72.441475	72.225806	112.000000
E_7-8	ARO:3006877	EC-16	199	74.404020	74.361809	112.000000
E_7-8	ARO:3006878	EC-18	191	74.675916	74.637173	112.000000
E_7-8	ARO:3006879	EC-19	154	76.170779	75.962987	112.000000
E_7-8	ARO:3006880	EC-5	157	76.722930	76.321019	112.000000
E_7-8	ARO:3006881	EC-8	191	74.970681	74.375393	112.000000
E_7-8	ARO:3006882	ECM-1	48	53.456250	52.862500	79.300000
E_7-8	ARO:3006883	ECV-1	29	54.072414	57.524138	77.000000
E_7-8	ARO:3006884	EFM-1	47	53.602128	52.227660	73.900000
E_7-8	ARO:3006885	ELM-1	228	47.944298	45.673684	75.100000
E_7-8	ARO:3006886	EVM-1	99	50.162626	49.160606	76.300000
E_7-8	ARO:3006887	FIA-1	25	49.256000	53.048000	75.500000
E_7-8	ARO:3006888	GIL-1	170	59.161176	56.964706	94.700000
E_7-8	ARO:3006889	GMB-1	55	46.376364	44.125455	65.900000
E_7-8	ARO:3006890	AFM-1	3	48.333333	44.800000	51.200000
E_7-8	ARO:3006891	AFM-2	3	48.333333	44.800000	51.200000
E_7-8	ARO:3006892	ALG11-1	159	51.972327	48.778616	83.200000
E_7-8	ARO:3006893	ALG6-1	200	54.809000	55.421500	84.700000
E_7-8	ARO:3006894	ALI-1	9	42.688889	45.611111	53.500000
E_7-8	ARO:3006895	ALI-2	72	40.773611	41.583333	51.200000
E_7-8	ARO:3006896	ANA-1	8	44.850000	45.775000	56.200000
E_7-8	ARO:3006897	AXC-1	132	57.478788	57.030303	79.000000
E_7-8	ARO:3006898	AXC-2	128	56.781250	56.322656	77.400000
E_7-8	ARO:3006899	AXC-3	131	57.159542	56.408397	78.600000
E_7-8	ARO:3006900	AXC-4	131	57.519847	57.077863	79.000000
E_7-8	ARO:3006901	AXC-5	125	57.437600	57.293600	79.000000
E_7-8	ARO:3006902	BSU-1	389	53.636247	56.993830	95.500000
E_7-8	ARO:3006903	CAR-1	424	44.719340	43.615802	97.400000
E_7-8	ARO:3006904	CDD-1	194	45.697423	46.065979	69.300000
E_7-8	ARO:3006905	CDD-2	195	45.652821	46.261026	68.200000
E_7-8	ARO:3006906	CfiA10	63	53.842857	62.369841	86.300000
E_7-8	ARO:3006907	CfiA11	64	53.992188	62.328125	86.700000
E_7-8	ARO:3006908	CfiA14	64	54.068750	62.535937	86.300000
E_7-8	ARO:3006909	CfiA17	60	54.956667	63.498333	85.500000
E_7-8	ARO:3006910	CfiA18	64	54.264063	62.590625	86.300000
E_7-8	ARO:3006911	CfiA19	66	54.165152	62.401515	87.800000
E_7-8	ARO:3006912	CfiA2	63	54.295238	62.863492	86.300000
E_7-8	ARO:3006913	CfiA21	58	55.312069	63.781034	86.300000
E_7-8	ARO:3006914	CfiA22	63	54.258730	62.936508	87.800000
E_7-8	ARO:3006915	CfiA23	62	54.487097	63.430645	87.400000
E_7-8	ARO:3006916	CfiA24	57	55.526316	64.319298	86.300000
E_7-8	ARO:3006917	CfiA26	64	53.981250	62.875000	84.000000
E_7-8	ARO:3006918	CfiA27	61	54.429508	63.372131	87.400000
E_7-8	ARO:3006919	CfiA4	59	54.506780	63.537288	86.300000
E_7-8	ARO:3006920	CfiA8	62	54.391935	63.175806	86.300000
E_7-8	ARO:3006921	CfiA9	59	55.125424	64.055932	86.300000
E_7-8	ARO:3006922	CMA-1	158	56.393671	55.354430	91.300000
E_7-8	ARO:3006923	CMA-2	186	55.127957	53.702688	92.400000
E_7-8	ARO:3006924	CVI-1	22	59.672727	62.304545	84.000000
E_7-8	ARO:3006925	GRD23-1	16	46.525000	50.518750	65.900000
E_7-8	ARO:3006926	GRD33-1	234	53.403419	46.250427	79.700000
E_7-8	ARO:3006927	KLUC-1	39	57.294872	53.856410	92.800000
E_7-8	ARO:3006928	KLUC-2	39	57.292308	53.797436	90.500000
E_7-8	ARO:3006929	KLUC-3	43	57.183721	54.811628	92.800000
E_7-8	ARO:3006930	KLUC-4	33	55.509091	52.206061	92.800000
E_7-8	ARO:3006931	KLUC-5	39	56.997436	53.866667	92.800000
E_7-8	ARO:3006932	LEN-27	6	84.783333	81.550000	105.000000
E_7-8	ARO:3006933	LEN-28	2	77.550000	64.150000	70.100000
E_7-8	ARO:3006934	LEN-31	12	72.358333	71.766667	105.000000
E_7-8	ARO:3006935	LHK-1	108	76.045370	73.760185	108.000000
E_7-8	ARO:3006936	LHK-2	103	78.562136	76.772816	104.000000
E_7-8	ARO:3006937	LHK-3	112	76.825000	75.970536	108.000000
E_7-8	ARO:3006938	LHK-4	107	77.935514	76.733645	108.000000
E_7-8	ARO:3006939	LHK-5	105	78.769524	77.368571	107.000000
E_7-8	ARO:3006940	LHK-6	101	79.633663	77.421782	108.000000
E_7-8	ARO:3006941	LRG-1	83	55.095181	55.814458	86.300000
E_7-8	ARO:3006942	LUS-1	514	56.935019	61.285603	85.500000
E_7-8	ARO:3006943	LUT-1	257	60.178988	61.991051	85.100000
E_7-8	ARO:3006944	LUT-2	242	60.098760	62.237190	85.100000
E_7-8	ARO:3006945	LUT-3	256	60.161719	61.896484	85.100000
E_7-8	ARO:3006946	LUT-4	253	60.275889	62.054150	85.100000
E_7-8	ARO:3006947	LUT-5	250	60.413600	62.164000	85.100000
E_7-8	ARO:3006948	LUT-6	228	61.078509	62.741667	85.100000
E_7-8	ARO:3006949	MAL-1	493	59.266531	59.658621	76.300000
E_7-8	ARO:3006950	MAL-2	492	59.329268	59.893902	76.300000
E_7-8	ARO:3006951	MBL1b	155	48.287742	46.074194	61.600000
E_7-8	ARO:3006952	MOC-1	122	46.176230	49.050000	79.700000
E_7-8	ARO:3006953	MOR-2	59	60.996610	61.120339	107.000000
E_7-8	ARO:3006954	MYO-1	44	56.254545	61.284091	87.400000
E_7-8	ARO:3006955	MYX-1	20	45.575000	46.390000	58.900000
E_7-8	ARO:3006956	OHIO-1	49	51.600000	52.218367	66.600000
E_7-8	ARO:3006957	ORN-1	92	57.556522	56.523913	95.500000
E_7-8	ARO:3006958	ORN-2	90	57.623333	56.492222	95.500000
E_7-8	ARO:3006959	ORN-3	85	57.877647	56.281176	95.500000
E_7-8	ARO:3006960	ORN-4	42	58.666667	59.045238	95.500000
E_7-8	ARO:3006961	ORN-5	85	57.024706	55.674118	95.500000
E_7-8	ARO:3006962	ORN-6	76	56.977632	55.889474	95.500000
E_7-8	ARO:3006963	ORR-1	27	55.062963	58.140741	72.400000
E_7-8	ARO:3006964	PAU-1	166	72.675301	69.828313	103.000000
E_7-8	ARO:3006965	PFM-1	17	53.405882	59.529412	75.900000
E_7-8	ARO:3006966	PFM-2	17	54.170588	60.652941	75.900000
E_7-8	ARO:3006967	PFM-3	17	55.752941	60.941176	75.900000
E_7-8	ARO:3006968	PLA-1	118	57.646610	56.143220	92.000000
E_7-8	ARO:3006969	PLA-2a	112	57.678571	56.131250	92.000000
E_7-8	ARO:3006970	PLA-3	107	57.687850	55.966355	92.000000
E_7-8	ARO:3006971	PLA-6	140	57.997857	56.568571	92.000000
E_7-8	ARO:3006972	PLN-1	138	51.815942	51.953623	80.100000
E_7-8	ARO:3006973	PME-1	79	58.264557	53.544304	72.400000
E_7-8	ARO:3006974	POM-1	139	46.236691	45.787050	100.000000
E_7-8	ARO:3006975	POM-2	138	46.236957	45.806522	100.000000
E_7-8	ARO:3006976	PST-1	15	45.320000	44.273333	53.100000
E_7-8	ARO:3006977	PST-2	15	45.320000	44.273333	53.100000
E_7-8	ARO:3006978	PSV-1	60	57.730000	58.088333	75.100000
E_7-8	ARO:3006979	RAHN-1	55	61.058182	63.621818	98.200000
E_7-8	ARO:3006980	RAHN-2	60	60.925000	63.715000	98.200000
E_7-8	ARO:3006981	RSA2-1	15	56.020000	54.273333	67.400000
E_7-8	ARO:3006982	RSD2-1	545	82.162936	81.516881	108.000000
E_7-8	ARO:3006983	RSD2-2	548	82.954562	81.474088	108.000000
E_7-8	ARO:3006984	RUB-1	62	54.646774	53.374194	94.400000
E_7-8	ARO:3006985	SFC-1	14	52.135714	52.807143	65.900000
E_7-8	ARO:3006986	SFO-1	64	64.818750	64.590625	104.000000
E_7-8	ARO:3006987	SGM-1	100	54.386000	48.722000	79.000000
E_7-8	ARO:3006988	SGM-2	72	57.391667	53.672222	76.600000
E_7-8	ARO:3006989	SGM-3	69	56.055072	52.210145	79.000000
E_7-8	ARO:3006990	SGM-4	92	55.528261	49.588043	77.800000
E_7-8	ARO:3006991	SGM-5	99	51.722222	47.588889	79.000000
E_7-8	ARO:3006992	SGM-6	107	55.416822	48.143925	81.600000
E_7-8	ARO:3006993	SGM-7	107	55.136449	48.248598	81.600000
E_7-8	ARO:3006994	SHN-1	3	35.533333	43.533333	45.800000
E_7-8	ARO:3006995	SPN79-1	25	52.832000	51.376000	81.300000
E_7-8	ARO:3006996	SPR-1	72	48.243056	47.226389	77.000000
E_7-8	ARO:3006997	SPS-1	45	48.248889	54.466667	73.900000
E_7-8	ARO:3006998	SPU-1	345	57.913913	59.640290	82.800000
E_7-8	ARO:3006999	SST-1	474	51.771097	51.563291	86.300000
E_7-8	ARO:3007000	STA-1	7	51.042857	53.800000	72.800000
E_7-8	ARO:3007001	TER-1	168	58.900595	57.085714	82.000000
E_7-8	ARO:3007002	TTU-1	39	46.584615	55.474359	77.800000
E_7-8	ARO:3007003	VHH-1	127	60.959055	61.314961	72.400000
E_7-8	ARO:3007004	VHW-1	102	60.142157	61.211765	72.400000
E_7-8	ARO:3007005	YEM-1	34	50.964706	53.529412	79.000000
E_7-8	ARO:3007006	ZOG-1	19	57.089474	56.378947	71.200000
E_7-8	ARO:3007007	TER-2	198	60.079798	58.364646	82.000000
E_7-8	ARO:3007010	norC	607	57.439374	55.716145	92.800000
E_7-8	ARO:3007011	mdeA	310	42.524194	41.541290	60.100000
E_7-8	ARO:3007013	sdrM	1908	43.500786	45.405818	89.700000
E_7-8	ARO:3007014	qacJ	588	50.967857	46.440136	67.000000
E_7-8	ARO:3007015	qacG	756	49.746561	46.708201	68.200000
E_7-8	ARO:3007017	SHD-1	31	46.503226	52.493548	64.300000
E_7-8	ARO:3007019	fexB	92	41.327174	42.143478	57.000000
E_7-8	ARO:3007021	PFM-4	17	55.323529	61.070588	75.900000
E_7-8	ARO:3007023	NDM-33	2	50.200000	56.400000	62.400000
E_7-8	ARO:3007026	salB	5086	43.771608	42.568502	58.500000
E_7-8	ARO:3007027	salC	4348	42.817088	43.585511	62.800000
E_7-8	ARO:3007028	salD	7887	45.917548	41.480905	61.600000
E_7-8	ARO:3007029	salE	3170	47.771893	42.063186	59.700000
E_7-8	ARO:3007032	Erm(50)	220	50.631364	46.722273	94.400000
E_7-8	ARO:3007033	Erm(51)	189	49.282540	48.116402	97.400000
E_7-8	ARO:3007041	Erm(52)	1714	44.131972	42.520012	63.900000
E_7-8	ARO:3007042	msr(G)	6895	48.910790	46.525279	73.600000
E_7-8	ARO:3007043	msr(I)	22338	49.315055	46.071815	100.000000
E_7-8	ARO:3007044	mef(F)	381	50.441995	46.318898	101.000000
E_7-8	ARO:3007047	mef(H)	10	54.020000	44.260000	95.100000
E_7-8	ARO:3007049	mef(J)	414	50.085749	46.777295	92.800000
E_7-8	ARO:3007050	mreA	1184	49.818328	47.384544	85.100000
E_7-8	ARO:3007062	VAM-1	20	52.030000	58.270000	76.300000
E_7-8	ARO:3007069	FosY	39	56.164103	41.189744	51.600000
E_7-8	ARO:3007070	MCR-1.33	2323	56.721438	57.651916	93.600000
E_7-8	ARO:3007075	cph	53	45.273585	40.620755	46.600000
E_7-8	ARO:3007085	PRC-1	133	53.583459	55.223308	91.300000
E_7-8	ARO:3007089	KPC-83	1	47.800000	52.000000	52.000000
E_7-8	ARO:3007097	FosM1	3	51.033333	45.300000	55.100000
E_7-8	ARO:3007098	FosM2	2	41.000000	37.400000	37.400000
E_7-8	ARO:3007099	FosM3	4	47.525000	44.775000	58.900000
E_7-8	ARO:3007101	BcIII	61	46.236066	51.063934	71.600000
E_7-8	ARO:3007104	nimA	752	57.715957	57.744814	90.500000
E_7-8	ARO:3007105	nimC	557	56.968941	58.388689	87.800000
E_7-8	ARO:3007106	nimD	626	59.512939	60.603674	89.400000
E_7-8	ARO:3007107	nimE	569	64.461160	64.313708	112.000000
E_7-8	ARO:3007108	nimF	542	58.819557	62.607196	90.100000
E_7-8	ARO:3007109	nimG	678	59.321091	60.347050	91.300000
E_7-8	ARO:3007110	nimH	589	60.872666	62.064346	96.300000
E_7-8	ARO:3007111	nimI	344	58.907849	59.088953	87.800000
E_7-8	ARO:3007112	nimJ	602	57.370266	58.747674	104.000000
E_7-8	ARO:3007113	nimK	593	55.694098	56.196459	77.000000
E_7-8	ARO:3007118	crxA	24	54.229167	49.645833	90.100000
E_7-8	ARO:3007119	tet(O/32/O)	31259	52.863009	49.449643	113.000000
E_7-8	ARO:3007120	tet(O/M/O)	32196	54.340434	50.223826	112.000000
E_7-8	ARO:3007121	tet(O/W)	32630	54.136672	50.103635	111.000000
E_7-8	ARO:3007122	tet(O/W/32/O)	32683	54.144105	50.118104	112.000000
E_7-8	ARO:3007123	tet(O/W/O)	32641	54.151641	50.110674	113.000000
E_7-8	ARO:3007124	tet(W/32/O)	29728	53.645180	48.601191	106.000000
E_7-8	ARO:3007125	ROB-11	65	51.146154	48.243077	71.600000
E_7-8	ARO:3007126	ROB-12	65	51.146154	48.243077	71.600000
E_7-8	ARO:3007127	otr(A)S.liv	16588	54.101405	46.571516	75.900000
E_7-8	ARO:3007137	mcr-10.1	2018	56.105600	60.343112	108.000000
E_7-8	ARO:3007180	MAB	31	53.906452	51.912903	80.500000
E_7-8	ARO:3007182	blaC	30	52.220000	51.963333	68.600000
E_7-8	ARO:3007188	vanH_in_vanP_cl	7244	48.721949	47.246935	68.900000
E_7-8	ARO:3007189	vanP	3877	49.162368	48.477844	77.400000
E_7-8	ARO:3007190	vanX_in_vanP_cl	394	55.979695	52.458883	76.600000
E_7-8	ARO:3007191	vanR_in_vanP_cl	21116	51.823551	49.698395	91.300000
E_7-8	ARO:3007192	vanS_in_vanP_cl	3908	46.193680	43.793245	78.200000
E_7-8	ARO:3007199	PAM-1	180	46.777778	43.851667	85.900000
E_7-8	ARO:3007200	PAM-2	131	46.513740	44.867939	85.500000
E_7-8	ARO:3007201	PAM-3	123	46.413008	45.203252	85.100000
E_7-8	ARO:3007204	AAC(6')-Iap	79	45.998734	45.903797	61.200000
E_7-8	ARO:3007206	KBL-1	157	58.768153	58.473885	75.900000
E_7-8	ARO:3007208	HelR	904	61.491040	58.684956	102.000000
E_7-8	ARO:3007209	Sven_rox	1772	60.511964	50.799774	96.700000
E_7-8	ARO:3007210	Nfar_rox	1406	60.277738	54.254694	101.000000
E_7-8	ARO:3007212	NDM-35	1	52.500000	50.800000	50.800000
E_7-8	ARO:3007215	NDM-38	1	47.900000	62.000000	62.000000
E_7-8	ARO:3007227	MCR-8.3	2914	53.037337	55.986548	85.100000
E_7-8	ARO:3007228	MCR-8.4	2998	52.947698	55.956004	85.500000
E_7-8	ARO:3007229	MCR-8.2	2915	53.184528	56.032487	87.800000
E_7-8	ARO:3007230	MCR-1.34	1911	57.244532	57.742805	93.600000
E_7-8	ARO:3007231	MCR-4.6	2026	54.645015	59.624827	93.600000
E_7-8	ARO:3007232	MCR-1.27	1461	57.514237	57.816906	93.600000
E_7-8	ARO:3007233	MCR-1.18	1142	56.816725	55.570753	92.400000
E_7-8	ARO:3007234	MCR-1.23	932	56.617382	53.982725	76.300000
E_7-8	ARO:3007235	MCR-1.20	895	56.557654	53.859777	76.300000
E_7-8	ARO:3007236	MCR-1.28	828	56.466304	53.816063	76.300000
E_7-8	ARO:3007237	MCR-1.21	665	56.733233	53.590977	74.700000
E_7-8	ARO:3007238	MCR-1.16	580	55.786724	53.960000	76.300000
E_7-8	ARO:3007239	MCR-1.22	581	56.088812	54.040620	76.300000
E_7-8	ARO:3007240	MCR-1.19	374	55.044920	53.630481	76.300000
E_7-8	ARO:3007241	MCR-1.29	144	56.415278	56.102083	74.700000
E_7-8	ARO:3007242	MCR-1.30	93	55.591398	59.578495	76.300000
E_7-8	ARO:3007243	MCR-1.24	47	59.944681	56.836170	76.300000
E_7-8	ARO:3007244	MCR-1.17	3	40.066667	37.966667	38.500000
E_7-8	ARO:3007246	MCR-1.14	5	53.980000	51.300000	56.600000
E_7-8	ARO:3007248	MCR-3.33	1820	55.524341	59.685055	112.000000
E_7-8	ARO:3007249	MCR-3.14	1633	55.561972	59.196203	114.000000
E_7-8	ARO:3007250	MCR-3.37	1898	55.896944	59.469968	112.000000
E_7-8	ARO:3007251	MCR-3.38	1110	55.977387	59.771261	111.000000
E_7-8	ARO:3007252	MCR-3.15	1220	56.105738	59.281721	111.000000
E_7-8	ARO:3007253	MCR-3.27	1124	56.572954	59.613612	111.000000
E_7-8	ARO:3007254	MCR-3.32	1538	55.438101	59.035046	114.000000
E_7-8	ARO:3007255	MCR-3.31	1559	55.147146	57.956575	114.000000
E_7-8	ARO:3007256	MCR-3.23	1021	54.851616	58.075220	112.000000
E_7-8	ARO:3007257	MCR-3.36	1772	55.874492	59.295598	112.000000
E_7-8	ARO:3007258	MCR-3.25	1497	56.063861	59.084569	114.000000
E_7-8	ARO:3007259	MCR-3.22	1216	54.026151	58.278125	112.000000
E_7-8	ARO:3007260	MCR-3.16	1473	56.149966	58.860625	114.000000
E_7-8	ARO:3007261	MCR-3.26	939	54.685197	58.092332	112.000000
E_7-8	ARO:3007262	MCR-3.21	881	54.977526	58.419750	112.000000
E_7-8	ARO:3007263	MCR-3.18	1507	54.499536	57.660650	114.000000
E_7-8	ARO:3007264	MCR-3.40	877	54.425200	57.938312	112.000000
E_7-8	ARO:3007265	MCR-3.24	794	54.286398	57.610202	112.000000
E_7-8	ARO:3007266	MCR-3.20	2119	54.658188	58.413167	112.000000
E_7-8	ARO:3007267	MCR-3.35	1461	56.451266	60.452361	112.000000
E_7-8	ARO:3007268	MCR-3.34	1558	56.074904	60.463158	112.000000
E_7-8	ARO:3007269	MCR-3.13	1165	56.922661	59.162661	112.000000
E_7-8	ARO:3007270	MCR-3.28	1393	56.666332	60.746016	112.000000
E_7-8	ARO:3007271	MCR-3.39	766	54.521671	57.884073	112.000000
E_7-8	ARO:3007272	MCR-3.29	940	53.278830	57.724787	112.000000
E_7-8	ARO:3007273	MCR-3.19	676	54.943195	58.221746	112.000000
E_7-8	ARO:3007274	MCR-10.5	2054	56.152921	60.270740	108.000000
E_7-8	ARO:3007275	MCR-10.3	1987	55.935128	60.003070	108.000000
E_7-8	ARO:3007276	MCR-10.4	2061	56.091994	60.350558	108.000000
E_7-8	ARO:3007277	MCR-10.2	2000	56.224400	60.324200	108.000000
E_7-8	ARO:3007278	MCR-3.17	1762	54.691430	59.069296	112.000000
E_7-8	ARO:3007279	MCR-1.15	2728	56.448607	57.391826	93.600000
E_7-8	ARO:3007280	MCR-1.26	3035	56.338188	57.117661	93.600000
E_7-8	ARO:3007281	MCR-5.4	2706	57.360902	58.368921	113.000000
E_7-8	ARO:3007282	MCR-5.3	2773	57.143743	58.109016	113.000000
E_7-8	ARO:3007283	MCR-2.4	2250	56.603156	60.377867	95.100000
E_7-8	ARO:3007284	MCR-2.3	2251	56.524167	59.854065	95.100000
E_7-8	ARO:3007285	MCR-2.8	1839	55.794290	58.369277	92.800000
E_7-8	ARO:3007286	MCR-2.5	2241	56.399598	60.133512	95.100000
E_7-8	ARO:3007287	MCR-2.7	2223	56.479847	60.116149	95.100000
E_7-8	ARO:3007288	MCR-2.6	2224	56.491187	60.160297	95.100000
E_7-8	ARO:3007368	FosG	115	52.721739	52.889565	73.200000
E_7-8	ARO:3007369	FosH	110	63.205455	59.070909	86.700000
E_7-8	ARO:3007370	FosI	127	63.725984	61.559055	84.300000
E_7-8	ARO:3007371	FosA8	116	61.578448	63.950862	100.000000
E_7-8	ARO:3007372	FosBx1	26	51.711538	40.080769	48.500000
E_7-8	ARO:3007374	PJM-1	235	51.688936	49.526809	89.000000
E_7-8	ARO:3007375	KPC-87	18	73.522222	76.522222	102.000000
E_7-8	ARO:3007381	KPC-86	2	62.900000	67.200000	67.400000
E_7-8	ARO:3007383	KPC-95	1	39.600000	38.500000	38.500000
E_7-8	ARO:3007401	ANT(9)-Ib	6	45.683333	44.616667	51.200000
E_7-8	ARO:3007427	ThfT	23	66.652174	62.665217	84.300000
E_7-8	ARO:3007433	almE	165	49.469091	43.616364	67.000000
E_7-8	ARO:3007435	WUS-1	129	46.068992	50.665891	78.200000
E_7-8	ARO:3007436	KPC-96	1	60.500000	46.600000	46.600000
E_7-8	ARO:3007437	EBR-5	34	48.094118	55.276471	89.000000
E_7-8	ARO:3007438	LAQ-1	68	61.172059	62.932353	97.800000
E_7-8	ARO:3007442	SSA	225	56.905333	55.669333	83.600000
E_7-8	ARO:3007444	NDM-45	1	45.500000	38.500000	38.500000
E_7-8	ARO:3007454	TEM-245	1	59.600000	52.800000	52.800000
E_7-8	ARO:3007456	dfrL	1699	50.531901	50.100647	70.100000
E_7-8	ARO:3007459	EstT	395	51.265316	51.028101	110.000000
E_7-8	ARO:3007460	IMP-91	14	43.971429	48.842857	114.000000
E_7-8	ARO:3007461	IMP-96	1	87.800000	92.800000	92.800000
E_7-8	ARO:3007462	IMP-92	22	54.909091	56.236364	117.000000
E_7-8	ARO:3007463	IMP-93	9	62.344444	56.055556	93.200000
E_7-8	ARO:3007464	IMP-94	15	48.453333	50.086667	97.100000
E_7-8	ARO:3007465	IMP-95	6	60.083333	58.533333	64.300000
E_7-8	ARO:3007470	IND-17	48	48.789583	57.070833	77.800000
E_7-8	ARO:3007483	RAD-1	572	48.620280	53.167308	90.900000
E_7-8	ARO:3007489	dfrB10	77	82.885714	75.179221	107.000000
E_7-8	ARO:3007490	dfrB11	75	81.354667	74.826667	104.000000
E_7-8	ARO:3007492	tet(62)	5903	54.137913	50.568592	89.400000
E_7-8	ARO:3007493	tet(63)	37	48.813514	50.175676	89.700000
E_7-8	ARO:3007494	tet(64)	6632	55.682132	51.791209	85.500000
E_7-8	ARO:3007509	Sfle_acrA	6964	56.828748	54.427786	104.000000
E_7-8	ARO:3007515	ANT(9)-Ic	93	49.340860	47.084946	66.600000
E_7-8	ARO:3007533	MCR-4.7	2161	54.366682	59.378945	93.600000
E_7-8	ARO:3007539	APH(9)-Ic	143	51.611888	52.420979	77.800000
E_7-8	ARO:3007561	OXA-1038	125	50.540800	50.760000	62.000000
E_7-8	ARO:3007632	FRI-11	57	45.375439	48.166667	67.800000
E_7-8	ARO:3007633	KPC-125	2	62.900000	66.800000	68.900000
E_7-8	ARO:3007635	CAE-1	206	62.105340	57.432039	99.800000
E_7-8	ARO:3007637	cplR	36340	47.806357	44.611940	79.000000
E_7-8	ARO:3007644	Cper_cplR	33279	46.954818	45.380922	84.300000
E_7-8	ARO:3007645	Cspo_cplR	23571	45.233753	45.658114	74.300000
E_7-8	ARO:3007648	PSZ-1	102	61.499020	59.150980	76.300000
E_7-8	ARO:3007650	CDA-1	23	55.539130	54.021739	87.000000
E_7-8	ARO:3007654	erm(56)	220	55.664091	52.010455	105.000000
E_7-8	ARO:3007659	Rv2856	1262	66.591521	67.853645	102.000000
E_7-8	ARO:3007662	Rv1877	2802	52.839686	52.238972	96.300000
E_7-8	ARO:3007669	aadT	2148	50.165177	48.130912	103.000000
E_7-8	ARO:3007671	CdnimB	334	49.772455	51.600000	74.700000
E_7-8	ARO:3007678	IreK	13154	46.715980	46.482264	99.000000
E_7-8	ARO:3007682	MdtQ	650	57.188308	54.616462	114.000000
E_7-8	ARO:3007694	AMZ-1	538	57.823792	61.233457	88.200000
E_7-8	ARO:3007770	aac(6')-Ib-cr10	414	93.505072	89.955072	110.000000
E_7-8	ARO:3007771	aac(6')-Ib-cr11	386	94.566839	90.949223	110.000000
E_7-8	ARO:3007801	RATA-1	422	58.362085	58.299052	99.000000
E_7-8	ARO:3007802	RATA-2	391	58.681586	57.961893	103.000000
E_7-8	ARO:3007803	CARB-56	212	61.158019	62.216509	71.600000
E_7-8	ARO:3007812	VIM-75	13	50.092308	55.169231	70.900000
E_7-8	ARO:3007813	VIM-76	10	50.300000	53.490000	65.500000
E_7-8	ARO:3007815	VIM-78	5	53.600000	49.300000	55.100000
E_7-8	ARO:3007816	VIM-79	5	51.780000	56.460000	71.200000
E_7-8	ARO:3007817	VIM-80	6	51.950000	48.183333	53.500000
E_7-8	ARO:3007819	VIM-82	4	54.500000	51.225000	55.100000
E_7-8	ARO:3007820	VIM-83	10	48.010000	56.890000	70.900000
E_7-8	ARO:3007821	VIM-84	4	54.500000	51.225000	55.100000
E_7-8	ARO:3007822	VIM-85	4	54.500000	51.225000	55.100000
E_7-8	ARO:3007823	VIM-86	14	50.185714	59.235714	76.300000
E_7-8	ARO:3007825	GES-47	82	74.336585	74.637805	103.000000
E_7-8	ARO:3007826	GES-48	63	79.044444	79.352381	103.000000
E_7-8	ARO:3007827	GES-49	87	94.124138	95.072414	108.000000
E_7-8	ARO:3007828	GES-50	59	80.413559	80.501695	103.000000
E_7-8	ARO:3007829	GES-51	37	93.583784	92.772973	103.000000
E_7-8	ARO:3007830	GES-52	102	99.234314	101.216667	108.000000
E_7-8	ARO:3007831	GES-53	74	99.108108	100.063514	108.000000
E_7-8	ARO:3007832	GES-54	46	82.604348	82.523913	103.000000
E_7-8	ARO:3007833	GES-55	42	99.809524	101.973810	108.000000
E_7-8	ARO:3007834	GES-56	97	82.900000	84.082474	105.000000
E_7-8	ARO:3007835	GES-57	70	90.641429	92.794286	103.000000
E_7-8	ARO:3007836	CARB-57	199	61.673869	62.374372	71.600000
E_7-8	ARO:3007837	CARB-58	483	91.393375	48.699172	110.000000
E_7-8	ARO:3007838	tet(65)	4520	51.747611	47.692788	92.000000
E_7-8	ARO:3007840	CIM-1	45	53.764444	59.704444	88.600000
E_7-8	ARO:3007846	SIE-1	99	51.387879	50.057576	83.200000
E_7-8	ARO:3007848	NWM-1	392	45.133929	41.547704	65.100000
E_7-8	ARO:3007855	CHM-1	43	62.630233	66.546512	91.700000
E_7-8	ARO:3007857	KPC-134	2	62.900000	66.800000	68.900000
E_7-8	ARO:3007859	BIM-1	13	56.238462	58.053846	89.700000
E_7-8	ARO:3007861	DYB-1	53	52.800000	59.320755	82.400000
E_7-8	ARO:3007883	ACT-100	17	82.417647	79.023529	107.000000
E_7-8	ARO:3007884	ACT-101	16	82.100000	78.537500	107.000000
E_7-8	ARO:3007885	ACT-102	14	78.350000	73.507143	104.000000
E_7-8	ARO:3007886	ACT-103	16	81.206250	78.156250	107.000000
E_7-8	ARO:3007887	ACT-104	59	58.550847	58.596610	81.600000
E_7-8	ARO:3007888	ACT-105	20	61.505000	52.085000	102.000000
E_7-8	ARO:3007889	ACT-106	56	54.632143	53.673214	107.000000
E_7-8	ARO:3007890	ACT-107	35	64.502857	63.414286	103.000000
E_7-8	ARO:3007891	ACT-108	42	58.364286	57.607143	107.000000
E_7-8	ARO:3007892	ACT-109	76	58.739474	59.684211	87.800000
E_7-8	ARO:3007893	ACT-110	13	69.053846	72.884615	107.000000
E_7-8	ARO:3007894	ACT-111	4	77.475000	76.800000	100.000000
E_7-8	ARO:3007895	ACT-112	30	56.720000	54.206667	89.400000
E_7-8	ARO:3007896	ACT-113	4	69.825000	43.700000	48.100000
E_7-8	ARO:3007897	ACT-115	13	96.730769	100.900000	107.000000
E_7-8	ARO:3007898	ACT-116	3	88.700000	75.466667	102.000000
E_7-8	ARO:3007899	ACT-117	29	55.782759	52.937931	87.800000
E_7-8	ARO:3007900	ACT-118	21	55.214286	54.333333	99.800000
E_7-8	ARO:3007901	ACT-119	77	53.885714	50.955844	93.200000
E_7-8	ARO:3007902	ACT-120	55	53.314545	48.656364	105.000000
E_7-8	ARO:3007903	ACT-121	53	54.703774	51.411321	105.000000
E_7-8	ARO:3007904	ACT-122	16	81.062500	77.200000	107.000000
E_7-8	ARO:3007905	ACT-123	4	69.825000	43.700000	48.100000
E_7-8	ARO:3007906	ACT-124	16	46.293750	43.875000	76.600000
E_7-8	ARO:3007907	ACT-131	29	55.903448	52.989655	87.800000
E_7-8	ARO:3007908	ACT-140	11	54.009091	56.145455	94.400000
E_7-8	ARO:3007909	ACT-141	31	66.248387	65.077419	107.000000
E_7-8	ARO:3007910	ACT-142	27	69.318519	67.670370	107.000000
E_7-8	ARO:3007911	ACT-143	11	75.136364	81.081818	105.000000
E_7-8	ARO:3007912	ACT-144	33	55.684848	54.093939	107.000000
E_7-8	ARO:3007913	ACT-145	3	88.700000	75.466667	102.000000
E_7-8	ARO:3007914	ACT-146	18	65.772222	69.655556	94.400000
E_7-8	ARO:3007915	ACT-148	8	63.625000	51.850000	64.300000
E_7-8	ARO:3007916	ACT-150	99	48.515152	45.634343	107.000000
E_7-8	ARO:3007917	ACT-151	18	67.583333	67.216667	107.000000
E_7-8	ARO:3007918	ACT-153	10	51.410000	52.900000	94.400000
E_7-8	ARO:3007919	ACT-154	15	64.280000	68.560000	107.000000
E_7-8	ARO:3007920	ACT-155	12	51.875000	49.208333	96.300000
E_7-8	ARO:3007921	ACT-156	35	56.448571	58.111429	99.800000
E_7-8	ARO:3007922	ACT-157	12	51.875000	49.208333	96.300000
E_7-8	ARO:3007923	ACT-158	38	49.423684	48.144737	107.000000
E_7-8	ARO:3007924	ACT-159	7	60.400000	51.228571	99.800000
E_7-8	ARO:3007925	ACT-160	18	65.772222	69.655556	94.400000
E_7-8	ARO:3007926	ACT-161	74	61.489189	59.432432	107.000000
E_7-8	ARO:3007927	ACT-162	38	59.021053	55.989474	107.000000
E_7-8	ARO:3007928	ACT-165	28	62.689286	65.392857	94.400000
E_7-8	ARO:3007929	ACT-166	21	46.185714	47.747619	87.800000
E_7-8	ARO:3007930	ACT-167	2	91.950000	95.350000	99.800000
E_7-8	ARO:3007931	ACT-168	3	71.333333	69.133333	100.000000
E_7-8	ARO:3007932	ACT-169	7	77.685714	84.571429	107.000000
E_7-8	ARO:3007933	ACT-170	13	56.492308	57.100000	94.400000
E_7-8	ARO:3007934	ACT-171	3	71.766667	45.300000	48.100000
E_7-8	ARO:3007935	ACT-172	10	51.010000	52.400000	94.400000
E_7-8	ARO:3007936	ACT-173	23	72.426087	65.395652	111.000000
E_7-8	ARO:3007937	ACT-174	12	51.400000	46.250000	60.500000
E_7-8	ARO:3007938	ACT-175	7	43.900000	43.271429	48.100000
E_7-8	ARO:3007939	ACT-176	5	53.520000	53.840000	90.900000
E_7-8	ARO:3007940	ACT-177	33	64.418182	60.021212	110.000000
E_7-8	ARO:3007941	ACT-178	113	48.651327	42.548673	53.500000
E_7-8	ARO:3007942	ACT-179	1	100.000000	48.100000	48.100000
E_7-8	ARO:3007943	ACT-180	4	44.400000	44.575000	48.900000
E_7-8	ARO:3007944	ACT-181	93	46.965591	43.630108	104.000000
E_7-8	ARO:3007945	ACT-182	13	71.969231	67.900000	100.000000
E_7-8	ARO:3007946	ACT-183	15	52.386667	46.220000	60.500000
E_7-8	ARO:3007947	ACT-184	11	52.445455	49.790909	94.700000
E_7-8	ARO:3007948	ACT-185	47	63.240426	63.187234	81.600000
E_7-8	ARO:3007949	ACT-186	2	57.650000	43.900000	44.300000
E_7-8	ARO:3007950	ACT-187	16	61.068750	66.256250	100.000000
E_7-8	ARO:3007951	ACT-188	13	68.761538	73.369231	93.200000
E_7-8	ARO:3007952	ACT-189	7	73.128571	74.400000	95.900000
E_7-8	ARO:3007953	ACT-190	6	74.983333	81.333333	107.000000
E_7-8	ARO:3007954	ACT-191	5	52.260000	51.540000	60.500000
E_7-8	ARO:3007955	ACT-192	25	81.220000	72.300000	111.000000
E_7-8	ARO:3007956	ACT-193	6	59.266667	61.433333	99.400000
E_7-8	ARO:3007957	ACT-194	3	55.566667	58.566667	60.500000
E_7-8	ARO:3007958	ACT-85	110	57.895455	55.258182	111.000000
E_7-8	ARO:3007959	ACT-86	109	58.929358	56.437615	111.000000
E_7-8	ARO:3007960	ACT-88	113	47.086726	50.431858	87.800000
E_7-8	ARO:3007961	ACT-89	9	45.488889	41.022222	50.100000
E_7-8	ARO:3007962	ACT-90	36	71.822222	63.369444	111.000000
E_7-8	ARO:3007963	ACT-91	11	67.590909	57.100000	100.000000
E_7-8	ARO:3007964	ACT-92	2	84.050000	62.200000	77.000000
E_7-8	ARO:3007965	ACT-93	2	99.000000	74.700000	102.000000
E_7-8	ARO:3007966	ACT-94	3	55.566667	58.566667	60.500000
E_7-8	ARO:3007967	ACT-95	7	79.600000	88.271429	107.000000
E_7-8	ARO:3007968	ACT-96	8	79.537500	87.787500	107.000000
E_7-8	ARO:3007969	ACT-97	4	90.850000	98.900000	107.000000
E_7-8	ARO:3007970	ACT-98	56	60.535714	60.658929	107.000000
E_7-8	ARO:3007971	ACT-99	14	65.500000	68.314286	107.000000
E_7-8	ARO:3007973	ADC-257	2	83.350000	83.400000	94.400000
E_7-8	ARO:3007978	ADC-262	1	100.000000	102.000000	102.000000
E_7-8	ARO:3007980	ADC-264	36	52.194444	56.125000	78.600000
E_7-8	ARO:3007981	ADC-265	35	59.620000	62.617143	78.200000
E_7-8	ARO:3007982	ADC-266	29	47.634483	48.424138	82.800000
E_7-8	ARO:3007983	ADC-267	1	60.500000	53.500000	53.500000
E_7-8	ARO:3007985	ADC-269	10	60.550000	68.120000	102.000000
E_7-8	ARO:3007986	ADC-270	1	56.800000	52.400000	52.400000
E_7-8	ARO:3007988	ADC-272	4	43.925000	44.200000	47.400000
E_7-8	ARO:3007990	ADC-274	13	52.000000	50.023077	75.100000
E_7-8	ARO:3007992	ADC-276	1	60.500000	53.500000	53.500000
E_7-8	ARO:3007993	ADC-277	2	68.050000	70.100000	71.600000
E_7-8	ARO:3007994	ADC-278	2	69.750000	70.850000	102.000000
E_7-8	ARO:3007996	ADC-280	1	55.100000	60.100000	60.100000
E_7-8	ARO:3007997	ADC-281	11	50.654545	58.154545	73.200000
E_7-8	ARO:3007998	ADC-282	28	60.489286	62.432143	78.200000
E_7-8	ARO:3008000	ADC-284	11	59.290909	65.390909	102.000000
E_7-8	ARO:3008001	ADC-285	20	60.050000	62.275000	86.700000
E_7-8	ARO:3008002	ADC-286	3	42.000000	46.500000	52.800000
E_7-8	ARO:3008003	ADC-287	2	39.100000	43.150000	47.800000
E_7-8	ARO:3008004	ADC-288	20	58.070000	62.465000	80.900000
E_7-8	ARO:3008005	ADC-289	27	47.800000	48.888889	82.800000
E_7-8	ARO:3008006	ADC-290	19	59.263158	62.257895	87.800000
E_7-8	ARO:3008007	ADC-291	9	50.333333	49.022222	74.700000
E_7-8	ARO:3008008	ADC-292	13	61.661538	65.492308	86.300000
E_7-8	ARO:3008011	ADC-295	26	46.488462	48.723077	63.500000
E_7-8	ARO:3008012	ADC-302	2	51.000000	41.550000	43.100000
E_7-8	ARO:3008016	ADC-306	4	67.775000	71.800000	102.000000
E_7-8	ARO:3008018	ADC-308	3	68.300000	63.266667	72.400000
E_7-8	ARO:3008020	ADC-310	2	83.350000	83.400000	94.400000
E_7-8	ARO:3008021	ADC-311	4	61.225000	58.725000	72.400000
E_7-8	ARO:3008024	ADC-314	31	58.706452	64.229032	87.800000
E_7-8	ARO:3008026	ADC-316	3	53.433333	60.333333	68.200000
E_7-8	ARO:3008028	ADC-318	3	73.033333	78.033333	102.000000
E_7-8	ARO:3008029	ADC-319	1	40.000000	45.100000	45.100000
E_7-8	ARO:3008030	ADC-320	1	43.200000	37.700000	37.700000
E_7-8	ARO:3008031	ADC-321	12	60.933333	63.866667	83.600000
E_7-8	ARO:3008032	ADC-322	13	54.584615	61.630769	72.400000
E_7-8	ARO:3008034	ADC-324	13	66.007692	75.400000	86.700000
E_7-8	ARO:3008035	ADC-325	2	57.700000	65.100000	68.200000
E_7-8	ARO:3008036	ADC-326	2	57.000000	64.900000	84.700000
E_7-8	ARO:3008039	ADC-329	2	68.050000	70.100000	71.600000
E_7-8	ARO:3008040	ADC-330	1	100.000000	102.000000	102.000000
E_7-8	ARO:3008042	ADC-332	11	46.363636	44.445455	63.500000
E_7-8	ARO:3008044	ADC-334	29	48.951724	50.882759	82.800000
E_7-8	ARO:3008045	ADC-335	22	53.495455	53.790909	78.600000
E_7-8	ARO:3008050	ADC-340	1	100.000000	102.000000	102.000000
E_7-8	ARO:3008051	ADC-341	5	42.140000	42.880000	58.900000
E_7-8	ARO:3008052	ADC-342	1	45.800000	54.700000	54.700000
E_7-8	ARO:3008053	ADC-343	5	52.080000	56.220000	61.200000
E_7-8	ARO:3008057	ADC-347	9	50.344444	48.377778	74.700000
E_7-8	ARO:3008058	ADC-348	2	83.350000	83.400000	94.400000
E_7-8	ARO:3008060	ADC-350	25	48.264000	49.260000	82.800000
E_7-8	ARO:3008061	ADC-351	4	43.125000	43.350000	47.800000
E_7-8	ARO:3008062	ADC-352	12	60.516667	60.075000	75.500000
E_7-8	ARO:3008063	ADC-353	22	47.645455	50.172727	63.500000
E_7-8	ARO:3008066	ADC-356	3	58.333333	59.800000	86.300000
E_7-8	ARO:3008067	ADC-357	7	72.485714	74.371429	86.300000
E_7-8	ARO:3008068	ADC-358	29	48.900000	49.434483	82.800000
E_7-8	ARO:3008069	ADC-359	17	65.147059	67.705882	105.000000
E_7-8	ARO:3008070	AFM-3	3	48.333333	44.800000	51.200000
E_7-8	ARO:3008071	AFM-4	3	48.333333	44.800000	51.200000
E_7-8	ARO:3008072	AFM-5	3	49.833333	44.933333	51.600000
E_7-8	ARO:3008073	AIM-2	196	52.291837	49.593367	88.600000
E_7-8	ARO:3008074	ASU1-1	94	51.759574	49.787234	70.500000
E_7-8	ARO:3008075	AXC-6	125	56.884000	56.377600	77.400000
E_7-8	ARO:3008076	AXC-7	123	58.392683	57.715447	79.000000
E_7-8	ARO:3008077	AXC-8	121	57.695041	56.921488	77.400000
E_7-8	ARO:3008078	B3SU1-1	182	47.571978	46.188462	95.500000
E_7-8	ARO:3008079	B3SU2-1	250	61.237600	62.668800	89.700000
E_7-8	ARO:3008080	BIC-2	27	53.629630	57.085185	74.700000
E_7-8	ARO:3008081	BMHC-1	41	64.085366	68.246341	92.400000
E_7-8	ARO:3008082	BOR-1	155	57.000645	56.834194	84.300000
E_7-8	ARO:3008083	CAM-2	91	57.996703	66.243956	86.300000
E_7-8	ARO:3008084	CME-3	435	61.736322	63.328736	87.800000
E_7-8	ARO:3008085	CMH-10	36	66.369444	71.394444	114.000000
E_7-8	ARO:3008086	CMH-11	10	71.770000	74.440000	105.000000
E_7-8	ARO:3008087	CMH-12	19	75.531579	81.284211	114.000000
E_7-8	ARO:3008088	CMH-13	20	76.735000	83.160000	114.000000
E_7-8	ARO:3008089	CMH-14	22	74.727273	79.540909	114.000000
E_7-8	ARO:3008090	CMH-15	18	76.155556	82.350000	114.000000
E_7-8	ARO:3008091	CMH-16	18	76.155556	82.350000	114.000000
E_7-8	ARO:3008092	CMH-17	10	70.130000	71.980000	104.000000
E_7-8	ARO:3008093	CMH-18	18	75.850000	80.183333	114.000000
E_7-8	ARO:3008094	CMH-19	18	70.105556	74.972222	114.000000
E_7-8	ARO:3008095	CMH-20	19	75.757895	82.394737	105.000000
E_7-8	ARO:3008096	CMH-21	11	75.600000	77.890909	114.000000
E_7-8	ARO:3008097	CMH-24	7	78.571429	82.357143	114.000000
E_7-8	ARO:3008098	CMH-25	6	82.150000	86.383333	114.000000
E_7-8	ARO:3008099	CMH-26	3	71.200000	68.533333	114.000000
E_7-8	ARO:3008100	CMH-27	10	49.790000	50.070000	114.000000
E_7-8	ARO:3008101	CMH-28	3	70.733333	77.100000	113.000000
E_7-8	ARO:3008102	CMH-29	8	78.462500	78.775000	114.000000
E_7-8	ARO:3008103	CMH-30	5	85.380000	90.340000	114.000000
E_7-8	ARO:3008104	CMH-31	5	82.840000	88.880000	114.000000
E_7-8	ARO:3008105	CMH-32	8	71.200000	73.087500	104.000000
E_7-8	ARO:3008106	CMH-33	6	71.300000	72.000000	114.000000
E_7-8	ARO:3008107	CMH-34	9	73.955556	77.522222	113.000000
E_7-8	ARO:3008108	CMH-7	6	82.433333	87.416667	114.000000
E_7-8	ARO:3008109	CMH-8	2	100.000000	109.500000	114.000000
E_7-8	ARO:3008110	CMH-9	14	78.571429	86.364286	105.000000
E_7-8	ARO:3008111	CMY-172	119	90.092437	90.447899	112.000000
E_7-8	ARO:3008112	CMY-175	1	71.400000	85.100000	85.100000
E_7-8	ARO:3008113	CMY-176	7	69.857143	68.571429	83.600000
E_7-8	ARO:3008115	CMY-178	126	81.709524	81.628571	112.000000
E_7-8	ARO:3008116	CMY-179	16	58.668750	60.843750	95.100000
E_7-8	ARO:3008117	CMY-180	3	79.033333	83.566667	105.000000
E_7-8	ARO:3008118	CMY-181	1	100.000000	105.000000	105.000000
E_7-8	ARO:3008119	CMY-182	12	55.041667	58.633333	84.000000
E_7-8	ARO:3008120	CMY-183	1	73.500000	83.600000	83.600000
E_7-8	ARO:3008121	CMY-184	8	84.975000	89.250000	108.000000
E_7-8	ARO:3008122	CMY-186	6	99.666667	106.166667	108.000000
E_7-8	ARO:3008123	CMY-188	1	100.000000	105.000000	105.000000
E_7-8	ARO:3008124	CMY-189	1	100.000000	105.000000	105.000000
E_7-8	ARO:3008125	CMY-190	27	59.522222	58.525926	95.100000
E_7-8	ARO:3008127	CMY-192	2	59.650000	39.050000	40.400000
E_7-8	ARO:3008128	CMY-194	6	99.666667	106.166667	108.000000
E_7-8	ARO:3008129	CMY-195	2	51.200000	42.150000	42.700000
E_7-8	ARO:3008130	CMY-196	1	53.200000	52.000000	52.000000
E_7-8	ARO:3008133	CMY-199	1	47.400000	45.100000	45.100000
E_7-8	ARO:3008134	CTX-M-243	6	50.266667	48.133333	57.000000
E_7-8	ARO:3008136	CTX-M-246	20	54.705000	52.315000	65.100000
E_7-8	ARO:3008137	CTX-M-247	6	62.433333	64.316667	89.400000
E_7-8	ARO:3008138	CTX-M-248	4	65.100000	66.625000	89.400000
E_7-8	ARO:3008139	CTX-M-249	4	65.100000	66.625000	89.400000
E_7-8	ARO:3008141	CTX-M-252	4	54.900000	55.625000	62.400000
E_7-8	ARO:3008142	CTX-M-253	11	57.254545	62.845455	103.000000
E_7-8	ARO:3008148	CTX-M-259	3	51.433333	49.266667	50.800000
E_7-8	ARO:3008150	CTX-M-261	4	50.425000	48.000000	50.400000
E_7-8	ARO:3008153	CTX-M-264	6	53.866667	52.583333	60.100000
E_7-8	ARO:3008154	CTX-M-265	5	56.060000	54.320000	60.100000
E_7-8	ARO:3008155	CTX-M-266	1	51.300000	44.700000	44.700000
E_7-8	ARO:3008156	CTX-M-267	3	58.233333	59.033333	62.400000
E_7-8	ARO:3008158	CTX-M-269	3	58.233333	59.033333	62.400000
E_7-8	ARO:3008159	CTX-M-270	1	94.000000	88.200000	88.200000
E_7-8	ARO:3008160	CTX-M-271	5	56.500000	54.780000	60.500000
E_7-8	ARO:3008161	CTX-M-272	8	67.100000	73.175000	103.000000
E_7-8	ARO:3008164	CTX-M-275	1	60.000000	68.900000	68.900000
E_7-8	ARO:3008166	CTX-M-277	18	55.827778	56.866667	69.700000
E_7-8	ARO:3008168	DHA-30	44	51.493182	51.434091	66.200000
E_7-8	ARO:3008169	DHA-31	113	54.631858	59.632743	104.000000
E_7-8	ARO:3008170	DHA-32	102	55.176471	60.311765	104.000000
E_7-8	ARO:3008171	DHA-33	56	65.207143	60.541071	102.000000
E_7-8	ARO:3008172	DHA-34	51	63.807843	62.041176	103.000000
E_7-8	ARO:3008173	FONA-10	52	68.919231	68.669231	103.000000
E_7-8	ARO:3008174	FONA-11	32	76.465625	77.234375	103.000000
E_7-8	ARO:3008175	FONA-12	29	77.958621	78.348276	100.000000
E_7-8	ARO:3008176	FONA-13	31	76.716129	77.570968	103.000000
E_7-8	ARO:3008177	FONA-7	49	69.589796	68.526531	102.000000
E_7-8	ARO:3008178	FONA-8	47	70.570213	69.861702	103.000000
E_7-8	ARO:3008179	FONA-9	47	70.614894	69.904255	103.000000
E_7-8	ARO:3008180	FOX-18	65	68.158462	65.078462	105.000000
E_7-8	ARO:3008181	FOX-19	82	66.428049	65.092683	105.000000
E_7-8	ARO:3008182	FOX-20	74	65.225676	63.490541	103.000000
E_7-8	ARO:3008183	FOX-21	74	67.468919	64.894595	105.000000
E_7-8	ARO:3008184	FRI-12	26	49.696154	49.130769	81.300000
E_7-8	ARO:3008185	GES-58	30	94.793333	94.046667	103.000000
E_7-8	ARO:3008186	GES-59	96	62.242708	62.889583	103.000000
E_7-8	ARO:3008187	GES-60	17	98.264706	97.652941	103.000000
E_7-8	ARO:3008188	GES-61	64	99.448438	100.809375	108.000000
E_7-8	ARO:3008189	GES-62	46	65.628261	64.865217	102.000000
E_7-8	ARO:3008191	GES-66	16	60.762500	58.393750	102.000000
E_7-8	ARO:3008192	GIM-3	20	56.915000	60.355000	79.300000
E_7-8	ARO:3008193	GMA-1	52	52.817308	54.075000	72.800000
E_7-8	ARO:3008194	GMA-2	43	52.600000	54.853488	70.900000
E_7-8	ARO:3008195	GOB-17	70	56.604286	58.941429	82.800000
E_7-8	ARO:3008196	GOB-47	68	56.676471	58.916176	82.800000
E_7-8	ARO:3008197	GOB-52	31	52.351613	56.558065	77.800000
E_7-8	ARO:3008198	GOB-53	27	55.211111	53.877778	80.500000
E_7-8	ARO:3008199	HBL-1	171	51.741520	49.518129	78.200000
E_7-8	ARO:3008200	HER-1	269	61.304089	62.821190	79.300000
E_7-8	ARO:3008201	HER-2	263	61.099620	63.053612	79.300000
E_7-8	ARO:3008202	HER-3	268	61.081343	63.032463	79.300000
E_7-8	ARO:3008203	HER-4	260	61.491538	62.865385	79.300000
E_7-8	ARO:3008204	HER-5	266	61.059023	63.024436	79.300000
E_7-8	ARO:3008205	HER-6	271	61.734317	63.130258	79.300000
E_7-8	ARO:3008206	HER-8	266	61.916165	63.470677	79.300000
E_7-8	ARO:3008207	HMB-2	12	49.816667	46.691667	58.500000
E_7-8	ARO:3008208	IMI-10	6	46.516667	43.883333	55.800000
E_7-8	ARO:3008209	IMI-22	15	49.126667	49.933333	67.800000
E_7-8	ARO:3008210	IMI-23	18	52.272222	53.366667	68.200000
E_7-8	ARO:3008211	IMI-24	14	53.750000	53.378571	68.600000
E_7-8	ARO:3008212	IMI-25	14	53.750000	53.378571	68.600000
E_7-8	ARO:3008213	IMI-26	6	46.516667	43.883333	55.800000
E_7-8	ARO:3008214	IMI-27	16	47.962500	45.968750	60.100000
E_7-8	ARO:3008215	IMP-100	5	59.940000	56.540000	94.400000
E_7-8	ARO:3008216	IMP-101	17	64.141176	60.894118	105.000000
E_7-8	ARO:3008217	IMP-102	15	48.586667	50.186667	98.600000
E_7-8	ARO:3008218	IMP-104	29	85.331034	82.534483	116.000000
E_7-8	ARO:3008219	IMP-105	22	49.454545	49.659091	114.000000
E_7-8	ARO:3008220	IMP-86	14	43.971429	48.842857	114.000000
E_7-8	ARO:3008221	IMP-87	13	43.115385	47.507692	114.000000
E_7-8	ARO:3008222	IMP-90	9	59.911111	60.577778	93.600000
E_7-8	ARO:3008223	IMP-97	30	83.966667	81.330000	116.000000
E_7-8	ARO:3008224	IMP-98	23	91.308696	88.469565	116.000000
E_7-8	ARO:3008225	IMP-99	4	56.025000	59.400000	87.000000
E_7-8	ARO:3008226	IND-18	38	49.015789	54.094737	78.600000
E_7-8	ARO:3008227	IND-19	18	48.711111	57.605556	78.600000
E_7-8	ARO:3008228	KHM-2	11	41.681818	42.945455	53.500000
E_7-8	ARO:3008229	KLUC-6	39	57.294872	53.856410	92.800000
E_7-8	ARO:3008230	KLUG-1	22	52.600000	51.313636	61.600000
E_7-8	ARO:3008242	KPC-112	40	57.025000	56.812500	102.000000
E_7-8	ARO:3008245	KPC-115	16	63.775000	62.287500	102.000000
E_7-8	ARO:3008248	KPC-118	6	54.483333	54.283333	65.500000
E_7-8	ARO:3008253	KPC-124	14	64.657143	63.535714	102.000000
E_7-8	ARO:3008258	KPC-130	2	62.900000	67.200000	67.400000
E_7-8	ARO:3008261	KPC-133	1	64.600000	67.000000	67.000000
E_7-8	ARO:3008262	KPC-136	4	50.250000	48.150000	51.200000
E_7-8	ARO:3008263	KPC-137	6	50.216667	50.250000	53.900000
E_7-8	ARO:3008264	KPC-138	3	53.700000	46.600000	54.700000
E_7-8	ARO:3008266	KPC-140	1	62.500000	64.700000	64.700000
E_7-8	ARO:3008267	KPC-141	3	48.566667	50.333333	65.500000
E_7-8	ARO:3008270	KPC-144	1	39.600000	38.500000	38.500000
E_7-8	ARO:3008275	KPC-149	2	50.550000	51.800000	53.900000
E_7-8	ARO:3008276	KPC-150	24	61.441667	60.504167	102.000000
E_7-8	ARO:3008277	KPC-151	30	66.756667	68.483333	102.000000
E_7-8	ARO:3008281	KPC-155	4	55.925000	54.575000	95.900000
E_7-8	ARO:3008284	KPC-158	4	47.625000	45.425000	54.700000
E_7-8	ARO:3008285	KPC-159	21	64.438095	65.666667	102.000000
E_7-8	ARO:3008286	KPC-160	14	71.714286	72.342857	102.000000
E_7-8	ARO:3008292	KPC-166	2	100.000000	98.950000	102.000000
E_7-8	ARO:3008295	KPC-169	28	65.250000	65.339286	102.000000
E_7-8	ARO:3008296	KPC-170	1	62.500000	64.700000	64.700000
E_7-8	ARO:3008300	KPC-174	14	70.135714	73.164286	100.000000
E_7-8	ARO:3008304	KPC-178	4	50.250000	48.150000	51.200000
E_7-8	ARO:3008305	KPC-179	31	64.664516	64.867742	79.700000
E_7-8	ARO:3008311	KPC-185	9	61.766667	64.611111	95.900000
E_7-8	ARO:3008312	KPC-186	14	74.285714	76.500000	102.000000
E_7-8	ARO:3008314	KPC-188	1	46.800000	37.700000	37.700000
E_7-8	ARO:3008315	KPC-189	1	39.600000	38.500000	38.500000
E_7-8	ARO:3008316	KPC-190	4	47.625000	45.425000	54.700000
E_7-8	ARO:3008317	KPC-191	5	81.280000	85.340000	102.000000
E_7-8	ARO:3008323	KPC-197	1	62.500000	65.900000	65.900000
E_7-8	ARO:3008324	KPC-201	22	61.736364	60.318182	102.000000
E_7-8	ARO:3008333	KPC-211	35	58.911429	59.294286	102.000000
E_7-8	ARO:3008337	KPC-215	8	54.900000	52.887500	76.300000
E_7-8	ARO:3008339	KPC-217	1	41.700000	41.200000	41.200000
E_7-8	ARO:3008340	KPC-218	4	50.250000	48.150000	51.200000
E_7-8	ARO:3008341	KPC-223	2	41.500000	38.300000	38.900000
E_7-8	ARO:3008343	KPC-225	32	56.675000	56.887500	102.000000
E_7-8	ARO:3008344	KPC-226	27	68.055556	69.933333	102.000000
E_7-8	ARO:3008346	KPC-228	35	58.902857	59.085714	102.000000
E_7-8	ARO:3008349	KPC-232	3	53.766667	57.533333	70.500000
E_7-8	ARO:3008351	KPC-234	1	64.600000	67.000000	67.000000
E_7-8	ARO:3008353	KPC-237	5	68.120000	66.060000	102.000000
E_7-8	ARO:3008354	KPC-238	8	72.637500	72.212500	102.000000
E_7-8	ARO:3008355	KPC-239	16	64.331250	67.368750	100.000000
E_7-8	ARO:3008356	KPC-240	32	56.746875	57.018750	102.000000
E_7-8	ARO:3008357	KPC-241	23	64.630435	63.365217	102.000000
E_7-8	ARO:3008359	KPC-47	4	50.175000	44.575000	54.700000
E_7-8	ARO:3008370	KPC-91	1	50.000000	46.600000	46.600000
E_7-8	ARO:3008371	KPC-92	6	76.416667	75.100000	102.000000
E_7-8	ARO:3008372	LHK-7	98	79.917347	77.729592	108.000000
E_7-8	ARO:3008373	MIR-24	11	87.709091	80.563636	107.000000
E_7-8	ARO:3008374	MIR-25	20	77.940000	70.970000	107.000000
E_7-8	ARO:3008375	MIR-27	9	78.800000	81.788889	107.000000
E_7-8	ARO:3008376	MIR-28	10	87.640000	79.380000	107.000000
E_7-8	ARO:3008377	MIR-30	8	73.537500	70.350000	107.000000
E_7-8	ARO:3008378	MIR-31	6	87.500000	63.116667	103.000000
E_7-8	ARO:3008379	MIR-32	5	76.180000	55.460000	100.000000
E_7-8	ARO:3008380	MIR-33	4	85.550000	71.400000	104.000000
E_7-8	ARO:3008381	MIR-34	8	61.537500	48.912500	57.000000
E_7-8	ARO:3008382	MIR-35	7	90.014286	68.942857	105.000000
E_7-8	ARO:3008383	MOX-15	215	90.081860	86.086977	108.000000
E_7-8	ARO:3008384	MOX-16	265	67.877736	68.258868	104.000000
E_7-8	ARO:3008385	MOX-17	381	77.626772	76.335958	107.000000
E_7-8	ARO:3008386	MOX-18	323	77.542724	77.519814	106.000000
E_7-8	ARO:3008387	MOX-19	209	89.935407	85.940191	110.000000
E_7-8	ARO:3008388	MOX-20	311	77.647588	78.231833	106.000000
E_7-8	ARO:3008389	MOX-21	308	80.233766	79.283766	107.000000
E_7-8	ARO:3008390	MOX-22	314	79.340127	77.933121	107.000000
E_7-8	ARO:3008391	MOX-23	284	79.190141	79.698944	107.000000
E_7-8	ARO:3008392	MOX-24	233	88.089700	83.736052	110.000000
E_7-8	ARO:3008393	MOX-25	219	89.273973	84.771689	110.000000
E_7-8	ARO:3008394	MUN-1	64	49.739063	54.892187	105.000000
E_7-8	ARO:3008395	MUN-6	64	49.626563	54.643750	105.000000
E_7-8	ARO:3008400	NDM-52	1	43.200000	37.700000	37.700000
E_7-8	ARO:3008411	NDM-66	1	50.000000	62.400000	62.400000
E_7-8	ARO:3008419	NDM-74	1	43.200000	37.700000	37.700000
E_7-8	ARO:3008421	OXA-1000	24	48.579167	53.454167	77.800000
E_7-8	ARO:3008422	OXA-1001	27	69.803704	73.148148	106.000000
E_7-8	ARO:3008423	OXA-1002	6	53.700000	58.400000	74.300000
E_7-8	ARO:3008424	OXA-1003	1	39.100000	37.700000	37.700000
E_7-8	ARO:3008425	OXA-1004	5	59.700000	61.220000	77.400000
E_7-8	ARO:3008426	OXA-1005	23	62.021739	65.378261	95.900000
E_7-8	ARO:3008427	OXA-1006	5	63.140000	56.560000	103.000000
E_7-8	ARO:3008429	OXA-1008	1	58.300000	55.100000	55.100000
E_7-8	ARO:3008430	OXA-1009	4	82.700000	90.050000	94.000000
E_7-8	ARO:3008432	OXA-1011	1219	60.924282	65.249795	118.000000
E_7-8	ARO:3008433	OXA-1012	480	52.532500	52.502083	110.000000
E_7-8	ARO:3008435	OXA-1014	132	59.211364	61.508333	81.300000
E_7-8	ARO:3008436	OXA-1015	414	88.883333	85.616184	111.000000
E_7-8	ARO:3008437	OXA-1016	1451	53.957753	58.046726	111.000000
E_7-8	ARO:3008438	OXA-1017	672	63.562946	64.743304	108.000000
E_7-8	ARO:3008439	OXA-1018	17	53.200000	58.117647	70.900000
E_7-8	ARO:3008440	OXA-1019	8	45.887500	46.925000	55.100000
E_7-8	ARO:3008441	OXA-1020	98	58.192857	59.002041	78.200000
E_7-8	ARO:3008442	OXA-1021	87	58.616092	61.340230	72.800000
E_7-8	ARO:3008443	OXA-1022	97	58.777320	60.904124	81.300000
E_7-8	ARO:3008444	OXA-1023	102	54.262745	55.680392	81.300000
E_7-8	ARO:3008445	OXA-1024	96	58.931250	61.016667	81.300000
E_7-8	ARO:3008446	OXA-1025	78	58.173077	58.441026	78.200000
E_7-8	ARO:3008447	OXA-1026	79	58.163291	58.467089	78.200000
E_7-8	ARO:3008448	OXA-1027	72	59.027778	59.101389	78.200000
E_7-8	ARO:3008449	OXA-1028	77	58.951948	59.055844	78.200000
E_7-8	ARO:3008450	OXA-1029	3	48.866667	52.500000	70.900000
E_7-8	ARO:3008451	OXA-1030	2	60.200000	69.350000	70.900000
E_7-8	ARO:3008452	OXA-1031	4	53.050000	60.000000	70.900000
E_7-8	ARO:3008453	OXA-1032	89	59.933708	62.229213	81.300000
E_7-8	ARO:3008454	OXA-1033	2	64.600000	72.050000	73.200000
E_7-8	ARO:3008455	OXA-1034	2	60.200000	69.350000	70.900000
E_7-8	ARO:3008456	OXA-1035	2	53.550000	64.550000	70.900000
E_7-8	ARO:3008457	OXA-1036	43	65.444186	65.190698	107.000000
E_7-8	ARO:3008458	OXA-1037	254	84.796063	82.557874	114.000000
E_7-8	ARO:3008459	OXA-1040	2	63.200000	64.500000	85.100000
E_7-8	ARO:3008460	OXA-1041	247	75.812955	77.066802	109.000000
E_7-8	ARO:3008461	OXA-1042	327	86.834862	82.843119	109.000000
E_7-8	ARO:3008462	OXA-1043	31	50.361290	50.670968	71.600000
E_7-8	ARO:3008463	OXA-1044	61	73.372131	72.727869	109.000000
E_7-8	ARO:3008464	OXA-1045	15	50.413333	55.226667	99.000000
E_7-8	ARO:3008465	OXA-1046	635	94.770866	91.361102	111.000000
E_7-8	ARO:3008466	OXA-1047	2	39.400000	40.450000	41.200000
E_7-8	ARO:3008467	OXA-1048	2	59.900000	64.350000	83.600000
E_7-8	ARO:3008468	OXA-1049	623	66.988925	68.603371	115.000000
E_7-8	ARO:3008469	OXA-1050	4	80.700000	88.100000	91.300000
E_7-8	ARO:3008470	OXA-1051	13	52.546154	55.430769	74.300000
E_7-8	ARO:3008471	OXA-1052	25	69.920000	72.912000	106.000000
E_7-8	ARO:3008472	OXA-1053	380	85.245526	81.733947	111.000000
E_7-8	ARO:3008473	OXA-1055	341	53.272434	53.144868	110.000000
E_7-8	ARO:3008474	OXA-1056	1625	55.420677	59.063077	109.000000
E_7-8	ARO:3008475	OXA-1057	1653	55.707502	59.526255	109.000000
E_7-8	ARO:3008485	OXA-1067	2	60.000000	69.700000	69.700000
E_7-8	ARO:3008486	OXA-1068	2	60.000000	69.700000	69.700000
E_7-8	ARO:3008491	OXA-1073	2	73.600000	73.050000	103.000000
E_7-8	ARO:3008499	OXA-1081	17	55.764706	57.535294	87.000000
E_7-8	ARO:3008500	OXA-1082	348	77.999425	78.007759	115.000000
E_7-8	ARO:3008501	OXA-1083	567	65.692593	68.599647	114.000000
E_7-8	ARO:3008502	OXA-1084	397	68.892191	70.238287	115.000000
E_7-8	ARO:3008503	OXA-1085	947	68.042239	70.409926	115.000000
E_7-8	ARO:3008504	OXA-1086	310	93.277097	86.465806	107.000000
E_7-8	ARO:3008505	OXA-1087	318	86.713208	82.071384	111.000000
E_7-8	ARO:3008506	OXA-1088	427	92.579859	89.639110	108.000000
E_7-8	ARO:3008507	OXA-1089	590	54.713559	57.428814	84.000000
E_7-8	ARO:3008508	OXA-1090	29	51.203448	44.158621	57.000000
E_7-8	ARO:3008509	OXA-1091	297	56.422559	59.792593	94.400000
E_7-8	ARO:3008513	OXA-1095	26	42.226923	50.830769	57.000000
E_7-8	ARO:3008517	OXA-1099	274	51.374453	48.432847	68.900000
E_7-8	ARO:3008518	OXA-1100	300	51.517000	49.749000	70.500000
E_7-8	ARO:3008519	OXA-1101	365	52.077534	49.861644	70.900000
E_7-8	ARO:3008520	OXA-1102	189	50.345503	48.921164	70.100000
E_7-8	ARO:3008521	OXA-1103	196	50.408673	49.405612	70.900000
E_7-8	ARO:3008522	OXA-1104	201	50.281592	49.351741	70.900000
E_7-8	ARO:3008523	OXA-1105	204	50.282843	49.426471	70.900000
E_7-8	ARO:3008524	OXA-1106	157	50.708280	50.356688	70.900000
E_7-8	ARO:3008525	OXA-1107	192	50.450000	49.540625	70.900000
E_7-8	ARO:3008526	OXA-1108	2929	68.857767	72.419461	110.000000
E_7-8	ARO:3008527	OXA-1109	1	38.800000	37.700000	37.700000
E_7-8	ARO:3008528	OXA-1110	37	54.970270	57.872973	97.100000
E_7-8	ARO:3008529	OXA-1111	24	50.358333	50.770833	98.600000
E_7-8	ARO:3008530	OXA-1112	36	52.722222	55.027778	98.600000
E_7-8	ARO:3008531	OXA-1113	6	83.533333	87.266667	106.000000
E_7-8	ARO:3008532	OXA-1114	24	48.491667	53.712500	77.000000
E_7-8	ARO:3008533	OXA-1115	24	51.537500	56.466667	103.000000
E_7-8	ARO:3008534	OXA-1116	14	50.742857	50.835714	89.000000
E_7-8	ARO:3008537	OXA-1119	128	52.982813	53.572656	67.400000
E_7-8	ARO:3008538	OXA-1120	340	89.458824	84.892941	111.000000
E_7-8	ARO:3008539	OXA-1121	4	44.125000	46.625000	52.400000
E_7-8	ARO:3008540	OXA-1122	19	66.394737	71.047368	100.000000
E_7-8	ARO:3008542	OXA-1124	67	60.462687	62.307463	72.000000
E_7-8	ARO:3008543	OXA-1125	8	53.812500	56.962500	70.900000
E_7-8	ARO:3008544	OXA-1126	71	58.238028	58.342254	75.500000
E_7-8	ARO:3008545	OXA-1127	10	51.390000	56.120000	70.900000
E_7-8	ARO:3008546	OXA-1128	8	53.437500	56.137500	70.900000
E_7-8	ARO:3008547	OXA-1129	69	50.542029	54.375362	73.200000
E_7-8	ARO:3008548	OXA-1130	63	59.452381	59.346032	78.200000
E_7-8	ARO:3008549	OXA-1131	64	58.748438	58.593750	78.200000
E_7-8	ARO:3008550	OXA-1132	4	56.400000	63.825000	71.600000
E_7-8	ARO:3008551	OXA-1133	69	50.350725	54.073913	73.200000
E_7-8	ARO:3008552	OXA-1134	3	55.466667	61.466667	71.600000
E_7-8	ARO:3008553	OXA-1135	1	43.900000	43.100000	43.100000
E_7-8	ARO:3008554	OXA-1136	342	76.211404	81.092982	114.000000
E_7-8	ARO:3008555	OXA-1137	1	58.300000	55.100000	55.100000
E_7-8	ARO:3008556	OXA-1138	4	82.000000	86.950000	104.000000
E_7-8	ARO:3008557	OXA-1139	4	75.550000	82.900000	89.000000
E_7-8	ARO:3008558	OXA-1140	70	57.700000	57.482857	78.200000
E_7-8	ARO:3008559	OXA-1141	300	90.371333	93.344667	108.000000
E_7-8	ARO:3008560	OXA-1142	31	50.361290	50.683871	71.600000
E_7-8	ARO:3008561	OXA-1143	252	85.072222	82.928571	114.000000
E_7-8	ARO:3008562	OXA-1144	25	69.976000	72.744000	106.000000
E_7-8	ARO:3008563	OXA-1145	16	62.187500	64.512500	113.000000
E_7-8	ARO:3008564	OXA-1146	347	54.247839	54.749856	110.000000
E_7-8	ARO:3008565	OXA-1147	228	89.384211	90.097368	105.000000
E_7-8	ARO:3008566	OXA-1148	405	86.284444	87.876790	106.000000
E_7-8	ARO:3008567	OXA-1149	171	45.025731	46.165497	64.700000
E_7-8	ARO:3008568	OXA-1150	4	67.000000	70.400000	86.300000
E_7-8	ARO:3008569	OXA-1151	4	81.175000	89.150000	94.000000
E_7-8	ARO:3008570	OXA-1152	167	45.677246	46.230539	65.100000
E_7-8	ARO:3008571	OXA-1153	245	75.205306	76.894286	111.000000
E_7-8	ARO:3008572	OXA-1154	251	85.649004	83.564143	114.000000
E_7-8	ARO:3008573	OXA-1155	253	85.260079	83.178261	114.000000
E_7-8	ARO:3008574	OXA-1156	239	84.756485	83.754393	114.000000
E_7-8	ARO:3008575	OXA-1157	193	62.929016	62.868912	114.000000
E_7-8	ARO:3008576	OXA-1158	227	89.341410	86.812335	114.000000
E_7-8	ARO:3008577	OXA-1159	245	86.536327	84.716327	114.000000
E_7-8	ARO:3008578	OXA-1160	240	87.029583	85.128333	114.000000
E_7-8	ARO:3008579	OXA-1161	224	88.890179	86.988393	114.000000
E_7-8	ARO:3008580	OXA-1162	190	63.402632	64.709474	114.000000
E_7-8	ARO:3008581	OXA-1163	226	88.937168	86.740708	114.000000
E_7-8	ARO:3008582	OXA-1164	13	50.761538	56.353846	106.000000
E_7-8	ARO:3008583	OXA-1165	8	73.737500	77.962500	99.000000
E_7-8	ARO:3008584	OXA-1166	5	79.840000	84.220000	103.000000
E_7-8	ARO:3008585	OXA-1167	4	49.375000	55.350000	58.900000
E_7-8	ARO:3008586	OXA-1168	98	92.138776	92.312245	108.000000
E_7-8	ARO:3008587	OXA-1169	332	91.560843	86.867470	111.000000
E_7-8	ARO:3008588	OXA-1170	281	89.638434	84.096085	111.000000
E_7-8	ARO:3008589	OXA-1171	277	89.636823	83.849458	111.000000
E_7-8	ARO:3008590	OXA-1172	921	68.905755	71.494571	115.000000
E_7-8	ARO:3008591	OXA-1173	573	64.882897	68.947469	109.000000
E_7-8	ARO:3008593	OXA-1175	143	96.300000	92.655245	105.000000
E_7-8	ARO:3008594	OXA-1176	206	47.275728	50.078641	74.700000
E_7-8	ARO:3008595	OXA-1177	119	48.180672	48.684034	70.100000
E_7-8	ARO:3008596	OXA-1178	35	80.508571	81.571429	107.000000
E_7-8	ARO:3008597	OXA-1181	110	53.131818	52.990909	67.400000
E_7-8	ARO:3008598	OXA-1182	4	71.100000	78.375000	85.900000
E_7-8	ARO:3008599	OXA-1183	364	66.032143	69.218681	115.000000
E_7-8	ARO:3008600	OXA-1184	255	89.603922	85.747059	111.000000
E_7-8	ARO:3008601	OXA-1185	3	80.933333	88.733333	91.700000
E_7-8	ARO:3008602	OXA-1186	1648	55.738107	59.596481	109.000000
E_7-8	ARO:3008603	OXA-1187	995	67.609749	69.869146	115.000000
E_7-8	ARO:3008604	OXA-1188	79	58.020253	58.632911	81.300000
E_7-8	ARO:3008606	OXA-1190	26	70.984615	73.338462	104.000000
E_7-8	ARO:3008607	OXA-1191	20	68.640000	72.760000	106.000000
E_7-8	ARO:3008608	OXA-1193	20	73.735000	76.660000	108.000000
E_7-8	ARO:3008609	OXA-1194	21	74.561905	77.704762	106.000000
E_7-8	ARO:3008610	OXA-1198	2	57.700000	59.900000	67.800000
E_7-8	ARO:3008611	OXA-1199	3	45.400000	48.266667	67.800000
E_7-8	ARO:3008612	OXA-1200	803	52.733250	54.840971	110.000000
E_7-8	ARO:3008613	OXA-1201	111	53.048649	53.085586	64.700000
E_7-8	ARO:3008614	OXA-1202	336	90.827679	86.638988	111.000000
E_7-8	ARO:3008615	OXA-1203	311	93.987138	90.075241	111.000000
E_7-8	ARO:3008616	OXA-1204	255	92.390980	87.721569	111.000000
E_7-8	ARO:3008617	OXA-1205	108	53.075926	53.130556	64.700000
E_7-8	ARO:3008618	OXA-1206	234	50.025641	49.611538	67.400000
E_7-8	ARO:3008619	OXA-1207	111	53.423423	53.310811	64.700000
E_7-8	ARO:3008620	OXA-1208	59	69.637288	68.869492	104.000000
E_7-8	ARO:3008621	OXA-1211	101	53.394059	53.684158	64.700000
E_7-8	ARO:3008622	OXA-1212	36	46.625000	51.397222	63.500000
E_7-8	ARO:3008623	OXA-1213	24	55.395833	56.404167	57.800000
E_7-8	ARO:3008625	OXA-1215	17	62.323529	64.994118	111.000000
E_7-8	ARO:3008629	OXA-1219	2	60.000000	69.700000	69.700000
E_7-8	ARO:3008630	OXA-1220	3	47.600000	48.633333	50.400000
E_7-8	ARO:3008631	OXA-1221	13	45.246154	51.384615	75.900000
E_7-8	ARO:3008632	OXA-1222	2	56.600000	64.900000	77.000000
E_7-8	ARO:3008634	OXA-1224	4	83.000000	85.525000	99.000000
E_7-8	ARO:3008635	OXA-1225	20	51.055000	53.130000	87.000000
E_7-8	ARO:3008636	OXA-1226	154	52.984416	53.138961	64.700000
E_7-8	ARO:3008637	OXA-1227	168	45.571429	46.045238	65.100000
E_7-8	ARO:3008638	OXA-1228	163	45.734969	46.318405	65.100000
E_7-8	ARO:3008641	OXA-1231	197	90.976650	90.140102	111.000000
E_7-8	ARO:3008642	OXA-1232	209	84.972727	86.495215	111.000000
E_7-8	ARO:3008643	OXA-1233	210	91.951905	93.403333	108.000000
E_7-8	ARO:3008644	OXA-1234	2	49.650000	46.400000	55.100000
E_7-8	ARO:3008645	OXA-1235	3	52.400000	56.366667	77.800000
E_7-8	ARO:3008646	OXA-1236	15	46.046667	53.100000	58.500000
E_7-8	ARO:3008647	OXA-1237	23	51.013043	55.643478	104.000000
E_7-8	ARO:3008648	OXA-1238	67	50.664179	48.702985	68.600000
E_7-8	ARO:3008649	OXA-1239	214	54.671963	57.656542	84.300000
E_7-8	ARO:3008650	OXA-1240	672	52.592857	53.905506	110.000000
E_7-8	ARO:3008651	OXA-1241	36	43.658333	52.186111	57.400000
E_7-8	ARO:3008652	OXA-1242	1	46.900000	45.400000	45.400000
E_7-8	ARO:3008653	OXA-1243	82	84.498780	91.457317	115.000000
E_7-8	ARO:3008654	OXA-1244	1	61.200000	67.800000	67.800000
E_7-8	ARO:3008655	OXA-1245	115	53.723478	56.427826	81.300000
E_7-8	ARO:3008656	OXA-1246	30	48.820000	50.996667	70.100000
E_7-8	ARO:3008657	OXA-1247	152	93.067763	90.017763	108.000000
E_7-8	ARO:3008658	OXA-1248	250	86.823600	87.842400	108.000000
E_7-8	ARO:3008660	OXA-1250	6	50.966667	53.983333	69.700000
E_7-8	ARO:3008661	OXA-1251	48	49.060417	51.504167	90.100000
E_7-8	ARO:3008662	OXA-1252	1	61.200000	67.800000	67.800000
E_7-8	ARO:3008663	OXA-1253	42	59.730952	58.452381	78.200000
E_7-8	ARO:3008664	OXA-1254	19	61.426316	61.263158	78.200000
E_7-8	ARO:3008665	OXA-1255	51	60.162745	60.158824	78.200000
E_7-8	ARO:3008666	OXA-1256	5	58.540000	57.300000	73.200000
E_7-8	ARO:3008667	OXA-1257	371	81.476550	83.910782	108.000000
E_7-8	ARO:3008668	OXA-1258	24	68.754167	68.216667	99.000000
E_7-8	ARO:3008669	OXA-1259	24	68.933333	67.791667	94.700000
E_7-8	ARO:3008670	OXA-1260	22	69.754545	67.531818	91.300000
E_7-8	ARO:3008671	OXA-1261	27	67.800000	67.751852	100.000000
E_7-8	ARO:3008672	OXA-1262	27	68.151852	67.988889	100.000000
E_7-8	ARO:3008673	OXA-1263	16	73.875000	71.706250	99.000000
E_7-8	ARO:3008674	OXA-1264	313	43.858786	42.361661	66.200000
E_7-8	ARO:3008676	OXA-1266	9	55.900000	62.066667	106.000000
E_7-8	ARO:3008677	OXA-1267	36	59.094444	57.883333	78.200000
E_7-8	ARO:3008679	OXA-1269	34	59.582353	58.264706	78.200000
E_7-8	ARO:3008680	OXA-1270	95	59.420000	61.926316	81.300000
E_7-8	ARO:3008681	OXA-1271	1	70.000000	73.200000	73.200000
E_7-8	ARO:3008682	OXA-1272	90	59.518889	61.686667	81.300000
E_7-8	ARO:3008683	OXA-1273	83	59.324096	61.316867	72.800000
E_7-8	ARO:3008684	OXA-1274	6	50.533333	49.600000	70.100000
E_7-8	ARO:3008685	OXA-1275	103	58.195146	60.137864	77.000000
E_7-8	ARO:3008686	OXA-1276	85	60.391765	62.529412	81.300000
E_7-8	ARO:3008687	OXA-1277	1	44.700000	50.100000	50.100000
E_7-8	ARO:3008688	OXA-1278	61	55.378689	59.632787	78.200000
E_7-8	ARO:3008689	OXA-1279	9	62.288889	60.500000	80.500000
E_7-8	ARO:3008690	OXA-1280	15	61.806667	63.246667	78.200000
E_7-8	ARO:3008691	OXA-1281	9	64.011111	65.911111	78.200000
E_7-8	ARO:3008692	OXA-1282	2	49.700000	52.000000	52.400000
E_7-8	ARO:3008693	OXA-1283	8	56.550000	58.450000	78.200000
E_7-8	ARO:3008694	OXA-1284	105	57.742857	59.925714	77.000000
E_7-8	ARO:3008695	OXA-1285	2	43.250000	46.200000	48.900000
E_7-8	ARO:3008696	OXA-1286	1	70.000000	73.200000	73.200000
E_7-8	ARO:3008697	OXA-1287	6	43.833333	48.150000	77.400000
E_7-8	ARO:3008699	OXA-1289	110	57.790909	59.919091	81.300000
E_7-8	ARO:3008700	OXA-1290	102	57.756863	59.888235	74.700000
E_7-8	ARO:3008701	OXA-1291	13	58.500000	60.415385	78.200000
E_7-8	ARO:3008702	OXA-1292	2	44.950000	41.400000	43.100000
E_7-8	ARO:3008703	OXA-1293	6	51.683333	52.833333	65.500000
E_7-8	ARO:3008704	OXA-1294	103	57.444660	59.565049	74.700000
E_7-8	ARO:3008705	OXA-1295	3	48.566667	48.033333	48.500000
E_7-8	ARO:3008706	OXA-1296	17	55.594118	58.029412	72.800000
E_7-8	ARO:3008707	OXA-1297	7	54.300000	55.742857	73.200000
E_7-8	ARO:3008708	OXA-1298	1	43.900000	43.100000	43.100000
E_7-8	ARO:3008712	OXA-1302	285	87.792632	88.887719	105.000000
E_7-8	ARO:3008713	OXA-1303	2	63.200000	64.500000	85.100000
E_7-8	ARO:3008714	OXA-1304	37	53.472973	55.348649	60.100000
E_7-8	ARO:3008715	OXA-1305	83	53.893976	53.779518	64.700000
E_7-8	ARO:3008717	OXA-1307	74	53.566216	54.002703	64.700000
E_7-8	ARO:3008718	OXA-1308	193	48.835751	47.122798	63.500000
E_7-8	ARO:3008719	OXA-1309	164	52.767683	49.486585	64.700000
E_7-8	ARO:3008720	OXA-725	293	68.369283	70.080205	108.000000
E_7-8	ARO:3008721	OXA-790	11	54.718182	49.972727	87.000000
E_7-8	ARO:3008722	OXA-791	18	46.533333	44.366667	67.400000
E_7-8	ARO:3008723	OXA-933	12	50.525000	54.133333	66.200000
E_7-8	ARO:3008725	OXA-936	18	49.122222	48.450000	67.000000
E_7-8	ARO:3008726	OXA-944	24	71.500000	76.500000	104.000000
E_7-8	ARO:3008727	OXA-950	239	69.972803	72.819665	108.000000
E_7-8	ARO:3008728	OXA-951	250	68.798000	71.202000	107.000000
E_7-8	ARO:3008729	OXA-952	23	74.052174	77.791304	106.000000
E_7-8	ARO:3008730	OXA-953	21	74.690476	78.233333	106.000000
E_7-8	ARO:3008732	OXA-955	1	37.500000	38.100000	38.100000
E_7-8	ARO:3008733	OXA-956	275	73.429091	75.406545	109.000000
E_7-8	ARO:3008734	OXA-957	351	48.454986	51.869231	84.300000
E_7-8	ARO:3008735	OXA-958	264	68.320076	69.472727	108.000000
E_7-8	ARO:3008736	OXA-959	257	68.562257	69.667704	108.000000
E_7-8	ARO:3008737	OXA-960	133	48.602256	49.836842	67.800000
E_7-8	ARO:3008738	OXA-961	128	48.454688	49.966406	67.800000
E_7-8	ARO:3008739	OXA-962	127	48.384252	49.837795	67.800000
E_7-8	ARO:3008740	OXA-963	166	48.627108	49.448193	68.900000
E_7-8	ARO:3008741	OXA-964	197	49.347208	50.355330	68.900000
E_7-8	ARO:3008742	OXA-965	132	49.888636	50.353030	68.900000
E_7-8	ARO:3008743	OXA-966	11	50.072727	54.472727	75.900000
E_7-8	ARO:3008744	OXA-967	21	46.566667	46.428571	58.500000
E_7-8	ARO:3008745	OXA-968	12	43.183333	41.066667	45.400000
E_7-8	ARO:3008746	OXA-969	30	51.686667	52.563333	74.700000
E_7-8	ARO:3008748	OXA-971	2	39.850000	42.200000	45.100000
E_7-8	ARO:3008755	OXA-978	3	74.133333	75.233333	99.000000
E_7-8	ARO:3008756	OXA-979	1	58.300000	55.100000	55.100000
E_7-8	ARO:3008757	OXA-980	24	51.862500	56.575000	105.000000
E_7-8	ARO:3008758	OXA-981	63	56.301587	60.222222	87.000000
E_7-8	ARO:3008759	OXA-982	15	61.086667	64.013333	103.000000
E_7-8	ARO:3008760	OXA-983	22	74.450000	76.681818	104.000000
E_7-8	ARO:3008761	OXA-984	9	60.555556	60.922222	77.400000
E_7-8	ARO:3008762	OXA-985	7	68.142857	71.542857	104.000000
E_7-8	ARO:3008763	OXA-986	10	51.980000	56.490000	99.000000
E_7-8	ARO:3008764	OXA-987	3	80.933333	88.733333	91.700000
E_7-8	ARO:3008765	OXA-988	21	49.280952	53.857143	77.000000
E_7-8	ARO:3008766	OXA-989	1	58.300000	55.100000	55.100000
E_7-8	ARO:3008767	OXA-990	3	80.933333	88.733333	91.700000
E_7-8	ARO:3008768	OXA-991	9	73.933333	73.055556	91.700000
E_7-8	ARO:3008769	OXA-992	8	59.725000	64.750000	104.000000
E_7-8	ARO:3008770	OXA-993	13	61.500000	61.615385	76.300000
E_7-8	ARO:3008771	OXA-994	15	53.080000	53.700000	102.000000
E_7-8	ARO:3008772	OXA-995	7	61.771429	63.142857	77.400000
E_7-8	ARO:3008773	OXA-996	8	59.887500	61.025000	77.400000
E_7-8	ARO:3008774	OXA-997	10	57.870000	62.080000	103.000000
E_7-8	ARO:3008775	OXA-998	6	59.383333	59.483333	76.600000
E_7-8	ARO:3008776	OXA-999	49	56.520408	61.400000	88.600000
E_7-8	ARO:3008777	OXY-1-11	4	54.100000	56.325000	68.200000
E_7-8	ARO:3008778	OXY-1-12	19	53.531579	53.047368	68.200000
E_7-8	ARO:3008779	OXY-1-13	19	56.984211	59.305263	93.600000
E_7-8	ARO:3008780	OXY-1-16	6	63.583333	56.400000	80.100000
E_7-8	ARO:3008781	OXY-1-17	6	63.583333	56.400000	80.100000
E_7-8	ARO:3008782	OXY-1-18	4	60.950000	65.850000	82.800000
E_7-8	ARO:3008783	OXY-1-19	1	49.000000	55.800000	55.800000
E_7-8	ARO:3008784	OXY-10-1	26	56.607692	56.223077	73.200000
E_7-8	ARO:3008785	OXY-11-1	29	55.800000	54.420690	71.600000
E_7-8	ARO:3008786	OXY-12-1	14	59.385714	55.264286	65.900000
E_7-8	ARO:3008787	OXY-12-2	14	59.385714	55.264286	65.900000
E_7-8	ARO:3008788	OXY-2-17	20	59.780000	58.400000	72.000000
E_7-8	ARO:3008789	OXY-2-18	19	57.868421	57.900000	76.300000
E_7-8	ARO:3008790	OXY-2-19	9	60.566667	58.211111	68.900000
E_7-8	ARO:3008791	OXY-2-20	19	56.994737	57.631579	72.000000
E_7-8	ARO:3008792	OXY-2-21	16	56.087500	58.637500	64.300000
E_7-8	ARO:3008793	OXY-2-22	19	61.589474	59.384211	69.300000
E_7-8	ARO:3008794	OXY-2-23	35	54.648571	54.722857	73.900000
E_7-8	ARO:3008795	OXY-2-24	50	54.074000	56.242000	73.900000
E_7-8	ARO:3008796	OXY-2-25	40	54.070000	56.047500	73.900000
E_7-8	ARO:3008797	OXY-2-26	15	55.980000	57.366667	68.600000
E_7-8	ARO:3008798	OXY-2-27	11	60.045455	55.600000	68.600000
E_7-8	ARO:3008799	OXY-2-28	28	58.985714	58.203571	73.900000
E_7-8	ARO:3008800	OXY-2-30	45	57.593333	60.440000	73.900000
E_7-8	ARO:3008801	OXY-3-2	26	60.657692	59.992308	93.600000
E_7-8	ARO:3008802	OXY-3-3	24	61.937500	61.187500	93.600000
E_7-8	ARO:3008803	OXY-4-2	9	58.955556	54.477778	68.200000
E_7-8	ARO:3008804	OXY-4-3	8	57.825000	58.400000	68.200000
E_7-8	ARO:3008805	OXY-4-4	7	56.671429	57.214286	68.200000
E_7-8	ARO:3008806	OXY-4-5	9	58.055556	57.466667	73.900000
E_7-8	ARO:3008807	OXY-5-10	13	49.384615	45.500000	58.900000
E_7-8	ARO:3008808	OXY-5-11	12	49.616667	47.433333	68.200000
E_7-8	ARO:3008809	OXY-5-6	18	53.361111	52.611111	68.200000
E_7-8	ARO:3008810	OXY-5-7	11	55.309091	58.463636	82.800000
E_7-8	ARO:3008811	OXY-5-8	10	47.440000	44.550000	61.600000
E_7-8	ARO:3008812	OXY-6-10	2	57.650000	62.400000	62.400000
E_7-8	ARO:3008813	OXY-6-11	1	52.800000	62.400000	62.400000
E_7-8	ARO:3008814	OXY-6-5	11	58.954545	63.336364	73.200000
E_7-8	ARO:3008815	OXY-6-7	6	51.066667	56.150000	63.500000
E_7-8	ARO:3008816	OXY-7-1	17	53.676471	56.129412	68.200000
E_7-8	ARO:3008817	OXY-8-1	25	57.284000	62.200000	75.100000
E_7-8	ARO:3008818	OXY-8-2	10	61.740000	61.430000	75.100000
E_7-8	ARO:3008819	OXY-8-3	9	58.466667	59.222222	75.100000
E_7-8	ARO:3008820	OXY-9-1	9	64.011111	58.955556	76.600000
E_7-8	ARO:3008821	PAD-1	153	55.371242	55.420261	87.800000
E_7-8	ARO:3008822	PAM-5	189	47.327513	43.951323	85.900000
E_7-8	ARO:3008823	PC1	4	51.600000	50.250000	55.100000
E_7-8	ARO:3008825	PDC-478	16	57.350000	59.625000	70.900000
E_7-8	ARO:3008826	PDC-479	2	66.500000	59.500000	60.800000
E_7-8	ARO:3008827	PDC-480	4	46.950000	42.950000	52.000000
E_7-8	ARO:3008828	PDC-481	25	53.456000	47.812000	67.800000
E_7-8	ARO:3008829	PDC-482	4	53.450000	45.750000	47.800000
E_7-8	ARO:3008830	PDC-483	8	53.437500	54.112500	64.700000
E_7-8	ARO:3008831	PDC-484	5	56.800000	55.160000	60.800000
E_7-8	ARO:3008832	PDC-485	3	48.100000	54.833333	65.900000
E_7-8	ARO:3008833	PDC-486	86	70.761628	58.740698	76.600000
E_7-8	ARO:3008834	PDC-487	3	46.366667	43.133333	44.700000
E_7-8	ARO:3008840	PDC-493	9	52.622222	56.355556	67.400000
E_7-8	ARO:3008842	PDC-495	30	49.833333	44.046667	59.700000
E_7-8	ARO:3008847	PDC-500	2	52.500000	46.600000	46.600000
E_7-8	ARO:3008848	PDC-501	3	52.000000	57.366667	67.400000
E_7-8	ARO:3008849	PDC-502	29	50.841379	51.437931	68.600000
E_7-8	ARO:3008850	PDC-503	3	49.433333	52.766667	67.800000
E_7-8	ARO:3008851	PDC-504	3	50.100000	53.266667	69.300000
E_7-8	ARO:3008853	PDC-506	7	53.342857	50.828571	64.700000
E_7-8	ARO:3008854	PDC-507	5	58.840000	58.920000	74.700000
E_7-8	ARO:3008855	PDC-508	19	44.247368	40.442105	45.100000
E_7-8	ARO:3008857	PDC-510	3	62.366667	55.466667	75.900000
E_7-8	ARO:3008859	PDC-512	70	52.045714	47.411429	69.700000
E_7-8	ARO:3008861	PDC-514	1	49.000000	53.100000	53.100000
E_7-8	ARO:3008862	PDC-515	1	45.800000	48.500000	48.500000
E_7-8	ARO:3008863	PDC-516	1	51.000000	51.600000	51.600000
E_7-8	ARO:3008864	PDC-517	2	50.300000	59.850000	60.800000
E_7-8	ARO:3008868	PDC-521	59	67.759322	54.847458	74.300000
E_7-8	ARO:3008869	PDC-522	3	43.366667	41.333333	41.600000
E_7-8	ARO:3008870	PDC-523	43	69.332558	54.927907	74.300000
E_7-8	ARO:3008871	PDC-524	54	62.472222	58.738889	74.700000
E_7-8	ARO:3008872	PDC-525	7	53.528571	54.471429	65.500000
E_7-8	ARO:3008873	PDC-526	4	56.900000	53.250000	64.700000
E_7-8	ARO:3008874	PDC-527	69	66.424638	54.649275	75.500000
E_7-8	ARO:3008875	PDC-528	44	69.731818	56.079545	74.700000
E_7-8	ARO:3008876	PDC-529	5	57.180000	53.220000	64.700000
E_7-8	ARO:3008877	PDC-530	4	54.425000	51.900000	59.700000
E_7-8	ARO:3008878	PDC-531	2	46.900000	50.250000	52.000000
E_7-8	ARO:3008880	PDC-533	3	62.366667	55.466667	75.900000
E_7-8	ARO:3008881	PDC-534	2	52.500000	46.600000	46.600000
E_7-8	ARO:3008883	PDC-536	3	62.366667	55.466667	75.900000
E_7-8	ARO:3008885	PDC-538	2	55.100000	57.400000	59.700000
E_7-8	ARO:3008886	PDC-539	5	51.720000	57.980000	67.000000
E_7-8	ARO:3008887	PDC-540	5	60.380000	59.480000	63.200000
E_7-8	ARO:3008888	PDC-541	4	47.450000	47.175000	67.400000
E_7-8	ARO:3008889	PDC-542	8	49.600000	56.212500	67.000000
E_7-8	ARO:3008890	PDC-543	7	57.842857	62.014286	70.900000
E_7-8	ARO:3008891	PDC-544	4	50.375000	45.725000	67.400000
E_7-8	ARO:3008893	PDC-546	3	43.400000	37.700000	37.700000
E_7-8	ARO:3008895	PDC-548	1	57.100000	63.200000	63.200000
E_7-8	ARO:3008896	PDC-549	4	59.500000	53.050000	60.800000
E_7-8	ARO:3008897	PDC-550	2	52.500000	46.600000	46.600000
E_7-8	ARO:3008898	PDC-551	2	46.900000	50.250000	52.000000
E_7-8	ARO:3008899	PDC-552	6	53.633333	39.166667	39.300000
E_7-8	ARO:3008900	PDC-553	2	61.650000	52.400000	55.100000
E_7-8	ARO:3008902	PDC-555	5	62.500000	61.240000	74.700000
E_7-8	ARO:3008904	PDC-557	2	52.050000	53.550000	54.700000
E_7-8	ARO:3008906	PDC-559	6	53.633333	39.166667	39.300000
E_7-8	ARO:3008908	PDC-561	5	54.380000	38.500000	39.300000
E_7-8	ARO:3008909	PDC-562	6	58.816667	59.583333	74.700000
E_7-8	ARO:3008914	PDC-567	3	51.700000	56.000000	57.000000
E_7-8	ARO:3008916	PDC-569	2	40.000000	38.700000	39.700000
E_7-8	ARO:3008918	PDC-571	5	57.420000	66.700000	71.600000
E_7-8	ARO:3008920	PDC-573	2	59.650000	64.100000	66.200000
E_7-8	ARO:3008921	PDC-574	15	56.766667	52.046667	74.700000
E_7-8	ARO:3008922	PDC-575	10	56.630000	46.290000	67.800000
E_7-8	ARO:3008924	PDC-577	7	59.828571	57.057143	74.700000
E_7-8	ARO:3008926	PDC-579	2	48.000000	58.200000	58.200000
E_7-8	ARO:3008927	PDC-580	2	40.000000	38.700000	39.700000
E_7-8	ARO:3008928	PDC-581	6	55.066667	57.050000	74.700000
E_7-8	ARO:3008929	PDC-582	64	50.770313	46.650000	69.700000
E_7-8	ARO:3008930	PDC-583	1	65.300000	67.400000	67.400000
E_7-8	ARO:3008931	PDC-584	4	52.400000	57.975000	67.400000
E_7-8	ARO:3008934	PDC-587	9	52.622222	56.355556	67.400000
E_7-8	ARO:3008935	PDC-588	3	63.066667	67.133333	74.700000
E_7-8	ARO:3008937	PDC-590	3	63.066667	67.133333	74.700000
E_7-8	ARO:3008942	PDC-595	18	71.322222	67.222222	74.300000
E_7-8	ARO:3008944	PDC-597	1	49.000000	53.100000	53.100000
E_7-8	ARO:3008947	PDC-600	2	48.000000	58.200000	58.200000
E_7-8	ARO:3008949	PDC-602	68	66.727941	54.750000	75.500000
E_7-8	ARO:3008951	PDC-604	1	47.600000	43.900000	43.900000
E_7-8	ARO:3008952	PDC-605	2	48.000000	58.200000	58.200000
E_7-8	ARO:3008954	PDC-607	4	61.475000	61.375000	65.900000
E_7-8	ARO:3008955	PDC-608	4	61.300000	64.725000	69.700000
E_7-8	ARO:3008957	PDC-610	5	54.680000	38.640000	40.000000
E_7-8	ARO:3008958	PDC-611	7	56.585714	45.071429	75.900000
E_7-8	ARO:3008959	PDC-612	5	53.320000	39.140000	39.300000
E_7-8	ARO:3008963	PDC-616	5	46.120000	44.060000	52.000000
E_7-8	ARO:3008966	PDC-619	3	63.066667	67.133333	74.700000
E_7-8	ARO:3008967	PDC-620	3	55.566667	52.000000	59.700000
E_7-8	ARO:3008971	PDC-624	3	55.566667	52.000000	59.700000
E_7-8	ARO:3008972	PDC-625	3	36.866667	38.866667	40.400000
E_7-8	ARO:3008974	PDC-627	8	46.037500	39.037500	40.400000
E_7-8	ARO:3008975	PDC-628	2	59.650000	60.500000	65.900000
E_7-8	ARO:3008976	PDC-629	14	56.721429	49.892857	70.100000
E_7-8	ARO:3008978	PDC-631	1	56.300000	54.300000	54.300000
E_7-8	ARO:3008980	PDC-633	3	61.233333	65.466667	67.000000
E_7-8	ARO:3008984	PDC-637	2	55.100000	57.400000	59.700000
E_7-8	ARO:3008985	PDC-638	1	46.800000	46.600000	46.600000
E_7-8	ARO:3008986	PDC-639	15	53.806667	56.553333	70.900000
E_7-8	ARO:3008988	PEN-A10	228	56.814912	59.100000	84.700000
E_7-8	ARO:3008989	PEN-A11	245	57.133469	59.712653	84.700000
E_7-8	ARO:3008990	PEN-A12	240	56.907083	59.658750	84.700000
E_7-8	ARO:3008991	PEN-A13	239	56.468201	58.908787	84.700000
E_7-8	ARO:3008992	PEN-A15	185	58.280541	59.733514	84.700000
E_7-8	ARO:3008993	PEN-A16	209	55.588995	57.753110	84.700000
E_7-8	ARO:3008994	PEN-A17	143	58.081818	60.319580	84.700000
E_7-8	ARO:3008995	PEN-A18	179	55.969832	58.005587	84.700000
E_7-8	ARO:3008996	PEN-A19	211	55.382938	57.430806	84.700000
E_7-8	ARO:3008997	PEN-A1	226	54.803982	56.516814	84.700000
E_7-8	ARO:3008998	PEN-A20	185	54.728649	56.560541	84.700000
E_7-8	ARO:3008999	PEN-A21	121	57.047934	57.666116	84.700000
E_7-8	ARO:3009000	PEN-A22	200	58.909000	60.854500	84.700000
E_7-8	ARO:3009001	PEN-A23	100	56.986000	56.549000	84.700000
E_7-8	ARO:3009002	PEN-A24	181	54.576243	56.349724	84.700000
E_7-8	ARO:3009003	PEN-A25	139	54.903597	56.999281	84.700000
E_7-8	ARO:3009004	PEN-A26	124	53.417742	55.287903	80.100000
E_7-8	ARO:3009005	PEN-A27	135	54.082222	57.379259	80.100000
E_7-8	ARO:3009006	PEN-A28	196	54.435714	56.315306	86.300000
E_7-8	ARO:3009007	PEN-A29	236	54.898729	57.253814	86.300000
E_7-8	ARO:3009008	PEN-A2	22	58.281818	56.954545	77.800000
E_7-8	ARO:3009009	PEN-A30	236	55.016525	57.324576	86.300000
E_7-8	ARO:3009010	PEN-A31	138	54.865217	56.128986	80.100000
E_7-8	ARO:3009011	PEN-A32	187	54.868449	57.002139	86.300000
E_7-8	ARO:3009012	PEN-A33	162	54.985185	57.116667	86.300000
E_7-8	ARO:3009013	PEN-A34	90	54.545556	56.945556	86.300000
E_7-8	ARO:3009014	PEN-A35	165	55.408485	57.718182	86.300000
E_7-8	ARO:3009015	PEN-A37	223	54.714798	57.267713	86.300000
E_7-8	ARO:3009016	PEN-A38	148	55.890541	58.341216	86.300000
E_7-8	ARO:3009017	PEN-A3	77	55.672727	56.253247	80.100000
E_7-8	ARO:3009018	PEN-A5	52	55.667308	54.561538	76.300000
E_7-8	ARO:3009019	PEN-A6	46	58.186957	59.586957	77.800000
E_7-8	ARO:3009020	PEN-A7	43	57.690698	56.890698	77.800000
E_7-8	ARO:3009021	PEN-A8	60	57.445000	56.008333	77.800000
E_7-8	ARO:3009022	PEN-A9	70	57.087143	55.562857	77.800000
E_7-8	ARO:3009023	PEN-B1	158	58.855696	61.998101	81.600000
E_7-8	ARO:3009024	PEN-B2	181	57.391713	59.503867	80.900000
E_7-8	ARO:3009025	PEN-B3	144	58.700694	61.715972	80.900000
E_7-8	ARO:3009026	PEN-B4	152	58.969737	62.300000	81.600000
E_7-8	ARO:3009027	PER-17	136	52.856618	54.787500	101.000000
E_7-8	ARO:3009028	PER-18	96	54.406250	51.884375	100.000000
E_7-8	ARO:3009029	PJM-2	226	51.928761	49.459292	89.000000
E_7-8	ARO:3009030	PLA-4	103	57.588350	55.768932	92.000000
E_7-8	ARO:3009031	PLA-5	94	57.435106	55.596809	92.000000
E_7-8	ARO:3009032	PNC-1	595	56.508067	58.426387	78.200000
E_7-8	ARO:3009033	PNC-2	590	56.562712	58.510847	78.200000
E_7-8	ARO:3009034	PNC-3	577	56.701386	58.747487	78.200000
E_7-8	ARO:3009035	RAA-1	382	58.468063	60.436649	87.000000
E_7-8	ARO:3009036	RAHN-3	59	61.415254	63.611864	98.200000
E_7-8	ARO:3009037	RAHN-4	39	63.043590	65.346154	97.800000
E_7-8	ARO:3009038	RAHN-5	39	63.333333	65.861538	97.800000
E_7-8	ARO:3009039	RAHN-6	39	62.989744	65.366667	97.800000
E_7-8	ARO:3009040	RASA-1	170	49.196471	51.708235	97.100000
E_7-8	ARO:3009041	RSC1-1	372	54.536290	55.379301	94.700000
E_7-8	ARO:3009042	RSD1-1	345	52.631594	57.070435	94.400000
E_7-8	ARO:3009044	SED-2	74	58.883784	57.550000	74.300000
E_7-8	ARO:3009045	SFC-2	13	52.453846	53.146154	65.900000
E_7-8	ARO:3009046	SFDC-1	60	57.605000	59.130000	98.600000
E_7-8	ARO:3009051	SHV-232	41	56.863415	58.102439	83.200000
E_7-8	ARO:3009052	SHV-233	1	64.600000	67.000000	67.000000
E_7-8	ARO:3009053	SHV-234	2	62.250000	61.400000	66.600000
E_7-8	ARO:3009056	SHV-237	4	69.300000	63.125000	100.000000
E_7-8	ARO:3009058	SHV-239	2	62.250000	61.400000	66.600000
E_7-8	ARO:3009061	SHV-242	2	62.250000	61.400000	66.600000
E_7-8	ARO:3009062	SHV-243	102	64.689216	62.316667	79.000000
E_7-8	ARO:3009065	SRT-4	432	52.188657	51.635417	88.200000
E_7-8	ARO:3009069	TEM-250	2	59.650000	60.050000	63.500000
E_7-8	ARO:3009070	TEM-251	29	61.693103	62.737931	70.900000
E_7-8	ARO:3009073	TEM-254	18	63.961111	63.122222	72.000000
E_7-8	ARO:3009076	TEM-257	1	54.300000	55.500000	55.500000
E_7-8	ARO:3009079	VEB-18	1498	94.180708	92.384913	113.000000
E_7-8	ARO:3009080	VEB-28	1575	95.548635	89.806603	113.000000
E_7-8	ARO:3009081	VEB-29	390	81.596923	83.207949	113.000000
E_7-8	ARO:3009082	VEB-30	655	89.120916	85.234809	113.000000
E_7-8	ARO:3009083	VEB-31	1142	96.659457	88.998511	113.000000
E_7-8	ARO:3009084	VEB-32	1248	95.657933	87.553446	106.000000
E_7-8	ARO:3009085	VEB-33	1219	94.335193	86.271206	105.000000
E_7-8	ARO:3009086	VEB-34	778	95.873393	90.794473	106.000000
E_7-8	ARO:3009087	VEB-35	697	96.957676	89.212052	106.000000
E_7-8	ARO:3009088	VEB-36	307	94.910098	89.142345	105.000000
E_7-8	ARO:3009089	VEB-37	139	82.088489	70.446763	105.000000
E_7-8	ARO:3009090	VEB-38	526	96.387833	84.467110	105.000000
E_7-8	ARO:3009091	VEB-39	751	97.082157	89.877230	105.000000
E_7-8	ARO:3009092	VIM-88	7	46.742857	53.700000	67.800000
E_7-8	ARO:3009096	YOC-1	30	50.263333	45.790000	81.600000
E_7-8	ARO:3009098	CfiA28	61	54.621311	63.572131	87.400000
E_7-8	ARO:3009099	CfiA29	61	54.408197	63.088525	86.300000
E_7-8	ARO:3009100	CfiA30	62	54.590323	63.517742	87.400000
E_7-8	ARO:3009101	CfiA31	55	55.354545	64.140000	86.300000
E_7-8	ARO:3009192	OXY-1-7	2	64.500000	69.300000	82.800000
