ORF_ID	Contig	Start	Stop	Orientation	Cut_Off	Pass_Bitscore	Best_Hit_Bitscore	Best_Hit_ARO	Best_Identities	ARO	Model_type	SNPs_in_Best_Hit_ARO	Other_SNPs	Drug Class	Resistance Mechanism	AMR Gene Family	Percentage Length of Reference Sequence	ID	Model_ID	Nudged	Note	Hit_Start	Hit_End	Antibiotic	AST_Source
k141_76_38 # 37646 # 38218 # 1 # ID=324_38;partial=00;start_type=ATG;rbs_motif=None;rbs_spacer=None;gc_cont=0.496	k141_76	37646	38218	+	Strict	50	143.3	vanW gene in vanG cluster	43.04	3002965	protein homolog model	n/a	n/a	glycopeptide antibiotic	antibiotic target alteration	vanW; glycopeptide resistance gene cluster	67.62	gnl|BL_ORD_ID|4742|hsp_num:0	1622			123	597	vancomycin	
k141_76_495 # 487069 # 488211 # -1 # ID=324_495;partial=00;start_type=ATG;rbs_motif=AGGA;rbs_spacer=5-10bp;gc_cont=0.431	k141_76	487069	488211	-	Strict	175	181.0	vanT gene in vanG cluster	31.75	3002972	protein homolog model	n/a	n/a	glycopeptide antibiotic	antibiotic target alteration	glycopeptide resistance gene cluster; vanT	53.37	gnl|BL_ORD_ID|1523|hsp_num:0	1561			1029	2106	vancomycin	
k141_76_851 # 871094 # 872956 # -1 # ID=324_851;partial=00;start_type=ATG;rbs_motif=None;rbs_spacer=None;gc_cont=0.458	k141_76	871094	872956	-	Strict	50	107.1	vanW gene in vanI cluster	30.08	3003724	protein homolog model	n/a	n/a	glycopeptide antibiotic	antibiotic target alteration	vanW; glycopeptide resistance gene cluster	166.22	gnl|BL_ORD_ID|4747|hsp_num:0	2242			363	1116	vancomycin; teicoplanin	
k141_346_9 # 8191 # 9315 # 1 # ID=439_9;partial=00;start_type=ATG;rbs_motif=None;rbs_spacer=None;gc_cont=0.445	k141_346	8191	9315	+	Strict	175	194.9	vanT gene in vanG cluster	33.7	3002972	protein homolog model	n/a	n/a	glycopeptide antibiotic	antibiotic target alteration	glycopeptide resistance gene cluster; vanT	52.53	gnl|BL_ORD_ID|1523|hsp_num:0	1561			1035	2106	vancomycin	
k141_810887_77 # 67516 # 68652 # 1 # ID=708_77;partial=00;start_type=ATG;rbs_motif=ATA;rbs_spacer=8bp;gc_cont=0.437	k141_810887	67516	68652	+	Strict	175	198.4	vanT gene in vanG cluster	32.51	3002972	protein homolog model	n/a	n/a	glycopeptide antibiotic	antibiotic target alteration	glycopeptide resistance gene cluster; vanT	53.09	gnl|BL_ORD_ID|1523|hsp_num:0	1561			1029	2106	vancomycin	
k141_1443_183 # 170603 # 171523 # -1 # ID=1085_183;partial=00;start_type=ATG;rbs_motif=None;rbs_spacer=None;gc_cont=0.306	k141_1443	170603	171523	-	Strict	50	65.1	vanY gene in vanG cluster	34.04	3002959	protein homolog model	n/a	n/a	glycopeptide antibiotic	antibiotic target alteration	vanY; glycopeptide resistance gene cluster	109.68	gnl|BL_ORD_ID|4731|hsp_num:0	298			393	786	vancomycin	
k141_1667_10 # 7241 # 8941 # -1 # ID=1186_10;partial=00;start_type=ATG;rbs_motif=None;rbs_spacer=None;gc_cont=0.418	k141_1667	7241	8941	-	Strict	50	81.3	vanY gene in vanB cluster	31.03	3002956	protein homolog model	n/a	n/a	glycopeptide antibiotic	antibiotic target alteration	vanY; glycopeptide resistance gene cluster	211.19	gnl|BL_ORD_ID|603|hsp_num:0	556			210	792	vancomycin	
k141_2216_2 # 870 # 1748 # 1 # ID=1491_2;partial=00;start_type=ATG;rbs_motif=TAAA;rbs_spacer=9bp;gc_cont=0.390	k141_2216	870	1748	+	Strict	50	75.9	vanY gene in vanM cluster	34.01	3002961	protein homolog model	n/a	n/a	glycopeptide antibiotic	antibiotic target alteration	vanY; glycopeptide resistance gene cluster	125.32	gnl|BL_ORD_ID|1674|hsp_num:0	1713			129	531	vancomycin; teicoplanin	
k141_4588_4 # 2126 # 3271 # 1 # ID=2713_4;partial=01;start_type=ATG;rbs_motif=None;rbs_spacer=None;gc_cont=0.505	k141_4588	2126	3271	+	Strict	175	235.3	vanT gene in vanG cluster	34.03	3002972	protein homolog model	n/a	n/a	glycopeptide antibiotic	antibiotic target alteration	glycopeptide resistance gene cluster; vanT	53.65	gnl|BL_ORD_ID|1523|hsp_num:0	1561			990	2118	vancomycin	
k141_816334_2 # 223 # 1338 # -1 # ID=3380_2;partial=00;start_type=ATG;rbs_motif=AGGA;rbs_spacer=5-10bp;gc_cont=0.489	k141_816334	223	1338	-	Strict	175	183.0	vanT gene in vanG cluster	34.15	3002972	protein homolog model	n/a	n/a	glycopeptide antibiotic	antibiotic target alteration	glycopeptide resistance gene cluster; vanT	52.11	gnl|BL_ORD_ID|1523|hsp_num:0	1561			1038	2106	vancomycin	
k141_6419_22 # 17182 # 18060 # 1 # ID=3584_22;partial=00;start_type=ATG;rbs_motif=None;rbs_spacer=None;gc_cont=0.358	k141_6419	17182	18060	+	Strict	50	74.3	vanY gene in vanA cluster	31.37	3002955	protein homolog model	n/a	n/a	glycopeptide antibiotic	antibiotic target alteration	vanY; glycopeptide resistance gene cluster	96.37	gnl|BL_ORD_ID|4668|hsp_num:0	89			279	696	vancomycin; teicoplanin	
k141_817082_3 # 1666 # 2991 # 1 # ID=3829_3;partial=00;start_type=ATG;rbs_motif=None;rbs_spacer=None;gc_cont=0.379	k141_817082	1666	2991	+	Strict	50	147.1	vanW gene in vanI cluster	38.08	3003724	protein homolog model	n/a	n/a	glycopeptide antibiotic	antibiotic target alteration	vanW; glycopeptide resistance gene cluster	118.23	gnl|BL_ORD_ID|4747|hsp_num:0	2242			345	1047	vancomycin; teicoplanin	
k141_818650_5 # 2849 # 3754 # -1 # ID=4674_5;partial=00;start_type=GTG;rbs_motif=None;rbs_spacer=None;gc_cont=0.398	k141_818650	2849	3754	-	Strict	50	67.4	vanY gene in vanB cluster	27.04	3002956	protein homolog model	n/a	n/a	glycopeptide antibiotic	antibiotic target alteration	vanY; glycopeptide resistance gene cluster	112.31	gnl|BL_ORD_ID|603|hsp_num:0	556			207	768	vancomycin	
k141_9992_87 # 78582 # 79421 # -1 # ID=5346_87;partial=00;start_type=ATG;rbs_motif=GGxGG;rbs_spacer=3-4bp;gc_cont=0.511	k141_9992	78582	79421	-	Strict	500	528.1	OXA-9	93.43	3001404	protein homolog model	n/a	n/a	carbapenem; cephalosporin; penam	antibiotic inactivation	OXA beta-lactamase	101.82	gnl|BL_ORD_ID|220|hsp_num:0	243			0	822	cloxacillin; oxacillin; cefalotin	
k141_820461_2 # 228 # 656 # 1 # ID=5675_2;partial=00;start_type=ATG;rbs_motif=GGA/GAG/AGG;rbs_spacer=5-10bp;gc_cont=0.378	k141_820461	228	656	+	Strict	100	115.9	FosA8	42.54	3007371	protein homolog model	n/a	n/a	phosphonic acid antibiotic	antibiotic inactivation	fosfomycin thiol transferase	100.71	gnl|BL_ORD_ID|4907|hsp_num:0	5899			0	384	fosfomycin	
k141_821906_1 # 126 # 1037 # -1 # ID=6304_1;partial=00;start_type=ATG;rbs_motif=None;rbs_spacer=None;gc_cont=0.545	k141_821906	126	1037	-	Strict	50	70.5	vanY gene in vanB cluster	31.47	3002956	protein homolog model	n/a	n/a	glycopeptide antibiotic	antibiotic target alteration	vanY; glycopeptide resistance gene cluster	113.06	gnl|BL_ORD_ID|603|hsp_num:0	556			357	771	vancomycin	
k141_822208_29 # 28067 # 28957 # -1 # ID=6463_29;partial=00;start_type=ATG;rbs_motif=None;rbs_spacer=None;gc_cont=0.315	k141_822208	28067	28957	-	Strict	50	90.1	vanY gene in vanB cluster	34.94	3002956	protein homolog model	n/a	n/a	glycopeptide antibiotic	antibiotic target alteration	vanY; glycopeptide resistance gene cluster	110.45	gnl|BL_ORD_ID|603|hsp_num:0	556			291	774	vancomycin	
k141_827033_2 # 524 # 1714 # -1 # ID=8807_2;partial=00;start_type=ATG;rbs_motif=GGA/GAG/AGG;rbs_spacer=5-10bp;gc_cont=0.616	k141_827033	524	1714	-	Strict	175	178.3	vanT gene in vanG cluster	31.47	3002972	protein homolog model	n/a	n/a	glycopeptide antibiotic	antibiotic target alteration	glycopeptide resistance gene cluster; vanT	55.62	gnl|BL_ORD_ID|1523|hsp_num:0	1561			1029	2118	vancomycin	
k141_16811_3 # 1544 # 2674 # -1 # ID=9039_3;partial=00;start_type=ATG;rbs_motif=None;rbs_spacer=None;gc_cont=0.441	k141_16811	1544	2674	-	Strict	175	240.0	vanT gene in vanG cluster	36.74	3002972	protein homolog model	n/a	n/a	glycopeptide antibiotic	antibiotic target alteration	glycopeptide resistance gene cluster; vanT	52.81	gnl|BL_ORD_ID|1523|hsp_num:0	1561			1029	2106	vancomycin	
k141_17545_3 # 3413 # 4606 # 1 # ID=9450_3;partial=00;start_type=ATG;rbs_motif=GGAG/GAGG;rbs_spacer=5-10bp;gc_cont=0.539	k141_17545	3413	4606	+	Perfect	670	751.1	Escherichia coli acrA	100.0	3004043	protein homolog model	n/a	n/a	fluoroquinolone antibiotic; cephalosporin; glycylcycline; penam; tetracycline antibiotic; rifamycin antibiotic; phenicol antibiotic; disinfecting agents and antiseptics	antibiotic efflux	resistance-nodulation-cell division (RND) antibiotic efflux pump	100.00	gnl|BL_ORD_ID|2322|hsp_num:0	2661			0	1191	tigecycline; tetracycline; rifampin; chloramphenicol; ampicillin; cefalotin; triclosan	
k141_17545_4 # 4629 # 7778 # 1 # ID=9450_4;partial=00;start_type=ATG;rbs_motif=AGGAG;rbs_spacer=5-10bp;gc_cont=0.539	k141_17545	4629	7778	+	Perfect	1900	1991.1	acrB	100.0	3000216	protein homolog model	n/a	n/a	fluoroquinolone antibiotic; cephalosporin; glycylcycline; penam; tetracycline antibiotic; rifamycin antibiotic; phenicol antibiotic; disinfecting agents and antiseptics	antibiotic efflux	resistance-nodulation-cell division (RND) antibiotic efflux pump	100.00	gnl|BL_ORD_ID|1012|hsp_num:0	1104			0	3147	tigecycline; tetracycline; rifampin; chloramphenicol; ampicillin; cefalotin; triclosan	
k141_17739_2 # 518 # 1342 # 1 # ID=9578_2;partial=00;start_type=ATG;rbs_motif=None;rbs_spacer=None;gc_cont=0.412	k141_17739	518	1342	+	Strict	450	534.6	gadX	98.91	3000508	protein homolog model	n/a	n/a	macrolide antibiotic; fluoroquinolone antibiotic; penam	antibiotic efflux	resistance-nodulation-cell division (RND) antibiotic efflux pump	100.00	gnl|BL_ORD_ID|79|hsp_num:0	91			0	822	erythromycin; cloxacillin; oxacillin; norfloxacin	
k141_17739_5 # 2801 # 5914 # -1 # ID=9578_5;partial=00;start_type=ATG;rbs_motif=GGA/GAG/AGG;rbs_spacer=5-10bp;gc_cont=0.531	k141_17739	2801	5914	-	Strict	1850	1942.5	mdtF	99.9	3000796	protein homolog model	n/a	n/a	macrolide antibiotic; fluoroquinolone antibiotic; penam	antibiotic efflux	resistance-nodulation-cell division (RND) antibiotic efflux pump	100.00	gnl|BL_ORD_ID|104|hsp_num:0	121			0	3111	erythromycin; cloxacillin; oxacillin; norfloxacin	
k141_17739_6 # 5939 # 7096 # -1 # ID=9578_6;partial=00;start_type=ATG;rbs_motif=GGA/GAG/AGG;rbs_spacer=5-10bp;gc_cont=0.546	k141_17739	5939	7096	-	Perfect	675	724.5	mdtE	100.0	3000795	protein homolog model	n/a	n/a	macrolide antibiotic; fluoroquinolone antibiotic; penam	antibiotic efflux	resistance-nodulation-cell division (RND) antibiotic efflux pump	100.00	gnl|BL_ORD_ID|1757|hsp_num:0	1903			0	1155	erythromycin; cloxacillin; oxacillin; norfloxacin	
k141_831665_22 # 18039 # 19412 # 1 # ID=11107_22;partial=00;start_type=ATG;rbs_motif=None;rbs_spacer=None;gc_cont=0.547	k141_831665	18039	19412	+	Perfect	890	891.3	cpxA	100.0	3000830	protein homolog model	n/a	n/a	aminoglycoside antibiotic; aminocoumarin antibiotic	antibiotic efflux	resistance-nodulation-cell division (RND) antibiotic efflux pump	100.00	gnl|BL_ORD_ID|132|hsp_num:0	152			0	1371	novobiocin	
k141_22807_5 # 2845 # 3702 # -1 # ID=12333_5;partial=00;start_type=GTG;rbs_motif=None;rbs_spacer=None;gc_cont=0.403	k141_22807	2845	3702	-	Strict	50	70.9	vanY gene in vanB cluster	28.57	3002956	protein homolog model	n/a	n/a	glycopeptide antibiotic	antibiotic target alteration	vanY; glycopeptide resistance gene cluster	106.34	gnl|BL_ORD_ID|603|hsp_num:0	556			207	768	vancomycin	
k141_25461_3 # 1558 # 2583 # -1 # ID=13501_3;partial=01;start_type=Edge;rbs_motif=None;rbs_spacer=None;gc_cont=0.428	k141_25461	1558	2583	-	Strict	175	176.0	vanT gene in vanG cluster	33.94	3002972	protein homolog model	n/a	n/a	glycopeptide antibiotic	antibiotic target alteration	glycopeptide resistance gene cluster; vanT	47.89	gnl|BL_ORD_ID|1523|hsp_num:0	1561			1110	2094	vancomycin	
k141_25660_40 # 55812 # 56654 # 1 # ID=13623_40;partial=00;start_type=ATG;rbs_motif=None;rbs_spacer=None;gc_cont=0.512	k141_25660	55812	56654	+	Strict	50	55.8	vanY gene in vanA cluster	35.04	3002955	protein homolog model	n/a	n/a	glycopeptide antibiotic	antibiotic target alteration	vanY; glycopeptide resistance gene cluster	92.41	gnl|BL_ORD_ID|4668|hsp_num:0	89			396	684	vancomycin; teicoplanin	
k141_837650_5 # 3303 # 6440 # 1 # ID=14155_5;partial=00;start_type=ATG;rbs_motif=GGAG/GAGG;rbs_spacer=5-10bp;gc_cont=0.502	k141_837650	3303	6440	+	Strict	750	906.4	adeF	47.48	3000777	protein homolog model	n/a	n/a	fluoroquinolone antibiotic; tetracycline antibiotic	antibiotic efflux	resistance-nodulation-cell division (RND) antibiotic efflux pump	98.68	gnl|BL_ORD_ID|133|hsp_num:0	153			9	3150	tetracycline	
k141_27351_97 # 87644 # 88723 # 1 # ID=14593_97;partial=00;start_type=ATG;rbs_motif=ATA;rbs_spacer=9bp;gc_cont=0.406	k141_27351	87644	88723	+	Strict	175	214.2	vanT gene in vanG cluster	35.08	3002972	protein homolog model	n/a	n/a	glycopeptide antibiotic	antibiotic target alteration	glycopeptide resistance gene cluster; vanT	50.42	gnl|BL_ORD_ID|1523|hsp_num:0	1561			1023	2106	vancomycin	
k141_839517_87 # 96220 # 97128 # -1 # ID=15230_87;partial=00;start_type=ATG;rbs_motif=ATA;rbs_spacer=8bp;gc_cont=0.442	k141_839517	96220	97128	-	Strict	50	78.6	vanY gene in vanB cluster	34.23	3002956	protein homolog model	n/a	n/a	glycopeptide antibiotic	antibiotic target alteration	vanY; glycopeptide resistance gene cluster	112.69	gnl|BL_ORD_ID|603|hsp_num:0	556			345	774	vancomycin	
k141_841782_16 # 10081 # 10404 # -1 # ID=16405_16;partial=00;start_type=ATG;rbs_motif=None;rbs_spacer=None;gc_cont=0.506	k141_841782	10081	10404	-	Strict	75	78.2	qacJ	33.01	3007014	protein homolog model	n/a	n/a	disinfecting agents and antiseptics	antibiotic efflux	small multidrug resistance (SMR) antibiotic efflux pump	100.00	gnl|BL_ORD_ID|4661|hsp_num:0	5730			6	315	benzalkonium chloride	
k141_841944_8 # 8856 # 9065 # -1 # ID=16481_8;partial=01;start_type=Edge;rbs_motif=None;rbs_spacer=None;gc_cont=0.419	k141_841944	8856	9065	-	Strict	50	70.5	vanY gene in vanM cluster	45.16	3002961	protein homolog model	n/a	n/a	glycopeptide antibiotic	antibiotic target alteration	vanY; glycopeptide resistance gene cluster	29.61	gnl|BL_ORD_ID|1674|hsp_num:0	1713			354	540	vancomycin; teicoplanin	
k141_843013_1 # 1 # 1638 # 1 # ID=17059_1;partial=10;start_type=Edge;rbs_motif=None;rbs_spacer=None;gc_cont=0.719	k141_843013	1	1638	+	Strict	50	105.1	vanW gene in vanI cluster	41.18	3003724	protein homolog model	n/a	n/a	glycopeptide antibiotic	antibiotic target alteration	vanW; glycopeptide resistance gene cluster	146.11	gnl|BL_ORD_ID|4747|hsp_num:0	2242			600	1008	vancomycin; teicoplanin	
k141_32232_5 # 3219 # 4115 # -1 # ID=17083_5;partial=00;start_type=ATG;rbs_motif=TAA;rbs_spacer=12bp;gc_cont=0.319	k141_32232	3219	4115	-	Strict	50	71.6	vanY gene in vanB cluster	28.96	3002956	protein homolog model	n/a	n/a	glycopeptide antibiotic	antibiotic target alteration	vanY; glycopeptide resistance gene cluster	111.19	gnl|BL_ORD_ID|603|hsp_num:0	556			258	768	vancomycin	
k141_845862_6 # 3985 # 4641 # -1 # ID=18510_6;partial=00;start_type=ATG;rbs_motif=AGGAG;rbs_spacer=5-10bp;gc_cont=0.438	k141_845862	3985	4641	-	Perfect	400	459.1	QnrS2	100.0	3002791	protein homolog model	n/a	n/a	fluoroquinolone antibiotic	antibiotic target protection	quinolone resistance protein (qnr)	100.00	gnl|BL_ORD_ID|1693|hsp_num:0	1832			0	654	ciprofloxacin; levofloxacin; moxifloxacin; gatifloxacin; nalidixic acid; norfloxacin; sparfloxacin	
k141_34939_5 # 1940 # 3127 # 1 # ID=18591_5;partial=00;start_type=ATG;rbs_motif=None;rbs_spacer=None;gc_cont=0.441	k141_34939	1940	3127	+	Strict	175	180.6	vanT gene in vanG cluster	34.93	3002972	protein homolog model	n/a	n/a	glycopeptide antibiotic	antibiotic target alteration	glycopeptide resistance gene cluster; vanT	55.48	gnl|BL_ORD_ID|1523|hsp_num:0	1561			1029	2118	vancomycin	
k141_35918_31 # 35998 # 39114 # 1 # ID=19241_31;partial=00;start_type=ATG;rbs_motif=4Base/6BMM;rbs_spacer=13-15bp;gc_cont=0.458	k141_35918	35998	39114	+	Strict	750	808.9	adeF	43.67	3000777	protein homolog model	n/a	n/a	fluoroquinolone antibiotic; tetracycline antibiotic	antibiotic efflux	resistance-nodulation-cell division (RND) antibiotic efflux pump	98.02	gnl|BL_ORD_ID|133|hsp_num:0	153			15	3111	tetracycline	
k141_847896_2 # 679 # 1824 # -1 # ID=19409_2;partial=00;start_type=ATG;rbs_motif=GGA/GAG/AGG;rbs_spacer=5-10bp;gc_cont=0.574	k141_847896	679	1824	-	Strict	700	770.8	ACT-18	98.95	3001839	protein homolog model	n/a	n/a	carbapenem; cephalosporin; cephamycin; penam	antibiotic inactivation	ACT beta-lactamase	100.00	gnl|BL_ORD_ID|1437|hsp_num:0	1565			0	1143		
k141_37006_1 # 1 # 984 # 1 # ID=19826_1;partial=10;start_type=Edge;rbs_motif=None;rbs_spacer=None;gc_cont=0.492	k141_37006	1	984	+	Strict	500	543.9	OXA-205	98.87	3001483	protein homolog model	n/a	n/a	carbapenem; cephalosporin; penam	antibiotic inactivation	OXA beta-lactamase	122.93	gnl|BL_ORD_ID|1440|hsp_num:0	1572			0	798	cloxacillin; oxacillin; cefalotin	
k141_37609_3 # 1212 # 2954 # -1 # ID=20110_3;partial=01;start_type=Edge;rbs_motif=None;rbs_spacer=None;gc_cont=0.394	k141_37609	1212	2954	-	Strict	300	1118.6	tet(Q)	95.69	3000191	protein homolog model	n/a	n/a	tetracycline antibiotic	antibiotic target protection	tetracycline-resistant ribosomal protection protein	88.28	gnl|BL_ORD_ID|1220|hsp_num:0	1183			231	1971	tetracycline; doxycycline; minocycline; chlortetracycline; demeclocycline; oxytetracycline	
k141_851358_35 # 38077 # 39567 # -1 # ID=21127_35;partial=00;start_type=ATG;rbs_motif=GGA/GAG/AGG;rbs_spacer=11-12bp;gc_cont=0.576	k141_851358	38077	39567	-	Strict	50	90.5	vanW gene in vanI cluster	35.79	3003724	protein homolog model	n/a	n/a	glycopeptide antibiotic	antibiotic target alteration	vanW; glycopeptide resistance gene cluster	132.98	gnl|BL_ORD_ID|4747|hsp_num:0	2242			543	1083	vancomycin; teicoplanin	
k141_851664_12 # 7903 # 9111 # 1 # ID=21262_12;partial=00;start_type=ATG;rbs_motif=GGAGG;rbs_spacer=3-4bp;gc_cont=0.553	k141_851664	7903	9111	+	Perfect	750	784.6	mdtH	100.0	3001216	protein homolog model	n/a	n/a	fluoroquinolone antibiotic	antibiotic efflux	major facilitator superfamily (MFS) antibiotic efflux pump	100.00	gnl|BL_ORD_ID|343|hsp_num:0	375			0	1206	enoxacin; norfloxacin	
k141_851664_24 # 17742 # 18968 # 1 # ID=21262_24;partial=00;start_type=ATG;rbs_motif=GGA/GAG/AGG;rbs_spacer=5-10bp;gc_cont=0.525	k141_851664	17742	18968	+	Perfect	700	776.5	mdtG	100.0	3001329	protein homolog model	n/a	n/a	phosphonic acid antibiotic	antibiotic efflux	major facilitator superfamily (MFS) antibiotic efflux pump	100.00	gnl|BL_ORD_ID|551|hsp_num:0	603			0	1224	fosfomycin	
k141_852054_2 # 399 # 1568 # -1 # ID=21436_2;partial=00;start_type=ATG;rbs_motif=None;rbs_spacer=None;gc_cont=0.565	k141_852054	399	1568	-	Strict	175	218.8	vanT gene in vanG cluster	33.42	3002972	protein homolog model	n/a	n/a	glycopeptide antibiotic	antibiotic target alteration	glycopeptide resistance gene cluster; vanT	54.63	gnl|BL_ORD_ID|1523|hsp_num:0	1561			1035	2118	vancomycin	
k141_852769_2 # 715 # 2022 # 1 # ID=21801_2;partial=00;start_type=ATG;rbs_motif=None;rbs_spacer=None;gc_cont=0.615	k141_852769	715	2022	+	Strict	50	77.0	vanW gene in vanI cluster	30.6	3003724	protein homolog model	n/a	n/a	glycopeptide antibiotic	antibiotic target alteration	vanW; glycopeptide resistance gene cluster	116.62	gnl|BL_ORD_ID|4747|hsp_num:0	2242			474	1002	vancomycin; teicoplanin	
k141_853635_2 # 596 # 2491 # -1 # ID=22214_2;partial=00;start_type=ATG;rbs_motif=None;rbs_spacer=None;gc_cont=0.584	k141_853635	596	2491	-	Strict	50	95.1	vanW gene in vanI cluster	27.34	3003724	protein homolog model	n/a	n/a	glycopeptide antibiotic	antibiotic target alteration	vanW; glycopeptide resistance gene cluster	169.17	gnl|BL_ORD_ID|4747|hsp_num:0	2242			348	1083	vancomycin; teicoplanin	
k141_42364_1 # 333 # 1553 # 1 # ID=22643_1;partial=00;start_type=ATG;rbs_motif=GGA/GAG/AGG;rbs_spacer=5-10bp;gc_cont=0.497	k141_42364	333	1553	+	Strict	650	781.9	EreA	98.52	3000361	protein homolog model	n/a	n/a	macrolide antibiotic	antibiotic inactivation	macrolide esterase	100.00	gnl|BL_ORD_ID|918|hsp_num:0	991			0	1218	erythromycin; roxithromycin; clarithromycin	
k141_42602_3 # 2578 # 4014 # 1 # ID=22779_3;partial=00;start_type=ATG;rbs_motif=None;rbs_spacer=None;gc_cont=0.327	k141_42602	2578	4014	+	Strict	50	100.1	vanW gene in vanI cluster	32.53	3003724	protein homolog model	n/a	n/a	glycopeptide antibiotic	antibiotic target alteration	vanW; glycopeptide resistance gene cluster	128.15	gnl|BL_ORD_ID|4747|hsp_num:0	2242			603	1083	vancomycin; teicoplanin	
k141_856315_2 # 209 # 1333 # -1 # ID=23576_2;partial=00;start_type=ATG;rbs_motif=AGGA;rbs_spacer=5-10bp;gc_cont=0.529	k141_856315	209	1333	-	Strict	175	177.2	vanT gene in vanG cluster	27.08	3002972	protein homolog model	n/a	n/a	glycopeptide antibiotic	antibiotic target alteration	glycopeptide resistance gene cluster; vanT	52.53	gnl|BL_ORD_ID|1523|hsp_num:0	1561			1032	2127	vancomycin	
k141_44193_1 # 1 # 2748 # -1 # ID=23614_1;partial=10;start_type=ATG;rbs_motif=GGAG/GAGG;rbs_spacer=5-10bp;gc_cont=0.601	k141_44193	1	2748	-	Strict	750	1000.3	adeF	59.09	3000777	protein homolog model	n/a	n/a	fluoroquinolone antibiotic; tetracycline antibiotic	antibiotic efflux	resistance-nodulation-cell division (RND) antibiotic efflux pump	86.50	gnl|BL_ORD_ID|133|hsp_num:0	153			0	2748	tetracycline	
k141_44243_7 # 5906 # 6223 # -1 # ID=23645_7;partial=00;start_type=ATG;rbs_motif=AGGA;rbs_spacer=5-10bp;gc_cont=0.286	k141_44243	5906	6223	-	Strict	75	75.9	qacJ	43.88	3007014	protein homolog model	n/a	n/a	disinfecting agents and antiseptics	antibiotic efflux	small multidrug resistance (SMR) antibiotic efflux pump	98.13	gnl|BL_ORD_ID|4661|hsp_num:0	5730			0	294	benzalkonium chloride	
k141_858091_4 # 2045 # 2983 # -1 # ID=24413_4;partial=00;start_type=ATG;rbs_motif=ATA;rbs_spacer=7bp;gc_cont=0.478	k141_858091	2045	2983	-	Strict	50	80.9	vanY gene in vanB cluster	34.19	3002956	protein homolog model	n/a	n/a	glycopeptide antibiotic	antibiotic target alteration	vanY; glycopeptide resistance gene cluster	116.42	gnl|BL_ORD_ID|603|hsp_num:0	556			312	762	vancomycin	
k141_46603_1 # 6 # 863 # -1 # ID=24748_1;partial=00;start_type=ATG;rbs_motif=None;rbs_spacer=None;gc_cont=0.396	k141_46603	6	863	-	Strict	50	82.0	vanY gene in vanB cluster	37.91	3002956	protein homolog model	n/a	n/a	glycopeptide antibiotic	antibiotic target alteration	vanY; glycopeptide resistance gene cluster	106.34	gnl|BL_ORD_ID|603|hsp_num:0	556			318	762	vancomycin	
k141_47439_101 # 114303 # 117449 # 1 # ID=25139_101;partial=00;start_type=GTG;rbs_motif=GGA/GAG/AGG;rbs_spacer=5-10bp;gc_cont=0.666	k141_47439	114303	117449	+	Strict	750	817.0	adeF	45.61	3000777	protein homolog model	n/a	n/a	fluoroquinolone antibiotic; tetracycline antibiotic	antibiotic efflux	resistance-nodulation-cell division (RND) antibiotic efflux pump	98.96	gnl|BL_ORD_ID|133|hsp_num:0	153			6	3111	tetracycline	
k141_47966_1 # 2 # 757 # 1 # ID=25405_1;partial=10;start_type=Edge;rbs_motif=None;rbs_spacer=None;gc_cont=0.742	k141_47966	2	757	+	Strict	50	94.7	vanW gene in vanI cluster	40.16	3003724	protein homolog model	n/a	n/a	glycopeptide antibiotic	antibiotic target alteration	vanW; glycopeptide resistance gene cluster	67.29	gnl|BL_ORD_ID|4747|hsp_num:0	2242			666	1047	vancomycin; teicoplanin	
k141_48428_3 # 1281 # 3200 # 1 # ID=25610_3;partial=00;start_type=ATG;rbs_motif=GGAGG;rbs_spacer=5-10bp;gc_cont=0.410	k141_48428	1281	3200	+	Strict	300	1263.4	tet(32)	98.9	3000196	protein homolog model	n/a	n/a	tetracycline antibiotic	antibiotic target protection	tetracycline-resistant ribosomal protection protein	100.00	gnl|BL_ORD_ID|1221|hsp_num:0	1233			0	1917	tetracycline; doxycycline; minocycline; chlortetracycline; demeclocycline; oxytetracycline	
k141_49867_2 # 710 # 1513 # 1 # ID=26368_2;partial=00;start_type=TTG;rbs_motif=AGGA;rbs_spacer=5-10bp;gc_cont=0.562	k141_49867	710	1513	+	Strict	500	553.9	APH(3'')-Ib	99.63	3002639	protein homolog model	n/a	n/a	aminoglycoside antibiotic	antibiotic inactivation	APH(3'')	100.00	gnl|BL_ORD_ID|1691|hsp_num:0	1830			0	801	streptomycin	
k141_49867_3 # 1513 # 2349 # 1 # ID=26368_3;partial=00;start_type=ATG;rbs_motif=None;rbs_spacer=None;gc_cont=0.559	k141_49867	1513	2349	+	Strict	500	563.5	APH(6)-Id	99.64	3002660	protein homolog model	n/a	n/a	aminoglycoside antibiotic	antibiotic inactivation	APH(6)	100.00	gnl|BL_ORD_ID|951|hsp_num:0	1031			0	834	streptomycin	
k141_53590_30 # 28943 # 29839 # 1 # ID=28299_30;partial=00;start_type=TTG;rbs_motif=GGA/GAG/AGG;rbs_spacer=5-10bp;gc_cont=0.379	k141_53590	28943	29839	+	Strict	50	70.9	vanY gene in vanM cluster	35.38	3002961	protein homolog model	n/a	n/a	glycopeptide antibiotic	antibiotic target alteration	vanY; glycopeptide resistance gene cluster	127.90	gnl|BL_ORD_ID|1674|hsp_num:0	1713			126	480	vancomycin; teicoplanin	
k141_54590_5 # 4462 # 5574 # 1 # ID=28825_5;partial=00;start_type=ATG;rbs_motif=GGAG/GAGG;rbs_spacer=5-10bp;gc_cont=0.592	k141_54590	4462	5574	+	Strict	175	183.3	vanT gene in vanG cluster	33.33	3002972	protein homolog model	n/a	n/a	glycopeptide antibiotic	antibiotic target alteration	glycopeptide resistance gene cluster; vanT	51.97	gnl|BL_ORD_ID|1523|hsp_num:0	1561			1035	2118	vancomycin	
k141_55433_24 # 22070 # 22936 # 1 # ID=29271_24;partial=00;start_type=ATG;rbs_motif=None;rbs_spacer=None;gc_cont=0.554	k141_55433	22070	22936	+	Strict	50	75.5	vanY gene in vanB cluster	28.81	3002956	protein homolog model	n/a	n/a	glycopeptide antibiotic	antibiotic target alteration	vanY; glycopeptide resistance gene cluster	107.46	gnl|BL_ORD_ID|603|hsp_num:0	556			258	762	vancomycin	
k141_867961_7 # 5150 # 6193 # -1 # ID=29468_7;partial=00;start_type=ATG;rbs_motif=AGGAGG;rbs_spacer=5-10bp;gc_cont=0.365	k141_867961	5150	6193	-	Strict	200	200.7	vanH gene in vanF cluster	34.81	3002945	protein homolog model	n/a	n/a	glycopeptide antibiotic	antibiotic target alteration	vanH; glycopeptide resistance gene cluster	107.76	gnl|BL_ORD_ID|1653|hsp_num:0	1790			3	945	vancomycin	
k141_868090_2 # 204 # 3326 # 1 # ID=29561_2;partial=00;start_type=ATG;rbs_motif=AGGA;rbs_spacer=5-10bp;gc_cont=0.618	k141_868090	204	3326	+	Strict	750	858.2	adeF	45.89	3000777	protein homolog model	n/a	n/a	fluoroquinolone antibiotic; tetracycline antibiotic	antibiotic efflux	resistance-nodulation-cell division (RND) antibiotic efflux pump	98.21	gnl|BL_ORD_ID|133|hsp_num:0	153			6	3093	tetracycline	
k141_55936_8 # 4342 # 7458 # 1 # ID=29597_8;partial=00;start_type=ATG;rbs_motif=GGA/GAG/AGG;rbs_spacer=5-10bp;gc_cont=0.303	k141_55936	4342	7458	+	Strict	750	826.2	adeF	42.5	3000777	protein homolog model	n/a	n/a	fluoroquinolone antibiotic; tetracycline antibiotic	antibiotic efflux	resistance-nodulation-cell division (RND) antibiotic efflux pump	98.02	gnl|BL_ORD_ID|133|hsp_num:0	153			6	3120	tetracycline	
k141_868398_2 # 1806 # 2771 # 1 # ID=29695_2;partial=00;start_type=ATG;rbs_motif=None;rbs_spacer=None;gc_cont=0.356	k141_868398	1806	2771	+	Perfect	600	629.4	CfxA2	100.0	3003002	protein homolog model	n/a	n/a	cephamycin	antibiotic inactivation	CfxA beta-lactamase	100.00	gnl|BL_ORD_ID|159|hsp_num:0	174			0	963		
k141_56786_38 # 23054 # 24442 # -1 # ID=30083_38;partial=00;start_type=ATG;rbs_motif=ATA;rbs_spacer=11bp;gc_cont=0.467	k141_56786	23054	24442	-	Strict	50	99.4	vanW gene in vanI cluster	26.58	3003724	protein homolog model	n/a	n/a	glycopeptide antibiotic	antibiotic target alteration	vanW; glycopeptide resistance gene cluster	123.86	gnl|BL_ORD_ID|4747|hsp_num:0	2242			27	1104	vancomycin; teicoplanin	
k141_57914_2 # 223 # 1026 # 1 # ID=30624_2;partial=01;start_type=ATG;rbs_motif=None;rbs_spacer=None;gc_cont=0.544	k141_57914	223	1026	+	Strict	50	75.9	vanY gene in vanB cluster	32.41	3002956	protein homolog model	n/a	n/a	glycopeptide antibiotic	antibiotic target alteration	vanY; glycopeptide resistance gene cluster	100.00	gnl|BL_ORD_ID|603|hsp_num:0	556			342	762	vancomycin	
k141_58070_2 # 443 # 1405 # -1 # ID=30691_2;partial=00;start_type=ATG;rbs_motif=None;rbs_spacer=None;gc_cont=0.525	k141_58070	443	1405	-	Strict	50	72.8	vanY gene in vanB cluster	31.47	3002956	protein homolog model	n/a	n/a	glycopeptide antibiotic	antibiotic target alteration	vanY; glycopeptide resistance gene cluster	119.40	gnl|BL_ORD_ID|603|hsp_num:0	556			357	771	vancomycin	
k141_870485_48 # 52158 # 53288 # 1 # ID=30775_48;partial=00;start_type=GTG;rbs_motif=AGGA;rbs_spacer=5-10bp;gc_cont=0.482	k141_870485	52158	53288	+	Strict	175	179.1	vanT gene in vanG cluster	32.81	3002972	protein homolog model	n/a	n/a	glycopeptide antibiotic	antibiotic target alteration	glycopeptide resistance gene cluster; vanT	52.81	gnl|BL_ORD_ID|1523|hsp_num:0	1561			981	2121	vancomycin	
k141_59102_111 # 112134 # 114062 # 1 # ID=31225_111;partial=00;start_type=ATG;rbs_motif=TAAA;rbs_spacer=11bp;gc_cont=0.447	k141_59102	112134	114062	+	Strict	50	95.5	vanW gene in vanI cluster	28.21	3003724	protein homolog model	n/a	n/a	glycopeptide antibiotic	antibiotic target alteration	vanW; glycopeptide resistance gene cluster	172.12	gnl|BL_ORD_ID|4747|hsp_num:0	2242			363	1011	vancomycin; teicoplanin	
k141_61112_2 # 912 # 2063 # -1 # ID=32437_2;partial=00;start_type=ATG;rbs_motif=None;rbs_spacer=None;gc_cont=0.438	k141_61112	912	2063	-	Strict	175	192.2	vanT gene in vanG cluster	30.05	3002972	protein homolog model	n/a	n/a	glycopeptide antibiotic	antibiotic target alteration	glycopeptide resistance gene cluster; vanT	53.79	gnl|BL_ORD_ID|1523|hsp_num:0	1561			999	2118	vancomycin	
k141_875080_8 # 11826 # 12158 # -1 # ID=33071_8;partial=00;start_type=ATG;rbs_motif=GGA/GAG/AGG;rbs_spacer=5-10bp;gc_cont=0.658	k141_875080	11826	12158	-	Strict	75	77.0	qacJ	37.5	3007014	protein homolog model	n/a	n/a	disinfecting agents and antiseptics	antibiotic efflux	small multidrug resistance (SMR) antibiotic efflux pump	102.80	gnl|BL_ORD_ID|4661|hsp_num:0	5730			6	318	benzalkonium chloride	
k141_63479_1 # 3 # 1097 # -1 # ID=33753_1;partial=10;start_type=ATG;rbs_motif=AAA;rbs_spacer=7bp;gc_cont=0.471	k141_63479	3	1097	-	Strict	50	99.4	vanW gene in vanI cluster	31.55	3003724	protein homolog model	n/a	n/a	glycopeptide antibiotic	antibiotic target alteration	vanW; glycopeptide resistance gene cluster	97.86	gnl|BL_ORD_ID|4747|hsp_num:0	2242			603	1101	vancomycin; teicoplanin	
k141_64925_2 # 283 # 939 # -1 # ID=34410_2;partial=00;start_type=ATG;rbs_motif=GGAG/GAGG;rbs_spacer=5-10bp;gc_cont=0.381	k141_64925	283	939	-	Perfect	400	464.2	QnrVC4	100.0	3002801	protein homolog model	n/a	n/a	fluoroquinolone antibiotic	antibiotic target protection	quinolone resistance protein (qnr)	100.00	gnl|BL_ORD_ID|409|hsp_num:0	452			0	654	ciprofloxacin; levofloxacin; moxifloxacin; gatifloxacin; nalidixic acid; norfloxacin; sparfloxacin	
k141_66331_5 # 4235 # 5329 # -1 # ID=35082_5;partial=00;start_type=GTG;rbs_motif=TAA;rbs_spacer=12bp;gc_cont=0.365	k141_66331	4235	5329	-	Strict	250	250.8	vanG	40.61	3002909	protein homolog model	n/a	n/a	glycopeptide antibiotic	antibiotic target alteration	glycopeptide resistance gene cluster; Van ligase	104.30	gnl|BL_ORD_ID|1070|hsp_num:0	1157			0	1047	vancomycin	
k141_67175_2 # 294 # 1076 # 1 # ID=35511_2;partial=00;start_type=ATG;rbs_motif=GGA/GAG/AGG;rbs_spacer=11-12bp;gc_cont=0.522	k141_67175	294	1076	+	Perfect	450	525.8	NPS-1	100.0	3004239	protein homolog model	n/a	n/a	cephalosporin; penam	antibiotic inactivation	NPS beta-lactamase	100.00	gnl|BL_ORD_ID|2428|hsp_num:0	2840			0	780		
k141_67431_2 # 946 # 2205 # 1 # ID=35669_2;partial=00;start_type=GTG;rbs_motif=AGGAG;rbs_spacer=5-10bp;gc_cont=0.554	k141_67431	946	2205	+	Perfect	750	805.8	cmlA5	100.0	3002695	protein homolog model	n/a	n/a	phenicol antibiotic	antibiotic efflux	major facilitator superfamily (MFS) antibiotic efflux pump	100.00	gnl|BL_ORD_ID|222|hsp_num:0	245			0	1257	chloramphenicol	
k141_67870_4 # 3793 # 4113 # 1 # ID=35887_4;partial=00;start_type=ATG;rbs_motif=None;rbs_spacer=None;gc_cont=0.346	k141_67870	3793	4113	+	Strict	75	89.7	qacJ	41.9	3007014	protein homolog model	n/a	n/a	disinfecting agents and antiseptics	antibiotic efflux	small multidrug resistance (SMR) antibiotic efflux pump	99.07	gnl|BL_ORD_ID|4661|hsp_num:0	5730			0	315	benzalkonium chloride	
k141_74968_6 # 4741 # 5922 # 1 # ID=39205_6;partial=00;start_type=ATG;rbs_motif=None;rbs_spacer=None;gc_cont=0.364	k141_74968	4741	5922	+	Strict	175	177.6	vanT gene in vanG cluster	30.08	3002972	protein homolog model	n/a	n/a	glycopeptide antibiotic	antibiotic target alteration	glycopeptide resistance gene cluster; vanT	55.20	gnl|BL_ORD_ID|1523|hsp_num:0	1561			1029	2106	vancomycin	
k141_888385_1 # 1 # 909 # 1 # ID=40040_1;partial=10;start_type=Edge;rbs_motif=None;rbs_spacer=None;gc_cont=0.413	k141_888385	1	909	+	Strict	50	112.5	vanW gene in vanI cluster	31.36	3003724	protein homolog model	n/a	n/a	glycopeptide antibiotic	antibiotic target alteration	vanW; glycopeptide resistance gene cluster	80.97	gnl|BL_ORD_ID|4747|hsp_num:0	2242			450	1083	vancomycin; teicoplanin	
k141_888827_20 # 19999 # 20328 # -1 # ID=40254_20;partial=00;start_type=ATG;rbs_motif=GGAGG;rbs_spacer=5-10bp;gc_cont=0.515	k141_888827	19999	20328	-	Strict	150	189.5	Klebsiella pneumoniae KpnF	84.4	3004583	protein homolog model	n/a	n/a	macrolide antibiotic; aminoglycoside antibiotic; cephalosporin; tetracycline antibiotic; peptide antibiotic; rifamycin antibiotic; disinfecting agents and antiseptics	antibiotic efflux	small multidrug resistance (SMR) antibiotic efflux pump	100.00	gnl|BL_ORD_ID|2722|hsp_num:0	3286			0	327	erythromycin; streptomycin; tetracycline; cefepime; ceftriaxone; rifampin; colistin A; colistin B; triclosan; benzalkonium chloride; chlorhexidine	
k141_888827_21 # 20315 # 20680 # -1 # ID=40254_21;partial=00;start_type=ATG;rbs_motif=AGGAG;rbs_spacer=5-10bp;gc_cont=0.426	k141_888827	20315	20680	-	Strict	150	176.4	Klebsiella pneumoniae KpnE	82.2	3004580	protein homolog model	n/a	n/a	macrolide antibiotic; aminoglycoside antibiotic; cephalosporin; tetracycline antibiotic; peptide antibiotic; rifamycin antibiotic; disinfecting agents and antiseptics	antibiotic efflux	small multidrug resistance (SMR) antibiotic efflux pump	100.83	gnl|BL_ORD_ID|2720|hsp_num:0	3283			6	360	erythromycin; streptomycin; tetracycline; cefepime; ceftriaxone; rifampin; colistin A; colistin B; triclosan; benzalkonium chloride; chlorhexidine	
k141_77380_1 # 1 # 618 # 1 # ID=40376_1;partial=10;start_type=Edge;rbs_motif=None;rbs_spacer=None;gc_cont=0.380	k141_77380	1	618	+	Strict	50	87.0	vanY gene in vanB cluster	31.5	3002956	protein homolog model	n/a	n/a	glycopeptide antibiotic	antibiotic target alteration	vanY; glycopeptide resistance gene cluster	76.49	gnl|BL_ORD_ID|603|hsp_num:0	556			240	798	vancomycin	
k141_77542_21 # 21118 # 24279 # 1 # ID=40468_21;partial=00;start_type=TTG;rbs_motif=AGxAGG/AGGxGG;rbs_spacer=5-10bp;gc_cont=0.373	k141_77542	21118	24279	+	Strict	750	780.4	adeF	42.76	3000777	protein homolog model	n/a	n/a	fluoroquinolone antibiotic; tetracycline antibiotic	antibiotic efflux	resistance-nodulation-cell division (RND) antibiotic efflux pump	99.43	gnl|BL_ORD_ID|133|hsp_num:0	153			6	3120	tetracycline	
k141_77981_2 # 148 # 993 # -1 # ID=40638_2;partial=00;start_type=ATG;rbs_motif=GGAG/GAGG;rbs_spacer=5-10bp;gc_cont=0.552	k141_77981	148	993	-	Strict	450	549.7	aadA16	98.93	3002616	protein homolog model	n/a	n/a	aminoglycoside antibiotic	antibiotic inactivation	ANT(3'')	100.00	gnl|BL_ORD_ID|1616|hsp_num:0	1762			0	843	spectinomycin; streptomycin	
k141_77981_3 # 1174 # 1647 # -1 # ID=40638_3;partial=00;start_type=GTG;rbs_motif=AGGAG;rbs_spacer=3-4bp;gc_cont=0.443	k141_77981	1174	1647	-	Strict	300	317.4	dfrA27	99.36	3004550	protein homolog model	n/a	n/a	diaminopyrimidine antibiotic	antibiotic target replacement	trimethoprim resistant dihydrofolate reductase dfr	100.00	gnl|BL_ORD_ID|2706|hsp_num:0	3258			0	471	trimethoprim	
k141_81485_16 # 14119 # 15075 # -1 # ID=42655_16;partial=00;start_type=ATG;rbs_motif=None;rbs_spacer=None;gc_cont=0.525	k141_81485	14119	15075	-	Strict	50	82.0	vanY gene in vanB cluster	34.69	3002956	protein homolog model	n/a	n/a	glycopeptide antibiotic	antibiotic target alteration	vanY; glycopeptide resistance gene cluster	118.66	gnl|BL_ORD_ID|603|hsp_num:0	556			366	786	vancomycin	
k141_81879_13 # 10119 # 10514 # 1 # ID=42860_13;partial=01;start_type=ATG;rbs_motif=AGGAGG;rbs_spacer=5-10bp;gc_cont=0.447	k141_81879	10119	10514	+	Strict	150	179.5	FosXCC	64.89	3003208	protein homolog model	n/a	n/a	phosphonic acid antibiotic	antibiotic inactivation	fosfomycin thiol transferase	93.62	gnl|BL_ORD_ID|4903|hsp_num:0	5895			15	405	fosfomycin	
k141_85338_105 # 112406 # 114343 # 1 # ID=44544_105;partial=00;start_type=ATG;rbs_motif=TAA;rbs_spacer=13bp;gc_cont=0.391	k141_85338	112406	114343	+	Strict	50	106.3	vanW gene in vanI cluster	29.06	3003724	protein homolog model	n/a	n/a	glycopeptide antibiotic	antibiotic target alteration	vanW; glycopeptide resistance gene cluster	172.92	gnl|BL_ORD_ID|4747|hsp_num:0	2242			363	1011	vancomycin; teicoplanin	
k141_85418_6 # 3724 # 4212 # -1 # ID=44573_6;partial=00;start_type=ATG;rbs_motif=AGGAGG;rbs_spacer=5-10bp;gc_cont=0.468	k141_85418	3724	4212	-	Strict	150	158.3	nimB	53.12	3004655	protein homolog model	n/a	n/a	nitroimidazole antibiotic	antibiotic inactivation	nitroimidazole reductase	98.78	gnl|BL_ORD_ID|4792|hsp_num:0	5787			0	474	metronidazole	
k141_87452_4 # 3521 # 5269 # 1 # ID=45562_4;partial=00;start_type=ATG;rbs_motif=None;rbs_spacer=None;gc_cont=0.509	k141_87452	3521	5269	+	Perfect	1000	1096.6	msbA	100.0	3003950	protein homolog model	n/a	n/a	nitroimidazole antibiotic	antibiotic efflux	ATP-binding cassette (ABC) antibiotic efflux pump	100.00	gnl|BL_ORD_ID|2186|hsp_num:0	2423			0	1746	metronidazole	
k141_90150_6 # 3100 # 3588 # -1 # ID=46799_6;partial=00;start_type=ATG;rbs_motif=GGAG/GAGG;rbs_spacer=5-10bp;gc_cont=0.423	k141_90150	3100	3588	-	Strict	150	183.3	nimE	52.47	3007107	protein homolog model	n/a	n/a	nitroimidazole antibiotic	antibiotic inactivation	nitroimidazole reductase	95.29	gnl|BL_ORD_ID|4785|hsp_num:0	5780			0	483	metronidazole	
k141_904527_2 # 416 # 1303 # -1 # ID=48322_2;partial=00;start_type=GTG;rbs_motif=ATA;rbs_spacer=4bp;gc_cont=0.459	k141_904527	416	1303	-	Strict	50	85.9	vanY gene in vanB cluster	35.1	3002956	protein homolog model	n/a	n/a	glycopeptide antibiotic	antibiotic target alteration	vanY; glycopeptide resistance gene cluster	110.07	gnl|BL_ORD_ID|603|hsp_num:0	556			342	774	vancomycin	
k141_93128_82 # 79017 # 80165 # 1 # ID=48339_82;partial=00;start_type=ATG;rbs_motif=GGA/GAG/AGG;rbs_spacer=5-10bp;gc_cont=0.449	k141_93128	79017	80165	+	Strict	175	215.7	vanT gene in vanG cluster	33.94	3002972	protein homolog model	n/a	n/a	glycopeptide antibiotic	antibiotic target alteration	glycopeptide resistance gene cluster; vanT	53.65	gnl|BL_ORD_ID|1523|hsp_num:0	1561			1008	2121	vancomycin	
k141_904941_7 # 5530 # 8649 # -1 # ID=48478_7;partial=00;start_type=ATG;rbs_motif=AGGAG;rbs_spacer=5-10bp;gc_cont=0.521	k141_904941	5530	8649	-	Strict	750	781.9	adeF	42.75	3000777	protein homolog model	n/a	n/a	fluoroquinolone antibiotic; tetracycline antibiotic	antibiotic efflux	resistance-nodulation-cell division (RND) antibiotic efflux pump	98.11	gnl|BL_ORD_ID|133|hsp_num:0	153			6	3120	tetracycline	
k141_93479_34 # 31956 # 33323 # -1 # ID=48691_34;partial=00;start_type=ATG;rbs_motif=None;rbs_spacer=None;gc_cont=0.626	k141_93479	31956	33323	-	Strict	50	100.9	vanW gene in vanI cluster	38.92	3003724	protein homolog model	n/a	n/a	glycopeptide antibiotic	antibiotic target alteration	vanW; glycopeptide resistance gene cluster	121.98	gnl|BL_ORD_ID|4747|hsp_num:0	2242			615	1083	vancomycin; teicoplanin	
k141_93479_544 # 538023 # 539276 # 1 # ID=48691_544;partial=00;start_type=ATG;rbs_motif=None;rbs_spacer=None;gc_cont=0.636	k141_93479	538023	539276	+	Strict	50	89.4	vanW gene in vanI cluster	28.83	3003724	protein homolog model	n/a	n/a	glycopeptide antibiotic	antibiotic target alteration	vanW; glycopeptide resistance gene cluster	111.80	gnl|BL_ORD_ID|4747|hsp_num:0	2242			366	1002	vancomycin; teicoplanin	
k141_905658_3 # 1370 # 1708 # 1 # ID=48709_3;partial=00;start_type=ATG;rbs_motif=AGGAG;rbs_spacer=5-10bp;gc_cont=0.643	k141_905658	1370	1708	+	Strict	200	222.6	RbpA	92.86	3000245	protein homolog model	n/a	n/a	rifamycin antibiotic	antibiotic target protection	RbpA bacterial RNA polymerase-binding protein	98.25	gnl|BL_ORD_ID|1308|hsp_num:0	1425			0	336	rifampin; rifaximin; rifabutin; rifapentine	
k141_905749_1 # 2 # 1099 # -1 # ID=48754_1;partial=10;start_type=ATG;rbs_motif=None;rbs_spacer=None;gc_cont=0.485	k141_905749	2	1099	-	Strict	50	126.3	vanW gene in vanI cluster	33.02	3003724	protein homolog model	n/a	n/a	glycopeptide antibiotic	antibiotic target alteration	vanW; glycopeptide resistance gene cluster	98.12	gnl|BL_ORD_ID|4747|hsp_num:0	2242			462	1083	vancomycin; teicoplanin	
k141_94480_2 # 584 # 1066 # -1 # ID=49114_2;partial=00;start_type=ATG;rbs_motif=GGA/GAG/AGG;rbs_spacer=11-12bp;gc_cont=0.462	k141_94480	584	1066	-	Strict	300	327.8	dfrA14	99.36	3002859	protein homolog model	n/a	n/a	diaminopyrimidine antibiotic	antibiotic target replacement	trimethoprim resistant dihydrofolate reductase dfr	101.91	gnl|BL_ORD_ID|1458|hsp_num:0	1592			0	471	trimethoprim	
k141_907421_3 # 728 # 1861 # 1 # ID=49560_3;partial=00;start_type=ATG;rbs_motif=None;rbs_spacer=None;gc_cont=0.585	k141_907421	728	1861	+	Strict	175	219.9	vanT gene in vanG cluster	34.62	3002972	protein homolog model	n/a	n/a	glycopeptide antibiotic	antibiotic target alteration	glycopeptide resistance gene cluster; vanT	52.95	gnl|BL_ORD_ID|1523|hsp_num:0	1561			1029	2106	vancomycin	
k141_97523_24 # 19759 # 20289 # 1 # ID=50574_24;partial=00;start_type=ATG;rbs_motif=GGAG/GAGG;rbs_spacer=5-10bp;gc_cont=0.492	k141_97523	19759	20289	+	Perfect	280	349.0	emrR	100.0	3000516	protein homolog model	n/a	n/a	fluoroquinolone antibiotic	antibiotic efflux	major facilitator superfamily (MFS) antibiotic efflux pump	100.00	gnl|BL_ORD_ID|1226|hsp_num:0	1330			0	528	nalidixic acid	
k141_97523_25 # 20416 # 21588 # 1 # ID=50574_25;partial=00;start_type=ATG;rbs_motif=GGAG/GAGG;rbs_spacer=5-10bp;gc_cont=0.533	k141_97523	20416	21588	+	Strict	675	739.6	emrA	99.74	3000027	protein homolog model	n/a	n/a	fluoroquinolone antibiotic	antibiotic efflux	major facilitator superfamily (MFS) antibiotic efflux pump	100.00	gnl|BL_ORD_ID|1611|hsp_num:0	1757			0	1170	nalidixic acid	
k141_97523_26 # 21605 # 23143 # 1 # ID=50574_26;partial=00;start_type=ATG;rbs_motif=GGAG/GAGG;rbs_spacer=5-10bp;gc_cont=0.566	k141_97523	21605	23143	+	Perfect	900	996.1	emrB	100.0	3000074	protein homolog model	n/a	n/a	fluoroquinolone antibiotic	antibiotic efflux	major facilitator superfamily (MFS) antibiotic efflux pump	100.00	gnl|BL_ORD_ID|1707|hsp_num:0	1847			0	1536	nalidixic acid	
k141_910371_13 # 11269 # 12969 # 1 # ID=51201_13;partial=00;start_type=ATG;rbs_motif=AGGA;rbs_spacer=5-10bp;gc_cont=0.505	k141_910371	11269	12969	+	Strict	400	495.4	ArnT	48.85	3005053	protein homolog model	n/a	n/a	peptide antibiotic	antibiotic target alteration	pmr phosphoethanolamine transferase	102.72	gnl|BL_ORD_ID|2784|hsp_num:0	3795			27	1590	colistin A; colistin B	
k141_99174_1 # 251 # 757 # 1 # ID=51333_1;partial=00;start_type=ATG;rbs_motif=AGGAG;rbs_spacer=5-10bp;gc_cont=0.479	k141_99174	251	757	+	Strict	150	159.5	nimG	50.92	3007109	protein homolog model	n/a	n/a	nitroimidazole antibiotic	antibiotic inactivation	nitroimidazole reductase	102.44	gnl|BL_ORD_ID|4787|hsp_num:0	5782			0	471	metronidazole	
k141_100447_14 # 11910 # 15047 # 1 # ID=51985_14;partial=00;start_type=ATG;rbs_motif=AGGAG;rbs_spacer=5-10bp;gc_cont=0.602	k141_100447	11910	15047	+	Strict	750	826.6	adeF	45.27	3000777	protein homolog model	n/a	n/a	fluoroquinolone antibiotic; tetracycline antibiotic	antibiotic efflux	resistance-nodulation-cell division (RND) antibiotic efflux pump	98.68	gnl|BL_ORD_ID|133|hsp_num:0	153			6	3102	tetracycline	
k141_101458_2 # 379 # 873 # 1 # ID=52609_2;partial=00;start_type=ATG;rbs_motif=GGAG/GAGG;rbs_spacer=5-10bp;gc_cont=0.343	k141_101458	379	873	+	Strict	150	163.7	nimJ	51.53	3007112	protein homolog model	n/a	n/a	nitroimidazole antibiotic	antibiotic inactivation	nitroimidazole reductase	99.39	gnl|BL_ORD_ID|4790|hsp_num:0	5785			9	495	metronidazole	
k141_105368_11 # 8091 # 8420 # -1 # ID=54478_11;partial=00;start_type=ATG;rbs_motif=AATAA;rbs_spacer=6bp;gc_cont=0.297	k141_105368	8091	8420	-	Strict	75	112.5	qacJ	50.94	3007014	protein homolog model	n/a	n/a	disinfecting agents and antiseptics	antibiotic efflux	small multidrug resistance (SMR) antibiotic efflux pump	101.87	gnl|BL_ORD_ID|4661|hsp_num:0	5730			0	318	benzalkonium chloride	
k141_105809_2 # 711 # 1394 # -1 # ID=54687_2;partial=01;start_type=Edge;rbs_motif=None;rbs_spacer=None;gc_cont=0.390	k141_105809	711	1394	-	Strict	50	63.9	vanY gene in vanA cluster	35.92	3002955	protein homolog model	n/a	n/a	glycopeptide antibiotic	antibiotic target alteration	vanY; glycopeptide resistance gene cluster	74.92	gnl|BL_ORD_ID|4668|hsp_num:0	89			396	666	vancomycin; teicoplanin	
k141_105838_3 # 1596 # 1916 # -1 # ID=54711_3;partial=00;start_type=ATG;rbs_motif=AGGA;rbs_spacer=5-10bp;gc_cont=0.305	k141_105838	1596	1916	-	Strict	75	83.6	qacG	44.0	3007015	protein homolog model	n/a	n/a	disinfecting agents and antiseptics	antibiotic efflux	small multidrug resistance (SMR) antibiotic efflux pump	99.07	gnl|BL_ORD_ID|4662|hsp_num:0	5731			6	306	benzalkonium chloride	
k141_106849_11 # 9549 # 10616 # 1 # ID=55115_11;partial=00;start_type=ATG;rbs_motif=TAA;rbs_spacer=7bp;gc_cont=0.312	k141_106849	9549	10616	+	Strict	50	107.1	vanY gene in vanG cluster	33.33	3002959	protein homolog model	n/a	n/a	glycopeptide antibiotic	antibiotic target alteration	vanY; glycopeptide resistance gene cluster	127.24	gnl|BL_ORD_ID|4731|hsp_num:0	298			300	816	vancomycin	
k141_918806_4 # 2905 # 3651 # -1 # ID=55401_4;partial=00;start_type=ATG;rbs_motif=GGAG/GAGG;rbs_spacer=5-10bp;gc_cont=0.353	k141_918806	2905	3651	-	Strict	50	112.1	vanY gene in vanM cluster	37.97	3002961	protein homolog model	n/a	n/a	glycopeptide antibiotic	antibiotic target alteration	vanY; glycopeptide resistance gene cluster	106.44	gnl|BL_ORD_ID|1674|hsp_num:0	1713			132	534	vancomycin; teicoplanin	
k141_918988_2 # 427 # 1782 # -1 # ID=55514_2;partial=01;start_type=Edge;rbs_motif=None;rbs_spacer=None;gc_cont=0.465	k141_918988	427	1782	-	Strict	50	91.7	vanW gene in vanI cluster	33.54	3003724	protein homolog model	n/a	n/a	glycopeptide antibiotic	antibiotic target alteration	vanW; glycopeptide resistance gene cluster	120.91	gnl|BL_ORD_ID|4747|hsp_num:0	2242			549	1002	vancomycin; teicoplanin	
k141_922014_169 # 186247 # 186981 # -1 # ID=57026_169;partial=00;start_type=ATG;rbs_motif=GGA/GAG/AGG;rbs_spacer=5-10bp;gc_cont=0.541	k141_922014	186247	186981	-	Strict	50	170.6	vanW gene in vanG cluster	36.25	3002965	protein homolog model	n/a	n/a	glycopeptide antibiotic	antibiotic target alteration	vanW; glycopeptide resistance gene cluster	86.83	gnl|BL_ORD_ID|4742|hsp_num:0	1622			123	834	vancomycin	
k141_111326_12 # 6796 # 8742 # -1 # ID=57263_12;partial=00;start_type=ATG;rbs_motif=GGA/GAG/AGG;rbs_spacer=5-10bp;gc_cont=0.540	k141_111326	6796	8742	-	Strict	50	87.8	vanW gene in vanI cluster	31.0	3003724	protein homolog model	n/a	n/a	glycopeptide antibiotic	antibiotic target alteration	vanW; glycopeptide resistance gene cluster	173.73	gnl|BL_ORD_ID|4747|hsp_num:0	2242			513	1083	vancomycin; teicoplanin	
k141_111572_2 # 225 # 755 # 1 # ID=57388_2;partial=00;start_type=ATG;rbs_motif=GGAG/GAGG;rbs_spacer=5-10bp;gc_cont=0.520	k141_111572	225	755	+	Strict	280	329.7	emrR	92.57	3000516	protein homolog model	n/a	n/a	fluoroquinolone antibiotic	antibiotic efflux	major facilitator superfamily (MFS) antibiotic efflux pump	100.00	gnl|BL_ORD_ID|1226|hsp_num:0	1330			0	525	nalidixic acid	
k141_113948_17 # 10064 # 11125 # 1 # ID=58472_17;partial=00;start_type=ATG;rbs_motif=None;rbs_spacer=None;gc_cont=0.432	k141_113948	10064	11125	+	Strict	250	250.8	vanG	38.86	3002909	protein homolog model	n/a	n/a	glycopeptide antibiotic	antibiotic target alteration	glycopeptide resistance gene cluster; Van ligase	101.15	gnl|BL_ORD_ID|1070|hsp_num:0	1157			0	1047	vancomycin	
k141_115884_3 # 3964 # 4296 # 1 # ID=59247_3;partial=00;start_type=ATG;rbs_motif=AGGA;rbs_spacer=5-10bp;gc_cont=0.327	k141_115884	3964	4296	+	Strict	75	91.3	qacG	42.86	3007015	protein homolog model	n/a	n/a	disinfecting agents and antiseptics	antibiotic efflux	small multidrug resistance (SMR) antibiotic efflux pump	102.80	gnl|BL_ORD_ID|4662|hsp_num:0	5731			6	321	benzalkonium chloride	
k141_928178_250 # 219654 # 221051 # 1 # ID=60418_250;partial=00;start_type=ATG;rbs_motif=None;rbs_spacer=None;gc_cont=0.471	k141_928178	219654	221051	+	Strict	50	111.3	vanW gene in vanI cluster	31.74	3003724	protein homolog model	n/a	n/a	glycopeptide antibiotic	antibiotic target alteration	vanW; glycopeptide resistance gene cluster	124.66	gnl|BL_ORD_ID|4747|hsp_num:0	2242			372	1014	vancomycin; teicoplanin	
k141_928749_7 # 6960 # 8096 # -1 # ID=60740_7;partial=00;start_type=ATG;rbs_motif=None;rbs_spacer=None;gc_cont=0.548	k141_928749	6960	8096	-	Strict	175	213.4	vanT gene in vanG cluster	35.25	3002972	protein homolog model	n/a	n/a	glycopeptide antibiotic	antibiotic target alteration	glycopeptide resistance gene cluster; vanT	53.09	gnl|BL_ORD_ID|1523|hsp_num:0	1561			1044	2118	vancomycin	
k141_119737_4 # 2220 # 3458 # 1 # ID=61049_4;partial=00;start_type=ATG;rbs_motif=None;rbs_spacer=None;gc_cont=0.429	k141_119737	2220	3458	+	Strict	175	225.7	vanT gene in vanG cluster	35.75	3002972	protein homolog model	n/a	n/a	glycopeptide antibiotic	antibiotic target alteration	glycopeptide resistance gene cluster; vanT	57.87	gnl|BL_ORD_ID|1523|hsp_num:0	1561			1029	2106	vancomycin	
k141_120727_2 # 600 # 938 # 1 # ID=61556_2;partial=00;start_type=ATG;rbs_motif=AGGAG;rbs_spacer=5-10bp;gc_cont=0.664	k141_120727	600	938	+	Strict	200	221.9	RbpA	91.96	3000245	protein homolog model	n/a	n/a	rifamycin antibiotic	antibiotic target protection	RbpA bacterial RNA polymerase-binding protein	98.25	gnl|BL_ORD_ID|1308|hsp_num:0	1425			0	336	rifampin; rifaximin; rifabutin; rifapentine	
k141_121087_2 # 2031 # 2228 # -1 # ID=61678_2;partial=00;start_type=ATG;rbs_motif=AGGAG;rbs_spacer=5-10bp;gc_cont=0.530	k141_121087	2031	2228	-	Strict	100	100.9	rsmA	87.93	3005069	protein homolog model	n/a	n/a	fluoroquinolone antibiotic; diaminopyrimidine antibiotic; phenicol antibiotic	antibiotic efflux	resistance-nodulation-cell division (RND) antibiotic efflux pump	106.56	gnl|BL_ORD_ID|2793|hsp_num:0	3807			0	174	trimethoprim; chloramphenicol	
k141_121715_2 # 179 # 979 # -1 # ID=61976_2;partial=00;start_type=ATG;rbs_motif=AGxAGG/AGGxGG;rbs_spacer=3-4bp;gc_cont=0.419	k141_121715	179	979	-	Perfect	500	530.8	OXA-10	100.0	3001405	protein homolog model	n/a	n/a	carbapenem; cephalosporin; penam	antibiotic inactivation	OXA beta-lactamase	100.00	gnl|BL_ORD_ID|1453|hsp_num:0	1587			0	798	cloxacillin; oxacillin; cefalotin	
k141_932816_1 # 744 # 2714 # 1 # ID=62863_1;partial=00;start_type=ATG;rbs_motif=GGAG/GAGG;rbs_spacer=5-10bp;gc_cont=0.400	k141_932816	744	2714	+	Strict	300	663.3	tet(O)	52.02	3000190	protein homolog model	n/a	n/a	tetracycline antibiotic	antibiotic target protection	tetracycline-resistant ribosomal protection protein	102.66	gnl|BL_ORD_ID|1954|hsp_num:0	2020			0	1911	tetracycline; doxycycline; minocycline; chlortetracycline; demeclocycline; oxytetracycline	
k141_933405_237 # 224057 # 227191 # -1 # ID=63276_237;partial=00;start_type=ATG;rbs_motif=GGA/GAG/AGG;rbs_spacer=5-10bp;gc_cont=0.591	k141_933405	224057	227191	-	Strict	750	768.8	adeF	42.5	3000777	protein homolog model	n/a	n/a	fluoroquinolone antibiotic; tetracycline antibiotic	antibiotic efflux	resistance-nodulation-cell division (RND) antibiotic efflux pump	98.58	gnl|BL_ORD_ID|133|hsp_num:0	153			6	3105	tetracycline	
k141_933716_1 # 3 # 992 # -1 # ID=63455_1;partial=10;start_type=TTG;rbs_motif=AGGAGG;rbs_spacer=5-10bp;gc_cont=0.382	k141_933716	3	992	-	Strict	300	310.1	tet(Q)	47.59	3000191	protein homolog model	n/a	n/a	tetracycline antibiotic	antibiotic target protection	tetracycline-resistant ribosomal protection protein	50.23	gnl|BL_ORD_ID|1220|hsp_num:0	1183			48	1029	tetracycline; doxycycline; minocycline; chlortetracycline; demeclocycline; oxytetracycline	
k141_125618_20 # 17196 # 18059 # -1 # ID=63936_20;partial=00;start_type=ATG;rbs_motif=AGGAG;rbs_spacer=5-10bp;gc_cont=0.329	k141_125618	17196	18059	-	Perfect	500	594.0	ANT(6)-Ia	100.0	3002626	protein homolog model	n/a	n/a	aminoglycoside antibiotic	antibiotic inactivation	ANT(6)	100.00	gnl|BL_ORD_ID|842|hsp_num:0	914			0	861	streptomycin	
k141_125618_26 # 22286 # 23089 # -1 # ID=63936_26;partial=00;start_type=ATG;rbs_motif=GGA/GAG/AGG;rbs_spacer=5-10bp;gc_cont=0.311	k141_125618	22286	23089	-	Strict	500	524.6	lnuB	99.63	3002836	protein homolog model	n/a	n/a	lincosamide antibiotic	antibiotic inactivation	lincosamide nucleotidyltransferase (LNU)	100.00	gnl|BL_ORD_ID|742|hsp_num:0	809			0	801	lincomycin; clindamycin	
k141_125618_27 # 23143 # 24627 # -1 # ID=63936_27;partial=00;start_type=ATG;rbs_motif=AGGAGG;rbs_spacer=5-10bp;gc_cont=0.322	k141_125618	23143	24627	-	Perfect	800	987.6	lsaE	100.0	3003206	protein homolog model	n/a	n/a	lincosamide antibiotic; streptogramin antibiotic; pleuromutilin antibiotic	antibiotic target protection	lsa-type ABC-F protein	100.00	gnl|BL_ORD_ID|237|hsp_num:0	264			0	1482	lincomycin; pleuromutilin	
k141_125618_31 # 27242 # 27901 # -1 # ID=63936_31;partial=00;start_type=ATG;rbs_motif=AGGAGG;rbs_spacer=5-10bp;gc_cont=0.355	k141_125618	27242	27901	-	Strict	400	465.7	catQ	99.54	3002687	protein homolog model	n/a	n/a	phenicol antibiotic	antibiotic inactivation	chloramphenicol acetyltransferase (CAT)	100.00	gnl|BL_ORD_ID|1498|hsp_num:0	1633			0	657	azidamfenicol; chloramphenicol; thiamphenicol	
k141_125715_5 # 4535 # 5035 # 1 # ID=63996_5;partial=00;start_type=ATG;rbs_motif=AGGAG;rbs_spacer=5-10bp;gc_cont=0.325	k141_125715	4535	5035	+	Strict	150	203.0	nimJ	60.13	3007112	protein homolog model	n/a	n/a	nitroimidazole antibiotic	antibiotic inactivation	nitroimidazole reductase	100.61	gnl|BL_ORD_ID|4790|hsp_num:0	5785			9	483	metronidazole	
k141_125719_2 # 1110 # 1790 # -1 # ID=63998_2;partial=00;start_type=ATG;rbs_motif=None;rbs_spacer=None;gc_cont=0.557	k141_125719	1110	1790	-	Strict	50	110.2	vanW gene in vanI cluster	44.27	3003724	protein homolog model	n/a	n/a	glycopeptide antibiotic	antibiotic target alteration	vanW; glycopeptide resistance gene cluster	60.59	gnl|BL_ORD_ID|4747|hsp_num:0	2242			654	1047	vancomycin; teicoplanin	
k141_934880_115 # 120875 # 121738 # 1 # ID=64180_115;partial=00;start_type=ATG;rbs_motif=TAAAAA;rbs_spacer=13bp;gc_cont=0.431	k141_934880	120875	121738	+	Strict	50	65.1	vanY gene in vanM cluster	32.06	3002961	protein homolog model	n/a	n/a	glycopeptide antibiotic	antibiotic target alteration	vanY; glycopeptide resistance gene cluster	123.18	gnl|BL_ORD_ID|1674|hsp_num:0	1713			126	483	vancomycin; teicoplanin	
k141_127164_17 # 19213 # 20445 # 1 # ID=64569_17;partial=00;start_type=ATG;rbs_motif=None;rbs_spacer=None;gc_cont=0.525	k141_127164	19213	20445	+	Strict	700	761.9	Escherichia coli mdfA	97.07	3001328	protein homolog model	n/a	n/a	tetracycline antibiotic; disinfecting agents and antiseptics	antibiotic efflux	major facilitator superfamily (MFS) antibiotic efflux pump	100.00	gnl|BL_ORD_ID|2420|hsp_num:0	37			0	1230	tetracycline; benzalkonium chloride	
k141_935862_4 # 2889 # 4259 # 1 # ID=64781_4;partial=00;start_type=ATG;rbs_motif=TAA;rbs_spacer=5bp;gc_cont=0.376	k141_935862	2889	4259	+	Strict	200	203.4	sdrM	30.44	3007013	protein homolog model	n/a	n/a	fluoroquinolone antibiotic; disinfecting agents and antiseptics	antibiotic efflux	major facilitator superfamily (MFS) antibiotic efflux pump	102.01	gnl|BL_ORD_ID|4660|hsp_num:0	5729			24	1284	norfloxacin	
k141_940377_14 # 18014 # 18898 # -1 # ID=67174_14;partial=00;start_type=ATG;rbs_motif=None;rbs_spacer=None;gc_cont=0.444	k141_940377	18014	18898	-	Strict	50	67.4	vanY gene in vanB cluster	32.88	3002956	protein homolog model	n/a	n/a	glycopeptide antibiotic	antibiotic target alteration	vanY; glycopeptide resistance gene cluster	109.70	gnl|BL_ORD_ID|603|hsp_num:0	556			345	768	vancomycin	
k141_133352_1 # 211 # 447 # 1 # ID=67189_1;partial=00;start_type=ATG;rbs_motif=GGAG/GAGG;rbs_spacer=5-10bp;gc_cont=0.561	k141_133352	211	447	+	Strict	150	161.4	dfrB4	98.72	3004498	protein homolog model	n/a	n/a	diaminopyrimidine antibiotic	antibiotic target replacement	trimethoprim resistant dihydrofolate reductase dfr	100.00	gnl|BL_ORD_ID|2652|hsp_num:0	3076			0	234	trimethoprim	
k141_133352_2 # 586 # 1218 # 1 # ID=67189_2;partial=00;start_type=ATG;rbs_motif=GGA/GAG/AGG;rbs_spacer=5-10bp;gc_cont=0.494	k141_133352	586	1218	+	Perfect	350	442.6	catB3	100.0	3002676	protein homolog model	n/a	n/a	phenicol antibiotic	antibiotic inactivation	chloramphenicol acetyltransferase (CAT)	100.00	gnl|BL_ORD_ID|130|hsp_num:0	150			0	630	azidamfenicol; chloramphenicol; thiamphenicol	
k141_941594_3 # 1424 # 3343 # 1 # ID=67863_3;partial=00;start_type=ATG;rbs_motif=AAAA;rbs_spacer=4bp;gc_cont=0.368	k141_941594	1424	3343	+	Strict	300	1157.5	tet(36)	93.09	3000197	protein homolog model	n/a	n/a	tetracycline antibiotic	antibiotic target protection	tetracycline-resistant ribosomal protection protein	99.84	gnl|BL_ORD_ID|1676|hsp_num:0	1708			0	1911	tetracycline; doxycycline; minocycline; chlortetracycline; demeclocycline; oxytetracycline	
k141_134906_2 # 568 # 1674 # -1 # ID=67926_2;partial=00;start_type=ATG;rbs_motif=AATAA;rbs_spacer=4bp;gc_cont=0.415	k141_134906	568	1674	-	Strict	175	188.3	vanT gene in vanG cluster	35.14	3002972	protein homolog model	n/a	n/a	glycopeptide antibiotic	antibiotic target alteration	glycopeptide resistance gene cluster; vanT	51.69	gnl|BL_ORD_ID|1523|hsp_num:0	1561			1035	2118	vancomycin	
k141_140973_2 # 208 # 984 # 1 # ID=70841_2;partial=00;start_type=ATG;rbs_motif=AGxAG;rbs_spacer=5-10bp;gc_cont=0.376	k141_140973	208	984	+	Strict	50	94.7	vanY gene in vanB cluster	33.15	3002956	protein homolog model	n/a	n/a	glycopeptide antibiotic	antibiotic target alteration	vanY; glycopeptide resistance gene cluster	96.27	gnl|BL_ORD_ID|603|hsp_num:0	556			258	792	vancomycin	
k141_948524_23 # 18188 # 21322 # 1 # ID=71437_23;partial=00;start_type=ATG;rbs_motif=GGA/GAG/AGG;rbs_spacer=5-10bp;gc_cont=0.475	k141_948524	18188	21322	+	Strict	750	828.6	adeF	45.08	3000777	protein homolog model	n/a	n/a	fluoroquinolone antibiotic; tetracycline antibiotic	antibiotic efflux	resistance-nodulation-cell division (RND) antibiotic efflux pump	98.58	gnl|BL_ORD_ID|133|hsp_num:0	153			6	3150	tetracycline	
k141_951115_12 # 9018 # 10769 # 1 # ID=72738_12;partial=00;start_type=ATG;rbs_motif=None;rbs_spacer=None;gc_cont=0.437	k141_951115	9018	10769	+	Strict	50	112.5	vanW gene in vanI cluster	33.49	3003724	protein homolog model	n/a	n/a	glycopeptide antibiotic	antibiotic target alteration	vanW; glycopeptide resistance gene cluster	156.30	gnl|BL_ORD_ID|4747|hsp_num:0	2242			483	1083	vancomycin; teicoplanin	
k141_954421_27 # 23369 # 24700 # -1 # ID=74466_27;partial=00;start_type=GTG;rbs_motif=None;rbs_spacer=None;gc_cont=0.450	k141_954421	23369	24700	-	Strict	50	99.0	vanW gene in vanI cluster	33.16	3003724	protein homolog model	n/a	n/a	glycopeptide antibiotic	antibiotic target alteration	vanW; glycopeptide resistance gene cluster	118.77	gnl|BL_ORD_ID|4747|hsp_num:0	2242			528	1092	vancomycin; teicoplanin	
k141_954447_29 # 22284 # 23618 # -1 # ID=74497_29;partial=00;start_type=GTG;rbs_motif=None;rbs_spacer=None;gc_cont=0.439	k141_954447	22284	23618	-	Strict	50	97.4	vanW gene in vanI cluster	32.12	3003724	protein homolog model	n/a	n/a	glycopeptide antibiotic	antibiotic target alteration	vanW; glycopeptide resistance gene cluster	119.03	gnl|BL_ORD_ID|4747|hsp_num:0	2242			528	1092	vancomycin; teicoplanin	
k141_955293_4 # 3768 # 6689 # -1 # ID=74965_4;partial=00;start_type=ATG;rbs_motif=None;rbs_spacer=None;gc_cont=0.431	k141_955293	3768	6689	-	Strict	50	55.1	vanY gene in vanB cluster	31.03	3002956	protein homolog model	n/a	n/a	glycopeptide antibiotic	antibiotic target alteration	vanY; glycopeptide resistance gene cluster	363.06	gnl|BL_ORD_ID|603|hsp_num:0	556			390	738	vancomycin	
k141_149994_3 # 1163 # 2401 # -1 # ID=75073_3;partial=00;start_type=ATG;rbs_motif=None;rbs_spacer=None;gc_cont=0.651	k141_149994	1163	2401	-	Perfect	600	740.0	Mrx	100.0	3003839	protein homolog model	n/a	n/a	macrolide antibiotic	antibiotic inactivation	macrolide phosphotransferase (MPH)	100.00	gnl|BL_ORD_ID|4924|hsp_num:0	5917			0	1236		
k141_149994_4 # 2398 # 3303 # -1 # ID=75073_4;partial=00;start_type=ATG;rbs_motif=AGGAG;rbs_spacer=5-10bp;gc_cont=0.657	k141_149994	2398	3303	-	Perfect	500	594.7	mphA	100.0	3000316	protein homolog model	n/a	n/a	macrolide antibiotic	antibiotic inactivation	macrolide phosphotransferase (MPH)	100.00	gnl|BL_ORD_ID|1140|hsp_num:0	1243			0	903	erythromycin; roxithromycin; telithromycin; clarithromycin; azithromycin; dirithromycin; oleandomycin	
k141_955932_3 # 1628 # 4117 # -1 # ID=75304_3;partial=00;start_type=ATG;rbs_motif=None;rbs_spacer=None;gc_cont=0.397	k141_955932	1628	4117	-	Strict	175	207.6	vanT gene in vanG cluster	35.22	3002972	protein homolog model	n/a	n/a	glycopeptide antibiotic	antibiotic target alteration	glycopeptide resistance gene cluster; vanT	116.43	gnl|BL_ORD_ID|1523|hsp_num:0	1561			1038	2118	vancomycin	
k141_152848_2 # 229 # 1089 # 1 # ID=76404_2;partial=00;start_type=ATG;rbs_motif=AGGAG;rbs_spacer=5-10bp;gc_cont=0.598	k141_152848	229	1089	+	Perfect	570	586.3	AAC(3)-IId	100.0	3004623	protein homolog model	n/a	n/a	aminoglycoside antibiotic	antibiotic inactivation	AAC(3)	100.00	gnl|BL_ORD_ID|2107|hsp_num:0	3322			0	858	dibekacin; sisomicin; netilmicin; tobramycin; 6'-N-ethylnetilmicin; 2'-N-ethylnetilmicin; gentamicin	
k141_962683_6 # 9500 # 10204 # -1 # ID=78691_6;partial=00;start_type=GTG;rbs_motif=GGA/GAG/AGG;rbs_spacer=5-10bp;gc_cont=0.548	k141_962683	9500	10204	-	Strict	50	100.9	vanW gene in vanI cluster	34.24	3003724	protein homolog model	n/a	n/a	glycopeptide antibiotic	antibiotic target alteration	vanW; glycopeptide resistance gene cluster	62.73	gnl|BL_ORD_ID|4747|hsp_num:0	2242			504	1053	vancomycin; teicoplanin	
k141_157641_312 # 295739 # 297502 # 1 # ID=78822_312;partial=00;start_type=ATG;rbs_motif=None;rbs_spacer=None;gc_cont=0.372	k141_157641	295739	297502	+	Strict	50	93.2	vanW gene in vanI cluster	30.92	3003724	protein homolog model	n/a	n/a	glycopeptide antibiotic	antibiotic target alteration	vanW; glycopeptide resistance gene cluster	157.37	gnl|BL_ORD_ID|4747|hsp_num:0	2242			447	1002	vancomycin; teicoplanin	
k141_157661_12 # 8900 # 12025 # 1 # ID=78847_12;partial=00;start_type=ATG;rbs_motif=GGA/GAG/AGG;rbs_spacer=5-10bp;gc_cont=0.317	k141_157661	8900	12025	+	Strict	750	811.6	adeF	42.35	3000777	protein homolog model	n/a	n/a	fluoroquinolone antibiotic; tetracycline antibiotic	antibiotic efflux	resistance-nodulation-cell division (RND) antibiotic efflux pump	98.30	gnl|BL_ORD_ID|133|hsp_num:0	153			6	3117	tetracycline	
k141_157920_2 # 810 # 1985 # -1 # ID=78932_2;partial=01;start_type=Edge;rbs_motif=None;rbs_spacer=None;gc_cont=0.328	k141_157920	810	1985	-	Strict	175	201.8	vanT gene in vanG cluster	33.33	3002972	protein homolog model	n/a	n/a	glycopeptide antibiotic	antibiotic target alteration	glycopeptide resistance gene cluster; vanT	54.92	gnl|BL_ORD_ID|1523|hsp_num:0	1561			1038	2127	vancomycin	
k141_158280_1 # 1 # 1377 # 1 # ID=79154_1;partial=11;start_type=Edge;rbs_motif=None;rbs_spacer=None;gc_cont=0.428	k141_158280	1	1377	+	Strict	50	109.8	vanW gene in vanI cluster	30.71	3003724	protein homolog model	n/a	n/a	glycopeptide antibiotic	antibiotic target alteration	vanW; glycopeptide resistance gene cluster	123.06	gnl|BL_ORD_ID|4747|hsp_num:0	2242			393	1083	vancomycin; teicoplanin	
k141_967115_2 # 1785 # 2888 # 1 # ID=80618_2;partial=01;start_type=ATG;rbs_motif=GGA/GAG/AGG;rbs_spacer=5-10bp;gc_cont=0.436	k141_967115	1785	2888	+	Strict	700	716.5	ugd	99.18	3003577	protein homolog model	n/a	n/a	peptide antibiotic	antibiotic target alteration	pmr phosphoethanolamine transferase	94.85	gnl|BL_ORD_ID|895|hsp_num:0	842			0	1104	polymyxin B	
k141_162258_2 # 874 # 3990 # 1 # ID=81073_2;partial=00;start_type=ATG;rbs_motif=AGGA;rbs_spacer=5-10bp;gc_cont=0.285	k141_162258	874	3990	+	Strict	750	806.6	adeF	43.61	3000777	protein homolog model	n/a	n/a	fluoroquinolone antibiotic; tetracycline antibiotic	antibiotic efflux	resistance-nodulation-cell division (RND) antibiotic efflux pump	98.02	gnl|BL_ORD_ID|133|hsp_num:0	153			9	3120	tetracycline	
k141_163613_42 # 35461 # 37290 # 1 # ID=81654_42;partial=00;start_type=ATG;rbs_motif=None;rbs_spacer=None;gc_cont=0.435	k141_163613	35461	37290	+	Strict	50	100.5	vanW gene in vanI cluster	26.64	3003724	protein homolog model	n/a	n/a	glycopeptide antibiotic	antibiotic target alteration	vanW; glycopeptide resistance gene cluster	163.27	gnl|BL_ORD_ID|4747|hsp_num:0	2242			273	1104	vancomycin; teicoplanin	
k141_971335_4 # 1578 # 2393 # -1 # ID=82823_4;partial=00;start_type=GTG;rbs_motif=GGA/GAG/AGG;rbs_spacer=5-10bp;gc_cont=0.561	k141_971335	1578	2393	-	Strict	500	520.8	APH(3')-Ib	94.83	3002642	protein homolog model	n/a	n/a	aminoglycoside antibiotic	antibiotic inactivation	APH(3')	100.00	gnl|BL_ORD_ID|773|hsp_num:0	835			0	813	neomycin; ribostamycin; kanamycin A; gentamicin B; paromomycin; lividomycin; gentamicin	
k141_971335_5 # 2442 # 3233 # -1 # ID=82823_5;partial=00;start_type=ATG;rbs_motif=GGA/GAG/AGG;rbs_spacer=11-12bp;gc_cont=0.528	k141_971335	2442	3233	-	Strict	450	520.0	aadA	99.24	3002601	protein homolog model	n/a	n/a	aminoglycoside antibiotic	antibiotic inactivation	ANT(3'')	100.00	gnl|BL_ORD_ID|592|hsp_num:0	650			0	789	spectinomycin; streptomycin	
k141_971335_6 # 3291 # 3824 # -1 # ID=82823_6;partial=00;start_type=ATG;rbs_motif=GGA/GAG/AGG;rbs_spacer=3-4bp;gc_cont=0.577	k141_971335	3291	3824	-	Perfect	300	374.8	ANT(2'')-Ia	100.0	3000230	protein homolog model	n/a	n/a	aminoglycoside antibiotic	antibiotic inactivation	ANT(2'')	100.00	gnl|BL_ORD_ID|1259|hsp_num:0	1372			0	531	dibekacin; sisomicin; kanamycin A; tobramycin; gentamicin	
k141_971335_7 # 3969 # 4868 # -1 # ID=82823_7;partial=00;start_type=ATG;rbs_motif=AGGAG;rbs_spacer=5-10bp;gc_cont=0.314	k141_971335	3969	4868	-	Perfect	550	587.4	VEB-9	100.0	3002378	protein homolog model	n/a	n/a	monobactam; cephalosporin	antibiotic inactivation	VEB beta-lactamase	100.00	gnl|BL_ORD_ID|828|hsp_num:0	898			0	897		
k141_971828_3 # 2987 # 3787 # -1 # ID=83157_3;partial=00;start_type=ATG;rbs_motif=GGxGG;rbs_spacer=5-10bp;gc_cont=0.434	k141_971828	2987	3787	-	Strict	50	57.8	vanY gene in vanM cluster	33.83	3002961	protein homolog model	n/a	n/a	glycopeptide antibiotic	antibiotic target alteration	vanY; glycopeptide resistance gene cluster	114.16	gnl|BL_ORD_ID|1674|hsp_num:0	1713			135	471	vancomycin; teicoplanin	
k141_169770_1 # 1 # 1059 # 1 # ID=84512_1;partial=11;start_type=Edge;rbs_motif=None;rbs_spacer=None;gc_cont=0.460	k141_169770	1	1059	+	Strict	50	97.8	vanW gene in vanI cluster	28.7	3003724	protein homolog model	n/a	n/a	glycopeptide antibiotic	antibiotic target alteration	vanW; glycopeptide resistance gene cluster	94.64	gnl|BL_ORD_ID|4747|hsp_num:0	2242			447	1056	vancomycin; teicoplanin	
k141_171995_6 # 5930 # 9037 # -1 # ID=85643_6;partial=00;start_type=ATG;rbs_motif=GGA/GAG/AGG;rbs_spacer=5-10bp;gc_cont=0.321	k141_171995	5930	9037	-	Strict	750	777.3	adeF	40.21	3000777	protein homolog model	n/a	n/a	fluoroquinolone antibiotic; tetracycline antibiotic	antibiotic efflux	resistance-nodulation-cell division (RND) antibiotic efflux pump	97.73	gnl|BL_ORD_ID|133|hsp_num:0	153			6	3126	tetracycline	
k141_977713_1 # 1 # 1020 # 1 # ID=85939_1;partial=10;start_type=Edge;rbs_motif=None;rbs_spacer=None;gc_cont=0.438	k141_977713	1	1020	+	Strict	50	99.0	vanY gene in vanG cluster	29.59	3002959	protein homolog model	n/a	n/a	glycopeptide antibiotic	antibiotic target alteration	vanY; glycopeptide resistance gene cluster	121.51	gnl|BL_ORD_ID|4731|hsp_num:0	298			111	819	vancomycin	
k141_977874_2 # 180 # 1004 # 1 # ID=86006_2;partial=00;start_type=GTG;rbs_motif=AAAAA;rbs_spacer=12bp;gc_cont=0.448	k141_977874	180	1004	+	Strict	50	81.6	vanY gene in vanA cluster	27.27	3002955	protein homolog model	n/a	n/a	glycopeptide antibiotic	antibiotic target alteration	vanY; glycopeptide resistance gene cluster	90.43	gnl|BL_ORD_ID|4668|hsp_num:0	89			24	696	vancomycin; teicoplanin	
k141_977938_15 # 7616 # 8515 # 1 # ID=86058_15;partial=00;start_type=ATG;rbs_motif=ATA;rbs_spacer=9bp;gc_cont=0.456	k141_977938	7616	8515	+	Strict	50	64.7	vanY gene in vanM cluster	33.07	3002961	protein homolog model	n/a	n/a	glycopeptide antibiotic	antibiotic target alteration	vanY; glycopeptide resistance gene cluster	128.33	gnl|BL_ORD_ID|1674|hsp_num:0	1713			171	513	vancomycin; teicoplanin	
k141_173013_3 # 2542 # 3351 # -1 # ID=86095_3;partial=00;start_type=ATG;rbs_motif=GGA/GAG/AGG;rbs_spacer=5-10bp;gc_cont=0.405	k141_173013	2542	3351	-	Strict	50	63.9	vanY gene in vanM cluster	35.66	3002961	protein homolog model	n/a	n/a	glycopeptide antibiotic	antibiotic target alteration	vanY; glycopeptide resistance gene cluster	115.45	gnl|BL_ORD_ID|1674|hsp_num:0	1713			114	480	vancomycin; teicoplanin	
k141_978198_8 # 5970 # 9101 # 1 # ID=86185_8;partial=00;start_type=ATG;rbs_motif=GGAG/GAGG;rbs_spacer=5-10bp;gc_cont=0.610	k141_978198	5970	9101	+	Strict	750	828.6	adeF	45.98	3000777	protein homolog model	n/a	n/a	fluoroquinolone antibiotic; tetracycline antibiotic	antibiotic efflux	resistance-nodulation-cell division (RND) antibiotic efflux pump	98.49	gnl|BL_ORD_ID|133|hsp_num:0	153			6	3093	tetracycline	
k141_978766_1 # 63 # 3218 # 1 # ID=86461_1;partial=00;start_type=ATG;rbs_motif=GGAG/GAGG;rbs_spacer=5-10bp;gc_cont=0.609	k141_978766	63	3218	+	Strict	750	783.5	adeF	43.67	3000777	protein homolog model	n/a	n/a	fluoroquinolone antibiotic; tetracycline antibiotic	antibiotic efflux	resistance-nodulation-cell division (RND) antibiotic efflux pump	99.24	gnl|BL_ORD_ID|133|hsp_num:0	153			6	3111	tetracycline	
k141_175400_6 # 3206 # 5125 # 1 # ID=87292_6;partial=00;start_type=ATG;rbs_motif=AGGAGG;rbs_spacer=5-10bp;gc_cont=0.404	k141_175400	3206	5125	+	Strict	300	1263.1	tet(O)	99.06	3000190	protein homolog model	n/a	n/a	tetracycline antibiotic	antibiotic target protection	tetracycline-resistant ribosomal protection protein	100.00	gnl|BL_ORD_ID|1954|hsp_num:0	2020			0	1917	tetracycline; doxycycline; minocycline; chlortetracycline; demeclocycline; oxytetracycline	
k141_982413_6 # 5296 # 6411 # 1 # ID=88100_6;partial=00;start_type=ATG;rbs_motif=None;rbs_spacer=None;gc_cont=0.500	k141_982413	5296	6411	+	Strict	175	209.5	vanT gene in vanG cluster	34.34	3002972	protein homolog model	n/a	n/a	glycopeptide antibiotic	antibiotic target alteration	glycopeptide resistance gene cluster; vanT	52.11	gnl|BL_ORD_ID|1523|hsp_num:0	1561			1029	2106	vancomycin	
k141_178431_2 # 482 # 1345 # -1 # ID=88826_2;partial=00;start_type=ATG;rbs_motif=None;rbs_spacer=None;gc_cont=0.575	k141_178431	482	1345	-	Strict	50	70.5	vanY gene in vanM cluster	38.46	3002961	protein homolog model	n/a	n/a	glycopeptide antibiotic	antibiotic target alteration	vanY; glycopeptide resistance gene cluster	123.18	gnl|BL_ORD_ID|1674|hsp_num:0	1713			168	483	vancomycin; teicoplanin	
k141_986257_10 # 9496 # 12690 # -1 # ID=89990_10;partial=00;start_type=ATG;rbs_motif=AGGAG;rbs_spacer=5-10bp;gc_cont=0.582	k141_986257	9496	12690	-	Strict	750	835.9	adeF	44.42	3000777	protein homolog model	n/a	n/a	fluoroquinolone antibiotic; tetracycline antibiotic	antibiotic efflux	resistance-nodulation-cell division (RND) antibiotic efflux pump	100.47	gnl|BL_ORD_ID|133|hsp_num:0	153			6	3120	tetracycline	
k141_182166_1 # 1 # 1080 # 1 # ID=90539_1;partial=10;start_type=Edge;rbs_motif=None;rbs_spacer=None;gc_cont=0.427	k141_182166	1	1080	+	Strict	175	180.6	vanT gene in vanG cluster	30.62	3002972	protein homolog model	n/a	n/a	glycopeptide antibiotic	antibiotic target alteration	glycopeptide resistance gene cluster; vanT	50.42	gnl|BL_ORD_ID|1523|hsp_num:0	1561			1059	2118	vancomycin	
k141_987422_44 # 35493 # 38690 # 1 # ID=90628_44;partial=00;start_type=ATG;rbs_motif=AGGA;rbs_spacer=5-10bp;gc_cont=0.470	k141_987422	35493	38690	+	Strict	750	1378.6	adeF	67.64	3000777	protein homolog model	n/a	n/a	fluoroquinolone antibiotic; tetracycline antibiotic	antibiotic efflux	resistance-nodulation-cell division (RND) antibiotic efflux pump	100.57	gnl|BL_ORD_ID|133|hsp_num:0	153			0	3168	tetracycline	
k141_987498_28 # 34246 # 35355 # 1 # ID=90677_28;partial=00;start_type=ATG;rbs_motif=AGxAGG/AGGxGG;rbs_spacer=5-10bp;gc_cont=0.435	k141_987498	34246	35355	+	Strict	175	231.5	vanT gene in vanG cluster	36.89	3002972	protein homolog model	n/a	n/a	glycopeptide antibiotic	antibiotic target alteration	glycopeptide resistance gene cluster; vanT	51.83	gnl|BL_ORD_ID|1523|hsp_num:0	1561			1035	2118	vancomycin	
k141_183566_2 # 96 # 1502 # -1 # ID=91267_2;partial=00;start_type=ATG;rbs_motif=None;rbs_spacer=None;gc_cont=0.384	k141_183566	96	1502	-	Strict	50	96.3	vanW gene in vanI cluster	27.59	3003724	protein homolog model	n/a	n/a	glycopeptide antibiotic	antibiotic target alteration	vanW; glycopeptide resistance gene cluster	125.47	gnl|BL_ORD_ID|4747|hsp_num:0	2242			444	1104	vancomycin; teicoplanin	
k141_183686_3 # 1393 # 4521 # 1 # ID=91319_3;partial=00;start_type=ATG;rbs_motif=GGAG/GAGG;rbs_spacer=5-10bp;gc_cont=0.418	k141_183686	1393	4521	+	Strict	750	802.7	adeF	43.42	3000777	protein homolog model	n/a	n/a	fluoroquinolone antibiotic; tetracycline antibiotic	antibiotic efflux	resistance-nodulation-cell division (RND) antibiotic efflux pump	98.39	gnl|BL_ORD_ID|133|hsp_num:0	153			9	3120	tetracycline	
k141_989350_9 # 5040 # 5861 # 1 # ID=91491_9;partial=01;start_type=ATG;rbs_motif=None;rbs_spacer=None;gc_cont=0.417	k141_989350	5040	5861	+	Strict	50	83.2	vanY gene in vanA cluster	33.8	3002955	protein homolog model	n/a	n/a	glycopeptide antibiotic	antibiotic target alteration	vanY; glycopeptide resistance gene cluster	90.43	gnl|BL_ORD_ID|4668|hsp_num:0	89			306	696	vancomycin; teicoplanin	
k141_184050_2 # 616 # 2985 # 1 # ID=91499_2;partial=01;start_type=ATG;rbs_motif=None;rbs_spacer=None;gc_cont=0.508	k141_184050	616	2985	+	Strict	175	184.1	vanT gene in vanG cluster	36.97	3002972	protein homolog model	n/a	n/a	glycopeptide antibiotic	antibiotic target alteration	glycopeptide resistance gene cluster; vanT	110.96	gnl|BL_ORD_ID|1523|hsp_num:0	1561			1038	2004	vancomycin	
k141_184172_185 # 158790 # 159716 # -1 # ID=91695_185;partial=00;start_type=ATG;rbs_motif=None;rbs_spacer=None;gc_cont=0.506	k141_184172	158790	159716	-	Strict	50	79.7	vanY gene in vanB cluster	30.73	3002956	protein homolog model	n/a	n/a	glycopeptide antibiotic	antibiotic target alteration	vanY; glycopeptide resistance gene cluster	114.93	gnl|BL_ORD_ID|603|hsp_num:0	556			261	771	vancomycin	
k141_185390_36 # 22400 # 23266 # 1 # ID=92268_36;partial=00;start_type=ATG;rbs_motif=None;rbs_spacer=None;gc_cont=0.539	k141_185390	22400	23266	+	Strict	50	74.3	vanY gene in vanB cluster	31.72	3002956	protein homolog model	n/a	n/a	glycopeptide antibiotic	antibiotic target alteration	vanY; glycopeptide resistance gene cluster	107.46	gnl|BL_ORD_ID|603|hsp_num:0	556			342	762	vancomycin	
k141_186520_6 # 4764 # 5936 # -1 # ID=92806_6;partial=00;start_type=GTG;rbs_motif=GGAG/GAGG;rbs_spacer=5-10bp;gc_cont=0.604	k141_186520	4764	5936	-	Strict	175	211.5	vanT gene in vanG cluster	34.4	3002972	protein homolog model	n/a	n/a	glycopeptide antibiotic	antibiotic target alteration	glycopeptide resistance gene cluster; vanT	54.78	gnl|BL_ORD_ID|1523|hsp_num:0	1561			1023	2118	vancomycin	
k141_992287_3 # 2157 # 5306 # -1 # ID=92871_3;partial=00;start_type=ATG;rbs_motif=GGA/GAG/AGG;rbs_spacer=5-10bp;gc_cont=0.663	k141_992287	2157	5306	-	Strict	750	774.2	adeF	42.12	3000777	protein homolog model	n/a	n/a	fluoroquinolone antibiotic; tetracycline antibiotic	antibiotic efflux	resistance-nodulation-cell division (RND) antibiotic efflux pump	99.06	gnl|BL_ORD_ID|133|hsp_num:0	153			6	3171	tetracycline	
k141_189839_2 # 1073 # 2977 # 1 # ID=94379_2;partial=01;start_type=ATG;rbs_motif=GGA/GAG/AGG;rbs_spacer=5-10bp;gc_cont=0.683	k141_189839	1073	2977	+	Strict	50	83.2	vanW gene in vanI cluster	32.12	3003724	protein homolog model	n/a	n/a	glycopeptide antibiotic	antibiotic target alteration	vanW; glycopeptide resistance gene cluster	170.24	gnl|BL_ORD_ID|4747|hsp_num:0	2242			513	1008	vancomycin; teicoplanin	
k141_996110_34 # 36215 # 37111 # -1 # ID=94806_34;partial=00;start_type=ATG;rbs_motif=None;rbs_spacer=None;gc_cont=0.353	k141_996110	36215	37111	-	Strict	50	80.5	vanY gene in vanM cluster	35.51	3002961	protein homolog model	n/a	n/a	glycopeptide antibiotic	antibiotic target alteration	vanY; glycopeptide resistance gene cluster	127.90	gnl|BL_ORD_ID|1674|hsp_num:0	1713			105	483	vancomycin; teicoplanin	
k141_996357_5 # 4107 # 5507 # -1 # ID=94910_5;partial=01;start_type=Edge;rbs_motif=None;rbs_spacer=None;gc_cont=0.694	k141_996357	4107	5507	-	Strict	50	67.8	vanW gene in vanI cluster	32.77	3003724	protein homolog model	n/a	n/a	glycopeptide antibiotic	antibiotic target alteration	vanW; glycopeptide resistance gene cluster	124.93	gnl|BL_ORD_ID|4747|hsp_num:0	2242			627	984	vancomycin; teicoplanin	
k141_192514_450 # 417877 # 419814 # 1 # ID=95932_450;partial=00;start_type=ATG;rbs_motif=None;rbs_spacer=None;gc_cont=0.605	k141_192514	417877	419814	+	Strict	50	92.8	vanW gene in vanI cluster	30.67	3003724	protein homolog model	n/a	n/a	glycopeptide antibiotic	antibiotic target alteration	vanW; glycopeptide resistance gene cluster	172.92	gnl|BL_ORD_ID|4747|hsp_num:0	2242			363	1002	vancomycin; teicoplanin	
k141_999359_2 # 2132 # 2956 # 1 # ID=96121_2;partial=00;start_type=ATG;rbs_motif=TAA;rbs_spacer=11bp;gc_cont=0.259	k141_999359	2132	2956	+	Perfect	500	551.6	OXA-347	100.0	3001777	protein homolog model	n/a	n/a	carbapenem; cephalosporin; penam	antibiotic inactivation	OXA beta-lactamase	100.00	gnl|BL_ORD_ID|638|hsp_num:0	690			0	822	cloxacillin; oxacillin; cefalotin	
k141_194149_6 # 5486 # 7951 # -1 # ID=96743_6;partial=00;start_type=ATG;rbs_motif=AAAA;rbs_spacer=11bp;gc_cont=0.447	k141_194149	5486	7951	-	Strict	175	197.6	vanT gene in vanG cluster	34.69	3002972	protein homolog model	n/a	n/a	glycopeptide antibiotic	antibiotic target alteration	glycopeptide resistance gene cluster; vanT	115.31	gnl|BL_ORD_ID|1523|hsp_num:0	1561			1038	2118	vancomycin	
k141_195184_5 # 3704 # 5008 # -1 # ID=97137_5;partial=00;start_type=ATG;rbs_motif=None;rbs_spacer=None;gc_cont=0.533	k141_195184	3704	5008	-	Strict	50	133.3	vanW gene in vanI cluster	32.79	3003724	protein homolog model	n/a	n/a	glycopeptide antibiotic	antibiotic target alteration	vanW; glycopeptide resistance gene cluster	116.35	gnl|BL_ORD_ID|4747|hsp_num:0	2242			384	1083	vancomycin; teicoplanin	
k141_1005335_3 # 1616 # 2962 # 1 # ID=99357_3;partial=00;start_type=GTG;rbs_motif=AGGA/GGAG/GAGG;rbs_spacer=11-12bp;gc_cont=0.479	k141_1005335	1616	2962	+	Strict	50	143.3	vanW gene in vanI cluster	29.61	3003724	protein homolog model	n/a	n/a	glycopeptide antibiotic	antibiotic target alteration	vanW; glycopeptide resistance gene cluster	120.11	gnl|BL_ORD_ID|4747|hsp_num:0	2242			102	1047	vancomycin; teicoplanin	
k141_200784_1 # 1 # 909 # -1 # ID=99547_1;partial=10;start_type=ATG;rbs_motif=GGAG/GAGG;rbs_spacer=5-10bp;gc_cont=0.364	k141_200784	1	909	-	Strict	175	186.4	vanT gene in vanG cluster	37.46	3002972	protein homolog model	n/a	n/a	glycopeptide antibiotic	antibiotic target alteration	glycopeptide resistance gene cluster; vanT	42.56	gnl|BL_ORD_ID|1523|hsp_num:0	1561			1029	1959	vancomycin	
k141_1005854_65 # 63771 # 64916 # 1 # ID=99616_65;partial=00;start_type=ATG;rbs_motif=None;rbs_spacer=None;gc_cont=0.515	k141_1005854	63771	64916	+	Strict	175	181.4	vanT gene in vanG cluster	31.08	3002972	protein homolog model	n/a	n/a	glycopeptide antibiotic	antibiotic target alteration	glycopeptide resistance gene cluster; vanT	53.51	gnl|BL_ORD_ID|1523|hsp_num:0	1561			1032	2118	vancomycin	
k141_1007402_2 # 175 # 1308 # -1 # ID=100266_2;partial=00;start_type=ATG;rbs_motif=GGA/GAG/AGG;rbs_spacer=11-12bp;gc_cont=0.505	k141_1007402	175	1308	-	Strict	725	775.8	EC-13	98.94	3006874	protein homolog model	n/a	n/a	cephalosporin	antibiotic inactivation	EC beta-lactamase	100.00	gnl|BL_ORD_ID|3520|hsp_num:0	4588			0	1131		
k141_1011219_121 # 136614 # 137996 # 1 # ID=102218_121;partial=00;start_type=ATG;rbs_motif=None;rbs_spacer=None;gc_cont=0.584	k141_1011219	136614	137996	+	Strict	50	94.0	vanW gene in vanI cluster	38.3	3003724	protein homolog model	n/a	n/a	glycopeptide antibiotic	antibiotic target alteration	vanW; glycopeptide resistance gene cluster	123.32	gnl|BL_ORD_ID|4747|hsp_num:0	2242			567	1083	vancomycin; teicoplanin	
k141_1011355_3 # 1828 # 4965 # 1 # ID=102275_3;partial=00;start_type=ATG;rbs_motif=AGxAGG/AGGxGG;rbs_spacer=5-10bp;gc_cont=0.627	k141_1011355	1828	4965	+	Strict	750	906.0	adeF	47.19	3000777	protein homolog model	n/a	n/a	fluoroquinolone antibiotic; tetracycline antibiotic	antibiotic efflux	resistance-nodulation-cell division (RND) antibiotic efflux pump	98.68	gnl|BL_ORD_ID|133|hsp_num:0	153			9	3150	tetracycline	
k141_1012861_37 # 36116 # 39313 # 1 # ID=102865_37;partial=00;start_type=ATG;rbs_motif=AGGAG;rbs_spacer=5-10bp;gc_cont=0.635	k141_1012861	36116	39313	+	Strict	750	760.0	adeF	42.6	3000777	protein homolog model	n/a	n/a	fluoroquinolone antibiotic; tetracycline antibiotic	antibiotic efflux	resistance-nodulation-cell division (RND) antibiotic efflux pump	100.57	gnl|BL_ORD_ID|133|hsp_num:0	153			6	3168	tetracycline	
k141_1013173_17 # 14368 # 17589 # -1 # ID=103032_17;partial=00;start_type=ATG;rbs_motif=AGxAG;rbs_spacer=11-12bp;gc_cont=0.513	k141_1013173	14368	17589	-	Strict	750	1417.9	adeF	70.4	3000777	protein homolog model	n/a	n/a	fluoroquinolone antibiotic; tetracycline antibiotic	antibiotic efflux	resistance-nodulation-cell division (RND) antibiotic efflux pump	101.32	gnl|BL_ORD_ID|133|hsp_num:0	153			0	3138	tetracycline	
k141_208149_8 # 5817 # 9017 # 1 # ID=103188_8;partial=00;start_type=ATG;rbs_motif=3Base/5BMM;rbs_spacer=13-15bp;gc_cont=0.553	k141_208149	5817	9017	+	Strict	750	770.0	adeF	41.24	3000777	protein homolog model	n/a	n/a	fluoroquinolone antibiotic; tetracycline antibiotic	antibiotic efflux	resistance-nodulation-cell division (RND) antibiotic efflux pump	100.66	gnl|BL_ORD_ID|133|hsp_num:0	153			9	3126	tetracycline	
k141_208594_48 # 38253 # 39152 # 1 # ID=103546_48;partial=00;start_type=GTG;rbs_motif=ATA;rbs_spacer=10bp;gc_cont=0.423	k141_208594	38253	39152	+	Strict	50	69.3	vanY gene in vanF cluster	31.25	3002958	protein homolog model	n/a	n/a	glycopeptide antibiotic	antibiotic target alteration	vanY; glycopeptide resistance gene cluster	102.05	gnl|BL_ORD_ID|1809|hsp_num:0	1899			294	687	vancomycin	
k141_1014509_1 # 1 # 939 # 1 # ID=103618_1;partial=10;start_type=Edge;rbs_motif=None;rbs_spacer=None;gc_cont=0.406	k141_1014509	1	939	+	Strict	50	79.0	vanY gene in vanB cluster	34.29	3002956	protein homolog model	n/a	n/a	glycopeptide antibiotic	antibiotic target alteration	vanY; glycopeptide resistance gene cluster	116.42	gnl|BL_ORD_ID|603|hsp_num:0	556			369	774	vancomycin	
k141_1015191_1 # 98 # 817 # -1 # ID=103948_1;partial=00;start_type=ATG;rbs_motif=None;rbs_spacer=None;gc_cont=0.443	k141_1015191	98	817	-	Strict	50	91.7	vanY gene in vanF cluster	36.0	3002958	protein homolog model	n/a	n/a	glycopeptide antibiotic	antibiotic target alteration	vanY; glycopeptide resistance gene cluster	81.57	gnl|BL_ORD_ID|1809|hsp_num:0	1899			303	711	vancomycin	
k141_211707_2 # 188 # 1159 # -1 # ID=104932_2;partial=00;start_type=ATG;rbs_motif=None;rbs_spacer=None;gc_cont=0.524	k141_211707	188	1159	-	Strict	50	75.1	vanY gene in vanM cluster	35.66	3002961	protein homolog model	n/a	n/a	glycopeptide antibiotic	antibiotic target alteration	vanY; glycopeptide resistance gene cluster	138.63	gnl|BL_ORD_ID|1674|hsp_num:0	1713			171	516	vancomycin; teicoplanin	
k141_212822_120 # 121284 # 123119 # -1 # ID=105537_120;partial=00;start_type=ATG;rbs_motif=AAAA;rbs_spacer=11bp;gc_cont=0.397	k141_212822	121284	123119	-	Strict	50	119.0	vanW gene in vanI cluster	30.03	3003724	protein homolog model	n/a	n/a	glycopeptide antibiotic	antibiotic target alteration	vanW; glycopeptide resistance gene cluster	163.81	gnl|BL_ORD_ID|4747|hsp_num:0	2242			222	1083	vancomycin; teicoplanin	
k141_1019114_3 # 2495 # 2989 # -1 # ID=105863_3;partial=00;start_type=ATG;rbs_motif=GGAG/GAGG;rbs_spacer=5-10bp;gc_cont=0.341	k141_1019114	2495	2989	-	Strict	150	190.3	nimJ	59.26	3007112	protein homolog model	n/a	n/a	nitroimidazole antibiotic	antibiotic inactivation	nitroimidazole reductase	99.39	gnl|BL_ORD_ID|4790|hsp_num:0	5785			9	483	metronidazole	
k141_1020095_11 # 6628 # 7554 # 1 # ID=106415_11;partial=00;start_type=ATG;rbs_motif=None;rbs_spacer=None;gc_cont=0.361	k141_1020095	6628	7554	+	Strict	50	78.2	vanY gene in vanB cluster	34.59	3002956	protein homolog model	n/a	n/a	glycopeptide antibiotic	antibiotic target alteration	vanY; glycopeptide resistance gene cluster	114.93	gnl|BL_ORD_ID|603|hsp_num:0	556			258	774	vancomycin	
k141_1020987_43 # 40252 # 41127 # 1 # ID=106725_43;partial=00;start_type=ATG;rbs_motif=None;rbs_spacer=None;gc_cont=0.366	k141_1020987	40252	41127	+	Strict	50	69.3	vanY gene in vanG cluster	36.69	3002959	protein homolog model	n/a	n/a	glycopeptide antibiotic	antibiotic target alteration	vanY; glycopeptide resistance gene cluster	104.30	gnl|BL_ORD_ID|4731|hsp_num:0	298			405	792	vancomycin	
k141_1021735_1 # 3 # 1859 # 1 # ID=107055_1;partial=11;start_type=Edge;rbs_motif=None;rbs_spacer=None;gc_cont=0.382	k141_1021735	3	1859	+	Strict	175	182.2	vanT gene in vanG cluster	34.76	3002972	protein homolog model	n/a	n/a	glycopeptide antibiotic	antibiotic target alteration	glycopeptide resistance gene cluster; vanT	86.94	gnl|BL_ORD_ID|1523|hsp_num:0	1561			1038	1992	vancomycin	
k141_1021752_1 # 546 # 1376 # -1 # ID=107067_1;partial=00;start_type=ATG;rbs_motif=ATA;rbs_spacer=6bp;gc_cont=0.347	k141_1021752	546	1376	-	Strict	500	545.0	OXA-1	99.64	3001396	protein homolog model	n/a	n/a	carbapenem; cephalosporin; penam	antibiotic inactivation	OXA beta-lactamase	100.00	gnl|BL_ORD_ID|1804|hsp_num:0	1952			0	828	cloxacillin; oxacillin; amoxicillin; piperacillin; ampicillin; cefalotin	
k141_1021752_2 # 1554 # 2348 # -1 # ID=107067_2;partial=00;start_type=ATG;rbs_motif=None;rbs_spacer=None;gc_cont=0.498	k141_1021752	1554	2348	-	Perfect	500	530.4	aphA15	100.0	3004675	protein homolog model	n/a	n/a	aminoglycoside antibiotic	antibiotic inactivation	APH(3')	100.00	gnl|BL_ORD_ID|2215|hsp_num:0	3374			0	792	neomycin; amikacin; netilmicin; streptomycin; kanamycin A	
k141_1023167_14 # 9001 # 9897 # 1 # ID=107887_14;partial=00;start_type=ATG;rbs_motif=None;rbs_spacer=None;gc_cont=0.560	k141_1023167	9001	9897	+	Strict	50	68.2	vanY gene in vanB cluster	31.51	3002956	protein homolog model	n/a	n/a	glycopeptide antibiotic	antibiotic target alteration	vanY; glycopeptide resistance gene cluster	111.19	gnl|BL_ORD_ID|603|hsp_num:0	556			345	768	vancomycin	
k141_1023739_12 # 11292 # 13718 # 1 # ID=108179_12;partial=00;start_type=ATG;rbs_motif=None;rbs_spacer=None;gc_cont=0.534	k141_1023739	11292	13718	+	Strict	175	194.5	vanT gene in vanG cluster	34.71	3002972	protein homolog model	n/a	n/a	glycopeptide antibiotic	antibiotic target alteration	glycopeptide resistance gene cluster; vanT	113.48	gnl|BL_ORD_ID|1523|hsp_num:0	1561			1038	2118	vancomycin	
k141_221064_10 # 18600 # 19694 # -1 # ID=109533_10;partial=00;start_type=ATG;rbs_motif=AGGA;rbs_spacer=5-10bp;gc_cont=0.462	k141_221064	18600	19694	-	Strict	175	183.0	vanT gene in vanG cluster	34.17	3002972	protein homolog model	n/a	n/a	glycopeptide antibiotic	antibiotic target alteration	glycopeptide resistance gene cluster; vanT	51.12	gnl|BL_ORD_ID|1523|hsp_num:0	1561			1041	2106	vancomycin	
k141_221145_26 # 25818 # 27737 # -1 # ID=109585_26;partial=00;start_type=ATG;rbs_motif=TAA;rbs_spacer=5bp;gc_cont=0.331	k141_221145	25818	27737	-	Strict	300	864.4	tet(Q)	67.45	3000191	protein homolog model	n/a	n/a	tetracycline antibiotic	antibiotic target protection	tetracycline-resistant ribosomal protection protein	97.26	gnl|BL_ORD_ID|1220|hsp_num:0	1183			48	1965	tetracycline; doxycycline; minocycline; chlortetracycline; demeclocycline; oxytetracycline	
k141_1028652_4 # 2888 # 3400 # 1 # ID=110503_4;partial=00;start_type=ATG;rbs_motif=TAA;rbs_spacer=11bp;gc_cont=0.404	k141_1028652	2888	3400	+	Perfect	150	342.8	nimE	100.0	3007107	protein homolog model	n/a	n/a	nitroimidazole antibiotic	antibiotic inactivation	nitroimidazole reductase	100.00	gnl|BL_ORD_ID|4785|hsp_num:0	5780			0	510	metronidazole	
k141_225098_31 # 37662 # 39305 # 1 # ID=111474_31;partial=00;start_type=ATG;rbs_motif=GGA/GAG/AGG;rbs_spacer=5-10bp;gc_cont=0.493	k141_225098	37662	39305	+	Perfect	1000	1089.3	eptA	100.0	3003576	protein homolog model	n/a	n/a	peptide antibiotic	antibiotic target alteration	pmr phosphoethanolamine transferase	100.00	gnl|BL_ORD_ID|596|hsp_num:0	516			0	1641	polymyxin B	
k141_1032849_5 # 2324 # 2914 # -1 # ID=112431_5;partial=00;start_type=ATG;rbs_motif=None;rbs_spacer=None;gc_cont=0.433	k141_1032849	2324	2914	-	Strict	50	58.9	vanY gene in vanB cluster	27.15	3002956	protein homolog model	n/a	n/a	glycopeptide antibiotic	antibiotic target alteration	vanY; glycopeptide resistance gene cluster	73.13	gnl|BL_ORD_ID|603|hsp_num:0	556			330	735	vancomycin	
k141_232226_1 # 164 # 358 # -1 # ID=115153_1;partial=00;start_type=ATG;rbs_motif=AGGAG;rbs_spacer=5-10bp;gc_cont=0.462	k141_232226	164	358	-	Strict	100	102.1	rsmA	87.93	3005069	protein homolog model	n/a	n/a	fluoroquinolone antibiotic; diaminopyrimidine antibiotic; phenicol antibiotic	antibiotic efflux	resistance-nodulation-cell division (RND) antibiotic efflux pump	104.92	gnl|BL_ORD_ID|2793|hsp_num:0	3807			0	174	trimethoprim; chloramphenicol	
k141_1039625_7 # 4789 # 5385 # -1 # ID=115650_7;partial=01;start_type=Edge;rbs_motif=None;rbs_spacer=None;gc_cont=0.397	k141_1039625	4789	5385	-	Strict	50	65.9	vanW gene in vanI cluster	36.08	3003724	protein homolog model	n/a	n/a	glycopeptide antibiotic	antibiotic target alteration	vanW; glycopeptide resistance gene cluster	53.08	gnl|BL_ORD_ID|4747|hsp_num:0	2242			723	1002	vancomycin; teicoplanin	
k141_233935_6 # 10930 # 11919 # 1 # ID=115995_6;partial=00;start_type=ATG;rbs_motif=GGAG/GAGG;rbs_spacer=5-10bp;gc_cont=0.588	k141_233935	10930	11919	+	Strict	200	225.3	vanH gene in vanB cluster	39.44	3002943	protein homolog model	n/a	n/a	glycopeptide antibiotic	antibiotic target alteration	vanH; glycopeptide resistance gene cluster	101.86	gnl|BL_ORD_ID|4674|hsp_num:0	626			12	963	vancomycin	
k141_1043751_7 # 8485 # 8889 # -1 # ID=117609_7;partial=00;start_type=ATG;rbs_motif=None;rbs_spacer=None;gc_cont=0.383	k141_1043751	8485	8889	-	Strict	150	181.0	FosXCC	63.64	3003208	protein homolog model	n/a	n/a	phosphonic acid antibiotic	antibiotic inactivation	fosfomycin thiol transferase	95.04	gnl|BL_ORD_ID|4903|hsp_num:0	5895			15	408	fosfomycin	
k141_1052621_13 # 12965 # 14074 # 1 # ID=121744_13;partial=00;start_type=ATG;rbs_motif=AGGAGG;rbs_spacer=5-10bp;gc_cont=0.431	k141_1052621	12965	14074	+	Strict	175	221.9	vanT gene in vanG cluster	34.97	3002972	protein homolog model	n/a	n/a	glycopeptide antibiotic	antibiotic target alteration	glycopeptide resistance gene cluster; vanT	51.83	gnl|BL_ORD_ID|1523|hsp_num:0	1561			1035	2118	vancomycin	
k141_1053518_5 # 2564 # 3727 # -1 # ID=122129_5;partial=00;start_type=ATG;rbs_motif=None;rbs_spacer=None;gc_cont=0.418	k141_1053518	2564	3727	-	Strict	50	96.3	vanW gene in vanI cluster	30.85	3003724	protein homolog model	n/a	n/a	glycopeptide antibiotic	antibiotic target alteration	vanW; glycopeptide resistance gene cluster	103.75	gnl|BL_ORD_ID|4747|hsp_num:0	2242			543	1119	vancomycin; teicoplanin	
k141_1055453_6 # 3013 # 4932 # -1 # ID=123021_6;partial=00;start_type=ATG;rbs_motif=GGAGG;rbs_spacer=5-10bp;gc_cont=0.532	k141_1055453	3013	4932	-	Strict	300	1250.3	tet(W)	99.53	3000194	protein homolog model	n/a	n/a	tetracycline antibiotic	antibiotic target protection	tetracycline-resistant ribosomal protection protein	100.00	gnl|BL_ORD_ID|457|hsp_num:0	389			0	1917	tetracycline; doxycycline; minocycline; chlortetracycline; demeclocycline; oxytetracycline	
k141_248125_11 # 17163 # 18302 # -1 # ID=123151_11;partial=00;start_type=ATG;rbs_motif=None;rbs_spacer=None;gc_cont=0.501	k141_248125	17163	18302	-	Strict	175	213.8	vanT gene in vanG cluster	35.97	3002972	protein homolog model	n/a	n/a	glycopeptide antibiotic	antibiotic target alteration	glycopeptide resistance gene cluster; vanT	53.23	gnl|BL_ORD_ID|1523|hsp_num:0	1561			1032	2118	vancomycin	
k141_1056180_2 # 977 # 1861 # 1 # ID=123379_2;partial=00;start_type=ATG;rbs_motif=AAAA;rbs_spacer=11bp;gc_cont=0.391	k141_1056180	977	1861	+	Strict	500	552.4	mphG	91.5	3003742	protein homolog model	n/a	n/a	macrolide antibiotic	antibiotic inactivation	macrolide phosphotransferase (MPH)	100.00	gnl|BL_ORD_ID|2042|hsp_num:0	2259			0	882	erythromycin; clarithromycin; azithromycin	
k141_249940_3 # 2277 # 2489 # 1 # ID=124030_3;partial=00;start_type=ATG;rbs_motif=AGGAG;rbs_spacer=5-10bp;gc_cont=0.563	k141_249940	2277	2489	+	Strict	100	100.1	rsmA	85.71	3005069	protein homolog model	n/a	n/a	fluoroquinolone antibiotic; diaminopyrimidine antibiotic; phenicol antibiotic	antibiotic efflux	resistance-nodulation-cell division (RND) antibiotic efflux pump	114.75	gnl|BL_ORD_ID|2793|hsp_num:0	3807			0	168	trimethoprim; chloramphenicol	
k141_249967_20 # 20590 # 23757 # -1 # ID=124058_20;partial=00;start_type=ATG;rbs_motif=AGGAG;rbs_spacer=5-10bp;gc_cont=0.690	k141_249967	20590	23757	-	Strict	750	1196.4	adeF	62.12	3000777	protein homolog model	n/a	n/a	fluoroquinolone antibiotic; tetracycline antibiotic	antibiotic efflux	resistance-nodulation-cell division (RND) antibiotic efflux pump	99.62	gnl|BL_ORD_ID|133|hsp_num:0	153			0	3111	tetracycline	
k141_250451_7 # 6259 # 7368 # -1 # ID=124270_7;partial=00;start_type=ATG;rbs_motif=AGGAGG;rbs_spacer=5-10bp;gc_cont=0.440	k141_250451	6259	7368	-	Strict	175	221.1	vanT gene in vanG cluster	35.25	3002972	protein homolog model	n/a	n/a	glycopeptide antibiotic	antibiotic target alteration	glycopeptide resistance gene cluster; vanT	51.83	gnl|BL_ORD_ID|1523|hsp_num:0	1561			1035	2118	vancomycin	
k141_251520_1 # 3 # 1379 # -1 # ID=124755_1;partial=10;start_type=ATG;rbs_motif=GGA/GAG/AGG;rbs_spacer=5-10bp;gc_cont=0.362	k141_251520	3	1379	-	Strict	50	90.5	vanW gene in vanI cluster	31.85	3003724	protein homolog model	n/a	n/a	glycopeptide antibiotic	antibiotic target alteration	vanW; glycopeptide resistance gene cluster	123.06	gnl|BL_ORD_ID|4747|hsp_num:0	2242			447	903	vancomycin; teicoplanin	
k141_1059171_6 # 1767 # 2648 # 1 # ID=124864_6;partial=00;start_type=ATG;rbs_motif=ATA;rbs_spacer=10bp;gc_cont=0.434	k141_1059171	1767	2648	+	Strict	50	76.6	vanY gene in vanM cluster	33.8	3002961	protein homolog model	n/a	n/a	glycopeptide antibiotic	antibiotic target alteration	vanY; glycopeptide resistance gene cluster	125.75	gnl|BL_ORD_ID|1674|hsp_num:0	1713			126	513	vancomycin; teicoplanin	
k141_1059596_5 # 4143 # 5312 # 1 # ID=125081_5;partial=00;start_type=GTG;rbs_motif=GGA/GAG/AGG;rbs_spacer=5-10bp;gc_cont=0.738	k141_1059596	4143	5312	+	Strict	175	190.7	vanT gene in vanG cluster	34.22	3002972	protein homolog model	n/a	n/a	glycopeptide antibiotic	antibiotic target alteration	glycopeptide resistance gene cluster; vanT	54.63	gnl|BL_ORD_ID|1523|hsp_num:0	1561			1032	2136	vancomycin	
k141_255359_1 # 1 # 2271 # -1 # ID=126472_1;partial=11;start_type=Edge;rbs_motif=None;rbs_spacer=None;gc_cont=0.682	k141_255359	1	2271	-	Strict	750	892.5	adeF	61.69	3000777	protein homolog model	n/a	n/a	fluoroquinolone antibiotic; tetracycline antibiotic	antibiotic efflux	resistance-nodulation-cell division (RND) antibiotic efflux pump	71.48	gnl|BL_ORD_ID|133|hsp_num:0	153			246	2499	tetracycline	
k141_258132_9 # 6901 # 8046 # -1 # ID=127809_9;partial=00;start_type=ATG;rbs_motif=ATA;rbs_spacer=6bp;gc_cont=0.459	k141_258132	6901	8046	-	Strict	175	209.1	vanT gene in vanG cluster	31.91	3002972	protein homolog model	n/a	n/a	glycopeptide antibiotic	antibiotic target alteration	glycopeptide resistance gene cluster; vanT	53.51	gnl|BL_ORD_ID|1523|hsp_num:0	1561			1029	2130	vancomycin	
k141_1069780_20 # 19567 # 22725 # -1 # ID=130153_20;partial=00;start_type=ATG;rbs_motif=AGGAG;rbs_spacer=5-10bp;gc_cont=0.642	k141_1069780	19567	22725	-	Strict	750	909.8	adeF	47.12	3000777	protein homolog model	n/a	n/a	fluoroquinolone antibiotic; tetracycline antibiotic	antibiotic efflux	resistance-nodulation-cell division (RND) antibiotic efflux pump	99.34	gnl|BL_ORD_ID|133|hsp_num:0	153			9	3126	tetracycline	
k141_1071178_3 # 822 # 1844 # -1 # ID=130814_3;partial=00;start_type=ATG;rbs_motif=GGxGG;rbs_spacer=5-10bp;gc_cont=0.448	k141_1071178	822	1844	-	Strict	200	213.0	vanH gene in vanO cluster	37.74	3002948	protein homolog model	n/a	n/a	glycopeptide antibiotic	antibiotic target alteration	vanH; glycopeptide resistance gene cluster	97.14	gnl|BL_ORD_ID|762|hsp_num:0	786			102	1035	vancomycin	
k141_265645_3 # 7401 # 8783 # 1 # ID=131485_3;partial=00;start_type=ATG;rbs_motif=None;rbs_spacer=None;gc_cont=0.616	k141_265645	7401	8783	+	Strict	50	80.1	vanW gene in vanI cluster	33.77	3003724	protein homolog model	n/a	n/a	glycopeptide antibiotic	antibiotic target alteration	vanW; glycopeptide resistance gene cluster	123.32	gnl|BL_ORD_ID|4747|hsp_num:0	2242			636	1083	vancomycin; teicoplanin	
k141_1073103_1 # 2 # 1219 # 1 # ID=131690_1;partial=11;start_type=Edge;rbs_motif=None;rbs_spacer=None;gc_cont=0.409	k141_1073103	2	1219	+	Strict	50	50.4	vanW gene in vanI cluster	30.72	3003724	protein homolog model	n/a	n/a	glycopeptide antibiotic	antibiotic target alteration	vanW; glycopeptide resistance gene cluster	108.85	gnl|BL_ORD_ID|4747|hsp_num:0	2242			372	786	vancomycin; teicoplanin	
k141_1074073_3 # 1066 # 2064 # 1 # ID=132336_3;partial=01;start_type=ATG;rbs_motif=TAAAAA;rbs_spacer=14bp;gc_cont=0.339	k141_1074073	1066	2064	+	Strict	50	97.4	vanW gene in vanI cluster	38.06	3003724	protein homolog model	n/a	n/a	glycopeptide antibiotic	antibiotic target alteration	vanW; glycopeptide resistance gene cluster	89.28	gnl|BL_ORD_ID|4747|hsp_num:0	2242			603	1002	vancomycin; teicoplanin	
k141_1074692_1 # 497 # 691 # -1 # ID=132704_1;partial=00;start_type=ATG;rbs_motif=AGGAG;rbs_spacer=5-10bp;gc_cont=0.436	k141_1074692	497	691	-	Strict	100	101.7	rsmA	87.93	3005069	protein homolog model	n/a	n/a	fluoroquinolone antibiotic; diaminopyrimidine antibiotic; phenicol antibiotic	antibiotic efflux	resistance-nodulation-cell division (RND) antibiotic efflux pump	104.92	gnl|BL_ORD_ID|2793|hsp_num:0	3807			0	174	trimethoprim; chloramphenicol	
k141_268446_28 # 27788 # 28921 # 1 # ID=132714_28;partial=00;start_type=ATG;rbs_motif=GGA/GAG/AGG;rbs_spacer=5-10bp;gc_cont=0.537	k141_268446	27788	28921	+	Strict	175	181.4	vanT gene in vanG cluster	31.42	3002972	protein homolog model	n/a	n/a	glycopeptide antibiotic	antibiotic target alteration	glycopeptide resistance gene cluster; vanT	52.95	gnl|BL_ORD_ID|1523|hsp_num:0	1561			1035	2118	vancomycin	
k141_1075103_1 # 531 # 2468 # -1 # ID=132901_1;partial=00;start_type=ATG;rbs_motif=AAAA;rbs_spacer=4bp;gc_cont=0.369	k141_1075103	531	2468	-	Strict	300	1217.2	tet(M)	95.6	3000186	protein homolog model	n/a	n/a	tetracycline antibiotic	antibiotic target protection	tetracycline-resistant ribosomal protection protein	100.94	gnl|BL_ORD_ID|1675|hsp_num:0	1692			0	1908	tetracycline; doxycycline; minocycline; chlortetracycline; demeclocycline; oxytetracycline	
k141_1075932_1 # 66 # 971 # -1 # ID=133262_1;partial=00;start_type=ATG;rbs_motif=TAAA;rbs_spacer=15bp;gc_cont=0.336	k141_1075932	66	971	-	Perfect	550	608.6	APH(2'')-Ie	100.0	3002634	protein homolog model	n/a	n/a	aminoglycoside antibiotic	antibiotic inactivation	APH(2'')	100.00	gnl|BL_ORD_ID|120|hsp_num:0	137			0	903	amikacin; kanamycin A; tobramycin; gentamicin A; gentamicin	
k141_1078243_1 # 1 # 999 # 1 # ID=134178_1;partial=10;start_type=Edge;rbs_motif=None;rbs_spacer=None;gc_cont=0.367	k141_1078243	1	999	+	Strict	175	199.5	vanT gene in vanG cluster	33.82	3002972	protein homolog model	n/a	n/a	glycopeptide antibiotic	antibiotic target alteration	glycopeptide resistance gene cluster; vanT	46.63	gnl|BL_ORD_ID|1523|hsp_num:0	1561			1116	2118	vancomycin	
k141_1078436_2 # 794 # 1981 # 1 # ID=134229_2;partial=00;start_type=GTG;rbs_motif=AGxAGG/AGGxGG;rbs_spacer=5-10bp;gc_cont=0.406	k141_1078436	794	1981	+	Perfect	750	746.5	tet(39)	100.0	3000566	protein homolog model	n/a	n/a	tetracycline antibiotic	antibiotic efflux	major facilitator superfamily (MFS) antibiotic efflux pump	100.00	gnl|BL_ORD_ID|1038|hsp_num:0	1092			0	1185	tetracycline	
k141_271280_814 # 877943 # 879379 # 1 # ID=134370_814;partial=00;start_type=ATG;rbs_motif=None;rbs_spacer=None;gc_cont=0.375	k141_271280	877943	879379	+	Strict	50	113.2	vanW gene in vanI cluster	29.84	3003724	protein homolog model	n/a	n/a	glycopeptide antibiotic	antibiotic target alteration	vanW; glycopeptide resistance gene cluster	128.15	gnl|BL_ORD_ID|4747|hsp_num:0	2242			417	1104	vancomycin; teicoplanin	
k141_271423_4 # 2244 # 3950 # -1 # ID=134460_4;partial=00;start_type=ATG;rbs_motif=GGA/GAG/AGG;rbs_spacer=5-10bp;gc_cont=0.378	k141_271423	2244	3950	-	Strict	50	86.3	vanW gene in vanI cluster	27.98	3003724	protein homolog model	n/a	n/a	glycopeptide antibiotic	antibiotic target alteration	vanW; glycopeptide resistance gene cluster	152.28	gnl|BL_ORD_ID|4747|hsp_num:0	2242			444	1113	vancomycin; teicoplanin	
k141_272295_12 # 11835 # 13358 # -1 # ID=134892_12;partial=00;start_type=ATG;rbs_motif=AGGAGG;rbs_spacer=5-10bp;gc_cont=0.404	k141_272295	11835	13358	-	Strict	50	129.8	vanW gene in vanI cluster	31.61	3003724	protein homolog model	n/a	n/a	glycopeptide antibiotic	antibiotic target alteration	vanW; glycopeptide resistance gene cluster	135.92	gnl|BL_ORD_ID|4747|hsp_num:0	2242			63	1050	vancomycin; teicoplanin	
k141_272373_3 # 2747 # 3670 # -1 # ID=134937_3;partial=00;start_type=ATG;rbs_motif=None;rbs_spacer=None;gc_cont=0.291	k141_272373	2747	3670	-	Strict	50	85.9	vanY gene in vanG cluster	30.74	3002959	protein homolog model	n/a	n/a	glycopeptide antibiotic	antibiotic target alteration	vanY; glycopeptide resistance gene cluster	110.04	gnl|BL_ORD_ID|4731|hsp_num:0	298			135	825	vancomycin	
k141_273452_3 # 1045 # 1812 # 1 # ID=135387_3;partial=00;start_type=ATG;rbs_motif=None;rbs_spacer=None;gc_cont=0.517	k141_273452	1045	1812	+	Strict	50	139.0	vanW gene in vanB cluster	33.64	3002964	protein homolog model	n/a	n/a	glycopeptide antibiotic	antibiotic target alteration	vanW; glycopeptide resistance gene cluster	92.73	gnl|BL_ORD_ID|4679|hsp_num:0	1036			132	789	vancomycin	
k141_1082607_5 # 1946 # 3691 # 1 # ID=136075_5;partial=00;start_type=GTG;rbs_motif=None;rbs_spacer=None;gc_cont=0.374	k141_1082607	1946	3691	+	Strict	50	99.8	vanW gene in vanI cluster	35.19	3003724	protein homolog model	n/a	n/a	glycopeptide antibiotic	antibiotic target alteration	vanW; glycopeptide resistance gene cluster	155.76	gnl|BL_ORD_ID|4747|hsp_num:0	2242			615	1083	vancomycin; teicoplanin	
k141_274981_1 # 456 # 641 # -1 # ID=136113_1;partial=00;start_type=ATG;rbs_motif=AGGAG;rbs_spacer=5-10bp;gc_cont=0.495	k141_274981	456	641	-	Strict	100	109.4	rsmA	91.8	3005069	protein homolog model	n/a	n/a	fluoroquinolone antibiotic; diaminopyrimidine antibiotic; phenicol antibiotic	antibiotic efflux	resistance-nodulation-cell division (RND) antibiotic efflux pump	100.00	gnl|BL_ORD_ID|2793|hsp_num:0	3807			0	183	trimethoprim; chloramphenicol	
k141_275698_1 # 1 # 921 # 1 # ID=136415_1;partial=10;start_type=Edge;rbs_motif=None;rbs_spacer=None;gc_cont=0.430	k141_275698	1	921	+	Strict	175	175.3	vanT gene in vanG cluster	37.1	3002972	protein homolog model	n/a	n/a	glycopeptide antibiotic	antibiotic target alteration	glycopeptide resistance gene cluster; vanT	42.98	gnl|BL_ORD_ID|1523|hsp_num:0	1561			1209	2118	vancomycin	
k141_277168_18 # 13966 # 14841 # -1 # ID=137139_18;partial=00;start_type=ATG;rbs_motif=TAA;rbs_spacer=9bp;gc_cont=0.393	k141_277168	13966	14841	-	Strict	50	71.6	vanY gene in vanA cluster	36.52	3002955	protein homolog model	n/a	n/a	glycopeptide antibiotic	antibiotic target alteration	vanY; glycopeptide resistance gene cluster	96.04	gnl|BL_ORD_ID|4668|hsp_num:0	89			354	663	vancomycin; teicoplanin	
k141_277836_4 # 2153 # 3286 # -1 # ID=137475_4;partial=00;start_type=ATG;rbs_motif=None;rbs_spacer=None;gc_cont=0.497	k141_277836	2153	3286	-	Strict	175	192.2	vanT gene in vanG cluster	32.62	3002972	protein homolog model	n/a	n/a	glycopeptide antibiotic	antibiotic target alteration	glycopeptide resistance gene cluster; vanT	52.95	gnl|BL_ORD_ID|1523|hsp_num:0	1561			999	2106	vancomycin	
k141_1086043_2 # 1988 # 4228 # 1 # ID=137661_2;partial=01;start_type=ATG;rbs_motif=ATA;rbs_spacer=5bp;gc_cont=0.454	k141_1086043	1988	4228	+	Strict	50	83.2	vanY gene in vanF cluster	28.44	3002958	protein homolog model	n/a	n/a	glycopeptide antibiotic	antibiotic target alteration	vanY; glycopeptide resistance gene cluster	254.95	gnl|BL_ORD_ID|1809|hsp_num:0	1899			168	774	vancomycin	
k141_278751_1 # 76 # 963 # 1 # ID=137869_1;partial=00;start_type=ATG;rbs_motif=TAAAAA;rbs_spacer=3bp;gc_cont=0.456	k141_278751	76	963	+	Strict	50	142.9	vanW gene in vanG cluster	32.22	3002965	protein homolog model	n/a	n/a	glycopeptide antibiotic	antibiotic target alteration	vanW; glycopeptide resistance gene cluster	104.98	gnl|BL_ORD_ID|4742|hsp_num:0	1622			30	747	vancomycin	
k141_280812_1 # 2 # 598 # 1 # ID=138819_1;partial=10;start_type=Edge;rbs_motif=None;rbs_spacer=None;gc_cont=0.539	k141_280812	2	598	+	Strict	50	77.0	vanY gene in vanB cluster	29.94	3002956	protein homolog model	n/a	n/a	glycopeptide antibiotic	antibiotic target alteration	vanY; glycopeptide resistance gene cluster	73.88	gnl|BL_ORD_ID|603|hsp_num:0	556			258	762	vancomycin	
k141_281460_3 # 1686 # 3794 # -1 # ID=139093_3;partial=01;start_type=Edge;rbs_motif=None;rbs_spacer=None;gc_cont=0.524	k141_281460	1686	3794	-	Strict	175	196.8	vanT gene in vanG cluster	35.5	3002972	protein homolog model	n/a	n/a	glycopeptide antibiotic	antibiotic target alteration	glycopeptide resistance gene cluster; vanT	98.60	gnl|BL_ORD_ID|1523|hsp_num:0	1561			1038	2118	vancomycin	
k141_1089427_5 # 5561 # 8662 # -1 # ID=139324_5;partial=00;start_type=ATG;rbs_motif=AAAAA;rbs_spacer=12bp;gc_cont=0.453	k141_1089427	5561	8662	-	Strict	750	769.6	adeF	41.87	3000777	protein homolog model	n/a	n/a	fluoroquinolone antibiotic; tetracycline antibiotic	antibiotic efflux	resistance-nodulation-cell division (RND) antibiotic efflux pump	97.54	gnl|BL_ORD_ID|133|hsp_num:0	153			15	3126	tetracycline	
k141_1089580_30 # 31155 # 32900 # -1 # ID=139579_30;partial=00;start_type=ATG;rbs_motif=None;rbs_spacer=None;gc_cont=0.308	k141_1089580	31155	32900	-	Strict	50	84.7	vanW gene in vanI cluster	28.9	3003724	protein homolog model	n/a	n/a	glycopeptide antibiotic	antibiotic target alteration	vanW; glycopeptide resistance gene cluster	155.76	gnl|BL_ORD_ID|4747|hsp_num:0	2242			453	1056	vancomycin; teicoplanin	
k141_1091901_37 # 34201 # 36687 # -1 # ID=140714_37;partial=00;start_type=ATG;rbs_motif=None;rbs_spacer=None;gc_cont=0.507	k141_1091901	34201	36687	-	Strict	50	90.1	vanY gene in vanM cluster	35.53	3002961	protein homolog model	n/a	n/a	glycopeptide antibiotic	antibiotic target alteration	vanY; glycopeptide resistance gene cluster	355.36	gnl|BL_ORD_ID|1674|hsp_num:0	1713			126	543	vancomycin; teicoplanin	
k141_1093043_3 # 849 # 1787 # 1 # ID=141192_3;partial=00;start_type=ATG;rbs_motif=None;rbs_spacer=None;gc_cont=0.476	k141_1093043	849	1787	+	Strict	50	70.9	vanY gene in vanM cluster	33.07	3002961	protein homolog model	n/a	n/a	glycopeptide antibiotic	antibiotic target alteration	vanY; glycopeptide resistance gene cluster	133.91	gnl|BL_ORD_ID|1674|hsp_num:0	1713			135	480	vancomycin; teicoplanin	
k141_286745_22 # 18786 # 19712 # -1 # ID=141407_22;partial=00;start_type=GTG;rbs_motif=None;rbs_spacer=None;gc_cont=0.325	k141_286745	18786	19712	-	Strict	50	84.0	vanW gene in vanI cluster	28.18	3003724	protein homolog model	n/a	n/a	glycopeptide antibiotic	antibiotic target alteration	vanW; glycopeptide resistance gene cluster	82.57	gnl|BL_ORD_ID|4747|hsp_num:0	2242			537	1080	vancomycin; teicoplanin	
k141_1094846_4 # 4730 # 5521 # -1 # ID=142097_4;partial=00;start_type=ATG;rbs_motif=None;rbs_spacer=None;gc_cont=0.491	k141_1094846	4730	5521	-	Strict	50	154.5	vanW gene in vanB cluster	35.5	3002964	protein homolog model	n/a	n/a	glycopeptide antibiotic	antibiotic target alteration	vanW; glycopeptide resistance gene cluster	95.64	gnl|BL_ORD_ID|4679|hsp_num:0	1036			120	789	vancomycin	
k141_288247_266 # 269201 # 270496 # 1 # ID=142191_266;partial=00;start_type=GTG;rbs_motif=None;rbs_spacer=None;gc_cont=0.657	k141_288247	269201	270496	+	Strict	50	75.9	vanW gene in vanI cluster	35.83	3003724	protein homolog model	n/a	n/a	glycopeptide antibiotic	antibiotic target alteration	vanW; glycopeptide resistance gene cluster	115.55	gnl|BL_ORD_ID|4747|hsp_num:0	2242			666	1023	vancomycin; teicoplanin	
k141_1097565_27 # 24395 # 25507 # 1 # ID=143322_27;partial=00;start_type=ATG;rbs_motif=None;rbs_spacer=None;gc_cont=0.395	k141_1097565	24395	25507	+	Strict	175	207.6	vanT gene in vanG cluster	34.52	3002972	protein homolog model	n/a	n/a	glycopeptide antibiotic	antibiotic target alteration	glycopeptide resistance gene cluster; vanT	51.97	gnl|BL_ORD_ID|1523|hsp_num:0	1561			1035	2106	vancomycin	
k141_291335_2 # 94 # 3009 # 1 # ID=143563_2;partial=01;start_type=GTG;rbs_motif=AGGAG;rbs_spacer=5-10bp;gc_cont=0.414	k141_291335	94	3009	+	Strict	750	754.2	adeF	43.16	3000777	protein homolog model	n/a	n/a	fluoroquinolone antibiotic; tetracycline antibiotic	antibiotic efflux	resistance-nodulation-cell division (RND) antibiotic efflux pump	91.78	gnl|BL_ORD_ID|133|hsp_num:0	153			6	2937	tetracycline	
k141_292680_1 # 3 # 1184 # 1 # ID=144231_1;partial=10;start_type=Edge;rbs_motif=None;rbs_spacer=None;gc_cont=0.496	k141_292680	3	1184	+	Strict	50	103.6	vanW gene in vanI cluster	31.16	3003724	protein homolog model	n/a	n/a	glycopeptide antibiotic	antibiotic target alteration	vanW; glycopeptide resistance gene cluster	105.36	gnl|BL_ORD_ID|4747|hsp_num:0	2242			411	1002	vancomycin; teicoplanin	
k141_1101705_2 # 248 # 3445 # -1 # ID=145189_2;partial=00;start_type=ATG;rbs_motif=AGGAGG;rbs_spacer=5-10bp;gc_cont=0.599	k141_1101705	248	3445	-	Strict	750	1159.8	adeF	60.4	3000777	protein homolog model	n/a	n/a	fluoroquinolone antibiotic; tetracycline antibiotic	antibiotic efflux	resistance-nodulation-cell division (RND) antibiotic efflux pump	100.57	gnl|BL_ORD_ID|133|hsp_num:0	153			0	3120	tetracycline	
k141_295821_1 # 86 # 1156 # -1 # ID=145787_1;partial=00;start_type=ATG;rbs_motif=GGAG/GAGG;rbs_spacer=5-10bp;gc_cont=0.545	k141_295821	86	1156	-	Strict	700	702.6	OmpA	96.35	3005044	protein homolog model	n/a	n/a	peptide antibiotic	reduced permeability to antibiotic	General Bacterial Porin with reduced permeability to peptide antibiotics	95.19	gnl|BL_ORD_ID|2775|hsp_num:0	3787			54	1122	polymyxin B; defensin	
k141_299614_1 # 328 # 1083 # -1 # ID=147541_1;partial=01;start_type=Edge;rbs_motif=None;rbs_spacer=None;gc_cont=0.317	k141_299614	328	1083	-	Strict	400	498.0	EreD	99.6	3004608	protein homolog model	n/a	n/a	macrolide antibiotic	antibiotic inactivation	macrolide esterase	61.52	gnl|BL_ORD_ID|1194|hsp_num:0	3305			471	1224	erythromycin	
k141_1106571_1 # 42 # 854 # 1 # ID=147554_1;partial=00;start_type=ATG;rbs_motif=None;rbs_spacer=None;gc_cont=0.492	k141_1106571	42	854	+	Strict	50	171.0	vanW gene in vanG cluster	35.0	3002965	protein homolog model	n/a	n/a	glycopeptide antibiotic	antibiotic target alteration	vanW; glycopeptide resistance gene cluster	96.09	gnl|BL_ORD_ID|4742|hsp_num:0	1622			33	810	vancomycin	
k141_1108121_2 # 1947 # 5075 # 1 # ID=148345_2;partial=00;start_type=ATG;rbs_motif=GGA/GAG/AGG;rbs_spacer=5-10bp;gc_cont=0.540	k141_1108121	1947	5075	+	Strict	750	1129.0	adeF	58.65	3000777	protein homolog model	n/a	n/a	fluoroquinolone antibiotic; tetracycline antibiotic	antibiotic efflux	resistance-nodulation-cell division (RND) antibiotic efflux pump	98.39	gnl|BL_ORD_ID|133|hsp_num:0	153			0	3111	tetracycline	
k141_1108702_3 # 1863 # 2747 # -1 # ID=148605_3;partial=00;start_type=ATG;rbs_motif=TAA;rbs_spacer=12bp;gc_cont=0.365	k141_1108702	1863	2747	-	Perfect	500	587.8	mphE	100.0	3003741	protein homolog model	n/a	n/a	macrolide antibiotic	antibiotic inactivation	macrolide phosphotransferase (MPH)	100.00	gnl|BL_ORD_ID|2688|hsp_num:0	2614			0	882	erythromycin	
k141_1108702_4 # 2803 # 4278 # -1 # ID=148605_4;partial=00;start_type=ATG;rbs_motif=TAAA;rbs_spacer=5bp;gc_cont=0.399	k141_1108702	2803	4278	-	Perfect	950	941.4	msrE	100.0	3003109	protein homolog model	n/a	n/a	macrolide antibiotic; streptogramin antibiotic	antibiotic target protection	msr-type ABC-F protein	100.00	gnl|BL_ORD_ID|28|hsp_num:0	33			0	1473	erythromycin	
k141_302261_5 # 2771 # 3184 # 1 # ID=148799_5;partial=00;start_type=ATG;rbs_motif=GGA/GAG/AGG;rbs_spacer=5-10bp;gc_cont=0.466	k141_302261	2771	3184	+	Perfect	240	258.1	H-NS	100.0	3000676	protein homolog model	n/a	n/a	macrolide antibiotic; fluoroquinolone antibiotic; cephalosporin; cephamycin; penam; tetracycline antibiotic	antibiotic efflux	major facilitator superfamily (MFS) antibiotic efflux pump; resistance-nodulation-cell division (RND) antibiotic efflux pump	100.00	gnl|BL_ORD_ID|1145|hsp_num:0	1248			0	411	erythromycin; cloxacillin; ciprofloxacin; tetracycline; oxacillin; norfloxacin	
k141_302927_12 # 10013 # 13183 # 1 # ID=149127_12;partial=00;start_type=GTG;rbs_motif=AGGA;rbs_spacer=5-10bp;gc_cont=0.570	k141_302927	10013	13183	+	Strict	750	842.8	adeF	44.71	3000777	protein homolog model	n/a	n/a	fluoroquinolone antibiotic; tetracycline antibiotic	antibiotic efflux	resistance-nodulation-cell division (RND) antibiotic efflux pump	99.72	gnl|BL_ORD_ID|133|hsp_num:0	153			6	3105	tetracycline	
k141_304710_1 # 1 # 1716 # 1 # ID=150071_1;partial=10;start_type=Edge;rbs_motif=None;rbs_spacer=None;gc_cont=0.311	k141_304710	1	1716	+	Strict	50	97.1	vanW gene in vanI cluster	30.59	3003724	protein homolog model	n/a	n/a	glycopeptide antibiotic	antibiotic target alteration	vanW; glycopeptide resistance gene cluster	153.08	gnl|BL_ORD_ID|4747|hsp_num:0	2242			447	1083	vancomycin; teicoplanin	
k141_1111836_16 # 13883 # 15064 # -1 # ID=150122_16;partial=00;start_type=ATG;rbs_motif=GGAG/GAGG;rbs_spacer=5-10bp;gc_cont=0.336	k141_1111836	13883	15064	-	Strict	175	238.8	vanT gene in vanG cluster	37.87	3002972	protein homolog model	n/a	n/a	glycopeptide antibiotic	antibiotic target alteration	glycopeptide resistance gene cluster; vanT	55.20	gnl|BL_ORD_ID|1523|hsp_num:0	1561			1035	2118	vancomycin	
k141_1112228_7 # 5883 # 6740 # -1 # ID=150269_7;partial=00;start_type=GTG;rbs_motif=None;rbs_spacer=None;gc_cont=0.559	k141_1112228	5883	6740	-	Strict	50	81.6	vanY gene in vanB cluster	33.52	3002956	protein homolog model	n/a	n/a	glycopeptide antibiotic	antibiotic target alteration	vanY; glycopeptide resistance gene cluster	106.34	gnl|BL_ORD_ID|603|hsp_num:0	556			258	771	vancomycin	
k141_1115733_9 # 7075 # 8271 # -1 # ID=151962_9;partial=00;start_type=ATG;rbs_motif=AAAAAA;rbs_spacer=8bp;gc_cont=0.352	k141_1115733	7075	8271	-	Strict	50	96.3	vanW gene in vanI cluster	36.59	3003724	protein homolog model	n/a	n/a	glycopeptide antibiotic	antibiotic target alteration	vanW; glycopeptide resistance gene cluster	106.70	gnl|BL_ORD_ID|4747|hsp_num:0	2242			636	1002	vancomycin; teicoplanin	
k141_310408_46 # 63535 # 64875 # 1 # ID=152654_46;partial=00;start_type=GTG;rbs_motif=None;rbs_spacer=None;gc_cont=0.452	k141_310408	63535	64875	+	Strict	50	93.6	vanW gene in vanI cluster	31.25	3003724	protein homolog model	n/a	n/a	glycopeptide antibiotic	antibiotic target alteration	vanW; glycopeptide resistance gene cluster	119.57	gnl|BL_ORD_ID|4747|hsp_num:0	2242			528	1092	vancomycin; teicoplanin	
k141_1117846_2 # 471 # 1241 # -1 # ID=152920_2;partial=00;start_type=ATG;rbs_motif=TAA;rbs_spacer=11bp;gc_cont=0.319	k141_1117846	471	1241	-	Strict	400	422.2	LnuH	82.35	3004600	protein homolog model	n/a	n/a	lincosamide antibiotic	antibiotic inactivation	lincosamide nucleotidyltransferase (LNU)	98.46	gnl|BL_ORD_ID|4923|hsp_num:0	5916			0	765		
k141_311043_35 # 28811 # 29995 # 1 # ID=153097_35;partial=00;start_type=ATG;rbs_motif=None;rbs_spacer=None;gc_cont=0.365	k141_311043	28811	29995	+	Strict	175	183.7	vanT gene in vanG cluster	30.97	3002972	protein homolog model	n/a	n/a	glycopeptide antibiotic	antibiotic target alteration	glycopeptide resistance gene cluster; vanT	55.34	gnl|BL_ORD_ID|1523|hsp_num:0	1561			1029	2133	vancomycin	
k141_1118458_52 # 41817 # 42740 # -1 # ID=153117_52;partial=00;start_type=ATG;rbs_motif=ATA;rbs_spacer=6bp;gc_cont=0.443	k141_1118458	41817	42740	-	Strict	50	71.2	vanY gene in vanM cluster	32.88	3002961	protein homolog model	n/a	n/a	glycopeptide antibiotic	antibiotic target alteration	vanY; glycopeptide resistance gene cluster	131.76	gnl|BL_ORD_ID|1674|hsp_num:0	1713			123	516	vancomycin; teicoplanin	
k141_1120419_5 # 4774 # 5406 # -1 # ID=154128_5;partial=00;start_type=ATG;rbs_motif=GGAG/GAGG;rbs_spacer=5-10bp;gc_cont=0.496	k141_1120419	4774	5406	-	Strict	400	419.5	CRP	99.52	3000518	protein homolog model	n/a	n/a	macrolide antibiotic; fluoroquinolone antibiotic; penam	antibiotic efflux	resistance-nodulation-cell division (RND) antibiotic efflux pump	100.00	gnl|BL_ORD_ID|804|hsp_num:0	869			0	630	erythromycin; cloxacillin; oxacillin; norfloxacin	
k141_1120930_5 # 1698 # 2126 # -1 # ID=154408_5;partial=01;start_type=Edge;rbs_motif=None;rbs_spacer=None;gc_cont=0.396	k141_1120930	1698	2126	-	Strict	50	84.3	vanY gene in vanB cluster	35.97	3002956	protein homolog model	n/a	n/a	glycopeptide antibiotic	antibiotic target alteration	vanY; glycopeptide resistance gene cluster	52.99	gnl|BL_ORD_ID|603|hsp_num:0	556			393	792	vancomycin	
k141_314239_4 # 1834 # 3471 # -1 # ID=154545_4;partial=00;start_type=ATG;rbs_motif=ATA;rbs_spacer=5bp;gc_cont=0.514	k141_314239	1834	3471	-	Strict	50	99.0	vanW gene in vanI cluster	30.43	3003724	protein homolog model	n/a	n/a	glycopeptide antibiotic	antibiotic target alteration	vanW; glycopeptide resistance gene cluster	146.11	gnl|BL_ORD_ID|4747|hsp_num:0	2242			492	1092	vancomycin; teicoplanin	
k141_1124625_4 # 2100 # 4019 # -1 # ID=156219_4;partial=00;start_type=ATG;rbs_motif=None;rbs_spacer=None;gc_cont=0.453	k141_1124625	2100	4019	-	Strict	50	89.0	vanW gene in vanI cluster	32.3	3003724	protein homolog model	n/a	n/a	glycopeptide antibiotic	antibiotic target alteration	vanW; glycopeptide resistance gene cluster	171.31	gnl|BL_ORD_ID|4747|hsp_num:0	2242			618	1089	vancomycin; teicoplanin	
k141_1125425_4 # 1373 # 2260 # -1 # ID=156589_4;partial=00;start_type=ATG;rbs_motif=TAAA;rbs_spacer=9bp;gc_cont=0.373	k141_1125425	1373	2260	-	Strict	50	73.2	vanY gene in vanB cluster	29.44	3002956	protein homolog model	n/a	n/a	glycopeptide antibiotic	antibiotic target alteration	vanY; glycopeptide resistance gene cluster	110.07	gnl|BL_ORD_ID|603|hsp_num:0	556			207	771	vancomycin	
k141_1126838_3 # 2138 # 2482 # -1 # ID=157335_3;partial=00;start_type=ATG;rbs_motif=TAA;rbs_spacer=11bp;gc_cont=0.339	k141_1126838	2138	2482	-	Strict	50	52.0	vanY gene in vanB cluster	30.56	3002956	protein homolog model	n/a	n/a	glycopeptide antibiotic	antibiotic target alteration	vanY; glycopeptide resistance gene cluster	42.54	gnl|BL_ORD_ID|603|hsp_num:0	556			543	747	vancomycin	
k141_1127267_95 # 86965 # 87852 # -1 # ID=157487_95;partial=00;start_type=ATG;rbs_motif=None;rbs_spacer=None;gc_cont=0.373	k141_1127267	86965	87852	-	Strict	50	100.1	vanW gene in vanI cluster	34.94	3003724	protein homolog model	n/a	n/a	glycopeptide antibiotic	antibiotic target alteration	vanW; glycopeptide resistance gene cluster	79.09	gnl|BL_ORD_ID|4747|hsp_num:0	2242			585	1083	vancomycin; teicoplanin	
k141_1128332_3 # 682 # 1713 # 1 # ID=158042_3;partial=00;start_type=ATG;rbs_motif=GGA/GAG/AGG;rbs_spacer=5-10bp;gc_cont=0.558	k141_1128332	682	1713	+	Perfect	600	642.1	mdtN	100.0	3003548	protein homolog model	n/a	n/a	nucleoside antibiotic; disinfecting agents and antiseptics	antibiotic efflux	major facilitator superfamily (MFS) antibiotic efflux pump	100.00	gnl|BL_ORD_ID|1322|hsp_num:0	1442			0	1029	acriflavine; puromycin	
k141_1128332_4 # 1713 # 3764 # 1 # ID=158042_4;partial=00;start_type=ATG;rbs_motif=GGA/GAG/AGG;rbs_spacer=5-10bp;gc_cont=0.549	k141_1128332	1713	3764	+	Strict	1300	1331.2	mdtO	99.71	3003549	protein homolog model	n/a	n/a	nucleoside antibiotic; disinfecting agents and antiseptics	antibiotic efflux	major facilitator superfamily (MFS) antibiotic efflux pump	100.00	gnl|BL_ORD_ID|1894|hsp_num:0	2056			0	2049	acriflavine; puromycin	
k141_1128332_5 # 3761 # 5227 # 1 # ID=158042_5;partial=00;start_type=ATG;rbs_motif=AGGAG;rbs_spacer=5-10bp;gc_cont=0.562	k141_1128332	3761	5227	+	Strict	875	912.5	mdtP	98.16	3003550	protein homolog model	n/a	n/a	nucleoside antibiotic; disinfecting agents and antiseptics	antibiotic efflux	major facilitator superfamily (MFS) antibiotic efflux pump	100.00	gnl|BL_ORD_ID|37|hsp_num:0	45			0	1464	acriflavine; puromycin	
k141_1128390_2 # 413 # 1585 # 1 # ID=158071_2;partial=00;start_type=ATG;rbs_motif=GGA/GAG/AGG;rbs_spacer=5-10bp;gc_cont=0.374	k141_1128390	413	1585	+	Strict	175	225.3	vanT gene in vanG cluster	35.81	3002972	protein homolog model	n/a	n/a	glycopeptide antibiotic	antibiotic target alteration	glycopeptide resistance gene cluster; vanT	54.78	gnl|BL_ORD_ID|1523|hsp_num:0	1561			1035	2118	vancomycin	
k141_1128717_3 # 855 # 2249 # 1 # ID=158204_3;partial=01;start_type=TTG;rbs_motif=GGAGG;rbs_spacer=5-10bp;gc_cont=0.619	k141_1128717	855	2249	+	Strict	50	76.3	vanW gene in vanI cluster	31.29	3003724	protein homolog model	n/a	n/a	glycopeptide antibiotic	antibiotic target alteration	vanW; glycopeptide resistance gene cluster	124.66	gnl|BL_ORD_ID|4747|hsp_num:0	2242			363	834	vancomycin; teicoplanin	
k141_1129805_2 # 3051 # 4175 # 1 # ID=158701_2;partial=00;start_type=ATG;rbs_motif=ATA;rbs_spacer=9bp;gc_cont=0.434	k141_1129805	3051	4175	+	Strict	175	196.1	vanT gene in vanG cluster	34.15	3002972	protein homolog model	n/a	n/a	glycopeptide antibiotic	antibiotic target alteration	glycopeptide resistance gene cluster; vanT	52.53	gnl|BL_ORD_ID|1523|hsp_num:0	1561			1029	2115	vancomycin	
k141_323001_15 # 12197 # 15409 # 1 # ID=158758_15;partial=00;start_type=ATG;rbs_motif=AGGA;rbs_spacer=5-10bp;gc_cont=0.621	k141_323001	12197	15409	+	Strict	750	789.6	adeF	42.22	3000777	protein homolog model	n/a	n/a	fluoroquinolone antibiotic; tetracycline antibiotic	antibiotic efflux	resistance-nodulation-cell division (RND) antibiotic efflux pump	101.04	gnl|BL_ORD_ID|133|hsp_num:0	153			6	3171	tetracycline	
k141_1130330_2 # 667 # 1479 # -1 # ID=158931_2;partial=00;start_type=ATG;rbs_motif=AATAA;rbs_spacer=10bp;gc_cont=0.416	k141_1130330	667	1479	-	Strict	50	53.5	vanY gene in vanB cluster	40.24	3002956	protein homolog model	n/a	n/a	glycopeptide antibiotic	antibiotic target alteration	vanY; glycopeptide resistance gene cluster	100.75	gnl|BL_ORD_ID|603|hsp_num:0	556			483	726	vancomycin	
k141_1130534_1 # 3 # 1049 # 1 # ID=159042_1;partial=11;start_type=Edge;rbs_motif=None;rbs_spacer=None;gc_cont=0.570	k141_1130534	3	1049	+	Strict	175	186.8	vanT gene in vanG cluster	35.29	3002972	protein homolog model	n/a	n/a	glycopeptide antibiotic	antibiotic target alteration	glycopeptide resistance gene cluster; vanT	49.02	gnl|BL_ORD_ID|1523|hsp_num:0	1561			1032	2031	vancomycin	
k141_1130556_100 # 97187 # 98107 # 1 # ID=159127_100;partial=00;start_type=ATG;rbs_motif=AATAA;rbs_spacer=4bp;gc_cont=0.392	k141_1130556	97187	98107	+	Strict	50	89.4	vanY gene in vanB cluster	32.14	3002956	protein homolog model	n/a	n/a	glycopeptide antibiotic	antibiotic target alteration	vanY; glycopeptide resistance gene cluster	114.18	gnl|BL_ORD_ID|603|hsp_num:0	556			222	771	vancomycin	
k141_324305_13 # 8119 # 9024 # 1 # ID=159240_13;partial=00;start_type=ATG;rbs_motif=None;rbs_spacer=None;gc_cont=0.393	k141_324305	8119	9024	+	Strict	50	65.9	vanY gene in vanG cluster	34.53	3002959	protein homolog model	n/a	n/a	glycopeptide antibiotic	antibiotic target alteration	vanY; glycopeptide resistance gene cluster	107.89	gnl|BL_ORD_ID|4731|hsp_num:0	298			399	786	vancomycin	
k141_1130672_73 # 76121 # 77518 # 1 # ID=159248_73;partial=00;start_type=ATG;rbs_motif=None;rbs_spacer=None;gc_cont=0.436	k141_1130672	76121	77518	+	Strict	50	102.1	vanW gene in vanI cluster	29.41	3003724	protein homolog model	n/a	n/a	glycopeptide antibiotic	antibiotic target alteration	vanW; glycopeptide resistance gene cluster	124.66	gnl|BL_ORD_ID|4747|hsp_num:0	2242			396	1056	vancomycin; teicoplanin	
k141_329824_1 # 2 # 685 # 1 # ID=161697_1;partial=10;start_type=Edge;rbs_motif=None;rbs_spacer=None;gc_cont=0.491	k141_329824	2	685	+	Strict	50	77.4	vanW gene in vanI cluster	36.29	3003724	protein homolog model	n/a	n/a	glycopeptide antibiotic	antibiotic target alteration	vanW; glycopeptide resistance gene cluster	60.86	gnl|BL_ORD_ID|4747|hsp_num:0	2242			645	1005	vancomycin; teicoplanin	
k141_1137399_6 # 4059 # 4463 # 1 # ID=162596_6;partial=00;start_type=ATG;rbs_motif=GGAGG;rbs_spacer=5-10bp;gc_cont=0.402	k141_1137399	4059	4463	+	Strict	150	184.5	FosXCC	64.39	3003208	protein homolog model	n/a	n/a	phosphonic acid antibiotic	antibiotic inactivation	fosfomycin thiol transferase	95.04	gnl|BL_ORD_ID|4903|hsp_num:0	5895			15	408	fosfomycin	
k141_333875_1 # 176 # 976 # -1 # ID=163430_1;partial=00;start_type=ATG;rbs_motif=TAA;rbs_spacer=10bp;gc_cont=0.342	k141_333875	176	976	-	Strict	500	526.2	ErmF	99.25	3000498	protein homolog model	n/a	n/a	macrolide antibiotic; lincosamide antibiotic; streptogramin antibiotic; streptogramin A antibiotic; streptogramin B antibiotic	antibiotic target alteration	Erm 23S ribosomal RNA methyltransferase	100.00	gnl|BL_ORD_ID|569|hsp_num:0	621			0	798	erythromycin; roxithromycin; lincomycin; telithromycin; clarithromycin; clindamycin; tylosin; spiramycin; azithromycin; dirithromycin; pristinamycin IA; quinupristin; virginiamycin M1; madumycin II; griseoviridin; dalfopristin; pristinamycin IB; virginiamycin S2; pristinamycin IC; vernamycin C; patricin A; patricin B; ostreogrycin B3; oleandomycin	
k141_334101_10 # 10739 # 14332 # -1 # ID=163529_10;partial=00;start_type=ATG;rbs_motif=None;rbs_spacer=None;gc_cont=0.408	k141_334101	10739	14332	-	Strict	2300	2374.7	evgS	99.58	3000833	protein homolog model	n/a	n/a	macrolide antibiotic; fluoroquinolone antibiotic; penam; tetracycline antibiotic	antibiotic efflux	major facilitator superfamily (MFS) antibiotic efflux pump; resistance-nodulation-cell division (RND) antibiotic efflux pump	100.00	gnl|BL_ORD_ID|1215|hsp_num:0	1318			0	3591	erythromycin; cloxacillin; tetracycline; oxacillin; norfloxacin	
k141_334101_11 # 14337 # 14951 # -1 # ID=163529_11;partial=00;start_type=ATG;rbs_motif=GGA/GAG/AGG;rbs_spacer=5-10bp;gc_cont=0.402	k141_334101	14337	14951	-	Perfect	390	400.6	evgA	100.0	3000832	protein homolog model	n/a	n/a	macrolide antibiotic; fluoroquinolone antibiotic; penam; tetracycline antibiotic	antibiotic efflux	major facilitator superfamily (MFS) antibiotic efflux pump; resistance-nodulation-cell division (RND) antibiotic efflux pump	100.00	gnl|BL_ORD_ID|937|hsp_num:0	1015			0	612	erythromycin; cloxacillin; tetracycline; oxacillin; norfloxacin	
k141_334101_13 # 16530 # 18068 # 1 # ID=163529_13;partial=00;start_type=ATG;rbs_motif=GGA/GAG/AGG;rbs_spacer=5-10bp;gc_cont=0.416	k141_334101	16530	18068	+	Strict	900	988.0	emrY	99.8	3000254	protein homolog model	n/a	n/a	tetracycline antibiotic	antibiotic efflux	major facilitator superfamily (MFS) antibiotic efflux pump	100.00	gnl|BL_ORD_ID|492|hsp_num:0	540			0	1536	tetracycline	
k141_334434_1 # 3 # 1367 # 1 # ID=163680_1;partial=10;start_type=Edge;rbs_motif=None;rbs_spacer=None;gc_cont=0.503	k141_334434	3	1367	+	Strict	50	113.6	vanW gene in vanI cluster	33.33	3003724	protein homolog model	n/a	n/a	glycopeptide antibiotic	antibiotic target alteration	vanW; glycopeptide resistance gene cluster	121.72	gnl|BL_ORD_ID|4747|hsp_num:0	2242			474	1050	vancomycin; teicoplanin	
k141_1140519_2 # 372 # 1235 # -1 # ID=164032_2;partial=00;start_type=ATG;rbs_motif=AGGA;rbs_spacer=5-10bp;gc_cont=0.557	k141_1140519	372	1235	-	Strict	500	547.4	sul4	99.65	3004361	protein homolog model	n/a	n/a	sulfonamide antibiotic	antibiotic target replacement	sulfonamide resistant sul	100.00	gnl|BL_ORD_ID|2484|hsp_num:0	2875			0	861	sulfamethoxazole	
k141_337236_30 # 31474 # 32580 # -1 # ID=164888_30;partial=00;start_type=ATG;rbs_motif=None;rbs_spacer=None;gc_cont=0.592	k141_337236	31474	32580	-	Strict	700	722.6	LHK-6	98.37	3006940	protein homolog model	n/a	n/a	carbapenem; cephalosporin	antibiotic inactivation	LHK beta-lactamase	94.36	gnl|BL_ORD_ID|3682|hsp_num:0	4751			66	1170		
k141_1142850_2 # 371 # 1261 # 1 # ID=165179_2;partial=00;start_type=ATG;rbs_motif=TAAA;rbs_spacer=12bp;gc_cont=0.485	k141_1142850	371	1261	+	Strict	575	585.1	CblA-1	99.66	3002999	protein homolog model	n/a	n/a	cephalosporin	antibiotic inactivation	CblA beta-lactamase	100.00	gnl|BL_ORD_ID|1|hsp_num:0	2			0	888	cephaloridine	
k141_1143128_1 # 2 # 820 # 1 # ID=165316_1;partial=10;start_type=Edge;rbs_motif=None;rbs_spacer=None;gc_cont=0.357	k141_1143128	2	820	+	Strict	50	98.6	vanY gene in vanF cluster	36.67	3002958	protein homolog model	n/a	n/a	glycopeptide antibiotic	antibiotic target alteration	vanY; glycopeptide resistance gene cluster	92.83	gnl|BL_ORD_ID|1809|hsp_num:0	1899			300	708	vancomycin	
k141_1144201_10 # 7728 # 8822 # -1 # ID=165809_10;partial=00;start_type=ATG;rbs_motif=None;rbs_spacer=None;gc_cont=0.348	k141_1144201	7728	8822	-	Strict	50	101.3	vanY gene in vanF cluster	37.91	3002958	protein homolog model	n/a	n/a	glycopeptide antibiotic	antibiotic target alteration	vanY; glycopeptide resistance gene cluster	124.23	gnl|BL_ORD_ID|1809|hsp_num:0	1899			306	717	vancomycin	
k141_339981_1 # 3 # 497 # 1 # ID=166156_1;partial=10;start_type=Edge;rbs_motif=None;rbs_spacer=None;gc_cont=0.533	k141_339981	3	497	+	Strict	50	59.7	vanW gene in vanI cluster	36.26	3003724	protein homolog model	n/a	n/a	glycopeptide antibiotic	antibiotic target alteration	vanW; glycopeptide resistance gene cluster	43.97	gnl|BL_ORD_ID|4747|hsp_num:0	2242			825	1080	vancomycin; teicoplanin	
k141_1146093_17 # 14537 # 17650 # -1 # ID=166701_17;partial=00;start_type=ATG;rbs_motif=GGAG/GAGG;rbs_spacer=5-10bp;gc_cont=0.544	k141_1146093	14537	17650	-	Strict	1900	1979.9	acrD	99.9	3000491	protein homolog model	n/a	n/a	aminoglycoside antibiotic	antibiotic efflux	resistance-nodulation-cell division (RND) antibiotic efflux pump	100.00	gnl|BL_ORD_ID|1310|hsp_num:0	1427			0	3111		
k141_1146132_51 # 76069 # 79569 # -1 # ID=166736_51;partial=00;start_type=ATG;rbs_motif=None;rbs_spacer=None;gc_cont=0.650	k141_1146132	76069	79569	-	Strict	750	840.5	adeF	43.85	3000777	protein homolog model	n/a	n/a	fluoroquinolone antibiotic; tetracycline antibiotic	antibiotic efflux	resistance-nodulation-cell division (RND) antibiotic efflux pump	110.10	gnl|BL_ORD_ID|133|hsp_num:0	153			6	3117	tetracycline	
k141_1146383_2 # 1022 # 4225 # 1 # ID=166850_2;partial=00;start_type=ATG;rbs_motif=None;rbs_spacer=None;gc_cont=0.608	k141_1146383	1022	4225	+	Strict	750	791.6	adeF	43.16	3000777	protein homolog model	n/a	n/a	fluoroquinolone antibiotic; tetracycline antibiotic	antibiotic efflux	resistance-nodulation-cell division (RND) antibiotic efflux pump	100.76	gnl|BL_ORD_ID|133|hsp_num:0	153			6	3099	tetracycline	
k141_1147295_1 # 2 # 622 # 1 # ID=167307_1;partial=10;start_type=Edge;rbs_motif=None;rbs_spacer=None;gc_cont=0.435	k141_1147295	2	622	+	Strict	50	120.9	vanW gene in vanB cluster	39.86	3002964	protein homolog model	n/a	n/a	glycopeptide antibiotic	antibiotic target alteration	vanW; glycopeptide resistance gene cluster	74.91	gnl|BL_ORD_ID|4679|hsp_num:0	1036			231	645	vancomycin	
k141_1149131_20 # 18411 # 19823 # -1 # ID=168172_20;partial=00;start_type=ATG;rbs_motif=ATA;rbs_spacer=7bp;gc_cont=0.481	k141_1149131	18411	19823	-	Strict	50	97.8	vanW gene in vanI cluster	32.28	3003724	protein homolog model	n/a	n/a	glycopeptide antibiotic	antibiotic target alteration	vanW; glycopeptide resistance gene cluster	126.01	gnl|BL_ORD_ID|4747|hsp_num:0	2242			531	1080	vancomycin; teicoplanin	
k141_344669_7 # 3453 # 4205 # -1 # ID=168421_7;partial=00;start_type=ATG;rbs_motif=AGGAGG;rbs_spacer=5-10bp;gc_cont=0.499	k141_344669	3453	4205	-	Strict	50	79.3	vanY gene in vanB cluster	31.41	3002956	protein homolog model	n/a	n/a	glycopeptide antibiotic	antibiotic target alteration	vanY; glycopeptide resistance gene cluster	93.28	gnl|BL_ORD_ID|603|hsp_num:0	556			270	792	vancomycin	
k141_345478_24 # 19551 # 21278 # -1 # ID=168950_24;partial=00;start_type=ATG;rbs_motif=ATA;rbs_spacer=7bp;gc_cont=0.448	k141_345478	19551	21278	-	Strict	50	111.7	vanW gene in vanI cluster	32.21	3003724	protein homolog model	n/a	n/a	glycopeptide antibiotic	antibiotic target alteration	vanW; glycopeptide resistance gene cluster	154.16	gnl|BL_ORD_ID|4747|hsp_num:0	2242			477	1083	vancomycin; teicoplanin	
k141_347537_1 # 2 # 1573 # -1 # ID=169940_1;partial=10;start_type=ATG;rbs_motif=None;rbs_spacer=None;gc_cont=0.476	k141_347537	2	1573	-	Strict	50	59.3	vanY gene in vanB cluster	35.59	3002956	protein homolog model	n/a	n/a	glycopeptide antibiotic	antibiotic target alteration	vanY; glycopeptide resistance gene cluster	195.52	gnl|BL_ORD_ID|603|hsp_num:0	556			405	729	vancomycin	
k141_1153932_1 # 123 # 1118 # -1 # ID=170276_1;partial=00;start_type=ATG;rbs_motif=TATAA;rbs_spacer=3bp;gc_cont=0.360	k141_1153932	123	1118	-	Strict	600	637.9	CfxA6	98.79	3003097	protein homolog model	n/a	n/a	cephamycin	antibiotic inactivation	CfxA beta-lactamase	100.00	gnl|BL_ORD_ID|241|hsp_num:0	268			0	993		
k141_354739_2 # 1803 # 3377 # 1 # ID=173151_2;partial=01;start_type=ATG;rbs_motif=None;rbs_spacer=None;gc_cont=0.564	k141_354739	1803	3377	+	Strict	50	70.1	vanW gene in vanI cluster	24.76	3003724	protein homolog model	n/a	n/a	glycopeptide antibiotic	antibiotic target alteration	vanW; glycopeptide resistance gene cluster	140.75	gnl|BL_ORD_ID|4747|hsp_num:0	2242			363	903	vancomycin; teicoplanin	
k141_354888_1 # 1 # 915 # 1 # ID=173217_1;partial=10;start_type=Edge;rbs_motif=None;rbs_spacer=None;gc_cont=0.391	k141_354888	1	915	+	Strict	50	105.1	vanW gene in vanI cluster	32.68	3003724	protein homolog model	n/a	n/a	glycopeptide antibiotic	antibiotic target alteration	vanW; glycopeptide resistance gene cluster	81.50	gnl|BL_ORD_ID|4747|hsp_num:0	2242			498	1083	vancomycin; teicoplanin	
k141_1160218_7 # 4404 # 5204 # 1 # ID=173449_7;partial=00;start_type=ATG;rbs_motif=AGGA;rbs_spacer=5-10bp;gc_cont=0.437	k141_1160218	4404	5204	+	Strict	50	55.1	vanY gene in vanA cluster	28.68	3002955	protein homolog model	n/a	n/a	glycopeptide antibiotic	antibiotic target alteration	vanY; glycopeptide resistance gene cluster	87.79	gnl|BL_ORD_ID|4668|hsp_num:0	89			318	663	vancomycin; teicoplanin	
k141_1161452_7 # 6149 # 8053 # -1 # ID=174038_7;partial=00;start_type=ATG;rbs_motif=None;rbs_spacer=None;gc_cont=0.548	k141_1161452	6149	8053	-	Strict	50	115.2	vanW gene in vanI cluster	30.71	3003724	protein homolog model	n/a	n/a	glycopeptide antibiotic	antibiotic target alteration	vanW; glycopeptide resistance gene cluster	169.97	gnl|BL_ORD_ID|4747|hsp_num:0	2242			336	1098	vancomycin; teicoplanin	
k141_357400_159 # 152583 # 153446 # 1 # ID=174401_159;partial=00;start_type=ATG;rbs_motif=ATA;rbs_spacer=7bp;gc_cont=0.455	k141_357400	152583	153446	+	Strict	50	90.9	vanY gene in vanM cluster	38.0	3002961	protein homolog model	n/a	n/a	glycopeptide antibiotic	antibiotic target alteration	vanY; glycopeptide resistance gene cluster	123.18	gnl|BL_ORD_ID|1674|hsp_num:0	1713			126	534	vancomycin; teicoplanin	
k141_1165359_28 # 34135 # 35352 # 1 # ID=175984_28;partial=00;start_type=GTG;rbs_motif=None;rbs_spacer=None;gc_cont=0.452	k141_1165359	34135	35352	+	Strict	50	92.8	vanW gene in vanI cluster	34.81	3003724	protein homolog model	n/a	n/a	glycopeptide antibiotic	antibiotic target alteration	vanW; glycopeptide resistance gene cluster	108.58	gnl|BL_ORD_ID|4747|hsp_num:0	2242			636	1104	vancomycin; teicoplanin	
k141_1165466_3 # 1449 # 2144 # 1 # ID=176045_3;partial=00;start_type=GTG;rbs_motif=AATAA;rbs_spacer=5bp;gc_cont=0.430	k141_1165466	1449	2144	+	Strict	50	101.3	vanY gene in vanM cluster	33.51	3002961	protein homolog model	n/a	n/a	glycopeptide antibiotic	antibiotic target alteration	vanY; glycopeptide resistance gene cluster	99.14	gnl|BL_ORD_ID|1674|hsp_num:0	1713			21	540	vancomycin; teicoplanin	
k141_1166215_2 # 769 # 3909 # 1 # ID=176425_2;partial=00;start_type=ATG;rbs_motif=AGGAG;rbs_spacer=5-10bp;gc_cont=0.608	k141_1166215	769	3909	+	Strict	750	757.7	adeF	42.91	3000777	protein homolog model	n/a	n/a	fluoroquinolone antibiotic; tetracycline antibiotic	antibiotic efflux	resistance-nodulation-cell division (RND) antibiotic efflux pump	98.77	gnl|BL_ORD_ID|133|hsp_num:0	153			6	3111	tetracycline	
k141_1168740_3 # 1581 # 2438 # 1 # ID=177605_3;partial=00;start_type=ATG;rbs_motif=None;rbs_spacer=None;gc_cont=0.564	k141_1168740	1581	2438	+	Strict	500	545.4	RSA-1	99.65	3004444	protein homolog model	n/a	n/a	carbapenem; cephalosporin	antibiotic inactivation	RSA beta-lactamase	100.00	gnl|BL_ORD_ID|2494|hsp_num:0	2884			0	855		
k141_1168740_4 # 2580 # 3038 # 1 # ID=177605_4;partial=00;start_type=ATG;rbs_motif=None;rbs_spacer=None;gc_cont=0.399	k141_1168740	2580	3038	+	Strict	300	312.8	dfrA1	99.34	3002854	protein homolog model	n/a	n/a	diaminopyrimidine antibiotic	antibiotic target replacement	trimethoprim resistant dihydrofolate reductase dfr	96.82	gnl|BL_ORD_ID|1839|hsp_num:0	1992			15	471	trimethoprim	
k141_1168886_67 # 75980 # 78565 # 1 # ID=177708_67;partial=00;start_type=ATG;rbs_motif=None;rbs_spacer=None;gc_cont=0.439	k141_1168886	75980	78565	+	Strict	50	87.8	vanY gene in vanB cluster	29.7	3002956	protein homolog model	n/a	n/a	glycopeptide antibiotic	antibiotic target alteration	vanY; glycopeptide resistance gene cluster	321.27	gnl|BL_ORD_ID|603|hsp_num:0	556			240	801	vancomycin	
k141_364920_1 # 3 # 1184 # 1 # ID=177775_1;partial=11;start_type=Edge;rbs_motif=None;rbs_spacer=None;gc_cont=0.417	k141_364920	3	1184	+	Strict	50	92.4	vanW gene in vanI cluster	33.51	3003724	protein homolog model	n/a	n/a	glycopeptide antibiotic	antibiotic target alteration	vanW; glycopeptide resistance gene cluster	105.63	gnl|BL_ORD_ID|4747|hsp_num:0	2242			483	1005	vancomycin; teicoplanin	
k141_1171227_24 # 27915 # 28250 # 1 # ID=178831_24;partial=00;start_type=ATG;rbs_motif=None;rbs_spacer=None;gc_cont=0.449	k141_1171227	27915	28250	+	Strict	75	91.3	qacJ	47.62	3007014	protein homolog model	n/a	n/a	disinfecting agents and antiseptics	antibiotic efflux	small multidrug resistance (SMR) antibiotic efflux pump	103.74	gnl|BL_ORD_ID|4661|hsp_num:0	5730			6	321	benzalkonium chloride	
k141_1172825_1 # 1 # 1524 # 1 # ID=179601_1;partial=10;start_type=Edge;rbs_motif=None;rbs_spacer=None;gc_cont=0.375	k141_1172825	1	1524	+	Strict	300	900.2	tet(Q)	88.17	3000191	protein homolog model	n/a	n/a	tetracycline antibiotic	antibiotic target protection	tetracycline-resistant ribosomal protection protein	77.17	gnl|BL_ORD_ID|1220|hsp_num:0	1183			450	1971	tetracycline; doxycycline; minocycline; chlortetracycline; demeclocycline; oxytetracycline	
k141_1175698_3 # 1565 # 2893 # 1 # ID=180879_3;partial=00;start_type=ATG;rbs_motif=None;rbs_spacer=None;gc_cont=0.379	k141_1175698	1565	2893	+	Strict	50	151.4	vanW gene in vanI cluster	31.03	3003724	protein homolog model	n/a	n/a	glycopeptide antibiotic	antibiotic target alteration	vanW; glycopeptide resistance gene cluster	118.50	gnl|BL_ORD_ID|4747|hsp_num:0	2242			63	1047	vancomycin; teicoplanin	
k141_1179515_1 # 553 # 1653 # -1 # ID=182610_1;partial=01;start_type=Edge;rbs_motif=None;rbs_spacer=None;gc_cont=0.403	k141_1179515	553	1653	-	Strict	50	100.5	vanW gene in vanI cluster	30.1	3003724	protein homolog model	n/a	n/a	glycopeptide antibiotic	antibiotic target alteration	vanW; glycopeptide resistance gene cluster	98.12	gnl|BL_ORD_ID|4747|hsp_num:0	2242			462	1047	vancomycin; teicoplanin	
k141_1179765_2 # 53 # 1303 # -1 # ID=182759_2;partial=00;start_type=ATG;rbs_motif=AAA;rbs_spacer=3bp;gc_cont=0.445	k141_1179765	53	1303	-	Strict	175	206.5	vanT gene in vanG cluster	34.38	3002972	protein homolog model	n/a	n/a	glycopeptide antibiotic	antibiotic target alteration	glycopeptide resistance gene cluster; vanT	58.43	gnl|BL_ORD_ID|1523|hsp_num:0	1561			993	2118	vancomycin	
k141_1180126_2 # 706 # 2121 # 1 # ID=182928_2;partial=00;start_type=ATG;rbs_motif=None;rbs_spacer=None;gc_cont=0.382	k141_1180126	706	2121	+	Strict	50	114.0	vanW gene in vanI cluster	27.91	3003724	protein homolog model	n/a	n/a	glycopeptide antibiotic	antibiotic target alteration	vanW; glycopeptide resistance gene cluster	126.27	gnl|BL_ORD_ID|4747|hsp_num:0	2242			93	1059	vancomycin; teicoplanin	
k141_378180_1 # 3 # 863 # 1 # ID=184218_1;partial=10;start_type=Edge;rbs_motif=None;rbs_spacer=None;gc_cont=0.518	k141_378180	3	863	+	Strict	175	176.4	vanT gene in vanG cluster	37.8	3002972	protein homolog model	n/a	n/a	glycopeptide antibiotic	antibiotic target alteration	glycopeptide resistance gene cluster; vanT	40.17	gnl|BL_ORD_ID|1523|hsp_num:0	1561			1356	2118	vancomycin	
k141_1187307_9 # 6753 # 7574 # 1 # ID=186362_9;partial=00;start_type=ATG;rbs_motif=GGA/GAG/AGG;rbs_spacer=5-10bp;gc_cont=0.526	k141_1187307	6753	7574	+	Strict	500	524.2	bacA	99.63	3002986	protein homolog model	n/a	n/a	peptide antibiotic	antibiotic target alteration	undecaprenyl pyrophosphate related proteins	100.00	gnl|BL_ORD_ID|1682|hsp_num:0	1820			0	819	bacitracin; bacitracin A; bacitracin B; bacitracin F	
k141_383061_5 # 3185 # 3907 # -1 # ID=186568_5;partial=00;start_type=ATG;rbs_motif=GGA/GAG/AGG;rbs_spacer=5-10bp;gc_cont=0.541	k141_383061	3185	3907	-	Strict	450	482.6	baeR	99.58	3000828	protein homolog model	n/a	n/a	aminoglycoside antibiotic; aminocoumarin antibiotic	antibiotic efflux	resistance-nodulation-cell division (RND) antibiotic efflux pump	100.00	gnl|BL_ORD_ID|1232|hsp_num:0	1337			0	720	novobiocin	
k141_383061_6 # 3904 # 5307 # -1 # ID=186568_6;partial=00;start_type=ATG;rbs_motif=AGGAG;rbs_spacer=5-10bp;gc_cont=0.538	k141_383061	3904	5307	-	Perfect	850	927.9	baeS	100.0	3000829	protein homolog model	n/a	n/a	aminoglycoside antibiotic; aminocoumarin antibiotic	antibiotic efflux	resistance-nodulation-cell division (RND) antibiotic efflux pump	100.00	gnl|BL_ORD_ID|914|hsp_num:0	986			0	1401	novobiocin	
k141_383061_8 # 6720 # 9797 # -1 # ID=186568_8;partial=00;start_type=GTG;rbs_motif=AGGAG;rbs_spacer=5-10bp;gc_cont=0.561	k141_383061	6720	9797	-	Strict	1800	1919.1	mdtC	99.8	3000794	protein homolog model	n/a	n/a	aminocoumarin antibiotic	antibiotic efflux	resistance-nodulation-cell division (RND) antibiotic efflux pump	100.00	gnl|BL_ORD_ID|1213|hsp_num:0	1315			0	3075	novobiocin	
k141_383061_9 # 9798 # 12920 # -1 # ID=186568_9;partial=00;start_type=ATG;rbs_motif=AGGAG;rbs_spacer=5-10bp;gc_cont=0.568	k141_383061	9798	12920	-	Perfect	1800	1909.0	mdtB	100.0	3000793	protein homolog model	n/a	n/a	aminocoumarin antibiotic	antibiotic efflux	resistance-nodulation-cell division (RND) antibiotic efflux pump	100.00	gnl|BL_ORD_ID|758|hsp_num:0	820			0	3120	novobiocin	
k141_383061_10 # 12920 # 14167 # -1 # ID=186568_10;partial=00;start_type=ATG;rbs_motif=GGA/GAG/AGG;rbs_spacer=11-12bp;gc_cont=0.554	k141_383061	12920	14167	-	Strict	725	774.2	mdtA	99.28	3000792	protein homolog model	n/a	n/a	aminocoumarin antibiotic	antibiotic efflux	resistance-nodulation-cell division (RND) antibiotic efflux pump	100.00	gnl|BL_ORD_ID|354|hsp_num:0	387			0	1245	novobiocin	
k141_385007_1 # 3 # 1034 # -1 # ID=187468_1;partial=11;start_type=Edge;rbs_motif=None;rbs_spacer=None;gc_cont=0.328	k141_385007	3	1034	-	Strict	400	667.9	tetB(P)	98.55	3000195	protein homolog model	n/a	n/a	tetracycline antibiotic	antibiotic target protection	tetracycline-resistant ribosomal protection protein	52.76	gnl|BL_ORD_ID|738|hsp_num:0	804			732	1764	tetracycline; doxycycline; minocycline; chlortetracycline; demeclocycline; oxytetracycline	
k141_385398_2 # 1038 # 1400 # 1 # ID=187621_2;partial=00;start_type=ATG;rbs_motif=AGGAG;rbs_spacer=5-10bp;gc_cont=0.482	k141_385398	1038	1400	+	Strict	150	208.8	Klebsiella pneumoniae KpnE	95.83	3004580	protein homolog model	n/a	n/a	macrolide antibiotic; aminoglycoside antibiotic; cephalosporin; tetracycline antibiotic; peptide antibiotic; rifamycin antibiotic; disinfecting agents and antiseptics	antibiotic efflux	small multidrug resistance (SMR) antibiotic efflux pump	100.00	gnl|BL_ORD_ID|2720|hsp_num:0	3283			0	360	erythromycin; streptomycin; tetracycline; cefepime; ceftriaxone; rifampin; colistin A; colistin B; triclosan; benzalkonium chloride; chlorhexidine	
k141_385669_1 # 125 # 1249 # -1 # ID=187768_1;partial=00;start_type=GTG;rbs_motif=GGA/GAG/AGG;rbs_spacer=5-10bp;gc_cont=0.685	k141_385669	125	1249	-	Strict	175	182.6	vanT gene in vanG cluster	34.58	3002972	protein homolog model	n/a	n/a	glycopeptide antibiotic	antibiotic target alteration	glycopeptide resistance gene cluster; vanT	52.53	gnl|BL_ORD_ID|1523|hsp_num:0	1561			1014	2118	vancomycin	
k141_1191003_4 # 1936 # 2355 # 1 # ID=188173_4;partial=00;start_type=ATG;rbs_motif=GGAGG;rbs_spacer=5-10bp;gc_cont=0.607	k141_1191003	1936	2355	+	Strict	280	288.1	FosA6	99.28	3004111	protein homolog model	n/a	n/a	phosphonic acid antibiotic	antibiotic inactivation	fosfomycin thiol transferase	100.00	gnl|BL_ORD_ID|2398|hsp_num:0	2779			0	417	fosfomycin	
k141_1191989_1 # 2 # 736 # 1 # ID=188578_1;partial=10;start_type=Edge;rbs_motif=None;rbs_spacer=None;gc_cont=0.324	k141_1191989	2	736	+	Strict	400	461.1	LnuH	93.44	3004600	protein homolog model	n/a	n/a	lincosamide antibiotic	antibiotic inactivation	lincosamide nucleotidyltransferase (LNU)	93.85	gnl|BL_ORD_ID|4923|hsp_num:0	5916			36	768		
k141_388150_1 # 242 # 1150 # -1 # ID=188934_1;partial=00;start_type=ATG;rbs_motif=None;rbs_spacer=None;gc_cont=0.419	k141_388150	242	1150	-	Strict	50	76.6	vanY gene in vanM cluster	37.4	3002961	protein homolog model	n/a	n/a	glycopeptide antibiotic	antibiotic target alteration	vanY; glycopeptide resistance gene cluster	129.61	gnl|BL_ORD_ID|1674|hsp_num:0	1713			123	480	vancomycin; teicoplanin	
k141_388245_10 # 8881 # 10917 # -1 # ID=188989_10;partial=00;start_type=ATG;rbs_motif=None;rbs_spacer=None;gc_cont=0.373	k141_388245	8881	10917	-	Strict	50	100.1	vanW gene in vanI cluster	30.6	3003724	protein homolog model	n/a	n/a	glycopeptide antibiotic	antibiotic target alteration	vanW; glycopeptide resistance gene cluster	181.77	gnl|BL_ORD_ID|4747|hsp_num:0	2242			363	1002	vancomycin; teicoplanin	
k141_388245_19 # 15428 # 16477 # -1 # ID=188989_19;partial=00;start_type=ATG;rbs_motif=AAAA;rbs_spacer=11bp;gc_cont=0.361	k141_388245	15428	16477	-	Strict	50	137.9	vanW gene in vanG cluster	31.25	3002965	protein homolog model	n/a	n/a	glycopeptide antibiotic	antibiotic target alteration	vanW; glycopeptide resistance gene cluster	124.20	gnl|BL_ORD_ID|4742|hsp_num:0	1622			12	819	vancomycin	
k141_1193598_2 # 263 # 823 # 1 # ID=189325_2;partial=00;start_type=ATG;rbs_motif=GGxGG;rbs_spacer=5-10bp;gc_cont=0.494	k141_1193598	263	823	+	Perfect	300	379.8	dfrA23	100.0	3003019	protein homolog model	n/a	n/a	diaminopyrimidine antibiotic	antibiotic target replacement	trimethoprim resistant dihydrofolate reductase dfr	100.00	gnl|BL_ORD_ID|722|hsp_num:0	787			0	558	trimethoprim	
k141_391491_394 # 366899 # 368311 # -1 # ID=190653_394;partial=00;start_type=ATG;rbs_motif=None;rbs_spacer=None;gc_cont=0.364	k141_391491	366899	368311	-	Strict	50	106.3	vanW gene in vanI cluster	29.51	3003724	protein homolog model	n/a	n/a	glycopeptide antibiotic	antibiotic target alteration	vanW; glycopeptide resistance gene cluster	126.01	gnl|BL_ORD_ID|4747|hsp_num:0	2242			414	1098	vancomycin; teicoplanin	
k141_1197198_4 # 2540 # 3532 # 1 # ID=190867_4;partial=00;start_type=ATG;rbs_motif=None;rbs_spacer=None;gc_cont=0.679	k141_1197198	2540	3532	+	Strict	200	205.7	vanH gene in vanO cluster	40.88	3002948	protein homolog model	n/a	n/a	glycopeptide antibiotic	antibiotic target alteration	vanH; glycopeptide resistance gene cluster	94.29	gnl|BL_ORD_ID|762|hsp_num:0	786			219	1032	vancomycin	
k141_1199183_4 # 1025 # 2824 # -1 # ID=191797_4;partial=00;start_type=GTG;rbs_motif=GGAG/GAGG;rbs_spacer=5-10bp;gc_cont=0.591	k141_1199183	1025	2824	-	Strict	50	75.9	vanW gene in vanI cluster	32.21	3003724	protein homolog model	n/a	n/a	glycopeptide antibiotic	antibiotic target alteration	vanW; glycopeptide resistance gene cluster	160.59	gnl|BL_ORD_ID|4747|hsp_num:0	2242			603	1047	vancomycin; teicoplanin	
k141_1200734_3 # 1429 # 2604 # -1 # ID=192569_3;partial=00;start_type=ATG;rbs_motif=GGA/GAG/AGG;rbs_spacer=5-10bp;gc_cont=0.452	k141_1200734	1429	2604	-	Strict	175	211.8	vanT gene in vanG cluster	34.27	3002972	protein homolog model	n/a	n/a	glycopeptide antibiotic	antibiotic target alteration	glycopeptide resistance gene cluster; vanT	54.92	gnl|BL_ORD_ID|1523|hsp_num:0	1561			1008	2118	vancomycin	
k141_1200928_4 # 2990 # 3874 # 1 # ID=192669_4;partial=00;start_type=ATG;rbs_motif=AAAAA;rbs_spacer=11bp;gc_cont=0.369	k141_1200928	2990	3874	+	Strict	500	592.0	mphG	99.66	3003742	protein homolog model	n/a	n/a	macrolide antibiotic	antibiotic inactivation	macrolide phosphotransferase (MPH)	100.00	gnl|BL_ORD_ID|2042|hsp_num:0	2259			0	882	erythromycin; clarithromycin; azithromycin	
k141_395907_1 # 1 # 837 # 1 # ID=192804_1;partial=10;start_type=Edge;rbs_motif=None;rbs_spacer=None;gc_cont=0.372	k141_395907	1	837	+	Strict	50	82.0	vanY gene in vanB cluster	36.6	3002956	protein homolog model	n/a	n/a	glycopeptide antibiotic	antibiotic target alteration	vanY; glycopeptide resistance gene cluster	103.73	gnl|BL_ORD_ID|603|hsp_num:0	556			333	771	vancomycin	
k141_399042_5 # 2392 # 4044 # -1 # ID=194328_5;partial=00;start_type=ATG;rbs_motif=None;rbs_spacer=None;gc_cont=0.511	k141_399042	2392	4044	-	Strict	400	740.0	ArnT	63.7	3005053	protein homolog model	n/a	n/a	peptide antibiotic	antibiotic target alteration	pmr phosphoethanolamine transferase	99.82	gnl|BL_ORD_ID|2784|hsp_num:0	3795			0	1653	colistin A; colistin B	
k141_399042_8 # 6913 # 7881 # -1 # ID=194328_8;partial=00;start_type=ATG;rbs_motif=AGGA;rbs_spacer=5-10bp;gc_cont=0.499	k141_399042	6913	7881	-	Strict	550	630.6	PmrF	99.69	3003578	protein homolog model	n/a	n/a	peptide antibiotic	antibiotic target alteration	pmr phosphoethanolamine transferase	100.00	gnl|BL_ORD_ID|1938|hsp_num:0	2014			0	966	polymyxin B	
k141_400867_7 # 4041 # 4376 # 1 # ID=195193_7;partial=00;start_type=ATG;rbs_motif=GGAG/GAGG;rbs_spacer=5-10bp;gc_cont=0.616	k141_400867	4041	4376	+	Strict	75	78.2	qacJ	32.69	3007014	protein homolog model	n/a	n/a	disinfecting agents and antiseptics	antibiotic efflux	small multidrug resistance (SMR) antibiotic efflux pump	103.74	gnl|BL_ORD_ID|4661|hsp_num:0	5730			6	318	benzalkonium chloride	
k141_1206572_30 # 25104 # 28232 # -1 # ID=195212_30;partial=00;start_type=ATG;rbs_motif=AGGA;rbs_spacer=5-10bp;gc_cont=0.406	k141_1206572	25104	28232	-	Strict	750	860.1	adeF	45.73	3000777	protein homolog model	n/a	n/a	fluoroquinolone antibiotic; tetracycline antibiotic	antibiotic efflux	resistance-nodulation-cell division (RND) antibiotic efflux pump	98.39	gnl|BL_ORD_ID|133|hsp_num:0	153			9	3120	tetracycline	
k141_401531_515 # 539953 # 541059 # -1 # ID=195678_515;partial=00;start_type=ATG;rbs_motif=TAAA;rbs_spacer=11bp;gc_cont=0.379	k141_401531	539953	541059	-	Strict	175	198.0	vanT gene in vanG cluster	32.62	3002972	protein homolog model	n/a	n/a	glycopeptide antibiotic	antibiotic target alteration	glycopeptide resistance gene cluster; vanT	51.69	gnl|BL_ORD_ID|1523|hsp_num:0	1561			1035	2118	vancomycin	
k141_406286_4 # 1485 # 2291 # -1 # ID=197842_4;partial=00;start_type=GTG;rbs_motif=TAA;rbs_spacer=3bp;gc_cont=0.357	k141_406286	1485	2291	-	Strict	50	151.0	vanW gene in vanG cluster	30.08	3002965	protein homolog model	n/a	n/a	glycopeptide antibiotic	antibiotic target alteration	vanW; glycopeptide resistance gene cluster	95.37	gnl|BL_ORD_ID|4742|hsp_num:0	1622			27	822	vancomycin	
k141_406672_2 # 1713 # 3128 # 1 # ID=198043_2;partial=00;start_type=ATG;rbs_motif=None;rbs_spacer=None;gc_cont=0.362	k141_406672	1713	3128	+	Strict	50	99.8	vanW gene in vanI cluster	26.61	3003724	protein homolog model	n/a	n/a	glycopeptide antibiotic	antibiotic target alteration	vanW; glycopeptide resistance gene cluster	126.27	gnl|BL_ORD_ID|4747|hsp_num:0	2242			21	1002	vancomycin; teicoplanin	
k141_408611_1 # 169 # 915 # 1 # ID=198898_1;partial=00;start_type=ATG;rbs_motif=AATAA;rbs_spacer=14bp;gc_cont=0.384	k141_408611	169	915	+	Strict	50	110.5	vanY gene in vanG cluster	38.61	3002959	protein homolog model	n/a	n/a	glycopeptide antibiotic	antibiotic target alteration	vanY; glycopeptide resistance gene cluster	88.89	gnl|BL_ORD_ID|4731|hsp_num:0	298			255	816	vancomycin	
k141_409607_107 # 97382 # 98812 # 1 # ID=199493_107;partial=00;start_type=ATG;rbs_motif=None;rbs_spacer=None;gc_cont=0.425	k141_409607	97382	98812	+	Strict	50	116.3	vanW gene in vanI cluster	27.54	3003724	protein homolog model	n/a	n/a	glycopeptide antibiotic	antibiotic target alteration	vanW; glycopeptide resistance gene cluster	127.61	gnl|BL_ORD_ID|4747|hsp_num:0	2242			141	1083	vancomycin; teicoplanin	
k141_1216585_3 # 1826 # 4951 # 1 # ID=199658_3;partial=00;start_type=ATG;rbs_motif=TAA;rbs_spacer=9bp;gc_cont=0.399	k141_1216585	1826	4951	+	Strict	750	823.5	adeF	43.83	3000777	protein homolog model	n/a	n/a	fluoroquinolone antibiotic; tetracycline antibiotic	antibiotic efflux	resistance-nodulation-cell division (RND) antibiotic efflux pump	98.30	gnl|BL_ORD_ID|133|hsp_num:0	153			6	3156	tetracycline	
k141_410075_4 # 7195 # 11751 # 1 # ID=199738_4;partial=00;start_type=GTG;rbs_motif=None;rbs_spacer=None;gc_cont=0.587	k141_410075	7195	11751	+	Strict	750	839.0	adeF	44.1	3000777	protein homolog model	n/a	n/a	fluoroquinolone antibiotic; tetracycline antibiotic	antibiotic efflux	resistance-nodulation-cell division (RND) antibiotic efflux pump	143.34	gnl|BL_ORD_ID|133|hsp_num:0	153			0	3141	tetracycline	
k141_1217782_4 # 3142 # 6285 # -1 # ID=200125_4;partial=00;start_type=ATG;rbs_motif=GGAG/GAGG;rbs_spacer=5-10bp;gc_cont=0.553	k141_1217782	3142	6285	-	Strict	750	781.6	adeF	43.2	3000777	protein homolog model	n/a	n/a	fluoroquinolone antibiotic; tetracycline antibiotic	antibiotic efflux	resistance-nodulation-cell division (RND) antibiotic efflux pump	98.87	gnl|BL_ORD_ID|133|hsp_num:0	153			6	3102	tetracycline	
k141_1218167_5 # 3544 # 4809 # -1 # ID=200254_5;partial=01;start_type=Edge;rbs_motif=None;rbs_spacer=None;gc_cont=0.360	k141_1218167	3544	4809	-	Strict	50	145.6	vanW gene in vanI cluster	31.71	3003724	protein homolog model	n/a	n/a	glycopeptide antibiotic	antibiotic target alteration	vanW; glycopeptide resistance gene cluster	112.87	gnl|BL_ORD_ID|4747|hsp_num:0	2242			117	1047	vancomycin; teicoplanin	
k141_1223393_1 # 222 # 878 # 1 # ID=202656_1;partial=00;start_type=ATG;rbs_motif=GGAG/GAGG;rbs_spacer=5-10bp;gc_cont=0.370	k141_1223393	222	878	+	Perfect	400	461.8	QnrVC1	100.0	3002799	protein homolog model	n/a	n/a	fluoroquinolone antibiotic	antibiotic target protection	quinolone resistance protein (qnr)	100.00	gnl|BL_ORD_ID|1240|hsp_num:0	1351			0	654	ciprofloxacin; levofloxacin; moxifloxacin; gatifloxacin; nalidixic acid; norfloxacin; sparfloxacin	
k141_1223393_3 # 1481 # 1954 # 1 # ID=202656_3;partial=00;start_type=GTG;rbs_motif=GGA/GAG/AGG;rbs_spacer=5-10bp;gc_cont=0.403	k141_1223393	1481	1954	+	Strict	300	318.9	dfrA15	99.36	3003013	protein homolog model	n/a	n/a	diaminopyrimidine antibiotic	antibiotic target replacement	trimethoprim resistant dihydrofolate reductase dfr	100.00	gnl|BL_ORD_ID|1889|hsp_num:0	2051			0	471	trimethoprim	
k141_417340_8 # 6918 # 9872 # -1 # ID=203037_8;partial=01;start_type=Edge;rbs_motif=None;rbs_spacer=None;gc_cont=0.561	k141_417340	6918	9872	-	Strict	750	791.6	adeF	45.44	3000777	protein homolog model	n/a	n/a	fluoroquinolone antibiotic; tetracycline antibiotic	antibiotic efflux	resistance-nodulation-cell division (RND) antibiotic efflux pump	92.92	gnl|BL_ORD_ID|133|hsp_num:0	153			183	3129	tetracycline	
k141_417405_1 # 2 # 724 # 1 # ID=203074_1;partial=10;start_type=Edge;rbs_motif=None;rbs_spacer=None;gc_cont=0.357	k141_417405	2	724	+	Strict	50	65.9	vanY gene in vanM cluster	31.01	3002961	protein homolog model	n/a	n/a	glycopeptide antibiotic	antibiotic target alteration	vanY; glycopeptide resistance gene cluster	103.00	gnl|BL_ORD_ID|1674|hsp_num:0	1713			123	507	vancomycin; teicoplanin	
k141_417725_4 # 1852 # 3558 # 1 # ID=203227_4;partial=00;start_type=ATG;rbs_motif=GGA/GAG/AGG;rbs_spacer=5-10bp;gc_cont=0.453	k141_417725	1852	3558	+	Strict	600	1069.3	ICR-Mo	95.25	3004569	protein homolog model	n/a	n/a	peptide antibiotic	antibiotic target alteration	intrinsic colistin resistant phosphoethanolamine transferase	101.79	gnl|BL_ORD_ID|2715|hsp_num:0	3271			30	1674	colistin A; colistin B	
k141_1225118_2 # 220 # 2145 # -1 # ID=203469_2;partial=00;start_type=ATG;rbs_motif=None;rbs_spacer=None;gc_cont=0.419	k141_1225118	220	2145	-	Strict	50	99.0	vanW gene in vanI cluster	26.88	3003724	protein homolog model	n/a	n/a	glycopeptide antibiotic	antibiotic target alteration	vanW; glycopeptide resistance gene cluster	171.85	gnl|BL_ORD_ID|4747|hsp_num:0	2242			366	1092	vancomycin; teicoplanin	
k141_1225512_1 # 415 # 2370 # -1 # ID=203734_1;partial=00;start_type=ATG;rbs_motif=GGAG/GAGG;rbs_spacer=5-10bp;gc_cont=0.322	k141_1225512	415	2370	-	Strict	400	1035.0	tetB(P)	79.23	3000195	protein homolog model	n/a	n/a	tetracycline antibiotic	antibiotic target protection	tetracycline-resistant ribosomal protection protein	99.85	gnl|BL_ORD_ID|738|hsp_num:0	804			6	1956	tetracycline; doxycycline; minocycline; chlortetracycline; demeclocycline; oxytetracycline	
k141_420519_4 # 2950 # 6096 # 1 # ID=204442_4;partial=00;start_type=ATG;rbs_motif=GGAG/GAGG;rbs_spacer=5-10bp;gc_cont=0.498	k141_420519	2950	6096	+	Strict	750	779.2	adeF	44.5	3000777	protein homolog model	n/a	n/a	fluoroquinolone antibiotic; tetracycline antibiotic	antibiotic efflux	resistance-nodulation-cell division (RND) antibiotic efflux pump	98.96	gnl|BL_ORD_ID|133|hsp_num:0	153			6	3126	tetracycline	
k141_1227480_1 # 251 # 1411 # 1 # ID=204652_1;partial=00;start_type=ATG;rbs_motif=GGA/GAG/AGG;rbs_spacer=11-12bp;gc_cont=0.366	k141_1227480	251	1411	+	Strict	175	176.0	vanT gene in vanG cluster	29.92	3002972	protein homolog model	n/a	n/a	glycopeptide antibiotic	antibiotic target alteration	glycopeptide resistance gene cluster; vanT	54.21	gnl|BL_ORD_ID|1523|hsp_num:0	1561			1038	2106	vancomycin	
k141_1229550_3 # 561 # 1298 # -1 # ID=205690_3;partial=00;start_type=ATG;rbs_motif=AGGAG;rbs_spacer=5-10bp;gc_cont=0.331	k141_1229550	561	1298	-	Strict	400	474.9	ErmB	97.96	3000375	protein homolog model	n/a	n/a	macrolide antibiotic; lincosamide antibiotic; streptogramin antibiotic; streptogramin A antibiotic; streptogramin B antibiotic	antibiotic target alteration	Erm 23S ribosomal RNA methyltransferase	98.79	gnl|BL_ORD_ID|1425|hsp_num:0	1549			0	735	erythromycin; roxithromycin; lincomycin; telithromycin; clarithromycin; clindamycin; tylosin; spiramycin; azithromycin; dirithromycin; pristinamycin IA; quinupristin; virginiamycin M1; madumycin II; griseoviridin; dalfopristin; pristinamycin IB; virginiamycin S2; pristinamycin IC; vernamycin C; patricin A; patricin B; ostreogrycin B3; oleandomycin	
k141_1233524_2 # 454 # 3582 # 1 # ID=207428_2;partial=00;start_type=ATG;rbs_motif=AGGA;rbs_spacer=5-10bp;gc_cont=0.297	k141_1233524	454	3582	+	Strict	750	839.0	adeF	45.44	3000777	protein homolog model	n/a	n/a	fluoroquinolone antibiotic; tetracycline antibiotic	antibiotic efflux	resistance-nodulation-cell division (RND) antibiotic efflux pump	98.39	gnl|BL_ORD_ID|133|hsp_num:0	153			9	3120	tetracycline	
k141_1233601_4 # 2360 # 3058 # 1 # ID=207474_4;partial=01;start_type=ATG;rbs_motif=TAA;rbs_spacer=12bp;gc_cont=0.363	k141_1233601	2360	3058	+	Strict	50	55.8	vanY gene in vanF cluster	26.84	3002958	protein homolog model	n/a	n/a	glycopeptide antibiotic	antibiotic target alteration	vanY; glycopeptide resistance gene cluster	79.52	gnl|BL_ORD_ID|1809|hsp_num:0	1899			15	594	vancomycin	
k141_1233609_16 # 15134 # 18268 # -1 # ID=207484_16;partial=00;start_type=ATG;rbs_motif=GGA/GAG/AGG;rbs_spacer=5-10bp;gc_cont=0.407	k141_1233609	15134	18268	-	Strict	750	854.0	adeF	44.97	3000777	protein homolog model	n/a	n/a	fluoroquinolone antibiotic; tetracycline antibiotic	antibiotic efflux	resistance-nodulation-cell division (RND) antibiotic efflux pump	98.58	gnl|BL_ORD_ID|133|hsp_num:0	153			6	3126	tetracycline	
k141_427185_2 # 197 # 1660 # -1 # ID=207549_2;partial=00;start_type=ATG;rbs_motif=GGAG/GAGG;rbs_spacer=5-10bp;gc_cont=0.334	k141_427185	197	1660	-	Strict	50	100.9	vanW gene in vanI cluster	28.87	3003724	protein homolog model	n/a	n/a	glycopeptide antibiotic	antibiotic target alteration	vanW; glycopeptide resistance gene cluster	130.56	gnl|BL_ORD_ID|4747|hsp_num:0	2242			387	1083	vancomycin; teicoplanin	
k141_427709_3 # 650 # 1909 # 1 # ID=207771_3;partial=00;start_type=ATG;rbs_motif=AGGAG;rbs_spacer=5-10bp;gc_cont=0.367	k141_427709	650	1909	+	Strict	700	762.7	EreB	86.16	3000363	protein homolog model	n/a	n/a	macrolide antibiotic	antibiotic inactivation	macrolide esterase	100.00	gnl|BL_ORD_ID|1772|hsp_num:0	1921			0	1257	erythromycin; roxithromycin; clarithromycin; azithromycin	
k141_1234882_2 # 281 # 1141 # 1 # ID=208100_2;partial=01;start_type=GTG;rbs_motif=AATAA;rbs_spacer=4bp;gc_cont=0.418	k141_1234882	281	1141	+	Strict	50	68.2	vanY gene in vanB cluster	29.78	3002956	protein homolog model	n/a	n/a	glycopeptide antibiotic	antibiotic target alteration	vanY; glycopeptide resistance gene cluster	107.09	gnl|BL_ORD_ID|603|hsp_num:0	556			258	765	vancomycin	
k141_430916_2 # 565 # 897 # 1 # ID=209313_2;partial=00;start_type=ATG;rbs_motif=AGGA;rbs_spacer=5-10bp;gc_cont=0.547	k141_430916	565	897	+	Strict	75	85.9	qacG	39.42	3007015	protein homolog model	n/a	n/a	disinfecting agents and antiseptics	antibiotic efflux	small multidrug resistance (SMR) antibiotic efflux pump	102.80	gnl|BL_ORD_ID|4662|hsp_num:0	5731			6	318	benzalkonium chloride	
k141_433029_2 # 1326 # 1655 # -1 # ID=210255_2;partial=00;start_type=ATG;rbs_motif=TAA;rbs_spacer=12bp;gc_cont=0.330	k141_433029	1326	1655	-	Strict	75	110.9	qacJ	49.06	3007014	protein homolog model	n/a	n/a	disinfecting agents and antiseptics	antibiotic efflux	small multidrug resistance (SMR) antibiotic efflux pump	101.87	gnl|BL_ORD_ID|4661|hsp_num:0	5730			0	318	benzalkonium chloride	
k141_434206_1 # 238 # 1149 # -1 # ID=210823_1;partial=00;start_type=ATG;rbs_motif=AGGAG;rbs_spacer=5-10bp;gc_cont=0.312	k141_434206	238	1149	-	Strict	550	553.9	VEB-19	92.31	3006214	protein homolog model	n/a	n/a	monobactam; cephalosporin	antibiotic inactivation	VEB beta-lactamase	101.34	gnl|BL_ORD_ID|4610|hsp_num:0	5680			0	897		
k141_434667_1 # 160 # 1011 # -1 # ID=211043_1;partial=00;start_type=ATG;rbs_motif=GGA/GAG/AGG;rbs_spacer=5-10bp;gc_cont=0.553	k141_434667	160	1011	-	Perfect	500	582.0	RSA-2	100.0	3004445	protein homolog model	n/a	n/a	carbapenem; cephalosporin	antibiotic inactivation	RSA beta-lactamase	100.00	gnl|BL_ORD_ID|2495|hsp_num:0	2885			0	849		
k141_1244865_3 # 582 # 1712 # -1 # ID=212549_3;partial=00;start_type=ATG;rbs_motif=AGxAGG/AGGxGG;rbs_spacer=5-10bp;gc_cont=0.462	k141_1244865	582	1712	-	Strict	175	231.5	vanT gene in vanG cluster	37.46	3002972	protein homolog model	n/a	n/a	glycopeptide antibiotic	antibiotic target alteration	glycopeptide resistance gene cluster; vanT	52.81	gnl|BL_ORD_ID|1523|hsp_num:0	1561			1026	2067	vancomycin	
k141_438624_5 # 4335 # 4667 # 1 # ID=212803_5;partial=00;start_type=ATG;rbs_motif=GGAGG;rbs_spacer=5-10bp;gc_cont=0.381	k141_438624	4335	4667	+	Strict	75	89.0	qacG	38.32	3007015	protein homolog model	n/a	n/a	disinfecting agents and antiseptics	antibiotic efflux	small multidrug resistance (SMR) antibiotic efflux pump	102.80	gnl|BL_ORD_ID|4662|hsp_num:0	5731			0	318	benzalkonium chloride	
k141_440649_5 # 2494 # 3618 # 1 # ID=213838_5;partial=00;start_type=ATG;rbs_motif=None;rbs_spacer=None;gc_cont=0.431	k141_440649	2494	3618	+	Strict	175	265.8	vanT gene in vanG cluster	41.14	3002972	protein homolog model	n/a	n/a	glycopeptide antibiotic	antibiotic target alteration	glycopeptide resistance gene cluster; vanT	52.53	gnl|BL_ORD_ID|1523|hsp_num:0	1561			1035	2118	vancomycin	
k141_1249248_2 # 1687 # 1893 # 1 # ID=214405_2;partial=00;start_type=ATG;rbs_motif=AGGAG;rbs_spacer=5-10bp;gc_cont=0.396	k141_1249248	1687	1893	+	Strict	100	100.9	rsmA	85.25	3005069	protein homolog model	n/a	n/a	fluoroquinolone antibiotic; diaminopyrimidine antibiotic; phenicol antibiotic	antibiotic efflux	resistance-nodulation-cell division (RND) antibiotic efflux pump	111.48	gnl|BL_ORD_ID|2793|hsp_num:0	3807			0	183	trimethoprim; chloramphenicol	
k141_442183_30 # 26130 # 29354 # 1 # ID=214518_30;partial=00;start_type=ATG;rbs_motif=GGAG/GAGG;rbs_spacer=5-10bp;gc_cont=0.642	k141_442183	26130	29354	+	Strict	750	857.4	adeF	45.88	3000777	protein homolog model	n/a	n/a	fluoroquinolone antibiotic; tetracycline antibiotic	antibiotic efflux	resistance-nodulation-cell division (RND) antibiotic efflux pump	101.42	gnl|BL_ORD_ID|133|hsp_num:0	153			9	3102	tetracycline	
k141_1249896_6 # 4323 # 5417 # 1 # ID=214711_6;partial=00;start_type=ATG;rbs_motif=GGA/GAG/AGG;rbs_spacer=5-10bp;gc_cont=0.474	k141_1249896	4323	5417	+	Strict	175	215.3	vanT gene in vanG cluster	34.7	3002972	protein homolog model	n/a	n/a	glycopeptide antibiotic	antibiotic target alteration	glycopeptide resistance gene cluster; vanT	51.12	gnl|BL_ORD_ID|1523|hsp_num:0	1561			1035	2118	vancomycin	
k141_1250400_1 # 412 # 744 # 1 # ID=214976_1;partial=00;start_type=ATG;rbs_motif=GGAG/GAGG;rbs_spacer=5-10bp;gc_cont=0.432	k141_1250400	412	744	+	Strict	75	89.7	qacG	41.67	3007015	protein homolog model	n/a	n/a	disinfecting agents and antiseptics	antibiotic efflux	small multidrug resistance (SMR) antibiotic efflux pump	102.80	gnl|BL_ORD_ID|4662|hsp_num:0	5731			3	321	benzalkonium chloride	
k141_1252120_3 # 2651 # 3469 # 1 # ID=215749_3;partial=00;start_type=ATG;rbs_motif=GGA/GAG/AGG;rbs_spacer=11-12bp;gc_cont=0.520	k141_1252120	2651	3469	+	Strict	50	144.8	vanW gene in vanB cluster	31.6	3002964	protein homolog model	n/a	n/a	glycopeptide antibiotic	antibiotic target alteration	vanW; glycopeptide resistance gene cluster	98.91	gnl|BL_ORD_ID|4679|hsp_num:0	1036			114	804	vancomycin	
k141_451480_3 # 2227 # 3423 # -1 # ID=218524_3;partial=00;start_type=ATG;rbs_motif=None;rbs_spacer=None;gc_cont=0.590	k141_451480	2227	3423	-	Strict	175	176.4	vanT gene in vanG cluster	28.87	3002972	protein homolog model	n/a	n/a	glycopeptide antibiotic	antibiotic target alteration	glycopeptide resistance gene cluster; vanT	55.90	gnl|BL_ORD_ID|1523|hsp_num:0	1561			981	2118	vancomycin	
k141_1259021_2 # 325 # 657 # 1 # ID=218899_2;partial=00;start_type=ATG;rbs_motif=None;rbs_spacer=None;gc_cont=0.697	k141_1259021	325	657	+	Strict	75	79.7	qacG	35.24	3007015	protein homolog model	n/a	n/a	disinfecting agents and antiseptics	antibiotic efflux	small multidrug resistance (SMR) antibiotic efflux pump	102.80	gnl|BL_ORD_ID|4662|hsp_num:0	5731			3	318	benzalkonium chloride	
k141_452346_3 # 1252 # 2403 # -1 # ID=218986_3;partial=00;start_type=ATG;rbs_motif=GGAG/GAGG;rbs_spacer=5-10bp;gc_cont=0.419	k141_452346	1252	2403	-	Strict	175	181.8	vanT gene in vanG cluster	34.43	3002972	protein homolog model	n/a	n/a	glycopeptide antibiotic	antibiotic target alteration	glycopeptide resistance gene cluster; vanT	53.79	gnl|BL_ORD_ID|1523|hsp_num:0	1561			1044	2118	vancomycin	
k141_454044_16 # 19543 # 20352 # 1 # ID=219783_16;partial=00;start_type=ATG;rbs_motif=AGGAG;rbs_spacer=5-10bp;gc_cont=0.440	k141_454044	19543	20352	+	Strict	50	55.5	vanY gene in vanA cluster	30.83	3002955	protein homolog model	n/a	n/a	glycopeptide antibiotic	antibiotic target alteration	vanY; glycopeptide resistance gene cluster	88.78	gnl|BL_ORD_ID|4668|hsp_num:0	89			318	654	vancomycin; teicoplanin	
k141_1261151_2 # 2006 # 3154 # 1 # ID=219909_2;partial=00;start_type=ATG;rbs_motif=None;rbs_spacer=None;gc_cont=0.554	k141_1261151	2006	3154	+	Strict	175	203.4	vanT gene in vanG cluster	34.68	3002972	protein homolog model	n/a	n/a	glycopeptide antibiotic	antibiotic target alteration	glycopeptide resistance gene cluster; vanT	53.65	gnl|BL_ORD_ID|1523|hsp_num:0	1561			1032	2118	vancomycin	
k141_454242_72 # 71448 # 72806 # 1 # ID=219940_72;partial=00;start_type=GTG;rbs_motif=None;rbs_spacer=None;gc_cont=0.687	k141_454242	71448	72806	+	Strict	50	82.4	vanW gene in vanI cluster	30.65	3003724	protein homolog model	n/a	n/a	glycopeptide antibiotic	antibiotic target alteration	vanW; glycopeptide resistance gene cluster	121.18	gnl|BL_ORD_ID|4747|hsp_num:0	2242			465	1020	vancomycin; teicoplanin	
k141_1261684_3 # 1923 # 2255 # -1 # ID=220111_3;partial=00;start_type=ATG;rbs_motif=AGGA/GGAG/GAGG;rbs_spacer=11-12bp;gc_cont=0.432	k141_1261684	1923	2255	-	Strict	190	221.1	Escherichia coli emrE	98.18	3004039	protein homolog model	n/a	n/a	macrolide antibiotic	antibiotic efflux	small multidrug resistance (SMR) antibiotic efflux pump	100.00	gnl|BL_ORD_ID|2318|hsp_num:0	2656			0	330	erythromycin	
k141_1262530_27 # 26907 # 28868 # -1 # ID=220451_27;partial=00;start_type=ATG;rbs_motif=None;rbs_spacer=None;gc_cont=0.522	k141_1262530	26907	28868	-	Strict	50	85.1	vanW gene in vanI cluster	27.17	3003724	protein homolog model	n/a	n/a	glycopeptide antibiotic	antibiotic target alteration	vanW; glycopeptide resistance gene cluster	175.07	gnl|BL_ORD_ID|4747|hsp_num:0	2242			405	1083	vancomycin; teicoplanin	
k141_1264139_10 # 8071 # 9381 # -1 # ID=221224_10;partial=00;start_type=TTG;rbs_motif=None;rbs_spacer=None;gc_cont=0.620	k141_1264139	8071	9381	-	Strict	50	97.1	vanW gene in vanI cluster	31.82	3003724	protein homolog model	n/a	n/a	glycopeptide antibiotic	antibiotic target alteration	vanW; glycopeptide resistance gene cluster	116.89	gnl|BL_ORD_ID|4747|hsp_num:0	2242			450	1020	vancomycin; teicoplanin	
k141_456971_2 # 1526 # 4648 # -1 # ID=221264_2;partial=00;start_type=ATG;rbs_motif=AGxAGG/AGGxGG;rbs_spacer=5-10bp;gc_cont=0.671	k141_456971	1526	4648	-	Strict	750	822.4	adeF	45.08	3000777	protein homolog model	n/a	n/a	fluoroquinolone antibiotic; tetracycline antibiotic	antibiotic efflux	resistance-nodulation-cell division (RND) antibiotic efflux pump	98.21	gnl|BL_ORD_ID|133|hsp_num:0	153			6	3093	tetracycline	
k141_1266111_5 # 6082 # 6387 # 1 # ID=222208_5;partial=01;start_type=ATG;rbs_motif=GGA/GAG/AGG;rbs_spacer=5-10bp;gc_cont=0.575	k141_1266111	6082	6387	+	Strict	50	61.2	vanW gene in vanG cluster	35.21	3002965	protein homolog model	n/a	n/a	glycopeptide antibiotic	antibiotic target alteration	vanW; glycopeptide resistance gene cluster	36.30	gnl|BL_ORD_ID|4742|hsp_num:0	1622			225	438	vancomycin	
k141_1266785_5 # 1975 # 2319 # -1 # ID=222536_5;partial=00;start_type=ATG;rbs_motif=None;rbs_spacer=None;gc_cont=0.336	k141_1266785	1975	2319	-	Strict	75	97.4	qacG	47.12	3007015	protein homolog model	n/a	n/a	disinfecting agents and antiseptics	antibiotic efflux	small multidrug resistance (SMR) antibiotic efflux pump	106.54	gnl|BL_ORD_ID|4662|hsp_num:0	5731			6	318	benzalkonium chloride	
k141_1270865_56 # 56969 # 58114 # 1 # ID=224521_56;partial=00;start_type=ATG;rbs_motif=None;rbs_spacer=None;gc_cont=0.533	k141_1270865	56969	58114	+	Strict	175	192.6	vanT gene in vanG cluster	31.2	3002972	protein homolog model	n/a	n/a	glycopeptide antibiotic	antibiotic target alteration	glycopeptide resistance gene cluster; vanT	53.51	gnl|BL_ORD_ID|1523|hsp_num:0	1561			1014	2106	vancomycin	
k141_1272316_1 # 2 # 514 # 1 # ID=225106_1;partial=10;start_type=Edge;rbs_motif=None;rbs_spacer=None;gc_cont=0.376	k141_1272316	2	514	+	Strict	50	103.2	vanW gene in vanG cluster	34.81	3002965	protein homolog model	n/a	n/a	glycopeptide antibiotic	antibiotic target alteration	vanW; glycopeptide resistance gene cluster	60.50	gnl|BL_ORD_ID|4742|hsp_num:0	1622			330	714	vancomycin	
k141_465957_3 # 509 # 2245 # 1 # ID=225496_3;partial=01;start_type=ATG;rbs_motif=None;rbs_spacer=None;gc_cont=0.517	k141_465957	509	2245	+	Strict	50	104.4	vanW gene in vanI cluster	33.65	3003724	protein homolog model	n/a	n/a	glycopeptide antibiotic	antibiotic target alteration	vanW; glycopeptide resistance gene cluster	155.23	gnl|BL_ORD_ID|4747|hsp_num:0	2242			411	1002	vancomycin; teicoplanin	
k141_466077_2 # 353 # 1078 # 1 # ID=225554_2;partial=00;start_type=ATG;rbs_motif=GGAG/GAGG;rbs_spacer=5-10bp;gc_cont=0.331	k141_466077	353	1078	+	Strict	50	223.8	vanY gene in vanB cluster	47.37	3002956	protein homolog model	n/a	n/a	glycopeptide antibiotic	antibiotic target alteration	vanY; glycopeptide resistance gene cluster	89.93	gnl|BL_ORD_ID|603|hsp_num:0	556			66	804	vancomycin	
k141_467250_15 # 14559 # 17720 # -1 # ID=226143_15;partial=00;start_type=GTG;rbs_motif=GGA/GAG/AGG;rbs_spacer=5-10bp;gc_cont=0.637	k141_467250	14559	17720	-	Strict	750	984.9	adeF	51.63	3000777	protein homolog model	n/a	n/a	fluoroquinolone antibiotic; tetracycline antibiotic	antibiotic efflux	resistance-nodulation-cell division (RND) antibiotic efflux pump	99.43	gnl|BL_ORD_ID|133|hsp_num:0	153			6	3111	tetracycline	
k141_467264_1 # 234 # 566 # 1 # ID=226152_1;partial=00;start_type=ATG;rbs_motif=GGAG/GAGG;rbs_spacer=5-10bp;gc_cont=0.471	k141_467264	234	566	+	Strict	75	91.7	qacG	41.9	3007015	protein homolog model	n/a	n/a	disinfecting agents and antiseptics	antibiotic efflux	small multidrug resistance (SMR) antibiotic efflux pump	102.80	gnl|BL_ORD_ID|4662|hsp_num:0	5731			3	318	benzalkonium chloride	
k141_467264_7 # 4914 # 5777 # 1 # ID=226152_7;partial=00;start_type=ATG;rbs_motif=GGA/GAG/AGG;rbs_spacer=5-10bp;gc_cont=0.532	k141_467264	4914	5777	+	Perfect	550	567.0	GES-1	100.0	3002330	protein homolog model	n/a	n/a	carbapenem; cephalosporin; penam	antibiotic inactivation	GES beta-lactamase	100.00	gnl|BL_ORD_ID|867|hsp_num:0	941			0	861		
k141_467265_1 # 3 # 788 # -1 # ID=226153_1;partial=10;start_type=ATG;rbs_motif=GGA/GAG/AGG;rbs_spacer=11-12bp;gc_cont=0.539	k141_467265	3	788	-	Strict	450	473.8	aadA6	89.69	3002606	protein homolog model	n/a	n/a	aminoglycoside antibiotic	antibiotic inactivation	ANT(3'')	93.24	gnl|BL_ORD_ID|1852|hsp_num:0	2009			0	786	spectinomycin; streptomycin	
k141_467265_2 # 862 # 1194 # -1 # ID=226153_2;partial=00;start_type=GTG;rbs_motif=AGGAG;rbs_spacer=5-10bp;gc_cont=0.514	k141_467265	862	1194	-	Strict	180	209.5	qacL	99.09	3005098	protein homolog model	n/a	n/a	disinfecting agents and antiseptics	antibiotic efflux	small multidrug resistance (SMR) antibiotic efflux pump	100.00	gnl|BL_ORD_ID|2815|hsp_num:0	3830			0	330		
k141_467384_1 # 3 # 164 # 1 # ID=226189_1;partial=10;start_type=Edge;rbs_motif=None;rbs_spacer=None;gc_cont=0.481	k141_467384	3	164	+	Strict	50	52.4	vanY gene in vanA cluster	51.16	3002955	protein homolog model	n/a	n/a	glycopeptide antibiotic	antibiotic target alteration	vanY; glycopeptide resistance gene cluster	17.49	gnl|BL_ORD_ID|4668|hsp_num:0	89			588	714	vancomycin; teicoplanin	
k141_467629_23 # 32441 # 34315 # 1 # ID=226299_23;partial=00;start_type=ATG;rbs_motif=AGxAG;rbs_spacer=5-10bp;gc_cont=0.557	k141_467629	32441	34315	+	Strict	50	102.8	vanW gene in vanI cluster	32.75	3003724	protein homolog model	n/a	n/a	glycopeptide antibiotic	antibiotic target alteration	vanW; glycopeptide resistance gene cluster	167.29	gnl|BL_ORD_ID|4747|hsp_num:0	2242			588	1098	vancomycin; teicoplanin	
k141_1275068_1 # 2 # 781 # -1 # ID=226447_1;partial=10;start_type=ATG;rbs_motif=GGAG/GAGG;rbs_spacer=5-10bp;gc_cont=0.299	k141_1275068	2	781	-	Strict	300	504.2	tet(44)	98.08	3000556	protein homolog model	n/a	n/a	tetracycline antibiotic	antibiotic target protection	tetracycline-resistant ribosomal protection protein	40.62	gnl|BL_ORD_ID|1198|hsp_num:0	1171			0	780	tetracycline; doxycycline; minocycline; chlortetracycline; demeclocycline; oxytetracycline	
k141_468098_25 # 22212 # 23345 # 1 # ID=226559_25;partial=00;start_type=ATG;rbs_motif=None;rbs_spacer=None;gc_cont=0.590	k141_468098	22212	23345	+	Strict	175	212.2	vanT gene in vanG cluster	34.07	3002972	protein homolog model	n/a	n/a	glycopeptide antibiotic	antibiotic target alteration	glycopeptide resistance gene cluster; vanT	52.95	gnl|BL_ORD_ID|1523|hsp_num:0	1561			1029	2106	vancomycin	
k141_1275489_2 # 327 # 671 # -1 # ID=226619_2;partial=00;start_type=ATG;rbs_motif=AGGA;rbs_spacer=5-10bp;gc_cont=0.397	k141_1275489	327	671	-	Strict	75	92.4	qacG	46.15	3007015	protein homolog model	n/a	n/a	disinfecting agents and antiseptics	antibiotic efflux	small multidrug resistance (SMR) antibiotic efflux pump	106.54	gnl|BL_ORD_ID|4662|hsp_num:0	5731			6	318	benzalkonium chloride	
k141_1275722_22 # 22037 # 22906 # -1 # ID=226748_22;partial=00;start_type=ATG;rbs_motif=TAA;rbs_spacer=7bp;gc_cont=0.389	k141_1275722	22037	22906	-	Strict	50	81.3	vanY gene in vanM cluster	35.46	3002961	protein homolog model	n/a	n/a	glycopeptide antibiotic	antibiotic target alteration	vanY; glycopeptide resistance gene cluster	124.03	gnl|BL_ORD_ID|1674|hsp_num:0	1713			123	510	vancomycin; teicoplanin	
k141_469020_12 # 16831 # 17670 # 1 # ID=227013_12;partial=00;start_type=ATG;rbs_motif=AATAA;rbs_spacer=6bp;gc_cont=0.449	k141_469020	16831	17670	+	Strict	50	139.0	vanW gene in vanG cluster	30.27	3002965	protein homolog model	n/a	n/a	glycopeptide antibiotic	antibiotic target alteration	vanW; glycopeptide resistance gene cluster	99.29	gnl|BL_ORD_ID|4742|hsp_num:0	1622			27	804	vancomycin	
k141_1276972_20 # 18168 # 19316 # 1 # ID=227371_20;partial=00;start_type=ATG;rbs_motif=GGA/GAG/AGG;rbs_spacer=11-12bp;gc_cont=0.464	k141_1276972	18168	19316	+	Strict	175	194.5	vanT gene in vanG cluster	31.89	3002972	protein homolog model	n/a	n/a	glycopeptide antibiotic	antibiotic target alteration	glycopeptide resistance gene cluster; vanT	53.65	gnl|BL_ORD_ID|1523|hsp_num:0	1561			1035	2118	vancomycin	
k141_470622_2 # 500 # 1726 # -1 # ID=227740_2;partial=00;start_type=GTG;rbs_motif=AGxAGG/AGGxGG;rbs_spacer=11-12bp;gc_cont=0.737	k141_470622	500	1726	-	Strict	175	201.4	vanT gene in vanG cluster	34.03	3002972	protein homolog model	n/a	n/a	glycopeptide antibiotic	antibiotic target alteration	glycopeptide resistance gene cluster; vanT	57.30	gnl|BL_ORD_ID|1523|hsp_num:0	1561			1014	2133	vancomycin	
k141_472762_3 # 634 # 969 # 1 # ID=228733_3;partial=00;start_type=ATG;rbs_motif=GGAG/GAGG;rbs_spacer=5-10bp;gc_cont=0.595	k141_472762	634	969	+	Strict	75	88.2	qacG	39.42	3007015	protein homolog model	n/a	n/a	disinfecting agents and antiseptics	antibiotic efflux	small multidrug resistance (SMR) antibiotic efflux pump	103.74	gnl|BL_ORD_ID|4662|hsp_num:0	5731			6	318	benzalkonium chloride	
k141_473127_2 # 539 # 2182 # 1 # ID=228991_2;partial=00;start_type=ATG;rbs_motif=None;rbs_spacer=None;gc_cont=0.535	k141_473127	539	2182	+	Perfect	1050	1061.2	YojI	100.0	3003952	protein homolog model	n/a	n/a	peptide antibiotic	antibiotic efflux	ATP-binding cassette (ABC) antibiotic efflux pump	100.00	gnl|BL_ORD_ID|4708|hsp_num:0	2424			0	1641	microcin J25	
k141_1281249_2 # 283 # 1086 # -1 # ID=229364_2;partial=00;start_type=ATG;rbs_motif=None;rbs_spacer=None;gc_cont=0.400	k141_1281249	283	1086	-	Strict	500	526.6	OXA-5	99.63	3001400	protein homolog model	n/a	n/a	carbapenem; cephalosporin; penam	antibiotic inactivation	OXA beta-lactamase	100.00	gnl|BL_ORD_ID|838|hsp_num:0	909			0	801	cloxacillin; oxacillin; cefalotin	
k141_477443_12 # 12593 # 13537 # -1 # ID=231067_12;partial=00;start_type=ATG;rbs_motif=GGAG/GAGG;rbs_spacer=5-10bp;gc_cont=0.459	k141_477443	12593	13537	-	Strict	500	625.5	leuO	99.36	3003843	protein homolog model	n/a	n/a	nucleoside antibiotic; disinfecting agents and antiseptics	antibiotic efflux	major facilitator superfamily (MFS) antibiotic efflux pump	100.00	gnl|BL_ORD_ID|4927|hsp_num:0	5921			0	942	acriflavine; puromycin	
k141_478189_38 # 42490 # 42804 # 1 # ID=231472_38;partial=00;start_type=ATG;rbs_motif=GGA/GAG/AGG;rbs_spacer=11-12bp;gc_cont=0.571	k141_478189	42490	42804	+	Strict	75	80.5	qacG	41.18	3007015	protein homolog model	n/a	n/a	disinfecting agents and antiseptics	antibiotic efflux	small multidrug resistance (SMR) antibiotic efflux pump	97.20	gnl|BL_ORD_ID|4662|hsp_num:0	5731			0	306	benzalkonium chloride	
k141_1288121_2 # 429 # 1163 # 1 # ID=232532_2;partial=00;start_type=ATG;rbs_motif=AGGAG;rbs_spacer=5-10bp;gc_cont=0.253	k141_1288121	429	1163	+	Strict	400	481.9	ErmT	99.18	3000595	protein homolog model	n/a	n/a	macrolide antibiotic; lincosamide antibiotic; streptogramin antibiotic; streptogramin A antibiotic; streptogramin B antibiotic	antibiotic target alteration	Erm 23S ribosomal RNA methyltransferase	100.00	gnl|BL_ORD_ID|1171|hsp_num:0	1275			0	732	erythromycin; roxithromycin; lincomycin; telithromycin; clarithromycin; clindamycin; tylosin; spiramycin; azithromycin; dirithromycin; pristinamycin IA; quinupristin; virginiamycin M1; madumycin II; griseoviridin; dalfopristin; pristinamycin IB; virginiamycin S2; pristinamycin IC; vernamycin C; patricin A; patricin B; ostreogrycin B3; oleandomycin	
k141_481780_3 # 1147 # 1332 # -1 # ID=233190_3;partial=00;start_type=ATG;rbs_motif=AGGAG;rbs_spacer=5-10bp;gc_cont=0.478	k141_481780	1147	1332	-	Strict	100	102.4	rsmA	85.25	3005069	protein homolog model	n/a	n/a	fluoroquinolone antibiotic; diaminopyrimidine antibiotic; phenicol antibiotic	antibiotic efflux	resistance-nodulation-cell division (RND) antibiotic efflux pump	100.00	gnl|BL_ORD_ID|2793|hsp_num:0	3807			0	183	trimethoprim; chloramphenicol	
k141_482312_4 # 2280 # 5429 # 1 # ID=233420_4;partial=00;start_type=ATG;rbs_motif=GGAG/GAGG;rbs_spacer=5-10bp;gc_cont=0.632	k141_482312	2280	5429	+	Strict	750	794.7	adeF	44.08	3000777	protein homolog model	n/a	n/a	fluoroquinolone antibiotic; tetracycline antibiotic	antibiotic efflux	resistance-nodulation-cell division (RND) antibiotic efflux pump	99.06	gnl|BL_ORD_ID|133|hsp_num:0	153			6	3126	tetracycline	
k141_1290855_5 # 5341 # 6135 # 1 # ID=233906_5;partial=00;start_type=ATG;rbs_motif=AGGAG;rbs_spacer=5-10bp;gc_cont=0.638	k141_1290855	5341	6135	+	Strict	500	533.5	OXA-504	98.48	3005734	protein homolog model	n/a	n/a	carbapenem; cephalosporin; penam	antibiotic inactivation	OXA beta-lactamase	100.00	gnl|BL_ORD_ID|3770|hsp_num:0	4839			0	792	cloxacillin; oxacillin; cefalotin	
k141_483509_12 # 16717 # 19917 # 1 # ID=233907_12;partial=00;start_type=ATG;rbs_motif=None;rbs_spacer=None;gc_cont=0.535	k141_483509	16717	19917	+	Strict	750	806.2	adeF	44.7	3000777	protein homolog model	n/a	n/a	fluoroquinolone antibiotic; tetracycline antibiotic	antibiotic efflux	resistance-nodulation-cell division (RND) antibiotic efflux pump	100.66	gnl|BL_ORD_ID|133|hsp_num:0	153			15	3144	tetracycline	
k141_485940_3 # 994 # 1992 # -1 # ID=235109_3;partial=01;start_type=Edge;rbs_motif=None;rbs_spacer=None;gc_cont=0.524	k141_485940	994	1992	-	Strict	50	84.7	vanW gene in vanI cluster	28.5	3003724	protein homolog model	n/a	n/a	glycopeptide antibiotic	antibiotic target alteration	vanW; glycopeptide resistance gene cluster	89.01	gnl|BL_ORD_ID|4747|hsp_num:0	2242			393	1011	vancomycin; teicoplanin	
k141_486869_2 # 983 # 1717 # 1 # ID=235554_2;partial=00;start_type=ATG;rbs_motif=None;rbs_spacer=None;gc_cont=0.712	k141_486869	983	1717	+	Strict	50	75.9	vanW gene in vanB cluster	30.94	3002964	protein homolog model	n/a	n/a	glycopeptide antibiotic	antibiotic target alteration	vanW; glycopeptide resistance gene cluster	88.73	gnl|BL_ORD_ID|4679|hsp_num:0	1036			198	615	vancomycin	
k141_1297172_9 # 6414 # 7508 # -1 # ID=236904_9;partial=00;start_type=ATG;rbs_motif=GGA/GAG/AGG;rbs_spacer=5-10bp;gc_cont=0.513	k141_1297172	6414	7508	-	Strict	250	263.8	vanG	38.23	3002909	protein homolog model	n/a	n/a	glycopeptide antibiotic	antibiotic target alteration	glycopeptide resistance gene cluster; Van ligase	104.30	gnl|BL_ORD_ID|1070|hsp_num:0	1157			0	1047	vancomycin	
k141_1298446_2 # 883 # 3327 # -1 # ID=237457_2;partial=00;start_type=GTG;rbs_motif=GGA/GAG/AGG;rbs_spacer=5-10bp;gc_cont=0.453	k141_1298446	883	3327	-	Strict	50	92.8	vanY gene in vanB cluster	34.23	3002956	protein homolog model	n/a	n/a	glycopeptide antibiotic	antibiotic target alteration	vanY; glycopeptide resistance gene cluster	303.73	gnl|BL_ORD_ID|603|hsp_num:0	556			372	798	vancomycin	
k141_491088_1 # 3 # 3020 # -1 # ID=237643_1;partial=10;start_type=ATG;rbs_motif=GGxGG;rbs_spacer=5-10bp;gc_cont=0.672	k141_491088	3	3020	-	Strict	750	860.9	adeF	47.45	3000777	protein homolog model	n/a	n/a	fluoroquinolone antibiotic; tetracycline antibiotic	antibiotic efflux	resistance-nodulation-cell division (RND) antibiotic efflux pump	95.00	gnl|BL_ORD_ID|133|hsp_num:0	153			9	3051	tetracycline	
k141_1299387_5 # 3100 # 4440 # -1 # ID=237871_5;partial=00;start_type=ATG;rbs_motif=None;rbs_spacer=None;gc_cont=0.651	k141_1299387	3100	4440	-	Strict	50	101.3	vanW gene in vanI cluster	38.96	3003724	protein homolog model	n/a	n/a	glycopeptide antibiotic	antibiotic target alteration	vanW; glycopeptide resistance gene cluster	119.57	gnl|BL_ORD_ID|4747|hsp_num:0	2242			636	1083	vancomycin; teicoplanin	
k141_1302136_81 # 81268 # 82479 # -1 # ID=239339_81;partial=00;start_type=ATG;rbs_motif=AGGA;rbs_spacer=5-10bp;gc_cont=0.417	k141_1302136	81268	82479	-	Strict	175	207.6	vanT gene in vanG cluster	34.39	3002972	protein homolog model	n/a	n/a	glycopeptide antibiotic	antibiotic target alteration	glycopeptide resistance gene cluster; vanT	56.60	gnl|BL_ORD_ID|1523|hsp_num:0	1561			1035	2118	vancomycin	
k141_1302136_214 # 207984 # 211091 # -1 # ID=239339_214;partial=00;start_type=ATG;rbs_motif=None;rbs_spacer=None;gc_cont=0.444	k141_1302136	207984	211091	-	Strict	750	764.6	adeF	42.42	3000777	protein homolog model	n/a	n/a	fluoroquinolone antibiotic; tetracycline antibiotic	antibiotic efflux	resistance-nodulation-cell division (RND) antibiotic efflux pump	97.73	gnl|BL_ORD_ID|133|hsp_num:0	153			12	3126	tetracycline	
k141_496759_13 # 15721 # 16830 # -1 # ID=240057_13;partial=00;start_type=ATG;rbs_motif=AGxAGG/AGGxGG;rbs_spacer=5-10bp;gc_cont=0.457	k141_496759	15721	16830	-	Strict	175	227.6	vanT gene in vanG cluster	36.34	3002972	protein homolog model	n/a	n/a	glycopeptide antibiotic	antibiotic target alteration	glycopeptide resistance gene cluster; vanT	51.83	gnl|BL_ORD_ID|1523|hsp_num:0	1561			1035	2118	vancomycin	
k141_497341_2 # 856 # 1161 # -1 # ID=240353_2;partial=01;start_type=Edge;rbs_motif=None;rbs_spacer=None;gc_cont=0.376	k141_497341	856	1161	-	Strict	50	66.6	vanY gene in vanB cluster	40.74	3002956	protein homolog model	n/a	n/a	glycopeptide antibiotic	antibiotic target alteration	vanY; glycopeptide resistance gene cluster	37.69	gnl|BL_ORD_ID|603|hsp_num:0	556			549	774	vancomycin	
k141_1309245_1 # 130 # 1308 # -1 # ID=242519_1;partial=00;start_type=ATG;rbs_motif=None;rbs_spacer=None;gc_cont=0.416	k141_1309245	130	1308	-	Strict	175	242.3	vanT gene in vanG cluster	35.6	3002972	protein homolog model	n/a	n/a	glycopeptide antibiotic	antibiotic target alteration	glycopeptide resistance gene cluster; vanT	55.06	gnl|BL_ORD_ID|1523|hsp_num:0	1561			1035	2118	vancomycin	
k141_1311315_3 # 2334 # 2663 # 1 # ID=243450_3;partial=00;start_type=ATG;rbs_motif=TAA;rbs_spacer=11bp;gc_cont=0.318	k141_1311315	2334	2663	+	Strict	75	104.0	qacJ	47.52	3007014	protein homolog model	n/a	n/a	disinfecting agents and antiseptics	antibiotic efflux	small multidrug resistance (SMR) antibiotic efflux pump	101.87	gnl|BL_ORD_ID|4661|hsp_num:0	5730			0	303	benzalkonium chloride	
k141_503800_14 # 15905 # 17053 # -1 # ID=243689_14;partial=00;start_type=GTG;rbs_motif=ATA;rbs_spacer=8bp;gc_cont=0.460	k141_503800	15905	17053	-	Strict	175	194.1	vanT gene in vanG cluster	31.89	3002972	protein homolog model	n/a	n/a	glycopeptide antibiotic	antibiotic target alteration	glycopeptide resistance gene cluster; vanT	53.65	gnl|BL_ORD_ID|1523|hsp_num:0	1561			1035	2118	vancomycin	
k141_1312228_1 # 34 # 3522 # -1 # ID=243830_1;partial=00;start_type=ATG;rbs_motif=None;rbs_spacer=None;gc_cont=0.435	k141_1312228	34	3522	-	Strict	50	50.4	vanY gene in vanB cluster	28.99	3002956	protein homolog model	n/a	n/a	glycopeptide antibiotic	antibiotic target alteration	vanY; glycopeptide resistance gene cluster	433.58	gnl|BL_ORD_ID|603|hsp_num:0	556			327	738	vancomycin	
k141_1312375_10 # 8914 # 12096 # 1 # ID=243911_10;partial=00;start_type=ATG;rbs_motif=GGA/GAG/AGG;rbs_spacer=5-10bp;gc_cont=0.583	k141_1312375	8914	12096	+	Strict	750	865.5	adeF	45.54	3000777	protein homolog model	n/a	n/a	fluoroquinolone antibiotic; tetracycline antibiotic	antibiotic efflux	resistance-nodulation-cell division (RND) antibiotic efflux pump	100.09	gnl|BL_ORD_ID|133|hsp_num:0	153			0	3111	tetracycline	
k141_1313771_37 # 33889 # 35799 # -1 # ID=244564_37;partial=00;start_type=ATG;rbs_motif=GGAG/GAGG;rbs_spacer=5-10bp;gc_cont=0.383	k141_1313771	33889	35799	-	Strict	300	305.8	poxtA	34.0	3004470	protein homolog model	n/a	n/a	tetracycline antibiotic; oxazolidinone antibiotic; phenicol antibiotic	antibiotic target protection	Miscellaneous ABC-F subfamily ATP-binding cassette ribosomal protection proteins	117.34	gnl|BL_ORD_ID|2511|hsp_num:0	2904			12	1623	tetracycline; doxycycline; linezolid; chloramphenicol; florfenicol	
k141_1313771_41 # 38935 # 40191 # 1 # ID=244564_41;partial=00;start_type=GTG;rbs_motif=GGAG/GAGG;rbs_spacer=5-10bp;gc_cont=0.395	k141_1313771	38935	40191	+	Strict	175	240.7	vanT gene in vanG cluster	36.65	3002972	protein homolog model	n/a	n/a	glycopeptide antibiotic	antibiotic target alteration	glycopeptide resistance gene cluster; vanT	58.71	gnl|BL_ORD_ID|1523|hsp_num:0	1561			1002	2118	vancomycin	
k141_1313993_3 # 3546 # 4751 # 1 # ID=244667_3;partial=00;start_type=ATG;rbs_motif=AAA;rbs_spacer=10bp;gc_cont=0.413	k141_1313993	3546	4751	+	Strict	700	762.7	Mef(En2)	99.5	3004659	protein homolog model	n/a	n/a	macrolide antibiotic	antibiotic efflux	major facilitator superfamily (MFS) antibiotic efflux pump	100.00	gnl|BL_ORD_ID|2201|hsp_num:0	3359			0	1203		
k141_1314022_2 # 298 # 504 # 1 # ID=244677_2;partial=00;start_type=ATG;rbs_motif=AGGAG;rbs_spacer=5-10bp;gc_cont=0.425	k141_1314022	298	504	+	Strict	100	100.5	rsmA	85.25	3005069	protein homolog model	n/a	n/a	fluoroquinolone antibiotic; diaminopyrimidine antibiotic; phenicol antibiotic	antibiotic efflux	resistance-nodulation-cell division (RND) antibiotic efflux pump	111.48	gnl|BL_ORD_ID|2793|hsp_num:0	3807			0	183	trimethoprim; chloramphenicol	
k141_1314055_2 # 329 # 667 # -1 # ID=244694_2;partial=00;start_type=ATG;rbs_motif=GGA/GAG/AGG;rbs_spacer=5-10bp;gc_cont=0.622	k141_1314055	329	667	-	Strict	75	99.4	qacJ	45.19	3007014	protein homolog model	n/a	n/a	disinfecting agents and antiseptics	antibiotic efflux	small multidrug resistance (SMR) antibiotic efflux pump	104.67	gnl|BL_ORD_ID|4661|hsp_num:0	5730			6	318	benzalkonium chloride	
k141_509150_5 # 5136 # 6257 # 1 # ID=246352_5;partial=00;start_type=ATG;rbs_motif=None;rbs_spacer=None;gc_cont=0.500	k141_509150	5136	6257	+	Strict	175	214.9	vanT gene in vanG cluster	33.97	3002972	protein homolog model	n/a	n/a	glycopeptide antibiotic	antibiotic target alteration	glycopeptide resistance gene cluster; vanT	52.39	gnl|BL_ORD_ID|1523|hsp_num:0	1561			1044	2133	vancomycin	
k141_1318729_72 # 54953 # 55810 # 1 # ID=246789_72;partial=00;start_type=ATG;rbs_motif=None;rbs_spacer=None;gc_cont=0.388	k141_1318729	54953	55810	+	Strict	50	82.0	vanY gene in vanB cluster	27.75	3002956	protein homolog model	n/a	n/a	glycopeptide antibiotic	antibiotic target alteration	vanY; glycopeptide resistance gene cluster	106.34	gnl|BL_ORD_ID|603|hsp_num:0	556			267	771	vancomycin	
k141_1320093_1 # 2 # 1267 # 1 # ID=247414_1;partial=10;start_type=Edge;rbs_motif=None;rbs_spacer=None;gc_cont=0.356	k141_1320093	2	1267	+	Strict	50	144.1	vanW gene in vanI cluster	31.0	3003724	protein homolog model	n/a	n/a	glycopeptide antibiotic	antibiotic target alteration	vanW; glycopeptide resistance gene cluster	112.87	gnl|BL_ORD_ID|4747|hsp_num:0	2242			117	1047	vancomycin; teicoplanin	
k141_1320217_1 # 226 # 420 # -1 # ID=247462_1;partial=00;start_type=ATG;rbs_motif=AGGAG;rbs_spacer=5-10bp;gc_cont=0.451	k141_1320217	226	420	-	Strict	100	100.5	rsmA	86.21	3005069	protein homolog model	n/a	n/a	fluoroquinolone antibiotic; diaminopyrimidine antibiotic; phenicol antibiotic	antibiotic efflux	resistance-nodulation-cell division (RND) antibiotic efflux pump	104.92	gnl|BL_ORD_ID|2793|hsp_num:0	3807			0	174	trimethoprim; chloramphenicol	
k141_1322581_2 # 725 # 1054 # -1 # ID=248487_2;partial=00;start_type=ATG;rbs_motif=AGGA/GGAG/GAGG;rbs_spacer=11-12bp;gc_cont=0.403	k141_1322581	725	1054	-	Strict	75	83.2	qacJ	36.79	3007014	protein homolog model	n/a	n/a	disinfecting agents and antiseptics	antibiotic efflux	small multidrug resistance (SMR) antibiotic efflux pump	101.87	gnl|BL_ORD_ID|4661|hsp_num:0	5730			0	318	benzalkonium chloride	
k141_513964_9 # 6070 # 8850 # 1 # ID=248641_9;partial=01;start_type=ATG;rbs_motif=AGGA;rbs_spacer=5-10bp;gc_cont=0.622	k141_513964	6070	8850	+	Strict	750	752.3	adeF	44.92	3000777	protein homolog model	n/a	n/a	fluoroquinolone antibiotic; tetracycline antibiotic	antibiotic efflux	resistance-nodulation-cell division (RND) antibiotic efflux pump	87.54	gnl|BL_ORD_ID|133|hsp_num:0	153			6	2820	tetracycline	
k141_1324310_15 # 10810 # 12051 # 1 # ID=249289_15;partial=01;start_type=ATG;rbs_motif=None;rbs_spacer=None;gc_cont=0.465	k141_1324310	10810	12051	+	Strict	50	117.5	vanW gene in vanI cluster	27.91	3003724	protein homolog model	n/a	n/a	glycopeptide antibiotic	antibiotic target alteration	vanW; glycopeptide resistance gene cluster	110.99	gnl|BL_ORD_ID|4747|hsp_num:0	2242			24	1083	vancomycin; teicoplanin	
k141_515901_3 # 867 # 2222 # -1 # ID=249606_3;partial=00;start_type=ATG;rbs_motif=None;rbs_spacer=None;gc_cont=0.592	k141_515901	867	2222	-	Strict	50	79.0	vanW gene in vanI cluster	28.9	3003724	protein homolog model	n/a	n/a	glycopeptide antibiotic	antibiotic target alteration	vanW; glycopeptide resistance gene cluster	120.91	gnl|BL_ORD_ID|4747|hsp_num:0	2242			567	1083	vancomycin; teicoplanin	
k141_517123_2 # 414 # 743 # -1 # ID=250172_2;partial=00;start_type=ATG;rbs_motif=None;rbs_spacer=None;gc_cont=0.576	k141_517123	414	743	-	Strict	75	81.3	qacG	37.5	3007015	protein homolog model	n/a	n/a	disinfecting agents and antiseptics	antibiotic efflux	small multidrug resistance (SMR) antibiotic efflux pump	101.87	gnl|BL_ORD_ID|4662|hsp_num:0	5731			0	312	benzalkonium chloride	
k141_1326350_2 # 1133 # 2395 # -1 # ID=250333_2;partial=01;start_type=Edge;rbs_motif=None;rbs_spacer=None;gc_cont=0.404	k141_1326350	1133	2395	-	Strict	50	100.5	vanW gene in vanI cluster	32.33	3003724	protein homolog model	n/a	n/a	glycopeptide antibiotic	antibiotic target alteration	vanW; glycopeptide resistance gene cluster	112.60	gnl|BL_ORD_ID|4747|hsp_num:0	2242			483	1104	vancomycin; teicoplanin	
k141_1329298_52 # 55541 # 56593 # -1 # ID=251852_52;partial=00;start_type=ATG;rbs_motif=AGGA;rbs_spacer=5-10bp;gc_cont=0.388	k141_1329298	55541	56593	-	Strict	50	147.1	vanY gene in vanG cluster	41.94	3002959	protein homolog model	n/a	n/a	glycopeptide antibiotic	antibiotic target alteration	vanY; glycopeptide resistance gene cluster	125.45	gnl|BL_ORD_ID|4731|hsp_num:0	298			291	819	vancomycin	
k141_521563_593 # 610249 # 611592 # 1 # ID=252271_593;partial=00;start_type=ATG;rbs_motif=None;rbs_spacer=None;gc_cont=0.574	k141_521563	610249	611592	+	Strict	50	89.0	vanW gene in vanI cluster	28.64	3003724	protein homolog model	n/a	n/a	glycopeptide antibiotic	antibiotic target alteration	vanW; glycopeptide resistance gene cluster	119.84	gnl|BL_ORD_ID|4747|hsp_num:0	2242			420	1014	vancomycin; teicoplanin	
k141_522650_1 # 1 # 1158 # -1 # ID=252789_1;partial=11;start_type=Edge;rbs_motif=None;rbs_spacer=None;gc_cont=0.577	k141_522650	1	1158	-	Strict	175	191.4	vanT gene in vanG cluster	35.46	3002972	protein homolog model	n/a	n/a	glycopeptide antibiotic	antibiotic target alteration	glycopeptide resistance gene cluster; vanT	54.21	gnl|BL_ORD_ID|1523|hsp_num:0	1561			1038	1962	vancomycin	
k141_1332831_21 # 19891 # 20772 # 1 # ID=253216_21;partial=00;start_type=ATG;rbs_motif=ATA;rbs_spacer=5bp;gc_cont=0.474	k141_1332831	19891	20772	+	Strict	50	70.5	vanY gene in vanB cluster	32.21	3002956	protein homolog model	n/a	n/a	glycopeptide antibiotic	antibiotic target alteration	vanY; glycopeptide resistance gene cluster	109.33	gnl|BL_ORD_ID|603|hsp_num:0	556			348	774	vancomycin	
k141_1335661_17 # 14659 # 15969 # -1 # ID=254540_17;partial=00;start_type=TTG;rbs_motif=None;rbs_spacer=None;gc_cont=0.627	k141_1335661	14659	15969	-	Strict	50	95.9	vanW gene in vanI cluster	30.92	3003724	protein homolog model	n/a	n/a	glycopeptide antibiotic	antibiotic target alteration	vanW; glycopeptide resistance gene cluster	116.89	gnl|BL_ORD_ID|4747|hsp_num:0	2242			423	1020	vancomycin; teicoplanin	
k141_527605_3 # 661 # 1035 # 1 # ID=254968_3;partial=00;start_type=ATG;rbs_motif=GGAG/GAGG;rbs_spacer=5-10bp;gc_cont=0.507	k141_527605	661	1035	+	Strict	230	240.4	marA	92.74	3000263	protein homolog model	n/a	n/a	fluoroquinolone antibiotic; monobactam; carbapenem; cephalosporin; glycylcycline; cephamycin; penam; tetracycline antibiotic; rifamycin antibiotic; phenicol antibiotic; penem; disinfecting agents and antiseptics	antibiotic efflux; reduced permeability to antibiotic	resistance-nodulation-cell division (RND) antibiotic efflux pump; General Bacterial Porin with reduced permeability to beta-lactams	97.64	gnl|BL_ORD_ID|1773|hsp_num:0	1922			0	372	tigecycline; tetracycline; rifampin; chloramphenicol; ampicillin; cefalotin; triclosan	
k141_1336917_3 # 2354 # 2986 # -1 # ID=255114_3;partial=00;start_type=ATG;rbs_motif=GGAG/GAGG;rbs_spacer=5-10bp;gc_cont=0.521	k141_1336917	2354	2986	-	Strict	400	418.3	CRP	99.05	3000518	protein homolog model	n/a	n/a	macrolide antibiotic; fluoroquinolone antibiotic; penam	antibiotic efflux	resistance-nodulation-cell division (RND) antibiotic efflux pump	100.00	gnl|BL_ORD_ID|804|hsp_num:0	869			0	630	erythromycin; cloxacillin; oxacillin; norfloxacin	
k141_528252_1 # 11 # 1120 # -1 # ID=255270_1;partial=01;start_type=Edge;rbs_motif=None;rbs_spacer=None;gc_cont=0.508	k141_528252	11	1120	-	Strict	50	103.2	vanW gene in vanI cluster	33.77	3003724	protein homolog model	n/a	n/a	glycopeptide antibiotic	antibiotic target alteration	vanW; glycopeptide resistance gene cluster	98.93	gnl|BL_ORD_ID|4747|hsp_num:0	2242			381	1002	vancomycin; teicoplanin	
k141_1338039_3 # 1368 # 4496 # 1 # ID=255671_3;partial=00;start_type=ATG;rbs_motif=AGGA;rbs_spacer=5-10bp;gc_cont=0.300	k141_1338039	1368	4496	+	Strict	750	847.0	adeF	45.49	3000777	protein homolog model	n/a	n/a	fluoroquinolone antibiotic; tetracycline antibiotic	antibiotic efflux	resistance-nodulation-cell division (RND) antibiotic efflux pump	98.39	gnl|BL_ORD_ID|133|hsp_num:0	153			6	3120	tetracycline	
k141_530228_9 # 6670 # 8526 # -1 # ID=256131_9;partial=00;start_type=GTG;rbs_motif=TAA;rbs_spacer=3bp;gc_cont=0.419	k141_530228	6670	8526	-	Strict	50	102.4	vanW gene in vanI cluster	29.31	3003724	protein homolog model	n/a	n/a	glycopeptide antibiotic	antibiotic target alteration	vanW; glycopeptide resistance gene cluster	165.68	gnl|BL_ORD_ID|4747|hsp_num:0	2242			366	1014	vancomycin; teicoplanin	
k141_1343641_2 # 312 # 1166 # 1 # ID=258300_2;partial=00;start_type=ATG;rbs_motif=AGGAG;rbs_spacer=5-10bp;gc_cont=0.561	k141_1343641	312	1166	+	Strict	400	505.4	ErmX	89.44	3000596	protein homolog model	n/a	n/a	macrolide antibiotic; lincosamide antibiotic; streptogramin antibiotic; streptogramin A antibiotic; streptogramin B antibiotic	antibiotic target alteration	Erm 23S ribosomal RNA methyltransferase	100.00	gnl|BL_ORD_ID|873|hsp_num:0	950			0	852	erythromycin; roxithromycin; lincomycin; telithromycin; clarithromycin; clindamycin; tylosin; spiramycin; azithromycin; dirithromycin; pristinamycin IA; quinupristin; virginiamycin M1; madumycin II; griseoviridin; dalfopristin; pristinamycin IB; virginiamycin S2; pristinamycin IC; vernamycin C; patricin A; patricin B; ostreogrycin B3; oleandomycin	
k141_1346662_32 # 30105 # 33257 # -1 # ID=260035_32;partial=00;start_type=ATG;rbs_motif=GGA/GAG/AGG;rbs_spacer=5-10bp;gc_cont=0.616	k141_1346662	30105	33257	-	Strict	750	781.2	adeF	42.79	3000777	protein homolog model	n/a	n/a	fluoroquinolone antibiotic; tetracycline antibiotic	antibiotic efflux	resistance-nodulation-cell division (RND) antibiotic efflux pump	99.15	gnl|BL_ORD_ID|133|hsp_num:0	153			6	3171	tetracycline	
k141_1348500_2 # 246 # 1157 # 1 # ID=260874_2;partial=00;start_type=ATG;rbs_motif=None;rbs_spacer=None;gc_cont=0.674	k141_1348500	246	1157	+	Strict	50	85.1	vanY gene in vanM cluster	30.57	3002961	protein homolog model	n/a	n/a	glycopeptide antibiotic	antibiotic target alteration	vanY; glycopeptide resistance gene cluster	130.04	gnl|BL_ORD_ID|1674|hsp_num:0	1713			12	531	vancomycin; teicoplanin	
k141_541676_9 # 7036 # 8790 # 1 # ID=261189_9;partial=00;start_type=ATG;rbs_motif=ATA;rbs_spacer=9bp;gc_cont=0.410	k141_541676	7036	8790	+	Strict	50	109.8	vanW gene in vanI cluster	32.48	3003724	protein homolog model	n/a	n/a	glycopeptide antibiotic	antibiotic target alteration	vanW; glycopeptide resistance gene cluster	156.57	gnl|BL_ORD_ID|4747|hsp_num:0	2242			435	1083	vancomycin; teicoplanin	
k141_1355879_3 # 1881 # 2642 # -1 # ID=264072_3;partial=01;start_type=Edge;rbs_motif=None;rbs_spacer=None;gc_cont=0.479	k141_1355879	1881	2642	-	Strict	50	90.1	vanY gene in vanM cluster	34.44	3002961	protein homolog model	n/a	n/a	glycopeptide antibiotic	antibiotic target alteration	vanY; glycopeptide resistance gene cluster	108.58	gnl|BL_ORD_ID|1674|hsp_num:0	1713			123	531	vancomycin; teicoplanin	
k141_1359072_1 # 252 # 572 # 1 # ID=265500_1;partial=00;start_type=ATG;rbs_motif=GGAGG;rbs_spacer=5-10bp;gc_cont=0.629	k141_1359072	252	572	+	Strict	75	82.8	qacJ	41.9	3007014	protein homolog model	n/a	n/a	disinfecting agents and antiseptics	antibiotic efflux	small multidrug resistance (SMR) antibiotic efflux pump	99.07	gnl|BL_ORD_ID|4661|hsp_num:0	5730			0	315	benzalkonium chloride	
k141_1360362_90 # 83929 # 85686 # 1 # ID=266134_90;partial=00;start_type=ATG;rbs_motif=None;rbs_spacer=None;gc_cont=0.495	k141_1360362	83929	85686	+	Strict	50	93.6	vanW gene in vanI cluster	33.52	3003724	protein homolog model	n/a	n/a	glycopeptide antibiotic	antibiotic target alteration	vanW; glycopeptide resistance gene cluster	156.84	gnl|BL_ORD_ID|4747|hsp_num:0	2242			570	1092	vancomycin; teicoplanin	
k141_1363329_1 # 258 # 1403 # 1 # ID=267583_1;partial=00;start_type=ATG;rbs_motif=GGA/GAG/AGG;rbs_spacer=5-10bp;gc_cont=0.538	k141_1363329	258	1403	+	Perfect	700	780.8	CMY-4	100.0	3002015	protein homolog model	n/a	n/a	cephamycin	antibiotic inactivation	CMY beta-lactamase	100.00	gnl|BL_ORD_ID|244|hsp_num:0	271			0	1143		
k141_555528_4 # 2072 # 3430 # 1 # ID=267912_4;partial=00;start_type=ATG;rbs_motif=4Base/6BMM;rbs_spacer=13-15bp;gc_cont=0.369	k141_555528	2072	3430	+	Strict	200	206.5	sdrM	30.37	3007013	protein homolog model	n/a	n/a	fluoroquinolone antibiotic; disinfecting agents and antiseptics	antibiotic efflux	major facilitator superfamily (MFS) antibiotic efflux pump	101.12	gnl|BL_ORD_ID|4660|hsp_num:0	5729			24	1284	norfloxacin	
k141_1367076_1 # 103 # 657 # -1 # ID=269373_1;partial=00;start_type=ATG;rbs_motif=GGA/GAG/AGG;rbs_spacer=5-10bp;gc_cont=0.577	k141_1367076	103	657	-	Perfect	275	389.0	AAC(6')-IIa	100.0	3002594	protein homolog model	n/a	n/a	aminoglycoside antibiotic	antibiotic inactivation	AAC(6')	100.00	gnl|BL_ORD_ID|1530|hsp_num:0	1657			0	552	dibekacin; sisomicin; netilmicin; tobramycin; 2'-N-ethylnetilmicin; 5-episisomicin; gentamicin	
k141_1367076_2 # 787 # 1023 # -1 # ID=269373_2;partial=00;start_type=ATG;rbs_motif=AGxAGG/AGGxGG;rbs_spacer=5-10bp;gc_cont=0.549	k141_1367076	787	1023	-	Perfect	150	165.6	dfrB5	100.0	3004549	protein homolog model	n/a	n/a	diaminopyrimidine antibiotic	antibiotic target replacement	trimethoprim resistant dihydrofolate reductase dfr	100.00	gnl|BL_ORD_ID|2705|hsp_num:0	3257			0	234	trimethoprim	
k141_560566_1 # 33 # 3173 # 1 # ID=270266_1;partial=00;start_type=ATG;rbs_motif=AGGAG;rbs_spacer=5-10bp;gc_cont=0.657	k141_560566	33	3173	+	Strict	750	814.7	adeF	44.15	3000777	protein homolog model	n/a	n/a	fluoroquinolone antibiotic; tetracycline antibiotic	antibiotic efflux	resistance-nodulation-cell division (RND) antibiotic efflux pump	98.77	gnl|BL_ORD_ID|133|hsp_num:0	153			6	3102	tetracycline	
k141_1369693_2 # 161 # 1087 # 1 # ID=270585_2;partial=00;start_type=ATG;rbs_motif=TAA;rbs_spacer=9bp;gc_cont=0.331	k141_1369693	161	1087	+	Strict	50	79.7	vanY gene in vanB cluster	32.79	3002956	protein homolog model	n/a	n/a	glycopeptide antibiotic	antibiotic target alteration	vanY; glycopeptide resistance gene cluster	114.93	gnl|BL_ORD_ID|603|hsp_num:0	556			258	768	vancomycin	
k141_1370498_7 # 6590 # 7081 # -1 # ID=270953_7;partial=00;start_type=ATG;rbs_motif=TAAA;rbs_spacer=9bp;gc_cont=0.461	k141_1370498	6590	7081	-	Strict	150	211.5	nimJ	62.96	3007112	protein homolog model	n/a	n/a	nitroimidazole antibiotic	antibiotic inactivation	nitroimidazole reductase	98.79	gnl|BL_ORD_ID|4790|hsp_num:0	5785			9	495	metronidazole	
k141_1372656_5 # 3524 # 4738 # -1 # ID=271965_5;partial=00;start_type=ATG;rbs_motif=None;rbs_spacer=None;gc_cont=0.587	k141_1372656	3524	4738	-	Perfect	750	750.0	cmlA9	100.0	3005043	protein homolog model	n/a	n/a	phenicol antibiotic	antibiotic efflux	major facilitator superfamily (MFS) antibiotic efflux pump	100.00	gnl|BL_ORD_ID|2774|hsp_num:0	3786			0	1212	chloramphenicol	
k141_567521_2 # 1624 # 2328 # -1 # ID=273539_2;partial=01;start_type=Edge;rbs_motif=None;rbs_spacer=None;gc_cont=0.509	k141_567521	1624	2328	-	Strict	50	94.0	vanW gene in vanI cluster	33.77	3003724	protein homolog model	n/a	n/a	glycopeptide antibiotic	antibiotic target alteration	vanW; glycopeptide resistance gene cluster	62.73	gnl|BL_ORD_ID|4747|hsp_num:0	2242			657	1092	vancomycin; teicoplanin	
k141_569387_4 # 3558 # 4841 # 1 # ID=274409_4;partial=00;start_type=ATG;rbs_motif=None;rbs_spacer=None;gc_cont=0.507	k141_569387	3558	4841	+	Strict	50	116.3	vanW gene in vanI cluster	30.59	3003724	protein homolog model	n/a	n/a	glycopeptide antibiotic	antibiotic target alteration	vanW; glycopeptide resistance gene cluster	114.48	gnl|BL_ORD_ID|4747|hsp_num:0	2242			363	1083	vancomycin; teicoplanin	
k141_570410_2 # 131 # 1288 # 1 # ID=274914_2;partial=00;start_type=ATG;rbs_motif=GGA/GAG/AGG;rbs_spacer=5-10bp;gc_cont=0.515	k141_570410	131	1288	+	Strict	175	215.3	vanT gene in vanG cluster	35.87	3002972	protein homolog model	n/a	n/a	glycopeptide antibiotic	antibiotic target alteration	glycopeptide resistance gene cluster; vanT	54.07	gnl|BL_ORD_ID|1523|hsp_num:0	1561			1029	2106	vancomycin	
k141_570419_1 # 2 # 1789 # 1 # ID=274915_1;partial=10;start_type=Edge;rbs_motif=None;rbs_spacer=None;gc_cont=0.464	k141_570419	2	1789	+	Strict	175	179.9	vanT gene in vanG cluster	32.65	3002972	protein homolog model	n/a	n/a	glycopeptide antibiotic	antibiotic target alteration	glycopeptide resistance gene cluster; vanT	83.57	gnl|BL_ORD_ID|1523|hsp_num:0	1561			981	2127	vancomycin	
k141_571553_3 # 805 # 1572 # 1 # ID=275482_3;partial=00;start_type=ATG;rbs_motif=None;rbs_spacer=None;gc_cont=0.441	k141_571553	805	1572	+	Strict	50	101.7	vanY gene in vanM cluster	36.42	3002961	protein homolog model	n/a	n/a	glycopeptide antibiotic	antibiotic target alteration	vanY; glycopeptide resistance gene cluster	109.44	gnl|BL_ORD_ID|1674|hsp_num:0	1713			123	531	vancomycin; teicoplanin	
k141_1379658_1 # 3 # 1187 # 1 # ID=275546_1;partial=11;start_type=Edge;rbs_motif=None;rbs_spacer=None;gc_cont=0.510	k141_1379658	3	1187	+	Strict	50	101.3	vanW gene in vanI cluster	32.3	3003724	protein homolog model	n/a	n/a	glycopeptide antibiotic	antibiotic target alteration	vanW; glycopeptide resistance gene cluster	105.90	gnl|BL_ORD_ID|4747|hsp_num:0	2242			378	1002	vancomycin; teicoplanin	
k141_572355_1 # 2 # 583 # 1 # ID=275858_1;partial=10;start_type=Edge;rbs_motif=None;rbs_spacer=None;gc_cont=0.467	k141_572355	2	583	+	Strict	50	59.7	vanY gene in vanG cluster	31.47	3002959	protein homolog model	n/a	n/a	glycopeptide antibiotic	antibiotic target alteration	vanY; glycopeptide resistance gene cluster	69.18	gnl|BL_ORD_ID|4731|hsp_num:0	298			387	762	vancomycin	
k141_572664_1 # 3 # 1355 # -1 # ID=275998_1;partial=10;start_type=ATG;rbs_motif=None;rbs_spacer=None;gc_cont=0.587	k141_572664	3	1355	-	Strict	50	96.3	vanW gene in vanI cluster	40.88	3003724	protein homolog model	n/a	n/a	glycopeptide antibiotic	antibiotic target alteration	vanW; glycopeptide resistance gene cluster	120.91	gnl|BL_ORD_ID|4747|hsp_num:0	2242			684	1083	vancomycin; teicoplanin	
k141_1382015_2 # 261 # 1379 # -1 # ID=276687_2;partial=00;start_type=ATG;rbs_motif=AAAAAA;rbs_spacer=12bp;gc_cont=0.351	k141_1382015	261	1379	-	Strict	175	224.2	vanT gene in vanG cluster	37.3	3002972	protein homolog model	n/a	n/a	glycopeptide antibiotic	antibiotic target alteration	glycopeptide resistance gene cluster; vanT	52.25	gnl|BL_ORD_ID|1523|hsp_num:0	1561			1029	2106	vancomycin	
k141_574413_3 # 1269 # 2438 # -1 # ID=276824_3;partial=01;start_type=Edge;rbs_motif=None;rbs_spacer=None;gc_cont=0.450	k141_574413	1269	2438	-	Strict	50	98.2	vanW gene in vanI cluster	31.05	3003724	protein homolog model	n/a	n/a	glycopeptide antibiotic	antibiotic target alteration	vanW; glycopeptide resistance gene cluster	104.29	gnl|BL_ORD_ID|4747|hsp_num:0	2242			483	1002	vancomycin; teicoplanin	
k141_577191_37 # 39357 # 40472 # -1 # ID=278195_37;partial=00;start_type=ATG;rbs_motif=None;rbs_spacer=None;gc_cont=0.535	k141_577191	39357	40472	-	Strict	175	212.2	vanT gene in vanG cluster	33.51	3002972	protein homolog model	n/a	n/a	glycopeptide antibiotic	antibiotic target alteration	glycopeptide resistance gene cluster; vanT	52.11	gnl|BL_ORD_ID|1523|hsp_num:0	1561			1029	2106	vancomycin	
k141_1385202_3 # 1652 # 2785 # 1 # ID=278217_3;partial=00;start_type=ATG;rbs_motif=None;rbs_spacer=None;gc_cont=0.505	k141_1385202	1652	2785	+	Strict	175	178.3	vanT gene in vanG cluster	30.25	3002972	protein homolog model	n/a	n/a	glycopeptide antibiotic	antibiotic target alteration	glycopeptide resistance gene cluster; vanT	52.95	gnl|BL_ORD_ID|1523|hsp_num:0	1561			1023	2106	vancomycin	
k141_578908_1 # 3 # 1238 # -1 # ID=279050_1;partial=10;start_type=ATG;rbs_motif=None;rbs_spacer=None;gc_cont=0.627	k141_578908	3	1238	-	Strict	700	788.1	tet(A)	99.03	3000165	protein homolog model	n/a	n/a	tetracycline antibiotic	antibiotic efflux	major facilitator superfamily (MFS) antibiotic efflux pump	97.17	gnl|BL_ORD_ID|1793|hsp_num:0	1808			0	1236	tetracycline	
k141_1388115_4 # 1505 # 2242 # -1 # ID=279477_4;partial=00;start_type=ATG;rbs_motif=None;rbs_spacer=None;gc_cont=0.416	k141_1388115	1505	2242	-	Strict	50	105.5	vanY gene in vanM cluster	33.51	3002961	protein homolog model	n/a	n/a	glycopeptide antibiotic	antibiotic target alteration	vanY; glycopeptide resistance gene cluster	105.15	gnl|BL_ORD_ID|1674|hsp_num:0	1713			21	540	vancomycin; teicoplanin	
k141_582189_2 # 1237 # 4032 # -1 # ID=280608_2;partial=01;start_type=Edge;rbs_motif=None;rbs_spacer=None;gc_cont=0.583	k141_582189	1237	4032	-	Strict	750	759.2	adeF	45.26	3000777	protein homolog model	n/a	n/a	fluoroquinolone antibiotic; tetracycline antibiotic	antibiotic efflux	resistance-nodulation-cell division (RND) antibiotic efflux pump	87.91	gnl|BL_ORD_ID|133|hsp_num:0	153			396	3126	tetracycline	
k141_1391796_14 # 16151 # 16552 # 1 # ID=281070_14;partial=00;start_type=ATG;rbs_motif=GGA/GAG/AGG;rbs_spacer=5-10bp;gc_cont=0.587	k141_1391796	16151	16552	+	Strict	175	177.6	FosG	56.49	3007368	protein homolog model	n/a	n/a	phosphonic acid antibiotic	antibiotic inactivation	fosfomycin thiol transferase	100.76	gnl|BL_ORD_ID|4904|hsp_num:0	5896			0	393	fosfomycin	
k141_585223_1 # 77 # 409 # -1 # ID=282106_1;partial=00;start_type=ATG;rbs_motif=GGxGG;rbs_spacer=5-10bp;gc_cont=0.652	k141_585223	77	409	-	Strict	75	82.8	qacG	36.54	3007015	protein homolog model	n/a	n/a	disinfecting agents and antiseptics	antibiotic efflux	small multidrug resistance (SMR) antibiotic efflux pump	102.80	gnl|BL_ORD_ID|4662|hsp_num:0	5731			6	318	benzalkonium chloride	
k141_586790_3 # 1682 # 2065 # -1 # ID=282837_3;partial=00;start_type=ATG;rbs_motif=GGAG/GAGG;rbs_spacer=5-10bp;gc_cont=0.458	k141_586790	1682	2065	-	Perfect	230	261.5	marA	100.0	3000263	protein homolog model	n/a	n/a	fluoroquinolone antibiotic; monobactam; carbapenem; cephalosporin; glycylcycline; cephamycin; penam; tetracycline antibiotic; rifamycin antibiotic; phenicol antibiotic; penem; disinfecting agents and antiseptics	antibiotic efflux; reduced permeability to antibiotic	resistance-nodulation-cell division (RND) antibiotic efflux pump; General Bacterial Porin with reduced permeability to beta-lactams	100.00	gnl|BL_ORD_ID|1773|hsp_num:0	1922			0	381	tigecycline; tetracycline; rifampin; chloramphenicol; ampicillin; cefalotin; triclosan	
k141_593456_1 # 1 # 960 # -1 # ID=285789_1;partial=10;start_type=ATG;rbs_motif=AGGA/GGAG/GAGG;rbs_spacer=11-12bp;gc_cont=0.446	k141_593456	1	960	-	Strict	175	175.6	vanT gene in vanG cluster	33.44	3002972	protein homolog model	n/a	n/a	glycopeptide antibiotic	antibiotic target alteration	glycopeptide resistance gene cluster; vanT	44.94	gnl|BL_ORD_ID|1523|hsp_num:0	1561			1035	1974	vancomycin	
k141_1401723_2 # 1076 # 1570 # 1 # ID=285919_2;partial=00;start_type=ATG;rbs_motif=GGAG/GAGG;rbs_spacer=5-10bp;gc_cont=0.335	k141_1401723	1076	1570	+	Strict	300	343.6	lnuC	98.17	3002837	protein homolog model	n/a	n/a	lincosamide antibiotic	antibiotic inactivation	lincosamide nucleotidyltransferase (LNU)	100.00	gnl|BL_ORD_ID|344|hsp_num:0	376			0	492	lincomycin	
k141_594558_56 # 62411 # 62740 # 1 # ID=286413_56;partial=00;start_type=ATG;rbs_motif=GGAG/GAGG;rbs_spacer=5-10bp;gc_cont=0.633	k141_594558	62411	62740	+	Strict	75	89.7	qacJ	39.62	3007014	protein homolog model	n/a	n/a	disinfecting agents and antiseptics	antibiotic efflux	small multidrug resistance (SMR) antibiotic efflux pump	101.87	gnl|BL_ORD_ID|4661|hsp_num:0	5730			0	318	benzalkonium chloride	
k141_595326_5 # 2543 # 3796 # -1 # ID=286697_5;partial=00;start_type=ATG;rbs_motif=GGA/GAG/AGG;rbs_spacer=5-10bp;gc_cont=0.537	k141_595326	2543	3796	-	Strict	175	195.3	vanT gene in vanG cluster	33.95	3002972	protein homolog model	n/a	n/a	glycopeptide antibiotic	antibiotic target alteration	glycopeptide resistance gene cluster; vanT	58.57	gnl|BL_ORD_ID|1523|hsp_num:0	1561			1032	2118	vancomycin	
k141_1404121_1 # 1 # 1209 # 1 # ID=286942_1;partial=10;start_type=Edge;rbs_motif=None;rbs_spacer=None;gc_cont=0.337	k141_1404121	1	1209	+	Strict	50	93.2	vanW gene in vanI cluster	26.05	3003724	protein homolog model	n/a	n/a	glycopeptide antibiotic	antibiotic target alteration	vanW; glycopeptide resistance gene cluster	107.77	gnl|BL_ORD_ID|4747|hsp_num:0	2242			351	1083	vancomycin; teicoplanin	
k141_596368_1 # 1 # 3840 # 1 # ID=287140_1;partial=10;start_type=Edge;rbs_motif=None;rbs_spacer=None;gc_cont=0.383	k141_596368	1	3840	+	Strict	50	62.0	vanY gene in vanA cluster	29.02	3002955	protein homolog model	n/a	n/a	glycopeptide antibiotic	antibiotic target alteration	vanY; glycopeptide resistance gene cluster	422.11	gnl|BL_ORD_ID|4668|hsp_num:0	89			147	663	vancomycin; teicoplanin	
k141_1404502_3 # 1149 # 1493 # -1 # ID=287210_3;partial=00;start_type=ATG;rbs_motif=GGAG/GAGG;rbs_spacer=5-10bp;gc_cont=0.507	k141_1404502	1149	1493	-	Strict	75	85.9	qacG	38.46	3007015	protein homolog model	n/a	n/a	disinfecting agents and antiseptics	antibiotic efflux	small multidrug resistance (SMR) antibiotic efflux pump	106.54	gnl|BL_ORD_ID|4662|hsp_num:0	5731			6	318	benzalkonium chloride	
k141_596994_90 # 78579 # 79457 # -1 # ID=287430_90;partial=00;start_type=ATG;rbs_motif=None;rbs_spacer=None;gc_cont=0.411	k141_596994	78579	79457	-	Strict	50	72.0	vanY gene in vanA cluster	34.13	3002955	protein homolog model	n/a	n/a	glycopeptide antibiotic	antibiotic target alteration	vanY; glycopeptide resistance gene cluster	96.37	gnl|BL_ORD_ID|4668|hsp_num:0	89			354	693	vancomycin; teicoplanin	
k141_600364_2 # 637 # 3843 # -1 # ID=289038_2;partial=00;start_type=ATG;rbs_motif=GGA/GAG/AGG;rbs_spacer=5-10bp;gc_cont=0.688	k141_600364	637	3843	-	Strict	750	861.7	adeF	46.01	3000777	protein homolog model	n/a	n/a	fluoroquinolone antibiotic; tetracycline antibiotic	antibiotic efflux	resistance-nodulation-cell division (RND) antibiotic efflux pump	100.85	gnl|BL_ORD_ID|133|hsp_num:0	153			6	3150	tetracycline	
k141_1410608_2 # 1081 # 3060 # 1 # ID=289983_2;partial=00;start_type=ATG;rbs_motif=None;rbs_spacer=None;gc_cont=0.481	k141_1410608	1081	3060	+	Strict	50	104.8	vanW gene in vanI cluster	28.42	3003724	protein homolog model	n/a	n/a	glycopeptide antibiotic	antibiotic target alteration	vanW; glycopeptide resistance gene cluster	176.68	gnl|BL_ORD_ID|4747|hsp_num:0	2242			228	1002	vancomycin; teicoplanin	
k141_1411564_4 # 1888 # 2109 # -1 # ID=290443_4;partial=01;start_type=Edge;rbs_motif=None;rbs_spacer=None;gc_cont=0.432	k141_1411564	1888	2109	-	Strict	50	53.5	vanY gene in vanA cluster	64.86	3002955	protein homolog model	n/a	n/a	glycopeptide antibiotic	antibiotic target alteration	vanY; glycopeptide resistance gene cluster	24.09	gnl|BL_ORD_ID|4668|hsp_num:0	89			552	663	vancomycin; teicoplanin	
k141_1411715_2 # 1105 # 2769 # -1 # ID=290532_2;partial=00;start_type=ATG;rbs_motif=GGA/GAG/AGG;rbs_spacer=5-10bp;gc_cont=0.428	k141_1411715	1105	2769	-	Strict	50	102.1	vanW gene in vanI cluster	37.35	3003724	protein homolog model	n/a	n/a	glycopeptide antibiotic	antibiotic target alteration	vanW; glycopeptide resistance gene cluster	148.53	gnl|BL_ORD_ID|4747|hsp_num:0	2242			603	1083	vancomycin; teicoplanin	
k141_604872_2 # 393 # 1436 # -1 # ID=291056_2;partial=01;start_type=Edge;rbs_motif=None;rbs_spacer=None;gc_cont=0.476	k141_604872	393	1436	-	Strict	50	94.4	vanW gene in vanI cluster	31.43	3003724	protein homolog model	n/a	n/a	glycopeptide antibiotic	antibiotic target alteration	vanW; glycopeptide resistance gene cluster	93.03	gnl|BL_ORD_ID|4747|hsp_num:0	2242			369	1056	vancomycin; teicoplanin	
k141_1416958_3 # 1407 # 4577 # -1 # ID=293193_3;partial=00;start_type=GTG;rbs_motif=AGGAG;rbs_spacer=5-10bp;gc_cont=0.414	k141_1416958	1407	4577	-	Strict	750	812.0	adeF	44.06	3000777	protein homolog model	n/a	n/a	fluoroquinolone antibiotic; tetracycline antibiotic	antibiotic efflux	resistance-nodulation-cell division (RND) antibiotic efflux pump	99.72	gnl|BL_ORD_ID|133|hsp_num:0	153			6	3102	tetracycline	
k141_1418475_2 # 817 # 1482 # -1 # ID=293888_2;partial=01;start_type=Edge;rbs_motif=None;rbs_spacer=None;gc_cont=0.635	k141_1418475	817	1482	-	Strict	50	81.3	vanW gene in vanI cluster	38.33	3003724	protein homolog model	n/a	n/a	glycopeptide antibiotic	antibiotic target alteration	vanW; glycopeptide resistance gene cluster	59.25	gnl|BL_ORD_ID|4747|hsp_num:0	2242			696	1047	vancomycin; teicoplanin	
k141_1419105_5 # 2377 # 3531 # 1 # ID=294173_5;partial=00;start_type=GTG;rbs_motif=None;rbs_spacer=None;gc_cont=0.593	k141_1419105	2377	3531	+	Strict	175	240.0	vanT gene in vanG cluster	38.08	3002972	protein homolog model	n/a	n/a	glycopeptide antibiotic	antibiotic target alteration	glycopeptide resistance gene cluster; vanT	53.93	gnl|BL_ORD_ID|1523|hsp_num:0	1561			1044	2118	vancomycin	
k141_1419155_5 # 4320 # 5312 # 1 # ID=294188_5;partial=00;start_type=ATG;rbs_motif=TAA;rbs_spacer=12bp;gc_cont=0.379	k141_1419155	4320	5312	+	Strict	200	211.5	vanH gene in vanB cluster	39.86	3002943	protein homolog model	n/a	n/a	glycopeptide antibiotic	antibiotic target alteration	vanH; glycopeptide resistance gene cluster	102.17	gnl|BL_ORD_ID|4674|hsp_num:0	626			99	951	vancomycin	
k141_1420329_2 # 1230 # 2162 # 1 # ID=294749_2;partial=00;start_type=ATG;rbs_motif=None;rbs_spacer=None;gc_cont=0.445	k141_1420329	1230	2162	+	Strict	50	82.0	vanY gene in vanB cluster	31.49	3002956	protein homolog model	n/a	n/a	glycopeptide antibiotic	antibiotic target alteration	vanY; glycopeptide resistance gene cluster	115.67	gnl|BL_ORD_ID|603|hsp_num:0	556			258	774	vancomycin	
k141_614801_1 # 2 # 1006 # 1 # ID=295703_1;partial=10;start_type=Edge;rbs_motif=None;rbs_spacer=None;gc_cont=0.599	k141_614801	2	1006	+	Strict	175	204.9	vanT gene in vanG cluster	37.77	3002972	protein homolog model	n/a	n/a	glycopeptide antibiotic	antibiotic target alteration	glycopeptide resistance gene cluster; vanT	46.91	gnl|BL_ORD_ID|1523|hsp_num:0	1561			1170	2118	vancomycin	
k141_618130_8 # 5705 # 8809 # -1 # ID=297293_8;partial=00;start_type=ATG;rbs_motif=GGA/GAG/AGG;rbs_spacer=5-10bp;gc_cont=0.513	k141_618130	5705	8809	-	Strict	1900	1939.5	AcrF	99.71	3000502	protein homolog model	n/a	n/a	fluoroquinolone antibiotic; cephalosporin; cephamycin; penam	antibiotic efflux	resistance-nodulation-cell division (RND) antibiotic efflux pump	100.00	gnl|BL_ORD_ID|1354|hsp_num:0	1437			0	3102	ciprofloxacin	
k141_618130_9 # 8821 # 9978 # -1 # ID=297293_9;partial=00;start_type=ATG;rbs_motif=GGAG/GAGG;rbs_spacer=5-10bp;gc_cont=0.523	k141_618130	8821	9978	-	Perfect	675	735.3	AcrE	100.0	3000499	protein homolog model	n/a	n/a	fluoroquinolone antibiotic; cephalosporin; cephamycin; penam	antibiotic efflux	resistance-nodulation-cell division (RND) antibiotic efflux pump	100.00	gnl|BL_ORD_ID|1355|hsp_num:0	1445			0	1155	ciprofloxacin	
k141_618130_10 # 10377 # 11039 # 1 # ID=297293_10;partial=00;start_type=ATG;rbs_motif=None;rbs_spacer=None;gc_cont=0.439	k141_618130	10377	11039	+	Perfect	380	438.7	AcrS	100.0	3000656	protein homolog model	n/a	n/a	fluoroquinolone antibiotic; cephalosporin; glycylcycline; cephamycin; penam; tetracycline antibiotic; rifamycin antibiotic; phenicol antibiotic; disinfecting agents and antiseptics	antibiotic efflux	resistance-nodulation-cell division (RND) antibiotic efflux pump	100.00	gnl|BL_ORD_ID|602|hsp_num:0	520			0	660	tigecycline; ciprofloxacin; tetracycline; rifampin; chloramphenicol; ampicillin; cefalotin; triclosan	
k141_619084_3 # 1519 # 1851 # 1 # ID=297718_3;partial=00;start_type=ATG;rbs_motif=GGA/GAG/AGG;rbs_spacer=5-10bp;gc_cont=0.637	k141_619084	1519	1851	+	Strict	75	80.9	qacG	39.05	3007015	protein homolog model	n/a	n/a	disinfecting agents and antiseptics	antibiotic efflux	small multidrug resistance (SMR) antibiotic efflux pump	102.80	gnl|BL_ORD_ID|4662|hsp_num:0	5731			3	318	benzalkonium chloride	
k141_1427124_2 # 648 # 1007 # 1 # ID=297975_2;partial=01;start_type=ATG;rbs_motif=None;rbs_spacer=None;gc_cont=0.614	k141_1427124	648	1007	+	Strict	200	236.5	FosA2	92.5	3002804	protein homolog model	n/a	n/a	phosphonic acid antibiotic	antibiotic inactivation	fosfomycin thiol transferase	85.11	gnl|BL_ORD_ID|30|hsp_num:0	35			0	360	fosfomycin	
k141_619752_34 # 33651 # 36833 # 1 # ID=298107_34;partial=00;start_type=GTG;rbs_motif=GGAG/GAGG;rbs_spacer=5-10bp;gc_cont=0.566	k141_619752	33651	36833	+	Strict	750	879.4	adeF	45.18	3000777	protein homolog model	n/a	n/a	fluoroquinolone antibiotic; tetracycline antibiotic	antibiotic efflux	resistance-nodulation-cell division (RND) antibiotic efflux pump	100.09	gnl|BL_ORD_ID|133|hsp_num:0	153			6	3156	tetracycline	
k141_619962_6 # 5389 # 6558 # -1 # ID=298209_6;partial=00;start_type=ATG;rbs_motif=None;rbs_spacer=None;gc_cont=0.494	k141_619962	5389	6558	-	Strict	175	199.1	vanT gene in vanG cluster	34.06	3002972	protein homolog model	n/a	n/a	glycopeptide antibiotic	antibiotic target alteration	glycopeptide resistance gene cluster; vanT	54.63	gnl|BL_ORD_ID|1523|hsp_num:0	1561			1029	2106	vancomycin	
k141_1432334_99 # 113766 # 114233 # -1 # ID=300524_99;partial=00;start_type=ATG;rbs_motif=GGA/GAG/AGG;rbs_spacer=11-12bp;gc_cont=0.536	k141_1432334	113766	114233	-	Strict	50	60.1	vanY gene in vanA cluster	31.07	3002955	protein homolog model	n/a	n/a	glycopeptide antibiotic	antibiotic target alteration	vanY; glycopeptide resistance gene cluster	51.16	gnl|BL_ORD_ID|4668|hsp_num:0	89			393	657	vancomycin; teicoplanin	
k141_626859_2 # 373 # 1401 # 1 # ID=301198_2;partial=00;start_type=ATG;rbs_motif=None;rbs_spacer=None;gc_cont=0.426	k141_626859	373	1401	+	Strict	175	184.1	vanT gene in vanG cluster	31.27	3002972	protein homolog model	n/a	n/a	glycopeptide antibiotic	antibiotic target alteration	glycopeptide resistance gene cluster; vanT	48.03	gnl|BL_ORD_ID|1523|hsp_num:0	1561			1113	2106	vancomycin	
k141_1442040_2 # 696 # 1817 # 1 # ID=305086_2;partial=00;start_type=ATG;rbs_motif=None;rbs_spacer=None;gc_cont=0.449	k141_1442040	696	1817	+	Strict	175	206.5	vanT gene in vanG cluster	33.15	3002972	protein homolog model	n/a	n/a	glycopeptide antibiotic	antibiotic target alteration	glycopeptide resistance gene cluster; vanT	52.39	gnl|BL_ORD_ID|1523|hsp_num:0	1561			1029	2106	vancomycin	
k141_636366_1 # 2 # 565 # -1 # ID=305632_1;partial=10;start_type=ATG;rbs_motif=ATA;rbs_spacer=6bp;gc_cont=0.473	k141_636366	2	565	-	Strict	50	132.1	vanW gene in vanB cluster	39.49	3002964	protein homolog model	n/a	n/a	glycopeptide antibiotic	antibiotic target alteration	vanW; glycopeptide resistance gene cluster	68.36	gnl|BL_ORD_ID|4679|hsp_num:0	1036			105	576	vancomycin	
k141_639016_65 # 81042 # 84191 # 1 # ID=306888_65;partial=00;start_type=ATG;rbs_motif=None;rbs_spacer=None;gc_cont=0.530	k141_639016	81042	84191	+	Strict	750	1387.1	adeF	69.59	3000777	protein homolog model	n/a	n/a	fluoroquinolone antibiotic; tetracycline antibiotic	antibiotic efflux	resistance-nodulation-cell division (RND) antibiotic efflux pump	99.06	gnl|BL_ORD_ID|133|hsp_num:0	153			0	3111	tetracycline	
k141_1448487_1 # 1 # 2553 # -1 # ID=307974_1;partial=11;start_type=Edge;rbs_motif=None;rbs_spacer=None;gc_cont=0.616	k141_1448487	1	2553	-	Strict	750	926.4	adeF	59.03	3000777	protein homolog model	n/a	n/a	fluoroquinolone antibiotic; tetracycline antibiotic	antibiotic efflux	resistance-nodulation-cell division (RND) antibiotic efflux pump	80.36	gnl|BL_ORD_ID|133|hsp_num:0	153			594	3126	tetracycline	
k141_1449593_2 # 187 # 1500 # -1 # ID=308457_2;partial=01;start_type=Edge;rbs_motif=None;rbs_spacer=None;gc_cont=0.433	k141_1449593	187	1500	-	Strict	175	206.5	vanT gene in vanG cluster	36.93	3002972	protein homolog model	n/a	n/a	glycopeptide antibiotic	antibiotic target alteration	glycopeptide resistance gene cluster; vanT	61.38	gnl|BL_ORD_ID|1523|hsp_num:0	1561			1038	2127	vancomycin	
k141_1451057_2 # 734 # 1027 # -1 # ID=309094_2;partial=01;start_type=Edge;rbs_motif=None;rbs_spacer=None;gc_cont=0.357	k141_1451057	734	1027	-	Strict	75	81.3	qacJ	38.3	3007014	protein homolog model	n/a	n/a	disinfecting agents and antiseptics	antibiotic efflux	small multidrug resistance (SMR) antibiotic efflux pump	90.65	gnl|BL_ORD_ID|4661|hsp_num:0	5730			36	318	benzalkonium chloride	
k141_1452449_1 # 1 # 1281 # -1 # ID=309719_1;partial=11;start_type=Edge;rbs_motif=None;rbs_spacer=None;gc_cont=0.478	k141_1452449	1	1281	-	Strict	50	120.2	vanW gene in vanI cluster	31.82	3003724	protein homolog model	n/a	n/a	glycopeptide antibiotic	antibiotic target alteration	vanW; glycopeptide resistance gene cluster	114.48	gnl|BL_ORD_ID|4747|hsp_num:0	2242			366	1083	vancomycin; teicoplanin	
k141_650358_1 # 1 # 1071 # -1 # ID=312005_1;partial=11;start_type=Edge;rbs_motif=None;rbs_spacer=None;gc_cont=0.529	k141_650358	1	1071	-	Strict	175	191.4	vanT gene in vanG cluster	32.96	3002972	protein homolog model	n/a	n/a	glycopeptide antibiotic	antibiotic target alteration	glycopeptide resistance gene cluster; vanT	50.14	gnl|BL_ORD_ID|1523|hsp_num:0	1561			1059	2097	vancomycin	
k141_652941_9 # 5734 # 7065 # -1 # ID=313189_9;partial=00;start_type=ATG;rbs_motif=None;rbs_spacer=None;gc_cont=0.693	k141_652941	5734	7065	-	Strict	50	81.6	vanW gene in vanI cluster	35.06	3003724	protein homolog model	n/a	n/a	glycopeptide antibiotic	antibiotic target alteration	vanW; glycopeptide resistance gene cluster	118.77	gnl|BL_ORD_ID|4747|hsp_num:0	2242			636	1083	vancomycin; teicoplanin	
k141_1462429_19 # 19119 # 20075 # -1 # ID=314339_19;partial=00;start_type=ATG;rbs_motif=None;rbs_spacer=None;gc_cont=0.536	k141_1462429	19119	20075	-	Strict	50	83.6	vanY gene in vanB cluster	37.06	3002956	protein homolog model	n/a	n/a	glycopeptide antibiotic	antibiotic target alteration	vanY; glycopeptide resistance gene cluster	118.66	gnl|BL_ORD_ID|603|hsp_num:0	556			366	774	vancomycin	
k141_1464691_2 # 2531 # 2845 # 1 # ID=315382_2;partial=00;start_type=ATG;rbs_motif=None;rbs_spacer=None;gc_cont=0.587	k141_1464691	2531	2845	+	Strict	75	80.5	qacJ	36.73	3007014	protein homolog model	n/a	n/a	disinfecting agents and antiseptics	antibiotic efflux	small multidrug resistance (SMR) antibiotic efflux pump	97.20	gnl|BL_ORD_ID|4661|hsp_num:0	5730			0	294	benzalkonium chloride	
k141_662512_1 # 88 # 711 # 1 # ID=317779_1;partial=00;start_type=GTG;rbs_motif=None;rbs_spacer=None;gc_cont=0.620	k141_662512	88	711	+	Strict	50	88.2	vanW gene in vanI cluster	35.77	3003724	protein homolog model	n/a	n/a	glycopeptide antibiotic	antibiotic target alteration	vanW; glycopeptide resistance gene cluster	55.50	gnl|BL_ORD_ID|4747|hsp_num:0	2242			615	1014	vancomycin; teicoplanin	
k141_664476_1 # 268 # 849 # -1 # ID=318642_1;partial=00;start_type=ATG;rbs_motif=None;rbs_spacer=None;gc_cont=0.536	k141_664476	268	849	-	Perfect	275	403.3	AAC(6')-IIc	100.0	3002596	protein homolog model	n/a	n/a	aminoglycoside antibiotic	antibiotic inactivation	AAC(6')	100.00	gnl|BL_ORD_ID|675|hsp_num:0	730			0	579	dibekacin; sisomicin; netilmicin; tobramycin; 2'-N-ethylnetilmicin; 5-episisomicin; gentamicin	
k141_1472013_2 # 833 # 1168 # 1 # ID=318900_2;partial=00;start_type=ATG;rbs_motif=GGAG/GAGG;rbs_spacer=5-10bp;gc_cont=0.560	k141_1472013	833	1168	+	Strict	75	89.7	qacG	42.31	3007015	protein homolog model	n/a	n/a	disinfecting agents and antiseptics	antibiotic efflux	small multidrug resistance (SMR) antibiotic efflux pump	103.74	gnl|BL_ORD_ID|4662|hsp_num:0	5731			6	318	benzalkonium chloride	
k141_1476257_10 # 10069 # 13251 # -1 # ID=320820_10;partial=00;start_type=ATG;rbs_motif=GGAG/GAGG;rbs_spacer=5-10bp;gc_cont=0.634	k141_1476257	10069	13251	-	Strict	750	1252.3	adeF	61.7	3000777	protein homolog model	n/a	n/a	fluoroquinolone antibiotic; tetracycline antibiotic	antibiotic efflux	resistance-nodulation-cell division (RND) antibiotic efflux pump	100.09	gnl|BL_ORD_ID|133|hsp_num:0	153			0	3171	tetracycline	
k141_670374_10 # 6786 # 7679 # -1 # ID=321356_10;partial=00;start_type=ATG;rbs_motif=GGA/GAG/AGG;rbs_spacer=11-12bp;gc_cont=0.660	k141_670374	6786	7679	-	Strict	50	69.7	vanY gene in vanA cluster	33.33	3002955	protein homolog model	n/a	n/a	glycopeptide antibiotic	antibiotic target alteration	vanY; glycopeptide resistance gene cluster	98.02	gnl|BL_ORD_ID|4668|hsp_num:0	89			306	663	vancomycin; teicoplanin	
k141_1481439_1 # 100 # 1275 # -1 # ID=323224_1;partial=01;start_type=Edge;rbs_motif=None;rbs_spacer=None;gc_cont=0.392	k141_1481439	100	1275	-	Strict	175	199.5	vanT gene in vanG cluster	32.98	3002972	protein homolog model	n/a	n/a	glycopeptide antibiotic	antibiotic target alteration	glycopeptide resistance gene cluster; vanT	54.92	gnl|BL_ORD_ID|1523|hsp_num:0	1561			1035	2118	vancomycin	
k141_1481541_2 # 273 # 599 # 1 # ID=323254_2;partial=00;start_type=ATG;rbs_motif=AGGAG;rbs_spacer=5-10bp;gc_cont=0.645	k141_1481541	273	599	+	Strict	75	85.9	qacG	37.86	3007015	protein homolog model	n/a	n/a	disinfecting agents and antiseptics	antibiotic efflux	small multidrug resistance (SMR) antibiotic efflux pump	100.93	gnl|BL_ORD_ID|4662|hsp_num:0	5731			3	312	benzalkonium chloride	
k141_1481816_1 # 298 # 1524 # 1 # ID=323371_1;partial=00;start_type=ATG;rbs_motif=GGA/GAG/AGG;rbs_spacer=5-10bp;gc_cont=0.490	k141_1481816	298	1524	+	Strict	700	740.7	EreA2	91.91	3002826	protein homolog model	n/a	n/a	macrolide antibiotic	antibiotic inactivation	macrolide esterase	100.00	gnl|BL_ORD_ID|1398|hsp_num:0	1518			0	1224	erythromycin	
k141_1484888_2 # 535 # 1545 # -1 # ID=324727_2;partial=01;start_type=Edge;rbs_motif=None;rbs_spacer=None;gc_cont=0.556	k141_1484888	535	1545	-	Strict	50	105.9	vanW gene in vanI cluster	30.43	3003724	protein homolog model	n/a	n/a	glycopeptide antibiotic	antibiotic target alteration	vanW; glycopeptide resistance gene cluster	90.08	gnl|BL_ORD_ID|4747|hsp_num:0	2242			411	1083	vancomycin; teicoplanin	
k141_678554_11 # 6181 # 6594 # -1 # ID=325171_11;partial=01;start_type=Edge;rbs_motif=None;rbs_spacer=None;gc_cont=0.444	k141_678554	6181	6594	-	Strict	50	72.8	vanY gene in vanA cluster	40.2	3002955	protein homolog model	n/a	n/a	glycopeptide antibiotic	antibiotic target alteration	vanY; glycopeptide resistance gene cluster	45.21	gnl|BL_ORD_ID|4668|hsp_num:0	89			396	663	vancomycin; teicoplanin	
k141_1489533_2 # 1110 # 1790 # -1 # ID=326921_2;partial=00;start_type=ATG;rbs_motif=None;rbs_spacer=None;gc_cont=0.548	k141_1489533	1110	1790	-	Strict	50	109.4	vanW gene in vanI cluster	44.27	3003724	protein homolog model	n/a	n/a	glycopeptide antibiotic	antibiotic target alteration	vanW; glycopeptide resistance gene cluster	60.59	gnl|BL_ORD_ID|4747|hsp_num:0	2242			654	1047	vancomycin; teicoplanin	
k141_682627_119 # 114582 # 116489 # -1 # ID=327106_119;partial=00;start_type=ATG;rbs_motif=None;rbs_spacer=None;gc_cont=0.299	k141_682627	114582	116489	-	Strict	50	95.9	vanW gene in vanI cluster	28.35	3003724	protein homolog model	n/a	n/a	glycopeptide antibiotic	antibiotic target alteration	vanW; glycopeptide resistance gene cluster	170.24	gnl|BL_ORD_ID|4747|hsp_num:0	2242			396	1083	vancomycin; teicoplanin	
k141_1490795_2 # 390 # 1070 # -1 # ID=327444_2;partial=01;start_type=Edge;rbs_motif=None;rbs_spacer=None;gc_cont=0.700	k141_1490795	390	1070	-	Strict	50	82.0	vanW gene in vanG cluster	37.5	3002965	protein homolog model	n/a	n/a	glycopeptide antibiotic	antibiotic target alteration	vanW; glycopeptide resistance gene cluster	80.43	gnl|BL_ORD_ID|4742|hsp_num:0	1622			231	567	vancomycin	
k141_685939_60 # 60918 # 61778 # -1 # ID=328777_60;partial=00;start_type=ATG;rbs_motif=None;rbs_spacer=None;gc_cont=0.602	k141_685939	60918	61778	-	Strict	50	70.5	vanY gene in vanB cluster	30.51	3002956	protein homolog model	n/a	n/a	glycopeptide antibiotic	antibiotic target alteration	vanY; glycopeptide resistance gene cluster	106.72	gnl|BL_ORD_ID|603|hsp_num:0	556			258	762	vancomycin	
k141_1494534_3 # 514 # 3651 # -1 # ID=329075_3;partial=00;start_type=ATG;rbs_motif=GGA/GAG/AGG;rbs_spacer=5-10bp;gc_cont=0.694	k141_1494534	514	3651	-	Strict	750	893.3	adeF	46.81	3000777	protein homolog model	n/a	n/a	fluoroquinolone antibiotic; tetracycline antibiotic	antibiotic efflux	resistance-nodulation-cell division (RND) antibiotic efflux pump	98.68	gnl|BL_ORD_ID|133|hsp_num:0	153			6	3150	tetracycline	
k141_690552_1 # 317 # 637 # -1 # ID=331079_1;partial=00;start_type=ATG;rbs_motif=GGAG/GAGG;rbs_spacer=5-10bp;gc_cont=0.685	k141_690552	317	637	-	Strict	75	79.0	qacJ	43.14	3007014	protein homolog model	n/a	n/a	disinfecting agents and antiseptics	antibiotic efflux	small multidrug resistance (SMR) antibiotic efflux pump	99.07	gnl|BL_ORD_ID|4661|hsp_num:0	5730			0	306	benzalkonium chloride	
k141_690647_3 # 1068 # 3014 # -1 # ID=331130_3;partial=00;start_type=ATG;rbs_motif=None;rbs_spacer=None;gc_cont=0.512	k141_690647	1068	3014	-	Strict	50	92.4	vanW gene in vanI cluster	27.92	3003724	protein homolog model	n/a	n/a	glycopeptide antibiotic	antibiotic target alteration	vanW; glycopeptide resistance gene cluster	173.73	gnl|BL_ORD_ID|4747|hsp_num:0	2242			405	1083	vancomycin; teicoplanin	
k141_1502945_34 # 35019 # 35912 # -1 # ID=333193_34;partial=00;start_type=ATG;rbs_motif=None;rbs_spacer=None;gc_cont=0.352	k141_1502945	35019	35912	-	Strict	50	79.7	vanY gene in vanB cluster	30.6	3002956	protein homolog model	n/a	n/a	glycopeptide antibiotic	antibiotic target alteration	vanY; glycopeptide resistance gene cluster	110.82	gnl|BL_ORD_ID|603|hsp_num:0	556			258	774	vancomycin	
k141_1502955_2 # 377 # 1252 # -1 # ID=333198_2;partial=00;start_type=ATG;rbs_motif=AGGA;rbs_spacer=5-10bp;gc_cont=0.550	k141_1502955	377	1252	-	Perfect	500	557.4	CTX-M-15	100.0	3001878	protein homolog model	n/a	n/a	cephalosporin; penam	antibiotic inactivation	CTX-M beta-lactamase	100.00	gnl|BL_ORD_ID|1875|hsp_num:0	2035			0	873	cefazolin; ceftazidime; ceftriaxone; ampicillin; cefalotin	
k141_1503783_1 # 3 # 1181 # 1 # ID=333525_1;partial=10;start_type=Edge;rbs_motif=None;rbs_spacer=None;gc_cont=0.619	k141_1503783	3	1181	+	Strict	175	185.3	vanT gene in vanG cluster	31.77	3002972	protein homolog model	n/a	n/a	glycopeptide antibiotic	antibiotic target alteration	glycopeptide resistance gene cluster; vanT	55.06	gnl|BL_ORD_ID|1523|hsp_num:0	1561			1041	2118	vancomycin	
k141_1504247_2 # 515 # 1300 # -1 # ID=333759_2;partial=01;start_type=Edge;rbs_motif=None;rbs_spacer=None;gc_cont=0.472	k141_1504247	515	1300	-	Strict	50	68.9	vanY gene in vanB cluster	32.52	3002956	protein homolog model	n/a	n/a	glycopeptide antibiotic	antibiotic target alteration	vanY; glycopeptide resistance gene cluster	97.39	gnl|BL_ORD_ID|603|hsp_num:0	556			294	768	vancomycin	
k141_697775_2 # 831 # 1112 # -1 # ID=334527_2;partial=01;start_type=Edge;rbs_motif=None;rbs_spacer=None;gc_cont=0.610	k141_697775	831	1112	-	Strict	75	85.5	qacG	45.56	3007015	protein homolog model	n/a	n/a	disinfecting agents and antiseptics	antibiotic efflux	small multidrug resistance (SMR) antibiotic efflux pump	86.92	gnl|BL_ORD_ID|4662|hsp_num:0	5731			48	318	benzalkonium chloride	
k141_1506377_1 # 792 # 977 # -1 # ID=334767_1;partial=00;start_type=ATG;rbs_motif=AGGAG;rbs_spacer=5-10bp;gc_cont=0.495	k141_1506377	792	977	-	Strict	100	102.4	rsmA	85.25	3005069	protein homolog model	n/a	n/a	fluoroquinolone antibiotic; diaminopyrimidine antibiotic; phenicol antibiotic	antibiotic efflux	resistance-nodulation-cell division (RND) antibiotic efflux pump	100.00	gnl|BL_ORD_ID|2793|hsp_num:0	3807			0	183	trimethoprim; chloramphenicol	
k141_1506434_4 # 2236 # 5367 # 1 # ID=334793_4;partial=00;start_type=GTG;rbs_motif=GGA/GAG/AGG;rbs_spacer=11-12bp;gc_cont=0.558	k141_1506434	2236	5367	+	Strict	750	833.6	adeF	44.71	3000777	protein homolog model	n/a	n/a	fluoroquinolone antibiotic; tetracycline antibiotic	antibiotic efflux	resistance-nodulation-cell division (RND) antibiotic efflux pump	98.49	gnl|BL_ORD_ID|133|hsp_num:0	153			9	3174	tetracycline	
k141_699290_3 # 1112 # 2491 # -1 # ID=335232_3;partial=00;start_type=ATG;rbs_motif=GGA/GAG/AGG;rbs_spacer=5-10bp;gc_cont=0.569	k141_699290	1112	2491	-	Strict	50	80.1	vanW gene in vanI cluster	27.86	3003724	protein homolog model	n/a	n/a	glycopeptide antibiotic	antibiotic target alteration	vanW; glycopeptide resistance gene cluster	123.06	gnl|BL_ORD_ID|4747|hsp_num:0	2242			474	1056	vancomycin; teicoplanin	
k141_702110_1 # 1 # 1125 # 1 # ID=336426_1;partial=10;start_type=Edge;rbs_motif=None;rbs_spacer=None;gc_cont=0.692	k141_702110	1	1125	+	Strict	175	183.0	vanT gene in vanG cluster	32.04	3002972	protein homolog model	n/a	n/a	glycopeptide antibiotic	antibiotic target alteration	glycopeptide resistance gene cluster; vanT	52.53	gnl|BL_ORD_ID|1523|hsp_num:0	1561			1068	2133	vancomycin	
k141_704624_2 # 362 # 1243 # 1 # ID=337679_2;partial=00;start_type=ATG;rbs_motif=AGxAGG/AGGxGG;rbs_spacer=3-4bp;gc_cont=0.562	k141_704624	362	1243	+	Perfect	575	572.0	PAU-1	100.0	3006964	protein homolog model	n/a	n/a	carbapenem; cephalosporin	antibiotic inactivation	PAU beta-lactamase	100.00	gnl|BL_ORD_ID|4170|hsp_num:0	5239			0	879		
k141_705936_2 # 610 # 1350 # -1 # ID=338343_2;partial=00;start_type=ATG;rbs_motif=AGGA;rbs_spacer=5-10bp;gc_cont=0.389	k141_705936	610	1350	-	Perfect	400	505.0	IMP-1	100.0	3002192	protein homolog model	n/a	n/a	carbapenem; cephalosporin; cephamycin; penam; penem	antibiotic inactivation	IMP beta-lactamase	100.00	gnl|BL_ORD_ID|312|hsp_num:0	341			0	738		
k141_1519370_1 # 2 # 1054 # -1 # ID=340451_1;partial=11;start_type=Edge;rbs_motif=None;rbs_spacer=None;gc_cont=0.324	k141_1519370	2	1054	-	Strict	50	127.5	vanW gene in vanI cluster	30.52	3003724	protein homolog model	n/a	n/a	glycopeptide antibiotic	antibiotic target alteration	vanW; glycopeptide resistance gene cluster	94.10	gnl|BL_ORD_ID|4747|hsp_num:0	2242			24	978	vancomycin; teicoplanin	
k141_1520162_3 # 845 # 1180 # -1 # ID=340787_3;partial=00;start_type=ATG;rbs_motif=None;rbs_spacer=None;gc_cont=0.554	k141_1520162	845	1180	-	Strict	75	103.2	qacG	40.95	3007015	protein homolog model	n/a	n/a	disinfecting agents and antiseptics	antibiotic efflux	small multidrug resistance (SMR) antibiotic efflux pump	103.74	gnl|BL_ORD_ID|4662|hsp_num:0	5731			3	318	benzalkonium chloride	
k141_1520739_13 # 9430 # 10314 # 1 # ID=341050_13;partial=00;start_type=ATG;rbs_motif=None;rbs_spacer=None;gc_cont=0.476	k141_1520739	9430	10314	+	Strict	50	76.6	vanY gene in vanA cluster	33.33	3002955	protein homolog model	n/a	n/a	glycopeptide antibiotic	antibiotic target alteration	vanY; glycopeptide resistance gene cluster	97.03	gnl|BL_ORD_ID|4668|hsp_num:0	89			306	744	vancomycin; teicoplanin	
k141_1531682_2 # 470 # 1270 # 1 # ID=345886_2;partial=00;start_type=ATG;rbs_motif=AGGA;rbs_spacer=5-10bp;gc_cont=0.471	k141_1531682	470	1270	+	Perfect	500	551.2	OXA-732	100.0	3005937	protein homolog model	n/a	n/a	carbapenem; cephalosporin; penam	antibiotic inactivation	OXA beta-lactamase	100.00	gnl|BL_ORD_ID|3973|hsp_num:0	5042			0	798	cloxacillin; oxacillin; cefalotin	
k141_721994_1 # 1 # 831 # 1 # ID=345930_1;partial=10;start_type=Edge;rbs_motif=None;rbs_spacer=None;gc_cont=0.455	k141_721994	1	831	+	Strict	500	528.9	OXA-662	97.08	3005877	protein homolog model	n/a	n/a	carbapenem; cephalosporin; penam	antibiotic inactivation	OXA beta-lactamase	100.73	gnl|BL_ORD_ID|3913|hsp_num:0	4982			0	822	cloxacillin; oxacillin; cefalotin	
k141_1533961_24 # 35016 # 38144 # 1 # ID=346962_24;partial=00;start_type=GTG;rbs_motif=GGA/GAG/AGG;rbs_spacer=5-10bp;gc_cont=0.491	k141_1533961	35016	38144	+	Strict	750	865.5	adeF	45.58	3000777	protein homolog model	n/a	n/a	fluoroquinolone antibiotic; tetracycline antibiotic	antibiotic efflux	resistance-nodulation-cell division (RND) antibiotic efflux pump	98.39	gnl|BL_ORD_ID|133|hsp_num:0	153			9	3120	tetracycline	
k141_724350_1 # 8 # 991 # -1 # ID=347015_1;partial=00;start_type=ATG;rbs_motif=None;rbs_spacer=None;gc_cont=0.465	k141_724350	8	991	-	Strict	50	85.9	vanY gene in vanB cluster	33.53	3002956	protein homolog model	n/a	n/a	glycopeptide antibiotic	antibiotic target alteration	vanY; glycopeptide resistance gene cluster	122.01	gnl|BL_ORD_ID|603|hsp_num:0	556			285	771	vancomycin	
k141_1535359_3 # 604 # 936 # -1 # ID=347586_3;partial=00;start_type=ATG;rbs_motif=AGGA;rbs_spacer=5-10bp;gc_cont=0.691	k141_1535359	604	936	-	Strict	75	81.6	qacG	39.42	3007015	protein homolog model	n/a	n/a	disinfecting agents and antiseptics	antibiotic efflux	small multidrug resistance (SMR) antibiotic efflux pump	102.80	gnl|BL_ORD_ID|4662|hsp_num:0	5731			6	318	benzalkonium chloride	
k141_1535534_2 # 1506 # 1841 # 1 # ID=347677_2;partial=00;start_type=ATG;rbs_motif=GGAG/GAGG;rbs_spacer=5-10bp;gc_cont=0.643	k141_1535534	1506	1841	+	Strict	75	94.0	qacG	43.27	3007015	protein homolog model	n/a	n/a	disinfecting agents and antiseptics	antibiotic efflux	small multidrug resistance (SMR) antibiotic efflux pump	103.74	gnl|BL_ORD_ID|4662|hsp_num:0	5731			6	318	benzalkonium chloride	
k141_726512_5 # 3044 # 3700 # -1 # ID=348009_5;partial=00;start_type=ATG;rbs_motif=AGGAG;rbs_spacer=5-10bp;gc_cont=0.438	k141_726512	3044	3700	-	Perfect	400	457.6	QnrS1	100.0	3002790	protein homolog model	n/a	n/a	fluoroquinolone antibiotic	antibiotic target protection	quinolone resistance protein (qnr)	100.00	gnl|BL_ORD_ID|349|hsp_num:0	381			0	654	ciprofloxacin; levofloxacin; moxifloxacin; gatifloxacin; nalidixic acid; norfloxacin; sparfloxacin	
k141_1536550_5 # 5016 # 6746 # 1 # ID=348175_5;partial=01;start_type=ATG;rbs_motif=None;rbs_spacer=None;gc_cont=0.350	k141_1536550	5016	6746	+	Strict	50	115.2	vanW gene in vanI cluster	30.28	3003724	protein homolog model	n/a	n/a	glycopeptide antibiotic	antibiotic target alteration	vanW; glycopeptide resistance gene cluster	154.69	gnl|BL_ORD_ID|4747|hsp_num:0	2242			360	1098	vancomycin; teicoplanin	
k141_727515_2 # 132 # 452 # -1 # ID=348465_2;partial=00;start_type=TTG;rbs_motif=GGAG/GAGG;rbs_spacer=5-10bp;gc_cont=0.452	k141_727515	132	452	-	Strict	75	83.2	qacG	44.12	3007015	protein homolog model	n/a	n/a	disinfecting agents and antiseptics	antibiotic efflux	small multidrug resistance (SMR) antibiotic efflux pump	99.07	gnl|BL_ORD_ID|4662|hsp_num:0	5731			0	306	benzalkonium chloride	
k141_729005_12 # 8865 # 12002 # -1 # ID=349124_12;partial=00;start_type=ATG;rbs_motif=AGGAG;rbs_spacer=5-10bp;gc_cont=0.502	k141_729005	8865	12002	-	Strict	750	770.4	adeF	42.32	3000777	protein homolog model	n/a	n/a	fluoroquinolone antibiotic; tetracycline antibiotic	antibiotic efflux	resistance-nodulation-cell division (RND) antibiotic efflux pump	98.68	gnl|BL_ORD_ID|133|hsp_num:0	153			6	3120	tetracycline	
k141_730022_1 # 6 # 500 # -1 # ID=349573_1;partial=00;start_type=ATG;rbs_motif=AATAA;rbs_spacer=15bp;gc_cont=0.352	k141_730022	6	500	-	Strict	150	207.2	nimA	62.11	3007104	protein homolog model	n/a	n/a	nitroimidazole antibiotic	antibiotic inactivation	nitroimidazole reductase	93.18	gnl|BL_ORD_ID|4783|hsp_num:0	5777			0	480	metronidazole	
k141_1540031_16 # 13520 # 15982 # 1 # ID=349706_16;partial=00;start_type=ATG;rbs_motif=TAAA;rbs_spacer=11bp;gc_cont=0.426	k141_1540031	13520	15982	+	Strict	175	197.6	vanT gene in vanG cluster	34.7	3002972	protein homolog model	n/a	n/a	glycopeptide antibiotic	antibiotic target alteration	glycopeptide resistance gene cluster; vanT	115.17	gnl|BL_ORD_ID|1523|hsp_num:0	1561			1038	2118	vancomycin	
k141_733822_3 # 2419 # 5673 # -1 # ID=351312_3;partial=00;start_type=ATG;rbs_motif=None;rbs_spacer=None;gc_cont=0.694	k141_733822	2419	5673	-	Strict	750	771.9	adeF	43.43	3000777	protein homolog model	n/a	n/a	fluoroquinolone antibiotic; tetracycline antibiotic	antibiotic efflux	resistance-nodulation-cell division (RND) antibiotic efflux pump	102.36	gnl|BL_ORD_ID|133|hsp_num:0	153			6	3111	tetracycline	
k141_734266_11 # 14957 # 16090 # -1 # ID=351509_11;partial=00;start_type=ATG;rbs_motif=TAA;rbs_spacer=4bp;gc_cont=0.388	k141_734266	14957	16090	-	Strict	175	177.6	vanT gene in vanG cluster	31.27	3002972	protein homolog model	n/a	n/a	glycopeptide antibiotic	antibiotic target alteration	glycopeptide resistance gene cluster; vanT	52.95	gnl|BL_ORD_ID|1523|hsp_num:0	1561			1038	2097	vancomycin	
k141_737943_2 # 589 # 1755 # 1 # ID=353095_2;partial=00;start_type=ATG;rbs_motif=AGxAGG/AGGxGG;rbs_spacer=5-10bp;gc_cont=0.272	k141_737943	589	1755	+	Strict	175	208.4	vanT gene in vanG cluster	33.16	3002972	protein homolog model	n/a	n/a	glycopeptide antibiotic	antibiotic target alteration	glycopeptide resistance gene cluster; vanT	54.49	gnl|BL_ORD_ID|1523|hsp_num:0	1561			1023	2127	vancomycin	
k141_1551796_2 # 160 # 1038 # 1 # ID=355030_2;partial=00;start_type=ATG;rbs_motif=None;rbs_spacer=None;gc_cont=0.395	k141_1551796	160	1038	+	Strict	50	75.5	vanY gene in vanB cluster	30.33	3002956	protein homolog model	n/a	n/a	glycopeptide antibiotic	antibiotic target alteration	vanY; glycopeptide resistance gene cluster	108.96	gnl|BL_ORD_ID|603|hsp_num:0	556			219	789	vancomycin	
k141_1552845_1 # 2 # 742 # 1 # ID=355477_1;partial=10;start_type=Edge;rbs_motif=None;rbs_spacer=None;gc_cont=0.482	k141_1552845	2	742	+	Strict	50	107.1	vanW gene in vanI cluster	35.84	3003724	protein homolog model	n/a	n/a	glycopeptide antibiotic	antibiotic target alteration	vanW; glycopeptide resistance gene cluster	65.95	gnl|BL_ORD_ID|4747|hsp_num:0	2242			603	1104	vancomycin; teicoplanin	
k141_744189_2 # 274 # 1173 # 1 # ID=355877_2;partial=00;start_type=ATG;rbs_motif=None;rbs_spacer=None;gc_cont=0.339	k141_744189	274	1173	+	Strict	50	71.6	vanY gene in vanA cluster	34.09	3002955	protein homolog model	n/a	n/a	glycopeptide antibiotic	antibiotic target alteration	vanY; glycopeptide resistance gene cluster	98.68	gnl|BL_ORD_ID|4668|hsp_num:0	89			306	663	vancomycin; teicoplanin	
k141_744194_2 # 274 # 1173 # 1 # ID=355879_2;partial=00;start_type=ATG;rbs_motif=None;rbs_spacer=None;gc_cont=0.350	k141_744194	274	1173	+	Strict	50	75.9	vanY gene in vanM cluster	30.3	3002961	protein homolog model	n/a	n/a	glycopeptide antibiotic	antibiotic target alteration	vanY; glycopeptide resistance gene cluster	128.33	gnl|BL_ORD_ID|1674|hsp_num:0	1713			117	546	vancomycin; teicoplanin	
k141_748867_38 # 38731 # 39873 # -1 # ID=357982_38;partial=00;start_type=ATG;rbs_motif=ATA;rbs_spacer=8bp;gc_cont=0.430	k141_748867	38731	39873	-	Strict	175	216.9	vanT gene in vanG cluster	34.62	3002972	protein homolog model	n/a	n/a	glycopeptide antibiotic	antibiotic target alteration	glycopeptide resistance gene cluster; vanT	53.37	gnl|BL_ORD_ID|1523|hsp_num:0	1561			1029	2106	vancomycin	
k141_749835_40 # 38876 # 39763 # -1 # ID=358389_40;partial=00;start_type=ATG;rbs_motif=None;rbs_spacer=None;gc_cont=0.568	k141_749835	38876	39763	-	Strict	50	83.2	vanY gene in vanM cluster	30.85	3002961	protein homolog model	n/a	n/a	glycopeptide antibiotic	antibiotic target alteration	vanY; glycopeptide resistance gene cluster	126.61	gnl|BL_ORD_ID|1674|hsp_num:0	1713			6	516	vancomycin; teicoplanin	
k141_1565892_9 # 5986 # 6936 # -1 # ID=361299_9;partial=00;start_type=ATG;rbs_motif=None;rbs_spacer=None;gc_cont=0.546	k141_1565892	5986	6936	-	Strict	50	69.7	vanY gene in vanB cluster	31.91	3002956	protein homolog model	n/a	n/a	glycopeptide antibiotic	antibiotic target alteration	vanY; glycopeptide resistance gene cluster	117.91	gnl|BL_ORD_ID|603|hsp_num:0	556			366	768	vancomycin	
k141_759458_2 # 187 # 1557 # 1 # ID=362710_2;partial=00;start_type=ATG;rbs_motif=None;rbs_spacer=None;gc_cont=0.616	k141_759458	187	1557	+	Strict	50	89.0	vanW gene in vanI cluster	39.26	3003724	protein homolog model	n/a	n/a	glycopeptide antibiotic	antibiotic target alteration	vanW; glycopeptide resistance gene cluster	122.25	gnl|BL_ORD_ID|4747|hsp_num:0	2242			615	1083	vancomycin; teicoplanin	
k141_762977_2 # 693 # 1127 # -1 # ID=364362_2;partial=01;start_type=Edge;rbs_motif=None;rbs_spacer=None;gc_cont=0.347	k141_762977	693	1127	-	Strict	50	55.8	vanY gene in vanM cluster	36.0	3002961	protein homolog model	n/a	n/a	glycopeptide antibiotic	antibiotic target alteration	vanY; glycopeptide resistance gene cluster	61.80	gnl|BL_ORD_ID|1674|hsp_num:0	1713			219	474	vancomycin; teicoplanin	
k141_1573030_61 # 66337 # 67695 # 1 # ID=364418_61;partial=00;start_type=GTG;rbs_motif=GGA/GAG/AGG;rbs_spacer=5-10bp;gc_cont=0.492	k141_1573030	66337	67695	+	Strict	50	162.2	vanW gene in vanI cluster	32.03	3003724	protein homolog model	n/a	n/a	glycopeptide antibiotic	antibiotic target alteration	vanW; glycopeptide resistance gene cluster	121.18	gnl|BL_ORD_ID|4747|hsp_num:0	2242			27	1056	vancomycin; teicoplanin	
k141_1573083_26 # 20378 # 21277 # -1 # ID=364430_26;partial=00;start_type=ATG;rbs_motif=None;rbs_spacer=None;gc_cont=0.310	k141_1573083	20378	21277	-	Strict	50	76.3	vanY gene in vanM cluster	30.77	3002961	protein homolog model	n/a	n/a	glycopeptide antibiotic	antibiotic target alteration	vanY; glycopeptide resistance gene cluster	128.33	gnl|BL_ORD_ID|1674|hsp_num:0	1713			123	513	vancomycin; teicoplanin	
k141_763083_194 # 187050 # 188177 # -1 # ID=364456_194;partial=00;start_type=ATG;rbs_motif=GGA/GAG/AGG;rbs_spacer=5-10bp;gc_cont=0.423	k141_763083	187050	188177	-	Strict	175	220.7	vanT gene in vanG cluster	35.5	3002972	protein homolog model	n/a	n/a	glycopeptide antibiotic	antibiotic target alteration	glycopeptide resistance gene cluster; vanT	52.67	gnl|BL_ORD_ID|1523|hsp_num:0	1561			1011	2106	vancomycin	
k141_763705_3 # 3298 # 4314 # -1 # ID=364698_3;partial=00;start_type=ATG;rbs_motif=GGA/GAG/AGG;rbs_spacer=5-10bp;gc_cont=0.439	k141_763705	3298	4314	-	Strict	200	213.4	vanH gene in vanO cluster	36.79	3002948	protein homolog model	n/a	n/a	glycopeptide antibiotic	antibiotic target alteration	vanH; glycopeptide resistance gene cluster	96.57	gnl|BL_ORD_ID|762|hsp_num:0	786			111	1041	vancomycin	
k141_766605_1 # 1 # 1071 # -1 # ID=365852_1;partial=10;start_type=ATG;rbs_motif=None;rbs_spacer=None;gc_cont=0.567	k141_766605	1	1071	-	Strict	175	188.3	vanT gene in vanG cluster	35.57	3002972	protein homolog model	n/a	n/a	glycopeptide antibiotic	antibiotic target alteration	glycopeptide resistance gene cluster; vanT	50.14	gnl|BL_ORD_ID|1523|hsp_num:0	1561			1032	2031	vancomycin	
k141_1576645_4 # 2510 # 5656 # -1 # ID=366004_4;partial=00;start_type=ATG;rbs_motif=GGAG/GAGG;rbs_spacer=5-10bp;gc_cont=0.548	k141_1576645	2510	5656	-	Strict	750	785.0	adeF	43.79	3000777	protein homolog model	n/a	n/a	fluoroquinolone antibiotic; tetracycline antibiotic	antibiotic efflux	resistance-nodulation-cell division (RND) antibiotic efflux pump	98.96	gnl|BL_ORD_ID|133|hsp_num:0	153			6	3177	tetracycline	
k141_769637_4 # 3531 # 4217 # -1 # ID=367229_4;partial=01;start_type=Edge;rbs_motif=None;rbs_spacer=None;gc_cont=0.681	k141_769637	3531	4217	-	Strict	50	129.0	vanW gene in vanI cluster	47.86	3003724	protein homolog model	n/a	n/a	glycopeptide antibiotic	antibiotic target alteration	vanW; glycopeptide resistance gene cluster	61.13	gnl|BL_ORD_ID|4747|hsp_num:0	2242			657	1077	vancomycin; teicoplanin	
k141_1580262_295 # 261901 # 263886 # 1 # ID=367767_295;partial=00;start_type=ATG;rbs_motif=None;rbs_spacer=None;gc_cont=0.502	k141_1580262	261901	263886	+	Strict	50	83.6	vanW gene in vanI cluster	29.44	3003724	protein homolog model	n/a	n/a	glycopeptide antibiotic	antibiotic target alteration	vanW; glycopeptide resistance gene cluster	177.21	gnl|BL_ORD_ID|4747|hsp_num:0	2242			483	1083	vancomycin; teicoplanin	
k141_1582794_2 # 583 # 915 # 1 # ID=368823_2;partial=00;start_type=ATG;rbs_motif=AGGA;rbs_spacer=5-10bp;gc_cont=0.550	k141_1582794	583	915	+	Strict	75	100.5	qacJ	41.9	3007014	protein homolog model	n/a	n/a	disinfecting agents and antiseptics	antibiotic efflux	small multidrug resistance (SMR) antibiotic efflux pump	102.80	gnl|BL_ORD_ID|4661|hsp_num:0	5730			3	318	benzalkonium chloride	
k141_776212_1 # 83 # 976 # 1 # ID=370039_1;partial=00;start_type=ATG;rbs_motif=None;rbs_spacer=None;gc_cont=0.384	k141_776212	83	976	+	Strict	50	83.2	vanW gene in vanI cluster	31.79	3003724	protein homolog model	n/a	n/a	glycopeptide antibiotic	antibiotic target alteration	vanW; glycopeptide resistance gene cluster	79.62	gnl|BL_ORD_ID|4747|hsp_num:0	2242			537	1056	vancomycin; teicoplanin	
k141_776215_1 # 83 # 976 # 1 # ID=370041_1;partial=00;start_type=ATG;rbs_motif=None;rbs_spacer=None;gc_cont=0.389	k141_776215	83	976	+	Strict	50	83.2	vanW gene in vanI cluster	31.79	3003724	protein homolog model	n/a	n/a	glycopeptide antibiotic	antibiotic target alteration	vanW; glycopeptide resistance gene cluster	79.62	gnl|BL_ORD_ID|4747|hsp_num:0	2242			537	1056	vancomycin; teicoplanin	
k141_1586325_1 # 40 # 954 # 1 # ID=370429_1;partial=00;start_type=ATG;rbs_motif=GGA/GAG/AGG;rbs_spacer=5-10bp;gc_cont=0.430	k141_1586325	40	954	+	Strict	50	143.3	vanW gene in vanG cluster	31.97	3002965	protein homolog model	n/a	n/a	glycopeptide antibiotic	antibiotic target alteration	vanW; glycopeptide resistance gene cluster	108.19	gnl|BL_ORD_ID|4742|hsp_num:0	1622			15	747	vancomycin	
k141_778698_1 # 1 # 1263 # 1 # ID=371217_1;partial=10;start_type=Edge;rbs_motif=None;rbs_spacer=None;gc_cont=0.519	k141_778698	1	1263	+	Strict	50	121.3	vanW gene in vanI cluster	31.43	3003724	protein homolog model	n/a	n/a	glycopeptide antibiotic	antibiotic target alteration	vanW; glycopeptide resistance gene cluster	112.60	gnl|BL_ORD_ID|4747|hsp_num:0	2242			384	1083	vancomycin; teicoplanin	
k141_782167_4 # 1814 # 2944 # 1 # ID=372701_4;partial=00;start_type=ATG;rbs_motif=None;rbs_spacer=None;gc_cont=0.456	k141_782167	1814	2944	+	Strict	175	208.8	vanT gene in vanG cluster	33.33	3002972	protein homolog model	n/a	n/a	glycopeptide antibiotic	antibiotic target alteration	glycopeptide resistance gene cluster; vanT	52.81	gnl|BL_ORD_ID|1523|hsp_num:0	1561			1044	2118	vancomycin	
k141_1592003_1 # 13 # 1164 # -1 # ID=372963_1;partial=00;start_type=ATG;rbs_motif=None;rbs_spacer=None;gc_cont=0.730	k141_1592003	13	1164	-	Strict	175	214.5	vanT gene in vanG cluster	36.1	3002972	protein homolog model	n/a	n/a	glycopeptide antibiotic	antibiotic target alteration	glycopeptide resistance gene cluster; vanT	53.79	gnl|BL_ORD_ID|1523|hsp_num:0	1561			1017	2118	vancomycin	
k141_1592283_1 # 1 # 684 # 1 # ID=373080_1;partial=10;start_type=Edge;rbs_motif=None;rbs_spacer=None;gc_cont=0.415	k141_1592283	1	684	+	Strict	50	98.2	vanW gene in vanI cluster	34.0	3003724	protein homolog model	n/a	n/a	glycopeptide antibiotic	antibiotic target alteration	vanW; glycopeptide resistance gene cluster	60.86	gnl|BL_ORD_ID|4747|hsp_num:0	2242			636	1083	vancomycin; teicoplanin	
k141_1597935_141 # 135625 # 137502 # 1 # ID=375523_141;partial=00;start_type=ATG;rbs_motif=AGxAG;rbs_spacer=5-10bp;gc_cont=0.547	k141_1597935	135625	137502	+	Strict	50	99.0	vanW gene in vanI cluster	30.47	3003724	protein homolog model	n/a	n/a	glycopeptide antibiotic	antibiotic target alteration	vanW; glycopeptide resistance gene cluster	167.56	gnl|BL_ORD_ID|4747|hsp_num:0	2242			363	1023	vancomycin; teicoplanin	
k141_1600809_2 # 746 # 1261 # -1 # ID=376885_2;partial=00;start_type=ATG;rbs_motif=AGGAG;rbs_spacer=5-10bp;gc_cont=0.368	k141_1600809	746	1261	-	Strict	150	184.9	nimG	56.25	3007109	protein homolog model	n/a	n/a	nitroimidazole antibiotic	antibiotic inactivation	nitroimidazole reductase	104.27	gnl|BL_ORD_ID|4787|hsp_num:0	5782			0	474	metronidazole	
k141_792403_2 # 1402 # 2811 # 1 # ID=377062_2;partial=00;start_type=ATG;rbs_motif=None;rbs_spacer=None;gc_cont=0.583	k141_792403	1402	2811	+	Strict	50	90.5	vanW gene in vanI cluster	35.79	3003724	protein homolog model	n/a	n/a	glycopeptide antibiotic	antibiotic target alteration	vanW; glycopeptide resistance gene cluster	125.74	gnl|BL_ORD_ID|4747|hsp_num:0	2242			543	1083	vancomycin; teicoplanin	
k141_1602154_34 # 28413 # 29297 # 1 # ID=377492_34;partial=00;start_type=ATG;rbs_motif=ATA;rbs_spacer=9bp;gc_cont=0.385	k141_1602154	28413	29297	+	Strict	50	80.5	vanY gene in vanB cluster	35.0	3002956	protein homolog model	n/a	n/a	glycopeptide antibiotic	antibiotic target alteration	vanY; glycopeptide resistance gene cluster	109.70	gnl|BL_ORD_ID|603|hsp_num:0	556			369	771	vancomycin	
k141_793812_2 # 711 # 1976 # -1 # ID=377705_2;partial=01;start_type=Edge;rbs_motif=None;rbs_spacer=None;gc_cont=0.652	k141_793812	711	1976	-	Strict	50	95.5	vanW gene in vanI cluster	34.83	3003724	protein homolog model	n/a	n/a	glycopeptide antibiotic	antibiotic target alteration	vanW; glycopeptide resistance gene cluster	112.87	gnl|BL_ORD_ID|4747|hsp_num:0	2242			441	1002	vancomycin; teicoplanin	
k141_1608146_1 # 2 # 1192 # 1 # ID=380221_1;partial=10;start_type=Edge;rbs_motif=None;rbs_spacer=None;gc_cont=0.458	k141_1608146	2	1192	+	Strict	50	104.4	vanY gene in vanB cluster	38.51	3002956	protein homolog model	n/a	n/a	glycopeptide antibiotic	antibiotic target alteration	vanY; glycopeptide resistance gene cluster	147.76	gnl|BL_ORD_ID|603|hsp_num:0	556			369	792	vancomycin	
k141_1608707_1 # 186 # 1007 # -1 # ID=380500_1;partial=01;start_type=Edge;rbs_motif=None;rbs_spacer=None;gc_cont=0.495	k141_1608707	186	1007	-	Strict	50	96.7	vanW gene in vanI cluster	37.41	3003724	protein homolog model	n/a	n/a	glycopeptide antibiotic	antibiotic target alteration	vanW; glycopeptide resistance gene cluster	73.19	gnl|BL_ORD_ID|4747|hsp_num:0	2242			603	1002	vancomycin; teicoplanin	
k141_1609842_51 # 53135 # 54286 # 1 # ID=381080_51;partial=00;start_type=ATG;rbs_motif=None;rbs_spacer=None;gc_cont=0.514	k141_1609842	53135	54286	+	Strict	175	185.3	vanT gene in vanG cluster	34.95	3002972	protein homolog model	n/a	n/a	glycopeptide antibiotic	antibiotic target alteration	glycopeptide resistance gene cluster; vanT	53.79	gnl|BL_ORD_ID|1523|hsp_num:0	1561			1032	2118	vancomycin	
k141_1609842_207 # 238515 # 239195 # 1 # ID=381080_207;partial=00;start_type=ATG;rbs_motif=AGGA/GGAG/GAGG;rbs_spacer=11-12bp;gc_cont=0.486	k141_1609842	238515	239195	+	Strict	50	93.2	vanW gene in vanI cluster	34.87	3003724	protein homolog model	n/a	n/a	glycopeptide antibiotic	antibiotic target alteration	vanW; glycopeptide resistance gene cluster	60.59	gnl|BL_ORD_ID|4747|hsp_num:0	2242			666	1101	vancomycin; teicoplanin	
k141_1610512_37 # 53032 # 53934 # -1 # ID=381463_37;partial=00;start_type=ATG;rbs_motif=None;rbs_spacer=None;gc_cont=0.317	k141_1610512	53032	53934	-	Strict	50	89.4	vanY gene in vanB cluster	34.46	3002956	protein homolog model	n/a	n/a	glycopeptide antibiotic	antibiotic target alteration	vanY; glycopeptide resistance gene cluster	111.94	gnl|BL_ORD_ID|603|hsp_num:0	556			342	771	vancomycin	
k141_802949_3 # 846 # 2699 # 1 # ID=381544_3;partial=00;start_type=GTG;rbs_motif=None;rbs_spacer=None;gc_cont=0.473	k141_802949	846	2699	+	Strict	50	97.4	vanW gene in vanI cluster	27.39	3003724	protein homolog model	n/a	n/a	glycopeptide antibiotic	antibiotic target alteration	vanW; glycopeptide resistance gene cluster	165.42	gnl|BL_ORD_ID|4747|hsp_num:0	2242			324	1008	vancomycin; teicoplanin	
k141_1612948_2 # 311 # 643 # 1 # ID=382508_2;partial=00;start_type=GTG;rbs_motif=AGGAG;rbs_spacer=5-10bp;gc_cont=0.514	k141_1612948	311	643	+	Strict	180	202.6	qacL	92.73	3005098	protein homolog model	n/a	n/a	disinfecting agents and antiseptics	antibiotic efflux	small multidrug resistance (SMR) antibiotic efflux pump	100.00	gnl|BL_ORD_ID|2815|hsp_num:0	3830			0	330		
k141_806646_4 # 2177 # 3319 # 1 # ID=383127_4;partial=00;start_type=ATG;rbs_motif=ATA;rbs_spacer=11bp;gc_cont=0.472	k141_806646	2177	3319	+	Strict	50	109.4	vanW gene in vanI cluster	39.05	3003724	protein homolog model	n/a	n/a	glycopeptide antibiotic	antibiotic target alteration	vanW; glycopeptide resistance gene cluster	101.88	gnl|BL_ORD_ID|4747|hsp_num:0	2242			600	1104	vancomycin; teicoplanin	
k141_1615409_2 # 1406 # 1648 # 1 # ID=383441_2;partial=00;start_type=ATG;rbs_motif=AGGAG;rbs_spacer=5-10bp;gc_cont=0.506	k141_1615409	1406	1648	+	Strict	100	100.5	rsmA	90.91	3005069	protein homolog model	n/a	n/a	fluoroquinolone antibiotic; diaminopyrimidine antibiotic; phenicol antibiotic	antibiotic efflux	resistance-nodulation-cell division (RND) antibiotic efflux pump	131.15	gnl|BL_ORD_ID|2793|hsp_num:0	3807			0	165	trimethoprim; chloramphenicol	
k141_808339_123 # 116266 # 117705 # -1 # ID=383689_123;partial=00;start_type=ATG;rbs_motif=None;rbs_spacer=None;gc_cont=0.343	k141_808339	116266	117705	-	Strict	50	99.0	vanW gene in vanI cluster	33.73	3003724	protein homolog model	n/a	n/a	glycopeptide antibiotic	antibiotic target alteration	vanW; glycopeptide resistance gene cluster	128.42	gnl|BL_ORD_ID|4747|hsp_num:0	2242			603	1083	vancomycin; teicoplanin	
k141_1616363_21 # 9244 # 9699 # 1 # ID=384011_21;partial=00;start_type=GTG;rbs_motif=GGA/GAG/AGG;rbs_spacer=5-10bp;gc_cont=0.728	k141_1616363	9244	9699	+	Strict	50	62.8	vanY gene in vanB cluster	31.69	3002956	protein homolog model	n/a	n/a	glycopeptide antibiotic	antibiotic target alteration	vanY; glycopeptide resistance gene cluster	56.34	gnl|BL_ORD_ID|603|hsp_num:0	556			312	738	vancomycin	
k141_974515_30 # 29668 # 30921 # 1 # ID=84517_30;partial=00;start_type=GTG;rbs_motif=None;rbs_spacer=None;gc_cont=0.628	k141_974515	29668	30921	+	Strict	750	768.5	Mycobacterium tuberculosis intrinsic murA conferring resistance to fosfomycin	92.07	3003784	protein variant model	C117D	n/a	phosphonic acid antibiotic	antibiotic target alteration	antibiotic-resistant murA transferase	99.76	gnl|BL_ORD_ID|2063|hsp_num:0	2290			0	1248	fosfomycin	
k141_982452_3 # 1189 # 2547 # -1 # ID=88123_3;partial=00;start_type=ATG;rbs_motif=GGAGG;rbs_spacer=5-10bp;gc_cont=0.526	k141_982452	1189	2547	-	Strict	850	920.2	Escherichia coli GlpT with mutation conferring resistance to fosfomycin	99.78	3003889	protein variant model	E448K	n/a	phosphonic acid antibiotic	antibiotic target alteration	antibiotic-resistant GlpT	100.00	gnl|BL_ORD_ID|2130|hsp_num:0	2372			0	1356	fosfomycin	
k141_1119788_2 # 312 # 1703 # -1 # ID=153802_2;partial=00;start_type=ATG;rbs_motif=AGGAG;rbs_spacer=5-10bp;gc_cont=0.584	k141_1119788	312	1703	-	Strict	850	857.8	Escherichia coli UhpT with mutation conferring resistance to fosfomycin	95.03	3003890	protein variant model	E350Q	n/a	phosphonic acid antibiotic	antibiotic target alteration	antibiotic-resistant UhpT	100.00	gnl|BL_ORD_ID|2129|hsp_num:0	2373			0	1389	fosfomycin	
k141_1200982_2 # 540 # 2306 # -1 # ID=192708_2;partial=00;start_type=ATG;rbs_motif=AGGA/GGAG/GAGG;rbs_spacer=11-12bp;gc_cont=0.567	k141_1200982	540	2306	-	Strict	500	572.4	Haemophilus influenzae PBP3 conferring resistance to beta-lactam antibiotics	52.37	3004446	protein variant model	D350N, S357N	n/a	cephalosporin; cephamycin; penam	antibiotic target alteration	Penicillin-binding protein mutations conferring resistance to beta-lactam antibiotics	96.39	gnl|BL_ORD_ID|2496|hsp_num:0	2886			63	1758	ceftriaxone; ampicillin; cefaclor; cefotaxime; cefditoren; cefdinir	
k141_1279207_1 # 3 # 1184 # 1 # ID=228440_1;partial=10;start_type=Edge;rbs_motif=None;rbs_spacer=None;gc_cont=0.512	k141_1279207	3	1184	+	Strict	700	742.3	Escherichia coli EF-Tu mutants conferring resistance to Pulvomycin	92.35	3003369	protein variant model	R234F	n/a	elfamycin antibiotic	antibiotic target alteration	elfamycin resistant EF-Tu	96.09	gnl|BL_ORD_ID|1971|hsp_num:0	2158			48	1224	pulvomycin	
k141_477443_5 # 4726 # 6492 # -1 # ID=231067_5;partial=00;start_type=ATG;rbs_motif=AGGA/GGAG/GAGG;rbs_spacer=11-12bp;gc_cont=0.540	k141_477443	4726	6492	-	Strict	500	572.4	Haemophilus influenzae PBP3 conferring resistance to beta-lactam antibiotics	53.11	3004446	protein variant model	D350N, S357N	n/a	cephalosporin; cephamycin; penam	antibiotic target alteration	Penicillin-binding protein mutations conferring resistance to beta-lactam antibiotics	96.39	gnl|BL_ORD_ID|2496|hsp_num:0	2886			78	1752	ceftriaxone; ampicillin; cefaclor; cefotaxime; cefditoren; cefdinir	
k141_1287604_3 # 1078 # 2313 # 1 # ID=232314_3;partial=00;start_type=GTG;rbs_motif=GGA/GAG/AGG;rbs_spacer=5-10bp;gc_cont=0.692	k141_1287604	1078	2313	+	Strict	750	765.8	Mycobacterium tuberculosis intrinsic murA conferring resistance to fosfomycin	92.93	3003784	protein variant model	C117D	n/a	phosphonic acid antibiotic	antibiotic target alteration	antibiotic-resistant murA transferase	98.33	gnl|BL_ORD_ID|2063|hsp_num:0	2290			18	1248	fosfomycin	
k141_645019_1 # 68 # 1246 # 1 # ID=309648_1;partial=01;start_type=GTG;rbs_motif=AGGA;rbs_spacer=5-10bp;gc_cont=0.506	k141_645019	68	1246	+	Strict	700	747.7	Escherichia coli EF-Tu mutants conferring resistance to Pulvomycin	93.13	3003369	protein variant model	R234F	n/a	elfamycin antibiotic	antibiotic target alteration	elfamycin resistant EF-Tu	96.09	gnl|BL_ORD_ID|1971|hsp_num:0	2158			45	1224	pulvomycin	
k141_17545_2 # 2624 # 3271 # -1 # ID=9450_2;partial=00;start_type=ATG;rbs_motif=None;rbs_spacer=None;gc_cont=0.455	k141_17545	2624	3271	-	Strict	375	426.8	Escherichia coli AcrAB-TolC with AcrR mutation conferring resistance to ciprofloxacin, tetracycline, and ceftazidime	100.0	3003807	protein overexpression model	n/a	n/a	fluoroquinolone antibiotic; cephalosporin; glycylcycline; penam; tetracycline antibiotic; rifamycin antibiotic; phenicol antibiotic; disinfecting agents and antiseptics	antibiotic target alteration; antibiotic efflux	resistance-nodulation-cell division (RND) antibiotic efflux pump	100.00	gnl|BL_ORD_ID|2091|hsp_num:0	2306			0	645	tigecycline; ciprofloxacin; tetracycline; ceftazidime; rifampin; chloramphenicol; ampicillin; cefalotin; triclosan	
k141_423820_3 # 3858 # 4322 # -1 # ID=205968_3;partial=00;start_type=ATG;rbs_motif=AGGA/GGAG/GAGG;rbs_spacer=11-12bp;gc_cont=0.518	k141_423820	3858	4322	-	Strict	300	311.2	Escherichia coli soxR with mutation conferring antibiotic resistance	100.0	3003381	protein overexpression model	n/a	n/a	fluoroquinolone antibiotic; cephalosporin; glycylcycline; penam; tetracycline antibiotic; rifamycin antibiotic; phenicol antibiotic; disinfecting agents and antiseptics	antibiotic target alteration; antibiotic efflux	ATP-binding cassette (ABC) antibiotic efflux pump; major facilitator superfamily (MFS) antibiotic efflux pump; resistance-nodulation-cell division (RND) antibiotic efflux pump	100.00	gnl|BL_ORD_ID|1974|hsp_num:0	1005			0	462	tigecycline; ciprofloxacin; tetracycline; rifampin; chloramphenicol; ampicillin; nalidixic acid; norfloxacin; cefalotin; triclosan	
k141_423820_4 # 4408 # 4731 # 1 # ID=205968_4;partial=00;start_type=ATG;rbs_motif=GGAG/GAGG;rbs_spacer=5-10bp;gc_cont=0.512	k141_423820	4408	4731	+	Strict	200	219.2	Escherichia coli soxS with mutation conferring antibiotic resistance	100.0	3003511	protein overexpression model	n/a	n/a	fluoroquinolone antibiotic; monobactam; carbapenem; cephalosporin; glycylcycline; cephamycin; penam; tetracycline antibiotic; rifamycin antibiotic; phenicol antibiotic; penem; disinfecting agents and antiseptics	antibiotic target alteration; antibiotic efflux; reduced permeability to antibiotic	ATP-binding cassette (ABC) antibiotic efflux pump; major facilitator superfamily (MFS) antibiotic efflux pump; resistance-nodulation-cell division (RND) antibiotic efflux pump; General Bacterial Porin with reduced permeability to beta-lactams	100.00	gnl|BL_ORD_ID|1976|hsp_num:0	2066			0	321	tigecycline; ciprofloxacin; tetracycline; rifampin; chloramphenicol; ampicillin; norfloxacin; cefalotin; triclosan; enrofloxacin	
k141_527605_2 # 207 # 641 # 1 # ID=254968_2;partial=00;start_type=ATG;rbs_motif=None;rbs_spacer=None;gc_cont=0.549	k141_527605	207	641	+	Strict	210	247.7	Escherichia coli AcrAB-TolC with MarR mutations conferring resistance to ciprofloxacin and tetracycline	83.33	3003378	protein overexpression model	n/a	n/a	fluoroquinolone antibiotic; cephalosporin; glycylcycline; penam; tetracycline antibiotic; rifamycin antibiotic; phenicol antibiotic; disinfecting agents and antiseptics	antibiotic target alteration; antibiotic efflux	resistance-nodulation-cell division (RND) antibiotic efflux pump	100.00	gnl|BL_ORD_ID|1985|hsp_num:0	431			0	432	tigecycline; ciprofloxacin; tetracycline; rifampin; chloramphenicol; ampicillin; cefalotin; triclosan	
k141_586790_4 # 2085 # 2519 # -1 # ID=282837_4;partial=00;start_type=GTG;rbs_motif=GGA/GAG/AGG;rbs_spacer=5-10bp;gc_cont=0.485	k141_586790	2085	2519	-	Strict	210	287.0	Escherichia coli AcrAB-TolC with MarR mutations conferring resistance to ciprofloxacin and tetracycline	98.61	3003378	protein overexpression model	Y137H, G103S	n/a	fluoroquinolone antibiotic; cephalosporin; glycylcycline; penam; tetracycline antibiotic; rifamycin antibiotic; phenicol antibiotic; disinfecting agents and antiseptics	antibiotic target alteration; antibiotic efflux	resistance-nodulation-cell division (RND) antibiotic efflux pump	100.00	gnl|BL_ORD_ID|1985|hsp_num:0	431			0	432	tigecycline; ciprofloxacin; tetracycline; rifampin; chloramphenicol; ampicillin; cefalotin; triclosan	
