sample_id	aro_id	card_hit_name	diamond_read_hits	mean_pident	mean_bitscore	max_bitscore
I_9-10	ARO:3000005	vanD	6006	51.357010	49.992674	110.000000
I_9-10	ARO:3000010	vanA	4496	51.278625	49.858407	85.100000
I_9-10	ARO:3000013	vanB	3204	52.119007	50.372472	81.600000
I_9-10	ARO:3000024	patA	52834	47.455748	47.367882	96.700000
I_9-10	ARO:3000025	patB	59739	50.548638	51.114371	95.500000
I_9-10	ARO:3000026	mepA	1144	45.395542	42.648252	85.500000
I_9-10	ARO:3000027	emrA	10673	66.993245	65.537731	108.000000
I_9-10	ARO:3000074	emrB	15552	70.063927	70.901472	116.000000
I_9-10	ARO:3000090	Bla1	299	53.836120	57.342809	105.000000
I_9-10	ARO:3000118	vgaB	42944	44.720997	45.052419	79.300000
I_9-10	ARO:3000124	mecI	36	46.219444	45.363889	57.400000
I_9-10	ARO:3000149	FosA	587	66.900511	66.263714	90.500000
I_9-10	ARO:3000165	tet(A)	6894	70.420467	67.545953	109.000000
I_9-10	ARO:3000166	tet(B)	4618	57.356388	57.062451	106.000000
I_9-10	ARO:3000167	tet(C)	6305	70.388501	67.349374	107.000000
I_9-10	ARO:3000168	tet(D)	3683	57.789329	55.419739	107.000000
I_9-10	ARO:3000172	FosB	134	47.622388	40.323134	72.000000
I_9-10	ARO:3000173	tet(E)	5010	61.406766	59.863054	114.000000
I_9-10	ARO:3000174	tet(G)	5244	60.927021	60.366819	106.000000
I_9-10	ARO:3000175	tet(H)	3983	57.232714	56.498895	108.000000
I_9-10	ARO:3000177	tet(J)	3736	57.710305	55.837580	94.000000
I_9-10	ARO:3000178	tet(K)	232	59.987500	58.716810	100.000000
I_9-10	ARO:3000179	tet(L)	242	79.559917	76.319008	109.000000
I_9-10	ARO:3000180	tetA(P)	859	69.197090	69.348894	102.000000
I_9-10	ARO:3000181	tet(V)	435	59.102299	58.468966	97.100000
I_9-10	ARO:3000182	tet(Y)	4772	56.842079	56.637280	105.000000
I_9-10	ARO:3000183	tet(Z)	3064	57.298074	54.697422	108.000000
I_9-10	ARO:3000186	tet(M)	35858	63.582512	61.612870	114.000000
I_9-10	ARO:3000190	tet(O)	38417	63.639941	62.115457	114.000000
I_9-10	ARO:3000191	tet(Q)	35839	63.339340	63.271977	114.000000
I_9-10	ARO:3000192	tet(S)	34255	61.415604	59.902271	114.000000
I_9-10	ARO:3000193	tet(T)	37610	55.972090	55.076743	111.000000
I_9-10	ARO:3000194	tet(W)	36036	63.397300	60.640102	113.000000
I_9-10	ARO:3000195	tetB(P)	34473	55.530116	52.294808	108.000000
I_9-10	ARO:3000196	tet(32)	38482	60.985227	59.609953	112.000000
I_9-10	ARO:3000197	tet(36)	37464	57.261600	56.122683	110.000000
I_9-10	ARO:3000198	FosX	125	58.670400	58.853600	85.100000
I_9-10	ARO:3000205	tet(X)	1565	85.728882	81.585559	113.000000
I_9-10	ARO:3000206	emrK	8896	62.089613	62.752743	105.000000
I_9-10	ARO:3000215	mecR1	576	48.458681	49.848611	107.000000
I_9-10	ARO:3000216	acrB	139977	64.633214	62.593182	114.000000
I_9-10	ARO:3000217	blaR1	930	51.586667	52.045699	72.000000
I_9-10	ARO:3000230	ANT(2'')-Ia	712	99.285815	95.891433	118.000000
I_9-10	ARO:3000237	TolC	7739	80.314007	76.174364	104.000000
I_9-10	ARO:3000245	RbpA	296	65.117905	52.508446	107.000000
I_9-10	ARO:3000250	ErmC	2345	61.578721	61.511812	108.000000
I_9-10	ARO:3000251	msrA	18292	48.025629	45.601820	105.000000
I_9-10	ARO:3000254	emrY	14306	64.212596	65.437180	116.000000
I_9-10	ARO:3000263	marA	1860	74.885968	71.599516	111.000000
I_9-10	ARO:3000300	lsaA	11352	46.451286	44.178524	106.000000
I_9-10	ARO:3000316	mphA	4802	81.610225	81.965993	115.000000
I_9-10	ARO:3000318	mphB	407	47.322604	55.634398	102.000000
I_9-10	ARO:3000319	mphC	106	47.767925	55.149057	103.000000
I_9-10	ARO:3000326	ErmE	684	48.277632	46.294298	84.300000
I_9-10	ARO:3000343	tap	84	59.280952	57.723810	96.700000
I_9-10	ARO:3000347	ErmA	2038	62.229146	58.590824	103.000000
I_9-10	ARO:3000361	EreA	928	87.339440	84.129310	108.000000
I_9-10	ARO:3000363	EreB	1751	81.536722	84.484066	113.000000
I_9-10	ARO:3000368	vanC	4816	55.332703	49.805108	92.000000
I_9-10	ARO:3000375	ErmB	3177	92.379194	84.869846	111.000000
I_9-10	ARO:3000377	MexA	16951	59.654233	56.928010	95.900000
I_9-10	ARO:3000378	MexB	133385	62.172808	60.103831	100.000000
I_9-10	ARO:3000379	OprM	14838	59.611592	53.741596	93.600000
I_9-10	ARO:3000391	norA	182	49.930769	50.234615	94.000000
I_9-10	ARO:3000392	Erm(37)	16	48.381250	42.456250	60.500000
I_9-10	ARO:3000410	sul1	4800	91.275167	83.456792	110.000000
I_9-10	ARO:3000412	sul2	5121	62.687873	58.363503	105.000000
I_9-10	ARO:3000413	sul3	4691	51.882285	50.161842	106.000000
I_9-10	ARO:3000421	norB	1504	60.195944	59.792354	89.700000
I_9-10	ARO:3000444	rphA	4004	57.882892	52.511563	90.100000
I_9-10	ARO:3000448	QepA1	1713	48.755750	47.527320	84.700000
I_9-10	ARO:3000449	FomB	2	62.400000	50.450000	58.900000
I_9-10	ARO:3000462	mgtA	76	53.205263	53.388158	83.600000
I_9-10	ARO:3000463	gimA	79	53.602532	54.013924	83.200000
I_9-10	ARO:3000467	NDM-5	29	96.475862	92.751724	111.000000
I_9-10	ARO:3000476	tet(31)	4033	56.099058	56.390727	100.000000
I_9-10	ARO:3000478	tet(33)	3012	60.184628	57.794754	110.000000
I_9-10	ARO:3000481	tet(35)	4404	60.304360	54.881176	100.000000
I_9-10	ARO:3000491	acrD	127107	62.768341	60.976623	112.000000
I_9-10	ARO:3000495	ErmD	1314	47.840183	44.496423	51.600000
I_9-10	ARO:3000498	ErmF	6774	92.236345	87.569885	107.000000
I_9-10	ARO:3000499	AcrE	20031	64.346768	62.185707	106.000000
I_9-10	ARO:3000501	rpoB2	120500	66.322656	68.869235	110.000000
I_9-10	ARO:3000502	AcrF	141894	63.075031	60.945157	114.000000
I_9-10	ARO:3000504	golS	3099	55.738367	54.255211	94.400000
I_9-10	ARO:3000508	gadX	2953	77.738232	74.426211	108.000000
I_9-10	ARO:3000510	Saur_mupB_MUP	29327	53.808668	55.231002	95.100000
I_9-10	ARO:3000516	emrR	1860	94.134731	86.781398	112.000000
I_9-10	ARO:3000518	CRP	7004	83.704412	80.961693	107.000000
I_9-10	ARO:3000521	Saur_mupA_MUP	30946	53.361523	55.166752	120.000000
I_9-10	ARO:3000522	ErmG	1609	67.623182	67.032815	109.000000
I_9-10	ARO:3000526	cmeR	73	45.260274	41.797260	55.100000
I_9-10	ARO:3000533	macA	3874	53.973748	50.616546	83.600000
I_9-10	ARO:3000535	macB	43350	56.486314	53.050247	95.900000
I_9-10	ARO:3000549	adeS	3485	48.350129	49.636327	105.000000
I_9-10	ARO:3000553	adeR	39502	47.473087	47.377406	107.000000
I_9-10	ARO:3000556	tet(44)	30394	62.328966	60.529407	112.000000
I_9-10	ARO:3000559	adeN	1114	65.038420	66.832316	108.000000
I_9-10	ARO:3000561	tet(30)	4490	55.728419	55.265056	89.400000
I_9-10	ARO:3000565	tet(38)	112	56.045536	53.900000	77.400000
I_9-10	ARO:3000566	tet(39)	7481	82.181994	77.430063	108.000000
I_9-10	ARO:3000567	tet(40)	1127	89.481455	83.946584	109.000000
I_9-10	ARO:3000569	tet(41)	6481	63.125860	62.978290	90.100000
I_9-10	ARO:3000572	tet(42)	1771	50.614060	47.102880	90.900000
I_9-10	ARO:3000573	tet(43)	477	57.840671	53.622222	93.600000
I_9-10	ARO:3000578	CcrA	162	58.406173	65.510494	110.000000
I_9-10	ARO:3000579	Cmen_BlaB	10	53.340000	58.710000	71.200000
I_9-10	ARO:3000582	L1_BLA	27	46.155556	43.614815	76.600000
I_9-10	ARO:3000589	NDM-1	25	97.652000	92.740000	111.000000
I_9-10	ARO:3000590	NDM-2	19	97.015789	89.536842	110.000000
I_9-10	ARO:3000592	ErmN	20	43.545000	41.450000	45.400000
I_9-10	ARO:3000593	ErmQ	1168	47.548202	48.909332	107.000000
I_9-10	ARO:3000594	ErmR	289	49.998616	45.270588	80.100000
I_9-10	ARO:3000595	ErmT	2268	68.212434	66.544929	108.000000
I_9-10	ARO:3000596	ErmX	1139	82.306058	77.309306	110.000000
I_9-10	ARO:3000598	Erm(31)	667	60.066717	60.216192	92.400000
I_9-10	ARO:3000599	Erm(33)	1935	63.581034	63.053902	107.000000
I_9-10	ARO:3000600	Erm(34)	216	43.754167	41.849537	48.100000
I_9-10	ARO:3000601	Erm(38)	484	65.093182	65.577066	94.700000
I_9-10	ARO:3000602	Erm(39)	650	62.142000	63.478923	96.700000
I_9-10	ARO:3000603	Erm(41)	16	42.175000	40.156250	58.200000
I_9-10	ARO:3000604	Erm(35)	6622	73.520085	71.440079	102.000000
I_9-10	ARO:3000605	Erm(36)	730	59.262740	60.332466	110.000000
I_9-10	ARO:3000606	FEZ-1	36	48.483333	49.083333	65.500000
I_9-10	ARO:3000614	mef(E)	270	64.160741	63.089259	94.000000
I_9-10	ARO:3000616	mel	8501	83.307893	79.052335	104.000000
I_9-10	ARO:3000617	mecA	1808	46.086947	45.504757	105.000000
I_9-10	ARO:3000620	adeL	6170	49.545575	47.330486	109.000000
I_9-10	ARO:3000621	PC1_blaZ	52	53.700000	52.794231	94.000000
I_9-10	ARO:3000656	AcrS	3234	72.588528	68.149320	110.000000
I_9-10	ARO:3000676	H-NS	3145	73.489889	58.937456	106.000000
I_9-10	ARO:3000746	mepR	3	65.433333	66.866667	88.200000
I_9-10	ARO:3000753	abeM	6878	66.391306	64.577784	105.000000
I_9-10	ARO:3000768	abeS	5821	55.847518	53.886875	96.700000
I_9-10	ARO:3000774	adeA	7074	51.706446	48.778951	100.000000
I_9-10	ARO:3000775	adeB	97832	57.224325	54.667435	107.000000
I_9-10	ARO:3000777	adeF	85580	54.572397	51.436166	105.000000
I_9-10	ARO:3000778	adeG	7899	49.384390	45.449994	103.000000
I_9-10	ARO:3000779	adeH	4880	55.269775	48.053115	106.000000
I_9-10	ARO:3000780	adeI	14498	58.611595	56.681825	99.800000
I_9-10	ARO:3000781	adeJ	128862	60.446475	58.625603	111.000000
I_9-10	ARO:3000782	adeK	15853	61.097817	57.104927	105.000000
I_9-10	ARO:3000783	cmeA	520	45.280577	42.925192	62.800000
I_9-10	ARO:3000784	cmeB	91753	55.350831	52.661818	84.000000
I_9-10	ARO:3000785	cmeC	864	47.737384	43.139236	62.000000
I_9-10	ARO:3000789	mdsA	3458	48.644679	44.666484	88.200000
I_9-10	ARO:3000790	mdsB	89901	53.393920	51.069489	97.100000
I_9-10	ARO:3000791	mdsC	10883	57.714343	52.163732	86.300000
I_9-10	ARO:3000792	mdtA	5775	71.742216	68.457299	105.000000
I_9-10	ARO:3000793	mdtB	48631	62.647283	58.520837	105.000000
I_9-10	ARO:3000794	mdtC	42641	64.162761	60.574182	108.000000
I_9-10	ARO:3000795	mdtE	14101	62.490433	60.088285	107.000000
I_9-10	ARO:3000796	mdtF	136573	62.426376	60.217248	112.000000
I_9-10	ARO:3000800	MexC	7940	56.053149	52.285277	89.000000
I_9-10	ARO:3000801	MexD	102203	56.615724	54.788702	98.600000
I_9-10	ARO:3000802	OprJ	14938	57.094156	52.427172	95.900000
I_9-10	ARO:3000803	MexE	5360	50.379216	46.135653	98.600000
I_9-10	ARO:3000804	MexF	89863	54.551862	51.468776	103.000000
I_9-10	ARO:3000805	OprN	1438	58.876287	50.853755	94.700000
I_9-10	ARO:3000806	MexG	11	61.490909	60.627273	77.800000
I_9-10	ARO:3000807	MexH	709	46.361918	43.654443	103.000000
I_9-10	ARO:3000808	MexI	49517	53.339275	48.367597	102.000000
I_9-10	ARO:3000809	OpmD	531	48.899812	42.821846	93.600000
I_9-10	ARO:3000810	mtrC	7561	51.374686	48.652943	83.600000
I_9-10	ARO:3000811	mtrD	92521	55.835046	52.557322	93.600000
I_9-10	ARO:3000812	mtrE	8502	59.284604	52.687332	82.000000
I_9-10	ARO:3000815	mgrA	1382	44.683068	45.596382	94.000000
I_9-10	ARO:3000816	mtrA	431	42.538747	40.951508	79.300000
I_9-10	ARO:3000822	pmrA	3722	56.146615	57.043686	99.000000
I_9-10	ARO:3000823	ramA	1901	61.254235	61.393109	107.000000
I_9-10	ARO:3000826	sdiA	1733	73.623889	71.730352	101.000000
I_9-10	ARO:3000830	cpxA	6920	83.980231	82.319928	112.000000
I_9-10	ARO:3000832	evgA	6095	49.663839	50.380935	110.000000
I_9-10	ARO:3000833	evgS	27214	54.492563	54.434556	115.000000
I_9-10	ARO:3000838	arlR	53181	50.767827	49.034740	89.700000
I_9-10	ARO:3000839	arlS	7933	51.253158	51.124732	94.400000
I_9-10	ARO:3000840	JOHN-1	10	69.870000	76.390000	93.600000
I_9-10	ARO:3000841	CGB-1	37	56.394595	63.091892	84.300000
I_9-10	ARO:3000842	EBR-1	43	79.504651	78.762791	108.000000
I_9-10	ARO:3000843	MUS-1	17	51.282353	57.058824	72.000000
I_9-10	ARO:3000844	TUS-1	41	41.660976	48.200000	73.600000
I_9-10	ARO:3000845	GIM-1	18	42.277778	46.938889	63.500000
I_9-10	ARO:3000846	SIM-1	1	39.600000	45.100000	45.100000
I_9-10	ARO:3000847	KHM-1	19	45.505263	46.673684	61.600000
I_9-10	ARO:3000848	DIM-1	15	47.046667	51.320000	65.100000
I_9-10	ARO:3000849	SFH-1	98	66.305102	73.937755	86.300000
I_9-10	ARO:3000850	GOB-1	234	49.658974	45.655556	91.700000
I_9-10	ARO:3000851	THIN-B	82	51.164634	48.307317	88.200000
I_9-10	ARO:3000853	AIM-1	94	54.851064	48.236170	98.200000
I_9-10	ARO:3000854	SMB-1	41	48.487805	50.548780	97.800000
I_9-10	ARO:3000855	CAU-1	77	47.005195	44.477922	94.400000
I_9-10	ARO:3000856	BJP-1	78	51.056410	47.161538	87.000000
I_9-10	ARO:3000858	armA	8	78.875000	72.050000	105.000000
I_9-10	ARO:3000859	rmtA	13	58.130769	51.061538	99.000000
I_9-10	ARO:3000860	rmtB	15	59.006667	52.813333	109.000000
I_9-10	ARO:3000861	rmtC	4	80.750000	58.550000	106.000000
I_9-10	ARO:3000862	sgm	22	53.713636	50.459091	67.000000
I_9-10	ARO:3000865	oleD	89	51.991011	52.467416	89.400000
I_9-10	ARO:3000866	oleI	98	54.230612	54.609184	70.900000
I_9-10	ARO:3000874	TEM-2	59	99.627119	100.300000	108.000000
I_9-10	ARO:3000876	TEM-4	3	73.300000	67.766667	82.400000
I_9-10	ARO:3000878	TEM-6	9	53.811111	48.955556	52.400000
I_9-10	ARO:3000879	TEM-7	301	74.267442	70.229236	105.000000
I_9-10	ARO:3000881	TEM-9	12	75.183333	77.341667	91.300000
I_9-10	ARO:3000883	TEM-11	185	96.075676	83.514054	105.000000
I_9-10	ARO:3000887	TEM-16	201	90.359701	77.636318	105.000000
I_9-10	ARO:3000888	TEM-17	237	98.365823	88.508439	108.000000
I_9-10	ARO:3000891	TEM-20	37	61.664865	61.843243	97.800000
I_9-10	ARO:3000892	TEM-21	114	61.816667	59.591228	82.400000
I_9-10	ARO:3000893	TEM-22	22	100.000000	104.318182	108.000000
I_9-10	ARO:3000898	TEM-28	9	53.811111	48.955556	52.400000
I_9-10	ARO:3000899	TEM-29	9	53.811111	48.955556	52.400000
I_9-10	ARO:3000902	TEM-32	23	60.482609	61.678261	97.800000
I_9-10	ARO:3000903	TEM-33	91	97.440659	96.470330	108.000000
I_9-10	ARO:3000904	TEM-34	362	87.883149	79.151105	108.000000
I_9-10	ARO:3000905	TEM-35	7	77.557143	70.157143	101.000000
I_9-10	ARO:3000906	TEM-36	5	68.660000	60.080000	101.000000
I_9-10	ARO:3000907	TEM-37	4	74.250000	64.650000	101.000000
I_9-10	ARO:3000909	TEM-39	77	63.045455	62.894805	101.000000
I_9-10	ARO:3000910	TEM-40	2	48.500000	55.500000	58.200000
I_9-10	ARO:3000911	TEM-42	271	74.791144	71.033210	108.000000
I_9-10	ARO:3000912	TEM-43	242	92.328099	81.887190	105.000000
I_9-10	ARO:3000914	TEM-45	6	66.000000	66.300000	89.000000
I_9-10	ARO:3000916	TEM-47	266	88.268045	80.807143	108.000000
I_9-10	ARO:3000917	TEM-48	3	73.300000	67.766667	82.400000
I_9-10	ARO:3000918	TEM-49	1	57.900000	49.300000	49.300000
I_9-10	ARO:3000921	TEM-52	38	61.989474	62.181579	97.800000
I_9-10	ARO:3000924	TEM-55	4	48.450000	50.450000	60.100000
I_9-10	ARO:3000926	TEM-57	46	55.534783	53.400000	92.000000
I_9-10	ARO:3000928	TEM-59	181	93.059669	86.776796	108.000000
I_9-10	ARO:3000930	TEM-61	9	53.811111	48.955556	52.400000
I_9-10	ARO:3000931	TEM-63	12	64.883333	63.800000	97.800000
I_9-10	ARO:3000934	TEM-67	123	99.273984	90.846341	108.000000
I_9-10	ARO:3000935	TEM-68	4	55.100000	41.775000	52.800000
I_9-10	ARO:3000936	TEM-70	8	78.850000	82.387500	98.200000
I_9-10	ARO:3000937	TEM-71	61	99.821311	99.968852	108.000000
I_9-10	ARO:3000938	TEM-72	282	79.308511	68.723404	107.000000
I_9-10	ARO:3000939	TEM-73	6	66.000000	66.300000	89.000000
I_9-10	ARO:3000941	TEM-75	300	73.343333	69.571667	105.000000
I_9-10	ARO:3000944	TEM-78	253	85.537154	79.664822	105.000000
I_9-10	ARO:3000947	TEM-80	175	61.689143	53.097714	101.000000
I_9-10	ARO:3000948	TEM-81	175	61.211429	52.861714	89.000000
I_9-10	ARO:3000949	TEM-82	3	47.766667	50.933333	58.500000
I_9-10	ARO:3000950	TEM-83	10	64.800000	66.470000	89.000000
I_9-10	ARO:3000951	TEM-84	22	100.000000	100.500000	108.000000
I_9-10	ARO:3000952	TEM-85	10	73.210000	74.670000	82.400000
I_9-10	ARO:3000953	TEM-86	3	73.300000	67.766667	82.400000
I_9-10	ARO:3000954	TEM-87	174	93.736782	87.481609	105.000000
I_9-10	ARO:3000955	TEM-88	20	67.120000	66.870000	73.600000
I_9-10	ARO:3000956	TEM-89	97	91.843299	79.596907	108.000000
I_9-10	ARO:3000957	TEM-90	158	59.277848	52.573418	62.800000
I_9-10	ARO:3000958	TEM-91	167	95.641916	82.102395	105.000000
I_9-10	ARO:3000959	TEM-92	130	86.851538	79.362308	107.000000
I_9-10	ARO:3000960	TEM-93	31	62.048387	61.938710	97.800000
I_9-10	ARO:3000961	TEM-94	27	63.185185	62.851852	97.800000
I_9-10	ARO:3000962	TEM-95	157	65.068153	60.628662	103.000000
I_9-10	ARO:3000965	TEM-102	174	87.822989	78.033333	107.000000
I_9-10	ARO:3000968	TEM-105	154	59.731169	53.028571	85.100000
I_9-10	ARO:3000969	TEM-106	53	72.709434	72.507547	103.000000
I_9-10	ARO:3000970	TEM-107	22	60.559091	57.577273	97.800000
I_9-10	ARO:3000971	TEM-108	3	56.066667	59.666667	68.900000
I_9-10	ARO:3000972	TEM-109	220	93.723636	81.915455	105.000000
I_9-10	ARO:3000973	TEM-110	12	75.183333	77.341667	91.300000
I_9-10	ARO:3000974	TEM-111	3	73.300000	67.766667	82.400000
I_9-10	ARO:3000975	TEM-112	178	75.052809	72.967416	105.000000
I_9-10	ARO:3000976	TEM-113	37	61.664865	61.843243	97.800000
I_9-10	ARO:3000978	TEM-115	9	53.811111	48.955556	52.400000
I_9-10	ARO:3000979	TEM-116	263	93.108365	83.403802	107.000000
I_9-10	ARO:3000980	TEM-117	380	76.133947	73.454211	108.000000
I_9-10	ARO:3000981	TEM-118	310	73.355806	69.472258	105.000000
I_9-10	ARO:3000983	TEM-121	86	97.756977	71.473256	103.000000
I_9-10	ARO:3000984	TEM-122	106	99.821698	99.586792	108.000000
I_9-10	ARO:3000985	TEM-123	247	76.112955	72.233198	108.000000
I_9-10	ARO:3000986	TEM-124	264	71.072348	67.393182	107.000000
I_9-10	ARO:3000987	TEM-125	38	64.600000	63.826316	101.000000
I_9-10	ARO:3000988	TEM-126	405	84.163704	75.744444	106.000000
I_9-10	ARO:3000989	TEM-127	76	59.736842	58.693421	75.100000
I_9-10	ARO:3000990	TEM-128	28	99.214286	98.557143	103.000000
I_9-10	ARO:3000995	TEM-131	5	71.060000	69.480000	97.800000
I_9-10	ARO:3000996	TEM-132	278	84.421223	73.294604	105.000000
I_9-10	ARO:3000997	TEM-133	17	99.882353	98.941176	103.000000
I_9-10	ARO:3000998	TEM-134	9	53.811111	48.955556	52.400000
I_9-10	ARO:3000999	TEM-135	24	61.920833	62.237500	97.800000
I_9-10	ARO:3001002	TEM-138	141	97.921986	81.482979	104.000000
I_9-10	ARO:3001005	TEM-142	3	73.300000	67.766667	82.400000
I_9-10	ARO:3001013	TEM-146	121	59.472727	51.441322	63.200000
I_9-10	ARO:3001014	TEM-147	22	66.327273	67.404545	96.700000
I_9-10	ARO:3001015	TEM-148	203	97.990148	92.046798	108.000000
I_9-10	ARO:3001016	TEM-149	6	67.200000	65.350000	97.800000
I_9-10	ARO:3001017	TEM-150	2	88.900000	57.950000	62.800000
I_9-10	ARO:3001018	TEM-151	51	88.558824	85.007843	104.000000
I_9-10	ARO:3001019	TEM-152	14	59.114286	52.928571	101.000000
I_9-10	ARO:3001020	TEM-154	6	66.000000	66.300000	89.000000
I_9-10	ARO:3001021	TEM-155	14	100.000000	102.378571	105.000000
I_9-10	ARO:3001022	TEM-156	90	61.018889	56.786667	75.500000
I_9-10	ARO:3001023	TEM-157	79	54.331646	52.240506	90.900000
I_9-10	ARO:3001024	TEM-158	157	97.675796	87.725478	105.000000
I_9-10	ARO:3001025	TEM-159	55	71.829091	71.889091	103.000000
I_9-10	ARO:3001026	TEM-160	3	47.766667	50.933333	58.500000
I_9-10	ARO:3001028	TEM-162	61	64.860656	65.150820	103.000000
I_9-10	ARO:3001030	TEM-164	2	68.800000	71.050000	71.600000
I_9-10	ARO:3001032	TEM-166	235	86.867234	85.135745	108.000000
I_9-10	ARO:3001033	TEM-167	7	72.685714	71.085714	82.400000
I_9-10	ARO:3001034	TEM-168	12	75.183333	77.341667	91.300000
I_9-10	ARO:3001035	TEM-169	39	62.841026	62.610256	101.000000
I_9-10	ARO:3001037	TEM-171	1	84.000000	89.700000	89.700000
I_9-10	ARO:3001041	TEM-176	229	97.587336	88.754148	108.000000
I_9-10	ARO:3001042	TEM-177	7	66.342857	65.142857	97.800000
I_9-10	ARO:3001043	TEM-178	281	74.629893	62.932740	105.000000
I_9-10	ARO:3001044	TEM-181	4	47.450000	51.500000	53.100000
I_9-10	ARO:3001045	TEM-183	259	94.971429	85.938224	108.000000
I_9-10	ARO:3001047	TEM-187	277	73.181588	68.902888	105.000000
I_9-10	ARO:3001048	TEM-188	17	100.000000	105.470588	108.000000
I_9-10	ARO:3001049	TEM-189	6	66.000000	66.300000	89.000000
I_9-10	ARO:3001050	TEM-190	35	64.734286	63.225714	101.000000
I_9-10	ARO:3001051	TEM-191	17	100.000000	105.470588	108.000000
I_9-10	ARO:3001052	TEM-192	334	73.228743	69.863772	108.000000
I_9-10	ARO:3001053	TEM-193	2	54.500000	55.450000	63.900000
I_9-10	ARO:3001054	TEM-194	63	55.947619	52.688889	88.600000
I_9-10	ARO:3001055	TEM-195	299	85.392308	75.436789	105.000000
I_9-10	ARO:3001056	TEM-197	4	47.450000	51.500000	53.100000
I_9-10	ARO:3001057	TEM-198	238	96.785714	91.476050	108.000000
I_9-10	ARO:3001058	TEM-199	268	70.222015	61.323507	103.000000
I_9-10	ARO:3001063	SHV-4	2	100.000000	99.800000	99.800000
I_9-10	ARO:3001064	SHV-5	3	100.000000	99.866667	100.000000
I_9-10	ARO:3001065	SHV-6	67	99.011940	93.058209	105.000000
I_9-10	ARO:3001066	SHV-7	3	100.000000	99.866667	100.000000
I_9-10	ARO:3001067	SHV-8	48	99.704167	97.104167	105.000000
I_9-10	ARO:3001068	SHV-9	134	78.607463	73.042537	106.000000
I_9-10	ARO:3001070	SHV-11	25	99.920000	90.192000	101.000000
I_9-10	ARO:3001071	SHV-12	198	89.748485	84.585354	106.000000
I_9-10	ARO:3001074	SHV-15	51	98.562745	92.815686	104.000000
I_9-10	ARO:3001076	SHV-18	168	86.766071	83.334524	106.000000
I_9-10	ARO:3001077	SHV-19	12	60.816667	62.816667	72.800000
I_9-10	ARO:3001078	SHV-20	180	77.367778	77.078889	106.000000
I_9-10	ARO:3001079	SHV-21	80	80.908750	80.987500	106.000000
I_9-10	ARO:3001080	SHV-22	176	77.398295	77.147727	106.000000
I_9-10	ARO:3001081	SHV-23	84	79.120238	80.927381	106.000000
I_9-10	ARO:3001082	SHV-24	197	86.441117	82.273604	106.000000
I_9-10	ARO:3001083	SHV-25	29	68.365517	68.824138	101.000000
I_9-10	ARO:3001084	SHV-26	1	100.000000	95.100000	95.100000
I_9-10	ARO:3001085	SHV-27	5	66.300000	67.720000	80.100000
I_9-10	ARO:3001086	SHV-28	1	100.000000	87.400000	87.400000
I_9-10	ARO:3001090	SHV-32	80	92.443750	82.993750	105.000000
I_9-10	ARO:3001091	SHV-33	1	100.000000	99.000000	99.000000
I_9-10	ARO:3001093	SHV-35	132	92.303788	83.687879	104.000000
I_9-10	ARO:3001094	SHV-36	41	99.756098	99.975610	105.000000
I_9-10	ARO:3001095	SHV-37	34	71.605882	70.900000	101.000000
I_9-10	ARO:3001096	SHV-38	30	97.253333	92.143333	104.000000
I_9-10	ARO:3001099	SHV-41	206	86.713592	82.300485	106.000000
I_9-10	ARO:3001100	SHV-42	183	84.798361	82.478689	106.000000
I_9-10	ARO:3001101	SHV-43	19	64.610526	58.452632	94.400000
I_9-10	ARO:3001103	SHV-45	8	78.937500	79.775000	100.000000
I_9-10	ARO:3001104	SHV-46	8	87.712500	85.837500	100.000000
I_9-10	ARO:3001105	SHV-48	23	51.082609	52.986957	67.400000
I_9-10	ARO:3001106	SHV-49	33	99.690909	96.203030	105.000000
I_9-10	ARO:3001108	SHV-51	14	52.900000	55.371429	58.500000
I_9-10	ARO:3001109	SHV-52	116	91.787069	86.578448	105.000000
I_9-10	ARO:3001110	SHV-53	293	73.543003	73.939932	106.000000
I_9-10	ARO:3001111	SHV-55	4	100.000000	96.750000	100.000000
I_9-10	ARO:3001112	SHV-56	175	92.176571	86.452000	106.000000
I_9-10	ARO:3001113	SHV-57	7	93.871429	73.942857	94.400000
I_9-10	ARO:3001115	SHV-60	1	100.000000	95.100000	95.100000
I_9-10	ARO:3001116	SHV-61	177	93.840113	90.850282	106.000000
I_9-10	ARO:3001117	SHV-62	41	80.356098	75.419512	101.000000
I_9-10	ARO:3001118	SHV-63	3	71.700000	73.400000	102.000000
I_9-10	ARO:3001119	SHV-64	179	87.140223	81.240223	104.000000
I_9-10	ARO:3001120	SHV-65	8	66.812500	62.600000	75.900000
I_9-10	ARO:3001121	SHV-66	22	99.909091	89.150000	100.000000
I_9-10	ARO:3001122	SHV-67	40	99.750000	94.855000	105.000000
I_9-10	ARO:3001123	SHV-69	52	99.769231	95.673077	105.000000
I_9-10	ARO:3001124	SHV-70	9	63.177778	64.611111	73.900000
I_9-10	ARO:3001125	SHV-71	17	50.947059	52.341176	61.200000
I_9-10	ARO:3001126	SHV-72	14	91.492857	90.014286	101.000000
I_9-10	ARO:3001127	SHV-73	123	89.417073	83.960976	106.000000
I_9-10	ARO:3001129	SHV-75	16	99.737500	90.243750	101.000000
I_9-10	ARO:3001130	SHV-76	8	62.787500	66.850000	81.300000
I_9-10	ARO:3001131	SHV-77	20	87.885000	75.810000	99.400000
I_9-10	ARO:3001132	SHV-78	74	98.571622	92.791892	105.000000
I_9-10	ARO:3001133	SHV-79	188	90.909574	85.448936	106.000000
I_9-10	ARO:3001134	SHV-80	27	50.800000	52.188889	67.400000
I_9-10	ARO:3001135	SHV-81	1	49.000000	55.100000	55.100000
I_9-10	ARO:3001136	SHV-82	6	99.333333	99.666667	101.000000
I_9-10	ARO:3001137	SHV-83	37	99.675676	100.240541	105.000000
I_9-10	ARO:3001138	SHV-84	1	55.100000	56.600000	56.600000
I_9-10	ARO:3001140	SHV-86	1	98.000000	98.600000	98.600000
I_9-10	ARO:3001141	SHV-89	180	90.720000	85.618333	106.000000
I_9-10	ARO:3001144	SHV-92	125	97.300800	89.110400	105.000000
I_9-10	ARO:3001145	SHV-93	27	93.685185	85.007407	100.000000
I_9-10	ARO:3001148	SHV-96	25	99.920000	90.192000	101.000000
I_9-10	ARO:3001149	SHV-97	10	99.580000	84.750000	101.000000
I_9-10	ARO:3001150	SHV-101	149	93.501342	87.666443	106.000000
I_9-10	ARO:3001151	SHV-102	6	100.000000	77.216667	94.400000
I_9-10	ARO:3001153	SHV-104	16	56.337500	58.056250	63.900000
I_9-10	ARO:3001154	SHV-105	106	93.278302	87.215094	106.000000
I_9-10	ARO:3001155	SHV-106	1	100.000000	87.400000	87.400000
I_9-10	ARO:3001156	SHV-107	1	100.000000	97.400000	97.400000
I_9-10	ARO:3001157	SHV-108	30	93.323333	85.353333	101.000000
I_9-10	ARO:3001159	SHV-110	5	66.300000	67.720000	80.100000
I_9-10	ARO:3001160	SHV-111	21	55.676190	51.357143	74.300000
I_9-10	ARO:3001164	SHV-115	1	44.900000	50.400000	50.400000
I_9-10	ARO:3001165	SHV-116	1	44.900000	50.400000	50.400000
I_9-10	ARO:3001168	SHV-121	145	90.048966	87.055862	106.000000
I_9-10	ARO:3001169	SHV-122	1	48.800000	39.300000	39.300000
I_9-10	ARO:3001170	SHV-123	212	84.121226	81.778774	106.000000
I_9-10	ARO:3001171	SHV-124	227	78.633480	77.385903	106.000000
I_9-10	ARO:3001172	SHV-125	234	82.564530	82.683333	106.000000
I_9-10	ARO:3001173	SHV-126	237	80.704641	78.836709	106.000000
I_9-10	ARO:3001174	SHV-127	209	83.032057	83.080861	106.000000
I_9-10	ARO:3001175	SHV-128	50	99.920000	89.996000	104.000000
I_9-10	ARO:3001176	SHV-129	27	99.925926	90.911111	101.000000
I_9-10	ARO:3001177	SHV-133	23	99.817391	93.413043	104.000000
I_9-10	ARO:3001178	SHV-134	35	82.200000	77.088571	101.000000
I_9-10	ARO:3001179	SHV-135	1	100.000000	95.100000	95.100000
I_9-10	ARO:3001181	SHV-137	216	78.802778	75.068981	106.000000
I_9-10	ARO:3001182	SHV-140	25	46.956000	47.644000	64.300000
I_9-10	ARO:3001184	SHV-142	4	100.000000	99.550000	101.000000
I_9-10	ARO:3001185	SHV-145	1	58.300000	56.200000	56.200000
I_9-10	ARO:3001186	SHV-147	5	55.700000	44.500000	66.200000
I_9-10	ARO:3001188	SHV-149	12	53.600000	57.066667	73.600000
I_9-10	ARO:3001189	SHV-150	2	100.000000	87.600000	90.900000
I_9-10	ARO:3001191	SHV-152	99	93.584848	83.930303	104.000000
I_9-10	ARO:3001192	SHV-153	16	99.737500	90.243750	101.000000
I_9-10	ARO:3001193	SHV-154	3	100.000000	99.866667	100.000000
I_9-10	ARO:3001195	SHV-156	53	92.594340	88.394340	105.000000
I_9-10	ARO:3001196	SHV-157	35	82.142857	75.711429	100.000000
I_9-10	ARO:3001198	SHV-159	18	58.772222	56.744444	62.000000
I_9-10	ARO:3001199	SHV-160	3	100.000000	99.866667	100.000000
I_9-10	ARO:3001201	SHV-162	61	97.211475	82.967213	104.000000
I_9-10	ARO:3001203	SHV-165	3	100.000000	99.866667	100.000000
I_9-10	ARO:3001204	SHV-167	118	82.947458	79.401695	105.000000
I_9-10	ARO:3001205	BRP(MBL)	63	73.371429	70.336508	113.000000
I_9-10	ARO:3001209	mecC	2685	45.740596	44.799106	94.400000
I_9-10	ARO:3001214	mdtM	6717	66.138410	64.235209	107.000000
I_9-10	ARO:3001216	mdtH	4724	80.321380	79.292591	112.000000
I_9-10	ARO:3001265	Erm(30)	543	47.681952	48.443094	72.800000
I_9-10	ARO:3001299	Sfra_tlrB_TYL	1284	50.041277	46.483022	70.500000
I_9-10	ARO:3001300	myrA	1091	51.041705	45.891567	74.700000
I_9-10	ARO:3001301	RlmA(II)	1129	51.892737	51.750399	101.000000
I_9-10	ARO:3001302	chrB	1459	50.881426	47.004592	72.400000
I_9-10	ARO:3001303	ErmO-srmA	90	48.265556	40.757778	73.200000
I_9-10	ARO:3001304	ErmS	49	48.497959	41.600000	72.000000
I_9-10	ARO:3001305	ErmU	323	60.112384	65.154799	80.900000
I_9-10	ARO:3001306	ErmW	290	56.941724	58.520000	76.600000
I_9-10	ARO:3001307	vgbA	3	54.700000	39.900000	40.800000
I_9-10	ARO:3001313	facT	1129	45.560496	44.030027	72.800000
I_9-10	ARO:3001327	MdtK	4000	81.752500	81.528000	107.000000
I_9-10	ARO:3001328	Ecol_mdfA	7038	71.357744	68.463029	107.000000
I_9-10	ARO:3001329	mdtG	5970	76.407320	74.234623	113.000000
I_9-10	ARO:3001337	SHV-99	6	57.883333	55.916667	60.100000
I_9-10	ARO:3001341	SHV-132	2	60.600000	50.800000	63.500000
I_9-10	ARO:3001345	SHV-144	3	75.933333	71.633333	99.000000
I_9-10	ARO:3001347	SHV-164	105	94.451429	85.428571	104.000000
I_9-10	ARO:3001350	SHV-180	80	98.901250	88.507500	105.000000
I_9-10	ARO:3001351	SHV-183	3	100.000000	99.866667	100.000000
I_9-10	ARO:3001352	SHV-168	3	75.933333	71.633333	99.000000
I_9-10	ARO:3001356	SHV-172	25	99.920000	90.192000	101.000000
I_9-10	ARO:3001357	SHV-173	1	52.200000	47.400000	47.400000
I_9-10	ARO:3001364	SHV-182	165	92.027273	86.311515	105.000000
I_9-10	ARO:3001369	TEM-153	37	61.664865	61.843243	97.800000
I_9-10	ARO:3001373	TEM-182	75	81.774667	79.877333	104.000000
I_9-10	ARO:3001374	TEM-185	81	61.567901	62.185185	89.000000
I_9-10	ARO:3001375	TEM-184	141	60.963830	51.021986	97.800000
I_9-10	ARO:3001382	TEM-205	22	81.136364	81.750000	102.000000
I_9-10	ARO:3001383	TEM-206	225	97.149333	93.112000	108.000000
I_9-10	ARO:3001384	TEM-207	238	91.211765	82.431513	108.000000
I_9-10	ARO:3001386	TEM-209	10	64.630000	64.050000	81.300000
I_9-10	ARO:3001387	TEM-210	5	68.580000	68.700000	89.000000
I_9-10	ARO:3001388	TEM-211	25	61.360000	61.536000	97.800000
I_9-10	ARO:3001391	TEM-214	95	99.263158	100.775789	108.000000
I_9-10	ARO:3001392	TEM-215	114	61.816667	59.591228	82.400000
I_9-10	ARO:3001396	OXA-1	780	91.692179	88.398974	112.000000
I_9-10	ARO:3001397	OXA-2	2038	71.138126	74.137831	118.000000
I_9-10	ARO:3001398	OXA-3	1005	77.181592	78.028259	118.000000
I_9-10	ARO:3001399	OXA-4	787	90.983227	87.831893	112.000000
I_9-10	ARO:3001400	OXA-5	407	70.097789	64.465356	109.000000
I_9-10	ARO:3001402	OXA-7	861	82.884204	78.444019	108.000000
I_9-10	ARO:3001404	OXA-9	167	57.794012	60.364671	110.000000
I_9-10	ARO:3001405	OXA-10	2463	91.877467	87.920909	111.000000
I_9-10	ARO:3001406	OXA-11	1743	94.153242	87.874527	111.000000
I_9-10	ARO:3001407	OXA-12	1279	79.044253	78.760829	117.000000
I_9-10	ARO:3001408	OXA-13	948	90.742616	88.839768	111.000000
I_9-10	ARO:3001409	OXA-14	1863	93.602630	87.843854	111.000000
I_9-10	ARO:3001410	OXA-15	2092	70.627677	73.600335	118.000000
I_9-10	ARO:3001411	OXA-16	1468	91.601294	88.672956	111.000000
I_9-10	ARO:3001412	OXA-17	1944	93.980710	89.119393	111.000000
I_9-10	ARO:3001413	OXA-18	222	54.346396	55.510811	95.100000
I_9-10	ARO:3001414	OXA-19	700	82.646286	77.523714	111.000000
I_9-10	ARO:3001415	OXA-20	946	58.571353	59.703911	111.000000
I_9-10	ARO:3001416	OXA-21	1050	76.368667	77.159714	119.000000
I_9-10	ARO:3001417	OXA-22	97	47.738144	50.025773	75.100000
I_9-10	ARO:3001418	OXA-23	106	57.542453	60.135849	95.100000
I_9-10	ARO:3001419	OXA-24	24	75.000000	79.895833	106.000000
I_9-10	ARO:3001420	OXA-25	29	70.410345	74.637931	106.000000
I_9-10	ARO:3001421	OXA-26	27	72.270370	76.788889	106.000000
I_9-10	ARO:3001422	OXA-27	121	60.396694	63.771901	95.100000
I_9-10	ARO:3001423	OXA-28	693	84.935354	79.994372	111.000000
I_9-10	ARO:3001424	OXA-29	146	58.130822	60.254110	78.200000
I_9-10	ARO:3001425	OXA-31	786	90.746056	87.619084	112.000000
I_9-10	ARO:3001426	OXA-32	1881	73.049920	76.679798	118.000000
I_9-10	ARO:3001427	OXA-33	746	90.257239	87.477748	112.000000
I_9-10	ARO:3001428	OXA-34	1605	70.967477	75.908723	118.000000
I_9-10	ARO:3001429	OXA-35	1358	86.718409	85.268851	111.000000
I_9-10	ARO:3001430	OXA-36	1940	66.320309	71.575052	118.000000
I_9-10	ARO:3001431	OXA-37	966	58.388509	59.548965	111.000000
I_9-10	ARO:3001437	OXA-67	10	71.720000	78.960000	104.000000
I_9-10	ARO:3001438	OXA-100	21	72.890476	78.804762	104.000000
I_9-10	ARO:3001439	OXA-101	1178	86.671053	84.337776	111.000000
I_9-10	ARO:3001440	OXA-115	20	78.405000	86.870000	111.000000
I_9-10	ARO:3001441	OXA-116	136	75.808824	80.634559	108.000000
I_9-10	ARO:3001442	OXA-117	49	82.928571	85.630612	108.000000
I_9-10	ARO:3001443	OXA-121	2	72.950000	76.650000	77.400000
I_9-10	ARO:3001444	OXA-122	50	70.886000	58.990000	80.900000
I_9-10	ARO:3001445	OXA-123	14	65.542857	70.207143	96.300000
I_9-10	ARO:3001446	OXA-124	9	74.255556	79.733333	102.000000
I_9-10	ARO:3001447	OXA-125	91	73.585714	74.093407	96.300000
I_9-10	ARO:3001448	OXA-126	2	72.700000	76.450000	79.700000
I_9-10	ARO:3001451	OXA-139	15	79.773333	83.366667	106.000000
I_9-10	ARO:3001452	OXA-140	717	90.095676	85.492050	112.000000
I_9-10	ARO:3001453	OXA-148	34	75.138235	81.585294	90.900000
I_9-10	ARO:3001454	OXA-149	2	99.000000	102.500000	105.000000
I_9-10	ARO:3001455	OXA-150	64	80.812500	83.942188	111.000000
I_9-10	ARO:3001456	OXA-151	504	43.528175	43.701190	56.200000
I_9-10	ARO:3001457	OXA-152	485	43.483505	43.744124	56.200000
I_9-10	ARO:3001458	OXA-153	400	42.896750	41.537500	56.200000
I_9-10	ARO:3001459	OXA-154	128	43.753125	46.816406	61.200000
I_9-10	ARO:3001460	OXA-155	123	43.648780	46.832520	61.200000
I_9-10	ARO:3001461	OXA-156	148	46.485811	47.954730	63.500000
I_9-10	ARO:3001462	OXA-157	133	44.615789	47.363910	61.600000
I_9-10	ARO:3001463	OXA-158	117	43.917949	46.656410	59.700000
I_9-10	ARO:3001464	OXA-159	111	44.152252	46.756757	59.700000
I_9-10	ARO:3001465	OXA-165	91	56.502198	59.696703	95.100000
I_9-10	ARO:3001466	OXA-166	95	57.088421	59.732632	95.100000
I_9-10	ARO:3001467	OXA-167	149	60.691275	64.552349	95.100000
I_9-10	ARO:3001468	OXA-168	88	57.219318	59.639773	95.100000
I_9-10	ARO:3001469	OXA-169	100	57.528000	60.112000	95.100000
I_9-10	ARO:3001470	OXA-170	102	56.794118	59.606863	95.100000
I_9-10	ARO:3001471	OXA-171	113	58.455752	61.824779	95.100000
I_9-10	ARO:3001472	OXA-178	58	72.344828	76.806897	111.000000
I_9-10	ARO:3001474	OXA-180	21	74.580952	80.104762	108.000000
I_9-10	ARO:3001475	OXA-183	632	84.011867	78.179905	111.000000
I_9-10	ARO:3001476	OXA-184	29	50.696552	47.434483	57.000000
I_9-10	ARO:3001477	OXA-185	30	50.273333	47.176667	57.000000
I_9-10	ARO:3001478	OXA-193	57	46.977193	44.801754	107.000000
I_9-10	ARO:3001479	OXA-194	5	77.100000	81.660000	111.000000
I_9-10	ARO:3001480	OXA-195	56	70.625000	81.258929	105.000000
I_9-10	ARO:3001482	OXA-197	43	70.458140	56.176744	76.300000
I_9-10	ARO:3001483	OXA-205	1280	64.318047	67.384687	120.000000
I_9-10	ARO:3001484	OXA-206	7	75.885714	80.914286	111.000000
I_9-10	ARO:3001485	OXA-207	27	70.829630	75.022222	106.000000
I_9-10	ARO:3001486	OXA-208	116	71.819828	77.669828	102.000000
I_9-10	ARO:3001487	OXA-210	1538	75.511183	77.728739	118.000000
I_9-10	ARO:3001488	OXA-216	47	77.308511	83.095745	108.000000
I_9-10	ARO:3001489	OXA-217	38	78.428947	82.186842	111.000000
I_9-10	ARO:3001493	OXA-225	147	60.281633	64.180952	95.100000
I_9-10	ARO:3001495	OXA-233	1606	93.598506	87.116625	111.000000
I_9-10	ARO:3001496	OXA-234	3	62.166667	70.733333	72.800000
I_9-10	ARO:3001498	OXA-239	126	62.060317	65.288095	95.100000
I_9-10	ARO:3001499	OXA-240	2035	91.984816	86.759853	111.000000
I_9-10	ARO:3001500	OXA-251	1426	92.266971	84.277980	111.000000
I_9-10	ARO:3001501	OXA-252	89	60.978652	65.864045	114.000000
I_9-10	ARO:3001502	OXA-256	2048	91.539551	86.952344	111.000000
I_9-10	ARO:3001503	OXA-258	36	48.919444	51.619444	72.000000
I_9-10	ARO:3001504	OXA-309	778	88.587018	85.619794	110.000000
I_9-10	ARO:3001510	OXA-322	74	82.920270	87.163514	95.900000
I_9-10	ARO:3001511	OXA-323	68	81.629412	86.210294	95.500000
I_9-10	ARO:3001512	OXA-324	108	79.825926	85.630556	97.400000
I_9-10	ARO:3001513	OXA-325	124	80.789516	85.509677	104.000000
I_9-10	ARO:3001514	OXA-326	68	82.498529	86.466176	95.100000
I_9-10	ARO:3001515	OXA-327	88	77.455682	82.523864	96.700000
I_9-10	ARO:3001516	OXA-328	68	75.439706	81.920588	95.100000
I_9-10	ARO:3001517	OXA-329	118	80.040678	84.628814	95.100000
I_9-10	ARO:3001518	OXA-330	108	75.333333	79.940741	96.700000
I_9-10	ARO:3001519	OXA-331	85	81.617647	85.661176	95.100000
I_9-10	ARO:3001520	OXA-332	126	78.878571	84.444444	95.900000
I_9-10	ARO:3001521	OXA-333	688	90.242006	86.176744	113.000000
I_9-10	ARO:3001522	OXA-334	719	89.289152	85.610709	110.000000
I_9-10	ARO:3001523	OXA-335	168	78.952381	79.356548	102.000000
I_9-10	ARO:3001525	OXA-337	4	81.500000	88.500000	102.000000
I_9-10	ARO:3001527	OXA-339	1	82.000000	94.400000	94.400000
I_9-10	ARO:3001528	OXA-340	2	91.000000	97.200000	100.000000
I_9-10	ARO:3001529	OXA-341	7	53.485714	58.442857	68.200000
I_9-10	ARO:3001530	OXA-342	63	71.349206	84.250794	87.800000
I_9-10	ARO:3001531	OXA-343	2	72.700000	76.250000	79.700000
I_9-10	ARO:3001533	OXA-345	1	100.000000	100.000000	100.000000
I_9-10	ARO:3001534	OXA-346	2	86.000000	89.150000	102.000000
I_9-10	ARO:3001535	OXA-348	169	77.133728	82.405917	95.100000
I_9-10	ARO:3001536	OXA-349	34	79.267647	85.464706	95.900000
I_9-10	ARO:3001537	OXA-350	122	79.527869	84.979508	95.900000
I_9-10	ARO:3001538	OXA-351	107	77.980374	82.549533	95.100000
I_9-10	ARO:3001539	OXA-352	136	80.117647	84.936029	95.900000
I_9-10	ARO:3001540	OXA-353	57	79.285965	83.928070	95.100000
I_9-10	ARO:3001541	OXA-354	75	82.368000	86.612000	95.900000
I_9-10	ARO:3001542	OXA-355	443	72.490519	73.858465	104.000000
I_9-10	ARO:3001543	OXA-356	382	73.417277	74.597906	104.000000
I_9-10	ARO:3001544	OXA-357	25	70.856000	77.736000	95.100000
I_9-10	ARO:3001545	OXA-358	147	75.708163	78.450340	104.000000
I_9-10	ARO:3001546	OXA-359	82	82.381707	86.969512	97.400000
I_9-10	ARO:3001547	OXA-360	48	92.150000	82.627083	104.000000
I_9-10	ARO:3001548	OXA-361	154	79.744805	80.318182	105.000000
I_9-10	ARO:3001549	OXA-362	141	73.803546	74.470213	107.000000
I_9-10	ARO:3001550	OXA-363	236	77.169068	79.103390	105.000000
I_9-10	ARO:3001551	OXA-364	94	49.091489	49.056383	81.300000
I_9-10	ARO:3001552	OXA-365	10	86.250000	89.640000	108.000000
I_9-10	ARO:3001553	OXA-366	149	60.691275	64.552349	95.100000
I_9-10	ARO:3001555	OXA-368	1393	94.085355	86.841996	111.000000
I_9-10	ARO:3001557	OXA-371	141	74.946099	77.841844	110.000000
I_9-10	ARO:3001558	OXA-372	1707	53.801582	58.351787	105.000000
I_9-10	ARO:3001559	OXA-373	849	88.197998	85.633569	115.000000
I_9-10	ARO:3001560	OXA-374	7	73.357143	79.085714	95.500000
I_9-10	ARO:3001561	OXA-375	62	71.562903	84.409677	87.800000
I_9-10	ARO:3001562	OXA-376	58	76.139655	82.779310	104.000000
I_9-10	ARO:3001563	OXA-377	56	80.796429	85.587500	108.000000
I_9-10	ARO:3001564	OXA-378	28	69.010714	74.703571	108.000000
I_9-10	ARO:3001565	OXA-379	28	67.753571	72.182143	96.300000
I_9-10	ARO:3001566	OXA-380	38	74.447368	79.742105	104.000000
I_9-10	ARO:3001567	OXA-381	37	69.227027	74.762162	102.000000
I_9-10	ARO:3001568	OXA-382	28	68.996429	75.364286	96.300000
I_9-10	ARO:3001569	OXA-383	16	88.781250	94.706250	111.000000
I_9-10	ARO:3001570	OXA-384	16	77.050000	81.550000	111.000000
I_9-10	ARO:3001571	OXA-385	43	75.269767	80.920930	104.000000
I_9-10	ARO:3001572	OXA-386	24	90.062500	94.491667	111.000000
I_9-10	ARO:3001573	OXA-387	1	98.000000	105.000000	105.000000
I_9-10	ARO:3001574	OXA-388	13	70.276923	74.923077	108.000000
I_9-10	ARO:3001575	OXA-389	76	71.905263	78.276316	89.400000
I_9-10	ARO:3001576	OXA-390	34	70.270588	76.055882	102.000000
I_9-10	ARO:3001577	OXA-391	115	71.994783	77.929565	99.400000
I_9-10	ARO:3001578	OXA-392	775	91.263484	87.933161	113.000000
I_9-10	ARO:3001581	OXA-395	180	54.143333	56.972778	102.000000
I_9-10	ARO:3001582	OXA-396	190	53.672105	55.987895	101.000000
I_9-10	ARO:3001583	OXA-397	716	95.772067	92.447067	109.000000
I_9-10	ARO:3001584	OXA-398	93	56.697849	59.639785	95.100000
I_9-10	ARO:3001586	OXA-400	2	72.700000	76.450000	79.700000
I_9-10	ARO:3001587	OXA-401	54	71.235185	67.303704	95.500000
I_9-10	ARO:3001588	OXA-402	48	73.587500	81.056250	96.300000
I_9-10	ARO:3001589	OXA-403	2	86.000000	89.150000	102.000000
I_9-10	ARO:3001596	OXA-405	1142	54.834939	56.271979	109.000000
I_9-10	ARO:3001597	OXA-406	15	68.240000	73.433333	96.300000
I_9-10	ARO:3001598	OXA-407	35	77.308571	82.294286	90.500000
I_9-10	ARO:3001599	OXA-408	41	68.548780	60.621951	105.000000
I_9-10	ARO:3001601	OXA-410	17	78.988235	81.900000	87.000000
I_9-10	ARO:3001602	OXA-411	7	73.357143	79.085714	95.500000
I_9-10	ARO:3001603	OXA-412	2	83.850000	95.350000	96.300000
I_9-10	ARO:3001604	OXA-413	6	77.016667	82.600000	87.000000
I_9-10	ARO:3001606	OXA-415	1643	72.695131	75.224893	118.000000
I_9-10	ARO:3001607	OXA-416	161	53.344099	58.320497	111.000000
I_9-10	ARO:3001608	OXA-417	269	78.301487	80.719703	107.000000
I_9-10	ARO:3001609	OXA-114a	88	53.869318	52.930682	102.000000
I_9-10	ARO:3001610	OXA-243	84	51.284524	51.084524	107.000000
I_9-10	ARO:3001611	OXA-58	710	96.308169	92.899437	109.000000
I_9-10	ARO:3001612	OXA-51	44	81.922727	85.661364	108.000000
I_9-10	ARO:3001613	OXA-64	7	89.914286	94.271429	108.000000
I_9-10	ARO:3001616	OXA-68	31	80.096774	85.090323	108.000000
I_9-10	ARO:3001617	OXA-69	70	75.821429	79.325714	111.000000
I_9-10	ARO:3001618	OXA-70	20	68.625000	72.990000	96.300000
I_9-10	ARO:3001619	OXA-71	8	76.687500	81.337500	97.100000
I_9-10	ARO:3001620	OXA-75	29	79.789655	81.679310	111.000000
I_9-10	ARO:3001622	OXA-77	22	90.009091	94.450000	111.000000
I_9-10	ARO:3001623	OXA-83	68	74.110294	79.816176	111.000000
I_9-10	ARO:3001624	OXA-84	25	70.576000	76.292000	86.700000
I_9-10	ARO:3001625	OXA-89	6	86.333333	91.683333	108.000000
I_9-10	ARO:3001626	OXA-88	4	100.000000	107.000000	111.000000
I_9-10	ARO:3001627	OXA-91	4	95.325000	99.725000	108.000000
I_9-10	ARO:3001628	OXA-93	11	88.990909	92.481818	111.000000
I_9-10	ARO:3001629	OXA-94	18	84.288889	89.277778	110.000000
I_9-10	ARO:3001630	OXA-95	19	71.510526	77.600000	104.000000
I_9-10	ARO:3001631	OXA-96	706	95.985977	92.657649	109.000000
I_9-10	ARO:3001632	OXA-92	18	79.750000	82.122222	102.000000
I_9-10	ARO:3001633	OXA-79	70	75.005714	83.560000	104.000000
I_9-10	ARO:3001634	OXA-80	1	44.700000	48.100000	48.100000
I_9-10	ARO:3001635	OXA-82	2	42.750000	42.150000	43.500000
I_9-10	ARO:3001636	OXA-104	23	71.160870	77.269565	97.100000
I_9-10	ARO:3001637	OXA-106	55	71.301818	77.367273	99.400000
I_9-10	ARO:3001638	OXA-107	2	86.000000	89.150000	102.000000
I_9-10	ARO:3001639	OXA-108	11	68.381818	73.318182	79.300000
I_9-10	ARO:3001640	OXA-109	1	44.700000	48.100000	48.100000
I_9-10	ARO:3001641	OXA-110	4	85.000000	88.625000	105.000000
I_9-10	ARO:3001642	OXA-111	92	73.514130	81.472826	108.000000
I_9-10	ARO:3001643	OXA-112	8	83.100000	86.487500	111.000000
I_9-10	ARO:3001644	OXA-113	41	75.280488	82.768293	104.000000
I_9-10	ARO:3001645	OXA-78	4	90.725000	94.125000	107.000000
I_9-10	ARO:3001646	OXA-98	76	79.911842	83.111842	111.000000
I_9-10	ARO:3001647	OXA-97	708	96.079096	92.744068	109.000000
I_9-10	ARO:3001648	OXA-128	24	67.245833	72.554167	105.000000
I_9-10	ARO:3001649	OXA-99	103	72.056311	79.118447	108.000000
I_9-10	ARO:3001650	OXA-90	159	73.048428	80.805031	104.000000
I_9-10	ARO:3001651	OXA-130	121	71.949587	80.368595	99.400000
I_9-10	ARO:3001652	OXA-131	38	70.515789	80.457895	90.500000
I_9-10	ARO:3001654	OXA-143	81	72.219753	78.175309	104.000000
I_9-10	ARO:3001655	OXA-138	19	76.073684	85.157895	111.000000
I_9-10	ARO:3001656	OXA-172	39	71.684615	81.830769	90.500000
I_9-10	ARO:3001657	OXA-173	38	71.905263	82.068421	90.500000
I_9-10	ARO:3001658	OXA-174	70	72.107143	81.108571	111.000000
I_9-10	ARO:3001659	OXA-175	20	73.735000	81.265000	111.000000
I_9-10	ARO:3001660	OXA-176	5	77.100000	81.660000	111.000000
I_9-10	ARO:3001662	OXA-164	712	95.782444	92.321770	107.000000
I_9-10	ARO:3001663	OXA-160	25	73.392000	78.156000	106.000000
I_9-10	ARO:3001664	OXA-203	1	83.300000	85.900000	85.900000
I_9-10	ARO:3001665	OXA-200	3	62.166667	70.733333	72.800000
I_9-10	ARO:3001667	OXA-202	62	75.470968	81.119355	111.000000
I_9-10	ARO:3001668	OXA-219	13	84.600000	88.246154	108.000000
I_9-10	ARO:3001669	OXA-223	6	77.016667	82.600000	87.000000
I_9-10	ARO:3001670	OXA-231	66	72.815152	78.545455	104.000000
I_9-10	ARO:3001671	OXA-49	45	64.424444	70.511111	91.700000
I_9-10	ARO:3001672	OXA-120	29	80.737931	84.717241	111.000000
I_9-10	ARO:3001673	OXA-248	6	85.583333	90.166667	111.000000
I_9-10	ARO:3001674	OXA-249	4	58.175000	61.800000	79.700000
I_9-10	ARO:3001675	OXA-250	5	71.700000	78.100000	102.000000
I_9-10	ARO:3001676	OXA-235	131	74.267176	73.456489	104.000000
I_9-10	ARO:3001677	OXA-236	187	74.864706	75.465241	104.000000
I_9-10	ARO:3001678	OXA-237	127	78.302362	77.420472	104.000000
I_9-10	ARO:3001679	OXA-241	2	91.000000	99.750000	104.000000
I_9-10	ARO:3001680	OXA-242	11	89.554545	95.063636	110.000000
I_9-10	ARO:3001681	OXA-278	93	74.459140	70.931183	107.000000
I_9-10	ARO:3001682	OXA-254	2	43.650000	47.350000	48.100000
I_9-10	ARO:3001683	OXA-312	6	71.916667	76.350000	77.400000
I_9-10	ARO:3001684	OXA-313	8	64.850000	69.100000	77.400000
I_9-10	ARO:3001685	OXA-314	5	91.540000	94.820000	104.000000
I_9-10	ARO:3001686	OXA-315	1	100.000000	100.000000	100.000000
I_9-10	ARO:3001687	OXA-316	54	74.083333	85.322222	110.000000
I_9-10	ARO:3001688	OXA-317	76	72.485526	78.003947	105.000000
I_9-10	ARO:3001689	OXA-253	107	68.622430	72.199065	104.000000
I_9-10	ARO:3001690	OXA-255	78	69.210256	74.183333	104.000000
I_9-10	ARO:3001691	OXA-228	367	73.594278	77.486104	102.000000
I_9-10	ARO:3001692	OXA-229	367	73.669210	78.593188	102.000000
I_9-10	ARO:3001693	OXA-230	330	72.656667	75.929697	104.000000
I_9-10	ARO:3001694	OXA-257	417	72.523981	74.087530	104.000000
I_9-10	ARO:3001695	OXA-134	203	81.523153	83.467488	104.000000
I_9-10	ARO:3001702	OXA-133	74	50.386486	52.386486	74.300000
I_9-10	ARO:3001703	OXA-86	11	73.109091	79.690909	104.000000
I_9-10	ARO:3001704	OXA-87	74	72.459459	78.416216	104.000000
I_9-10	ARO:3001705	OXA-72	27	74.711111	79.748148	109.000000
I_9-10	ARO:3001707	OXA-103	71	46.712676	49.785915	84.300000
I_9-10	ARO:3001709	OXA-182	121	66.466116	69.848760	105.000000
I_9-10	ARO:3001710	OXA-211	776	88.749613	85.709407	114.000000
I_9-10	ARO:3001711	OXA-212	729	89.149520	85.995610	112.000000
I_9-10	ARO:3001712	OXA-213	38	72.202632	79.265789	96.700000
I_9-10	ARO:3001713	OXA-214	54	58.611111	61.346296	108.000000
I_9-10	ARO:3001714	OXA-215	56	58.133929	60.735714	108.000000
I_9-10	ARO:3001717	OXA-261	18	68.616667	73.500000	102.000000
I_9-10	ARO:3001718	OXA-262	10	45.660000	49.540000	55.500000
I_9-10	ARO:3001719	OXA-263	13	69.200000	76.430769	79.300000
I_9-10	ARO:3001720	OXA-264	47	59.170213	61.921277	108.000000
I_9-10	ARO:3001721	OXA-265	22	59.118182	60.227273	108.000000
I_9-10	ARO:3001722	OXA-266	78	68.543590	75.941026	90.900000
I_9-10	ARO:3001723	OXA-267	92	79.883696	85.200000	95.900000
I_9-10	ARO:3001724	OXA-268	86	79.590698	84.265116	95.500000
I_9-10	ARO:3001725	OXA-269	6	63.416667	69.883333	86.300000
I_9-10	ARO:3001726	OXA-270	23	73.678261	77.765217	104.000000
I_9-10	ARO:3001727	OXA-271	26	68.923077	68.350000	95.900000
I_9-10	ARO:3001728	OXA-272	85	76.887059	80.483529	111.000000
I_9-10	ARO:3001729	OXA-273	26	73.011538	76.515385	107.000000
I_9-10	ARO:3001730	OXA-274	381	74.699738	78.357480	100.000000
I_9-10	ARO:3001731	OXA-275	418	74.842105	78.775598	100.000000
I_9-10	ARO:3001732	OXA-276	86	78.512791	73.406977	107.000000
I_9-10	ARO:3001733	OXA-277	71	83.080282	77.843662	106.000000
I_9-10	ARO:3001734	OXA-279	34	67.202941	68.352941	92.400000
I_9-10	ARO:3001735	OXA-280	709	90.040197	86.164739	115.000000
I_9-10	ARO:3001736	OXA-281	777	89.053797	86.570270	112.000000
I_9-10	ARO:3001737	OXA-282	148	77.228378	77.002703	107.000000
I_9-10	ARO:3001738	OXA-283	140	77.857857	77.285714	107.000000
I_9-10	ARO:3001739	OXA-284	168	74.923810	75.339881	106.000000
I_9-10	ARO:3001740	OXA-285	75	77.686667	74.405333	107.000000
I_9-10	ARO:3001741	OXA-286	65	63.432308	67.784615	89.700000
I_9-10	ARO:3001742	OXA-287	83	64.169880	68.875904	89.700000
I_9-10	ARO:3001743	OXA-288	50	59.690000	62.280000	89.700000
I_9-10	ARO:3001744	OXA-289	42	69.130952	71.547619	92.400000
I_9-10	ARO:3001745	OXA-290	48	65.331250	68.789583	90.900000
I_9-10	ARO:3001746	OXA-291	42	57.666667	60.361905	89.700000
I_9-10	ARO:3001747	OXA-292	42	57.214286	58.578571	89.700000
I_9-10	ARO:3001748	OXA-293	53	59.283019	59.766038	92.000000
I_9-10	ARO:3001749	OXA-294	106	64.005660	66.087736	90.900000
I_9-10	ARO:3001750	OXA-295	102	60.197059	62.094118	90.900000
I_9-10	ARO:3001751	OXA-296	177	69.712429	70.748588	95.500000
I_9-10	ARO:3001752	OXA-297	45	63.895556	70.246667	90.100000
I_9-10	ARO:3001753	OXA-298	49	65.397959	71.497959	90.100000
I_9-10	ARO:3001754	OXA-299	146	74.444521	78.481507	105.000000
I_9-10	ARO:3001755	OXA-300	324	72.119753	72.155864	104.000000
I_9-10	ARO:3001756	OXA-301	309	74.300971	77.728803	104.000000
I_9-10	ARO:3001757	OXA-302	39	64.930769	68.038462	90.500000
I_9-10	ARO:3001758	OXA-303	72	63.087500	67.080556	89.700000
I_9-10	ARO:3001759	OXA-304	41	74.885366	80.114634	104.000000
I_9-10	ARO:3001760	OXA-305	29	73.117241	77.648276	104.000000
I_9-10	ARO:3001761	OXA-306	64	60.517188	62.564063	89.700000
I_9-10	ARO:3001762	OXA-307	18	62.650000	63.983333	92.000000
I_9-10	ARO:3001763	OXA-308	199	66.685427	71.385930	107.000000
I_9-10	ARO:3001764	OXA-63	456	50.019518	47.733991	72.400000
I_9-10	ARO:3001765	OXA-136	562	50.067082	48.474199	87.400000
I_9-10	ARO:3001766	OXA-192	567	50.394533	49.213580	87.400000
I_9-10	ARO:3001767	OXA-137	557	49.905745	48.340754	87.400000
I_9-10	ARO:3001768	OXA-118	1345	64.752862	69.218513	120.000000
I_9-10	ARO:3001769	OXA-42	42	52.538095	56.230952	83.200000
I_9-10	ARO:3001770	OXA-43	43	52.153488	55.753488	81.300000
I_9-10	ARO:3001771	OXA-57	37	53.091892	56.854054	83.200000
I_9-10	ARO:3001772	OXA-59	43	52.579070	56.346512	83.200000
I_9-10	ARO:3001773	OXA-61	60	46.025000	43.550000	54.300000
I_9-10	ARO:3001774	OXA-370	169	63.547929	63.676331	113.000000
I_9-10	ARO:3001775	OXA-119	1414	65.411315	69.908487	120.000000
I_9-10	ARO:3001776	OXA-162	280	57.554643	57.817143	109.000000
I_9-10	ARO:3001777	OXA-347	762	66.895013	65.733202	111.000000
I_9-10	ARO:3001778	OXA-232	381	62.218110	62.384777	110.000000
I_9-10	ARO:3001779	OXA-146	3	40.866667	50.833333	52.000000
I_9-10	ARO:3001780	OXA-85	739	46.546008	49.217591	107.000000
I_9-10	ARO:3001781	OXA-47	776	90.875387	87.588789	113.000000
I_9-10	ARO:3001782	OXA-48	234	62.367094	63.003846	114.000000
I_9-10	ARO:3001783	OXA-163	1186	54.836172	56.596880	109.000000
I_9-10	ARO:3001784	OXA-181	354	63.251695	63.970904	114.000000
I_9-10	ARO:3001785	OXA-73	83	58.179518	60.778313	95.100000
I_9-10	ARO:3001786	OXA-244	254	60.537008	60.414173	109.000000
I_9-10	ARO:3001787	OXA-245	204	63.265196	63.722549	114.000000
I_9-10	ARO:3001788	OXA-204	257	60.813619	61.622179	114.000000
I_9-10	ARO:3001791	OXA-247	990	55.373838	55.495758	109.000000
I_9-10	ARO:3001792	OXA-62	506	43.523913	43.741502	59.700000
I_9-10	ARO:3001793	OXA-320	787	90.882338	87.715502	112.000000
I_9-10	ARO:3001794	OXA-45	33	55.618182	58.263636	110.000000
I_9-10	ARO:3001795	OXA-56	938	85.271535	80.945842	108.000000
I_9-10	ARO:3001796	OXA-50	204	50.585294	54.913725	102.000000
I_9-10	ARO:3001797	OXA-46	1349	63.956783	67.041438	118.000000
I_9-10	ARO:3001798	OXA-74	1880	94.079415	89.049894	111.000000
I_9-10	ARO:3001799	OXA-161	1921	72.349610	75.398022	118.000000
I_9-10	ARO:3001800	OXA-226	1685	73.925519	76.713472	118.000000
I_9-10	ARO:3001801	OXA-147	701	84.927247	80.046933	111.000000
I_9-10	ARO:3001802	OXA-141	1844	71.867191	74.644523	118.000000
I_9-10	ARO:3001803	OXA-142	1349	97.143958	89.435285	111.000000
I_9-10	ARO:3001804	OXA-145	833	86.789196	83.523529	111.000000
I_9-10	ARO:3001805	OXA-198	1443	54.197159	58.311573	104.000000
I_9-10	ARO:3001806	OXA-224	783	90.837420	87.723244	112.000000
I_9-10	ARO:3001807	OXA-246	1933	93.162442	87.427522	111.000000
I_9-10	ARO:3001808	OXA-60	174	44.657471	48.372414	75.500000
I_9-10	ARO:3001809	OXA-209	873	58.159107	58.708018	108.000000
I_9-10	ARO:3001810	OXA-53	813	70.350677	75.775892	117.000000
I_9-10	ARO:3001811	OXA-129	256	79.775000	76.037891	110.000000
I_9-10	ARO:3001812	OXA-54	319	51.687774	53.332288	108.000000
I_9-10	ARO:3001813	OXA-55	223	46.938565	49.653812	65.900000
I_9-10	ARO:3001814	OXA-199	429	56.232401	57.245921	114.000000
I_9-10	ARO:3001815	ACC-1	690	55.692029	56.538696	80.500000
I_9-10	ARO:3001816	ACC-2	559	55.464401	56.306798	80.500000
I_9-10	ARO:3001817	ACC-3	669	55.179671	57.261883	80.500000
I_9-10	ARO:3001818	ACC-4	674	55.566024	56.293027	80.500000
I_9-10	ARO:3001819	ACC-5	655	55.921069	56.617405	80.500000
I_9-10	ARO:3001821	ACT-1	325	84.619692	89.006154	112.000000
I_9-10	ARO:3001822	ACT-2	228	89.707895	91.850439	112.000000
I_9-10	ARO:3001823	ACT-3	206	91.393204	93.132524	112.000000
I_9-10	ARO:3001824	ACT-5	57	72.192982	71.975439	109.000000
I_9-10	ARO:3001825	ACT-6	245	94.537959	93.021633	112.000000
I_9-10	ARO:3001827	ACT-16	233	72.146781	72.241631	111.000000
I_9-10	ARO:3001828	ACT-23	68	76.239706	74.742647	110.000000
I_9-10	ARO:3001829	ACT-4	244	90.265574	91.904918	112.000000
I_9-10	ARO:3001830	ACT-7	161	82.652174	84.782609	111.000000
I_9-10	ARO:3001831	ACT-8	216	92.350926	94.356944	112.000000
I_9-10	ARO:3001832	ACT-10	192	90.821354	88.543750	111.000000
I_9-10	ARO:3001834	ACT-12	317	82.176025	76.278549	107.000000
I_9-10	ARO:3001835	ACT-13	214	93.630841	94.758411	112.000000
I_9-10	ARO:3001836	ACT-14	78	79.148718	78.164103	110.000000
I_9-10	ARO:3001837	ACT-15	173	74.277457	74.843931	110.000000
I_9-10	ARO:3001838	ACT-17	180	80.185000	81.538333	111.000000
I_9-10	ARO:3001839	ACT-18	82	79.318293	80.245122	110.000000
I_9-10	ARO:3001840	ACT-19	82	69.014634	69.304878	111.000000
I_9-10	ARO:3001841	ACT-20	205	74.686829	73.328293	111.000000
I_9-10	ARO:3001842	ACT-21	50	76.784000	76.418000	109.000000
I_9-10	ARO:3001843	ACT-22	159	68.044025	67.822642	108.000000
I_9-10	ARO:3001844	ACT-24	54	78.768519	79.364815	110.000000
I_9-10	ARO:3001845	ACT-25	226	73.206195	72.666372	111.000000
I_9-10	ARO:3001847	ACT-27	187	77.294118	77.005348	112.000000
I_9-10	ARO:3001848	ACT-28	439	85.989749	82.410934	111.000000
I_9-10	ARO:3001849	ACT-29	273	92.301465	91.504029	112.000000
I_9-10	ARO:3001850	ACT-30	151	74.031126	72.551656	111.000000
I_9-10	ARO:3001851	ACT-31	210	74.532381	73.545238	111.000000
I_9-10	ARO:3001852	ACT-32	124	85.503226	89.705645	111.000000
I_9-10	ARO:3001853	ACT-33	110	91.573636	96.102727	111.000000
I_9-10	ARO:3001854	ACT-34	130	89.168462	88.721538	112.000000
I_9-10	ARO:3001855	ACT-35	147	80.627211	83.763946	111.000000
I_9-10	ARO:3001856	CFE-1	572	78.717483	82.356643	110.000000
I_9-10	ARO:3001857	LAT-1	14	98.142857	105.250000	109.000000
I_9-10	ARO:3001858	IMI-1	14	46.557143	44.592857	55.500000
I_9-10	ARO:3001859	IMI-2	18	45.900000	44.783333	55.500000
I_9-10	ARO:3001860	IMI-3	16	45.012500	45.393750	55.800000
I_9-10	ARO:3001861	IMI-4	5	50.920000	44.820000	55.500000
I_9-10	ARO:3001862	IMI-5	13	50.515385	47.192308	60.800000
I_9-10	ARO:3001863	IMI-6	9	45.655556	44.033333	55.800000
I_9-10	ARO:3001864	CTX-M-1	138	95.294928	87.671739	105.000000
I_9-10	ARO:3001865	CTX-M-2	248	82.719355	80.556048	109.000000
I_9-10	ARO:3001866	CTX-M-3	214	99.501869	91.202336	105.000000
I_9-10	ARO:3001867	CTX-M-4	148	75.275676	71.855405	103.000000
I_9-10	ARO:3001868	CTX-M-5	204	82.839216	79.407843	105.000000
I_9-10	ARO:3001869	CTX-M-6	135	73.330370	68.962963	107.000000
I_9-10	ARO:3001870	CTX-M-7	139	72.720863	68.454676	103.000000
I_9-10	ARO:3001871	CTX-M-8	88	83.165909	79.184091	105.000000
I_9-10	ARO:3001872	CTX-M-9	73	72.278082	66.736986	103.000000
I_9-10	ARO:3001873	CTX-M-10	31	75.670968	71.345161	105.000000
I_9-10	ARO:3001874	CTX-M-11	142	94.095070	87.577465	105.000000
I_9-10	ARO:3001875	CTX-M-12	9	91.511111	89.677778	105.000000
I_9-10	ARO:3001876	CTX-M-13	14	82.357143	80.242857	103.000000
I_9-10	ARO:3001877	CTX-M-14	45	79.037778	71.484444	108.000000
I_9-10	ARO:3001878	CTX-M-15	45	99.866667	103.373333	108.000000
I_9-10	ARO:3001879	CTX-M-16	10	56.870000	60.420000	103.000000
I_9-10	ARO:3001881	CTX-M-19	51	73.731373	66.866667	108.000000
I_9-10	ARO:3001882	CTX-M-20	264	81.975000	80.587879	109.000000
I_9-10	ARO:3001883	CTX-M-21	22	83.759091	72.831818	108.000000
I_9-10	ARO:3001884	CTX-M-22	231	97.409957	91.456277	105.000000
I_9-10	ARO:3001885	CTX-M-23	16	80.300000	83.725000	105.000000
I_9-10	ARO:3001886	CTX-M-24	83	70.600000	68.622892	108.000000
I_9-10	ARO:3001887	CTX-M-25	81	75.577778	72.861728	100.000000
I_9-10	ARO:3001888	CTX-M-26	52	81.886538	75.696154	100.000000
I_9-10	ARO:3001889	CTX-M-27	49	71.446939	76.259184	103.000000
I_9-10	ARO:3001890	CTX-M-28	257	96.872374	92.431907	108.000000
I_9-10	ARO:3001891	CTX-M-29	56	90.998214	93.837500	108.000000
I_9-10	ARO:3001892	CTX-M-30	179	97.140223	89.829609	105.000000
I_9-10	ARO:3001893	CTX-M-31	258	81.631395	79.579070	109.000000
I_9-10	ARO:3001894	CTX-M-32	58	90.603448	94.420690	108.000000
I_9-10	ARO:3001895	CTX-M-33	235	95.256596	86.499574	108.000000
I_9-10	ARO:3001896	CTX-M-34	213	94.604695	85.287793	105.000000
I_9-10	ARO:3001897	CTX-M-35	195	82.810769	80.191282	109.000000
I_9-10	ARO:3001898	CTX-M-36	172	95.527326	88.400000	105.000000
I_9-10	ARO:3001899	CTX-M-37	22	68.168182	64.313636	105.000000
I_9-10	ARO:3001900	CTX-M-38	152	63.878289	58.972368	108.000000
I_9-10	ARO:3001901	CTX-M-39	46	85.736957	77.828261	103.000000
I_9-10	ARO:3001902	CTX-M-40	83	85.230120	81.048193	105.000000
I_9-10	ARO:3001903	CTX-M-41	74	77.266216	73.922973	100.000000
I_9-10	ARO:3001904	CTX-M-42	223	96.890135	85.604484	105.000000
I_9-10	ARO:3001905	CTX-M-43	237	80.528692	80.127004	105.000000
I_9-10	ARO:3001906	CTX-M-44	229	82.163319	81.183843	107.000000
I_9-10	ARO:3001907	CTX-M-45	40	74.080000	68.252500	108.000000
I_9-10	ARO:3001908	CTX-M-46	12	97.466667	80.133333	108.000000
I_9-10	ARO:3001909	CTX-M-47	66	74.013636	69.624242	108.000000
I_9-10	ARO:3001910	CTX-M-48	59	73.611864	68.435593	108.000000
I_9-10	ARO:3001911	CTX-M-49	56	74.389286	69.119643	108.000000
I_9-10	ARO:3001912	CTX-M-50	75	73.466667	69.489333	108.000000
I_9-10	ARO:3001913	CTX-M-51	6	56.500000	60.716667	91.700000
I_9-10	ARO:3001914	CTX-M-52	111	98.700901	85.600901	105.000000
I_9-10	ARO:3001915	CTX-M-53	125	75.405600	73.967200	108.000000
I_9-10	ARO:3001916	CTX-M-54	208	98.593750	87.093750	105.000000
I_9-10	ARO:3001917	CTX-M-55	271	96.583395	89.456458	108.000000
I_9-10	ARO:3001918	CTX-M-56	275	81.121091	79.851273	108.000000
I_9-10	ARO:3001919	CTX-M-58	103	93.674757	83.567961	105.000000
I_9-10	ARO:3001920	CTX-M-59	230	82.764783	80.640870	109.000000
I_9-10	ARO:3001921	CTX-M-60	76	98.292105	97.338158	105.000000
I_9-10	ARO:3001922	CTX-M-61	159	98.574214	85.683019	105.000000
I_9-10	ARO:3001923	CTX-M-62	8	99.250000	99.875000	105.000000
I_9-10	ARO:3001924	CTX-M-63	70	84.841429	82.905714	105.000000
I_9-10	ARO:3001925	CTX-M-64	168	87.310119	77.617857	108.000000
I_9-10	ARO:3001926	CTX-M-65	63	72.158730	70.434921	108.000000
I_9-10	ARO:3001927	CTX-M-66	40	99.275000	90.287500	105.000000
I_9-10	ARO:3001928	CTX-M-67	9	75.766667	73.822222	108.000000
I_9-10	ARO:3001929	CTX-M-68	176	96.952841	86.897159	105.000000
I_9-10	ARO:3001930	CTX-M-69	237	92.902954	89.386076	108.000000
I_9-10	ARO:3001932	CTX-M-71	99	99.593939	87.889899	105.000000
I_9-10	ARO:3001933	CTX-M-72	19	98.626316	98.600000	105.000000
I_9-10	ARO:3001935	CTX-M-74	175	84.400000	81.592000	109.000000
I_9-10	ARO:3001936	CTX-M-75	215	84.388372	82.631163	109.000000
I_9-10	ARO:3001937	CTX-M-76	244	82.095082	79.209836	107.000000
I_9-10	ARO:3001938	CTX-M-77	213	85.096244	82.769484	109.000000
I_9-10	ARO:3001939	CTX-M-78	62	80.327419	74.941935	105.000000
I_9-10	ARO:3001940	CTX-M-79	56	92.217857	95.721429	108.000000
I_9-10	ARO:3001941	CTX-M-80	184	98.413587	90.576087	105.000000
I_9-10	ARO:3001942	CTX-M-81	51	75.096078	68.588235	108.000000
I_9-10	ARO:3001943	CTX-M-82	290	93.897586	87.112414	108.000000
I_9-10	ARO:3001945	CTX-M-84	5	72.360000	72.260000	103.000000
I_9-10	ARO:3001946	CTX-M-86	26	81.711538	72.565385	108.000000
I_9-10	ARO:3001947	CTX-M-87	23	84.773913	71.452174	108.000000
I_9-10	ARO:3001948	CTX-M-88	268	95.913433	91.261940	108.000000
I_9-10	ARO:3001949	CTX-M-89	45	86.080000	78.000000	103.000000
I_9-10	ARO:3001950	CTX-M-90	3	83.066667	85.833333	103.000000
I_9-10	ARO:3001951	CTX-M-91	47	85.980851	77.976596	103.000000
I_9-10	ARO:3001952	CTX-M-92	183	85.515301	82.890710	109.000000
I_9-10	ARO:3001953	CTX-M-93	65	75.723077	75.447692	103.000000
I_9-10	ARO:3001954	CTX-M-94	81	78.030864	75.066667	101.000000
I_9-10	ARO:3001955	CTX-M-95	221	84.442534	81.712670	109.000000
I_9-10	ARO:3001956	CTX-M-96	141	97.978723	97.421277	108.000000
I_9-10	ARO:3001957	CTX-M-98	104	72.805769	71.651923	103.000000
I_9-10	ARO:3001958	CTX-M-99	14	79.592857	77.100000	108.000000
I_9-10	ARO:3001959	CTX-M-100	72	77.669444	74.340278	100.000000
I_9-10	ARO:3001960	CTX-M-101	283	94.567138	87.375972	108.000000
I_9-10	ARO:3001961	CTX-M-102	81	73.548148	71.044444	103.000000
I_9-10	ARO:3001962	CTX-M-103	140	99.009286	89.085714	105.000000
I_9-10	ARO:3001965	CTX-M-105	51	73.829412	73.213725	103.000000
I_9-10	ARO:3001966	CTX-M-106	78	70.208974	67.348718	103.000000
I_9-10	ARO:3001967	CTX-M-107	208	94.766827	92.338462	105.000000
I_9-10	ARO:3001968	CTX-M-108	226	92.961504	93.267257	108.000000
I_9-10	ARO:3001969	CTX-M-109	242	92.061983	92.228099	108.000000
I_9-10	ARO:3001971	CTX-M-111	2	70.000000	70.750000	103.000000
I_9-10	ARO:3001972	CTX-M-112	91	72.524176	68.471429	108.000000
I_9-10	ARO:3001973	CTX-M-113	38	73.955263	67.552632	108.000000
I_9-10	ARO:3001974	CTX-M-114	250	98.351200	90.434800	108.000000
I_9-10	ARO:3001975	CTX-M-115	220	83.058182	81.969091	109.000000
I_9-10	ARO:3001976	CTX-M-116	16	80.300000	83.725000	105.000000
I_9-10	ARO:3001977	CTX-M-117	268	95.400000	87.075000	108.000000
I_9-10	ARO:3001980	CTX-M-121	131	71.312977	69.867939	103.000000
I_9-10	ARO:3001981	CTX-M-122	63	72.653968	70.987302	108.000000
I_9-10	ARO:3001982	CTX-M-123	262	87.183588	79.466031	103.000000
I_9-10	ARO:3001983	CTX-M-124	251	82.973705	80.750598	109.000000
I_9-10	ARO:3001984	CTX-M-125	78	70.816667	68.826923	108.000000
I_9-10	ARO:3001985	CTX-M-126	50	73.724000	66.816000	108.000000
I_9-10	ARO:3001986	CTX-M-127	18	99.888889	103.722222	108.000000
I_9-10	ARO:3001988	CTX-M-129	25	66.676000	71.932000	103.000000
I_9-10	ARO:3001989	CTX-M-130	89	70.360674	68.523596	108.000000
I_9-10	ARO:3001990	CTX-M-131	283	80.389046	78.891166	107.000000
I_9-10	ARO:3001991	CTX-M-132	142	97.890845	88.670423	108.000000
I_9-10	ARO:3001992	CTX-M-134	9	56.933333	64.400000	81.600000
I_9-10	ARO:3001994	CTX-M-137	153	87.073203	81.211765	108.000000
I_9-10	ARO:3001995	CTX-M-136	9	98.222222	100.444444	105.000000
I_9-10	ARO:3001996	CTX-M-138	2	100.000000	95.500000	95.500000
I_9-10	ARO:3001997	CTX-M-139	265	97.051321	91.196604	108.000000
I_9-10	ARO:3001999	CTX-M-141	191	84.834555	82.431414	109.000000
I_9-10	ARO:3002000	CTX-M-142	274	96.340876	90.005474	108.000000
I_9-10	ARO:3002001	CTX-M-143	13	97.015385	100.384615	106.000000
I_9-10	ARO:3002002	CTX-M-144	57	91.917544	94.308772	108.000000
I_9-10	ARO:3002004	CTX-M-146	9	62.644444	64.011111	95.500000
I_9-10	ARO:3002005	CTX-M-147	36	77.130556	68.519444	108.000000
I_9-10	ARO:3002006	CTX-M-148	1	59.600000	62.800000	62.800000
I_9-10	ARO:3002007	CTX-M-150	1	100.000000	102.000000	102.000000
I_9-10	ARO:3002008	CTX-M-151	188	57.322340	53.436170	77.400000
I_9-10	ARO:3002009	CTX-M-152	52	81.911538	74.346154	103.000000
I_9-10	ARO:3002010	CTX-M-153	61	71.006557	76.319672	102.000000
I_9-10	ARO:3002011	CTX-M-154	4	63.700000	62.950000	102.000000
I_9-10	ARO:3002012	CMY-1	2048	83.545264	83.218799	109.000000
I_9-10	ARO:3002013	CMY-2	674	97.695994	96.383234	115.000000
I_9-10	ARO:3002015	CMY-4	999	93.347948	92.203504	115.000000
I_9-10	ARO:3002016	CMY-5	7	60.585714	56.342857	107.000000
I_9-10	ARO:3002017	CMY-6	80	98.195000	102.370000	109.000000
I_9-10	ARO:3002018	CMY-7	13	88.823077	98.130769	109.000000
I_9-10	ARO:3002019	CMY-8	1336	82.254117	81.098802	109.000000
I_9-10	ARO:3002020	CMY-9	1491	82.181757	82.019249	109.000000
I_9-10	ARO:3002021	CMY-10	1854	83.670334	83.099622	109.000000
I_9-10	ARO:3002022	CMY-11	1642	84.207856	83.691048	109.000000
I_9-10	ARO:3002023	CMY-12	153	86.360784	83.248366	109.000000
I_9-10	ARO:3002024	CMY-13	560	91.867143	93.421607	110.000000
I_9-10	ARO:3002025	CMY-14	430	86.679535	92.877442	115.000000
I_9-10	ARO:3002026	CMY-15	150	87.042667	83.686667	109.000000
I_9-10	ARO:3002027	CMY-16	54	97.196296	103.148148	109.000000
I_9-10	ARO:3002028	CMY-17	174	98.594828	105.768391	115.000000
I_9-10	ARO:3002029	CMY-18	1	34.600000	37.700000	37.700000
I_9-10	ARO:3002030	CMY-19	1080	82.965926	81.744537	109.000000
I_9-10	ARO:3002031	CMY-20	1357	87.089167	89.396758	110.000000
I_9-10	ARO:3002032	CMY-21	847	91.625502	89.368005	115.000000
I_9-10	ARO:3002033	CMY-22	18	96.977778	105.833333	109.000000
I_9-10	ARO:3002034	CMY-23	256	98.494922	105.005469	115.000000
I_9-10	ARO:3002035	CMY-24	449	97.482628	98.877060	115.000000
I_9-10	ARO:3002036	CMY-25	1059	92.431728	90.478376	110.000000
I_9-10	ARO:3002037	CMY-26	115	56.599130	58.852174	110.000000
I_9-10	ARO:3002038	CMY-27	548	97.605474	97.643796	115.000000
I_9-10	ARO:3002039	CMY-28	809	90.075649	89.819036	115.000000
I_9-10	ARO:3002040	CMY-29	670	95.331343	91.087612	110.000000
I_9-10	ARO:3002041	CMY-30	33	99.272727	107.848485	112.000000
I_9-10	ARO:3002042	CMY-31	9	98.000000	107.000000	109.000000
I_9-10	ARO:3002043	CMY-32	378	97.283333	102.733069	115.000000
I_9-10	ARO:3002044	CMY-33	1241	89.691781	88.714746	115.000000
I_9-10	ARO:3002045	CMY-34	31	88.112903	97.925806	109.000000
I_9-10	ARO:3002046	CMY-35	820	92.922073	90.658659	115.000000
I_9-10	ARO:3002047	CMY-36	1	68.000000	77.400000	77.400000
I_9-10	ARO:3002048	CMY-37	26	78.965385	81.884615	110.000000
I_9-10	ARO:3002049	CMY-38	150	86.384667	83.050000	108.000000
I_9-10	ARO:3002050	CMY-39	625	88.492480	90.674080	109.000000
I_9-10	ARO:3002051	CMY-40	267	90.507865	86.409363	110.000000
I_9-10	ARO:3002052	CMY-41	228	81.249123	83.646491	110.000000
I_9-10	ARO:3002053	CMY-42	1345	88.455539	87.884907	115.000000
I_9-10	ARO:3002054	CMY-43	495	97.174949	96.634747	115.000000
I_9-10	ARO:3002055	CMY-44	1287	89.297203	88.458275	115.000000
I_9-10	ARO:3002056	CMY-45	66	98.825758	103.272727	109.000000
I_9-10	ARO:3002057	CMY-46	69	79.750725	86.224638	109.000000
I_9-10	ARO:3002058	CMY-47	297	76.039731	84.436700	110.000000
I_9-10	ARO:3002059	CMY-48	843	84.230724	85.719454	110.000000
I_9-10	ARO:3002060	CMY-49	40	84.090000	92.475000	111.000000
I_9-10	ARO:3002061	CMY-50	159	82.973585	90.130189	110.000000
I_9-10	ARO:3002062	CMY-51	473	81.857928	83.108879	110.000000
I_9-10	ARO:3002064	CMY-53	100	87.367000	88.699000	112.000000
I_9-10	ARO:3002066	CMY-55	1192	87.668037	86.244966	115.000000
I_9-10	ARO:3002067	CMY-56	1217	89.776007	88.437469	115.000000
I_9-10	ARO:3002068	CMY-57	1	53.100000	63.900000	63.900000
I_9-10	ARO:3002069	CMY-59	197	86.382741	69.366497	109.000000
I_9-10	ARO:3002070	CMY-99	62	94.188710	100.025806	109.000000
I_9-10	ARO:3002071	CMY-110	483	90.560455	91.672464	110.000000
I_9-10	ARO:3002072	CMY-58	331	97.222054	103.135952	115.000000
I_9-10	ARO:3002073	CMY-60	800	93.271125	90.380625	115.000000
I_9-10	ARO:3002074	CMY-61	1286	89.539891	92.634526	115.000000
I_9-10	ARO:3002075	CMY-62	38	98.305263	102.700000	109.000000
I_9-10	ARO:3002076	CMY-63	123	80.056911	86.024390	109.000000
I_9-10	ARO:3002077	CMY-64	130	72.270000	67.509231	109.000000
I_9-10	ARO:3002078	CMY-65	860	81.341744	86.650116	110.000000
I_9-10	ARO:3002079	CMY-66	231	83.698701	81.076623	110.000000
I_9-10	ARO:3002080	CMY-67	137	86.986131	92.107299	110.000000
I_9-10	ARO:3002081	CMY-68	289	74.994464	84.401730	110.000000
I_9-10	ARO:3002082	CMY-69	321	98.096573	103.912461	115.000000
I_9-10	ARO:3002083	CMY-70	600	82.756833	82.028500	110.000000
I_9-10	ARO:3002084	CMY-71	429	87.203497	90.922378	109.000000
I_9-10	ARO:3002085	CMY-72	201	72.813433	78.139303	110.000000
I_9-10	ARO:3002086	CMY-73	42	67.073810	68.871429	111.000000
I_9-10	ARO:3002087	CMY-74	248	79.666532	87.021371	110.000000
I_9-10	ARO:3002088	CMY-75	408	75.347059	83.682843	110.000000
I_9-10	ARO:3002089	CMY-76	31	93.516129	86.806452	110.000000
I_9-10	ARO:3002090	CMY-77	118	86.800847	91.939831	109.000000
I_9-10	ARO:3002091	CMY-78	46	92.484783	83.221739	107.000000
I_9-10	ARO:3002092	CMY-79	791	83.752465	84.661568	110.000000
I_9-10	ARO:3002093	CMY-80	180	68.130000	66.705000	109.000000
I_9-10	ARO:3002094	CMY-81	140	72.367857	72.410714	110.000000
I_9-10	ARO:3002095	CMY-82	215	80.755814	87.290698	110.000000
I_9-10	ARO:3002096	CMY-83	344	86.888372	85.859884	110.000000
I_9-10	ARO:3002097	CMY-84	47	95.378723	88.855319	108.000000
I_9-10	ARO:3002098	CMY-85	418	95.138517	93.408373	109.000000
I_9-10	ARO:3002099	CMY-86	74	86.954054	92.990541	110.000000
I_9-10	ARO:3002100	CMY-87	61	85.426230	86.514754	110.000000
I_9-10	ARO:3002102	CMY-89	393	78.680916	85.691349	110.000000
I_9-10	ARO:3002103	CMY-90	163	77.915337	73.587730	107.000000
I_9-10	ARO:3002106	CMY-93	194	78.734021	86.562887	110.000000
I_9-10	ARO:3002107	CMY-94	91	98.763736	105.102198	112.000000
I_9-10	ARO:3002108	CMY-95	759	93.676416	91.021871	115.000000
I_9-10	ARO:3002109	CMY-96	55	79.796364	86.469091	109.000000
I_9-10	ARO:3002110	CMY-97	10	92.870000	99.210000	109.000000
I_9-10	ARO:3002111	CMY-98	436	77.358486	85.177523	110.000000
I_9-10	ARO:3002112	CMY-100	389	86.782519	84.803599	106.000000
I_9-10	ARO:3002113	CMY-101	217	80.961290	87.538710	110.000000
I_9-10	ARO:3002114	CMY-102	150	96.648667	102.532000	110.000000
I_9-10	ARO:3002115	CMY-103	138	85.296377	90.987681	110.000000
I_9-10	ARO:3002116	CMY-104	584	81.346747	83.554110	110.000000
I_9-10	ARO:3002117	CMY-105	956	82.513912	86.418096	110.000000
I_9-10	ARO:3002118	CMY-106	248	75.731855	83.508065	111.000000
I_9-10	ARO:3002120	CMY-108	42	84.773810	91.971429	110.000000
I_9-10	ARO:3002121	CMY-109	47	68.478723	67.040426	107.000000
I_9-10	ARO:3002122	CMY-111	1	100.000000	101.000000	101.000000
I_9-10	ARO:3002123	CMY-112	171	83.583626	89.532749	110.000000
I_9-10	ARO:3002124	CMY-113	292	77.461301	76.665068	110.000000
I_9-10	ARO:3002125	CMY-114	1105	80.681810	81.471312	110.000000
I_9-10	ARO:3002126	CMY-115	73	76.565753	74.032877	110.000000
I_9-10	ARO:3002127	CMY-116	301	85.730897	83.267110	110.000000
I_9-10	ARO:3002128	CMY-117	105	85.198095	74.132381	110.000000
I_9-10	ARO:3002129	CMY-118	738	87.554065	87.393089	110.000000
I_9-10	ARO:3002130	CMY-119	242	72.466529	80.299587	110.000000
I_9-10	ARO:3002132	DHA-1	714	86.585294	85.004902	115.000000
I_9-10	ARO:3002133	DHA-2	675	80.515407	78.515407	115.000000
I_9-10	ARO:3002134	DHA-3	547	88.885558	85.737112	115.000000
I_9-10	ARO:3002135	DHA-6	687	86.741776	84.929549	115.000000
I_9-10	ARO:3002136	DHA-7	656	84.518140	82.586738	115.000000
I_9-10	ARO:3002137	DHA-4	538	91.323420	91.560781	113.000000
I_9-10	ARO:3002138	DHA-5	615	87.431870	85.269756	115.000000
I_9-10	ARO:3002140	DHA-9	557	90.073070	89.707002	115.000000
I_9-10	ARO:3002141	DHA-10	672	81.244196	79.503125	115.000000
I_9-10	ARO:3002143	DHA-12	507	74.114398	69.715187	110.000000
I_9-10	ARO:3002144	DHA-13	782	83.250128	82.149361	115.000000
I_9-10	ARO:3002145	DHA-14	652	89.167791	87.040031	115.000000
I_9-10	ARO:3002146	DHA-15	626	86.516454	83.627796	115.000000
I_9-10	ARO:3002147	DHA-16	426	76.857042	73.578638	115.000000
I_9-10	ARO:3002148	DHA-17	655	85.774962	85.103511	115.000000
I_9-10	ARO:3002149	DHA-18	630	84.436825	82.528730	115.000000
I_9-10	ARO:3002150	DHA-19	728	81.224176	79.581731	115.000000
I_9-10	ARO:3002151	DHA-20	666	85.125375	83.432132	115.000000
I_9-10	ARO:3002152	DHA-21	705	85.482128	83.926809	115.000000
I_9-10	ARO:3002153	DHA-22	602	83.600997	82.497508	115.000000
I_9-10	ARO:3002154	DHA-23	641	89.185803	87.448830	115.000000
I_9-10	ARO:3002155	FOX-1	374	79.644920	77.464706	110.000000
I_9-10	ARO:3002156	FOX-2	322	77.679193	76.829503	110.000000
I_9-10	ARO:3002157	FOX-3	295	78.400339	74.346441	109.000000
I_9-10	ARO:3002158	FOX-4	312	79.279808	79.229487	111.000000
I_9-10	ARO:3002159	FOX-5	295	78.675254	77.592203	112.000000
I_9-10	ARO:3002160	FOX-7	355	80.039155	78.473521	110.000000
I_9-10	ARO:3002161	FOX-8	246	78.496341	77.000813	109.000000
I_9-10	ARO:3002162	FOX-10	334	79.561677	75.813174	110.000000
I_9-10	ARO:3002163	FOX-9	295	80.431186	80.268814	107.000000
I_9-10	ARO:3002165	FOX-12	382	79.388743	76.882199	110.000000
I_9-10	ARO:3002166	MIR-1	191	94.729319	90.890576	112.000000
I_9-10	ARO:3002167	MIR-4	322	90.401242	93.369255	113.000000
I_9-10	ARO:3002168	MIR-2	492	86.080081	92.423171	112.000000
I_9-10	ARO:3002169	MIR-3	525	86.949714	91.014857	113.000000
I_9-10	ARO:3002170	MIR-5	530	87.119434	90.856226	113.000000
I_9-10	ARO:3002171	MIR-6	422	87.211374	91.721564	113.000000
I_9-10	ARO:3002172	MIR-7	135	96.277037	99.371852	113.000000
I_9-10	ARO:3002174	MIR-9	460	87.989783	91.364783	112.000000
I_9-10	ARO:3002175	MIR-10	332	90.827410	93.064759	112.000000
I_9-10	ARO:3002176	MIR-11	331	90.374018	93.478852	113.000000
I_9-10	ARO:3002177	MIR-12	491	87.752546	91.867617	113.000000
I_9-10	ARO:3002178	MIR-13	325	89.893538	92.216308	112.000000
I_9-10	ARO:3002179	MIR-14	176	90.251705	87.103977	111.000000
I_9-10	ARO:3002180	MIR-15	471	88.002335	92.085350	112.000000
I_9-10	ARO:3002181	MIR-16	529	87.195463	91.220038	112.000000
I_9-10	ARO:3002182	MOX-1	1188	81.785017	80.478283	109.000000
I_9-10	ARO:3002183	MOX-2	1942	87.719464	87.053553	109.000000
I_9-10	ARO:3002184	MOX-4	1954	88.210389	87.853071	109.000000
I_9-10	ARO:3002185	MOX-6	1442	94.301179	95.863592	111.000000
I_9-10	ARO:3002186	MOX-3	2073	86.935938	86.684949	109.000000
I_9-10	ARO:3002188	MOX-5	1450	94.482759	93.985517	109.000000
I_9-10	ARO:3002189	MOX-7	1549	93.570755	93.132343	111.000000
I_9-10	ARO:3002190	MOX-8	1926	90.922430	90.654102	109.000000
I_9-10	ARO:3002191	MOX-9	577	75.253033	75.481802	108.000000
I_9-10	ARO:3002192	IMP-1	15	59.820000	52.380000	106.000000
I_9-10	ARO:3002193	IMP-2	8	44.850000	44.800000	60.800000
I_9-10	ARO:3002194	IMP-3	15	55.520000	48.886667	106.000000
I_9-10	ARO:3002195	IMP-4	12	61.291667	52.141667	111.000000
I_9-10	ARO:3002196	IMP-5	8	61.975000	55.212500	98.200000
I_9-10	ARO:3002197	IMP-6	14	57.778571	49.328571	106.000000
I_9-10	ARO:3002198	IMP-7	7	67.157143	57.914286	100.000000
I_9-10	ARO:3002199	IMP-8	6	48.116667	46.766667	60.800000
I_9-10	ARO:3002200	IMP-9	11	50.236364	48.827273	58.500000
I_9-10	ARO:3002201	IMP-10	12	62.283333	53.825000	106.000000
I_9-10	ARO:3002202	IMP-11	5	55.320000	52.900000	60.800000
I_9-10	ARO:3002203	IMP-12	6	53.466667	50.433333	60.500000
I_9-10	ARO:3002204	IMP-13	2	67.200000	40.800000	43.500000
I_9-10	ARO:3002205	IMP-14	9	55.266667	51.166667	58.200000
I_9-10	ARO:3002206	IMP-15	9	57.333333	49.677778	55.800000
I_9-10	ARO:3002207	IMP-16	5	54.260000	49.200000	61.200000
I_9-10	ARO:3002208	IMP-17	2	64.650000	47.950000	57.800000
I_9-10	ARO:3002209	IMP-18	4	56.500000	45.125000	55.800000
I_9-10	ARO:3002210	IMP-19	6	48.116667	46.766667	60.800000
I_9-10	ARO:3002211	IMP-20	4	56.875000	50.800000	60.800000
I_9-10	ARO:3002212	IMP-21	4	59.450000	53.900000	60.800000
I_9-10	ARO:3002213	IMP-22	5	54.380000	49.740000	61.200000
I_9-10	ARO:3002214	IMP-23	3	53.966667	49.133333	60.800000
I_9-10	ARO:3002215	IMP-24	4	56.875000	50.800000	60.800000
I_9-10	ARO:3002216	IMP-25	14	57.171429	50.100000	62.800000
I_9-10	ARO:3002217	IMP-26	12	61.291667	52.141667	111.000000
I_9-10	ARO:3002218	IMP-27	6	52.066667	57.883333	63.500000
I_9-10	ARO:3002219	IMP-28	10	61.430000	55.570000	99.400000
I_9-10	ARO:3002220	IMP-29	5	61.280000	50.280000	63.500000
I_9-10	ARO:3002221	IMP-30	13	62.438462	53.361538	106.000000
I_9-10	ARO:3002222	IMP-31	4	55.450000	51.000000	56.200000
I_9-10	ARO:3002223	IMP-32	9	54.900000	51.300000	58.200000
I_9-10	ARO:3002224	IMP-33	2	65.900000	41.000000	43.900000
I_9-10	ARO:3002225	IMP-34	15	59.993333	52.280000	106.000000
I_9-10	ARO:3002226	IMP-35	4	55.450000	51.000000	56.200000
I_9-10	ARO:3002229	IMP-38	12	60.575000	52.400000	111.000000
I_9-10	ARO:3002230	IMP-39	3	49.700000	56.733333	60.800000
I_9-10	ARO:3002231	IMP-40	12	62.283333	53.825000	106.000000
I_9-10	ARO:3002232	IMP-41	4	59.450000	53.900000	60.800000
I_9-10	ARO:3002233	IMP-42	14	61.471429	53.871429	106.000000
I_9-10	ARO:3002234	IMP-43	7	67.157143	57.914286	100.000000
I_9-10	ARO:3002235	IMP-44	4	59.450000	53.900000	60.800000
I_9-10	ARO:3002236	IMP-45	13	50.138462	49.515385	58.500000
I_9-10	ARO:3002237	IMP-46	10	53.990000	50.780000	58.200000
I_9-10	ARO:3002239	IMP-48	9	55.266667	51.166667	58.200000
I_9-10	ARO:3002240	CARB-1	411	79.021168	76.870560	110.000000
I_9-10	ARO:3002241	CARB-2	419	79.135322	76.706444	110.000000
I_9-10	ARO:3002242	CARB-3	376	82.971277	80.142553	110.000000
I_9-10	ARO:3002243	CARB-4	412	74.004854	73.449272	106.000000
I_9-10	ARO:3002244	CARB-5	834	67.388489	68.794005	111.000000
I_9-10	ARO:3002245	CARB-6	400	77.756250	75.188500	110.000000
I_9-10	ARO:3002246	CARB-7	573	67.087784	67.527225	107.000000
I_9-10	ARO:3002247	CARB-8	826	67.575424	68.978935	111.000000
I_9-10	ARO:3002248	CARB-9	581	66.873150	67.493976	108.000000
I_9-10	ARO:3002249	CARB-10	831	67.080265	68.631288	111.000000
I_9-10	ARO:3002250	CARB-12	407	78.695577	76.199263	110.000000
I_9-10	ARO:3002252	CARB-14	830	67.564217	68.934819	111.000000
I_9-10	ARO:3002254	CARB-17	349	60.553295	61.332092	77.800000
I_9-10	ARO:3002255	CARB-16	830	67.540843	68.940482	111.000000
I_9-10	ARO:3002256	IND-1	23	62.095652	69.082609	86.700000
I_9-10	ARO:3002257	IND-2	34	58.326471	64.017647	82.800000
I_9-10	ARO:3002258	IND-2a	34	58.147059	63.835294	82.800000
I_9-10	ARO:3002259	IND-3	23	64.204348	69.986957	86.700000
I_9-10	ARO:3002260	IND-4	40	56.175000	61.657500	86.700000
I_9-10	ARO:3002261	IND-5	22	62.959091	69.718182	85.100000
I_9-10	ARO:3002262	IND-6	18	62.638889	70.050000	82.000000
I_9-10	ARO:3002263	IND-7	23	62.095652	69.117391	86.700000
I_9-10	ARO:3002264	IND-8	23	62.682609	68.643478	84.000000
I_9-10	ARO:3002265	IND-9	26	58.607692	65.107692	82.000000
I_9-10	ARO:3002266	IND-10	23	61.860870	67.739130	84.000000
I_9-10	ARO:3002267	IND-11	34	58.441176	64.073529	82.800000
I_9-10	ARO:3002268	IND-12	33	58.445455	64.115152	82.800000
I_9-10	ARO:3002269	IND-14	23	63.939130	69.756522	86.700000
I_9-10	ARO:3002270	IND-15	31	58.454839	63.909677	81.600000
I_9-10	ARO:3002271	VIM-1	21	50.661905	60.390476	70.500000
I_9-10	ARO:3002272	VIM-2	4	48.025000	52.050000	60.800000
I_9-10	ARO:3002273	VIM-3	2	52.300000	60.800000	60.800000
I_9-10	ARO:3002274	VIM-4	7	54.128571	52.371429	67.000000
I_9-10	ARO:3002275	VIM-5	10	51.590000	51.910000	67.000000
I_9-10	ARO:3002276	VIM-6	4	48.025000	52.050000	60.800000
I_9-10	ARO:3002277	VIM-7	23	52.273913	55.734783	66.600000
I_9-10	ARO:3002278	VIM-8	4	48.450000	53.400000	60.800000
I_9-10	ARO:3002279	VIM-9	2	52.300000	60.800000	60.800000
I_9-10	ARO:3002281	VIM-11	4	48.025000	52.050000	60.800000
I_9-10	ARO:3002282	VIM-12	13	49.123077	56.038462	70.100000
I_9-10	ARO:3002283	VIM-13	6	56.483333	55.883333	67.000000
I_9-10	ARO:3002284	VIM-14	4	56.775000	50.350000	67.000000
I_9-10	ARO:3002285	VIM-15	4	52.575000	57.725000	63.500000
I_9-10	ARO:3002286	VIM-16	4	48.025000	52.050000	60.800000
I_9-10	ARO:3002287	VIM-17	5	46.680000	50.420000	60.800000
I_9-10	ARO:3002288	VIM-18	6	47.400000	52.416667	62.400000
I_9-10	ARO:3002289	VIM-19	14	49.164286	50.000000	67.000000
I_9-10	ARO:3002290	VIM-20	12	50.908333	59.341667	66.600000
I_9-10	ARO:3002293	VIM-23	6	49.183333	55.816667	63.500000
I_9-10	ARO:3002294	VIM-24	2	52.300000	60.800000	60.800000
I_9-10	ARO:3002295	VIM-25	5	47.800000	50.220000	64.700000
I_9-10	ARO:3002296	VIM-26	25	50.364000	58.124000	70.100000
I_9-10	ARO:3002297	VIM-27	22	50.750000	59.695455	70.500000
I_9-10	ARO:3002298	VIM-28	11	51.409091	52.054545	67.000000
I_9-10	ARO:3002299	VIM-29	34	49.223529	57.258824	71.200000
I_9-10	ARO:3002300	VIM-30	4	48.025000	52.050000	60.800000
I_9-10	ARO:3002301	VIM-31	12	50.808333	60.108333	66.600000
I_9-10	ARO:3002302	VIM-32	21	50.661905	60.390476	70.500000
I_9-10	ARO:3002303	VIM-33	21	51.695238	60.223810	71.600000
I_9-10	ARO:3002304	VIM-34	28	49.728571	57.192857	70.500000
I_9-10	ARO:3002305	VIM-35	24	48.741667	56.133333	70.500000
I_9-10	ARO:3002306	VIM-36	2	52.300000	60.800000	60.800000
I_9-10	ARO:3002307	VIM-37	17	49.576471	52.417647	67.000000
I_9-10	ARO:3002308	VIM-38	11	51.445455	52.963636	67.000000
I_9-10	ARO:3002309	VIM-39	21	51.095238	60.300000	70.100000
I_9-10	ARO:3002310	VIM-40	3	57.300000	53.400000	67.000000
I_9-10	ARO:3002313	KPC-3	10	86.670000	93.130000	112.000000
I_9-10	ARO:3002314	KPC-4	27	67.970370	63.288889	103.000000
I_9-10	ARO:3002315	KPC-5	15	94.233333	92.380000	112.000000
I_9-10	ARO:3002316	KPC-6	18	62.122222	60.550000	103.000000
I_9-10	ARO:3002317	KPC-7	10	65.130000	65.110000	103.000000
I_9-10	ARO:3002318	KPC-8	24	62.016667	61.350000	103.000000
I_9-10	ARO:3002319	KPC-9	85	66.847059	66.672941	104.000000
I_9-10	ARO:3002320	KPC-10	12	83.566667	90.158333	112.000000
I_9-10	ARO:3002321	KPC-11	16	92.512500	91.181250	112.000000
I_9-10	ARO:3002322	KPC-12	7	100.000000	88.042857	110.000000
I_9-10	ARO:3002323	KPC-13	2	100.000000	103.000000	103.000000
I_9-10	ARO:3002324	KPC-14	69	75.162319	74.685507	108.000000
I_9-10	ARO:3002325	KPC-15	18	54.822222	52.766667	70.900000
I_9-10	ARO:3002326	KPC-16	38	65.486842	64.526316	112.000000
I_9-10	ARO:3002327	KPC-17	40	50.385000	54.257500	110.000000
I_9-10	ARO:3002328	KPC-18	2	100.000000	109.000000	110.000000
I_9-10	ARO:3002329	KPC-19	10	86.670000	93.130000	112.000000
I_9-10	ARO:3002330	GES-1	1347	94.203044	89.210319	113.000000
I_9-10	ARO:3002331	GES-2	1218	93.917323	88.452874	113.000000
I_9-10	ARO:3002332	GES-3	1033	92.220232	85.329235	113.000000
I_9-10	ARO:3002333	GES-4	1103	88.988123	82.732366	113.000000
I_9-10	ARO:3002334	GES-5	1300	93.209462	88.327692	113.000000
I_9-10	ARO:3002335	GES-6	1120	95.868482	89.602411	113.000000
I_9-10	ARO:3002336	GES-7	1215	93.414568	87.598272	113.000000
I_9-10	ARO:3002337	GES-8	1106	95.195298	89.273146	113.000000
I_9-10	ARO:3002338	GES-9	1136	92.861356	85.903961	108.000000
I_9-10	ARO:3002339	GES-10	764	92.689660	90.429712	113.000000
I_9-10	ARO:3002340	GES-11	1129	93.144021	86.153942	108.000000
I_9-10	ARO:3002341	GES-12	1130	91.653097	84.572035	108.000000
I_9-10	ARO:3002342	GES-13	1273	89.244855	83.885860	113.000000
I_9-10	ARO:3002343	GES-14	1333	90.365866	84.772618	108.000000
I_9-10	ARO:3002344	GES-15	1072	96.686940	90.246922	113.000000
I_9-10	ARO:3002345	GES-16	1077	91.570566	86.595915	113.000000
I_9-10	ARO:3002346	GES-17	997	92.042929	83.784754	108.000000
I_9-10	ARO:3002347	GES-18	1041	94.875312	88.033045	113.000000
I_9-10	ARO:3002348	GES-19	749	97.766622	93.743792	108.000000
I_9-10	ARO:3002349	GES-20	1186	91.312732	90.214250	113.000000
I_9-10	ARO:3002350	GES-21	1346	90.494131	85.349108	113.000000
I_9-10	ARO:3002351	GES-22	1235	90.150850	84.002348	108.000000
I_9-10	ARO:3002352	GES-23	1060	94.401792	88.195472	113.000000
I_9-10	ARO:3002353	GES-24	1070	93.394766	87.076355	113.000000
I_9-10	ARO:3002354	NDM-3	22	97.331818	91.131818	111.000000
I_9-10	ARO:3002355	NDM-4	25	97.652000	92.576000	111.000000
I_9-10	ARO:3002356	NDM-6	26	97.511538	93.396154	111.000000
I_9-10	ARO:3002357	NDM-7	23	97.273913	91.926087	111.000000
I_9-10	ARO:3002358	NDM-8	21	97.204762	91.185714	111.000000
I_9-10	ARO:3002359	NDM-9	22	97.331818	91.677273	111.000000
I_9-10	ARO:3002360	NDM-10	10	94.330000	75.260000	109.000000
I_9-10	ARO:3002361	NDM-11	21	97.204762	94.042857	111.000000
I_9-10	ARO:3002362	NDM-12	22	97.331818	91.445455	111.000000
I_9-10	ARO:3002363	PER-1	314	77.953503	74.612739	107.000000
I_9-10	ARO:3002364	PER-2	290	71.266897	70.997586	105.000000
I_9-10	ARO:3002365	PER-3	350	75.072000	72.614286	107.000000
I_9-10	ARO:3002366	PER-4	304	78.480921	75.100329	107.000000
I_9-10	ARO:3002367	PER-5	313	77.845687	74.453994	107.000000
I_9-10	ARO:3002368	PER-6	827	54.538089	54.873519	104.000000
I_9-10	ARO:3002369	PER-7	311	77.627331	74.536013	107.000000
I_9-10	ARO:3002370	VEB-1	3903	92.257674	89.185857	113.000000
I_9-10	ARO:3002371	VEB-2	3526	91.830261	89.743137	113.000000
I_9-10	ARO:3002372	VEB-3	3633	92.148665	88.707487	113.000000
I_9-10	ARO:3002373	VEB-4	2950	94.953153	91.964508	113.000000
I_9-10	ARO:3002374	VEB-6	3039	95.320105	90.643172	113.000000
I_9-10	ARO:3002375	VEB-5	3177	95.243374	94.402140	113.000000
I_9-10	ARO:3002376	VEB-7	2879	89.207433	88.861410	113.000000
I_9-10	ARO:3002377	VEB-8	2040	94.741373	92.035294	111.000000
I_9-10	ARO:3002378	VEB-9	3918	92.221337	89.058218	113.000000
I_9-10	ARO:3002379	SME-1	72	47.858333	46.441667	62.000000
I_9-10	ARO:3002380	SME-2	73	49.205479	47.216438	62.000000
I_9-10	ARO:3002381	SME-3	72	47.406944	46.361111	62.000000
I_9-10	ARO:3002382	SME-4	71	47.461972	46.408451	62.000000
I_9-10	ARO:3002383	SME-5	79	48.478481	47.026582	62.000000
I_9-10	ARO:3002385	BEL-1	246	58.044715	59.548374	105.000000
I_9-10	ARO:3002386	BEL-2	240	58.038333	59.607500	105.000000
I_9-10	ARO:3002387	BEL-3	237	58.043882	59.594093	105.000000
I_9-10	ARO:3002389	OXY-1-1	42	82.900000	84.969048	109.000000
I_9-10	ARO:3002390	OXY-1-2	58	78.755172	81.562069	109.000000
I_9-10	ARO:3002391	OXY-1-3	36	82.911111	84.763889	108.000000
I_9-10	ARO:3002392	OXY-1-4	59	75.489831	74.779661	110.000000
I_9-10	ARO:3002394	OXY-1-6	28	82.553571	82.825000	102.000000
I_9-10	ARO:3002396	OXY-2-1	28	54.935714	57.075000	100.000000
I_9-10	ARO:3002397	OXY-2-2	49	53.673469	54.946939	100.000000
I_9-10	ARO:3002398	OXY-2-3	64	58.696875	61.253125	105.000000
I_9-10	ARO:3002399	OXY-2-4	60	54.148333	55.485000	100.000000
I_9-10	ARO:3002400	OXY-2-5	35	53.677143	56.848571	100.000000
I_9-10	ARO:3002401	OXY-2-6	27	57.107407	58.203704	100.000000
I_9-10	ARO:3002402	OXY-2-7	40	54.642500	56.510000	100.000000
I_9-10	ARO:3002403	OXY-2-8	42	53.957143	54.821429	100.000000
I_9-10	ARO:3002404	OXY-2-9	69	54.928986	56.234783	100.000000
I_9-10	ARO:3002405	OXY-2-10	41	54.946341	56.465854	100.000000
I_9-10	ARO:3002406	OXY-2-11	21	62.500000	61.528571	100.000000
I_9-10	ARO:3002407	OXY-2-12	21	61.190476	61.466667	100.000000
I_9-10	ARO:3002408	OXY-2-13	16	58.393750	59.287500	99.800000
I_9-10	ARO:3002409	OXY-3-1	57	62.866667	62.863158	110.000000
I_9-10	ARO:3002410	OXY-4-1	61	74.501639	75.359016	108.000000
I_9-10	ARO:3002411	OXY-5-1	72	73.322222	73.804167	109.000000
I_9-10	ARO:3002412	OXY-5-2	68	74.672059	74.694118	109.000000
I_9-10	ARO:3002413	OXY-6-1	39	83.046154	86.379487	109.000000
I_9-10	ARO:3002414	OXY-6-2	67	77.032836	78.547761	109.000000
I_9-10	ARO:3002415	OXY-6-3	38	83.710526	87.828947	109.000000
I_9-10	ARO:3002416	OXY-6-4	30	84.433333	88.140000	109.000000
I_9-10	ARO:3002418	OKP-A-1	64	66.796875	65.864063	103.000000
I_9-10	ARO:3002419	OKP-A-2	110	65.276364	64.704545	103.000000
I_9-10	ARO:3002420	OKP-A-3	95	64.471579	64.710526	103.000000
I_9-10	ARO:3002421	OKP-A-4	87	66.504598	66.181609	103.000000
I_9-10	ARO:3002422	OKP-A-5	57	70.231579	68.701754	103.000000
I_9-10	ARO:3002423	OKP-A-6	66	64.237879	62.157576	103.000000
I_9-10	ARO:3002424	OKP-A-7	91	64.768132	65.870330	103.000000
I_9-10	ARO:3002425	OKP-A-8	95	66.333684	65.088421	103.000000
I_9-10	ARO:3002426	OKP-A-9	100	63.321000	63.542000	103.000000
I_9-10	ARO:3002427	OKP-A-10	76	63.723684	63.188158	103.000000
I_9-10	ARO:3002428	OKP-A-11	96	65.881250	64.817708	103.000000
I_9-10	ARO:3002429	OKP-A-12	126	65.075397	64.592063	103.000000
I_9-10	ARO:3002430	OKP-A-13	101	65.624752	65.307921	103.000000
I_9-10	ARO:3002431	OKP-A-14	119	65.626891	65.642017	103.000000
I_9-10	ARO:3002432	OKP-A-15	130	63.460769	63.603846	103.000000
I_9-10	ARO:3002433	OKP-A-16	74	65.424324	64.704054	103.000000
I_9-10	ARO:3002434	OKP-B-1	68	78.063235	77.147059	103.000000
I_9-10	ARO:3002435	OKP-B-2	90	78.091111	76.636667	103.000000
I_9-10	ARO:3002436	OKP-B-3	71	78.404225	76.247887	103.000000
I_9-10	ARO:3002437	OKP-B-4	53	85.075472	83.624528	103.000000
I_9-10	ARO:3002438	OKP-B-5	67	81.070149	79.034328	103.000000
I_9-10	ARO:3002439	OKP-B-6	83	79.444578	78.361446	103.000000
I_9-10	ARO:3002440	OKP-B-7	39	89.894872	86.230769	103.000000
I_9-10	ARO:3002441	OKP-B-8	82	77.280488	74.797561	103.000000
I_9-10	ARO:3002442	OKP-B-9	71	77.832394	76.873239	103.000000
I_9-10	ARO:3002443	OKP-B-10	73	73.472603	69.594521	103.000000
I_9-10	ARO:3002444	OKP-B-11	34	88.152941	87.373529	103.000000
I_9-10	ARO:3002445	OKP-B-12	84	68.372619	69.402381	103.000000
I_9-10	ARO:3002446	OKP-B-13	74	77.647297	76.143243	103.000000
I_9-10	ARO:3002447	OKP-B-14	86	75.155814	76.636047	103.000000
I_9-10	ARO:3002450	OKP-B-17	46	86.480435	85.847826	103.000000
I_9-10	ARO:3002451	OKP-B-18	64	78.198437	76.156250	103.000000
I_9-10	ARO:3002452	OKP-B-19	65	78.170769	76.056923	103.000000
I_9-10	ARO:3002453	OKP-B-20	60	80.496667	77.661667	103.000000
I_9-10	ARO:3002454	LEN-1	44	73.877273	72.029545	104.000000
I_9-10	ARO:3002455	LEN-2	39	82.941026	80.382051	104.000000
I_9-10	ARO:3002456	LEN-5	42	78.559524	76.895238	104.000000
I_9-10	ARO:3002457	LEN-7	41	80.185366	78.639024	104.000000
I_9-10	ARO:3002458	LEN-8	27	73.600000	71.011111	104.000000
I_9-10	ARO:3002459	LEN-9	48	77.152083	74.508333	104.000000
I_9-10	ARO:3002460	LEN-10	54	76.359259	75.140741	104.000000
I_9-10	ARO:3002461	LEN-11	27	82.522222	80.344444	102.000000
I_9-10	ARO:3002462	LEN-12	36	80.130556	75.469444	102.000000
I_9-10	ARO:3002463	LEN-13	37	81.597297	78.264865	104.000000
I_9-10	ARO:3002464	LEN-16	57	75.673684	73.792982	104.000000
I_9-10	ARO:3002465	LEN-18	42	77.728571	75.247619	104.000000
I_9-10	ARO:3002466	LEN-19	45	77.040000	74.186667	104.000000
I_9-10	ARO:3002467	LEN-20	50	74.696000	73.708000	104.000000
I_9-10	ARO:3002468	LEN-21	41	76.575610	73.973171	102.000000
I_9-10	ARO:3002469	LEN-22	38	77.113158	74.642105	102.000000
I_9-10	ARO:3002470	LEN-23	57	76.103509	74.089474	104.000000
I_9-10	ARO:3002471	LEN-24	32	82.665625	80.540625	104.000000
I_9-10	ARO:3002472	LEN-4	57	73.128070	73.612281	104.000000
I_9-10	ARO:3002473	LEN-17	37	77.956757	77.564865	104.000000
I_9-10	ARO:3002474	LEN-26	24	74.100000	73.225000	101.000000
I_9-10	ARO:3002475	LEN-3	47	74.319149	74.263830	104.000000
I_9-10	ARO:3002476	LEN-6	80	65.171250	66.276250	100.000000
I_9-10	ARO:3002477	LEN-14	65	64.996923	65.856923	100.000000
I_9-10	ARO:3002478	LEN-15	46	73.269565	71.708696	101.000000
I_9-10	ARO:3002479	LEN-25	6	84.983333	80.316667	104.000000
I_9-10	ARO:3002480	OXA-144	42	85.285714	88.461905	108.000000
I_9-10	ARO:3002481	AER-1	1344	69.464807	69.897693	107.000000
I_9-10	ARO:3002482	LRA-1	161	55.709938	52.281366	80.500000
I_9-10	ARO:3002483	LRA-5	18	42.316667	39.877778	45.400000
I_9-10	ARO:3002484	LRA-13	390	53.233077	57.527179	75.100000
I_9-10	ARO:3002485	LRA-2	192	50.008333	43.713542	73.600000
I_9-10	ARO:3002486	LRA-7	35	47.325714	48.160000	90.100000
I_9-10	ARO:3002487	LRA-8	114	50.920175	44.208772	68.200000
I_9-10	ARO:3002488	LRA-9	34	47.170588	48.655882	90.100000
I_9-10	ARO:3002489	LRA-10	618	60.361650	62.221683	86.700000
I_9-10	ARO:3002492	LRA-18	556	57.451259	60.579856	85.100000
I_9-10	ARO:3002493	SRT-1	602	52.765615	51.844186	84.000000
I_9-10	ARO:3002494	SRT-2	621	53.268277	52.698873	84.000000
I_9-10	ARO:3002495	CTX-M-85	3	87.400000	86.800000	103.000000
I_9-10	ARO:3002496	OXA-418	266	72.540602	71.044361	104.000000
I_9-10	ARO:3002497	PDC-1	1	48.500000	37.700000	37.700000
I_9-10	ARO:3002498	PDC-2	1	44.900000	47.400000	47.400000
I_9-10	ARO:3002501	PDC-4	2	43.650000	41.950000	45.800000
I_9-10	ARO:3002502	PDC-5	3	47.766667	41.833333	46.600000
I_9-10	ARO:3002505	PDC-6	3	47.266667	38.866667	40.000000
I_9-10	ARO:3002506	PDC-7	12	70.466667	69.500000	83.600000
I_9-10	ARO:3002507	PDC-8	35	46.674286	49.162857	61.200000
I_9-10	ARO:3002508	PDC-9	6	69.066667	72.216667	77.000000
I_9-10	ARO:3002510	LRA-3	39	50.243590	48.623077	85.100000
I_9-10	ARO:3002511	LRA-12	51	48.709804	42.747059	56.200000
I_9-10	ARO:3002512	LRA-17	88	46.727273	43.575000	68.600000
I_9-10	ARO:3002513	LRA-19	54	48.988889	44.585185	63.500000
I_9-10	ARO:3002514	OCH-1	373	56.112869	58.318499	79.300000
I_9-10	ARO:3002515	OCH-2	415	56.192530	58.570361	79.700000
I_9-10	ARO:3002516	OCH-3	471	56.899788	59.530149	79.700000
I_9-10	ARO:3002517	OCH-4	298	56.668456	59.501678	79.300000
I_9-10	ARO:3002518	OCH-5	295	56.315254	58.764746	79.000000
I_9-10	ARO:3002519	OCH-6	351	56.284615	58.560969	79.300000
I_9-10	ARO:3002520	OCH-7	394	56.201015	58.248477	79.300000
I_9-10	ARO:3002521	OCH-8	332	56.484337	59.501807	79.300000
I_9-10	ARO:3002522	novA	56339	50.952062	50.233756	91.300000
I_9-10	ARO:3002523	AAC(2')-Ia	2	44.400000	39.850000	40.800000
I_9-10	ARO:3002524	AAC(2')-Ib	23	72.204348	70.665217	94.400000
I_9-10	ARO:3002525	AAC(2')-Ic	23	68.739130	69.043478	90.100000
I_9-10	ARO:3002526	AAC(2')-Id	20	65.325000	62.280000	77.400000
I_9-10	ARO:3002527	AAC(2')-Ie	23	63.934783	64.191304	81.600000
I_9-10	ARO:3002528	AAC(3)-Ia	31	70.512903	64.309677	94.700000
I_9-10	ARO:3002529	AAC(3)-Id	29	68.651724	65.858621	94.000000
I_9-10	ARO:3002530	AAC(3)-Ib	1089	93.030670	44.441506	95.900000
I_9-10	ARO:3002531	AAC(3)-Ic	43	63.202326	60.009302	85.100000
I_9-10	ARO:3002533	AAC(3)-IIa	293	85.858703	84.023891	108.000000
I_9-10	ARO:3002534	AAC(3)-IIb	235	75.608085	76.104255	91.700000
I_9-10	ARO:3002535	AAC(3)-IIc	278	87.068345	85.385971	107.000000
I_9-10	ARO:3002536	AAC(3)-IIIa	40	43.372500	44.137500	69.300000
I_9-10	ARO:3002537	AAC(3)-IIIb	60	52.076667	51.583333	84.000000
I_9-10	ARO:3002538	AAC(3)-IIIc	48	53.810417	54.012500	85.100000
I_9-10	ARO:3002539	AAC(3)-IVa	53	59.283019	50.511321	111.000000
I_9-10	ARO:3002540	AAC(3)-VIa	88	52.144318	53.697727	108.000000
I_9-10	ARO:3002541	AAC(3)-VIIa	78	51.712821	49.273077	73.600000
I_9-10	ARO:3002542	AAC(3)-VIIIa	102	51.016667	48.390196	68.900000
I_9-10	ARO:3002543	AAC(3)-IXa	66	50.096970	50.233333	73.900000
I_9-10	ARO:3002544	AAC(3)-Xa	92	53.172826	49.963043	69.300000
I_9-10	ARO:3002545	AAC(6')-Ia	73	58.352055	57.242466	85.900000
I_9-10	ARO:3002546	AAC(6')-Ib	1790	95.391788	91.114693	110.000000
I_9-10	ARO:3002547	AAC(6')-Ib-cr1	1781	94.142167	89.174453	110.000000
I_9-10	ARO:3002549	AAC(6')-Ic	269	50.658736	48.911896	98.600000
I_9-10	ARO:3002553	AAC(6')-If	283	52.464311	51.691519	74.700000
I_9-10	ARO:3002554	AAC(6')-Ig	220	49.340000	50.661818	83.600000
I_9-10	ARO:3002555	AAC(6')-Ih	296	48.567230	50.471284	94.400000
I_9-10	ARO:3002556	AAC(6')-Ii	118	76.670339	75.175424	111.000000
I_9-10	ARO:3002557	AAC(6')-Ij	323	49.253560	50.819814	93.200000
I_9-10	ARO:3002558	AAC(6')-Ik	327	48.446483	50.178593	89.700000
I_9-10	ARO:3002559	AAC(6')-Ip	50	59.746000	60.930000	93.200000
I_9-10	ARO:3002560	AAC(6')-Iq	55	59.790909	60.414545	92.800000
I_9-10	ARO:3002561	AAC(6')-Ir	323	48.932817	49.511146	92.800000
I_9-10	ARO:3002562	AAC(6')-Is	348	48.499425	50.365230	92.800000
I_9-10	ARO:3002563	AAC(6')-Isa	9	54.933333	51.700000	73.200000
I_9-10	ARO:3002564	AAC(6')-It	330	48.259697	50.010606	94.000000
I_9-10	ARO:3002565	AAC(6')-Iu	350	48.941143	50.454286	94.400000
I_9-10	ARO:3002566	AAC(6')-Iv	325	47.375692	49.422462	92.800000
I_9-10	ARO:3002567	AAC(6')-Iw	332	49.131928	51.226205	94.700000
I_9-10	ARO:3002568	AAC(6')-Ix	359	48.322563	50.589136	95.500000
I_9-10	ARO:3002569	AAC(6')-Iy	277	57.231769	53.584477	75.900000
I_9-10	ARO:3002570	AAC(6')-Iz	236	46.953390	47.327966	61.600000
I_9-10	ARO:3002571	AAC(6')-Iaa	277	57.231769	53.584477	75.900000
I_9-10	ARO:3002572	AAC(6')-Iad	364	56.269505	55.457967	87.000000
I_9-10	ARO:3002573	AAC(6')-Iae	54	61.429630	61.672222	90.100000
I_9-10	ARO:3002574	AAC(6')-Iaf	52	61.046154	61.301923	94.000000
I_9-10	ARO:3002575	AAC(6')-Iai	51	59.896078	60.229412	87.000000
I_9-10	ARO:3002576	AAC(6')-Ib3	1790	95.418268	90.951173	110.000000
I_9-10	ARO:3002577	AAC(6')-Ib4	1790	95.690726	91.262011	110.000000
I_9-10	ARO:3002578	AAC(6')-Ib7	4434	96.419779	85.358796	110.000000
I_9-10	ARO:3002579	AAC(6')-Ib8	1969	94.863433	89.078568	110.000000
I_9-10	ARO:3002580	AAC(6')-Ib9	1860	95.862903	91.827688	110.000000
I_9-10	ARO:3002581	AAC(6')-Ib10	1860	95.600699	91.528548	110.000000
I_9-10	ARO:3002582	AAC(6')-Ib11	1787	94.204589	90.523055	110.000000
I_9-10	ARO:3002583	AAC(6')-29a	27	65.070370	60.625926	103.000000
I_9-10	ARO:3002584	AAC(6')-29b	27	65.148148	61.137037	103.000000
I_9-10	ARO:3002585	AAC(6')-31	1129	84.714703	87.324004	108.000000
I_9-10	ARO:3002586	AAC(6')-32	594	81.596296	72.048316	103.000000
I_9-10	ARO:3002587	AAC(6')-I33	55	63.150909	63.245455	105.000000
I_9-10	ARO:3002588	AAC(6')-I30	60	61.071667	61.618333	105.000000
I_9-10	ARO:3002589	AAC(6')-Iid	113	73.736283	74.379646	114.000000
I_9-10	ARO:3002590	AAC(6')-Iih	117	69.717949	69.949573	111.000000
I_9-10	ARO:3002591	AAC_6_IB_Su	1685	96.106231	90.067715	110.000000
I_9-10	ARO:3002592	AAC6_IB_HZ	1671	96.078875	90.830999	110.000000
I_9-10	ARO:3002593	AAC(6')-Ib-SK	6	54.083333	51.583333	71.200000
I_9-10	ARO:3002594	AAC(6')-IIa	427	84.895316	78.238642	118.000000
I_9-10	ARO:3002595	AAC(6')-IIb	56	59.807143	57.635714	91.300000
I_9-10	ARO:3002596	AAC(6')-IIc	443	87.074944	88.965237	112.000000
I_9-10	ARO:3002597	AAC6_Ie_APH2_Ia	712	97.563624	98.987781	115.000000
I_9-10	ARO:3002598	ANT3II_ANT6II	6039	81.530783	80.972909	111.000000
I_9-10	ARO:3002599	AAC6_30_AAC6_Ib	1885	94.623236	90.648064	110.000000
I_9-10	ARO:3002600	AAC_3Ib_AAC_6Ib	1768	94.281900	90.635068	110.000000
I_9-10	ARO:3002601	aadA	4603	85.044036	82.624766	112.000000
I_9-10	ARO:3002602	aadA2	4431	83.296570	81.926518	110.000000
I_9-10	ARO:3002603	aadA3	4513	83.336273	81.928540	110.000000
I_9-10	ARO:3002604	aadA4	3383	69.695477	72.036477	107.000000
I_9-10	ARO:3002605	aadA5	3421	70.431891	72.979977	115.000000
I_9-10	ARO:3002606	aadA6	4342	75.956587	76.293344	112.000000
I_9-10	ARO:3002607	aadA7	4087	72.097382	73.865354	108.000000
I_9-10	ARO:3002608	aadA8	4560	83.918224	82.180746	110.000000
I_9-10	ARO:3002609	aadA9	4857	70.460284	63.358452	112.000000
I_9-10	ARO:3002611	aadA11	4361	75.252557	76.003692	111.000000
I_9-10	ARO:3002612	aadA12	4475	83.796112	82.211508	110.000000
I_9-10	ARO:3002613	aadA13	4408	79.799138	79.780195	111.000000
I_9-10	ARO:3002614	aadA14	2888	61.530402	64.581060	86.300000
I_9-10	ARO:3002615	aadA15	4490	84.308040	82.545724	110.000000
I_9-10	ARO:3002616	aadA16	3893	76.086052	76.338993	110.000000
I_9-10	ARO:3002617	aadA17	4502	83.795424	82.305020	110.000000
I_9-10	ARO:3002618	aadA21	4509	84.635751	82.360767	110.000000
I_9-10	ARO:3002619	aadA22	4579	84.305394	82.346320	112.000000
I_9-10	ARO:3002620	aadA23	4542	84.868868	82.352620	112.000000
I_9-10	ARO:3002621	aadA24	4555	84.917168	82.368474	112.000000
I_9-10	ARO:3002622	aadA6/aadA10	4323	75.664145	76.247467	112.000000
I_9-10	ARO:3002623	ANT(4')-Ia	22	97.986364	99.445455	108.000000
I_9-10	ARO:3002624	ANT(4')-IIa	1	63.200000	57.800000	57.800000
I_9-10	ARO:3002625	ANT(4')-IIb	2	65.550000	63.550000	70.900000
I_9-10	ARO:3002626	ANT(6)-Ia	666	75.135586	78.118769	116.000000
I_9-10	ARO:3002627	aadK	554	57.374910	62.834296	91.300000
I_9-10	ARO:3002628	aad(6)	609	76.195402	79.304105	116.000000
I_9-10	ARO:3002629	ANT(6)-Ib	575	65.525739	70.839478	115.000000
I_9-10	ARO:3002630	ANT(9)-Ia	377	57.419363	58.910875	102.000000
I_9-10	ARO:3002631	spd	77	48.149351	45.783117	53.900000
I_9-10	ARO:3002634	APH(2'')-Ie	23	92.930435	93.795652	109.000000
I_9-10	ARO:3002635	APH(2'')-IIa	60	48.890000	47.941667	85.500000
I_9-10	ARO:3002636	APH(2'')-IIIa	9	50.622222	46.044444	56.600000
I_9-10	ARO:3002637	APH(2'')-IVa	22	88.822727	89.622727	107.000000
I_9-10	ARO:3002638	APH(3'')-Ia	180	60.858889	61.596667	84.000000
I_9-10	ARO:3002639	APH(3'')-Ib	1544	97.004987	92.648769	112.000000
I_9-10	ARO:3002640	APH(3'')-Ic	269	58.144981	55.420446	78.200000
I_9-10	ARO:3002641	APH(3')-Ia	344	73.732849	74.712500	113.000000
I_9-10	ARO:3002642	APH(3')-Ib	348	88.333621	86.262644	110.000000
I_9-10	ARO:3002644	APH(3')-IIa	162	52.730247	49.200617	94.700000
I_9-10	ARO:3002645	APH(3')-IIb	59	51.823729	49.152542	80.500000
I_9-10	ARO:3002646	APH(3')-IIc	104	53.475000	51.769231	96.700000
I_9-10	ARO:3002647	APH(3')-IIIa	275	89.450545	87.470545	112.000000
I_9-10	ARO:3002648	APH(3')-IVa	136	50.342647	49.799265	74.700000
I_9-10	ARO:3002649	APH(3')-Va	253	50.741107	50.186957	67.000000
I_9-10	ARO:3002650	APH(3')-Vb	109	55.813761	51.905505	59.300000
I_9-10	ARO:3002651	APH(3')-Vc	207	51.376329	52.359420	67.800000
I_9-10	ARO:3002652	APH(3')-VIa	75	71.785333	68.224000	108.000000
I_9-10	ARO:3002653	APH(3')-VIb	75	69.732000	66.218667	100.000000
I_9-10	ARO:3002654	APH(3')-VIIa	79	58.674684	51.853165	75.100000
I_9-10	ARO:3002655	APH(4)-Ia	13	69.030769	72.792308	106.000000
I_9-10	ARO:3002656	APH(4)-Ib	1	53.100000	46.200000	46.200000
I_9-10	ARO:3002657	APH(6)-Ia	25	57.912000	55.008000	70.100000
I_9-10	ARO:3002658	APH(6)-Ib	26	54.780769	54.123077	70.900000
I_9-10	ARO:3002659	APH(6)-Ic	232	59.335776	57.760776	98.200000
I_9-10	ARO:3002660	APH(6)-Id	1088	97.986949	93.303676	113.000000
I_9-10	ARO:3002662	APH(9)-Ia	8	56.900000	58.387500	87.800000
I_9-10	ARO:3002663	APH(9)-Ib	7	49.842857	38.814286	40.800000
I_9-10	ARO:3002665	npmA	1	44.200000	47.000000	47.000000
I_9-10	ARO:3002666	rmtF	14	71.400000	64.250000	99.400000
I_9-10	ARO:3002667	rmtD	9	52.388889	49.900000	78.600000
I_9-10	ARO:3002668	rmtG	10	42.330000	44.670000	51.600000
I_9-10	ARO:3002669	APH(2'')-Ig	3	53.366667	57.366667	72.000000
I_9-10	ARO:3002671	Lreu_cat-TC	866	50.794919	54.360739	109.000000
I_9-10	ARO:3002672	Bpum_cat86	823	48.866829	54.689064	78.600000
I_9-10	ARO:3002674	Cbut_catB	1588	60.764043	66.846033	101.000000
I_9-10	ARO:3002675	catB2	4396	64.534099	64.692084	111.000000
I_9-10	ARO:3002676	catB3	4924	65.932291	64.976320	115.000000
I_9-10	ARO:3002678	Paer_catB6	5802	59.820269	61.262254	111.000000
I_9-10	ARO:3002679	Paer_catB7	2948	63.524966	66.137687	109.000000
I_9-10	ARO:3002680	catB8	5794	62.900673	62.307957	112.000000
I_9-10	ARO:3002681	catB9	3265	61.965452	63.040092	102.000000
I_9-10	ARO:3002683	catA1	999	56.639139	61.084885	111.000000
I_9-10	ARO:3002684	catII	939	51.440149	55.056230	107.000000
I_9-10	ARO:3002685	catIII	844	55.148104	55.656161	84.300000
I_9-10	ARO:3002686	catP	1240	59.049919	62.200242	103.000000
I_9-10	ARO:3002687	catQ	1751	72.946431	74.721188	118.000000
I_9-10	ARO:3002688	catS	665	58.164812	57.500451	103.000000
I_9-10	ARO:3002689	pp_cat	999	56.800000	61.112613	111.000000
I_9-10	ARO:3002690	Sliv_cmlR	1932	49.259161	47.066408	79.700000
I_9-10	ARO:3002691	Sent_cmlA	6035	70.548020	66.110754	110.000000
I_9-10	ARO:3002693	cmlA1	6821	69.094341	65.736182	110.000000
I_9-10	ARO:3002694	cmlA4	6559	69.557646	65.926132	108.000000
I_9-10	ARO:3002695	cmlA5	6834	69.263579	65.938455	110.000000
I_9-10	ARO:3002696	cmlA6	6834	69.044001	65.760067	110.000000
I_9-10	ARO:3002698	cmlB	6421	64.760333	62.887120	104.000000
I_9-10	ARO:3002699	cmlB1	5188	65.454549	63.594468	101.000000
I_9-10	ARO:3002700	cmlv	3918	49.705972	47.179581	64.700000
I_9-10	ARO:3002701	Rfas_cmr	2893	47.247874	46.460249	70.100000
I_9-10	ARO:3002702	cmrA	2476	48.415590	47.825565	69.700000
I_9-10	ARO:3002703	cmx	2628	51.262443	47.856126	100.000000
I_9-10	ARO:3002704	fexA	434	49.521889	46.737558	103.000000
I_9-10	ARO:3002705	floR	6481	53.239654	51.716834	106.000000
I_9-10	ARO:3002707	QnrA1	636	64.301887	58.509906	95.900000
I_9-10	ARO:3002708	QnrA2	528	66.365720	52.116288	82.800000
I_9-10	ARO:3002709	QnrA3	639	65.051800	51.190610	83.200000
I_9-10	ARO:3002710	QnrA4	639	65.051800	51.190610	83.200000
I_9-10	ARO:3002711	QnrA5	639	65.051800	51.190610	83.200000
I_9-10	ARO:3002712	QnrA6	356	63.578090	50.828933	83.200000
I_9-10	ARO:3002713	QnrA7	484	64.663223	50.472314	83.200000
I_9-10	ARO:3002714	QnrB1	108	84.328704	70.519444	111.000000
I_9-10	ARO:3002715	QnrB2	219	74.149772	60.500913	111.000000
I_9-10	ARO:3002716	QnrB3	43	82.325581	67.830233	105.000000
I_9-10	ARO:3002718	QnrB4	443	84.829797	70.895260	111.000000
I_9-10	ARO:3002719	QnrB5	299	89.112709	79.783946	108.000000
I_9-10	ARO:3002720	QnrB6	71	79.736620	71.667606	108.000000
I_9-10	ARO:3002721	QnrB7	234	71.134188	75.074786	111.000000
I_9-10	ARO:3002722	QnrB8	276	81.195290	78.476449	108.000000
I_9-10	ARO:3002723	QnrB9	124	70.636290	74.408871	111.000000
I_9-10	ARO:3002724	QnrB10	361	90.116620	82.363158	109.000000
I_9-10	ARO:3002725	QnrB11	264	96.275379	77.718182	111.000000
I_9-10	ARO:3002726	QnrB12	201	96.750746	80.212438	111.000000
I_9-10	ARO:3002727	QnrB13	162	81.713580	56.614198	108.000000
I_9-10	ARO:3002728	QnrB14	137	86.864964	82.632117	108.000000
I_9-10	ARO:3002730	QnrB15	295	75.482373	78.898644	108.000000
I_9-10	ARO:3002731	QnrB16	29	92.651724	80.693103	108.000000
I_9-10	ARO:3002732	QnrB17	48	84.358333	70.170833	105.000000
I_9-10	ARO:3002733	QnrB18	198	78.336869	76.567677	108.000000
I_9-10	ARO:3002734	QnrB19	721	81.509431	71.885853	111.000000
I_9-10	ARO:3002735	QnrB20	123	88.891870	52.479675	108.000000
I_9-10	ARO:3002736	QnrB21	362	82.363812	77.553315	108.000000
I_9-10	ARO:3002737	QnrB22	514	84.628988	73.372374	111.000000
I_9-10	ARO:3002738	QnrB23	170	80.890588	80.401765	108.000000
I_9-10	ARO:3002739	QnrB24	45	83.542222	67.960000	104.000000
I_9-10	ARO:3002740	QnrB25	280	78.456786	75.511071	107.000000
I_9-10	ARO:3002741	QnrB26	144	80.788889	80.093056	108.000000
I_9-10	ARO:3002742	QnrB27	412	67.255583	61.453398	111.000000
I_9-10	ARO:3002743	QnrB28	573	72.961257	67.929668	111.000000
I_9-10	ARO:3002744	QnrB29	36	87.377778	71.158333	104.000000
I_9-10	ARO:3002745	QnrB30	33	87.742424	69.857576	104.000000
I_9-10	ARO:3002746	QnrB31	240	82.860417	68.104583	107.000000
I_9-10	ARO:3002747	QnrB32	203	65.779803	68.947783	108.000000
I_9-10	ARO:3002748	QnrB33	548	71.443248	66.520255	111.000000
I_9-10	ARO:3002749	QnrB34	158	96.894937	73.300000	111.000000
I_9-10	ARO:3002750	QnrB35	132	73.640909	80.775000	108.000000
I_9-10	ARO:3002751	QnrB36	875	74.713257	68.177257	111.000000
I_9-10	ARO:3002752	QnrB37	414	90.067874	78.186715	111.000000
I_9-10	ARO:3002753	QnrB38	292	79.875685	75.390411	108.000000
I_9-10	ARO:3002754	QnrB39	163	94.199387	75.218405	111.000000
I_9-10	ARO:3002755	QnrB40	247	90.982591	84.161538	111.000000
I_9-10	ARO:3002756	QnrB41	36	86.016667	71.600000	105.000000
I_9-10	ARO:3002757	QnrB42	233	70.278970	75.950644	111.000000
I_9-10	ARO:3002758	QnrB43	127	70.804724	69.351969	111.000000
I_9-10	ARO:3002759	QnrB44	130	72.010769	70.635385	111.000000
I_9-10	ARO:3002760	QnrB45	168	72.386905	65.435119	111.000000
I_9-10	ARO:3002761	QnrB46	216	75.075000	59.446759	108.000000
I_9-10	ARO:3002762	QnrB47	902	74.596009	68.326940	111.000000
I_9-10	ARO:3002763	QnrB48	193	71.571503	76.269430	111.000000
I_9-10	ARO:3002764	QnrB49	233	90.866953	63.418884	109.000000
I_9-10	ARO:3002765	QnrB50	349	88.799427	81.067622	111.000000
I_9-10	ARO:3002767	QnrB54	735	68.709116	65.924218	111.000000
I_9-10	ARO:3002768	QnrB55	316	87.406329	66.031962	111.000000
I_9-10	ARO:3002769	QnrB56	399	91.406767	78.561404	109.000000
I_9-10	ARO:3002770	QnrB57	44	88.761364	74.190909	108.000000
I_9-10	ARO:3002771	QnrB58	216	78.086111	76.697685	108.000000
I_9-10	ARO:3002772	QnrB59	199	89.969347	85.436683	109.000000
I_9-10	ARO:3002773	QnrB60	171	73.505263	74.570760	108.000000
I_9-10	ARO:3002774	QnrB61	771	74.936316	69.046304	111.000000
I_9-10	ARO:3002775	QnrB62	311	89.568489	84.232797	109.000000
I_9-10	ARO:3002776	QnrB64	216	75.180093	62.293519	111.000000
I_9-10	ARO:3002777	QnrB65	834	73.928537	66.304796	111.000000
I_9-10	ARO:3002778	QnrB66	269	68.729368	66.725651	111.000000
I_9-10	ARO:3002779	QnrB67	328	90.330183	82.427744	111.000000
I_9-10	ARO:3002780	QnrB68	358	89.016480	81.536034	111.000000
I_9-10	ARO:3002781	QnrB69	413	90.077724	78.141889	111.000000
I_9-10	ARO:3002782	QnrB70	523	88.402677	78.871319	111.000000
I_9-10	ARO:3002783	QnrB71	763	74.729227	68.771691	111.000000
I_9-10	ARO:3002784	QnrB72	148	75.197973	73.643919	105.000000
I_9-10	ARO:3002785	QnrB73	528	72.521591	68.990720	111.000000
I_9-10	ARO:3002786	QnrB74	22	96.995455	58.818182	103.000000
I_9-10	ARO:3002787	QnrC	462	78.382035	57.181169	73.600000
I_9-10	ARO:3002788	QnrD1	600	70.341167	68.513667	114.000000
I_9-10	ARO:3002789	QnrD2	602	70.117774	68.323256	114.000000
I_9-10	ARO:3002790	QnrS1	1606	82.287235	65.785679	105.000000
I_9-10	ARO:3002791	QnrS2	1686	82.477699	76.121530	110.000000
I_9-10	ARO:3002792	QnrS3	1427	81.392292	64.500140	105.000000
I_9-10	ARO:3002793	QnrS4	1611	81.772005	65.364246	105.000000
I_9-10	ARO:3002794	QnrS5	1802	81.581632	77.454495	110.000000
I_9-10	ARO:3002795	QnrS6	1688	81.824052	75.767121	110.000000
I_9-10	ARO:3002796	QnrS7	1390	84.069353	61.686691	105.000000
I_9-10	ARO:3002797	QnrS8	1677	80.544126	66.846631	107.000000
I_9-10	ARO:3002798	QnrS9	1868	81.950054	80.014240	110.000000
I_9-10	ARO:3002799	QnrVC1	1166	77.836707	63.939708	101.000000
I_9-10	ARO:3002800	QnrVC3	1167	77.607284	64.451757	102.000000
I_9-10	ARO:3002801	QnrVC4	1139	80.791308	61.473047	112.000000
I_9-10	ARO:3002802	QnrVC5	1162	80.588726	61.798795	112.000000
I_9-10	ARO:3002803	QnrVC6	1192	78.426258	66.265604	106.000000
I_9-10	ARO:3002804	FosA2	720	71.750278	71.815000	112.000000
I_9-10	ARO:3002812	pp-flo	6431	52.735298	50.783408	106.000000
I_9-10	ARO:3002813	lmrB	2324	48.932831	47.838726	77.800000
I_9-10	ARO:3002814	clbA	1387	46.135040	45.886229	93.600000
I_9-10	ARO:3002815	clbB	2891	45.618540	45.243514	87.800000
I_9-10	ARO:3002816	clbC	2988	45.393340	43.457999	86.700000
I_9-10	ARO:3002817	carA	15688	50.924197	49.123222	75.100000
I_9-10	ARO:3002819	msrC	27784	47.287770	45.586402	104.000000
I_9-10	ARO:3002823	ErmH	154	46.051948	42.258442	73.600000
I_9-10	ARO:3002824	ErmV	44	46.656818	43.434091	69.700000
I_9-10	ARO:3002825	ErmY	1793	64.996319	64.709258	99.000000
I_9-10	ARO:3002826	EreA2	920	84.250761	81.936413	108.000000
I_9-10	ARO:3002827	tlrC	4892	50.582972	47.178352	68.200000
I_9-10	ARO:3002828	srmB	15389	49.909981	48.108396	72.000000
I_9-10	ARO:3002829	vgaA	34046	47.114345	47.421732	102.000000
I_9-10	ARO:3002830	vgaALC	34046	47.114040	47.421829	102.000000
I_9-10	ARO:3002831	vgaC	29418	49.127820	48.782460	82.400000
I_9-10	ARO:3002832	vgaD	33420	44.919402	47.164835	82.800000
I_9-10	ARO:3002833	vgaE	36715	48.534634	47.978265	102.000000
I_9-10	ARO:3002835	lnuA	249	65.831727	70.859438	112.000000
I_9-10	ARO:3002836	lnuB	369	80.878862	78.734959	108.000000
I_9-10	ARO:3002837	lnuC	457	69.787309	72.147484	115.000000
I_9-10	ARO:3002838	lnuD	602	65.310797	67.558140	102.000000
I_9-10	ARO:3002839	lnuF	280	62.226429	67.676071	114.000000
I_9-10	ARO:3002840	vatA	1402	57.023252	49.827889	80.900000
I_9-10	ARO:3002841	vatB	5405	56.191915	58.017169	103.000000
I_9-10	ARO:3002842	vatC	4948	55.472878	53.654123	90.900000
I_9-10	ARO:3002843	vatD	2707	55.038825	54.993572	85.900000
I_9-10	ARO:3002844	vatE	6003	56.398951	53.584458	113.000000
I_9-10	ARO:3002845	vatH	5339	57.969807	54.557726	94.000000
I_9-10	ARO:3002846	arr-1	630	64.253333	68.452381	94.700000
I_9-10	ARO:3002847	arr-2	1114	85.454937	83.001526	116.000000
I_9-10	ARO:3002848	arr-3	1114	85.282406	82.921993	116.000000
I_9-10	ARO:3002849	arr-4	925	72.113838	76.925838	105.000000
I_9-10	ARO:3002850	arr-5	1024	69.248047	74.166504	100.000000
I_9-10	ARO:3002852	arr-7	900	71.301222	74.687000	101.000000
I_9-10	ARO:3002853	arr-8	914	70.565755	78.486761	111.000000
I_9-10	ARO:3002854	dfrA1	1629	73.348250	71.825844	109.000000
I_9-10	ARO:3002856	dfrA24	515	49.909126	49.089515	63.200000
I_9-10	ARO:3002857	dfrA26	3293	51.492196	53.227391	88.200000
I_9-10	ARO:3002858	dfrA12	3362	52.667698	53.115705	108.000000
I_9-10	ARO:3002859	dfrA14	1666	71.823770	69.539256	110.000000
I_9-10	ARO:3002860	dfrA17	1334	69.387031	69.042204	108.000000
I_9-10	ARO:3002861	dfrA5	1792	68.863672	66.699665	111.000000
I_9-10	ARO:3002862	dfrA7	1207	73.675062	72.146065	107.000000
I_9-10	ARO:3002863	dfrA8	2505	53.657844	46.096088	63.900000
I_9-10	ARO:3002864	dfrB1	153	87.026797	78.093464	107.000000
I_9-10	ARO:3002865	dfrC	4329	52.908778	54.342227	90.900000
I_9-10	ARO:3002866	dfrD	1939	44.862403	48.536875	108.000000
I_9-10	ARO:3002867	dfrF	1806	51.565891	53.468826	108.000000
I_9-10	ARO:3002868	dfrG	2544	47.164151	50.916195	111.000000
I_9-10	ARO:3002869	dfrK	2924	46.778796	50.409747	106.000000
I_9-10	ARO:3002871	tet(37)	2096	78.437452	69.528674	103.000000
I_9-10	ARO:3002872	FosA3	749	70.577971	69.313752	112.000000
I_9-10	ARO:3002873	FosB3	114	59.900877	40.349123	87.400000
I_9-10	ARO:3002874	FosC2	524	64.321565	63.205344	85.500000
I_9-10	ARO:3002875	dfrE	1326	52.400754	51.780317	110.000000
I_9-10	ARO:3002877	BcI	306	54.226144	58.042484	104.000000
I_9-10	ARO:3002878	BcII	21	47.457143	49.500000	100.000000
I_9-10	ARO:3002879	linG	280	63.137857	68.356429	114.000000
I_9-10	ARO:3002881	lmrC	15392	47.337156	44.067321	79.700000
I_9-10	ARO:3002882	lmrD	69723	48.955089	50.225019	106.000000
I_9-10	ARO:3002883	rgt1438	16	55.237500	42.462500	49.300000
I_9-10	ARO:3002884	iri	355	57.121408	54.260000	97.800000
I_9-10	ARO:3002891	otr(A)S.rim	19372	55.361604	51.247197	82.400000
I_9-10	ARO:3002892	otr(B)	1962	44.520744	45.848012	73.600000
I_9-10	ARO:3002893	tcr3	1492	49.928284	47.329021	75.500000
I_9-10	ARO:3002894	otr(C)	10049	47.019166	49.258533	83.600000
I_9-10	ARO:3002895	SAT-2	86	75.860465	71.732558	108.000000
I_9-10	ARO:3002897	SAT-4	149	82.207383	74.238926	112.000000
I_9-10	ARO:3002898	SAT-3	17	56.305882	52.970588	72.400000
I_9-10	ARO:3002907	vanE	5177	47.380819	49.064304	89.000000
I_9-10	ARO:3002908	vanF	3818	51.116265	49.023180	80.100000
I_9-10	ARO:3002909	vanG	5237	51.871186	48.634218	100.000000
I_9-10	ARO:3002910	vanL	5719	51.729691	50.515929	84.300000
I_9-10	ARO:3002911	vanM	4057	50.559773	50.216219	85.100000
I_9-10	ARO:3002912	vanN	3506	51.474586	50.520023	80.500000
I_9-10	ARO:3002913	vanO	6358	52.554152	50.810239	85.100000
I_9-10	ARO:3002914	vanJ	11	45.527273	47.572727	79.700000
I_9-10	ARO:3002919	vanR_in_vanA_cl	33497	53.579894	51.781816	99.800000
I_9-10	ARO:3002921	vanR_in_vanB_cl	16731	43.503114	43.488094	94.700000
I_9-10	ARO:3002922	vanR_in_vanC_cl	42243	52.024690	51.134017	103.000000
I_9-10	ARO:3002923	vanR_in_vanD_cl	33053	50.652615	47.890594	94.400000
I_9-10	ARO:3002924	vanR_in_vanE_cl	38858	51.215961	50.623393	90.900000
I_9-10	ARO:3002925	vanR_in_vanF_cl	51627	47.467126	47.683995	76.300000
I_9-10	ARO:3002926	vanR_in_vanG_cl	38074	52.422089	51.687246	99.000000
I_9-10	ARO:3002927	vanR_in_vanL_cl	42865	51.692514	50.632910	99.000000
I_9-10	ARO:3002928	vanR_in_vanM_cl	53359	47.410414	47.152203	79.000000
I_9-10	ARO:3002929	vanR_in_vanN_cl	39174	52.349551	50.512159	97.400000
I_9-10	ARO:3002930	vanR_in_vanO_cl	33141	51.390921	46.817999	99.000000
I_9-10	ARO:3002931	vanS_in_vanA_cl	4322	52.297756	49.758191	93.600000
I_9-10	ARO:3002932	vanS_in_vanB_cl	1024	47.486230	43.000879	73.200000
I_9-10	ARO:3002933	vanS_in_vanC_cl	2722	48.463850	46.355988	101.000000
I_9-10	ARO:3002934	vanS_in_vanD_cl	1976	47.717055	45.257591	89.700000
I_9-10	ARO:3002935	vanS_in_vanE_cl	2161	47.834660	45.126469	66.200000
I_9-10	ARO:3002936	vanS_in_vanF_cl	3599	44.244179	42.200139	59.700000
I_9-10	ARO:3002937	vanS_in_vanG_cl	3885	50.718816	48.038584	86.700000
I_9-10	ARO:3002938	vanS_in_vanL_cl	5879	48.489505	45.999371	85.100000
I_9-10	ARO:3002939	vanS_in_vanM_cl	4183	43.682787	42.318647	60.500000
I_9-10	ARO:3002940	vanS_in_vanN_cl	2113	49.972504	48.709276	84.000000
I_9-10	ARO:3002941	vanS_in_vanO_cl	76	61.568421	56.690789	96.700000
I_9-10	ARO:3002942	vanH_in_vanA_cl	2902	46.701654	45.966816	67.800000
I_9-10	ARO:3002943	vanH_in_vanB_cl	4525	46.992663	44.826785	67.800000
I_9-10	ARO:3002944	vanH_in_vanD_cl	5467	49.302195	47.168593	77.800000
I_9-10	ARO:3002945	vanH_in_vanF_cl	3987	48.238876	46.505819	70.900000
I_9-10	ARO:3002947	vanH_in_vanM_cl	3944	48.073149	47.560243	73.900000
I_9-10	ARO:3002948	vanH_in_vanO_cl	4905	47.702018	47.141162	69.700000
I_9-10	ARO:3002949	vanX_in_vanA_cl	202	53.953960	52.305446	74.700000
I_9-10	ARO:3002950	vanX_in_vanB_cl	106	54.221698	50.747170	75.500000
I_9-10	ARO:3002952	vanX_in_vanF_cl	185	52.964865	51.125946	79.000000
I_9-10	ARO:3002953	vanX_in_vanM_cl	135	50.591852	50.554074	80.900000
I_9-10	ARO:3002954	vanX_in_vanO_cl	128	58.318750	53.828125	73.600000
I_9-10	ARO:3002955	vanY_in_vanA_cl	929	54.179763	57.153929	82.800000
I_9-10	ARO:3002956	vanY_in_vanB_cl	1109	57.068530	57.830207	89.000000
I_9-10	ARO:3002958	vanY_in_vanF_cl	685	54.080730	56.937810	78.200000
I_9-10	ARO:3002959	vanY_in_vanG_cl	369	59.452304	56.521138	105.000000
I_9-10	ARO:3002961	vanY_in_vanM_cl	811	55.229346	56.879038	80.500000
I_9-10	ARO:3002962	vanZ_in_vanA_cl	265	48.144906	45.604906	83.200000
I_9-10	ARO:3002963	vanZ_in_vanF_cl	260	49.824231	45.341538	77.000000
I_9-10	ARO:3002964	vanW_in_vanB_cl	176	49.322727	51.542614	81.600000
I_9-10	ARO:3002965	vanW_in_vanG_cl	140	51.864286	54.773571	104.000000
I_9-10	ARO:3002966	vanXY_in_vanC	942	55.967304	53.922081	111.000000
I_9-10	ARO:3002967	vanXY_in_vanE	501	53.116168	50.447305	89.000000
I_9-10	ARO:3002968	vanXY_in_vanL	415	56.001446	55.175663	84.000000
I_9-10	ARO:3002969	vanXY_in_vanN	598	56.964381	55.327592	86.700000
I_9-10	ARO:3002970	vanT_in_vanC_cl	1684	47.844834	44.088599	105.000000
I_9-10	ARO:3002971	vanT_in_vanE_cl	1072	47.125187	45.239832	74.700000
I_9-10	ARO:3002972	vanT_in_vanG_cl	4723	47.918442	47.557336	104.000000
I_9-10	ARO:3002973	vanTm_in_vanL	87	49.036782	47.134483	71.200000
I_9-10	ARO:3002974	vanTr_in_vanL	2152	47.117519	42.771468	64.700000
I_9-10	ARO:3002975	vanT_in_vanN_cl	1586	45.632156	43.032913	71.200000
I_9-10	ARO:3002982	amrA	4444	50.803915	49.009203	77.000000
I_9-10	ARO:3002983	amrB	89991	58.942511	54.864959	87.400000
I_9-10	ARO:3002985	arnA	11028	64.762677	68.423214	112.000000
I_9-10	ARO:3002986	bacA	15617	66.337312	59.783512	112.000000
I_9-10	ARO:3002987	bcrA	33985	51.819367	47.591841	89.400000
I_9-10	ARO:3002988	bcrB	18	45.738889	45.094444	76.300000
I_9-10	ARO:3002993	AQU-1	1133	77.909797	82.003972	109.000000
I_9-10	ARO:3002995	ROB-1	234	54.114530	52.995726	73.200000
I_9-10	ARO:3002997	LCR-1	1717	60.260745	63.608969	113.000000
I_9-10	ARO:3002999	CblA-1	827	47.909432	51.322007	106.000000
I_9-10	ARO:3003001	CfxA	6127	88.747201	86.656732	108.000000
I_9-10	ARO:3003002	CfxA2	6138	89.046856	86.797312	108.000000
I_9-10	ARO:3003003	CfxA3	6131	89.195988	87.035492	108.000000
I_9-10	ARO:3003005	CfxA4	6136	89.052885	86.910039	108.000000
I_9-10	ARO:3003006	blt	303	56.068317	55.978878	82.400000
I_9-10	ARO:3003007	bmr	336	54.196429	53.263095	95.900000
I_9-10	ARO:3003009	ceoA	1979	50.835422	46.674937	88.200000
I_9-10	ARO:3003010	ceoB	91724	53.975667	51.102474	97.100000
I_9-10	ARO:3003011	dfrA10	43	61.979070	55.106977	108.000000
I_9-10	ARO:3003012	dfrA13	3117	51.218094	51.030638	104.000000
I_9-10	ARO:3003013	dfrA15	1698	71.995878	70.212132	108.000000
I_9-10	ARO:3003014	dfrA16	1568	69.058099	67.990689	108.000000
I_9-10	ARO:3003015	dfrA19	56	82.730357	76.371429	107.000000
I_9-10	ARO:3003016	dfrA20	2632	51.104901	54.450494	81.300000
I_9-10	ARO:3003017	dfrA21	3295	50.249530	51.033596	104.000000
I_9-10	ARO:3003018	dfrA22	3490	51.221719	52.067020	102.000000
I_9-10	ARO:3003019	dfrA23	45	88.264444	84.482222	110.000000
I_9-10	ARO:3003020	dfrA25	1926	65.750727	62.385410	108.000000
I_9-10	ARO:3003021	dfrB2	153	83.171242	75.858170	109.000000
I_9-10	ARO:3003022	dfrB3	151	84.254305	76.270199	109.000000
I_9-10	ARO:3003023	dfrB6	156	88.239744	77.744872	105.000000
I_9-10	ARO:3003030	MexV	1485	50.619259	50.807071	95.900000
I_9-10	ARO:3003031	MexW	55478	53.360684	49.304892	100.000000
I_9-10	ARO:3003033	mexY	95883	58.148919	54.502258	103.000000
I_9-10	ARO:3003034	mexX	3920	54.523240	50.592551	76.600000
I_9-10	ARO:3003035	mfpA	10	69.040000	70.910000	84.000000
I_9-10	ARO:3003036	oleB	18281	48.175062	48.583568	76.300000
I_9-10	ARO:3003037	opcM	1516	56.533443	44.724142	71.600000
I_9-10	ARO:3003039	OprA	14515	56.395260	51.166200	81.300000
I_9-10	ARO:3003046	qacA	693	46.547186	47.047908	71.200000
I_9-10	ARO:3003047	qacB	695	46.535252	47.039137	72.000000
I_9-10	ARO:3003048	rosA	13892	67.143147	64.494364	102.000000
I_9-10	ARO:3003049	rosB	14850	69.186909	62.996916	99.400000
I_9-10	ARO:3003051	smeA	13231	52.799342	50.702759	101.000000
I_9-10	ARO:3003052	smeB	105160	58.245188	55.316069	102.000000
I_9-10	ARO:3003053	smeC	12902	55.263874	50.327058	89.400000
I_9-10	ARO:3003055	smeD	14173	56.275108	53.838185	102.000000
I_9-10	ARO:3003056	smeE	130729	60.015925	57.904382	98.600000
I_9-10	ARO:3003057	smeF	15115	57.417433	52.670030	95.500000
I_9-10	ARO:3003059	tmrB	32	52.184375	53.078125	70.500000
I_9-10	ARO:3003060	tsnR	28	53.496429	46.064286	79.700000
I_9-10	ARO:3003061	vph	280	47.004286	42.734643	48.900000
I_9-10	ARO:3003063	ykkC	975	47.423077	42.966462	67.000000
I_9-10	ARO:3003064	ykkD	2062	54.231862	46.292919	75.500000
I_9-10	ARO:3003066	smeR	55927	53.284086	52.038128	108.000000
I_9-10	ARO:3003067	smeS	3658	50.523346	48.122827	99.400000
I_9-10	ARO:3003069	vanXY_in_vanG	394	58.002284	56.063706	106.000000
I_9-10	ARO:3003070	vanX_in_vanD_cl	79	49.843038	48.740506	74.700000
I_9-10	ARO:3003071	mphF	1985	52.976171	56.733149	114.000000
I_9-10	ARO:3003072	mphL	353	44.103399	53.688952	92.800000
I_9-10	ARO:3003093	cphA3	353	85.641926	70.086402	113.000000
I_9-10	ARO:3003094	imiH	373	84.625737	69.078552	110.000000
I_9-10	ARO:3003095	imiS	373	84.407239	69.139410	108.000000
I_9-10	ARO:3003096	CfxA5	6131	89.068097	86.802756	108.000000
I_9-10	ARO:3003097	CfxA6	6288	95.673092	91.432220	107.000000
I_9-10	ARO:3003099	cphA2	373	84.469437	69.077212	111.000000
I_9-10	ARO:3003100	cphA4	350	83.857429	69.291714	113.000000
I_9-10	ARO:3003101	cphA5	373	83.649598	67.458445	110.000000
I_9-10	ARO:3003102	cphA6	351	84.274929	69.777208	113.000000
I_9-10	ARO:3003103	cphA7	371	83.976550	68.790027	110.000000
I_9-10	ARO:3003104	cphA8	355	84.722817	69.217746	109.000000
I_9-10	ARO:3003105	dfrA3	7738	58.179969	58.543370	112.000000
I_9-10	ARO:3003106	Erm(42)	621	47.444605	46.058132	105.000000
I_9-10	ARO:3003107	mef(B)	2676	54.529223	53.650037	111.000000
I_9-10	ARO:3003109	msrE	50649	68.693447	66.608488	110.000000
I_9-10	ARO:3003110	catB10	4419	63.900181	64.450871	108.000000
I_9-10	ARO:3003111	lsaB	6620	47.100151	46.904094	107.000000
I_9-10	ARO:3003112	lsaC	5244	47.928814	46.895175	98.600000
I_9-10	ARO:3003115	OXA-427	2059	86.593783	88.524624	110.000000
I_9-10	ARO:3003116	OXA-420	708	96.113136	92.675706	109.000000
I_9-10	ARO:3003117	OXA-421	45	69.568889	72.984444	107.000000
I_9-10	ARO:3003120	OXA-429	9	74.444444	77.977778	80.500000
I_9-10	ARO:3003125	OXA-432	4	81.500000	88.500000	102.000000
I_9-10	ARO:3003126	OXA-433	4	81.500000	88.500000	102.000000
I_9-10	ARO:3003128	OXA-436	237	56.121097	58.116878	108.000000
I_9-10	ARO:3003129	CMY-121	1363	87.915627	89.940352	115.000000
I_9-10	ARO:3003130	CMY-122	56	73.353571	80.362500	107.000000
I_9-10	ARO:3003132	CMY-124	31	85.648387	94.496774	111.000000
I_9-10	ARO:3003133	CMY-125	13	75.346154	82.576923	108.000000
I_9-10	ARO:3003135	CMY-127	40	78.312500	82.270000	109.000000
I_9-10	ARO:3003136	CMY-128	160	62.595000	73.625625	109.000000
I_9-10	ARO:3003137	CMY-129	49	79.569388	85.038776	109.000000
I_9-10	ARO:3003138	CMY-130	1	34.000000	39.700000	39.700000
I_9-10	ARO:3003139	MIR-18	244	90.919672	96.711885	113.000000
I_9-10	ARO:3003140	MOX-10	1638	88.971062	90.531868	109.000000
I_9-10	ARO:3003141	MOX-11	1800	87.583444	88.682222	109.000000
I_9-10	ARO:3003142	IMI-8	19	51.989474	48.994737	67.400000
I_9-10	ARO:3003143	IMI-9	9	47.733333	45.733333	56.600000
I_9-10	ARO:3003146	VEB-10	2728	95.080975	93.163820	113.000000
I_9-10	ARO:3003149	OXA-426	45	73.186667	77.940000	108.000000
I_9-10	ARO:3003150	CARB-20	292	60.875685	61.233219	77.800000
I_9-10	ARO:3003151	CARB-22	325	60.353231	61.531077	79.300000
I_9-10	ARO:3003152	SHV-185	24	90.850000	83.050000	104.000000
I_9-10	ARO:3003153	SHV-186	1	100.000000	95.100000	95.100000
I_9-10	ARO:3003155	SHV-188	1	56.500000	56.600000	56.600000
I_9-10	ARO:3003158	TEM-220	7	56.414286	58.757143	70.900000
I_9-10	ARO:3003160	OXA-422	153	61.002614	64.920915	95.100000
I_9-10	ARO:3003161	OXA-423	65	52.041538	54.906154	85.100000
I_9-10	ARO:3003162	OXA-435	98	60.865306	63.227551	95.100000
I_9-10	ARO:3003163	CTX-M-155	233	94.040343	88.884549	108.000000
I_9-10	ARO:3003164	CTX-M-156	127	93.277165	93.126772	108.000000
I_9-10	ARO:3003165	CTX-M-157	217	98.717512	90.406912	108.000000
I_9-10	ARO:3003166	CTX-M-158	134	96.120149	88.515672	105.000000
I_9-10	ARO:3003167	CTX-M-159	124	72.108065	70.674194	103.000000
I_9-10	ARO:3003168	CTX-M-160	65	78.293846	74.218462	100.000000
I_9-10	ARO:3003169	CTX-M-161	7	78.914286	81.742857	100.000000
I_9-10	ARO:3003170	CMY-131	2	46.550000	50.850000	62.800000
I_9-10	ARO:3003171	ACT-36	89	73.201124	71.259551	110.000000
I_9-10	ARO:3003172	ACT-37	62	71.283871	70.964516	111.000000
I_9-10	ARO:3003173	MIR-17	328	90.218293	93.195427	112.000000
I_9-10	ARO:3003174	CARB-18	329	60.174164	61.447720	77.800000
I_9-10	ARO:3003175	CARB-19	384	59.842969	61.025781	77.800000
I_9-10	ARO:3003176	CARB-21	4	56.475000	60.850000	67.400000
I_9-10	ARO:3003177	IMI-7	15	46.133333	45.093333	55.500000
I_9-10	ARO:3003178	VIM-42	21	51.076190	60.123810	70.500000
I_9-10	ARO:3003179	VIM-43	14	50.428571	52.535714	67.000000
I_9-10	ARO:3003180	KPC-22	40	50.385000	54.257500	110.000000
I_9-10	ARO:3003181	GES-26	942	99.214119	97.216561	113.000000
I_9-10	ARO:3003182	NDM-13	22	97.331818	90.945455	111.000000
I_9-10	ARO:3003183	NDM-14	21	97.204762	91.566667	111.000000
I_9-10	ARO:3003184	PER-8	302	78.232119	75.036755	107.000000
I_9-10	ARO:3003185	GES-25	726	94.125482	96.958540	113.000000
I_9-10	ARO:3003186	CARB-23	2	61.850000	67.000000	67.400000
I_9-10	ARO:3003187	QnrB75	29	84.734483	83.286207	111.000000
I_9-10	ARO:3003188	QnrB76	43	89.274419	74.537209	108.000000
I_9-10	ARO:3003189	QnrB77	14	77.585714	66.457143	99.800000
I_9-10	ARO:3003190	QnrB78	165	74.072121	60.159394	111.000000
I_9-10	ARO:3003192	QnrB80	120	94.468333	71.220833	109.000000
I_9-10	ARO:3003193	QnrVC7	1082	81.036876	61.465896	111.000000
I_9-10	ARO:3003194	GIM-2	17	42.558824	47.388235	63.500000
I_9-10	ARO:3003196	tet(45)	231	69.345022	68.941558	95.900000
I_9-10	ARO:3003197	aadA25	4522	83.820588	81.969483	110.000000
I_9-10	ARO:3003198	rmtH	7	54.900000	52.700000	83.600000
I_9-10	ARO:3003199	AAC(6')-Iak	240	50.305417	48.452500	62.800000
I_9-10	ARO:3003200	AAC(6')-Ian	103	49.152427	50.908738	79.000000
I_9-10	ARO:3003202	TLA-1	755	50.233245	54.230596	107.000000
I_9-10	ARO:3003203	TLA-2	353	57.038810	59.673654	105.000000
I_9-10	ARO:3003204	TLA-3	638	51.494357	55.395455	108.000000
I_9-10	ARO:3003205	Erm(43)	1878	57.477689	57.501597	79.700000
I_9-10	ARO:3003206	lsaE	16451	44.258240	45.005544	113.000000
I_9-10	ARO:3003207	FosK	460	58.114130	61.676739	99.400000
I_9-10	ARO:3003208	FosXCC	117	63.772650	58.435897	105.000000
I_9-10	ARO:3003209	fosA5	730	74.148082	72.987260	114.000000
I_9-10	ARO:3003210	FosA4	574	73.276655	70.102613	109.000000
I_9-10	ARO:3003250	bcrC	230	48.204348	40.394783	67.000000
I_9-10	ARO:3003324	Bsub_mprF	677	51.017873	49.267651	78.600000
I_9-10	ARO:3003440	mecB	2468	46.143314	44.474757	73.600000
I_9-10	ARO:3003441	cfrA	1680	45.030952	44.779702	101.000000
I_9-10	ARO:3003548	mdtN	4215	76.199953	70.179383	107.000000
I_9-10	ARO:3003549	mdtO	4507	94.609474	93.280830	114.000000
I_9-10	ARO:3003550	mdtP	4013	86.204834	82.684027	112.000000
I_9-10	ARO:3003551	emeA	750	59.668000	57.330133	99.400000
I_9-10	ARO:3003552	fusB	37	50.300000	53.837838	109.000000
I_9-10	ARO:3003553	CepS	369	76.715447	73.602981	106.000000
I_9-10	ARO:3003556	SLB-1	27	47.848148	57.700000	67.800000
I_9-10	ARO:3003557	SFB-1	29	46.972414	54.213793	65.900000
I_9-10	ARO:3003558	Yent_y56	281	62.836299	65.420996	92.000000
I_9-10	ARO:3003559	cepA	1828	54.011379	52.275547	115.000000
I_9-10	ARO:3003561	SED-1	143	62.763636	63.080420	95.100000
I_9-10	ARO:3003562	blaF	104	55.690385	56.734615	87.400000
I_9-10	ARO:3003563	RCP-1	37	74.497297	73.070270	105.000000
I_9-10	ARO:3003564	EXO-1	92	50.694565	53.482609	70.900000
I_9-10	ARO:3003565	R39	202	50.291089	56.212376	77.800000
I_9-10	ARO:3003576	eptA	11376	70.845517	72.999499	119.000000
I_9-10	ARO:3003577	ugd	33091	71.222922	71.361183	114.000000
I_9-10	ARO:3003578	PmrF	9083	63.575283	61.175482	110.000000
I_9-10	ARO:3003583	basS	5551	46.131328	42.878112	64.300000
I_9-10	ARO:3003589	NmcA	16	47.637500	45.862500	57.800000
I_9-10	ARO:3003591	SHV-191	4	67.375000	69.525000	80.100000
I_9-10	ARO:3003593	OXA-437	23	76.182609	81.082609	106.000000
I_9-10	ARO:3003594	OXA-438	599	55.343239	55.301503	109.000000
I_9-10	ARO:3003595	OXA-439	1131	54.581167	56.345712	109.000000
I_9-10	ARO:3003596	OXA-440	82	56.284146	59.313415	95.100000
I_9-10	ARO:3003597	OXA-441	4	61.200000	64.175000	107.000000
I_9-10	ARO:3003598	OXA-442	14	72.678571	78.485714	105.000000
I_9-10	ARO:3003599	OXA-443	127	56.718898	58.638583	80.900000
I_9-10	ARO:3003600	OXA-444	187	45.220321	48.282353	77.000000
I_9-10	ARO:3003602	OXA-446	21	52.580952	49.476190	57.400000
I_9-10	ARO:3003603	OXA-447	26	58.169231	49.542308	58.500000
I_9-10	ARO:3003604	OXA-448	21	46.914286	42.371429	57.000000
I_9-10	ARO:3003605	OXA-449	8	46.237500	43.975000	56.200000
I_9-10	ARO:3003606	OXA-450	49	48.046939	45.453061	107.000000
I_9-10	ARO:3003607	OXA-451	48	48.256250	45.541667	107.000000
I_9-10	ARO:3003608	OXA-452	58	47.050000	44.800000	107.000000
I_9-10	ARO:3003609	OXA-453	57	47.208772	44.863158	107.000000
I_9-10	ARO:3003610	OXA-454	1795	95.116546	89.345237	111.000000
I_9-10	ARO:3003611	OXA-455	88	48.243182	48.282955	79.300000
I_9-10	ARO:3003613	OXA-457	114	52.681579	52.769298	107.000000
I_9-10	ARO:3003614	OXA-458	80	51.283750	51.205000	104.000000
I_9-10	ARO:3003615	OXA-459	51	55.627451	54.162745	105.000000
I_9-10	ARO:3003616	OXA-460	56	45.569643	43.494643	107.000000
I_9-10	ARO:3003617	OXA-461	54	47.646296	44.929630	107.000000
I_9-10	ARO:3003620	OXA-464	4074	70.417182	73.952430	111.000000
I_9-10	ARO:3003621	OXA-465	31	50.670968	47.283871	57.000000
I_9-10	ARO:3003622	OXA-466	34	50.755882	48.458824	70.500000
I_9-10	ARO:3003626	OXA-470	532	50.131015	48.499624	87.400000
I_9-10	ARO:3003627	OXA-471	535	50.225047	48.631963	87.400000
I_9-10	ARO:3003628	OXA-472	237	47.582278	47.220253	85.500000
I_9-10	ARO:3003629	OXA-473	530	50.159623	48.531321	85.900000
I_9-10	ARO:3003631	OXA-474	525	50.307429	48.553714	85.900000
I_9-10	ARO:3003632	OXA-475	527	50.232068	48.655598	87.400000
I_9-10	ARO:3003633	OXA-476	530	50.210566	48.773962	87.400000
I_9-10	ARO:3003634	OXA-477	562	50.027402	48.463345	82.400000
I_9-10	ARO:3003635	OXA-478	343	49.148105	47.072886	88.600000
I_9-10	ARO:3003636	OXA-479	539	50.044341	48.447495	87.400000
I_9-10	ARO:3003638	OXA-481	160	60.834375	64.481250	95.100000
I_9-10	ARO:3003639	OXA-482	75	57.244000	60.198667	95.100000
I_9-10	ARO:3003640	OXA-483	46	61.489130	64.195652	95.100000
I_9-10	ARO:3003641	OXA-484	168	72.753571	72.127381	109.000000
I_9-10	ARO:3003642	OXA-485	125	54.553600	59.808000	102.000000
I_9-10	ARO:3003643	OXA-486	238	53.688235	55.941597	106.000000
I_9-10	ARO:3003645	OXA-488	172	50.591860	54.877907	102.000000
I_9-10	ARO:3003646	CTX-M-162	5	98.800000	102.720000	105.000000
I_9-10	ARO:3003647	CTX-M-163	26	99.846154	103.730769	108.000000
I_9-10	ARO:3003648	CTX-M-164	21	99.904762	103.047619	108.000000
I_9-10	ARO:3003649	CTX-M-165	202	84.596040	82.529208	109.000000
I_9-10	ARO:3003650	CTX-M-166	8	62.862500	64.650000	95.500000
I_9-10	ARO:3003652	CMY-132	45	76.937778	82.228889	107.000000
I_9-10	ARO:3003653	CMY-133	7	36.014286	41.628571	43.900000
I_9-10	ARO:3003655	ACT-38	133	94.471429	87.191729	112.000000
I_9-10	ARO:3003657	IMP-49	3	53.466667	41.566667	48.900000
I_9-10	ARO:3003659	IMP-51	11	62.836364	58.381818	105.000000
I_9-10	ARO:3003660	VIM-44	2	52.300000	60.800000	60.800000
I_9-10	ARO:3003663	NDM-15	23	97.447826	92.034783	111.000000
I_9-10	ARO:3003664	NDM-16a	9	100.000000	101.466667	109.000000
I_9-10	ARO:3003665	NmcR	4150	52.211325	46.894072	74.700000
I_9-10	ARO:3003670	PEDO-1	86	48.887209	42.234884	60.100000
I_9-10	ARO:3003676	AAC(6')-Ib'	1791	95.390955	90.903350	110.000000
I_9-10	ARO:3003677	AAC(6')-Iaj	68	58.939706	57.745588	83.600000
I_9-10	ARO:3003679	TriA	877	56.122577	47.687343	86.300000
I_9-10	ARO:3003680	TriB	291	57.610997	47.803093	94.400000
I_9-10	ARO:3003681	TriC	19560	54.107945	52.407004	102.000000
I_9-10	ARO:3003682	OpmH	3110	56.395338	52.820997	94.000000
I_9-10	ARO:3003689	MCR-1.1	6122	58.586998	60.516792	100.000000
I_9-10	ARO:3003692	MexJ	1903	55.187283	52.301366	87.400000
I_9-10	ARO:3003693	MexK	30269	62.256305	60.774030	102.000000
I_9-10	ARO:3003698	mexP	2471	49.356212	45.121651	79.300000
I_9-10	ARO:3003699	mexQ	84223	53.768862	50.544323	99.000000
I_9-10	ARO:3003700	opmE	941	52.717747	43.278002	101.000000
I_9-10	ARO:3003704	mexM	2030	45.575320	45.778030	73.200000
I_9-10	ARO:3003705	mexN	36191	55.074784	51.167094	97.400000
I_9-10	ARO:3003712	VEB-16	821	98.464312	100.673934	106.000000
I_9-10	ARO:3003713	VCC-1	84	50.677381	50.321429	63.500000
I_9-10	ARO:3003714	PEDO-2	65	49.709231	47.560000	99.000000
I_9-10	ARO:3003715	PEDO-3	29	48.593103	56.724138	77.400000
I_9-10	ARO:3003716	CPS-1	50	56.140000	50.328000	92.800000
I_9-10	ARO:3003717	ESP-1	50	59.884000	58.568000	104.000000
I_9-10	ARO:3003718	MSI-1	189	44.406349	42.587831	71.600000
I_9-10	ARO:3003719	MSI-OXA	501	51.518563	50.667665	76.300000
I_9-10	ARO:3003720	SPG-1	57	49.875439	46.643860	70.500000
I_9-10	ARO:3003723	vanI	5609	52.601765	49.366447	93.200000
I_9-10	ARO:3003724	vanW_in_vanI_cl	673	50.008618	47.726895	65.500000
I_9-10	ARO:3003725	vanX_in_vanI_cl	359	50.148189	50.973538	77.000000
I_9-10	ARO:3003727	vanK_in_vanI_cl	232	48.256466	49.916379	68.600000
I_9-10	ARO:3003728	vanR_in_vanI_cl	44810	52.335501	52.588989	102.000000
I_9-10	ARO:3003730	Bbif_ileS_MUP	16734	59.558456	63.447024	117.000000
I_9-10	ARO:3003731	fusD	27	49.092593	52.596296	75.500000
I_9-10	ARO:3003733	fusC	29	49.468966	49.265517	66.200000
I_9-10	ARO:3003741	mphE	12103	95.960183	92.906660	112.000000
I_9-10	ARO:3003742	mphG	7718	69.121897	68.755286	119.000000
I_9-10	ARO:3003744	vatF	5088	58.989289	59.495421	104.000000
I_9-10	ARO:3003745	mef(C)	3215	74.624199	70.599191	104.000000
I_9-10	ARO:3003746	optrA	56197	48.412524	49.137984	107.000000
I_9-10	ARO:3003748	oleC	12735	47.017275	49.524280	82.400000
I_9-10	ARO:3003749	salA	19808	42.657128	43.142109	101.000000
I_9-10	ARO:3003762	lnuE	272	60.019853	63.787132	95.500000
I_9-10	ARO:3003767	mphM	1790	47.481397	47.867654	90.500000
I_9-10	ARO:3003770	Lmon_mprF	1154	51.181369	53.191508	79.700000
I_9-10	ARO:3003772	Bsui_mprF	1270	47.406614	48.463386	112.000000
I_9-10	ARO:3003773	Cper_mprF	551	49.883666	51.561887	108.000000
I_9-10	ARO:3003774	Saga_mprF	682	49.008944	51.699267	110.000000
I_9-10	ARO:3003785	Ctra_murA_FOF	2639	53.685411	51.126904	94.000000
I_9-10	ARO:3003793	SPM-1	12	41.141667	44.091667	52.800000
I_9-10	ARO:3003796	Abau_ampC_BLA	2	54.400000	56.800000	68.200000
I_9-10	ARO:3003801	bcr-1	6966	50.275438	48.914255	81.300000
I_9-10	ARO:3003811	adeC	11857	56.948773	54.696416	102.000000
I_9-10	ARO:3003835	cdeA	1988	46.970070	45.944769	70.100000
I_9-10	ARO:3003836	qacH	942	45.068259	45.333970	80.100000
I_9-10	ARO:3003838	gadW	1791	87.600335	83.944277	106.000000
I_9-10	ARO:3003839	Mrx	3870	97.812481	87.183488	101.000000
I_9-10	ARO:3003841	kdpE	37883	53.359610	52.290959	112.000000
I_9-10	ARO:3003842	MUS-2	14	50.914286	57.071429	72.000000
I_9-10	ARO:3003843	leuO	4752	78.152378	75.658628	111.000000
I_9-10	ARO:3003847	ADC-1	142	69.651408	71.783803	107.000000
I_9-10	ARO:3003848	ADC-2	388	66.801804	72.914433	108.000000
I_9-10	ARO:3003849	ADC-3	336	67.289881	75.023214	108.000000
I_9-10	ARO:3003850	ADC-4	273	69.337729	77.062271	108.000000
I_9-10	ARO:3003851	ADC-5	131	67.783969	68.639695	108.000000
I_9-10	ARO:3003852	ADC-6	96	74.561458	74.920833	108.000000
I_9-10	ARO:3003853	ADC-7	265	67.671321	76.812453	108.000000
I_9-10	ARO:3003854	ADC-8	679	67.698085	70.257732	97.400000
I_9-10	ARO:3003856	ADC-12	351	67.463248	70.285755	108.000000
I_9-10	ARO:3003857	ADC-13	563	66.010302	71.780107	105.000000
I_9-10	ARO:3003858	ADC-14	465	65.047312	70.879140	105.000000
I_9-10	ARO:3003859	ADC-15	639	64.351017	69.397653	107.000000
I_9-10	ARO:3003860	ADC-16	542	66.609594	73.763100	107.000000
I_9-10	ARO:3003861	ADC-17	432	63.875926	68.017130	104.000000
I_9-10	ARO:3003862	ADC-18	310	62.432903	65.017742	103.000000
I_9-10	ARO:3003863	ADC-19	635	64.302520	68.293701	107.000000
I_9-10	ARO:3003864	ADC-20	593	65.718381	70.935582	104.000000
I_9-10	ARO:3003865	ADC-21	605	65.542149	72.926281	107.000000
I_9-10	ARO:3003866	ADC-22	590	65.018475	69.776780	107.000000
I_9-10	ARO:3003867	ADC-23	292	63.117466	65.677740	105.000000
I_9-10	ARO:3003868	ADC-25	137	67.559854	69.905109	107.000000
I_9-10	ARO:3003870	ADC-31	100	72.102000	73.266000	108.000000
I_9-10	ARO:3003871	ADC-39	48	74.133333	71.254167	108.000000
I_9-10	ARO:3003872	ADC-41	464	66.581250	72.594397	104.000000
I_9-10	ARO:3003873	ADC-42	203	63.681773	67.693596	102.000000
I_9-10	ARO:3003874	ADC-43	242	66.418182	74.179752	105.000000
I_9-10	ARO:3003876	ADC-44	373	63.963271	67.353619	110.000000
I_9-10	ARO:3003878	ADC-56	61	68.836066	74.426230	107.000000
I_9-10	ARO:3003879	ADC-61	61	68.880328	74.508197	107.000000
I_9-10	ARO:3003880	ADC-74	52	63.030769	56.796154	107.000000
I_9-10	ARO:3003881	ADC-75	51	68.170588	73.880392	107.000000
I_9-10	ARO:3003882	ADC-76	90	66.612222	69.447778	104.000000
I_9-10	ARO:3003883	ADC-77	65	68.796923	79.196923	108.000000
I_9-10	ARO:3003884	ADC-78	81	65.953086	63.695062	107.000000
I_9-10	ARO:3003885	ADC-79	53	70.443396	78.462264	108.000000
I_9-10	ARO:3003886	ADC-80	29	63.110345	62.879310	75.500000
I_9-10	ARO:3003887	ADC-81	67	65.980597	62.332836	84.000000
I_9-10	ARO:3003888	ADC-82	37	68.154054	73.727027	107.000000
I_9-10	ARO:3003894	Rm3	100	50.325000	47.008000	79.300000
I_9-10	ARO:3003905	ANT(4')-Ib	12	59.875000	64.508333	85.500000
I_9-10	ARO:3003907	cipA	1050	49.436762	47.240000	87.000000
I_9-10	ARO:3003908	Erm(47)	1348	49.020030	49.951335	103.000000
I_9-10	ARO:3003918	apmA	688	49.989826	47.997093	86.700000
I_9-10	ARO:3003920	pgpB	227	47.351982	46.331718	81.600000
I_9-10	ARO:3003922	oqxA	4720	58.515784	54.800085	108.000000
I_9-10	ARO:3003923	oqxB	94054	55.102913	52.229236	110.000000
I_9-10	ARO:3003942	abcA	236	56.147034	58.120339	91.700000
I_9-10	ARO:3003948	efrA	58462	50.109357	51.254121	102.000000
I_9-10	ARO:3003949	efrB	63287	50.790478	51.125907	103.000000
I_9-10	ARO:3003950	msbA	43622	57.966581	57.776943	106.000000
I_9-10	ARO:3003952	YojI	13319	67.815842	65.269607	111.000000
I_9-10	ARO:3003953	hmrM	4327	53.212064	54.424659	102.000000
I_9-10	ARO:3003954	efmA	1834	49.643184	49.404635	103.000000
I_9-10	ARO:3003955	efpA	972	47.709156	46.465432	101.000000
I_9-10	ARO:3003961	farA	8443	57.399159	57.997690	87.400000
I_9-10	ARO:3003962	farB	14050	57.198313	60.161260	107.000000
I_9-10	ARO:3003964	hp1181	5814	51.644823	49.601548	76.300000
I_9-10	ARO:3003967	lfrA	1595	53.644451	50.973668	96.300000
I_9-10	ARO:3003969	lmrP	129	48.186822	49.519380	66.200000
I_9-10	ARO:3003971	Erm(44)v	1948	56.502618	57.924435	76.300000
I_9-10	ARO:3003980	tetA(58)	13898	48.559807	49.607764	102.000000
I_9-10	ARO:3003981	tetB(58)	129	57.367442	52.670543	91.700000
I_9-10	ARO:3003982	LlmA_23S_CLI	4963	61.920028	66.660609	94.400000
I_9-10	ARO:3003983	CatU	924	54.845022	58.336688	81.600000
I_9-10	ARO:3003984	BahA	96	63.751042	66.306250	95.500000
I_9-10	ARO:3003986	TaeA	62956	49.456940	49.774658	98.600000
I_9-10	ARO:3003987	VatI	4641	58.510127	55.496466	90.100000
I_9-10	ARO:3003988	AAC(2')-IIb	7	52.242857	48.942857	55.100000
I_9-10	ARO:3003989	AAC(6')-34	62	45.083871	50.304839	77.000000
I_9-10	ARO:3003990	vgbC	14	47.478571	45.628571	52.800000
I_9-10	ARO:3003991	mphI	1503	50.334864	53.601331	66.200000
I_9-10	ARO:3003992	rphB	5885	56.852302	53.213815	95.500000
I_9-10	ARO:3003994	cpaA	3	44.233333	41.833333	44.300000
I_9-10	ARO:3004032	tetA(46)	22093	47.501643	47.407219	101.000000
I_9-10	ARO:3004033	tetB(46)	42196	51.021125	51.827946	102.000000
I_9-10	ARO:3004035	tetA(60)	21497	50.226976	45.856366	80.100000
I_9-10	ARO:3004036	tetB(60)	41403	50.774422	50.751590	106.000000
I_9-10	ARO:3004038	Paer_emrE	3271	52.177927	50.936778	77.000000
I_9-10	ARO:3004039	Ecol_emrE	4003	54.547914	51.831801	111.000000
I_9-10	ARO:3004041	Kpne_acrA	18094	63.282818	61.131812	104.000000
I_9-10	ARO:3004042	Eclo_acrA	20939	63.654477	61.486012	105.000000
I_9-10	ARO:3004043	Ecol_acrA	21784	64.173646	61.841765	104.000000
I_9-10	ARO:3004047	kdpD	4770	48.772327	49.686457	78.600000
I_9-10	ARO:3004054	Paer_CpxR	33135	54.259662	52.642188	104.000000
I_9-10	ARO:3004063	EdeQ	165	41.844848	44.021818	70.900000
I_9-10	ARO:3004072	OpmB	4705	53.295388	47.668672	101.000000
I_9-10	ARO:3004073	MuxA	4747	52.674889	50.074005	84.000000
I_9-10	ARO:3004074	MuxB	44893	59.935271	56.568746	95.100000
I_9-10	ARO:3004075	MuxC	50979	57.428337	53.041764	100.000000
I_9-10	ARO:3004077	PmpM	5516	54.541951	53.543238	111.000000
I_9-10	ARO:3004085	lnuG	346	69.660116	70.623121	105.000000
I_9-10	ARO:3004086	APH(3')-VIIIb	85	54.425882	54.830588	92.000000
I_9-10	ARO:3004087	APH(3')-IXa	99	55.270707	53.152525	106.000000
I_9-10	ARO:3004089	ANT(3'')-IIa	612	77.501307	75.203431	112.000000
I_9-10	ARO:3004090	ANT(3'')-IIb	565	68.510442	69.055221	98.600000
I_9-10	ARO:3004091	ANT(3'')-IIc	602	79.099502	76.683555	108.000000
I_9-10	ARO:3004092	HMB-1	20	44.905000	45.690000	63.900000
I_9-10	ARO:3004093	NDM-17	24	95.741667	89.975000	111.000000
I_9-10	ARO:3004094	Erm(48)	2352	54.943665	55.513223	77.000000
I_9-10	ARO:3004099	LpeA	42	42.616667	40.271429	49.700000
I_9-10	ARO:3004100	LpeB	41961	52.074276	48.116735	80.900000
I_9-10	ARO:3004103	QepA2	1709	48.455003	47.283148	84.700000
I_9-10	ARO:3004105	TMB-1	16	51.393750	52.375000	75.100000
I_9-10	ARO:3004106	TMB-2	14	50.221429	49.507143	67.800000
I_9-10	ARO:3004107	Paer_soxR	1636	65.350917	63.225122	108.000000
I_9-10	ARO:3004110	MCR-2.1	6050	58.386215	61.207851	96.700000
I_9-10	ARO:3004111	FosA6	720	73.916111	73.226250	115.000000
I_9-10	ARO:3004113	FosA7	861	65.121487	66.234030	101.000000
I_9-10	ARO:3004122	Kpne_OmpK37	15130	70.006385	70.150304	113.000000
I_9-10	ARO:3004123	Bpse_Omp38	746	58.708981	44.653485	70.500000
I_9-10	ARO:3004139	MCR-3.1	3134	60.596873	64.275495	117.000000
I_9-10	ARO:3004142	OprZ	14762	54.977246	49.524976	85.100000
I_9-10	ARO:3004143	AxyX	3758	51.952422	49.744013	94.400000
I_9-10	ARO:3004144	AxyY	98433	57.486912	54.484776	100.000000
I_9-10	ARO:3004146	cfrC	3482	44.520735	45.038455	102.000000
I_9-10	ARO:3004185	mecD	2109	47.028639	45.646325	76.300000
I_9-10	ARO:3004189	Bla2	21	44.671429	45.319048	93.600000
I_9-10	ARO:3004191	APH(2'')-If	436	80.665367	82.782110	111.000000
I_9-10	ARO:3004194	MCR-1.2	7350	57.720912	59.234531	100.000000
I_9-10	ARO:3004213	GOB-18	230	49.610870	45.447391	91.700000
I_9-10	ARO:3004239	NPS-1	1206	63.495605	65.701658	113.000000
I_9-10	ARO:3004253	vanU_in_vanG_cl	1418	56.280889	47.850000	90.100000
I_9-10	ARO:3004254	vanV_in_vanB_cl	99	67.965657	50.386869	77.400000
I_9-10	ARO:3004289	Vcho_varG	18	40.561111	43.961111	53.500000
I_9-10	ARO:3004290	Ecol_ampC_BLA	2345	94.087420	95.069424	113.000000
I_9-10	ARO:3004291	Rsph_ampC_BLA	136	52.319853	49.555147	89.000000
I_9-10	ARO:3004294	BUT-1	235	61.277021	66.837872	92.000000
I_9-10	ARO:3004325	MCR-4.1	5217	55.523117	59.911597	99.000000
I_9-10	ARO:3004332	MCR-5.1	5088	57.547229	59.136616	115.000000
I_9-10	ARO:3004336	PDC-73	148	61.933784	59.849324	103.000000
I_9-10	ARO:3004338	PDC-75	102	62.083333	59.450980	103.000000
I_9-10	ARO:3004339	PDC-76	81	58.639506	62.625926	103.000000
I_9-10	ARO:3004340	PDC-77	119	63.065546	60.651261	103.000000
I_9-10	ARO:3004341	PDC-78	114	63.030702	60.362281	103.000000
I_9-10	ARO:3004342	PDC-79	145	62.288966	59.996552	103.000000
I_9-10	ARO:3004343	PDC-80	1	48.500000	37.700000	37.700000
I_9-10	ARO:3004344	PDC-81	161	61.649068	59.757764	103.000000
I_9-10	ARO:3004345	PDC-82	132	63.569697	60.385606	103.000000
I_9-10	ARO:3004346	PDC-83	112	63.650893	60.755357	103.000000
I_9-10	ARO:3004347	PDC-84	58	59.287931	62.906897	103.000000
I_9-10	ARO:3004348	PDC-85	81	66.107407	61.028395	103.000000
I_9-10	ARO:3004349	PDC-86	7	73.757143	70.271429	83.600000
I_9-10	ARO:3004350	PDC-87	46	66.015217	68.628261	103.000000
I_9-10	ARO:3004351	PDC-88	118	62.728814	59.900000	83.600000
I_9-10	ARO:3004352	PDC-89	168	63.317262	60.327381	81.600000
I_9-10	ARO:3004353	PDC-90	125	62.712800	59.941600	83.600000
I_9-10	ARO:3004354	PDC-91	137	62.059854	60.294161	83.600000
I_9-10	ARO:3004355	PDC-92	148	63.758108	60.366216	81.600000
I_9-10	ARO:3004356	PDC-93	69	68.660870	61.449275	81.600000
I_9-10	ARO:3004357	catV	1357	54.969713	57.994694	81.600000
I_9-10	ARO:3004359	ACI-1	391	84.028645	83.861637	109.000000
I_9-10	ARO:3004361	sul4	9872	53.545310	51.573258	110.000000
I_9-10	ARO:3004362	OXA-535	258	55.369767	57.054651	108.000000
I_9-10	ARO:3004364	almG	7	70.685714	58.942857	105.000000
I_9-10	ARO:3004379	QepA4	1770	49.001469	47.649492	84.700000
I_9-10	ARO:3004441	tet(59)	3503	58.481958	58.081444	106.000000
I_9-10	ARO:3004442	tet(W/N/W)	35877	63.332185	60.720754	113.000000
I_9-10	ARO:3004444	RSA1-1	528	95.257576	88.032765	104.000000
I_9-10	ARO:3004450	TRU-1	290	64.255862	65.430345	95.100000
I_9-10	ARO:3004451	Afab_ACT_CHL	6011	57.643570	58.698736	94.700000
I_9-10	ARO:3004452	Acla_ACT_CHL	347	49.589914	56.229107	99.400000
I_9-10	ARO:3004454	Ccol_ACT_CHL	1243	58.809895	61.234996	111.000000
I_9-10	ARO:3004455	Ssui_ACT_CHL	877	50.232611	56.400798	107.000000
I_9-10	ARO:3004456	Efac_ACT_CHL	972	52.027263	57.133230	110.000000
I_9-10	ARO:3004457	Sint_ACT_CHL	1019	51.403631	57.619136	99.800000
I_9-10	ARO:3004458	Efae_ACT_CHL	985	50.787513	57.602843	99.800000
I_9-10	ARO:3004460	Vang_ACT_CHL	1141	53.849167	59.050307	112.000000
I_9-10	ARO:3004463	EBR-2	42	80.233333	79.083333	110.000000
I_9-10	ARO:3004464	CFE-2	210	67.980952	69.558571	95.100000
I_9-10	ARO:3004466	ICR-Mc	2561	56.759547	53.960718	98.600000
I_9-10	ARO:3004470	poxtA	22062	46.205698	46.327450	103.000000
I_9-10	ARO:3004476	vmlR	24853	48.854002	50.141086	77.000000
I_9-10	ARO:3004478	OXA-665	220	64.653182	66.868636	95.900000
I_9-10	ARO:3004479	OXA-664	184	76.298370	78.917391	105.000000
I_9-10	ARO:3004480	Bado_rpoB_RIF	111661	67.178139	70.127576	113.000000
I_9-10	ARO:3004489	OXA-663	2114	91.179234	89.966887	111.000000
I_9-10	ARO:3004493	ADC-68	230	63.381739	65.606957	104.000000
I_9-10	ARO:3004494	IMP-55	1	95.200000	40.800000	40.800000
I_9-10	ARO:3004495	IMP-56	3	53.466667	41.566667	48.900000
I_9-10	ARO:3004496	KPC-24	4	100.000000	106.000000	110.000000
I_9-10	ARO:3004498	dfrB4	142	80.080986	76.255634	107.000000
I_9-10	ARO:3004500	MCR-3.11	5272	59.724697	63.925778	117.000000
I_9-10	ARO:3004501	MCR-6.1	5324	58.793557	61.404282	95.500000
I_9-10	ARO:3004502	MCR-2.2	5855	58.368027	61.275064	96.700000
I_9-10	ARO:3004503	MCR-3.6	8254	60.378120	65.592852	116.000000
I_9-10	ARO:3004504	MCR-3.10	4246	62.520019	66.464414	116.000000
I_9-10	ARO:3004505	MCR-3.5	5793	60.507371	64.890143	117.000000
I_9-10	ARO:3004506	MCR-1.10	7000	57.666300	59.224814	95.100000
I_9-10	ARO:3004507	MCR-1.9	6287	56.962208	57.105694	100.000000
I_9-10	ARO:3004508	MCR-3.9	3362	62.925877	67.655413	116.000000
I_9-10	ARO:3004509	MCR-3.8	7917	60.642415	65.518328	116.000000
I_9-10	ARO:3004510	MCR-3.7	3952	63.153618	69.325354	116.000000
I_9-10	ARO:3004511	MCR-3.2	3469	62.036437	66.286192	117.000000
I_9-10	ARO:3004513	MCR-1.6	7004	57.711479	59.457596	100.000000
I_9-10	ARO:3004514	MCR-1.3	6947	57.858270	59.525176	100.000000
I_9-10	ARO:3004515	MCR-1.4	6624	57.746679	59.342950	100.000000
I_9-10	ARO:3004516	MCR-8.1	7729	55.100737	57.265312	91.300000
I_9-10	ARO:3004517	MCR-7.1	7419	59.017469	63.399488	113.000000
I_9-10	ARO:3004539	mphH	1636	49.725733	50.007885	88.200000
I_9-10	ARO:3004541	mphK	1700	46.818471	52.001059	78.600000
I_9-10	ARO:3004542	mphN	350	48.540857	55.449714	77.000000
I_9-10	ARO:3004543	mphO	1343	44.207372	45.089129	100.000000
I_9-10	ARO:3004544	mphJ	1887	52.536513	55.706942	73.200000
I_9-10	ARO:3004547	dfrA6	1487	56.744721	56.708339	104.000000
I_9-10	ARO:3004548	dfrA9	2521	51.026140	50.485403	71.600000
I_9-10	ARO:3004549	dfrB5	151	94.560265	83.749007	110.000000
I_9-10	ARO:3004550	dfrA27	1285	70.789494	71.035720	107.000000
I_9-10	ARO:3004551	dfrA28	1283	70.044427	70.632580	107.000000
I_9-10	ARO:3004552	dfrA30	1615	69.807554	68.145697	111.000000
I_9-10	ARO:3004554	dfrA29	1922	65.211498	62.118678	107.000000
I_9-10	ARO:3004555	dfrA32	1228	71.020033	71.095195	108.000000
I_9-10	ARO:3004556	dfrB7	149	89.887919	81.226174	108.000000
I_9-10	ARO:3004559	CAM-1	10	51.790000	58.680000	74.700000
I_9-10	ARO:3004568	dfrA18	2660	53.403233	49.436466	74.700000
I_9-10	ARO:3004569	ICR-Mo	6138	71.435516	71.991430	113.000000
I_9-10	ARO:3004571	PNGM-1	20	45.685000	45.220000	62.400000
I_9-10	ARO:3004572	Saur_LmrS	1575	45.796571	47.605333	80.100000
I_9-10	ARO:3004573	Abau_AbaF	9446	49.938884	52.393712	115.000000
I_9-10	ARO:3004574	Abau_AbaQ	2630	52.633422	57.488441	106.000000
I_9-10	ARO:3004577	Abau_AmvA	2039	57.895635	57.361991	104.000000
I_9-10	ARO:3004580	Kpne_KpnE	2403	57.122971	51.366916	95.900000
I_9-10	ARO:3004581	tet(48)	91	47.290110	45.113187	79.000000
I_9-10	ARO:3004582	tet(49)	73	50.863014	48.819178	77.800000
I_9-10	ARO:3004583	Kpne_KpnF	875	85.235657	77.541714	102.000000
I_9-10	ARO:3004584	tet(50)	102	50.575490	45.797059	78.200000
I_9-10	ARO:3004586	tet(51)	62	50.016129	48.183871	82.000000
I_9-10	ARO:3004587	tet(52)	72	50.541667	47.823611	72.400000
I_9-10	ARO:3004588	Kpne_KpnG	10098	66.228382	65.479045	107.000000
I_9-10	ARO:3004589	tet(53)	57	51.984211	48.977193	78.600000
I_9-10	ARO:3004590	tet(54)	84	46.972619	45.320238	75.100000
I_9-10	ARO:3004591	tet(55)	49	57.259184	53.928571	73.900000
I_9-10	ARO:3004592	erm(32)	1303	49.888411	46.401074	70.500000
I_9-10	ARO:3004595	erm(45)	3028	61.289927	63.044947	81.600000
I_9-10	ARO:3004596	erm(46)	413	64.146247	66.939225	90.100000
I_9-10	ARO:3004597	Kpne_KpnH	15551	70.009485	70.903029	116.000000
I_9-10	ARO:3004599	clcD	1748	46.094451	45.219508	91.700000
I_9-10	ARO:3004600	LnuH	432	77.641204	74.610417	106.000000
I_9-10	ARO:3004601	LnuP	452	58.465487	61.314602	111.000000
I_9-10	ARO:3004603	tet(56)	61	52.013115	50.814754	76.600000
I_9-10	ARO:3004605	ermZ	5	47.140000	39.440000	42.400000
I_9-10	ARO:3004606	erm(40)	607	61.993904	63.533278	99.400000
I_9-10	ARO:3004608	EreD	1308	69.308486	69.216667	112.000000
I_9-10	ARO:3004613	tet(47)	79	51.027848	50.129114	83.600000
I_9-10	ARO:3004615	ADC-11	217	65.088018	66.688940	108.000000
I_9-10	ARO:3004617	ADC-30	210	67.731905	70.307619	108.000000
I_9-10	ARO:3004618	ADC-58	421	68.352019	75.745368	108.000000
I_9-10	ARO:3004619	ADC-59	211	66.846445	71.503791	108.000000
I_9-10	ARO:3004620	ADC-60	147	66.125170	69.934014	107.000000
I_9-10	ARO:3004621	AAC(3)-IIe	268	87.774627	87.845522	110.000000
I_9-10	ARO:3004622	QnrS10	1375	84.090255	65.105309	105.000000
I_9-10	ARO:3004623	AAC(3)-IId	282	89.943262	88.070567	112.000000
I_9-10	ARO:3004624	QnrS11	1727	80.766068	67.528894	109.000000
I_9-10	ARO:3004625	QnrS12	1078	87.039147	64.997124	105.000000
I_9-10	ARO:3004626	Erm(49)	883	48.517101	44.476217	99.400000
I_9-10	ARO:3004627	QnrS15	1385	84.337329	65.564404	105.000000
I_9-10	ARO:3004629	AAC(6')-Im	235	64.151064	67.435319	108.000000
I_9-10	ARO:3004632	ADC-62	89	70.360674	75.817978	107.000000
I_9-10	ARO:3004633	ADC-67	143	69.937762	75.030070	108.000000
I_9-10	ARO:3004634	ADC-73	127	69.522835	70.590551	107.000000
I_9-10	ARO:3004635	AAC(6')-Il	126	74.146825	70.336508	109.000000
I_9-10	ARO:3004636	qnrE1	174	63.236207	59.240230	113.000000
I_9-10	ARO:3004637	qnrE2	170	63.605882	59.465882	113.000000
I_9-10	ARO:3004638	AAC(6')-I-48	266	49.558647	48.246992	64.300000
I_9-10	ARO:3004639	Cstr_tetA	22035	51.254863	43.954055	95.900000
I_9-10	ARO:3004640	dfrA15b	1676	71.663186	70.239200	108.000000
I_9-10	ARO:3004641	AAC(6')-I-43	52	57.534615	59.344231	94.700000
I_9-10	ARO:3004642	dfrA3b	11	47.663636	43.545455	51.200000
I_9-10	ARO:3004643	Erm(K)	230	42.598261	41.006087	51.200000
I_9-10	ARO:3004644	Pmir_dfrA6	1393	58.051041	58.384853	102.000000
I_9-10	ARO:3004645	dfrI	4125	53.210618	54.075224	82.400000
I_9-10	ARO:3004647	AQU-2	1072	77.499907	81.776306	109.000000
I_9-10	ARO:3004648	AQU-3	739	80.308119	86.633018	109.000000
I_9-10	ARO:3004649	cfr(B)	1771	46.267928	45.350649	91.700000
I_9-10	ARO:3004651	lin	43109	47.205637	46.079260	70.500000
I_9-10	ARO:3004652	Erm(O)-lrm	129	45.344961	40.048837	73.900000
I_9-10	ARO:3004655	nimB	1766	63.770045	64.663590	99.800000
I_9-10	ARO:3004656	Ecol_catII	955	51.195079	54.564293	104.000000
I_9-10	ARO:3004657	catA4	1035	57.058357	60.381256	105.000000
I_9-10	ARO:3004658	catA8	1003	50.633200	56.659222	107.000000
I_9-10	ARO:3004659	Mef(En2)	1366	64.139312	61.601903	109.000000
I_9-10	ARO:3004660	catB11	4457	62.592237	63.962105	112.000000
I_9-10	ARO:3004661	Saur_FosB	120	63.408333	42.097500	86.700000
I_9-10	ARO:3004662	MCR-3.3	7476	60.812547	65.588202	116.000000
I_9-10	ARO:3004663	FusF	58	52.100000	54.827586	85.900000
I_9-10	ARO:3004665	cmlA8	6813	68.124512	65.084163	108.000000
I_9-10	ARO:3004666	pexA	15	42.446667	40.960000	45.400000
I_9-10	ARO:3004667	Saur_norA	237	47.763291	49.645992	88.200000
I_9-10	ARO:3004668	QnrAS	1879	71.459234	76.135338	103.000000
I_9-10	ARO:3004669	emtA	2	46.000000	40.450000	41.200000
I_9-10	ARO:3004670	FosB1	114	59.806140	40.385965	87.400000
I_9-10	ARO:3004671	FosB4	114	60.049123	40.264912	86.300000
I_9-10	ARO:3004672	FosB5	113	59.892035	40.212389	87.400000
I_9-10	ARO:3004673	FosB6	94	60.174468	40.104255	86.300000
I_9-10	ARO:3004674	FosD	124	63.023387	42.396774	98.600000
I_9-10	ARO:3004675	aphA15	107	54.482243	53.336449	108.000000
I_9-10	ARO:3004677	rmtD2	13	52.161538	47.484615	78.600000
I_9-10	ARO:3004678	rmtE	17	44.788235	44.752941	87.400000
I_9-10	ARO:3004679	rmtE2	17	44.788235	44.752941	87.400000
I_9-10	ARO:3004680	APH(3')-VIIIa	186	52.186559	53.082796	66.600000
I_9-10	ARO:3004682	aadA27	613	80.620555	78.214519	111.000000
I_9-10	ARO:3004683	aadS	2868	98.631206	97.219526	115.000000
I_9-10	ARO:3004684	MCR-9.1	7432	57.020829	61.028404	114.000000
I_9-10	ARO:3004685	MCR-1.5	7425	57.947246	59.278936	100.000000
I_9-10	ARO:3004686	MCR-1.7	7542	57.623787	59.103845	95.100000
I_9-10	ARO:3004687	MCR-1.8	7542	57.683545	59.138345	100.000000
I_9-10	ARO:3004688	MCR-1.11	1	41.700000	43.900000	43.900000
I_9-10	ARO:3004689	MCR-1.12	7568	57.667957	59.122371	100.000000
I_9-10	ARO:3004690	MCR-1.13	7464	57.723365	59.175549	100.000000
I_9-10	ARO:3004691	MCR-3.4	5511	60.098204	64.161949	117.000000
I_9-10	ARO:3004692	aadA10	4157	75.094996	76.625066	110.000000
I_9-10	ARO:3004693	MCR-3.12	4905	62.262793	67.271315	116.000000
I_9-10	ARO:3004694	MCR-4.2	5766	55.179188	59.369181	99.000000
I_9-10	ARO:3004695	MCR-4.3	5366	55.537794	59.837123	101.000000
I_9-10	ARO:3004696	MCR-4.4	5640	55.200355	59.533883	99.000000
I_9-10	ARO:3004697	MCR-4.5	5539	55.319390	59.742986	98.600000
I_9-10	ARO:3004698	MCR-5.2	5115	57.598045	59.126354	115.000000
I_9-10	ARO:3004699	sta	24	47.958333	43.241667	77.800000
I_9-10	ARO:3004704	aadA8b	4577	83.901005	82.108346	110.000000
I_9-10	ARO:3004715	Scoh_vga(E)	35827	48.206026	47.434170	98.200000
I_9-10	ARO:3004719	tet(X3)	1540	75.938312	72.504805	106.000000
I_9-10	ARO:3004720	tet(X4)	1580	82.929051	79.308038	112.000000
I_9-10	ARO:3004730	tva(A)	15188	47.740183	42.277509	68.600000
I_9-10	ARO:3004734	ARL-1	32	46.484375	49.990625	66.200000
I_9-10	ARO:3004735	ARL-2	27	47.537037	51.533333	66.600000
I_9-10	ARO:3004736	ARL-3	27	47.485185	51.548148	66.600000
I_9-10	ARO:3004737	ARL-4	26	47.830769	51.973077	66.600000
I_9-10	ARO:3004738	ARL-5	29	47.096552	50.337931	66.200000
I_9-10	ARO:3004739	ARL-6	54	43.324074	47.644444	66.200000
I_9-10	ARO:3004740	AST-1	106	49.050943	49.306604	74.300000
I_9-10	ARO:3004745	MIR-23	305	90.783934	93.193770	113.000000
I_9-10	ARO:3004747	BAT-1	406	49.733498	55.013547	85.500000
I_9-10	ARO:3004749	BCL-1	159	53.766038	59.231447	82.400000
I_9-10	ARO:3004751	BES-1	350	73.449714	71.796286	107.000000
I_9-10	ARO:3004753	BIC-1	72	51.469444	53.763889	70.500000
I_9-10	ARO:3004755	BIL-1	4	43.875000	38.575000	40.000000
I_9-10	ARO:3004757	BKC-1	131	57.485496	57.838931	97.100000
I_9-10	ARO:3004759	BPU-1	450	49.649778	54.962444	74.300000
I_9-10	ARO:3004761	BRO-1	189	64.895238	66.431217	107.000000
I_9-10	ARO:3004762	BRO-2	189	64.463492	65.917989	107.000000
I_9-10	ARO:3004764	CBP-1	270	56.354074	60.286296	87.800000
I_9-10	ARO:3004766	CGA-1	557	60.499102	62.654219	86.700000
I_9-10	ARO:3004768	CIA-1	470	59.344681	60.531489	85.900000
I_9-10	ARO:3004769	CIA-2	477	58.833962	59.973795	85.900000
I_9-10	ARO:3004770	CIA-3	467	58.879229	59.633833	85.900000
I_9-10	ARO:3004771	CIA-4	472	59.189619	60.345339	85.900000
I_9-10	ARO:3004773	CKO-1	568	58.076408	58.866901	80.900000
I_9-10	ARO:3004775	CME-1	503	58.539364	60.189463	96.300000
I_9-10	ARO:3004777	CMH-1	194	81.396392	87.298454	109.000000
I_9-10	ARO:3004778	CMY-135	23	98.239130	95.239130	108.000000
I_9-10	ARO:3004780	DES-1	125	61.094400	59.098400	95.500000
I_9-10	ARO:3004782	ERP-1	188	55.318617	55.367553	79.700000
I_9-10	ARO:3004784	FAR-1	64	56.764062	55.870313	71.600000
I_9-10	ARO:3004786	FIM-1	2	52.100000	61.050000	62.400000
I_9-10	ARO:3004788	FONA-1	61	62.037705	65.721311	104.000000
I_9-10	ARO:3004789	FONA-2	51	62.521569	65.974510	104.000000
I_9-10	ARO:3004790	FONA-3	81	61.096296	63.012346	104.000000
I_9-10	ARO:3004791	FONA-4	61	62.095082	65.726230	104.000000
I_9-10	ARO:3004792	FONA-5	70	63.417143	66.301429	102.000000
I_9-10	ARO:3004793	FONA-6	73	62.104110	63.800000	104.000000
I_9-10	ARO:3004795	FPH-1	2	43.100000	48.900000	48.900000
I_9-10	ARO:3004797	FRI-1	8	54.012500	53.825000	71.600000
I_9-10	ARO:3004798	FRI-2	34	56.785294	53.241176	72.000000
I_9-10	ARO:3004799	FRI-3	32	56.396875	53.212500	72.000000
I_9-10	ARO:3004801	FTU-1	4	36.325000	41.475000	42.700000
I_9-10	ARO:3004802	GOB-10	38	51.094737	49.034211	91.700000
I_9-10	ARO:3004803	GOB-11	41	53.441463	49.002439	92.000000
I_9-10	ARO:3004804	GOB-12	43	55.216279	52.483721	92.000000
I_9-10	ARO:3004805	GOB-13	33	51.224242	43.645455	73.600000
I_9-10	ARO:3004806	GOB-14	33	51.224242	43.645455	73.600000
I_9-10	ARO:3004807	GOB-15	33	50.969697	43.693939	73.600000
I_9-10	ARO:3004808	GOB-16	35	52.682857	52.640000	93.200000
I_9-10	ARO:3004809	GOB-2	221	49.285973	45.109955	91.700000
I_9-10	ARO:3004810	GOB-3	36	48.488889	45.461111	81.600000
I_9-10	ARO:3004811	GOB-4	35	50.617143	48.171429	91.700000
I_9-10	ARO:3004812	GOB-5	34	54.264706	53.229412	91.700000
I_9-10	ARO:3004813	GOB-6	219	49.528311	45.785388	91.700000
I_9-10	ARO:3004814	GOB-7	42	54.673810	49.688095	94.000000
I_9-10	ARO:3004815	GOB-8	35	51.351429	49.251429	91.700000
I_9-10	ARO:3004816	GOB-9	32	49.975000	47.096875	86.700000
I_9-10	ARO:3004823	IMP-52	11	61.581818	53.854545	106.000000
I_9-10	ARO:3004825	LAP-1	299	64.193311	63.366890	107.000000
I_9-10	ARO:3004826	LAP-2	303	64.065017	62.951155	107.000000
I_9-10	ARO:3004827	LEN-35	19	72.152632	71.968421	104.000000
I_9-10	ARO:3004828	LEN-36	17	72.123529	72.041176	102.000000
I_9-10	ARO:3004829	LEN-37	17	86.382353	83.994118	104.000000
I_9-10	ARO:3004837	OXA-724	1905	77.895591	79.454646	117.000000
I_9-10	ARO:3004838	LEN-30	20	73.475000	74.015000	104.000000
I_9-10	ARO:3004839	LEN-32	3	86.400000	82.433333	99.800000
I_9-10	ARO:3004840	LEN-34	17	85.194118	81.358824	104.000000
I_9-10	ARO:3004841	LEN-38	16	68.493750	66.468750	101.000000
I_9-10	ARO:3004842	LEN-39	21	76.238095	72.666667	101.000000
I_9-10	ARO:3004843	LEN-40	5	73.480000	67.180000	101.000000
I_9-10	ARO:3004844	LEN-41	19	81.568421	79.878947	101.000000
I_9-10	ARO:3004845	LEN-42	22	80.136364	74.686364	101.000000
I_9-10	ARO:3004846	LEN-43	17	77.500000	73.405882	101.000000
I_9-10	ARO:3004847	LEN-51	17	86.782353	83.717647	104.000000
I_9-10	ARO:3004848	LEN-55	15	95.653333	91.913333	104.000000
I_9-10	ARO:3004849	LEN-58	23	82.200000	79.469565	104.000000
I_9-10	ARO:3004856	SCO-1	650	57.422923	59.620308	82.000000
I_9-10	ARO:3004862	NDM-19	18	96.738889	93.072222	111.000000
I_9-10	ARO:3004863	NDM-20	28	96.350000	94.564286	111.000000
I_9-10	ARO:3004864	NDM-21	22	97.722727	93.345455	110.000000
I_9-10	ARO:3004865	NDM-22	23	97.595652	96.652174	111.000000
I_9-10	ARO:3004866	NDM-23	23	97.456522	92.186957	111.000000
I_9-10	ARO:3004867	NDM-24	29	96.475862	92.893103	111.000000
I_9-10	ARO:3004868	NDM-25	20	94.605000	86.105000	110.000000
I_9-10	ARO:3004869	NDM-26	21	95.295238	99.523810	111.000000
I_9-10	ARO:3004870	NDM-27	20	97.065000	90.365000	111.000000
I_9-10	ARO:3004871	NDM-28	24	97.554167	94.854167	111.000000
I_9-10	ARO:3005006	tet(57)	3264	59.267279	57.611642	99.400000
I_9-10	ARO:3005008	TxR	29510	54.498211	55.000359	84.000000
I_9-10	ARO:3005009	qacE	6648	66.130099	59.639937	101.000000
I_9-10	ARO:3005010	qacEdelta1	6304	70.529711	62.540768	107.000000
I_9-10	ARO:3005012	IDC-1	542	59.478044	59.842620	108.000000
I_9-10	ARO:3005013	IDC-2	473	57.821987	59.278224	103.000000
I_9-10	ARO:3005015	VMB-1	44	53.227273	59.870455	75.900000
I_9-10	ARO:3005016	CMY-150	141	68.700000	78.361702	110.000000
I_9-10	ARO:3005018	LMB-1	36	50.716667	47.533333	72.000000
I_9-10	ARO:3005019	IMP-68	8	54.025000	49.812500	60.800000
I_9-10	ARO:3005021	cfr(D)	1307	48.968554	46.731446	106.000000
I_9-10	ARO:3005023	cfrE	2353	47.728389	46.150786	115.000000
I_9-10	ARO:3005024	FosL1	757	61.174505	62.309908	84.700000
I_9-10	ARO:3005027	FRI-4	23	54.934783	54.100000	72.000000
I_9-10	ARO:3005028	FRI-5	41	49.070732	48.626829	72.000000
I_9-10	ARO:3005029	FRI-6	29	55.151724	54.448276	72.000000
I_9-10	ARO:3005030	FRI-7	28	55.664286	54.685714	72.000000
I_9-10	ARO:3005031	FRI-8	32	51.050000	49.478125	71.600000
I_9-10	ARO:3005032	FRI-9	21	55.409524	53.271429	60.500000
I_9-10	ARO:3005033	FLC-1	32	51.050000	49.478125	71.600000
I_9-10	ARO:3005035	YRC-1	400	80.751750	86.187250	103.000000
I_9-10	ARO:3005036	BLMT	61	57.452459	57.647541	93.600000
I_9-10	ARO:3005037	ADC-159	16	63.168750	71.012500	107.000000
I_9-10	ARO:3005038	PDC-65	15	64.000000	60.900000	83.600000
I_9-10	ARO:3005040	YajC	2462	56.101828	55.589561	103.000000
I_9-10	ARO:3005043	cmlA9	6208	53.303689	51.681282	106.000000
I_9-10	ARO:3005044	OmpA	10099	67.004030	63.750371	111.000000
I_9-10	ARO:3005045	SatA	47	51.189362	55.023404	69.700000
I_9-10	ARO:3005046	MecI_rep	71	40.563380	41.702817	56.600000
I_9-10	ARO:3005047	eptB	6933	81.666753	84.278797	114.000000
I_9-10	ARO:3005049	CrcB	54	51.466667	52.314815	102.000000
I_9-10	ARO:3005051	LpsB	2525	75.289426	75.517069	109.000000
I_9-10	ARO:3005052	LpsA	181	50.049724	48.001105	85.900000
I_9-10	ARO:3005053	ArnT	5095	72.686869	74.760844	115.000000
I_9-10	ARO:3005056	tet(X6)	1485	76.622761	75.922020	112.000000
I_9-10	ARO:3005057	tet(X5)	1511	79.579351	77.662475	112.000000
I_9-10	ARO:3005059	LptD	11439	75.284098	79.638369	115.000000
I_9-10	ARO:3005060	OXA-837	69	47.101449	49.991304	70.500000
I_9-10	ARO:3005061	AAC(3)-IVb	53	58.547170	49.398113	98.200000
I_9-10	ARO:3005062	ANT(3'')-Ib	257	48.833074	50.554475	74.700000
I_9-10	ARO:3005063	cprR	36469	48.337703	47.701736	74.700000
I_9-10	ARO:3005064	cprS	189	39.854497	42.605291	50.800000
I_9-10	ARO:3005067	ParS	4992	51.061759	50.460076	79.300000
I_9-10	ARO:3005068	ParR	29536	48.384622	50.052519	101.000000
I_9-10	ARO:3005069	rsmA	2838	80.761910	62.026075	96.700000
I_9-10	ARO:3005072	ROB-13	221	54.510860	53.338462	73.200000
I_9-10	ARO:3005073	ROB-3	211	54.832701	53.590047	73.200000
I_9-10	ARO:3005074	ROB-4	208	54.673077	53.557212	73.200000
I_9-10	ARO:3005075	ROB-5	248	54.374194	53.062500	73.200000
I_9-10	ARO:3005076	ROB-6	228	54.241667	52.954386	73.200000
I_9-10	ARO:3005077	ROB-7	233	54.148069	53.029614	73.200000
I_9-10	ARO:3005078	ROB-8	227	54.277974	52.974009	73.200000
I_9-10	ARO:3005079	ROB-2	190	52.970526	51.419474	64.300000
I_9-10	ARO:3005080	ROB-10	231	54.235931	53.106926	73.200000
I_9-10	ARO:3005084	dfrA31	1537	56.771763	57.220494	106.000000
I_9-10	ARO:3005085	AAC(3)-IIg	247	70.521053	72.272874	94.000000
I_9-10	ARO:3005087	msrF	31418	48.630798	49.957801	102.000000
I_9-10	ARO:3005088	msrH	34403	48.824027	49.683871	93.200000
I_9-10	ARO:3005089	mef(D)	1807	58.075152	54.787327	101.000000
I_9-10	ARO:3005090	RanB	4619	57.227647	55.306560	98.200000
I_9-10	ARO:3005091	RanA	16306	53.625641	51.826052	103.000000
I_9-10	ARO:3005093	OXA-899	115	52.412174	55.435652	80.500000
I_9-10	ARO:3005094	OXA-898	166	45.602410	48.084337	77.000000
I_9-10	ARO:3005096	GPC-1	142	57.809859	58.290141	88.200000
I_9-10	ARO:3005097	mecC-type_BlaZ	12	54.533333	59.375000	84.700000
I_9-10	ARO:3005098	qacL	5552	63.993336	59.318192	101.000000
I_9-10	ARO:3005099	Spyo_ErmA_MLSb	1188	67.057492	62.918603	103.000000
I_9-10	ARO:3005100	FosB2	10	55.060000	51.610000	77.400000
I_9-10	ARO:3005111	blaS1	50	61.424000	59.778000	84.300000
I_9-10	ARO:3005112	AAC(6')-Ib-cr3	1679	94.498809	90.594521	110.000000
I_9-10	ARO:3005114	AAC(6')-Ib-cr4	1785	94.337703	89.337255	110.000000
I_9-10	ARO:3005115	AAC(6')-Ib-cr5	1790	94.662849	89.473575	110.000000
I_9-10	ARO:3005116	AAC(6')-Ib-cr6	1778	93.749719	88.856299	109.000000
I_9-10	ARO:3005117	AAC(6')-Ib-cr7	1788	94.377964	89.200056	110.000000
I_9-10	ARO:3005118	AAC(6')-Ib-cr8	1673	95.155589	89.627675	108.000000
I_9-10	ARO:3005119	AAC(6')-Ib-cr9	1707	95.715759	89.249736	110.000000
I_9-10	ARO:3005121	lsaD	10633	45.812715	43.371043	103.000000
I_9-10	ARO:3005122	PDC-68	12	71.950000	71.033333	83.600000
I_9-10	ARO:3005123	PDC-70	9	65.811111	60.511111	83.600000
I_9-10	ARO:3005124	PDC-63	43	53.174419	56.262791	76.600000
I_9-10	ARO:3005125	PDC-57	19	56.142105	52.163158	77.400000
I_9-10	ARO:3005126	PDC-66	46	55.436957	57.934783	83.600000
I_9-10	ARO:3005129	PDC-51	3	47.766667	41.833333	46.600000
I_9-10	ARO:3005130	OXA-846	178	49.953371	54.469101	102.000000
I_9-10	ARO:3005131	NDM-29	17	96.547059	98.776471	111.000000
I_9-10	ARO:3005133	PDC-62	302	54.883113	57.332450	78.600000
I_9-10	ARO:3005135	PDC-54	6	63.450000	63.666667	75.100000
I_9-10	ARO:3005136	OXA-906	90	55.590000	60.890000	102.000000
I_9-10	ARO:3005137	PDC-59	16	54.981250	61.356250	76.600000
I_9-10	ARO:3005138	OXA-850	158	49.326582	53.944304	101.000000
I_9-10	ARO:3005139	PDC-67	3	45.433333	37.966667	38.500000
I_9-10	ARO:3005140	PDC-56	9	65.811111	60.511111	83.600000
I_9-10	ARO:3005143	PDC-240	33	46.927273	49.554545	61.200000
I_9-10	ARO:3005144	PDC-61	8	50.612500	42.150000	62.000000
I_9-10	ARO:3005145	PDC-45	3	47.766667	41.833333	46.600000
I_9-10	ARO:3005146	PDC-49	12	49.891667	56.175000	68.900000
I_9-10	ARO:3005148	PDC-48	6	62.600000	57.000000	72.000000
I_9-10	ARO:3005150	PAC-1	433	65.611778	64.520323	115.000000
I_9-10	ARO:3005151	PDC-53	5	47.380000	47.360000	58.500000
I_9-10	ARO:3005152	PDC-72	3	47.766667	41.833333	46.600000
I_9-10	ARO:3005155	PDC-23	22	58.822727	64.318182	77.000000
I_9-10	ARO:3005156	PDC-28	3	47.766667	41.833333	46.600000
I_9-10	ARO:3005157	PDC-41	296	54.903716	57.305405	78.600000
I_9-10	ARO:3005158	OXA-668	399	75.310276	79.074185	100.000000
I_9-10	ARO:3005159	OXA-818	42	57.371429	58.016667	95.100000
I_9-10	ARO:3005160	OXA-812	39	43.638462	47.805128	82.400000
I_9-10	ARO:3005162	FosA7.5	837	65.217802	66.755556	108.000000
I_9-10	ARO:3005164	dfrA35	3330	55.792402	55.479159	77.400000
I_9-10	ARO:3005166	tet(X1)	1814	61.847740	56.536825	112.000000
I_9-10	ARO:3005176	CMY-158	62	97.735484	103.570968	108.000000
I_9-10	ARO:3005177	CMY-173	51	98.425490	103.941176	108.000000
I_9-10	ARO:3005180	CMY-147	2	100.000000	110.000000	110.000000
I_9-10	ARO:3005181	CMY-146	251	74.595219	82.456175	110.000000
I_9-10	ARO:3005182	CMY-156	12	92.700000	99.783333	110.000000
I_9-10	ARO:3005183	CMY-160	2	100.000000	110.000000	110.000000
I_9-10	ARO:3005185	CMY-140	241	73.566805	81.479253	94.000000
I_9-10	ARO:3005187	CMY-161	1	53.800000	43.500000	43.500000
I_9-10	ARO:3005189	CMY-166	11	68.954545	67.390909	87.800000
I_9-10	ARO:3005190	CMY-149	5	100.000000	102.200000	104.000000
I_9-10	ARO:3005191	CMY-139	11	98.000000	104.718182	109.000000
I_9-10	ARO:3005192	CMY-148	11	98.000000	104.718182	109.000000
I_9-10	ARO:3005193	CMY-163	2	93.000000	97.950000	100.000000
I_9-10	ARO:3005194	CMY-154	12	90.575000	96.808333	110.000000
I_9-10	ARO:3005195	CMY-142	1	98.000000	104.000000	104.000000
I_9-10	ARO:3005196	CMY-141	11	96.709091	103.645455	110.000000
I_9-10	ARO:3005197	CMY-145	324	88.216975	91.775926	110.000000
I_9-10	ARO:3005198	CMY-157	307	75.718893	79.952117	111.000000
I_9-10	ARO:3005200	CMY-155	90	76.207778	83.236667	109.000000
I_9-10	ARO:3005207	SHV-205	1	100.000000	87.400000	87.400000
I_9-10	ARO:3005208	SHV-222	3	75.933333	71.633333	99.000000
I_9-10	ARO:3005209	SHV-198	3	75.933333	71.633333	99.000000
I_9-10	ARO:3005210	SHV-195	18	54.683333	48.772222	74.300000
I_9-10	ARO:3005211	SHV-201	4	46.950000	47.575000	49.300000
I_9-10	ARO:3005212	SHV-212	3	48.300000	47.000000	47.800000
I_9-10	ARO:3005213	SHV-204	25	51.312000	52.872000	61.600000
I_9-10	ARO:3005214	SHV-197	4	63.950000	67.300000	82.400000
I_9-10	ARO:3005215	SHV-216	2	66.000000	67.400000	69.300000
I_9-10	ARO:3005216	CMY-152	113	84.232743	92.498230	107.000000
I_9-10	ARO:3005217	CMY-151	57	50.977193	62.629825	110.000000
I_9-10	ARO:3005219	CMY-144	111	75.763964	80.801802	109.000000
I_9-10	ARO:3005220	CMY-138	51	99.839216	105.607843	109.000000
I_9-10	ARO:3005221	MCR-3.41	4607	62.413848	67.352659	116.000000
I_9-10	ARO:3005222	OXA-544	1427	72.225088	74.172249	118.000000
I_9-10	ARO:3005223	SHV-194	1	57.100000	54.300000	54.300000
I_9-10	ARO:3005224	SHV-220	2	61.800000	62.950000	67.000000
I_9-10	ARO:3005226	SHV-208	12	55.600000	58.800000	64.700000
I_9-10	ARO:3005229	SHV-196	6	53.883333	47.300000	86.300000
I_9-10	ARO:3005231	SHV-219	9	56.222222	50.922222	92.000000
I_9-10	ARO:3005232	SHV-199	7	53.900000	56.885714	62.800000
I_9-10	ARO:3005233	SHV-227	3	56.733333	58.033333	60.500000
I_9-10	ARO:3005234	SHV-223	3	66.500000	67.933333	77.800000
I_9-10	ARO:3005235	SHV-214	1	57.500000	50.100000	50.100000
I_9-10	ARO:3005238	SHV-218	58	64.518966	65.343103	79.300000
I_9-10	ARO:3005239	SHV-193	8	48.487500	46.550000	61.600000
I_9-10	ARO:3005241	SHV-225	14	54.507143	53.900000	64.300000
I_9-10	ARO:3005242	SHV-209	3	66.966667	64.033333	74.700000
I_9-10	ARO:3005244	ADC-181	13	64.761538	70.392308	107.000000
I_9-10	ARO:3005245	ADC-182	7	59.042857	60.914286	66.200000
I_9-10	ARO:3005246	ADC-183	12	65.391667	70.666667	107.000000
I_9-10	ARO:3005249	SHV-203	9	52.877778	54.400000	60.500000
I_9-10	ARO:3005252	SHV-221	1	57.100000	37.700000	37.700000
I_9-10	ARO:3005253	SHV-202	1	32.700000	39.300000	39.300000
I_9-10	ARO:3005255	TEM-224	2	81.650000	80.650000	97.800000
I_9-10	ARO:3005256	TEM-225	18	61.711111	61.905556	97.800000
I_9-10	ARO:3005257	TEM-226	4	72.225000	73.575000	75.900000
I_9-10	ARO:3005258	TEM-227	103	59.003883	50.053398	64.300000
I_9-10	ARO:3005260	TEM-229	4	47.450000	51.500000	53.100000
I_9-10	ARO:3005261	TEM-230	25	76.128000	79.516000	96.700000
I_9-10	ARO:3005263	TEM-232	3	67.133333	68.500000	100.000000
I_9-10	ARO:3005269	TEM-238	133	62.563910	63.509774	70.900000
I_9-10	ARO:3005270	TEM-240	52	58.363462	58.286538	82.800000
I_9-10	ARO:3005271	TEM-241	64	59.954687	55.565625	72.800000
I_9-10	ARO:3005275	PDC-438	13	67.869231	67.469231	83.600000
I_9-10	ARO:3005276	PDC-284	13	70.569231	70.484615	83.600000
I_9-10	ARO:3005277	PDC-105	7	74.257143	69.942857	83.600000
I_9-10	ARO:3005278	PDC-118	12	48.075000	56.641667	69.300000
I_9-10	ARO:3005279	PDC-324	7	73.757143	70.271429	83.600000
I_9-10	ARO:3005280	PDC-323	5	61.300000	63.560000	65.500000
I_9-10	ARO:3005281	PDC-258	1	48.500000	37.700000	37.700000
I_9-10	ARO:3005282	PDC-413	7	73.571429	70.657143	83.600000
I_9-10	ARO:3005283	PDC-384	19	56.000000	57.036842	77.800000
I_9-10	ARO:3005284	PDC-264	6	50.100000	49.150000	57.000000
I_9-10	ARO:3005285	PDC-201	26	47.265385	50.365385	61.200000
I_9-10	ARO:3005286	PDC-346	3	47.766667	41.833333	46.600000
I_9-10	ARO:3005287	PDC-285	1	56.900000	61.200000	61.200000
I_9-10	ARO:3005288	PDC-337	1	59.600000	57.000000	57.000000
I_9-10	ARO:3005289	PDC-212	2	46.650000	39.450000	40.000000
I_9-10	ARO:3005290	PDC-352	28	48.167857	50.782143	71.600000
I_9-10	ARO:3005291	PDC-464	20	52.505000	52.645000	68.900000
I_9-10	ARO:3005292	PDC-19b	5	45.480000	40.200000	42.400000
I_9-10	ARO:3005293	PDC-380	1	48.500000	37.700000	37.700000
I_9-10	ARO:3005294	PDC-461	7	55.114286	47.957143	58.900000
I_9-10	ARO:3005295	PDC-19a	5	74.800000	71.260000	83.600000
I_9-10	ARO:3005297	PDC-255	24	47.375000	49.266667	61.200000
I_9-10	ARO:3005298	PDC-293	8	56.775000	61.212500	68.900000
I_9-10	ARO:3005299	PDC-183	1	40.000000	40.000000	40.000000
I_9-10	ARO:3005300	PDC-207	84	53.433333	58.841667	71.200000
I_9-10	ARO:3005302	PDC-376	3	48.566667	56.900000	62.800000
I_9-10	ARO:3005303	PDC-117	105	52.340952	59.748571	69.300000
I_9-10	ARO:3005304	PDC-231	9	59.788889	58.855556	85.500000
I_9-10	ARO:3005305	PDC-104	27	51.637037	52.233333	75.900000
I_9-10	ARO:3005306	PDC-173	15	64.900000	63.846667	103.000000
I_9-10	ARO:3005307	PDC-292	7	52.785714	55.828571	63.900000
I_9-10	ARO:3005310	PDC-313	34	55.032353	53.150000	74.700000
I_9-10	ARO:3005311	PDC-257	1	45.800000	54.700000	54.700000
I_9-10	ARO:3005313	PDC-449	4	63.600000	65.200000	65.500000
I_9-10	ARO:3005314	OXA-540	1508	72.546485	75.441578	118.000000
I_9-10	ARO:3005315	OXA-779	1304	63.732669	66.686733	118.000000
I_9-10	ARO:3005316	OXA-838	1321	76.923618	78.660787	118.000000
I_9-10	ARO:3005317	OXA-539	323	72.639938	75.499381	111.000000
I_9-10	ARO:3005318	OXA-543	971	81.993512	82.700618	118.000000
I_9-10	ARO:3005319	OXA-681	1633	73.074525	75.934231	118.000000
I_9-10	ARO:3005320	OXA-737	1315	75.385779	76.979848	118.000000
I_9-10	ARO:3005321	OXA-541	1075	77.033395	78.077209	118.000000
I_9-10	ARO:3005322	OXA-835	1293	64.159319	67.371075	118.000000
I_9-10	ARO:3005323	OXA-926	47	62.302128	66.097872	97.800000
I_9-10	ARO:3005324	OXA-570	176	46.272727	48.032386	75.100000
I_9-10	ARO:3005325	OXA-573	149	47.324161	48.582550	75.500000
I_9-10	ARO:3005326	OXA-571	184	44.899457	48.300000	77.000000
I_9-10	ARO:3005327	OXA-672	59	64.810169	69.732203	89.700000
I_9-10	ARO:3005328	OXA-671	22	63.722727	65.604545	86.300000
I_9-10	ARO:3005329	OXA-673	67	60.544776	64.188060	89.700000
I_9-10	ARO:3005330	OXA-931	299	74.473913	77.898997	104.000000
I_9-10	ARO:3005331	OXA-930	395	73.933924	76.986835	104.000000
I_9-10	ARO:3005332	OXA-895	382	72.629581	75.047644	104.000000
I_9-10	ARO:3005333	OXA-641	1817	53.959053	58.866483	110.000000
I_9-10	ARO:3005334	DfrA42_TMP	20	57.105000	47.785000	109.000000
I_9-10	ARO:3005335	OXA-496	135	77.379259	77.291852	105.000000
I_9-10	ARO:3005336	OXA-915	106	75.622642	74.206604	104.000000
I_9-10	ARO:3005337	OXA-647	174	80.946552	83.318391	104.000000
I_9-10	ARO:3005338	OXA-648	136	69.548529	67.597059	100.000000
I_9-10	ARO:3005339	OXA-646	65	76.167692	76.130769	107.000000
I_9-10	ARO:3005340	OXA-649	123	67.432520	71.834959	104.000000
I_9-10	ARO:3005341	OXA-897	18	78.544444	82.566667	109.000000
I_9-10	ARO:3005342	OXA-653	23	76.134783	81.017391	106.000000
I_9-10	ARO:3005343	OXA-499	74	69.139189	74.158108	104.000000
I_9-10	ARO:3005344	OXA-825	74	68.572973	73.477027	103.000000
I_9-10	ARO:3005345	DfrA43_TMP	1387	50.531939	50.105840	78.200000
I_9-10	ARO:3005346	DfrA34	13	39.592308	42.392308	47.000000
I_9-10	ARO:3005347	DfrA37	1872	66.651923	65.791239	107.000000
I_9-10	ARO:3005348	DfrA36	1631	50.324647	51.853955	76.600000
I_9-10	ARO:3005349	DfrA38	2300	54.703652	55.647391	87.800000
I_9-10	ARO:3005350	DfrB9	138	82.454348	76.677536	107.000000
I_9-10	ARO:3005351	DfrA39	3438	49.556457	51.085369	100.000000
I_9-10	ARO:3005354	dfr22	3575	51.818462	52.621455	105.000000
I_9-10	ARO:3005356	KPC-23	21	59.614286	55.185714	103.000000
I_9-10	ARO:3005358	KPC-26	3	100.000000	107.000000	110.000000
I_9-10	ARO:3005361	KPC-28	58	75.417241	76.518966	108.000000
I_9-10	ARO:3005363	KPC-32	1	53.200000	54.300000	54.300000
I_9-10	ARO:3005364	KPC-30	2	100.000000	109.000000	110.000000
I_9-10	ARO:3005365	KPC-33	2	100.000000	109.000000	110.000000
I_9-10	ARO:3005367	KPC-35	2	100.000000	109.000000	110.000000
I_9-10	ARO:3005369	KPC-37	40	48.060000	51.780000	110.000000
I_9-10	ARO:3005371	KPC-39	2	50.900000	54.300000	63.900000
I_9-10	ARO:3005372	KPC-40	3	48.633333	54.700000	60.100000
I_9-10	ARO:3005374	KPC-42	4	55.825000	50.725000	53.500000
I_9-10	ARO:3005375	KPC-43	4	72.200000	76.350000	110.000000
I_9-10	ARO:3005376	KPC-45	4	78.575000	83.400000	110.000000
I_9-10	ARO:3005380	KPC-51	10	57.030000	55.700000	63.200000
I_9-10	ARO:3005381	KPC-52	2	56.000000	61.600000	61.600000
I_9-10	ARO:3005382	KPC-54	3	49.566667	47.366667	54.300000
I_9-10	ARO:3005461	EBR-3	45	78.533333	77.977778	110.000000
I_9-10	ARO:3005462	EBR-4	47	78.178723	77.717021	110.000000
I_9-10	ARO:3005463	IMP-53	12	50.416667	49.158333	59.300000
I_9-10	ARO:3005464	IMP-54	8	53.975000	50.587500	58.200000
I_9-10	ARO:3005465	IMP-58	2	50.650000	49.450000	61.200000
I_9-10	ARO:3005466	IMP-59	16	56.931250	53.300000	108.000000
I_9-10	ARO:3005467	IMP-60	4	76.875000	59.300000	97.400000
I_9-10	ARO:3005468	IMP-61	9	61.766667	56.833333	106.000000
I_9-10	ARO:3005469	IMP-62	7	56.942857	47.928571	55.500000
I_9-10	ARO:3005470	IMP-63	4	50.500000	46.575000	56.600000
I_9-10	ARO:3005471	IMP-64	6	52.066667	57.883333	63.500000
I_9-10	ARO:3005472	IMP-65	5	54.000000	51.980000	56.600000
I_9-10	ARO:3005473	IMP-66	8	57.750000	51.762500	106.000000
I_9-10	ARO:3005474	IMP-67	4	52.100000	55.075000	60.500000
I_9-10	ARO:3005475	IMP-69	1	53.200000	60.800000	60.800000
I_9-10	ARO:3005476	IMP-70	7	52.400000	53.328571	106.000000
I_9-10	ARO:3005477	IMP-71	1	51.700000	38.100000	38.100000
I_9-10	ARO:3005478	IMP-73	6	68.500000	58.316667	100.000000
I_9-10	ARO:3005479	IMP-74	2	50.650000	49.650000	61.200000
I_9-10	ARO:3005480	IMP-75	1	51.700000	38.100000	38.100000
I_9-10	ARO:3005481	IMP-76	8	57.750000	51.762500	106.000000
I_9-10	ARO:3005482	IMP-77	8	50.262500	43.225000	62.800000
I_9-10	ARO:3005483	IMP-78	9	55.655556	49.511111	106.000000
I_9-10	ARO:3005484	IMP-79	6	52.650000	40.883333	43.500000
I_9-10	ARO:3005485	IMP-80	6	58.783333	51.300000	106.000000
I_9-10	ARO:3005486	IMP-81	6	63.516667	57.400000	99.400000
I_9-10	ARO:3005487	IMP-82	10	53.190000	50.590000	58.500000
I_9-10	ARO:3005490	IMP-85	8	61.975000	55.212500	98.200000
I_9-10	ARO:3005491	IMP-88	5	62.840000	53.240000	106.000000
I_9-10	ARO:3005492	IMP-89	10	60.990000	54.560000	111.000000
I_9-10	ARO:3005493	IND-16	23	62.682609	68.643478	84.000000
I_9-10	ARO:3005495	VIM-47	4	57.375000	56.975000	67.000000
I_9-10	ARO:3005497	VIM-49	6	51.350000	52.250000	67.000000
I_9-10	ARO:3005499	VIM-51	1	51.000000	63.200000	63.200000
I_9-10	ARO:3005500	VIM-52	20	49.730000	61.945000	71.600000
I_9-10	ARO:3005502	VIM-54	1	50.000000	55.100000	55.100000
I_9-10	ARO:3005503	VIM-55	27	49.240741	57.648148	70.500000
I_9-10	ARO:3005505	VIM-57	17	49.482353	62.100000	70.500000
I_9-10	ARO:3005507	VIM-59	23	49.973913	60.995652	71.200000
I_9-10	ARO:3005508	VIM-60	9	52.466667	63.377778	66.600000
I_9-10	ARO:3005509	VIM-61	17	51.600000	54.705882	63.200000
I_9-10	ARO:3005513	VIM-65	1	51.000000	63.200000	63.200000
I_9-10	ARO:3005514	VIM-66	9	52.466667	63.377778	66.600000
I_9-10	ARO:3005516	VIM-68	15	49.173333	63.113333	70.500000
I_9-10	ARO:3005517	VIM-69	23	53.400000	56.565217	68.600000
I_9-10	ARO:3005518	VIM-70	6	48.650000	63.666667	69.700000
I_9-10	ARO:3005519	VIM-71	13	51.007692	54.607692	70.500000
I_9-10	ARO:3005522	BlaB-1	10	53.340000	58.710000	71.200000
I_9-10	ARO:3005523	BlaB-10	7	52.671429	57.585714	71.200000
I_9-10	ARO:3005524	BlaB-11	10	53.340000	58.710000	71.200000
I_9-10	ARO:3005525	BlaB-12	6	50.083333	57.833333	71.600000
I_9-10	ARO:3005526	BlaB-13	6	50.483333	58.266667	71.600000
I_9-10	ARO:3005527	BlaB-14	13	51.376923	57.846154	71.200000
I_9-10	ARO:3005528	BlaB-15	7	52.185714	56.485714	71.200000
I_9-10	ARO:3005529	BlaB-16	17	49.152941	57.117647	72.800000
I_9-10	ARO:3005530	BlaB-17	8	53.625000	59.437500	71.200000
I_9-10	ARO:3005531	BlaB-18	9	51.600000	57.411111	71.200000
I_9-10	ARO:3005532	BlaB-19	4	44.275000	50.950000	67.000000
I_9-10	ARO:3005533	BlaB-2	9	52.777778	57.200000	71.200000
I_9-10	ARO:3005534	BlaB-20	8	53.625000	59.437500	71.200000
I_9-10	ARO:3005535	BlaB-22	6	53.583333	58.966667	71.200000
I_9-10	ARO:3005536	BlaB-23	3	42.800000	51.366667	67.000000
I_9-10	ARO:3005537	BlaB-24	6	53.583333	58.966667	71.200000
I_9-10	ARO:3005538	BlaB-25	6	53.583333	58.966667	71.200000
I_9-10	ARO:3005539	BlaB-26	4	59.525000	65.550000	71.200000
I_9-10	ARO:3005540	BlaB-27	3	60.666667	65.433333	71.200000
I_9-10	ARO:3005541	BlaB-28	3	62.066667	67.233333	73.900000
I_9-10	ARO:3005542	BlaB-29	6	47.066667	53.200000	66.600000
I_9-10	ARO:3005543	BlaB-3	2	33.700000	43.550000	47.800000
I_9-10	ARO:3005544	BlaB-30	6	49.500000	55.516667	67.000000
I_9-10	ARO:3005545	BlaB-31	5	48.980000	55.300000	66.200000
I_9-10	ARO:3005546	BlaB-32	7	49.414286	57.000000	67.000000
I_9-10	ARO:3005547	BlaB-33	6	49.500000	55.516667	67.000000
I_9-10	ARO:3005549	BlaB-35	2	45.200000	52.950000	66.600000
I_9-10	ARO:3005550	BlaB-36	2	66.000000	71.600000	71.600000
I_9-10	ARO:3005551	BlaB-38	15	49.340000	57.573333	72.800000
I_9-10	ARO:3005553	BlaB-5	4	43.800000	48.525000	54.700000
I_9-10	ARO:3005554	BlaB-6	4	43.800000	48.525000	54.700000
I_9-10	ARO:3005555	BlaB-7	6	53.750000	58.966667	71.200000
I_9-10	ARO:3005556	BlaB-8	6	53.750000	58.966667	71.200000
I_9-10	ARO:3005557	BlaB-9	10	48.710000	54.640000	71.200000
I_9-10	ARO:3005558	BUT-2	263	60.833840	65.843346	92.000000
I_9-10	ARO:3005559	CARB-11	382	81.079058	78.133246	108.000000
I_9-10	ARO:3005560	CARB-24	298	60.178523	61.401678	77.800000
I_9-10	ARO:3005561	CARB-25	259	60.083784	61.447490	77.800000
I_9-10	ARO:3005562	CARB-26	198	60.157071	61.827778	77.800000
I_9-10	ARO:3005563	CARB-27	195	60.227692	61.556923	77.800000
I_9-10	ARO:3005564	CARB-28	236	57.262288	60.639407	77.800000
I_9-10	ARO:3005565	CARB-29	169	59.452071	61.120710	77.800000
I_9-10	ARO:3005566	CARB-30	61	59.490164	58.950820	71.600000
I_9-10	ARO:3005567	CARB-31	139	59.895683	60.683453	71.600000
I_9-10	ARO:3005568	CARB-32	31	55.329032	55.825806	71.200000
I_9-10	ARO:3005569	CARB-33	121	60.657025	62.442149	75.100000
I_9-10	ARO:3005570	CARB-34	97	58.651546	61.253608	77.000000
I_9-10	ARO:3005571	CARB-35	96	60.211458	61.690625	71.200000
I_9-10	ARO:3005572	CARB-36	118	60.441525	61.855085	72.000000
I_9-10	ARO:3005573	CARB-38	72	61.681944	62.272222	71.600000
I_9-10	ARO:3005574	CARB-40	71	61.156338	62.053521	71.600000
I_9-10	ARO:3005575	CARB-41	58	62.562069	62.694828	71.600000
I_9-10	ARO:3005576	CARB-42	356	59.657022	62.773034	73.200000
I_9-10	ARO:3005577	CARB-43	166	65.094578	63.345181	73.200000
I_9-10	ARO:3005578	CARB-44	63	58.420635	59.430159	71.200000
I_9-10	ARO:3005579	CARB-45	64	61.767188	63.503125	77.000000
I_9-10	ARO:3005580	CARB-46	199	65.068342	64.147236	71.600000
I_9-10	ARO:3005581	CARB-47	54	52.633333	56.953704	70.100000
I_9-10	ARO:3005582	CARB-48	36	57.533333	57.102778	71.600000
I_9-10	ARO:3005583	CARB-49	820	67.545122	68.923902	111.000000
I_9-10	ARO:3005584	CARB-50	804	67.536567	69.094776	111.000000
I_9-10	ARO:3005585	CARB-51	420	79.019048	76.825000	110.000000
I_9-10	ARO:3005586	CARB-52	367	75.353951	74.374659	106.000000
I_9-10	ARO:3005587	CARB-53	370	81.706216	78.752703	110.000000
I_9-10	ARO:3005588	CARB-54	927	67.193959	68.900431	111.000000
I_9-10	ARO:3005589	CARB-55	368	81.173370	78.718750	108.000000
I_9-10	ARO:3005592	CTX-M-169	1	100.000000	102.000000	102.000000
I_9-10	ARO:3005594	CTX-M-171	189	82.287831	79.796296	109.000000
I_9-10	ARO:3005596	CTX-M-173	2	64.700000	67.400000	69.700000
I_9-10	ARO:3005597	CTX-M-174	45	71.364444	76.253333	103.000000
I_9-10	ARO:3005598	CTX-M-175	8	62.862500	64.650000	95.500000
I_9-10	ARO:3005600	CTX-M-177	1	94.000000	98.600000	98.600000
I_9-10	ARO:3005602	CTX-M-179	33	65.521212	70.800000	98.600000
I_9-10	ARO:3005603	CTX-M-180	2	56.450000	61.600000	66.200000
I_9-10	ARO:3005608	CTX-M-185	57	81.685965	75.864912	105.000000
I_9-10	ARO:3005610	CTX-M-187	1	94.000000	98.600000	98.600000
I_9-10	ARO:3005613	CTX-M-190	2	100.000000	95.500000	95.500000
I_9-10	ARO:3005615	CTX-M-192	9	59.600000	65.922222	103.000000
I_9-10	ARO:3005616	CTX-M-193	6	46.283333	42.616667	46.200000
I_9-10	ARO:3005618	CTX-M-195	45	70.568889	75.473333	103.000000
I_9-10	ARO:3005619	CTX-M-196	40	72.507500	77.580000	101.000000
I_9-10	ARO:3005620	CTX-M-197	1	61.200000	62.000000	62.000000
I_9-10	ARO:3005621	CTX-M-198	5	75.520000	72.780000	79.300000
I_9-10	ARO:3005622	CTX-M-199	59	70.494915	76.330508	89.000000
I_9-10	ARO:3005623	CTX-M-200	189	84.827513	81.069841	107.000000
I_9-10	ARO:3005625	CTX-M-202	56	61.433929	69.278571	83.600000
I_9-10	ARO:3005626	CTX-M-203	2	77.450000	78.750000	98.600000
I_9-10	ARO:3005627	CTX-M-204	3	66.000000	66.000000	98.600000
I_9-10	ARO:3005628	CTX-M-205	64	79.739062	74.060938	106.000000
I_9-10	ARO:3005629	CTX-M-206	1	94.000000	98.600000	98.600000
I_9-10	ARO:3005630	CTX-M-207	9	67.688889	73.855556	95.500000
I_9-10	ARO:3005631	CTX-M-208	2	61.550000	68.150000	69.300000
I_9-10	ARO:3005633	CTX-M-210	1	72.900000	64.700000	64.700000
I_9-10	ARO:3005635	CTX-M-212	3	98.000000	96.533333	98.600000
I_9-10	ARO:3005636	CTX-M-213	13	78.423077	74.800000	99.400000
I_9-10	ARO:3005637	CTX-M-214	4	47.450000	52.450000	60.800000
I_9-10	ARO:3005639	CTX-M-216	2	52.000000	62.800000	62.800000
I_9-10	ARO:3005640	CTX-M-217	66	77.886364	73.812121	100.000000
I_9-10	ARO:3005642	CTX-M-219	8	54.275000	58.525000	81.300000
I_9-10	ARO:3005643	CTX-M-220	16	48.875000	45.675000	98.600000
I_9-10	ARO:3005644	CTX-M-221	3	65.066667	68.800000	98.600000
I_9-10	ARO:3005645	CTX-M-222	8	62.862500	64.650000	95.500000
I_9-10	ARO:3005646	CTX-M-223	40	69.892500	75.107500	103.000000
I_9-10	ARO:3005648	CTX-M-225	43	67.681395	77.490698	88.200000
I_9-10	ARO:3005649	CTX-M-226	6	76.533333	64.583333	95.500000
I_9-10	ARO:3005652	CTX-M-229	193	82.179275	79.589119	109.000000
I_9-10	ARO:3005653	CTX-M-230	3	49.633333	47.133333	52.000000
I_9-10	ARO:3005654	CTX-M-231	5	58.520000	52.060000	64.700000
I_9-10	ARO:3005655	CTX-M-232	4	67.200000	50.225000	58.500000
I_9-10	ARO:3005656	CTX-M-233	28	70.678571	75.764286	103.000000
I_9-10	ARO:3005657	CTX-M-234	59	70.523729	76.479661	95.100000
I_9-10	ARO:3005658	CTX-M-235	3	61.033333	57.733333	82.000000
I_9-10	ARO:3005659	CTX-M-236	1	94.000000	98.600000	98.600000
I_9-10	ARO:3005660	CTX-M-237	3	63.933333	65.600000	71.600000
I_9-10	ARO:3005661	CTX-M-238	4	67.200000	49.875000	58.200000
I_9-10	ARO:3005662	CTX-M-239	8	60.200000	67.137500	103.000000
I_9-10	ARO:3005663	CTX-M-240	28	71.332143	76.217857	103.000000
I_9-10	ARO:3005664	CTX-M-241	45	75.864444	69.097778	108.000000
I_9-10	ARO:3005665	CTX-M-242	45	70.108889	73.537778	103.000000
I_9-10	ARO:3005667	CTX-M-97	186	86.715054	84.497312	109.000000
I_9-10	ARO:3005668	GOB-19	37	54.837838	50.189189	92.000000
I_9-10	ARO:3005669	GOB-20	31	49.874194	46.987097	86.700000
I_9-10	ARO:3005670	GOB-21	27	53.729630	50.355556	91.700000
I_9-10	ARO:3005671	GOB-22	38	52.444737	52.776316	95.500000
I_9-10	ARO:3005672	GOB-23	31	51.103226	45.864516	92.000000
I_9-10	ARO:3005673	GOB-24	206	48.785437	44.625243	70.500000
I_9-10	ARO:3005674	GOB-25	46	53.667391	50.247826	92.000000
I_9-10	ARO:3005675	GOB-26	33	51.290909	43.563636	72.400000
I_9-10	ARO:3005676	GOB-27	38	52.444737	52.776316	95.500000
I_9-10	ARO:3005677	GOB-28	213	49.442254	44.489671	86.700000
I_9-10	ARO:3005678	GOB-29	42	54.909524	49.366667	94.000000
I_9-10	ARO:3005679	GOB-30	223	48.952018	44.535874	86.700000
I_9-10	ARO:3005680	GOB-31	42	56.976190	52.085714	95.500000
I_9-10	ARO:3005681	GOB-32	41	53.982927	49.524390	92.000000
I_9-10	ARO:3005682	GOB-33	16	56.556250	53.075000	88.200000
I_9-10	ARO:3005683	GOB-34	14	51.721429	48.635714	88.200000
I_9-10	ARO:3005684	GOB-35	13	55.730769	52.907692	90.100000
I_9-10	ARO:3005685	GOB-36	8	56.725000	53.237500	90.100000
I_9-10	ARO:3005686	GOB-37	13	55.730769	52.907692	90.100000
I_9-10	ARO:3005687	GOB-38	24	49.175000	46.633333	86.700000
I_9-10	ARO:3005688	GOB-39	14	51.042857	46.850000	86.700000
I_9-10	ARO:3005689	GOB-40	220	48.830909	44.363636	86.700000
I_9-10	ARO:3005690	GOB-41	228	49.120175	43.967105	86.700000
I_9-10	ARO:3005691	GOB-42	18	51.127778	48.461111	92.000000
I_9-10	ARO:3005692	GOB-43	217	48.692627	44.235945	65.500000
I_9-10	ARO:3005693	GOB-44	35	52.568571	53.514286	95.500000
I_9-10	ARO:3005694	GOB-45	216	48.646296	44.255556	65.500000
I_9-10	ARO:3005695	GOB-46	35	52.568571	53.514286	95.500000
I_9-10	ARO:3005696	GOB-48	20	46.225000	42.955000	65.500000
I_9-10	ARO:3005697	GOB-49	30	55.330000	50.783333	94.000000
I_9-10	ARO:3005698	GOB-50	21	48.052381	44.904762	73.200000
I_9-10	ARO:3005699	GOB-51	13	55.576923	52.761538	88.200000
I_9-10	ARO:3005700	NDM-30	12	99.833333	104.300000	111.000000
I_9-10	ARO:3005701	NDM-31	10	100.000000	102.520000	111.000000
I_9-10	ARO:3005702	OXA-114b	77	53.931169	53.549351	102.000000
I_9-10	ARO:3005703	OXA-114c	46	57.052174	57.336957	102.000000
I_9-10	ARO:3005704	OXA-114d	63	53.184127	52.587302	102.000000
I_9-10	ARO:3005705	OXA-114e	64	54.085938	53.146875	102.000000
I_9-10	ARO:3005706	OXA-114f	70	55.202857	54.304286	102.000000
I_9-10	ARO:3005707	OXA-114g	83	54.696386	53.312048	102.000000
I_9-10	ARO:3005708	OXA-114h	65	55.483077	54.680000	102.000000
I_9-10	ARO:3005709	OXA-114i	51	56.307843	56.625490	102.000000
I_9-10	ARO:3005710	OXA-114j	29	61.865517	62.717241	100.000000
I_9-10	ARO:3005711	OXA-114k	37	56.540541	57.040541	102.000000
I_9-10	ARO:3005712	OXA-114l	41	57.887805	57.797561	102.000000
I_9-10	ARO:3005713	OXA-114m	39	57.330769	56.787179	102.000000
I_9-10	ARO:3005714	OXA-114n	26	58.730769	58.515385	80.100000
I_9-10	ARO:3005715	OXA-114p	20	58.615000	59.845000	78.600000
I_9-10	ARO:3005716	OXA-114q	43	55.674419	55.367442	102.000000
I_9-10	ARO:3005717	OXA-114r	49	54.751020	54.504082	102.000000
I_9-10	ARO:3005718	OXA-114s	35	54.648571	55.860000	80.500000
I_9-10	ARO:3005719	OXA-114t	34	58.185294	58.335294	102.000000
I_9-10	ARO:3005720	OXA-114u	24	61.095833	63.912500	80.900000
I_9-10	ARO:3005721	OXA-114v	28	57.071429	60.589286	102.000000
I_9-10	ARO:3005722	OXA-114w	29	55.382759	58.034483	102.000000
I_9-10	ARO:3005723	OXA-114x	46	54.206522	53.321739	102.000000
I_9-10	ARO:3005724	OXA-489	27	51.622222	49.844444	107.000000
I_9-10	ARO:3005725	OXA-491	4077	70.267329	73.682855	111.000000
I_9-10	ARO:3005726	OXA-493	57	47.008772	45.426316	56.600000
I_9-10	ARO:3005727	OXA-494	157	56.378981	58.497452	101.000000
I_9-10	ARO:3005728	OXA-497	3	53.233333	54.300000	85.100000
I_9-10	ARO:3005729	OXA-498	676	90.709172	86.997041	111.000000
I_9-10	ARO:3005730	OXA-500	150	77.552667	81.376000	107.000000
I_9-10	ARO:3005731	OXA-501	176	76.305114	78.161364	107.000000
I_9-10	ARO:3005732	OXA-502	162	76.840741	80.009259	107.000000
I_9-10	ARO:3005733	OXA-503	219	76.557078	78.771689	107.000000
I_9-10	ARO:3005734	OXA-504	2117	93.593859	93.192159	115.000000
I_9-10	ARO:3005735	OXA-505	71	62.007042	67.057746	114.000000
I_9-10	ARO:3005736	OXA-506	197	75.707107	77.606599	107.000000
I_9-10	ARO:3005737	OXA-507	2	86.000000	89.150000	102.000000
I_9-10	ARO:3005739	OXA-509	6	71.916667	76.350000	77.400000
I_9-10	ARO:3005740	OXA-510	49	70.320408	74.959184	82.000000
I_9-10	ARO:3005742	OXA-512	699	95.347210	92.115451	107.000000
I_9-10	ARO:3005743	OXA-513	78	47.769231	47.656410	72.400000
I_9-10	ARO:3005744	OXA-514	90	55.667778	60.902222	114.000000
I_9-10	ARO:3005745	OXA-515	186	52.052688	57.135484	111.000000
I_9-10	ARO:3005746	OXA-516	6	74.333333	77.800000	80.500000
I_9-10	ARO:3005747	OXA-517	532	55.551692	55.341353	109.000000
I_9-10	ARO:3005748	OXA-518	42	48.119048	47.642857	59.700000
I_9-10	ARO:3005749	OXA-519	55	63.663636	68.438182	114.000000
I_9-10	ARO:3005750	OXA-520	1798	94.857175	88.846941	111.000000
I_9-10	ARO:3005752	OXA-522	130	74.100769	74.674615	107.000000
I_9-10	ARO:3005753	OXA-523	7	68.628571	72.985714	77.400000
I_9-10	ARO:3005754	OXA-524	7	73.357143	79.085714	95.500000
I_9-10	ARO:3005755	OXA-525	1	45.700000	48.100000	48.100000
I_9-10	ARO:3005756	OXA-526	116	76.207759	80.051724	104.000000
I_9-10	ARO:3005757	OXA-527	54	70.305556	76.244444	87.000000
I_9-10	ARO:3005758	OXA-528	2	91.000000	98.200000	102.000000
I_9-10	ARO:3005759	OXA-529	1	100.000000	104.000000	104.000000
I_9-10	ARO:3005761	OXA-531	10	71.720000	78.960000	104.000000
I_9-10	ARO:3005763	OXA-533	94	76.537234	80.228723	107.000000
I_9-10	ARO:3005764	OXA-534	778	91.482519	88.223265	112.000000
I_9-10	ARO:3005766	OXA-537	72	82.680556	76.170833	104.000000
I_9-10	ARO:3005767	OXA-538	449	52.939644	58.053675	105.000000
I_9-10	ARO:3005768	OXA-542	77	63.346753	65.948052	104.000000
I_9-10	ARO:3005770	OXA-546	198	50.250000	53.037879	114.000000
I_9-10	ARO:3005771	OXA-547	184	50.473913	53.215217	114.000000
I_9-10	ARO:3005772	OXA-548	460	50.548043	52.133261	70.100000
I_9-10	ARO:3005773	OXA-549	514	50.309728	52.005837	67.400000
I_9-10	ARO:3005774	OXA-550	467	50.570878	52.164668	70.100000
I_9-10	ARO:3005775	OXA-551	536	50.574254	51.485075	70.100000
I_9-10	ARO:3005776	OXA-552	512	50.308984	52.017187	67.400000
I_9-10	ARO:3005777	OXA-553	447	50.794855	52.277181	70.100000
I_9-10	ARO:3005781	OXA-557	1	100.000000	100.000000	100.000000
I_9-10	ARO:3005782	OXA-558	16	77.918750	85.306250	95.500000
I_9-10	ARO:3005783	OXA-559	9	57.011111	61.844444	84.300000
I_9-10	ARO:3005784	OXA-560	2	91.000000	98.200000	102.000000
I_9-10	ARO:3005785	OXA-561	34	77.464706	82.470588	90.500000
I_9-10	ARO:3005786	OXA-562	73	72.038356	77.613699	100.000000
I_9-10	ARO:3005787	OXA-563	15	72.933333	70.006667	108.000000
I_9-10	ARO:3005788	OXA-564	118	75.905932	79.905085	107.000000
I_9-10	ARO:3005789	OXA-565	21	78.138095	82.657143	95.100000
I_9-10	ARO:3005790	OXA-566	86	53.562791	57.113953	114.000000
I_9-10	ARO:3005791	OXA-567	524	56.209351	57.118130	109.000000
I_9-10	ARO:3005792	OXA-568	155	67.200645	71.399355	96.300000
I_9-10	ARO:3005793	OXA-569	130	60.165385	61.151538	80.500000
I_9-10	ARO:3005794	OXA-572	129	56.136434	58.177519	81.300000
I_9-10	ARO:3005795	OXA-574	126	60.501587	61.269841	75.900000
I_9-10	ARO:3005796	OXA-575	46	58.780435	61.606522	102.000000
I_9-10	ARO:3005797	OXA-576	64	46.090625	44.262500	57.400000
I_9-10	ARO:3005798	OXA-577	47	45.382979	43.714894	107.000000
I_9-10	ARO:3005799	OXA-578	44	48.075000	45.731818	107.000000
I_9-10	ARO:3005800	OXA-579	45	47.982222	45.360000	107.000000
I_9-10	ARO:3005801	OXA-580	56	45.464286	43.330357	107.000000
I_9-10	ARO:3005802	OXA-581	47	46.010638	44.119149	107.000000
I_9-10	ARO:3005803	OXA-582	42	45.590476	43.804762	107.000000
I_9-10	ARO:3005804	OXA-583	56	47.630357	44.600000	107.000000
I_9-10	ARO:3005805	OXA-584	5	42.040000	42.200000	47.800000
I_9-10	ARO:3005806	OXA-585	3	41.133333	42.233333	47.800000
I_9-10	ARO:3005807	OXA-586	3	59.200000	61.966667	107.000000
I_9-10	ARO:3005808	OXA-587	3	61.266667	65.333333	107.000000
I_9-10	ARO:3005809	OXA-588	13	52.953846	50.923077	107.000000
I_9-10	ARO:3005810	OXA-589	32	48.065625	44.193750	107.000000
I_9-10	ARO:3005811	OXA-590	2	45.600000	39.850000	40.000000
I_9-10	ARO:3005812	OXA-591	2	52.250000	48.500000	51.200000
I_9-10	ARO:3005814	OXA-593	9	57.600000	55.388889	58.200000
I_9-10	ARO:3005816	OXA-595	10	47.540000	45.950000	52.800000
I_9-10	ARO:3005817	OXA-596	2	52.250000	48.500000	51.200000
I_9-10	ARO:3005819	OXA-598	52	46.888462	45.030769	107.000000
I_9-10	ARO:3005820	OXA-599	55	49.427273	46.381818	58.900000
I_9-10	ARO:3005821	OXA-600	1	42.900000	37.700000	37.700000
I_9-10	ARO:3005822	OXA-601	41	44.836585	43.392683	107.000000
I_9-10	ARO:3005823	OXA-602	84	46.964286	43.882143	107.000000
I_9-10	ARO:3005824	OXA-603	62	45.970968	43.387097	54.300000
I_9-10	ARO:3005825	OXA-604	83	47.072289	43.914458	107.000000
I_9-10	ARO:3005826	OXA-605	28	43.817857	42.010714	46.600000
I_9-10	ARO:3005828	OXA-607	63	46.828571	44.396825	107.000000
I_9-10	ARO:3005832	OXA-611	4	51.750000	39.650000	40.000000
I_9-10	ARO:3005833	OXA-612	6	41.283333	39.383333	40.800000
I_9-10	ARO:3005834	OXA-613	11	50.718182	48.690909	57.400000
I_9-10	ARO:3005835	OXA-614	10	52.010000	49.630000	57.400000
I_9-10	ARO:3005836	OXA-615	11	51.345455	49.000000	57.400000
I_9-10	ARO:3005837	OXA-616	30	44.163333	40.673333	52.800000
I_9-10	ARO:3005838	OXA-617	23	59.817391	51.408696	58.500000
I_9-10	ARO:3005839	OXA-618	28	59.746429	53.617857	60.100000
I_9-10	ARO:3005840	OXA-619	26	58.169231	49.542308	58.500000
I_9-10	ARO:3005841	OXA-620	14	51.735714	41.571429	53.100000
I_9-10	ARO:3005842	OXA-621	49	39.275510	39.722449	47.000000
I_9-10	ARO:3005843	OXA-622	55	41.565455	39.703636	47.000000
I_9-10	ARO:3005844	OXA-623	19	46.984211	43.005263	57.000000
I_9-10	ARO:3005845	OXA-624	54	41.288889	39.692593	47.800000
I_9-10	ARO:3005846	OXA-625	30	51.093333	47.536667	57.000000
I_9-10	ARO:3005847	OXA-626	26	50.976923	47.280769	68.600000
I_9-10	ARO:3005848	OXA-627	23	51.160870	47.365217	56.200000
I_9-10	ARO:3005849	OXA-628	15	46.846667	43.920000	54.300000
I_9-10	ARO:3005850	OXA-629	20	52.955000	48.170000	56.200000
I_9-10	ARO:3005851	OXA-630	23	50.639130	47.165217	56.200000
I_9-10	ARO:3005852	OXA-631	23	50.547826	46.934783	56.200000
I_9-10	ARO:3005853	OXA-632	19	50.463158	46.152632	56.200000
I_9-10	ARO:3005854	OXA-633	18	50.394444	47.038889	56.200000
I_9-10	ARO:3005855	OXA-634	18	50.027778	46.533333	56.200000
I_9-10	ARO:3005856	OXA-635	5	43.780000	42.180000	46.600000
I_9-10	ARO:3005857	OXA-636	5	42.220000	41.400000	43.900000
I_9-10	ARO:3005858	OXA-637	12	50.566667	48.391667	57.400000
I_9-10	ARO:3005859	OXA-638	16	51.750000	41.912500	53.100000
I_9-10	ARO:3005860	OXA-639	14	54.842857	47.728571	57.400000
I_9-10	ARO:3005861	OXA-640	11	51.290909	49.218182	57.400000
I_9-10	ARO:3005862	OXA-642	20	63.670000	67.215000	107.000000
I_9-10	ARO:3005863	OXA-643	720	89.740694	86.484306	115.000000
I_9-10	ARO:3005864	OXA-644	756	89.642593	86.461376	114.000000
I_9-10	ARO:3005865	OXA-645	794	88.989798	86.032997	112.000000
I_9-10	ARO:3005866	OXA-650	818	88.409658	85.826773	111.000000
I_9-10	ARO:3005867	OXA-651	833	88.585594	86.034814	115.000000
I_9-10	ARO:3005868	OXA-652	811	89.105055	86.307152	112.000000
I_9-10	ARO:3005869	OXA-654	35	72.465714	82.765714	90.500000
I_9-10	ARO:3005870	OXA-655	1772	90.307506	87.073476	111.000000
I_9-10	ARO:3005871	OXA-656	2015	91.647692	89.187345	111.000000
I_9-10	ARO:3005872	OXA-657	38	60.326316	64.460526	94.000000
I_9-10	ARO:3005873	OXA-658	19	55.900000	51.636842	57.000000
I_9-10	ARO:3005874	OXA-659	2	52.250000	48.500000	51.200000
I_9-10	ARO:3005875	OXA-660	69	46.059420	43.081159	54.300000
I_9-10	ARO:3005876	OXA-661	74	69.497297	76.868919	90.500000
I_9-10	ARO:3005877	OXA-662	715	88.448252	84.400839	115.000000
I_9-10	ARO:3005878	OXA-666	97	68.651546	61.676289	95.100000
I_9-10	ARO:3005879	OXA-667	398	74.919598	78.542965	100.000000
I_9-10	ARO:3005880	OXA-669	265	73.156981	76.064151	99.400000
I_9-10	ARO:3005881	OXA-670	20	59.745000	61.735000	89.400000
I_9-10	ARO:3005882	OXA-674	67	64.350746	68.394030	92.000000
I_9-10	ARO:3005883	OXA-675	770	90.537662	87.228182	113.000000
I_9-10	ARO:3005884	OXA-676	538	82.473792	76.669331	111.000000
I_9-10	ARO:3005885	OXA-677	1855	94.221671	88.917412	111.000000
I_9-10	ARO:3005886	OXA-678	17	68.747059	70.952941	105.000000
I_9-10	ARO:3005887	OXA-679	147	65.638095	65.927891	89.700000
I_9-10	ARO:3005888	OXA-680	1	45.800000	42.000000	42.000000
I_9-10	ARO:3005889	OXA-682	1	45.800000	42.000000	42.000000
I_9-10	ARO:3005890	OXA-683	45	66.697778	58.244444	85.100000
I_9-10	ARO:3005891	OXA-684	39	68.053846	59.289744	102.000000
I_9-10	ARO:3005893	OXA-686	26	49.273077	52.157692	95.500000
I_9-10	ARO:3005894	OXA-687	3	74.933333	82.566667	95.500000
I_9-10	ARO:3005896	OXA-689	3	57.733333	64.733333	68.200000
I_9-10	ARO:3005897	OXA-690	1	82.000000	94.400000	94.400000
I_9-10	ARO:3005898	OXA-691	15	78.753333	86.146667	91.300000
I_9-10	ARO:3005900	OXA-693	1	71.700000	80.500000	80.500000
I_9-10	ARO:3005902	OXA-695	1	82.000000	94.400000	94.400000
I_9-10	ARO:3005903	OXA-696	10	71.720000	78.960000	104.000000
I_9-10	ARO:3005904	OXA-697	38	67.213158	58.165789	85.100000
I_9-10	ARO:3005906	OXA-699	2	78.950000	83.150000	84.700000
I_9-10	ARO:3005907	OXA-700	2	72.700000	76.450000	79.700000
I_9-10	ARO:3005910	OXA-703	6	81.166667	86.333333	102.000000
I_9-10	ARO:3005912	OXA-705	1	57.100000	63.500000	63.500000
I_9-10	ARO:3005913	OXA-706	1	82.000000	94.400000	94.400000
I_9-10	ARO:3005915	OXA-708	2	85.850000	91.050000	102.000000
I_9-10	ARO:3005916	OXA-709	1	100.000000	100.000000	100.000000
I_9-10	ARO:3005918	OXA-711	1	85.700000	90.100000	90.100000
I_9-10	ARO:3005920	OXA-713	1	45.800000	42.000000	42.000000
I_9-10	ARO:3005921	OXA-714	1	100.000000	102.000000	102.000000
I_9-10	ARO:3005923	OXA-716	1	58.300000	62.000000	62.000000
I_9-10	ARO:3005924	OXA-717	3	74.933333	82.566667	95.500000
I_9-10	ARO:3005925	OXA-718	1	100.000000	102.000000	102.000000
I_9-10	ARO:3005929	OXA-722	1	57.100000	63.500000	63.500000
I_9-10	ARO:3005931	OXA-726	1802	80.179467	84.296448	117.000000
I_9-10	ARO:3005932	OXA-727	366	76.639617	74.850820	109.000000
I_9-10	ARO:3005933	OXA-728	434	76.896774	76.657604	109.000000
I_9-10	ARO:3005934	OXA-729	236	47.576271	49.488136	65.900000
I_9-10	ARO:3005935	OXA-730	134	65.517910	65.724627	89.700000
I_9-10	ARO:3005936	OXA-731	498	51.995181	54.823896	108.000000
I_9-10	ARO:3005937	OXA-732	1584	61.266035	65.751263	119.000000
I_9-10	ARO:3005938	OXA-733	1	48.900000	52.800000	52.800000
I_9-10	ARO:3005940	OXA-735	5	68.020000	72.880000	80.900000
I_9-10	ARO:3005941	OXA-736	462	88.798701	83.715801	111.000000
I_9-10	ARO:3005943	OXA-739	1	50.000000	50.800000	50.800000
I_9-10	ARO:3005945	OXA-741	34	68.358824	58.155882	75.500000
I_9-10	ARO:3005948	OXA-744	6	73.366667	80.366667	104.000000
I_9-10	ARO:3005949	OXA-745	3	74.933333	82.566667	95.500000
I_9-10	ARO:3005953	OXA-749	4	80.325000	87.375000	89.400000
I_9-10	ARO:3005959	OXA-755	32	72.140625	77.393750	91.300000
I_9-10	ARO:3005960	OXA-756	2	83.850000	91.450000	93.200000
I_9-10	ARO:3005961	OXA-757	1	100.000000	104.000000	104.000000
I_9-10	ARO:3005962	OXA-758	2	72.700000	76.450000	79.700000
I_9-10	ARO:3005963	OXA-759	4	52.200000	45.175000	45.800000
I_9-10	ARO:3005965	OXA-761	2	62.000000	43.900000	44.300000
I_9-10	ARO:3005968	OXA-764	14	77.314286	84.942857	92.000000
I_9-10	ARO:3005970	OXA-766	63	71.349206	84.250794	87.800000
I_9-10	ARO:3005971	OXA-767	2	72.700000	76.250000	79.700000
I_9-10	ARO:3005976	OXA-772	7	53.485714	58.442857	68.200000
I_9-10	ARO:3005981	OXA-777	17	63.164706	62.100000	105.000000
I_9-10	ARO:3005982	OXA-778	96	78.091667	80.063542	107.000000
I_9-10	ARO:3005983	OXA-780	2058	95.300194	94.067347	115.000000
I_9-10	ARO:3005984	OXA-781	35	67.714286	57.694286	75.500000
I_9-10	ARO:3005986	OXA-783	14	43.192857	44.078571	71.200000
I_9-10	ARO:3005987	OXA-784	32	47.125000	42.437500	48.900000
I_9-10	ARO:3005988	OXA-785	23	49.578261	45.756522	56.200000
I_9-10	ARO:3005989	OXA-786	70	46.621429	43.874286	107.000000
I_9-10	ARO:3005990	OXA-787	69	48.631884	47.918841	72.400000
I_9-10	ARO:3005991	OXA-788	1066	54.649719	56.491370	109.000000
I_9-10	ARO:3005992	OXA-789	71	49.471831	49.054930	72.800000
I_9-10	ARO:3005993	OXA-793	516	56.065504	55.815891	109.000000
I_9-10	ARO:3005994	OXA-794	1637	97.480086	91.611057	111.000000
I_9-10	ARO:3005995	OXA-795	1822	94.412130	88.362678	111.000000
I_9-10	ARO:3005996	OXA-796	773	91.831177	88.577490	112.000000
I_9-10	ARO:3005997	OXA-797	2	72.750000	78.600000	79.000000
I_9-10	ARO:3005998	OXA-798	44	64.961364	57.938636	85.100000
I_9-10	ARO:3006000	OXA-800	34	68.358824	58.155882	75.500000
I_9-10	ARO:3006001	OXA-801	24	83.991667	87.579167	104.000000
I_9-10	ARO:3006002	OXA-802	30	75.006667	81.040000	103.000000
I_9-10	ARO:3006003	OXA-803	90	76.802222	80.327778	107.000000
I_9-10	ARO:3006004	OXA-804	25	72.320000	74.028000	107.000000
I_9-10	ARO:3006005	OXA-805	28	73.300000	77.835714	104.000000
I_9-10	ARO:3006006	OXA-806	31	65.177419	62.851613	94.000000
I_9-10	ARO:3006007	OXA-807	14	59.450000	60.178571	94.000000
I_9-10	ARO:3006008	OXA-808	11	51.154545	51.736364	58.200000
I_9-10	ARO:3006009	OXA-809	35	43.165714	47.514286	82.400000
I_9-10	ARO:3006010	OXA-810	4	68.850000	70.850000	79.700000
I_9-10	ARO:3006011	OXA-811	18	54.855556	50.211111	79.300000
I_9-10	ARO:3006013	OXA-814	11	51.154545	51.736364	58.200000
I_9-10	ARO:3006014	OXA-815	40	43.052500	47.167500	74.300000
I_9-10	ARO:3006015	OXA-816	33	43.066667	47.790909	82.400000
I_9-10	ARO:3006016	OXA-817	45	46.684444	50.548889	74.300000
I_9-10	ARO:3006017	OXA-819	17	79.794118	83.947059	103.000000
I_9-10	ARO:3006018	OXA-820	166	72.666867	74.542169	107.000000
I_9-10	ARO:3006019	OXA-821	115	75.533043	79.511304	107.000000
I_9-10	ARO:3006020	OXA-822	69	81.318841	85.697101	96.700000
I_9-10	ARO:3006021	OXA-823	1685	96.328071	90.774896	111.000000
I_9-10	ARO:3006022	OXA-824	1647	97.600182	91.699818	111.000000
I_9-10	ARO:3006023	OXA-826	83	76.551807	79.904819	107.000000
I_9-10	ARO:3006024	OXA-827	1851	93.858131	90.601189	111.000000
I_9-10	ARO:3006026	OXA-829	37	71.878378	82.059459	90.500000
I_9-10	ARO:3006027	OXA-830	548	73.472810	80.633942	112.000000
I_9-10	ARO:3006029	OXA-832	19	65.831579	68.315789	107.000000
I_9-10	ARO:3006030	OXA-833	94	71.936170	74.495745	110.000000
I_9-10	ARO:3006031	OXA-834	3	62.166667	70.733333	72.800000
I_9-10	ARO:3006032	OXA-836	476	93.727941	94.752311	107.000000
I_9-10	ARO:3006033	OXA-839	42	53.671429	54.064286	102.000000
I_9-10	ARO:3006034	OXA-840	78	76.285897	79.961538	103.000000
I_9-10	ARO:3006035	OXA-841	20	70.685000	73.805000	104.000000
I_9-10	ARO:3006036	OXA-842	27	67.062963	70.903704	106.000000
I_9-10	ARO:3006037	OXA-843	20	71.080000	74.555000	103.000000
I_9-10	ARO:3006038	OXA-844	71	80.115493	86.143662	97.400000
I_9-10	ARO:3006039	OXA-845	20	58.130000	59.490000	108.000000
I_9-10	ARO:3006040	OXA-847	120	58.541667	59.524167	106.000000
I_9-10	ARO:3006041	OXA-848	127	58.628346	60.714173	102.000000
I_9-10	ARO:3006042	OXA-849	64	53.614063	58.364063	102.000000
I_9-10	ARO:3006043	OXA-851	63	53.874603	58.803175	102.000000
I_9-10	ARO:3006044	OXA-852	62	71.370968	84.361290	87.800000
I_9-10	ARO:3006049	OXA-857	6	77.016667	82.600000	87.000000
I_9-10	ARO:3006052	OXA-860	1	100.000000	104.000000	104.000000
I_9-10	ARO:3006053	OXA-861	6	77.016667	82.600000	87.000000
I_9-10	ARO:3006057	OXA-865	7	53.485714	58.442857	68.200000
I_9-10	ARO:3006058	OXA-866	9	72.944444	78.744444	81.300000
I_9-10	ARO:3006059	OXA-867	7	81.885714	87.271429	89.400000
I_9-10	ARO:3006063	OXA-871	24	80.170833	88.425000	90.900000
I_9-10	ARO:3006067	OXA-875	10	68.920000	75.760000	80.100000
I_9-10	ARO:3006070	OXA-878	34	68.055882	57.941176	75.500000
I_9-10	ARO:3006071	OXA-879	10	71.720000	78.960000	104.000000
I_9-10	ARO:3006072	OXA-880	3	76.166667	76.666667	77.800000
I_9-10	ARO:3006075	OXA-883	2	71.050000	72.250000	79.000000
I_9-10	ARO:3006076	OXA-884	7	53.485714	58.442857	68.200000
I_9-10	ARO:3006077	OXA-885	21	73.923810	80.571429	91.300000
I_9-10	ARO:3006079	OXA-887	1	39.600000	40.400000	40.400000
I_9-10	ARO:3006080	OXA-888	58	71.846552	83.817241	90.900000
I_9-10	ARO:3006082	OXA-890	3	74.933333	82.566667	95.500000
I_9-10	ARO:3006086	OXA-894	168	50.187500	52.532143	114.000000
I_9-10	ARO:3006087	OXA-896	138	60.341304	63.265942	110.000000
I_9-10	ARO:3006088	OXA-900	605	48.972066	50.970909	68.600000
I_9-10	ARO:3006089	OXA-901	48	56.233333	60.829167	102.000000
I_9-10	ARO:3006090	OXA-902	81	57.877778	59.729630	72.800000
I_9-10	ARO:3006091	OXA-903	92	60.514130	61.359783	106.000000
I_9-10	ARO:3006092	OXA-904	142	57.344366	59.652113	102.000000
I_9-10	ARO:3006093	OXA-905	100	51.050000	55.425000	102.000000
I_9-10	ARO:3006094	OXA-907	59	55.791525	60.100000	102.000000
I_9-10	ARO:3006095	OXA-908	222	51.474775	54.734234	102.000000
I_9-10	ARO:3006097	OXA-910	3	57.733333	64.733333	68.200000
I_9-10	ARO:3006098	OXA-911	5	39.860000	52.220000	58.900000
I_9-10	ARO:3006099	OXA-912	1610	79.238882	83.002236	117.000000
I_9-10	ARO:3006100	OXA-913	42	56.766667	62.102381	102.000000
I_9-10	ARO:3006101	OXA-914	187	50.050802	54.436364	102.000000
I_9-10	ARO:3006103	OXA-917	2079	86.889226	88.954882	112.000000
I_9-10	ARO:3006104	OXA-918	157	57.115924	58.481529	114.000000
I_9-10	ARO:3006105	OXA-919	47	53.948936	51.046809	69.300000
I_9-10	ARO:3006106	OXA-920	147	51.127211	54.517007	67.800000
I_9-10	ARO:3006107	OXA-921	765	91.253856	87.867320	110.000000
I_9-10	ARO:3006108	OXA-922	164	59.518293	61.735366	109.000000
I_9-10	ARO:3006109	OXA-923	86	80.373256	83.551163	114.000000
I_9-10	ARO:3006110	OXA-924	110	66.192727	69.130000	109.000000
I_9-10	ARO:3006111	OXA-925	24	53.175000	55.395833	72.000000
I_9-10	ARO:3006113	OXA-928	2093	89.804491	84.250979	109.000000
I_9-10	ARO:3006114	OXA-929	1078	55.086920	57.148423	109.000000
I_9-10	ARO:3006115	OXA-932	598	90.215552	86.978428	111.000000
I_9-10	ARO:3006116	OXA-935	1570	98.079045	92.106943	111.000000
I_9-10	ARO:3006117	OXA-937	51	54.882353	60.609804	101.000000
I_9-10	ARO:3006118	OXA-938	4	49.025000	40.525000	45.400000
I_9-10	ARO:3006119	OXA-939	1	100.000000	104.000000	104.000000
I_9-10	ARO:3006120	OXA-940	1	100.000000	104.000000	104.000000
I_9-10	ARO:3006121	OXA-941	118	72.963559	74.291525	107.000000
I_9-10	ARO:3006122	OXA-942	19	76.247368	79.442105	108.000000
I_9-10	ARO:3006123	OXA-943	91	76.450549	80.328571	107.000000
I_9-10	ARO:3006124	OXA-945	108	65.365741	69.256481	104.000000
I_9-10	ARO:3006125	OXA-946	143	65.604196	65.844056	89.700000
I_9-10	ARO:3006126	OXA-947	74	64.912162	65.698649	92.400000
I_9-10	ARO:3006127	OXA-948	153	65.954248	65.749673	91.300000
I_9-10	ARO:3006128	OXA-949	107	65.823364	65.823364	91.300000
I_9-10	ARO:3006129	OXY-2-14	25	59.584000	61.800000	100.000000
I_9-10	ARO:3006130	OXY-2-15	49	50.816327	52.108163	100.000000
I_9-10	ARO:3006131	PER-10	323	77.045511	73.859443	107.000000
I_9-10	ARO:3006132	PER-11	347	75.143516	72.714697	107.000000
I_9-10	ARO:3006133	PER-12	303	76.402310	73.240594	107.000000
I_9-10	ARO:3006134	PER-13	310	77.953871	74.680645	107.000000
I_9-10	ARO:3006135	PER-14	283	71.431802	71.344876	105.000000
I_9-10	ARO:3006136	PER-15	258	84.545736	79.049225	107.000000
I_9-10	ARO:3006137	PER-16	298	76.692953	73.541946	107.000000
I_9-10	ARO:3006138	PER-9	301	79.155814	75.308638	107.000000
I_9-10	ARO:3006141	OKP-A-17	56	68.467857	66.930357	103.000000
I_9-10	ARO:3006142	OKP-B-16	26	93.250000	91.857692	103.000000
I_9-10	ARO:3006143	OKP-B-21	46	78.976087	77.186957	103.000000
I_9-10	ARO:3006144	OKP-B-22	27	94.644444	88.392593	103.000000
I_9-10	ARO:3006145	OKP-B-23	19	95.657895	94.842105	103.000000
I_9-10	ARO:3006146	OKP-B-24	33	82.912121	78.233333	103.000000
I_9-10	ARO:3006147	OKP-B-34	42	80.759524	77.054762	103.000000
I_9-10	ARO:3006148	OKP-B-36	20	97.080000	94.185000	103.000000
I_9-10	ARO:3006149	OKP-B-40	39	79.279487	74.335897	103.000000
I_9-10	ARO:3006150	OKP-B-41	18	96.605556	90.161111	102.000000
I_9-10	ARO:3006151	OKP-B-45	37	80.405405	77.232432	103.000000
I_9-10	ARO:3006152	OKP-C-1	69	54.459420	54.515942	89.000000
I_9-10	ARO:3006153	OKP-D-1	170	61.554118	61.524706	98.600000
I_9-10	ARO:3006154	BEL-4	239	58.020921	59.591632	105.000000
I_9-10	ARO:3006155	CME-2	494	58.562348	60.320850	94.700000
I_9-10	ARO:3006156	GES-27	770	99.471688	95.132857	113.000000
I_9-10	ARO:3006157	GES-28	753	98.871448	94.656042	113.000000
I_9-10	ARO:3006158	GES-29	712	99.547331	94.947893	113.000000
I_9-10	ARO:3006159	GES-30	696	94.108477	92.004885	113.000000
I_9-10	ARO:3006160	GES-31	467	99.439186	101.853105	113.000000
I_9-10	ARO:3006161	GES-32	176	85.404545	86.009091	106.000000
I_9-10	ARO:3006162	GES-33	565	90.635929	89.866903	108.000000
I_9-10	ARO:3006163	GES-34	502	97.690040	98.451394	113.000000
I_9-10	ARO:3006164	GES-35	601	86.861730	88.465890	108.000000
I_9-10	ARO:3006165	GES-36	198	98.995960	100.001515	108.000000
I_9-10	ARO:3006166	GES-37	180	98.883889	100.028889	108.000000
I_9-10	ARO:3006167	GES-38	207	99.054589	100.057488	108.000000
I_9-10	ARO:3006168	GES-39	215	75.483721	77.088372	104.000000
I_9-10	ARO:3006169	GES-40	199	82.267337	84.825628	108.000000
I_9-10	ARO:3006170	GES-41	167	74.124551	75.476048	104.000000
I_9-10	ARO:3006172	GES-43	17	99.176471	102.647059	108.000000
I_9-10	ARO:3006173	GES-44	130	98.317692	100.405385	107.000000
I_9-10	ARO:3006174	GES-45	150	90.386667	92.170000	106.000000
I_9-10	ARO:3006175	GES-46	198	95.473232	97.136364	108.000000
I_9-10	ARO:3006176	IMI-12	14	46.714286	44.442857	56.600000
I_9-10	ARO:3006177	IMI-13	18	47.333333	45.388889	66.600000
I_9-10	ARO:3006178	IMI-14	14	46.557143	44.678571	55.500000
I_9-10	ARO:3006179	IMI-15	13	47.246154	44.576923	55.500000
I_9-10	ARO:3006180	IMI-16	5	53.520000	50.820000	59.300000
I_9-10	ARO:3006181	IMI-17	12	46.691667	44.958333	55.800000
I_9-10	ARO:3006182	IMI-18	6	51.400000	48.633333	59.300000
I_9-10	ARO:3006183	IMI-19	2	49.600000	47.950000	58.200000
I_9-10	ARO:3006184	IMI-20	12	44.916667	43.233333	55.100000
I_9-10	ARO:3006185	IMI-21	15	47.293333	45.820000	66.600000
I_9-10	ARO:3006189	KPC-60	1	45.500000	39.700000	39.700000
I_9-10	ARO:3006190	KPC-61	1	43.200000	41.600000	41.600000
I_9-10	ARO:3006192	KPC-63	27	63.133333	52.059259	60.100000
I_9-10	ARO:3006193	KPC-64	4	52.675000	58.525000	66.600000
I_9-10	ARO:3006195	KPC-66	39	87.320513	88.143590	112.000000
I_9-10	ARO:3006197	KPC-72	5	43.920000	42.440000	45.100000
I_9-10	ARO:3006199	KPC-74	56	80.048214	78.616071	104.000000
I_9-10	ARO:3006206	KPC-81	36	97.111111	94.833333	112.000000
I_9-10	ARO:3006208	VEB-11	3421	92.153113	89.206928	113.000000
I_9-10	ARO:3006209	VEB-12	2758	91.420848	90.079514	111.000000
I_9-10	ARO:3006210	VEB-13	3205	92.719282	88.450234	111.000000
I_9-10	ARO:3006211	VEB-14	3353	91.096779	87.131464	111.000000
I_9-10	ARO:3006212	VEB-15	2691	95.923077	93.743590	113.000000
I_9-10	ARO:3006213	VEB-17	2196	95.606694	94.485064	113.000000
I_9-10	ARO:3006214	VEB-19	3385	93.057312	92.012083	113.000000
I_9-10	ARO:3006215	VEB-20	3005	95.213012	91.161464	113.000000
I_9-10	ARO:3006216	VEB-21	2628	94.751560	93.812976	113.000000
I_9-10	ARO:3006217	VEB-22	3449	97.118556	94.262308	113.000000
I_9-10	ARO:3006218	VEB-23	3095	97.347528	96.227205	113.000000
I_9-10	ARO:3006219	VEB-24	1306	92.803752	90.203522	113.000000
I_9-10	ARO:3006220	VEB-25	2860	97.221154	93.223706	113.000000
I_9-10	ARO:3006221	VEB-26	2839	97.254843	92.138288	107.000000
I_9-10	ARO:3006222	VEB-27	1952	95.676588	89.713627	113.000000
I_9-10	ARO:3006223	BKC-2	129	57.622481	57.876744	97.100000
I_9-10	ARO:3006224	CepA-29	1797	54.448247	51.595437	115.000000
I_9-10	ARO:3006225	CepA-44	1822	53.662075	51.926070	115.000000
I_9-10	ARO:3006226	CepA-49	1820	53.964835	52.242253	115.000000
I_9-10	ARO:3006227	FRI-10	28	56.325000	52.667857	62.000000
I_9-10	ARO:3006228	ACC-1a	667	55.671364	56.512894	80.500000
I_9-10	ARO:3006229	ACC-1b	659	55.703490	56.536115	80.500000
I_9-10	ARO:3006230	ACC-1c	656	55.653811	56.438110	80.500000
I_9-10	ARO:3006231	ACC-1d	573	55.309599	55.467016	80.500000
I_9-10	ARO:3006232	ACC-7	657	55.103653	55.964688	80.500000
I_9-10	ARO:3006233	ACC-8	680	55.633235	56.529118	80.500000
I_9-10	ARO:3006234	ACT-39	42	76.333333	75.250000	110.000000
I_9-10	ARO:3006235	ACT-40	272	63.198529	60.000368	110.000000
I_9-10	ARO:3006236	ACT-41	139	91.713669	90.987770	111.000000
I_9-10	ARO:3006237	ACT-42	276	62.896014	59.831884	111.000000
I_9-10	ARO:3006238	ACT-43	140	78.597143	79.610000	111.000000
I_9-10	ARO:3006239	ACT-44	150	79.580667	80.384000	111.000000
I_9-10	ARO:3006240	ACT-45	102	92.883333	90.846078	112.000000
I_9-10	ARO:3006241	ACT-46	124	77.941935	74.904032	110.000000
I_9-10	ARO:3006242	ACT-47	38	75.555263	74.902632	108.000000
I_9-10	ARO:3006243	ACT-48	197	81.191371	82.263959	110.000000
I_9-10	ARO:3006244	ACT-49	170	87.274706	88.312941	108.000000
I_9-10	ARO:3006245	ACT-50	80	89.546250	92.052500	107.000000
I_9-10	ARO:3006246	ACT-51	418	86.438278	83.269617	112.000000
I_9-10	ARO:3006247	ACT-52	385	87.024156	82.259221	111.000000
I_9-10	ARO:3006248	ACT-53	87	81.363218	79.902299	110.000000
I_9-10	ARO:3006249	ACT-54	310	82.118387	76.531290	107.000000
I_9-10	ARO:3006250	ACT-55	55	91.432727	87.701818	109.000000
I_9-10	ARO:3006251	ACT-56	118	77.756780	77.797458	110.000000
I_9-10	ARO:3006252	ACT-57	158	96.453797	92.636709	112.000000
I_9-10	ARO:3006253	ACT-58	119	89.212605	92.809244	112.000000
I_9-10	ARO:3006254	ACT-59	43	78.646512	78.525581	112.000000
I_9-10	ARO:3006255	ACT-60	39	92.989744	89.802564	106.000000
I_9-10	ARO:3006256	ACT-61	80	92.293750	89.771250	110.000000
I_9-10	ARO:3006257	ACT-62	97	91.695876	88.719588	112.000000
I_9-10	ARO:3006258	ACT-63	100	79.484000	75.897000	110.000000
I_9-10	ARO:3006259	ACT-64	391	84.870844	80.720460	109.000000
I_9-10	ARO:3006260	ACT-65	104	77.135577	76.479808	110.000000
I_9-10	ARO:3006261	ACT-66	96	64.006250	66.733333	105.000000
I_9-10	ARO:3006262	ACT-67	36	75.719444	76.116667	106.000000
I_9-10	ARO:3006263	ACT-68	147	90.921088	91.002041	112.000000
I_9-10	ARO:3006264	ACT-69	148	71.980405	69.407432	110.000000
I_9-10	ARO:3006265	ACT-70	91	78.879121	77.621978	110.000000
I_9-10	ARO:3006266	ACT-72	78	91.419231	85.783333	110.000000
I_9-10	ARO:3006267	ACT-73	86	78.293023	76.916279	110.000000
I_9-10	ARO:3006268	ACT-74	87	78.232184	76.868966	110.000000
I_9-10	ARO:3006269	ACT-75	81	68.355556	61.540741	106.000000
I_9-10	ARO:3006270	ACT-76	182	84.653297	89.066484	108.000000
I_9-10	ARO:3006271	ACT-77	330	85.306667	90.855455	108.000000
I_9-10	ARO:3006272	ACT-78	212	86.882547	92.206604	112.000000
I_9-10	ARO:3006273	ACT-79	34	63.223529	59.579412	107.000000
I_9-10	ARO:3006274	ACT-80	310	84.392581	91.427742	107.000000
I_9-10	ARO:3006275	ACT-81	62	85.659677	89.988710	106.000000
I_9-10	ARO:3006276	ACT-82	311	84.152412	91.088424	107.000000
I_9-10	ARO:3006277	ACT-83	136	68.188235	64.261029	112.000000
I_9-10	ARO:3006278	ACT-84	77	87.237662	81.575325	112.000000
I_9-10	ARO:3006279	ACT-87	338	84.954438	79.654734	113.000000
I_9-10	ARO:3006281	ADC-101	13	56.953846	58.423077	71.200000
I_9-10	ARO:3006282	ADC-102	130	56.685385	60.522308	71.600000
I_9-10	ARO:3006283	ADC-103	201	64.202985	68.737811	78.600000
I_9-10	ARO:3006284	ADC-104	268	65.172015	65.475746	108.000000
I_9-10	ARO:3006285	ADC-105	393	66.741221	73.259796	108.000000
I_9-10	ARO:3006286	ADC-106	450	66.338667	71.618444	108.000000
I_9-10	ARO:3006287	ADC-107	342	67.116959	72.896199	108.000000
I_9-10	ARO:3006288	ADC-109	79	68.874684	72.917722	107.000000
I_9-10	ARO:3006289	ADC-110	72	67.876389	73.473611	107.000000
I_9-10	ARO:3006290	ADC-112	48	69.131250	73.881250	107.000000
I_9-10	ARO:3006291	ADC-113	66	67.480303	70.548485	107.000000
I_9-10	ARO:3006293	ADC-115	24	68.650000	74.945833	107.000000
I_9-10	ARO:3006294	ADC-116	26	73.273077	80.123077	104.000000
I_9-10	ARO:3006295	ADC-117	9	100.000000	104.000000	108.000000
I_9-10	ARO:3006296	ADC-119	65	67.655385	64.453846	108.000000
I_9-10	ARO:3006297	ADC-120	392	62.697704	66.250765	107.000000
I_9-10	ARO:3006298	ADC-121	135	63.722963	65.048889	75.900000
I_9-10	ARO:3006299	ADC-122	3	97.333333	104.666667	108.000000
I_9-10	ARO:3006300	ADC-123	573	64.689703	68.204014	107.000000
I_9-10	ARO:3006301	ADC-125	73	64.164384	66.601370	107.000000
I_9-10	ARO:3006302	ADC-127	266	58.706015	60.522180	108.000000
I_9-10	ARO:3006303	ADC-128	251	58.264542	60.541434	108.000000
I_9-10	ARO:3006304	ADC-129	255	59.784706	62.443529	108.000000
I_9-10	ARO:3006305	ADC-130	276	59.259420	64.193841	107.000000
I_9-10	ARO:3006306	ADC-131	255	59.045098	64.255686	107.000000
I_9-10	ARO:3006307	ADC-132	247	65.221053	69.446559	99.800000
I_9-10	ARO:3006308	ADC-133	495	61.936364	65.487475	85.500000
I_9-10	ARO:3006309	ADC-134	299	63.389967	69.493645	110.000000
I_9-10	ARO:3006310	ADC-135	303	60.403960	66.009241	108.000000
I_9-10	ARO:3006311	ADC-136	278	62.686691	67.211871	110.000000
I_9-10	ARO:3006312	ADC-137	60	58.660000	61.420000	105.000000
I_9-10	ARO:3006313	ADC-138	67	63.828358	65.900000	105.000000
I_9-10	ARO:3006314	ADC-139	13	47.376923	56.269231	60.800000
I_9-10	ARO:3006315	ADC-140	39	57.382051	57.584615	64.300000
I_9-10	ARO:3006320	ADC-146	3	52.566667	48.766667	68.900000
I_9-10	ARO:3006322	ADC-148	438	61.639269	65.662100	107.000000
I_9-10	ARO:3006323	ADC-149	241	64.243983	71.254772	110.000000
I_9-10	ARO:3006324	ADC-150	368	64.807337	70.173370	107.000000
I_9-10	ARO:3006325	ADC-151	185	60.389730	65.286486	102.000000
I_9-10	ARO:3006326	ADC-152	42	64.161905	66.330952	107.000000
I_9-10	ARO:3006327	ADC-153	3	52.566667	48.766667	68.900000
I_9-10	ARO:3006328	ADC-154	48	64.577083	64.760417	107.000000
I_9-10	ARO:3006329	ADC-155	21	69.800000	69.085714	96.700000
I_9-10	ARO:3006330	ADC-156	104	64.326923	68.161538	108.000000
I_9-10	ARO:3006331	ADC-157	481	64.678170	69.112266	108.000000
I_9-10	ARO:3006332	ADC-158	268	67.428358	74.449627	108.000000
I_9-10	ARO:3006333	ADC-160	250	67.297600	75.941200	108.000000
I_9-10	ARO:3006334	ADC-162	40	68.230000	73.695000	107.000000
I_9-10	ARO:3006335	ADC-163	9	100.000000	104.555556	108.000000
I_9-10	ARO:3006336	ADC-164	8	100.000000	103.625000	108.000000
I_9-10	ARO:3006337	ADC-165	61	67.018033	69.136066	108.000000
I_9-10	ARO:3006338	ADC-166	172	66.889535	66.530814	108.000000
I_9-10	ARO:3006339	ADC-167	192	65.228646	68.340625	104.000000
I_9-10	ARO:3006340	ADC-168	21	53.719048	57.790476	108.000000
I_9-10	ARO:3006341	ADC-169	132	65.590152	66.900758	108.000000
I_9-10	ARO:3006342	ADC-170	76	64.163158	66.465789	107.000000
I_9-10	ARO:3006343	ADC-171	38	57.326316	57.842105	64.300000
I_9-10	ARO:3006344	ADC-172	2	49.450000	43.500000	46.600000
I_9-10	ARO:3006346	ADC-174	14	64.421429	69.792857	103.000000
I_9-10	ARO:3006347	ADC-175	86	64.765116	60.820930	84.000000
I_9-10	ARO:3006351	ADC-179	40	62.627500	64.915000	75.900000
I_9-10	ARO:3006352	ADC-180	28	59.628571	62.875000	100.000000
I_9-10	ARO:3006353	ADC-184	110	63.339091	66.375455	82.800000
I_9-10	ARO:3006354	ADC-185	43	58.004651	58.516279	70.100000
I_9-10	ARO:3006356	ADC-187	37	62.678378	51.421622	107.000000
I_9-10	ARO:3006357	ADC-188	135	68.451111	69.841481	107.000000
I_9-10	ARO:3006358	ADC-189	58	67.329310	61.700000	108.000000
I_9-10	ARO:3006359	ADC-190	95	67.347368	64.535789	108.000000
I_9-10	ARO:3006360	ADC-191	152	65.965132	67.628289	108.000000
I_9-10	ARO:3006361	ADC-192	216	67.387037	75.267130	108.000000
I_9-10	ARO:3006362	ADC-193	326	62.778528	67.909816	108.000000
I_9-10	ARO:3006363	ADC-194	301	61.363787	65.286047	108.000000
I_9-10	ARO:3006364	ADC-195	15	63.473333	69.786667	107.000000
I_9-10	ARO:3006365	ADC-196	7	60.571429	62.828571	108.000000
I_9-10	ARO:3006366	ADC-197	2	46.200000	39.100000	39.700000
I_9-10	ARO:3006370	ADC-201	413	66.916949	74.861259	107.000000
I_9-10	ARO:3006371	ADC-202	285	62.167719	65.981404	105.000000
I_9-10	ARO:3006372	ADC-203	1	56.000000	63.200000	63.200000
I_9-10	ARO:3006373	ADC-204	1	48.900000	45.100000	45.100000
I_9-10	ARO:3006374	ADC-205	123	57.380488	59.468293	108.000000
I_9-10	ARO:3006375	ADC-206	420	65.530238	70.962381	107.000000
I_9-10	ARO:3006376	ADC-207	573	64.719023	69.747120	107.000000
I_9-10	ARO:3006377	ADC-208	56	59.705357	62.478571	105.000000
I_9-10	ARO:3006378	ADC-209	398	61.397990	64.014824	104.000000
I_9-10	ARO:3006379	ADC-210	344	66.853779	75.293023	107.000000
I_9-10	ARO:3006380	ADC-211	41	57.631707	58.195122	70.100000
I_9-10	ARO:3006383	ADC-214	32	62.568750	63.809375	107.000000
I_9-10	ARO:3006384	ADC-215	29	63.555172	64.351724	107.000000
I_9-10	ARO:3006385	ADC-216	430	66.188140	71.941163	106.000000
I_9-10	ARO:3006390	ADC-221	334	65.552096	68.651796	106.000000
I_9-10	ARO:3006391	ADC-222	9	64.433333	70.200000	81.600000
I_9-10	ARO:3006392	ADC-223	230	66.973913	68.140870	108.000000
I_9-10	ARO:3006393	ADC-224	1	52.900000	57.000000	57.000000
I_9-10	ARO:3006394	ADC-225	4	49.075000	47.075000	57.000000
I_9-10	ARO:3006399	ADC-230	25	64.792000	64.572000	107.000000
I_9-10	ARO:3006403	ADC-234	255	62.838039	63.546667	108.000000
I_9-10	ARO:3006404	ADC-235	7	59.042857	60.914286	66.200000
I_9-10	ARO:3006405	ADC-236	19	65.647368	62.536842	107.000000
I_9-10	ARO:3006406	ADC-237	203	62.285714	63.459606	100.000000
I_9-10	ARO:3006407	ADC-238	4	98.975000	84.725000	96.700000
I_9-10	ARO:3006408	ADC-239	268	59.024627	64.021269	107.000000
I_9-10	ARO:3006409	ADC-24	358	64.495531	68.469832	107.000000
I_9-10	ARO:3006410	ADC-240	37	62.767568	51.794595	107.000000
I_9-10	ARO:3006411	ADC-241	5	90.940000	79.560000	96.700000
I_9-10	ARO:3006412	ADC-242	3	44.033333	48.533333	57.400000
I_9-10	ARO:3006413	ADC-243	93	69.282796	73.324731	105.000000
I_9-10	ARO:3006414	ADC-244	6	54.000000	55.300000	57.800000
I_9-10	ARO:3006415	ADC-245	321	63.795327	67.144548	107.000000
I_9-10	ARO:3006416	ADC-246	44	65.300000	66.606818	107.000000
I_9-10	ARO:3006417	ADC-247	26	66.696154	69.980769	107.000000
I_9-10	ARO:3006418	ADC-248	136	67.041912	66.812500	105.000000
I_9-10	ARO:3006419	ADC-249	158	67.008228	67.258228	105.000000
I_9-10	ARO:3006421	ADC-251	96	63.937500	65.610417	78.200000
I_9-10	ARO:3006422	ADC-252	192	63.731771	65.785417	99.800000
I_9-10	ARO:3006423	ADC-253	189	57.130159	60.630688	77.000000
I_9-10	ARO:3006424	ADC-254	277	60.397473	62.228159	78.200000
I_9-10	ARO:3006425	ADC-255	197	56.314721	60.838071	107.000000
I_9-10	ARO:3006426	ADC-256	4	55.875000	63.100000	70.900000
I_9-10	ARO:3006428	ADC-32	93	69.282796	73.324731	105.000000
I_9-10	ARO:3006430	ADC-38	4	50.300000	47.750000	68.200000
I_9-10	ARO:3006431	ADC-51	1	48.900000	45.100000	45.100000
I_9-10	ARO:3006432	ADC-52	32	64.343750	68.475000	74.700000
I_9-10	ARO:3006433	ADC-53	5	55.900000	63.660000	70.900000
I_9-10	ARO:3006434	ADC-54	31	61.822581	63.000000	75.500000
I_9-10	ARO:3006435	ADC-57	2	98.000000	105.000000	105.000000
I_9-10	ARO:3006436	ADC-63	6	52.750000	54.816667	78.200000
I_9-10	ARO:3006438	ADC-66	4	42.675000	45.150000	53.100000
I_9-10	ARO:3006439	ADC-70	190	63.727368	68.061053	81.300000
I_9-10	ARO:3006440	ADC-83	321	60.160436	61.376636	87.800000
I_9-10	ARO:3006441	ADC-84	605	62.760000	67.120496	107.000000
I_9-10	ARO:3006442	ADC-85	472	64.295551	69.897881	110.000000
I_9-10	ARO:3006443	ADC-86	389	64.145501	68.816195	105.000000
I_9-10	ARO:3006444	ADC-87	93	57.351613	64.705376	82.800000
I_9-10	ARO:3006445	ADC-88	199	64.040704	67.583920	84.300000
I_9-10	ARO:3006446	ADC-89	26	62.538462	50.223077	68.200000
I_9-10	ARO:3006447	ADC-90	10	57.580000	57.910000	60.800000
I_9-10	ARO:3006448	ADC-91	2	53.600000	56.650000	68.200000
I_9-10	ARO:3006449	ADC-92	62	57.685484	60.267742	80.500000
I_9-10	ARO:3006451	ADC-94	1	48.900000	45.100000	45.100000
I_9-10	ARO:3006454	ADC-97	25	65.444000	68.500000	74.300000
I_9-10	ARO:3006455	ADC-98	14	55.657143	57.385714	63.900000
I_9-10	ARO:3006456	ADC-99	10	55.130000	56.740000	63.500000
I_9-10	ARO:3006457	CMY-137	200	79.912500	88.491000	110.000000
I_9-10	ARO:3006458	CMY-159	267	75.195131	82.320974	106.000000
I_9-10	ARO:3006459	CMY-167	51	99.839216	105.607843	109.000000
I_9-10	ARO:3006460	CMY-168	48	90.100000	96.239583	107.000000
I_9-10	ARO:3006461	CMY-169	787	83.423507	87.335324	110.000000
I_9-10	ARO:3006462	CMY-170	9	96.611111	102.200000	108.000000
I_9-10	ARO:3006463	CMY-174	2	56.800000	57.000000	70.900000
I_9-10	ARO:3006464	CMY-8b	1230	82.647642	81.404715	109.000000
I_9-10	ARO:3006465	DHA-24	566	89.509364	87.296996	115.000000
I_9-10	ARO:3006466	DHA-25	553	91.175769	88.748282	115.000000
I_9-10	ARO:3006467	DHA-26	547	93.859232	91.451005	115.000000
I_9-10	ARO:3006468	DHA-27	629	88.775835	87.404452	115.000000
I_9-10	ARO:3006469	DHA-28	425	83.604471	81.932706	115.000000
I_9-10	ARO:3006470	DHA-29	460	93.304783	93.213913	115.000000
I_9-10	ARO:3006471	FOX-13	344	76.252326	75.757849	111.000000
I_9-10	ARO:3006472	FOX-14	344	76.632849	75.365407	111.000000
I_9-10	ARO:3006473	FOX-15	324	80.423148	79.564506	109.000000
I_9-10	ARO:3006474	FOX-16	304	77.800000	76.384539	112.000000
I_9-10	ARO:3006475	FOX-17	249	78.329317	77.073092	109.000000
I_9-10	ARO:3006477	MOX-12	1641	95.283364	94.203839	111.000000
I_9-10	ARO:3006478	MOX-13	1626	95.073616	93.088069	111.000000
I_9-10	ARO:3006479	MOX-14	1442	84.211928	82.536685	109.000000
I_9-10	ARO:3006480	PDC-100	20	58.985000	65.205000	77.000000
I_9-10	ARO:3006486	PDC-108	3	53.733333	58.666667	70.100000
I_9-10	ARO:3006487	PDC-109	9	68.622222	69.700000	82.000000
I_9-10	ARO:3006491	PDC-113	11	47.781818	50.109091	61.200000
I_9-10	ARO:3006492	PDC-114	1	48.500000	37.700000	37.700000
I_9-10	ARO:3006498	PDC-122	2	56.550000	63.150000	71.200000
I_9-10	ARO:3006501	PDC-125	270	55.035926	57.247037	78.600000
I_9-10	ARO:3006502	PDC-126	1	44.900000	47.400000	47.400000
I_9-10	ARO:3006503	PDC-127	6	69.066667	72.216667	77.000000
I_9-10	ARO:3006504	PDC-128	52	53.675000	56.123077	66.600000
I_9-10	ARO:3006506	PDC-13	5	48.000000	52.000000	52.400000
I_9-10	ARO:3006507	PDC-130	136	57.205882	53.955147	79.700000
I_9-10	ARO:3006509	PDC-132	7	62.842857	58.800000	73.200000
I_9-10	ARO:3006510	PDC-133	28	55.314286	57.828571	80.100000
I_9-10	ARO:3006512	PDC-135	1	44.900000	47.400000	47.400000
I_9-10	ARO:3006514	PDC-137	5	71.620000	72.560000	82.000000
I_9-10	ARO:3006515	PDC-138	1	59.600000	57.000000	57.000000
I_9-10	ARO:3006517	PDC-140	259	55.183012	57.321236	78.600000
I_9-10	ARO:3006518	PDC-141	130	56.880000	53.789231	79.700000
I_9-10	ARO:3006521	PDC-144	5	57.080000	61.180000	75.500000
I_9-10	ARO:3006522	PDC-145	1	59.600000	57.000000	57.000000
I_9-10	ARO:3006523	PDC-146	2	61.650000	66.250000	72.000000
I_9-10	ARO:3006525	PDC-148	15	53.366667	57.673333	82.000000
I_9-10	ARO:3006526	PDC-149	5	50.840000	53.860000	61.200000
I_9-10	ARO:3006527	PDC-15	5	48.000000	52.000000	52.400000
I_9-10	ARO:3006529	PDC-151	273	54.868864	57.350916	78.600000
I_9-10	ARO:3006530	PDC-152	1	44.900000	47.400000	47.400000
I_9-10	ARO:3006531	PDC-153	8	66.187500	69.325000	77.000000
I_9-10	ARO:3006532	PDC-154	18	54.211111	61.961111	71.200000
I_9-10	ARO:3006533	PDC-155	47	55.491489	57.172340	74.700000
I_9-10	ARO:3006535	PDC-157	2	57.550000	60.850000	61.200000
I_9-10	ARO:3006537	PDC-159	9	49.388889	51.700000	57.400000
I_9-10	ARO:3006539	PDC-160	265	54.895849	57.351698	78.600000
I_9-10	ARO:3006541	PDC-162	61	52.665574	55.495082	63.200000
I_9-10	ARO:3006542	PDC-163	1	61.500000	42.000000	42.000000
I_9-10	ARO:3006543	PDC-164	1	48.500000	37.700000	37.700000
I_9-10	ARO:3006544	PDC-165	2	58.450000	59.500000	72.800000
I_9-10	ARO:3006545	PDC-166	13	60.530769	59.453846	79.300000
I_9-10	ARO:3006546	PDC-167	26	55.557692	58.500000	80.100000
I_9-10	ARO:3006548	PDC-169	11	49.127273	55.990909	68.900000
I_9-10	ARO:3006549	PDC-17	24	62.666667	60.987500	67.800000
I_9-10	ARO:3006550	PDC-170	19	57.810526	58.142105	80.100000
I_9-10	ARO:3006554	PDC-175	51	53.747059	56.113725	66.600000
I_9-10	ARO:3006556	PDC-177	1	48.000000	54.700000	54.700000
I_9-10	ARO:3006557	PDC-178	3	50.700000	55.600000	63.200000
I_9-10	ARO:3006559	PDC-18	40	50.320000	50.640000	74.700000
I_9-10	ARO:3006561	PDC-181	22	48.409091	49.518182	56.600000
I_9-10	ARO:3006562	PDC-182	2	57.550000	60.850000	61.200000
I_9-10	ARO:3006563	PDC-184	9	52.944444	58.855556	68.900000
I_9-10	ARO:3006565	PDC-186	9	65.222222	58.833333	85.500000
I_9-10	ARO:3006566	PDC-187	6	52.483333	60.466667	81.600000
I_9-10	ARO:3006567	PDC-188	7	69.242857	70.314286	82.000000
I_9-10	ARO:3006568	PDC-189	22	56.704545	58.845455	80.100000
I_9-10	ARO:3006569	PDC-190	5	68.020000	72.320000	77.000000
I_9-10	ARO:3006570	PDC-191	3	52.433333	56.466667	57.000000
I_9-10	ARO:3006571	PDC-192	2	44.350000	38.300000	38.500000
I_9-10	ARO:3006573	PDC-194	1	48.500000	37.700000	37.700000
I_9-10	ARO:3006574	PDC-195	7	65.385714	66.028571	69.300000
I_9-10	ARO:3006576	PDC-197	34	51.229412	53.614706	69.300000
I_9-10	ARO:3006579	PDC-20	2	57.550000	60.850000	61.200000
I_9-10	ARO:3006580	PDC-200	1	100.000000	85.500000	85.500000
I_9-10	ARO:3006581	PDC-202	65	49.495385	49.510769	76.600000
I_9-10	ARO:3006582	PDC-203	4	67.550000	70.850000	75.500000
I_9-10	ARO:3006583	PDC-204	1	54.000000	63.200000	63.200000
I_9-10	ARO:3006584	PDC-205	9	52.944444	58.855556	68.900000
I_9-10	ARO:3006587	PDC-209	1	48.500000	37.700000	37.700000
I_9-10	ARO:3006589	PDC-211	5	68.020000	72.320000	77.000000
I_9-10	ARO:3006590	PDC-213	25	58.324000	62.672000	80.500000
I_9-10	ARO:3006591	PDC-214	25	54.568000	61.508000	81.600000
I_9-10	ARO:3006592	PDC-215	1	59.600000	57.000000	57.000000
I_9-10	ARO:3006593	PDC-216	24	53.262500	61.400000	65.500000
I_9-10	ARO:3006597	PDC-21a	1	57.100000	60.500000	60.500000
I_9-10	ARO:3006598	PDC-21b	1	60.800000	63.500000	63.500000
I_9-10	ARO:3006601	PDC-221	1	48.500000	37.700000	37.700000
I_9-10	ARO:3006602	PDC-222	3	44.700000	41.333333	43.500000
I_9-10	ARO:3006603	PDC-223	72	67.205556	60.665278	103.000000
I_9-10	ARO:3006604	PDC-224	45	57.775556	59.286667	76.600000
I_9-10	ARO:3006605	PDC-226	1	48.500000	37.700000	37.700000
I_9-10	ARO:3006606	PDC-227	3	52.433333	56.466667	57.000000
I_9-10	ARO:3006607	PDC-228	32	52.484375	55.853125	76.600000
I_9-10	ARO:3006608	PDC-229	2	56.900000	59.100000	65.100000
I_9-10	ARO:3006609	PDC-230	2	56.900000	59.100000	65.100000
I_9-10	ARO:3006610	PDC-232	3	60.200000	43.000000	43.900000
I_9-10	ARO:3006613	PDC-235	3	52.433333	56.466667	57.000000
I_9-10	ARO:3006614	PDC-236	18	61.305556	66.700000	79.300000
I_9-10	ARO:3006615	PDC-237	5	58.880000	49.440000	65.100000
I_9-10	ARO:3006616	PDC-238	11	49.536364	54.618182	68.900000
I_9-10	ARO:3006619	PDC-241	132	58.021970	56.051515	79.700000
I_9-10	ARO:3006620	PDC-242	1	48.500000	37.700000	37.700000
I_9-10	ARO:3006621	PDC-243	5	44.820000	40.660000	43.900000
I_9-10	ARO:3006622	PDC-244	36	61.569444	62.013889	103.000000
I_9-10	ARO:3006623	PDC-245	1	44.900000	47.400000	47.400000
I_9-10	ARO:3006624	PDC-246	1	57.100000	60.500000	60.500000
I_9-10	ARO:3006625	PDC-247	54	56.768519	53.479630	78.200000
I_9-10	ARO:3006626	PDC-248	3	55.300000	53.933333	55.100000
I_9-10	ARO:3006629	PDC-250	177	56.579096	56.728814	75.500000
I_9-10	ARO:3006630	PDC-251	8	49.425000	51.037500	57.400000
I_9-10	ARO:3006631	PDC-252	1	43.800000	39.700000	39.700000
I_9-10	ARO:3006632	PDC-253	1	59.600000	57.000000	57.000000
I_9-10	ARO:3006633	PDC-254	1	57.100000	60.500000	60.500000
I_9-10	ARO:3006635	PDC-259	50	55.526000	60.156000	68.900000
I_9-10	ARO:3006636	PDC-26	20	56.465000	54.365000	69.700000
I_9-10	ARO:3006638	PDC-261	1	57.100000	60.500000	60.500000
I_9-10	ARO:3006640	PDC-263	103	58.036893	54.433010	79.700000
I_9-10	ARO:3006641	PDC-265	27	70.455556	70.240741	103.000000
I_9-10	ARO:3006645	PDC-270	3	58.300000	63.800000	69.700000
I_9-10	ARO:3006646	PDC-271	1	44.900000	47.400000	47.400000
I_9-10	ARO:3006647	PDC-273	1	48.500000	37.700000	37.700000
I_9-10	ARO:3006648	PDC-274	2	63.300000	64.700000	64.700000
I_9-10	ARO:3006649	PDC-275	1	44.900000	47.400000	47.400000
I_9-10	ARO:3006650	PDC-276	47	53.076596	60.104255	71.200000
I_9-10	ARO:3006651	PDC-277	20	57.425000	59.455000	80.100000
I_9-10	ARO:3006652	PDC-278	5	55.600000	60.700000	69.700000
I_9-10	ARO:3006653	PDC-279	4	46.425000	39.875000	41.600000
I_9-10	ARO:3006654	PDC-280	19	55.621053	51.863158	77.400000
I_9-10	ARO:3006655	PDC-281	4	54.225000	56.600000	57.000000
I_9-10	ARO:3006656	PDC-282	6	52.900000	59.200000	68.900000
I_9-10	ARO:3006657	PDC-283	107	54.681308	63.330841	82.000000
I_9-10	ARO:3006661	PDC-289	2	54.500000	52.550000	66.200000
I_9-10	ARO:3006662	PDC-290	1	48.000000	53.100000	53.100000
I_9-10	ARO:3006663	PDC-291	10	63.690000	66.040000	103.000000
I_9-10	ARO:3006664	PDC-294	8	48.525000	51.362500	56.200000
I_9-10	ARO:3006665	PDC-295	7	64.042857	66.385714	74.700000
I_9-10	ARO:3006666	PDC-296	9	48.488889	54.911111	67.000000
I_9-10	ARO:3006670	PDC-30	1	59.600000	57.000000	57.000000
I_9-10	ARO:3006671	PDC-300	70	70.561429	58.717143	76.600000
I_9-10	ARO:3006672	PDC-301	1	48.900000	50.100000	50.100000
I_9-10	ARO:3006674	PDC-303	3	55.300000	53.933333	55.100000
I_9-10	ARO:3006681	PDC-310	3	52.433333	56.466667	57.000000
I_9-10	ARO:3006684	PDC-314	97	52.628866	59.864948	69.300000
I_9-10	ARO:3006685	PDC-315	11	50.927273	51.636364	62.800000
I_9-10	ARO:3006686	PDC-316	5	54.640000	51.600000	57.000000
I_9-10	ARO:3006687	PDC-317	4	50.400000	51.500000	56.200000
I_9-10	ARO:3006689	PDC-319	4	53.700000	57.600000	69.300000
I_9-10	ARO:3006690	PDC-32	2	66.150000	53.700000	67.000000
I_9-10	ARO:3006691	PDC-320	7	48.242857	50.785714	61.200000
I_9-10	ARO:3006694	PDC-325	1	44.900000	47.400000	47.400000
I_9-10	ARO:3006695	PDC-326	11	66.372727	68.645455	79.300000
I_9-10	ARO:3006696	PDC-327	24	54.425000	59.920833	76.600000
I_9-10	ARO:3006697	PDC-328	6	49.000000	54.016667	55.500000
I_9-10	ARO:3006698	PDC-329	12	48.925000	55.466667	68.900000
I_9-10	ARO:3006699	PDC-33	264	55.330682	57.877273	78.600000
I_9-10	ARO:3006701	PDC-331	34	68.997059	66.302941	103.000000
I_9-10	ARO:3006702	PDC-332	56	65.316071	63.362500	103.000000
I_9-10	ARO:3006703	PDC-333	66	69.075758	57.568182	77.000000
I_9-10	ARO:3006704	PDC-334	3	44.700000	41.333333	43.500000
I_9-10	ARO:3006707	PDC-338	1	57.100000	60.800000	60.800000
I_9-10	ARO:3006708	PDC-339	26	67.103846	67.653846	83.600000
I_9-10	ARO:3006709	PDC-34	6	69.066667	72.216667	77.000000
I_9-10	ARO:3006712	PDC-342	236	55.682627	58.443220	78.600000
I_9-10	ARO:3006713	PDC-343	239	55.934310	58.613808	78.600000
I_9-10	ARO:3006714	PDC-344	169	57.149704	57.794675	78.200000
I_9-10	ARO:3006716	PDC-347	46	55.993478	52.356522	78.200000
I_9-10	ARO:3006718	PDC-349	17	60.358824	63.158824	71.200000
I_9-10	ARO:3006719	PDC-35	1	44.900000	47.400000	47.400000
I_9-10	ARO:3006720	PDC-350	12	64.583333	66.875000	79.300000
I_9-10	ARO:3006723	PDC-354	4	53.575000	48.925000	54.300000
I_9-10	ARO:3006725	PDC-356	1	57.100000	62.800000	62.800000
I_9-10	ARO:3006727	PDC-358	16	56.575000	62.300000	78.600000
I_9-10	ARO:3006730	PDC-360	19	55.621053	51.863158	77.400000
I_9-10	ARO:3006732	PDC-362	61	54.277049	63.319672	69.300000
I_9-10	ARO:3006734	PDC-364	28	53.125000	55.682143	76.600000
I_9-10	ARO:3006736	PDC-366	1	70.600000	76.300000	76.300000
I_9-10	ARO:3006739	PDC-369	1	53.200000	55.800000	55.800000
I_9-10	ARO:3006744	PDC-373	3	44.700000	41.333333	43.500000
I_9-10	ARO:3006748	PDC-378	3	60.200000	43.000000	43.900000
I_9-10	ARO:3006749	PDC-379	16	53.500000	53.687500	85.500000
I_9-10	ARO:3006750	PDC-38	5	69.160000	72.180000	77.000000
I_9-10	ARO:3006751	PDC-381	7	65.385714	66.028571	69.300000
I_9-10	ARO:3006752	PDC-382	5	44.820000	40.660000	43.900000
I_9-10	ARO:3006753	PDC-383	11	47.536364	56.045455	69.300000
I_9-10	ARO:3006756	PDC-387	8	59.987500	60.612500	77.000000
I_9-10	ARO:3006760	PDC-390	3	52.400000	57.733333	64.300000
I_9-10	ARO:3006761	PDC-391	38	55.126316	56.747368	79.300000
I_9-10	ARO:3006762	PDC-392	8	57.325000	60.262500	85.500000
I_9-10	ARO:3006763	PDC-394	10	63.550000	56.720000	85.500000
I_9-10	ARO:3006764	PDC-395	8	65.800000	61.237500	77.000000
I_9-10	ARO:3006765	PDC-396	22	54.318182	57.954545	76.600000
I_9-10	ARO:3006766	PDC-397	7	62.842857	58.442857	72.400000
I_9-10	ARO:3006767	PDC-398	4	50.550000	49.275000	56.200000
I_9-10	ARO:3006769	PDC-40	1	51.000000	51.600000	51.600000
I_9-10	ARO:3006771	PDC-401	1	49.000000	53.100000	53.100000
I_9-10	ARO:3006774	PDC-404	2	53.600000	59.700000	63.200000
I_9-10	ARO:3006775	PDC-405	66	56.174242	62.725758	82.000000
I_9-10	ARO:3006778	PDC-408	1	44.900000	47.400000	47.400000
I_9-10	ARO:3006781	PDC-411	8	48.525000	51.362500	56.200000
I_9-10	ARO:3006782	PDC-412	1	56.900000	61.200000	61.200000
I_9-10	ARO:3006783	PDC-414	9	60.866667	63.044444	67.000000
I_9-10	ARO:3006785	PDC-416	14	63.307143	60.764286	82.800000
I_9-10	ARO:3006786	PDC-417	12	50.850000	56.775000	68.900000
I_9-10	ARO:3006787	PDC-418	86	66.120930	60.001163	103.000000
I_9-10	ARO:3006789	PDC-42	195	56.636410	58.806154	78.600000
I_9-10	ARO:3006790	PDC-420	13	53.715385	60.784615	65.100000
I_9-10	ARO:3006792	PDC-422	4	52.850000	58.475000	68.200000
I_9-10	ARO:3006796	PDC-426	1	42.200000	38.100000	38.100000
I_9-10	ARO:3006798	PDC-428	1	55.300000	57.000000	57.000000
I_9-10	ARO:3006802	PDC-433	11	47.536364	56.045455	69.300000
I_9-10	ARO:3006803	PDC-434	1	41.700000	38.900000	38.900000
I_9-10	ARO:3006804	PDC-435	30	52.510000	54.896667	80.900000
I_9-10	ARO:3006806	PDC-437	9	51.022222	53.777778	65.100000
I_9-10	ARO:3006811	PDC-443	20	53.250000	56.360000	72.800000
I_9-10	ARO:3006812	PDC-444	1	55.300000	57.400000	57.400000
I_9-10	ARO:3006813	PDC-445	1	45.800000	55.800000	55.800000
I_9-10	ARO:3006815	PDC-447	15	54.813333	62.133333	76.600000
I_9-10	ARO:3006816	PDC-448	3	44.700000	41.333333	43.500000
I_9-10	ARO:3006817	PDC-450	13	60.046154	63.300000	80.100000
I_9-10	ARO:3006819	PDC-452	7	49.500000	52.257143	56.200000
I_9-10	ARO:3006820	PDC-453	19	58.478947	64.826316	77.000000
I_9-10	ARO:3006822	PDC-455	213	56.116432	58.931455	78.600000
I_9-10	ARO:3006823	PDC-456	7	59.642857	61.285714	77.000000
I_9-10	ARO:3006824	PDC-457	2	62.800000	61.600000	67.000000
I_9-10	ARO:3006826	PDC-459	7	49.500000	52.257143	56.200000
I_9-10	ARO:3006828	PDC-460	3	48.900000	39.133333	40.400000
I_9-10	ARO:3006829	PDC-462	3	48.900000	39.133333	40.400000
I_9-10	ARO:3006830	PDC-463	13	49.469231	52.346154	68.900000
I_9-10	ARO:3006832	PDC-466	7	48.771429	47.742857	63.500000
I_9-10	ARO:3006833	PDC-467	1	69.400000	72.800000	72.800000
I_9-10	ARO:3006839	PDC-473	11	64.300000	69.318182	79.300000
I_9-10	ARO:3006840	PDC-474	4	56.125000	61.900000	65.100000
I_9-10	ARO:3006841	PDC-475	3	44.700000	41.333333	43.500000
I_9-10	ARO:3006844	PDC-60	7	65.385714	66.028571	69.300000
I_9-10	ARO:3006846	PDC-71	1	62.700000	65.100000	65.100000
I_9-10	ARO:3006849	PDC-96	7	50.071429	51.557143	57.400000
I_9-10	ARO:3006852	PDC-99	5	45.480000	40.200000	42.400000
I_9-10	ARO:3006853	SRT-3	599	54.431553	54.014023	84.000000
I_9-10	ARO:3006854	CMH-2	191	82.345026	88.993717	107.000000
I_9-10	ARO:3006855	CMH-3	312	82.944872	89.565385	109.000000
I_9-10	ARO:3006856	CMH-4	192	81.607813	86.806250	109.000000
I_9-10	ARO:3006857	CMH-5	71	78.885915	82.376056	108.000000
I_9-10	ARO:3006858	CMH-6	170	80.573529	86.201176	108.000000
I_9-10	ARO:3006859	MIR-19	182	92.431868	96.846154	113.000000
I_9-10	ARO:3006860	MIR-20	123	95.384553	100.820325	113.000000
I_9-10	ARO:3006861	MIR-21	129	96.846512	101.397674	112.000000
I_9-10	ARO:3006862	MIR-22	117	96.325641	101.281197	112.000000
I_9-10	ARO:3006863	AAK-1	8	56.412500	52.762500	99.800000
I_9-10	ARO:3006864	CRD3-1	277	43.438989	41.504693	74.700000
I_9-10	ARO:3006865	CRH-1	143	60.957343	57.448252	72.000000
I_9-10	ARO:3006866	CRH-2	85	57.202353	53.671765	73.600000
I_9-10	ARO:3006867	CRH-3	83	57.339759	53.061446	73.200000
I_9-10	ARO:3006868	CRP-1	89	60.992135	57.773034	77.000000
I_9-10	ARO:3006869	CSA-1	306	55.671242	55.671569	101.000000
I_9-10	ARO:3006870	CSA-2	274	55.570073	55.591606	101.000000
I_9-10	ARO:3006871	CSP-1	426	54.392723	58.017840	83.600000
I_9-10	ARO:3006872	DHT2-1	100	42.955000	43.752000	70.500000
I_9-10	ARO:3006873	EAM-1	103	48.864078	43.126214	75.100000
I_9-10	ARO:3006874	EC-13	2360	93.727754	94.889407	114.000000
I_9-10	ARO:3006875	EC-14	2346	93.942796	95.151620	114.000000
I_9-10	ARO:3006876	EC-15	2356	93.930263	94.895289	114.000000
I_9-10	ARO:3006877	EC-16	2342	94.057472	95.140137	114.000000
I_9-10	ARO:3006878	EC-18	2328	93.943686	95.202749	114.000000
I_9-10	ARO:3006879	EC-19	2087	93.380450	94.005846	113.000000
I_9-10	ARO:3006880	EC-5	2109	93.836937	94.228592	113.000000
I_9-10	ARO:3006881	EC-8	2331	94.036079	95.041356	112.000000
I_9-10	ARO:3006882	ECM-1	36	51.761111	47.777778	77.000000
I_9-10	ARO:3006883	ECV-1	41	48.860976	54.109756	72.800000
I_9-10	ARO:3006884	EFM-1	20	51.305000	48.605000	75.500000
I_9-10	ARO:3006885	ELM-1	147	47.165986	42.612925	77.400000
I_9-10	ARO:3006886	EVM-1	76	48.634211	44.294737	76.300000
I_9-10	ARO:3006887	FIA-1	12	50.233333	55.016667	63.900000
I_9-10	ARO:3006888	GIL-1	310	61.802581	59.739355	96.300000
I_9-10	ARO:3006889	GMB-1	33	48.012121	41.427273	54.700000
I_9-10	ARO:3006890	AFM-1	3	62.500000	50.733333	63.200000
I_9-10	ARO:3006891	AFM-2	3	62.500000	50.733333	63.200000
I_9-10	ARO:3006892	ALG11-1	39	50.592308	48.792308	69.300000
I_9-10	ARO:3006893	ALG6-1	70	51.251429	49.822857	83.200000
I_9-10	ARO:3006894	ALI-1	5	41.200000	41.700000	49.700000
I_9-10	ARO:3006895	ALI-2	30	40.310000	42.943333	58.900000
I_9-10	ARO:3006896	ANA-1	9	52.866667	42.177778	48.900000
I_9-10	ARO:3006897	AXC-1	248	60.343145	60.971774	79.300000
I_9-10	ARO:3006898	AXC-2	231	60.623377	61.262771	77.800000
I_9-10	ARO:3006899	AXC-3	241	60.892946	61.250207	79.300000
I_9-10	ARO:3006900	AXC-4	248	60.343145	60.971774	79.300000
I_9-10	ARO:3006901	AXC-5	246	60.045122	60.567886	79.300000
I_9-10	ARO:3006902	BSU-1	500	49.018200	53.864000	84.300000
I_9-10	ARO:3006903	CAR-1	709	44.294217	42.407898	101.000000
I_9-10	ARO:3006904	CDD-1	411	47.551338	48.276156	70.100000
I_9-10	ARO:3006905	CDD-2	413	47.909443	48.778935	70.500000
I_9-10	ARO:3006906	CfiA10	158	58.552532	65.866456	111.000000
I_9-10	ARO:3006907	CfiA11	162	58.077778	65.367284	110.000000
I_9-10	ARO:3006908	CfiA14	163	58.254601	65.371779	110.000000
I_9-10	ARO:3006909	CfiA17	149	59.013423	65.995973	110.000000
I_9-10	ARO:3006910	CfiA18	161	58.368323	65.442236	111.000000
I_9-10	ARO:3006911	CfiA19	158	58.863291	66.078481	110.000000
I_9-10	ARO:3006912	CfiA2	156	58.839103	65.957692	111.000000
I_9-10	ARO:3006913	CfiA21	147	59.213605	66.087755	111.000000
I_9-10	ARO:3006914	CfiA22	144	60.037500	67.744444	110.000000
I_9-10	ARO:3006915	CfiA23	146	60.021233	67.541096	110.000000
I_9-10	ARO:3006916	CfiA24	139	60.487770	68.009353	110.000000
I_9-10	ARO:3006917	CfiA26	147	59.858503	67.723810	110.000000
I_9-10	ARO:3006918	CfiA27	142	60.076761	67.626761	110.000000
I_9-10	ARO:3006919	CfiA4	141	60.002837	67.471631	110.000000
I_9-10	ARO:3006920	CfiA8	143	60.275524	68.028671	111.000000
I_9-10	ARO:3006921	CfiA9	142	60.448592	68.103521	111.000000
I_9-10	ARO:3006922	CMA-1	229	57.774672	58.543668	100.000000
I_9-10	ARO:3006923	CMA-2	254	56.811024	56.882677	101.000000
I_9-10	ARO:3006924	CVI-1	138	65.161594	71.098551	86.700000
I_9-10	ARO:3006925	GRD23-1	22	51.681818	57.013636	75.100000
I_9-10	ARO:3006926	GRD33-1	49	48.904082	47.020408	72.000000
I_9-10	ARO:3006927	KLUC-1	85	64.128235	59.595294	107.000000
I_9-10	ARO:3006928	KLUC-2	83	63.822892	59.089157	107.000000
I_9-10	ARO:3006929	KLUC-3	104	63.922115	62.779808	105.000000
I_9-10	ARO:3006930	KLUC-4	76	64.307895	59.669737	107.000000
I_9-10	ARO:3006931	KLUC-5	77	64.796104	60.238961	107.000000
I_9-10	ARO:3006932	LEN-27	12	79.358333	78.275000	102.000000
I_9-10	ARO:3006933	LEN-28	10	73.450000	72.090000	102.000000
I_9-10	ARO:3006934	LEN-31	17	72.241176	72.158824	102.000000
I_9-10	ARO:3006935	LHK-1	159	64.467296	64.209434	108.000000
I_9-10	ARO:3006936	LHK-2	178	64.284831	64.237640	105.000000
I_9-10	ARO:3006937	LHK-3	152	64.906579	64.474342	108.000000
I_9-10	ARO:3006938	LHK-4	150	65.172000	64.606667	108.000000
I_9-10	ARO:3006939	LHK-5	159	64.972956	64.498742	107.000000
I_9-10	ARO:3006940	LHK-6	128	67.057813	65.458594	109.000000
I_9-10	ARO:3006941	LRG-1	220	59.811364	60.535000	89.400000
I_9-10	ARO:3006942	LUS-1	723	51.039696	54.725588	90.100000
I_9-10	ARO:3006943	LUT-1	225	55.851111	56.136889	83.600000
I_9-10	ARO:3006944	LUT-2	210	56.151429	56.761429	82.800000
I_9-10	ARO:3006945	LUT-3	217	55.726728	56.106912	83.600000
I_9-10	ARO:3006946	LUT-4	209	55.821053	55.933971	83.600000
I_9-10	ARO:3006947	LUT-5	207	55.951691	55.994203	83.600000
I_9-10	ARO:3006948	LUT-6	187	55.796791	56.017112	83.600000
I_9-10	ARO:3006949	MAL-1	563	58.396448	59.014920	80.900000
I_9-10	ARO:3006950	MAL-2	578	58.270415	59.025087	80.900000
I_9-10	ARO:3006951	MBL1b	64	47.375000	44.187500	90.500000
I_9-10	ARO:3006952	MOC-1	39	46.979487	47.438462	66.600000
I_9-10	ARO:3006953	MOR-2	339	87.396460	89.905015	112.000000
I_9-10	ARO:3006954	MYO-1	56	49.046429	54.623214	90.500000
I_9-10	ARO:3006955	MYX-1	16	53.556250	51.137500	68.600000
I_9-10	ARO:3006956	OHIO-1	92	55.632609	56.160870	82.800000
I_9-10	ARO:3006957	ORN-1	197	61.745685	60.925381	103.000000
I_9-10	ARO:3006958	ORN-2	186	62.224194	61.187097	103.000000
I_9-10	ARO:3006959	ORN-3	177	62.224294	61.096610	103.000000
I_9-10	ARO:3006960	ORN-4	116	64.237931	64.001724	103.000000
I_9-10	ARO:3006961	ORN-5	181	62.101657	61.434807	103.000000
I_9-10	ARO:3006962	ORN-6	155	63.489032	61.856129	103.000000
I_9-10	ARO:3006963	ORR-1	28	53.007143	55.778571	73.600000
I_9-10	ARO:3006964	PAU-1	304	69.236184	69.056579	107.000000
I_9-10	ARO:3006965	PFM-1	83	63.720482	72.419277	87.000000
I_9-10	ARO:3006966	PFM-2	82	61.900000	70.769512	87.000000
I_9-10	ARO:3006967	PFM-3	83	63.318072	71.046988	87.000000
I_9-10	ARO:3006968	PLA-1	233	60.467811	59.490987	99.800000
I_9-10	ARO:3006969	PLA-2a	228	60.653947	59.574123	99.800000
I_9-10	ARO:3006970	PLA-3	217	60.803687	59.631797	99.800000
I_9-10	ARO:3006971	PLA-6	243	60.780247	59.725514	99.800000
I_9-10	ARO:3006972	PLN-1	47	49.646809	45.493617	70.900000
I_9-10	ARO:3006973	PME-1	71	61.819718	58.850704	104.000000
I_9-10	ARO:3006974	POM-1	88	47.085227	44.451136	110.000000
I_9-10	ARO:3006975	POM-2	88	47.085227	44.451136	110.000000
I_9-10	ARO:3006976	PST-1	16	45.237500	52.168750	63.500000
I_9-10	ARO:3006977	PST-2	16	45.237500	52.168750	63.500000
I_9-10	ARO:3006978	PSV-1	177	52.787571	54.497175	74.300000
I_9-10	ARO:3006979	RAHN-1	55	60.621818	61.334545	99.800000
I_9-10	ARO:3006980	RAHN-2	64	61.434375	62.876562	99.800000
I_9-10	ARO:3006981	RSA2-1	51	58.082353	57.101961	105.000000
I_9-10	ARO:3006982	RSD2-1	490	69.363061	71.633673	108.000000
I_9-10	ARO:3006983	RSD2-2	514	68.542218	70.259339	108.000000
I_9-10	ARO:3006984	RUB-1	136	58.972059	59.029412	95.100000
I_9-10	ARO:3006985	SFC-1	24	47.054167	43.641667	53.100000
I_9-10	ARO:3006986	SFO-1	62	59.946774	59.214516	106.000000
I_9-10	ARO:3006987	SGM-1	36	52.538889	47.675000	73.600000
I_9-10	ARO:3006988	SGM-2	40	60.460000	59.212500	72.400000
I_9-10	ARO:3006989	SGM-3	23	55.882609	53.695652	67.000000
I_9-10	ARO:3006990	SGM-4	21	53.761905	51.938095	70.500000
I_9-10	ARO:3006991	SGM-5	75	48.457333	48.112000	73.200000
I_9-10	ARO:3006992	SGM-6	48	58.297917	55.216667	70.100000
I_9-10	ARO:3006993	SGM-7	45	58.946667	58.180000	71.200000
I_9-10	ARO:3006994	SHN-1	6	42.550000	45.616667	53.100000
I_9-10	ARO:3006995	SPN79-1	19	45.636842	43.110526	63.500000
I_9-10	ARO:3006996	SPR-1	58	54.612069	55.981034	73.900000
I_9-10	ARO:3006997	SPS-1	24	51.225000	56.358333	66.200000
I_9-10	ARO:3006998	SPU-1	429	54.329371	57.935897	83.600000
I_9-10	ARO:3006999	SST-1	576	53.790625	53.182639	84.000000
I_9-10	ARO:3007000	STA-1	10	54.180000	63.210000	75.500000
I_9-10	ARO:3007001	TER-1	269	59.146840	57.126766	90.500000
I_9-10	ARO:3007002	TTU-1	16	47.637500	52.112500	68.200000
I_9-10	ARO:3007003	VHH-1	279	59.035842	62.975986	77.000000
I_9-10	ARO:3007004	VHW-1	227	56.801762	61.411013	76.300000
I_9-10	ARO:3007005	YEM-1	130	65.580769	70.916154	89.700000
I_9-10	ARO:3007006	ZOG-1	41	46.121951	48.314634	61.200000
I_9-10	ARO:3007007	TER-2	340	60.133235	58.410000	92.800000
I_9-10	ARO:3007010	norC	1444	58.690997	57.570983	85.900000
I_9-10	ARO:3007011	mdeA	925	42.343135	41.522054	90.500000
I_9-10	ARO:3007012	sepA	4	66.825000	77.500000	81.600000
I_9-10	ARO:3007013	sdrM	3741	44.778428	45.763085	99.400000
I_9-10	ARO:3007014	qacJ	1870	50.894866	46.685615	93.600000
I_9-10	ARO:3007015	qacG	2320	49.537112	46.211379	99.400000
I_9-10	ARO:3007017	SHD-1	28	45.128571	49.189286	62.400000
I_9-10	ARO:3007019	fexB	154	49.566883	48.483766	102.000000
I_9-10	ARO:3007021	PFM-4	84	62.615476	70.440476	85.100000
I_9-10	ARO:3007023	NDM-33	11	91.200000	93.663636	106.000000
I_9-10	ARO:3007026	salB	6993	43.371872	43.237766	97.800000
I_9-10	ARO:3007027	salC	6058	43.267085	43.893034	84.000000
I_9-10	ARO:3007028	salD	11346	46.955579	41.711176	82.400000
I_9-10	ARO:3007029	salE	5109	46.952652	42.072578	104.000000
I_9-10	ARO:3007032	Erm(50)	624	63.464744	62.180128	112.000000
I_9-10	ARO:3007033	Erm(51)	598	63.145987	63.962876	117.000000
I_9-10	ARO:3007041	Erm(52)	525	46.590667	45.268571	103.000000
I_9-10	ARO:3007042	msr(G)	13316	50.854926	50.432104	107.000000
I_9-10	ARO:3007043	msr(I)	41850	50.095587	47.753319	107.000000
I_9-10	ARO:3007044	mef(F)	1550	56.152452	54.031290	106.000000
I_9-10	ARO:3007047	mef(H)	29	79.475862	65.786207	100.000000
I_9-10	ARO:3007049	mef(J)	1340	64.051269	59.560299	107.000000
I_9-10	ARO:3007050	mreA	2786	54.133238	54.366655	93.200000
I_9-10	ARO:3007062	VAM-1	25	51.800000	56.428000	67.400000
I_9-10	ARO:3007069	FosY	123	60.134146	42.673171	89.000000
I_9-10	ARO:3007070	MCR-1.33	5628	58.645593	60.766631	95.100000
I_9-10	ARO:3007075	cph	208	45.028846	41.569231	58.900000
I_9-10	ARO:3007085	PRC-1	456	56.552632	60.766228	105.000000
I_9-10	ARO:3007097	FosM1	15	52.000000	53.293333	77.000000
I_9-10	ARO:3007098	FosM2	8	60.987500	61.700000	87.800000
I_9-10	ARO:3007099	FosM3	16	52.206250	52.150000	81.300000
I_9-10	ARO:3007101	BcIII	156	51.209615	58.626923	87.800000
I_9-10	ARO:3007104	nimA	2507	56.460471	56.537615	94.700000
I_9-10	ARO:3007105	nimC	1465	60.186212	61.595973	94.400000
I_9-10	ARO:3007106	nimD	1641	62.579159	63.650823	97.100000
I_9-10	ARO:3007107	nimE	1769	67.906444	67.487677	112.000000
I_9-10	ARO:3007108	nimF	1486	60.788493	64.194953	93.600000
I_9-10	ARO:3007109	nimG	1777	62.112099	63.311593	97.400000
I_9-10	ARO:3007110	nimH	1597	63.482530	64.648591	98.200000
I_9-10	ARO:3007111	nimI	1329	57.723326	57.830625	95.500000
I_9-10	ARO:3007112	nimJ	1845	59.190569	60.905041	109.000000
I_9-10	ARO:3007113	nimK	1725	54.891130	54.946493	77.800000
I_9-10	ARO:3007118	crxA	14	50.571429	51.771429	104.000000
I_9-10	ARO:3007119	tet(O/32/O)	38381	61.676079	60.557020	114.000000
I_9-10	ARO:3007120	tet(O/M/O)	38015	63.699976	62.088142	114.000000
I_9-10	ARO:3007121	tet(O/W)	37760	62.735953	60.992188	113.000000
I_9-10	ARO:3007122	tet(O/W/32/O)	38395	62.799177	61.133666	111.000000
I_9-10	ARO:3007123	tet(O/W/O)	37841	63.000219	61.186211	114.000000
I_9-10	ARO:3007124	tet(W/32/O)	35526	62.544339	59.956547	111.000000
I_9-10	ARO:3007125	ROB-11	225	54.386222	53.252444	73.200000
I_9-10	ARO:3007126	ROB-12	205	55.100976	53.845366	73.200000
I_9-10	ARO:3007127	otr(A)S.liv	16494	57.039590	49.973111	75.900000
I_9-10	ARO:3007137	mcr-10.1	6487	59.233143	62.589934	113.000000
I_9-10	ARO:3007180	MAB	53	50.388679	51.667925	64.300000
I_9-10	ARO:3007182	blaC	44	54.377273	55.404545	68.600000
I_9-10	ARO:3007188	vanH_in_vanP_cl	5479	47.482059	45.932962	68.600000
I_9-10	ARO:3007189	vanP	5553	49.753539	49.498289	84.000000
I_9-10	ARO:3007190	vanX_in_vanP_cl	370	54.395135	51.529459	80.900000
I_9-10	ARO:3007191	vanR_in_vanP_cl	39519	52.649650	51.425211	99.400000
I_9-10	ARO:3007192	vanS_in_vanP_cl	5985	48.817009	46.514503	84.000000
I_9-10	ARO:3007199	PAM-1	232	47.075000	41.909052	85.100000
I_9-10	ARO:3007200	PAM-2	74	45.150000	43.687838	84.700000
I_9-10	ARO:3007201	PAM-3	71	45.357746	43.766197	83.200000
I_9-10	ARO:3007202	NDM-16b	11	91.200000	94.790909	109.000000
I_9-10	ARO:3007204	AAC(6')-Iap	201	48.187065	45.263682	59.300000
I_9-10	ARO:3007206	KBL-1	273	58.312454	58.320879	85.100000
I_9-10	ARO:3007208	HelR	1734	59.153806	56.455479	99.800000
I_9-10	ARO:3007209	Sven_rox	966	62.061491	51.609834	95.500000
I_9-10	ARO:3007210	Nfar_rox	603	58.731841	50.382753	99.000000
I_9-10	ARO:3007211	NDM-34	12	91.933333	94.616667	109.000000
I_9-10	ARO:3007212	NDM-35	7	86.171429	87.942857	101.000000
I_9-10	ARO:3007213	NDM-36	11	91.200000	94.790909	109.000000
I_9-10	ARO:3007214	NDM-37	11	91.200000	94.790909	109.000000
I_9-10	ARO:3007215	NDM-38	6	100.000000	102.600000	109.000000
I_9-10	ARO:3007216	NDM-39	11	91.200000	94.790909	109.000000
I_9-10	ARO:3007217	NDM-40	6	100.000000	102.600000	109.000000
I_9-10	ARO:3007218	NDM-41	11	91.200000	94.790909	109.000000
I_9-10	ARO:3007219	NDM-42	6	100.000000	102.600000	109.000000
I_9-10	ARO:3007220	NDM-43	6	100.000000	102.600000	109.000000
I_9-10	ARO:3007227	MCR-8.3	7536	55.016919	56.975186	91.300000
I_9-10	ARO:3007228	MCR-8.4	7677	55.115384	57.227042	91.300000
I_9-10	ARO:3007229	MCR-8.2	7750	55.167858	57.284090	91.700000
I_9-10	ARO:3007230	MCR-1.34	4679	58.940222	61.305172	100.000000
I_9-10	ARO:3007231	MCR-4.6	5063	55.515110	60.189394	101.000000
I_9-10	ARO:3007232	MCR-1.27	3595	59.591739	62.170765	100.000000
I_9-10	ARO:3007233	MCR-1.18	2536	58.539432	59.354101	100.000000
I_9-10	ARO:3007234	MCR-1.23	1861	57.784471	56.875336	100.000000
I_9-10	ARO:3007235	MCR-1.20	1678	58.175685	57.602026	100.000000
I_9-10	ARO:3007236	MCR-1.28	1589	58.311391	57.839962	94.400000
I_9-10	ARO:3007237	MCR-1.21	1303	59.146278	58.525633	100.000000
I_9-10	ARO:3007238	MCR-1.16	1582	56.234260	55.700190	100.000000
I_9-10	ARO:3007239	MCR-1.22	919	58.532862	59.341023	100.000000
I_9-10	ARO:3007240	MCR-1.19	571	57.925044	59.049562	100.000000
I_9-10	ARO:3007241	MCR-1.29	205	56.588293	58.384878	100.000000
I_9-10	ARO:3007242	MCR-1.30	263	54.823954	57.369202	100.000000
I_9-10	ARO:3007243	MCR-1.24	301	59.852492	53.158472	89.400000
I_9-10	ARO:3007244	MCR-1.17	34	45.308824	47.211765	100.000000
I_9-10	ARO:3007245	MCR-1.31	12	72.808333	71.616667	100.000000
I_9-10	ARO:3007246	MCR-1.14	85	49.271765	49.847059	57.400000
I_9-10	ARO:3007247	MCR-1.25	1	52.000000	52.400000	52.400000
I_9-10	ARO:3007248	MCR-3.33	6860	60.688120	66.354825	116.000000
I_9-10	ARO:3007249	MCR-3.14	6054	60.967972	66.079220	116.000000
I_9-10	ARO:3007250	MCR-3.37	7362	60.429272	65.593752	114.000000
I_9-10	ARO:3007251	MCR-3.38	4726	60.295303	65.330279	117.000000
I_9-10	ARO:3007252	MCR-3.15	5106	60.655640	64.915119	117.000000
I_9-10	ARO:3007253	MCR-3.27	4882	60.959402	65.158583	117.000000
I_9-10	ARO:3007254	MCR-3.32	5560	61.240342	65.409460	116.000000
I_9-10	ARO:3007255	MCR-3.31	5355	60.549132	64.331970	116.000000
I_9-10	ARO:3007256	MCR-3.23	2772	61.052633	64.751659	117.000000
I_9-10	ARO:3007257	MCR-3.36	6844	61.058475	65.936923	116.000000
I_9-10	ARO:3007258	MCR-3.25	5838	61.253717	65.616050	116.000000
I_9-10	ARO:3007259	MCR-3.22	3160	59.472437	63.992690	117.000000
I_9-10	ARO:3007260	MCR-3.16	6058	60.983443	65.441334	116.000000
I_9-10	ARO:3007261	MCR-3.26	2600	60.714615	64.639154	117.000000
I_9-10	ARO:3007262	MCR-3.21	2570	61.979105	66.421479	117.000000
I_9-10	ARO:3007263	MCR-3.18	5732	59.368283	64.051902	116.000000
I_9-10	ARO:3007264	MCR-3.40	2581	59.555870	64.095583	117.000000
I_9-10	ARO:3007265	MCR-3.24	2219	60.199189	64.492654	117.000000
I_9-10	ARO:3007266	MCR-3.20	6926	59.205977	63.494095	117.000000
I_9-10	ARO:3007267	MCR-3.35	5799	61.439938	66.855768	116.000000
I_9-10	ARO:3007268	MCR-3.34	5899	61.099542	66.791015	116.000000
I_9-10	ARO:3007269	MCR-3.13	4671	61.930978	66.756519	116.000000
I_9-10	ARO:3007270	MCR-3.28	3811	59.843060	64.495041	117.000000
I_9-10	ARO:3007271	MCR-3.39	2211	60.514428	64.606061	117.000000
I_9-10	ARO:3007272	MCR-3.29	2459	59.165555	64.033591	117.000000
I_9-10	ARO:3007273	MCR-3.19	1954	61.802508	65.687871	117.000000
I_9-10	ARO:3007274	MCR-10.5	6473	59.275344	62.484567	112.000000
I_9-10	ARO:3007275	MCR-10.3	6531	59.002389	62.353805	113.000000
I_9-10	ARO:3007276	MCR-10.4	6578	59.184327	62.589328	113.000000
I_9-10	ARO:3007277	MCR-10.2	6481	59.167289	62.516726	113.000000
I_9-10	ARO:3007278	MCR-3.17	6397	60.051649	65.973050	118.000000
I_9-10	ARO:3007279	MCR-1.15	6652	57.723512	59.404720	100.000000
I_9-10	ARO:3007280	MCR-1.26	7711	57.662145	59.145338	100.000000
I_9-10	ARO:3007281	MCR-5.4	4986	57.670317	59.283574	115.000000
I_9-10	ARO:3007282	MCR-5.3	5076	57.502778	59.202403	115.000000
I_9-10	ARO:3007283	MCR-2.4	5805	58.813798	61.823204	96.700000
I_9-10	ARO:3007284	MCR-2.3	6176	58.454679	60.823478	96.700000
I_9-10	ARO:3007285	MCR-2.8	4935	58.362026	60.178298	95.500000
I_9-10	ARO:3007286	MCR-2.5	5904	58.397392	61.347104	96.700000
I_9-10	ARO:3007287	MCR-2.7	5899	58.279980	61.035209	96.700000
I_9-10	ARO:3007288	MCR-2.6	5949	58.386199	61.191898	96.700000
I_9-10	ARO:3007368	FosG	566	58.769081	62.942756	111.000000
I_9-10	ARO:3007369	FosH	144	69.407639	64.209722	89.700000
I_9-10	ARO:3007370	FosI	126	69.415873	64.978571	89.400000
I_9-10	ARO:3007371	FosA8	832	65.691466	68.075601	110.000000
I_9-10	ARO:3007372	FosBx1	132	47.646970	40.225000	72.000000
I_9-10	ARO:3007374	PJM-1	96	52.167708	49.158333	94.000000
I_9-10	ARO:3007375	KPC-87	40	88.577500	87.072500	108.000000
I_9-10	ARO:3007383	KPC-95	1	58.000000	63.900000	63.900000
I_9-10	ARO:3007401	ANT(9)-Ib	70	48.442857	47.811429	103.000000
I_9-10	ARO:3007402	KPC-94	11	95.563636	97.272727	112.000000
I_9-10	ARO:3007427	ThfT	358	56.493296	50.965363	88.200000
I_9-10	ARO:3007431	almF	2	100.000000	72.400000	96.700000
I_9-10	ARO:3007433	almE	130	49.623077	45.125385	107.000000
I_9-10	ARO:3007435	WUS-1	68	45.480882	51.582353	73.200000
I_9-10	ARO:3007436	KPC-96	23	58.817391	54.060870	68.200000
I_9-10	ARO:3007437	EBR-5	39	75.123077	74.871795	103.000000
I_9-10	ARO:3007438	LAQ-1	505	68.777426	74.584158	110.000000
I_9-10	ARO:3007442	SSA	152	57.773684	53.305263	71.200000
I_9-10	ARO:3007443	NDM-44	6	100.000000	102.600000	109.000000
I_9-10	ARO:3007444	NDM-45	7	84.957143	90.542857	109.000000
I_9-10	ARO:3007445	NDM-46	11	91.200000	94.790909	109.000000
I_9-10	ARO:3007447	NDM-47	3	100.000000	104.666667	107.000000
I_9-10	ARO:3007448	TEM-246	1	46.200000	42.400000	42.400000
I_9-10	ARO:3007453	TEM-244	2	71.400000	72.400000	73.600000
I_9-10	ARO:3007456	dfrL	2178	48.384068	49.018365	77.400000
I_9-10	ARO:3007459	EstT	573	71.680803	70.425480	113.000000
I_9-10	ARO:3007460	IMP-91	3	55.033333	55.433333	56.600000
I_9-10	ARO:3007461	IMP-96	2	49.700000	51.750000	60.800000
I_9-10	ARO:3007462	IMP-92	4	55.450000	51.000000	56.200000
I_9-10	ARO:3007463	IMP-93	2	50.650000	49.650000	61.200000
I_9-10	ARO:3007464	IMP-94	5	67.220000	56.460000	99.400000
I_9-10	ARO:3007465	IMP-95	4	52.100000	55.075000	60.500000
I_9-10	ARO:3007470	IND-17	33	58.830303	66.321212	84.700000
I_9-10	ARO:3007483	RAD-1	1159	51.631493	56.324849	94.700000
I_9-10	ARO:3007489	dfrB10	155	84.625161	76.870968	109.000000
I_9-10	ARO:3007490	dfrB11	150	83.280000	76.756000	107.000000
I_9-10	ARO:3007492	tet(62)	5950	58.844622	58.175731	89.400000
I_9-10	ARO:3007493	tet(63)	234	59.116667	56.877778	89.700000
I_9-10	ARO:3007494	tet(64)	5753	61.547732	60.761846	85.500000
I_9-10	ARO:3007509	Sfle_acrA	21513	64.151188	61.769702	104.000000
I_9-10	ARO:3007515	ANT(9)-Ic	280	50.045714	46.888214	73.600000
I_9-10	ARO:3007533	MCR-4.7	5447	55.379457	59.981788	101.000000
I_9-10	ARO:3007539	APH(9)-Ic	9	68.966667	66.033333	109.000000
I_9-10	ARO:3007561	OXA-1038	132	51.003788	53.150758	114.000000
I_9-10	ARO:3007562	OXA-1039	14	91.592857	97.550000	114.000000
I_9-10	ARO:3007632	FRI-11	30	56.076667	53.320000	72.000000
I_9-10	ARO:3007635	CAE-1	513	68.106043	65.174269	105.000000
I_9-10	ARO:3007637	cplR	56514	47.346440	45.610520	94.000000
I_9-10	ARO:3007644	Cper_cplR	48750	47.195301	46.927200	99.400000
I_9-10	ARO:3007645	Cspo_cplR	40862	45.700871	46.408857	81.600000
I_9-10	ARO:3007648	PSZ-1	129	62.525581	62.241085	99.000000
I_9-10	ARO:3007650	CDA-1	127	65.353543	66.152756	94.400000
I_9-10	ARO:3007654	erm(56)	824	63.207524	63.560316	105.000000
I_9-10	ARO:3007659	Rv2856	713	60.818373	57.233380	95.100000
I_9-10	ARO:3007662	Rv1877	2719	49.821957	48.854652	94.700000
I_9-10	ARO:3007669	aadT	1889	61.808999	58.931498	110.000000
I_9-10	ARO:3007671	CdnimB	461	49.772885	52.454664	77.000000
I_9-10	ARO:3007678	IreK	7887	55.264486	56.194155	105.000000
I_9-10	ARO:3007682	MdtQ	4352	69.865648	68.968313	117.000000
I_9-10	ARO:3007694	AMZ-1	739	56.732070	60.215697	79.000000
I_9-10	ARO:3007695	CMY-185	9	100.000000	106.777778	110.000000
I_9-10	ARO:3007770	aac(6')-Ib-cr10	1685	94.862374	89.373650	110.000000
I_9-10	ARO:3007771	aac(6')-Ib-cr11	1583	96.001706	90.134681	110.000000
I_9-10	ARO:3007801	RATA-1	385	57.407273	57.731688	107.000000
I_9-10	ARO:3007802	RATA-2	352	58.123011	58.232386	109.000000
I_9-10	ARO:3007803	CARB-56	359	60.162953	62.993036	73.200000
I_9-10	ARO:3007812	VIM-75	14	49.264286	63.192857	70.500000
I_9-10	ARO:3007813	VIM-76	8	52.525000	63.262500	66.600000
I_9-10	ARO:3007816	VIM-79	7	52.485714	61.028571	70.500000
I_9-10	ARO:3007817	VIM-80	6	47.400000	52.416667	62.400000
I_9-10	ARO:3007820	VIM-83	14	49.264286	63.192857	70.500000
I_9-10	ARO:3007823	VIM-86	19	48.436842	58.715789	70.100000
I_9-10	ARO:3007825	GES-47	268	74.467164	75.673881	108.000000
I_9-10	ARO:3007826	GES-48	208	79.482212	80.982212	108.000000
I_9-10	ARO:3007827	GES-49	198	90.148485	91.418687	108.000000
I_9-10	ARO:3007828	GES-50	188	80.850532	82.369681	108.000000
I_9-10	ARO:3007829	GES-51	108	90.243519	91.697222	104.000000
I_9-10	ARO:3007830	GES-52	188	98.990957	100.303723	108.000000
I_9-10	ARO:3007831	GES-53	151	98.232450	98.963576	108.000000
I_9-10	ARO:3007832	GES-54	138	84.594928	85.619565	107.000000
I_9-10	ARO:3007833	GES-55	63	99.761905	99.657143	108.000000
I_9-10	ARO:3007834	GES-56	204	83.558333	84.992157	106.000000
I_9-10	ARO:3007835	GES-57	137	93.537956	95.950365	104.000000
I_9-10	ARO:3007836	CARB-57	332	60.162952	62.773193	72.000000
I_9-10	ARO:3007837	CARB-58	1423	90.872944	53.607941	110.000000
I_9-10	ARO:3007838	tet(65)	3495	57.687840	55.465122	108.000000
I_9-10	ARO:3007840	CIM-1	30	55.793333	63.660000	84.700000
I_9-10	ARO:3007846	SIE-1	41	50.485366	47.565854	72.000000
I_9-10	ARO:3007848	NWM-1	341	45.763930	40.498534	85.900000
I_9-10	ARO:3007855	CHM-1	57	53.107018	61.615789	92.400000
I_9-10	ARO:3007859	BIM-1	4	45.225000	44.450000	51.200000
I_9-10	ARO:3007861	DYB-1	116	52.874138	61.211207	86.300000
I_9-10	ARO:3007883	ACT-100	374	86.949733	82.959893	112.000000
I_9-10	ARO:3007884	ACT-101	282	87.852482	81.254610	112.000000
I_9-10	ARO:3007885	ACT-102	381	84.847244	81.500525	111.000000
I_9-10	ARO:3007886	ACT-103	348	86.583046	82.841379	112.000000
I_9-10	ARO:3007887	ACT-104	240	75.355000	78.597917	110.000000
I_9-10	ARO:3007888	ACT-105	132	90.792424	90.084091	112.000000
I_9-10	ARO:3007889	ACT-106	129	70.958140	67.284496	112.000000
I_9-10	ARO:3007890	ACT-107	271	83.692989	79.412177	108.000000
I_9-10	ARO:3007891	ACT-108	70	82.777143	75.751429	112.000000
I_9-10	ARO:3007892	ACT-109	123	68.714634	69.104878	107.000000
I_9-10	ARO:3007893	ACT-110	179	87.496089	91.963128	112.000000
I_9-10	ARO:3007894	ACT-111	77	95.141558	100.672727	112.000000
I_9-10	ARO:3007895	ACT-112	247	83.000000	75.627935	107.000000
I_9-10	ARO:3007896	ACT-113	60	71.451667	67.270000	106.000000
I_9-10	ARO:3007897	ACT-115	37	93.137838	80.481081	106.000000
I_9-10	ARO:3007898	ACT-116	131	95.155725	96.369466	112.000000
I_9-10	ARO:3007899	ACT-117	236	82.155085	74.276695	106.000000
I_9-10	ARO:3007900	ACT-118	82	87.200000	92.642683	110.000000
I_9-10	ARO:3007901	ACT-119	146	70.769178	78.671233	97.800000
I_9-10	ARO:3007902	ACT-120	118	72.058475	76.288983	102.000000
I_9-10	ARO:3007903	ACT-121	180	75.697222	81.354444	107.000000
I_9-10	ARO:3007904	ACT-122	66	68.196970	65.695455	105.000000
I_9-10	ARO:3007905	ACT-123	54	71.009259	66.018519	106.000000
I_9-10	ARO:3007906	ACT-124	10	83.040000	67.890000	89.700000
I_9-10	ARO:3007907	ACT-131	218	82.856881	73.433945	107.000000
I_9-10	ARO:3007908	ACT-140	146	82.792466	90.522603	107.000000
I_9-10	ARO:3007909	ACT-141	95	63.638947	56.285263	106.000000
I_9-10	ARO:3007910	ACT-142	331	82.003021	78.277644	112.000000
I_9-10	ARO:3007911	ACT-143	174	79.559770	83.738506	113.000000
I_9-10	ARO:3007912	ACT-144	48	82.537500	71.941667	112.000000
I_9-10	ARO:3007913	ACT-145	105	93.659048	93.915238	112.000000
I_9-10	ARO:3007914	ACT-146	302	84.241060	91.382781	107.000000
I_9-10	ARO:3007915	ACT-148	69	68.326087	64.855072	106.000000
I_9-10	ARO:3007916	ACT-150	176	78.509659	78.483523	112.000000
I_9-10	ARO:3007917	ACT-151	93	64.483871	57.600000	107.000000
I_9-10	ARO:3007918	ACT-153	119	84.948739	92.695798	105.000000
I_9-10	ARO:3007919	ACT-154	128	78.789062	82.411719	112.000000
I_9-10	ARO:3007920	ACT-155	88	62.248864	55.114773	112.000000
I_9-10	ARO:3007921	ACT-156	120	81.607500	83.605000	111.000000
I_9-10	ARO:3007922	ACT-157	87	61.229885	53.435632	102.000000
I_9-10	ARO:3007923	ACT-158	45	77.822222	64.275556	112.000000
I_9-10	ARO:3007924	ACT-159	75	90.413333	87.630667	112.000000
I_9-10	ARO:3007925	ACT-160	295	84.567797	91.436949	107.000000
I_9-10	ARO:3007926	ACT-161	184	74.016848	77.509783	112.000000
I_9-10	ARO:3007927	ACT-162	160	78.176250	80.718750	112.000000
I_9-10	ARO:3007928	ACT-165	306	82.533333	89.891503	107.000000
I_9-10	ARO:3007929	ACT-166	96	77.176042	77.319792	106.000000
I_9-10	ARO:3007930	ACT-167	81	93.571605	98.091358	111.000000
I_9-10	ARO:3007931	ACT-168	62	95.296774	100.327419	112.000000
I_9-10	ARO:3007932	ACT-169	79	91.437975	88.789873	112.000000
I_9-10	ARO:3007933	ACT-170	141	82.965248	90.802837	112.000000
I_9-10	ARO:3007934	ACT-171	51	69.343137	63.870588	105.000000
I_9-10	ARO:3007935	ACT-172	149	83.327517	90.754362	107.000000
I_9-10	ARO:3007936	ACT-173	190	92.740526	94.591053	109.000000
I_9-10	ARO:3007937	ACT-174	28	80.803571	82.414286	107.000000
I_9-10	ARO:3007938	ACT-175	34	82.394118	88.217647	105.000000
I_9-10	ARO:3007939	ACT-176	55	87.416364	90.627273	107.000000
I_9-10	ARO:3007940	ACT-177	214	89.579907	91.355607	112.000000
I_9-10	ARO:3007941	ACT-178	206	54.305825	48.509223	106.000000
I_9-10	ARO:3007942	ACT-179	11	88.581818	86.836364	106.000000
I_9-10	ARO:3007943	ACT-180	43	85.379070	87.560465	107.000000
I_9-10	ARO:3007944	ACT-181	86	78.402326	73.986047	112.000000
I_9-10	ARO:3007945	ACT-182	125	89.710400	90.463200	112.000000
I_9-10	ARO:3007946	ACT-183	58	72.887931	68.517241	106.000000
I_9-10	ARO:3007947	ACT-184	55	60.956364	55.605455	103.000000
I_9-10	ARO:3007948	ACT-185	174	74.416667	78.450000	110.000000
I_9-10	ARO:3007949	ACT-186	40	67.890000	60.795000	105.000000
I_9-10	ARO:3007950	ACT-187	90	86.693333	94.042222	112.000000
I_9-10	ARO:3007951	ACT-188	235	83.756596	90.448085	112.000000
I_9-10	ARO:3007952	ACT-189	48	71.585417	67.087500	103.000000
I_9-10	ARO:3007953	ACT-190	74	90.102703	90.782432	112.000000
I_9-10	ARO:3007954	ACT-191	15	89.940000	83.100000	105.000000
I_9-10	ARO:3007955	ACT-192	24	64.429167	59.837500	107.000000
I_9-10	ARO:3007956	ACT-193	50	87.442000	89.150000	107.000000
I_9-10	ARO:3007957	ACT-194	8	98.000000	99.137500	105.000000
I_9-10	ARO:3007958	ACT-85	178	77.042697	77.801124	111.000000
I_9-10	ARO:3007959	ACT-86	183	77.622951	78.585792	111.000000
I_9-10	ARO:3007960	ACT-88	119	60.246218	63.268908	103.000000
I_9-10	ARO:3007961	ACT-89	13	74.123077	73.476923	105.000000
I_9-10	ARO:3007962	ACT-90	17	71.935294	63.688235	107.000000
I_9-10	ARO:3007963	ACT-91	78	86.564103	87.617949	112.000000
I_9-10	ARO:3007964	ACT-92	83	94.650602	93.569880	112.000000
I_9-10	ARO:3007965	ACT-93	90	95.775556	95.673333	112.000000
I_9-10	ARO:3007966	ACT-94	8	91.612500	95.562500	105.000000
I_9-10	ARO:3007967	ACT-95	144	78.793056	85.219444	112.000000
I_9-10	ARO:3007968	ACT-96	139	78.565468	86.427338	113.000000
I_9-10	ARO:3007969	ACT-97	61	93.004918	93.998361	112.000000
I_9-10	ARO:3007970	ACT-98	181	72.038674	76.655249	112.000000
I_9-10	ARO:3007971	ACT-99	115	78.114783	85.056522	112.000000
I_9-10	ARO:3007972	ACT-GC1	1	100.000000	103.000000	103.000000
I_9-10	ARO:3007973	ADC-257	29	64.979310	68.410345	74.700000
I_9-10	ARO:3007975	ADC-259	11	58.527273	62.154545	70.500000
I_9-10	ARO:3007976	ADC-260	1	62.000000	72.800000	72.800000
I_9-10	ARO:3007978	ADC-262	4	98.975000	84.725000	96.700000
I_9-10	ARO:3007980	ADC-264	302	60.828477	64.478808	108.000000
I_9-10	ARO:3007981	ADC-265	299	63.063211	67.409030	105.000000
I_9-10	ARO:3007982	ADC-266	176	55.956250	60.839773	104.000000
I_9-10	ARO:3007983	ADC-267	26	62.538462	50.223077	68.200000
I_9-10	ARO:3007985	ADC-269	18	61.766667	65.466667	108.000000
I_9-10	ARO:3007986	ADC-270	9	56.655556	58.066667	71.200000
I_9-10	ARO:3007987	ADC-271	1	58.800000	58.900000	58.900000
I_9-10	ARO:3007988	ADC-272	31	52.293548	53.158065	63.500000
I_9-10	ARO:3007990	ADC-274	186	62.834946	65.257527	79.300000
I_9-10	ARO:3007991	ADC-275	7	54.657143	48.857143	62.400000
I_9-10	ARO:3007992	ADC-276	25	63.440000	50.416000	68.200000
I_9-10	ARO:3007993	ADC-277	87	68.229885	73.250575	105.000000
I_9-10	ARO:3007994	ADC-278	10	71.940000	68.860000	96.700000
I_9-10	ARO:3007996	ADC-280	7	59.885714	60.257143	63.500000
I_9-10	ARO:3007997	ADC-281	83	59.828916	66.787952	105.000000
I_9-10	ARO:3007998	ADC-282	267	62.718727	66.449438	81.300000
I_9-10	ARO:3007999	ADC-283	2	51.350000	52.800000	63.200000
I_9-10	ARO:3008000	ADC-284	14	54.778571	60.042857	108.000000
I_9-10	ARO:3008001	ADC-285	277	63.793863	67.645126	104.000000
I_9-10	ARO:3008002	ADC-286	19	59.410526	64.357895	105.000000
I_9-10	ARO:3008003	ADC-287	10	66.050000	71.600000	105.000000
I_9-10	ARO:3008004	ADC-288	227	63.735683	71.621145	85.100000
I_9-10	ARO:3008005	ADC-289	171	56.109942	61.038012	104.000000
I_9-10	ARO:3008006	ADC-290	319	65.789342	72.273981	100.000000
I_9-10	ARO:3008007	ADC-291	34	66.747059	71.220588	79.000000
I_9-10	ARO:3008008	ADC-292	215	67.842326	72.374419	100.000000
I_9-10	ARO:3008011	ADC-295	245	57.167755	61.018776	106.000000
I_9-10	ARO:3008012	ADC-302	7	50.814286	56.628571	59.700000
I_9-10	ARO:3008013	ADC-303	5	90.940000	79.560000	96.700000
I_9-10	ARO:3008015	ADC-305	2	98.000000	105.000000	105.000000
I_9-10	ARO:3008016	ADC-306	145	62.466207	66.962759	96.700000
I_9-10	ARO:3008017	ADC-307	1	58.800000	58.900000	58.900000
I_9-10	ARO:3008018	ADC-308	71	66.759155	61.359155	77.000000
I_9-10	ARO:3008019	ADC-309	3	80.133333	84.800000	106.000000
I_9-10	ARO:3008020	ADC-310	28	65.750000	68.664286	100.000000
I_9-10	ARO:3008021	ADC-311	74	65.867568	60.771622	77.000000
I_9-10	ARO:3008022	ADC-312	2	59.200000	57.550000	64.300000
I_9-10	ARO:3008024	ADC-314	348	66.027299	72.183621	100.000000
I_9-10	ARO:3008025	ADC-315	2	59.800000	62.750000	66.600000
I_9-10	ARO:3008026	ADC-316	14	58.028571	64.050000	76.300000
I_9-10	ARO:3008027	ADC-317	1	58.800000	58.900000	58.900000
I_9-10	ARO:3008028	ADC-318	156	61.287821	66.359615	96.700000
I_9-10	ARO:3008029	ADC-319	1	37.800000	40.800000	40.800000
I_9-10	ARO:3008030	ADC-320	2	53.850000	55.250000	67.800000
I_9-10	ARO:3008031	ADC-321	171	64.876023	68.218713	84.300000
I_9-10	ARO:3008032	ADC-322	50	60.676000	65.502000	78.200000
I_9-10	ARO:3008033	ADC-323	1	51.100000	46.600000	46.600000
I_9-10	ARO:3008034	ADC-324	240	63.889167	74.062917	87.800000
I_9-10	ARO:3008035	ADC-325	17	68.794118	69.894118	96.700000
I_9-10	ARO:3008036	ADC-326	26	70.373077	78.361538	85.100000
I_9-10	ARO:3008037	ADC-327	1	58.800000	58.900000	58.900000
I_9-10	ARO:3008038	ADC-328	4	98.975000	84.725000	96.700000
I_9-10	ARO:3008039	ADC-329	85	67.482353	72.503529	105.000000
I_9-10	ARO:3008040	ADC-330	4	98.975000	84.725000	96.700000
I_9-10	ARO:3008041	ADC-331	4	98.975000	84.725000	96.700000
I_9-10	ARO:3008042	ADC-332	82	57.879268	58.921951	74.700000
I_9-10	ARO:3008043	ADC-333	7	81.657143	73.071429	96.700000
I_9-10	ARO:3008044	ADC-334	175	55.606286	61.158857	104.000000
I_9-10	ARO:3008045	ADC-335	471	60.427601	64.147558	104.000000
I_9-10	ARO:3008046	ADC-336	3	63.166667	70.833333	74.700000
I_9-10	ARO:3008048	ADC-338	1	44.400000	42.400000	42.400000
I_9-10	ARO:3008050	ADC-340	2	100.000000	93.600000	96.700000
I_9-10	ARO:3008051	ADC-341	7	52.328571	51.442857	64.700000
I_9-10	ARO:3008052	ADC-342	1	56.000000	63.200000	63.200000
I_9-10	ARO:3008053	ADC-343	73	55.247945	57.252055	106.000000
I_9-10	ARO:3008054	ADC-344	4	62.550000	63.375000	78.200000
I_9-10	ARO:3008056	ADC-346	4	98.975000	84.725000	96.700000
I_9-10	ARO:3008057	ADC-347	150	63.106667	64.716000	100.000000
I_9-10	ARO:3008058	ADC-348	26	65.238462	68.603846	74.700000
I_9-10	ARO:3008060	ADC-350	186	55.921505	60.163978	104.000000
I_9-10	ARO:3008061	ADC-351	14	59.707143	60.721429	105.000000
I_9-10	ARO:3008062	ADC-352	177	62.730508	66.159322	106.000000
I_9-10	ARO:3008063	ADC-353	74	57.902703	60.608108	106.000000
I_9-10	ARO:3008064	ADC-354	12	76.116667	77.758333	96.700000
I_9-10	ARO:3008066	ADC-356	25	73.532000	82.200000	104.000000
I_9-10	ARO:3008067	ADC-357	261	67.937548	73.792720	86.300000
I_9-10	ARO:3008068	ADC-358	186	55.726344	60.534409	104.000000
I_9-10	ARO:3008069	ADC-359	225	66.956444	68.047556	108.000000
I_9-10	ARO:3008070	AFM-3	3	62.500000	50.733333	63.200000
I_9-10	ARO:3008071	AFM-4	3	62.500000	50.733333	63.200000
I_9-10	ARO:3008072	AFM-5	4	71.875000	80.050000	105.000000
I_9-10	ARO:3008073	AIM-2	92	54.885870	48.131522	97.800000
I_9-10	ARO:3008074	ASU1-1	39	54.994872	53.341026	67.400000
I_9-10	ARO:3008075	AXC-6	226	60.953540	61.528761	77.800000
I_9-10	ARO:3008076	AXC-7	243	60.688477	61.256379	79.300000
I_9-10	ARO:3008077	AXC-8	232	60.914655	61.232328	79.300000
I_9-10	ARO:3008078	B3SU1-1	250	49.594400	42.891600	90.500000
I_9-10	ARO:3008079	B3SU2-1	47	49.219149	50.706383	76.300000
I_9-10	ARO:3008080	BIC-2	30	51.250000	50.766667	70.500000
I_9-10	ARO:3008081	BMHC-1	41	58.104878	65.060976	105.000000
I_9-10	ARO:3008082	BOR-1	166	55.781928	55.110241	81.600000
I_9-10	ARO:3008083	CAM-2	10	52.020000	58.610000	73.900000
I_9-10	ARO:3008084	CME-3	506	58.831423	60.404941	96.300000
I_9-10	ARO:3008085	CMH-10	182	78.304945	83.629121	109.000000
I_9-10	ARO:3008086	CMH-11	88	82.198864	84.529545	109.000000
I_9-10	ARO:3008087	CMH-12	152	81.376974	87.507237	109.000000
I_9-10	ARO:3008088	CMH-13	155	82.218065	88.570968	108.000000
I_9-10	ARO:3008089	CMH-14	158	81.863924	87.347468	109.000000
I_9-10	ARO:3008090	CMH-15	141	81.997163	87.436879	109.000000
I_9-10	ARO:3008091	CMH-16	137	82.172263	87.608029	109.000000
I_9-10	ARO:3008092	CMH-17	52	79.994231	81.698077	107.000000
I_9-10	ARO:3008093	CMH-18	133	81.818045	86.766917	109.000000
I_9-10	ARO:3008094	CMH-19	99	84.435354	89.958586	109.000000
I_9-10	ARO:3008095	CMH-20	158	80.986709	87.475949	107.000000
I_9-10	ARO:3008096	CMH-21	88	81.946591	84.223864	109.000000
I_9-10	ARO:3008097	CMH-24	73	81.860274	83.582192	109.000000
I_9-10	ARO:3008098	CMH-25	62	78.811290	81.483871	109.000000
I_9-10	ARO:3008099	CMH-26	34	80.035294	79.385294	109.000000
I_9-10	ARO:3008100	CMH-27	39	78.876923	79.733333	109.000000
I_9-10	ARO:3008101	CMH-28	38	86.873684	87.178947	109.000000
I_9-10	ARO:3008102	CMH-29	50	83.218000	83.686000	111.000000
I_9-10	ARO:3008103	CMH-30	50	84.112000	85.610000	109.000000
I_9-10	ARO:3008104	CMH-31	62	82.648387	83.609677	109.000000
I_9-10	ARO:3008105	CMH-32	51	82.125490	84.658824	107.000000
I_9-10	ARO:3008106	CMH-33	55	79.278182	80.096364	109.000000
I_9-10	ARO:3008107	CMH-34	52	81.944231	85.561538	108.000000
I_9-10	ARO:3008108	CMH-7	57	80.087719	82.652632	108.000000
I_9-10	ARO:3008109	CMH-8	45	86.564444	87.731111	109.000000
I_9-10	ARO:3008110	CMH-9	138	82.717391	90.081159	107.000000
I_9-10	ARO:3008111	CMY-172	1146	88.531152	89.117365	115.000000
I_9-10	ARO:3008112	CMY-175	6	83.783333	94.116667	108.000000
I_9-10	ARO:3008113	CMY-176	78	76.334615	80.665385	109.000000
I_9-10	ARO:3008115	CMY-178	1152	87.634115	88.060677	115.000000
I_9-10	ARO:3008116	CMY-179	143	78.928671	84.053846	105.000000
I_9-10	ARO:3008117	CMY-180	13	89.776923	94.507692	108.000000
I_9-10	ARO:3008118	CMY-181	5	98.400000	104.040000	107.000000
I_9-10	ARO:3008119	CMY-182	71	76.650704	84.402817	103.000000
I_9-10	ARO:3008120	CMY-183	39	79.464103	83.787179	108.000000
I_9-10	ARO:3008121	CMY-184	53	98.413208	104.383019	109.000000
I_9-10	ARO:3008122	CMY-186	40	99.795000	106.050000	109.000000
I_9-10	ARO:3008123	CMY-188	5	98.400000	103.440000	107.000000
I_9-10	ARO:3008124	CMY-189	5	98.400000	103.440000	107.000000
I_9-10	ARO:3008125	CMY-190	135	74.788889	77.866667	108.000000
I_9-10	ARO:3008126	CMY-191	8	98.500000	106.500000	110.000000
I_9-10	ARO:3008127	CMY-192	3	74.766667	74.066667	90.500000
I_9-10	ARO:3008128	CMY-194	37	99.778378	106.027027	108.000000
I_9-10	ARO:3008129	CMY-195	9	100.000000	106.777778	110.000000
I_9-10	ARO:3008130	CMY-196	8	98.000000	106.250000	109.000000
I_9-10	ARO:3008131	CMY-197	9	100.000000	106.777778	110.000000
I_9-10	ARO:3008133	CMY-199	3	88.600000	95.233333	97.400000
I_9-10	ARO:3008134	CTX-M-243	1	40.800000	43.900000	43.900000
I_9-10	ARO:3008136	CTX-M-246	19	57.921053	51.452632	90.500000
I_9-10	ARO:3008137	CTX-M-247	2	74.600000	77.250000	91.700000
I_9-10	ARO:3008138	CTX-M-248	3	63.066667	64.200000	91.700000
I_9-10	ARO:3008139	CTX-M-249	3	63.066667	64.200000	91.700000
I_9-10	ARO:3008141	CTX-M-252	1	59.600000	62.800000	62.800000
I_9-10	ARO:3008142	CTX-M-253	127	87.974016	86.847244	109.000000
I_9-10	ARO:3008144	CTX-M-255	2	71.900000	76.150000	103.000000
I_9-10	ARO:3008145	CTX-M-256	1	100.000000	101.000000	101.000000
I_9-10	ARO:3008148	CTX-M-259	3	61.700000	55.433333	73.900000
I_9-10	ARO:3008149	CTX-M-260	3	46.066667	46.600000	55.500000
I_9-10	ARO:3008153	CTX-M-264	2	54.800000	51.400000	56.200000
I_9-10	ARO:3008154	CTX-M-265	1	50.000000	46.600000	46.600000
I_9-10	ARO:3008155	CTX-M-266	3	51.800000	44.033333	44.700000
I_9-10	ARO:3008159	CTX-M-270	144	90.500694	88.416667	106.000000
I_9-10	ARO:3008160	CTX-M-271	6	60.316667	58.483333	70.100000
I_9-10	ARO:3008161	CTX-M-272	119	91.650420	90.168067	109.000000
I_9-10	ARO:3008164	CTX-M-275	9	55.677778	62.811111	67.400000
I_9-10	ARO:3008166	CTX-M-277	24	72.420833	77.508333	103.000000
I_9-10	ARO:3008168	DHA-30	126	56.039683	56.329365	72.000000
I_9-10	ARO:3008169	DHA-31	264	78.692045	81.152652	106.000000
I_9-10	ARO:3008170	DHA-32	209	75.414833	78.050718	109.000000
I_9-10	ARO:3008171	DHA-33	315	94.919365	93.138413	109.000000
I_9-10	ARO:3008172	DHA-34	311	96.523794	97.018650	109.000000
I_9-10	ARO:3008173	FONA-10	71	62.759155	64.522535	104.000000
I_9-10	ARO:3008174	FONA-11	50	65.406000	67.730000	104.000000
I_9-10	ARO:3008175	FONA-12	67	64.076119	66.867164	102.000000
I_9-10	ARO:3008176	FONA-13	49	65.185714	67.457143	104.000000
I_9-10	ARO:3008177	FONA-7	49	61.424490	60.983673	104.000000
I_9-10	ARO:3008178	FONA-8	61	64.329508	65.762295	104.000000
I_9-10	ARO:3008179	FONA-9	60	64.435000	65.831667	104.000000
I_9-10	ARO:3008180	FOX-18	261	78.069349	76.874713	112.000000
I_9-10	ARO:3008181	FOX-19	282	80.240071	80.380851	105.000000
I_9-10	ARO:3008182	FOX-20	295	81.292542	80.571186	107.000000
I_9-10	ARO:3008183	FOX-21	358	78.498883	77.820391	110.000000
I_9-10	ARO:3008184	FRI-12	31	51.916129	49.980645	72.000000
I_9-10	ARO:3008185	GES-58	63	97.880952	98.760317	104.000000
I_9-10	ARO:3008186	GES-59	233	64.937339	65.967382	105.000000
I_9-10	ARO:3008187	GES-60	37	98.970270	99.710811	104.000000
I_9-10	ARO:3008188	GES-61	115	99.486087	99.940870	108.000000
I_9-10	ARO:3008189	GES-62	88	63.990909	64.429545	99.400000
I_9-10	ARO:3008191	GES-66	49	58.655102	56.030612	104.000000
I_9-10	ARO:3008192	GIM-3	10	45.870000	50.790000	62.400000
I_9-10	ARO:3008193	GMA-1	183	53.073770	56.806011	75.100000
I_9-10	ARO:3008194	GMA-2	166	52.441566	56.143976	71.600000
I_9-10	ARO:3008195	GOB-17	34	52.797059	53.888235	95.500000
I_9-10	ARO:3008196	GOB-47	31	52.841935	53.983871	95.500000
I_9-10	ARO:3008197	GOB-52	15	46.946667	41.513333	65.500000
I_9-10	ARO:3008198	GOB-53	29	51.693103	46.372414	94.000000
I_9-10	ARO:3008199	HBL-1	141	51.117021	49.397872	75.900000
I_9-10	ARO:3008200	HER-1	361	58.945152	61.072022	102.000000
I_9-10	ARO:3008201	HER-2	358	58.839385	61.137151	103.000000
I_9-10	ARO:3008202	HER-3	359	58.986351	61.283008	104.000000
I_9-10	ARO:3008203	HER-4	339	59.523009	61.548378	102.000000
I_9-10	ARO:3008204	HER-5	345	59.271884	61.629855	103.000000
I_9-10	ARO:3008205	HER-6	355	59.873521	61.618028	104.000000
I_9-10	ARO:3008206	HER-8	356	59.972472	61.809831	102.000000
I_9-10	ARO:3008207	HMB-2	19	46.115789	46.084211	63.500000
I_9-10	ARO:3008208	IMI-10	8	45.925000	41.987500	47.000000
I_9-10	ARO:3008209	IMI-22	11	46.772727	44.781818	60.500000
I_9-10	ARO:3008210	IMI-23	12	47.975000	44.250000	52.800000
I_9-10	ARO:3008211	IMI-24	19	51.989474	48.994737	67.400000
I_9-10	ARO:3008212	IMI-25	19	51.989474	48.994737	67.400000
I_9-10	ARO:3008213	IMI-26	8	45.450000	41.937500	47.000000
I_9-10	ARO:3008214	IMI-27	47	45.265957	47.119149	67.000000
I_9-10	ARO:3008215	IMP-100	3	50.633333	49.033333	56.600000
I_9-10	ARO:3008216	IMP-101	7	65.557143	57.442857	99.400000
I_9-10	ARO:3008217	IMP-102	5	67.220000	56.460000	99.400000
I_9-10	ARO:3008218	IMP-104	4	54.750000	56.350000	106.000000
I_9-10	ARO:3008219	IMP-105	9	55.266667	51.166667	58.200000
I_9-10	ARO:3008220	IMP-86	3	55.033333	55.433333	56.600000
I_9-10	ARO:3008221	IMP-87	3	55.033333	55.433333	56.600000
I_9-10	ARO:3008222	IMP-90	3	51.300000	49.533333	56.600000
I_9-10	ARO:3008223	IMP-97	2	72.900000	74.200000	106.000000
I_9-10	ARO:3008224	IMP-98	2	72.900000	74.200000	106.000000
I_9-10	ARO:3008226	IND-18	61	51.354098	55.981967	87.000000
I_9-10	ARO:3008227	IND-19	33	58.700000	64.300000	82.800000
I_9-10	ARO:3008228	KHM-2	21	45.709524	45.990476	60.100000
I_9-10	ARO:3008229	KLUC-6	76	65.061842	60.461842	107.000000
I_9-10	ARO:3008230	KLUG-1	72	82.013889	79.047222	105.000000
I_9-10	ARO:3008232	KPC-102	18	58.816667	54.955556	63.900000
I_9-10	ARO:3008240	KPC-110	1	47.800000	48.100000	48.100000
I_9-10	ARO:3008241	KPC-111	1	40.900000	39.300000	39.300000
I_9-10	ARO:3008242	KPC-112	71	70.638028	69.850704	108.000000
I_9-10	ARO:3008243	KPC-113	2	58.000000	63.500000	63.500000
I_9-10	ARO:3008245	KPC-115	36	90.355556	90.972222	112.000000
I_9-10	ARO:3008248	KPC-118	6	50.683333	50.433333	59.700000
I_9-10	ARO:3008249	KPC-119	2	48.200000	43.900000	48.100000
I_9-10	ARO:3008253	KPC-124	35	90.080000	90.657143	112.000000
I_9-10	ARO:3008255	KPC-127	1	43.800000	44.700000	44.700000
I_9-10	ARO:3008262	KPC-136	8	46.062500	45.737500	52.000000
I_9-10	ARO:3008263	KPC-137	8	48.612500	49.637500	54.700000
I_9-10	ARO:3008264	KPC-138	6	55.366667	57.233333	61.200000
I_9-10	ARO:3008269	KPC-143	1	38.000000	47.400000	47.400000
I_9-10	ARO:3008270	KPC-144	2	50.900000	54.300000	63.900000
I_9-10	ARO:3008275	KPC-149	9	52.288889	52.900000	60.500000
I_9-10	ARO:3008276	KPC-150	51	77.192157	77.829412	112.000000
I_9-10	ARO:3008277	KPC-151	58	78.248276	77.420690	104.000000
I_9-10	ARO:3008279	KPC-153	1	53.200000	54.300000	54.300000
I_9-10	ARO:3008281	KPC-155	8	100.000000	86.987500	108.000000
I_9-10	ARO:3008284	KPC-158	7	55.857143	58.571429	66.600000
I_9-10	ARO:3008285	KPC-159	52	79.586538	78.134615	108.000000
I_9-10	ARO:3008286	KPC-160	42	91.842857	90.161905	112.000000
I_9-10	ARO:3008292	KPC-166	14	99.857143	96.564286	112.000000
I_9-10	ARO:3008294	KPC-168	3	44.966667	42.466667	42.700000
I_9-10	ARO:3008295	KPC-169	61	80.586885	79.796721	112.000000
I_9-10	ARO:3008300	KPC-174	16	79.962500	76.550000	103.000000
I_9-10	ARO:3008302	KPC-176	1	43.200000	41.600000	41.600000
I_9-10	ARO:3008304	KPC-178	8	46.062500	45.737500	52.000000
I_9-10	ARO:3008305	KPC-179	34	60.038235	59.150000	83.600000
I_9-10	ARO:3008310	KPC-184	1	53.200000	54.300000	54.300000
I_9-10	ARO:3008311	KPC-185	9	90.988889	82.355556	108.000000
I_9-10	ARO:3008312	KPC-186	41	93.060976	91.468293	112.000000
I_9-10	ARO:3008315	KPC-189	1	58.000000	63.900000	63.900000
I_9-10	ARO:3008316	KPC-190	7	55.857143	58.571429	66.600000
I_9-10	ARO:3008317	KPC-191	14	94.064286	92.442857	112.000000
I_9-10	ARO:3008323	KPC-197	6	63.116667	65.683333	72.400000
I_9-10	ARO:3008324	KPC-201	48	78.520833	79.147917	112.000000
I_9-10	ARO:3008330	KPC-207	1	54.300000	54.700000	54.700000
I_9-10	ARO:3008333	KPC-211	62	77.824194	77.740323	112.000000
I_9-10	ARO:3008337	KPC-215	12	51.391667	52.633333	73.900000
I_9-10	ARO:3008339	KPC-217	4	45.200000	45.275000	54.300000
I_9-10	ARO:3008340	KPC-218	9	46.855556	46.688889	54.300000
I_9-10	ARO:3008343	KPC-225	55	75.154545	76.494545	112.000000
I_9-10	ARO:3008344	KPC-226	56	79.021429	78.012500	104.000000
I_9-10	ARO:3008346	KPC-228	62	77.909677	77.362903	112.000000
I_9-10	ARO:3008349	KPC-232	2	57.150000	57.800000	60.500000
I_9-10	ARO:3008351	KPC-234	16	59.012500	55.350000	63.900000
I_9-10	ARO:3008353	KPC-237	12	97.333333	93.650000	112.000000
I_9-10	ARO:3008354	KPC-238	47	78.095745	75.751064	104.000000
I_9-10	ARO:3008355	KPC-239	19	56.863158	62.668421	103.000000
I_9-10	ARO:3008356	KPC-240	55	74.247273	75.390909	112.000000
I_9-10	ARO:3008357	KPC-241	51	84.966667	83.641176	112.000000
I_9-10	ARO:3008359	KPC-47	9	54.755556	57.622222	66.600000
I_9-10	ARO:3008369	KPC-89	1	53.200000	54.300000	54.300000
I_9-10	ARO:3008370	KPC-91	1	55.100000	50.400000	50.400000
I_9-10	ARO:3008371	KPC-92	34	91.008824	91.429412	112.000000
I_9-10	ARO:3008372	LHK-7	164	64.445122	64.078659	106.000000
I_9-10	ARO:3008373	MIR-24	110	96.114545	97.524545	113.000000
I_9-10	ARO:3008374	MIR-25	135	92.551111	94.682222	113.000000
I_9-10	ARO:3008375	MIR-27	93	96.344086	101.870968	113.000000
I_9-10	ARO:3008376	MIR-28	90	96.153333	97.031111	113.000000
I_9-10	ARO:3008377	MIR-30	65	95.269231	100.713846	112.000000
I_9-10	ARO:3008378	MIR-31	48	94.731250	94.414583	112.000000
I_9-10	ARO:3008379	MIR-32	37	92.740541	84.402703	109.000000
I_9-10	ARO:3008380	MIR-33	43	93.230233	97.211628	113.000000
I_9-10	ARO:3008381	MIR-34	28	93.146429	82.607143	110.000000
I_9-10	ARO:3008382	MIR-35	49	96.595918	95.742857	113.000000
I_9-10	ARO:3008383	MOX-15	1571	95.660344	94.414131	111.000000
I_9-10	ARO:3008384	MOX-16	849	82.773616	82.483039	109.000000
I_9-10	ARO:3008385	MOX-17	2010	89.160597	88.541493	109.000000
I_9-10	ARO:3008386	MOX-18	1793	88.602789	89.554713	109.000000
I_9-10	ARO:3008387	MOX-19	1552	95.527706	94.400000	111.000000
I_9-10	ARO:3008388	MOX-20	1753	88.828808	90.186537	109.000000
I_9-10	ARO:3008389	MOX-21	1797	90.312354	90.085921	109.000000
I_9-10	ARO:3008390	MOX-22	1788	89.479866	89.281096	109.000000
I_9-10	ARO:3008391	MOX-23	1761	88.685974	89.698637	109.000000
I_9-10	ARO:3008392	MOX-24	1639	95.087248	93.731361	111.000000
I_9-10	ARO:3008393	MOX-25	1557	95.952601	94.380475	111.000000
I_9-10	ARO:3008394	MUN-1	346	47.313006	50.578035	109.000000
I_9-10	ARO:3008395	MUN-6	333	47.082883	50.154354	109.000000
I_9-10	ARO:3008396	NDM-48	11	91.200000	94.790909	109.000000
I_9-10	ARO:3008397	NDM-49	10	90.320000	94.170000	109.000000
I_9-10	ARO:3008398	NDM-50	1	100.000000	101.000000	101.000000
I_9-10	ARO:3008399	NDM-51	10	95.530000	97.950000	109.000000
I_9-10	ARO:3008400	NDM-52	2	73.400000	83.000000	109.000000
I_9-10	ARO:3008401	NDM-53	10	95.530000	97.950000	109.000000
I_9-10	ARO:3008402	NDM-54	4	100.000000	101.150000	109.000000
I_9-10	ARO:3008403	NDM-55	5	91.060000	92.700000	109.000000
I_9-10	ARO:3008404	NDM-56	2	100.000000	98.250000	99.400000
I_9-10	ARO:3008405	NDM-57	9	95.033333	97.611111	109.000000
I_9-10	ARO:3008406	NDM-58	3	100.000000	98.533333	103.000000
I_9-10	ARO:3008407	NDM-60	9	95.033333	97.611111	109.000000
I_9-10	ARO:3008408	NDM-61	1	100.000000	109.000000	109.000000
I_9-10	ARO:3008409	NDM-64	4	100.000000	101.150000	109.000000
I_9-10	ARO:3008410	NDM-65	3	100.000000	98.533333	103.000000
I_9-10	ARO:3008411	NDM-66	8	93.412500	97.275000	108.000000
I_9-10	ARO:3008412	NDM-67	4	88.825000	93.000000	106.000000
I_9-10	ARO:3008413	NDM-68	6	90.150000	95.833333	109.000000
I_9-10	ARO:3008414	NDM-69	2	100.000000	96.300000	96.300000
I_9-10	ARO:3008415	NDM-70	6	100.000000	104.166667	109.000000
I_9-10	ARO:3008417	NDM-72	6	100.000000	104.166667	109.000000
I_9-10	ARO:3008419	NDM-74	1	46.800000	57.000000	57.000000
I_9-10	ARO:3008421	OXA-1000	17	63.582353	67.323529	105.000000
I_9-10	ARO:3008422	OXA-1001	321	74.325857	75.514330	104.000000
I_9-10	ARO:3008423	OXA-1002	13	73.684615	76.515385	103.000000
I_9-10	ARO:3008424	OXA-1003	68	74.794118	79.902941	104.000000
I_9-10	ARO:3008425	OXA-1004	62	68.737097	74.106452	91.300000
I_9-10	ARO:3008426	OXA-1005	104	78.017308	77.808654	105.000000
I_9-10	ARO:3008427	OXA-1006	30	63.816667	66.123333	108.000000
I_9-10	ARO:3008428	OXA-1007	31	71.625806	75.722581	104.000000
I_9-10	ARO:3008429	OXA-1008	6	56.633333	53.483333	59.300000
I_9-10	ARO:3008430	OXA-1009	38	75.705263	83.534211	92.800000
I_9-10	ARO:3008431	OXA-1010	23	75.126087	78.643478	105.000000
I_9-10	ARO:3008432	OXA-1011	1544	61.136140	65.630635	119.000000
I_9-10	ARO:3008433	OXA-1012	627	55.806699	55.637799	109.000000
I_9-10	ARO:3008435	OXA-1014	140	58.447857	60.093571	102.000000
I_9-10	ARO:3008436	OXA-1015	731	89.218741	86.632695	111.000000
I_9-10	ARO:3008437	OXA-1016	1776	53.625788	58.464077	110.000000
I_9-10	ARO:3008438	OXA-1017	1064	71.570771	71.962218	110.000000
I_9-10	ARO:3008439	OXA-1018	31	54.370968	60.238710	102.000000
I_9-10	ARO:3008440	OXA-1019	24	55.908333	61.554167	102.000000
I_9-10	ARO:3008441	OXA-1020	88	60.257955	60.907955	106.000000
I_9-10	ARO:3008442	OXA-1021	81	57.877778	59.729630	72.800000
I_9-10	ARO:3008443	OXA-1022	91	58.221978	59.954945	77.400000
I_9-10	ARO:3008444	OXA-1023	154	50.081818	52.176623	72.000000
I_9-10	ARO:3008445	OXA-1024	88	58.325000	59.837500	77.400000
I_9-10	ARO:3008446	OXA-1025	86	58.175581	59.203488	101.000000
I_9-10	ARO:3008447	OXA-1026	78	57.994872	58.352564	75.100000
I_9-10	ARO:3008448	OXA-1027	80	58.387500	59.366250	102.000000
I_9-10	ARO:3008449	OXA-1028	67	60.143284	61.276119	106.000000
I_9-10	ARO:3008450	OXA-1029	3	74.800000	78.400000	102.000000
I_9-10	ARO:3008451	OXA-1030	4	73.825000	78.650000	102.000000
I_9-10	ARO:3008452	OXA-1031	6	56.683333	59.700000	75.500000
I_9-10	ARO:3008453	OXA-1032	76	60.431579	60.990789	77.400000
I_9-10	ARO:3008454	OXA-1033	1	61.200000	60.800000	60.800000
I_9-10	ARO:3008455	OXA-1034	1	62.000000	63.200000	63.200000
I_9-10	ARO:3008456	OXA-1035	2	49.900000	51.200000	53.900000
I_9-10	ARO:3008457	OXA-1036	196	82.073980	81.743367	108.000000
I_9-10	ARO:3008458	OXA-1037	2112	93.504972	92.743655	115.000000
I_9-10	ARO:3008459	OXA-1040	22	75.622727	80.413636	106.000000
I_9-10	ARO:3008460	OXA-1041	1876	85.116684	87.349840	112.000000
I_9-10	ARO:3008461	OXA-1042	772	91.900389	88.416969	109.000000
I_9-10	ARO:3008462	OXA-1043	52	55.051923	59.450000	80.100000
I_9-10	ARO:3008463	OXA-1044	732	89.758470	86.811202	115.000000
I_9-10	ARO:3008464	OXA-1045	12	65.575000	65.308333	107.000000
I_9-10	ARO:3008465	OXA-1046	1273	98.250353	95.178555	111.000000
I_9-10	ARO:3008467	OXA-1048	11	70.409091	76.054545	91.300000
I_9-10	ARO:3008468	OXA-1049	1082	74.606654	75.664880	118.000000
I_9-10	ARO:3008469	OXA-1050	53	81.528302	85.981132	96.700000
I_9-10	ARO:3008470	OXA-1051	130	64.352308	63.537692	92.400000
I_9-10	ARO:3008471	OXA-1052	215	76.418140	78.902326	104.000000
I_9-10	ARO:3008472	OXA-1053	609	89.883908	86.532677	111.000000
I_9-10	ARO:3008473	OXA-1055	488	56.598770	56.200615	109.000000
I_9-10	ARO:3008474	OXA-1056	1971	54.452308	58.752613	110.000000
I_9-10	ARO:3008475	OXA-1057	2006	54.724377	59.135842	110.000000
I_9-10	ARO:3008485	OXA-1067	12	68.291667	74.483333	82.400000
I_9-10	ARO:3008486	OXA-1068	11	68.745455	74.781818	82.400000
I_9-10	ARO:3008491	OXA-1073	49	70.320408	74.959184	82.000000
I_9-10	ARO:3008494	OXA-1076	2	71.400000	76.100000	76.300000
I_9-10	ARO:3008496	OXA-1078	1	100.000000	104.000000	104.000000
I_9-10	ARO:3008497	OXA-1079	1	100.000000	104.000000	104.000000
I_9-10	ARO:3008499	OXA-1081	30	72.936667	76.180000	106.000000
I_9-10	ARO:3008500	OXA-1082	780	82.714103	82.899487	118.000000
I_9-10	ARO:3008501	OXA-1083	1064	75.080357	77.402820	119.000000
I_9-10	ARO:3008502	OXA-1084	662	78.696677	77.691088	118.000000
I_9-10	ARO:3008503	OXA-1085	1616	72.856993	75.666089	118.000000
I_9-10	ARO:3008504	OXA-1086	677	90.766913	82.439586	107.000000
I_9-10	ARO:3008505	OXA-1087	467	89.757388	84.833191	111.000000
I_9-10	ARO:3008506	OXA-1088	826	97.898547	94.617433	108.000000
I_9-10	ARO:3008507	OXA-1089	931	52.077444	54.329968	75.900000
I_9-10	ARO:3008508	OXA-1090	20	51.050000	47.905000	56.600000
I_9-10	ARO:3008509	OXA-1091	120	53.180833	56.998333	89.000000
I_9-10	ARO:3008510	OXA-1092	1	76.100000	79.000000	79.000000
I_9-10	ARO:3008511	OXA-1093	1	100.000000	104.000000	104.000000
I_9-10	ARO:3008513	OXA-1095	3	40.866667	50.833333	52.000000
I_9-10	ARO:3008517	OXA-1099	460	49.914565	47.910000	87.400000
I_9-10	ARO:3008518	OXA-1100	460	49.327391	48.595217	87.400000
I_9-10	ARO:3008519	OXA-1101	529	50.761626	49.007940	85.900000
I_9-10	ARO:3008520	OXA-1102	365	48.533151	47.992603	84.300000
I_9-10	ARO:3008521	OXA-1103	371	48.711590	48.579784	84.300000
I_9-10	ARO:3008522	OXA-1104	387	48.484238	48.244703	84.300000
I_9-10	ARO:3008523	OXA-1105	388	48.500000	48.285309	84.300000
I_9-10	ARO:3008524	OXA-1106	310	48.891935	49.331935	82.800000
I_9-10	ARO:3008525	OXA-1107	347	48.972911	48.952161	84.300000
I_9-10	ARO:3008526	OXA-1108	4065	70.460295	74.023641	111.000000
I_9-10	ARO:3008528	OXA-1110	171	78.902339	78.819298	105.000000
I_9-10	ARO:3008529	OXA-1111	97	83.826804	82.079381	104.000000
I_9-10	ARO:3008530	OXA-1112	115	78.965217	76.796522	107.000000
I_9-10	ARO:3008531	OXA-1113	169	75.552071	77.726036	107.000000
I_9-10	ARO:3008532	OXA-1114	34	62.635294	56.608824	105.000000
I_9-10	ARO:3008533	OXA-1115	14	62.928571	61.135714	105.000000
I_9-10	ARO:3008534	OXA-1116	60	76.953333	68.841667	107.000000
I_9-10	ARO:3008537	OXA-1119	143	63.497902	67.946154	108.000000
I_9-10	ARO:3008538	OXA-1120	571	91.804378	87.822767	111.000000
I_9-10	ARO:3008539	OXA-1121	10	45.660000	49.540000	55.500000
I_9-10	ARO:3008540	OXA-1122	121	73.213223	80.968595	111.000000
I_9-10	ARO:3008541	OXA-1123	10	79.840000	87.760000	92.000000
I_9-10	ARO:3008542	OXA-1124	60	60.881667	61.588333	76.600000
I_9-10	ARO:3008543	OXA-1125	6	69.933333	74.950000	106.000000
I_9-10	ARO:3008544	OXA-1126	76	59.298684	60.250000	101.000000
I_9-10	ARO:3008545	OXA-1127	7	50.157143	53.642857	65.500000
I_9-10	ARO:3008546	OXA-1128	3	51.333333	52.500000	63.200000
I_9-10	ARO:3008547	OXA-1129	130	47.883077	52.195385	101.000000
I_9-10	ARO:3008548	OXA-1130	57	59.250877	59.752632	75.100000
I_9-10	ARO:3008549	OXA-1131	60	58.201667	58.638333	75.100000
I_9-10	ARO:3008550	OXA-1132	4	78.775000	81.800000	101.000000
I_9-10	ARO:3008551	OXA-1133	128	47.206250	51.510938	72.400000
I_9-10	ARO:3008552	OXA-1134	2	59.550000	62.600000	65.900000
I_9-10	ARO:3008553	OXA-1135	1	59.100000	59.300000	59.300000
I_9-10	ARO:3008554	OXA-1136	746	77.650402	81.892627	119.000000
I_9-10	ARO:3008555	OXA-1137	14	69.571429	71.714286	105.000000
I_9-10	ARO:3008556	OXA-1138	75	76.578667	80.332000	107.000000
I_9-10	ARO:3008557	OXA-1139	42	77.683333	84.654762	104.000000
I_9-10	ARO:3008558	OXA-1140	61	59.972131	60.622951	106.000000
I_9-10	ARO:3008559	OXA-1141	546	98.632234	101.970513	108.000000
I_9-10	ARO:3008560	OXA-1142	36	57.508333	61.538889	80.100000
I_9-10	ARO:3008561	OXA-1143	2108	93.688283	92.830361	115.000000
I_9-10	ARO:3008562	OXA-1144	252	75.264286	77.716270	104.000000
I_9-10	ARO:3008563	OXA-1145	41	63.539024	68.787805	88.600000
I_9-10	ARO:3008564	OXA-1146	578	56.594118	56.559862	109.000000
I_9-10	ARO:3008565	OXA-1147	449	94.692873	95.738530	107.000000
I_9-10	ARO:3008566	OXA-1148	740	92.278243	93.891486	108.000000
I_9-10	ARO:3008567	OXA-1149	118	43.935593	47.052542	62.800000
I_9-10	ARO:3008568	OXA-1150	60	77.053333	80.960000	107.000000
I_9-10	ARO:3008569	OXA-1151	8	81.812500	89.737500	92.800000
I_9-10	ARO:3008570	OXA-1152	113	43.751327	46.866372	61.200000
I_9-10	ARO:3008571	OXA-1153	1940	83.494021	86.339485	114.000000
I_9-10	ARO:3008572	OXA-1154	2125	93.602588	93.108988	115.000000
I_9-10	ARO:3008573	OXA-1155	2110	93.544218	93.222654	115.000000
I_9-10	ARO:3008574	OXA-1156	1930	94.588964	95.899275	115.000000
I_9-10	ARO:3008575	OXA-1157	1149	78.759704	77.368581	117.000000
I_9-10	ARO:3008576	OXA-1158	2095	94.560430	93.576181	115.000000
I_9-10	ARO:3008577	OXA-1159	2083	93.941815	92.918147	115.000000
I_9-10	ARO:3008578	OXA-1160	2110	94.084834	93.397441	115.000000
I_9-10	ARO:3008579	OXA-1161	2026	95.001629	93.877591	115.000000
I_9-10	ARO:3008580	OXA-1162	1175	78.956085	81.849447	117.000000
I_9-10	ARO:3008581	OXA-1163	2018	95.408622	94.362438	115.000000
I_9-10	ARO:3008582	OXA-1164	14	55.364286	58.300000	107.000000
I_9-10	ARO:3008583	OXA-1165	223	75.724664	78.846188	102.000000
I_9-10	ARO:3008584	OXA-1166	80	76.878750	80.845000	103.000000
I_9-10	ARO:3008585	OXA-1167	15	61.080000	65.506667	110.000000
I_9-10	ARO:3008586	OXA-1168	164	94.258537	95.842073	108.000000
I_9-10	ARO:3008587	OXA-1169	528	95.381061	90.644129	111.000000
I_9-10	ARO:3008588	OXA-1170	459	90.305882	85.027015	111.000000
I_9-10	ARO:3008589	OXA-1171	454	90.282819	84.884361	111.000000
I_9-10	ARO:3008590	OXA-1172	1593	74.118142	77.167232	118.000000
I_9-10	ARO:3008591	OXA-1173	747	74.039759	79.135877	117.000000
I_9-10	ARO:3008592	OXA-1174	1	52.000000	48.500000	48.500000
I_9-10	ARO:3008593	OXA-1175	262	99.264504	96.247710	105.000000
I_9-10	ARO:3008594	OXA-1176	184	44.863587	48.246739	76.600000
I_9-10	ARO:3008595	OXA-1177	166	49.260843	51.493976	77.400000
I_9-10	ARO:3008596	OXA-1178	690	96.474203	93.056957	107.000000
I_9-10	ARO:3008597	OXA-1181	76	80.640789	83.467105	110.000000
I_9-10	ARO:3008598	OXA-1182	67	71.623881	77.500000	103.000000
I_9-10	ARO:3008599	OXA-1183	583	73.486964	76.677015	118.000000
I_9-10	ARO:3008600	OXA-1184	427	90.244731	86.515925	111.000000
I_9-10	ARO:3008601	OXA-1185	33	73.103030	81.172727	91.700000
I_9-10	ARO:3008602	OXA-1186	1987	54.785858	59.274031	110.000000
I_9-10	ARO:3008603	OXA-1187	1668	72.641547	75.438669	118.000000
I_9-10	ARO:3008604	OXA-1188	63	60.576190	59.987302	77.400000
I_9-10	ARO:3008605	OXA-1189	85	77.740000	78.809412	97.400000
I_9-10	ARO:3008606	OXA-1190	327	74.406116	77.451988	104.000000
I_9-10	ARO:3008607	OXA-1191	283	73.874558	74.943463	102.000000
I_9-10	ARO:3008608	OXA-1193	258	74.740310	74.885659	104.000000
I_9-10	ARO:3008609	OXA-1194	263	75.067300	79.363878	102.000000
I_9-10	ARO:3008610	OXA-1198	4	55.500000	56.625000	63.200000
I_9-10	ARO:3008611	OXA-1199	1	62.000000	63.200000	63.200000
I_9-10	ARO:3008612	OXA-1200	1029	55.114674	57.236638	109.000000
I_9-10	ARO:3008613	OXA-1201	81	75.458025	78.455556	110.000000
I_9-10	ARO:3008614	OXA-1202	584	93.106678	89.918836	111.000000
I_9-10	ARO:3008615	OXA-1203	520	96.080577	92.637500	111.000000
I_9-10	ARO:3008616	OXA-1204	423	92.807092	88.192908	111.000000
I_9-10	ARO:3008617	OXA-1205	73	78.046575	80.698630	110.000000
I_9-10	ARO:3008618	OXA-1206	186	49.716129	49.534409	65.900000
I_9-10	ARO:3008619	OXA-1207	78	76.524359	79.187179	109.000000
I_9-10	ARO:3008620	OXA-1208	607	87.421252	83.772323	114.000000
I_9-10	ARO:3008621	OXA-1211	101	66.365347	70.787129	108.000000
I_9-10	ARO:3008622	OXA-1212	67	47.077612	51.370149	63.900000
I_9-10	ARO:3008623	OXA-1213	47	58.434043	59.244681	109.000000
I_9-10	ARO:3008624	OXA-1214	7	53.485714	59.585714	69.300000
I_9-10	ARO:3008625	OXA-1215	49	62.981633	67.522449	89.700000
I_9-10	ARO:3008629	OXA-1219	11	68.745455	74.781818	82.400000
I_9-10	ARO:3008631	OXA-1221	33	59.384848	63.978788	85.500000
I_9-10	ARO:3008632	OXA-1222	24	80.700000	86.541667	111.000000
I_9-10	ARO:3008634	OXA-1224	80	77.192500	81.495000	104.000000
I_9-10	ARO:3008635	OXA-1225	39	72.300000	76.456410	106.000000
I_9-10	ARO:3008636	OXA-1226	115	65.581739	68.713043	114.000000
I_9-10	ARO:3008637	OXA-1227	107	43.569159	46.422430	59.700000
I_9-10	ARO:3008638	OXA-1228	111	43.912613	47.017117	61.200000
I_9-10	ARO:3008641	OXA-1231	311	92.008360	91.855949	111.000000
I_9-10	ARO:3008642	OXA-1232	295	89.454915	91.800339	111.000000
I_9-10	ARO:3008643	OXA-1233	327	93.543119	95.777676	108.000000
I_9-10	ARO:3008644	OXA-1234	15	69.600000	71.986667	103.000000
I_9-10	ARO:3008645	OXA-1235	17	74.988235	79.864706	102.000000
I_9-10	ARO:3008646	OXA-1236	18	44.227778	50.272222	57.400000
I_9-10	ARO:3008647	OXA-1237	41	68.836585	70.914634	105.000000
I_9-10	ARO:3008648	OXA-1238	53	50.964151	51.701887	80.900000
I_9-10	ARO:3008649	OXA-1239	181	58.558011	60.644751	95.100000
I_9-10	ARO:3008650	OXA-1240	955	55.100733	56.467749	109.000000
I_9-10	ARO:3008651	OXA-1241	21	44.166667	51.004762	58.200000
I_9-10	ARO:3008652	OXA-1242	20	75.025000	81.360000	114.000000
I_9-10	ARO:3008653	OXA-1243	220	85.023182	92.479545	118.000000
I_9-10	ARO:3008654	OXA-1244	1	62.000000	63.200000	63.200000
I_9-10	ARO:3008655	OXA-1245	141	48.889362	51.624113	77.400000
I_9-10	ARO:3008656	OXA-1246	39	47.558974	50.292308	70.100000
I_9-10	ARO:3008657	OXA-1247	268	96.549627	94.210821	108.000000
I_9-10	ARO:3008658	OXA-1248	496	94.114919	95.534879	108.000000
I_9-10	ARO:3008659	OXA-1249	2	71.400000	76.100000	76.300000
I_9-10	ARO:3008660	OXA-1250	12	54.141667	59.050000	75.100000
I_9-10	ARO:3008661	OXA-1251	36	48.919444	51.619444	72.000000
I_9-10	ARO:3008662	OXA-1252	2	48.350000	53.350000	63.200000
I_9-10	ARO:3008663	OXA-1253	36	62.841667	61.994444	106.000000
I_9-10	ARO:3008664	OXA-1254	38	60.589474	60.860526	72.800000
I_9-10	ARO:3008665	OXA-1255	53	59.298113	59.705660	75.100000
I_9-10	ARO:3008666	OXA-1256	6	54.166667	54.883333	70.500000
I_9-10	ARO:3008667	OXA-1257	661	91.835552	94.353101	108.000000
I_9-10	ARO:3008668	OXA-1258	404	76.544554	76.446782	105.000000
I_9-10	ARO:3008669	OXA-1259	414	76.070290	76.317391	100.000000
I_9-10	ARO:3008670	OXA-1260	393	76.615013	76.227990	97.400000
I_9-10	ARO:3008671	OXA-1261	436	77.059633	77.851147	108.000000
I_9-10	ARO:3008672	OXA-1262	447	77.568456	78.030649	108.000000
I_9-10	ARO:3008673	OXA-1263	426	76.160329	74.998592	105.000000
I_9-10	ARO:3008674	OXA-1264	396	42.932323	41.503030	56.200000
I_9-10	ARO:3008676	OXA-1266	12	58.091667	60.858333	107.000000
I_9-10	ARO:3008677	OXA-1267	37	62.472973	62.245946	106.000000
I_9-10	ARO:3008678	OXA-1268	2	54.150000	59.300000	70.100000
I_9-10	ARO:3008679	OXA-1269	31	62.387097	61.829032	104.000000
I_9-10	ARO:3008680	OXA-1270	78	60.052564	60.848718	77.400000
I_9-10	ARO:3008681	OXA-1271	3	59.266667	57.000000	60.800000
I_9-10	ARO:3008682	OXA-1272	76	60.488158	60.903947	77.400000
I_9-10	ARO:3008683	OXA-1273	66	60.777273	60.889394	77.400000
I_9-10	ARO:3008684	OXA-1274	4	58.575000	64.225000	70.100000
I_9-10	ARO:3008685	OXA-1275	96	58.509375	60.476042	76.300000
I_9-10	ARO:3008686	OXA-1276	73	60.849315	61.302740	77.400000
I_9-10	ARO:3008687	OXA-1277	1	59.100000	59.700000	59.700000
I_9-10	ARO:3008688	OXA-1278	130	52.258462	55.446154	75.900000
I_9-10	ARO:3008689	OXA-1279	13	64.500000	62.823077	76.600000
I_9-10	ARO:3008690	OXA-1280	15	57.833333	56.426667	73.200000
I_9-10	ARO:3008691	OXA-1281	8	58.912500	55.987500	73.200000
I_9-10	ARO:3008692	OXA-1282	7	56.514286	59.671429	73.900000
I_9-10	ARO:3008693	OXA-1283	5	71.400000	77.520000	106.000000
I_9-10	ARO:3008694	OXA-1284	96	57.984375	60.322917	77.400000
I_9-10	ARO:3008695	OXA-1285	1	59.100000	60.500000	60.500000
I_9-10	ARO:3008696	OXA-1286	1	61.200000	60.800000	60.800000
I_9-10	ARO:3008697	OXA-1287	9	41.000000	44.633333	57.000000
I_9-10	ARO:3008699	OXA-1289	103	56.781553	58.018447	77.400000
I_9-10	ARO:3008700	OXA-1290	94	58.019149	60.130851	77.400000
I_9-10	ARO:3008701	OXA-1291	9	67.500000	72.100000	103.000000
I_9-10	ARO:3008703	OXA-1293	4	78.300000	84.675000	106.000000
I_9-10	ARO:3008704	OXA-1294	95	58.026316	60.244211	77.400000
I_9-10	ARO:3008705	OXA-1295	4	56.300000	59.400000	74.300000
I_9-10	ARO:3008706	OXA-1296	43	52.518605	57.239535	77.400000
I_9-10	ARO:3008707	OXA-1297	4	80.100000	84.375000	106.000000
I_9-10	ARO:3008708	OXA-1298	1	59.100000	59.300000	59.300000
I_9-10	ARO:3008712	OXA-1302	532	93.943421	95.220677	107.000000
I_9-10	ARO:3008713	OXA-1303	20	78.170000	83.440000	106.000000
I_9-10	ARO:3008714	OXA-1304	50	57.824000	58.486000	109.000000
I_9-10	ARO:3008715	OXA-1305	76	83.667105	87.138158	114.000000
I_9-10	ARO:3008716	OXA-1306	12	99.666667	106.683333	114.000000
I_9-10	ARO:3008717	OXA-1307	73	78.150685	81.138356	110.000000
I_9-10	ARO:3008718	OXA-1308	269	57.276952	55.855762	114.000000
I_9-10	ARO:3008719	OXA-1309	214	60.536916	58.228972	110.000000
I_9-10	ARO:3008720	OXA-725	2028	77.992209	80.757643	117.000000
I_9-10	ARO:3008721	OXA-790	20	58.475000	60.560000	101.000000
I_9-10	ARO:3008722	OXA-791	25	53.352000	53.284000	78.200000
I_9-10	ARO:3008723	OXA-933	17	79.147059	84.358824	114.000000
I_9-10	ARO:3008724	OXA-934	8	99.500000	105.150000	114.000000
I_9-10	ARO:3008725	OXA-936	43	58.813953	62.290698	108.000000
I_9-10	ARO:3008726	OXA-944	313	74.073802	78.220128	99.800000
I_9-10	ARO:3008727	OXA-950	1717	80.902970	84.674024	117.000000
I_9-10	ARO:3008728	OXA-951	1631	80.411711	83.917229	116.000000
I_9-10	ARO:3008729	OXA-952	307	73.928990	75.050489	104.000000
I_9-10	ARO:3008730	OXA-953	175	76.192571	78.276571	104.000000
I_9-10	ARO:3008732	OXA-955	15	77.420000	86.706667	94.000000
I_9-10	ARO:3008733	OXA-956	2085	82.732950	85.762734	110.000000
I_9-10	ARO:3008734	OXA-957	957	51.569592	53.097388	74.300000
I_9-10	ARO:3008735	OXA-958	1823	78.125946	79.554690	117.000000
I_9-10	ARO:3008736	OXA-959	1816	78.331773	80.217731	117.000000
I_9-10	ARO:3008737	OXA-960	146	45.347260	47.178767	60.800000
I_9-10	ARO:3008738	OXA-961	157	45.202548	47.292357	62.400000
I_9-10	ARO:3008739	OXA-962	141	45.499291	46.927660	59.300000
I_9-10	ARO:3008740	OXA-963	179	45.708939	46.700559	60.800000
I_9-10	ARO:3008741	OXA-964	243	47.538683	49.653909	65.900000
I_9-10	ARO:3008742	OXA-965	172	46.510465	48.411628	63.500000
I_9-10	ARO:3008743	OXA-966	36	43.530556	47.872222	74.300000
I_9-10	ARO:3008744	OXA-967	35	43.488571	47.842857	74.300000
I_9-10	ARO:3008745	OXA-968	26	44.915385	49.323077	71.200000
I_9-10	ARO:3008746	OXA-969	46	47.926087	50.960870	74.300000
I_9-10	ARO:3008750	OXA-973	1	76.100000	79.000000	79.000000
I_9-10	ARO:3008752	OXA-975	7	59.414286	48.671429	85.100000
I_9-10	ARO:3008755	OXA-978	14	77.878571	82.842857	103.000000
I_9-10	ARO:3008756	OXA-979	20	67.265000	70.775000	87.400000
I_9-10	ARO:3008757	OXA-980	13	61.923077	63.353846	105.000000
I_9-10	ARO:3008758	OXA-981	199	68.975377	73.629648	107.000000
I_9-10	ARO:3008759	OXA-982	143	65.562238	69.244056	90.900000
I_9-10	ARO:3008760	OXA-983	237	74.814346	78.251899	104.000000
I_9-10	ARO:3008761	OXA-984	68	69.000000	74.514706	90.100000
I_9-10	ARO:3008762	OXA-985	79	78.194937	84.405063	105.000000
I_9-10	ARO:3008763	OXA-986	9	64.644444	70.711111	105.000000
I_9-10	ARO:3008764	OXA-987	72	77.854167	83.440278	103.000000
I_9-10	ARO:3008765	OXA-988	23	72.643478	79.826087	111.000000
I_9-10	ARO:3008766	OXA-989	15	66.993333	69.740000	87.400000
I_9-10	ARO:3008767	OXA-990	46	74.047826	79.960870	91.700000
I_9-10	ARO:3008768	OXA-991	59	91.047458	83.044068	105.000000
I_9-10	ARO:3008769	OXA-992	49	72.304082	76.124490	105.000000
I_9-10	ARO:3008770	OXA-993	119	65.242857	68.494958	90.500000
I_9-10	ARO:3008771	OXA-994	85	62.940000	64.715294	90.900000
I_9-10	ARO:3008772	OXA-995	56	68.557143	73.566071	90.100000
I_9-10	ARO:3008773	OXA-996	56	69.196429	74.650000	90.100000
I_9-10	ARO:3008774	OXA-997	86	64.304651	65.041860	90.500000
I_9-10	ARO:3008775	OXA-998	40	64.905000	70.795000	89.400000
I_9-10	ARO:3008776	OXA-999	191	70.726178	75.408901	107.000000
I_9-10	ARO:3008777	OXY-1-11	33	83.148485	85.118182	108.000000
I_9-10	ARO:3008778	OXY-1-12	71	74.177465	76.187324	109.000000
I_9-10	ARO:3008779	OXY-1-13	52	78.967308	78.144231	110.000000
I_9-10	ARO:3008780	OXY-1-16	26	86.619231	88.819231	106.000000
I_9-10	ARO:3008781	OXY-1-17	24	88.362500	90.445833	106.000000
I_9-10	ARO:3008782	OXY-1-18	34	70.791176	70.541176	110.000000
I_9-10	ARO:3008783	OXY-1-19	19	88.157895	90.963158	106.000000
I_9-10	ARO:3008784	OXY-10-1	48	59.627083	62.110417	109.000000
I_9-10	ARO:3008785	OXY-11-1	43	60.083721	60.079070	81.600000
I_9-10	ARO:3008786	OXY-12-1	50	65.696000	65.874000	110.000000
I_9-10	ARO:3008787	OXY-12-2	46	66.010870	65.834783	110.000000
I_9-10	ARO:3008788	OXY-2-17	22	61.536364	62.100000	99.800000
I_9-10	ARO:3008789	OXY-2-18	15	63.800000	62.626667	100.000000
I_9-10	ARO:3008790	OXY-2-19	25	69.804000	73.628000	105.000000
I_9-10	ARO:3008791	OXY-2-20	18	63.394444	62.377778	100.000000
I_9-10	ARO:3008792	OXY-2-21	12	65.791667	64.291667	100.000000
I_9-10	ARO:3008793	OXY-2-22	23	58.786957	60.813043	100.000000
I_9-10	ARO:3008794	OXY-2-23	48	52.112500	52.870833	100.000000
I_9-10	ARO:3008795	OXY-2-24	54	52.846296	53.844444	100.000000
I_9-10	ARO:3008796	OXY-2-25	18	58.333333	57.811111	97.800000
I_9-10	ARO:3008797	OXY-2-26	13	62.161538	60.723077	97.800000
I_9-10	ARO:3008798	OXY-2-27	8	70.200000	71.575000	100.000000
I_9-10	ARO:3008799	OXY-2-28	56	54.326786	55.651786	100.000000
I_9-10	ARO:3008800	OXY-2-30	60	55.301667	57.301667	100.000000
I_9-10	ARO:3008801	OXY-3-2	55	63.192727	63.392727	110.000000
I_9-10	ARO:3008802	OXY-3-3	56	62.957143	63.030357	110.000000
I_9-10	ARO:3008803	OXY-4-2	52	77.250000	78.490385	108.000000
I_9-10	ARO:3008804	OXY-4-3	51	73.078431	74.170588	108.000000
I_9-10	ARO:3008805	OXY-4-4	46	73.882609	75.000000	108.000000
I_9-10	ARO:3008806	OXY-4-5	35	72.554286	73.222857	101.000000
I_9-10	ARO:3008807	OXY-5-10	60	72.855000	72.401667	109.000000
I_9-10	ARO:3008808	OXY-5-11	58	75.732759	76.367241	109.000000
I_9-10	ARO:3008809	OXY-5-6	78	72.624359	72.398718	109.000000
I_9-10	ARO:3008810	OXY-5-7	39	79.015385	77.930769	110.000000
I_9-10	ARO:3008811	OXY-5-8	45	78.524444	78.793333	109.000000
I_9-10	ARO:3008812	OXY-6-10	17	86.741176	90.323529	106.000000
I_9-10	ARO:3008813	OXY-6-11	24	80.341667	82.708333	106.000000
I_9-10	ARO:3008814	OXY-6-5	60	72.640000	75.900000	105.000000
I_9-10	ARO:3008815	OXY-6-7	22	74.636364	77.904545	106.000000
I_9-10	ARO:3008816	OXY-7-1	28	74.532143	76.267857	102.000000
I_9-10	ARO:3008817	OXY-8-1	48	68.154167	70.720833	109.000000
I_9-10	ARO:3008818	OXY-8-2	30	64.610000	65.306667	101.000000
I_9-10	ARO:3008819	OXY-8-3	27	63.400000	64.170370	101.000000
I_9-10	ARO:3008820	OXY-9-1	12	66.933333	72.191667	99.800000
I_9-10	ARO:3008821	PAD-1	232	59.611638	60.939655	83.200000
I_9-10	ARO:3008822	PAM-5	257	48.487160	42.520233	85.100000
I_9-10	ARO:3008823	PC1	52	54.169231	52.511538	94.000000
I_9-10	ARO:3008825	PDC-478	111	53.353153	60.776577	69.300000
I_9-10	ARO:3008827	PDC-480	10	47.170000	46.250000	53.100000
I_9-10	ARO:3008828	PDC-481	27	57.296296	53.255556	85.500000
I_9-10	ARO:3008830	PDC-483	17	52.152941	54.647059	62.800000
I_9-10	ARO:3008831	PDC-484	6	49.600000	52.050000	53.100000
I_9-10	ARO:3008832	PDC-485	10	49.640000	56.310000	68.900000
I_9-10	ARO:3008833	PDC-486	70	70.490000	58.738571	76.600000
I_9-10	ARO:3008834	PDC-487	1	53.100000	52.000000	52.000000
I_9-10	ARO:3008835	PDC-488	2	48.150000	51.950000	53.100000
I_9-10	ARO:3008838	PDC-491	3	63.166667	62.100000	74.700000
I_9-10	ARO:3008840	PDC-493	54	51.746296	58.051852	70.100000
I_9-10	ARO:3008842	PDC-495	45	53.693333	53.966667	74.300000
I_9-10	ARO:3008843	PDC-496	2	56.150000	63.550000	68.200000
I_9-10	ARO:3008845	PDC-498	5	45.620000	51.960000	56.200000
I_9-10	ARO:3008847	PDC-500	1	59.600000	57.000000	57.000000
I_9-10	ARO:3008848	PDC-501	15	54.573333	61.826667	71.200000
I_9-10	ARO:3008849	PDC-502	82	52.851220	57.004878	72.400000
I_9-10	ARO:3008850	PDC-503	3	65.766667	66.466667	82.000000
I_9-10	ARO:3008851	PDC-504	4	62.625000	63.900000	82.000000
I_9-10	ARO:3008852	PDC-505	2	56.900000	59.100000	65.100000
I_9-10	ARO:3008853	PDC-506	13	60.046154	63.300000	80.100000
I_9-10	ARO:3008854	PDC-507	10	65.460000	70.550000	79.300000
I_9-10	ARO:3008855	PDC-508	3	48.900000	39.133333	40.400000
I_9-10	ARO:3008857	PDC-510	3	60.200000	43.000000	43.900000
I_9-10	ARO:3008859	PDC-512	110	58.765455	55.164545	79.700000
I_9-10	ARO:3008861	PDC-514	4	59.125000	63.525000	65.100000
I_9-10	ARO:3008863	PDC-516	7	52.028571	53.200000	62.800000
I_9-10	ARO:3008864	PDC-517	15	54.813333	62.133333	76.600000
I_9-10	ARO:3008865	PDC-518	8	57.325000	60.262500	85.500000
I_9-10	ARO:3008866	PDC-519	4	57.150000	69.325000	74.700000
I_9-10	ARO:3008867	PDC-520	4	72.225000	74.925000	77.000000
I_9-10	ARO:3008868	PDC-521	84	66.528571	57.078571	84.300000
I_9-10	ARO:3008870	PDC-523	62	68.659677	60.306452	103.000000
I_9-10	ARO:3008871	PDC-524	88	63.670455	61.782955	84.000000
I_9-10	ARO:3008872	PDC-525	26	51.542308	57.957692	72.800000
I_9-10	ARO:3008873	PDC-526	5	52.680000	60.000000	62.800000
I_9-10	ARO:3008874	PDC-527	84	64.436905	56.746429	80.100000
I_9-10	ARO:3008875	PDC-528	61	69.454098	62.052459	103.000000
I_9-10	ARO:3008876	PDC-529	12	60.966667	64.950000	80.100000
I_9-10	ARO:3008877	PDC-530	29	50.600000	53.862069	72.800000
I_9-10	ARO:3008878	PDC-531	5	48.000000	52.000000	52.400000
I_9-10	ARO:3008879	PDC-532	1	52.000000	55.800000	55.800000
I_9-10	ARO:3008880	PDC-533	2	63.750000	43.150000	43.900000
I_9-10	ARO:3008881	PDC-534	1	59.600000	57.000000	57.000000
I_9-10	ARO:3008882	PDC-535	2	48.150000	51.950000	53.100000
I_9-10	ARO:3008883	PDC-536	2	63.750000	43.150000	43.900000
I_9-10	ARO:3008884	PDC-537	2	48.150000	51.950000	53.100000
I_9-10	ARO:3008885	PDC-538	6	54.866667	61.366667	72.800000
I_9-10	ARO:3008886	PDC-539	18	52.938889	55.900000	70.500000
I_9-10	ARO:3008887	PDC-540	8	61.412500	61.662500	66.200000
I_9-10	ARO:3008888	PDC-541	2	70.650000	61.800000	85.500000
I_9-10	ARO:3008889	PDC-542	32	55.225000	61.468750	77.000000
I_9-10	ARO:3008890	PDC-543	50	53.546000	62.662000	69.300000
I_9-10	ARO:3008891	PDC-544	1	55.300000	57.400000	57.400000
I_9-10	ARO:3008895	PDC-548	30	52.853333	61.023333	65.900000
I_9-10	ARO:3008896	PDC-549	1	59.600000	57.000000	57.000000
I_9-10	ARO:3008897	PDC-550	1	59.600000	57.000000	57.000000
I_9-10	ARO:3008898	PDC-551	5	48.000000	52.000000	52.400000
I_9-10	ARO:3008899	PDC-552	3	44.700000	41.333333	43.500000
I_9-10	ARO:3008900	PDC-553	14	69.757143	67.057143	83.600000
I_9-10	ARO:3008902	PDC-555	23	68.330435	69.013043	83.600000
I_9-10	ARO:3008904	PDC-557	5	59.200000	56.060000	65.100000
I_9-10	ARO:3008906	PDC-559	3	44.700000	41.333333	43.500000
I_9-10	ARO:3008908	PDC-561	2	49.400000	39.650000	40.800000
I_9-10	ARO:3008909	PDC-562	13	61.984615	67.830769	79.300000
I_9-10	ARO:3008913	PDC-566	1	72.500000	65.100000	65.100000
I_9-10	ARO:3008914	PDC-567	4	49.225000	50.725000	57.000000
I_9-10	ARO:3008916	PDC-569	1	38.900000	38.100000	38.100000
I_9-10	ARO:3008918	PDC-571	34	57.155882	66.220588	78.600000
I_9-10	ARO:3008920	PDC-573	1	70.800000	70.500000	70.500000
I_9-10	ARO:3008921	PDC-574	18	58.477778	61.816667	79.300000
I_9-10	ARO:3008922	PDC-575	18	54.666667	55.077778	85.500000
I_9-10	ARO:3008924	PDC-577	27	70.455556	70.240741	103.000000
I_9-10	ARO:3008925	PDC-578	1	69.400000	72.800000	72.800000
I_9-10	ARO:3008926	PDC-579	1	57.100000	61.200000	61.200000
I_9-10	ARO:3008927	PDC-580	1	38.900000	38.100000	38.100000
I_9-10	ARO:3008928	PDC-581	10	66.270000	68.850000	79.300000
I_9-10	ARO:3008929	PDC-582	82	58.570732	54.571951	79.700000
I_9-10	ARO:3008930	PDC-583	1	52.000000	54.700000	54.700000
I_9-10	ARO:3008931	PDC-584	11	49.854545	56.163636	68.900000
I_9-10	ARO:3008932	PDC-585	1	52.000000	54.700000	54.700000
I_9-10	ARO:3008933	PDC-586	1	72.500000	65.100000	65.100000
I_9-10	ARO:3008934	PDC-587	52	51.851923	58.373077	70.100000
I_9-10	ARO:3008935	PDC-588	10	66.240000	71.510000	79.300000
I_9-10	ARO:3008937	PDC-590	11	66.372727	68.645455	79.300000
I_9-10	ARO:3008938	PDC-591	2	45.800000	54.900000	57.000000
I_9-10	ARO:3008940	PDC-593	1	59.200000	62.800000	62.800000
I_9-10	ARO:3008942	PDC-595	39	68.035897	65.425641	103.000000
I_9-10	ARO:3008944	PDC-597	1	72.500000	65.100000	65.100000
I_9-10	ARO:3008946	PDC-599	1	48.900000	50.100000	50.100000
I_9-10	ARO:3008949	PDC-602	84	64.436905	56.746429	80.100000
I_9-10	ARO:3008951	PDC-604	1	67.300000	66.200000	66.200000
I_9-10	ARO:3008953	PDC-606	2	73.000000	74.150000	75.100000
I_9-10	ARO:3008954	PDC-607	11	59.918182	62.563636	68.900000
I_9-10	ARO:3008955	PDC-608	6	59.083333	63.300000	67.400000
I_9-10	ARO:3008957	PDC-610	3	39.700000	40.300000	42.400000
I_9-10	ARO:3008958	PDC-611	5	52.320000	42.060000	43.900000
I_9-10	ARO:3008959	PDC-612	5	46.080000	45.580000	53.100000
I_9-10	ARO:3008963	PDC-616	10	46.410000	46.330000	52.400000
I_9-10	ARO:3008966	PDC-619	15	69.686667	72.213333	103.000000
I_9-10	ARO:3008967	PDC-620	6	54.866667	61.366667	72.800000
I_9-10	ARO:3008969	PDC-622	1	62.700000	65.100000	65.100000
I_9-10	ARO:3008971	PDC-624	6	52.866667	57.966667	72.800000
I_9-10	ARO:3008973	PDC-626	3	62.433333	60.566667	85.500000
I_9-10	ARO:3008976	PDC-629	23	62.256522	62.395652	85.500000
I_9-10	ARO:3008978	PDC-631	3	52.433333	49.900000	56.200000
I_9-10	ARO:3008979	PDC-632	1	75.000000	72.800000	72.800000
I_9-10	ARO:3008980	PDC-633	23	57.291304	62.039130	67.000000
I_9-10	ARO:3008984	PDC-637	5	54.640000	61.940000	72.800000
I_9-10	ARO:3008985	PDC-638	5	65.680000	60.940000	85.500000
I_9-10	ARO:3008986	PDC-639	118	53.818644	59.114407	81.600000
I_9-10	ARO:3008987	PDC-640	1	100.000000	85.500000	85.500000
I_9-10	ARO:3008988	PEN-A10	177	57.077966	58.251977	83.600000
I_9-10	ARO:3008989	PEN-A11	181	57.295028	57.929282	83.600000
I_9-10	ARO:3008990	PEN-A12	163	57.293865	58.858282	83.600000
I_9-10	ARO:3008991	PEN-A13	147	57.427211	60.085034	83.600000
I_9-10	ARO:3008992	PEN-A15	131	58.949618	59.388550	80.500000
I_9-10	ARO:3008993	PEN-A16	171	59.053801	58.097661	83.600000
I_9-10	ARO:3008994	PEN-A17	84	57.652381	56.086905	79.000000
I_9-10	ARO:3008995	PEN-A18	103	58.273786	59.430097	83.600000
I_9-10	ARO:3008996	PEN-A19	184	58.156522	57.920109	83.600000
I_9-10	ARO:3008997	PEN-A1	170	54.953529	58.379412	85.100000
I_9-10	ARO:3008998	PEN-A20	168	57.498810	57.758929	83.600000
I_9-10	ARO:3008999	PEN-A21	73	57.961644	56.363014	76.600000
I_9-10	ARO:3009000	PEN-A22	123	57.186179	56.023577	79.000000
I_9-10	ARO:3009001	PEN-A23	66	57.340909	57.124242	79.000000
I_9-10	ARO:3009002	PEN-A24	170	58.614706	58.157059	83.600000
I_9-10	ARO:3009003	PEN-A25	127	58.280315	58.946457	83.600000
I_9-10	ARO:3009004	PEN-A26	145	58.446897	57.434483	83.600000
I_9-10	ARO:3009005	PEN-A27	136	58.525735	57.661029	83.600000
I_9-10	ARO:3009006	PEN-A28	164	55.546951	56.932317	83.600000
I_9-10	ARO:3009007	PEN-A29	221	54.796833	57.902715	85.100000
I_9-10	ARO:3009008	PEN-A2	27	54.740741	57.714815	72.800000
I_9-10	ARO:3009009	PEN-A30	205	54.575122	57.845366	85.100000
I_9-10	ARO:3009010	PEN-A31	120	57.841667	57.841667	83.600000
I_9-10	ARO:3009011	PEN-A32	153	55.366667	57.428758	83.600000
I_9-10	ARO:3009012	PEN-A33	113	54.750442	55.260177	80.100000
I_9-10	ARO:3009013	PEN-A34	83	55.069880	55.328916	80.100000
I_9-10	ARO:3009014	PEN-A35	133	55.564662	57.703008	83.600000
I_9-10	ARO:3009015	PEN-A37	161	55.042857	58.941615	84.700000
I_9-10	ARO:3009016	PEN-A38	121	56.299174	57.805785	83.600000
I_9-10	ARO:3009017	PEN-A3	68	58.075000	61.388235	83.600000
I_9-10	ARO:3009018	PEN-A5	57	57.101754	60.566667	83.600000
I_9-10	ARO:3009019	PEN-A6	38	57.221053	57.952632	79.000000
I_9-10	ARO:3009020	PEN-A7	49	57.504082	60.128571	83.600000
I_9-10	ARO:3009021	PEN-A8	101	57.067327	54.317822	83.600000
I_9-10	ARO:3009022	PEN-A9	74	58.301351	54.633784	68.900000
I_9-10	ARO:3009023	PEN-B1	88	54.875000	56.221591	80.500000
I_9-10	ARO:3009024	PEN-B2	70	56.600000	56.658571	80.500000
I_9-10	ARO:3009025	PEN-B3	76	54.009211	54.538158	80.500000
I_9-10	ARO:3009026	PEN-B4	86	54.682558	56.054651	80.500000
I_9-10	ARO:3009027	PER-17	343	74.967055	72.646939	107.000000
I_9-10	ARO:3009028	PER-18	286	77.718881	74.231119	107.000000
I_9-10	ARO:3009029	PJM-2	96	52.220833	48.825000	92.800000
I_9-10	ARO:3009030	PLA-4	216	60.872685	59.695833	99.800000
I_9-10	ARO:3009031	PLA-5	209	60.929187	59.795215	99.800000
I_9-10	ARO:3009032	PNC-1	757	57.184808	59.670938	77.400000
I_9-10	ARO:3009033	PNC-2	746	57.243968	59.717560	77.400000
I_9-10	ARO:3009034	PNC-3	736	57.290082	59.773777	77.400000
I_9-10	ARO:3009035	RAA-1	462	56.920346	59.611688	84.000000
I_9-10	ARO:3009036	RAHN-3	73	59.209589	59.886301	99.800000
I_9-10	ARO:3009037	RAHN-4	46	59.154348	59.878261	99.400000
I_9-10	ARO:3009038	RAHN-5	39	60.302564	60.938462	99.400000
I_9-10	ARO:3009039	RAHN-6	38	60.510526	61.489474	99.400000
I_9-10	ARO:3009040	RASA-1	166	53.588554	58.242771	100.000000
I_9-10	ARO:3009041	RSC1-1	704	56.111506	58.420881	109.000000
I_9-10	ARO:3009042	RSD1-1	660	46.299848	51.355152	87.400000
I_9-10	ARO:3009044	SED-2	132	61.821212	62.562879	93.600000
I_9-10	ARO:3009045	SFC-2	24	47.054167	43.704167	53.100000
I_9-10	ARO:3009046	SFDC-1	401	70.475561	72.721696	100.000000
I_9-10	ARO:3009049	SHV-230	4	87.750000	86.450000	100.000000
I_9-10	ARO:3009050	SHV-231	1	100.000000	99.800000	99.800000
I_9-10	ARO:3009051	SHV-232	62	62.070968	63.937097	81.600000
I_9-10	ARO:3009052	SHV-233	1	41.700000	45.800000	45.800000
I_9-10	ARO:3009053	SHV-234	6	65.116667	63.283333	80.100000
I_9-10	ARO:3009056	SHV-237	2	82.300000	80.100000	99.000000
I_9-10	ARO:3009057	SHV-238	1	100.000000	99.800000	99.800000
I_9-10	ARO:3009058	SHV-239	4	67.375000	69.525000	80.100000
I_9-10	ARO:3009060	SHV-241	3	54.000000	56.200000	56.200000
I_9-10	ARO:3009061	SHV-242	2	61.550000	60.050000	80.100000
I_9-10	ARO:3009062	SHV-243	166	64.890964	63.222289	76.600000
I_9-10	ARO:3009063	SHV-244	3	100.000000	99.866667	100.000000
I_9-10	ARO:3009065	SRT-4	553	53.592767	52.874322	84.000000
I_9-10	ARO:3009069	TEM-250	18	63.838889	61.661111	82.400000
I_9-10	ARO:3009070	TEM-251	40	60.785000	62.255000	76.300000
I_9-10	ARO:3009073	TEM-254	23	65.900000	67.400000	101.000000
I_9-10	ARO:3009074	TEM-255	1	94.000000	97.400000	97.400000
I_9-10	ARO:3009076	TEM-257	1	53.100000	57.000000	57.000000
I_9-10	ARO:3009077	TEM-258	6	66.933333	66.100000	89.000000
I_9-10	ARO:3009079	VEB-18	2467	96.993960	95.990474	113.000000
I_9-10	ARO:3009080	VEB-28	2587	98.116699	92.524391	113.000000
I_9-10	ARO:3009081	VEB-29	527	87.242125	89.412144	113.000000
I_9-10	ARO:3009082	VEB-30	944	93.306568	89.295021	113.000000
I_9-10	ARO:3009083	VEB-31	2057	98.288333	90.921293	113.000000
I_9-10	ARO:3009084	VEB-32	2090	97.909522	89.980718	106.000000
I_9-10	ARO:3009085	VEB-33	2099	95.191615	87.064126	105.000000
I_9-10	ARO:3009086	VEB-34	1419	97.431853	92.223961	106.000000
I_9-10	ARO:3009087	VEB-35	1201	97.878435	91.112490	106.000000
I_9-10	ARO:3009088	VEB-36	534	95.934831	89.937828	105.000000
I_9-10	ARO:3009089	VEB-37	204	85.953922	70.687255	106.000000
I_9-10	ARO:3009090	VEB-38	899	96.922803	86.438154	106.000000
I_9-10	ARO:3009091	VEB-39	1303	97.588565	91.804605	105.000000
I_9-10	ARO:3009092	VIM-88	12	49.141667	62.808333	70.500000
I_9-10	ARO:3009096	YOC-1	60	57.211667	57.811667	84.000000
I_9-10	ARO:3009098	CfiA28	145	60.084828	67.612414	110.000000
I_9-10	ARO:3009099	CfiA29	134	60.994776	68.520149	110.000000
I_9-10	ARO:3009100	CfiA30	140	60.842143	68.497143	110.000000
I_9-10	ARO:3009101	CfiA31	139	60.809353	68.507194	110.000000
I_9-10	ARO:3009192	OXY-1-7	19	85.268421	86.489474	110.000000
