sample_id	aro_id	card_hit_name	diamond_read_hits	mean_pident	mean_bitscore	max_bitscore
RW_4	ARO:3000005	vanD	5262	51.806613	48.150931	98.200000
RW_4	ARO:3000010	vanA	3575	51.578462	48.549622	77.400000
RW_4	ARO:3000013	vanB	2093	52.090062	48.971476	84.300000
RW_4	ARO:3000024	patA	41630	46.504028	46.345277	100.000000
RW_4	ARO:3000025	patB	45619	49.452862	49.587268	97.800000
RW_4	ARO:3000026	mepA	731	44.885636	42.167168	86.700000
RW_4	ARO:3000027	emrA	9419	60.690944	60.205213	106.000000
RW_4	ARO:3000074	emrB	15363	62.251071	63.491174	115.000000
RW_4	ARO:3000090	Bla1	226	54.233186	57.136283	99.800000
RW_4	ARO:3000118	vgaB	40300	44.687437	45.099300	74.700000
RW_4	ARO:3000124	mecI	22	43.809091	43.472727	57.400000
RW_4	ARO:3000149	FosA	368	67.256522	65.519293	90.500000
RW_4	ARO:3000165	tet(A)	9954	63.488989	60.944103	108.000000
RW_4	ARO:3000166	tet(B)	6856	55.552684	55.018495	103.000000
RW_4	ARO:3000167	tet(C)	8817	63.659363	61.225065	107.000000
RW_4	ARO:3000168	tet(D)	4381	56.145560	53.316914	93.600000
RW_4	ARO:3000172	FosB	97	51.632990	40.695876	64.700000
RW_4	ARO:3000173	tet(E)	6609	57.743637	55.857876	109.000000
RW_4	ARO:3000174	tet(G)	7250	57.798207	56.928483	106.000000
RW_4	ARO:3000175	tet(H)	5321	56.053054	54.772204	103.000000
RW_4	ARO:3000177	tet(J)	5292	56.686017	54.329478	94.700000
RW_4	ARO:3000178	tet(K)	79	58.975949	55.569620	97.800000
RW_4	ARO:3000179	tet(L)	123	70.630081	64.517886	105.000000
RW_4	ARO:3000180	tetA(P)	556	69.862950	69.184892	103.000000
RW_4	ARO:3000181	tet(V)	321	55.217445	53.185047	84.300000
RW_4	ARO:3000182	tet(Y)	6845	54.775939	54.031395	103.000000
RW_4	ARO:3000183	tet(Z)	3984	56.741391	53.290437	102.000000
RW_4	ARO:3000186	tet(M)	24656	59.716430	56.637013	115.000000
RW_4	ARO:3000190	tet(O)	26308	60.738916	58.042987	114.000000
RW_4	ARO:3000191	tet(Q)	26226	61.825093	61.014165	114.000000
RW_4	ARO:3000192	tet(S)	23081	57.989559	55.461107	114.000000
RW_4	ARO:3000193	tet(T)	29590	54.323653	52.717634	108.000000
RW_4	ARO:3000194	tet(W)	24872	60.543981	56.599228	113.000000
RW_4	ARO:3000195	tetB(P)	27662	54.910965	50.439816	106.000000
RW_4	ARO:3000196	tet(32)	26543	58.103590	55.627107	112.000000
RW_4	ARO:3000197	tet(36)	29234	55.377328	53.095481	107.000000
RW_4	ARO:3000198	FosX	180	57.555000	57.531667	84.000000
RW_4	ARO:3000205	tet(X)	1660	78.610904	72.461265	113.000000
RW_4	ARO:3000206	emrK	8468	58.135179	59.363238	105.000000
RW_4	ARO:3000215	mecR1	366	49.295628	49.998087	103.000000
RW_4	ARO:3000216	acrB	127801	61.295100	58.527507	114.000000
RW_4	ARO:3000217	blaR1	521	51.696929	51.249328	72.400000
RW_4	ARO:3000230	ANT(2'')-Ia	576	99.381771	97.143576	118.000000
RW_4	ARO:3000237	TolC	3666	70.561075	66.927059	104.000000
RW_4	ARO:3000245	RbpA	222	64.064865	50.220721	102.000000
RW_4	ARO:3000250	ErmC	1218	60.975287	60.871675	107.000000
RW_4	ARO:3000251	msrA	19514	48.654146	45.989387	103.000000
RW_4	ARO:3000254	emrY	13549	57.870263	59.317514	115.000000
RW_4	ARO:3000263	marA	698	78.835100	75.105158	110.000000
RW_4	ARO:3000300	lsaA	8782	45.507777	42.547210	90.500000
RW_4	ARO:3000316	mphA	4375	74.567086	76.288686	115.000000
RW_4	ARO:3000318	mphB	264	47.042424	55.157576	105.000000
RW_4	ARO:3000319	mphC	91	49.919780	56.580220	112.000000
RW_4	ARO:3000326	ErmE	458	48.347162	46.260480	53.900000
RW_4	ARO:3000343	tap	52	62.596154	59.498077	98.600000
RW_4	ARO:3000347	ErmA	981	61.212130	57.486748	99.800000
RW_4	ARO:3000361	EreA	669	87.946936	83.044544	108.000000
RW_4	ARO:3000363	EreB	1111	78.085599	80.517642	107.000000
RW_4	ARO:3000368	vanC	4598	55.592192	48.616638	101.000000
RW_4	ARO:3000375	ErmB	1685	93.607418	86.130861	110.000000
RW_4	ARO:3000377	MexA	13595	58.621949	55.561221	92.400000
RW_4	ARO:3000378	MexB	123604	60.753701	57.951171	100.000000
RW_4	ARO:3000379	OprM	16702	58.933984	52.538576	90.100000
RW_4	ARO:3000391	norA	107	49.260748	48.276636	95.900000
RW_4	ARO:3000392	Erm(37)	20	48.285000	42.790000	72.000000
RW_4	ARO:3000410	sul1	4388	91.656267	83.108637	110.000000
RW_4	ARO:3000412	sul2	4829	63.987099	58.951708	104.000000
RW_4	ARO:3000413	sul3	3864	50.463690	48.606366	104.000000
RW_4	ARO:3000421	norB	1599	58.883052	57.896248	87.000000
RW_4	ARO:3000444	rphA	5467	57.571410	51.769124	90.100000
RW_4	ARO:3000448	QepA1	1466	49.757367	47.942019	95.900000
RW_4	ARO:3000449	FomB	1	52.900000	43.500000	43.500000
RW_4	ARO:3000462	mgtA	42	54.247619	51.890476	83.200000
RW_4	ARO:3000463	gimA	44	54.902273	52.688636	82.800000
RW_4	ARO:3000467	NDM-5	37	91.224324	81.213514	109.000000
RW_4	ARO:3000476	tet(31)	5879	54.270845	54.212570	99.800000
RW_4	ARO:3000478	tet(33)	4671	58.593749	56.048919	109.000000
RW_4	ARO:3000481	tet(35)	2866	60.257432	54.480635	91.700000
RW_4	ARO:3000491	acrD	117797	59.865760	57.761926	112.000000
RW_4	ARO:3000495	ErmD	980	48.624694	44.785510	55.500000
RW_4	ARO:3000498	ErmF	4760	94.149433	88.632479	107.000000
RW_4	ARO:3000499	AcrE	15932	58.609390	56.530197	105.000000
RW_4	ARO:3000501	rpoB2	114910	66.062454	68.102782	110.000000
RW_4	ARO:3000502	AcrF	130813	59.968021	57.194880	114.000000
RW_4	ARO:3000504	golS	3235	58.688408	56.629645	92.000000
RW_4	ARO:3000508	gadX	844	72.959242	69.068720	107.000000
RW_4	ARO:3000510	Saur_mupB_MUP	21989	53.550680	53.820115	100.000000
RW_4	ARO:3000516	emrR	648	89.955401	82.609259	112.000000
RW_4	ARO:3000518	CRP	5364	72.347782	72.113031	106.000000
RW_4	ARO:3000521	Saur_mupA_MUP	23248	52.973731	53.710547	121.000000
RW_4	ARO:3000522	ErmG	818	66.956235	66.209291	107.000000
RW_4	ARO:3000526	cmeR	44	45.084091	40.665909	46.200000
RW_4	ARO:3000533	macA	4018	54.868965	51.229940	80.900000
RW_4	ARO:3000535	macB	37943	56.862581	53.230306	98.200000
RW_4	ARO:3000549	adeS	2888	49.595672	49.754571	101.000000
RW_4	ARO:3000553	adeR	38650	48.206642	47.162103	104.000000
RW_4	ARO:3000556	tet(44)	19944	59.934567	56.868417	108.000000
RW_4	ARO:3000559	adeN	1876	66.867697	68.625373	110.000000
RW_4	ARO:3000561	tet(30)	8271	56.505803	56.064926	96.700000
RW_4	ARO:3000565	tet(38)	60	56.730000	54.158333	69.700000
RW_4	ARO:3000566	tet(39)	13810	86.432686	81.237683	108.000000
RW_4	ARO:3000567	tet(40)	760	89.385000	83.700526	108.000000
RW_4	ARO:3000569	tet(41)	11908	64.026738	64.522481	97.400000
RW_4	ARO:3000572	tet(42)	3546	51.222786	47.042076	79.300000
RW_4	ARO:3000573	tet(43)	454	56.466960	51.648238	93.600000
RW_4	ARO:3000578	CcrA	106	56.022642	62.000943	110.000000
RW_4	ARO:3000579	Cmen_BlaB	32	48.715625	54.803125	78.200000
RW_4	ARO:3000582	L1_BLA	63	53.117460	52.104762	99.800000
RW_4	ARO:3000589	NDM-1	44	92.709091	84.786364	109.000000
RW_4	ARO:3000590	NDM-2	32	91.353125	84.215625	109.000000
RW_4	ARO:3000592	ErmN	9	38.788889	40.011111	42.400000
RW_4	ARO:3000593	ErmQ	560	47.404107	47.821250	110.000000
RW_4	ARO:3000594	ErmR	172	50.930814	43.925000	55.800000
RW_4	ARO:3000595	ErmT	1175	67.758723	65.532340	105.000000
RW_4	ARO:3000596	ErmX	853	82.394607	74.986049	110.000000
RW_4	ARO:3000598	Erm(31)	508	58.237598	56.508858	90.900000
RW_4	ARO:3000599	Erm(33)	941	63.763337	62.977152	105.000000
RW_4	ARO:3000600	Erm(34)	142	43.166197	41.673944	48.900000
RW_4	ARO:3000601	Erm(38)	307	64.502280	64.734528	93.600000
RW_4	ARO:3000602	Erm(39)	418	61.325837	61.759330	95.100000
RW_4	ARO:3000603	Erm(41)	5	43.360000	41.280000	56.200000
RW_4	ARO:3000604	Erm(35)	4630	74.456544	71.793866	94.000000
RW_4	ARO:3000605	Erm(36)	489	58.904090	59.194683	110.000000
RW_4	ARO:3000606	FEZ-1	159	58.274214	57.020126	89.000000
RW_4	ARO:3000614	mef(E)	148	62.400676	61.246622	95.900000
RW_4	ARO:3000616	mel	3917	82.755348	77.623360	103.000000
RW_4	ARO:3000617	mecA	1577	45.107546	43.782435	67.800000
RW_4	ARO:3000620	adeL	7831	50.342511	47.885289	113.000000
RW_4	ARO:3000621	PC1_blaZ	40	57.730000	54.712500	99.400000
RW_4	ARO:3000656	AcrS	2378	61.807233	55.900463	109.000000
RW_4	ARO:3000676	H-NS	1556	69.536440	56.093123	105.000000
RW_4	ARO:3000746	mepR	1	63.900000	48.500000	48.500000
RW_4	ARO:3000753	abeM	9045	70.016783	67.350636	107.000000
RW_4	ARO:3000768	abeS	6921	56.849892	55.018899	97.400000
RW_4	ARO:3000774	adeA	6204	52.584139	49.682157	99.400000
RW_4	ARO:3000775	adeB	95770	56.962823	54.087860	107.000000
RW_4	ARO:3000777	adeF	94888	55.256351	51.781482	104.000000
RW_4	ARO:3000778	adeG	7730	50.095860	46.425873	102.000000
RW_4	ARO:3000779	adeH	7423	56.664138	48.128183	103.000000
RW_4	ARO:3000780	adeI	13469	63.010751	59.844094	100.000000
RW_4	ARO:3000781	adeJ	123876	60.817293	58.369856	112.000000
RW_4	ARO:3000782	adeK	19195	63.964355	59.720068	106.000000
RW_4	ARO:3000783	cmeA	525	47.094095	43.130667	59.300000
RW_4	ARO:3000784	cmeB	95567	55.084539	52.107438	85.100000
RW_4	ARO:3000785	cmeC	888	49.462500	44.312613	58.500000
RW_4	ARO:3000789	mdsA	3068	50.201141	45.887386	86.300000
RW_4	ARO:3000790	mdsB	98503	54.059166	51.325851	97.100000
RW_4	ARO:3000791	mdsC	11576	57.749663	51.507464	82.400000
RW_4	ARO:3000792	mdtA	4834	59.662495	57.491374	105.000000
RW_4	ARO:3000793	mdtB	59515	59.442322	55.425898	105.000000
RW_4	ARO:3000794	mdtC	52569	60.115823	56.541057	108.000000
RW_4	ARO:3000795	mdtE	9980	56.161152	53.826052	106.000000
RW_4	ARO:3000796	mdtF	125310	59.220797	56.525953	112.000000
RW_4	ARO:3000800	MexC	8447	57.587203	52.406712	89.700000
RW_4	ARO:3000801	MexD	104774	56.749740	54.247550	97.100000
RW_4	ARO:3000802	OprJ	17052	57.591983	52.430114	94.000000
RW_4	ARO:3000803	MexE	4938	51.356764	47.278271	98.600000
RW_4	ARO:3000804	MexF	100067	55.215323	51.875768	102.000000
RW_4	ARO:3000805	OprN	1949	59.707696	50.619497	95.100000
RW_4	ARO:3000806	MexG	6	56.083333	59.483333	75.500000
RW_4	ARO:3000807	MexH	754	47.951989	43.164324	66.200000
RW_4	ARO:3000808	MexI	55625	53.209104	48.064809	101.000000
RW_4	ARO:3000809	OpmD	647	50.026584	43.348995	95.900000
RW_4	ARO:3000810	mtrC	8203	52.736938	49.697111	86.300000
RW_4	ARO:3000811	mtrD	92919	56.284565	52.693197	100.000000
RW_4	ARO:3000812	mtrE	9122	58.304023	51.721421	80.900000
RW_4	ARO:3000815	mgrA	1924	44.579834	45.003222	97.400000
RW_4	ARO:3000816	mtrA	417	43.131894	40.787770	60.100000
RW_4	ARO:3000822	pmrA	1488	55.863978	56.647782	90.900000
RW_4	ARO:3000823	ramA	638	63.713166	62.947179	105.000000
RW_4	ARO:3000826	sdiA	713	71.160449	68.919355	100.000000
RW_4	ARO:3000830	cpxA	3372	71.041251	69.944098	112.000000
RW_4	ARO:3000832	evgA	5669	41.526901	43.451067	110.000000
RW_4	ARO:3000833	evgS	24247	46.883581	45.909490	115.000000
RW_4	ARO:3000838	arlR	52312	51.026839	48.661342	89.000000
RW_4	ARO:3000839	arlS	6147	50.085229	49.775744	86.300000
RW_4	ARO:3000840	JOHN-1	37	59.348649	63.294595	95.100000
RW_4	ARO:3000841	CGB-1	59	53.828814	56.740678	102.000000
RW_4	ARO:3000842	EBR-1	44	67.215909	69.463636	105.000000
RW_4	ARO:3000843	MUS-1	44	50.004545	54.665909	109.000000
RW_4	ARO:3000844	TUS-1	128	41.980469	46.744531	80.500000
RW_4	ARO:3000845	GIM-1	18	42.944444	48.011111	62.000000
RW_4	ARO:3000846	SIM-1	5	78.060000	76.120000	103.000000
RW_4	ARO:3000847	KHM-1	36	51.225000	43.725000	70.900000
RW_4	ARO:3000848	DIM-1	14	45.450000	47.200000	78.200000
RW_4	ARO:3000849	SFH-1	92	64.880435	71.534783	85.500000
RW_4	ARO:3000850	GOB-1	196	53.867347	52.871429	95.900000
RW_4	ARO:3000851	THIN-B	283	51.768198	50.949470	102.000000
RW_4	ARO:3000853	AIM-1	245	52.469388	52.775102	102.000000
RW_4	ARO:3000854	SMB-1	175	51.521714	53.009714	94.700000
RW_4	ARO:3000855	CAU-1	159	51.043396	48.550943	98.600000
RW_4	ARO:3000856	BJP-1	154	51.985714	49.605844	94.700000
RW_4	ARO:3000858	armA	2	79.050000	71.350000	105.000000
RW_4	ARO:3000859	rmtA	6	71.966667	69.633333	90.100000
RW_4	ARO:3000860	rmtB	7	78.442857	74.771429	110.000000
RW_4	ARO:3000862	sgm	2	53.300000	54.100000	54.700000
RW_4	ARO:3000865	oleD	48	53.214583	51.689583	88.200000
RW_4	ARO:3000866	oleI	50	52.678000	52.672000	70.100000
RW_4	ARO:3000876	TEM-4	2	83.050000	77.600000	90.900000
RW_4	ARO:3000877	TEM-5	4	45.825000	48.050000	55.100000
RW_4	ARO:3000878	TEM-6	13	53.446154	49.253846	50.400000
RW_4	ARO:3000879	TEM-7	125	57.380800	50.049600	93.200000
RW_4	ARO:3000881	TEM-9	4	81.300000	73.450000	90.900000
RW_4	ARO:3000883	TEM-11	17	58.441176	56.129412	93.200000
RW_4	ARO:3000887	TEM-16	43	58.916279	54.000000	93.200000
RW_4	ARO:3000888	TEM-17	4	76.775000	80.675000	90.900000
RW_4	ARO:3000891	TEM-20	36	60.872222	61.872222	79.000000
RW_4	ARO:3000892	TEM-21	109	61.798165	61.170642	83.600000
RW_4	ARO:3000894	TEM-24	4	45.825000	48.050000	55.100000
RW_4	ARO:3000898	TEM-28	13	53.446154	49.253846	50.400000
RW_4	ARO:3000899	TEM-29	13	53.446154	49.253846	50.400000
RW_4	ARO:3000902	TEM-32	23	61.195652	62.717391	79.000000
RW_4	ARO:3000903	TEM-33	1	53.100000	55.500000	55.500000
RW_4	ARO:3000904	TEM-34	79	59.055696	52.064557	93.200000
RW_4	ARO:3000905	TEM-35	1	53.100000	55.500000	55.500000
RW_4	ARO:3000909	TEM-39	94	59.871277	60.142553	71.200000
RW_4	ARO:3000911	TEM-42	116	57.340517	50.074138	87.800000
RW_4	ARO:3000912	TEM-43	33	59.981818	58.942424	93.200000
RW_4	ARO:3000914	TEM-45	1	53.100000	55.500000	55.500000
RW_4	ARO:3000916	TEM-47	58	58.127586	52.917241	90.900000
RW_4	ARO:3000917	TEM-48	2	83.050000	77.600000	90.900000
RW_4	ARO:3000921	TEM-52	40	60.892500	61.280000	79.000000
RW_4	ARO:3000924	TEM-55	2	64.050000	65.300000	72.800000
RW_4	ARO:3000926	TEM-57	40	53.192500	50.587500	62.800000
RW_4	ARO:3000928	TEM-59	21	61.747619	62.214286	93.200000
RW_4	ARO:3000930	TEM-61	13	53.446154	49.253846	50.400000
RW_4	ARO:3000931	TEM-63	8	54.862500	55.362500	63.900000
RW_4	ARO:3000934	TEM-67	3	61.166667	65.866667	81.600000
RW_4	ARO:3000938	TEM-72	125	59.136000	54.551200	90.100000
RW_4	ARO:3000939	TEM-73	1	53.100000	55.500000	55.500000
RW_4	ARO:3000941	TEM-75	136	57.289706	50.202206	93.200000
RW_4	ARO:3000944	TEM-78	111	59.679279	59.934234	93.200000
RW_4	ARO:3000947	TEM-80	110	60.741818	52.732727	70.100000
RW_4	ARO:3000948	TEM-81	114	60.840351	52.992982	70.100000
RW_4	ARO:3000950	TEM-83	2	60.200000	62.800000	70.100000
RW_4	ARO:3000952	TEM-85	3	81.300000	70.333333	90.900000
RW_4	ARO:3000953	TEM-86	6	58.233333	57.900000	90.900000
RW_4	ARO:3000954	TEM-87	16	63.612500	64.268750	93.200000
RW_4	ARO:3000955	TEM-88	23	63.734783	64.926087	79.000000
RW_4	ARO:3000956	TEM-89	10	60.610000	60.630000	83.600000
RW_4	ARO:3000957	TEM-90	137	57.973723	52.383942	67.400000
RW_4	ARO:3000958	TEM-91	9	54.633333	54.866667	63.900000
RW_4	ARO:3000959	TEM-92	45	61.053333	61.693333	81.600000
RW_4	ARO:3000960	TEM-93	33	60.842424	61.733333	79.000000
RW_4	ARO:3000961	TEM-94	27	62.600000	63.011111	90.900000
RW_4	ARO:3000962	TEM-95	101	59.571287	55.038614	67.800000
RW_4	ARO:3000963	TEM-96	1	59.200000	58.200000	58.200000
RW_4	ARO:3000965	TEM-102	45	57.255556	53.291111	87.800000
RW_4	ARO:3000968	TEM-105	108	58.859259	52.791667	82.400000
RW_4	ARO:3000969	TEM-106	40	60.892500	61.280000	79.000000
RW_4	ARO:3000970	TEM-107	21	54.371429	51.728571	63.900000
RW_4	ARO:3000971	TEM-108	1	44.700000	42.400000	42.400000
RW_4	ARO:3000972	TEM-109	23	60.152174	57.286957	93.200000
RW_4	ARO:3000973	TEM-110	4	81.300000	73.450000	90.900000
RW_4	ARO:3000974	TEM-111	2	83.050000	77.600000	90.900000
RW_4	ARO:3000975	TEM-112	109	61.798165	61.170642	83.600000
RW_4	ARO:3000976	TEM-113	38	60.523684	61.171053	79.000000
RW_4	ARO:3000977	TEM-114	4	45.825000	48.050000	55.100000
RW_4	ARO:3000978	TEM-115	13	53.446154	49.253846	50.400000
RW_4	ARO:3000979	TEM-116	39	58.564103	54.269231	93.200000
RW_4	ARO:3000980	TEM-117	143	57.953147	51.804895	93.200000
RW_4	ARO:3000981	TEM-118	137	57.259854	50.162044	93.200000
RW_4	ARO:3000983	TEM-121	7	56.228571	58.557143	83.600000
RW_4	ARO:3000985	TEM-123	77	59.384416	50.983117	83.600000
RW_4	ARO:3000986	TEM-124	125	59.756000	54.717600	83.600000
RW_4	ARO:3000987	TEM-125	30	60.256667	61.566667	68.600000
RW_4	ARO:3000988	TEM-126	105	59.431429	52.540000	93.200000
RW_4	ARO:3000989	TEM-127	63	59.657143	58.850794	70.500000
RW_4	ARO:3000990	TEM-128	1	47.900000	48.100000	48.100000
RW_4	ARO:3000994	TEM-130	4	46.375000	49.000000	55.100000
RW_4	ARO:3000995	TEM-131	8	47.925000	49.012500	55.100000
RW_4	ARO:3000996	TEM-132	89	57.719101	50.887640	90.100000
RW_4	ARO:3000998	TEM-134	13	53.446154	49.253846	50.400000
RW_4	ARO:3000999	TEM-135	28	60.317857	60.967857	79.000000
RW_4	ARO:3001000	TEM-136	4	45.825000	48.050000	55.100000
RW_4	ARO:3001002	TEM-138	4	66.875000	68.275000	81.600000
RW_4	ARO:3001005	TEM-142	2	83.050000	77.600000	90.900000
RW_4	ARO:3001013	TEM-146	59	59.701695	50.369492	58.500000
RW_4	ARO:3001014	TEM-147	16	58.868750	56.287500	94.700000
RW_4	ARO:3001015	TEM-148	7	56.157143	55.571429	77.800000
RW_4	ARO:3001016	TEM-149	5	51.060000	50.540000	56.600000
RW_4	ARO:3001018	TEM-151	13	53.446154	49.253846	50.400000
RW_4	ARO:3001019	TEM-152	13	53.446154	49.253846	50.400000
RW_4	ARO:3001020	TEM-154	1	53.100000	55.500000	55.500000
RW_4	ARO:3001022	TEM-156	69	61.369565	57.481159	72.000000
RW_4	ARO:3001023	TEM-157	81	52.629630	50.292593	63.900000
RW_4	ARO:3001024	TEM-158	6	66.033333	68.116667	93.200000
RW_4	ARO:3001025	TEM-159	40	60.892500	61.280000	79.000000
RW_4	ARO:3001028	TEM-162	51	51.535294	52.372549	62.000000
RW_4	ARO:3001032	TEM-166	85	54.801176	50.257647	88.200000
RW_4	ARO:3001033	TEM-167	2	83.050000	77.600000	90.900000
RW_4	ARO:3001034	TEM-168	4	81.300000	73.450000	90.900000
RW_4	ARO:3001035	TEM-169	42	59.530952	59.471429	71.200000
RW_4	ARO:3001037	TEM-171	2	52.000000	48.900000	48.900000
RW_4	ARO:3001041	TEM-176	4	82.100000	85.575000	94.700000
RW_4	ARO:3001042	TEM-177	10	49.980000	50.880000	63.900000
RW_4	ARO:3001043	TEM-178	120	59.650833	54.821667	90.100000
RW_4	ARO:3001044	TEM-181	3	47.933333	51.866667	52.000000
RW_4	ARO:3001045	TEM-183	20	60.530000	59.230000	87.800000
RW_4	ARO:3001047	TEM-187	123	57.938211	51.244715	93.200000
RW_4	ARO:3001049	TEM-189	1	53.100000	55.500000	55.500000
RW_4	ARO:3001050	TEM-190	35	58.645714	58.805714	71.200000
RW_4	ARO:3001052	TEM-192	148	57.731081	51.677703	93.200000
RW_4	ARO:3001053	TEM-193	1	44.700000	42.000000	42.000000
RW_4	ARO:3001054	TEM-194	46	54.695652	50.019565	84.000000
RW_4	ARO:3001055	TEM-195	72	57.626389	51.319444	93.200000
RW_4	ARO:3001056	TEM-197	3	47.933333	51.866667	52.000000
RW_4	ARO:3001057	TEM-198	17	61.217647	60.376471	93.200000
RW_4	ARO:3001058	TEM-199	130	61.216154	55.016154	90.100000
RW_4	ARO:3001065	SHV-6	49	99.587755	94.706122	104.000000
RW_4	ARO:3001067	SHV-8	37	99.508108	95.321622	104.000000
RW_4	ARO:3001068	SHV-9	129	70.134109	66.644186	106.000000
RW_4	ARO:3001070	SHV-11	5	100.000000	91.700000	100.000000
RW_4	ARO:3001071	SHV-12	164	81.284756	77.959146	106.000000
RW_4	ARO:3001074	SHV-15	31	93.248387	90.861290	102.000000
RW_4	ARO:3001076	SHV-18	165	78.974545	75.978788	106.000000
RW_4	ARO:3001077	SHV-19	37	63.286486	66.459459	73.200000
RW_4	ARO:3001078	SHV-20	214	70.728037	70.195327	106.000000
RW_4	ARO:3001079	SHV-21	86	72.912791	74.327907	106.000000
RW_4	ARO:3001080	SHV-22	162	70.945062	69.885802	106.000000
RW_4	ARO:3001081	SHV-23	100	75.302000	76.817000	106.000000
RW_4	ARO:3001082	SHV-24	166	83.626506	79.080723	106.000000
RW_4	ARO:3001083	SHV-25	61	67.768852	68.009836	83.600000
RW_4	ARO:3001084	SHV-26	5	75.920000	76.560000	95.900000
RW_4	ARO:3001085	SHV-27	5	69.540000	71.780000	79.700000
RW_4	ARO:3001090	SHV-32	46	91.571739	80.884783	104.000000
RW_4	ARO:3001093	SHV-35	86	85.840698	78.924419	102.000000
RW_4	ARO:3001094	SHV-36	20	99.600000	99.330000	104.000000
RW_4	ARO:3001095	SHV-37	68	68.241176	67.757353	100.000000
RW_4	ARO:3001096	SHV-38	20	90.095000	83.235000	102.000000
RW_4	ARO:3001099	SHV-41	228	75.085088	72.977193	106.000000
RW_4	ARO:3001100	SHV-42	189	76.774074	74.962434	106.000000
RW_4	ARO:3001101	SHV-43	14	65.628571	53.335714	95.500000
RW_4	ARO:3001103	SHV-45	5	69.540000	71.780000	79.700000
RW_4	ARO:3001104	SHV-46	1	97.800000	82.000000	82.000000
RW_4	ARO:3001105	SHV-48	28	54.800000	53.767857	76.300000
RW_4	ARO:3001106	SHV-49	23	97.604348	91.691304	104.000000
RW_4	ARO:3001107	SHV-50	2	88.350000	83.950000	95.900000
RW_4	ARO:3001108	SHV-51	6	50.700000	51.850000	55.800000
RW_4	ARO:3001109	SHV-52	86	81.001163	74.851163	104.000000
RW_4	ARO:3001110	SHV-53	309	69.823301	69.451456	106.000000
RW_4	ARO:3001112	SHV-56	141	83.347518	79.004965	106.000000
RW_4	ARO:3001113	SHV-57	5	99.560000	72.560000	95.500000
RW_4	ARO:3001115	SHV-60	5	75.920000	76.560000	95.900000
RW_4	ARO:3001116	SHV-61	135	87.962963	83.811111	106.000000
RW_4	ARO:3001117	SHV-62	26	64.615385	63.761538	100.000000
RW_4	ARO:3001118	SHV-63	2	55.550000	51.800000	54.700000
RW_4	ARO:3001119	SHV-64	150	76.710667	72.483333	103.000000
RW_4	ARO:3001120	SHV-65	3	51.066667	48.000000	58.900000
RW_4	ARO:3001121	SHV-66	3	100.000000	86.900000	98.200000
RW_4	ARO:3001122	SHV-67	19	99.578947	97.531579	104.000000
RW_4	ARO:3001123	SHV-69	24	97.304167	95.579167	104.000000
RW_4	ARO:3001124	SHV-70	12	58.258333	58.441667	69.700000
RW_4	ARO:3001125	SHV-71	23	55.882609	56.878261	95.900000
RW_4	ARO:3001126	SHV-72	13	74.553846	74.961538	101.000000
RW_4	ARO:3001127	SHV-73	84	82.308333	76.426190	106.000000
RW_4	ARO:3001129	SHV-75	8	99.475000	82.875000	101.000000
RW_4	ARO:3001130	SHV-76	2	49.450000	52.550000	57.000000
RW_4	ARO:3001131	SHV-77	3	100.000000	86.766667	97.800000
RW_4	ARO:3001132	SHV-78	50	97.556000	92.564000	104.000000
RW_4	ARO:3001133	SHV-79	144	83.811111	79.382639	106.000000
RW_4	ARO:3001134	SHV-80	11	54.981818	55.418182	71.600000
RW_4	ARO:3001135	SHV-81	10	62.290000	58.640000	72.000000
RW_4	ARO:3001136	SHV-82	1	98.000000	95.900000	95.900000
RW_4	ARO:3001137	SHV-83	21	99.523810	99.347619	104.000000
RW_4	ARO:3001138	SHV-84	2	54.550000	56.800000	57.000000
RW_4	ARO:3001141	SHV-89	156	80.293590	77.378205	106.000000
RW_4	ARO:3001144	SHV-92	72	87.827778	80.038889	104.000000
RW_4	ARO:3001145	SHV-93	9	83.077778	79.711111	98.200000
RW_4	ARO:3001148	SHV-96	5	100.000000	91.700000	100.000000
RW_4	ARO:3001149	SHV-97	6	99.633333	77.300000	101.000000
RW_4	ARO:3001150	SHV-101	124	89.341935	83.769355	106.000000
RW_4	ARO:3001151	SHV-102	5	99.560000	72.560000	95.500000
RW_4	ARO:3001153	SHV-104	12	58.883333	59.050000	65.900000
RW_4	ARO:3001154	SHV-105	69	86.617391	78.688406	106.000000
RW_4	ARO:3001157	SHV-108	15	79.906667	76.446667	102.000000
RW_4	ARO:3001159	SHV-110	5	69.540000	71.780000	79.700000
RW_4	ARO:3001160	SHV-111	13	61.161538	55.453846	70.500000
RW_4	ARO:3001168	SHV-121	130	82.021538	79.321538	106.000000
RW_4	ARO:3001170	SHV-123	199	75.621106	74.574874	106.000000
RW_4	ARO:3001171	SHV-124	234	72.766667	71.809829	106.000000
RW_4	ARO:3001172	SHV-125	220	75.943182	75.451364	106.000000
RW_4	ARO:3001173	SHV-126	229	74.436245	73.088210	106.000000
RW_4	ARO:3001174	SHV-127	189	76.387302	75.733862	106.000000
RW_4	ARO:3001175	SHV-128	19	99.247368	93.610526	102.000000
RW_4	ARO:3001176	SHV-129	5	100.000000	91.700000	100.000000
RW_4	ARO:3001177	SHV-133	22	99.536364	93.622727	104.000000
RW_4	ARO:3001178	SHV-134	20	63.860000	62.025000	95.100000
RW_4	ARO:3001179	SHV-135	4	75.500000	75.950000	95.900000
RW_4	ARO:3001181	SHV-137	286	70.644406	68.459441	106.000000
RW_4	ARO:3001182	SHV-140	35	49.111429	51.908571	63.900000
RW_4	ARO:3001184	SHV-142	1	100.000000	100.000000	100.000000
RW_4	ARO:3001185	SHV-145	1	89.600000	83.200000	83.200000
RW_4	ARO:3001186	SHV-147	4	58.575000	43.525000	51.600000
RW_4	ARO:3001188	SHV-149	6	53.766667	57.133333	66.200000
RW_4	ARO:3001189	SHV-150	1	97.800000	82.000000	82.000000
RW_4	ARO:3001191	SHV-152	69	89.653623	79.711594	102.000000
RW_4	ARO:3001192	SHV-153	8	99.475000	82.875000	101.000000
RW_4	ARO:3001195	SHV-156	32	81.312500	80.218750	104.000000
RW_4	ARO:3001196	SHV-157	15	64.813333	61.986667	100.000000
RW_4	ARO:3001198	SHV-159	14	58.878571	55.907143	57.400000
RW_4	ARO:3001201	SHV-162	48	94.358333	82.329167	102.000000
RW_4	ARO:3001204	SHV-167	82	76.710976	73.857317	104.000000
RW_4	ARO:3001205	BRP(MBL)	68	73.619118	70.507353	111.000000
RW_4	ARO:3001209	mecC	2414	45.314913	44.066611	64.700000
RW_4	ARO:3001214	mdtM	4006	56.458313	54.701847	107.000000
RW_4	ARO:3001216	mdtH	2601	74.161361	73.420146	111.000000
RW_4	ARO:3001265	Erm(30)	359	47.264903	47.061838	70.500000
RW_4	ARO:3001299	Sfra_tlrB_TYL	1105	50.451312	46.340362	69.700000
RW_4	ARO:3001300	myrA	824	51.336650	45.906311	75.900000
RW_4	ARO:3001301	RlmA(II)	738	50.500678	48.544309	92.800000
RW_4	ARO:3001302	chrB	1047	51.537345	46.418243	72.400000
RW_4	ARO:3001303	ErmO-srmA	129	46.983721	40.142636	47.800000
RW_4	ARO:3001304	ErmS	38	44.815789	40.078947	48.900000
RW_4	ARO:3001305	ErmU	189	61.068783	64.837566	82.400000
RW_4	ARO:3001306	ErmW	163	56.397546	57.433129	78.600000
RW_4	ARO:3001313	facT	1325	47.189509	44.464679	68.600000
RW_4	ARO:3001327	MdtK	1634	79.949388	79.045838	106.000000
RW_4	ARO:3001328	Ecol_mdfA	5267	62.629504	58.977710	105.000000
RW_4	ARO:3001329	mdtG	2322	74.571792	72.521232	113.000000
RW_4	ARO:3001337	SHV-99	6	59.183333	54.166667	58.900000
RW_4	ARO:3001341	SHV-132	2	48.000000	45.800000	45.800000
RW_4	ARO:3001345	SHV-144	6	68.016667	68.033333	94.000000
RW_4	ARO:3001347	SHV-164	66	93.207576	83.624242	102.000000
RW_4	ARO:3001350	SHV-180	66	95.569697	86.693939	104.000000
RW_4	ARO:3001351	SHV-183	1	66.000000	59.700000	59.700000
RW_4	ARO:3001352	SHV-168	6	68.016667	68.033333	94.000000
RW_4	ARO:3001356	SHV-172	5	100.000000	91.700000	100.000000
RW_4	ARO:3001357	SHV-173	2	48.650000	46.400000	47.400000
RW_4	ARO:3001362	SHV-179	1	57.100000	46.200000	46.200000
RW_4	ARO:3001364	SHV-182	129	85.225581	80.791473	104.000000
RW_4	ARO:3001369	TEM-153	36	60.872222	61.872222	79.000000
RW_4	ARO:3001373	TEM-182	31	63.454839	63.854839	70.900000
RW_4	ARO:3001374	TEM-185	98	59.727551	60.159184	71.200000
RW_4	ARO:3001375	TEM-184	85	59.769412	50.204706	69.700000
RW_4	ARO:3001382	TEM-205	7	55.371429	59.200000	65.500000
RW_4	ARO:3001383	TEM-206	12	63.325000	63.000000	93.200000
RW_4	ARO:3001384	TEM-207	39	54.512821	52.515385	68.900000
RW_4	ARO:3001386	TEM-209	1	74.000000	76.300000	76.300000
RW_4	ARO:3001387	TEM-210	1	53.100000	55.500000	55.500000
RW_4	ARO:3001388	TEM-211	30	60.366667	61.076667	79.000000
RW_4	ARO:3001389	TEM-212	3	57.366667	53.900000	62.400000
RW_4	ARO:3001392	TEM-215	108	61.822222	61.134259	83.600000
RW_4	ARO:3001396	OXA-1	727	94.855571	89.844979	113.000000
RW_4	ARO:3001397	OXA-2	2255	75.641064	77.236807	117.000000
RW_4	ARO:3001398	OXA-3	1162	82.032100	81.793718	118.000000
RW_4	ARO:3001399	OXA-4	733	94.300682	89.312142	113.000000
RW_4	ARO:3001400	OXA-5	372	73.318011	69.184140	108.000000
RW_4	ARO:3001402	OXA-7	797	88.248055	83.356838	107.000000
RW_4	ARO:3001404	OXA-9	126	53.891270	57.549206	93.200000
RW_4	ARO:3001405	OXA-10	2467	94.446332	89.910377	111.000000
RW_4	ARO:3001406	OXA-11	1784	95.238061	88.790863	111.000000
RW_4	ARO:3001407	OXA-12	718	78.139276	78.153760	115.000000
RW_4	ARO:3001408	OXA-13	942	94.016561	91.445011	112.000000
RW_4	ARO:3001409	OXA-14	1896	95.179325	89.169515	111.000000
RW_4	ARO:3001410	OXA-15	2288	75.185446	76.814467	117.000000
RW_4	ARO:3001411	OXA-16	1438	93.601599	90.377051	111.000000
RW_4	ARO:3001412	OXA-17	1960	96.546939	90.769898	111.000000
RW_4	ARO:3001413	OXA-18	192	55.442188	56.607292	86.300000
RW_4	ARO:3001414	OXA-19	660	86.316667	81.448788	112.000000
RW_4	ARO:3001415	OXA-20	748	60.984626	62.812299	105.000000
RW_4	ARO:3001416	OXA-21	1235	81.534170	81.550445	119.000000
RW_4	ARO:3001417	OXA-22	71	50.439437	52.545070	76.300000
RW_4	ARO:3001418	OXA-23	73	62.541096	65.638356	108.000000
RW_4	ARO:3001419	OXA-24	50	75.774000	80.698000	105.000000
RW_4	ARO:3001420	OXA-25	54	74.929630	79.572222	105.000000
RW_4	ARO:3001421	OXA-26	51	75.221569	79.915686	105.000000
RW_4	ARO:3001422	OXA-27	88	64.825000	69.043182	108.000000
RW_4	ARO:3001423	OXA-28	674	87.141988	82.583828	112.000000
RW_4	ARO:3001424	OXA-29	124	59.535484	62.679032	73.200000
RW_4	ARO:3001425	OXA-31	736	93.816712	88.864810	113.000000
RW_4	ARO:3001426	OXA-32	2123	77.388978	79.674706	117.000000
RW_4	ARO:3001427	OXA-33	681	93.695154	89.053744	113.000000
RW_4	ARO:3001428	OXA-34	1640	75.637439	79.726646	117.000000
RW_4	ARO:3001429	OXA-35	1349	90.275537	88.772128	112.000000
RW_4	ARO:3001430	OXA-36	1958	70.714556	75.854137	117.000000
RW_4	ARO:3001431	OXA-37	778	61.364910	63.232776	105.000000
RW_4	ARO:3001437	OXA-67	8	65.300000	71.125000	104.000000
RW_4	ARO:3001438	OXA-100	45	68.517778	74.282222	104.000000
RW_4	ARO:3001439	OXA-101	1151	90.361251	87.809036	112.000000
RW_4	ARO:3001440	OXA-115	19	75.552632	83.652632	108.000000
RW_4	ARO:3001441	OXA-116	171	73.593567	78.282456	107.000000
RW_4	ARO:3001442	OXA-117	50	79.398000	81.466000	107.000000
RW_4	ARO:3001443	OXA-121	3	84.400000	89.866667	111.000000
RW_4	ARO:3001444	OXA-122	77	71.379221	59.876623	111.000000
RW_4	ARO:3001445	OXA-123	7	74.042857	80.071429	111.000000
RW_4	ARO:3001446	OXA-124	6	71.666667	78.000000	94.400000
RW_4	ARO:3001447	OXA-125	122	73.156557	73.145902	94.400000
RW_4	ARO:3001448	OXA-126	1	73.500000	79.000000	79.000000
RW_4	ARO:3001451	OXA-139	31	78.709677	82.158065	103.000000
RW_4	ARO:3001452	OXA-140	662	93.828399	86.368882	113.000000
RW_4	ARO:3001453	OXA-148	47	76.612766	81.761702	103.000000
RW_4	ARO:3001454	OXA-149	1	100.000000	95.500000	95.500000
RW_4	ARO:3001455	OXA-150	66	76.677273	78.595455	108.000000
RW_4	ARO:3001456	OXA-151	379	43.570449	44.012137	70.900000
RW_4	ARO:3001457	OXA-152	364	43.306868	44.032143	71.600000
RW_4	ARO:3001458	OXA-153	275	42.956364	41.917455	69.700000
RW_4	ARO:3001459	OXA-154	103	44.720388	47.006796	65.900000
RW_4	ARO:3001460	OXA-155	101	44.800000	47.139604	65.900000
RW_4	ARO:3001461	OXA-156	105	46.350476	47.616190	69.700000
RW_4	ARO:3001462	OXA-157	103	43.706796	46.964078	70.500000
RW_4	ARO:3001463	OXA-158	88	44.537500	47.073864	72.000000
RW_4	ARO:3001464	OXA-159	79	44.888608	47.627848	72.000000
RW_4	ARO:3001465	OXA-165	53	60.167925	64.028302	102.000000
RW_4	ARO:3001466	OXA-166	62	59.882258	63.119355	108.000000
RW_4	ARO:3001467	OXA-167	118	65.064407	69.115254	108.000000
RW_4	ARO:3001468	OXA-168	54	60.324074	63.746296	102.000000
RW_4	ARO:3001469	OXA-169	65	60.326154	63.436923	108.000000
RW_4	ARO:3001470	OXA-170	63	59.317460	62.753968	102.000000
RW_4	ARO:3001471	OXA-171	78	63.503846	66.634615	108.000000
RW_4	ARO:3001472	OXA-178	56	71.576786	73.810714	108.000000
RW_4	ARO:3001473	OXA-179	3	78.766667	86.033333	111.000000
RW_4	ARO:3001474	OXA-180	35	69.862857	75.665714	107.000000
RW_4	ARO:3001475	OXA-183	621	86.719968	81.461031	112.000000
RW_4	ARO:3001476	OXA-184	17	47.405882	43.664706	54.700000
RW_4	ARO:3001477	OXA-185	16	47.712500	44.012500	54.700000
RW_4	ARO:3001478	OXA-193	30	49.260000	45.636667	60.800000
RW_4	ARO:3001479	OXA-194	4	81.775000	84.975000	108.000000
RW_4	ARO:3001480	OXA-195	68	71.341176	81.882353	106.000000
RW_4	ARO:3001482	OXA-197	66	71.187879	57.230303	106.000000
RW_4	ARO:3001483	OXA-205	1237	69.079709	72.479386	119.000000
RW_4	ARO:3001484	OXA-206	6	69.916667	73.383333	108.000000
RW_4	ARO:3001485	OXA-207	51	74.888235	79.441176	105.000000
RW_4	ARO:3001486	OXA-208	144	71.301389	76.316667	103.000000
RW_4	ARO:3001487	OXA-210	1719	79.924200	80.114660	117.000000
RW_4	ARO:3001488	OXA-216	65	72.907692	78.609231	107.000000
RW_4	ARO:3001489	OXA-217	43	72.562791	74.000000	108.000000
RW_4	ARO:3001493	OXA-225	102	65.171569	68.870588	102.000000
RW_4	ARO:3001495	OXA-233	1557	96.352730	88.499037	111.000000
RW_4	ARO:3001496	OXA-234	6	63.200000	72.066667	80.100000
RW_4	ARO:3001498	OXA-239	130	70.040769	73.803846	102.000000
RW_4	ARO:3001499	OXA-240	1969	94.851701	88.467598	111.000000
RW_4	ARO:3001500	OXA-251	1448	93.578039	85.364848	111.000000
RW_4	ARO:3001501	OXA-252	75	57.293333	62.050667	114.000000
RW_4	ARO:3001502	OXA-256	2036	94.687132	89.192092	111.000000
RW_4	ARO:3001503	OXA-258	24	47.870833	48.420833	67.000000
RW_4	ARO:3001504	OXA-309	1009	88.951437	86.438850	113.000000
RW_4	ARO:3001510	OXA-322	84	82.370238	85.292857	94.700000
RW_4	ARO:3001511	OXA-323	99	80.260606	83.646465	94.400000
RW_4	ARO:3001512	OXA-324	149	78.915436	82.909396	96.700000
RW_4	ARO:3001513	OXA-325	155	80.898065	84.874839	108.000000
RW_4	ARO:3001514	OXA-326	84	82.130952	84.908333	94.700000
RW_4	ARO:3001515	OXA-327	91	79.721978	82.884615	95.100000
RW_4	ARO:3001516	OXA-328	92	75.347826	81.277174	96.700000
RW_4	ARO:3001517	OXA-329	161	80.222360	84.027329	94.700000
RW_4	ARO:3001518	OXA-330	104	78.682692	82.118269	95.100000
RW_4	ARO:3001519	OXA-331	115	81.346087	84.869565	94.700000
RW_4	ARO:3001520	OXA-332	168	78.000000	82.429762	96.700000
RW_4	ARO:3001521	OXA-333	901	90.786903	87.057714	113.000000
RW_4	ARO:3001522	OXA-334	933	89.414684	86.356484	113.000000
RW_4	ARO:3001523	OXA-335	163	80.907975	82.020859	99.800000
RW_4	ARO:3001525	OXA-337	1	65.300000	75.900000	75.900000
RW_4	ARO:3001526	OXA-338	2	90.000000	99.800000	111.000000
RW_4	ARO:3001527	OXA-339	1	65.300000	75.900000	75.900000
RW_4	ARO:3001528	OXA-340	1	100.000000	95.500000	95.500000
RW_4	ARO:3001529	OXA-341	2	46.550000	44.450000	48.100000
RW_4	ARO:3001530	OXA-342	108	71.237963	83.518519	87.800000
RW_4	ARO:3001531	OXA-343	1	73.500000	79.000000	79.000000
RW_4	ARO:3001533	OXA-345	1	100.000000	95.500000	95.500000
RW_4	ARO:3001534	OXA-346	3	84.833333	93.333333	94.000000
RW_4	ARO:3001535	OXA-348	208	79.178365	83.762981	95.900000
RW_4	ARO:3001536	OXA-349	31	78.258065	79.487097	94.000000
RW_4	ARO:3001537	OXA-350	161	79.011180	83.159627	96.700000
RW_4	ARO:3001538	OXA-351	126	80.386508	84.188095	95.900000
RW_4	ARO:3001539	OXA-352	172	80.589535	84.768605	107.000000
RW_4	ARO:3001540	OXA-353	64	81.817187	85.710938	94.700000
RW_4	ARO:3001541	OXA-354	86	82.280233	84.922093	95.900000
RW_4	ARO:3001542	OXA-355	496	71.466532	71.783468	105.000000
RW_4	ARO:3001543	OXA-356	376	72.456383	72.405053	105.000000
RW_4	ARO:3001544	OXA-357	31	72.080645	75.712903	95.900000
RW_4	ARO:3001545	OXA-358	202	73.726733	75.357426	96.700000
RW_4	ARO:3001546	OXA-359	96	81.080208	84.041667	95.500000
RW_4	ARO:3001547	OXA-360	44	87.113636	80.693182	109.000000
RW_4	ARO:3001548	OXA-361	132	80.828030	82.656818	102.000000
RW_4	ARO:3001549	OXA-362	120	75.070833	76.843333	102.000000
RW_4	ARO:3001550	OXA-363	204	76.890686	79.247549	102.000000
RW_4	ARO:3001551	OXA-364	62	48.390323	48.908065	71.600000
RW_4	ARO:3001552	OXA-365	11	89.118182	94.727273	111.000000
RW_4	ARO:3001553	OXA-366	113	64.301770	68.467257	108.000000
RW_4	ARO:3001555	OXA-368	1386	95.914286	87.667749	111.000000
RW_4	ARO:3001557	OXA-371	166	73.918675	76.320482	105.000000
RW_4	ARO:3001558	OXA-372	1470	53.994694	58.419320	109.000000
RW_4	ARO:3001559	OXA-373	1092	88.653388	86.255495	115.000000
RW_4	ARO:3001560	OXA-374	9	75.600000	80.722222	111.000000
RW_4	ARO:3001561	OXA-375	110	71.630909	83.702727	103.000000
RW_4	ARO:3001562	OXA-376	71	76.102817	81.135211	111.000000
RW_4	ARO:3001563	OXA-377	68	81.289706	85.817647	111.000000
RW_4	ARO:3001564	OXA-378	45	68.811111	74.551111	107.000000
RW_4	ARO:3001565	OXA-379	21	71.142857	75.723810	94.400000
RW_4	ARO:3001566	OXA-380	50	74.464000	78.676000	104.000000
RW_4	ARO:3001567	OXA-381	58	67.701724	72.824138	103.000000
RW_4	ARO:3001568	OXA-382	24	72.991667	78.475000	103.000000
RW_4	ARO:3001569	OXA-383	13	83.269231	88.623077	108.000000
RW_4	ARO:3001570	OXA-384	8	79.700000	84.887500	108.000000
RW_4	ARO:3001571	OXA-385	56	71.144643	76.930357	103.000000
RW_4	ARO:3001572	OXA-386	16	81.900000	85.868750	108.000000
RW_4	ARO:3001573	OXA-387	1	40.900000	38.500000	38.500000
RW_4	ARO:3001574	OXA-388	8	74.350000	79.287500	107.000000
RW_4	ARO:3001575	OXA-389	124	71.711290	77.037903	89.700000
RW_4	ARO:3001576	OXA-390	23	73.195652	78.356522	103.000000
RW_4	ARO:3001577	OXA-391	149	71.026174	75.980537	103.000000
RW_4	ARO:3001578	OXA-392	724	94.967265	89.854696	113.000000
RW_4	ARO:3001581	OXA-395	112	54.501786	56.370536	82.400000
RW_4	ARO:3001582	OXA-396	113	52.832743	55.476106	82.400000
RW_4	ARO:3001583	OXA-397	1064	97.960714	94.277444	109.000000
RW_4	ARO:3001584	OXA-398	57	60.933333	64.094737	102.000000
RW_4	ARO:3001586	OXA-400	2	76.750000	83.800000	88.600000
RW_4	ARO:3001587	OXA-401	71	70.852113	65.600000	88.200000
RW_4	ARO:3001588	OXA-402	52	76.073077	83.792308	94.400000
RW_4	ARO:3001589	OXA-403	3	84.833333	93.333333	94.000000
RW_4	ARO:3001595	OXA-404	1	100.000000	111.000000	111.000000
RW_4	ARO:3001596	OXA-405	805	53.837640	55.330062	109.000000
RW_4	ARO:3001597	OXA-406	6	70.733333	76.583333	94.400000
RW_4	ARO:3001598	OXA-407	38	78.360526	84.828947	111.000000
RW_4	ARO:3001599	OXA-408	54	68.059259	59.148148	77.400000
RW_4	ARO:3001601	OXA-410	16	78.862500	83.925000	94.400000
RW_4	ARO:3001602	OXA-411	9	75.600000	80.722222	111.000000
RW_4	ARO:3001603	OXA-412	2	82.650000	93.450000	111.000000
RW_4	ARO:3001604	OXA-413	6	77.983333	83.066667	89.400000
RW_4	ARO:3001605	OXA-414	1	100.000000	111.000000	111.000000
RW_4	ARO:3001606	OXA-415	1849	77.381558	78.054408	117.000000
RW_4	ARO:3001607	OXA-416	115	55.102609	58.200000	112.000000
RW_4	ARO:3001608	OXA-417	370	78.350811	80.236216	107.000000
RW_4	ARO:3001609	OXA-114a	72	50.783333	49.611111	103.000000
RW_4	ARO:3001610	OXA-243	58	50.072414	50.910345	92.400000
RW_4	ARO:3001611	OXA-58	1057	98.453548	94.685052	109.000000
RW_4	ARO:3001612	OXA-51	44	81.002273	84.818182	111.000000
RW_4	ARO:3001613	OXA-64	10	89.830000	96.150000	111.000000
RW_4	ARO:3001614	OXA-65	1	100.000000	106.000000	106.000000
RW_4	ARO:3001616	OXA-68	20	78.070000	83.260000	108.000000
RW_4	ARO:3001617	OXA-69	69	73.337681	75.918841	108.000000
RW_4	ARO:3001618	OXA-70	17	73.452941	76.494118	103.000000
RW_4	ARO:3001619	OXA-71	10	75.040000	80.550000	111.000000
RW_4	ARO:3001620	OXA-75	17	77.300000	79.270588	108.000000
RW_4	ARO:3001622	OXA-77	11	86.709091	92.045455	108.000000
RW_4	ARO:3001623	OXA-83	65	73.472308	77.321538	108.000000
RW_4	ARO:3001624	OXA-84	18	72.577778	77.561111	86.700000
RW_4	ARO:3001625	OXA-89	8	78.100000	82.762500	107.000000
RW_4	ARO:3001626	OXA-88	2	100.000000	107.000000	108.000000
RW_4	ARO:3001627	OXA-91	6	84.366667	86.983333	107.000000
RW_4	ARO:3001628	OXA-93	10	85.130000	84.780000	108.000000
RW_4	ARO:3001629	OXA-94	15	85.060000	89.300000	106.000000
RW_4	ARO:3001630	OXA-95	38	68.381579	74.239474	106.000000
RW_4	ARO:3001631	OXA-96	1046	98.378681	94.711568	109.000000
RW_4	ARO:3001632	OXA-92	16	78.331250	81.018750	105.000000
RW_4	ARO:3001633	OXA-79	58	74.643103	83.493103	106.000000
RW_4	ARO:3001634	OXA-80	1	56.300000	55.800000	55.800000
RW_4	ARO:3001635	OXA-82	2	72.750000	73.200000	106.000000
RW_4	ARO:3001636	OXA-104	45	69.304444	74.951111	106.000000
RW_4	ARO:3001637	OXA-106	65	70.276923	75.381538	103.000000
RW_4	ARO:3001638	OXA-107	3	84.833333	93.333333	94.000000
RW_4	ARO:3001639	OXA-108	15	69.120000	74.113333	106.000000
RW_4	ARO:3001640	OXA-109	3	52.100000	53.800000	55.800000
RW_4	ARO:3001641	OXA-110	4	81.475000	88.675000	94.000000
RW_4	ARO:3001642	OXA-111	136	72.066912	79.330882	107.000000
RW_4	ARO:3001643	OXA-112	11	77.454545	79.018182	105.000000
RW_4	ARO:3001644	OXA-113	51	75.921569	82.274510	111.000000
RW_4	ARO:3001645	OXA-78	5	79.780000	81.520000	103.000000
RW_4	ARO:3001646	OXA-98	75	75.692000	77.921333	108.000000
RW_4	ARO:3001647	OXA-97	1057	98.146547	94.472658	109.000000
RW_4	ARO:3001648	OXA-128	10	63.370000	66.120000	95.500000
RW_4	ARO:3001649	OXA-99	152	70.990132	77.276974	107.000000
RW_4	ARO:3001650	OXA-90	208	72.056250	79.673077	106.000000
RW_4	ARO:3001651	OXA-130	174	71.377586	79.167816	106.000000
RW_4	ARO:3001652	OXA-131	62	72.009677	81.716129	89.700000
RW_4	ARO:3001653	OXA-132	2	90.000000	99.800000	111.000000
RW_4	ARO:3001654	OXA-143	137	72.760584	78.182482	100.000000
RW_4	ARO:3001655	OXA-138	17	76.470588	85.252941	108.000000
RW_4	ARO:3001656	OXA-172	68	72.158824	81.772059	106.000000
RW_4	ARO:3001657	OXA-173	60	72.826667	82.973333	89.700000
RW_4	ARO:3001658	OXA-174	84	71.502381	80.704762	108.000000
RW_4	ARO:3001659	OXA-175	14	76.100000	82.685714	108.000000
RW_4	ARO:3001660	OXA-176	4	62.475000	63.850000	108.000000
RW_4	ARO:3001662	OXA-164	1057	98.117786	94.277862	107.000000
RW_4	ARO:3001663	OXA-160	51	74.358824	79.054902	105.000000
RW_4	ARO:3001664	OXA-203	3	75.533333	77.966667	103.000000
RW_4	ARO:3001665	OXA-200	7	62.214286	69.742857	80.100000
RW_4	ARO:3001666	OXA-201	3	52.100000	53.800000	55.800000
RW_4	ARO:3001667	OXA-202	63	73.947619	77.893651	108.000000
RW_4	ARO:3001668	OXA-219	15	81.460000	86.566667	111.000000
RW_4	ARO:3001669	OXA-223	6	77.983333	83.066667	89.400000
RW_4	ARO:3001670	OXA-231	125	73.114400	78.295200	100.000000
RW_4	ARO:3001671	OXA-49	46	70.682609	76.632609	102.000000
RW_4	ARO:3001672	OXA-120	27	75.122222	78.966667	108.000000
RW_4	ARO:3001673	OXA-248	5	79.880000	86.040000	94.000000
RW_4	ARO:3001674	OXA-249	3	57.833333	61.533333	79.000000
RW_4	ARO:3001675	OXA-250	11	65.754545	72.145455	94.000000
RW_4	ARO:3001676	OXA-235	136	74.305882	76.704412	107.000000
RW_4	ARO:3001677	OXA-236	215	74.329302	76.983256	107.000000
RW_4	ARO:3001678	OXA-237	136	77.700000	79.584559	108.000000
RW_4	ARO:3001679	OXA-241	2	85.100000	92.100000	111.000000
RW_4	ARO:3001680	OXA-242	13	88.869231	94.569231	107.000000
RW_4	ARO:3001681	OXA-278	80	76.281250	74.043750	104.000000
RW_4	ARO:3001682	OXA-254	3	52.100000	53.800000	55.800000
RW_4	ARO:3001683	OXA-312	9	75.600000	80.722222	111.000000
RW_4	ARO:3001684	OXA-313	13	69.746154	74.376923	111.000000
RW_4	ARO:3001685	OXA-314	5	93.620000	97.720000	111.000000
RW_4	ARO:3001686	OXA-315	3	94.566667	96.066667	106.000000
RW_4	ARO:3001687	OXA-316	71	73.650704	85.073239	106.000000
RW_4	ARO:3001688	OXA-317	119	71.279832	75.662185	103.000000
RW_4	ARO:3001689	OXA-253	196	68.846429	72.198980	100.000000
RW_4	ARO:3001690	OXA-255	111	70.984685	76.464865	100.000000
RW_4	ARO:3001691	OXA-228	402	72.193532	75.784577	105.000000
RW_4	ARO:3001692	OXA-229	417	72.255635	76.470264	105.000000
RW_4	ARO:3001693	OXA-230	279	72.238710	75.700717	105.000000
RW_4	ARO:3001694	OXA-257	465	71.204731	72.168387	105.000000
RW_4	ARO:3001695	OXA-134	201	82.770149	84.937313	102.000000
RW_4	ARO:3001702	OXA-133	57	56.933333	60.614035	81.300000
RW_4	ARO:3001703	OXA-86	9	67.711111	72.888889	104.000000
RW_4	ARO:3001704	OXA-87	108	71.103704	76.230556	104.000000
RW_4	ARO:3001705	OXA-72	57	75.482456	80.717544	105.000000
RW_4	ARO:3001707	OXA-103	45	56.062222	59.437778	108.000000
RW_4	ARO:3001709	OXA-182	208	67.243269	69.954808	100.000000
RW_4	ARO:3001710	OXA-211	1010	88.870099	86.256139	113.000000
RW_4	ARO:3001711	OXA-212	962	88.826715	86.400936	113.000000
RW_4	ARO:3001712	OXA-213	16	75.625000	80.681250	95.100000
RW_4	ARO:3001713	OXA-214	95	56.343158	59.744211	70.100000
RW_4	ARO:3001714	OXA-215	99	56.288889	59.668687	70.100000
RW_4	ARO:3001717	OXA-261	6	69.716667	74.916667	94.400000
RW_4	ARO:3001718	OXA-262	6	66.633333	72.850000	111.000000
RW_4	ARO:3001719	OXA-263	17	68.617647	73.376471	79.000000
RW_4	ARO:3001720	OXA-264	77	56.264935	59.901299	70.100000
RW_4	ARO:3001721	OXA-265	22	49.100000	51.263636	69.700000
RW_4	ARO:3001722	OXA-266	128	69.351562	75.673438	92.400000
RW_4	ARO:3001723	OXA-267	119	79.184034	83.633613	96.700000
RW_4	ARO:3001724	OXA-268	130	78.678462	82.901538	94.000000
RW_4	ARO:3001725	OXA-269	12	70.991667	70.858333	91.300000
RW_4	ARO:3001726	OXA-270	27	62.044444	59.662963	107.000000
RW_4	ARO:3001727	OXA-271	17	64.970588	53.223529	85.500000
RW_4	ARO:3001728	OXA-272	88	78.773864	81.978409	95.500000
RW_4	ARO:3001729	OXA-273	22	73.395455	74.727273	82.000000
RW_4	ARO:3001730	OXA-274	464	74.254310	77.315733	103.000000
RW_4	ARO:3001731	OXA-275	483	74.860663	77.948447	103.000000
RW_4	ARO:3001732	OXA-276	72	75.013889	72.479167	109.000000
RW_4	ARO:3001733	OXA-277	67	76.195522	73.594030	108.000000
RW_4	ARO:3001734	OXA-279	35	70.820000	68.560000	90.900000
RW_4	ARO:3001735	OXA-280	921	90.513572	87.149729	115.000000
RW_4	ARO:3001736	OXA-281	1002	89.642715	87.144311	112.000000
RW_4	ARO:3001737	OXA-282	112	78.740179	79.000000	102.000000
RW_4	ARO:3001738	OXA-283	102	79.563725	79.527451	102.000000
RW_4	ARO:3001739	OXA-284	121	77.977686	78.430579	101.000000
RW_4	ARO:3001740	OXA-285	50	76.386000	73.044000	102.000000
RW_4	ARO:3001741	OXA-286	106	65.780189	68.765094	98.200000
RW_4	ARO:3001742	OXA-287	114	66.524561	69.851754	98.200000
RW_4	ARO:3001743	OXA-288	81	64.253086	66.877778	98.200000
RW_4	ARO:3001744	OXA-289	60	70.111667	70.110000	90.900000
RW_4	ARO:3001745	OXA-290	46	68.189130	68.180435	89.400000
RW_4	ARO:3001746	OXA-291	51	60.445098	63.150980	98.200000
RW_4	ARO:3001747	OXA-292	49	58.953061	61.414286	98.200000
RW_4	ARO:3001748	OXA-293	97	61.870103	62.547423	95.500000
RW_4	ARO:3001749	OXA-294	136	64.227206	66.090441	92.400000
RW_4	ARO:3001750	OXA-295	121	62.933884	65.080165	87.400000
RW_4	ARO:3001751	OXA-296	204	70.056373	70.551961	95.500000
RW_4	ARO:3001752	OXA-297	47	68.700000	73.448936	92.400000
RW_4	ARO:3001753	OXA-298	44	68.777273	72.822727	91.300000
RW_4	ARO:3001754	OXA-299	184	75.676087	80.320652	107.000000
RW_4	ARO:3001755	OXA-300	261	71.356705	69.340996	104.000000
RW_4	ARO:3001756	OXA-301	322	72.921739	76.554658	105.000000
RW_4	ARO:3001757	OXA-302	58	68.075862	69.915517	98.200000
RW_4	ARO:3001758	OXA-303	84	64.870238	68.052381	98.200000
RW_4	ARO:3001759	OXA-304	55	73.550909	76.385455	108.000000
RW_4	ARO:3001760	OXA-305	38	74.915789	77.515789	108.000000
RW_4	ARO:3001761	OXA-306	112	61.075000	62.775893	98.200000
RW_4	ARO:3001762	OXA-307	32	61.631250	61.337500	96.300000
RW_4	ARO:3001763	OXA-308	169	67.889349	71.938462	105.000000
RW_4	ARO:3001764	OXA-63	309	49.849838	47.435599	99.800000
RW_4	ARO:3001765	OXA-136	356	49.977528	48.166292	106.000000
RW_4	ARO:3001766	OXA-192	348	50.487069	48.600000	106.000000
RW_4	ARO:3001767	OXA-137	354	49.790113	47.990960	106.000000
RW_4	ARO:3001768	OXA-118	1246	69.550722	73.886437	119.000000
RW_4	ARO:3001769	OXA-42	36	50.080556	52.880556	84.300000
RW_4	ARO:3001770	OXA-43	35	49.405714	51.145714	82.400000
RW_4	ARO:3001771	OXA-57	34	50.700000	53.173529	84.300000
RW_4	ARO:3001772	OXA-59	36	50.080556	52.891667	84.300000
RW_4	ARO:3001773	OXA-61	36	48.847222	45.013889	60.800000
RW_4	ARO:3001774	OXA-370	128	61.282031	62.232031	112.000000
RW_4	ARO:3001775	OXA-119	1331	70.316228	74.746582	119.000000
RW_4	ARO:3001776	OXA-162	186	57.485484	57.891398	109.000000
RW_4	ARO:3001777	OXA-347	515	66.443495	65.086408	109.000000
RW_4	ARO:3001778	OXA-232	242	59.224793	59.020661	109.000000
RW_4	ARO:3001779	OXA-146	5	53.080000	60.340000	100.000000
RW_4	ARO:3001780	OXA-85	413	45.886441	48.712591	82.800000
RW_4	ARO:3001781	OXA-47	726	94.462121	89.430716	113.000000
RW_4	ARO:3001782	OXA-48	152	60.528289	61.922368	114.000000
RW_4	ARO:3001783	OXA-163	856	53.591472	55.566238	109.000000
RW_4	ARO:3001784	OXA-181	239	59.999163	60.572385	114.000000
RW_4	ARO:3001785	OXA-73	58	62.462069	65.651724	108.000000
RW_4	ARO:3001786	OXA-244	159	60.051572	59.894969	109.000000
RW_4	ARO:3001787	OXA-245	127	61.529134	62.839370	114.000000
RW_4	ARO:3001788	OXA-204	192	58.433333	59.533333	114.000000
RW_4	ARO:3001791	OXA-247	704	54.021875	54.047159	109.000000
RW_4	ARO:3001792	OXA-62	380	43.577632	44.060000	70.900000
RW_4	ARO:3001793	OXA-320	726	94.378099	89.599587	113.000000
RW_4	ARO:3001794	OXA-45	27	53.055556	54.070370	86.300000
RW_4	ARO:3001795	OXA-56	883	89.829558	85.274858	107.000000
RW_4	ARO:3001796	OXA-50	115	51.819130	54.968696	82.400000
RW_4	ARO:3001797	OXA-46	1213	68.122424	71.255977	117.000000
RW_4	ARO:3001798	OXA-74	1883	96.705364	90.717685	111.000000
RW_4	ARO:3001799	OXA-161	2172	76.550829	78.220856	117.000000
RW_4	ARO:3001800	OXA-226	1788	78.811801	79.821700	117.000000
RW_4	ARO:3001801	OXA-147	678	87.276696	82.756637	112.000000
RW_4	ARO:3001802	OXA-141	2007	77.160289	78.213403	117.000000
RW_4	ARO:3001803	OXA-142	1386	98.519481	90.194805	111.000000
RW_4	ARO:3001804	OXA-145	839	89.136472	86.517759	112.000000
RW_4	ARO:3001805	OXA-198	1286	55.201400	59.362364	98.200000
RW_4	ARO:3001806	OXA-224	728	94.263599	89.347665	113.000000
RW_4	ARO:3001807	OXA-246	1982	94.466044	88.458325	111.000000
RW_4	ARO:3001808	OXA-60	141	45.136879	48.766667	95.500000
RW_4	ARO:3001809	OXA-209	641	59.630577	59.910452	108.000000
RW_4	ARO:3001810	OXA-53	973	73.307605	78.257143	117.000000
RW_4	ARO:3001811	OXA-129	260	83.494615	80.681538	110.000000
RW_4	ARO:3001812	OXA-54	254	50.291339	50.974803	107.000000
RW_4	ARO:3001813	OXA-55	171	46.447953	49.580117	98.200000
RW_4	ARO:3001814	OXA-199	268	55.419403	56.796642	114.000000
RW_4	ARO:3001815	ACC-1	955	56.402932	56.066492	77.400000
RW_4	ARO:3001816	ACC-2	691	56.107959	55.881042	77.400000
RW_4	ARO:3001817	ACC-3	918	55.912854	56.876471	75.500000
RW_4	ARO:3001818	ACC-4	941	56.320298	55.879490	77.400000
RW_4	ARO:3001819	ACC-5	896	56.432813	56.020089	77.400000
RW_4	ARO:3001821	ACT-1	159	76.927673	77.701258	113.000000
RW_4	ARO:3001822	ACT-2	129	81.519380	80.152713	113.000000
RW_4	ARO:3001823	ACT-3	112	84.916071	82.810714	112.000000
RW_4	ARO:3001824	ACT-5	74	61.578378	60.510811	107.000000
RW_4	ARO:3001825	ACT-6	106	93.279245	91.998113	111.000000
RW_4	ARO:3001827	ACT-16	270	56.724815	55.958889	109.000000
RW_4	ARO:3001828	ACT-23	83	62.514458	61.550602	107.000000
RW_4	ARO:3001829	ACT-4	153	79.936601	78.394771	113.000000
RW_4	ARO:3001830	ACT-7	225	63.367556	62.109333	109.000000
RW_4	ARO:3001831	ACT-8	114	87.697368	86.291228	112.000000
RW_4	ARO:3001832	ACT-10	95	82.121053	80.772632	109.000000
RW_4	ARO:3001834	ACT-12	118	72.465254	68.219492	104.000000
RW_4	ARO:3001835	ACT-13	116	87.556897	84.568103	111.000000
RW_4	ARO:3001836	ACT-14	103	63.450485	62.951456	107.000000
RW_4	ARO:3001837	ACT-15	295	60.648136	59.353898	109.000000
RW_4	ARO:3001838	ACT-17	272	62.046691	60.589706	109.000000
RW_4	ARO:3001839	ACT-18	98	64.751020	64.357143	107.000000
RW_4	ARO:3001840	ACT-19	120	60.121667	60.572500	107.000000
RW_4	ARO:3001841	ACT-20	236	57.696186	56.399153	109.000000
RW_4	ARO:3001842	ACT-21	83	63.790361	63.383133	107.000000
RW_4	ARO:3001843	ACT-22	120	61.361667	58.491667	107.000000
RW_4	ARO:3001844	ACT-24	60	66.118333	66.168333	107.000000
RW_4	ARO:3001845	ACT-25	259	56.969884	55.849035	109.000000
RW_4	ARO:3001847	ACT-27	284	60.429577	58.783803	108.000000
RW_4	ARO:3001848	ACT-28	153	85.460131	83.263399	112.000000
RW_4	ARO:3001849	ACT-29	140	85.997857	86.315000	111.000000
RW_4	ARO:3001850	ACT-30	183	56.640984	53.622951	109.000000
RW_4	ARO:3001851	ACT-31	246	57.041057	55.807724	109.000000
RW_4	ARO:3001852	ACT-32	119	63.844538	64.370588	109.000000
RW_4	ARO:3001853	ACT-33	87	69.086207	70.432184	109.000000
RW_4	ARO:3001854	ACT-34	80	81.307500	76.912500	113.000000
RW_4	ARO:3001855	ACT-35	145	60.733103	59.662759	109.000000
RW_4	ARO:3001856	CFE-1	174	73.330460	75.214368	106.000000
RW_4	ARO:3001857	LAT-1	10	86.940000	93.590000	108.000000
RW_4	ARO:3001858	IMI-1	38	48.439474	46.315789	81.300000
RW_4	ARO:3001859	IMI-2	49	47.500000	46.051020	81.300000
RW_4	ARO:3001860	IMI-3	41	48.575610	46.990244	81.600000
RW_4	ARO:3001861	IMI-4	15	55.260000	53.393333	81.300000
RW_4	ARO:3001862	IMI-5	24	49.941667	47.058333	57.000000
RW_4	ARO:3001863	IMI-6	27	49.074074	47.107407	81.600000
RW_4	ARO:3001864	CTX-M-1	60	84.091667	77.810000	102.000000
RW_4	ARO:3001865	CTX-M-2	140	69.965000	68.869286	104.000000
RW_4	ARO:3001866	CTX-M-3	70	97.028571	88.930000	102.000000
RW_4	ARO:3001867	CTX-M-4	137	67.610219	66.202920	101.000000
RW_4	ARO:3001868	CTX-M-5	113	69.671681	68.142478	100.000000
RW_4	ARO:3001869	CTX-M-6	127	66.574803	64.766929	101.000000
RW_4	ARO:3001870	CTX-M-7	133	66.634586	65.067669	101.000000
RW_4	ARO:3001871	CTX-M-8	47	65.817021	63.595745	103.000000
RW_4	ARO:3001872	CTX-M-9	90	65.687778	63.314444	97.100000
RW_4	ARO:3001873	CTX-M-10	42	57.695238	49.259524	102.000000
RW_4	ARO:3001874	CTX-M-11	69	79.656522	74.579710	102.000000
RW_4	ARO:3001875	CTX-M-12	6	71.833333	69.116667	102.000000
RW_4	ARO:3001876	CTX-M-13	11	79.981818	77.554545	108.000000
RW_4	ARO:3001877	CTX-M-14	42	72.145238	70.980952	108.000000
RW_4	ARO:3001878	CTX-M-15	9	100.000000	102.377778	107.000000
RW_4	ARO:3001879	CTX-M-16	8	62.775000	66.737500	101.000000
RW_4	ARO:3001880	CTX-M-17	2	100.000000	105.000000	108.000000
RW_4	ARO:3001881	CTX-M-19	72	65.777778	63.331944	108.000000
RW_4	ARO:3001882	CTX-M-20	181	67.228729	66.147514	104.000000
RW_4	ARO:3001883	CTX-M-21	20	71.335000	71.055000	108.000000
RW_4	ARO:3001884	CTX-M-22	80	93.172500	87.336250	102.000000
RW_4	ARO:3001885	CTX-M-23	13	61.384615	60.246154	102.000000
RW_4	ARO:3001886	CTX-M-24	102	66.588235	64.575490	97.100000
RW_4	ARO:3001887	CTX-M-25	51	64.327451	65.627451	96.700000
RW_4	ARO:3001888	CTX-M-26	36	58.597222	58.836111	96.700000
RW_4	ARO:3001889	CTX-M-27	34	68.905882	73.514706	101.000000
RW_4	ARO:3001890	CTX-M-28	85	93.027059	88.400000	107.000000
RW_4	ARO:3001891	CTX-M-29	16	78.781250	81.775000	107.000000
RW_4	ARO:3001892	CTX-M-30	66	91.613636	86.118182	102.000000
RW_4	ARO:3001893	CTX-M-31	149	67.151007	66.326174	104.000000
RW_4	ARO:3001894	CTX-M-32	19	75.021053	76.868421	107.000000
RW_4	ARO:3001895	CTX-M-33	76	91.423684	82.997368	107.000000
RW_4	ARO:3001896	CTX-M-34	96	80.385417	71.812500	102.000000
RW_4	ARO:3001897	CTX-M-35	107	66.259813	65.588785	104.000000
RW_4	ARO:3001898	CTX-M-36	70	88.330000	82.148571	102.000000
RW_4	ARO:3001899	CTX-M-37	41	55.758537	48.265854	102.000000
RW_4	ARO:3001900	CTX-M-38	144	63.775694	61.245139	108.000000
RW_4	ARO:3001901	CTX-M-39	30	58.296667	57.030000	96.700000
RW_4	ARO:3001902	CTX-M-40	39	67.387179	65.341026	103.000000
RW_4	ARO:3001903	CTX-M-41	60	60.556667	61.463333	96.700000
RW_4	ARO:3001904	CTX-M-42	86	90.509302	81.347674	102.000000
RW_4	ARO:3001905	CTX-M-43	132	69.843182	69.770455	100.000000
RW_4	ARO:3001906	CTX-M-44	142	68.448592	67.369014	104.000000
RW_4	ARO:3001907	CTX-M-45	52	65.842308	64.778846	108.000000
RW_4	ARO:3001908	CTX-M-46	8	73.587500	76.225000	108.000000
RW_4	ARO:3001909	CTX-M-47	70	69.485714	68.327143	108.000000
RW_4	ARO:3001910	CTX-M-48	57	66.975439	66.333333	108.000000
RW_4	ARO:3001911	CTX-M-49	53	69.718868	68.471698	108.000000
RW_4	ARO:3001912	CTX-M-50	77	68.893506	67.842857	108.000000
RW_4	ARO:3001913	CTX-M-51	4	62.275000	61.150000	87.000000
RW_4	ARO:3001914	CTX-M-52	38	93.981579	81.723684	102.000000
RW_4	ARO:3001915	CTX-M-53	96	63.357292	61.160417	107.000000
RW_4	ARO:3001916	CTX-M-54	72	96.327778	86.566667	102.000000
RW_4	ARO:3001917	CTX-M-55	86	91.790698	85.115116	107.000000
RW_4	ARO:3001918	CTX-M-56	192	66.604167	65.838542	104.000000
RW_4	ARO:3001919	CTX-M-58	55	80.447273	72.920000	102.000000
RW_4	ARO:3001920	CTX-M-59	125	70.810400	69.587200	104.000000
RW_4	ARO:3001921	CTX-M-60	21	92.209524	90.038095	102.000000
RW_4	ARO:3001922	CTX-M-61	55	94.396364	83.509091	102.000000
RW_4	ARO:3001923	CTX-M-62	2	100.000000	102.000000	102.000000
RW_4	ARO:3001924	CTX-M-63	40	66.810000	64.990000	103.000000
RW_4	ARO:3001925	CTX-M-64	76	78.478947	74.076316	105.000000
RW_4	ARO:3001926	CTX-M-65	73	69.446575	67.428767	97.100000
RW_4	ARO:3001927	CTX-M-66	15	91.720000	79.106667	102.000000
RW_4	ARO:3001928	CTX-M-67	9	74.877778	77.000000	108.000000
RW_4	ARO:3001929	CTX-M-68	60	92.158333	84.216667	102.000000
RW_4	ARO:3001930	CTX-M-69	94	83.696809	80.903191	107.000000
RW_4	ARO:3001932	CTX-M-71	31	99.703226	90.032258	102.000000
RW_4	ARO:3001933	CTX-M-72	7	82.985714	79.771429	102.000000
RW_4	ARO:3001934	CTX-M-73	9	55.744444	50.688889	57.000000
RW_4	ARO:3001935	CTX-M-74	81	71.166667	70.065432	104.000000
RW_4	ARO:3001936	CTX-M-75	119	70.534454	69.924370	104.000000
RW_4	ARO:3001937	CTX-M-76	172	67.300581	66.098256	101.000000
RW_4	ARO:3001938	CTX-M-77	134	68.250746	66.911940	105.000000
RW_4	ARO:3001939	CTX-M-78	33	66.654545	64.045455	100.000000
RW_4	ARO:3001940	CTX-M-79	17	76.500000	79.205882	107.000000
RW_4	ARO:3001941	CTX-M-80	57	94.366667	87.784211	102.000000
RW_4	ARO:3001942	CTX-M-81	64	66.400000	64.585937	108.000000
RW_4	ARO:3001943	CTX-M-82	105	84.802857	79.728571	107.000000
RW_4	ARO:3001945	CTX-M-84	7	76.957143	77.542857	108.000000
RW_4	ARO:3001946	CTX-M-86	26	71.484615	70.865385	108.000000
RW_4	ARO:3001947	CTX-M-87	28	73.935714	72.378571	108.000000
RW_4	ARO:3001948	CTX-M-88	100	89.300000	84.726000	107.000000
RW_4	ARO:3001949	CTX-M-89	12	73.566667	69.900000	96.700000
RW_4	ARO:3001950	CTX-M-90	4	86.550000	87.825000	108.000000
RW_4	ARO:3001951	CTX-M-91	21	70.047619	66.552381	97.100000
RW_4	ARO:3001952	CTX-M-92	97	71.246392	70.425773	104.000000
RW_4	ARO:3001953	CTX-M-93	47	70.544681	73.344681	101.000000
RW_4	ARO:3001954	CTX-M-94	67	60.750746	61.955224	96.700000
RW_4	ARO:3001955	CTX-M-95	133	68.928571	67.454887	106.000000
RW_4	ARO:3001956	CTX-M-96	43	94.181395	93.393023	107.000000
RW_4	ARO:3001957	CTX-M-98	94	68.635106	68.868085	101.000000
RW_4	ARO:3001958	CTX-M-99	21	71.671429	67.657143	96.700000
RW_4	ARO:3001959	CTX-M-100	58	59.875862	61.156897	96.700000
RW_4	ARO:3001960	CTX-M-101	107	88.394393	82.834579	107.000000
RW_4	ARO:3001961	CTX-M-102	59	69.267797	69.576271	101.000000
RW_4	ARO:3001962	CTX-M-103	42	99.207143	90.069048	102.000000
RW_4	ARO:3001963	CTX-M-104	1	46.900000	52.800000	52.800000
RW_4	ARO:3001965	CTX-M-105	34	67.170588	69.823529	101.000000
RW_4	ARO:3001966	CTX-M-106	100	66.110000	63.233000	97.100000
RW_4	ARO:3001967	CTX-M-107	75	89.456000	86.333333	102.000000
RW_4	ARO:3001968	CTX-M-108	88	82.620455	82.601136	107.000000
RW_4	ARO:3001969	CTX-M-109	84	84.285714	84.298810	107.000000
RW_4	ARO:3001971	CTX-M-111	2	100.000000	105.000000	108.000000
RW_4	ARO:3001972	CTX-M-112	107	66.483178	64.655140	108.000000
RW_4	ARO:3001973	CTX-M-113	42	67.692857	66.340476	108.000000
RW_4	ARO:3001974	CTX-M-114	73	96.980822	89.347945	107.000000
RW_4	ARO:3001975	CTX-M-115	125	69.911200	68.763200	104.000000
RW_4	ARO:3001976	CTX-M-116	11	62.763636	63.327273	102.000000
RW_4	ARO:3001977	CTX-M-117	93	89.872043	82.772043	107.000000
RW_4	ARO:3001980	CTX-M-121	135	66.845185	66.093333	101.000000
RW_4	ARO:3001981	CTX-M-122	83	66.866265	64.650602	97.400000
RW_4	ARO:3001982	CTX-M-123	142	78.013380	74.583803	102.000000
RW_4	ARO:3001983	CTX-M-124	159	68.059748	67.072956	104.000000
RW_4	ARO:3001984	CTX-M-125	99	66.464646	64.423232	97.100000
RW_4	ARO:3001985	CTX-M-126	69	65.586957	63.126087	108.000000
RW_4	ARO:3001986	CTX-M-127	3	100.000000	103.666667	105.000000
RW_4	ARO:3001988	CTX-M-129	20	65.515000	69.500000	101.000000
RW_4	ARO:3001989	CTX-M-130	107	66.336449	63.915888	97.100000
RW_4	ARO:3001990	CTX-M-131	199	66.791457	66.804523	100.000000
RW_4	ARO:3001991	CTX-M-132	45	95.973333	85.366667	107.000000
RW_4	ARO:3001992	CTX-M-134	10	61.210000	63.580000	99.000000
RW_4	ARO:3001994	CTX-M-137	87	74.633333	71.282759	107.000000
RW_4	ARO:3001995	CTX-M-136	5	77.000000	74.780000	102.000000
RW_4	ARO:3001996	CTX-M-138	1	73.500000	70.500000	70.500000
RW_4	ARO:3001997	CTX-M-139	78	95.362821	89.669231	107.000000
RW_4	ARO:3001998	CTX-M-140	1	85.700000	84.000000	84.000000
RW_4	ARO:3001999	CTX-M-141	103	68.944660	68.371845	104.000000
RW_4	ARO:3002000	CTX-M-142	80	93.855000	88.520000	107.000000
RW_4	ARO:3002002	CTX-M-144	19	79.857895	80.315789	107.000000
RW_4	ARO:3002004	CTX-M-146	8	55.875000	58.687500	76.300000
RW_4	ARO:3002005	CTX-M-147	50	69.028000	66.382000	108.000000
RW_4	ARO:3002006	CTX-M-148	1	62.800000	55.500000	55.500000
RW_4	ARO:3002008	CTX-M-151	163	56.681595	52.771166	82.000000
RW_4	ARO:3002009	CTX-M-152	30	61.666667	59.980000	99.400000
RW_4	ARO:3002010	CTX-M-153	45	63.242222	67.228889	89.000000
RW_4	ARO:3002011	CTX-M-154	2	64.350000	55.650000	67.000000
RW_4	ARO:3002012	CMY-1	1649	79.159915	77.875197	108.000000
RW_4	ARO:3002013	CMY-2	379	93.727441	94.028496	114.000000
RW_4	ARO:3002015	CMY-4	489	90.949080	91.360736	114.000000
RW_4	ARO:3002016	CMY-5	6	76.500000	75.066667	111.000000
RW_4	ARO:3002017	CMY-6	32	98.243750	101.746875	106.000000
RW_4	ARO:3002018	CMY-7	9	88.766667	95.577778	111.000000
RW_4	ARO:3002019	CMY-8	1220	77.644262	75.708770	108.000000
RW_4	ARO:3002020	CMY-9	1267	77.965825	76.624546	108.000000
RW_4	ARO:3002021	CMY-10	1491	79.412140	78.012810	108.000000
RW_4	ARO:3002022	CMY-11	1378	79.096009	77.752177	108.000000
RW_4	ARO:3002023	CMY-12	66	83.434848	81.793939	108.000000
RW_4	ARO:3002024	CMY-13	244	86.709016	87.796311	111.000000
RW_4	ARO:3002025	CMY-14	188	89.681915	95.792021	114.000000
RW_4	ARO:3002026	CMY-15	62	85.229032	82.829032	108.000000
RW_4	ARO:3002027	CMY-16	28	93.589286	99.107143	108.000000
RW_4	ARO:3002028	CMY-17	109	97.901835	105.432110	114.000000
RW_4	ARO:3002029	CMY-18	2	36.050000	39.450000	40.800000
RW_4	ARO:3002030	CMY-19	1055	77.150900	75.034882	108.000000
RW_4	ARO:3002031	CMY-20	519	85.232948	87.008478	111.000000
RW_4	ARO:3002032	CMY-21	408	88.301716	87.809804	114.000000
RW_4	ARO:3002033	CMY-22	13	98.461538	106.384615	111.000000
RW_4	ARO:3002034	CMY-23	148	94.404054	101.816892	114.000000
RW_4	ARO:3002035	CMY-24	262	93.778244	96.979008	114.000000
RW_4	ARO:3002036	CMY-25	465	90.490108	89.116774	111.000000
RW_4	ARO:3002037	CMY-26	196	48.916837	48.595918	102.000000
RW_4	ARO:3002038	CMY-27	307	94.329642	95.847231	114.000000
RW_4	ARO:3002039	CMY-28	370	88.778378	89.170811	114.000000
RW_4	ARO:3002040	CMY-29	356	88.378371	86.570225	111.000000
RW_4	ARO:3002041	CMY-30	19	97.263158	105.247368	110.000000
RW_4	ARO:3002042	CMY-31	7	98.000000	106.571429	108.000000
RW_4	ARO:3002043	CMY-32	230	94.202609	100.243043	114.000000
RW_4	ARO:3002044	CMY-33	573	86.160035	86.038569	114.000000
RW_4	ARO:3002045	CMY-34	37	76.340541	85.756757	111.000000
RW_4	ARO:3002046	CMY-35	415	89.960723	89.652771	114.000000
RW_4	ARO:3002047	CMY-36	1	100.000000	105.000000	105.000000
RW_4	ARO:3002048	CMY-37	26	65.834615	68.761538	108.000000
RW_4	ARO:3002049	CMY-38	61	84.426230	82.057377	108.000000
RW_4	ARO:3002050	CMY-39	282	80.885816	82.091844	109.000000
RW_4	ARO:3002051	CMY-40	132	87.823485	84.687879	108.000000
RW_4	ARO:3002052	CMY-41	72	75.479167	75.465278	109.000000
RW_4	ARO:3002053	CMY-42	580	86.339655	86.243103	114.000000
RW_4	ARO:3002054	CMY-43	282	91.250355	92.087589	114.000000
RW_4	ARO:3002055	CMY-44	589	85.810187	85.736333	114.000000
RW_4	ARO:3002056	CMY-45	31	96.809677	101.116129	108.000000
RW_4	ARO:3002057	CMY-46	65	67.501538	73.946154	107.000000
RW_4	ARO:3002058	CMY-47	124	61.515323	69.810484	109.000000
RW_4	ARO:3002059	CMY-48	285	82.839298	83.112982	109.000000
RW_4	ARO:3002060	CMY-49	49	69.828571	76.079592	108.000000
RW_4	ARO:3002061	CMY-50	79	65.688608	70.522785	109.000000
RW_4	ARO:3002062	CMY-51	174	79.002874	80.816667	109.000000
RW_4	ARO:3002064	CMY-53	47	90.410638	92.625532	111.000000
RW_4	ARO:3002066	CMY-55	594	85.183838	84.560943	114.000000
RW_4	ARO:3002067	CMY-56	541	87.429575	87.026802	114.000000
RW_4	ARO:3002068	CMY-57	1	63.000000	71.200000	71.200000
RW_4	ARO:3002069	CMY-59	71	86.004225	65.653521	100.000000
RW_4	ARO:3002070	CMY-99	30	92.180000	97.636667	108.000000
RW_4	ARO:3002071	CMY-110	188	87.144681	88.682447	109.000000
RW_4	ARO:3002072	CMY-58	204	93.844118	100.290196	114.000000
RW_4	ARO:3002073	CMY-60	411	90.124818	89.389538	114.000000
RW_4	ARO:3002074	CMY-61	564	87.476241	90.517908	114.000000
RW_4	ARO:3002075	CMY-62	18	98.888889	104.233333	111.000000
RW_4	ARO:3002076	CMY-63	93	69.345161	74.924731	107.000000
RW_4	ARO:3002077	CMY-64	84	64.250000	64.035714	107.000000
RW_4	ARO:3002078	CMY-65	275	78.501455	82.777818	109.000000
RW_4	ARO:3002079	CMY-66	70	78.044286	76.675714	109.000000
RW_4	ARO:3002080	CMY-67	46	75.843478	80.328261	109.000000
RW_4	ARO:3002081	CMY-68	130	60.566923	69.300000	109.000000
RW_4	ARO:3002082	CMY-69	180	94.020556	100.714444	114.000000
RW_4	ARO:3002083	CMY-70	230	76.942609	75.166087	106.000000
RW_4	ARO:3002084	CMY-71	200	79.425000	83.455000	107.000000
RW_4	ARO:3002085	CMY-72	85	63.014118	68.195294	108.000000
RW_4	ARO:3002086	CMY-73	63	53.973016	54.085714	108.000000
RW_4	ARO:3002087	CMY-74	97	70.330928	75.082474	106.000000
RW_4	ARO:3002088	CMY-75	132	68.430303	76.279545	109.000000
RW_4	ARO:3002089	CMY-76	14	76.200000	82.757143	109.000000
RW_4	ARO:3002090	CMY-77	91	73.591209	78.871429	107.000000
RW_4	ARO:3002091	CMY-78	29	69.110345	66.162069	107.000000
RW_4	ARO:3002092	CMY-79	255	81.967451	81.154118	109.000000
RW_4	ARO:3002093	CMY-80	303	53.332343	51.958086	107.000000
RW_4	ARO:3002094	CMY-81	58	61.962069	63.982759	109.000000
RW_4	ARO:3002095	CMY-82	78	70.202564	74.992308	106.000000
RW_4	ARO:3002096	CMY-83	142	79.060563	77.849296	106.000000
RW_4	ARO:3002097	CMY-84	31	74.070968	79.687097	107.000000
RW_4	ARO:3002098	CMY-85	162	91.880864	90.515432	109.000000
RW_4	ARO:3002099	CMY-86	79	71.227848	76.530380	107.000000
RW_4	ARO:3002100	CMY-87	48	70.256250	73.320833	109.000000
RW_4	ARO:3002102	CMY-89	162	69.109877	74.564815	108.000000
RW_4	ARO:3002103	CMY-90	55	70.889091	67.678182	107.000000
RW_4	ARO:3002106	CMY-93	77	68.168831	73.405195	106.000000
RW_4	ARO:3002107	CMY-94	59	94.700000	100.652542	111.000000
RW_4	ARO:3002108	CMY-95	389	89.793830	89.501028	114.000000
RW_4	ARO:3002109	CMY-96	40	66.235000	72.300000	107.000000
RW_4	ARO:3002110	CMY-97	5	94.000000	97.560000	107.000000
RW_4	ARO:3002111	CMY-98	131	72.719847	77.100763	106.000000
RW_4	ARO:3002112	CMY-100	156	79.114744	77.195513	105.000000
RW_4	ARO:3002113	CMY-101	82	70.279268	74.575610	106.000000
RW_4	ARO:3002114	CMY-102	84	88.048810	94.880952	111.000000
RW_4	ARO:3002115	CMY-103	45	78.413333	79.757778	109.000000
RW_4	ARO:3002116	CMY-104	203	75.949754	76.481773	108.000000
RW_4	ARO:3002117	CMY-105	381	74.771654	77.588451	109.000000
RW_4	ARO:3002118	CMY-106	70	74.665714	80.655714	108.000000
RW_4	ARO:3002120	CMY-108	50	68.044000	75.590000	107.000000
RW_4	ARO:3002121	CMY-109	80	63.327500	59.001250	107.000000
RW_4	ARO:3002123	CMY-112	54	77.242593	80.946296	109.000000
RW_4	ARO:3002124	CMY-113	123	69.955285	70.690244	109.000000
RW_4	ARO:3002125	CMY-114	343	79.042566	77.277259	109.000000
RW_4	ARO:3002126	CMY-115	93	65.046237	59.980645	109.000000
RW_4	ARO:3002127	CMY-116	109	86.475229	81.479817	109.000000
RW_4	ARO:3002128	CMY-117	48	76.900000	71.831250	109.000000
RW_4	ARO:3002129	CMY-118	255	88.032549	86.329412	109.000000
RW_4	ARO:3002130	CMY-119	90	70.283333	76.214444	108.000000
RW_4	ARO:3002132	DHA-1	526	71.765589	71.571103	113.000000
RW_4	ARO:3002133	DHA-2	567	67.695062	67.611817	113.000000
RW_4	ARO:3002134	DHA-3	299	77.770569	75.412040	113.000000
RW_4	ARO:3002135	DHA-6	491	71.855804	71.391446	113.000000
RW_4	ARO:3002136	DHA-7	506	70.015217	69.606324	113.000000
RW_4	ARO:3002137	DHA-4	307	78.484365	78.756678	113.000000
RW_4	ARO:3002138	DHA-5	432	72.429630	71.817361	113.000000
RW_4	ARO:3002140	DHA-9	247	82.186640	81.670445	113.000000
RW_4	ARO:3002141	DHA-10	554	67.757401	68.129061	113.000000
RW_4	ARO:3002143	DHA-12	518	64.359653	63.804247	110.000000
RW_4	ARO:3002144	DHA-13	588	69.464456	69.979252	113.000000
RW_4	ARO:3002145	DHA-14	417	76.035012	74.886811	113.000000
RW_4	ARO:3002146	DHA-15	462	73.882468	72.330303	113.000000
RW_4	ARO:3002147	DHA-16	487	64.397536	64.674333	113.000000
RW_4	ARO:3002148	DHA-17	497	70.184507	70.906237	113.000000
RW_4	ARO:3002149	DHA-18	366	72.310383	72.014208	113.000000
RW_4	ARO:3002150	DHA-19	445	69.028090	68.564045	113.000000
RW_4	ARO:3002151	DHA-20	481	70.964033	70.864449	113.000000
RW_4	ARO:3002152	DHA-21	527	71.326186	71.337381	113.000000
RW_4	ARO:3002153	DHA-22	479	67.832359	67.982672	113.000000
RW_4	ARO:3002154	DHA-23	426	75.674178	74.638263	113.000000
RW_4	ARO:3002155	FOX-1	428	70.496262	69.271963	110.000000
RW_4	ARO:3002156	FOX-2	393	68.780407	68.797201	109.000000
RW_4	ARO:3002157	FOX-3	291	72.131959	68.733333	110.000000
RW_4	ARO:3002158	FOX-4	348	70.246552	70.909483	111.000000
RW_4	ARO:3002159	FOX-5	341	69.631378	69.497067	112.000000
RW_4	ARO:3002160	FOX-7	401	70.803491	69.611721	110.000000
RW_4	ARO:3002161	FOX-8	244	71.600410	70.756148	110.000000
RW_4	ARO:3002162	FOX-10	325	72.892000	69.209846	110.000000
RW_4	ARO:3002163	FOX-9	230	75.666522	73.758696	106.000000
RW_4	ARO:3002165	FOX-12	440	70.519091	68.946591	110.000000
RW_4	ARO:3002166	MIR-1	107	87.091589	84.822430	108.000000
RW_4	ARO:3002167	MIR-4	155	83.487097	85.430968	112.000000
RW_4	ARO:3002168	MIR-2	206	80.525728	83.956796	112.000000
RW_4	ARO:3002169	MIR-3	212	80.173585	81.900943	112.000000
RW_4	ARO:3002170	MIR-5	215	81.546977	83.402326	112.000000
RW_4	ARO:3002171	MIR-6	164	83.768293	86.521341	112.000000
RW_4	ARO:3002172	MIR-7	87	84.986207	86.903448	112.000000
RW_4	ARO:3002174	MIR-9	184	84.210870	85.852717	112.000000
RW_4	ARO:3002175	MIR-10	153	86.201307	87.537255	112.000000
RW_4	ARO:3002176	MIR-11	160	84.416250	86.217500	112.000000
RW_4	ARO:3002177	MIR-12	191	83.254974	85.572251	112.000000
RW_4	ARO:3002178	MIR-13	150	83.085333	84.318000	109.000000
RW_4	ARO:3002179	MIR-14	87	83.424138	80.490805	108.000000
RW_4	ARO:3002180	MIR-15	182	84.478022	86.292857	112.000000
RW_4	ARO:3002181	MIR-16	208	82.606731	84.334615	112.000000
RW_4	ARO:3002182	MOX-1	1111	76.984698	74.854815	108.000000
RW_4	ARO:3002183	MOX-2	1456	84.308242	82.424313	108.000000
RW_4	ARO:3002184	MOX-4	1371	85.988913	84.317943	108.000000
RW_4	ARO:3002185	MOX-6	897	92.534894	93.362542	111.000000
RW_4	ARO:3002186	MOX-3	1512	83.650992	82.156746	108.000000
RW_4	ARO:3002188	MOX-5	892	93.163901	91.220067	109.000000
RW_4	ARO:3002189	MOX-7	1026	90.366082	88.472904	111.000000
RW_4	ARO:3002190	MOX-8	1297	89.677872	87.929915	108.000000
RW_4	ARO:3002191	MOX-9	593	70.808600	70.606239	105.000000
RW_4	ARO:3002192	IMP-1	23	61.865217	60.334783	110.000000
RW_4	ARO:3002193	IMP-2	39	58.274359	61.502564	100.000000
RW_4	ARO:3002194	IMP-3	14	56.700000	55.535714	110.000000
RW_4	ARO:3002195	IMP-4	34	48.188235	47.697059	101.000000
RW_4	ARO:3002196	IMP-5	35	54.428571	50.394286	102.000000
RW_4	ARO:3002197	IMP-6	16	59.668750	59.450000	110.000000
RW_4	ARO:3002198	IMP-7	29	56.655172	53.937931	102.000000
RW_4	ARO:3002199	IMP-8	37	60.097297	63.621622	100.000000
RW_4	ARO:3002200	IMP-9	17	53.105882	52.347059	89.000000
RW_4	ARO:3002201	IMP-10	16	58.906250	56.993750	110.000000
RW_4	ARO:3002202	IMP-11	18	66.127778	63.200000	103.000000
RW_4	ARO:3002203	IMP-12	33	54.930303	55.436364	89.700000
RW_4	ARO:3002204	IMP-13	31	45.441935	45.241935	82.800000
RW_4	ARO:3002205	IMP-14	39	41.658974	45.212821	84.700000
RW_4	ARO:3002206	IMP-15	33	56.078788	51.145455	109.000000
RW_4	ARO:3002207	IMP-16	14	67.521429	63.657143	97.400000
RW_4	ARO:3002208	IMP-17	5	64.560000	66.300000	82.800000
RW_4	ARO:3002209	IMP-18	27	54.381481	58.648148	84.000000
RW_4	ARO:3002210	IMP-19	37	59.440541	62.745946	100.000000
RW_4	ARO:3002211	IMP-20	34	59.767647	64.091176	100.000000
RW_4	ARO:3002212	IMP-21	15	64.420000	62.980000	103.000000
RW_4	ARO:3002213	IMP-22	14	68.428571	66.228571	101.000000
RW_4	ARO:3002214	IMP-23	23	70.834783	76.482609	100.000000
RW_4	ARO:3002215	IMP-24	34	59.820588	64.261765	100.000000
RW_4	ARO:3002216	IMP-25	17	67.664706	67.641176	110.000000
RW_4	ARO:3002217	IMP-26	35	49.497143	49.334286	105.000000
RW_4	ARO:3002218	IMP-27	21	58.714286	61.623810	103.000000
RW_4	ARO:3002219	IMP-28	31	52.441935	51.012903	102.000000
RW_4	ARO:3002220	IMP-29	23	59.973913	52.078261	101.000000
RW_4	ARO:3002221	IMP-30	16	60.412500	58.606250	110.000000
RW_4	ARO:3002222	IMP-31	37	39.916216	45.751351	96.700000
RW_4	ARO:3002223	IMP-32	29	42.213793	45.668966	84.700000
RW_4	ARO:3002224	IMP-33	37	47.343243	44.902703	82.800000
RW_4	ARO:3002225	IMP-34	15	59.293333	56.760000	110.000000
RW_4	ARO:3002226	IMP-35	34	37.473529	44.076471	78.600000
RW_4	ARO:3002228	IMP-37	23	44.134783	44.073913	82.800000
RW_4	ARO:3002229	IMP-38	35	47.242857	47.037143	101.000000
RW_4	ARO:3002230	IMP-39	13	59.684615	59.530769	99.000000
RW_4	ARO:3002231	IMP-40	16	58.906250	56.993750	110.000000
RW_4	ARO:3002232	IMP-41	15	64.420000	62.953333	103.000000
RW_4	ARO:3002233	IMP-42	23	61.173913	58.256522	110.000000
RW_4	ARO:3002234	IMP-43	32	57.150000	55.031250	102.000000
RW_4	ARO:3002235	IMP-44	15	62.593333	60.480000	99.800000
RW_4	ARO:3002236	IMP-45	20	52.150000	52.295000	89.000000
RW_4	ARO:3002237	IMP-46	44	42.904545	45.356818	86.300000
RW_4	ARO:3002239	IMP-48	41	42.239024	45.197561	84.700000
RW_4	ARO:3002240	CARB-1	437	74.697025	73.185355	108.000000
RW_4	ARO:3002241	CARB-2	430	75.465116	73.605814	108.000000
RW_4	ARO:3002242	CARB-3	379	78.881530	76.519525	108.000000
RW_4	ARO:3002243	CARB-4	383	72.316449	71.125326	102.000000
RW_4	ARO:3002244	CARB-5	918	69.116776	69.249891	111.000000
RW_4	ARO:3002245	CARB-6	413	73.860775	71.770460	108.000000
RW_4	ARO:3002246	CARB-7	485	66.986804	67.659588	103.000000
RW_4	ARO:3002247	CARB-8	885	69.853898	70.085311	111.000000
RW_4	ARO:3002248	CARB-9	504	66.441071	67.500595	102.000000
RW_4	ARO:3002249	CARB-10	902	69.151552	69.399557	111.000000
RW_4	ARO:3002250	CARB-12	408	75.312745	73.203922	108.000000
RW_4	ARO:3002252	CARB-14	906	69.366556	69.538631	111.000000
RW_4	ARO:3002254	CARB-17	293	59.344027	60.255631	77.400000
RW_4	ARO:3002255	CARB-16	899	69.638154	69.808788	111.000000
RW_4	ARO:3002256	IND-1	28	61.217857	66.800000	97.100000
RW_4	ARO:3002257	IND-2	45	55.333333	60.682222	95.500000
RW_4	ARO:3002258	IND-2a	44	55.481818	60.786364	95.500000
RW_4	ARO:3002259	IND-3	30	61.193333	66.346667	97.800000
RW_4	ARO:3002260	IND-4	87	49.805747	51.383908	100.000000
RW_4	ARO:3002261	IND-5	26	62.000000	67.107692	97.800000
RW_4	ARO:3002262	IND-6	21	63.033333	69.180952	95.100000
RW_4	ARO:3002263	IND-7	28	61.217857	66.825000	97.400000
RW_4	ARO:3002264	IND-8	23	63.373913	69.021739	95.900000
RW_4	ARO:3002265	IND-9	28	61.546429	66.967857	97.400000
RW_4	ARO:3002266	IND-10	26	63.173077	66.273077	95.900000
RW_4	ARO:3002267	IND-11	44	55.504545	60.502273	95.500000
RW_4	ARO:3002268	IND-12	45	55.333333	60.682222	95.500000
RW_4	ARO:3002269	IND-14	30	61.183333	66.413333	97.800000
RW_4	ARO:3002270	IND-15	37	55.513514	61.186486	95.500000
RW_4	ARO:3002271	VIM-1	9	54.477778	57.844444	102.000000
RW_4	ARO:3002272	VIM-2	23	63.995652	56.695652	102.000000
RW_4	ARO:3002273	VIM-3	9	72.388889	52.666667	102.000000
RW_4	ARO:3002274	VIM-4	9	61.288889	59.822222	102.000000
RW_4	ARO:3002275	VIM-5	20	59.365000	58.915000	102.000000
RW_4	ARO:3002276	VIM-6	23	63.995652	56.813043	102.000000
RW_4	ARO:3002277	VIM-7	14	50.257143	51.271429	61.600000
RW_4	ARO:3002278	VIM-8	24	63.316667	56.595833	102.000000
RW_4	ARO:3002279	VIM-9	8	75.350000	53.575000	102.000000
RW_4	ARO:3002280	VIM-10	8	74.462500	56.987500	102.000000
RW_4	ARO:3002281	VIM-11	21	65.604762	57.214286	102.000000
RW_4	ARO:3002282	VIM-12	22	58.150000	57.904545	102.000000
RW_4	ARO:3002283	VIM-13	8	52.200000	54.437500	63.500000
RW_4	ARO:3002284	VIM-14	5	59.960000	55.900000	102.000000
RW_4	ARO:3002285	VIM-15	8	69.100000	48.862500	64.300000
RW_4	ARO:3002286	VIM-16	22	64.722727	56.468182	102.000000
RW_4	ARO:3002287	VIM-17	21	58.076190	56.757143	102.000000
RW_4	ARO:3002288	VIM-18	23	63.239130	57.213043	102.000000
RW_4	ARO:3002289	VIM-19	17	60.852941	61.041176	102.000000
RW_4	ARO:3002290	VIM-20	28	61.607143	57.600000	102.000000
RW_4	ARO:3002293	VIM-23	23	61.721739	54.652174	100.000000
RW_4	ARO:3002294	VIM-24	9	67.466667	50.244444	62.800000
RW_4	ARO:3002295	VIM-25	21	58.761905	57.761905	102.000000
RW_4	ARO:3002296	VIM-26	24	56.441667	57.812500	102.000000
RW_4	ARO:3002297	VIM-27	16	61.943750	63.537500	102.000000
RW_4	ARO:3002298	VIM-28	21	57.757143	57.195238	102.000000
RW_4	ARO:3002299	VIM-29	36	54.313889	58.602778	102.000000
RW_4	ARO:3002300	VIM-30	22	64.722727	56.400000	102.000000
RW_4	ARO:3002301	VIM-31	26	60.715385	56.584615	100.000000
RW_4	ARO:3002302	VIM-32	9	48.655556	51.011111	70.100000
RW_4	ARO:3002303	VIM-33	8	55.450000	58.475000	102.000000
RW_4	ARO:3002304	VIM-34	24	52.141667	52.062500	102.000000
RW_4	ARO:3002305	VIM-35	25	55.820000	57.520000	102.000000
RW_4	ARO:3002306	VIM-36	9	72.111111	52.288889	102.000000
RW_4	ARO:3002307	VIM-37	22	57.345455	56.536364	102.000000
RW_4	ARO:3002308	VIM-38	23	57.626087	57.073913	102.000000
RW_4	ARO:3002309	VIM-39	9	54.477778	57.755556	102.000000
RW_4	ARO:3002310	VIM-40	3	51.533333	46.600000	53.900000
RW_4	ARO:3002311	VIM-41	6	75.733333	47.950000	57.800000
RW_4	ARO:3002313	KPC-3	15	92.520000	99.460000	113.000000
RW_4	ARO:3002314	KPC-4	39	68.566667	61.628205	104.000000
RW_4	ARO:3002315	KPC-5	22	94.900000	92.754545	113.000000
RW_4	ARO:3002316	KPC-6	28	64.067857	60.075000	104.000000
RW_4	ARO:3002317	KPC-7	6	73.166667	72.483333	104.000000
RW_4	ARO:3002318	KPC-8	35	62.882857	59.574286	104.000000
RW_4	ARO:3002319	KPC-9	96	66.410417	62.534375	104.000000
RW_4	ARO:3002320	KPC-10	19	86.510526	92.147368	113.000000
RW_4	ARO:3002321	KPC-11	23	93.852174	91.921739	113.000000
RW_4	ARO:3002322	KPC-12	11	99.818182	89.154545	113.000000
RW_4	ARO:3002323	KPC-13	3	81.833333	82.566667	104.000000
RW_4	ARO:3002324	KPC-14	102	68.389216	65.570588	104.000000
RW_4	ARO:3002325	KPC-15	29	57.889655	53.393103	70.900000
RW_4	ARO:3002326	KPC-16	44	70.713636	67.909091	113.000000
RW_4	ARO:3002327	KPC-17	27	56.937037	59.837037	104.000000
RW_4	ARO:3002328	KPC-18	2	100.000000	102.000000	102.000000
RW_4	ARO:3002329	KPC-19	15	92.520000	99.460000	113.000000
RW_4	ARO:3002330	GES-1	1391	95.534795	88.906111	113.000000
RW_4	ARO:3002331	GES-2	1395	94.404229	87.949964	113.000000
RW_4	ARO:3002332	GES-3	966	94.031884	84.152588	113.000000
RW_4	ARO:3002333	GES-4	1124	91.995463	83.662900	113.000000
RW_4	ARO:3002334	GES-5	1472	95.103125	88.993003	113.000000
RW_4	ARO:3002335	GES-6	1250	96.929600	89.440160	113.000000
RW_4	ARO:3002336	GES-7	1218	94.835796	86.966667	113.000000
RW_4	ARO:3002337	GES-8	1139	96.181124	88.393942	113.000000
RW_4	ARO:3002338	GES-9	1193	94.469321	85.925985	108.000000
RW_4	ARO:3002339	GES-10	707	94.671570	89.778218	113.000000
RW_4	ARO:3002340	GES-11	1189	94.629016	86.061060	108.000000
RW_4	ARO:3002341	GES-12	1195	93.101506	84.499665	108.000000
RW_4	ARO:3002342	GES-13	1348	91.037982	84.176632	113.000000
RW_4	ARO:3002343	GES-14	1433	92.707676	85.801535	108.000000
RW_4	ARO:3002344	GES-15	1213	97.151855	89.445754	113.000000
RW_4	ARO:3002345	GES-16	1215	93.918025	87.531934	113.000000
RW_4	ARO:3002346	GES-17	1010	93.902277	83.451089	108.000000
RW_4	ARO:3002347	GES-18	1190	96.294454	88.128992	113.000000
RW_4	ARO:3002348	GES-19	856	97.644276	92.099766	108.000000
RW_4	ARO:3002349	GES-20	1321	93.709614	91.095231	113.000000
RW_4	ARO:3002350	GES-21	1417	92.261044	85.490261	113.000000
RW_4	ARO:3002351	GES-22	1277	91.833281	84.050744	108.000000
RW_4	ARO:3002352	GES-23	1087	95.613155	87.286661	113.000000
RW_4	ARO:3002353	GES-24	1176	95.392687	87.594388	113.000000
RW_4	ARO:3002354	NDM-3	38	91.663158	82.289474	109.000000
RW_4	ARO:3002355	NDM-4	42	92.004762	83.521429	109.000000
RW_4	ARO:3002356	NDM-6	38	91.644737	84.739474	109.000000
RW_4	ARO:3002357	NDM-7	35	89.145714	78.705714	109.000000
RW_4	ARO:3002358	NDM-8	33	92.230303	80.884848	109.000000
RW_4	ARO:3002359	NDM-9	41	92.175610	83.421951	109.000000
RW_4	ARO:3002360	NDM-10	23	86.139130	74.321739	108.000000
RW_4	ARO:3002361	NDM-11	34	96.352941	89.982353	109.000000
RW_4	ARO:3002362	NDM-12	39	91.389744	82.405128	109.000000
RW_4	ARO:3002363	PER-1	329	71.643465	68.628875	103.000000
RW_4	ARO:3002364	PER-2	270	68.498889	67.272222	105.000000
RW_4	ARO:3002365	PER-3	356	69.786236	67.510112	105.000000
RW_4	ARO:3002366	PER-4	323	71.613003	68.582043	103.000000
RW_4	ARO:3002367	PER-5	328	71.559146	68.415854	103.000000
RW_4	ARO:3002368	PER-6	673	54.718722	54.819762	102.000000
RW_4	ARO:3002369	PER-7	331	71.107855	68.331420	103.000000
RW_4	ARO:3002370	VEB-1	2937	91.035955	87.472080	113.000000
RW_4	ARO:3002371	VEB-2	2652	90.694344	88.146719	113.000000
RW_4	ARO:3002372	VEB-3	2775	90.009261	86.214703	113.000000
RW_4	ARO:3002373	VEB-4	2173	94.372066	90.791532	113.000000
RW_4	ARO:3002374	VEB-6	2215	94.876479	89.465372	113.000000
RW_4	ARO:3002375	VEB-5	2337	94.508002	92.958494	113.000000
RW_4	ARO:3002376	VEB-7	2249	87.534149	86.707692	113.000000
RW_4	ARO:3002377	VEB-8	1468	94.737057	91.017371	111.000000
RW_4	ARO:3002378	VEB-9	2958	90.857370	87.232218	113.000000
RW_4	ARO:3002379	SME-1	146	48.931507	47.450685	82.000000
RW_4	ARO:3002380	SME-2	148	48.833784	47.360811	82.000000
RW_4	ARO:3002381	SME-3	149	48.683221	47.295973	82.000000
RW_4	ARO:3002382	SME-4	142	48.971831	47.488028	82.000000
RW_4	ARO:3002383	SME-5	148	48.805405	47.350000	82.000000
RW_4	ARO:3002385	BEL-1	265	56.215849	56.169057	106.000000
RW_4	ARO:3002386	BEL-2	235	55.833191	55.608936	106.000000
RW_4	ARO:3002387	BEL-3	231	55.751948	55.481818	106.000000
RW_4	ARO:3002389	OXY-1-1	21	71.166667	70.980952	100.000000
RW_4	ARO:3002390	OXY-1-2	33	72.460606	72.896970	107.000000
RW_4	ARO:3002391	OXY-1-3	18	75.111111	76.455556	106.000000
RW_4	ARO:3002392	OXY-1-4	55	63.845455	61.229091	105.000000
RW_4	ARO:3002394	OXY-1-6	13	73.384615	72.661538	99.400000
RW_4	ARO:3002396	OXY-2-1	58	50.034483	52.639655	67.000000
RW_4	ARO:3002397	OXY-2-2	79	50.920253	52.818987	71.600000
RW_4	ARO:3002398	OXY-2-3	96	53.156250	55.167708	104.000000
RW_4	ARO:3002399	OXY-2-4	95	51.044211	52.608421	71.600000
RW_4	ARO:3002400	OXY-2-5	63	50.406349	52.931746	74.300000
RW_4	ARO:3002401	OXY-2-6	52	51.630769	53.717308	71.200000
RW_4	ARO:3002402	OXY-2-7	71	51.030986	52.950704	71.200000
RW_4	ARO:3002403	OXY-2-8	55	48.330909	50.856364	75.100000
RW_4	ARO:3002404	OXY-2-9	110	51.761818	53.128182	72.800000
RW_4	ARO:3002405	OXY-2-10	68	51.338235	53.441176	71.200000
RW_4	ARO:3002406	OXY-2-11	22	51.740909	53.550000	75.100000
RW_4	ARO:3002407	OXY-2-12	37	54.889189	56.421622	71.200000
RW_4	ARO:3002408	OXY-2-13	26	53.965385	56.269231	66.600000
RW_4	ARO:3002409	OXY-3-1	69	58.611594	56.860870	105.000000
RW_4	ARO:3002410	OXY-4-1	78	64.458974	62.492308	106.000000
RW_4	ARO:3002411	OXY-5-1	75	63.757333	62.645333	103.000000
RW_4	ARO:3002412	OXY-5-2	74	64.136486	61.829730	103.000000
RW_4	ARO:3002413	OXY-6-1	24	70.025000	67.983333	100.000000
RW_4	ARO:3002414	OXY-6-2	80	64.790000	63.262500	103.000000
RW_4	ARO:3002415	OXY-6-3	17	72.929412	72.305882	100.000000
RW_4	ARO:3002416	OXY-6-4	16	73.506250	72.762500	100.000000
RW_4	ARO:3002418	OKP-A-1	67	63.583582	61.773134	100.000000
RW_4	ARO:3002419	OKP-A-2	119	64.187395	64.748739	101.000000
RW_4	ARO:3002420	OKP-A-3	101	64.044554	64.452475	101.000000
RW_4	ARO:3002421	OKP-A-4	89	64.270787	64.064045	101.000000
RW_4	ARO:3002422	OKP-A-5	53	67.492453	64.111321	101.000000
RW_4	ARO:3002423	OKP-A-6	86	62.280233	62.275581	101.000000
RW_4	ARO:3002424	OKP-A-7	81	62.846914	64.580247	101.000000
RW_4	ARO:3002425	OKP-A-8	99	63.748485	63.628283	101.000000
RW_4	ARO:3002426	OKP-A-9	101	63.584158	63.770297	101.000000
RW_4	ARO:3002427	OKP-A-10	71	62.539437	62.053521	101.000000
RW_4	ARO:3002428	OKP-A-11	106	63.593396	64.130189	101.000000
RW_4	ARO:3002429	OKP-A-12	133	62.539098	63.240602	101.000000
RW_4	ARO:3002430	OKP-A-13	108	64.191667	64.563889	101.000000
RW_4	ARO:3002431	OKP-A-14	127	65.885039	66.254331	101.000000
RW_4	ARO:3002432	OKP-A-15	151	62.249669	62.847682	101.000000
RW_4	ARO:3002433	OKP-A-16	69	62.647826	62.072464	101.000000
RW_4	ARO:3002434	OKP-B-1	73	72.531507	70.258904	102.000000
RW_4	ARO:3002435	OKP-B-2	82	71.995122	69.409756	102.000000
RW_4	ARO:3002436	OKP-B-3	64	73.064062	68.575000	100.000000
RW_4	ARO:3002437	OKP-B-4	33	78.978788	73.990909	102.000000
RW_4	ARO:3002438	OKP-B-5	61	68.683607	64.796721	100.000000
RW_4	ARO:3002439	OKP-B-6	77	73.337662	71.477922	102.000000
RW_4	ARO:3002440	OKP-B-7	32	77.459375	68.965625	100.000000
RW_4	ARO:3002441	OKP-B-8	90	68.573333	65.230000	100.000000
RW_4	ARO:3002442	OKP-B-9	68	69.691176	67.961765	102.000000
RW_4	ARO:3002443	OKP-B-10	63	65.182540	60.596825	100.000000
RW_4	ARO:3002444	OKP-B-11	31	75.087097	69.832258	100.000000
RW_4	ARO:3002445	OKP-B-12	90	66.992222	67.318889	102.000000
RW_4	ARO:3002446	OKP-B-13	82	67.117073	64.923171	100.000000
RW_4	ARO:3002447	OKP-B-14	100	67.196000	67.852000	102.000000
RW_4	ARO:3002450	OKP-B-17	24	78.266667	72.141667	102.000000
RW_4	ARO:3002451	OKP-B-18	58	72.646552	67.872414	100.000000
RW_4	ARO:3002452	OKP-B-19	67	66.955224	63.226866	99.800000
RW_4	ARO:3002453	OKP-B-20	57	67.468421	62.666667	100.000000
RW_4	ARO:3002454	LEN-1	50	71.882000	70.472000	108.000000
RW_4	ARO:3002455	LEN-2	37	81.502703	79.172973	108.000000
RW_4	ARO:3002456	LEN-5	42	72.530952	70.585714	108.000000
RW_4	ARO:3002457	LEN-7	31	80.670968	78.196774	108.000000
RW_4	ARO:3002458	LEN-8	31	76.122581	72.383871	108.000000
RW_4	ARO:3002459	LEN-9	51	74.623529	72.184314	108.000000
RW_4	ARO:3002460	LEN-10	54	69.827778	68.520370	108.000000
RW_4	ARO:3002461	LEN-11	22	83.659091	78.381818	101.000000
RW_4	ARO:3002462	LEN-12	33	76.060606	72.363636	101.000000
RW_4	ARO:3002463	LEN-13	39	77.156410	74.217949	108.000000
RW_4	ARO:3002464	LEN-16	59	69.466102	68.432203	108.000000
RW_4	ARO:3002465	LEN-18	37	72.200000	69.745946	108.000000
RW_4	ARO:3002466	LEN-19	42	71.511905	69.321429	108.000000
RW_4	ARO:3002467	LEN-20	53	70.464151	69.328302	108.000000
RW_4	ARO:3002468	LEN-21	36	77.758333	75.672222	101.000000
RW_4	ARO:3002469	LEN-22	30	74.446667	70.263333	101.000000
RW_4	ARO:3002470	LEN-23	61	69.480328	68.227869	108.000000
RW_4	ARO:3002471	LEN-24	26	85.026923	80.753846	108.000000
RW_4	ARO:3002472	LEN-4	69	68.027536	67.414493	108.000000
RW_4	ARO:3002473	LEN-17	31	77.616129	77.067742	108.000000
RW_4	ARO:3002474	LEN-26	17	73.858824	71.647059	100.000000
RW_4	ARO:3002475	LEN-3	55	71.545455	69.601818	108.000000
RW_4	ARO:3002476	LEN-6	129	63.303101	63.282946	99.800000
RW_4	ARO:3002477	LEN-14	83	61.283133	61.148193	99.800000
RW_4	ARO:3002478	LEN-15	50	68.402000	67.276000	101.000000
RW_4	ARO:3002479	LEN-25	8	85.237500	85.800000	108.000000
RW_4	ARO:3002480	OXA-144	35	81.871429	83.074286	107.000000
RW_4	ARO:3002481	AER-1	968	67.506818	68.737500	106.000000
RW_4	ARO:3002482	LRA-1	229	57.773799	55.224454	83.200000
RW_4	ARO:3002483	LRA-5	34	41.529412	41.038235	56.200000
RW_4	ARO:3002484	LRA-13	567	53.929101	57.655379	84.700000
RW_4	ARO:3002485	LRA-2	335	52.416418	46.426269	83.200000
RW_4	ARO:3002486	LRA-7	41	48.400000	46.619512	85.100000
RW_4	ARO:3002487	LRA-8	230	52.501739	47.826957	84.000000
RW_4	ARO:3002488	LRA-9	43	48.472093	46.600000	90.900000
RW_4	ARO:3002489	LRA-10	1381	61.926140	64.023316	87.800000
RW_4	ARO:3002492	LRA-18	1182	58.781303	62.345262	88.200000
RW_4	ARO:3002493	SRT-1	752	53.717287	52.447074	87.400000
RW_4	ARO:3002494	SRT-2	779	53.910911	53.320282	87.400000
RW_4	ARO:3002495	CTX-M-85	6	86.450000	90.350000	108.000000
RW_4	ARO:3002496	OXA-418	245	71.722449	67.904898	100.000000
RW_4	ARO:3002497	PDC-1	1	39.600000	39.700000	39.700000
RW_4	ARO:3002498	PDC-2	9	53.133333	54.133333	62.800000
RW_4	ARO:3002501	PDC-4	12	56.766667	51.741667	60.100000
RW_4	ARO:3002502	PDC-5	6	60.333333	56.450000	72.400000
RW_4	ARO:3002505	PDC-6	5	60.900000	59.120000	72.400000
RW_4	ARO:3002506	PDC-7	34	66.891176	65.691176	80.900000
RW_4	ARO:3002507	PDC-8	76	48.607895	50.971053	75.500000
RW_4	ARO:3002508	PDC-9	25	67.224000	70.264000	86.300000
RW_4	ARO:3002510	LRA-3	45	51.064444	47.440000	68.200000
RW_4	ARO:3002511	LRA-12	64	55.868750	57.343750	102.000000
RW_4	ARO:3002512	LRA-17	178	51.703933	49.983146	79.000000
RW_4	ARO:3002513	LRA-19	120	53.468333	53.695833	80.500000
RW_4	ARO:3002514	OCH-1	936	56.420620	59.166453	87.800000
RW_4	ARO:3002515	OCH-2	919	55.918172	58.830468	88.200000
RW_4	ARO:3002516	OCH-3	1080	56.498981	59.117315	88.200000
RW_4	ARO:3002517	OCH-4	752	57.227926	60.057314	87.800000
RW_4	ARO:3002518	OCH-5	839	56.597497	59.036234	76.600000
RW_4	ARO:3002519	OCH-6	699	56.001144	58.910014	87.800000
RW_4	ARO:3002520	OCH-7	794	55.736272	58.634635	87.800000
RW_4	ARO:3002521	OCH-8	899	56.969077	59.790100	87.800000
RW_4	ARO:3002522	novA	48265	52.511752	51.395690	95.100000
RW_4	ARO:3002523	AAC(2')-Ia	3	54.766667	57.000000	83.600000
RW_4	ARO:3002524	AAC(2')-Ib	17	67.535294	66.282353	89.700000
RW_4	ARO:3002525	AAC(2')-Ic	14	66.128571	69.900000	87.400000
RW_4	ARO:3002526	AAC(2')-Id	17	57.264706	54.794118	72.000000
RW_4	ARO:3002527	AAC(2')-Ie	12	68.850000	70.091667	81.300000
RW_4	ARO:3002528	AAC(3)-Ia	55	69.923636	60.227273	99.400000
RW_4	ARO:3002529	AAC(3)-Id	38	72.005263	65.207895	99.000000
RW_4	ARO:3002530	AAC(3)-Ib	1044	91.433621	44.887069	85.900000
RW_4	ARO:3002531	AAC(3)-Ic	63	65.896825	57.501587	80.500000
RW_4	ARO:3002533	AAC(3)-IIa	208	84.959135	82.191346	108.000000
RW_4	ARO:3002534	AAC(3)-IIb	180	72.910556	72.190000	92.400000
RW_4	ARO:3002535	AAC(3)-IIc	199	85.602010	83.323618	108.000000
RW_4	ARO:3002536	AAC(3)-IIIa	31	48.493548	48.132258	72.800000
RW_4	ARO:3002537	AAC(3)-IIIb	53	53.311321	52.147170	87.000000
RW_4	ARO:3002538	AAC(3)-IIIc	42	56.890476	56.880952	88.600000
RW_4	ARO:3002539	AAC(3)-IVa	33	61.418182	50.369697	105.000000
RW_4	ARO:3002540	AAC(3)-VIa	59	50.869492	50.832203	67.000000
RW_4	ARO:3002541	AAC(3)-VIIa	54	52.379630	50.587037	82.000000
RW_4	ARO:3002542	AAC(3)-VIIIa	74	52.120270	49.272973	87.000000
RW_4	ARO:3002543	AAC(3)-IXa	36	52.347222	52.550000	83.200000
RW_4	ARO:3002544	AAC(3)-Xa	56	55.271429	51.535714	82.400000
RW_4	ARO:3002545	AAC(6')-Ia	31	62.193548	59.616129	114.000000
RW_4	ARO:3002546	AAC(6')-Ib	1584	94.984785	89.962753	110.000000
RW_4	ARO:3002547	AAC(6')-Ib-cr1	1573	93.615830	87.962492	110.000000
RW_4	ARO:3002549	AAC(6')-Ic	162	51.391358	49.251852	70.100000
RW_4	ARO:3002553	AAC(6')-If	183	53.858470	52.346448	75.500000
RW_4	ARO:3002554	AAC(6')-Ig	145	52.545517	51.263448	97.100000
RW_4	ARO:3002555	AAC(6')-Ih	179	50.322346	51.036313	91.300000
RW_4	ARO:3002556	AAC(6')-Ii	30	71.670000	69.316667	107.000000
RW_4	ARO:3002557	AAC(6')-Ij	201	51.032338	50.878607	86.700000
RW_4	ARO:3002558	AAC(6')-Ik	199	51.155276	50.855779	90.100000
RW_4	ARO:3002559	AAC(6')-Ip	17	62.082353	68.358824	89.400000
RW_4	ARO:3002560	AAC(6')-Iq	18	61.577778	67.288889	85.900000
RW_4	ARO:3002561	AAC(6')-Ir	209	50.970813	49.805742	87.400000
RW_4	ARO:3002562	AAC(6')-Is	219	50.656164	50.504110	106.000000
RW_4	ARO:3002563	AAC(6')-Isa	13	59.484615	60.261538	74.300000
RW_4	ARO:3002564	AAC(6')-It	199	50.360804	50.667839	91.300000
RW_4	ARO:3002565	AAC(6')-Iu	217	51.088940	50.916590	105.000000
RW_4	ARO:3002566	AAC(6')-Iv	201	49.157711	50.081592	85.900000
RW_4	ARO:3002567	AAC(6')-Iw	207	51.427053	51.436232	96.300000
RW_4	ARO:3002568	AAC(6')-Ix	220	50.165909	51.105455	100.000000
RW_4	ARO:3002569	AAC(6')-Iy	178	59.274157	53.651685	75.900000
RW_4	ARO:3002570	AAC(6')-Iz	148	49.095946	48.289189	101.000000
RW_4	ARO:3002571	AAC(6')-Iaa	178	59.274157	53.651685	75.900000
RW_4	ARO:3002572	AAC(6')-Iad	192	54.372917	52.573958	84.700000
RW_4	ARO:3002573	AAC(6')-Iae	27	58.755556	57.344444	89.700000
RW_4	ARO:3002574	AAC(6')-Iaf	17	62.005882	68.035294	86.700000
RW_4	ARO:3002575	AAC(6')-Iai	24	61.450000	61.679167	104.000000
RW_4	ARO:3002576	AAC(6')-Ib3	1584	95.020076	89.785922	110.000000
RW_4	ARO:3002577	AAC(6')-Ib4	1584	95.334533	90.141098	110.000000
RW_4	ARO:3002578	AAC(6')-Ib7	4234	95.906967	83.977515	110.000000
RW_4	ARO:3002579	AAC(6')-Ib8	1734	94.424740	88.207382	110.000000
RW_4	ARO:3002580	AAC(6')-Ib9	1663	95.535598	90.296272	110.000000
RW_4	ARO:3002581	AAC(6')-Ib10	1663	95.236079	89.957968	110.000000
RW_4	ARO:3002582	AAC(6')-Ib11	1582	93.724210	89.380215	110.000000
RW_4	ARO:3002583	AAC(6')-29a	40	65.495000	62.975000	95.900000
RW_4	ARO:3002584	AAC(6')-29b	38	65.168421	63.381579	99.400000
RW_4	ARO:3002585	AAC(6')-31	1022	84.576419	85.804795	103.000000
RW_4	ARO:3002586	AAC(6')-32	502	81.703187	72.072112	102.000000
RW_4	ARO:3002587	AAC(6')-I33	25	61.712000	61.140000	86.300000
RW_4	ARO:3002588	AAC(6')-I30	30	58.156667	57.356667	91.700000
RW_4	ARO:3002589	AAC(6')-Iid	29	63.620690	62.431034	105.000000
RW_4	ARO:3002590	AAC(6')-Iih	32	63.431250	61.031250	90.900000
RW_4	ARO:3002591	AAC_6_IB_Su	1454	95.901238	89.875034	110.000000
RW_4	ARO:3002592	AAC6_IB_HZ	1444	95.945222	90.580956	110.000000
RW_4	ARO:3002593	AAC(6')-Ib-SK	11	59.963636	63.509091	77.000000
RW_4	ARO:3002594	AAC(6')-IIa	386	86.478756	78.616321	117.000000
RW_4	ARO:3002595	AAC(6')-IIb	70	59.432857	55.121429	85.900000
RW_4	ARO:3002596	AAC(6')-IIc	419	84.882100	86.916468	113.000000
RW_4	ARO:3002597	AAC6_Ie_APH2_Ia	512	98.006641	97.376953	115.000000
RW_4	ARO:3002598	ANT3II_ANT6II	5814	81.339714	80.196268	111.000000
RW_4	ARO:3002599	AAC6_30_AAC6_Ib	1684	94.026722	89.297506	110.000000
RW_4	ARO:3002600	AAC_3Ib_AAC_6Ib	1604	93.430985	88.927743	110.000000
RW_4	ARO:3002601	aadA	4656	85.161491	81.852234	112.000000
RW_4	ARO:3002602	aadA2	4471	84.042429	81.624044	110.000000
RW_4	ARO:3002603	aadA3	4546	84.075341	81.689397	110.000000
RW_4	ARO:3002604	aadA4	3461	70.044814	71.618867	109.000000
RW_4	ARO:3002605	aadA5	3509	70.527273	72.371017	115.000000
RW_4	ARO:3002606	aadA6	4338	76.392716	75.909290	111.000000
RW_4	ARO:3002607	aadA7	4080	72.529461	73.810123	108.000000
RW_4	ARO:3002608	aadA8	4574	84.583975	81.973568	110.000000
RW_4	ARO:3002609	aadA9	4920	69.185000	62.626850	98.600000
RW_4	ARO:3002611	aadA11	4346	75.599839	75.752347	111.000000
RW_4	ARO:3002612	aadA12	4521	84.237337	81.761800	110.000000
RW_4	ARO:3002613	aadA13	4431	79.537734	78.875604	111.000000
RW_4	ARO:3002614	aadA14	3023	61.038075	63.568508	87.400000
RW_4	ARO:3002615	aadA15	4560	84.587610	81.841294	110.000000
RW_4	ARO:3002616	aadA16	3958	76.439944	75.604068	108.000000
RW_4	ARO:3002617	aadA17	4567	84.028969	81.632888	110.000000
RW_4	ARO:3002618	aadA21	4554	84.815195	81.743939	110.000000
RW_4	ARO:3002619	aadA22	4613	84.554585	81.774182	112.000000
RW_4	ARO:3002620	aadA23	4564	85.148926	81.776884	112.000000
RW_4	ARO:3002621	aadA24	4597	85.013117	81.574527	112.000000
RW_4	ARO:3002622	aadA6/aadA10	4322	75.887020	75.881930	111.000000
RW_4	ARO:3002623	ANT(4')-Ia	2	72.950000	73.650000	108.000000
RW_4	ARO:3002624	ANT(4')-IIa	4	54.400000	56.500000	62.000000
RW_4	ARO:3002625	ANT(4')-IIb	3	57.100000	58.900000	58.900000
RW_4	ARO:3002626	ANT(6)-Ia	306	73.338562	76.785621	116.000000
RW_4	ARO:3002627	aadK	232	60.112500	65.689655	93.600000
RW_4	ARO:3002628	aad(6)	267	76.375655	79.080150	116.000000
RW_4	ARO:3002629	ANT(6)-Ib	261	68.824521	74.247893	114.000000
RW_4	ARO:3002630	ANT(9)-Ia	242	55.143802	53.546281	107.000000
RW_4	ARO:3002631	spd	25	48.668000	46.244000	57.000000
RW_4	ARO:3002634	APH(2'')-Ie	9	90.977778	82.622222	106.000000
RW_4	ARO:3002635	APH(2'')-IIa	28	54.082143	50.907143	108.000000
RW_4	ARO:3002636	APH(2'')-IIIa	4	72.425000	69.500000	107.000000
RW_4	ARO:3002637	APH(2'')-IVa	11	77.663636	70.963636	103.000000
RW_4	ARO:3002638	APH(3'')-Ia	191	60.571728	62.132461	93.200000
RW_4	ARO:3002639	APH(3'')-Ib	1828	97.265208	92.143928	112.000000
RW_4	ARO:3002640	APH(3'')-Ic	283	57.957597	54.788693	79.000000
RW_4	ARO:3002641	APH(3')-Ia	248	67.604435	68.812500	113.000000
RW_4	ARO:3002642	APH(3')-Ib	264	88.972727	85.891667	110.000000
RW_4	ARO:3002644	APH(3')-IIa	130	54.714615	51.142308	102.000000
RW_4	ARO:3002645	APH(3')-IIb	58	54.565517	51.725862	76.600000
RW_4	ARO:3002646	APH(3')-IIc	84	55.452381	51.747619	90.900000
RW_4	ARO:3002647	APH(3')-IIIa	122	84.049180	82.530328	109.000000
RW_4	ARO:3002648	APH(3')-IVa	82	50.986585	50.670732	65.900000
RW_4	ARO:3002649	APH(3')-Va	264	51.131061	50.492803	67.000000
RW_4	ARO:3002650	APH(3')-Vb	115	55.428696	51.886087	60.100000
RW_4	ARO:3002651	APH(3')-Vc	228	51.608333	52.307895	67.800000
RW_4	ARO:3002652	APH(3')-VIa	93	89.161290	84.737634	109.000000
RW_4	ARO:3002653	APH(3')-VIb	91	87.212088	82.483516	102.000000
RW_4	ARO:3002654	APH(3')-VIIa	59	55.432203	52.901695	75.500000
RW_4	ARO:3002655	APH(4)-Ia	27	57.662963	59.574074	111.000000
RW_4	ARO:3002656	APH(4)-Ib	3	65.000000	59.166667	63.900000
RW_4	ARO:3002657	APH(6)-Ia	23	60.004348	56.113043	86.700000
RW_4	ARO:3002658	APH(6)-Ib	25	57.896000	53.136000	87.400000
RW_4	ARO:3002659	APH(6)-Ic	225	59.344889	57.805778	115.000000
RW_4	ARO:3002660	APH(6)-Id	1151	97.783319	92.393658	113.000000
RW_4	ARO:3002662	APH(9)-Ia	25	52.408000	57.184000	81.300000
RW_4	ARO:3002663	APH(9)-Ib	5	53.880000	48.520000	57.000000
RW_4	ARO:3002665	npmA	2	39.750000	48.100000	48.100000
RW_4	ARO:3002666	rmtF	3	97.933333	87.166667	104.000000
RW_4	ARO:3002667	rmtD	7	53.671429	47.085714	64.300000
RW_4	ARO:3002668	rmtG	3	46.133333	48.266667	64.300000
RW_4	ARO:3002669	APH(2'')-Ig	6	53.483333	52.683333	89.000000
RW_4	ARO:3002671	Lreu_cat-TC	427	50.357143	53.997190	81.600000
RW_4	ARO:3002672	Bpum_cat86	399	49.186717	54.230827	78.200000
RW_4	ARO:3002674	Cbut_catB	748	60.706283	66.502807	100.000000
RW_4	ARO:3002675	catB2	3753	62.015374	62.012950	110.000000
RW_4	ARO:3002676	catB3	4239	63.135055	61.922411	113.000000
RW_4	ARO:3002678	Paer_catB6	5091	57.259438	58.948065	110.000000
RW_4	ARO:3002679	Paer_catB7	2499	60.323369	62.323329	108.000000
RW_4	ARO:3002680	catB8	5173	60.004523	59.422907	112.000000
RW_4	ARO:3002681	catB9	2983	60.251090	60.930674	101.000000
RW_4	ARO:3002683	catA1	474	56.041139	60.003165	109.000000
RW_4	ARO:3002684	catII	480	51.548958	54.998125	112.000000
RW_4	ARO:3002685	catIII	426	54.256103	55.558216	80.500000
RW_4	ARO:3002686	catP	619	57.965267	61.131664	94.400000
RW_4	ARO:3002687	catQ	838	71.250239	73.553103	118.000000
RW_4	ARO:3002688	catS	326	58.472086	57.604601	100.000000
RW_4	ARO:3002689	pp_cat	474	56.189662	60.025949	109.000000
RW_4	ARO:3002690	Sliv_cmlR	1493	48.558808	46.122036	79.700000
RW_4	ARO:3002691	Sent_cmlA	5884	67.618763	63.367369	110.000000
RW_4	ARO:3002693	cmlA1	6497	66.845267	63.669340	110.000000
RW_4	ARO:3002694	cmlA4	6287	67.077891	63.546859	107.000000
RW_4	ARO:3002695	cmlA5	6512	67.009751	63.813299	110.000000
RW_4	ARO:3002696	cmlA6	6512	66.832233	63.660826	110.000000
RW_4	ARO:3002698	cmlB	6217	63.448834	61.223822	105.000000
RW_4	ARO:3002699	cmlB1	4801	65.498917	63.144782	103.000000
RW_4	ARO:3002700	cmlv	3084	49.709047	47.562289	65.900000
RW_4	ARO:3002701	Rfas_cmr	2248	47.468461	46.261610	67.800000
RW_4	ARO:3002702	cmrA	1909	48.441331	47.325825	69.300000
RW_4	ARO:3002703	cmx	2037	50.207707	46.857683	100.000000
RW_4	ARO:3002704	fexA	283	47.255124	45.021555	105.000000
RW_4	ARO:3002705	floR	5815	53.697919	52.360361	106.000000
RW_4	ARO:3002707	QnrA1	345	65.627246	60.231884	74.700000
RW_4	ARO:3002708	QnrA2	262	68.115649	53.624809	64.300000
RW_4	ARO:3002709	QnrA3	316	66.778481	52.315506	63.900000
RW_4	ARO:3002710	QnrA4	316	66.778481	52.315506	63.900000
RW_4	ARO:3002711	QnrA5	316	66.778481	52.315506	63.900000
RW_4	ARO:3002712	QnrA6	177	66.249718	53.274011	63.900000
RW_4	ARO:3002713	QnrA7	245	66.620000	51.755102	63.900000
RW_4	ARO:3002714	QnrB1	52	76.090385	72.450000	108.000000
RW_4	ARO:3002715	QnrB2	79	68.644304	61.191139	105.000000
RW_4	ARO:3002716	QnrB3	16	75.693750	65.418750	95.100000
RW_4	ARO:3002718	QnrB4	156	73.282051	65.769231	110.000000
RW_4	ARO:3002719	QnrB5	47	82.870213	73.497872	108.000000
RW_4	ARO:3002720	QnrB6	28	70.446429	65.521429	104.000000
RW_4	ARO:3002721	QnrB7	119	62.215126	66.821008	108.000000
RW_4	ARO:3002722	QnrB8	69	70.917391	71.772464	108.000000
RW_4	ARO:3002723	QnrB9	73	62.972603	66.123288	108.000000
RW_4	ARO:3002724	QnrB10	74	87.282432	78.032432	108.000000
RW_4	ARO:3002725	QnrB11	62	95.769355	80.512903	110.000000
RW_4	ARO:3002726	QnrB12	45	97.808889	85.471111	110.000000
RW_4	ARO:3002727	QnrB13	54	74.390741	57.651852	104.000000
RW_4	ARO:3002728	QnrB14	33	79.930303	76.103030	104.000000
RW_4	ARO:3002730	QnrB15	118	64.863559	69.271186	107.000000
RW_4	ARO:3002731	QnrB16	11	94.390909	75.618182	104.000000
RW_4	ARO:3002732	QnrB17	18	80.650000	69.572222	95.100000
RW_4	ARO:3002733	QnrB18	74	66.990541	67.983784	104.000000
RW_4	ARO:3002734	QnrB19	218	75.274771	67.312844	110.000000
RW_4	ARO:3002735	QnrB20	27	87.762963	53.029630	104.000000
RW_4	ARO:3002736	QnrB21	79	72.836709	71.943038	108.000000
RW_4	ARO:3002737	QnrB22	171	74.250292	68.547953	110.000000
RW_4	ARO:3002738	QnrB23	54	73.566667	72.731481	107.000000
RW_4	ARO:3002739	QnrB24	18	79.500000	64.888889	104.000000
RW_4	ARO:3002740	QnrB25	67	68.613433	69.565672	104.000000
RW_4	ARO:3002741	QnrB26	34	79.088235	77.944118	104.000000
RW_4	ARO:3002742	QnrB27	199	65.722111	60.924623	110.000000
RW_4	ARO:3002743	QnrB28	228	67.075000	62.588158	110.000000
RW_4	ARO:3002744	QnrB29	12	86.466667	70.408333	104.000000
RW_4	ARO:3002745	QnrB30	6	96.300000	76.633333	104.000000
RW_4	ARO:3002746	QnrB31	53	81.743396	66.460377	107.000000
RW_4	ARO:3002747	QnrB32	115	59.519130	64.021739	104.000000
RW_4	ARO:3002748	QnrB33	233	66.940343	63.273391	110.000000
RW_4	ARO:3002749	QnrB34	41	98.060976	80.675610	110.000000
RW_4	ARO:3002750	QnrB35	41	62.141463	70.943902	108.000000
RW_4	ARO:3002751	QnrB36	348	68.306322	64.723563	110.000000
RW_4	ARO:3002752	QnrB37	112	84.661607	74.193750	110.000000
RW_4	ARO:3002753	QnrB38	72	69.322222	69.180556	108.000000
RW_4	ARO:3002754	QnrB39	47	94.948936	80.980851	110.000000
RW_4	ARO:3002755	QnrB40	54	87.609259	81.544444	110.000000
RW_4	ARO:3002756	QnrB41	11	87.627273	74.572727	95.100000
RW_4	ARO:3002757	QnrB42	114	64.903509	70.302632	108.000000
RW_4	ARO:3002758	QnrB43	70	62.290000	64.265714	108.000000
RW_4	ARO:3002759	QnrB44	72	63.008333	64.284722	108.000000
RW_4	ARO:3002760	QnrB45	98	63.713265	65.692857	108.000000
RW_4	ARO:3002761	QnrB46	82	67.943902	61.782927	104.000000
RW_4	ARO:3002762	QnrB47	360	68.251111	64.802778	110.000000
RW_4	ARO:3002763	QnrB48	105	62.465714	67.048571	108.000000
RW_4	ARO:3002764	QnrB49	71	89.228169	65.591549	108.000000
RW_4	ARO:3002765	QnrB50	99	83.066667	73.204040	110.000000
RW_4	ARO:3002767	QnrB54	362	64.234530	63.041160	110.000000
RW_4	ARO:3002768	QnrB55	105	81.327619	67.686667	110.000000
RW_4	ARO:3002769	QnrB56	84	88.570238	74.602381	108.000000
RW_4	ARO:3002770	QnrB57	13	90.007692	71.330769	104.000000
RW_4	ARO:3002771	QnrB58	87	66.150575	67.398851	108.000000
RW_4	ARO:3002772	QnrB59	26	92.403846	85.080769	108.000000
RW_4	ARO:3002773	QnrB60	50	65.452000	68.864000	108.000000
RW_4	ARO:3002774	QnrB61	305	68.262295	64.659016	110.000000
RW_4	ARO:3002775	QnrB62	58	86.182759	79.791379	108.000000
RW_4	ARO:3002776	QnrB64	105	64.892381	62.506667	108.000000
RW_4	ARO:3002777	QnrB65	353	65.746459	63.000000	110.000000
RW_4	ARO:3002778	QnrB66	129	63.792248	66.110078	108.000000
RW_4	ARO:3002779	QnrB67	87	88.587356	77.075862	110.000000
RW_4	ARO:3002780	QnrB68	72	84.994444	77.733333	110.000000
RW_4	ARO:3002781	QnrB69	109	85.259633	74.575229	110.000000
RW_4	ARO:3002782	QnrB70	143	82.221678	73.112587	110.000000
RW_4	ARO:3002783	QnrB71	295	68.756610	64.441695	110.000000
RW_4	ARO:3002784	QnrB72	27	76.437037	66.851852	100.000000
RW_4	ARO:3002785	QnrB73	215	67.101860	62.934884	110.000000
RW_4	ARO:3002786	QnrB74	9	94.566667	62.844444	87.800000
RW_4	ARO:3002787	QnrC	258	81.464729	58.264341	73.600000
RW_4	ARO:3002788	QnrD1	228	65.513158	66.244298	112.000000
RW_4	ARO:3002789	QnrD2	230	65.456087	66.085652	112.000000
RW_4	ARO:3002790	QnrS1	827	81.355744	65.334462	103.000000
RW_4	ARO:3002791	QnrS2	943	80.378261	75.081442	110.000000
RW_4	ARO:3002792	QnrS3	734	80.697411	64.127520	103.000000
RW_4	ARO:3002793	QnrS4	830	80.792289	64.923976	103.000000
RW_4	ARO:3002794	QnrS5	1013	79.100000	76.164659	110.000000
RW_4	ARO:3002795	QnrS6	945	79.673545	74.689524	110.000000
RW_4	ARO:3002796	QnrS7	709	83.065303	61.967560	103.000000
RW_4	ARO:3002797	QnrS8	876	79.320890	66.353653	107.000000
RW_4	ARO:3002798	QnrS9	1037	79.798361	78.520733	110.000000
RW_4	ARO:3002799	QnrVC1	680	80.968088	64.993382	101.000000
RW_4	ARO:3002800	QnrVC3	685	80.857372	65.393431	102.000000
RW_4	ARO:3002801	QnrVC4	691	83.024023	61.655137	111.000000
RW_4	ARO:3002802	QnrVC5	708	82.581780	61.924435	111.000000
RW_4	ARO:3002803	QnrVC6	691	81.758611	67.624891	106.000000
RW_4	ARO:3002804	FosA2	441	67.480499	68.865079	111.000000
RW_4	ARO:3002812	pp-flo	5773	53.239650	51.506426	106.000000
RW_4	ARO:3002813	lmrB	1501	48.030846	47.193205	73.600000
RW_4	ARO:3002814	clbA	1001	44.959840	44.526074	86.300000
RW_4	ARO:3002815	clbB	3469	43.957394	44.198443	87.400000
RW_4	ARO:3002816	clbC	3831	45.734873	42.965440	80.100000
RW_4	ARO:3002817	carA	15710	51.399586	49.116340	76.300000
RW_4	ARO:3002819	msrC	26380	46.742528	45.132180	102.000000
RW_4	ARO:3002823	ErmH	258	43.306589	41.718605	55.500000
RW_4	ARO:3002824	ErmV	20	46.250000	41.405000	50.400000
RW_4	ARO:3002825	ErmY	854	65.665925	64.790984	94.700000
RW_4	ARO:3002826	EreA2	666	84.316517	80.319069	107.000000
RW_4	ARO:3002827	tlrC	4414	50.761645	46.593453	70.100000
RW_4	ARO:3002828	srmB	15064	50.012931	47.950226	71.600000
RW_4	ARO:3002829	vgaA	32751	46.948710	47.248496	70.900000
RW_4	ARO:3002830	vgaALC	32751	46.947941	47.248414	70.900000
RW_4	ARO:3002831	vgaC	28909	49.317693	48.744360	73.900000
RW_4	ARO:3002832	vgaD	31332	44.845299	46.753543	69.300000
RW_4	ARO:3002833	vgaE	36112	49.002021	47.991906	73.600000
RW_4	ARO:3002835	lnuA	97	61.482474	68.695876	112.000000
RW_4	ARO:3002836	lnuB	191	66.668063	66.235602	106.000000
RW_4	ARO:3002837	lnuC	241	70.031120	71.370954	112.000000
RW_4	ARO:3002838	lnuD	318	65.015094	66.765094	99.000000
RW_4	ARO:3002839	lnuF	92	49.943478	56.157609	112.000000
RW_4	ARO:3002840	vatA	996	56.263052	48.275703	80.500000
RW_4	ARO:3002841	vatB	3954	55.233915	56.543930	102.000000
RW_4	ARO:3002842	vatC	3680	54.896359	52.583777	88.200000
RW_4	ARO:3002843	vatD	1908	54.332966	53.690618	83.200000
RW_4	ARO:3002844	vatE	4562	55.486826	51.893073	105.000000
RW_4	ARO:3002845	vatH	3681	57.642054	53.721217	92.000000
RW_4	ARO:3002846	arr-1	536	62.856903	67.510075	97.400000
RW_4	ARO:3002847	arr-2	859	84.529569	81.940396	116.000000
RW_4	ARO:3002848	arr-3	859	84.268452	81.801513	116.000000
RW_4	ARO:3002849	arr-4	730	71.034247	75.531918	103.000000
RW_4	ARO:3002850	arr-5	805	68.345466	72.739503	100.000000
RW_4	ARO:3002852	arr-7	715	70.205594	72.952308	99.800000
RW_4	ARO:3002853	arr-8	703	70.328023	77.735420	109.000000
RW_4	ARO:3002854	dfrA1	1339	71.975579	69.572442	108.000000
RW_4	ARO:3002856	dfrA24	624	49.624840	49.633814	61.200000
RW_4	ARO:3002857	dfrA26	4948	52.685226	53.220230	83.600000
RW_4	ARO:3002858	dfrA12	3644	51.542591	53.059769	105.000000
RW_4	ARO:3002859	dfrA14	1360	68.702059	66.426618	110.000000
RW_4	ARO:3002860	dfrA17	1056	64.232481	64.862311	108.000000
RW_4	ARO:3002861	dfrA5	1504	65.883710	63.419548	111.000000
RW_4	ARO:3002862	dfrA7	934	68.923340	68.057495	109.000000
RW_4	ARO:3002863	dfrA8	2845	54.517786	46.799367	67.000000
RW_4	ARO:3002864	dfrB1	113	87.000000	76.172566	107.000000
RW_4	ARO:3002865	dfrC	4684	53.428096	54.558348	85.900000
RW_4	ARO:3002866	dfrD	2261	44.732242	48.235294	102.000000
RW_4	ARO:3002867	dfrF	1948	50.373203	52.946047	108.000000
RW_4	ARO:3002868	dfrG	3181	47.708645	50.779881	110.000000
RW_4	ARO:3002869	dfrK	3503	46.940480	50.365972	103.000000
RW_4	ARO:3002871	tet(37)	1496	80.111965	68.890842	102.000000
RW_4	ARO:3002872	FosA3	424	69.348349	68.701887	109.000000
RW_4	ARO:3002873	FosB3	61	60.359016	42.857377	97.800000
RW_4	ARO:3002874	FosC2	390	64.135128	62.890769	85.900000
RW_4	ARO:3002875	dfrE	1190	50.135294	49.150588	80.900000
RW_4	ARO:3002877	BcI	235	54.377021	58.003830	98.600000
RW_4	ARO:3002878	BcII	38	52.828947	55.936842	99.000000
RW_4	ARO:3002879	linG	92	50.472826	56.075000	105.000000
RW_4	ARO:3002881	lmrC	14348	47.411089	44.057729	85.500000
RW_4	ARO:3002882	lmrD	57028	48.063229	49.045967	105.000000
RW_4	ARO:3002883	rgt1438	23	60.721739	49.026087	83.200000
RW_4	ARO:3002884	iri	862	57.530974	54.996752	99.000000
RW_4	ARO:3002891	otr(A)S.rim	15677	54.510174	49.498456	79.300000
RW_4	ARO:3002892	otr(B)	1732	45.132968	46.027194	76.600000
RW_4	ARO:3002893	tcr3	1207	49.758078	48.033803	77.000000
RW_4	ARO:3002894	otr(C)	8886	47.308575	48.724713	83.200000
RW_4	ARO:3002895	SAT-2	57	71.557895	72.670175	107.000000
RW_4	ARO:3002897	SAT-4	46	66.134783	61.760870	112.000000
RW_4	ARO:3002898	SAT-3	20	58.500000	55.445000	62.800000
RW_4	ARO:3002907	vanE	3139	48.016598	48.459987	76.600000
RW_4	ARO:3002908	vanF	2420	51.530661	48.058595	80.100000
RW_4	ARO:3002909	vanG	3841	51.902812	47.359984	103.000000
RW_4	ARO:3002910	vanL	3384	51.558333	49.668942	77.000000
RW_4	ARO:3002911	vanM	2409	50.683811	49.336613	83.600000
RW_4	ARO:3002912	vanN	2299	51.496607	49.269378	82.400000
RW_4	ARO:3002913	vanO	5304	52.809521	49.384691	104.000000
RW_4	ARO:3002914	vanJ	8	53.175000	50.275000	82.000000
RW_4	ARO:3002919	vanR_in_vanA_cl	29731	53.591211	51.061818	105.000000
RW_4	ARO:3002921	vanR_in_vanB_cl	14248	43.341072	43.090469	64.700000
RW_4	ARO:3002922	vanR_in_vanC_cl	40265	52.085481	50.374129	106.000000
RW_4	ARO:3002923	vanR_in_vanD_cl	29924	50.568253	47.346956	102.000000
RW_4	ARO:3002924	vanR_in_vanE_cl	38225	51.673766	50.140968	92.400000
RW_4	ARO:3002925	vanR_in_vanF_cl	46537	47.024720	46.719262	78.600000
RW_4	ARO:3002926	vanR_in_vanG_cl	35084	52.081102	51.023301	104.000000
RW_4	ARO:3002927	vanR_in_vanL_cl	40080	51.720746	50.006784	96.300000
RW_4	ARO:3002928	vanR_in_vanM_cl	50023	47.072059	46.182792	81.300000
RW_4	ARO:3002929	vanR_in_vanN_cl	37203	52.304586	49.872201	95.500000
RW_4	ARO:3002930	vanR_in_vanO_cl	32539	51.717115	47.168659	98.600000
RW_4	ARO:3002931	vanS_in_vanA_cl	3088	52.039119	49.390641	99.000000
RW_4	ARO:3002932	vanS_in_vanB_cl	777	47.562033	42.587773	58.900000
RW_4	ARO:3002933	vanS_in_vanC_cl	2253	47.541900	45.571505	82.800000
RW_4	ARO:3002934	vanS_in_vanD_cl	1288	46.992081	44.122826	88.600000
RW_4	ARO:3002935	vanS_in_vanE_cl	1619	47.590488	44.373502	63.900000
RW_4	ARO:3002936	vanS_in_vanF_cl	2586	43.441299	41.667943	62.000000
RW_4	ARO:3002937	vanS_in_vanG_cl	2970	50.529697	47.566498	85.500000
RW_4	ARO:3002938	vanS_in_vanL_cl	5080	48.140925	45.233150	82.800000
RW_4	ARO:3002939	vanS_in_vanM_cl	2743	43.123660	42.011848	60.500000
RW_4	ARO:3002940	vanS_in_vanN_cl	1796	49.004844	47.797272	82.000000
RW_4	ARO:3002941	vanS_in_vanO_cl	104	61.437500	55.711538	85.500000
RW_4	ARO:3002942	vanH_in_vanA_cl	2266	46.090953	45.621712	64.300000
RW_4	ARO:3002943	vanH_in_vanB_cl	3243	47.222510	44.782331	68.200000
RW_4	ARO:3002944	vanH_in_vanD_cl	5146	50.577128	46.813991	66.600000
RW_4	ARO:3002945	vanH_in_vanF_cl	3443	49.158641	46.504124	70.500000
RW_4	ARO:3002947	vanH_in_vanM_cl	3574	48.152434	47.297929	71.200000
RW_4	ARO:3002948	vanH_in_vanO_cl	3558	48.009640	46.632687	86.700000
RW_4	ARO:3002949	vanX_in_vanA_cl	139	53.213669	49.983453	74.300000
RW_4	ARO:3002950	vanX_in_vanB_cl	106	52.009434	48.014151	78.200000
RW_4	ARO:3002952	vanX_in_vanF_cl	121	51.233884	48.279339	72.800000
RW_4	ARO:3002953	vanX_in_vanM_cl	123	49.347967	48.036585	76.600000
RW_4	ARO:3002954	vanX_in_vanO_cl	104	55.737500	50.637500	85.100000
RW_4	ARO:3002955	vanY_in_vanA_cl	487	54.668994	57.117043	102.000000
RW_4	ARO:3002956	vanY_in_vanB_cl	662	57.327946	57.219033	86.300000
RW_4	ARO:3002958	vanY_in_vanF_cl	329	54.824316	57.709422	83.200000
RW_4	ARO:3002959	vanY_in_vanG_cl	226	58.311504	55.771681	100.000000
RW_4	ARO:3002961	vanY_in_vanM_cl	437	55.962700	57.159725	82.800000
RW_4	ARO:3002962	vanZ_in_vanA_cl	125	48.422400	45.446400	94.000000
RW_4	ARO:3002963	vanZ_in_vanF_cl	148	49.000000	43.463514	67.400000
RW_4	ARO:3002964	vanW_in_vanB_cl	144	49.629861	51.525000	79.700000
RW_4	ARO:3002965	vanW_in_vanG_cl	117	56.643590	57.629060	105.000000
RW_4	ARO:3002966	vanXY_in_vanC	454	55.737445	53.061013	82.800000
RW_4	ARO:3002967	vanXY_in_vanE	229	51.128821	48.726638	81.600000
RW_4	ARO:3002968	vanXY_in_vanL	180	56.011667	54.493333	82.400000
RW_4	ARO:3002969	vanXY_in_vanN	276	56.991667	54.511594	85.900000
RW_4	ARO:3002970	vanT_in_vanC_cl	1163	46.797248	43.605331	66.200000
RW_4	ARO:3002971	vanT_in_vanE_cl	763	46.479292	44.568414	82.400000
RW_4	ARO:3002972	vanT_in_vanG_cl	3830	47.722872	46.983864	104.000000
RW_4	ARO:3002973	vanTm_in_vanL	40	50.242500	49.547500	67.400000
RW_4	ARO:3002974	vanTr_in_vanL	1746	48.056644	42.702234	61.600000
RW_4	ARO:3002975	vanT_in_vanN_cl	1186	46.251265	42.165093	66.200000
RW_4	ARO:3002982	amrA	4947	52.836184	49.525207	80.500000
RW_4	ARO:3002983	amrB	89771	58.728676	54.063803	89.000000
RW_4	ARO:3002985	arnA	7046	60.597417	63.040207	109.000000
RW_4	ARO:3002986	bacA	14264	61.520135	55.384275	112.000000
RW_4	ARO:3002987	bcrA	31716	51.586322	47.034185	81.600000
RW_4	ARO:3002988	bcrB	6	49.550000	48.516667	65.100000
RW_4	ARO:3002993	AQU-1	986	72.134686	75.248682	108.000000
RW_4	ARO:3002995	ROB-1	185	51.597297	51.444324	72.400000
RW_4	ARO:3002997	LCR-1	1527	61.672823	65.325999	112.000000
RW_4	ARO:3002999	CblA-1	660	47.347121	50.414848	106.000000
RW_4	ARO:3003001	CfxA	4359	88.684492	85.957972	108.000000
RW_4	ARO:3003002	CfxA2	4365	89.005269	86.121306	108.000000
RW_4	ARO:3003003	CfxA3	4359	89.151113	86.344873	108.000000
RW_4	ARO:3003005	CfxA4	4363	89.017030	86.232088	108.000000
RW_4	ARO:3003006	blt	193	54.006218	53.765285	89.700000
RW_4	ARO:3003007	bmr	205	54.863902	53.142439	87.800000
RW_4	ARO:3003009	ceoA	1787	51.842809	48.489536	86.700000
RW_4	ARO:3003010	ceoB	98785	54.787658	51.541316	99.000000
RW_4	ARO:3003011	dfrA10	31	52.374194	46.664516	105.000000
RW_4	ARO:3003012	dfrA13	3455	50.196353	50.633054	103.000000
RW_4	ARO:3003013	dfrA15	1340	71.085597	68.634030	108.000000
RW_4	ARO:3003014	dfrA16	1305	67.084521	65.122835	108.000000
RW_4	ARO:3003015	dfrA19	33	86.603030	79.206061	105.000000
RW_4	ARO:3003016	dfrA20	3306	51.916515	55.777919	103.000000
RW_4	ARO:3003017	dfrA21	3789	49.118131	50.461705	103.000000
RW_4	ARO:3003018	dfrA22	3971	50.225560	51.585646	104.000000
RW_4	ARO:3003019	dfrA23	25	81.956000	79.452000	109.000000
RW_4	ARO:3003020	dfrA25	1679	62.603812	58.882013	108.000000
RW_4	ARO:3003021	dfrB2	115	84.980000	74.051304	108.000000
RW_4	ARO:3003022	dfrB3	112	84.851786	74.056250	107.000000
RW_4	ARO:3003023	dfrB6	114	88.582456	75.979825	105.000000
RW_4	ARO:3003030	MexV	1643	53.508825	52.493792	85.900000
RW_4	ARO:3003031	MexW	62595	53.624909	49.382278	105.000000
RW_4	ARO:3003033	mexY	96503	57.921502	53.819184	103.000000
RW_4	ARO:3003034	mexX	4709	55.842727	50.767382	78.600000
RW_4	ARO:3003035	mfpA	1	58.100000	57.000000	57.000000
RW_4	ARO:3003036	oleB	17830	48.283775	48.295794	73.900000
RW_4	ARO:3003037	opcM	2862	57.465653	45.074004	79.000000
RW_4	ARO:3003039	OprA	16238	57.482830	51.211294	79.700000
RW_4	ARO:3003046	qacA	698	45.535673	46.901003	78.200000
RW_4	ARO:3003047	qacB	697	45.613343	46.950072	79.700000
RW_4	ARO:3003048	rosA	11328	65.096345	62.444156	102.000000
RW_4	ARO:3003049	rosB	15512	66.338847	60.498511	99.000000
RW_4	ARO:3003051	smeA	11947	52.509977	49.852632	96.700000
RW_4	ARO:3003052	smeB	104014	57.341494	53.917258	109.000000
RW_4	ARO:3003053	smeC	13465	55.130063	49.510887	93.200000
RW_4	ARO:3003055	smeD	12177	55.696411	52.896313	100.000000
RW_4	ARO:3003056	smeE	122800	58.966092	56.270529	105.000000
RW_4	ARO:3003057	smeF	17888	57.341424	52.119186	93.200000
RW_4	ARO:3003059	tmrB	19	50.215789	48.931579	69.300000
RW_4	ARO:3003060	tsnR	22	49.468182	44.213636	74.300000
RW_4	ARO:3003061	vph	193	47.046632	42.808808	48.900000
RW_4	ARO:3003063	ykkC	1136	46.603345	42.408539	60.100000
RW_4	ARO:3003064	ykkD	1897	54.112441	46.022193	77.000000
RW_4	ARO:3003066	smeR	54971	53.570162	51.785025	105.000000
RW_4	ARO:3003067	smeS	3678	50.691762	46.538254	104.000000
RW_4	ARO:3003069	vanXY_in_vanG	187	57.937433	55.878075	106.000000
RW_4	ARO:3003070	vanX_in_vanD_cl	66	49.598485	48.010606	97.800000
RW_4	ARO:3003071	mphF	2248	51.519484	55.088123	114.000000
RW_4	ARO:3003072	mphL	228	43.635965	52.167105	69.300000
RW_4	ARO:3003093	cphA3	270	85.464074	75.563333	112.000000
RW_4	ARO:3003094	imiH	291	84.877320	73.702749	111.000000
RW_4	ARO:3003095	imiS	294	83.556122	73.366327	107.000000
RW_4	ARO:3003096	CfxA5	4361	89.020706	86.121371	108.000000
RW_4	ARO:3003097	CfxA6	4498	95.704647	90.708048	107.000000
RW_4	ARO:3003099	cphA2	289	85.004844	73.989273	109.000000
RW_4	ARO:3003100	cphA4	270	83.771481	74.675556	112.000000
RW_4	ARO:3003101	cphA5	288	83.124653	72.372917	109.000000
RW_4	ARO:3003102	cphA6	272	84.391912	74.990441	112.000000
RW_4	ARO:3003103	cphA7	284	84.426408	74.027113	110.000000
RW_4	ARO:3003104	cphA8	276	84.721377	74.160507	108.000000
RW_4	ARO:3003105	dfrA3	8993	57.313978	57.509663	111.000000
RW_4	ARO:3003106	Erm(42)	307	46.001954	44.223453	67.400000
RW_4	ARO:3003107	mef(B)	1497	48.608550	48.859920	111.000000
RW_4	ARO:3003109	msrE	50115	75.581961	71.980581	110.000000
RW_4	ARO:3003110	catB10	3711	61.358421	61.541390	114.000000
RW_4	ARO:3003111	lsaB	5014	45.464001	44.488991	94.400000
RW_4	ARO:3003112	lsaC	3568	47.076541	45.099187	100.000000
RW_4	ARO:3003115	OXA-427	1143	85.499038	87.090289	111.000000
RW_4	ARO:3003116	OXA-420	1054	98.212144	94.447249	109.000000
RW_4	ARO:3003117	OXA-421	59	70.955932	73.588136	84.300000
RW_4	ARO:3003120	OXA-429	10	72.860000	74.680000	80.500000
RW_4	ARO:3003124	OXA-431	1	40.900000	38.500000	38.500000
RW_4	ARO:3003126	OXA-433	1	75.000000	81.300000	81.300000
RW_4	ARO:3003128	OXA-436	178	53.161798	53.949438	108.000000
RW_4	ARO:3003129	CMY-121	581	86.619621	88.752324	114.000000
RW_4	ARO:3003130	CMY-122	59	59.684746	63.389831	108.000000
RW_4	ARO:3003132	CMY-124	34	68.708824	76.429412	108.000000
RW_4	ARO:3003133	CMY-125	23	63.178261	70.586957	111.000000
RW_4	ARO:3003135	CMY-127	34	62.000000	65.311765	107.000000
RW_4	ARO:3003136	CMY-128	89	56.025843	64.547191	107.000000
RW_4	ARO:3003137	CMY-129	37	67.037838	72.443243	107.000000
RW_4	ARO:3003139	MIR-18	128	83.178906	86.666406	112.000000
RW_4	ARO:3003140	MOX-10	1153	86.233738	86.395403	108.000000
RW_4	ARO:3003141	MOX-11	1308	83.987156	83.691590	108.000000
RW_4	ARO:3003142	IMI-8	49	54.418367	50.875510	81.300000
RW_4	ARO:3003143	IMI-9	18	47.500000	43.683333	56.200000
RW_4	ARO:3003145	KPC-21	1	42.000000	48.500000	48.500000
RW_4	ARO:3003146	VEB-10	1986	94.630010	92.075176	113.000000
RW_4	ARO:3003147	OXA-424	3	84.833333	93.333333	94.000000
RW_4	ARO:3003149	OXA-426	50	71.382000	73.464000	108.000000
RW_4	ARO:3003150	CARB-20	256	59.600781	60.275391	77.400000
RW_4	ARO:3003151	CARB-22	290	59.275517	60.696897	79.000000
RW_4	ARO:3003152	SHV-185	11	85.281818	71.409091	101.000000
RW_4	ARO:3003153	SHV-186	5	75.920000	76.560000	95.900000
RW_4	ARO:3003158	TEM-220	7	52.728571	55.085714	79.000000
RW_4	ARO:3003160	OXA-422	127	64.858268	69.111024	108.000000
RW_4	ARO:3003161	OXA-423	49	59.589796	63.259184	108.000000
RW_4	ARO:3003162	OXA-435	65	65.150769	67.389231	102.000000
RW_4	ARO:3003163	CTX-M-155	96	85.977083	81.669792	107.000000
RW_4	ARO:3003164	CTX-M-156	48	86.112500	86.435417	107.000000
RW_4	ARO:3003165	CTX-M-157	65	98.593846	90.284615	107.000000
RW_4	ARO:3003166	CTX-M-158	54	87.440741	81.261111	102.000000
RW_4	ARO:3003167	CTX-M-159	125	66.430400	65.916800	101.000000
RW_4	ARO:3003168	CTX-M-160	33	65.345455	67.081818	96.700000
RW_4	ARO:3003169	CTX-M-161	5	79.720000	80.360000	98.600000
RW_4	ARO:3003170	CMY-131	3	68.300000	72.400000	76.600000
RW_4	ARO:3003171	ACT-36	108	61.100926	59.884259	107.000000
RW_4	ARO:3003172	ACT-37	106	61.304717	61.148113	107.000000
RW_4	ARO:3003173	MIR-17	148	86.066892	88.212162	112.000000
RW_4	ARO:3003174	CARB-18	280	59.333929	60.421429	77.400000
RW_4	ARO:3003175	CARB-19	315	58.944444	60.080635	77.400000
RW_4	ARO:3003176	CARB-21	9	54.311111	59.411111	68.600000
RW_4	ARO:3003177	IMI-7	47	47.297872	46.000000	81.300000
RW_4	ARO:3003178	VIM-42	16	52.406250	57.281250	102.000000
RW_4	ARO:3003179	VIM-43	22	57.231818	56.486364	102.000000
RW_4	ARO:3003180	KPC-22	28	58.403571	61.167857	104.000000
RW_4	ARO:3003181	GES-26	1035	99.201546	95.501643	113.000000
RW_4	ARO:3003182	NDM-13	37	89.840541	79.545946	109.000000
RW_4	ARO:3003183	NDM-14	35	93.934286	84.265714	109.000000
RW_4	ARO:3003184	PER-8	311	72.505466	69.453698	103.000000
RW_4	ARO:3003185	GES-25	838	95.857279	97.866110	113.000000
RW_4	ARO:3003186	CARB-23	10	54.170000	58.530000	68.600000
RW_4	ARO:3003187	QnrB75	12	79.466667	74.275000	108.000000
RW_4	ARO:3003188	QnrB76	13	90.007692	71.330769	104.000000
RW_4	ARO:3003189	QnrB77	10	77.780000	66.080000	87.800000
RW_4	ARO:3003190	QnrB78	73	63.298630	60.746575	108.000000
RW_4	ARO:3003192	QnrB80	43	94.486047	73.462791	108.000000
RW_4	ARO:3003193	QnrVC7	652	83.655061	61.763190	110.000000
RW_4	ARO:3003194	GIM-2	17	43.252941	47.888235	62.000000
RW_4	ARO:3003196	tet(45)	89	66.935955	64.606742	98.200000
RW_4	ARO:3003197	aadA25	4545	84.470913	81.760748	110.000000
RW_4	ARO:3003198	rmtH	7	60.414286	58.042857	88.200000
RW_4	ARO:3003199	AAC(6')-Iak	147	51.604762	49.239456	82.400000
RW_4	ARO:3003200	AAC(6')-Ian	80	49.478750	50.183750	107.000000
RW_4	ARO:3003202	TLA-1	824	52.490413	56.040049	103.000000
RW_4	ARO:3003203	TLA-2	453	56.342605	58.788300	103.000000
RW_4	ARO:3003204	TLA-3	745	52.993557	56.317047	105.000000
RW_4	ARO:3003205	Erm(43)	946	57.138795	56.761522	80.900000
RW_4	ARO:3003206	lsaE	14584	42.747538	43.183406	112.000000
RW_4	ARO:3003207	FosK	309	57.217152	61.371521	82.800000
RW_4	ARO:3003208	FosXCC	150	58.980000	54.108000	78.200000
RW_4	ARO:3003209	fosA5	438	71.900000	72.050000	111.000000
RW_4	ARO:3003210	FosA4	322	71.773292	69.936646	107.000000
RW_4	ARO:3003250	bcrC	165	50.320000	40.959394	51.600000
RW_4	ARO:3003324	Bsub_mprF	391	51.539898	48.574936	110.000000
RW_4	ARO:3003440	mecB	2422	45.652808	44.006111	65.900000
RW_4	ARO:3003441	cfrA	1330	43.726466	43.343233	89.000000
RW_4	ARO:3003548	mdtN	2179	63.363240	58.533685	106.000000
RW_4	ARO:3003549	mdtO	1161	92.507149	91.077261	113.000000
RW_4	ARO:3003550	mdtP	1645	74.934407	71.985167	111.000000
RW_4	ARO:3003551	emeA	377	57.701592	55.201592	99.000000
RW_4	ARO:3003552	fusB	8	51.375000	57.475000	65.500000
RW_4	ARO:3003553	CepS	415	68.241687	66.832530	105.000000
RW_4	ARO:3003556	SLB-1	56	46.416071	48.475000	62.800000
RW_4	ARO:3003557	SFB-1	16	45.037500	49.731250	59.700000
RW_4	ARO:3003558	Yent_y56	308	58.761039	59.932792	90.900000
RW_4	ARO:3003559	cepA	1310	54.170153	52.448397	112.000000
RW_4	ARO:3003561	SED-1	101	60.393069	59.501980	92.800000
RW_4	ARO:3003562	blaF	88	55.696591	54.019318	77.400000
RW_4	ARO:3003563	RCP-1	59	77.494915	73.457627	106.000000
RW_4	ARO:3003564	EXO-1	173	55.518497	57.750867	70.500000
RW_4	ARO:3003565	R39	162	50.580247	56.491358	73.200000
RW_4	ARO:3003576	eptA	9865	61.069681	64.422372	118.000000
RW_4	ARO:3003577	ugd	26526	69.849623	69.830709	113.000000
RW_4	ARO:3003578	PmrF	6646	56.368417	53.688971	109.000000
RW_4	ARO:3003583	basS	6882	46.939233	43.235440	65.500000
RW_4	ARO:3003589	NmcA	42	48.707143	47.064286	81.600000
RW_4	ARO:3003591	SHV-191	5	69.540000	71.780000	79.700000
RW_4	ARO:3003593	OXA-437	51	75.749020	80.752941	105.000000
RW_4	ARO:3003594	OXA-438	450	54.349111	54.222444	109.000000
RW_4	ARO:3003595	OXA-439	821	53.449330	55.423752	109.000000
RW_4	ARO:3003596	OXA-440	49	59.479592	63.455102	102.000000
RW_4	ARO:3003597	OXA-441	3	45.800000	43.400000	49.300000
RW_4	ARO:3003598	OXA-442	8	67.575000	71.537500	95.500000
RW_4	ARO:3003599	OXA-443	111	56.073874	57.597297	76.600000
RW_4	ARO:3003600	OXA-444	160	45.749375	49.324375	95.500000
RW_4	ARO:3003602	OXA-446	6	47.683333	43.183333	47.000000
RW_4	ARO:3003603	OXA-447	13	53.553846	41.661538	57.000000
RW_4	ARO:3003604	OXA-448	12	49.491667	41.191667	47.800000
RW_4	ARO:3003605	OXA-449	7	45.142857	44.957143	49.700000
RW_4	ARO:3003606	OXA-450	29	50.141379	45.948276	60.800000
RW_4	ARO:3003607	OXA-451	29	50.141379	45.948276	60.800000
RW_4	ARO:3003608	OXA-452	32	49.381250	45.578125	60.800000
RW_4	ARO:3003609	OXA-453	32	49.381250	45.565625	60.800000
RW_4	ARO:3003610	OXA-454	1769	96.726851	89.898417	111.000000
RW_4	ARO:3003611	OXA-455	58	48.462069	48.993103	102.000000
RW_4	ARO:3003613	OXA-457	87	52.533333	52.567816	91.300000
RW_4	ARO:3003614	OXA-458	43	50.053488	51.948837	91.700000
RW_4	ARO:3003615	OXA-459	34	53.314706	51.367647	94.700000
RW_4	ARO:3003616	OXA-460	35	45.842857	43.040000	58.500000
RW_4	ARO:3003617	OXA-461	34	49.247059	45.235294	60.800000
RW_4	ARO:3003620	OXA-464	3092	69.943079	73.191397	110.000000
RW_4	ARO:3003621	OXA-465	20	48.640000	44.065000	54.700000
RW_4	ARO:3003622	OXA-466	17	47.405882	43.664706	54.700000
RW_4	ARO:3003626	OXA-470	336	50.059524	48.197321	106.000000
RW_4	ARO:3003627	OXA-471	345	50.028696	48.323768	106.000000
RW_4	ARO:3003628	OXA-472	142	47.235211	47.700704	103.000000
RW_4	ARO:3003629	OXA-473	342	50.034211	48.315205	104.000000
RW_4	ARO:3003631	OXA-474	335	50.183582	48.344776	104.000000
RW_4	ARO:3003632	OXA-475	331	50.160423	48.422356	106.000000
RW_4	ARO:3003633	OXA-476	343	50.083965	48.540525	106.000000
RW_4	ARO:3003634	OXA-477	354	50.052260	48.283051	100.000000
RW_4	ARO:3003635	OXA-478	216	49.481944	47.436111	104.000000
RW_4	ARO:3003636	OXA-479	342	49.936257	48.201170	106.000000
RW_4	ARO:3003638	OXA-481	150	64.763333	67.389333	108.000000
RW_4	ARO:3003639	OXA-482	44	59.720455	63.709091	108.000000
RW_4	ARO:3003640	OXA-483	35	63.994286	67.002857	108.000000
RW_4	ARO:3003641	OXA-484	107	66.885047	66.266355	109.000000
RW_4	ARO:3003642	OXA-485	75	53.264000	56.722667	79.300000
RW_4	ARO:3003643	OXA-486	130	53.132308	54.983077	82.400000
RW_4	ARO:3003645	OXA-488	99	52.314141	55.107071	82.400000
RW_4	ARO:3003646	CTX-M-162	2	100.000000	102.000000	102.000000
RW_4	ARO:3003647	CTX-M-163	3	100.000000	103.666667	105.000000
RW_4	ARO:3003648	CTX-M-164	3	100.000000	103.666667	105.000000
RW_4	ARO:3003649	CTX-M-165	111	70.704505	69.965766	104.000000
RW_4	ARO:3003650	CTX-M-166	6	50.900000	53.783333	55.800000
RW_4	ARO:3003652	CMY-132	24	71.312500	74.962500	110.000000
RW_4	ARO:3003653	CMY-133	41	35.995122	40.117073	45.800000
RW_4	ARO:3003655	ACT-38	65	85.301538	79.833846	111.000000
RW_4	ARO:3003657	IMP-49	22	54.918182	60.586364	84.000000
RW_4	ARO:3003659	IMP-51	30	56.670000	54.373333	102.000000
RW_4	ARO:3003660	VIM-44	8	75.550000	53.862500	102.000000
RW_4	ARO:3003661	VIM-45	6	84.383333	58.083333	102.000000
RW_4	ARO:3003662	VIM-46	3	68.766667	60.700000	102.000000
RW_4	ARO:3003663	NDM-15	33	93.130303	87.263636	109.000000
RW_4	ARO:3003664	NDM-16a	17	99.882353	100.811765	108.000000
RW_4	ARO:3003665	NmcR	4333	52.521209	46.983522	73.900000
RW_4	ARO:3003670	PEDO-1	145	50.369655	47.810345	77.000000
RW_4	ARO:3003676	AAC(6')-Ib'	1587	95.047133	89.725331	110.000000
RW_4	ARO:3003677	AAC(6')-Iaj	24	58.179167	61.004167	91.300000
RW_4	ARO:3003679	TriA	1342	56.377943	46.981297	77.000000
RW_4	ARO:3003680	TriB	233	56.888841	47.574249	73.200000
RW_4	ARO:3003681	TriC	31369	54.456910	52.543374	99.800000
RW_4	ARO:3003682	OpmH	3579	57.808298	53.877815	94.000000
RW_4	ARO:3003689	MCR-1.1	6187	58.307451	60.001325	111.000000
RW_4	ARO:3003692	MexJ	3229	55.495076	51.679312	88.600000
RW_4	ARO:3003693	MexK	50001	63.144303	61.181884	101.000000
RW_4	ARO:3003698	mexP	2229	50.001032	45.974877	85.900000
RW_4	ARO:3003699	mexQ	93919	54.275390	50.770736	93.200000
RW_4	ARO:3003700	opmE	1166	52.955060	42.454202	64.300000
RW_4	ARO:3003704	mexM	1962	47.628593	46.779307	70.900000
RW_4	ARO:3003705	mexN	48574	55.166163	51.159279	88.600000
RW_4	ARO:3003712	VEB-16	593	98.642159	100.190051	106.000000
RW_4	ARO:3003713	VCC-1	52	52.888462	50.682692	62.000000
RW_4	ARO:3003714	PEDO-2	69	58.342029	59.740580	103.000000
RW_4	ARO:3003715	PEDO-3	61	50.029508	55.796721	75.900000
RW_4	ARO:3003716	CPS-1	84	67.317857	68.878571	98.200000
RW_4	ARO:3003717	ESP-1	109	70.015596	71.551376	106.000000
RW_4	ARO:3003718	MSI-1	399	44.902005	44.348371	81.300000
RW_4	ARO:3003719	MSI-OXA	322	51.353727	50.008075	95.100000
RW_4	ARO:3003720	SPG-1	107	54.844860	52.974766	81.300000
RW_4	ARO:3003723	vanI	5053	52.995468	47.949951	90.500000
RW_4	ARO:3003724	vanW_in_vanI_cl	332	50.665361	47.275301	62.800000
RW_4	ARO:3003725	vanX_in_vanI_cl	272	49.987132	48.626471	79.700000
RW_4	ARO:3003727	vanK_in_vanI_cl	94	48.925532	49.678723	70.500000
RW_4	ARO:3003728	vanR_in_vanI_cl	39992	52.164030	51.935782	90.900000
RW_4	ARO:3003730	Bbif_ileS_MUP	14463	58.551248	60.848372	118.000000
RW_4	ARO:3003731	fusD	6	50.683333	54.800000	74.700000
RW_4	ARO:3003733	fusC	6	46.833333	50.000000	61.600000
RW_4	ARO:3003741	mphE	16179	96.994623	92.981606	112.000000
RW_4	ARO:3003742	mphG	9761	69.996189	68.621463	119.000000
RW_4	ARO:3003744	vatF	3639	58.405496	58.144408	100.000000
RW_4	ARO:3003745	mef(C)	2746	85.553314	78.887800	104.000000
RW_4	ARO:3003746	optrA	52671	47.997076	48.347783	104.000000
RW_4	ARO:3003748	oleC	11068	47.245763	49.068684	85.100000
RW_4	ARO:3003749	salA	17407	42.565657	42.805279	99.800000
RW_4	ARO:3003762	lnuE	116	58.142241	62.068103	92.000000
RW_4	ARO:3003767	mphM	2111	47.924017	47.045429	99.400000
RW_4	ARO:3003770	Lmon_mprF	550	50.770364	52.092000	79.700000
RW_4	ARO:3003772	Bsui_mprF	1134	48.087654	48.362787	98.200000
RW_4	ARO:3003773	Cper_mprF	420	51.045952	51.755714	106.000000
RW_4	ARO:3003774	Saga_mprF	293	48.677474	50.987372	79.300000
RW_4	ARO:3003785	Ctra_murA_FOF	1577	53.857768	51.678821	83.200000
RW_4	ARO:3003793	SPM-1	36	49.216667	48.447222	94.000000
RW_4	ARO:3003796	Abau_ampC_BLA	2	67.050000	70.650000	72.400000
RW_4	ARO:3003801	bcr-1	6873	52.300291	49.544944	104.000000
RW_4	ARO:3003811	adeC	14615	59.092501	56.817455	104.000000
RW_4	ARO:3003835	cdeA	1131	46.998939	46.180637	68.200000
RW_4	ARO:3003836	qacH	913	44.284228	44.444031	74.300000
RW_4	ARO:3003838	gadW	501	83.590419	79.610978	105.000000
RW_4	ARO:3003839	Mrx	2701	98.382673	87.717401	101.000000
RW_4	ARO:3003841	kdpE	38060	52.713873	50.937801	111.000000
RW_4	ARO:3003842	MUS-2	38	50.634211	55.810526	107.000000
RW_4	ARO:3003843	leuO	3457	63.970003	60.982991	110.000000
RW_4	ARO:3003847	ADC-1	229	69.484716	73.056769	108.000000
RW_4	ARO:3003848	ADC-2	756	65.628571	72.375265	108.000000
RW_4	ARO:3003849	ADC-3	664	65.725753	73.546687	108.000000
RW_4	ARO:3003850	ADC-4	528	68.233523	76.611364	108.000000
RW_4	ARO:3003851	ADC-5	229	62.736245	65.310480	110.000000
RW_4	ARO:3003852	ADC-6	148	70.152027	73.002027	108.000000
RW_4	ARO:3003853	ADC-7	551	66.254265	74.684574	106.000000
RW_4	ARO:3003854	ADC-8	1977	69.089479	71.935660	101.000000
RW_4	ARO:3003856	ADC-12	637	67.239403	70.040816	106.000000
RW_4	ARO:3003857	ADC-13	1067	66.178351	71.303561	107.000000
RW_4	ARO:3003858	ADC-14	881	65.308173	70.316913	107.000000
RW_4	ARO:3003859	ADC-15	1381	63.471253	67.476539	106.000000
RW_4	ARO:3003860	ADC-16	1105	66.472127	72.957466	108.000000
RW_4	ARO:3003861	ADC-17	907	63.680375	67.098126	105.000000
RW_4	ARO:3003862	ADC-18	565	61.364779	63.445841	108.000000
RW_4	ARO:3003863	ADC-19	1309	63.322154	66.772880	108.000000
RW_4	ARO:3003864	ADC-20	1143	65.579265	70.598163	106.000000
RW_4	ARO:3003865	ADC-21	1287	64.702176	71.817638	108.000000
RW_4	ARO:3003866	ADC-22	1175	64.409532	68.861191	108.000000
RW_4	ARO:3003867	ADC-23	547	61.780804	63.827605	108.000000
RW_4	ARO:3003868	ADC-25	224	63.446875	67.239286	104.000000
RW_4	ARO:3003870	ADC-31	175	69.738286	73.534857	108.000000
RW_4	ARO:3003871	ADC-39	82	68.273171	70.947561	110.000000
RW_4	ARO:3003872	ADC-41	857	67.094049	72.326838	106.000000
RW_4	ARO:3003873	ADC-42	364	63.062637	66.747802	103.000000
RW_4	ARO:3003874	ADC-43	450	66.223333	73.650667	106.000000
RW_4	ARO:3003876	ADC-44	786	62.759924	64.829135	106.000000
RW_4	ARO:3003878	ADC-56	125	68.190400	73.795200	104.000000
RW_4	ARO:3003879	ADC-61	124	68.125806	73.657258	104.000000
RW_4	ARO:3003880	ADC-74	87	64.237931	58.168966	110.000000
RW_4	ARO:3003881	ADC-75	116	67.920690	73.709483	103.000000
RW_4	ARO:3003882	ADC-76	230	65.422174	68.140000	106.000000
RW_4	ARO:3003883	ADC-77	94	67.887234	77.835106	106.000000
RW_4	ARO:3003884	ADC-78	153	65.864706	65.028758	79.000000
RW_4	ARO:3003885	ADC-79	53	65.592453	73.571698	106.000000
RW_4	ARO:3003886	ADC-80	36	62.383333	61.788889	104.000000
RW_4	ARO:3003887	ADC-81	84	65.625000	61.897619	77.800000
RW_4	ARO:3003888	ADC-82	77	67.754545	73.723377	79.000000
RW_4	ARO:3003894	Rm3	231	52.686147	50.287446	82.400000
RW_4	ARO:3003905	ANT(4')-Ib	5	45.200000	45.600000	52.000000
RW_4	ARO:3003907	cipA	691	49.651375	46.596961	89.700000
RW_4	ARO:3003908	Erm(47)	674	48.850445	49.171217	102.000000
RW_4	ARO:3003918	apmA	738	50.085908	46.359485	67.400000
RW_4	ARO:3003920	pgpB	148	46.910135	46.035135	77.400000
RW_4	ARO:3003922	oqxA	4152	52.966040	49.569220	109.000000
RW_4	ARO:3003923	oqxB	99426	55.154032	51.930795	110.000000
RW_4	ARO:3003942	abcA	153	56.032026	55.184314	100.000000
RW_4	ARO:3003948	efrA	45543	49.141220	49.852682	99.400000
RW_4	ARO:3003949	efrB	50244	49.635857	49.734253	102.000000
RW_4	ARO:3003950	msbA	37939	55.814054	55.260734	105.000000
RW_4	ARO:3003952	YojI	9240	60.786050	57.838961	111.000000
RW_4	ARO:3003953	hmrM	3686	51.602957	52.044031	92.000000
RW_4	ARO:3003954	efmA	751	48.904794	47.909188	105.000000
RW_4	ARO:3003955	efpA	912	47.949232	47.013158	97.400000
RW_4	ARO:3003961	farA	9496	58.499800	58.434446	85.900000
RW_4	ARO:3003962	farB	15570	56.535549	59.174207	102.000000
RW_4	ARO:3003964	hp1181	5004	50.689329	48.291547	76.300000
RW_4	ARO:3003967	lfrA	1189	52.964424	50.050631	95.900000
RW_4	ARO:3003969	lmrP	26	49.096154	48.100000	96.700000
RW_4	ARO:3003971	Erm(44)v	992	56.066835	57.505544	81.600000
RW_4	ARO:3003980	tetA(58)	13384	49.062470	49.118522	99.800000
RW_4	ARO:3003981	tetB(58)	143	57.520979	54.267832	91.300000
RW_4	ARO:3003982	LlmA_23S_CLI	2979	61.297952	65.035280	100.000000
RW_4	ARO:3003983	CatU	486	53.682922	57.285391	83.200000
RW_4	ARO:3003984	BahA	31	55.670968	57.870968	80.900000
RW_4	ARO:3003986	TaeA	58229	49.114359	49.190613	92.800000
RW_4	ARO:3003987	VatI	3668	57.653190	54.542830	92.800000
RW_4	ARO:3003988	AAC(2')-IIb	5	50.980000	50.980000	55.800000
RW_4	ARO:3003989	AAC(6')-34	58	45.543103	51.179310	86.700000
RW_4	ARO:3003990	vgbC	19	48.910526	41.905263	51.200000
RW_4	ARO:3003991	mphI	2018	50.542319	53.641427	68.600000
RW_4	ARO:3003992	rphB	8144	57.030010	52.746881	100.000000
RW_4	ARO:3003994	cpaA	3	52.033333	43.000000	45.800000
RW_4	ARO:3004032	tetA(46)	17796	47.030647	46.193555	103.000000
RW_4	ARO:3004033	tetB(46)	33416	50.885630	51.144182	102.000000
RW_4	ARO:3004035	tetA(60)	17352	49.854950	44.984555	80.100000
RW_4	ARO:3004036	tetB(60)	33759	50.778640	50.302405	97.400000
RW_4	ARO:3004038	Paer_emrE	4591	53.091113	51.074080	77.000000
RW_4	ARO:3004039	Ecol_emrE	5000	53.006360	50.365160	111.000000
RW_4	ARO:3004041	Kpne_acrA	13289	58.271345	55.949101	104.000000
RW_4	ARO:3004042	Eclo_acrA	16270	58.572483	56.146281	103.000000
RW_4	ARO:3004043	Ecol_acrA	17149	58.476897	56.189247	104.000000
RW_4	ARO:3004047	kdpD	3861	48.479461	48.840767	74.300000
RW_4	ARO:3004054	Paer_CpxR	34023	55.449857	52.744076	104.000000
RW_4	ARO:3004063	EdeQ	59	42.050847	44.138983	65.100000
RW_4	ARO:3004072	OpmB	5685	54.518663	48.585910	89.700000
RW_4	ARO:3004073	MuxA	4781	53.885610	49.913930	82.400000
RW_4	ARO:3004074	MuxB	58060	59.952744	56.371114	95.500000
RW_4	ARO:3004075	MuxC	62349	57.289129	52.489592	92.800000
RW_4	ARO:3004077	PmpM	6243	54.535528	51.890886	99.800000
RW_4	ARO:3004085	lnuG	187	60.611230	61.420321	106.000000
RW_4	ARO:3004086	APH(3')-VIIIb	67	58.491045	59.386567	89.700000
RW_4	ARO:3004087	APH(3')-IXa	92	53.188043	51.241304	98.200000
RW_4	ARO:3004089	ANT(3'')-IIa	1185	77.949198	76.878650	110.000000
RW_4	ARO:3004090	ANT(3'')-IIb	1136	71.374472	72.099912	97.400000
RW_4	ARO:3004091	ANT(3'')-IIc	1143	83.222922	81.550481	109.000000
RW_4	ARO:3004092	HMB-1	29	51.689655	42.444828	65.500000
RW_4	ARO:3004093	NDM-17	32	94.537500	85.603125	107.000000
RW_4	ARO:3004094	Erm(48)	1159	54.428214	55.028559	80.500000
RW_4	ARO:3004099	LpeA	56	44.066071	42.364286	75.900000
RW_4	ARO:3004100	LpeB	48474	51.957881	48.352888	80.500000
RW_4	ARO:3004102	kamB	4	47.600000	49.975000	56.600000
RW_4	ARO:3004103	QepA2	1477	49.525728	47.689370	98.200000
RW_4	ARO:3004105	TMB-1	15	50.806667	52.013333	73.200000
RW_4	ARO:3004106	TMB-2	12	50.058333	50.925000	72.400000
RW_4	ARO:3004107	Paer_soxR	1118	63.224955	58.643292	89.000000
RW_4	ARO:3004110	MCR-2.1	6144	58.282227	60.527979	97.100000
RW_4	ARO:3004111	FosA6	437	71.624027	71.846911	114.000000
RW_4	ARO:3004113	FosA7	528	63.349053	64.878220	109.000000
RW_4	ARO:3004122	Kpne_OmpK37	5714	70.158470	70.137592	112.000000
RW_4	ARO:3004123	Bpse_Omp38	1806	56.958749	44.007475	85.100000
RW_4	ARO:3004139	MCR-3.1	2771	57.226164	61.396896	117.000000
RW_4	ARO:3004142	OprZ	16237	55.799230	49.282805	81.300000
RW_4	ARO:3004143	AxyX	5019	54.163539	50.166348	92.400000
RW_4	ARO:3004144	AxyY	98089	57.470821	53.727707	103.000000
RW_4	ARO:3004146	cfrC	4638	43.750884	44.507352	90.100000
RW_4	ARO:3004185	mecD	2048	47.566309	45.201270	68.900000
RW_4	ARO:3004189	Bla2	33	51.409091	52.739394	97.800000
RW_4	ARO:3004191	APH(2'')-If	306	79.042484	78.655882	104.000000
RW_4	ARO:3004194	MCR-1.2	7709	57.352808	58.533169	111.000000
RW_4	ARO:3004213	GOB-18	170	54.462353	52.957059	95.900000
RW_4	ARO:3004239	NPS-1	1149	64.786597	67.428024	112.000000
RW_4	ARO:3004253	vanU_in_vanG_cl	666	55.513814	47.470871	86.700000
RW_4	ARO:3004254	vanV_in_vanB_cl	57	65.536842	47.729825	81.300000
RW_4	ARO:3004289	Vcho_varG	16	41.518750	39.793750	44.300000
RW_4	ARO:3004290	Ecol_ampC_BLA	947	77.091552	77.179409	112.000000
RW_4	ARO:3004291	Rsph_ampC_BLA	168	53.180952	50.493452	95.500000
RW_4	ARO:3004294	BUT-1	274	56.215693	56.575547	90.500000
RW_4	ARO:3004325	MCR-4.1	5912	54.248292	58.209878	107.000000
RW_4	ARO:3004332	MCR-5.1	7779	57.314809	58.067142	115.000000
RW_4	ARO:3004336	PDC-73	219	59.370776	61.046119	82.000000
RW_4	ARO:3004338	PDC-75	210	60.102857	61.849524	82.000000
RW_4	ARO:3004339	PDC-76	154	56.875325	64.239610	82.000000
RW_4	ARO:3004340	PDC-77	198	59.344949	61.688384	81.300000
RW_4	ARO:3004341	PDC-78	192	59.378646	61.668750	81.300000
RW_4	ARO:3004342	PDC-79	254	58.435827	60.979921	81.300000
RW_4	ARO:3004343	PDC-80	1	39.600000	39.700000	39.700000
RW_4	ARO:3004344	PDC-81	242	58.987603	60.429752	82.000000
RW_4	ARO:3004345	PDC-82	224	59.834375	60.737500	81.300000
RW_4	ARO:3004346	PDC-83	192	60.021875	61.058854	82.000000
RW_4	ARO:3004347	PDC-84	122	57.244262	63.824590	82.000000
RW_4	ARO:3004348	PDC-85	112	62.779464	59.875893	82.000000
RW_4	ARO:3004349	PDC-86	23	70.656522	65.304348	80.900000
RW_4	ARO:3004350	PDC-87	80	62.698750	67.058750	83.600000
RW_4	ARO:3004351	PDC-88	236	59.740678	61.107627	83.600000
RW_4	ARO:3004352	PDC-89	293	59.197611	61.218089	83.600000
RW_4	ARO:3004353	PDC-90	261	59.565900	61.378927	83.600000
RW_4	ARO:3004354	PDC-91	293	59.080887	61.194881	83.600000
RW_4	ARO:3004355	PDC-92	242	59.919421	61.341736	83.600000
RW_4	ARO:3004356	PDC-93	83	66.026506	59.302410	83.600000
RW_4	ARO:3004357	catV	691	55.108249	57.739363	81.300000
RW_4	ARO:3004359	ACI-1	313	81.745048	81.528435	109.000000
RW_4	ARO:3004361	sul4	9283	52.301282	50.009447	108.000000
RW_4	ARO:3004362	OXA-535	203	52.931034	53.827586	106.000000
RW_4	ARO:3004364	almG	11	55.681818	50.681818	105.000000
RW_4	ARO:3004379	QepA4	1571	49.859580	47.724761	98.200000
RW_4	ARO:3004441	tet(59)	4413	57.672490	56.555495	102.000000
RW_4	ARO:3004442	tet(W/N/W)	24805	60.434562	56.588478	113.000000
RW_4	ARO:3004444	RSA1-1	392	88.228316	83.161480	104.000000
RW_4	ARO:3004450	TRU-1	304	62.029605	62.883882	94.400000
RW_4	ARO:3004451	Afab_ACT_CHL	5238	56.213288	56.686961	99.000000
RW_4	ARO:3004452	Acla_ACT_CHL	183	52.728962	58.337158	97.400000
RW_4	ARO:3004454	Ccol_ACT_CHL	627	58.196172	60.309729	110.000000
RW_4	ARO:3004455	Ssui_ACT_CHL	434	49.956221	55.805991	82.400000
RW_4	ARO:3004456	Efac_ACT_CHL	473	52.154334	56.640592	103.000000
RW_4	ARO:3004457	Sint_ACT_CHL	508	52.030512	56.869488	96.300000
RW_4	ARO:3004458	Efae_ACT_CHL	483	51.153623	56.748861	96.300000
RW_4	ARO:3004460	Vang_ACT_CHL	541	53.461553	58.272828	113.000000
RW_4	ARO:3004463	EBR-2	45	66.900000	69.308889	107.000000
RW_4	ARO:3004464	CFE-2	62	66.324194	63.537097	100.000000
RW_4	ARO:3004466	ICR-Mc	3817	56.460755	54.213230	101.000000
RW_4	ARO:3004470	poxtA	19696	46.452483	45.858677	98.200000
RW_4	ARO:3004476	vmlR	23733	48.564855	49.528892	93.600000
RW_4	ARO:3004478	OXA-665	291	66.132990	68.661856	106.000000
RW_4	ARO:3004479	OXA-664	173	76.300578	77.272832	105.000000
RW_4	ARO:3004480	Bado_rpoB_RIF	105877	66.950085	69.447742	112.000000
RW_4	ARO:3004489	OXA-663	2128	94.024483	92.272180	111.000000
RW_4	ARO:3004493	ADC-68	435	63.346437	64.339310	106.000000
RW_4	ARO:3004494	IMP-55	5	83.160000	83.380000	110.000000
RW_4	ARO:3004495	IMP-56	16	57.643750	64.843750	73.600000
RW_4	ARO:3004496	KPC-24	4	100.000000	102.250000	104.000000
RW_4	ARO:3004498	dfrB4	98	79.321429	74.681633	106.000000
RW_4	ARO:3004500	MCR-3.11	4389	57.434951	61.348918	117.000000
RW_4	ARO:3004501	MCR-6.1	5168	59.387481	60.633011	95.900000
RW_4	ARO:3004502	MCR-2.2	6027	58.096582	60.323362	97.100000
RW_4	ARO:3004503	MCR-3.6	6977	58.484478	62.299771	118.000000
RW_4	ARO:3004504	MCR-3.10	3235	60.868934	63.674900	118.000000
RW_4	ARO:3004505	MCR-3.5	5223	58.481754	62.270611	117.000000
RW_4	ARO:3004506	MCR-1.10	7171	57.429354	58.560800	111.000000
RW_4	ARO:3004507	MCR-1.9	6621	56.734693	57.021386	111.000000
RW_4	ARO:3004508	MCR-3.9	2524	61.132448	64.490650	118.000000
RW_4	ARO:3004509	MCR-3.8	6674	58.694816	62.227165	118.000000
RW_4	ARO:3004510	MCR-3.7	3095	60.603005	65.565040	117.000000
RW_4	ARO:3004511	MCR-3.2	2917	58.226808	62.655571	117.000000
RW_4	ARO:3004513	MCR-1.6	7240	57.360428	58.895525	111.000000
RW_4	ARO:3004514	MCR-1.3	7141	57.518457	59.042683	111.000000
RW_4	ARO:3004515	MCR-1.4	6627	57.574302	59.059695	111.000000
RW_4	ARO:3004516	MCR-8.1	9032	55.339028	56.821612	98.600000
RW_4	ARO:3004517	MCR-7.1	6827	56.499370	59.843313	111.000000
RW_4	ARO:3004539	mphH	2203	49.489333	49.622515	82.800000
RW_4	ARO:3004541	mphK	2019	46.256711	50.616642	78.600000
RW_4	ARO:3004542	mphN	208	48.861058	55.375481	69.300000
RW_4	ARO:3004543	mphO	1802	43.564983	44.482741	106.000000
RW_4	ARO:3004544	mphJ	2338	52.965355	55.284645	71.600000
RW_4	ARO:3004547	dfrA6	1400	53.983429	53.319714	94.700000
RW_4	ARO:3004548	dfrA9	2700	51.692111	51.269741	71.200000
RW_4	ARO:3004549	dfrB5	112	94.006250	80.974107	110.000000
RW_4	ARO:3004550	dfrA27	1022	68.837182	67.971526	109.000000
RW_4	ARO:3004551	dfrA28	1020	68.253333	67.695196	109.000000
RW_4	ARO:3004552	dfrA30	1305	66.886207	65.450958	107.000000
RW_4	ARO:3004554	dfrA29	1673	62.123371	58.663778	107.000000
RW_4	ARO:3004555	dfrA32	955	66.655288	67.373508	106.000000
RW_4	ARO:3004556	dfrB7	110	90.077273	79.006364	108.000000
RW_4	ARO:3004559	CAM-1	64	52.660938	61.151563	82.800000
RW_4	ARO:3004568	dfrA18	2640	52.826515	49.482917	71.200000
RW_4	ARO:3004569	ICR-Mo	6540	72.172034	71.686453	113.000000
RW_4	ARO:3004571	PNGM-1	16	43.706250	47.793750	68.200000
RW_4	ARO:3004572	Saur_LmrS	1047	44.362751	46.140306	77.000000
RW_4	ARO:3004573	Abau_AbaF	9585	48.962702	50.929411	110.000000
RW_4	ARO:3004574	Abau_AbaQ	2554	54.449413	58.763430	107.000000
RW_4	ARO:3004577	Abau_AmvA	1672	57.378409	55.608134	107.000000
RW_4	ARO:3004580	Kpne_KpnE	2061	48.011548	45.693741	94.000000
RW_4	ARO:3004581	tet(48)	113	46.734513	43.945133	69.700000
RW_4	ARO:3004582	tet(49)	91	50.854945	48.889011	80.900000
RW_4	ARO:3004583	Kpne_KpnF	350	84.500857	75.975714	102.000000
RW_4	ARO:3004584	tet(50)	137	51.124088	45.057664	94.400000
RW_4	ARO:3004586	tet(51)	105	50.048571	47.452381	82.000000
RW_4	ARO:3004587	tet(52)	112	50.916964	45.862500	83.200000
RW_4	ARO:3004588	Kpne_KpnG	8968	61.768744	60.793711	107.000000
RW_4	ARO:3004589	tet(53)	102	51.376471	46.245098	78.200000
RW_4	ARO:3004590	tet(54)	111	47.091892	45.080180	82.400000
RW_4	ARO:3004591	tet(55)	68	53.554412	51.145588	79.000000
RW_4	ARO:3004592	erm(32)	1112	50.384353	46.306745	69.700000
RW_4	ARO:3004595	erm(45)	1646	60.903098	62.570535	80.900000
RW_4	ARO:3004596	erm(46)	272	64.097426	65.728676	85.100000
RW_4	ARO:3004597	Kpne_KpnH	15363	62.235293	63.492859	115.000000
RW_4	ARO:3004599	clcD	1610	44.345155	43.726522	88.200000
RW_4	ARO:3004600	LnuH	386	83.257772	80.747409	111.000000
RW_4	ARO:3004601	LnuP	232	59.162500	62.280603	110.000000
RW_4	ARO:3004603	tet(56)	76	53.063158	49.719737	98.200000
RW_4	ARO:3004605	ermZ	1	50.000000	39.300000	39.300000
RW_4	ARO:3004606	erm(40)	400	60.829500	61.493000	98.200000
RW_4	ARO:3004608	EreD	982	75.682179	75.072912	112.000000
RW_4	ARO:3004613	tet(47)	110	50.080000	48.193636	82.800000
RW_4	ARO:3004615	ADC-11	380	63.431579	64.812632	110.000000
RW_4	ARO:3004617	ADC-30	365	66.460822	69.215616	108.000000
RW_4	ARO:3004618	ADC-58	835	67.633413	74.664431	108.000000
RW_4	ARO:3004619	ADC-59	377	66.433687	70.195491	108.000000
RW_4	ARO:3004620	ADC-60	275	65.870545	68.998909	108.000000
RW_4	ARO:3004621	AAC(3)-IIe	195	85.588718	84.655897	108.000000
RW_4	ARO:3004622	QnrS10	674	84.105490	65.277003	103.000000
RW_4	ARO:3004623	AAC(3)-IId	200	88.805500	86.178000	112.000000
RW_4	ARO:3004624	QnrS11	910	79.353077	67.218462	106.000000
RW_4	ARO:3004625	QnrS12	529	87.463327	65.520794	103.000000
RW_4	ARO:3004626	Erm(49)	527	45.052562	42.638330	97.800000
RW_4	ARO:3004627	QnrS15	678	84.309292	65.699263	103.000000
RW_4	ARO:3004629	AAC(6')-Im	169	62.025444	64.475740	86.300000
RW_4	ARO:3004632	ADC-62	167	68.840719	73.384431	108.000000
RW_4	ARO:3004633	ADC-67	263	68.147148	72.402281	108.000000
RW_4	ARO:3004634	ADC-73	214	68.312150	71.044860	108.000000
RW_4	ARO:3004635	AAC(6')-Il	173	89.006936	81.353757	109.000000
RW_4	ARO:3004636	qnrE1	87	65.259770	60.720690	111.000000
RW_4	ARO:3004637	qnrE2	89	66.633708	60.104494	111.000000
RW_4	ARO:3004638	AAC(6')-I-48	197	52.191371	49.193401	68.900000
RW_4	ARO:3004639	Cstr_tetA	19974	51.657950	43.775143	98.600000
RW_4	ARO:3004640	dfrA15b	1340	70.522761	68.262388	108.000000
RW_4	ARO:3004641	AAC(6')-I-43	23	57.678261	58.152174	114.000000
RW_4	ARO:3004642	dfrA3b	10	42.960000	41.080000	43.500000
RW_4	ARO:3004643	Erm(K)	109	41.805505	41.366055	53.100000
RW_4	ARO:3004644	Pmir_dfrA6	1234	55.653241	55.459806	103.000000
RW_4	ARO:3004645	dfrI	4464	54.188060	54.798678	92.000000
RW_4	ARO:3004647	AQU-2	947	71.523865	75.096621	108.000000
RW_4	ARO:3004648	AQU-3	679	72.939175	77.944477	108.000000
RW_4	ARO:3004649	cfr(B)	1680	44.207440	43.669048	88.200000
RW_4	ARO:3004651	lin	41711	47.389439	46.148026	73.600000
RW_4	ARO:3004652	Erm(O)-lrm	148	46.368243	39.711486	48.100000
RW_4	ARO:3004655	nimB	844	63.591114	63.567654	94.700000
RW_4	ARO:3004656	Ecol_catII	491	51.149287	54.497352	102.000000
RW_4	ARO:3004657	catA4	496	55.167540	58.516935	99.400000
RW_4	ARO:3004658	catA8	496	50.981048	55.850605	107.000000
RW_4	ARO:3004659	Mef(En2)	908	60.796586	58.636674	110.000000
RW_4	ARO:3004660	catB11	3780	60.198228	61.317222	110.000000
RW_4	ARO:3004661	Saur_FosB	68	61.033824	43.532353	78.200000
RW_4	ARO:3004662	MCR-3.3	6301	58.538883	62.044628	118.000000
RW_4	ARO:3004663	FusF	14	52.478571	55.921429	95.500000
RW_4	ARO:3004665	cmlA8	6485	66.194233	63.193616	108.000000
RW_4	ARO:3004666	pexA	14	52.007143	53.678571	92.400000
RW_4	ARO:3004667	Saur_norA	172	47.194767	47.572674	91.700000
RW_4	ARO:3004668	QnrAS	1054	73.242315	77.194402	103.000000
RW_4	ARO:3004669	emtA	10	56.120000	53.010000	105.000000
RW_4	ARO:3004670	FosB1	61	60.439344	43.101639	100.000000
RW_4	ARO:3004671	FosB4	61	60.439344	42.988525	100.000000
RW_4	ARO:3004672	FosB5	58	61.406897	43.081034	97.100000
RW_4	ARO:3004673	FosB6	63	59.520635	42.395238	97.400000
RW_4	ARO:3004674	FosD	72	62.526389	43.693056	84.700000
RW_4	ARO:3004675	aphA15	86	60.543023	57.025581	108.000000
RW_4	ARO:3004677	rmtD2	7	54.085714	47.528571	59.700000
RW_4	ARO:3004678	rmtE	3	38.500000	42.833333	50.400000
RW_4	ARO:3004679	rmtE2	3	38.500000	42.833333	50.400000
RW_4	ARO:3004680	APH(3')-VIIIa	200	52.305500	53.243000	67.000000
RW_4	ARO:3004682	aadA27	1176	84.450765	82.490391	111.000000
RW_4	ARO:3004683	aadS	2520	98.303690	95.840278	115.000000
RW_4	ARO:3004684	MCR-9.1	7002	55.798286	58.906827	108.000000
RW_4	ARO:3004685	MCR-1.5	7698	57.533009	58.368667	95.500000
RW_4	ARO:3004686	MCR-1.7	7967	57.162583	58.295393	111.000000
RW_4	ARO:3004687	MCR-1.8	7934	57.255495	58.350013	111.000000
RW_4	ARO:3004688	MCR-1.11	4	52.350000	47.250000	55.800000
RW_4	ARO:3004689	MCR-1.12	7984	57.251353	58.342460	111.000000
RW_4	ARO:3004690	MCR-1.13	7854	57.316208	58.419353	111.000000
RW_4	ARO:3004691	MCR-3.4	4465	57.582553	61.330750	117.000000
RW_4	ARO:3004692	aadA10	4141	75.395194	76.444844	110.000000
RW_4	ARO:3004693	MCR-3.12	4110	59.629124	63.457470	117.000000
RW_4	ARO:3004694	MCR-4.2	6643	53.979226	57.850263	107.000000
RW_4	ARO:3004695	MCR-4.3	6025	54.274456	58.192631	107.000000
RW_4	ARO:3004696	MCR-4.4	6539	53.994372	57.949182	107.000000
RW_4	ARO:3004697	MCR-4.5	6485	54.033477	58.011951	107.000000
RW_4	ARO:3004698	MCR-5.2	7799	57.312130	58.039441	115.000000
RW_4	ARO:3004699	sta	28	48.467857	41.739286	45.100000
RW_4	ARO:3004704	aadA8b	4587	84.546414	81.930412	110.000000
RW_4	ARO:3004715	Scoh_vga(E)	35615	48.602075	47.293550	73.600000
RW_4	ARO:3004719	tet(X3)	1629	72.428668	66.833640	108.000000
RW_4	ARO:3004720	tet(X4)	1659	76.579626	71.026703	111.000000
RW_4	ARO:3004730	tva(A)	13809	47.737157	42.018568	101.000000
RW_4	ARO:3004734	ARL-1	32	45.943750	48.159375	75.100000
RW_4	ARO:3004735	ARL-2	23	48.113043	50.073913	76.300000
RW_4	ARO:3004736	ARL-3	23	48.113043	50.073913	76.300000
RW_4	ARO:3004737	ARL-4	24	48.320833	50.045833	76.300000
RW_4	ARO:3004738	ARL-5	20	49.120000	51.275000	76.300000
RW_4	ARO:3004739	ARL-6	71	41.756338	45.546479	75.100000
RW_4	ARO:3004740	AST-1	137	51.542336	50.045255	69.300000
RW_4	ARO:3004745	MIR-23	138	85.573913	86.876812	112.000000
RW_4	ARO:3004747	BAT-1	126	48.001587	53.383333	72.400000
RW_4	ARO:3004749	BCL-1	145	55.879310	58.665517	84.700000
RW_4	ARO:3004751	BES-1	287	70.785714	68.654704	104.000000
RW_4	ARO:3004753	BIC-1	134	56.353731	57.436567	73.900000
RW_4	ARO:3004755	BIL-1	2	42.600000	43.900000	45.800000
RW_4	ARO:3004757	BKC-1	275	58.355273	57.481818	94.400000
RW_4	ARO:3004759	BPU-1	191	46.944503	52.321466	72.400000
RW_4	ARO:3004761	BRO-1	322	63.195342	64.875776	96.300000
RW_4	ARO:3004762	BRO-2	322	62.877329	64.500311	96.300000
RW_4	ARO:3004764	CBP-1	183	55.255191	59.218033	84.000000
RW_4	ARO:3004766	CGA-1	865	63.766590	65.139422	90.900000
RW_4	ARO:3004768	CIA-1	803	61.538979	62.070735	104.000000
RW_4	ARO:3004769	CIA-2	793	60.952207	61.449433	104.000000
RW_4	ARO:3004770	CIA-3	789	61.014068	61.277693	104.000000
RW_4	ARO:3004771	CIA-4	790	61.293165	61.827089	104.000000
RW_4	ARO:3004773	CKO-1	473	57.738055	58.311628	76.300000
RW_4	ARO:3004775	CME-1	711	61.632208	62.155134	92.800000
RW_4	ARO:3004777	CMH-1	93	71.634409	74.943011	110.000000
RW_4	ARO:3004778	CMY-135	19	70.900000	69.652632	107.000000
RW_4	ARO:3004780	DES-1	84	55.667857	52.253571	81.600000
RW_4	ARO:3004782	ERP-1	212	55.460377	54.826887	84.300000
RW_4	ARO:3004784	FAR-1	115	57.757391	56.021739	82.000000
RW_4	ARO:3004786	FIM-1	1	41.700000	38.100000	38.100000
RW_4	ARO:3004788	FONA-1	47	61.478723	63.948936	97.400000
RW_4	ARO:3004789	FONA-2	43	62.030233	64.946512	97.400000
RW_4	ARO:3004790	FONA-3	55	61.740000	62.850909	97.400000
RW_4	ARO:3004791	FONA-4	47	61.478723	63.948936	97.400000
RW_4	ARO:3004792	FONA-5	57	61.926316	64.487719	97.400000
RW_4	ARO:3004793	FONA-6	53	62.003774	62.832075	97.400000
RW_4	ARO:3004795	FPH-1	1	40.000000	42.400000	42.400000
RW_4	ARO:3004797	FRI-1	20	55.295000	54.670000	75.100000
RW_4	ARO:3004798	FRI-2	71	57.890141	52.130986	75.500000
RW_4	ARO:3004799	FRI-3	67	57.632836	51.834328	75.500000
RW_4	ARO:3004802	GOB-10	102	56.413725	57.639216	88.600000
RW_4	ARO:3004803	GOB-11	74	59.613514	61.290541	96.300000
RW_4	ARO:3004804	GOB-12	125	59.170400	60.448800	96.300000
RW_4	ARO:3004805	GOB-13	82	59.623171	61.204878	93.600000
RW_4	ARO:3004806	GOB-14	80	59.751250	61.247500	93.600000
RW_4	ARO:3004807	GOB-15	72	60.402778	61.683333	93.600000
RW_4	ARO:3004808	GOB-16	71	58.349296	60.595775	95.900000
RW_4	ARO:3004809	GOB-2	161	52.615528	51.354037	95.900000
RW_4	ARO:3004810	GOB-3	102	56.634314	57.572549	87.800000
RW_4	ARO:3004811	GOB-4	92	56.435870	57.825000	88.600000
RW_4	ARO:3004812	GOB-5	99	57.520202	59.308081	95.900000
RW_4	ARO:3004813	GOB-6	184	52.583152	51.592935	95.900000
RW_4	ARO:3004814	GOB-7	99	58.979798	58.709091	95.900000
RW_4	ARO:3004815	GOB-8	94	56.474468	57.884043	88.600000
RW_4	ARO:3004816	GOB-9	91	56.180220	57.763736	88.600000
RW_4	ARO:3004823	IMP-52	16	60.743750	59.181250	110.000000
RW_4	ARO:3004825	LAP-1	343	59.200875	59.369096	102.000000
RW_4	ARO:3004826	LAP-2	318	58.556918	58.383019	102.000000
RW_4	ARO:3004827	LEN-35	18	67.138889	68.922222	108.000000
RW_4	ARO:3004828	LEN-36	18	66.477778	68.016667	100.000000
RW_4	ARO:3004829	LEN-37	15	93.606667	91.613333	108.000000
RW_4	ARO:3004837	OXA-724	1062	77.461111	79.187571	117.000000
RW_4	ARO:3004838	LEN-30	20	70.425000	71.990000	108.000000
RW_4	ARO:3004839	LEN-32	6	77.750000	77.100000	99.800000
RW_4	ARO:3004840	LEN-34	15	84.726667	85.466667	108.000000
RW_4	ARO:3004841	LEN-38	12	76.308333	74.208333	100.000000
RW_4	ARO:3004842	LEN-39	14	74.571429	71.678571	100.000000
RW_4	ARO:3004843	LEN-40	5	85.520000	86.080000	100.000000
RW_4	ARO:3004844	LEN-41	15	88.786667	84.640000	100.000000
RW_4	ARO:3004845	LEN-42	14	81.485714	75.500000	100.000000
RW_4	ARO:3004846	LEN-43	13	80.061538	73.723077	100.000000
RW_4	ARO:3004847	LEN-51	16	89.312500	84.931250	108.000000
RW_4	ARO:3004848	LEN-55	18	92.088889	87.911111	108.000000
RW_4	ARO:3004849	LEN-58	22	83.545455	80.950000	108.000000
RW_4	ARO:3004856	SCO-1	654	58.445872	60.601376	81.600000
RW_4	ARO:3004862	NDM-19	24	92.508333	84.850000	109.000000
RW_4	ARO:3004863	NDM-20	31	90.948387	84.435484	109.000000
RW_4	ARO:3004864	NDM-21	34	90.967647	82.744118	109.000000
RW_4	ARO:3004865	NDM-22	31	98.183871	96.222581	109.000000
RW_4	ARO:3004866	NDM-23	33	92.354545	81.266667	109.000000
RW_4	ARO:3004867	NDM-24	38	93.010526	83.913158	109.000000
RW_4	ARO:3004868	NDM-25	35	95.954286	86.814286	109.000000
RW_4	ARO:3004869	NDM-26	28	96.057143	87.892857	109.000000
RW_4	ARO:3004870	NDM-27	29	93.751724	86.124138	109.000000
RW_4	ARO:3004871	NDM-28	36	94.763889	90.644444	109.000000
RW_4	ARO:3005006	tet(57)	4294	58.178924	55.865650	96.300000
RW_4	ARO:3005008	TxR	31812	55.051820	55.166522	82.800000
RW_4	ARO:3005009	qacE	7676	66.196040	60.338093	100.000000
RW_4	ARO:3005010	qacEdelta1	7192	69.871524	62.837291	107.000000
RW_4	ARO:3005012	IDC-1	947	61.101056	62.427561	109.000000
RW_4	ARO:3005013	IDC-2	971	59.571885	62.592070	110.000000
RW_4	ARO:3005015	VMB-1	35	49.688571	53.794286	75.500000
RW_4	ARO:3005016	CMY-150	64	61.120312	69.078125	108.000000
RW_4	ARO:3005018	LMB-1	137	50.471533	51.591971	74.300000
RW_4	ARO:3005019	IMP-68	18	64.133333	63.577778	103.000000
RW_4	ARO:3005021	cfr(D)	929	49.081808	45.842519	82.800000
RW_4	ARO:3005023	cfrE	2893	47.001037	45.295783	90.100000
RW_4	ARO:3005024	FosL1	524	60.885115	62.091794	84.700000
RW_4	ARO:3005027	FRI-4	46	54.771739	51.723913	75.500000
RW_4	ARO:3005028	FRI-5	96	49.525000	47.976042	75.500000
RW_4	ARO:3005029	FRI-6	47	54.846809	52.002128	75.500000
RW_4	ARO:3005030	FRI-7	45	55.155556	52.062222	75.500000
RW_4	ARO:3005031	FRI-8	70	51.002857	47.065714	61.200000
RW_4	ARO:3005032	FRI-9	45	53.717778	50.248889	73.900000
RW_4	ARO:3005033	FLC-1	66	51.063636	47.095455	61.200000
RW_4	ARO:3005035	YRC-1	162	69.730247	72.246296	99.800000
RW_4	ARO:3005036	BLMT	97	56.312371	59.220619	108.000000
RW_4	ARO:3005037	ADC-159	71	56.007042	60.580282	110.000000
RW_4	ARO:3005038	PDC-65	43	64.260465	61.386047	80.900000
RW_4	ARO:3005039	PDC-55	2	48.900000	53.950000	55.500000
RW_4	ARO:3005040	YajC	3363	55.734642	55.570740	102.000000
RW_4	ARO:3005043	cmlA9	5600	53.670714	52.141518	106.000000
RW_4	ARO:3005044	OmpA	7490	61.316382	57.338852	110.000000
RW_4	ARO:3005045	SatA	18	55.244444	60.533333	103.000000
RW_4	ARO:3005046	MecI_rep	40	39.810000	42.320000	58.200000
RW_4	ARO:3005047	eptB	2388	76.483710	77.736348	113.000000
RW_4	ARO:3005049	CrcB	47	45.331915	47.887234	102.000000
RW_4	ARO:3005051	LpsB	2692	75.026226	74.607169	115.000000
RW_4	ARO:3005052	LpsA	252	50.317460	47.978571	63.900000
RW_4	ARO:3005053	ArnT	2178	70.518962	71.776814	115.000000
RW_4	ARO:3005056	tet(X6)	1604	70.965274	67.433416	112.000000
RW_4	ARO:3005057	tet(X5)	1606	73.741034	69.491905	112.000000
RW_4	ARO:3005059	LptD	6982	63.052062	65.868018	114.000000
RW_4	ARO:3005060	OXA-837	46	47.397826	48.767391	71.600000
RW_4	ARO:3005061	AAC(3)-IVb	39	56.648718	47.374359	88.200000
RW_4	ARO:3005062	ANT(3'')-Ib	214	46.346729	47.035514	74.700000
RW_4	ARO:3005063	cprR	38688	49.180436	47.915573	76.600000
RW_4	ARO:3005064	cprS	144	41.900000	42.610417	95.100000
RW_4	ARO:3005067	ParS	5689	51.636474	50.553647	81.300000
RW_4	ARO:3005068	ParR	31068	49.259305	49.825489	83.600000
RW_4	ARO:3005069	rsmA	2655	83.113861	62.235857	96.700000
RW_4	ARO:3005072	ROB-13	164	52.291463	51.706098	72.400000
RW_4	ARO:3005073	ROB-3	152	52.629605	52.041447	72.400000
RW_4	ARO:3005074	ROB-4	150	52.582667	52.033333	72.400000
RW_4	ARO:3005075	ROB-5	195	52.193333	51.670769	72.400000
RW_4	ARO:3005076	ROB-6	182	51.507143	51.268681	72.400000
RW_4	ARO:3005077	ROB-7	182	51.690110	51.507143	72.400000
RW_4	ARO:3005078	ROB-8	176	51.722727	51.397159	72.400000
RW_4	ARO:3005079	ROB-2	146	51.685616	50.578082	65.500000
RW_4	ARO:3005080	ROB-10	173	52.064162	51.845087	72.400000
RW_4	ARO:3005084	dfrA31	1439	54.009104	53.929951	95.900000
RW_4	ARO:3005085	AAC(3)-IIg	178	70.017978	70.517416	92.800000
RW_4	ARO:3005087	msrF	32105	48.549911	49.495549	100.000000
RW_4	ARO:3005088	msrH	34928	49.182418	49.599075	86.700000
RW_4	ARO:3005089	mef(D)	882	54.942971	51.076417	99.400000
RW_4	ARO:3005090	RanB	4691	60.418589	58.436474	99.000000
RW_4	ARO:3005091	RanA	16940	54.307928	51.945372	102.000000
RW_4	ARO:3005093	OXA-899	85	53.512941	55.527059	76.300000
RW_4	ARO:3005094	OXA-898	141	46.588652	49.619149	94.000000
RW_4	ARO:3005096	GPC-1	270	57.943333	57.653704	101.000000
RW_4	ARO:3005097	mecC-type_BlaZ	7	64.700000	66.614286	87.000000
RW_4	ARO:3005098	qacL	6409	64.693915	60.313590	100.000000
RW_4	ARO:3005099	Spyo_ErmA_MLSb	491	64.554990	60.889613	101.000000
RW_4	ARO:3005100	FosB2	18	57.472222	46.633333	70.900000
RW_4	ARO:3005111	blaS1	55	54.234545	54.081818	73.900000
RW_4	ARO:3005112	AAC(6')-Ib-cr3	1481	94.072654	89.555773	110.000000
RW_4	ARO:3005114	AAC(6')-Ib-cr4	1574	93.851715	88.247268	110.000000
RW_4	ARO:3005115	AAC(6')-Ib-cr5	1583	94.216804	88.238092	110.000000
RW_4	ARO:3005116	AAC(6')-Ib-cr6	1565	93.369776	87.797827	108.000000
RW_4	ARO:3005117	AAC(6')-Ib-cr7	1583	93.938977	87.910739	110.000000
RW_4	ARO:3005118	AAC(6')-Ib-cr8	1468	94.930109	88.651226	108.000000
RW_4	ARO:3005119	AAC(6')-Ib-cr9	1499	95.314076	88.432688	110.000000
RW_4	ARO:3005121	lsaD	7985	44.114126	41.778297	95.900000
RW_4	ARO:3005122	PDC-68	36	72.133333	70.575000	86.300000
RW_4	ARO:3005123	PDC-70	21	71.352381	66.090476	80.900000
RW_4	ARO:3005124	PDC-63	61	56.362295	58.527869	77.800000
RW_4	ARO:3005125	PDC-57	28	58.785714	56.117857	76.300000
RW_4	ARO:3005126	PDC-66	69	60.047826	61.434783	80.900000
RW_4	ARO:3005129	PDC-51	6	60.333333	56.450000	72.400000
RW_4	ARO:3005130	OXA-846	98	51.778571	55.139796	82.400000
RW_4	ARO:3005131	NDM-29	31	96.000000	89.616129	109.000000
RW_4	ARO:3005133	PDC-62	602	53.363953	57.029402	78.600000
RW_4	ARO:3005134	PDC-43	7	65.128571	68.342857	72.800000
RW_4	ARO:3005135	PDC-54	11	62.054545	64.381818	78.600000
RW_4	ARO:3005136	OXA-906	57	53.396491	56.577193	79.300000
RW_4	ARO:3005137	PDC-59	31	64.303226	72.016129	82.800000
RW_4	ARO:3005138	OXA-850	85	50.717647	54.617647	82.400000
RW_4	ARO:3005140	PDC-56	21	71.352381	66.090476	80.900000
RW_4	ARO:3005141	PDC-52	1	63.300000	61.200000	61.200000
RW_4	ARO:3005143	PDC-240	76	48.607895	50.971053	75.500000
RW_4	ARO:3005144	PDC-61	5	51.880000	49.760000	66.600000
RW_4	ARO:3005145	PDC-45	6	60.333333	56.450000	72.400000
RW_4	ARO:3005146	PDC-49	21	50.623810	55.623810	74.300000
RW_4	ARO:3005148	PDC-48	2	62.950000	60.700000	65.900000
RW_4	ARO:3005150	PAC-1	658	59.161854	59.121733	111.000000
RW_4	ARO:3005151	PDC-53	7	58.285714	56.314286	72.400000
RW_4	ARO:3005152	PDC-72	6	60.333333	56.450000	72.400000
RW_4	ARO:3005153	PDC-69	9	64.544444	63.744444	76.600000
RW_4	ARO:3005155	PDC-23	51	66.578431	72.060784	86.300000
RW_4	ARO:3005156	PDC-28	5	58.940000	53.260000	71.200000
RW_4	ARO:3005157	PDC-41	623	53.278331	56.833226	78.600000
RW_4	ARO:3005158	OXA-668	480	75.166042	78.278125	103.000000
RW_4	ARO:3005159	OXA-818	24	61.687500	63.450000	108.000000
RW_4	ARO:3005160	OXA-812	28	52.778571	56.439286	108.000000
RW_4	ARO:3005162	FosA7.5	509	63.561886	65.325147	108.000000
RW_4	ARO:3005164	dfrA35	3776	55.629608	55.135567	85.100000
RW_4	ARO:3005166	tet(X1)	1665	61.190270	55.095375	107.000000
RW_4	ARO:3005176	CMY-158	27	97.918519	102.611111	106.000000
RW_4	ARO:3005177	CMY-173	25	94.056000	98.468000	108.000000
RW_4	ARO:3005181	CMY-146	64	72.468750	78.321875	91.700000
RW_4	ARO:3005182	CMY-156	7	55.571429	53.800000	97.400000
RW_4	ARO:3005185	CMY-140	60	74.013333	80.295000	91.700000
RW_4	ARO:3005186	CMY-164	1	48.100000	43.100000	43.100000
RW_4	ARO:3005188	CMY-165	4	49.625000	47.450000	58.900000
RW_4	ARO:3005189	CMY-166	9	66.877778	63.588889	77.800000
RW_4	ARO:3005190	CMY-149	2	100.000000	101.500000	102.000000
RW_4	ARO:3005191	CMY-139	9	52.655556	51.855556	63.500000
RW_4	ARO:3005192	CMY-148	7	51.471429	51.500000	56.200000
RW_4	ARO:3005193	CMY-163	3	54.366667	55.200000	56.200000
RW_4	ARO:3005194	CMY-154	6	58.133333	60.333333	76.600000
RW_4	ARO:3005196	CMY-141	3	47.966667	48.266667	51.600000
RW_4	ARO:3005197	CMY-145	84	79.910714	82.553571	101.000000
RW_4	ARO:3005198	CMY-157	149	65.919463	68.234228	102.000000
RW_4	ARO:3005200	CMY-155	56	67.532143	73.589286	107.000000
RW_4	ARO:3005208	SHV-222	6	68.016667	68.033333	94.000000
RW_4	ARO:3005209	SHV-198	6	68.016667	68.033333	94.000000
RW_4	ARO:3005210	SHV-195	12	61.258333	55.200000	70.500000
RW_4	ARO:3005211	SHV-201	1	47.900000	50.100000	50.100000
RW_4	ARO:3005212	SHV-212	1	47.900000	50.100000	50.100000
RW_4	ARO:3005213	SHV-204	26	55.446154	56.403846	95.900000
RW_4	ARO:3005214	SHV-197	4	60.800000	58.825000	71.600000
RW_4	ARO:3005215	SHV-216	2	66.750000	64.300000	66.600000
RW_4	ARO:3005216	CMY-152	28	81.900000	89.950000	105.000000
RW_4	ARO:3005217	CMY-151	47	50.972340	60.323404	107.000000
RW_4	ARO:3005219	CMY-144	62	67.703226	71.879032	107.000000
RW_4	ARO:3005220	CMY-138	24	99.916667	104.666667	108.000000
RW_4	ARO:3005221	MCR-3.41	3652	60.684310	63.831462	118.000000
RW_4	ARO:3005222	OXA-544	1646	76.947145	77.198724	117.000000
RW_4	ARO:3005226	SHV-208	7	53.528571	56.885714	64.700000
RW_4	ARO:3005229	SHV-196	6	54.466667	48.333333	89.000000
RW_4	ARO:3005231	SHV-219	6	54.833333	48.966667	90.900000
RW_4	ARO:3005232	SHV-199	5	55.080000	56.620000	60.500000
RW_4	ARO:3005233	SHV-227	3	61.200000	60.466667	66.600000
RW_4	ARO:3005234	SHV-223	6	66.300000	67.583333	77.400000
RW_4	ARO:3005235	SHV-214	5	52.360000	53.980000	64.300000
RW_4	ARO:3005238	SHV-218	133	64.240602	65.132331	77.800000
RW_4	ARO:3005239	SHV-193	24	49.091667	50.229167	65.100000
RW_4	ARO:3005241	SHV-225	27	58.666667	58.237037	71.200000
RW_4	ARO:3005242	SHV-209	12	62.783333	59.550000	71.200000
RW_4	ARO:3005244	ADC-181	31	64.332258	68.964516	110.000000
RW_4	ARO:3005245	ADC-182	15	63.613333	66.686667	105.000000
RW_4	ARO:3005246	ADC-183	26	64.330769	69.030769	110.000000
RW_4	ARO:3005249	SHV-203	5	54.680000	53.440000	60.800000
RW_4	ARO:3005253	SHV-202	3	32.900000	39.533333	40.000000
RW_4	ARO:3005255	TEM-224	2	51.050000	52.600000	52.800000
RW_4	ARO:3005256	TEM-225	18	62.316667	63.511111	79.000000
RW_4	ARO:3005258	TEM-227	62	57.572581	48.970968	69.700000
RW_4	ARO:3005259	TEM-228	1	43.800000	45.100000	45.100000
RW_4	ARO:3005260	TEM-229	5	49.560000	50.680000	52.000000
RW_4	ARO:3005261	TEM-230	9	77.188889	75.300000	94.700000
RW_4	ARO:3005269	TEM-238	116	61.562931	62.463793	71.200000
RW_4	ARO:3005270	TEM-240	46	57.615217	57.882609	79.000000
RW_4	ARO:3005271	TEM-241	41	59.712195	56.665854	72.800000
RW_4	ARO:3005272	TEM-242	1	51.100000	52.400000	52.400000
RW_4	ARO:3005275	PDC-438	31	66.225806	64.048387	80.900000
RW_4	ARO:3005276	PDC-284	45	68.897778	67.344444	86.300000
RW_4	ARO:3005277	PDC-105	15	76.486667	71.126667	80.900000
RW_4	ARO:3005278	PDC-118	10	51.880000	59.160000	70.500000
RW_4	ARO:3005279	PDC-324	28	69.375000	65.489286	80.900000
RW_4	ARO:3005280	PDC-323	6	51.366667	51.416667	57.800000
RW_4	ARO:3005281	PDC-258	3	55.200000	53.266667	67.000000
RW_4	ARO:3005282	PDC-413	13	76.969231	70.515385	80.900000
RW_4	ARO:3005283	PDC-384	66	56.316667	57.212121	86.300000
RW_4	ARO:3005284	PDC-264	14	54.771429	55.028571	71.200000
RW_4	ARO:3005285	PDC-201	78	48.541026	51.510256	75.500000
RW_4	ARO:3005286	PDC-346	5	58.940000	53.260000	71.200000
RW_4	ARO:3005287	PDC-285	2	53.450000	57.000000	58.900000
RW_4	ARO:3005288	PDC-337	1	52.500000	46.600000	46.600000
RW_4	ARO:3005289	PDC-212	4	61.950000	55.800000	71.200000
RW_4	ARO:3005290	PDC-352	76	49.885526	52.157895	75.500000
RW_4	ARO:3005291	PDC-464	43	51.176744	50.497674	74.300000
RW_4	ARO:3005292	PDC-19b	7	63.157143	57.928571	72.800000
RW_4	ARO:3005293	PDC-380	2	49.300000	42.750000	45.800000
RW_4	ARO:3005294	PDC-461	20	50.430000	44.950000	59.300000
RW_4	ARO:3005295	PDC-19a	9	78.155556	74.644444	80.900000
RW_4	ARO:3005296	PDC-272	1	59.000000	45.800000	45.800000
RW_4	ARO:3005297	PDC-255	66	49.740909	51.971212	75.500000
RW_4	ARO:3005298	PDC-293	4	48.825000	60.175000	70.900000
RW_4	ARO:3005299	PDC-183	4	61.925000	56.300000	71.200000
RW_4	ARO:3005300	PDC-207	207	52.353140	58.820773	75.500000
RW_4	ARO:3005301	PDC-306	1	75.500000	77.000000	77.000000
RW_4	ARO:3005302	PDC-376	5	55.280000	48.360000	63.200000
RW_4	ARO:3005303	PDC-117	284	53.044014	61.792606	71.600000
RW_4	ARO:3005304	PDC-231	6	49.433333	57.383333	70.900000
RW_4	ARO:3005305	PDC-104	24	55.083333	55.020833	79.000000
RW_4	ARO:3005306	PDC-173	14	54.057143	60.785714	76.600000
RW_4	ARO:3005307	PDC-292	13	57.323077	55.592308	76.600000
RW_4	ARO:3005309	PDC-119	1	51.400000	39.300000	39.300000
RW_4	ARO:3005310	PDC-313	24	54.745833	51.979167	75.100000
RW_4	ARO:3005311	PDC-257	6	45.333333	52.833333	55.500000
RW_4	ARO:3005313	PDC-449	1	41.200000	41.200000	41.200000
RW_4	ARO:3005314	OXA-540	1675	76.654866	78.180955	117.000000
RW_4	ARO:3005315	OXA-779	1156	68.023962	71.113581	117.000000
RW_4	ARO:3005316	OXA-838	1595	80.177116	80.063574	117.000000
RW_4	ARO:3005317	OXA-539	397	74.512594	77.435013	113.000000
RW_4	ARO:3005318	OXA-543	1132	85.430830	83.764046	117.000000
RW_4	ARO:3005319	OXA-681	1737	78.163443	79.256419	117.000000
RW_4	ARO:3005320	OXA-737	1568	79.086416	79.154847	117.000000
RW_4	ARO:3005321	OXA-541	1286	81.211042	80.291291	117.000000
RW_4	ARO:3005322	OXA-835	1155	68.579307	71.783117	117.000000
RW_4	ARO:3005323	OXA-926	36	53.330556	56.044444	90.100000
RW_4	ARO:3005324	OXA-570	137	46.496350	48.205839	95.500000
RW_4	ARO:3005325	OXA-573	113	47.695575	49.476106	95.500000
RW_4	ARO:3005326	OXA-571	159	45.638365	49.323899	97.800000
RW_4	ARO:3005327	OXA-672	105	65.419048	69.111429	98.200000
RW_4	ARO:3005328	OXA-671	43	62.683721	65.151163	98.200000
RW_4	ARO:3005329	OXA-673	102	65.275490	68.250980	95.900000
RW_4	ARO:3005330	OXA-931	310	73.106129	76.802258	105.000000
RW_4	ARO:3005331	OXA-930	454	72.447577	75.103744	103.000000
RW_4	ARO:3005332	OXA-895	373	71.736729	74.175603	105.000000
RW_4	ARO:3005333	OXA-641	1558	54.272721	59.028755	113.000000
RW_4	ARO:3005334	DfrA42_TMP	12	49.083333	41.225000	65.500000
RW_4	ARO:3005335	OXA-496	95	77.020000	77.532632	102.000000
RW_4	ARO:3005336	OXA-915	50	79.090000	78.492000	97.100000
RW_4	ARO:3005337	OXA-647	158	82.950000	86.168987	102.000000
RW_4	ARO:3005338	OXA-648	95	73.401053	71.193684	100.000000
RW_4	ARO:3005339	OXA-646	60	72.535000	75.091667	103.000000
RW_4	ARO:3005340	OXA-649	198	68.464141	72.811616	100.000000
RW_4	ARO:3005341	OXA-897	36	77.672222	81.741667	103.000000
RW_4	ARO:3005342	OXA-653	48	75.829167	80.827083	105.000000
RW_4	ARO:3005343	OXA-499	104	71.546154	77.008654	100.000000
RW_4	ARO:3005344	OXA-825	108	70.735185	76.278704	98.600000
RW_4	ARO:3005345	DfrA43_TMP	1882	53.920298	52.831775	80.900000
RW_4	ARO:3005346	DfrA34	6	37.366667	38.166667	38.900000
RW_4	ARO:3005347	DfrA37	1562	64.851985	63.344110	107.000000
RW_4	ARO:3005348	DfrA36	1958	51.322880	52.844229	92.800000
RW_4	ARO:3005349	DfrA38	3079	56.368236	57.033972	93.600000
RW_4	ARO:3005350	DfrB9	102	83.781373	75.324510	106.000000
RW_4	ARO:3005351	DfrA39	3630	48.923251	50.778237	96.300000
RW_4	ARO:3005354	dfr22	4050	50.845358	52.377136	102.000000
RW_4	ARO:3005356	KPC-23	34	63.232353	55.873529	104.000000
RW_4	ARO:3005358	KPC-26	4	100.000000	102.250000	104.000000
RW_4	ARO:3005359	KPC-27	1	42.000000	48.500000	48.500000
RW_4	ARO:3005361	KPC-28	94	67.228723	65.869149	104.000000
RW_4	ARO:3005364	KPC-30	2	100.000000	102.000000	102.000000
RW_4	ARO:3005365	KPC-33	2	100.000000	102.000000	102.000000
RW_4	ARO:3005367	KPC-35	2	100.000000	102.000000	102.000000
RW_4	ARO:3005368	KPC-36	1	58.300000	57.800000	57.800000
RW_4	ARO:3005369	KPC-37	26	51.492308	54.492308	102.000000
RW_4	ARO:3005372	KPC-40	7	60.928571	58.271429	98.600000
RW_4	ARO:3005373	KPC-41	4	52.450000	46.400000	51.600000
RW_4	ARO:3005374	KPC-42	3	56.366667	52.633333	53.100000
RW_4	ARO:3005375	KPC-43	1	100.000000	102.000000	102.000000
RW_4	ARO:3005376	KPC-45	10	60.580000	59.610000	102.000000
RW_4	ARO:3005380	KPC-51	10	53.680000	51.070000	57.000000
RW_4	ARO:3005381	KPC-52	1	52.300000	51.600000	51.600000
RW_4	ARO:3005382	KPC-54	4	53.675000	49.400000	65.500000
RW_4	ARO:3005461	EBR-3	44	67.809091	70.081818	107.000000
RW_4	ARO:3005462	EBR-4	51	64.937255	67.331373	110.000000
RW_4	ARO:3005463	IMP-53	11	54.609091	54.872727	89.000000
RW_4	ARO:3005464	IMP-54	27	41.451852	45.444444	84.700000
RW_4	ARO:3005465	IMP-58	8	74.575000	74.962500	101.000000
RW_4	ARO:3005466	IMP-59	52	43.553846	45.836538	101.000000
RW_4	ARO:3005467	IMP-60	15	62.620000	60.133333	108.000000
RW_4	ARO:3005468	IMP-61	11	54.518182	51.072727	110.000000
RW_4	ARO:3005469	IMP-62	29	57.317241	52.186207	109.000000
RW_4	ARO:3005470	IMP-63	27	54.544444	56.485185	91.300000
RW_4	ARO:3005471	IMP-64	21	58.714286	61.623810	103.000000
RW_4	ARO:3005472	IMP-65	26	40.534615	44.615385	84.700000
RW_4	ARO:3005473	IMP-66	12	58.150000	57.508333	110.000000
RW_4	ARO:3005474	IMP-67	21	58.714286	61.623810	103.000000
RW_4	ARO:3005475	IMP-69	22	71.268182	76.736364	100.000000
RW_4	ARO:3005476	IMP-70	12	57.725000	57.383333	110.000000
RW_4	ARO:3005477	IMP-71	16	59.306250	66.025000	84.000000
RW_4	ARO:3005478	IMP-73	27	57.977778	55.111111	102.000000
RW_4	ARO:3005479	IMP-74	9	73.500000	69.455556	97.400000
RW_4	ARO:3005480	IMP-75	14	57.307143	65.057143	73.200000
RW_4	ARO:3005481	IMP-76	12	58.150000	57.508333	110.000000
RW_4	ARO:3005482	IMP-77	16	56.125000	56.231250	110.000000
RW_4	ARO:3005483	IMP-78	13	56.530769	57.446154	110.000000
RW_4	ARO:3005484	IMP-79	13	57.915385	58.176923	110.000000
RW_4	ARO:3005485	IMP-80	11	58.127273	60.018182	110.000000
RW_4	ARO:3005486	IMP-81	27	55.677778	52.885185	103.000000
RW_4	ARO:3005487	IMP-82	16	58.418750	55.456250	102.000000
RW_4	ARO:3005488	IMP-83	13	60.084615	66.892308	84.000000
RW_4	ARO:3005489	IMP-84	24	44.533333	44.112500	82.000000
RW_4	ARO:3005490	IMP-85	27	52.888889	48.081481	102.000000
RW_4	ARO:3005491	IMP-88	10	54.490000	53.040000	107.000000
RW_4	ARO:3005492	IMP-89	31	46.606452	45.116129	84.000000
RW_4	ARO:3005493	IND-16	24	64.304167	67.750000	95.900000
RW_4	ARO:3005494	SIM-2	5	78.460000	76.720000	103.000000
RW_4	ARO:3005495	VIM-47	7	52.685714	54.514286	63.500000
RW_4	ARO:3005496	VIM-48	2	74.000000	72.200000	102.000000
RW_4	ARO:3005497	VIM-49	16	54.112500	54.531250	102.000000
RW_4	ARO:3005498	VIM-50	7	71.500000	53.985714	62.800000
RW_4	ARO:3005499	VIM-51	8	68.387500	56.775000	63.900000
RW_4	ARO:3005500	VIM-52	10	54.210000	61.750000	102.000000
RW_4	ARO:3005501	VIM-53	1	100.000000	102.000000	102.000000
RW_4	ARO:3005502	VIM-54	1	45.200000	37.700000	37.700000
RW_4	ARO:3005503	VIM-55	15	51.500000	58.253333	102.000000
RW_4	ARO:3005505	VIM-57	3	47.233333	62.400000	70.100000
RW_4	ARO:3005507	VIM-59	15	52.040000	61.000000	102.000000
RW_4	ARO:3005508	VIM-60	10	64.820000	56.580000	65.100000
RW_4	ARO:3005509	VIM-61	15	46.526667	47.813333	58.500000
RW_4	ARO:3005510	VIM-62	1	100.000000	102.000000	102.000000
RW_4	ARO:3005511	VIM-63	4	86.925000	55.275000	57.800000
RW_4	ARO:3005512	VIM-64	3	68.133333	75.866667	102.000000
RW_4	ARO:3005513	VIM-65	7	71.300000	58.828571	63.900000
RW_4	ARO:3005514	VIM-66	7	49.742857	57.057143	65.100000
RW_4	ARO:3005515	VIM-67	1	100.000000	102.000000	102.000000
RW_4	ARO:3005516	VIM-68	4	60.425000	72.300000	102.000000
RW_4	ARO:3005517	VIM-69	13	50.884615	52.876923	61.600000
RW_4	ARO:3005518	VIM-70	1	44.900000	57.800000	57.800000
RW_4	ARO:3005519	VIM-71	12	46.258333	52.658333	70.500000
RW_4	ARO:3005521	VIM-73	3	66.666667	63.133333	102.000000
RW_4	ARO:3005522	BlaB-1	31	48.706452	54.719355	78.200000
RW_4	ARO:3005523	BlaB-10	25	47.480000	53.196000	71.200000
RW_4	ARO:3005524	BlaB-11	29	48.693103	55.093103	78.200000
RW_4	ARO:3005525	BlaB-12	15	48.226667	54.720000	63.900000
RW_4	ARO:3005526	BlaB-13	17	49.982353	56.776471	73.600000
RW_4	ARO:3005527	BlaB-14	34	48.950000	54.873529	78.200000
RW_4	ARO:3005528	BlaB-15	27	47.533333	53.455556	73.600000
RW_4	ARO:3005529	BlaB-16	25	48.144000	55.120000	77.000000
RW_4	ARO:3005530	BlaB-17	29	48.693103	55.093103	78.200000
RW_4	ARO:3005531	BlaB-18	28	48.764286	55.203571	78.200000
RW_4	ARO:3005532	BlaB-19	15	47.720000	53.926667	63.500000
RW_4	ARO:3005533	BlaB-2	27	48.792593	55.137037	78.200000
RW_4	ARO:3005534	BlaB-20	26	48.996154	55.734615	78.200000
RW_4	ARO:3005535	BlaB-22	24	46.879167	52.725000	73.600000
RW_4	ARO:3005536	BlaB-23	15	47.606667	52.386667	63.500000
RW_4	ARO:3005537	BlaB-24	26	47.246154	53.053846	73.600000
RW_4	ARO:3005538	BlaB-25	25	47.384000	53.236000	73.600000
RW_4	ARO:3005539	BlaB-26	21	47.161905	52.857143	71.200000
RW_4	ARO:3005540	BlaB-27	20	47.540000	52.940000	71.200000
RW_4	ARO:3005541	BlaB-28	14	44.607143	51.485714	71.200000
RW_4	ARO:3005542	BlaB-29	21	49.171429	54.661905	79.700000
RW_4	ARO:3005543	BlaB-3	11	49.100000	54.490909	63.500000
RW_4	ARO:3005544	BlaB-30	22	49.504545	56.527273	78.200000
RW_4	ARO:3005545	BlaB-31	11	51.981818	60.545455	77.000000
RW_4	ARO:3005546	BlaB-32	21	49.242857	56.690476	77.800000
RW_4	ARO:3005547	BlaB-33	19	50.252632	57.878947	78.200000
RW_4	ARO:3005548	BlaB-34	17	48.029412	54.370588	73.600000
RW_4	ARO:3005549	BlaB-35	12	48.916667	54.666667	63.500000
RW_4	ARO:3005550	BlaB-36	21	47.623810	53.966667	73.600000
RW_4	ARO:3005551	BlaB-38	19	49.589474	58.342105	77.800000
RW_4	ARO:3005552	BlaB-39	7	46.014286	49.114286	62.000000
RW_4	ARO:3005553	BlaB-5	25	45.912000	51.556000	73.200000
RW_4	ARO:3005554	BlaB-6	22	45.268182	49.963636	71.600000
RW_4	ARO:3005555	BlaB-7	24	45.900000	51.787500	71.200000
RW_4	ARO:3005556	BlaB-8	26	46.534615	52.230769	71.200000
RW_4	ARO:3005557	BlaB-9	34	44.926471	50.573529	71.600000
RW_4	ARO:3005558	BUT-2	302	56.067881	56.504967	90.500000
RW_4	ARO:3005559	CARB-11	395	76.888354	74.587595	108.000000
RW_4	ARO:3005560	CARB-24	251	59.643426	60.591235	77.400000
RW_4	ARO:3005561	CARB-25	225	59.636889	60.776444	77.400000
RW_4	ARO:3005562	CARB-26	181	58.824862	60.327072	77.400000
RW_4	ARO:3005563	CARB-27	176	59.127273	60.316477	77.400000
RW_4	ARO:3005564	CARB-28	204	56.615686	59.911765	77.400000
RW_4	ARO:3005565	CARB-29	144	57.997917	59.670833	77.400000
RW_4	ARO:3005566	CARB-30	57	56.898246	58.549123	72.800000
RW_4	ARO:3005567	CARB-31	127	57.728346	58.770866	72.800000
RW_4	ARO:3005568	CARB-32	49	55.030612	56.414286	72.800000
RW_4	ARO:3005569	CARB-33	97	59.600000	60.952577	74.700000
RW_4	ARO:3005570	CARB-34	108	57.953704	59.162963	76.300000
RW_4	ARO:3005571	CARB-35	106	58.321698	59.525472	72.800000
RW_4	ARO:3005572	CARB-36	115	58.716522	59.893913	72.800000
RW_4	ARO:3005573	CARB-38	81	58.423457	59.277778	71.600000
RW_4	ARO:3005574	CARB-40	81	57.748148	59.476543	72.800000
RW_4	ARO:3005575	CARB-41	61	58.611475	59.911475	72.800000
RW_4	ARO:3005576	CARB-42	296	58.505743	61.546622	73.200000
RW_4	ARO:3005577	CARB-43	102	62.131373	61.624510	72.800000
RW_4	ARO:3005578	CARB-44	73	56.893151	58.067123	72.800000
RW_4	ARO:3005579	CARB-45	79	59.651899	60.618987	76.300000
RW_4	ARO:3005580	CARB-46	123	62.962602	62.955285	72.800000
RW_4	ARO:3005581	CARB-47	54	53.275926	57.861111	72.800000
RW_4	ARO:3005582	CARB-48	38	56.055263	56.307895	76.600000
RW_4	ARO:3005583	CARB-49	908	69.139978	69.255727	111.000000
RW_4	ARO:3005584	CARB-50	864	70.079630	70.347106	111.000000
RW_4	ARO:3005585	CARB-51	434	75.176498	73.569585	108.000000
RW_4	ARO:3005586	CARB-52	345	73.229855	71.720290	102.000000
RW_4	ARO:3005587	CARB-53	386	77.297409	74.961658	108.000000
RW_4	ARO:3005588	CARB-54	982	69.241853	69.821181	111.000000
RW_4	ARO:3005589	CARB-55	385	76.981299	74.810649	108.000000
RW_4	ARO:3005592	CTX-M-169	1	46.000000	40.800000	40.800000
RW_4	ARO:3005594	CTX-M-171	98	72.103061	70.880612	104.000000
RW_4	ARO:3005597	CTX-M-174	29	68.624138	73.524138	101.000000
RW_4	ARO:3005598	CTX-M-175	6	50.900000	53.783333	55.800000
RW_4	ARO:3005602	CTX-M-179	23	60.421739	64.813043	80.500000
RW_4	ARO:3005605	CTX-M-182	3	59.366667	47.100000	53.500000
RW_4	ARO:3005607	CTX-M-184	2	47.300000	41.200000	41.200000
RW_4	ARO:3005608	CTX-M-185	27	67.622222	64.262963	100.000000
RW_4	ARO:3005609	CTX-M-186	1	44.200000	45.400000	45.400000
RW_4	ARO:3005615	CTX-M-192	8	66.137500	72.625000	100.000000
RW_4	ARO:3005616	CTX-M-193	2	70.900000	69.100000	94.700000
RW_4	ARO:3005618	CTX-M-195	29	67.603448	72.410345	101.000000
RW_4	ARO:3005619	CTX-M-196	23	69.156522	74.200000	99.400000
RW_4	ARO:3005621	CTX-M-198	4	70.200000	66.825000	77.400000
RW_4	ARO:3005622	CTX-M-199	42	66.014286	71.295238	87.800000
RW_4	ARO:3005623	CTX-M-200	80	75.252500	72.697500	100.000000
RW_4	ARO:3005625	CTX-M-202	37	61.224324	66.578378	83.600000
RW_4	ARO:3005626	CTX-M-203	1	68.100000	76.300000	76.300000
RW_4	ARO:3005628	CTX-M-205	33	67.642424	64.900000	100.000000
RW_4	ARO:3005629	CTX-M-206	1	46.000000	40.800000	40.800000
RW_4	ARO:3005630	CTX-M-207	7	61.185714	64.642857	84.700000
RW_4	ARO:3005631	CTX-M-208	4	61.325000	65.450000	84.300000
RW_4	ARO:3005635	CTX-M-212	1	67.600000	48.500000	48.500000
RW_4	ARO:3005636	CTX-M-213	8	78.262500	73.750000	97.800000
RW_4	ARO:3005637	CTX-M-214	3	62.866667	62.433333	84.000000
RW_4	ARO:3005639	CTX-M-216	1	52.000000	62.800000	62.800000
RW_4	ARO:3005640	CTX-M-217	45	58.960000	60.600000	96.700000
RW_4	ARO:3005642	CTX-M-219	15	61.613333	64.440000	82.400000
RW_4	ARO:3005643	CTX-M-220	9	45.600000	40.888889	47.800000
RW_4	ARO:3005644	CTX-M-221	4	74.575000	64.600000	94.000000
RW_4	ARO:3005645	CTX-M-222	8	55.437500	57.812500	70.500000
RW_4	ARO:3005646	CTX-M-223	26	67.423077	72.500000	101.000000
RW_4	ARO:3005648	CTX-M-225	23	65.456522	75.100000	87.400000
RW_4	ARO:3005651	CTX-M-228	4	59.075000	63.075000	76.300000
RW_4	ARO:3005652	CTX-M-229	103	64.183495	63.538835	104.000000
RW_4	ARO:3005654	CTX-M-231	1	50.000000	37.700000	37.700000
RW_4	ARO:3005656	CTX-M-233	24	67.741667	71.908333	101.000000
RW_4	ARO:3005657	CTX-M-234	39	66.628205	72.217949	87.800000
RW_4	ARO:3005658	CTX-M-235	1	85.700000	82.400000	82.400000
RW_4	ARO:3005659	CTX-M-236	1	57.100000	41.600000	41.600000
RW_4	ARO:3005660	CTX-M-237	3	61.933333	66.766667	69.700000
RW_4	ARO:3005662	CTX-M-239	9	69.677778	75.377778	100.000000
RW_4	ARO:3005663	CTX-M-240	21	66.971429	71.857143	101.000000
RW_4	ARO:3005664	CTX-M-241	55	69.243636	67.152727	108.000000
RW_4	ARO:3005665	CTX-M-242	34	68.564706	71.652941	101.000000
RW_4	ARO:3005667	CTX-M-97	73	74.698630	74.198630	104.000000
RW_4	ARO:3005668	GOB-19	74	59.164865	60.435135	96.300000
RW_4	ARO:3005669	GOB-20	88	56.427273	58.097727	88.600000
RW_4	ARO:3005670	GOB-21	78	57.511538	59.923077	95.900000
RW_4	ARO:3005671	GOB-22	82	58.742683	61.475610	97.800000
RW_4	ARO:3005672	GOB-23	83	58.437349	59.319277	91.700000
RW_4	ARO:3005673	GOB-24	133	52.475188	50.401504	95.900000
RW_4	ARO:3005674	GOB-25	79	56.273418	56.227848	96.300000
RW_4	ARO:3005675	GOB-26	77	59.144156	59.622078	93.600000
RW_4	ARO:3005676	GOB-27	78	59.111538	62.115385	97.800000
RW_4	ARO:3005677	GOB-28	139	52.255396	49.309353	90.900000
RW_4	ARO:3005678	GOB-29	90	59.776667	60.471111	95.900000
RW_4	ARO:3005679	GOB-30	157	53.510828	52.135669	90.900000
RW_4	ARO:3005680	GOB-31	86	60.023256	60.332558	97.400000
RW_4	ARO:3005681	GOB-32	76	57.732895	58.238158	96.300000
RW_4	ARO:3005682	GOB-33	31	64.890323	68.274194	95.100000
RW_4	ARO:3005683	GOB-34	24	54.800000	56.437500	90.500000
RW_4	ARO:3005684	GOB-35	33	64.075758	67.096970	93.600000
RW_4	ARO:3005685	GOB-36	19	59.910526	60.189474	92.000000
RW_4	ARO:3005686	GOB-37	24	60.983333	62.779167	93.200000
RW_4	ARO:3005687	GOB-38	68	55.613235	57.854412	87.800000
RW_4	ARO:3005688	GOB-39	45	56.664444	59.104444	89.700000
RW_4	ARO:3005689	GOB-40	132	50.770455	47.958333	90.500000
RW_4	ARO:3005690	GOB-41	148	51.535135	48.262162	90.500000
RW_4	ARO:3005691	GOB-42	43	56.358140	58.413953	89.000000
RW_4	ARO:3005692	GOB-43	142	51.364085	49.111268	90.500000
RW_4	ARO:3005693	GOB-44	84	59.325000	62.253571	97.800000
RW_4	ARO:3005694	GOB-45	140	51.261429	48.935714	90.500000
RW_4	ARO:3005695	GOB-46	83	59.392771	62.256627	97.800000
RW_4	ARO:3005696	GOB-48	47	56.702128	58.621277	87.800000
RW_4	ARO:3005697	GOB-49	66	58.283333	59.312121	93.200000
RW_4	ARO:3005698	GOB-50	47	55.759574	58.259574	79.000000
RW_4	ARO:3005699	GOB-51	26	62.311538	65.715385	91.700000
RW_4	ARO:3005700	NDM-30	26	97.707692	94.026923	108.000000
RW_4	ARO:3005701	NDM-31	18	96.688889	92.616667	103.000000
RW_4	ARO:3005702	OXA-114b	60	51.908333	50.716667	103.000000
RW_4	ARO:3005703	OXA-114c	36	51.911111	52.436111	103.000000
RW_4	ARO:3005704	OXA-114d	56	51.866071	50.432143	103.000000
RW_4	ARO:3005705	OXA-114e	42	52.754762	50.219048	90.100000
RW_4	ARO:3005706	OXA-114f	41	53.641463	52.170732	103.000000
RW_4	ARO:3005707	OXA-114g	78	52.935897	50.037179	103.000000
RW_4	ARO:3005708	OXA-114h	35	53.725714	52.337143	103.000000
RW_4	ARO:3005709	OXA-114i	52	52.121154	50.048077	103.000000
RW_4	ARO:3005710	OXA-114j	11	59.754545	62.754545	103.000000
RW_4	ARO:3005711	OXA-114k	43	50.579070	49.748837	103.000000
RW_4	ARO:3005712	OXA-114l	38	49.697368	49.455263	103.000000
RW_4	ARO:3005713	OXA-114m	29	51.624138	52.796552	103.000000
RW_4	ARO:3005714	OXA-114n	14	57.842857	57.414286	103.000000
RW_4	ARO:3005715	OXA-114p	28	50.157143	50.189286	67.000000
RW_4	ARO:3005716	OXA-114q	24	53.154167	53.775000	103.000000
RW_4	ARO:3005717	OXA-114r	36	51.291667	50.744444	103.000000
RW_4	ARO:3005718	OXA-114s	30	51.373333	52.076667	103.000000
RW_4	ARO:3005719	OXA-114t	25	51.232000	50.752000	103.000000
RW_4	ARO:3005720	OXA-114u	16	54.937500	58.762500	103.000000
RW_4	ARO:3005721	OXA-114v	34	51.832353	51.326471	103.000000
RW_4	ARO:3005722	OXA-114w	28	51.271429	52.196429	103.000000
RW_4	ARO:3005723	OXA-114x	35	51.157143	50.677143	103.000000
RW_4	ARO:3005724	OXA-489	23	51.700000	47.891304	62.800000
RW_4	ARO:3005725	OXA-491	3090	69.833592	72.999935	110.000000
RW_4	ARO:3005726	OXA-493	49	47.522449	44.728571	55.800000
RW_4	ARO:3005727	OXA-494	97	54.562887	57.126804	82.400000
RW_4	ARO:3005728	OXA-497	2	56.300000	59.500000	77.400000
RW_4	ARO:3005729	OXA-498	900	90.205333	86.756667	111.000000
RW_4	ARO:3005730	OXA-500	201	78.400995	82.200498	95.100000
RW_4	ARO:3005731	OXA-501	250	76.594000	77.614000	108.000000
RW_4	ARO:3005732	OXA-502	216	77.661111	79.997222	107.000000
RW_4	ARO:3005733	OXA-503	292	77.472945	79.234247	107.000000
RW_4	ARO:3005734	OXA-504	1203	90.471405	89.790191	115.000000
RW_4	ARO:3005735	OXA-505	59	58.615254	64.127119	114.000000
RW_4	ARO:3005736	OXA-506	260	76.716538	78.172308	107.000000
RW_4	ARO:3005737	OXA-507	5	68.820000	72.240000	94.000000
RW_4	ARO:3005739	OXA-509	8	70.662500	74.137500	79.300000
RW_4	ARO:3005740	OXA-510	87	70.837931	74.872414	82.000000
RW_4	ARO:3005742	OXA-512	1054	97.239279	93.535294	107.000000
RW_4	ARO:3005743	OXA-513	54	47.868519	48.503704	69.700000
RW_4	ARO:3005744	OXA-514	64	55.109375	59.596875	114.000000
RW_4	ARO:3005745	OXA-515	137	52.966423	57.637956	112.000000
RW_4	ARO:3005746	OXA-516	5	73.680000	75.560000	80.500000
RW_4	ARO:3005747	OXA-517	384	54.576562	54.220573	109.000000
RW_4	ARO:3005748	OXA-518	42	47.864286	45.171429	70.500000
RW_4	ARO:3005749	OXA-519	37	59.459459	64.678378	114.000000
RW_4	ARO:3005750	OXA-520	1868	95.648019	89.494325	111.000000
RW_4	ARO:3005751	OXA-521	1	56.300000	55.800000	55.800000
RW_4	ARO:3005752	OXA-522	167	75.156287	75.338323	107.000000
RW_4	ARO:3005753	OXA-523	7	72.714286	76.757143	79.300000
RW_4	ARO:3005754	OXA-524	7	72.714286	76.757143	79.300000
RW_4	ARO:3005755	OXA-525	3	58.000000	61.966667	79.700000
RW_4	ARO:3005756	OXA-526	149	77.686577	80.572483	107.000000
RW_4	ARO:3005757	OXA-527	74	69.287838	73.855405	87.400000
RW_4	ARO:3005761	OXA-531	6	70.400000	77.366667	104.000000
RW_4	ARO:3005762	OXA-532	1	40.900000	38.500000	38.500000
RW_4	ARO:3005763	OXA-533	128	77.825000	81.284375	93.200000
RW_4	ARO:3005764	OXA-534	722	94.841136	89.876316	113.000000
RW_4	ARO:3005766	OXA-537	45	84.535556	78.013333	109.000000
RW_4	ARO:3005767	OXA-538	328	52.785061	58.419512	108.000000
RW_4	ARO:3005768	OXA-542	126	66.893651	68.065079	106.000000
RW_4	ARO:3005770	OXA-546	143	50.343357	52.335664	114.000000
RW_4	ARO:3005771	OXA-547	133	50.373684	52.316541	114.000000
RW_4	ARO:3005772	OXA-548	350	51.026286	51.830571	72.000000
RW_4	ARO:3005773	OXA-549	360	51.266944	51.930278	72.400000
RW_4	ARO:3005774	OXA-550	345	51.330725	51.997101	72.000000
RW_4	ARO:3005775	OXA-551	390	51.104103	51.175385	72.800000
RW_4	ARO:3005776	OXA-552	354	51.304802	51.994633	72.400000
RW_4	ARO:3005777	OXA-553	337	51.175371	52.106528	72.000000
RW_4	ARO:3005781	OXA-557	1	100.000000	95.500000	95.500000
RW_4	ARO:3005782	OXA-558	13	76.307692	80.846154	88.600000
RW_4	ARO:3005783	OXA-559	2	46.550000	44.450000	48.100000
RW_4	ARO:3005785	OXA-561	36	77.611111	83.955556	94.700000
RW_4	ARO:3005786	OXA-562	116	71.046552	75.575862	87.800000
RW_4	ARO:3005787	OXA-563	14	68.385714	61.585714	95.100000
RW_4	ARO:3005788	OXA-564	147	77.555782	80.772789	93.200000
RW_4	ARO:3005789	OXA-565	19	70.184211	72.110526	108.000000
RW_4	ARO:3005790	OXA-566	63	51.182540	53.596825	114.000000
RW_4	ARO:3005791	OXA-567	371	55.601617	56.678167	109.000000
RW_4	ARO:3005792	OXA-568	186	67.896774	71.518817	95.900000
RW_4	ARO:3005793	OXA-569	137	57.590511	58.613139	73.900000
RW_4	ARO:3005794	OXA-572	111	56.300901	58.215315	91.300000
RW_4	ARO:3005795	OXA-574	130	57.986154	58.958462	73.900000
RW_4	ARO:3005796	OXA-575	70	56.102857	59.660000	70.500000
RW_4	ARO:3005797	OXA-576	31	48.525806	44.761290	60.800000
RW_4	ARO:3005798	OXA-577	23	45.430435	42.943478	58.500000
RW_4	ARO:3005799	OXA-578	22	50.681818	46.722727	60.800000
RW_4	ARO:3005800	OXA-579	19	49.331579	45.068421	60.800000
RW_4	ARO:3005801	OXA-580	24	47.529167	44.183333	60.800000
RW_4	ARO:3005802	OXA-581	23	48.665217	44.447826	60.800000
RW_4	ARO:3005803	OXA-582	16	49.700000	45.731250	60.800000
RW_4	ARO:3005804	OXA-583	32	48.465625	43.612500	60.800000
RW_4	ARO:3005805	OXA-584	7	51.842857	47.400000	60.800000
RW_4	ARO:3005806	OXA-585	2	40.700000	41.000000	41.600000
RW_4	ARO:3005807	OXA-586	2	46.950000	42.750000	45.100000
RW_4	ARO:3005809	OXA-588	6	48.933333	40.916667	45.400000
RW_4	ARO:3005810	OXA-589	27	47.866667	43.118519	47.400000
RW_4	ARO:3005812	OXA-591	1	46.900000	43.100000	43.100000
RW_4	ARO:3005814	OXA-593	9	57.300000	52.655556	61.200000
RW_4	ARO:3005815	OXA-594	1	44.200000	40.400000	40.400000
RW_4	ARO:3005816	OXA-595	16	50.225000	46.162500	51.200000
RW_4	ARO:3005817	OXA-596	1	46.900000	43.100000	43.100000
RW_4	ARO:3005819	OXA-598	21	50.547619	46.638095	60.800000
RW_4	ARO:3005820	OXA-599	42	49.230952	45.754762	62.800000
RW_4	ARO:3005822	OXA-601	26	48.342308	44.896154	51.600000
RW_4	ARO:3005823	OXA-602	53	48.630189	44.279245	60.800000
RW_4	ARO:3005824	OXA-603	37	48.662162	44.962162	60.800000
RW_4	ARO:3005825	OXA-604	53	48.630189	44.279245	60.800000
RW_4	ARO:3005826	OXA-605	10	42.710000	41.010000	46.600000
RW_4	ARO:3005828	OXA-607	38	48.478947	44.873684	60.800000
RW_4	ARO:3005832	OXA-611	1	53.300000	40.000000	40.000000
RW_4	ARO:3005833	OXA-612	4	40.975000	39.550000	41.600000
RW_4	ARO:3005834	OXA-613	4	49.400000	41.475000	47.000000
RW_4	ARO:3005835	OXA-614	2	51.200000	42.550000	47.000000
RW_4	ARO:3005836	OXA-615	2	51.200000	42.550000	47.000000
RW_4	ARO:3005837	OXA-616	22	43.736364	40.404545	46.600000
RW_4	ARO:3005838	OXA-617	8	56.950000	44.625000	57.000000
RW_4	ARO:3005839	OXA-618	13	54.569231	45.584615	58.500000
RW_4	ARO:3005840	OXA-619	11	53.418182	41.472727	57.000000
RW_4	ARO:3005841	OXA-620	11	51.563636	39.754545	44.700000
RW_4	ARO:3005842	OXA-621	39	39.251282	39.471795	47.000000
RW_4	ARO:3005843	OXA-622	42	40.788095	39.333333	46.200000
RW_4	ARO:3005844	OXA-623	7	49.457143	43.357143	48.100000
RW_4	ARO:3005845	OXA-624	44	40.790909	39.418182	46.200000
RW_4	ARO:3005846	OXA-625	20	48.765000	44.065000	54.700000
RW_4	ARO:3005847	OXA-626	12	45.758333	43.691667	54.700000
RW_4	ARO:3005848	OXA-627	17	47.405882	43.664706	54.700000
RW_4	ARO:3005849	OXA-628	12	48.716667	44.633333	54.700000
RW_4	ARO:3005850	OXA-629	12	49.250000	45.341667	54.700000
RW_4	ARO:3005851	OXA-630	10	48.230000	44.390000	50.100000
RW_4	ARO:3005852	OXA-631	16	49.393750	44.100000	50.100000
RW_4	ARO:3005853	OXA-632	7	47.028571	44.714286	50.100000
RW_4	ARO:3005854	OXA-633	8	44.737500	43.312500	50.100000
RW_4	ARO:3005855	OXA-634	7	46.671429	44.671429	50.100000
RW_4	ARO:3005856	OXA-635	6	45.583333	44.483333	49.700000
RW_4	ARO:3005857	OXA-636	6	44.566667	44.166667	47.800000
RW_4	ARO:3005858	OXA-637	5	49.300000	42.500000	47.000000
RW_4	ARO:3005859	OXA-638	16	51.243750	40.631250	46.600000
RW_4	ARO:3005860	OXA-639	9	52.633333	41.577778	46.600000
RW_4	ARO:3005861	OXA-640	5	46.740000	40.800000	46.600000
RW_4	ARO:3005862	OXA-642	29	72.386207	73.110345	82.000000
RW_4	ARO:3005863	OXA-643	942	90.233227	87.155945	115.000000
RW_4	ARO:3005864	OXA-644	978	89.992536	86.871268	113.000000
RW_4	ARO:3005865	OXA-645	1004	89.418426	86.442231	112.000000
RW_4	ARO:3005866	OXA-650	1058	88.683365	86.165974	110.000000
RW_4	ARO:3005867	OXA-651	1073	89.116216	86.462069	115.000000
RW_4	ARO:3005868	OXA-652	1043	89.511026	86.647172	112.000000
RW_4	ARO:3005869	OXA-654	54	73.222222	83.451852	89.700000
RW_4	ARO:3005870	OXA-655	1718	93.227765	88.899651	111.000000
RW_4	ARO:3005871	OXA-656	2024	94.226087	90.947134	111.000000
RW_4	ARO:3005872	OXA-657	22	68.595455	71.218182	102.000000
RW_4	ARO:3005873	OXA-658	5	53.160000	47.000000	55.500000
RW_4	ARO:3005874	OXA-659	1	46.900000	43.100000	43.100000
RW_4	ARO:3005875	OXA-660	39	48.628205	44.789744	60.800000
RW_4	ARO:3005876	OXA-661	116	70.427586	75.927586	92.000000
RW_4	ARO:3005877	OXA-662	901	88.992342	85.287680	115.000000
RW_4	ARO:3005878	OXA-666	91	72.167033	65.265934	97.800000
RW_4	ARO:3005879	OXA-667	477	75.275472	78.241719	103.000000
RW_4	ARO:3005880	OXA-669	286	71.956643	74.165734	103.000000
RW_4	ARO:3005881	OXA-670	33	58.748485	57.660606	98.200000
RW_4	ARO:3005882	OXA-674	110	66.726364	68.784545	96.700000
RW_4	ARO:3005883	OXA-675	722	93.935457	88.913573	113.000000
RW_4	ARO:3005884	OXA-676	508	85.774016	79.752756	112.000000
RW_4	ARO:3005885	OXA-677	1824	96.211842	89.926864	111.000000
RW_4	ARO:3005886	OXA-678	22	63.686364	61.422727	107.000000
RW_4	ARO:3005887	OXA-679	237	66.459072	66.378903	91.300000
RW_4	ARO:3005890	OXA-683	69	65.853623	58.565217	77.400000
RW_4	ARO:3005891	OXA-684	53	67.956604	58.803774	75.100000
RW_4	ARO:3005892	OXA-685	3	84.833333	93.333333	94.000000
RW_4	ARO:3005893	OXA-686	10	63.000000	66.290000	79.300000
RW_4	ARO:3005894	OXA-687	5	72.200000	76.340000	79.300000
RW_4	ARO:3005896	OXA-689	2	56.300000	59.100000	59.700000
RW_4	ARO:3005898	OXA-691	28	78.632143	85.475000	91.300000
RW_4	ARO:3005899	OXA-692	3	52.100000	53.800000	55.800000
RW_4	ARO:3005900	OXA-693	1	77.600000	90.100000	90.100000
RW_4	ARO:3005901	OXA-694	1	40.900000	38.500000	38.500000
RW_4	ARO:3005903	OXA-696	6	70.400000	77.366667	104.000000
RW_4	ARO:3005904	OXA-697	53	67.956604	58.803774	75.100000
RW_4	ARO:3005906	OXA-699	4	67.225000	70.575000	84.700000
RW_4	ARO:3005907	OXA-700	1	73.500000	79.000000	79.000000
RW_4	ARO:3005908	OXA-701	1	61.200000	68.900000	68.900000
RW_4	ARO:3005910	OXA-703	3	80.433333	86.266667	92.800000
RW_4	ARO:3005915	OXA-708	1	77.600000	89.400000	89.400000
RW_4	ARO:3005916	OXA-709	1	100.000000	95.500000	95.500000
RW_4	ARO:3005921	OXA-714	3	84.833333	93.333333	94.000000
RW_4	ARO:3005922	OXA-715	2	80.600000	82.200000	95.500000
RW_4	ARO:3005923	OXA-716	1	69.400000	69.700000	69.700000
RW_4	ARO:3005924	OXA-717	5	72.200000	76.340000	79.300000
RW_4	ARO:3005927	OXA-720	1	45.500000	44.300000	44.300000
RW_4	ARO:3005931	OXA-726	1028	79.535603	83.423444	117.000000
RW_4	ARO:3005932	OXA-727	417	74.574820	71.426379	109.000000
RW_4	ARO:3005933	OXA-728	498	75.205422	74.056827	108.000000
RW_4	ARO:3005934	OXA-729	183	47.201093	49.744262	98.200000
RW_4	ARO:3005935	OXA-730	222	66.596847	66.255405	91.300000
RW_4	ARO:3005936	OXA-731	333	51.701201	53.797297	100.000000
RW_4	ARO:3005937	OXA-732	1676	70.197494	73.578043	118.000000
RW_4	ARO:3005940	OXA-735	4	64.875000	69.525000	82.000000
RW_4	ARO:3005941	OXA-736	452	91.507522	86.236283	112.000000
RW_4	ARO:3005943	OXA-739	2	54.200000	60.650000	60.800000
RW_4	ARO:3005945	OXA-741	51	68.517647	59.070588	75.100000
RW_4	ARO:3005948	OXA-744	5	71.020000	78.800000	104.000000
RW_4	ARO:3005949	OXA-745	4	72.700000	77.125000	79.300000
RW_4	ARO:3005953	OXA-749	4	78.225000	83.675000	85.900000
RW_4	ARO:3005957	OXA-753	1	74.000000	75.500000	75.500000
RW_4	ARO:3005959	OXA-755	46	74.330435	79.934783	91.300000
RW_4	ARO:3005960	OXA-756	1	83.700000	91.300000	91.300000
RW_4	ARO:3005962	OXA-758	1	73.500000	79.000000	79.000000
RW_4	ARO:3005963	OXA-759	8	54.287500	50.312500	67.400000
RW_4	ARO:3005968	OXA-764	10	76.580000	81.350000	88.600000
RW_4	ARO:3005970	OXA-766	108	71.237963	83.518519	87.800000
RW_4	ARO:3005971	OXA-767	1	73.500000	79.000000	79.000000
RW_4	ARO:3005972	OXA-768	1	65.300000	71.600000	71.600000
RW_4	ARO:3005976	OXA-772	2	46.550000	44.450000	48.100000
RW_4	ARO:3005980	OXA-776	3	84.833333	93.333333	94.000000
RW_4	ARO:3005981	OXA-777	9	67.766667	66.766667	79.000000
RW_4	ARO:3005982	OXA-778	116	77.676724	80.129310	93.200000
RW_4	ARO:3005983	OXA-780	1121	94.024353	92.487600	115.000000
RW_4	ARO:3005984	OXA-781	51	68.517647	59.070588	75.100000
RW_4	ARO:3005986	OXA-783	6	41.183333	43.116667	48.900000
RW_4	ARO:3005987	OXA-784	30	47.596667	42.810000	47.400000
RW_4	ARO:3005988	OXA-785	15	50.360000	44.693333	50.100000
RW_4	ARO:3005989	OXA-786	39	48.546154	44.741026	60.800000
RW_4	ARO:3005990	OXA-787	50	48.934000	49.342000	69.700000
RW_4	ARO:3005991	OXA-788	783	53.705619	55.860153	109.000000
RW_4	ARO:3005992	OXA-789	50	48.934000	49.348000	69.700000
RW_4	ARO:3005993	OXA-793	363	54.960606	54.583196	109.000000
RW_4	ARO:3005994	OXA-794	1707	97.911951	91.686292	111.000000
RW_4	ARO:3005995	OXA-795	1881	95.400266	89.217969	111.000000
RW_4	ARO:3005996	OXA-796	722	94.949861	89.997784	113.000000
RW_4	ARO:3005998	OXA-798	56	66.696429	58.280357	75.100000
RW_4	ARO:3006000	OXA-800	51	68.517647	59.070588	75.100000
RW_4	ARO:3006001	OXA-801	30	80.236667	82.973333	97.100000
RW_4	ARO:3006002	OXA-802	28	78.264286	81.457143	97.100000
RW_4	ARO:3006003	OXA-803	126	78.147619	81.446032	93.200000
RW_4	ARO:3006004	OXA-804	18	74.294444	74.966667	83.600000
RW_4	ARO:3006005	OXA-805	33	74.869697	77.648485	108.000000
RW_4	ARO:3006006	OXA-806	43	60.062791	57.465116	108.000000
RW_4	ARO:3006007	OXA-807	7	67.500000	69.528571	108.000000
RW_4	ARO:3006008	OXA-808	6	63.350000	65.066667	108.000000
RW_4	ARO:3006009	OXA-809	24	53.637500	57.870833	108.000000
RW_4	ARO:3006010	OXA-810	4	86.475000	86.300000	102.000000
RW_4	ARO:3006011	OXA-811	36	57.955556	54.494444	108.000000
RW_4	ARO:3006012	OXA-813	2	100.000000	108.000000	108.000000
RW_4	ARO:3006013	OXA-814	6	63.750000	65.516667	108.000000
RW_4	ARO:3006014	OXA-815	21	47.947619	51.114286	81.300000
RW_4	ARO:3006015	OXA-816	22	53.968182	57.813636	108.000000
RW_4	ARO:3006016	OXA-817	32	52.912500	57.068750	81.300000
RW_4	ARO:3006017	OXA-819	36	72.058333	71.969444	107.000000
RW_4	ARO:3006018	OXA-820	226	73.440708	75.464602	107.000000
RW_4	ARO:3006019	OXA-821	144	77.351389	80.989583	93.200000
RW_4	ARO:3006020	OXA-822	52	80.586538	84.986538	95.500000
RW_4	ARO:3006021	OXA-823	1720	97.570116	91.472326	111.000000
RW_4	ARO:3006022	OXA-824	1718	97.683818	91.342724	111.000000
RW_4	ARO:3006023	OXA-826	115	76.933043	80.793913	89.700000
RW_4	ARO:3006024	OXA-827	1862	95.936359	92.249194	112.000000
RW_4	ARO:3006026	OXA-829	55	72.698182	83.040000	89.700000
RW_4	ARO:3006027	OXA-830	347	71.540058	78.682133	110.000000
RW_4	ARO:3006028	OXA-831	3	52.100000	53.800000	55.800000
RW_4	ARO:3006029	OXA-832	26	71.203846	74.619231	84.300000
RW_4	ARO:3006030	OXA-833	58	63.331034	64.470690	108.000000
RW_4	ARO:3006031	OXA-834	9	59.500000	65.977778	80.100000
RW_4	ARO:3006032	OXA-836	482	96.613071	96.709336	106.000000
RW_4	ARO:3006033	OXA-839	26	52.969231	53.673077	103.000000
RW_4	ARO:3006034	OXA-840	101	77.577228	80.935644	95.100000
RW_4	ARO:3006035	OXA-841	25	60.288000	57.348000	107.000000
RW_4	ARO:3006036	OXA-842	33	65.387879	64.881818	95.100000
RW_4	ARO:3006037	OXA-843	21	62.685714	61.085714	107.000000
RW_4	ARO:3006038	OXA-844	68	78.754412	84.133824	95.100000
RW_4	ARO:3006039	OXA-845	26	52.950000	53.926923	70.100000
RW_4	ARO:3006040	OXA-847	73	55.383562	56.802740	82.400000
RW_4	ARO:3006041	OXA-848	85	57.915294	58.994118	82.400000
RW_4	ARO:3006042	OXA-849	49	54.646939	58.548980	82.400000
RW_4	ARO:3006043	OXA-851	45	54.582222	58.608889	82.400000
RW_4	ARO:3006044	OXA-852	108	71.237963	83.518519	87.800000
RW_4	ARO:3006045	OXA-853	3	84.833333	93.333333	94.000000
RW_4	ARO:3006046	OXA-854	3	84.833333	93.333333	94.000000
RW_4	ARO:3006049	OXA-857	6	77.983333	83.066667	89.400000
RW_4	ARO:3006051	OXA-859	1	74.000000	75.500000	75.500000
RW_4	ARO:3006052	OXA-860	2	72.400000	81.850000	104.000000
RW_4	ARO:3006053	OXA-861	6	77.983333	83.066667	89.400000
RW_4	ARO:3006057	OXA-865	2	46.550000	44.450000	48.100000
RW_4	ARO:3006058	OXA-866	6	74.100000	78.950000	80.900000
RW_4	ARO:3006059	OXA-867	6	77.783333	84.350000	89.000000
RW_4	ARO:3006060	OXA-868	3	84.833333	93.333333	94.000000
RW_4	ARO:3006063	OXA-871	34	77.900000	85.720588	89.700000
RW_4	ARO:3006064	OXA-872	1	61.200000	68.900000	68.900000
RW_4	ARO:3006067	OXA-875	6	70.400000	77.366667	104.000000
RW_4	ARO:3006068	OXA-876	1	83.700000	86.700000	86.700000
RW_4	ARO:3006070	OXA-878	51	68.517647	59.070588	75.100000
RW_4	ARO:3006071	OXA-879	6	70.400000	77.366667	104.000000
RW_4	ARO:3006072	OXA-880	5	64.060000	67.720000	76.600000
RW_4	ARO:3006073	OXA-881	1	45.500000	44.300000	44.300000
RW_4	ARO:3006076	OXA-884	2	46.550000	44.450000	48.100000
RW_4	ARO:3006077	OXA-885	35	76.165714	83.200000	91.300000
RW_4	ARO:3006079	OXA-887	1	67.300000	68.200000	68.200000
RW_4	ARO:3006080	OXA-888	88	71.452273	83.151136	90.500000
RW_4	ARO:3006082	OXA-890	3	71.400000	76.400000	76.600000
RW_4	ARO:3006085	OXA-893	3	100.000000	101.333333	102.000000
RW_4	ARO:3006086	OXA-894	121	50.074380	51.654545	114.000000
RW_4	ARO:3006087	OXA-896	105	55.608571	59.888571	93.200000
RW_4	ARO:3006088	OXA-900	441	48.790703	49.887075	75.100000
RW_4	ARO:3006089	OXA-901	36	56.472222	59.580556	82.400000
RW_4	ARO:3006090	OXA-902	40	59.697500	59.652500	69.700000
RW_4	ARO:3006091	OXA-903	56	57.092857	58.421429	82.400000
RW_4	ARO:3006092	OXA-904	88	55.959091	58.479545	82.400000
RW_4	ARO:3006093	OXA-905	61	50.701639	54.362295	82.800000
RW_4	ARO:3006094	OXA-907	36	58.463889	60.330556	79.700000
RW_4	ARO:3006095	OXA-908	113	52.810619	55.439823	77.800000
RW_4	ARO:3006096	OXA-909	2	84.550000	93.600000	94.000000
RW_4	ARO:3006097	OXA-910	1	56.300000	59.700000	59.700000
RW_4	ARO:3006098	OXA-911	5	39.260000	50.300000	52.400000
RW_4	ARO:3006099	OXA-912	911	78.487486	82.129967	115.000000
RW_4	ARO:3006100	OXA-913	26	56.353846	60.119231	77.400000
RW_4	ARO:3006101	OXA-914	82	51.087805	55.729268	82.800000
RW_4	ARO:3006102	OXA-916	1	56.300000	58.500000	58.500000
RW_4	ARO:3006103	OXA-917	1153	85.815091	87.553946	113.000000
RW_4	ARO:3006104	OXA-918	113	54.004425	55.470796	114.000000
RW_4	ARO:3006105	OXA-919	36	51.902778	54.133333	71.200000
RW_4	ARO:3006106	OXA-920	86	51.272093	53.719767	95.100000
RW_4	ARO:3006107	OXA-921	721	94.559639	89.430236	110.000000
RW_4	ARO:3006108	OXA-922	106	55.152830	56.083019	108.000000
RW_4	ARO:3006109	OXA-923	55	68.740000	70.372727	114.000000
RW_4	ARO:3006110	OXA-924	64	60.793750	61.939063	108.000000
RW_4	ARO:3006111	OXA-925	19	49.715789	50.615789	67.000000
RW_4	ARO:3006113	OXA-928	2100	92.900333	86.743857	109.000000
RW_4	ARO:3006114	OXA-929	781	54.157618	56.339052	109.000000
RW_4	ARO:3006115	OXA-932	565	92.761947	88.944602	112.000000
RW_4	ARO:3006116	OXA-935	1641	98.217124	91.800183	111.000000
RW_4	ARO:3006117	OXA-937	30	55.086667	60.243333	77.400000
RW_4	ARO:3006118	OXA-938	7	51.542857	43.685714	47.400000
RW_4	ARO:3006119	OXA-939	2	72.400000	81.850000	104.000000
RW_4	ARO:3006120	OXA-940	2	72.400000	81.850000	104.000000
RW_4	ARO:3006121	OXA-941	168	73.360119	75.275595	89.700000
RW_4	ARO:3006122	OXA-942	29	71.955172	74.575862	81.300000
RW_4	ARO:3006123	OXA-943	135	76.840000	80.133333	89.700000
RW_4	ARO:3006124	OXA-945	173	66.050289	69.350867	100.000000
RW_4	ARO:3006125	OXA-946	230	66.324783	66.193478	90.500000
RW_4	ARO:3006126	OXA-947	119	67.418487	67.188235	92.400000
RW_4	ARO:3006127	OXA-948	259	66.554054	66.240927	92.400000
RW_4	ARO:3006128	OXA-949	206	65.941748	65.424272	92.400000
RW_4	ARO:3006129	OXY-2-14	36	56.150000	58.750000	74.300000
RW_4	ARO:3006130	OXY-2-15	88	49.511364	51.243182	71.600000
RW_4	ARO:3006131	PER-10	336	70.932143	68.030060	103.000000
RW_4	ARO:3006132	PER-11	353	69.747025	67.544193	105.000000
RW_4	ARO:3006133	PER-12	308	71.013636	67.586364	103.000000
RW_4	ARO:3006134	PER-13	313	72.550799	69.524601	103.000000
RW_4	ARO:3006135	PER-14	260	69.010769	67.716923	104.000000
RW_4	ARO:3006136	PER-15	256	78.285547	72.270312	103.000000
RW_4	ARO:3006137	PER-16	294	71.949660	68.302041	103.000000
RW_4	ARO:3006138	PER-9	317	72.377603	68.923344	103.000000
RW_4	ARO:3006141	OKP-A-17	57	64.770175	63.642105	101.000000
RW_4	ARO:3006142	OKP-B-16	20	75.180000	72.240000	100.000000
RW_4	ARO:3006143	OKP-B-21	29	76.910345	70.258621	102.000000
RW_4	ARO:3006144	OKP-B-22	15	85.880000	72.393333	102.000000
RW_4	ARO:3006145	OKP-B-23	16	69.962500	65.906250	100.000000
RW_4	ARO:3006146	OKP-B-24	31	65.993548	57.477419	99.800000
RW_4	ARO:3006147	OKP-B-34	42	64.042857	58.983333	92.800000
RW_4	ARO:3006148	OKP-B-36	18	74.122222	64.122222	100.000000
RW_4	ARO:3006149	OKP-B-40	40	65.222500	59.195000	96.300000
RW_4	ARO:3006150	OKP-B-41	17	76.494118	62.252941	100.000000
RW_4	ARO:3006151	OKP-B-45	33	65.021212	59.281818	99.800000
RW_4	ARO:3006152	OKP-C-1	63	56.087302	55.452381	72.000000
RW_4	ARO:3006153	OKP-D-1	154	60.713636	60.713636	79.300000
RW_4	ARO:3006154	BEL-4	246	56.084553	55.909350	106.000000
RW_4	ARO:3006155	CME-2	699	61.370243	62.164664	92.800000
RW_4	ARO:3006156	GES-27	882	99.389683	94.662245	113.000000
RW_4	ARO:3006157	GES-28	860	99.106395	94.556395	113.000000
RW_4	ARO:3006158	GES-29	803	99.475965	94.549440	113.000000
RW_4	ARO:3006159	GES-30	781	95.889885	93.579770	113.000000
RW_4	ARO:3006160	GES-31	407	99.535872	101.096314	113.000000
RW_4	ARO:3006161	GES-32	135	78.454815	78.500741	107.000000
RW_4	ARO:3006162	GES-33	633	92.679305	91.538073	108.000000
RW_4	ARO:3006163	GES-34	535	95.656449	96.004299	113.000000
RW_4	ARO:3006164	GES-35	588	89.554252	90.353912	108.000000
RW_4	ARO:3006165	GES-36	261	99.180843	99.975096	108.000000
RW_4	ARO:3006166	GES-37	227	98.779295	99.775330	108.000000
RW_4	ARO:3006167	GES-38	139	98.891367	99.893525	108.000000
RW_4	ARO:3006168	GES-39	247	83.839271	84.722267	104.000000
RW_4	ARO:3006169	GES-40	245	88.920408	90.537959	108.000000
RW_4	ARO:3006170	GES-41	206	79.104369	79.916505	107.000000
RW_4	ARO:3006172	GES-43	24	99.325000	104.041667	108.000000
RW_4	ARO:3006173	GES-44	81	98.723457	100.464198	107.000000
RW_4	ARO:3006174	GES-45	103	83.605825	84.940777	106.000000
RW_4	ARO:3006175	GES-46	149	88.417450	91.204027	108.000000
RW_4	ARO:3006176	IMI-12	34	49.058824	46.500000	81.300000
RW_4	ARO:3006177	IMI-13	35	49.088571	46.077143	72.800000
RW_4	ARO:3006178	IMI-14	32	49.196875	46.725000	81.300000
RW_4	ARO:3006179	IMI-15	36	48.630556	46.677778	81.300000
RW_4	ARO:3006180	IMI-16	13	52.061538	49.153846	56.600000
RW_4	ARO:3006181	IMI-17	31	49.338710	47.164516	81.600000
RW_4	ARO:3006182	IMI-18	8	55.050000	49.812500	56.200000
RW_4	ARO:3006183	IMI-19	7	55.414286	49.285714	56.200000
RW_4	ARO:3006184	IMI-20	30	48.443333	46.196667	81.300000
RW_4	ARO:3006185	IMI-21	28	47.475000	44.464286	69.700000
RW_4	ARO:3006188	KPC-59	2	46.850000	46.400000	51.600000
RW_4	ARO:3006190	KPC-61	1	45.500000	41.200000	41.200000
RW_4	ARO:3006192	KPC-63	59	64.767797	51.796610	65.100000
RW_4	ARO:3006193	KPC-64	2	56.350000	51.600000	55.100000
RW_4	ARO:3006195	KPC-66	49	82.169388	80.946939	113.000000
RW_4	ARO:3006199	KPC-74	99	69.488889	66.965657	104.000000
RW_4	ARO:3006202	KPC-77	1	50.000000	52.800000	52.800000
RW_4	ARO:3006205	KPC-80	4	52.450000	46.400000	51.600000
RW_4	ARO:3006206	KPC-81	43	92.574419	87.227907	113.000000
RW_4	ARO:3006208	VEB-11	2580	90.969845	87.503450	113.000000
RW_4	ARO:3006209	VEB-12	2050	90.836146	88.797220	111.000000
RW_4	ARO:3006210	VEB-13	2384	92.282802	87.377223	111.000000
RW_4	ARO:3006211	VEB-14	2562	89.647307	85.247814	111.000000
RW_4	ARO:3006212	VEB-15	1947	95.733590	92.887725	113.000000
RW_4	ARO:3006213	VEB-17	1594	95.076537	92.839084	113.000000
RW_4	ARO:3006214	VEB-19	2504	92.497324	90.947923	113.000000
RW_4	ARO:3006215	VEB-20	2236	95.323748	90.605814	113.000000
RW_4	ARO:3006216	VEB-21	1984	94.473236	92.771220	113.000000
RW_4	ARO:3006217	VEB-22	2546	96.766536	92.977612	113.000000
RW_4	ARO:3006218	VEB-23	2249	97.093375	95.382526	113.000000
RW_4	ARO:3006219	VEB-24	985	92.081523	89.581320	113.000000
RW_4	ARO:3006220	VEB-25	2121	97.392598	92.801980	113.000000
RW_4	ARO:3006221	VEB-26	2086	97.010594	91.001103	109.000000
RW_4	ARO:3006222	VEB-27	1458	95.341632	89.296365	113.000000
RW_4	ARO:3006223	BKC-2	271	58.241697	57.440221	94.400000
RW_4	ARO:3006224	CepA-29	1278	54.459546	51.721909	110.000000
RW_4	ARO:3006225	CepA-44	1293	53.677108	52.114462	110.000000
RW_4	ARO:3006226	CepA-49	1297	54.119044	52.449345	112.000000
RW_4	ARO:3006227	FRI-10	55	55.778182	50.023636	62.000000
RW_4	ARO:3006228	ACC-1a	918	56.350436	56.030501	77.400000
RW_4	ARO:3006229	ACC-1b	916	56.314738	56.064192	77.400000
RW_4	ARO:3006230	ACC-1c	910	56.303187	56.011978	77.400000
RW_4	ARO:3006231	ACC-1d	773	55.865847	54.911514	77.400000
RW_4	ARO:3006232	ACC-7	886	56.278668	55.730700	77.400000
RW_4	ARO:3006233	ACC-8	943	56.377943	56.032450	77.400000
RW_4	ARO:3006234	ACT-39	43	64.793023	66.855814	107.000000
RW_4	ARO:3006235	ACT-40	339	57.487611	54.245428	109.000000
RW_4	ARO:3006236	ACT-41	68	77.397059	75.942647	109.000000
RW_4	ARO:3006237	ACT-42	333	57.195796	53.804204	109.000000
RW_4	ARO:3006238	ACT-43	211	62.727488	61.585782	109.000000
RW_4	ARO:3006239	ACT-44	257	65.205447	63.509728	109.000000
RW_4	ARO:3006240	ACT-45	37	83.375676	81.562162	109.000000
RW_4	ARO:3006241	ACT-46	129	59.784496	57.713178	109.000000
RW_4	ARO:3006242	ACT-47	38	65.194737	67.044737	105.000000
RW_4	ARO:3006243	ACT-48	97	71.436082	68.488660	105.000000
RW_4	ARO:3006244	ACT-49	61	79.822951	77.455738	114.000000
RW_4	ARO:3006245	ACT-50	32	83.018750	85.250000	107.000000
RW_4	ARO:3006246	ACT-51	136	85.656618	83.980147	110.000000
RW_4	ARO:3006247	ACT-52	129	85.516279	82.233333	111.000000
RW_4	ARO:3006248	ACT-53	61	67.004918	64.219672	106.000000
RW_4	ARO:3006249	ACT-54	115	72.923478	69.426087	104.000000
RW_4	ARO:3006250	ACT-55	25	71.112000	69.496000	107.000000
RW_4	ARO:3006251	ACT-56	187	62.407487	60.880749	109.000000
RW_4	ARO:3006252	ACT-57	79	92.469620	88.682278	108.000000
RW_4	ARO:3006253	ACT-58	69	76.957971	78.163768	111.000000
RW_4	ARO:3006254	ACT-59	63	61.095238	61.338095	110.000000
RW_4	ARO:3006255	ACT-60	13	83.000000	78.492308	105.000000
RW_4	ARO:3006256	ACT-61	33	83.369697	82.509091	109.000000
RW_4	ARO:3006257	ACT-62	50	83.244000	80.852000	113.000000
RW_4	ARO:3006258	ACT-63	74	68.000000	61.966216	105.000000
RW_4	ARO:3006259	ACT-64	117	83.827350	79.768376	108.000000
RW_4	ARO:3006260	ACT-65	216	61.838426	60.666667	109.000000
RW_4	ARO:3006261	ACT-66	101	64.144554	67.804950	107.000000
RW_4	ARO:3006262	ACT-67	40	65.275000	67.102500	107.000000
RW_4	ARO:3006263	ACT-68	89	84.120225	80.044944	113.000000
RW_4	ARO:3006264	ACT-69	168	57.327381	55.838690	109.000000
RW_4	ARO:3006265	ACT-70	171	62.414035	60.561404	109.000000
RW_4	ARO:3006266	ACT-72	31	83.206452	80.625806	108.000000
RW_4	ARO:3006267	ACT-73	166	62.278313	60.445181	108.000000
RW_4	ARO:3006268	ACT-74	157	63.700000	61.180255	108.000000
RW_4	ARO:3006269	ACT-75	113	56.807965	53.080531	107.000000
RW_4	ARO:3006270	ACT-76	58	79.079310	81.425862	109.000000
RW_4	ARO:3006271	ACT-77	79	81.549367	84.664557	112.000000
RW_4	ARO:3006272	ACT-78	69	84.594203	87.831884	110.000000
RW_4	ARO:3006273	ACT-79	70	57.425714	59.255714	97.100000
RW_4	ARO:3006274	ACT-80	67	79.917910	84.776119	112.000000
RW_4	ARO:3006275	ACT-81	25	76.048000	77.896000	114.000000
RW_4	ARO:3006276	ACT-82	83	74.163855	78.121687	112.000000
RW_4	ARO:3006277	ACT-83	177	54.703955	53.654237	110.000000
RW_4	ARO:3006278	ACT-84	51	68.841176	66.803922	110.000000
RW_4	ARO:3006279	ACT-87	97	85.071134	81.272165	114.000000
RW_4	ARO:3006281	ADC-101	12	57.841667	60.850000	106.000000
RW_4	ARO:3006282	ADC-102	230	56.490870	59.704348	95.900000
RW_4	ARO:3006283	ADC-103	487	64.863244	68.824025	78.600000
RW_4	ARO:3006284	ADC-104	508	64.182480	64.986811	108.000000
RW_4	ARO:3006285	ADC-105	765	65.685359	72.241699	108.000000
RW_4	ARO:3006286	ADC-106	810	65.421235	71.283457	108.000000
RW_4	ARO:3006287	ADC-107	695	66.475683	72.187626	106.000000
RW_4	ARO:3006288	ADC-109	148	67.527027	72.675000	104.000000
RW_4	ARO:3006289	ADC-110	139	67.861871	73.359712	104.000000
RW_4	ARO:3006290	ADC-112	79	65.817722	71.463291	102.000000
RW_4	ARO:3006291	ADC-113	108	65.025000	68.528704	102.000000
RW_4	ARO:3006293	ADC-115	42	67.369048	74.290476	79.000000
RW_4	ARO:3006294	ADC-116	39	67.938462	74.871795	102.000000
RW_4	ARO:3006295	ADC-117	4	92.025000	97.075000	106.000000
RW_4	ARO:3006296	ADC-119	109	60.783486	59.046789	106.000000
RW_4	ARO:3006297	ADC-120	781	60.208323	64.028041	108.000000
RW_4	ARO:3006298	ADC-121	304	64.040461	63.934868	74.700000
RW_4	ARO:3006300	ADC-123	1217	64.179047	67.653164	103.000000
RW_4	ARO:3006301	ADC-125	176	64.048295	64.683523	110.000000
RW_4	ARO:3006302	ADC-127	512	57.578320	58.698242	100.000000
RW_4	ARO:3006303	ADC-128	540	57.832222	59.936667	100.000000
RW_4	ARO:3006304	ADC-129	553	59.656600	62.202893	100.000000
RW_4	ARO:3006305	ADC-130	698	57.134527	61.242120	108.000000
RW_4	ARO:3006306	ADC-131	676	57.050444	61.303107	108.000000
RW_4	ARO:3006307	ADC-132	469	65.888699	68.615565	104.000000
RW_4	ARO:3006308	ADC-133	1029	62.014383	64.929738	100.000000
RW_4	ARO:3006309	ADC-134	602	62.940365	68.212458	108.000000
RW_4	ARO:3006310	ADC-135	677	59.654653	63.782275	108.000000
RW_4	ARO:3006311	ADC-136	609	61.395402	65.303777	108.000000
RW_4	ARO:3006312	ADC-137	93	58.854839	60.794624	107.000000
RW_4	ARO:3006313	ADC-138	117	61.862393	63.568376	107.000000
RW_4	ARO:3006314	ADC-139	10	44.180000	51.780000	64.700000
RW_4	ARO:3006315	ADC-140	107	57.107477	57.414953	66.200000
RW_4	ARO:3006320	ADC-146	2	73.100000	70.950000	103.000000
RW_4	ARO:3006322	ADC-148	1054	60.134440	63.298482	108.000000
RW_4	ARO:3006323	ADC-149	610	62.250984	68.412787	105.000000
RW_4	ARO:3006324	ADC-150	760	64.909342	69.279737	108.000000
RW_4	ARO:3006325	ADC-151	478	60.192050	65.205439	105.000000
RW_4	ARO:3006326	ADC-152	134	61.443284	62.505224	110.000000
RW_4	ARO:3006327	ADC-153	2	73.100000	70.950000	103.000000
RW_4	ARO:3006328	ADC-154	109	66.309174	65.117431	108.000000
RW_4	ARO:3006329	ADC-155	37	68.148649	70.751351	74.700000
RW_4	ARO:3006330	ADC-156	166	60.820482	63.657831	110.000000
RW_4	ARO:3006331	ADC-157	970	64.429381	68.652990	104.000000
RW_4	ARO:3006332	ADC-158	505	65.376040	73.463960	106.000000
RW_4	ARO:3006333	ADC-160	484	65.019835	73.773347	106.000000
RW_4	ARO:3006334	ADC-162	87	67.934483	73.896552	79.000000
RW_4	ARO:3006335	ADC-163	4	92.025000	97.075000	106.000000
RW_4	ARO:3006336	ADC-164	9	68.533333	72.188889	106.000000
RW_4	ARO:3006337	ADC-165	164	66.632927	67.692073	106.000000
RW_4	ARO:3006338	ADC-166	214	66.328505	65.363551	103.000000
RW_4	ARO:3006339	ADC-167	363	65.838843	67.718733	107.000000
RW_4	ARO:3006340	ADC-168	37	53.740541	58.381081	104.000000
RW_4	ARO:3006341	ADC-169	301	64.465449	65.305316	79.700000
RW_4	ARO:3006342	ADC-170	220	63.207727	64.411364	110.000000
RW_4	ARO:3006343	ADC-171	98	57.030612	58.220408	66.200000
RW_4	ARO:3006344	ADC-172	2	46.050000	44.500000	46.600000
RW_4	ARO:3006346	ADC-174	29	69.931034	72.575862	102.000000
RW_4	ARO:3006347	ADC-175	122	65.088525	60.828689	104.000000
RW_4	ARO:3006350	ADC-178	1	67.300000	72.400000	72.400000
RW_4	ARO:3006351	ADC-179	104	63.019231	64.421154	74.700000
RW_4	ARO:3006352	ADC-180	74	59.071622	62.622973	100.000000
RW_4	ARO:3006353	ADC-184	197	62.912690	65.206599	110.000000
RW_4	ARO:3006354	ADC-185	107	57.152336	57.562617	66.200000
RW_4	ARO:3006356	ADC-187	64	62.903125	53.356250	110.000000
RW_4	ARO:3006357	ADC-188	245	67.100408	69.687347	108.000000
RW_4	ARO:3006358	ADC-189	113	66.023009	61.217699	108.000000
RW_4	ARO:3006359	ADC-190	145	65.205517	61.986207	104.000000
RW_4	ARO:3006360	ADC-191	352	64.929261	67.282102	106.000000
RW_4	ARO:3006361	ADC-192	416	65.793750	74.589423	106.000000
RW_4	ARO:3006362	ADC-193	695	61.504892	65.759568	108.000000
RW_4	ARO:3006363	ADC-194	528	61.270833	64.251894	101.000000
RW_4	ARO:3006364	ADC-195	31	63.364516	68.306452	110.000000
RW_4	ARO:3006365	ADC-196	7	58.471429	57.414286	106.000000
RW_4	ARO:3006366	ADC-197	2	41.750000	40.050000	40.800000
RW_4	ARO:3006370	ADC-201	881	66.730306	73.663451	108.000000
RW_4	ARO:3006371	ADC-202	573	60.605759	63.002443	108.000000
RW_4	ARO:3006372	ADC-203	3	45.266667	53.133333	53.500000
RW_4	ARO:3006373	ADC-204	1	65.300000	70.500000	70.500000
RW_4	ARO:3006374	ADC-205	239	57.275732	58.307531	101.000000
RW_4	ARO:3006375	ADC-206	916	64.826092	69.232860	108.000000
RW_4	ARO:3006376	ADC-207	1218	64.734236	69.028489	106.000000
RW_4	ARO:3006377	ADC-208	122	58.076230	61.500820	107.000000
RW_4	ARO:3006378	ADC-209	785	60.292739	62.220637	103.000000
RW_4	ARO:3006379	ADC-210	710	66.869577	74.429718	108.000000
RW_4	ARO:3006380	ADC-211	107	57.902804	58.477570	104.000000
RW_4	ARO:3006383	ADC-214	113	60.486726	61.002655	110.000000
RW_4	ARO:3006384	ADC-215	93	62.290323	62.235484	110.000000
RW_4	ARO:3006385	ADC-216	813	67.191144	71.951538	89.000000
RW_4	ARO:3006387	ADC-218	3	71.966667	44.800000	50.400000
RW_4	ARO:3006390	ADC-221	672	65.458333	67.456101	106.000000
RW_4	ARO:3006391	ADC-222	14	67.821429	72.300000	105.000000
RW_4	ARO:3006392	ADC-223	394	65.782741	67.628934	108.000000
RW_4	ARO:3006394	ADC-225	2	47.850000	45.050000	45.800000
RW_4	ARO:3006395	ADC-226	1	65.300000	70.500000	70.500000
RW_4	ARO:3006396	ADC-227	3	71.966667	44.800000	50.400000
RW_4	ARO:3006399	ADC-230	84	63.472619	62.121429	110.000000
RW_4	ARO:3006400	ADC-231	1	65.300000	70.500000	70.500000
RW_4	ARO:3006403	ADC-234	462	62.161039	62.784848	110.000000
RW_4	ARO:3006404	ADC-235	15	63.613333	66.686667	105.000000
RW_4	ARO:3006405	ADC-236	52	62.076923	57.086538	77.800000
RW_4	ARO:3006406	ADC-237	432	62.984259	63.336574	105.000000
RW_4	ARO:3006408	ADC-239	666	56.951802	61.203904	108.000000
RW_4	ARO:3006409	ADC-24	748	63.842781	66.530882	108.000000
RW_4	ARO:3006410	ADC-240	55	64.170909	53.734545	110.000000
RW_4	ARO:3006411	ADC-241	9	57.055556	56.877778	58.900000
RW_4	ARO:3006412	ADC-242	6	67.583333	72.533333	104.000000
RW_4	ARO:3006413	ADC-243	101	68.379208	72.438614	104.000000
RW_4	ARO:3006414	ADC-244	4	51.500000	52.975000	55.500000
RW_4	ARO:3006415	ADC-245	652	62.848313	64.795245	108.000000
RW_4	ARO:3006416	ADC-246	111	63.168468	64.654054	110.000000
RW_4	ARO:3006417	ADC-247	49	66.983673	68.344898	110.000000
RW_4	ARO:3006418	ADC-248	161	67.206211	66.849068	103.000000
RW_4	ARO:3006419	ADC-249	185	66.965946	67.158919	103.000000
RW_4	ARO:3006421	ADC-251	262	64.519084	65.283206	110.000000
RW_4	ARO:3006422	ADC-252	362	64.820442	65.961602	106.000000
RW_4	ARO:3006423	ADC-253	429	56.875291	59.511655	105.000000
RW_4	ARO:3006424	ADC-254	642	60.202181	61.185202	96.300000
RW_4	ARO:3006425	ADC-255	561	55.084848	59.292513	108.000000
RW_4	ARO:3006426	ADC-256	2	82.000000	87.200000	102.000000
RW_4	ARO:3006428	ADC-32	99	67.760606	72.259596	104.000000
RW_4	ARO:3006430	ADC-38	5	68.720000	70.940000	104.000000
RW_4	ARO:3006431	ADC-51	1	65.300000	70.500000	70.500000
RW_4	ARO:3006432	ADC-52	64	64.485937	66.181250	110.000000
RW_4	ARO:3006433	ADC-53	18	57.900000	66.050000	102.000000
RW_4	ARO:3006434	ADC-54	41	62.675610	62.790244	104.000000
RW_4	ARO:3006436	ADC-63	4	61.750000	66.625000	74.300000
RW_4	ARO:3006438	ADC-66	2	47.200000	49.900000	54.700000
RW_4	ARO:3006439	ADC-70	342	63.376316	67.213450	103.000000
RW_4	ARO:3006440	ADC-83	703	60.017354	60.620768	110.000000
RW_4	ARO:3006441	ADC-84	1299	63.362587	67.438106	108.000000
RW_4	ARO:3006442	ADC-85	862	64.366937	69.213341	101.000000
RW_4	ARO:3006443	ADC-86	908	63.687996	67.977753	106.000000
RW_4	ARO:3006444	ADC-87	299	55.605351	61.159197	108.000000
RW_4	ARO:3006445	ADC-88	421	64.013539	67.224703	107.000000
RW_4	ARO:3006446	ADC-89	35	64.462857	52.505714	110.000000
RW_4	ARO:3006447	ADC-90	17	58.141176	58.058824	60.800000
RW_4	ARO:3006448	ADC-91	19	62.010526	69.710526	104.000000
RW_4	ARO:3006449	ADC-92	126	58.626190	61.581746	104.000000
RW_4	ARO:3006453	ADC-96	1	100.000000	102.000000	102.000000
RW_4	ARO:3006454	ADC-97	44	65.954545	67.238636	74.300000
RW_4	ARO:3006455	ADC-98	33	59.081818	59.721212	102.000000
RW_4	ARO:3006456	ADC-99	16	62.450000	64.406250	102.000000
RW_4	ARO:3006457	CMY-137	73	69.589041	74.335616	102.000000
RW_4	ARO:3006458	CMY-159	82	68.925610	73.774390	104.000000
RW_4	ARO:3006459	CMY-167	26	96.196154	101.592308	108.000000
RW_4	ARO:3006460	CMY-168	18	83.966667	90.450000	105.000000
RW_4	ARO:3006461	CMY-169	254	80.462992	82.550394	109.000000
RW_4	ARO:3006462	CMY-170	7	96.228571	102.428571	107.000000
RW_4	ARO:3006463	CMY-174	2	63.350000	47.150000	51.200000
RW_4	ARO:3006464	CMY-8b	1101	77.776658	75.585286	108.000000
RW_4	ARO:3006465	DHA-24	372	75.299194	74.448118	113.000000
RW_4	ARO:3006466	DHA-25	291	79.690722	77.411684	113.000000
RW_4	ARO:3006467	DHA-26	224	87.949107	84.712946	113.000000
RW_4	ARO:3006468	DHA-27	408	75.092402	75.507108	113.000000
RW_4	ARO:3006469	DHA-28	338	72.105325	73.371302	112.000000
RW_4	ARO:3006470	DHA-29	261	80.003065	79.588123	113.000000
RW_4	ARO:3006471	FOX-13	423	67.330733	67.902364	111.000000
RW_4	ARO:3006472	FOX-14	419	67.816706	67.690692	111.000000
RW_4	ARO:3006473	FOX-15	272	73.934926	73.598529	110.000000
RW_4	ARO:3006474	FOX-16	349	68.528653	68.685960	112.000000
RW_4	ARO:3006475	FOX-17	248	70.302823	70.119758	110.000000
RW_4	ARO:3006477	MOX-12	1149	90.967711	88.293908	111.000000
RW_4	ARO:3006478	MOX-13	1167	90.793059	86.933590	111.000000
RW_4	ARO:3006479	MOX-14	1152	79.706250	77.367535	108.000000
RW_4	ARO:3006480	PDC-100	47	67.427660	73.080851	86.300000
RW_4	ARO:3006484	PDC-106	3	55.233333	50.066667	56.600000
RW_4	ARO:3006486	PDC-108	6	62.600000	69.833333	81.600000
RW_4	ARO:3006487	PDC-109	23	70.630435	70.321739	82.400000
RW_4	ARO:3006488	PDC-110	1	81.500000	46.200000	46.200000
RW_4	ARO:3006491	PDC-113	38	50.231579	52.160526	75.500000
RW_4	ARO:3006492	PDC-114	1	39.600000	39.700000	39.700000
RW_4	ARO:3006493	PDC-115	1	40.800000	45.400000	45.400000
RW_4	ARO:3006498	PDC-122	8	49.137500	56.300000	74.300000
RW_4	ARO:3006501	PDC-125	538	53.445725	56.809480	78.200000
RW_4	ARO:3006502	PDC-126	3	56.533333	51.600000	59.300000
RW_4	ARO:3006503	PDC-127	20	70.105000	72.130000	86.300000
RW_4	ARO:3006504	PDC-128	148	52.598649	56.348649	67.800000
RW_4	ARO:3006506	PDC-13	5	58.160000	55.540000	71.200000
RW_4	ARO:3006507	PDC-130	272	56.936397	54.746691	78.600000
RW_4	ARO:3006509	PDC-132	3	66.766667	58.033333	61.200000
RW_4	ARO:3006510	PDC-133	66	54.201515	58.377273	76.600000
RW_4	ARO:3006512	PDC-135	4	55.250000	49.200000	59.300000
RW_4	ARO:3006513	PDC-136	1	63.300000	61.200000	61.200000
RW_4	ARO:3006514	PDC-137	20	67.075000	65.970000	82.400000
RW_4	ARO:3006515	PDC-138	1	52.500000	46.600000	46.600000
RW_4	ARO:3006517	PDC-140	522	53.527011	56.828544	78.200000
RW_4	ARO:3006518	PDC-141	279	56.365950	54.327240	78.600000
RW_4	ARO:3006521	PDC-144	5	66.460000	69.540000	82.400000
RW_4	ARO:3006522	PDC-145	1	52.500000	46.600000	46.600000
RW_4	ARO:3006523	PDC-146	6	61.183333	66.450000	77.800000
RW_4	ARO:3006524	PDC-147	2	48.900000	53.950000	55.500000
RW_4	ARO:3006525	PDC-148	33	54.696970	55.463636	80.900000
RW_4	ARO:3006526	PDC-149	9	56.355556	54.955556	75.500000
RW_4	ARO:3006527	PDC-15	3	52.666667	58.400000	71.200000
RW_4	ARO:3006529	PDC-151	563	53.480639	57.207815	78.600000
RW_4	ARO:3006530	PDC-152	2	57.650000	56.800000	59.300000
RW_4	ARO:3006531	PDC-153	23	66.973913	68.917391	86.300000
RW_4	ARO:3006532	PDC-154	48	53.902083	62.033333	70.900000
RW_4	ARO:3006533	PDC-155	86	55.591860	58.629070	81.600000
RW_4	ARO:3006534	PDC-156	2	69.700000	75.500000	78.200000
RW_4	ARO:3006535	PDC-157	10	59.380000	54.510000	75.500000
RW_4	ARO:3006537	PDC-159	7	52.042857	51.571429	57.400000
RW_4	ARO:3006539	PDC-160	524	53.250954	57.237405	78.600000
RW_4	ARO:3006541	PDC-162	89	51.921348	57.035955	69.300000
RW_4	ARO:3006542	PDC-163	2	61.900000	60.500000	65.500000
RW_4	ARO:3006543	PDC-164	1	50.000000	48.500000	48.500000
RW_4	ARO:3006544	PDC-165	5	67.880000	63.300000	72.800000
RW_4	ARO:3006545	PDC-166	19	56.726316	60.931579	83.200000
RW_4	ARO:3006546	PDC-167	59	54.591525	59.279661	76.600000
RW_4	ARO:3006547	PDC-168	1	44.900000	52.400000	52.400000
RW_4	ARO:3006548	PDC-169	22	50.363636	55.513636	74.300000
RW_4	ARO:3006549	PDC-17	41	59.207317	56.802439	67.800000
RW_4	ARO:3006550	PDC-170	31	59.229032	59.319355	75.900000
RW_4	ARO:3006551	PDC-171	2	69.700000	75.500000	78.200000
RW_4	ARO:3006552	PDC-172	1	60.000000	62.000000	62.000000
RW_4	ARO:3006554	PDC-175	146	52.655479	56.381507	67.800000
RW_4	ARO:3006556	PDC-177	4	51.800000	54.000000	61.600000
RW_4	ARO:3006557	PDC-178	4	59.225000	60.950000	65.100000
RW_4	ARO:3006559	PDC-18	120	51.495833	53.254167	75.900000
RW_4	ARO:3006561	PDC-181	23	49.956522	51.652174	71.200000
RW_4	ARO:3006562	PDC-182	7	58.271429	57.285714	75.500000
RW_4	ARO:3006563	PDC-184	15	53.713333	54.333333	75.500000
RW_4	ARO:3006564	PDC-185	1	48.600000	40.000000	40.000000
RW_4	ARO:3006565	PDC-186	3	48.666667	56.466667	62.400000
RW_4	ARO:3006566	PDC-187	7	53.385714	57.828571	64.700000
RW_4	ARO:3006567	PDC-188	17	66.341176	64.994118	82.400000
RW_4	ARO:3006568	PDC-189	51	55.074510	60.298039	76.600000
RW_4	ARO:3006569	PDC-190	19	68.452632	70.494737	86.300000
RW_4	ARO:3006570	PDC-191	9	52.455556	56.011111	61.600000
RW_4	ARO:3006571	PDC-192	2	42.400000	41.950000	42.700000
RW_4	ARO:3006573	PDC-194	2	47.350000	46.250000	52.800000
RW_4	ARO:3006574	PDC-195	13	65.200000	64.315385	71.600000
RW_4	ARO:3006576	PDC-197	47	53.493617	55.642553	77.800000
RW_4	ARO:3006579	PDC-20	7	58.271429	57.285714	75.500000
RW_4	ARO:3006581	PDC-202	71	52.854930	53.816901	77.800000
RW_4	ARO:3006582	PDC-203	16	63.887500	68.337500	82.400000
RW_4	ARO:3006584	PDC-205	15	53.713333	54.333333	75.500000
RW_4	ARO:3006589	PDC-211	18	68.255556	70.388889	86.300000
RW_4	ARO:3006590	PDC-213	64	57.012500	61.706250	80.900000
RW_4	ARO:3006591	PDC-214	37	57.343243	62.621622	77.800000
RW_4	ARO:3006592	PDC-215	1	52.500000	46.600000	46.600000
RW_4	ARO:3006593	PDC-216	86	52.845349	61.330233	70.900000
RW_4	ARO:3006597	PDC-21a	6	57.850000	55.533333	75.500000
RW_4	ARO:3006598	PDC-21b	4	50.775000	53.325000	69.300000
RW_4	ARO:3006602	PDC-222	3	47.166667	46.200000	52.000000
RW_4	ARO:3006603	PDC-223	89	61.483146	57.328090	81.300000
RW_4	ARO:3006604	PDC-224	58	58.518966	58.262069	77.800000
RW_4	ARO:3006606	PDC-227	9	52.455556	56.011111	61.600000
RW_4	ARO:3006607	PDC-228	37	55.221622	57.081081	75.900000
RW_4	ARO:3006608	PDC-229	12	54.383333	49.658333	63.500000
RW_4	ARO:3006609	PDC-230	12	54.383333	49.658333	63.500000
RW_4	ARO:3006610	PDC-232	2	62.950000	60.700000	65.900000
RW_4	ARO:3006611	PDC-233	1	62.000000	71.200000	71.200000
RW_4	ARO:3006613	PDC-235	9	52.455556	56.011111	61.600000
RW_4	ARO:3006614	PDC-236	32	56.831250	63.865625	83.600000
RW_4	ARO:3006615	PDC-237	13	55.346154	51.684615	65.900000
RW_4	ARO:3006616	PDC-238	21	50.623810	55.623810	74.300000
RW_4	ARO:3006617	PDC-239	1	60.800000	53.900000	53.900000
RW_4	ARO:3006619	PDC-241	279	58.996416	57.777061	86.300000
RW_4	ARO:3006621	PDC-243	3	48.633333	46.200000	52.400000
RW_4	ARO:3006622	PDC-244	29	59.941379	62.100000	82.000000
RW_4	ARO:3006623	PDC-245	1	53.100000	59.300000	59.300000
RW_4	ARO:3006624	PDC-246	3	65.500000	64.200000	75.500000
RW_4	ARO:3006625	PDC-247	71	56.494366	53.818310	77.800000
RW_4	ARO:3006628	PDC-25	1	60.600000	43.500000	43.500000
RW_4	ARO:3006629	PDC-250	304	54.124013	55.443750	78.200000
RW_4	ARO:3006630	PDC-251	7	52.171429	52.942857	59.300000
RW_4	ARO:3006632	PDC-253	1	52.500000	46.600000	46.600000
RW_4	ARO:3006633	PDC-254	1	62.200000	56.600000	56.600000
RW_4	ARO:3006635	PDC-259	134	54.798507	60.432090	73.900000
RW_4	ARO:3006636	PDC-26	27	55.925926	52.811111	68.900000
RW_4	ARO:3006638	PDC-261	1	62.200000	56.600000	56.600000
RW_4	ARO:3006639	PDC-262	1	51.400000	39.300000	39.300000
RW_4	ARO:3006640	PDC-263	213	57.055399	54.580751	78.600000
RW_4	ARO:3006641	PDC-265	58	68.068966	64.765517	83.600000
RW_4	ARO:3006642	PDC-266	2	72.700000	75.100000	75.900000
RW_4	ARO:3006643	PDC-267	2	48.900000	53.950000	55.500000
RW_4	ARO:3006645	PDC-270	2	53.900000	57.200000	67.800000
RW_4	ARO:3006646	PDC-271	1	53.100000	59.300000	59.300000
RW_4	ARO:3006649	PDC-275	1	53.100000	59.300000	59.300000
RW_4	ARO:3006650	PDC-276	94	52.506383	60.944681	73.600000
RW_4	ARO:3006651	PDC-277	39	56.743590	61.138462	76.600000
RW_4	ARO:3006652	PDC-278	6	52.733333	52.483333	67.800000
RW_4	ARO:3006653	PDC-279	7	48.057143	47.914286	58.500000
RW_4	ARO:3006654	PDC-280	26	58.996154	56.734615	76.300000
RW_4	ARO:3006655	PDC-281	10	52.460000	55.070000	61.600000
RW_4	ARO:3006656	PDC-282	8	49.725000	51.750000	71.600000
RW_4	ARO:3006657	PDC-283	300	54.539000	64.030667	82.000000
RW_4	ARO:3006661	PDC-289	3	62.033333	48.100000	66.200000
RW_4	ARO:3006663	PDC-291	15	58.526667	57.680000	76.600000
RW_4	ARO:3006664	PDC-294	6	50.100000	50.883333	56.200000
RW_4	ARO:3006665	PDC-295	8	66.012500	68.275000	80.100000
RW_4	ARO:3006666	PDC-296	18	51.405556	56.633333	74.300000
RW_4	ARO:3006668	PDC-298	2	58.050000	49.250000	58.500000
RW_4	ARO:3006670	PDC-30	1	52.500000	46.600000	46.600000
RW_4	ARO:3006671	PDC-300	75	69.144000	57.465333	75.500000
RW_4	ARO:3006676	PDC-305	1	51.400000	39.300000	39.300000
RW_4	ARO:3006678	PDC-308	1	51.400000	39.300000	39.300000
RW_4	ARO:3006681	PDC-310	11	54.009091	54.200000	61.600000
RW_4	ARO:3006683	PDC-312	2	61.000000	46.050000	47.400000
RW_4	ARO:3006684	PDC-314	248	53.437097	62.048387	71.600000
RW_4	ARO:3006685	PDC-315	8	49.875000	50.737500	51.600000
RW_4	ARO:3006686	PDC-316	13	57.169231	53.738462	61.600000
RW_4	ARO:3006687	PDC-317	13	49.000000	50.130769	53.100000
RW_4	ARO:3006689	PDC-319	4	51.000000	52.375000	55.800000
RW_4	ARO:3006690	PDC-32	4	70.600000	45.225000	48.100000
RW_4	ARO:3006691	PDC-320	9	47.433333	50.766667	54.300000
RW_4	ARO:3006694	PDC-325	1	53.100000	59.300000	59.300000
RW_4	ARO:3006695	PDC-326	22	66.363636	64.954545	83.600000
RW_4	ARO:3006696	PDC-327	26	57.846154	62.315385	75.900000
RW_4	ARO:3006697	PDC-328	13	50.792308	53.507692	58.500000
RW_4	ARO:3006698	PDC-329	22	50.445455	55.181818	74.300000
RW_4	ARO:3006699	PDC-33	500	53.713600	57.933800	78.600000
RW_4	ARO:3006701	PDC-331	29	62.982759	62.089655	82.000000
RW_4	ARO:3006702	PDC-332	43	62.000000	61.434884	82.000000
RW_4	ARO:3006703	PDC-333	74	68.678378	57.714865	86.300000
RW_4	ARO:3006704	PDC-334	3	48.633333	45.933333	52.000000
RW_4	ARO:3006705	PDC-335	3	50.266667	51.233333	54.300000
RW_4	ARO:3006707	PDC-338	3	58.266667	58.666667	63.900000
RW_4	ARO:3006708	PDC-339	45	68.833333	67.477778	83.600000
RW_4	ARO:3006709	PDC-34	20	70.105000	72.130000	86.300000
RW_4	ARO:3006712	PDC-342	470	53.730213	57.914255	78.600000
RW_4	ARO:3006713	PDC-343	496	53.651008	57.935282	78.600000
RW_4	ARO:3006714	PDC-344	344	53.758721	56.089826	78.600000
RW_4	ARO:3006715	PDC-345	3	49.433333	46.733333	50.100000
RW_4	ARO:3006716	PDC-347	66	56.103030	53.413636	77.800000
RW_4	ARO:3006718	PDC-349	19	55.842105	61.089474	73.600000
RW_4	ARO:3006719	PDC-35	1	53.100000	59.300000	59.300000
RW_4	ARO:3006720	PDC-350	24	64.779167	61.912500	83.600000
RW_4	ARO:3006723	PDC-354	3	46.700000	50.833333	52.800000
RW_4	ARO:3006724	PDC-355	4	58.500000	65.150000	66.600000
RW_4	ARO:3006725	PDC-356	1	55.100000	52.800000	52.800000
RW_4	ARO:3006727	PDC-358	26	54.826923	60.630769	72.800000
RW_4	ARO:3006728	PDC-359	1	40.800000	45.400000	45.400000
RW_4	ARO:3006730	PDC-360	22	60.422727	57.981818	76.300000
RW_4	ARO:3006731	PDC-361	1	52.300000	54.300000	54.300000
RW_4	ARO:3006732	PDC-362	205	53.620976	63.414634	72.000000
RW_4	ARO:3006734	PDC-364	35	56.502857	57.997143	75.900000
RW_4	ARO:3006735	PDC-365	12	57.550000	61.416667	78.200000
RW_4	ARO:3006736	PDC-366	7	70.271429	69.257143	83.200000
RW_4	ARO:3006739	PDC-369	1	57.800000	59.700000	59.700000
RW_4	ARO:3006744	PDC-373	3	48.633333	45.933333	52.000000
RW_4	ARO:3006747	PDC-377	1	50.000000	50.100000	50.100000
RW_4	ARO:3006748	PDC-378	2	62.950000	60.700000	65.900000
RW_4	ARO:3006749	PDC-379	16	55.406250	59.118750	76.600000
RW_4	ARO:3006750	PDC-38	18	70.261111	73.300000	86.300000
RW_4	ARO:3006751	PDC-381	13	65.200000	64.315385	71.600000
RW_4	ARO:3006752	PDC-382	3	48.633333	46.200000	52.400000
RW_4	ARO:3006753	PDC-383	9	51.977778	59.355556	70.500000
RW_4	ARO:3006754	PDC-385	3	49.600000	51.333333	52.400000
RW_4	ARO:3006756	PDC-387	21	67.171429	69.390476	86.300000
RW_4	ARO:3006757	PDC-388	1	66.000000	75.900000	75.900000
RW_4	ARO:3006760	PDC-390	10	48.950000	53.220000	71.600000
RW_4	ARO:3006761	PDC-391	93	57.387097	61.264516	88.600000
RW_4	ARO:3006762	PDC-392	10	52.450000	60.720000	76.600000
RW_4	ARO:3006763	PDC-394	3	51.233333	52.766667	62.400000
RW_4	ARO:3006764	PDC-395	20	69.530000	72.040000	86.300000
RW_4	ARO:3006765	PDC-396	29	56.806897	58.996552	75.900000
RW_4	ARO:3006766	PDC-397	2	60.500000	60.300000	65.500000
RW_4	ARO:3006767	PDC-398	12	56.058333	55.991667	71.600000
RW_4	ARO:3006768	PDC-399	1	46.900000	50.400000	50.400000
RW_4	ARO:3006770	PDC-400	1	47.900000	54.300000	54.300000
RW_4	ARO:3006773	PDC-403	1	51.400000	39.300000	39.300000
RW_4	ARO:3006774	PDC-404	2	60.800000	65.100000	65.100000
RW_4	ARO:3006775	PDC-405	175	55.547429	64.377143	82.000000
RW_4	ARO:3006776	PDC-406	1	51.100000	54.300000	54.300000
RW_4	ARO:3006778	PDC-408	3	52.066667	54.566667	59.300000
RW_4	ARO:3006780	PDC-410	2	48.900000	53.950000	55.500000
RW_4	ARO:3006781	PDC-411	6	50.100000	50.883333	56.200000
RW_4	ARO:3006782	PDC-412	1	58.000000	58.900000	58.900000
RW_4	ARO:3006783	PDC-414	6	52.600000	56.916667	71.200000
RW_4	ARO:3006784	PDC-415	2	61.600000	63.000000	70.900000
RW_4	ARO:3006785	PDC-416	27	68.448148	67.155556	82.000000
RW_4	ARO:3006786	PDC-417	32	51.771875	53.706250	74.300000
RW_4	ARO:3006787	PDC-418	96	62.951042	58.310417	82.000000
RW_4	ARO:3006789	PDC-42	370	54.080270	58.387568	78.200000
RW_4	ARO:3006790	PDC-420	41	54.097561	61.953659	70.900000
RW_4	ARO:3006792	PDC-422	3	44.533333	46.366667	52.000000
RW_4	ARO:3006795	PDC-425	2	60.600000	67.000000	70.100000
RW_4	ARO:3006796	PDC-426	1	46.700000	40.000000	40.000000
RW_4	ARO:3006797	PDC-427	2	51.550000	52.200000	54.300000
RW_4	ARO:3006798	PDC-428	1	54.000000	55.100000	55.100000
RW_4	ARO:3006802	PDC-433	9	51.977778	59.355556	70.500000
RW_4	ARO:3006804	PDC-435	103	51.775728	54.752427	71.600000
RW_4	ARO:3006805	PDC-436	1	49.000000	48.500000	48.500000
RW_4	ARO:3006806	PDC-437	12	50.816667	52.208333	70.900000
RW_4	ARO:3006811	PDC-443	26	57.065385	59.050000	75.900000
RW_4	ARO:3006813	PDC-445	7	45.642857	52.871429	56.600000
RW_4	ARO:3006815	PDC-447	31	64.303226	72.016129	82.800000
RW_4	ARO:3006816	PDC-448	2	48.450000	42.900000	45.800000
RW_4	ARO:3006817	PDC-450	27	59.196296	65.522222	76.600000
RW_4	ARO:3006819	PDC-452	6	50.100000	50.883333	56.200000
RW_4	ARO:3006820	PDC-453	47	66.076596	71.982979	83.200000
RW_4	ARO:3006822	PDC-455	459	53.693900	58.221133	78.600000
RW_4	ARO:3006823	PDC-456	15	65.066667	65.446667	75.900000
RW_4	ARO:3006825	PDC-458	1	51.400000	39.300000	39.300000
RW_4	ARO:3006826	PDC-459	6	50.100000	50.883333	56.200000
RW_4	ARO:3006828	PDC-460	15	48.120000	42.606667	49.300000
RW_4	ARO:3006829	PDC-462	15	48.120000	42.606667	49.300000
RW_4	ARO:3006830	PDC-463	35	49.600000	50.457143	74.300000
RW_4	ARO:3006831	PDC-465	2	51.200000	50.250000	61.200000
RW_4	ARO:3006832	PDC-466	19	47.305263	44.478947	55.100000
RW_4	ARO:3006835	PDC-469	1	51.100000	54.300000	54.300000
RW_4	ARO:3006836	PDC-470	1	59.500000	57.800000	57.800000
RW_4	ARO:3006839	PDC-473	25	62.232000	63.616000	83.600000
RW_4	ARO:3006840	PDC-474	14	56.250000	62.550000	67.000000
RW_4	ARO:3006841	PDC-475	2	48.450000	42.900000	45.800000
RW_4	ARO:3006843	PDC-58	2	72.700000	75.100000	75.900000
RW_4	ARO:3006844	PDC-60	13	65.200000	64.315385	71.600000
RW_4	ARO:3006846	PDC-71	4	51.775000	54.125000	70.900000
RW_4	ARO:3006849	PDC-96	6	52.016667	51.883333	57.400000
RW_4	ARO:3006852	PDC-99	7	63.157143	57.928571	72.800000
RW_4	ARO:3006853	SRT-3	705	54.676312	53.522411	87.400000
RW_4	ARO:3006854	CMH-2	80	71.100000	74.126250	104.000000
RW_4	ARO:3006855	CMH-3	116	75.866379	80.838793	110.000000
RW_4	ARO:3006856	CMH-4	85	71.577647	74.938824	110.000000
RW_4	ARO:3006857	CMH-5	63	64.971429	66.549206	103.000000
RW_4	ARO:3006858	CMH-6	61	70.416393	73.213115	105.000000
RW_4	ARO:3006859	MIR-19	92	83.152174	85.200000	112.000000
RW_4	ARO:3006860	MIR-20	91	83.180220	86.359341	112.000000
RW_4	ARO:3006861	MIR-21	82	87.732927	89.847561	112.000000
RW_4	ARO:3006862	MIR-22	69	89.304348	93.144928	112.000000
RW_4	ARO:3006863	AAK-1	10	54.970000	50.730000	67.800000
RW_4	ARO:3006864	CRD3-1	309	47.566019	46.698382	74.300000
RW_4	ARO:3006865	CRH-1	148	60.100676	55.350676	88.600000
RW_4	ARO:3006866	CRH-2	110	59.424545	53.354545	88.600000
RW_4	ARO:3006867	CRH-3	100	59.386000	52.772000	88.600000
RW_4	ARO:3006868	CRP-1	133	59.927820	56.084962	80.100000
RW_4	ARO:3006869	CSA-1	260	55.181154	54.577692	105.000000
RW_4	ARO:3006870	CSA-2	237	55.173840	54.958650	105.000000
RW_4	ARO:3006871	CSP-1	561	57.733333	59.778253	84.300000
RW_4	ARO:3006872	DHT2-1	150	47.748000	48.484000	85.900000
RW_4	ARO:3006873	EAM-1	181	50.820994	50.427072	77.400000
RW_4	ARO:3006874	EC-13	945	77.146984	77.269947	113.000000
RW_4	ARO:3006875	EC-14	917	77.672083	77.871210	113.000000
RW_4	ARO:3006876	EC-15	922	77.569089	77.563666	113.000000
RW_4	ARO:3006877	EC-16	899	78.286207	78.256285	113.000000
RW_4	ARO:3006878	EC-18	880	78.412159	78.572955	113.000000
RW_4	ARO:3006879	EC-19	760	78.262237	78.254605	112.000000
RW_4	ARO:3006880	EC-5	772	78.519301	78.271762	112.000000
RW_4	ARO:3006881	EC-8	876	78.274886	78.452169	112.000000
RW_4	ARO:3006882	ECM-1	86	50.763953	51.248837	74.300000
RW_4	ARO:3006883	ECV-1	124	51.122581	56.075806	73.900000
RW_4	ARO:3006884	EFM-1	52	48.125000	48.446154	64.700000
RW_4	ARO:3006885	ELM-1	220	48.084091	45.623182	68.600000
RW_4	ARO:3006886	EVM-1	156	50.339744	48.505769	70.500000
RW_4	ARO:3006887	FIA-1	20	50.320000	53.845000	74.300000
RW_4	ARO:3006888	GIL-1	268	61.458582	59.870896	94.400000
RW_4	ARO:3006889	GMB-1	90	46.450000	41.911111	57.400000
RW_4	ARO:3006890	AFM-1	4	69.600000	48.125000	67.400000
RW_4	ARO:3006891	AFM-2	4	69.600000	48.125000	67.400000
RW_4	ARO:3006892	ALG11-1	143	52.316084	52.446154	81.300000
RW_4	ARO:3006893	ALG6-1	206	55.124272	54.855825	88.600000
RW_4	ARO:3006894	ALI-1	4	46.075000	44.375000	48.500000
RW_4	ARO:3006895	ALI-2	118	40.188983	42.408475	55.500000
RW_4	ARO:3006896	ANA-1	6	47.100000	44.816667	50.100000
RW_4	ARO:3006897	AXC-1	642	62.808100	62.888318	80.500000
RW_4	ARO:3006898	AXC-2	630	62.749841	62.594921	79.700000
RW_4	ARO:3006899	AXC-3	647	63.304791	62.938176	80.900000
RW_4	ARO:3006900	AXC-4	641	62.807800	62.886115	80.500000
RW_4	ARO:3006901	AXC-5	630	62.671429	62.673492	80.500000
RW_4	ARO:3006902	BSU-1	191	46.290576	50.739791	74.300000
RW_4	ARO:3006903	CAR-1	485	46.409691	44.842887	98.200000
RW_4	ARO:3006904	CDD-1	204	46.565196	47.874020	70.100000
RW_4	ARO:3006905	CDD-2	204	46.715196	48.072059	70.500000
RW_4	ARO:3006906	CfiA10	101	56.385149	62.840594	111.000000
RW_4	ARO:3006907	CfiA11	97	56.610309	62.868041	110.000000
RW_4	ARO:3006908	CfiA14	106	56.092453	62.009434	110.000000
RW_4	ARO:3006909	CfiA17	96	57.209375	63.090625	110.000000
RW_4	ARO:3006910	CfiA18	104	56.200962	62.148077	111.000000
RW_4	ARO:3006911	CfiA19	102	56.396078	62.769608	110.000000
RW_4	ARO:3006912	CfiA2	100	56.726000	62.927000	111.000000
RW_4	ARO:3006913	CfiA21	84	58.959524	65.240476	110.000000
RW_4	ARO:3006914	CfiA22	86	58.432558	65.124419	110.000000
RW_4	ARO:3006915	CfiA23	91	57.891209	64.443956	110.000000
RW_4	ARO:3006916	CfiA24	72	61.952778	68.727778	110.000000
RW_4	ARO:3006917	CfiA26	86	58.550000	65.479070	110.000000
RW_4	ARO:3006918	CfiA27	81	59.201235	65.735802	110.000000
RW_4	ARO:3006919	CfiA4	78	59.934615	66.339744	110.000000
RW_4	ARO:3006920	CfiA8	80	60.272500	67.343750	111.000000
RW_4	ARO:3006921	CfiA9	78	60.732051	67.758974	111.000000
RW_4	ARO:3006922	CMA-1	177	58.396045	58.653672	106.000000
RW_4	ARO:3006923	CMA-2	212	55.946226	55.041981	104.000000
RW_4	ARO:3006924	CVI-1	137	64.340876	69.707299	91.300000
RW_4	ARO:3006925	GRD23-1	14	51.292857	57.800000	79.000000
RW_4	ARO:3006926	GRD33-1	150	52.116667	50.997333	77.400000
RW_4	ARO:3006927	KLUC-1	185	54.875135	50.014054	103.000000
RW_4	ARO:3006928	KLUC-2	185	54.853514	49.982162	103.000000
RW_4	ARO:3006929	KLUC-3	204	56.157353	52.796569	103.000000
RW_4	ARO:3006930	KLUC-4	177	54.523164	49.866102	100.000000
RW_4	ARO:3006931	KLUC-5	177	54.745198	50.090960	103.000000
RW_4	ARO:3006932	LEN-27	12	67.041667	69.266667	99.800000
RW_4	ARO:3006933	LEN-28	9	83.944444	83.177778	99.800000
RW_4	ARO:3006934	LEN-31	17	67.735294	69.464706	100.000000
RW_4	ARO:3006935	LHK-1	256	56.627734	60.487891	105.000000
RW_4	ARO:3006936	LHK-2	309	57.819094	61.368285	105.000000
RW_4	ARO:3006937	LHK-3	206	56.747087	60.143204	106.000000
RW_4	ARO:3006938	LHK-4	199	56.935176	60.367839	106.000000
RW_4	ARO:3006939	LHK-5	236	57.500847	60.897458	105.000000
RW_4	ARO:3006940	LHK-6	112	57.460714	58.711607	107.000000
RW_4	ARO:3006941	LRG-1	235	57.624681	56.560000	89.700000
RW_4	ARO:3006942	LUS-1	805	54.659006	57.059752	91.300000
RW_4	ARO:3006943	LUT-1	403	57.024069	55.848883	90.900000
RW_4	ARO:3006944	LUT-2	381	57.368504	56.128346	90.900000
RW_4	ARO:3006945	LUT-3	382	57.036126	56.160209	90.900000
RW_4	ARO:3006946	LUT-4	383	57.106005	56.073890	90.900000
RW_4	ARO:3006947	LUT-5	369	57.057724	56.227100	90.900000
RW_4	ARO:3006948	LUT-6	316	57.289873	56.017089	90.900000
RW_4	ARO:3006949	MAL-1	473	57.584567	58.179493	76.300000
RW_4	ARO:3006950	MAL-2	466	57.812876	58.445494	76.300000
RW_4	ARO:3006951	MBL1b	135	51.254074	48.660000	98.600000
RW_4	ARO:3006952	MOC-1	156	47.431410	47.827564	81.600000
RW_4	ARO:3006953	MOR-2	204	73.782353	76.140686	110.000000
RW_4	ARO:3006954	MYO-1	116	55.286207	61.141379	91.700000
RW_4	ARO:3006955	MYX-1	46	51.915217	51.715217	67.400000
RW_4	ARO:3006956	OHIO-1	67	58.262687	58.473134	82.800000
RW_4	ARO:3006957	ORN-1	233	59.807296	57.718884	89.400000
RW_4	ARO:3006958	ORN-2	225	59.892444	57.812889	89.400000
RW_4	ARO:3006959	ORN-3	212	59.972642	57.634434	89.400000
RW_4	ARO:3006960	ORN-4	126	61.564286	59.666667	87.400000
RW_4	ARO:3006961	ORN-5	218	59.852752	57.816514	90.100000
RW_4	ARO:3006962	ORN-6	187	60.223529	57.474866	89.400000
RW_4	ARO:3006963	ORR-1	104	54.381731	57.623077	72.400000
RW_4	ARO:3006964	PAU-1	831	70.518532	69.211312	105.000000
RW_4	ARO:3006965	PFM-1	92	59.535870	66.457609	88.200000
RW_4	ARO:3006966	PFM-2	94	58.210638	65.345745	88.200000
RW_4	ARO:3006967	PFM-3	94	59.527660	66.056383	88.200000
RW_4	ARO:3006968	PLA-1	314	57.365605	54.245223	89.700000
RW_4	ARO:3006969	PLA-2a	305	57.426557	54.256066	89.700000
RW_4	ARO:3006970	PLA-3	294	57.378912	54.071088	89.700000
RW_4	ARO:3006971	PLA-6	314	57.749045	54.588217	89.700000
RW_4	ARO:3006972	PLN-1	146	52.735616	52.723288	75.900000
RW_4	ARO:3006973	PME-1	195	57.819487	55.474872	107.000000
RW_4	ARO:3006974	POM-1	162	49.364198	47.641358	101.000000
RW_4	ARO:3006975	POM-2	161	49.391925	47.647826	101.000000
RW_4	ARO:3006976	PST-1	10	47.940000	52.070000	72.800000
RW_4	ARO:3006977	PST-2	10	47.940000	52.070000	72.800000
RW_4	ARO:3006978	PSV-1	252	54.745635	56.759127	76.600000
RW_4	ARO:3006979	RAHN-1	45	57.800000	58.831111	90.100000
RW_4	ARO:3006980	RAHN-2	52	58.592308	60.657692	90.100000
RW_4	ARO:3006981	RSA2-1	59	55.476271	55.894915	80.100000
RW_4	ARO:3006982	RSD2-1	287	62.350523	64.980836	107.000000
RW_4	ARO:3006983	RSD2-2	294	62.305102	64.508163	104.000000
RW_4	ARO:3006984	RUB-1	153	58.566013	58.643137	94.700000
RW_4	ARO:3006985	SFC-1	63	48.307937	46.196825	70.100000
RW_4	ARO:3006986	SFO-1	33	61.503030	59.381818	102.000000
RW_4	ARO:3006987	SGM-1	47	55.670213	50.978723	72.800000
RW_4	ARO:3006988	SGM-2	83	61.944578	60.738554	71.600000
RW_4	ARO:3006989	SGM-3	58	58.294828	56.767241	68.900000
RW_4	ARO:3006990	SGM-4	64	57.801563	56.529688	72.400000
RW_4	ARO:3006991	SGM-5	115	54.067826	52.424348	67.400000
RW_4	ARO:3006992	SGM-6	78	58.866667	55.097436	68.900000
RW_4	ARO:3006993	SGM-7	71	59.394366	57.700000	69.700000
RW_4	ARO:3006994	SHN-1	21	42.247619	47.785714	54.300000
RW_4	ARO:3006995	SPN79-1	27	46.233333	46.829630	75.500000
RW_4	ARO:3006996	SPR-1	79	50.322785	50.353165	75.500000
RW_4	ARO:3006997	SPS-1	4	55.425000	59.200000	61.200000
RW_4	ARO:3006998	SPU-1	566	57.649117	59.684099	84.300000
RW_4	ARO:3006999	SST-1	720	54.480556	53.587222	87.400000
RW_4	ARO:3007000	STA-1	10	53.200000	55.970000	75.500000
RW_4	ARO:3007001	TER-1	272	58.963235	56.852206	85.100000
RW_4	ARO:3007002	TTU-1	32	49.331250	53.175000	73.900000
RW_4	ARO:3007003	VHH-1	228	57.658772	61.707018	76.300000
RW_4	ARO:3007004	VHW-1	180	56.543333	61.491667	75.900000
RW_4	ARO:3007005	YEM-1	129	62.199225	67.548062	90.500000
RW_4	ARO:3007006	ZOG-1	103	53.470874	58.439806	75.100000
RW_4	ARO:3007007	TER-2	360	59.687500	57.726667	85.100000
RW_4	ARO:3007010	norC	1541	57.863984	56.709799	87.400000
RW_4	ARO:3007011	mdeA	766	42.538251	41.453394	84.700000
RW_4	ARO:3007012	sepA	4	70.050000	59.100000	79.300000
RW_4	ARO:3007013	sdrM	3153	43.925500	45.300793	82.000000
RW_4	ARO:3007014	qacJ	1957	49.470158	45.716505	70.900000
RW_4	ARO:3007015	qacG	2708	48.874852	45.211558	67.800000
RW_4	ARO:3007017	SHD-1	38	42.452632	44.868421	79.000000
RW_4	ARO:3007019	fexB	54	46.794444	47.594444	104.000000
RW_4	ARO:3007021	PFM-4	94	58.843617	65.673404	87.400000
RW_4	ARO:3007023	NDM-33	19	87.226316	80.484211	102.000000
RW_4	ARO:3007026	salB	5521	43.544141	43.027821	75.100000
RW_4	ARO:3007027	salC	5073	43.523812	43.664124	81.600000
RW_4	ARO:3007028	salD	9900	47.364485	41.601808	82.400000
RW_4	ARO:3007029	salE	4655	46.232589	41.477379	77.000000
RW_4	ARO:3007032	Erm(50)	452	60.438274	57.951991	108.000000
RW_4	ARO:3007033	Erm(51)	451	59.232816	58.893126	116.000000
RW_4	ARO:3007041	Erm(52)	281	45.123132	44.118861	55.800000
RW_4	ARO:3007042	msr(G)	11779	49.863078	49.462119	103.000000
RW_4	ARO:3007043	msr(I)	40955	50.283528	47.584493	102.000000
RW_4	ARO:3007044	mef(F)	778	52.813625	50.535861	101.000000
RW_4	ARO:3007047	mef(H)	19	76.047368	65.384211	97.400000
RW_4	ARO:3007049	mef(J)	699	57.288984	52.655079	107.000000
RW_4	ARO:3007050	mreA	1929	52.071177	50.990513	94.400000
RW_4	ARO:3007062	VAM-1	32	49.721875	46.640625	69.300000
RW_4	ARO:3007069	FosY	71	58.433803	43.353521	83.200000
RW_4	ARO:3007070	MCR-1.33	5705	58.410780	60.180456	111.000000
RW_4	ARO:3007075	cph	160	45.025000	41.438750	55.500000
RW_4	ARO:3007085	PRC-1	886	58.179120	63.072799	107.000000
RW_4	ARO:3007097	FosM1	22	59.440909	48.027273	79.000000
RW_4	ARO:3007098	FosM2	22	58.759091	47.450000	80.500000
RW_4	ARO:3007099	FosM3	6	62.666667	63.666667	78.200000
RW_4	ARO:3007101	BcIII	101	52.984158	59.570297	94.000000
RW_4	ARO:3007104	nimA	1309	54.868373	54.525898	92.800000
RW_4	ARO:3007105	nimC	633	60.025592	60.814376	87.000000
RW_4	ARO:3007106	nimD	735	62.411565	62.842177	91.700000
RW_4	ARO:3007107	nimE	853	68.190504	66.843962	111.000000
RW_4	ARO:3007108	nimF	645	60.504186	63.861085	90.100000
RW_4	ARO:3007109	nimG	810	61.460617	62.626790	90.500000
RW_4	ARO:3007110	nimH	715	63.514126	64.136783	95.500000
RW_4	ARO:3007111	nimI	670	57.835970	57.420000	93.200000
RW_4	ARO:3007112	nimJ	844	60.669787	61.779502	108.000000
RW_4	ARO:3007113	nimK	815	54.805031	54.589448	77.400000
RW_4	ARO:3007118	crxA	16	55.156250	56.125000	109.000000
RW_4	ARO:3007119	tet(O/32/O)	26301	58.755698	56.480335	114.000000
RW_4	ARO:3007120	tet(O/M/O)	26052	60.603973	57.820190	114.000000
RW_4	ARO:3007121	tet(O/W)	26226	60.118108	57.244536	113.000000
RW_4	ARO:3007122	tet(O/W/32/O)	26500	60.009577	57.213777	111.000000
RW_4	ARO:3007123	tet(O/W/O)	26281	60.268494	57.357121	114.000000
RW_4	ARO:3007124	tet(W/32/O)	24365	59.935132	56.113035	108.000000
RW_4	ARO:3007125	ROB-11	171	52.147953	51.868421	72.400000
RW_4	ARO:3007126	ROB-12	148	52.786486	52.279730	72.400000
RW_4	ARO:3007127	otr(A)S.liv	12214	56.720951	48.017603	76.300000
RW_4	ARO:3007137	mcr-10.1	6069	57.389240	60.127286	113.000000
RW_4	ARO:3007180	MAB	71	51.591549	51.742254	70.100000
RW_4	ARO:3007182	blaC	106	57.673585	56.700943	71.200000
RW_4	ARO:3007188	vanH_in_vanP_cl	5651	48.180004	45.723766	68.200000
RW_4	ARO:3007189	vanP	4837	49.179595	47.550031	78.600000
RW_4	ARO:3007190	vanX_in_vanP_cl	346	52.559827	49.031214	74.300000
RW_4	ARO:3007191	vanR_in_vanP_cl	36845	52.364313	50.746370	95.100000
RW_4	ARO:3007192	vanS_in_vanP_cl	4954	48.097033	45.498446	80.500000
RW_4	ARO:3007199	PAM-1	221	48.434389	45.425792	91.700000
RW_4	ARO:3007200	PAM-2	134	48.793284	48.255224	92.400000
RW_4	ARO:3007201	PAM-3	129	49.194574	48.751163	92.400000
RW_4	ARO:3007202	NDM-16b	5	78.580000	79.880000	102.000000
RW_4	ARO:3007204	AAC(6')-Iap	115	49.620870	46.141739	92.800000
RW_4	ARO:3007206	KBL-1	363	59.716529	58.807713	100.000000
RW_4	ARO:3007208	HelR	1150	60.362870	57.720957	103.000000
RW_4	ARO:3007209	Sven_rox	1848	60.829545	50.569372	92.800000
RW_4	ARO:3007210	Nfar_rox	1675	59.488358	50.746328	94.000000
RW_4	ARO:3007211	NDM-34	12	92.258333	91.241667	108.000000
RW_4	ARO:3007212	NDM-35	10	89.290000	85.980000	102.000000
RW_4	ARO:3007213	NDM-36	5	78.580000	79.880000	102.000000
RW_4	ARO:3007214	NDM-37	5	78.580000	79.880000	102.000000
RW_4	ARO:3007215	NDM-38	10	99.800000	102.110000	108.000000
RW_4	ARO:3007216	NDM-39	5	78.580000	79.880000	102.000000
RW_4	ARO:3007217	NDM-40	10	99.800000	102.110000	108.000000
RW_4	ARO:3007218	NDM-41	5	78.580000	79.880000	102.000000
RW_4	ARO:3007219	NDM-42	10	99.800000	102.110000	108.000000
RW_4	ARO:3007220	NDM-43	10	99.800000	102.110000	108.000000
RW_4	ARO:3007227	MCR-8.3	8932	55.331158	56.716446	98.600000
RW_4	ARO:3007228	MCR-8.4	8966	55.339003	56.838122	98.600000
RW_4	ARO:3007229	MCR-8.2	8954	55.403697	56.736877	98.600000
RW_4	ARO:3007230	MCR-1.34	4900	58.422551	60.486327	111.000000
RW_4	ARO:3007231	MCR-4.6	5792	54.276882	58.383667	107.000000
RW_4	ARO:3007232	MCR-1.27	3918	58.814446	61.007963	111.000000
RW_4	ARO:3007233	MCR-1.18	2866	57.157467	58.230844	111.000000
RW_4	ARO:3007234	MCR-1.23	2209	56.339565	56.569126	111.000000
RW_4	ARO:3007235	MCR-1.20	2107	56.496963	56.869530	111.000000
RW_4	ARO:3007236	MCR-1.28	1976	56.562247	56.992915	111.000000
RW_4	ARO:3007237	MCR-1.21	1474	57.846947	57.544233	111.000000
RW_4	ARO:3007238	MCR-1.16	1690	55.774556	56.225148	111.000000
RW_4	ARO:3007239	MCR-1.22	1158	57.234370	57.966753	111.000000
RW_4	ARO:3007240	MCR-1.19	788	56.538071	58.436041	111.000000
RW_4	ARO:3007241	MCR-1.29	275	55.482182	57.054182	111.000000
RW_4	ARO:3007242	MCR-1.30	462	53.880303	57.622078	77.400000
RW_4	ARO:3007243	MCR-1.24	493	61.644828	54.269574	77.400000
RW_4	ARO:3007244	MCR-1.17	23	43.386957	48.656522	68.900000
RW_4	ARO:3007245	MCR-1.31	4	72.175000	70.000000	74.300000
RW_4	ARO:3007246	MCR-1.14	106	51.760377	49.892453	57.400000
RW_4	ARO:3007248	MCR-3.33	5953	58.416160	62.530758	117.000000
RW_4	ARO:3007249	MCR-3.14	4989	59.158990	62.495189	118.000000
RW_4	ARO:3007250	MCR-3.37	6028	58.647064	62.442634	116.000000
RW_4	ARO:3007251	MCR-3.38	4084	58.098727	61.878673	116.000000
RW_4	ARO:3007252	MCR-3.15	4307	58.757581	61.982145	116.000000
RW_4	ARO:3007253	MCR-3.27	4088	58.986522	62.055969	116.000000
RW_4	ARO:3007254	MCR-3.32	4654	58.904168	61.646498	115.000000
RW_4	ARO:3007255	MCR-3.31	4458	58.623620	61.069044	115.000000
RW_4	ARO:3007256	MCR-3.23	2563	57.225868	61.533203	117.000000
RW_4	ARO:3007257	MCR-3.36	5443	59.284843	62.834393	118.000000
RW_4	ARO:3007258	MCR-3.25	4586	59.704034	62.629459	118.000000
RW_4	ARO:3007259	MCR-3.22	2837	56.585301	61.300388	117.000000
RW_4	ARO:3007260	MCR-3.16	4797	59.319867	62.457119	118.000000
RW_4	ARO:3007261	MCR-3.26	2424	57.088490	61.505116	117.000000
RW_4	ARO:3007262	MCR-3.21	2382	58.022124	62.807221	117.000000
RW_4	ARO:3007263	MCR-3.18	4547	58.308247	61.460391	118.000000
RW_4	ARO:3007264	MCR-3.40	2471	56.468029	61.263577	117.000000
RW_4	ARO:3007265	MCR-3.24	2128	56.448778	61.158929	117.000000
RW_4	ARO:3007266	MCR-3.20	5795	57.228128	60.555720	117.000000
RW_4	ARO:3007267	MCR-3.35	4673	59.670897	63.516178	118.000000
RW_4	ARO:3007268	MCR-3.34	4672	59.509204	63.514940	118.000000
RW_4	ARO:3007269	MCR-3.13	3793	60.188558	63.440944	118.000000
RW_4	ARO:3007270	MCR-3.28	3845	57.724369	61.930741	117.000000
RW_4	ARO:3007271	MCR-3.39	2072	56.724614	61.354923	117.000000
RW_4	ARO:3007272	MCR-3.29	2275	55.860659	60.972440	117.000000
RW_4	ARO:3007273	MCR-3.19	1898	57.336143	62.053214	117.000000
RW_4	ARO:3007274	MCR-10.5	6068	57.403609	60.044776	110.000000
RW_4	ARO:3007275	MCR-10.3	6135	57.069030	59.806520	113.000000
RW_4	ARO:3007276	MCR-10.4	6153	57.300098	60.106615	113.000000
RW_4	ARO:3007277	MCR-10.2	6024	57.296962	59.961969	113.000000
RW_4	ARO:3007278	MCR-3.17	5316	57.999304	62.549304	118.000000
RW_4	ARO:3007279	MCR-1.15	7063	57.214626	58.435905	111.000000
RW_4	ARO:3007280	MCR-1.26	8180	57.262311	58.353692	111.000000
RW_4	ARO:3007281	MCR-5.4	7638	57.432417	58.216195	115.000000
RW_4	ARO:3007282	MCR-5.3	7740	57.300090	58.096615	115.000000
RW_4	ARO:3007283	MCR-2.4	5855	58.496362	61.231802	97.100000
RW_4	ARO:3007284	MCR-2.3	6217	58.420106	60.245134	97.100000
RW_4	ARO:3007285	MCR-2.8	4721	58.987693	60.191104	96.300000
RW_4	ARO:3007286	MCR-2.5	6009	58.297520	60.670761	97.100000
RW_4	ARO:3007287	MCR-2.7	5965	58.163889	60.357569	97.100000
RW_4	ARO:3007288	MCR-2.6	6026	58.310886	60.566711	97.100000
RW_4	ARO:3007368	FosG	429	60.370862	64.068298	103.000000
RW_4	ARO:3007369	FosH	238	72.231092	65.942017	90.500000
RW_4	ARO:3007370	FosI	218	72.516514	67.705963	90.100000
RW_4	ARO:3007371	FosA8	488	63.432172	66.318443	112.000000
RW_4	ARO:3007372	FosBx1	97	51.679381	40.680412	64.700000
RW_4	ARO:3007374	PJM-1	248	52.285887	52.687500	103.000000
RW_4	ARO:3007375	KPC-87	42	85.714286	78.954762	104.000000
RW_4	ARO:3007401	ANT(9)-Ib	102	47.700000	45.970588	56.200000
RW_4	ARO:3007402	KPC-94	15	98.506667	95.513333	113.000000
RW_4	ARO:3007427	ThfT	156	57.789744	51.791667	86.700000
RW_4	ARO:3007431	almF	1	100.000000	50.800000	50.800000
RW_4	ARO:3007433	almE	105	47.183810	42.734286	97.800000
RW_4	ARO:3007435	WUS-1	205	45.842927	48.380976	94.000000
RW_4	ARO:3007436	KPC-96	42	59.642857	52.857143	65.100000
RW_4	ARO:3007437	EBR-5	41	62.304878	67.787805	102.000000
RW_4	ARO:3007438	LAQ-1	248	57.321371	57.658065	99.800000
RW_4	ARO:3007442	SSA	249	56.882329	52.394779	75.900000
RW_4	ARO:3007443	NDM-44	10	99.800000	102.110000	108.000000
RW_4	ARO:3007444	NDM-45	2	46.450000	52.600000	65.900000
RW_4	ARO:3007445	NDM-46	5	78.580000	79.880000	102.000000
RW_4	ARO:3007447	NDM-47	7	99.714286	102.114286	106.000000
RW_4	ARO:3007456	dfrL	2466	49.144607	49.834185	69.300000
RW_4	ARO:3007459	EstT	638	59.887774	57.946865	111.000000
RW_4	ARO:3007460	IMP-91	27	41.451852	45.414815	84.700000
RW_4	ARO:3007461	IMP-96	19	71.763158	77.336842	100.000000
RW_4	ARO:3007462	IMP-92	36	38.644444	44.336111	86.700000
RW_4	ARO:3007463	IMP-93	9	73.500000	69.455556	97.400000
RW_4	ARO:3007464	IMP-94	29	51.886207	50.055172	102.000000
RW_4	ARO:3007465	IMP-95	17	60.011765	61.717647	103.000000
RW_4	ARO:3007470	IND-17	38	59.952632	64.492105	100.000000
RW_4	ARO:3007483	RAD-1	767	49.187353	53.265841	91.700000
RW_4	ARO:3007489	dfrB10	114	85.993860	75.493860	107.000000
RW_4	ARO:3007490	dfrB11	110	84.298182	75.060909	105.000000
RW_4	ARO:3007492	tet(62)	8615	57.446524	55.987696	92.800000
RW_4	ARO:3007493	tet(63)	81	59.264198	53.049383	89.000000
RW_4	ARO:3007494	tet(64)	10620	61.404576	60.972806	85.500000
RW_4	ARO:3007509	Sfle_acrA	16811	58.529088	56.228190	104.000000
RW_4	ARO:3007515	ANT(9)-Ic	251	51.682072	44.880478	75.500000
RW_4	ARO:3007533	MCR-4.7	6349	54.088423	58.268168	107.000000
RW_4	ARO:3007539	APH(9)-Ic	11	57.454545	56.690909	113.000000
RW_4	ARO:3007561	OXA-1038	94	50.756383	51.867021	114.000000
RW_4	ARO:3007562	OXA-1039	8	86.175000	93.800000	114.000000
RW_4	ARO:3007632	FRI-11	57	55.507018	51.650877	75.500000
RW_4	ARO:3007635	CAE-1	958	71.817119	69.741023	104.000000
RW_4	ARO:3007637	cplR	52298	47.553015	45.551962	81.600000
RW_4	ARO:3007644	Cper_cplR	46843	46.943667	46.955703	102.000000
RW_4	ARO:3007645	Cspo_cplR	39941	45.399792	46.104276	75.500000
RW_4	ARO:3007648	PSZ-1	190	62.260526	59.062632	102.000000
RW_4	ARO:3007650	CDA-1	155	59.141935	57.956129	96.700000
RW_4	ARO:3007654	erm(56)	632	60.841297	59.360285	102.000000
RW_4	ARO:3007659	Rv2856	567	58.187654	54.608642	96.700000
RW_4	ARO:3007662	Rv1877	2730	49.689341	46.928645	83.200000
RW_4	ARO:3007669	aadT	1635	59.145810	56.066850	110.000000
RW_4	ARO:3007671	CdnimB	256	50.283594	52.095703	73.200000
RW_4	ARO:3007678	IreK	7859	49.661458	49.901412	100.000000
RW_4	ARO:3007682	MdtQ	2696	63.007159	60.728153	115.000000
RW_4	ARO:3007694	AMZ-1	945	55.754497	58.338201	81.300000
RW_4	ARO:3007695	CMY-185	5	58.680000	58.760000	77.000000
RW_4	ARO:3007770	aac(6')-Ib-cr10	1473	94.432179	88.160149	110.000000
RW_4	ARO:3007771	aac(6')-Ib-cr11	1403	95.483036	88.866073	110.000000
RW_4	ARO:3007801	RATA-1	503	59.699801	59.075547	106.000000
RW_4	ARO:3007802	RATA-2	431	60.316009	59.571462	107.000000
RW_4	ARO:3007803	CARB-56	291	58.723711	61.626804	73.200000
RW_4	ARO:3007812	VIM-75	4	46.975000	57.300000	70.100000
RW_4	ARO:3007813	VIM-76	7	49.742857	57.057143	65.100000
RW_4	ARO:3007814	VIM-77	1	100.000000	102.000000	102.000000
RW_4	ARO:3007815	VIM-78	1	46.200000	42.000000	42.000000
RW_4	ARO:3007816	VIM-79	1	53.100000	70.500000	70.500000
RW_4	ARO:3007817	VIM-80	22	64.704545	57.940909	102.000000
RW_4	ARO:3007818	VIM-81	1	100.000000	102.000000	102.000000
RW_4	ARO:3007819	VIM-82	1	46.200000	42.000000	42.000000
RW_4	ARO:3007820	VIM-83	4	44.525000	57.100000	70.100000
RW_4	ARO:3007821	VIM-84	3	50.200000	55.866667	62.800000
RW_4	ARO:3007822	VIM-85	1	46.200000	42.000000	42.000000
RW_4	ARO:3007823	VIM-86	4	46.725000	58.050000	72.000000
RW_4	ARO:3007824	VIM-87	1	100.000000	102.000000	102.000000
RW_4	ARO:3007825	GES-47	271	81.650923	82.321402	104.000000
RW_4	ARO:3007826	GES-48	227	86.211454	87.231278	104.000000
RW_4	ARO:3007827	GES-49	230	92.653043	93.761739	108.000000
RW_4	ARO:3007828	GES-50	209	87.945933	88.801435	104.000000
RW_4	ARO:3007829	GES-51	165	95.192121	95.710303	104.000000
RW_4	ARO:3007830	GES-52	115	98.961739	100.953913	108.000000
RW_4	ARO:3007831	GES-53	194	98.095361	98.978866	108.000000
RW_4	ARO:3007832	GES-54	169	91.523077	92.124852	104.000000
RW_4	ARO:3007833	GES-55	41	99.509756	101.697561	108.000000
RW_4	ARO:3007834	GES-56	140	79.581429	80.212143	106.000000
RW_4	ARO:3007835	GES-57	110	84.820909	87.557273	104.000000
RW_4	ARO:3007836	CARB-57	297	58.797980	60.879461	72.000000
RW_4	ARO:3007837	CARB-58	1351	89.246262	52.958475	108.000000
RW_4	ARO:3007838	tet(65)	4940	56.351559	54.111215	103.000000
RW_4	ARO:3007840	CIM-1	140	54.754286	60.486429	91.700000
RW_4	ARO:3007846	SIE-1	116	50.691379	49.587931	87.400000
RW_4	ARO:3007848	NWM-1	369	46.891599	41.988618	71.200000
RW_4	ARO:3007855	CHM-1	149	61.944966	67.291275	94.000000
RW_4	ARO:3007859	BIM-1	7	70.128571	76.500000	100.000000
RW_4	ARO:3007861	DYB-1	116	49.739655	55.762931	107.000000
RW_4	ARO:3007883	ACT-100	111	88.000901	86.018919	109.000000
RW_4	ARO:3007884	ACT-101	85	87.856471	83.756471	112.000000
RW_4	ARO:3007885	ACT-102	109	85.775229	83.877064	112.000000
RW_4	ARO:3007886	ACT-103	103	86.863107	85.621359	112.000000
RW_4	ARO:3007887	ACT-104	115	70.979130	69.268696	110.000000
RW_4	ARO:3007888	ACT-105	77	84.400000	80.181818	113.000000
RW_4	ARO:3007889	ACT-106	231	60.827273	59.400000	110.000000
RW_4	ARO:3007890	ACT-107	69	78.443478	78.140580	102.000000
RW_4	ARO:3007891	ACT-108	69	66.228986	62.057971	110.000000
RW_4	ARO:3007892	ACT-109	112	62.091964	58.549107	104.000000
RW_4	ARO:3007893	ACT-110	72	83.262500	85.675000	111.000000
RW_4	ARO:3007894	ACT-111	51	79.484314	84.288235	113.000000
RW_4	ARO:3007895	ACT-112	91	72.526374	67.819780	104.000000
RW_4	ARO:3007896	ACT-113	135	60.602222	56.867407	73.200000
RW_4	ARO:3007897	ACT-115	19	82.678947	78.563158	107.000000
RW_4	ARO:3007898	ACT-116	64	93.728125	95.103125	113.000000
RW_4	ARO:3007899	ACT-117	92	71.066304	66.506522	104.000000
RW_4	ARO:3007900	ACT-118	51	79.164706	82.554902	107.000000
RW_4	ARO:3007901	ACT-119	123	60.335772	61.664228	97.400000
RW_4	ARO:3007902	ACT-120	51	61.429412	63.237255	100.000000
RW_4	ARO:3007903	ACT-121	53	65.758491	69.239623	100.000000
RW_4	ARO:3007904	ACT-122	151	61.308609	58.366225	107.000000
RW_4	ARO:3007905	ACT-123	125	60.646400	56.068000	73.200000
RW_4	ARO:3007906	ACT-124	12	68.066667	60.483333	93.600000
RW_4	ARO:3007907	ACT-131	82	70.175610	66.176829	104.000000
RW_4	ARO:3007908	ACT-140	44	75.300000	80.609091	109.000000
RW_4	ARO:3007909	ACT-141	152	53.396053	51.990132	107.000000
RW_4	ARO:3007910	ACT-142	107	77.765421	77.242056	109.000000
RW_4	ARO:3007911	ACT-143	57	76.063158	77.915789	112.000000
RW_4	ARO:3007912	ACT-144	39	65.625641	62.520513	110.000000
RW_4	ARO:3007913	ACT-145	49	92.953061	92.818367	108.000000
RW_4	ARO:3007914	ACT-146	63	79.944444	85.836508	112.000000
RW_4	ARO:3007915	ACT-148	138	60.038406	55.720290	73.200000
RW_4	ARO:3007916	ACT-150	111	64.106306	62.190991	110.000000
RW_4	ARO:3007917	ACT-151	146	55.980137	54.393151	107.000000
RW_4	ARO:3007918	ACT-153	31	78.535484	83.719355	114.000000
RW_4	ARO:3007919	ACT-154	67	73.326866	74.544776	112.000000
RW_4	ARO:3007920	ACT-155	135	51.944444	50.361481	109.000000
RW_4	ARO:3007921	ACT-156	112	63.303571	65.977679	107.000000
RW_4	ARO:3007922	ACT-157	130	51.163846	49.099231	101.000000
RW_4	ARO:3007923	ACT-158	40	60.987500	56.580000	110.000000
RW_4	ARO:3007924	ACT-159	33	84.903030	80.987879	113.000000
RW_4	ARO:3007925	ACT-160	59	80.406780	86.066102	112.000000
RW_4	ARO:3007926	ACT-161	127	67.282677	68.149606	109.000000
RW_4	ARO:3007927	ACT-162	92	69.610870	71.532609	109.000000
RW_4	ARO:3007928	ACT-165	79	76.175949	80.500000	111.000000
RW_4	ARO:3007929	ACT-166	60	62.985000	61.738333	104.000000
RW_4	ARO:3007930	ACT-167	43	88.339535	91.676744	112.000000
RW_4	ARO:3007931	ACT-168	39	76.784615	81.912821	113.000000
RW_4	ARO:3007932	ACT-169	31	85.312903	83.290323	110.000000
RW_4	ARO:3007933	ACT-170	38	77.771053	82.621053	110.000000
RW_4	ARO:3007934	ACT-171	122	60.691803	55.823770	73.200000
RW_4	ARO:3007935	ACT-172	41	76.943902	82.495122	109.000000
RW_4	ARO:3007936	ACT-173	110	81.820000	82.820000	108.000000
RW_4	ARO:3007937	ACT-174	6	59.800000	56.616667	66.200000
RW_4	ARO:3007938	ACT-175	15	75.420000	79.340000	109.000000
RW_4	ARO:3007939	ACT-176	23	80.569565	84.613043	107.000000
RW_4	ARO:3007940	ACT-177	129	79.553488	77.806977	112.000000
RW_4	ARO:3007941	ACT-178	265	54.331698	48.875849	73.200000
RW_4	ARO:3007942	ACT-179	5	71.320000	61.620000	72.400000
RW_4	ARO:3007943	ACT-180	15	74.553333	80.093333	107.000000
RW_4	ARO:3007944	ACT-181	83	61.072289	57.843373	110.000000
RW_4	ARO:3007945	ACT-182	68	85.704412	86.800000	110.000000
RW_4	ARO:3007946	ACT-183	115	60.664348	54.992174	79.700000
RW_4	ARO:3007947	ACT-184	107	53.297196	51.693458	103.000000
RW_4	ARO:3007948	ACT-185	77	68.580519	67.512987	110.000000
RW_4	ARO:3007949	ACT-186	109	60.966972	54.747706	95.100000
RW_4	ARO:3007950	ACT-187	47	71.753191	76.504255	113.000000
RW_4	ARO:3007951	ACT-188	49	80.616327	86.128571	112.000000
RW_4	ARO:3007952	ACT-189	110	60.815455	62.352727	73.600000
RW_4	ARO:3007953	ACT-190	21	79.719048	82.333333	112.000000
RW_4	ARO:3007954	ACT-191	10	56.530000	49.410000	70.900000
RW_4	ARO:3007955	ACT-192	24	54.629167	54.987500	102.000000
RW_4	ARO:3007956	ACT-193	18	79.994444	84.594444	107.000000
RW_4	ARO:3007957	ACT-194	1	56.300000	60.100000	60.100000
RW_4	ARO:3007958	ACT-85	309	60.623301	58.828803	109.000000
RW_4	ARO:3007959	ACT-86	308	60.748377	59.147403	109.000000
RW_4	ARO:3007960	ACT-88	111	50.549550	52.700901	104.000000
RW_4	ARO:3007961	ACT-89	11	59.645455	50.054545	66.600000
RW_4	ARO:3007962	ACT-90	18	49.650000	48.611111	105.000000
RW_4	ARO:3007963	ACT-91	50	72.640000	71.254000	108.000000
RW_4	ARO:3007964	ACT-92	45	92.877778	92.711111	113.000000
RW_4	ARO:3007965	ACT-93	43	90.500000	89.483721	113.000000
RW_4	ARO:3007966	ACT-94	3	56.400000	60.866667	65.100000
RW_4	ARO:3007967	ACT-95	41	77.778049	82.680488	112.000000
RW_4	ARO:3007968	ACT-96	42	78.709524	83.200000	112.000000
RW_4	ARO:3007969	ACT-97	19	93.357895	93.294737	110.000000
RW_4	ARO:3007970	ACT-98	88	66.929545	66.332955	110.000000
RW_4	ARO:3007971	ACT-99	45	73.357778	79.622222	109.000000
RW_4	ARO:3007972	ACT-GC1	1	52.100000	53.900000	53.900000
RW_4	ARO:3007973	ADC-257	60	64.043333	65.685000	76.300000
RW_4	ARO:3007975	ADC-259	16	64.062500	67.381250	105.000000
RW_4	ARO:3007976	ADC-260	1	44.900000	51.200000	51.200000
RW_4	ARO:3007979	ADC-263	1	100.000000	103.000000	103.000000
RW_4	ARO:3007980	ADC-264	553	59.997288	62.971609	99.000000
RW_4	ARO:3007981	ADC-265	580	61.873276	65.142414	108.000000
RW_4	ARO:3007982	ADC-266	509	54.846365	59.418075	108.000000
RW_4	ARO:3007983	ADC-267	32	63.353125	50.115625	72.400000
RW_4	ARO:3007985	ADC-269	5	49.400000	57.540000	64.700000
RW_4	ARO:3007986	ADC-270	1	52.000000	53.500000	53.500000
RW_4	ARO:3007987	ADC-271	9	57.055556	56.877778	58.900000
RW_4	ARO:3007988	ADC-272	68	54.013235	56.489706	104.000000
RW_4	ARO:3007989	ADC-273	2	42.400000	42.550000	43.100000
RW_4	ARO:3007990	ADC-274	385	62.878442	64.172987	104.000000
RW_4	ARO:3007991	ADC-275	5	60.760000	57.760000	102.000000
RW_4	ARO:3007992	ADC-276	32	63.353125	50.115625	72.400000
RW_4	ARO:3007993	ADC-277	97	67.095876	71.605155	81.300000
RW_4	ARO:3007994	ADC-278	13	60.669231	62.646154	71.200000
RW_4	ARO:3007996	ADC-280	14	61.507143	62.935714	65.100000
RW_4	ARO:3007997	ADC-281	163	59.547239	66.344785	104.000000
RW_4	ARO:3007998	ADC-282	517	61.524565	64.236944	108.000000
RW_4	ARO:3007999	ADC-283	3	61.400000	60.866667	63.200000
RW_4	ARO:3008000	ADC-284	8	63.962500	64.662500	101.000000
RW_4	ARO:3008001	ADC-285	504	64.609921	67.158929	106.000000
RW_4	ARO:3008002	ADC-286	34	55.955882	59.785294	107.000000
RW_4	ARO:3008003	ADC-287	5	68.600000	75.620000	107.000000
RW_4	ARO:3008004	ADC-288	495	62.983838	69.893737	105.000000
RW_4	ARO:3008005	ADC-289	487	55.132854	59.774127	108.000000
RW_4	ARO:3008006	ADC-290	651	66.188479	71.676959	100.000000
RW_4	ARO:3008007	ADC-291	76	65.280263	68.030263	80.500000
RW_4	ARO:3008008	ADC-292	402	69.462189	72.671891	106.000000
RW_4	ARO:3008011	ADC-295	635	55.286614	59.631654	108.000000
RW_4	ARO:3008012	ADC-302	15	63.260000	68.793333	104.000000
RW_4	ARO:3008013	ADC-303	9	57.055556	56.877778	58.900000
RW_4	ARO:3008016	ADC-306	251	62.021116	67.179681	98.200000
RW_4	ARO:3008017	ADC-307	11	64.863636	65.445455	104.000000
RW_4	ARO:3008018	ADC-308	88	66.822727	62.257955	103.000000
RW_4	ARO:3008020	ADC-310	57	71.461404	71.601754	105.000000
RW_4	ARO:3008021	ADC-311	89	66.585393	62.068539	103.000000
RW_4	ARO:3008022	ADC-312	3	81.666667	84.666667	103.000000
RW_4	ARO:3008023	ADC-313	1	100.000000	102.000000	102.000000
RW_4	ARO:3008024	ADC-314	683	66.428258	71.802343	100.000000
RW_4	ARO:3008025	ADC-315	10	57.730000	57.780000	65.900000
RW_4	ARO:3008026	ADC-316	14	62.164286	68.492857	104.000000
RW_4	ARO:3008027	ADC-317	2	56.400000	56.200000	58.900000
RW_4	ARO:3008028	ADC-318	318	61.933333	68.072327	78.600000
RW_4	ARO:3008029	ADC-319	1	95.900000	102.000000	102.000000
RW_4	ARO:3008030	ADC-320	1	37.300000	40.800000	40.800000
RW_4	ARO:3008031	ADC-321	361	64.959003	68.040720	107.000000
RW_4	ARO:3008032	ADC-322	95	55.928421	59.028421	75.900000
RW_4	ARO:3008033	ADC-323	5	66.260000	72.780000	102.000000
RW_4	ARO:3008034	ADC-324	565	62.823186	72.423186	87.800000
RW_4	ARO:3008035	ADC-325	13	63.176923	69.900000	105.000000
RW_4	ARO:3008036	ADC-326	45	71.122222	78.002222	102.000000
RW_4	ARO:3008037	ADC-327	1	58.800000	58.900000	58.900000
RW_4	ARO:3008038	ADC-328	1	100.000000	104.000000	104.000000
RW_4	ARO:3008039	ADC-329	97	67.095876	71.605155	81.300000
RW_4	ARO:3008040	ADC-330	1	65.300000	70.500000	70.500000
RW_4	ARO:3008041	ADC-331	2	100.000000	103.000000	104.000000
RW_4	ARO:3008042	ADC-332	135	58.782963	60.309630	90.500000
RW_4	ARO:3008043	ADC-333	2	57.150000	59.700000	64.300000
RW_4	ARO:3008044	ADC-334	482	54.480705	59.634855	104.000000
RW_4	ARO:3008045	ADC-335	1020	60.188725	63.361275	100.000000
RW_4	ARO:3008046	ADC-336	9	64.866667	59.700000	76.300000
RW_4	ARO:3008051	ADC-341	27	54.729630	56.044444	63.200000
RW_4	ARO:3008052	ADC-342	4	58.950000	65.350000	102.000000
RW_4	ARO:3008053	ADC-343	211	52.690995	53.101896	107.000000
RW_4	ARO:3008054	ADC-344	3	65.533333	70.366667	76.300000
RW_4	ARO:3008055	ADC-345	1	100.000000	103.000000	103.000000
RW_4	ARO:3008057	ADC-347	321	62.509034	63.283489	100.000000
RW_4	ARO:3008058	ADC-348	48	65.502083	67.085417	76.300000
RW_4	ARO:3008060	ADC-350	552	55.419022	59.267754	104.000000
RW_4	ARO:3008061	ADC-351	5	66.460000	66.680000	107.000000
RW_4	ARO:3008062	ADC-352	397	61.718892	64.948363	105.000000
RW_4	ARO:3008063	ADC-353	125	56.396800	59.576800	106.000000
RW_4	ARO:3008064	ADC-354	8	64.900000	69.912500	80.500000
RW_4	ARO:3008066	ADC-356	39	71.746154	79.825641	102.000000
RW_4	ARO:3008067	ADC-357	507	69.535108	74.636095	106.000000
RW_4	ARO:3008068	ADC-358	509	55.053242	59.518271	104.000000
RW_4	ARO:3008069	ADC-359	388	65.984021	67.798196	108.000000
RW_4	ARO:3008070	AFM-3	4	69.600000	48.125000	67.400000
RW_4	ARO:3008071	AFM-4	4	69.600000	48.125000	67.400000
RW_4	ARO:3008072	AFM-5	3	59.466667	48.000000	67.000000
RW_4	ARO:3008073	AIM-2	235	52.103830	52.028511	102.000000
RW_4	ARO:3008074	ASU1-1	60	52.863333	52.051667	67.400000
RW_4	ARO:3008075	AXC-6	626	62.832268	62.655911	79.700000
RW_4	ARO:3008076	AXC-7	635	62.957953	63.003307	80.500000
RW_4	ARO:3008077	AXC-8	631	63.170523	62.862916	80.900000
RW_4	ARO:3008078	B3SU1-1	318	52.194654	46.404403	73.200000
RW_4	ARO:3008079	B3SU2-1	206	58.121845	60.017476	94.000000
RW_4	ARO:3008080	BIC-2	55	54.590909	55.338182	73.900000
RW_4	ARO:3008081	BMHC-1	159	61.405031	67.201887	106.000000
RW_4	ARO:3008082	BOR-1	385	55.959221	55.633247	77.000000
RW_4	ARO:3008083	CAM-2	58	54.160345	62.368966	81.600000
RW_4	ARO:3008084	CME-3	723	62.003734	62.275104	92.800000
RW_4	ARO:3008085	CMH-10	99	68.703030	72.358586	110.000000
RW_4	ARO:3008086	CMH-11	61	71.649180	75.732787	110.000000
RW_4	ARO:3008087	CMH-12	71	70.270423	72.819718	110.000000
RW_4	ARO:3008088	CMH-13	69	72.940580	77.094203	107.000000
RW_4	ARO:3008089	CMH-14	73	71.657534	75.528767	110.000000
RW_4	ARO:3008090	CMH-15	71	72.035211	75.890141	110.000000
RW_4	ARO:3008091	CMH-16	71	71.978873	75.833803	110.000000
RW_4	ARO:3008092	CMH-17	56	62.476786	63.944643	104.000000
RW_4	ARO:3008093	CMH-18	63	71.996825	75.944444	110.000000
RW_4	ARO:3008094	CMH-19	49	71.381633	75.902041	108.000000
RW_4	ARO:3008095	CMH-20	54	72.127778	75.996296	104.000000
RW_4	ARO:3008096	CMH-21	55	72.434545	75.349091	110.000000
RW_4	ARO:3008097	CMH-24	54	72.000000	76.218519	110.000000
RW_4	ARO:3008098	CMH-25	66	68.740909	71.598485	110.000000
RW_4	ARO:3008099	CMH-26	30	71.193333	75.616667	109.000000
RW_4	ARO:3008100	CMH-27	24	71.675000	76.637500	107.000000
RW_4	ARO:3008101	CMH-28	32	72.912500	74.756250	110.000000
RW_4	ARO:3008102	CMH-29	38	73.694737	76.905263	108.000000
RW_4	ARO:3008103	CMH-30	41	73.556098	77.321951	110.000000
RW_4	ARO:3008104	CMH-31	61	68.859016	72.180328	110.000000
RW_4	ARO:3008105	CMH-32	49	63.193878	65.406122	104.000000
RW_4	ARO:3008106	CMH-33	33	70.118182	74.021212	108.000000
RW_4	ARO:3008107	CMH-34	54	64.474074	66.650000	104.000000
RW_4	ARO:3008108	CMH-7	29	66.279310	68.337931	105.000000
RW_4	ARO:3008109	CMH-8	42	72.088095	75.023810	110.000000
RW_4	ARO:3008110	CMH-9	47	74.938298	79.191489	108.000000
RW_4	ARO:3008111	CMY-172	535	84.954579	86.057570	114.000000
RW_4	ARO:3008112	CMY-175	11	68.154545	79.936364	111.000000
RW_4	ARO:3008113	CMY-176	54	63.918519	65.779630	107.000000
RW_4	ARO:3008114	CMY-177	1	100.000000	82.000000	82.000000
RW_4	ARO:3008115	CMY-178	509	84.601375	85.467780	114.000000
RW_4	ARO:3008116	CMY-179	72	65.866667	67.112500	100.000000
RW_4	ARO:3008117	CMY-180	6	95.933333	102.333333	107.000000
RW_4	ARO:3008118	CMY-181	3	99.333333	104.000000	105.000000
RW_4	ARO:3008119	CMY-182	46	61.441304	65.213043	102.000000
RW_4	ARO:3008120	CMY-183	24	68.179167	72.479167	107.000000
RW_4	ARO:3008121	CMY-184	28	93.589286	99.107143	108.000000
RW_4	ARO:3008122	CMY-186	23	98.260870	103.126087	108.000000
RW_4	ARO:3008123	CMY-188	3	85.733333	92.200000	105.000000
RW_4	ARO:3008124	CMY-189	1	59.200000	66.600000	66.600000
RW_4	ARO:3008125	CMY-190	67	64.280597	63.237313	101.000000
RW_4	ARO:3008126	CMY-191	6	49.200000	49.483333	52.000000
RW_4	ARO:3008127	CMY-192	8	67.675000	69.762500	88.600000
RW_4	ARO:3008128	CMY-194	10	100.000000	106.000000	108.000000
RW_4	ARO:3008129	CMY-195	3	47.966667	48.266667	51.600000
RW_4	ARO:3008131	CMY-197	3	47.966667	48.266667	51.600000
RW_4	ARO:3008132	CMY-198	1	60.900000	69.300000	69.300000
RW_4	ARO:3008133	CMY-199	2	70.300000	72.950000	95.100000
RW_4	ARO:3008134	CTX-M-243	2	45.900000	49.900000	52.800000
RW_4	ARO:3008136	CTX-M-246	41	54.531707	46.009756	78.600000
RW_4	ARO:3008137	CTX-M-247	3	81.400000	79.566667	97.400000
RW_4	ARO:3008138	CTX-M-248	5	70.500000	61.000000	87.000000
RW_4	ARO:3008139	CTX-M-249	6	75.083333	67.066667	97.400000
RW_4	ARO:3008141	CTX-M-252	1	60.500000	54.300000	54.300000
RW_4	ARO:3008142	CTX-M-253	41	79.819512	79.436585	104.000000
RW_4	ARO:3008143	CTX-M-254	2	47.300000	40.800000	40.800000
RW_4	ARO:3008144	CTX-M-255	2	88.550000	89.750000	99.000000
RW_4	ARO:3008148	CTX-M-259	2	52.500000	58.750000	70.100000
RW_4	ARO:3008149	CTX-M-260	1	39.100000	38.900000	38.900000
RW_4	ARO:3008150	CTX-M-261	2	55.000000	54.700000	58.200000
RW_4	ARO:3008155	CTX-M-266	6	50.050000	46.466667	51.600000
RW_4	ARO:3008156	CTX-M-267	1	60.500000	54.300000	54.300000
RW_4	ARO:3008159	CTX-M-270	32	88.400000	86.346875	105.000000
RW_4	ARO:3008160	CTX-M-271	3	66.266667	58.533333	70.900000
RW_4	ARO:3008161	CTX-M-272	31	87.822581	86.970968	104.000000
RW_4	ARO:3008164	CTX-M-275	4	57.650000	63.075000	67.400000
RW_4	ARO:3008166	CTX-M-277	22	66.750000	68.818182	101.000000
RW_4	ARO:3008168	DHA-30	291	58.048454	60.763918	72.000000
RW_4	ARO:3008169	DHA-31	182	65.870879	70.517033	107.000000
RW_4	ARO:3008170	DHA-32	157	63.598726	68.760510	108.000000
RW_4	ARO:3008171	DHA-33	127	88.755118	85.772441	108.000000
RW_4	ARO:3008172	DHA-34	142	88.552817	88.216901	108.000000
RW_4	ARO:3008173	FONA-10	52	62.576923	63.271154	97.400000
RW_4	ARO:3008174	FONA-11	47	64.165957	66.572340	97.400000
RW_4	ARO:3008175	FONA-12	58	62.634483	65.318966	97.400000
RW_4	ARO:3008176	FONA-13	46	64.339130	66.797826	97.400000
RW_4	ARO:3008177	FONA-7	36	60.291667	58.286111	97.400000
RW_4	ARO:3008178	FONA-8	50	62.428000	63.334000	97.400000
RW_4	ARO:3008179	FONA-9	49	62.826531	63.573469	97.400000
RW_4	ARO:3008180	FOX-18	311	68.719614	68.784887	112.000000
RW_4	ARO:3008181	FOX-19	258	73.308140	73.699225	106.000000
RW_4	ARO:3008182	FOX-20	232	74.961207	74.683621	106.000000
RW_4	ARO:3008183	FOX-21	352	69.233807	69.091193	106.000000
RW_4	ARO:3008184	FRI-12	91	50.982418	47.745055	75.500000
RW_4	ARO:3008185	GES-58	108	97.706481	97.580556	104.000000
RW_4	ARO:3008186	GES-59	257	66.685992	67.855253	107.000000
RW_4	ARO:3008187	GES-60	59	98.144068	97.518644	103.000000
RW_4	ARO:3008188	GES-61	130	98.877692	99.550769	108.000000
RW_4	ARO:3008189	GES-62	91	70.496703	69.289011	102.000000
RW_4	ARO:3008191	GES-66	46	63.756522	61.443478	104.000000
RW_4	ARO:3008192	GIM-3	27	45.333333	52.211111	70.100000
RW_4	ARO:3008193	GMA-1	175	52.614857	54.938286	73.600000
RW_4	ARO:3008194	GMA-2	164	52.456098	54.804268	73.600000
RW_4	ARO:3008195	GOB-17	73	59.500000	62.256164	97.800000
RW_4	ARO:3008196	GOB-47	70	58.300000	60.690000	97.800000
RW_4	ARO:3008197	GOB-52	21	54.133333	54.952381	79.000000
RW_4	ARO:3008198	GOB-53	50	55.420000	55.454000	98.200000
RW_4	ARO:3008199	HBL-1	269	53.593309	52.532342	74.300000
RW_4	ARO:3008200	HER-1	415	56.562410	58.302169	92.400000
RW_4	ARO:3008201	HER-2	398	56.454523	58.544472	92.400000
RW_4	ARO:3008202	HER-3	401	56.877805	58.944888	92.400000
RW_4	ARO:3008203	HER-4	359	57.198050	58.939276	92.400000
RW_4	ARO:3008204	HER-5	373	57.351475	59.530563	92.400000
RW_4	ARO:3008205	HER-6	381	58.033596	59.592388	92.400000
RW_4	ARO:3008206	HER-8	393	58.279898	60.197710	92.400000
RW_4	ARO:3008207	HMB-2	26	53.330769	42.219231	65.100000
RW_4	ARO:3008208	IMI-10	22	45.690909	43.404545	53.500000
RW_4	ARO:3008209	IMI-22	31	49.112903	47.948387	81.600000
RW_4	ARO:3008210	IMI-23	34	48.335294	45.976471	57.400000
RW_4	ARO:3008211	IMI-24	41	52.756098	47.829268	65.500000
RW_4	ARO:3008212	IMI-25	40	52.532500	47.522500	65.500000
RW_4	ARO:3008213	IMI-26	22	45.690909	43.404545	53.500000
RW_4	ARO:3008214	IMI-27	71	46.559155	45.505634	57.400000
RW_4	ARO:3008215	IMP-100	12	65.575000	64.041667	103.000000
RW_4	ARO:3008216	IMP-101	25	53.504000	48.912000	102.000000
RW_4	ARO:3008217	IMP-102	29	51.886207	50.055172	102.000000
RW_4	ARO:3008218	IMP-104	11	58.709091	59.054545	108.000000
RW_4	ARO:3008219	IMP-105	43	43.372093	45.172093	84.700000
RW_4	ARO:3008220	IMP-86	27	41.451852	45.414815	84.700000
RW_4	ARO:3008221	IMP-87	27	41.451852	45.400000	84.700000
RW_4	ARO:3008222	IMP-90	28	54.757143	56.750000	89.700000
RW_4	ARO:3008223	IMP-97	10	70.480000	70.460000	107.000000
RW_4	ARO:3008224	IMP-98	6	73.150000	74.433333	110.000000
RW_4	ARO:3008225	IMP-99	9	61.355556	67.188889	84.000000
RW_4	ARO:3008226	IND-18	55	55.265455	57.967273	104.000000
RW_4	ARO:3008227	IND-19	45	55.333333	60.682222	95.500000
RW_4	ARO:3008228	KHM-2	16	45.862500	46.212500	70.900000
RW_4	ARO:3008229	KLUC-6	174	55.039080	50.178736	103.000000
RW_4	ARO:3008230	KLUG-1	30	63.826667	61.160000	97.400000
RW_4	ARO:3008232	KPC-102	47	58.029787	53.672340	63.500000
RW_4	ARO:3008242	KPC-112	99	65.785859	62.980808	103.000000
RW_4	ARO:3008243	KPC-113	6	48.850000	47.700000	54.300000
RW_4	ARO:3008245	KPC-115	47	82.857447	81.374468	113.000000
RW_4	ARO:3008246	KPC-116	1	54.000000	57.400000	57.400000
RW_4	ARO:3008248	KPC-118	6	56.533333	54.183333	66.600000
RW_4	ARO:3008253	KPC-124	47	82.857447	81.374468	113.000000
RW_4	ARO:3008254	KPC-126	4	61.900000	61.625000	69.700000
RW_4	ARO:3008262	KPC-136	1	51.000000	50.800000	50.800000
RW_4	ARO:3008263	KPC-137	4	56.400000	56.125000	62.400000
RW_4	ARO:3008264	KPC-138	2	55.150000	52.150000	56.200000
RW_4	ARO:3008267	KPC-141	1	39.600000	47.000000	47.000000
RW_4	ARO:3008269	KPC-143	1	59.200000	62.000000	62.000000
RW_4	ARO:3008275	KPC-149	3	54.166667	54.033333	56.600000
RW_4	ARO:3008276	KPC-150	56	77.958929	76.117857	113.000000
RW_4	ARO:3008277	KPC-151	101	68.302970	66.276238	104.000000
RW_4	ARO:3008281	KPC-155	8	81.575000	61.575000	82.800000
RW_4	ARO:3008282	KPC-156	1	65.900000	54.700000	54.700000
RW_4	ARO:3008284	KPC-158	2	54.000000	52.150000	56.200000
RW_4	ARO:3008285	KPC-159	83	69.754217	66.361446	103.000000
RW_4	ARO:3008286	KPC-160	52	86.769231	82.800000	113.000000
RW_4	ARO:3008292	KPC-166	17	97.158824	92.541176	113.000000
RW_4	ARO:3008295	KPC-169	69	79.579710	75.714493	113.000000
RW_4	ARO:3008300	KPC-174	26	71.876923	65.280769	104.000000
RW_4	ARO:3008301	KPC-175	1	60.400000	58.500000	58.500000
RW_4	ARO:3008302	KPC-176	1	45.500000	41.200000	41.200000
RW_4	ARO:3008304	KPC-178	1	51.000000	50.800000	50.800000
RW_4	ARO:3008305	KPC-179	18	60.400000	57.633333	74.300000
RW_4	ARO:3008307	KPC-181	1	68.200000	55.800000	55.800000
RW_4	ARO:3008311	KPC-185	13	78.046154	65.900000	97.100000
RW_4	ARO:3008312	KPC-186	51	88.147059	83.776471	113.000000
RW_4	ARO:3008316	KPC-190	2	54.000000	52.150000	56.200000
RW_4	ARO:3008317	KPC-191	20	93.895000	89.950000	113.000000
RW_4	ARO:3008323	KPC-197	9	57.255556	58.444444	72.400000
RW_4	ARO:3008324	KPC-201	51	79.798039	78.272549	113.000000
RW_4	ARO:3008333	KPC-211	73	77.097260	73.886301	113.000000
RW_4	ARO:3008336	KPC-214	1	56.000000	59.700000	59.700000
RW_4	ARO:3008337	KPC-215	8	52.587500	53.625000	61.200000
RW_4	ARO:3008340	KPC-218	1	51.000000	50.800000	50.800000
RW_4	ARO:3008341	KPC-223	1	47.900000	47.400000	47.400000
RW_4	ARO:3008343	KPC-225	64	74.182812	72.945312	113.000000
RW_4	ARO:3008344	KPC-226	93	69.460215	67.124731	104.000000
RW_4	ARO:3008346	KPC-228	70	76.951429	73.585714	113.000000
RW_4	ARO:3008348	KPC-231	1	54.000000	57.000000	57.000000
RW_4	ARO:3008349	KPC-232	9	56.200000	54.900000	65.100000
RW_4	ARO:3008351	KPC-234	45	58.364444	53.671111	63.500000
RW_4	ARO:3008353	KPC-237	18	94.983333	91.038889	113.000000
RW_4	ARO:3008354	KPC-238	61	72.603279	66.883607	103.000000
RW_4	ARO:3008355	KPC-239	27	58.766667	60.222222	104.000000
RW_4	ARO:3008356	KPC-240	61	74.813115	73.660656	113.000000
RW_4	ARO:3008357	KPC-241	60	82.131667	77.748333	113.000000
RW_4	ARO:3008359	KPC-47	2	55.150000	52.150000	56.200000
RW_4	ARO:3008364	KPC-69	1	55.600000	52.800000	52.800000
RW_4	ARO:3008367	KPC-85	4	61.900000	61.625000	69.700000
RW_4	ARO:3008370	KPC-91	3	57.100000	52.366667	66.600000
RW_4	ARO:3008371	KPC-92	34	92.650000	91.091176	113.000000
RW_4	ARO:3008372	LHK-7	279	57.236918	60.905735	106.000000
RW_4	ARO:3008373	MIR-24	66	83.493939	84.613636	112.000000
RW_4	ARO:3008374	MIR-25	93	78.674194	79.825806	112.000000
RW_4	ARO:3008375	MIR-27	61	83.734426	88.226230	112.000000
RW_4	ARO:3008376	MIR-28	58	87.817241	89.472414	112.000000
RW_4	ARO:3008377	MIR-30	46	86.108696	90.552174	112.000000
RW_4	ARO:3008378	MIR-31	30	89.550000	87.250000	112.000000
RW_4	ARO:3008379	MIR-32	31	77.170968	74.590323	110.000000
RW_4	ARO:3008380	MIR-33	20	66.780000	70.325000	108.000000
RW_4	ARO:3008381	MIR-34	29	79.641379	76.482759	110.000000
RW_4	ARO:3008382	MIR-35	23	77.286957	73.730435	106.000000
RW_4	ARO:3008383	MOX-15	1099	91.527116	88.353685	111.000000
RW_4	ARO:3008384	MOX-16	841	77.184780	75.466587	108.000000
RW_4	ARO:3008385	MOX-17	1387	86.963374	85.208580	108.000000
RW_4	ARO:3008386	MOX-18	1325	85.209660	84.771925	108.000000
RW_4	ARO:3008387	MOX-19	1089	90.910560	88.260973	111.000000
RW_4	ARO:3008388	MOX-20	1304	85.441258	85.235199	108.000000
RW_4	ARO:3008389	MOX-21	1310	86.910687	85.403511	108.000000
RW_4	ARO:3008390	MOX-22	1321	86.396821	84.759122	108.000000
RW_4	ARO:3008391	MOX-23	1265	85.464506	84.951542	108.000000
RW_4	ARO:3008392	MOX-24	1134	91.004762	88.256349	111.000000
RW_4	ARO:3008393	MOX-25	1078	91.657421	88.787013	111.000000
RW_4	ARO:3008394	MUN-1	253	47.100000	50.120949	105.000000
RW_4	ARO:3008395	MUN-6	247	46.939676	49.944130	103.000000
RW_4	ARO:3008396	NDM-48	4	88.000000	90.025000	102.000000
RW_4	ARO:3008397	NDM-49	4	88.000000	90.025000	102.000000
RW_4	ARO:3008398	NDM-50	2	38.250000	42.750000	45.800000
RW_4	ARO:3008399	NDM-51	4	88.000000	90.025000	102.000000
RW_4	ARO:3008400	NDM-52	3	100.000000	106.333333	108.000000
RW_4	ARO:3008401	NDM-53	3	100.000000	98.066667	102.000000
RW_4	ARO:3008402	NDM-54	5	100.000000	103.660000	108.000000
RW_4	ARO:3008403	NDM-55	2	100.000000	96.100000	96.700000
RW_4	ARO:3008404	NDM-56	3	100.000000	98.066667	102.000000
RW_4	ARO:3008405	NDM-57	3	100.000000	98.066667	102.000000
RW_4	ARO:3008406	NDM-58	2	100.000000	99.650000	103.000000
RW_4	ARO:3008407	NDM-60	3	100.000000	98.066667	102.000000
RW_4	ARO:3008408	NDM-61	3	100.000000	106.333333	108.000000
RW_4	ARO:3008409	NDM-64	4	100.000000	103.325000	108.000000
RW_4	ARO:3008410	NDM-65	2	100.000000	99.650000	103.000000
RW_4	ARO:3008411	NDM-66	2	73.900000	77.550000	102.000000
RW_4	ARO:3008412	NDM-67	2	76.550000	76.800000	102.000000
RW_4	ARO:3008413	NDM-68	3	46.533333	55.166667	66.600000
RW_4	ARO:3008414	NDM-69	1	100.000000	96.300000	96.300000
RW_4	ARO:3008415	NDM-70	1	100.000000	102.000000	102.000000
RW_4	ARO:3008416	NDM-71	1	100.000000	96.300000	96.300000
RW_4	ARO:3008421	OXA-1000	3	49.933333	54.200000	65.500000
RW_4	ARO:3008422	OXA-1001	337	73.029377	72.947774	105.000000
RW_4	ARO:3008423	OXA-1002	7	72.528571	60.942857	79.300000
RW_4	ARO:3008424	OXA-1003	109	73.939450	78.255046	91.300000
RW_4	ARO:3008425	OXA-1004	92	72.120652	76.681522	92.400000
RW_4	ARO:3008426	OXA-1005	67	80.356716	80.061194	104.000000
RW_4	ARO:3008427	OXA-1006	38	72.310526	77.150000	108.000000
RW_4	ARO:3008428	OXA-1007	50	73.016000	76.554000	108.000000
RW_4	ARO:3008429	OXA-1008	21	63.280952	61.780952	107.000000
RW_4	ARO:3008430	OXA-1009	49	75.148980	82.555102	93.600000
RW_4	ARO:3008431	OXA-1010	31	75.261290	77.058065	95.500000
RW_4	ARO:3008432	OXA-1011	1606	70.170486	73.516376	118.000000
RW_4	ARO:3008433	OXA-1012	461	54.638395	54.295879	109.000000
RW_4	ARO:3008435	OXA-1014	79	59.587342	60.732911	79.700000
RW_4	ARO:3008436	OXA-1015	707	93.088543	89.874399	112.000000
RW_4	ARO:3008437	OXA-1016	1534	54.026532	58.776076	113.000000
RW_4	ARO:3008438	OXA-1017	1262	76.124010	74.844691	109.000000
RW_4	ARO:3008439	OXA-1018	19	53.857895	59.894737	76.300000
RW_4	ARO:3008440	OXA-1019	17	53.170588	56.900000	76.300000
RW_4	ARO:3008441	OXA-1020	49	56.455102	57.728571	79.300000
RW_4	ARO:3008442	OXA-1021	40	59.697500	59.652500	69.700000
RW_4	ARO:3008443	OXA-1022	50	59.604000	60.104000	70.100000
RW_4	ARO:3008444	OXA-1023	79	51.843038	53.045570	77.800000
RW_4	ARO:3008445	OXA-1024	49	59.726531	60.051020	70.100000
RW_4	ARO:3008446	OXA-1025	44	56.640909	59.315909	79.300000
RW_4	ARO:3008447	OXA-1026	39	57.910256	59.141026	79.300000
RW_4	ARO:3008448	OXA-1027	39	57.605128	60.079487	79.300000
RW_4	ARO:3008449	OXA-1028	34	57.550000	59.144118	79.300000
RW_4	ARO:3008450	OXA-1029	3	57.133333	55.066667	61.600000
RW_4	ARO:3008452	OXA-1031	2	54.250000	53.150000	60.500000
RW_4	ARO:3008453	OXA-1032	41	61.663415	60.448780	70.100000
RW_4	ARO:3008454	OXA-1033	2	56.950000	59.700000	61.600000
RW_4	ARO:3008456	OXA-1035	2	56.950000	59.700000	61.600000
RW_4	ARO:3008457	OXA-1036	185	81.000541	80.245946	109.000000
RW_4	ARO:3008458	OXA-1037	1201	90.361199	89.393422	115.000000
RW_4	ARO:3008459	OXA-1040	45	75.306667	80.242222	105.000000
RW_4	ARO:3008460	OXA-1041	1038	84.252119	86.081118	110.000000
RW_4	ARO:3008461	OXA-1042	720	95.007222	89.852361	110.000000
RW_4	ARO:3008462	OXA-1043	41	53.221951	57.207317	72.000000
RW_4	ARO:3008463	OXA-1044	926	90.272030	87.318467	115.000000
RW_4	ARO:3008464	OXA-1045	12	56.425000	53.366667	77.800000
RW_4	ARO:3008465	OXA-1046	1316	98.150684	94.987310	111.000000
RW_4	ARO:3008467	OXA-1048	9	72.155556	77.966667	92.800000
RW_4	ARO:3008468	OXA-1049	1218	78.901724	78.080706	117.000000
RW_4	ARO:3008469	OXA-1050	41	80.319512	84.551220	95.500000
RW_4	ARO:3008470	OXA-1051	215	65.448372	65.572558	92.400000
RW_4	ARO:3008471	OXA-1052	161	77.010559	79.424224	105.000000
RW_4	ARO:3008472	OXA-1053	616	92.787987	88.960552	112.000000
RW_4	ARO:3008473	OXA-1055	330	55.768485	55.239091	109.000000
RW_4	ARO:3008474	OXA-1056	1626	55.083641	59.830381	105.000000
RW_4	ARO:3008475	OXA-1057	1659	55.391742	60.195118	105.000000
RW_4	ARO:3008485	OXA-1067	6	66.616667	73.050000	78.200000
RW_4	ARO:3008486	OXA-1068	5	67.280000	73.800000	78.200000
RW_4	ARO:3008491	OXA-1073	86	70.894186	74.986047	82.000000
RW_4	ARO:3008494	OXA-1076	3	71.400000	76.400000	76.600000
RW_4	ARO:3008496	OXA-1078	2	72.400000	81.850000	104.000000
RW_4	ARO:3008497	OXA-1079	2	72.400000	81.850000	104.000000
RW_4	ARO:3008499	OXA-1081	38	78.026316	81.128947	103.000000
RW_4	ARO:3008500	OXA-1082	899	86.875195	84.802447	117.000000
RW_4	ARO:3008501	OXA-1083	1133	78.182966	79.048014	119.000000
RW_4	ARO:3008502	OXA-1084	776	81.513015	79.418041	117.000000
RW_4	ARO:3008503	OXA-1085	1715	78.053528	79.052886	117.000000
RW_4	ARO:3008504	OXA-1086	667	92.570165	84.832984	107.000000
RW_4	ARO:3008505	OXA-1087	441	92.470748	87.015193	112.000000
RW_4	ARO:3008506	OXA-1088	900	97.510667	94.868444	108.000000
RW_4	ARO:3008507	OXA-1089	629	51.601272	52.543879	81.600000
RW_4	ARO:3008508	OXA-1090	17	51.570588	48.170588	57.400000
RW_4	ARO:3008509	OXA-1091	107	54.907477	58.575701	95.500000
RW_4	ARO:3008511	OXA-1093	2	72.400000	81.850000	104.000000
RW_4	ARO:3008513	OXA-1095	6	41.900000	47.600000	51.600000
RW_4	ARO:3008514	OXA-1096	2	84.550000	93.600000	94.000000
RW_4	ARO:3008517	OXA-1099	278	49.749281	47.496403	106.000000
RW_4	ARO:3008518	OXA-1100	280	49.251786	48.322143	106.000000
RW_4	ARO:3008519	OXA-1101	318	50.422956	48.486164	105.000000
RW_4	ARO:3008520	OXA-1102	218	48.638073	47.755963	103.000000
RW_4	ARO:3008521	OXA-1103	227	48.519824	48.019383	102.000000
RW_4	ARO:3008522	OXA-1104	226	48.240708	47.837611	102.000000
RW_4	ARO:3008523	OXA-1105	217	48.324424	47.974654	103.000000
RW_4	ARO:3008524	OXA-1106	183	49.230601	49.564481	100.000000
RW_4	ARO:3008525	OXA-1107	192	49.097396	48.614583	103.000000
RW_4	ARO:3008526	OXA-1108	3088	69.952008	73.230894	110.000000
RW_4	ARO:3008527	OXA-1109	1	48.700000	42.700000	42.700000
RW_4	ARO:3008528	OXA-1110	129	79.390698	79.806977	102.000000
RW_4	ARO:3008529	OXA-1111	63	85.119048	83.371429	102.000000
RW_4	ARO:3008530	OXA-1112	79	80.791139	79.839241	102.000000
RW_4	ARO:3008531	OXA-1113	241	76.062241	77.409129	93.600000
RW_4	ARO:3008532	OXA-1114	32	63.334375	55.125000	79.700000
RW_4	ARO:3008533	OXA-1115	5	56.480000	60.940000	71.200000
RW_4	ARO:3008534	OXA-1116	49	74.655102	69.089796	109.000000
RW_4	ARO:3008537	OXA-1119	90	59.417778	62.324444	108.000000
RW_4	ARO:3008538	OXA-1120	599	93.322204	89.120534	112.000000
RW_4	ARO:3008539	OXA-1121	3	48.600000	52.600000	53.100000
RW_4	ARO:3008540	OXA-1122	150	72.711333	80.645333	108.000000
RW_4	ARO:3008541	OXA-1123	7	79.200000	84.285714	88.600000
RW_4	ARO:3008542	OXA-1124	31	62.809677	61.677419	78.200000
RW_4	ARO:3008543	OXA-1125	3	42.633333	41.966667	43.100000
RW_4	ARO:3008544	OXA-1126	35	58.922857	60.460000	79.300000
RW_4	ARO:3008545	OXA-1127	6	42.183333	44.800000	48.900000
RW_4	ARO:3008546	OXA-1128	4	53.975000	52.175000	64.300000
RW_4	ARO:3008547	OXA-1129	54	49.146296	53.600000	82.800000
RW_4	ARO:3008548	OXA-1130	27	59.885185	61.570370	79.300000
RW_4	ARO:3008549	OXA-1131	25	60.032000	61.508000	79.300000
RW_4	ARO:3008550	OXA-1132	5	61.580000	62.320000	78.200000
RW_4	ARO:3008551	OXA-1133	52	49.113462	53.150000	82.800000
RW_4	ARO:3008552	OXA-1134	5	61.580000	62.320000	78.200000
RW_4	ARO:3008553	OXA-1135	3	57.133333	55.066667	61.600000
RW_4	ARO:3008554	OXA-1136	876	81.553425	85.265411	119.000000
RW_4	ARO:3008555	OXA-1137	21	63.280952	61.780952	107.000000
RW_4	ARO:3008556	OXA-1138	108	77.560185	81.401852	95.100000
RW_4	ARO:3008557	OXA-1139	76	76.602632	83.307895	100.000000
RW_4	ARO:3008558	OXA-1140	28	57.214286	58.278571	79.300000
RW_4	ARO:3008559	OXA-1141	616	97.926623	100.968831	108.000000
RW_4	ARO:3008560	OXA-1142	32	53.393750	57.143750	72.000000
RW_4	ARO:3008561	OXA-1143	1199	90.514846	89.545621	115.000000
RW_4	ARO:3008562	OXA-1144	254	73.911024	77.333071	105.000000
RW_4	ARO:3008563	OXA-1145	84	64.555952	68.661905	98.200000
RW_4	ARO:3008564	OXA-1146	392	56.117347	56.067857	109.000000
RW_4	ARO:3008565	OXA-1147	458	97.396507	97.496288	106.000000
RW_4	ARO:3008566	OXA-1148	777	96.381338	97.411068	108.000000
RW_4	ARO:3008567	OXA-1149	96	45.092708	47.314583	65.900000
RW_4	ARO:3008568	OXA-1150	81	79.150617	82.398765	89.700000
RW_4	ARO:3008569	OXA-1151	13	79.076923	86.923077	93.600000
RW_4	ARO:3008570	OXA-1152	91	45.154945	47.663736	65.900000
RW_4	ARO:3008571	OXA-1153	1076	82.685967	85.500929	114.000000
RW_4	ARO:3008572	OXA-1154	1206	90.498673	89.682421	115.000000
RW_4	ARO:3008573	OXA-1155	1201	90.525146	89.762281	115.000000
RW_4	ARO:3008574	OXA-1156	1056	93.264299	94.107102	115.000000
RW_4	ARO:3008575	OXA-1157	658	77.936170	77.067781	115.000000
RW_4	ARO:3008576	OXA-1158	1166	92.212178	91.089108	115.000000
RW_4	ARO:3008577	OXA-1159	1168	90.827740	89.655137	115.000000
RW_4	ARO:3008578	OXA-1160	1182	91.370051	90.448054	115.000000
RW_4	ARO:3008579	OXA-1161	1118	92.247585	91.004114	115.000000
RW_4	ARO:3008580	OXA-1162	670	78.621194	81.621343	115.000000
RW_4	ARO:3008581	OXA-1163	1112	92.814658	91.569245	115.000000
RW_4	ARO:3008582	OXA-1164	17	61.023529	64.717647	84.300000
RW_4	ARO:3008583	OXA-1165	335	76.068358	78.410448	93.600000
RW_4	ARO:3008584	OXA-1166	104	77.573077	81.649038	89.700000
RW_4	ARO:3008585	OXA-1167	10	61.710000	65.150000	109.000000
RW_4	ARO:3008586	OXA-1168	171	95.030409	95.530994	107.000000
RW_4	ARO:3008587	OXA-1169	543	96.812707	92.024678	112.000000
RW_4	ARO:3008588	OXA-1170	439	92.244875	86.433485	112.000000
RW_4	ARO:3008589	OXA-1171	444	92.182432	86.347072	112.000000
RW_4	ARO:3008590	OXA-1172	1734	79.035467	80.351153	117.000000
RW_4	ARO:3008591	OXA-1173	863	75.566165	80.315411	117.000000
RW_4	ARO:3008592	OXA-1174	3	57.300000	59.833333	61.600000
RW_4	ARO:3008593	OXA-1175	284	99.284507	95.445775	104.000000
RW_4	ARO:3008594	OXA-1176	158	45.494304	49.251266	97.800000
RW_4	ARO:3008595	OXA-1177	133	50.975188	53.051880	91.300000
RW_4	ARO:3008596	OXA-1178	1043	98.104794	94.286769	107.000000
RW_4	ARO:3008597	OXA-1181	43	68.195349	69.223256	108.000000
RW_4	ARO:3008598	OXA-1182	108	72.767593	78.508333	101.000000
RW_4	ARO:3008599	OXA-1183	664	77.662801	80.703765	117.000000
RW_4	ARO:3008600	OXA-1184	393	92.298728	88.354453	112.000000
RW_4	ARO:3008601	OXA-1185	46	74.363043	81.852174	91.300000
RW_4	ARO:3008602	OXA-1186	1652	55.362893	60.239467	105.000000
RW_4	ARO:3008603	OXA-1187	1767	77.662592	78.662366	117.000000
RW_4	ARO:3008604	OXA-1188	39	59.987179	57.746154	77.800000
RW_4	ARO:3008605	OXA-1189	88	75.298864	74.437500	96.700000
RW_4	ARO:3008606	OXA-1190	398	72.694724	75.206533	103.000000
RW_4	ARO:3008607	OXA-1191	301	72.710299	72.245183	105.000000
RW_4	ARO:3008608	OXA-1193	257	72.470817	70.352140	104.000000
RW_4	ARO:3008609	OXA-1194	271	73.714022	77.811439	105.000000
RW_4	ARO:3008610	OXA-1198	1	55.100000	56.600000	56.600000
RW_4	ARO:3008611	OXA-1199	1	60.400000	65.100000	65.100000
RW_4	ARO:3008612	OXA-1200	765	54.043268	56.267320	109.000000
RW_4	ARO:3008613	OXA-1201	48	66.900000	68.570833	109.000000
RW_4	ARO:3008614	OXA-1202	584	95.285616	91.574658	112.000000
RW_4	ARO:3008615	OXA-1203	531	97.838230	93.638983	112.000000
RW_4	ARO:3008616	OXA-1204	414	94.332850	88.881884	112.000000
RW_4	ARO:3008617	OXA-1205	45	66.944444	68.231111	108.000000
RW_4	ARO:3008618	OXA-1206	136	47.880147	46.681618	64.700000
RW_4	ARO:3008619	OXA-1207	47	66.470213	67.451064	108.000000
RW_4	ARO:3008620	OXA-1208	765	87.839477	84.399216	117.000000
RW_4	ARO:3008621	OXA-1211	48	62.154167	65.425000	108.000000
RW_4	ARO:3008622	OXA-1212	42	49.014286	53.123810	95.100000
RW_4	ARO:3008623	OXA-1213	27	57.277778	58.322222	108.000000
RW_4	ARO:3008624	OXA-1214	2	46.550000	45.650000	49.300000
RW_4	ARO:3008625	OXA-1215	80	65.773750	68.126250	98.200000
RW_4	ARO:3008629	OXA-1219	5	67.280000	73.800000	78.200000
RW_4	ARO:3008631	OXA-1221	24	63.166667	65.229167	91.700000
RW_4	ARO:3008632	OXA-1222	13	77.576923	75.492308	95.500000
RW_4	ARO:3008633	OXA-1223	2	100.000000	102.000000	102.000000
RW_4	ARO:3008634	OXA-1224	115	77.868696	80.979130	89.700000
RW_4	ARO:3008635	OXA-1225	57	76.454386	81.150877	105.000000
RW_4	ARO:3008636	OXA-1226	67	59.782090	62.026866	114.000000
RW_4	ARO:3008637	OXA-1227	84	45.096429	47.427381	65.900000
RW_4	ARO:3008638	OXA-1228	86	45.381395	47.818605	65.900000
RW_4	ARO:3008639	OXA-1229	1	51.300000	42.700000	42.700000
RW_4	ARO:3008641	OXA-1231	290	92.988621	92.702414	112.000000
RW_4	ARO:3008642	OXA-1232	265	92.545283	94.603019	112.000000
RW_4	ARO:3008643	OXA-1233	329	94.184498	95.985106	108.000000
RW_4	ARO:3008644	OXA-1234	20	61.025000	59.385000	107.000000
RW_4	ARO:3008645	OXA-1235	10	74.340000	73.000000	108.000000
RW_4	ARO:3008646	OXA-1236	8	63.550000	68.600000	102.000000
RW_4	ARO:3008647	OXA-1237	38	74.184211	77.402632	84.300000
RW_4	ARO:3008648	OXA-1238	30	48.380000	50.286667	72.400000
RW_4	ARO:3008649	OXA-1239	176	58.042614	60.102841	89.400000
RW_4	ARO:3008650	OXA-1240	685	54.283358	55.636496	109.000000
RW_4	ARO:3008651	OXA-1241	8	63.450000	69.525000	102.000000
RW_4	ARO:3008652	OXA-1242	14	69.735714	76.171429	114.000000
RW_4	ARO:3008653	OXA-1243	275	87.657818	94.533818	117.000000
RW_4	ARO:3008655	OXA-1245	69	50.486957	52.298551	77.800000
RW_4	ARO:3008656	OXA-1246	27	48.748148	52.400000	82.800000
RW_4	ARO:3008657	OXA-1247	284	96.134507	92.744718	107.000000
RW_4	ARO:3008658	OXA-1248	510	94.921765	95.916863	108.000000
RW_4	ARO:3008659	OXA-1249	3	71.400000	76.400000	76.600000
RW_4	ARO:3008660	OXA-1250	7	51.185714	56.442857	68.200000
RW_4	ARO:3008661	OXA-1251	24	47.870833	48.420833	67.000000
RW_4	ARO:3008663	OXA-1253	16	60.200000	59.662500	79.300000
RW_4	ARO:3008664	OXA-1254	16	62.343750	63.975000	79.700000
RW_4	ARO:3008665	OXA-1255	24	61.825000	62.862500	79.300000
RW_4	ARO:3008666	OXA-1256	9	59.944444	58.700000	77.800000
RW_4	ARO:3008667	OXA-1257	641	95.541810	97.583931	108.000000
RW_4	ARO:3008668	OXA-1258	615	77.538862	77.117236	100.000000
RW_4	ARO:3008669	OXA-1259	614	77.271336	77.274756	96.700000
RW_4	ARO:3008670	OXA-1260	605	76.997686	76.548099	95.100000
RW_4	ARO:3008671	OXA-1261	658	78.647416	79.128875	104.000000
RW_4	ARO:3008672	OXA-1262	682	78.869355	78.844428	104.000000
RW_4	ARO:3008673	OXA-1263	629	77.518283	75.810811	100.000000
RW_4	ARO:3008674	OXA-1264	271	42.957196	41.876753	69.700000
RW_4	ARO:3008676	OXA-1266	15	60.560000	67.653333	84.300000
RW_4	ARO:3008677	OXA-1267	13	62.769231	61.430769	79.300000
RW_4	ARO:3008678	OXA-1268	3	55.733333	59.566667	61.600000
RW_4	ARO:3008679	OXA-1269	11	64.718182	62.627273	79.300000
RW_4	ARO:3008680	OXA-1270	42	60.352381	59.209524	70.100000
RW_4	ARO:3008682	OXA-1272	41	61.331707	60.280488	70.100000
RW_4	ARO:3008683	OXA-1273	39	60.958974	59.853846	70.100000
RW_4	ARO:3008684	OXA-1274	4	60.725000	66.050000	79.300000
RW_4	ARO:3008685	OXA-1275	65	58.189231	60.284615	86.300000
RW_4	ARO:3008686	OXA-1276	39	61.905128	60.487179	70.100000
RW_4	ARO:3008688	OXA-1278	68	53.550000	56.435294	79.300000
RW_4	ARO:3008689	OXA-1279	11	61.536364	58.154545	78.200000
RW_4	ARO:3008690	OXA-1280	19	56.763158	58.052632	79.300000
RW_4	ARO:3008691	OXA-1281	3	69.766667	73.533333	79.300000
RW_4	ARO:3008692	OXA-1282	6	59.266667	61.150000	74.300000
RW_4	ARO:3008693	OXA-1283	1	42.500000	41.600000	41.600000
RW_4	ARO:3008694	OXA-1284	65	58.112308	60.332308	86.300000
RW_4	ARO:3008695	OXA-1285	2	61.100000	46.000000	46.600000
RW_4	ARO:3008696	OXA-1286	2	56.950000	59.700000	61.600000
RW_4	ARO:3008697	OXA-1287	11	41.654545	44.400000	56.200000
RW_4	ARO:3008698	OXA-1288	1	44.700000	40.400000	40.400000
RW_4	ARO:3008699	OXA-1289	64	57.037500	57.660938	82.800000
RW_4	ARO:3008700	OXA-1290	62	58.522581	60.469355	86.300000
RW_4	ARO:3008701	OXA-1291	6	50.516667	55.516667	77.800000
RW_4	ARO:3008702	OXA-1292	2	50.550000	42.750000	46.200000
RW_4	ARO:3008703	OXA-1293	3	52.133333	53.666667	61.600000
RW_4	ARO:3008704	OXA-1294	63	58.195238	60.541270	86.300000
RW_4	ARO:3008705	OXA-1295	6	56.516667	58.600000	64.300000
RW_4	ARO:3008706	OXA-1296	27	52.059259	56.418519	68.900000
RW_4	ARO:3008707	OXA-1297	2	56.950000	59.700000	61.600000
RW_4	ARO:3008708	OXA-1298	3	57.133333	55.066667	61.600000
RW_4	ARO:3008712	OXA-1302	547	96.747532	97.179525	107.000000
RW_4	ARO:3008713	OXA-1303	44	76.611364	81.940909	105.000000
RW_4	ARO:3008714	OXA-1304	30	54.890000	57.010000	108.000000
RW_4	ARO:3008715	OXA-1305	41	73.051220	76.170732	114.000000
RW_4	ARO:3008716	OXA-1306	6	100.000000	110.500000	114.000000
RW_4	ARO:3008717	OXA-1307	38	69.818421	72.418421	109.000000
RW_4	ARO:3008718	OXA-1308	190	53.643684	52.468421	114.000000
RW_4	ARO:3008719	OXA-1309	160	54.710000	52.512500	109.000000
RW_4	ARO:3008720	OXA-725	1139	77.756629	80.328885	117.000000
RW_4	ARO:3008721	OXA-790	11	57.290909	59.790909	103.000000
RW_4	ARO:3008722	OXA-791	22	50.309091	50.181818	103.000000
RW_4	ARO:3008723	OXA-933	18	65.544444	70.522222	114.000000
RW_4	ARO:3008724	OXA-934	2	100.000000	110.000000	114.000000
RW_4	ARO:3008725	OXA-936	70	56.242857	59.685714	70.100000
RW_4	ARO:3008726	OXA-944	359	73.062953	76.199164	101.000000
RW_4	ARO:3008727	OXA-950	980	80.282653	83.712143	117.000000
RW_4	ARO:3008728	OXA-951	944	79.543220	82.673411	117.000000
RW_4	ARO:3008729	OXA-952	382	72.365445	72.323822	105.000000
RW_4	ARO:3008730	OXA-953	144	77.214583	78.852778	105.000000
RW_4	ARO:3008732	OXA-955	8	74.687500	82.700000	90.900000
RW_4	ARO:3008733	OXA-956	1129	82.060585	85.232418	108.000000
RW_4	ARO:3008734	OXA-957	755	52.605828	53.580795	74.300000
RW_4	ARO:3008735	OXA-958	1008	77.906151	79.360714	117.000000
RW_4	ARO:3008736	OXA-959	1017	78.284267	80.037856	117.000000
RW_4	ARO:3008737	OXA-960	136	47.374265	50.348529	93.600000
RW_4	ARO:3008738	OXA-961	134	47.195522	50.464179	93.600000
RW_4	ARO:3008739	OXA-962	132	47.150000	49.679545	94.700000
RW_4	ARO:3008740	OXA-963	159	46.389308	48.233962	98.200000
RW_4	ARO:3008741	OXA-964	184	47.344022	49.944565	98.200000
RW_4	ARO:3008742	OXA-965	116	47.570690	49.203448	95.500000
RW_4	ARO:3008743	OXA-966	19	48.657895	52.668421	79.000000
RW_4	ARO:3008744	OXA-967	12	42.808333	46.375000	55.100000
RW_4	ARO:3008745	OXA-968	13	48.769231	52.269231	69.300000
RW_4	ARO:3008746	OXA-969	31	50.658065	53.748387	73.900000
RW_4	ARO:3008749	OXA-972	1	69.400000	69.700000	69.700000
RW_4	ARO:3008750	OXA-973	2	46.350000	47.000000	47.800000
RW_4	ARO:3008751	OXA-974	1	48.900000	60.500000	60.500000
RW_4	ARO:3008752	OXA-975	3	57.500000	42.333333	42.700000
RW_4	ARO:3008755	OXA-978	18	76.716667	77.244444	89.700000
RW_4	ARO:3008756	OXA-979	25	62.428000	62.856000	107.000000
RW_4	ARO:3008757	OXA-980	5	58.220000	63.560000	79.000000
RW_4	ARO:3008758	OXA-981	165	69.509697	73.792121	105.000000
RW_4	ARO:3008759	OXA-982	201	67.520398	70.997015	94.400000
RW_4	ARO:3008760	OXA-983	269	73.713755	76.640892	103.000000
RW_4	ARO:3008761	OXA-984	85	72.591765	77.772941	92.400000
RW_4	ARO:3008762	OXA-985	111	76.052252	80.945946	95.500000
RW_4	ARO:3008763	OXA-986	8	70.050000	68.050000	79.000000
RW_4	ARO:3008764	OXA-987	94	76.764894	81.598936	94.000000
RW_4	ARO:3008765	OXA-988	9	75.322222	73.866667	95.500000
RW_4	ARO:3008766	OXA-989	20	60.835000	60.345000	107.000000
RW_4	ARO:3008767	OXA-990	63	74.744444	80.274603	91.300000
RW_4	ARO:3008768	OXA-991	37	92.035135	84.500000	109.000000
RW_4	ARO:3008769	OXA-992	79	72.355696	76.215190	85.100000
RW_4	ARO:3008770	OXA-993	164	67.605488	70.684146	94.400000
RW_4	ARO:3008771	OXA-994	105	63.664762	65.974286	89.700000
RW_4	ARO:3008772	OXA-995	59	73.172881	79.067797	94.400000
RW_4	ARO:3008773	OXA-996	62	73.198387	77.170968	92.400000
RW_4	ARO:3008774	OXA-997	107	64.671963	65.391589	90.900000
RW_4	ARO:3008775	OXA-998	34	67.114706	72.400000	90.100000
RW_4	ARO:3008776	OXA-999	159	70.749686	75.065409	105.000000
RW_4	ARO:3008777	OXY-1-11	17	76.758824	77.782353	106.000000
RW_4	ARO:3008778	OXY-1-12	67	64.310448	62.486567	103.000000
RW_4	ARO:3008779	OXY-1-13	51	64.850980	62.121569	105.000000
RW_4	ARO:3008780	OXY-1-16	8	74.312500	74.225000	100.000000
RW_4	ARO:3008781	OXY-1-17	8	74.312500	74.225000	100.000000
RW_4	ARO:3008782	OXY-1-18	36	60.380556	58.244444	105.000000
RW_4	ARO:3008783	OXY-1-19	9	72.888889	72.655556	98.600000
RW_4	ARO:3008784	OXY-10-1	64	56.034375	55.415625	104.000000
RW_4	ARO:3008785	OXY-11-1	80	57.162500	56.563750	76.300000
RW_4	ARO:3008786	OXY-12-1	47	61.721277	60.923404	105.000000
RW_4	ARO:3008787	OXY-12-2	42	61.807143	61.073810	105.000000
RW_4	ARO:3008788	OXY-2-17	30	58.230000	58.896667	70.100000
RW_4	ARO:3008789	OXY-2-18	12	55.416667	57.475000	75.100000
RW_4	ARO:3008790	OXY-2-19	28	64.107143	66.800000	104.000000
RW_4	ARO:3008791	OXY-2-20	14	58.514286	58.957143	75.100000
RW_4	ARO:3008792	OXY-2-21	6	56.283333	60.600000	75.100000
RW_4	ARO:3008793	OXY-2-22	25	56.460000	59.324000	69.300000
RW_4	ARO:3008794	OXY-2-23	76	48.186842	49.913158	84.300000
RW_4	ARO:3008795	OXY-2-24	88	50.387500	51.977273	84.300000
RW_4	ARO:3008796	OXY-2-25	27	57.362963	58.059259	84.300000
RW_4	ARO:3008797	OXY-2-26	13	56.907692	56.707692	75.100000
RW_4	ARO:3008798	OXY-2-27	14	57.285714	59.692857	70.100000
RW_4	ARO:3008799	OXY-2-28	84	50.646429	52.309524	71.600000
RW_4	ARO:3008800	OXY-2-30	86	51.262791	53.351163	74.300000
RW_4	ARO:3008801	OXY-3-2	67	58.913433	57.214925	105.000000
RW_4	ARO:3008802	OXY-3-3	66	58.934848	57.159091	105.000000
RW_4	ARO:3008803	OXY-4-2	59	66.596610	65.050847	106.000000
RW_4	ARO:3008804	OXY-4-3	62	64.941935	62.667742	106.000000
RW_4	ARO:3008805	OXY-4-4	60	64.838333	62.631667	106.000000
RW_4	ARO:3008806	OXY-4-5	55	64.852727	62.029091	106.000000
RW_4	ARO:3008807	OXY-5-10	64	58.009375	56.404688	102.000000
RW_4	ARO:3008808	OXY-5-11	53	62.683019	60.728302	102.000000
RW_4	ARO:3008809	OXY-5-6	67	62.752239	59.541791	102.000000
RW_4	ARO:3008810	OXY-5-7	41	66.351220	62.809756	105.000000
RW_4	ARO:3008811	OXY-5-8	38	61.765789	58.726316	102.000000
RW_4	ARO:3008812	OXY-6-10	6	66.316667	62.533333	84.000000
RW_4	ARO:3008813	OXY-6-11	29	64.372414	63.665517	98.200000
RW_4	ARO:3008814	OXY-6-5	59	62.510169	62.432203	100.000000
RW_4	ARO:3008815	OXY-6-7	11	66.018182	63.018182	99.400000
RW_4	ARO:3008816	OXY-7-1	21	65.419048	65.019048	100.000000
RW_4	ARO:3008817	OXY-8-1	26	65.546154	69.511538	100.000000
RW_4	ARO:3008818	OXY-8-2	24	61.483333	59.983333	100.000000
RW_4	ARO:3008819	OXY-8-3	21	60.242857	59.195238	100.000000
RW_4	ARO:3008820	OXY-9-1	14	59.485714	60.214286	99.800000
RW_4	ARO:3008821	PAD-1	439	60.756720	62.428018	93.600000
RW_4	ARO:3008822	PAM-5	259	49.449035	45.159073	91.700000
RW_4	ARO:3008823	PC1	37	58.524324	54.894595	99.800000
RW_4	ARO:3008825	PDC-478	295	52.976271	61.901356	72.000000
RW_4	ARO:3008826	PDC-479	1	51.100000	54.300000	54.300000
RW_4	ARO:3008827	PDC-480	5	48.900000	46.520000	52.800000
RW_4	ARO:3008828	PDC-481	31	60.519355	58.025806	76.300000
RW_4	ARO:3008830	PDC-483	19	53.194737	57.978947	69.700000
RW_4	ARO:3008831	PDC-484	4	50.175000	49.675000	54.300000
RW_4	ARO:3008832	PDC-485	21	50.523810	55.552381	74.300000
RW_4	ARO:3008833	PDC-486	76	69.052632	57.535526	75.500000
RW_4	ARO:3008834	PDC-487	3	45.933333	49.666667	52.800000
RW_4	ARO:3008835	PDC-488	1	48.600000	41.200000	41.200000
RW_4	ARO:3008836	PDC-489	1	47.900000	52.800000	52.800000
RW_4	ARO:3008838	PDC-491	2	75.450000	78.200000	80.100000
RW_4	ARO:3008840	PDC-493	140	52.558571	60.725714	71.200000
RW_4	ARO:3008842	PDC-495	48	56.116667	55.825000	75.900000
RW_4	ARO:3008843	PDC-496	16	55.525000	64.950000	70.900000
RW_4	ARO:3008845	PDC-498	3	53.366667	54.166667	59.300000
RW_4	ARO:3008847	PDC-500	1	52.500000	46.600000	46.600000
RW_4	ARO:3008848	PDC-501	38	53.431579	61.271053	67.400000
RW_4	ARO:3008849	PDC-502	128	53.353125	59.099219	72.000000
RW_4	ARO:3008850	PDC-503	4	68.225000	66.425000	80.900000
RW_4	ARO:3008851	PDC-504	4	68.225000	66.425000	80.900000
RW_4	ARO:3008852	PDC-505	11	53.963636	50.045455	63.500000
RW_4	ARO:3008853	PDC-506	26	59.511538	65.584615	76.600000
RW_4	ARO:3008854	PDC-507	16	65.962500	69.456250	83.600000
RW_4	ARO:3008855	PDC-508	14	47.935714	43.500000	50.400000
RW_4	ARO:3008857	PDC-510	2	62.950000	60.700000	65.900000
RW_4	ARO:3008859	PDC-512	241	57.401245	54.857676	78.600000
RW_4	ARO:3008861	PDC-514	15	57.506667	65.140000	70.900000
RW_4	ARO:3008862	PDC-515	1	62.000000	71.200000	71.200000
RW_4	ARO:3008863	PDC-516	4	50.500000	51.225000	51.600000
RW_4	ARO:3008864	PDC-517	31	64.303226	72.016129	82.800000
RW_4	ARO:3008865	PDC-518	9	52.133333	58.833333	76.600000
RW_4	ARO:3008866	PDC-519	7	56.042857	65.628571	68.900000
RW_4	ARO:3008867	PDC-520	16	69.512500	71.918750	83.200000
RW_4	ARO:3008868	PDC-521	102	65.741176	56.095098	75.900000
RW_4	ARO:3008870	PDC-523	71	63.223944	56.907042	82.000000
RW_4	ARO:3008871	PDC-524	155	60.865806	59.547742	81.300000
RW_4	ARO:3008872	PDC-525	54	53.011111	57.785185	75.900000
RW_4	ARO:3008873	PDC-526	13	53.746154	62.430769	76.600000
RW_4	ARO:3008874	PDC-527	101	62.718812	56.682178	76.600000
RW_4	ARO:3008875	PDC-528	75	65.878667	58.920000	83.600000
RW_4	ARO:3008876	PDC-529	25	59.768000	65.712000	76.600000
RW_4	ARO:3008877	PDC-530	87	50.904598	54.217241	75.900000
RW_4	ARO:3008878	PDC-531	3	52.666667	58.400000	71.200000
RW_4	ARO:3008879	PDC-532	3	57.000000	58.300000	75.500000
RW_4	ARO:3008880	PDC-533	2	62.950000	60.700000	65.900000
RW_4	ARO:3008881	PDC-534	2	51.950000	43.150000	46.600000
RW_4	ARO:3008882	PDC-535	1	48.600000	41.200000	41.200000
RW_4	ARO:3008883	PDC-536	3	59.666667	60.233333	65.900000
RW_4	ARO:3008884	PDC-537	1	48.600000	41.200000	41.200000
RW_4	ARO:3008885	PDC-538	16	59.650000	63.993750	75.900000
RW_4	ARO:3008886	PDC-539	29	53.365517	58.272414	67.400000
RW_4	ARO:3008887	PDC-540	14	55.464286	52.357143	65.900000
RW_4	ARO:3008888	PDC-541	3	45.700000	42.866667	44.300000
RW_4	ARO:3008889	PDC-542	67	61.461194	67.320896	83.200000
RW_4	ARO:3008890	PDC-543	159	54.179245	63.786792	71.600000
RW_4	ARO:3008893	PDC-546	3	45.966667	47.000000	55.100000
RW_4	ARO:3008895	PDC-548	105	52.554286	60.927619	70.500000
RW_4	ARO:3008896	PDC-549	2	51.800000	50.450000	54.300000
RW_4	ARO:3008897	PDC-550	1	52.500000	46.600000	46.600000
RW_4	ARO:3008898	PDC-551	4	52.275000	57.375000	71.200000
RW_4	ARO:3008899	PDC-552	2	48.450000	42.900000	45.800000
RW_4	ARO:3008900	PDC-553	37	67.402703	65.672973	83.200000
RW_4	ARO:3008902	PDC-555	51	67.368627	67.001961	83.600000
RW_4	ARO:3008904	PDC-557	27	56.929630	61.918519	72.000000
RW_4	ARO:3008906	PDC-559	1	45.800000	45.800000	45.800000
RW_4	ARO:3008908	PDC-561	6	48.533333	42.233333	48.100000
RW_4	ARO:3008909	PDC-562	24	59.050000	64.970833	83.600000
RW_4	ARO:3008913	PDC-566	17	56.629412	64.500000	70.900000
RW_4	ARO:3008914	PDC-567	6	49.700000	49.733333	57.000000
RW_4	ARO:3008916	PDC-569	1	60.500000	52.400000	52.400000
RW_4	ARO:3008918	PDC-571	111	56.083784	64.493694	75.100000
RW_4	ARO:3008920	PDC-573	1	68.000000	71.200000	71.200000
RW_4	ARO:3008921	PDC-574	27	59.655556	64.148148	83.600000
RW_4	ARO:3008922	PDC-575	16	55.406250	59.118750	76.600000
RW_4	ARO:3008924	PDC-577	61	67.496721	64.813115	83.600000
RW_4	ARO:3008926	PDC-579	7	51.514286	55.800000	62.800000
RW_4	ARO:3008927	PDC-580	1	60.500000	52.400000	52.400000
RW_4	ARO:3008928	PDC-581	20	66.600000	64.090000	83.600000
RW_4	ARO:3008929	PDC-582	184	57.257609	54.550000	78.600000
RW_4	ARO:3008930	PDC-583	2	61.750000	63.550000	75.500000
RW_4	ARO:3008931	PDC-584	23	51.591304	56.347826	75.500000
RW_4	ARO:3008932	PDC-585	2	61.750000	63.550000	75.500000
RW_4	ARO:3008933	PDC-586	17	56.629412	64.500000	70.900000
RW_4	ARO:3008934	PDC-587	138	52.610145	60.799275	71.200000
RW_4	ARO:3008935	PDC-588	19	64.900000	68.889474	83.600000
RW_4	ARO:3008936	PDC-589	1	66.000000	78.600000	78.600000
RW_4	ARO:3008937	PDC-590	19	67.647368	65.478947	83.600000
RW_4	ARO:3008938	PDC-591	1	44.000000	53.900000	53.900000
RW_4	ARO:3008942	PDC-595	43	61.572093	59.300000	82.000000
RW_4	ARO:3008944	PDC-597	14	57.628571	65.614286	70.900000
RW_4	ARO:3008945	PDC-598	1	53.100000	61.200000	61.200000
RW_4	ARO:3008947	PDC-600	7	51.514286	55.800000	62.800000
RW_4	ARO:3008949	PDC-602	101	62.718812	56.682178	76.600000
RW_4	ARO:3008950	PDC-603	2	72.700000	75.100000	75.900000
RW_4	ARO:3008951	PDC-604	3	62.033333	48.100000	66.200000
RW_4	ARO:3008952	PDC-605	6	51.433333	55.400000	62.800000
RW_4	ARO:3008953	PDC-606	1	73.500000	71.600000	71.600000
RW_4	ARO:3008954	PDC-607	6	52.816667	55.066667	61.200000
RW_4	ARO:3008955	PDC-608	1	56.000000	62.800000	62.800000
RW_4	ARO:3008957	PDC-610	4	46.800000	48.625000	55.100000
RW_4	ARO:3008958	PDC-611	3	57.233333	55.733333	65.900000
RW_4	ARO:3008959	PDC-612	2	47.200000	43.500000	45.800000
RW_4	ARO:3008963	PDC-616	6	50.650000	52.300000	71.200000
RW_4	ARO:3008964	PDC-617	2	43.900000	41.950000	43.100000
RW_4	ARO:3008966	PDC-619	45	59.780000	63.786667	83.600000
RW_4	ARO:3008967	PDC-620	19	59.615789	62.015789	75.900000
RW_4	ARO:3008969	PDC-622	4	52.275000	54.400000	70.900000
RW_4	ARO:3008970	PDC-623	1	40.800000	45.400000	45.400000
RW_4	ARO:3008971	PDC-624	15	60.540000	63.353333	75.900000
RW_4	ARO:3008973	PDC-626	3	41.866667	55.566667	63.900000
RW_4	ARO:3008974	PDC-627	6	52.000000	49.150000	71.600000
RW_4	ARO:3008975	PDC-628	1	55.100000	52.800000	52.800000
RW_4	ARO:3008976	PDC-629	38	64.015789	64.086842	82.400000
RW_4	ARO:3008978	PDC-631	10	57.450000	57.450000	71.600000
RW_4	ARO:3008980	PDC-633	70	56.545714	61.980000	65.900000
RW_4	ARO:3008982	PDC-635	3	73.766667	72.300000	78.200000
RW_4	ARO:3008983	PDC-636	1	40.800000	45.400000	45.400000
RW_4	ARO:3008984	PDC-637	12	62.258333	67.675000	75.900000
RW_4	ARO:3008985	PDC-638	1	57.100000	55.100000	55.100000
RW_4	ARO:3008986	PDC-639	216	54.413426	62.831481	78.600000
RW_4	ARO:3008988	PEN-A10	322	60.161801	61.514907	89.000000
RW_4	ARO:3008989	PEN-A11	319	59.939498	61.021630	88.600000
RW_4	ARO:3008990	PEN-A12	305	59.818361	61.280984	88.600000
RW_4	ARO:3008991	PEN-A13	294	60.074490	61.721088	88.600000
RW_4	ARO:3008992	PEN-A15	258	60.867442	61.583333	88.600000
RW_4	ARO:3008993	PEN-A16	280	60.987143	61.026429	88.600000
RW_4	ARO:3008994	PEN-A17	173	60.863006	59.822543	88.600000
RW_4	ARO:3008995	PEN-A18	231	61.212554	62.341991	88.600000
RW_4	ARO:3008996	PEN-A19	309	60.326861	60.891586	88.600000
RW_4	ARO:3008997	PEN-A1	287	59.272822	61.556446	85.500000
RW_4	ARO:3008998	PEN-A20	289	60.103460	61.023529	88.600000
RW_4	ARO:3008999	PEN-A21	181	61.776796	61.017127	88.600000
RW_4	ARO:3009000	PEN-A22	228	60.685088	59.688596	88.600000
RW_4	ARO:3009001	PEN-A23	142	61.568310	61.003521	88.600000
RW_4	ARO:3009002	PEN-A24	286	60.534266	61.306993	88.600000
RW_4	ARO:3009003	PEN-A25	237	60.541772	62.284388	88.600000
RW_4	ARO:3009004	PEN-A26	233	59.442489	60.296137	84.700000
RW_4	ARO:3009005	PEN-A27	212	59.453774	60.654245	89.700000
RW_4	ARO:3009006	PEN-A28	246	58.621951	60.464634	88.600000
RW_4	ARO:3009007	PEN-A29	324	57.700309	59.627778	88.600000
RW_4	ARO:3009008	PEN-A2	37	59.229730	62.245946	81.300000
RW_4	ARO:3009009	PEN-A30	268	58.148881	60.744030	88.600000
RW_4	ARO:3009010	PEN-A31	187	59.703209	61.396257	88.600000
RW_4	ARO:3009011	PEN-A32	258	58.560465	60.552713	88.600000
RW_4	ARO:3009012	PEN-A33	192	58.592187	59.001562	88.600000
RW_4	ARO:3009013	PEN-A34	132	57.856061	58.487121	84.000000
RW_4	ARO:3009014	PEN-A35	235	58.877021	60.941277	88.600000
RW_4	ARO:3009015	PEN-A37	272	57.976103	61.072794	88.600000
RW_4	ARO:3009016	PEN-A38	222	59.020270	60.712162	88.600000
RW_4	ARO:3009017	PEN-A3	156	60.789744	63.271154	85.500000
RW_4	ARO:3009018	PEN-A5	121	60.692562	62.983471	84.700000
RW_4	ARO:3009019	PEN-A6	89	60.055056	60.103371	85.500000
RW_4	ARO:3009020	PEN-A7	96	61.784375	63.655208	85.500000
RW_4	ARO:3009021	PEN-A8	116	59.852586	58.106034	85.500000
RW_4	ARO:3009022	PEN-A9	119	59.755462	57.605882	85.500000
RW_4	ARO:3009023	PEN-B1	136	59.897794	59.236029	88.200000
RW_4	ARO:3009024	PEN-B2	111	59.536036	58.690991	83.600000
RW_4	ARO:3009025	PEN-B3	124	59.955645	59.024194	86.700000
RW_4	ARO:3009026	PEN-B4	128	60.132812	59.383594	88.200000
RW_4	ARO:3009027	PER-17	343	69.969096	67.869388	104.000000
RW_4	ARO:3009028	PER-18	282	72.892553	68.818440	103.000000
RW_4	ARO:3009029	PJM-2	247	52.437247	52.586640	102.000000
RW_4	ARO:3009030	PLA-4	290	57.352414	53.991034	89.700000
RW_4	ARO:3009031	PLA-5	282	57.422695	53.993972	89.700000
RW_4	ARO:3009032	PNC-1	965	56.705492	58.552228	73.600000
RW_4	ARO:3009033	PNC-2	943	56.772641	58.588017	73.600000
RW_4	ARO:3009034	PNC-3	908	56.603855	58.483040	73.600000
RW_4	ARO:3009035	RAA-1	666	60.213964	61.092192	87.000000
RW_4	ARO:3009036	RAHN-3	52	57.740385	59.413462	90.100000
RW_4	ARO:3009037	RAHN-4	37	56.867568	57.283784	90.100000
RW_4	ARO:3009038	RAHN-5	35	57.422857	57.974286	90.100000
RW_4	ARO:3009039	RAHN-6	35	56.748571	57.522857	90.100000
RW_4	ARO:3009040	RASA-1	184	51.809239	56.864130	95.900000
RW_4	ARO:3009041	RSC1-1	1291	59.189620	61.328195	112.000000
RW_4	ARO:3009042	RSD1-1	519	46.987283	51.248170	85.900000
RW_4	ARO:3009044	SED-2	125	57.890400	57.393600	91.300000
RW_4	ARO:3009045	SFC-2	63	48.273016	46.128571	70.100000
RW_4	ARO:3009046	SFDC-1	456	54.346491	53.316228	97.400000
RW_4	ARO:3009048	SHV-229	1	43.200000	44.300000	44.300000
RW_4	ARO:3009051	SHV-232	119	65.727731	66.012605	83.600000
RW_4	ARO:3009053	SHV-234	7	63.385714	64.357143	79.700000
RW_4	ARO:3009054	SHV-235	1	58.300000	57.400000	57.400000
RW_4	ARO:3009056	SHV-237	9	64.977778	65.511111	94.000000
RW_4	ARO:3009058	SHV-239	6	67.133333	69.066667	79.700000
RW_4	ARO:3009059	SHV-240	1	55.100000	55.500000	55.500000
RW_4	ARO:3009061	SHV-242	5	69.380000	71.540000	79.700000
RW_4	ARO:3009062	SHV-243	130	63.934615	63.424615	72.000000
RW_4	ARO:3009065	SRT-4	685	54.095182	53.070803	87.400000
RW_4	ARO:3009069	TEM-250	16	58.668750	53.206250	90.900000
RW_4	ARO:3009070	TEM-251	41	61.887805	61.792683	70.900000
RW_4	ARO:3009073	TEM-254	19	61.905263	63.578947	71.200000
RW_4	ARO:3009077	TEM-258	1	53.100000	55.500000	55.500000
RW_4	ARO:3009079	VEB-18	1784	96.753363	94.713789	113.000000
RW_4	ARO:3009080	VEB-28	1888	97.607998	91.427119	113.000000
RW_4	ARO:3009081	VEB-29	408	86.654902	87.960049	113.000000
RW_4	ARO:3009082	VEB-30	726	92.466253	88.973278	113.000000
RW_4	ARO:3009083	VEB-31	1475	97.936746	89.290915	113.000000
RW_4	ARO:3009084	VEB-32	1514	97.500198	88.621598	106.000000
RW_4	ARO:3009085	VEB-33	1525	94.766230	85.779148	105.000000
RW_4	ARO:3009086	VEB-34	1012	97.583597	91.262055	106.000000
RW_4	ARO:3009087	VEB-35	907	97.678721	90.496251	106.000000
RW_4	ARO:3009088	VEB-36	344	95.959012	90.595930	105.000000
RW_4	ARO:3009089	VEB-37	143	88.327972	74.630769	105.000000
RW_4	ARO:3009090	VEB-38	624	97.334295	85.310096	105.000000
RW_4	ARO:3009091	VEB-39	958	97.499165	90.948434	105.000000
RW_4	ARO:3009092	VIM-88	2	47.950000	64.150000	70.100000
RW_4	ARO:3009095	VIM-91	2	42.800000	42.550000	42.700000
RW_4	ARO:3009096	YOC-1	101	59.303960	57.576238	82.000000
RW_4	ARO:3009098	CfiA28	83	59.273494	65.904819	110.000000
RW_4	ARO:3009099	CfiA29	75	60.818667	67.930667	110.000000
RW_4	ARO:3009100	CfiA30	80	60.241250	67.376250	110.000000
RW_4	ARO:3009101	CfiA31	79	60.216456	67.418987	110.000000
RW_4	ARO:3009192	OXY-1-7	9	88.588889	90.288889	105.000000
