set	sample_id	contig_id	ORF_ID	Best_Hit_ARO	ARO	Cut_Off	Best_Identities	Percentage_Length_of_Reference_Sequence	Drug_Class	Resistance_Mechanism	AMR_Gene_Family	Antibiotic	matched_to_genomad	genomad_context	chromosome_score	plasmid_score	virus_score
Kathmandu18	I_1-2	k141_797	k141_797_1 # 290 # 619 # -1 # ID=335_1;partial=00;start_type=ATG;rbs_motif=AATAA;rbs_spacer=6bp;gc_cont=0.297	qacJ	3007014	Strict	50.94	101.87	disinfecting agents and antiseptics	antibiotic efflux	small multidrug resistance (SMR) antibiotic efflux pump	benzalkonium chloride	False	chromosome_like	1		
Kathmandu18	I_1-2	k141_970	k141_970_1 # 1 # 3096 # 1 # ID=405_1;partial=10;start_type=Edge;rbs_motif=None;rbs_spacer=None;gc_cont=0.462	adeF	3000777	Strict	42.46	97.36	fluoroquinolone antibiotic; tetracycline antibiotic	antibiotic efflux	resistance-nodulation-cell division (RND) antibiotic efflux pump	tetracycline	False	chromosome_like	1		
Kathmandu18	I_1-2	k141_1756	k141_1756_2 # 459 # 791 # 1 # ID=703_2;partial=00;start_type=ATG;rbs_motif=AGGA/GGAG/GAGG;rbs_spacer=11-12bp;gc_cont=0.432	Escherichia coli emrE	3004039	Strict	98.18	100.0	macrolide antibiotic	antibiotic efflux	small multidrug resistance (SMR) antibiotic efflux pump	erythromycin	False	chromosome_like	1		
Kathmandu18	I_1-2	k141_1713998	k141_1713998_7 # 5368 # 7287 # -1 # ID=4778_7;partial=00;start_type=ATG;rbs_motif=AAAA;rbs_spacer=4bp;gc_cont=0.356	tet(M)	3000186	Strict	96.56	100.0	tetracycline antibiotic	antibiotic target protection	tetracycline-resistant ribosomal protection protein	tetracycline; doxycycline; minocycline; chlortetracycline; demeclocycline; oxytetracycline	False	chromosome_like	1		
Kathmandu18	I_1-2	k141_1715374	k141_1715374_22 # 19800 # 21299 # 1 # ID=5270_22;partial=00;start_type=ATG;rbs_motif=AGGAG;rbs_spacer=5-10bp;gc_cont=0.364	vanY gene in vanB cluster	3002956	Strict	32.6	186.19	glycopeptide antibiotic	antibiotic target alteration	vanY; glycopeptide resistance gene cluster	vancomycin	False	chromosome_like	1		
Kathmandu18	I_1-2	k141_1716675	k141_1716675_4 # 3472 # 5220 # 1 # ID=5760_4;partial=00;start_type=ATG;rbs_motif=None;rbs_spacer=None;gc_cont=0.568	msbA	3003950	Strict	92.78	100.0	nitroimidazole antibiotic	antibiotic efflux	ATP-binding cassette (ABC) antibiotic efflux pump	metronidazole	False	chromosome_like	1		
Kathmandu18	I_1-2	k141_17318	k141_17318_4 # 1710 # 2480 # -1 # ID=6486_4;partial=00;start_type=ATG;rbs_motif=TAA;rbs_spacer=11bp;gc_cont=0.319	LnuH	3004600	Strict	92.97	98.46	lincosamide antibiotic	antibiotic inactivation	lincosamide nucleotidyltransferase (LNU)		False	chromosome_like	1		
Kathmandu18	I_1-2	k141_18904	k141_18904_2 # 351 # 1058 # 1 # ID=7046_2;partial=00;start_type=ATG;rbs_motif=None;rbs_spacer=None;gc_cont=0.349	vanY gene in vanG cluster	3002959	Strict	38.8	84.23	glycopeptide antibiotic	antibiotic target alteration	vanY; glycopeptide resistance gene cluster	vancomycin	False	chromosome_like	1		
Kathmandu18	I_1-2	k141_18904	k141_18904_4 # 2291 # 3226 # -1 # ID=7046_4;partial=00;start_type=ATG;rbs_motif=AAAAA;rbs_spacer=11bp;gc_cont=0.358	vanY gene in vanG cluster	3002959	Strict	31.25	111.47	glycopeptide antibiotic	antibiotic target alteration	vanY; glycopeptide resistance gene cluster	vancomycin	False	chromosome_like	1		
Kathmandu18	I_1-2	k141_22095	k141_22095_2 # 2474 # 3469 # -1 # ID=8168_2;partial=00;start_type=ATG;rbs_motif=GGAGG;rbs_spacer=5-10bp;gc_cont=0.586	vanH gene in vanO cluster	3002948	Strict	41.53	94.57	glycopeptide antibiotic	antibiotic target alteration	vanH; glycopeptide resistance gene cluster	vancomycin	False	chromosome_like	1		
Kathmandu18	I_1-2	k141_1725439	k141_1725439_4 # 4162 # 4482 # 1 # ID=8401_4;partial=00;start_type=ATG;rbs_motif=GGAGG;rbs_spacer=5-10bp;gc_cont=0.383	qacJ	3007014	Strict	38.1	99.07	disinfecting agents and antiseptics	antibiotic efflux	small multidrug resistance (SMR) antibiotic efflux pump	benzalkonium chloride	False	chromosome_like	1		
Kathmandu18	I_1-2	k141_23031	k141_23031_3 # 1972 # 4437 # 1 # ID=8513_3;partial=00;start_type=ATG;rbs_motif=AAAAA;rbs_spacer=11bp;gc_cont=0.426	vanT gene in vanG cluster	3002972	Strict	35.33	115.31	glycopeptide antibiotic	antibiotic target alteration	glycopeptide resistance gene cluster; vanT	vancomycin	False	chromosome_like	1		
Kathmandu18	I_1-2	k141_1726621	k141_1726621_2 # 544 # 3693 # 1 # ID=8817_2;partial=00;start_type=ATG;rbs_motif=GGAG/GAGG;rbs_spacer=5-10bp;gc_cont=0.632	adeF	3000777	Strict	44.08	99.06	fluoroquinolone antibiotic; tetracycline antibiotic	antibiotic efflux	resistance-nodulation-cell division (RND) antibiotic efflux pump	tetracycline	False	chromosome_like	1		
Kathmandu18	I_1-2	k141_24513	k141_24513_1 # 1 # 1125 # 1 # ID=9003_1;partial=10;start_type=Edge;rbs_motif=None;rbs_spacer=None;gc_cont=0.569	ACT-29	3001849	Strict	97.86	98.16	carbapenem; cephalosporin; cephamycin; penam	antibiotic inactivation	ACT beta-lactamase		False	chromosome_like	1		
Kathmandu18	I_1-2	k141_26189	k141_26189_3 # 2723 # 4030 # -1 # ID=9541_3;partial=00;start_type=ATG;rbs_motif=None;rbs_spacer=None;gc_cont=0.339	vanW gene in vanI cluster	3003724	Strict	28.53	116.62	glycopeptide antibiotic	antibiotic target alteration	vanW; glycopeptide resistance gene cluster	vancomycin; teicoplanin	False	chromosome_like	1		
Kathmandu18	I_1-2	k141_1729176	k141_1729176_3 # 782 # 1111 # 1 # ID=9561_3;partial=00;start_type=ATG;rbs_motif=None;rbs_spacer=None;gc_cont=0.694	qacJ	3007014	Strict	36.79	101.87	disinfecting agents and antiseptics	antibiotic efflux	small multidrug resistance (SMR) antibiotic efflux pump	benzalkonium chloride	False	chromosome_like	1		
Kathmandu18	I_1-2	k141_1729176	k141_1729176_4 # 1139 # 1471 # 1 # ID=9561_4;partial=00;start_type=ATG;rbs_motif=GGAG/GAGG;rbs_spacer=5-10bp;gc_cont=0.685	qacG	3007015	Strict	37.74	102.8	disinfecting agents and antiseptics	antibiotic efflux	small multidrug resistance (SMR) antibiotic efflux pump	benzalkonium chloride	False	chromosome_like	1		
Kathmandu18	I_1-2	k141_26877	k141_26877_3 # 1636 # 4755 # 1 # ID=9767_3;partial=00;start_type=ATG;rbs_motif=None;rbs_spacer=None;gc_cont=0.530	adeF	3000777	Strict	42.64	98.11	fluoroquinolone antibiotic; tetracycline antibiotic	antibiotic efflux	resistance-nodulation-cell division (RND) antibiotic efflux pump	tetracycline	False	chromosome_like	1		
Kathmandu18	I_1-2	k141_27906	k141_27906_2 # 319 # 1110 # -1 # ID=10087_2;partial=00;start_type=ATG;rbs_motif=AAAA;rbs_spacer=4bp;gc_cont=0.376	sul3	3000413	Perfect	100.0	100.0	sulfonamide antibiotic	antibiotic target replacement	sulfonamide resistant sul	sulfadiazine; sulfadimidine; sulfadoxine; sulfamethoxazole; sulfisoxazole; sulfacetamide; mafenide; sulfasalazine; sulfamethizole	False	chromosome_like	1		
Kathmandu18	I_1-2	k141_28307	k141_28307_6 # 7756 # 8742 # -1 # ID=10230_6;partial=00;start_type=ATG;rbs_motif=GGAGG;rbs_spacer=5-10bp;gc_cont=0.436	vanH gene in vanF cluster	3002945	Strict	35.64	101.86	glycopeptide antibiotic	antibiotic target alteration	vanH; glycopeptide resistance gene cluster	vancomycin	False	chromosome_like	1		
Kathmandu18	I_1-2	k141_28647	k141_28647_2 # 586 # 1068 # -1 # ID=10368_2;partial=00;start_type=ATG;rbs_motif=GGA/GAG/AGG;rbs_spacer=11-12bp;gc_cont=0.462	dfrA14	3002859	Strict	99.36	101.91	diaminopyrimidine antibiotic	antibiotic target replacement	trimethoprim resistant dihydrofolate reductase dfr	trimethoprim	True	plasmid_like		0.9832	
Kathmandu18	I_1-2	k141_30260	k141_30260_2 # 1289 # 1633 # 1 # ID=10948_2;partial=00;start_type=ATG;rbs_motif=GGAG/GAGG;rbs_spacer=5-10bp;gc_cont=0.542	qacG	3007015	Strict	38.46	106.54	disinfecting agents and antiseptics	antibiotic efflux	small multidrug resistance (SMR) antibiotic efflux pump	benzalkonium chloride	False	chromosome_like	1		
Kathmandu18	I_1-2	k141_1734214	k141_1734214_1 # 25 # 864 # -1 # ID=11101_1;partial=00;start_type=ATG;rbs_motif=GGAGG;rbs_spacer=5-10bp;gc_cont=0.617	sul1	3000410	Perfect	100.0	100.0	sulfonamide antibiotic	antibiotic target replacement	sulfonamide resistant sul	sulfadiazine; sulfadimidine; sulfadoxine; sulfamethoxazole; sulfisoxazole; sulfacetamide; mafenide; sulfasalazine; sulfamethizole	False	chromosome_like	1		
Kathmandu18	I_1-2	k141_1734214	k141_1734214_2 # 858 # 1205 # -1 # ID=11101_2;partial=00;start_type=ATG;rbs_motif=GGAG/GAGG;rbs_spacer=5-10bp;gc_cont=0.497	qacEdelta1	3005010	Perfect	100.0	100.0	disinfecting agents and antiseptics	antibiotic efflux	major facilitator superfamily (MFS) antibiotic efflux pump		False	chromosome_like	1		
Kathmandu18	I_1-2	k141_1735704	k141_1735704_3 # 1593 # 4721 # 1 # ID=11641_3;partial=00;start_type=ATG;rbs_motif=AGGA;rbs_spacer=5-10bp;gc_cont=0.413	adeF	3000777	Strict	45.24	98.39	fluoroquinolone antibiotic; tetracycline antibiotic	antibiotic efflux	resistance-nodulation-cell division (RND) antibiotic efflux pump	tetracycline	False	chromosome_like	1		
Kathmandu18	I_1-2	k141_32965	k141_32965_12 # 9167 # 12292 # -1 # ID=11841_12;partial=00;start_type=ATG;rbs_motif=GGAG/GAGG;rbs_spacer=5-10bp;gc_cont=0.424	adeF	3000777	Strict	43.24	98.3	fluoroquinolone antibiotic; tetracycline antibiotic	antibiotic efflux	resistance-nodulation-cell division (RND) antibiotic efflux pump	tetracycline	False	chromosome_like	1		
Kathmandu18	I_1-2	k141_1741231	k141_1741231_12 # 7601 # 9868 # 1 # ID=13741_12;partial=01;start_type=ATG;rbs_motif=AGGA;rbs_spacer=5-10bp;gc_cont=0.461	tet(36)	3000197	Strict	30.0	118.12	tetracycline antibiotic	antibiotic target protection	tetracycline-resistant ribosomal protection protein	tetracycline; doxycycline; minocycline; chlortetracycline; demeclocycline; oxytetracycline	False	chromosome_like	1		
Kathmandu18	I_1-2	k141_38548	k141_38548_3 # 1006 # 1800 # -1 # ID=13878_3;partial=00;start_type=ATG;rbs_motif=GGAGG;rbs_spacer=5-10bp;gc_cont=0.436	vanY gene in vanB cluster	3002956	Strict	30.41	98.51	glycopeptide antibiotic	antibiotic target alteration	vanY; glycopeptide resistance gene cluster	vancomycin	False	chromosome_like	1		
Kathmandu18	I_1-2	k141_1741928	k141_1741928_3 # 1279 # 1767 # 1 # ID=13955_3;partial=00;start_type=ATG;rbs_motif=GGA/GAG/AGG;rbs_spacer=5-10bp;gc_cont=0.556	dfrA3	3003105	Strict	91.36	100.0	diaminopyrimidine antibiotic	antibiotic target replacement	trimethoprim resistant dihydrofolate reductase dfr	trimethoprim	False	chromosome_like	1		
Kathmandu18	I_1-2	k141_39011	k141_39011_2 # 248 # 1357 # -1 # ID=14064_2;partial=01;start_type=Edge;rbs_motif=None;rbs_spacer=None;gc_cont=0.403	tet(Q)	3000191	Strict	96.48	56.16	tetracycline antibiotic	antibiotic target protection	tetracycline-resistant ribosomal protection protein	tetracycline; doxycycline; minocycline; chlortetracycline; demeclocycline; oxytetracycline	False	chromosome_like	1		
Kathmandu18	I_1-2	k141_39673	k141_39673_10 # 8713 # 11820 # -1 # ID=14356_10;partial=00;start_type=ATG;rbs_motif=GGA/GAG/AGG;rbs_spacer=5-10bp;gc_cont=0.321	adeF	3000777	Strict	40.4	97.73	fluoroquinolone antibiotic; tetracycline antibiotic	antibiotic efflux	resistance-nodulation-cell division (RND) antibiotic efflux pump	tetracycline	False	chromosome_like	1		
Kathmandu18	I_1-2	k141_1743666	k141_1743666_2 # 1627 # 3102 # 1 # ID=14557_2;partial=00;start_type=ATG;rbs_motif=TAAA;rbs_spacer=5bp;gc_cont=0.400	msrE	3003109	Perfect	100.0	100.0	macrolide antibiotic; streptogramin antibiotic	antibiotic target protection	msr-type ABC-F protein	erythromycin	True	plasmid_like		0.9705	
Kathmandu18	I_1-2	k141_1743666	k141_1743666_3 # 3158 # 4042 # 1 # ID=14557_3;partial=00;start_type=ATG;rbs_motif=TAA;rbs_spacer=12bp;gc_cont=0.365	mphE	3003741	Perfect	100.0	100.0	macrolide antibiotic	antibiotic inactivation	macrolide phosphotransferase (MPH)	erythromycin	True	plasmid_like		0.9705	
Kathmandu18	I_1-2	k141_42713	k141_42713_2 # 563 # 1414 # 1 # ID=15405_2;partial=00;start_type=ATG;rbs_motif=GGAG/GAGG;rbs_spacer=5-10bp;gc_cont=0.461	vanY gene in vanG cluster	3002959	Strict	40.21	101.43	glycopeptide antibiotic	antibiotic target alteration	vanY; glycopeptide resistance gene cluster	vancomycin	False	chromosome_like	1		
Kathmandu18	I_1-2	k141_43443	k141_43443_16 # 16278 # 17408 # -1 # ID=15699_16;partial=00;start_type=ATG;rbs_motif=GGxGG;rbs_spacer=5-10bp;gc_cont=0.460	vanT gene in vanG cluster	3002972	Strict	37.46	52.81	glycopeptide antibiotic	antibiotic target alteration	glycopeptide resistance gene cluster; vanT	vancomycin	False	chromosome_like	1		
Kathmandu18	I_1-2	k141_45564	k141_45564_2 # 1416 # 2054 # -1 # ID=16566_2;partial=01;start_type=Edge;rbs_motif=None;rbs_spacer=None;gc_cont=0.340	tet(Q)	3000191	Strict	75.36	32.27	tetracycline antibiotic	antibiotic target protection	tetracycline-resistant ribosomal protection protein	tetracycline; doxycycline; minocycline; chlortetracycline; demeclocycline; oxytetracycline	False	chromosome_like	1		
Kathmandu18	I_1-2	k141_48376	k141_48376_19 # 14983 # 16191 # 1 # ID=17584_19;partial=00;start_type=ATG;rbs_motif=GGAGG;rbs_spacer=3-4bp;gc_cont=0.555	mdtH	3001216	Perfect	100.0	100.0	fluoroquinolone antibiotic	antibiotic efflux	major facilitator superfamily (MFS) antibiotic efflux pump	enoxacin; norfloxacin	False	chromosome_like	1		
Kathmandu18	I_1-2	k141_48376	k141_48376_31 # 24822 # 26048 # 1 # ID=17584_31;partial=00;start_type=ATG;rbs_motif=GGA/GAG/AGG;rbs_spacer=5-10bp;gc_cont=0.524	mdtG	3001329	Perfect	100.0	100.0	phosphonic acid antibiotic	antibiotic efflux	major facilitator superfamily (MFS) antibiotic efflux pump	fosfomycin	False	chromosome_like	1		
Kathmandu18	I_1-2	k141_1753587	k141_1753587_2 # 1560 # 2414 # 1 # ID=17950_2;partial=00;start_type=ATG;rbs_motif=AGGAG;rbs_spacer=5-10bp;gc_cont=0.561	ErmX	3000596	Strict	89.44	100.0	macrolide antibiotic; lincosamide antibiotic; streptogramin antibiotic; streptogramin A antibiotic; streptogramin B antibiotic	antibiotic target alteration	Erm 23S ribosomal RNA methyltransferase	erythromycin; roxithromycin; lincomycin; telithromycin; clarithromycin; clindamycin; tylosin; spiramycin; azithromycin; dirithromycin; pristinamycin IA; quinupristin; virginiamycin M1; madumycin II; griseoviridin; dalfopristin; pristinamycin IB; virginiamycin S2; pristinamycin IC; vernamycin C; patricin A; patricin B; ostreogrycin B3; oleandomycin	True	plasmid_like		0.9775	
Kathmandu18	I_1-2	k141_50026	k141_50026_12 # 9223 # 10299 # 1 # ID=18208_12;partial=00;start_type=ATG;rbs_motif=GGAG/GAGG;rbs_spacer=5-10bp;gc_cont=0.333	vanT gene in vanG cluster	3002972	Strict	32.52	50.28	glycopeptide antibiotic	antibiotic target alteration	glycopeptide resistance gene cluster; vanT	vancomycin	False	chromosome_like	1		
Kathmandu18	I_1-2	k141_1756801	k141_1756801_6 # 4763 # 5377 # 1 # ID=18929_6;partial=00;start_type=ATG;rbs_motif=None;rbs_spacer=None;gc_cont=0.595	vanY gene in vanB cluster	3002956	Strict	32.5	76.12	glycopeptide antibiotic	antibiotic target alteration	vanY; glycopeptide resistance gene cluster	vancomycin	False	chromosome_like	1		
Kathmandu18	I_1-2	k141_53060	k141_53060_22 # 26203 # 27315 # -1 # ID=19181_22;partial=00;start_type=ATG;rbs_motif=GGAG/GAGG;rbs_spacer=5-10bp;gc_cont=0.587	vanT gene in vanG cluster	3002972	Strict	33.33	51.97	glycopeptide antibiotic	antibiotic target alteration	glycopeptide resistance gene cluster; vanT	vancomycin	False	chromosome_like	1		
Kathmandu18	I_1-2	k141_1759095	k141_1759095_2 # 536 # 1360 # 1 # ID=19679_2;partial=00;start_type=ATG;rbs_motif=None;rbs_spacer=None;gc_cont=0.411	gadX	3000508	Strict	98.91	100.0	macrolide antibiotic; fluoroquinolone antibiotic; penam	antibiotic efflux	resistance-nodulation-cell division (RND) antibiotic efflux pump	erythromycin; cloxacillin; oxacillin; norfloxacin	False	chromosome_like	1		
Kathmandu18	I_1-2	k141_1759095	k141_1759095_5 # 2819 # 5932 # -1 # ID=19679_5;partial=00;start_type=ATG;rbs_motif=GGA/GAG/AGG;rbs_spacer=5-10bp;gc_cont=0.529	mdtF	3000796	Strict	99.81	100.0	macrolide antibiotic; fluoroquinolone antibiotic; penam	antibiotic efflux	resistance-nodulation-cell division (RND) antibiotic efflux pump	erythromycin; cloxacillin; oxacillin; norfloxacin	False	chromosome_like	1		
Kathmandu18	I_1-2	k141_1759095	k141_1759095_6 # 5957 # 7114 # -1 # ID=19679_6;partial=00;start_type=ATG;rbs_motif=GGA/GAG/AGG;rbs_spacer=5-10bp;gc_cont=0.544	mdtE	3000795	Perfect	100.0	100.0	macrolide antibiotic; fluoroquinolone antibiotic; penam	antibiotic efflux	resistance-nodulation-cell division (RND) antibiotic efflux pump	erythromycin; cloxacillin; oxacillin; norfloxacin	False	chromosome_like	1		
Kathmandu18	I_1-2	k141_55375	k141_55375_2 # 382 # 1575 # -1 # ID=19917_2;partial=00;start_type=ATG;rbs_motif=GGAG/GAGG;rbs_spacer=5-10bp;gc_cont=0.523	Escherichia coli acrA	3004043	Strict	90.18	100.0	fluoroquinolone antibiotic; cephalosporin; glycylcycline; penam; tetracycline antibiotic; rifamycin antibiotic; phenicol antibiotic; disinfecting agents and antiseptics	antibiotic efflux	resistance-nodulation-cell division (RND) antibiotic efflux pump	tigecycline; tetracycline; rifampin; chloramphenicol; ampicillin; cefalotin; triclosan	True	plasmid_like		0.7056	
Kathmandu18	I_1-2	k141_57209	k141_57209_2 # 86 # 1744 # -1 # ID=20549_2;partial=00;start_type=ATG;rbs_motif=GGA/GAG/AGG;rbs_spacer=5-10bp;gc_cont=0.567	ArnT	3005053	Strict	70.65	100.18	peptide antibiotic	antibiotic target alteration	pmr phosphoethanolamine transferase	colistin A; colistin B	False	chromosome_like	1		
Kathmandu18	I_1-2	k141_57237	k141_57237_3 # 851 # 1216 # -1 # ID=20560_3;partial=00;start_type=ATG;rbs_motif=None;rbs_spacer=None;gc_cont=0.612	BRP(MBL)	3001205	Perfect	100.0	100.0	glycopeptide antibiotic	antibiotic inactivation	Bleomycin resistant protein	bleomycin; bleomycinic acid; bleomycin A2; bleomycin B2	False	chromosome_like	1		
Kathmandu18	I_1-2	k141_58219	k141_58219_1 # 137 # 1282 # -1 # ID=20888_1;partial=00;start_type=ATG;rbs_motif=GGAG/GAGG;rbs_spacer=5-10bp;gc_cont=0.375	vanT gene in vanG cluster	3002972	Strict	33.24	53.51	glycopeptide antibiotic	antibiotic target alteration	glycopeptide resistance gene cluster; vanT	vancomycin	False	chromosome_like	1		
Kathmandu18	I_1-2	k141_1763543	k141_1763543_3 # 1227 # 2090 # 1 # ID=21036_3;partial=00;start_type=ATG;rbs_motif=AGGA;rbs_spacer=5-10bp;gc_cont=0.557	sul4	3004361	Strict	99.65	100.0	sulfonamide antibiotic	antibiotic target replacement	sulfonamide resistant sul	sulfamethoxazole	False	chromosome_like	1		
Kathmandu18	I_1-2	k141_1764925	k141_1764925_2 # 727 # 1233 # 1 # ID=21507_2;partial=00;start_type=ATG;rbs_motif=TAAA;rbs_spacer=5bp;gc_cont=0.363	nimJ	3007112	Strict	61.11	101.82	nitroimidazole antibiotic	antibiotic inactivation	nitroimidazole reductase	metronidazole	False	chromosome_like	1		
Kathmandu18	I_1-2	k141_60467	k141_60467_3 # 1291 # 1785 # 1 # ID=21676_3;partial=00;start_type=ATG;rbs_motif=GGAG/GAGG;rbs_spacer=5-10bp;gc_cont=0.323	nimA	3007104	Strict	46.91	93.18	nitroimidazole antibiotic	antibiotic inactivation	nitroimidazole reductase	metronidazole	False	chromosome_like	1		
Kathmandu18	I_1-2	k141_1769946	k141_1769946_11 # 8529 # 9287 # 1 # ID=23056_11;partial=00;start_type=ATG;rbs_motif=GGA/GAG/AGG;rbs_spacer=5-10bp;gc_cont=0.274	vanY gene in vanG cluster	3002959	Strict	26.22	90.32	glycopeptide antibiotic	antibiotic target alteration	vanY; glycopeptide resistance gene cluster	vancomycin	False	chromosome_like	1		
Kathmandu18	I_1-2	k141_65608	k141_65608_10 # 13271 # 14089 # -1 # ID=23385_10;partial=00;start_type=TTG;rbs_motif=GGAG/GAGG;rbs_spacer=5-10bp;gc_cont=0.344	vanY gene in vanG cluster	3002959	Strict	29.94	97.49	glycopeptide antibiotic	antibiotic target alteration	vanY; glycopeptide resistance gene cluster	vancomycin	False	chromosome_like	1		
Kathmandu18	I_1-2	k141_65721	k141_65721_2 # 211 # 843 # -1 # ID=23433_2;partial=00;start_type=ATG;rbs_motif=GGAG/GAGG;rbs_spacer=5-10bp;gc_cont=0.510	CRP	3000518	Strict	98.57	100.0	macrolide antibiotic; fluoroquinolone antibiotic; penam	antibiotic efflux	resistance-nodulation-cell division (RND) antibiotic efflux pump	erythromycin; cloxacillin; oxacillin; norfloxacin	False	chromosome_like	1		
Kathmandu18	I_1-2	k141_66042	k141_66042_5 # 3654 # 4631 # 1 # ID=23544_5;partial=01;start_type=ATG;rbs_motif=4Base/6BMM;rbs_spacer=13-15bp;gc_cont=0.455	vanW gene in vanI cluster	3003724	Strict	27.78	87.4	glycopeptide antibiotic	antibiotic target alteration	vanW; glycopeptide resistance gene cluster	vancomycin; teicoplanin	False	chromosome_like	1		
Kathmandu18	I_1-2	k141_66261	k141_66261_31 # 31846 # 34983 # -1 # ID=23622_31;partial=00;start_type=ATG;rbs_motif=GGA/GAG/AGG;rbs_spacer=5-10bp;gc_cont=0.317	adeF	3000777	Strict	40.4	98.68	fluoroquinolone antibiotic; tetracycline antibiotic	antibiotic efflux	resistance-nodulation-cell division (RND) antibiotic efflux pump	tetracycline	False	chromosome_like	1		
Kathmandu18	I_1-2	k141_68941	k141_68941_18 # 20091 # 21185 # -1 # ID=24600_18;partial=00;start_type=ATG;rbs_motif=GGAG/GAGG;rbs_spacer=5-10bp;gc_cont=0.256	vanT gene in vanG cluster	3002972	Strict	31.71	51.12	glycopeptide antibiotic	antibiotic target alteration	glycopeptide resistance gene cluster; vanT	vancomycin	False	chromosome_like	1		
Kathmandu18	I_1-2	k141_1775303	k141_1775303_7 # 3953 # 4282 # 1 # ID=24696_7;partial=00;start_type=ATG;rbs_motif=3Base/5BMM;rbs_spacer=13-15bp;gc_cont=0.397	qacJ	3007014	Strict	37.74	101.87	disinfecting agents and antiseptics	antibiotic efflux	small multidrug resistance (SMR) antibiotic efflux pump	benzalkonium chloride	True	plasmid_like		0.918	
Kathmandu18	I_1-2	k141_1775501	k141_1775501_1 # 2 # 2680 # -1 # ID=24750_1;partial=10;start_type=ATG;rbs_motif=GGA/GAG/AGG;rbs_spacer=5-10bp;gc_cont=0.627	adeF	3000777	Strict	67.75	84.32	fluoroquinolone antibiotic; tetracycline antibiotic	antibiotic efflux	resistance-nodulation-cell division (RND) antibiotic efflux pump	tetracycline	False	chromosome_like	1		
Kathmandu18	I_1-2	k141_71465	k141_71465_3 # 2703 # 3266 # 1 # ID=25448_3;partial=00;start_type=TTG;rbs_motif=None;rbs_spacer=None;gc_cont=0.530	vanY gene in vanF cluster	3002958	Strict	37.14	63.82	glycopeptide antibiotic	antibiotic target alteration	vanY; glycopeptide resistance gene cluster	vancomycin	False	chromosome_like	1		
Kathmandu18	I_1-2	k141_1779065	k141_1779065_1 # 3 # 719 # -1 # ID=25777_1;partial=10;start_type=ATG;rbs_motif=GGA/GAG/AGG;rbs_spacer=5-10bp;gc_cont=0.565	ArnT	3005053	Strict	81.59	43.38	peptide antibiotic	antibiotic target alteration	pmr phosphoethanolamine transferase	colistin A; colistin B	False	chromosome_like	1		
Kathmandu18	I_1-2	k141_1781866	k141_1781866_1 # 3 # 1274 # -1 # ID=26646_1;partial=10;start_type=ATG;rbs_motif=GGA/GAG/AGG;rbs_spacer=5-10bp;gc_cont=0.601	ArnT	3005053	Strict	80.42	76.95	peptide antibiotic	antibiotic target alteration	pmr phosphoethanolamine transferase	colistin A; colistin B	False	chromosome_like	1		
Kathmandu18	I_1-2	k141_77286	k141_77286_8 # 7643 # 9175 # -1 # ID=27393_8;partial=01;start_type=Edge;rbs_motif=None;rbs_spacer=None;gc_cont=0.384	tet(Q)	3000191	Strict	96.6	77.63	tetracycline antibiotic	antibiotic target protection	tetracycline-resistant ribosomal protection protein	tetracycline; doxycycline; minocycline; chlortetracycline; demeclocycline; oxytetracycline	False	chromosome_like	1		
Kathmandu18	I_1-2	k141_1784572	k141_1784572_1 # 63 # 1244 # -1 # ID=27511_1;partial=01;start_type=Edge;rbs_motif=None;rbs_spacer=None;gc_cont=0.406	tet(O)	3000190	Strict	98.73	61.5	tetracycline antibiotic	antibiotic target protection	tetracycline-resistant ribosomal protection protein	tetracycline; doxycycline; minocycline; chlortetracycline; demeclocycline; oxytetracycline	False	chromosome_like	1		
Kathmandu18	I_1-2	k141_80371	k141_80371_1 # 3 # 476 # 1 # ID=28518_1;partial=10;start_type=Edge;rbs_motif=None;rbs_spacer=None;gc_cont=0.475	vanY gene in vanB cluster	3002956	Strict	43.14	58.58	glycopeptide antibiotic	antibiotic target alteration	vanY; glycopeptide resistance gene cluster	vancomycin	False	chromosome_like	1		
Kathmandu18	I_1-2	k141_81246	k141_81246_1 # 2 # 1009 # -1 # ID=28789_1;partial=10;start_type=ATG;rbs_motif=None;rbs_spacer=None;gc_cont=0.332	vanY gene in vanB cluster	3002956	Strict	25.41	125.37	glycopeptide antibiotic	antibiotic target alteration	vanY; glycopeptide resistance gene cluster	vancomycin	False	chromosome_like	1		
Kathmandu18	I_1-2	k141_1789869	k141_1789869_16 # 13812 # 14621 # -1 # ID=29167_16;partial=00;start_type=ATG;rbs_motif=4Base/6BMM;rbs_spacer=13-15bp;gc_cont=0.415	vanY gene in vanB cluster	3002956	Strict	39.0	100.37	glycopeptide antibiotic	antibiotic target alteration	vanY; glycopeptide resistance gene cluster	vancomycin	False	chromosome_like	1		
Kathmandu18	I_1-2	k141_83546	k141_83546_5 # 2968 # 4452 # -1 # ID=29601_5;partial=00;start_type=ATG;rbs_motif=AGGAG;rbs_spacer=5-10bp;gc_cont=0.436	vanY gene in vanG cluster	3002959	Strict	32.96	177.06	glycopeptide antibiotic	antibiotic target alteration	vanY; glycopeptide resistance gene cluster	vancomycin	False	chromosome_like	1		
Kathmandu18	I_1-2	k141_1792732	k141_1792732_2 # 1396 # 3018 # -1 # ID=29989_2;partial=00;start_type=ATG;rbs_motif=None;rbs_spacer=None;gc_cont=0.415	MCR-3.17	3007278	Perfect	100.0	100.0	peptide antibiotic	antibiotic target alteration	MCR phosphoethanolamine transferase	colistin A; colistin B	False	chromosome_like	1		
Kathmandu18	I_1-2	k141_1793487	k141_1793487_1 # 3 # 740 # 1 # ID=30184_1;partial=10;start_type=Edge;rbs_motif=None;rbs_spacer=None;gc_cont=0.329	ErmB	3000375	Strict	97.96	98.79	macrolide antibiotic; lincosamide antibiotic; streptogramin antibiotic; streptogramin A antibiotic; streptogramin B antibiotic	antibiotic target alteration	Erm 23S ribosomal RNA methyltransferase	erythromycin; roxithromycin; lincomycin; telithromycin; clarithromycin; clindamycin; tylosin; spiramycin; azithromycin; dirithromycin; pristinamycin IA; quinupristin; virginiamycin M1; madumycin II; griseoviridin; dalfopristin; pristinamycin IB; virginiamycin S2; pristinamycin IC; vernamycin C; patricin A; patricin B; ostreogrycin B3; oleandomycin	True	plasmid_like		0.9823	
Kathmandu18	I_1-2	k141_87391	k141_87391_7 # 6187 # 6504 # -1 # ID=30980_7;partial=00;start_type=ATG;rbs_motif=AGGA;rbs_spacer=5-10bp;gc_cont=0.289	qacJ	3007014	Strict	43.88	98.13	disinfecting agents and antiseptics	antibiotic efflux	small multidrug resistance (SMR) antibiotic efflux pump	benzalkonium chloride	False	chromosome_like	1		
Kathmandu18	I_1-2	k141_88705	k141_88705_2 # 269 # 850 # -1 # ID=31449_2;partial=00;start_type=ATG;rbs_motif=GGA/GAG/AGG;rbs_spacer=11-12bp;gc_cont=0.536	AAC(6')-IIc	3002596	Perfect	100.0	100.0	aminoglycoside antibiotic	antibiotic inactivation	AAC(6')	dibekacin; sisomicin; netilmicin; tobramycin; 2'-N-ethylnetilmicin; 5-episisomicin; gentamicin	False	chromosome_like	1		
Kathmandu18	I_1-2	k141_88709	k141_88709_1 # 50 # 838 # -1 # ID=31451_1;partial=00;start_type=ATG;rbs_motif=TAA;rbs_spacer=11bp;gc_cont=0.582	aadA5	3002605	Strict	99.62	100.0	aminoglycoside antibiotic	antibiotic inactivation	ANT(3'')	spectinomycin; streptomycin	False	chromosome_like	1		
Kathmandu18	I_1-2	k141_88709	k141_88709_2 # 969 # 1598 # -1 # ID=31451_2;partial=01;start_type=Edge;rbs_motif=None;rbs_spacer=None;gc_cont=0.381	dfrA17	3002860	Strict	99.36	133.12	diaminopyrimidine antibiotic	antibiotic target replacement	trimethoprim resistant dihydrofolate reductase dfr	trimethoprim	False	chromosome_like	1		
Kathmandu18	I_1-2	k141_1797818	k141_1797818_3 # 1174 # 2085 # 1 # ID=31582_3;partial=00;start_type=ATG;rbs_motif=AGGAG;rbs_spacer=5-10bp;gc_cont=0.312	VEB-19	3006214	Strict	92.31	101.34	monobactam; cephalosporin	antibiotic inactivation	VEB beta-lactamase		False	chromosome_like	1		
Kathmandu18	I_1-2	k141_89074	k141_89074_2 # 734 # 1207 # -1 # ID=31585_2;partial=00;start_type=GTG;rbs_motif=GGAG/GAGG;rbs_spacer=5-10bp;gc_cont=0.395	dfrA1	3002854	Strict	99.36	100.0	diaminopyrimidine antibiotic	antibiotic target replacement	trimethoprim resistant dihydrofolate reductase dfr	trimethoprim	False	chromosome_like	1		
Kathmandu18	I_1-2	k141_1799239	k141_1799239_4 # 1476 # 2585 # 1 # ID=32041_4;partial=00;start_type=ATG;rbs_motif=AGGAG/GGAGG;rbs_spacer=11-12bp;gc_cont=0.573	vanT gene in vanG cluster	3002972	Strict	38.42	51.83	glycopeptide antibiotic	antibiotic target alteration	glycopeptide resistance gene cluster; vanT	vancomycin	False	chromosome_like	1		
Kathmandu18	I_1-2	k141_1799530	k141_1799530_8 # 6765 # 9242 # 1 # ID=32142_8;partial=00;start_type=ATG;rbs_motif=TAAA;rbs_spacer=11bp;gc_cont=0.513	vanT gene in vanG cluster	3002972	Strict	34.42	115.87	glycopeptide antibiotic	antibiotic target alteration	glycopeptide resistance gene cluster; vanT	vancomycin	False	chromosome_like	1		
Kathmandu18	I_1-2	k141_91681	k141_91681_2 # 261 # 1424 # -1 # ID=32410_2;partial=00;start_type=ATG;rbs_motif=None;rbs_spacer=None;gc_cont=0.386	vanT gene in vanG cluster	3002972	Strict	38.75	54.35	glycopeptide antibiotic	antibiotic target alteration	glycopeptide resistance gene cluster; vanT	vancomycin	False	chromosome_like	1		
Kathmandu18	I_1-2	k141_1801481	k141_1801481_1 # 20 # 1114 # -1 # ID=32789_1;partial=00;start_type=ATG;rbs_motif=AGGAG;rbs_spacer=5-10bp;gc_cont=0.609	vanG	3002909	Strict	39.14	104.3	glycopeptide antibiotic	antibiotic target alteration	glycopeptide resistance gene cluster; Van ligase	vancomycin	False	chromosome_like	1		
Kathmandu18	I_1-2	k141_1802878	k141_1802878_1 # 163 # 693 # -1 # ID=33252_1;partial=00;start_type=ATG;rbs_motif=GGAG/GAGG;rbs_spacer=5-10bp;gc_cont=0.535	emrR	3000516	Strict	93.14	100.0	fluoroquinolone antibiotic	antibiotic efflux	major facilitator superfamily (MFS) antibiotic efflux pump	nalidixic acid	False	chromosome_like	1		
Kathmandu18	I_1-2	k141_1804394	k141_1804394_3 # 2297 # 3562 # 1 # ID=33724_3;partial=00;start_type=ATG;rbs_motif=None;rbs_spacer=None;gc_cont=0.630	tet(A)	3000165	Strict	97.39	99.29	tetracycline antibiotic	antibiotic efflux	major facilitator superfamily (MFS) antibiotic efflux pump	tetracycline	True	plasmid_like		0.9684	
Kathmandu18	I_1-2	k141_1805498	k141_1805498_14 # 11399 # 11554 # -1 # ID=34121_14;partial=01;start_type=Edge;rbs_motif=None;rbs_spacer=None;gc_cont=0.340	vanY gene in vanB cluster	3002956	Strict	61.7	19.03	glycopeptide antibiotic	antibiotic target alteration	vanY; glycopeptide resistance gene cluster	vancomycin	False	chromosome_like	1		
Kathmandu18	I_1-2	k141_98212	k141_98212_5 # 2276 # 3388 # -1 # ID=34432_5;partial=00;start_type=GTG;rbs_motif=AGGAG;rbs_spacer=5-10bp;gc_cont=0.394	vanT gene in vanG cluster	3002972	Strict	38.52	51.97	glycopeptide antibiotic	antibiotic target alteration	glycopeptide resistance gene cluster; vanT	vancomycin	False	chromosome_like	1		
Kathmandu18	I_1-2	k141_99081	k141_99081_3 # 1448 # 2104 # 1 # ID=34705_3;partial=00;start_type=ATG;rbs_motif=AGGAG;rbs_spacer=5-10bp;gc_cont=0.438	QnrS1	3002790	Perfect	100.0	100.0	fluoroquinolone antibiotic	antibiotic target protection	quinolone resistance protein (qnr)	ciprofloxacin; levofloxacin; moxifloxacin; gatifloxacin; nalidixic acid; norfloxacin; sparfloxacin	True	plasmid_like		0.9831	
Kathmandu18	I_1-2	k141_1808587	k141_1808587_6 # 4614 # 5582 # 1 # ID=35153_6;partial=00;start_type=ATG;rbs_motif=AGGA;rbs_spacer=5-10bp;gc_cont=0.496	PmrF	3003578	Strict	99.69	100.0	peptide antibiotic	antibiotic target alteration	pmr phosphoethanolamine transferase	polymyxin B	False	chromosome_like	1		
Kathmandu18	I_1-2	k141_1808587	k141_1808587_9 # 8451 # 10103 # 1 # ID=35153_9;partial=00;start_type=ATG;rbs_motif=None;rbs_spacer=None;gc_cont=0.510	ArnT	3005053	Strict	63.7	99.82	peptide antibiotic	antibiotic target alteration	pmr phosphoethanolamine transferase	colistin A; colistin B	False	chromosome_like	1		
Kathmandu18	I_1-2	k141_103676	k141_103676_5 # 2964 # 4337 # 1 # ID=36103_5;partial=00;start_type=ATG;rbs_motif=None;rbs_spacer=None;gc_cont=0.547	cpxA	3000830	Perfect	100.0	100.0	aminoglycoside antibiotic; aminocoumarin antibiotic	antibiotic efflux	resistance-nodulation-cell division (RND) antibiotic efflux pump	novobiocin	False	chromosome_like	1		
Kathmandu18	I_1-2	k141_1811288	k141_1811288_4 # 2404 # 2934 # 1 # ID=36114_4;partial=00;start_type=ATG;rbs_motif=GGAG/GAGG;rbs_spacer=5-10bp;gc_cont=0.493	emrR	3000516	Strict	94.29	100.0	fluoroquinolone antibiotic	antibiotic efflux	major facilitator superfamily (MFS) antibiotic efflux pump	nalidixic acid	False	chromosome_like	1		
Kathmandu18	I_1-2	k141_1811508	k141_1811508_1 # 186 # 1277 # 1 # ID=36190_1;partial=00;start_type=ATG;rbs_motif=AGGAG;rbs_spacer=5-10bp;gc_cont=0.614	vanG	3002909	Strict	38.38	104.01	glycopeptide antibiotic	antibiotic target alteration	glycopeptide resistance gene cluster; Van ligase	vancomycin	False	chromosome_like	1		
Kathmandu18	I_1-2	k141_104906	k141_104906_11 # 10179 # 13304 # -1 # ID=36491_11;partial=00;start_type=ATG;rbs_motif=AGGAG;rbs_spacer=5-10bp;gc_cont=0.639	adeF	3000777	Strict	45.11	98.3	fluoroquinolone antibiotic; tetracycline antibiotic	antibiotic efflux	resistance-nodulation-cell division (RND) antibiotic efflux pump	tetracycline	False	chromosome_like	1		
Kathmandu18	I_1-2	k141_1815490	k141_1815490_3 # 1772 # 4885 # -1 # ID=37592_3;partial=00;start_type=ATG;rbs_motif=GGAG/GAGG;rbs_spacer=5-10bp;gc_cont=0.542	acrD	3000491	Perfect	100.0	100.0	aminoglycoside antibiotic	antibiotic efflux	resistance-nodulation-cell division (RND) antibiotic efflux pump		False	chromosome_like	1		
Kathmandu18	I_1-2	k141_1816052	k141_1816052_20 # 18721 # 18915 # -1 # ID=37784_20;partial=00;start_type=ATG;rbs_motif=AGGAG;rbs_spacer=5-10bp;gc_cont=0.477	rsmA	3005069	Strict	86.21	104.92	fluoroquinolone antibiotic; diaminopyrimidine antibiotic; phenicol antibiotic	antibiotic efflux	resistance-nodulation-cell division (RND) antibiotic efflux pump	trimethoprim; chloramphenicol	False	chromosome_like	1		
Kathmandu18	I_1-2	k141_110350	k141_110350_5 # 3898 # 7059 # 1 # ID=38273_5;partial=00;start_type=ATG;rbs_motif=GGA/GAG/AGG;rbs_spacer=5-10bp;gc_cont=0.512	adeF	3000777	Strict	45.71	99.43	fluoroquinolone antibiotic; tetracycline antibiotic	antibiotic efflux	resistance-nodulation-cell division (RND) antibiotic efflux pump	tetracycline	False	chromosome_like	1		
Kathmandu18	I_1-2	k141_111269	k141_111269_2 # 1174 # 4332 # -1 # ID=38507_2;partial=00;start_type=ATG;rbs_motif=GGAG/GAGG;rbs_spacer=5-10bp;gc_cont=0.606	adeF	3000777	Strict	43.52	99.34	fluoroquinolone antibiotic; tetracycline antibiotic	antibiotic efflux	resistance-nodulation-cell division (RND) antibiotic efflux pump	tetracycline	False	chromosome_like	1		
Kathmandu18	I_1-2	k141_1819309	k141_1819309_1 # 1 # 657 # -1 # ID=38861_1;partial=10;start_type=ATG;rbs_motif=AGGAG;rbs_spacer=5-10bp;gc_cont=0.408	tet(32)	3000196	Strict	98.63	34.27	tetracycline antibiotic	antibiotic target protection	tetracycline-resistant ribosomal protection protein	tetracycline; doxycycline; minocycline; chlortetracycline; demeclocycline; oxytetracycline	False	chromosome_like	1		
Kathmandu18	I_1-2	k141_1822543	k141_1822543_2 # 1337 # 1525 # 1 # ID=39900_2;partial=00;start_type=ATG;rbs_motif=AGGAG;rbs_spacer=5-10bp;gc_cont=0.545	rsmA	3005069	Strict	92.73	101.64	fluoroquinolone antibiotic; diaminopyrimidine antibiotic; phenicol antibiotic	antibiotic efflux	resistance-nodulation-cell division (RND) antibiotic efflux pump	trimethoprim; chloramphenicol	False	chromosome_like	1		
Kathmandu18	I_1-2	k141_1822957	k141_1822957_2 # 439 # 1065 # 1 # ID=40014_2;partial=00;start_type=ATG;rbs_motif=AGxAGG/AGGxGG;rbs_spacer=5-10bp;gc_cont=0.474	vanY gene in vanM cluster	3002961	Strict	38.03	89.27	glycopeptide antibiotic	antibiotic target alteration	vanY; glycopeptide resistance gene cluster	vancomycin; teicoplanin	False	chromosome_like	1		
Kathmandu18	I_1-2	k141_1823487	k141_1823487_1 # 28 # 1632 # 1 # ID=40163_1;partial=01;start_type=ATG;rbs_motif=GGAG/GAGG;rbs_spacer=5-10bp;gc_cont=0.394	tet(44)	3000556	Strict	53.82	83.59	tetracycline antibiotic	antibiotic target protection	tetracycline-resistant ribosomal protection protein	tetracycline; doxycycline; minocycline; chlortetracycline; demeclocycline; oxytetracycline	False	chromosome_like	1		
Kathmandu18	I_1-2	k141_1826688	k141_1826688_1 # 301 # 1989 # -1 # ID=41097_1;partial=00;start_type=ATG;rbs_motif=GGA/GAG/AGG;rbs_spacer=5-10bp;gc_cont=0.562	eptB	3005047	Strict	89.69	97.91	peptide antibiotic	antibiotic target alteration	pmr phosphoethanolamine transferase	polymyxin B; colistin A; colistin B	False	chromosome_like	1		
Kathmandu18	I_1-2	k141_1827288	k141_1827288_6 # 4067 # 7225 # 1 # ID=41253_6;partial=00;start_type=ATG;rbs_motif=AGGAG;rbs_spacer=5-10bp;gc_cont=0.642	adeF	3000777	Strict	47.12	99.34	fluoroquinolone antibiotic; tetracycline antibiotic	antibiotic efflux	resistance-nodulation-cell division (RND) antibiotic efflux pump	tetracycline	False	chromosome_like	1		
Kathmandu18	I_1-2	k141_121734	k141_121734_6 # 5459 # 7933 # 1 # ID=41830_6;partial=00;start_type=ATG;rbs_motif=None;rbs_spacer=None;gc_cont=0.485	vanT gene in vanG cluster	3002972	Strict	35.33	115.73	glycopeptide antibiotic	antibiotic target alteration	glycopeptide resistance gene cluster; vanT	vancomycin	False	chromosome_like	1		
Kathmandu18	I_1-2	k141_1831694	k141_1831694_3 # 1321 # 2490 # -1 # ID=42553_3;partial=00;start_type=ATG;rbs_motif=GGA/GAG/AGG;rbs_spacer=5-10bp;gc_cont=0.390	vanT gene in vanG cluster	3002972	Strict	37.67	54.63	glycopeptide antibiotic	antibiotic target alteration	glycopeptide resistance gene cluster; vanT	vancomycin	False	chromosome_like	1		
Kathmandu18	I_1-2	k141_132754	k141_132754_1 # 29 # 358 # -1 # ID=45437_1;partial=00;start_type=ATG;rbs_motif=GGA/GAG/AGG;rbs_spacer=5-10bp;gc_cont=0.455	qacG	3007015	Strict	43.4	101.87	disinfecting agents and antiseptics	antibiotic efflux	small multidrug resistance (SMR) antibiotic efflux pump	benzalkonium chloride	False	chromosome_like	1		
Kathmandu18	I_1-2	k141_1844746	k141_1844746_5 # 3458 # 3787 # -1 # ID=46400_5;partial=00;start_type=ATG;rbs_motif=GGAGG;rbs_spacer=5-10bp;gc_cont=0.515	Klebsiella pneumoniae KpnF	3004583	Strict	84.4	100.0	macrolide antibiotic; aminoglycoside antibiotic; cephalosporin; tetracycline antibiotic; peptide antibiotic; rifamycin antibiotic; disinfecting agents and antiseptics	antibiotic efflux	small multidrug resistance (SMR) antibiotic efflux pump	erythromycin; streptomycin; tetracycline; cefepime; ceftriaxone; rifampin; colistin A; colistin B; triclosan; benzalkonium chloride; chlorhexidine	False	chromosome_like	1		
Kathmandu18	I_1-2	k141_1844746	k141_1844746_6 # 3774 # 4139 # -1 # ID=46400_6;partial=00;start_type=ATG;rbs_motif=AGGAG;rbs_spacer=5-10bp;gc_cont=0.429	Klebsiella pneumoniae KpnE	3004580	Strict	82.2	100.83	macrolide antibiotic; aminoglycoside antibiotic; cephalosporin; tetracycline antibiotic; peptide antibiotic; rifamycin antibiotic; disinfecting agents and antiseptics	antibiotic efflux	small multidrug resistance (SMR) antibiotic efflux pump	erythromycin; streptomycin; tetracycline; cefepime; ceftriaxone; rifampin; colistin A; colistin B; triclosan; benzalkonium chloride; chlorhexidine	False	chromosome_like	1		
Kathmandu18	I_1-2	k141_1846004	k141_1846004_2 # 590 # 1330 # 1 # ID=46715_2;partial=00;start_type=ATG;rbs_motif=GGAG/GAGG;rbs_spacer=5-10bp;gc_cont=0.266	ErmT	3000595	Strict	86.94	100.82	macrolide antibiotic; lincosamide antibiotic; streptogramin antibiotic; streptogramin A antibiotic; streptogramin B antibiotic	antibiotic target alteration	Erm 23S ribosomal RNA methyltransferase	erythromycin; roxithromycin; lincomycin; telithromycin; clarithromycin; clindamycin; tylosin; spiramycin; azithromycin; dirithromycin; pristinamycin IA; quinupristin; virginiamycin M1; madumycin II; griseoviridin; dalfopristin; pristinamycin IB; virginiamycin S2; pristinamycin IC; vernamycin C; patricin A; patricin B; ostreogrycin B3; oleandomycin	False	chromosome_like	1		
Kathmandu18	I_1-2	k141_1847547	k141_1847547_3 # 1238 # 1768 # -1 # ID=47186_3;partial=00;start_type=ATG;rbs_motif=None;rbs_spacer=None;gc_cont=0.333	vanY gene in vanB cluster	3002956	Strict	60.98	65.67	glycopeptide antibiotic	antibiotic target alteration	vanY; glycopeptide resistance gene cluster	vancomycin	False	chromosome_like	1		
Kathmandu18	I_1-2	k141_140362	k141_140362_4 # 2776 # 5904 # -1 # ID=47919_4;partial=00;start_type=ATG;rbs_motif=AGGA;rbs_spacer=5-10bp;gc_cont=0.297	adeF	3000777	Strict	45.53	98.39	fluoroquinolone antibiotic; tetracycline antibiotic	antibiotic efflux	resistance-nodulation-cell division (RND) antibiotic efflux pump	tetracycline	False	chromosome_like	1		
Kathmandu18	I_1-2	k141_1850660	k141_1850660_6 # 4456 # 6183 # 1 # ID=48231_6;partial=01;start_type=ATG;rbs_motif=GGAG/GAGG;rbs_spacer=5-10bp;gc_cont=0.395	tet(44)	3000556	Strict	52.77	90.0	tetracycline antibiotic	antibiotic target protection	tetracycline-resistant ribosomal protection protein	tetracycline; doxycycline; minocycline; chlortetracycline; demeclocycline; oxytetracycline	False	chromosome_like	1		
Kathmandu18	I_1-2	k141_1851732	k141_1851732_6 # 5050 # 8241 # 1 # ID=48523_6;partial=00;start_type=ATG;rbs_motif=GGAG/GAGG;rbs_spacer=5-10bp;gc_cont=0.524	adeF	3000777	Strict	44.58	100.38	fluoroquinolone antibiotic; tetracycline antibiotic	antibiotic efflux	resistance-nodulation-cell division (RND) antibiotic efflux pump	tetracycline	False	chromosome_like	1		
Kathmandu18	I_1-2	k141_1851732	k141_1851732_22 # 26224 # 27036 # 1 # ID=48523_22;partial=00;start_type=ATG;rbs_motif=None;rbs_spacer=None;gc_cont=0.542	vanY gene in vanF cluster	3002958	Strict	35.34	92.15	glycopeptide antibiotic	antibiotic target alteration	vanY; glycopeptide resistance gene cluster	vancomycin	False	chromosome_like	1		
Kathmandu18	I_1-2	k141_142271	k141_142271_6 # 2462 # 2842 # -1 # ID=48593_6;partial=01;start_type=Edge;rbs_motif=None;rbs_spacer=None;gc_cont=0.349	vanW gene in vanI cluster	3003724	Strict	35.71	33.78	glycopeptide antibiotic	antibiotic target alteration	vanW; glycopeptide resistance gene cluster	vancomycin; teicoplanin	False	chromosome_like	1		
Kathmandu18	I_1-2	k141_142996	k141_142996_1 # 133 # 1056 # -1 # ID=48860_1;partial=00;start_type=ATG;rbs_motif=AGGAG;rbs_spacer=5-10bp;gc_cont=0.437	vanH gene in vanO cluster	3002948	Strict	40.32	87.71	glycopeptide antibiotic	antibiotic target alteration	vanH; glycopeptide resistance gene cluster	vancomycin	False	chromosome_like	1		
Kathmandu18	I_1-2	k141_143581	k141_143581_2 # 358 # 1641 # -1 # ID=49051_2;partial=01;start_type=Edge;rbs_motif=None;rbs_spacer=None;gc_cont=0.563	vanW gene in vanI cluster	3003724	Strict	33.8	114.48	glycopeptide antibiotic	antibiotic target alteration	vanW; glycopeptide resistance gene cluster	vancomycin; teicoplanin	False	chromosome_like	1		
Kathmandu18	I_1-2	k141_144993	k141_144993_15 # 13475 # 13660 # 1 # ID=49530_15;partial=00;start_type=ATG;rbs_motif=AGGAG;rbs_spacer=5-10bp;gc_cont=0.495	rsmA	3005069	Strict	85.25	100.0	fluoroquinolone antibiotic; diaminopyrimidine antibiotic; phenicol antibiotic	antibiotic efflux	resistance-nodulation-cell division (RND) antibiotic efflux pump	trimethoprim; chloramphenicol	False	chromosome_like	1		
Kathmandu18	I_1-2	k141_153005	k141_153005_12 # 10746 # 11276 # 1 # ID=52100_12;partial=00;start_type=ATG;rbs_motif=GGAG/GAGG;rbs_spacer=5-10bp;gc_cont=0.492	emrR	3000516	Perfect	100.0	100.0	fluoroquinolone antibiotic	antibiotic efflux	major facilitator superfamily (MFS) antibiotic efflux pump	nalidixic acid	True	plasmid_like		0.8571	
Kathmandu18	I_1-2	k141_153005	k141_153005_13 # 11403 # 12575 # 1 # ID=52100_13;partial=00;start_type=ATG;rbs_motif=GGAG/GAGG;rbs_spacer=5-10bp;gc_cont=0.533	emrA	3000027	Perfect	100.0	100.0	fluoroquinolone antibiotic	antibiotic efflux	major facilitator superfamily (MFS) antibiotic efflux pump	nalidixic acid	True	plasmid_like		0.8571	
Kathmandu18	I_1-2	k141_153005	k141_153005_14 # 12592 # 14130 # 1 # ID=52100_14;partial=00;start_type=ATG;rbs_motif=GGAG/GAGG;rbs_spacer=5-10bp;gc_cont=0.565	emrB	3000074	Perfect	100.0	100.0	fluoroquinolone antibiotic	antibiotic efflux	major facilitator superfamily (MFS) antibiotic efflux pump	nalidixic acid	True	plasmid_like		0.8571	
Kathmandu18	I_1-2	k141_1863794	k141_1863794_3 # 2457 # 3164 # 1 # ID=52139_3;partial=00;start_type=ATG;rbs_motif=None;rbs_spacer=None;gc_cont=0.582	vanW gene in vanI cluster	3003724	Strict	37.3	63.0	glycopeptide antibiotic	antibiotic target alteration	vanW; glycopeptide resistance gene cluster	vancomycin; teicoplanin	False	chromosome_like	1		
Kathmandu18	I_1-2	k141_1873195	k141_1873195_2 # 612 # 1013 # -1 # ID=55091_2;partial=00;start_type=ATG;rbs_motif=4Base/6BMM;rbs_spacer=13-15bp;gc_cont=0.644	FosG	3007368	Strict	65.15	100.76	phosphonic acid antibiotic	antibiotic inactivation	fosfomycin thiol transferase	fosfomycin	False	chromosome_like	1		
Kathmandu18	I_1-2	k141_164302	k141_164302_2 # 746 # 2665 # -1 # ID=55773_2;partial=00;start_type=ATG;rbs_motif=GGAGG;rbs_spacer=5-10bp;gc_cont=0.532	tet(W)	3000194	Strict	99.22	100.0	tetracycline antibiotic	antibiotic target protection	tetracycline-resistant ribosomal protection protein	tetracycline; doxycycline; minocycline; chlortetracycline; demeclocycline; oxytetracycline	False	chromosome_like	1		
Kathmandu18	I_1-2	k141_167860	k141_167860_9 # 8349 # 9443 # -1 # ID=56969_9;partial=00;start_type=ATG;rbs_motif=GGA/GAG/AGG;rbs_spacer=5-10bp;gc_cont=0.515	vanG	3002909	Strict	38.23	104.3	glycopeptide antibiotic	antibiotic target alteration	glycopeptide resistance gene cluster; Van ligase	vancomycin	False	chromosome_like	1		
Kathmandu18	I_1-2	k141_169842	k141_169842_12 # 10989 # 11318 # -1 # ID=57635_12;partial=00;start_type=ATG;rbs_motif=AGGA;rbs_spacer=5-10bp;gc_cont=0.379	qacJ	3007014	Strict	50.48	101.87	disinfecting agents and antiseptics	antibiotic efflux	small multidrug resistance (SMR) antibiotic efflux pump	benzalkonium chloride	True	plasmid_like		0.7159	
Kathmandu18	I_1-2	k141_1883169	k141_1883169_1 # 458 # 643 # -1 # ID=58143_1;partial=00;start_type=ATG;rbs_motif=AGGAG;rbs_spacer=5-10bp;gc_cont=0.495	rsmA	3005069	Strict	85.25	100.0	fluoroquinolone antibiotic; diaminopyrimidine antibiotic; phenicol antibiotic	antibiotic efflux	resistance-nodulation-cell division (RND) antibiotic efflux pump	trimethoprim; chloramphenicol	False	chromosome_like	1		
Kathmandu18	I_1-2	k141_1885217	k141_1885217_5 # 2890 # 3522 # 1 # ID=58704_5;partial=00;start_type=ATG;rbs_motif=GGAG/GAGG;rbs_spacer=5-10bp;gc_cont=0.520	CRP	3000518	Strict	99.05	100.0	macrolide antibiotic; fluoroquinolone antibiotic; penam	antibiotic efflux	resistance-nodulation-cell division (RND) antibiotic efflux pump	erythromycin; cloxacillin; oxacillin; norfloxacin	False	chromosome_like	1		
Kathmandu18	I_1-2	k141_174561	k141_174561_7 # 8097 # 8591 # 1 # ID=59150_7;partial=00;start_type=ATG;rbs_motif=TAAA;rbs_spacer=9bp;gc_cont=0.461	nimJ	3007112	Strict	63.29	99.39	nitroimidazole antibiotic	antibiotic inactivation	nitroimidazole reductase	metronidazole	False	chromosome_like	1		
Kathmandu18	I_1-2	k141_1888092	k141_1888092_3 # 634 # 1164 # 1 # ID=59545_3;partial=00;start_type=ATG;rbs_motif=GGAG/GAGG;rbs_spacer=5-10bp;gc_cont=0.520	emrR	3000516	Strict	92.57	100.0	fluoroquinolone antibiotic	antibiotic efflux	major facilitator superfamily (MFS) antibiotic efflux pump	nalidixic acid	True	plasmid_like		0.7848	
Kathmandu18	I_1-2	k141_1888092	k141_1888092_4 # 1290 # 2462 # 1 # ID=59545_4;partial=00;start_type=ATG;rbs_motif=GGAG/GAGG;rbs_spacer=5-10bp;gc_cont=0.595	Klebsiella pneumoniae KpnG	3004588	Strict	99.74	100.0	macrolide antibiotic; fluoroquinolone antibiotic; aminoglycoside antibiotic; carbapenem; cephalosporin; penam; peptide antibiotic; penem	antibiotic efflux	major facilitator superfamily (MFS) antibiotic efflux pump	erythromycin; gentamicin C; ciprofloxacin; spectinomycin; streptomycin; tobramycin; ceftazidime; ertapenem; piperacillin; azithromycin; imipenem; polymyxin B; polymyxin B1; polymyxin B2; polymyxin B3; polymyxin B4; norfloxacin; ticarcillin; gentamicin	True	plasmid_like		0.7848	
Kathmandu18	I_1-2	k141_1888092	k141_1888092_5 # 2478 # 4016 # 1 # ID=59545_5;partial=00;start_type=ATG;rbs_motif=GGA/GAG/AGG;rbs_spacer=3-4bp;gc_cont=0.613	Klebsiella pneumoniae KpnH	3004597	Strict	93.95	100.0	macrolide antibiotic; fluoroquinolone antibiotic; aminoglycoside antibiotic; carbapenem; cephalosporin; penam; peptide antibiotic; penem	antibiotic efflux	major facilitator superfamily (MFS) antibiotic efflux pump	erythromycin; gentamicin C; ciprofloxacin; spectinomycin; streptomycin; tobramycin; ceftazidime; ertapenem; piperacillin; azithromycin; imipenem; polymyxin B; polymyxin B1; polymyxin B2; polymyxin B3; polymyxin B4; norfloxacin; ticarcillin; gentamicin	True	plasmid_like		0.7848	
Kathmandu18	I_1-2	k141_1890292	k141_1890292_1 # 171 # 998 # 1 # ID=60189_1;partial=00;start_type=ATG;rbs_motif=AGGA;rbs_spacer=5-10bp;gc_cont=0.502	OXA-21	3001416	Perfect	100.0	100.0	carbapenem; cephalosporin; penam	antibiotic inactivation	OXA beta-lactamase	cloxacillin; oxacillin; cefalotin	False	chromosome_like	1		
Kathmandu18	I_1-2	k141_1893172	k141_1893172_3 # 1004 # 1705 # -1 # ID=61080_3;partial=00;start_type=ATG;rbs_motif=None;rbs_spacer=None;gc_cont=0.577	vanY gene in vanB cluster	3002956	Strict	34.06	86.94	glycopeptide antibiotic	antibiotic target alteration	vanY; glycopeptide resistance gene cluster	vancomycin	False	chromosome_like	1		
Kathmandu18	I_1-2	k141_1893966	k141_1893966_5 # 3748 # 4572 # 1 # ID=61360_5;partial=00;start_type=ATG;rbs_motif=GGAG/GAGG;rbs_spacer=5-10bp;gc_cont=0.410	vanY gene in vanA cluster	3002955	Strict	28.17	90.43	glycopeptide antibiotic	antibiotic target alteration	vanY; glycopeptide resistance gene cluster	vancomycin; teicoplanin	False	chromosome_like	1		
Kathmandu18	I_1-2	k141_1895799	k141_1895799_2 # 324 # 1505 # -1 # ID=61883_2;partial=01;start_type=Edge;rbs_motif=None;rbs_spacer=None;gc_cont=0.573	vanG	3002909	Strict	39.83	112.61	glycopeptide antibiotic	antibiotic target alteration	glycopeptide resistance gene cluster; Van ligase	vancomycin	False	chromosome_like	1		
Kathmandu18	I_1-2	k141_183034	k141_183034_2 # 181 # 510 # -1 # ID=61969_2;partial=00;start_type=ATG;rbs_motif=AGGA;rbs_spacer=5-10bp;gc_cont=0.658	qacG	3007015	Strict	37.74	101.87	disinfecting agents and antiseptics	antibiotic efflux	small multidrug resistance (SMR) antibiotic efflux pump	benzalkonium chloride	False	chromosome_like	1		
Kathmandu18	I_1-2	k141_183034	k141_183034_3 # 531 # 860 # -1 # ID=61969_3;partial=00;start_type=ATG;rbs_motif=GGAG/GAGG;rbs_spacer=5-10bp;gc_cont=0.658	qacG	3007015	Strict	39.62	101.87	disinfecting agents and antiseptics	antibiotic efflux	small multidrug resistance (SMR) antibiotic efflux pump	benzalkonium chloride	False	chromosome_like	1		
Kathmandu18	I_1-2	k141_1896322	k141_1896322_2 # 914 # 1357 # 1 # ID=62044_2;partial=00;start_type=ATG;rbs_motif=GGAG/GAGG;rbs_spacer=5-10bp;gc_cont=0.622	fosA5	3003209	Strict	87.05	105.76	fluoroquinolone antibiotic; aminoglycoside antibiotic; phosphonic acid antibiotic	antibiotic inactivation	fosfomycin thiol transferase	ciprofloxacin; gentamicin	True	plasmid_like		0.7556	
Kathmandu18	I_1-2	k141_183628	k141_183628_2 # 953 # 1660 # -1 # ID=62166_2;partial=00;start_type=ATG;rbs_motif=AGGAG;rbs_spacer=5-10bp;gc_cont=0.345	vanR gene in vanG cluster	3002926	Strict	84.26	100.0	glycopeptide antibiotic	antibiotic target alteration	glycopeptide resistance gene cluster; vanR	vancomycin	False	chromosome_like	1		
Kathmandu18	I_1-2	k141_185901	k141_185901_13 # 12871 # 13503 # -1 # ID=62902_13;partial=00;start_type=ATG;rbs_motif=GGAG/GAGG;rbs_spacer=5-10bp;gc_cont=0.498	CRP	3000518	Strict	99.52	100.0	macrolide antibiotic; fluoroquinolone antibiotic; penam	antibiotic efflux	resistance-nodulation-cell division (RND) antibiotic efflux pump	erythromycin; cloxacillin; oxacillin; norfloxacin	False	chromosome_like	1		
Kathmandu18	I_1-2	k141_1900220	k141_1900220_4 # 3880 # 6357 # 1 # ID=63263_4;partial=00;start_type=ATG;rbs_motif=TAAAAA;rbs_spacer=8bp;gc_cont=0.448	vanT gene in vanG cluster	3002972	Strict	34.54	115.87	glycopeptide antibiotic	antibiotic target alteration	glycopeptide resistance gene cluster; vanT	vancomycin	False	chromosome_like	1		
Kathmandu18	I_1-2	k141_187527	k141_187527_2 # 266 # 1111 # 1 # ID=63382_2;partial=01;start_type=GTG;rbs_motif=AGGA;rbs_spacer=5-10bp;gc_cont=0.324	vanW gene in vanI cluster	3003724	Strict	27.39	75.6	glycopeptide antibiotic	antibiotic target alteration	vanW; glycopeptide resistance gene cluster	vancomycin; teicoplanin	False	chromosome_like	1		
Kathmandu18	I_1-2	k141_187837	k141_187837_3 # 985 # 1545 # 1 # ID=63486_3;partial=01;start_type=ATG;rbs_motif=GGAGG;rbs_spacer=5-10bp;gc_cont=0.504	tet(W/N/W)	3004442	Strict	97.86	29.26	tetracycline antibiotic	antibiotic target protection	tetracycline-resistant ribosomal protection protein	tetracycline; minocycline; chlortetracycline	False	chromosome_like	1		
Kathmandu18	I_1-2	k141_188276	k141_188276_3 # 1151 # 1885 # -1 # ID=63588_3;partial=00;start_type=ATG;rbs_motif=AGGAG;rbs_spacer=5-10bp;gc_cont=0.252	ErmT	3000595	Strict	99.18	100.0	macrolide antibiotic; lincosamide antibiotic; streptogramin antibiotic; streptogramin A antibiotic; streptogramin B antibiotic	antibiotic target alteration	Erm 23S ribosomal RNA methyltransferase	erythromycin; roxithromycin; lincomycin; telithromycin; clarithromycin; clindamycin; tylosin; spiramycin; azithromycin; dirithromycin; pristinamycin IA; quinupristin; virginiamycin M1; madumycin II; griseoviridin; dalfopristin; pristinamycin IB; virginiamycin S2; pristinamycin IC; vernamycin C; patricin A; patricin B; ostreogrycin B3; oleandomycin	False	chromosome_like	1		
Kathmandu18	I_1-2	k141_191172	k141_191172_2 # 533 # 1408 # -1 # ID=64495_2;partial=00;start_type=ATG;rbs_motif=AGGA;rbs_spacer=5-10bp;gc_cont=0.550	CTX-M-15	3001878	Perfect	100.0	100.0	cephalosporin; penam	antibiotic inactivation	CTX-M beta-lactamase	cefazolin; ceftazidime; ceftriaxone; ampicillin; cefalotin	False	chromosome_like	1		
Kathmandu18	I_1-2	k141_1904415	k141_1904415_1 # 3 # 983 # -1 # ID=64525_1;partial=10;start_type=ATG;rbs_motif=None;rbs_spacer=None;gc_cont=0.546	vanW gene in vanI cluster	3003724	Strict	34.38	87.67	glycopeptide antibiotic	antibiotic target alteration	vanW; glycopeptide resistance gene cluster	vancomycin; teicoplanin	False	chromosome_like	1		
Kathmandu18	I_1-2	k141_1904415	k141_1904415_2 # 983 # 1873 # -1 # ID=64525_2;partial=01;start_type=Edge;rbs_motif=None;rbs_spacer=None;gc_cont=0.540	vanW gene in vanG cluster	3002965	Strict	30.28	105.34	glycopeptide antibiotic	antibiotic target alteration	vanW; glycopeptide resistance gene cluster	vancomycin	False	chromosome_like	1		
Kathmandu18	I_1-2	k141_1904841	k141_1904841_1 # 3 # 1013 # 1 # ID=64658_1;partial=10;start_type=Edge;rbs_motif=None;rbs_spacer=None;gc_cont=0.359	vanY gene in vanG cluster	3002959	Strict	27.53	120.43	glycopeptide antibiotic	antibiotic target alteration	vanY; glycopeptide resistance gene cluster	vancomycin	False	chromosome_like	1		
Kathmandu18	I_1-2	k141_192496	k141_192496_9 # 6687 # 9803 # 1 # ID=64967_9;partial=00;start_type=ATG;rbs_motif=TAAA;rbs_spacer=13bp;gc_cont=0.474	adeF	3000777	Strict	42.9	98.02	fluoroquinolone antibiotic; tetracycline antibiotic	antibiotic efflux	resistance-nodulation-cell division (RND) antibiotic efflux pump	tetracycline	False	chromosome_like	1		
Kathmandu18	I_1-2	k141_192583	k141_192583_3 # 2291 # 3094 # -1 # ID=64987_3;partial=00;start_type=ATG;rbs_motif=GGA/GAG/AGG;rbs_spacer=5-10bp;gc_cont=0.312	lnuB	3002836	Strict	98.88	100.0	lincosamide antibiotic	antibiotic inactivation	lincosamide nucleotidyltransferase (LNU)	lincomycin; clindamycin	True	plasmid_like		0.973	
Kathmandu18	I_1-2	k141_192583	k141_192583_4 # 3148 # 4434 # -1 # ID=64987_4;partial=01;start_type=Edge;rbs_motif=None;rbs_spacer=None;gc_cont=0.324	lsaE	3003206	Strict	99.77	86.64	lincosamide antibiotic; streptogramin antibiotic; pleuromutilin antibiotic	antibiotic target protection	lsa-type ABC-F protein	lincomycin; pleuromutilin	True	plasmid_like		0.973	
Kathmandu18	I_1-2	k141_193281	k141_193281_2 # 564 # 1415 # 1 # ID=65188_2;partial=00;start_type=ATG;rbs_motif=GGAG/GAGG;rbs_spacer=5-10bp;gc_cont=0.475	vanY gene in vanG cluster	3002959	Strict	40.82	101.43	glycopeptide antibiotic	antibiotic target alteration	vanY; glycopeptide resistance gene cluster	vancomycin	False	chromosome_like	1		
Kathmandu18	I_1-2	k141_193542	k141_193542_2 # 686 # 1831 # -1 # ID=65261_2;partial=00;start_type=ATG;rbs_motif=GGA/GAG/AGG;rbs_spacer=5-10bp;gc_cont=0.538	CMY-2	3002013	Perfect	100.0	100.0	carbapenem; cephalosporin; cephamycin; penam	antibiotic inactivation	CMY beta-lactamase	cefoxitin; cefazolin; ceftazidime; ceftriaxone; ertapenem; ampicillin; cefixime; cefalotin	True	plasmid_like		0.9618	
Kathmandu18	I_1-2	k141_1908698	k141_1908698_5 # 3148 # 6309 # -1 # ID=65921_5;partial=00;start_type=ATG;rbs_motif=GGA/GAG/AGG;rbs_spacer=5-10bp;gc_cont=0.547	adeF	3000777	Strict	42.95	99.43	fluoroquinolone antibiotic; tetracycline antibiotic	antibiotic efflux	resistance-nodulation-cell division (RND) antibiotic efflux pump	tetracycline	False	chromosome_like	1		
Kathmandu18	I_1-2	k141_1911250	k141_1911250_8 # 7391 # 9739 # 1 # ID=66639_8;partial=00;start_type=ATG;rbs_motif=None;rbs_spacer=None;gc_cont=0.557	LptD	3005059	Strict	99.87	100.0	peptide antibiotic; aminocoumarin antibiotic; rifamycin antibiotic	antibiotic efflux	ATP-binding cassette (ABC) antibiotic efflux pump		False	chromosome_like	1		
Kathmandu18	I_1-2	k141_197744	k141_197744_2 # 932 # 2158 # -1 # ID=66642_2;partial=00;start_type=ATG;rbs_motif=GGAG/GAGG;rbs_spacer=5-10bp;gc_cont=0.283	vanG	3002909	Strict	39.89	116.91	glycopeptide antibiotic	antibiotic target alteration	glycopeptide resistance gene cluster; Van ligase	vancomycin	False	chromosome_like	1		
Kathmandu18	I_1-2	k141_198264	k141_198264_1 # 409 # 2886 # -1 # ID=66815_1;partial=00;start_type=ATG;rbs_motif=None;rbs_spacer=None;gc_cont=0.522	vanT gene in vanG cluster	3002972	Strict	34.69	115.87	glycopeptide antibiotic	antibiotic target alteration	glycopeptide resistance gene cluster; vanT	vancomycin	False	chromosome_like	1		
Kathmandu18	I_1-2	k141_1913983	k141_1913983_1 # 2 # 598 # 1 # ID=67436_1;partial=10;start_type=Edge;rbs_motif=None;rbs_spacer=None;gc_cont=0.409	vanY gene in vanG cluster	3002959	Strict	38.46	70.97	glycopeptide antibiotic	antibiotic target alteration	vanY; glycopeptide resistance gene cluster	vancomycin	False	chromosome_like	1		
Kathmandu18	I_1-2	k141_1916340	k141_1916340_4 # 3343 # 4506 # -1 # ID=68106_4;partial=00;start_type=ATG;rbs_motif=GGAG/GAGG;rbs_spacer=5-10bp;gc_cont=0.681	vanT gene in vanG cluster	3002972	Strict	34.45	54.35	glycopeptide antibiotic	antibiotic target alteration	glycopeptide resistance gene cluster; vanT	vancomycin	False	chromosome_like	1		
Kathmandu18	I_1-2	k141_202468	k141_202468_33 # 27368 # 28492 # -1 # ID=68186_33;partial=00;start_type=ATG;rbs_motif=AGGA;rbs_spacer=5-10bp;gc_cont=0.304	vanT gene in vanG cluster	3002972	Strict	33.15	52.53	glycopeptide antibiotic	antibiotic target alteration	glycopeptide resistance gene cluster; vanT	vancomycin	False	chromosome_like	1		
Kathmandu18	I_1-2	k141_202891	k141_202891_19 # 18214 # 19599 # 1 # ID=68304_19;partial=00;start_type=GTG;rbs_motif=None;rbs_spacer=None;gc_cont=0.496	vanW gene in vanI cluster	3003724	Strict	36.75	123.59	glycopeptide antibiotic	antibiotic target alteration	vanW; glycopeptide resistance gene cluster	vancomycin; teicoplanin	False	chromosome_like	1		
Kathmandu18	I_1-2	k141_204750	k141_204750_2 # 1168 # 1890 # 1 # ID=68888_2;partial=00;start_type=ATG;rbs_motif=GGA/GAG/AGG;rbs_spacer=5-10bp;gc_cont=0.592	baeR	3000828	Strict	94.17	100.0	aminoglycoside antibiotic; aminocoumarin antibiotic	antibiotic efflux	resistance-nodulation-cell division (RND) antibiotic efflux pump	novobiocin	False	chromosome_like	1		
Kathmandu18	I_1-2	k141_205040	k141_205040_2 # 1299 # 3047 # 1 # ID=68964_2;partial=00;start_type=ATG;rbs_motif=None;rbs_spacer=None;gc_cont=0.526	msbA	3003950	Strict	95.02	100.0	nitroimidazole antibiotic	antibiotic efflux	ATP-binding cassette (ABC) antibiotic efflux pump	metronidazole	False	chromosome_like	1		
Kathmandu18	I_1-2	k141_205433	k141_205433_2 # 960 # 1841 # 1 # ID=69061_2;partial=00;start_type=ATG;rbs_motif=GGA/GAG/AGG;rbs_spacer=5-10bp;gc_cont=0.426	vanW gene in vanG cluster	3002965	Strict	31.97	104.27	glycopeptide antibiotic	antibiotic target alteration	vanW; glycopeptide resistance gene cluster	vancomycin	False	chromosome_like	1		
Kathmandu18	I_1-2	k141_1921500	k141_1921500_5 # 2079 # 3176 # -1 # ID=69541_5;partial=00;start_type=ATG;rbs_motif=GGA/GAG/AGG;rbs_spacer=5-10bp;gc_cont=0.595	vanG	3002909	Strict	38.66	104.58	glycopeptide antibiotic	antibiotic target alteration	glycopeptide resistance gene cluster; Van ligase	vancomycin	False	chromosome_like	1		
Kathmandu18	I_1-2	k141_1921841	k141_1921841_2 # 475 # 972 # 1 # ID=69662_2;partial=00;start_type=ATG;rbs_motif=None;rbs_spacer=None;gc_cont=0.448	nimJ	3007112	Strict	98.18	100.0	nitroimidazole antibiotic	antibiotic inactivation	nitroimidazole reductase	metronidazole	False	chromosome_like	1		
Kathmandu18	I_1-2	k141_1922483	k141_1922483_5 # 3218 # 5695 # 1 # ID=69861_5;partial=00;start_type=ATG;rbs_motif=None;rbs_spacer=None;gc_cont=0.376	vanT gene in vanG cluster	3002972	Strict	34.68	115.87	glycopeptide antibiotic	antibiotic target alteration	glycopeptide resistance gene cluster; vanT	vancomycin	False	chromosome_like	1		
Kathmandu18	I_1-2	k141_208835	k141_208835_9 # 6236 # 6922 # 1 # ID=70066_9;partial=00;start_type=ATG;rbs_motif=None;rbs_spacer=None;gc_cont=0.495	vanY gene in vanB cluster	3002956	Strict	31.08	85.07	glycopeptide antibiotic	antibiotic target alteration	vanY; glycopeptide resistance gene cluster	vancomycin	False	chromosome_like	1		
Kathmandu18	I_1-2	k141_1923860	k141_1923860_2 # 383 # 883 # 1 # ID=70284_2;partial=00;start_type=GTG;rbs_motif=GGAG/GAGG;rbs_spacer=5-10bp;gc_cont=0.263	LnuP	3004601	Perfect	100.0	100.0	lincosamide antibiotic	antibiotic inactivation	lincosamide nucleotidyltransferase (LNU)	lincomycin	False	chromosome_like	1		
Kathmandu18	I_1-2	k141_1924286	k141_1924286_3 # 2805 # 5252 # -1 # ID=70404_3;partial=00;start_type=ATG;rbs_motif=AATAA;rbs_spacer=7bp;gc_cont=0.308	vanT gene in vanG cluster	3002972	Strict	34.57	114.47	glycopeptide antibiotic	antibiotic target alteration	glycopeptide resistance gene cluster; vanT	vancomycin	False	chromosome_like	1		
Kathmandu18	I_1-2	k141_211875	k141_211875_2 # 230 # 2152 # -1 # ID=71014_2;partial=00;start_type=ATG;rbs_motif=GGAG/GAGG;rbs_spacer=5-10bp;gc_cont=0.307	tet(44)	3000556	Strict	97.03	100.0	tetracycline antibiotic	antibiotic target protection	tetracycline-resistant ribosomal protection protein	tetracycline; doxycycline; minocycline; chlortetracycline; demeclocycline; oxytetracycline	False	chromosome_like	1		
Kathmandu18	I_1-2	k141_1928100	k141_1928100_2 # 637 # 966 # -1 # ID=71444_2;partial=00;start_type=ATG;rbs_motif=AGGAG;rbs_spacer=5-10bp;gc_cont=0.512	Klebsiella pneumoniae KpnF	3004583	Strict	85.32	100.0	macrolide antibiotic; aminoglycoside antibiotic; cephalosporin; tetracycline antibiotic; peptide antibiotic; rifamycin antibiotic; disinfecting agents and antiseptics	antibiotic efflux	small multidrug resistance (SMR) antibiotic efflux pump	erythromycin; streptomycin; tetracycline; cefepime; ceftriaxone; rifampin; colistin A; colistin B; triclosan; benzalkonium chloride; chlorhexidine	False	chromosome_like	1		
Kathmandu18	I_1-2	k141_1928100	k141_1928100_3 # 953 # 1282 # -1 # ID=71444_3;partial=01;start_type=Edge;rbs_motif=None;rbs_spacer=None;gc_cont=0.452	Klebsiella pneumoniae KpnE	3004580	Strict	83.49	90.83	macrolide antibiotic; aminoglycoside antibiotic; cephalosporin; tetracycline antibiotic; peptide antibiotic; rifamycin antibiotic; disinfecting agents and antiseptics	antibiotic efflux	small multidrug resistance (SMR) antibiotic efflux pump	erythromycin; streptomycin; tetracycline; cefepime; ceftriaxone; rifampin; colistin A; colistin B; triclosan; benzalkonium chloride; chlorhexidine	False	chromosome_like	1		
Kathmandu18	I_1-2	k141_214314	k141_214314_5 # 5284 # 5958 # -1 # ID=71807_5;partial=00;start_type=ATG;rbs_motif=None;rbs_spacer=None;gc_cont=0.514	vanY gene in vanM cluster	3002961	Strict	35.91	96.14	glycopeptide antibiotic	antibiotic target alteration	vanY; glycopeptide resistance gene cluster	vancomycin; teicoplanin	False	chromosome_like	1		
Kathmandu18	I_1-2	k141_220087	k141_220087_2 # 101 # 1306 # 1 # ID=73612_2;partial=01;start_type=ATG;rbs_motif=GGA/GAG/AGG;rbs_spacer=5-10bp;gc_cont=0.570	Klebsiella pneumoniae KpnH	3004597	Strict	93.53	78.52	macrolide antibiotic; fluoroquinolone antibiotic; aminoglycoside antibiotic; carbapenem; cephalosporin; penam; peptide antibiotic; penem	antibiotic efflux	major facilitator superfamily (MFS) antibiotic efflux pump	erythromycin; gentamicin C; ciprofloxacin; spectinomycin; streptomycin; tobramycin; ceftazidime; ertapenem; piperacillin; azithromycin; imipenem; polymyxin B; polymyxin B1; polymyxin B2; polymyxin B3; polymyxin B4; norfloxacin; ticarcillin; gentamicin	False	chromosome_like	1		
Kathmandu18	I_1-2	k141_220898	k141_220898_11 # 7675 # 9357 # -1 # ID=73906_11;partial=00;start_type=ATG;rbs_motif=AGGA;rbs_spacer=5-10bp;gc_cont=0.441	vanW gene in vanI cluster	3003724	Strict	28.32	150.13	glycopeptide antibiotic	antibiotic target alteration	vanW; glycopeptide resistance gene cluster	vancomycin; teicoplanin	False	chromosome_like	1		
Kathmandu18	I_1-2	k141_1938248	k141_1938248_2 # 579 # 962 # 1 # ID=74588_2;partial=00;start_type=ATG;rbs_motif=GGAG/GAGG;rbs_spacer=5-10bp;gc_cont=0.453	marA	3000263	Perfect	100.0	100.0	fluoroquinolone antibiotic; monobactam; carbapenem; cephalosporin; glycylcycline; cephamycin; penam; tetracycline antibiotic; rifamycin antibiotic; phenicol antibiotic; penem; disinfecting agents and antiseptics	antibiotic efflux; reduced permeability to antibiotic	resistance-nodulation-cell division (RND) antibiotic efflux pump; General Bacterial Porin with reduced permeability to beta-lactams	tigecycline; tetracycline; rifampin; chloramphenicol; ampicillin; cefalotin; triclosan	True	plasmid_like		0.9102	
Kathmandu18	I_1-2	k141_1939810	k141_1939810_6 # 2806 # 3636 # 1 # ID=75084_6;partial=00;start_type=ATG;rbs_motif=AGxAGG/AGGxGG;rbs_spacer=5-10bp;gc_cont=0.627	vanY gene in vanB cluster	3002956	Strict	31.18	102.99	glycopeptide antibiotic	antibiotic target alteration	vanY; glycopeptide resistance gene cluster	vancomycin	False	chromosome_like	1		
Kathmandu18	I_1-2	k141_225475	k141_225475_4 # 1270 # 1770 # 1 # ID=75306_4;partial=00;start_type=ATG;rbs_motif=GGAG/GAGG;rbs_spacer=5-10bp;gc_cont=0.411	nimE	3007107	Strict	53.09	97.65	nitroimidazole antibiotic	antibiotic inactivation	nitroimidazole reductase	metronidazole	False	chromosome_like	1		
Kathmandu18	I_1-2	k141_225532	k141_225532_1 # 1 # 240 # 1 # ID=75335_1;partial=10;start_type=Edge;rbs_motif=None;rbs_spacer=None;gc_cont=0.583	vanY gene in vanB cluster	3002956	Strict	50.0	29.48	glycopeptide antibiotic	antibiotic target alteration	vanY; glycopeptide resistance gene cluster	vancomycin	False	chromosome_like	1		
Kathmandu18	I_1-2	k141_227648	k141_227648_4 # 1785 # 2429 # 1 # ID=76004_4;partial=00;start_type=ATG;rbs_motif=GGA/GAG/AGG;rbs_spacer=5-10bp;gc_cont=0.381	QnrD1	3002788	Perfect	100.0	100.0	fluoroquinolone antibiotic	antibiotic target protection	quinolone resistance protein (qnr)	ciprofloxacin; levofloxacin; moxifloxacin; gatifloxacin; nalidixic acid; norfloxacin; sparfloxacin	False	chromosome_like	1		
Kathmandu18	I_1-2	k141_227745	k141_227745_1 # 137 # 775 # -1 # ID=76051_1;partial=00;start_type=ATG;rbs_motif=None;rbs_spacer=None;gc_cont=0.379	vanY gene in vanB cluster	3002956	Strict	59.89	79.1	glycopeptide antibiotic	antibiotic target alteration	vanY; glycopeptide resistance gene cluster	vancomycin	False	chromosome_like	1		
Kathmandu18	I_1-2	k141_1944295	k141_1944295_16 # 16832 # 18751 # 1 # ID=76412_16;partial=00;start_type=ATG;rbs_motif=GGA/GAG/AGG;rbs_spacer=5-10bp;gc_cont=0.682	vanW gene in vanI cluster	3003724	Strict	32.12	171.31	glycopeptide antibiotic	antibiotic target alteration	vanW; glycopeptide resistance gene cluster	vancomycin; teicoplanin	False	chromosome_like	1		
Kathmandu18	I_1-2	k141_230195	k141_230195_12 # 11707 # 12747 # 1 # ID=76798_12;partial=00;start_type=ATG;rbs_motif=AGGAGG;rbs_spacer=5-10bp;gc_cont=0.633	vanG	3002909	Strict	57.68	99.14	glycopeptide antibiotic	antibiotic target alteration	glycopeptide resistance gene cluster; Van ligase	vancomycin	False	chromosome_like	1		
Kathmandu18	I_1-2	k141_230195	k141_230195_13 # 12744 # 13496 # 1 # ID=76798_13;partial=00;start_type=ATG;rbs_motif=GGxGG;rbs_spacer=5-10bp;gc_cont=0.625	vanXY gene in vanG cluster	3003069	Strict	47.83	98.43	glycopeptide antibiotic	antibiotic target alteration	glycopeptide resistance gene cluster; vanXY	vancomycin	False	chromosome_like	1		
Kathmandu18	I_1-2	k141_230195	k141_230195_14 # 13483 # 15564 # 1 # ID=76798_14;partial=00;start_type=ATG;rbs_motif=GGxGG;rbs_spacer=5-10bp;gc_cont=0.606	vanT gene in vanG cluster	3002972	Strict	45.9	97.33	glycopeptide antibiotic	antibiotic target alteration	glycopeptide resistance gene cluster; vanT	vancomycin	False	chromosome_like	1		
Kathmandu18	I_1-2	k141_1950493	k141_1950493_6 # 5165 # 7633 # 1 # ID=78195_6;partial=00;start_type=ATG;rbs_motif=None;rbs_spacer=None;gc_cont=0.540	vanT gene in vanG cluster	3002972	Strict	33.33	115.45	glycopeptide antibiotic	antibiotic target alteration	glycopeptide resistance gene cluster; vanT	vancomycin	False	chromosome_like	1		
Kathmandu18	I_1-2	k141_1953291	k141_1953291_2 # 1037 # 2251 # 1 # ID=78968_2;partial=00;start_type=ATG;rbs_motif=AGGA/GGAG/GAGG;rbs_spacer=11-12bp;gc_cont=0.584	floR	3002705	Strict	99.75	100.0	phenicol antibiotic	antibiotic efflux	major facilitator superfamily (MFS) antibiotic efflux pump	chloramphenicol; florfenicol	True	plasmid_like		0.9535	
Kathmandu18	I_1-2	k141_237439	k141_237439_1 # 106 # 924 # -1 # ID=79030_1;partial=00;start_type=ATG;rbs_motif=None;rbs_spacer=None;gc_cont=0.331	vanW gene in vanG cluster	3002965	Strict	34.09	96.8	glycopeptide antibiotic	antibiotic target alteration	vanW; glycopeptide resistance gene cluster	vancomycin	False	chromosome_like	1		
Kathmandu18	I_1-2	k141_239705	k141_239705_2 # 803 # 1132 # 1 # ID=79724_2;partial=00;start_type=ATG;rbs_motif=None;rbs_spacer=None;gc_cont=0.330	qacJ	3007014	Strict	49.06	101.87	disinfecting agents and antiseptics	antibiotic efflux	small multidrug resistance (SMR) antibiotic efflux pump	benzalkonium chloride	False	chromosome_like	1		
Kathmandu18	I_1-2	k141_1956413	k141_1956413_1 # 1 # 1101 # 1 # ID=79847_1;partial=11;start_type=Edge;rbs_motif=None;rbs_spacer=None;gc_cont=0.662	vanW gene in vanI cluster	3003724	Strict	32.02	98.39	glycopeptide antibiotic	antibiotic target alteration	vanW; glycopeptide resistance gene cluster	vancomycin; teicoplanin	False	chromosome_like	1		
Kathmandu18	I_1-2	k141_1959323	k141_1959323_1 # 1 # 180 # 1 # ID=80739_1;partial=10;start_type=Edge;rbs_motif=None;rbs_spacer=None;gc_cont=0.683	vanY gene in vanB cluster	3002956	Strict	55.36	22.01	glycopeptide antibiotic	antibiotic target alteration	vanY; glycopeptide resistance gene cluster	vancomycin	False	chromosome_like	1		
Kathmandu18	I_1-2	k141_1961586	k141_1961586_4 # 1389 # 2459 # 1 # ID=81482_4;partial=00;start_type=ATG;rbs_motif=3Base/5BMM;rbs_spacer=13-15bp;gc_cont=0.603	vanG	3002909	Strict	41.76	102.01	glycopeptide antibiotic	antibiotic target alteration	glycopeptide resistance gene cluster; Van ligase	vancomycin	True	plasmid_like		0.8363	
Kathmandu18	I_1-2	k141_1962494	k141_1962494_1 # 3 # 1187 # -1 # ID=81725_1;partial=11;start_type=Edge;rbs_motif=None;rbs_spacer=None;gc_cont=0.603	Klebsiella pneumoniae KpnH	3004597	Strict	93.92	77.15	macrolide antibiotic; fluoroquinolone antibiotic; aminoglycoside antibiotic; carbapenem; cephalosporin; penam; peptide antibiotic; penem	antibiotic efflux	major facilitator superfamily (MFS) antibiotic efflux pump	erythromycin; gentamicin C; ciprofloxacin; spectinomycin; streptomycin; tobramycin; ceftazidime; ertapenem; piperacillin; azithromycin; imipenem; polymyxin B; polymyxin B1; polymyxin B2; polymyxin B3; polymyxin B4; norfloxacin; ticarcillin; gentamicin	False	chromosome_like	1		
Kathmandu18	I_1-2	k141_252304	k141_252304_1 # 2 # 1165 # 1 # ID=83613_1;partial=10;start_type=Edge;rbs_motif=None;rbs_spacer=None;gc_cont=0.575	Klebsiella pneumoniae KpnH	3004597	Strict	93.02	75.59	macrolide antibiotic; fluoroquinolone antibiotic; aminoglycoside antibiotic; carbapenem; cephalosporin; penam; peptide antibiotic; penem	antibiotic efflux	major facilitator superfamily (MFS) antibiotic efflux pump	erythromycin; gentamicin C; ciprofloxacin; spectinomycin; streptomycin; tobramycin; ceftazidime; ertapenem; piperacillin; azithromycin; imipenem; polymyxin B; polymyxin B1; polymyxin B2; polymyxin B3; polymyxin B4; norfloxacin; ticarcillin; gentamicin	False	chromosome_like	1		
Kathmandu18	I_1-2	k141_252760	k141_252760_1 # 1 # 1497 # -1 # ID=83737_1;partial=11;start_type=Edge;rbs_motif=None;rbs_spacer=None;gc_cont=0.436	vanT gene in vanG cluster	3002972	Strict	33.33	70.08	glycopeptide antibiotic	antibiotic target alteration	glycopeptide resistance gene cluster; vanT	vancomycin	False	chromosome_like	1		
Kathmandu18	I_1-2	k141_1971577	k141_1971577_18 # 20646 # 23162 # -1 # ID=84150_18;partial=00;start_type=ATG;rbs_motif=AAAAA;rbs_spacer=11bp;gc_cont=0.480	vanT gene in vanG cluster	3002972	Strict	34.77	117.7	glycopeptide antibiotic	antibiotic target alteration	glycopeptide resistance gene cluster; vanT	vancomycin	False	chromosome_like	1		
Kathmandu18	I_1-2	k141_255690	k141_255690_2 # 822 # 1718 # -1 # ID=84608_2;partial=00;start_type=ATG;rbs_motif=TAA;rbs_spacer=6bp;gc_cont=0.420	CARB-16	3002255	Perfect	100.0	100.0	penam	antibiotic inactivation	CARB beta-lactamase		False	chromosome_like	1		
Kathmandu18	I_1-2	k141_1976859	k141_1976859_1 # 209 # 1468 # 1 # ID=85650_1;partial=00;start_type=GTG;rbs_motif=AGGAG;rbs_spacer=5-10bp;gc_cont=0.554	cmlA5	3002695	Perfect	100.0	100.0	phenicol antibiotic	antibiotic efflux	major facilitator superfamily (MFS) antibiotic efflux pump	chloramphenicol	True	plasmid_like		0.7756	
Kathmandu18	I_1-2	k141_1976859	k141_1976859_2 # 1733 # 2533 # 1 # ID=85650_2;partial=00;start_type=ATG;rbs_motif=AGxAGG/AGGxGG;rbs_spacer=3-4bp;gc_cont=0.419	OXA-10	3001405	Perfect	100.0	100.0	carbapenem; cephalosporin; penam	antibiotic inactivation	OXA beta-lactamase	cloxacillin; oxacillin; cefalotin	True	plasmid_like		0.7756	
Kathmandu18	I_1-2	k141_260090	k141_260090_1 # 1 # 912 # 1 # ID=85938_1;partial=10;start_type=Edge;rbs_motif=None;rbs_spacer=None;gc_cont=0.729	vanY gene in vanB cluster	3002956	Strict	39.86	113.06	glycopeptide antibiotic	antibiotic target alteration	vanY; glycopeptide resistance gene cluster	vancomycin	False	chromosome_like	1		
Kathmandu18	I_1-2	k141_261200	k141_261200_3 # 2934 # 3266 # -1 # ID=86253_3;partial=00;start_type=ATG;rbs_motif=AGGA;rbs_spacer=5-10bp;gc_cont=0.330	qacG	3007015	Strict	42.86	102.8	disinfecting agents and antiseptics	antibiotic efflux	small multidrug resistance (SMR) antibiotic efflux pump	benzalkonium chloride	False	chromosome_like	1		
Kathmandu18	I_1-2	k141_262272	k141_262272_2 # 800 # 2014 # 1 # ID=86595_2;partial=00;start_type=ATG;rbs_motif=3Base/5BMM;rbs_spacer=13-15bp;gc_cont=0.587	cmlA9	3005043	Perfect	100.0	100.0	phenicol antibiotic	antibiotic efflux	major facilitator superfamily (MFS) antibiotic efflux pump	chloramphenicol	True	plasmid_like		0.9846	
Kathmandu18	I_1-2	k141_263527	k141_263527_14 # 14585 # 16504 # 1 # ID=86991_14;partial=00;start_type=ATG;rbs_motif=TAA;rbs_spacer=5bp;gc_cont=0.332	tet(Q)	3000191	Strict	67.45	97.26	tetracycline antibiotic	antibiotic target protection	tetracycline-resistant ribosomal protection protein	tetracycline; doxycycline; minocycline; chlortetracycline; demeclocycline; oxytetracycline	False	chromosome_like	1		
Kathmandu18	I_1-2	k141_263634	k141_263634_2 # 109 # 1341 # -1 # ID=87022_2;partial=00;start_type=ATG;rbs_motif=AGGAG;rbs_spacer=5-10bp;gc_cont=0.547	mdtM	3001214	Strict	97.56	100.0	fluoroquinolone antibiotic; lincosamide antibiotic; nucleoside antibiotic; phenicol antibiotic; disinfecting agents and antiseptics	antibiotic efflux	major facilitator superfamily (MFS) antibiotic efflux pump	acriflavine; lincomycin; puromycin; chloramphenicol; norfloxacin	True	plasmid_like		0.9834	
Kathmandu18	I_1-2	k141_1981580	k141_1981580_15 # 12428 # 15565 # 1 # ID=87026_15;partial=00;start_type=ATG;rbs_motif=AGGAG;rbs_spacer=5-10bp;gc_cont=0.603	adeF	3000777	Strict	45.27	98.68	fluoroquinolone antibiotic; tetracycline antibiotic	antibiotic efflux	resistance-nodulation-cell division (RND) antibiotic efflux pump	tetracycline	False	chromosome_like	1		
Kathmandu18	I_1-2	k141_1982073	k141_1982073_12 # 11094 # 11432 # -1 # ID=87158_12;partial=00;start_type=ATG;rbs_motif=AGGAG;rbs_spacer=5-10bp;gc_cont=0.676	qacG	3007015	Strict	38.61	104.67	disinfecting agents and antiseptics	antibiotic efflux	small multidrug resistance (SMR) antibiotic efflux pump	benzalkonium chloride	False	chromosome_like	1		
Kathmandu18	I_1-2	k141_264167	k141_264167_5 # 5155 # 6306 # 1 # ID=87180_5;partial=00;start_type=ATG;rbs_motif=GGA/GAG/AGG;rbs_spacer=5-10bp;gc_cont=0.322	vanY gene in vanB cluster	3002956	Strict	28.5	142.91	glycopeptide antibiotic	antibiotic target alteration	vanY; glycopeptide resistance gene cluster	vancomycin	False	chromosome_like	1		
Kathmandu18	I_1-2	k141_265214	k141_265214_2 # 518 # 1921 # -1 # ID=87535_2;partial=00;start_type=ATG;rbs_motif=AGGAG;rbs_spacer=5-10bp;gc_cont=0.538	baeS	3000829	Perfect	100.0	100.0	aminoglycoside antibiotic; aminocoumarin antibiotic	antibiotic efflux	resistance-nodulation-cell division (RND) antibiotic efflux pump	novobiocin	False	chromosome_like	1		
Kathmandu18	I_1-2	k141_265903	k141_265903_4 # 3130 # 4596 # -1 # ID=87776_4;partial=00;start_type=ATG;rbs_motif=AGGAG;rbs_spacer=5-10bp;gc_cont=0.558	mdtP	3003550	Strict	99.59	100.0	nucleoside antibiotic; disinfecting agents and antiseptics	antibiotic efflux	major facilitator superfamily (MFS) antibiotic efflux pump	acriflavine; puromycin	True	plasmid_like		0.706	
Kathmandu18	I_1-2	k141_265903	k141_265903_5 # 4593 # 6644 # -1 # ID=87776_5;partial=00;start_type=ATG;rbs_motif=GGA/GAG/AGG;rbs_spacer=5-10bp;gc_cont=0.546	mdtO	3003549	Perfect	100.0	100.0	nucleoside antibiotic; disinfecting agents and antiseptics	antibiotic efflux	major facilitator superfamily (MFS) antibiotic efflux pump	acriflavine; puromycin	True	plasmid_like		0.706	
Kathmandu18	I_1-2	k141_273276	k141_273276_2 # 1749 # 2711 # 1 # ID=90162_2;partial=00;start_type=ATG;rbs_motif=TAA;rbs_spacer=6bp;gc_cont=0.362	CfxA6	3003097	Strict	98.75	96.68	cephamycin	antibiotic inactivation	CfxA beta-lactamase		False	chromosome_like	1		
Kathmandu18	I_1-2	k141_273424	k141_273424_5 # 6610 # 8103 # -1 # ID=90201_5;partial=00;start_type=ATG;rbs_motif=None;rbs_spacer=None;gc_cont=0.583	vanW gene in vanI cluster	3003724	Strict	38.82	133.24	glycopeptide antibiotic	antibiotic target alteration	vanW; glycopeptide resistance gene cluster	vancomycin; teicoplanin	False	chromosome_like	1		
Kathmandu18	I_1-2	k141_1998758	k141_1998758_4 # 2888 # 3400 # 1 # ID=92302_4;partial=00;start_type=ATG;rbs_motif=TAA;rbs_spacer=11bp;gc_cont=0.404	nimE	3007107	Perfect	100.0	100.0	nitroimidazole antibiotic	antibiotic inactivation	nitroimidazole reductase	metronidazole	True	plasmid_like		0.9944	
Kathmandu18	I_1-2	k141_1999776	k141_1999776_1 # 43 # 2814 # 1 # ID=92567_1;partial=00;start_type=ATG;rbs_motif=GGA/GAG/AGG;rbs_spacer=5-10bp;gc_cont=0.442	tet(36)	3000197	Strict	31.39	144.22	tetracycline antibiotic	antibiotic target protection	tetracycline-resistant ribosomal protection protein	tetracycline; doxycycline; minocycline; chlortetracycline; demeclocycline; oxytetracycline	False	chromosome_like	1		
Kathmandu18	I_1-2	k141_281249	k141_281249_1 # 1 # 1974 # 1 # ID=92576_1;partial=10;start_type=Edge;rbs_motif=None;rbs_spacer=None;gc_cont=0.462	vanT gene in vanG cluster	3002972	Strict	34.69	92.28	glycopeptide antibiotic	antibiotic target alteration	glycopeptide resistance gene cluster; vanT	vancomycin	False	chromosome_like	1		
Kathmandu18	I_1-2	k141_283103	k141_283103_1 # 2 # 1330 # 1 # ID=93152_1;partial=10;start_type=Edge;rbs_motif=None;rbs_spacer=None;gc_cont=0.420	vanT gene in vanG cluster	3002972	Strict	34.51	62.08	glycopeptide antibiotic	antibiotic target alteration	glycopeptide resistance gene cluster; vanT	vancomycin	False	chromosome_like	1		
Kathmandu18	I_1-2	k141_2002045	k141_2002045_1 # 35 # 1327 # -1 # ID=93364_1;partial=00;start_type=GTG;rbs_motif=GGA/GAG/AGG;rbs_spacer=5-10bp;gc_cont=0.340	vanY gene in vanM cluster	3002961	Strict	40.69	184.55	glycopeptide antibiotic	antibiotic target alteration	vanY; glycopeptide resistance gene cluster	vancomycin; teicoplanin	False	chromosome_like	1		
Kathmandu18	I_1-2	k141_285054	k141_285054_51 # 51028 # 54138 # -1 # ID=93742_51;partial=00;start_type=ATG;rbs_motif=AAA;rbs_spacer=11bp;gc_cont=0.497	adeF	3000777	Strict	42.42	97.83	fluoroquinolone antibiotic; tetracycline antibiotic	antibiotic efflux	resistance-nodulation-cell division (RND) antibiotic efflux pump	tetracycline	False	chromosome_like	1		
Kathmandu18	I_1-2	k141_2006295	k141_2006295_10 # 10081 # 11073 # 1 # ID=94524_10;partial=00;start_type=ATG;rbs_motif=AGGAG;rbs_spacer=5-10bp;gc_cont=0.502	vanH gene in vanB cluster	3002943	Strict	39.1	102.17	glycopeptide antibiotic	antibiotic target alteration	vanH; glycopeptide resistance gene cluster	vancomycin	False	chromosome_like	1		
Kathmandu18	I_1-2	k141_2010615	k141_2010615_2 # 122 # 1255 # -1 # ID=95764_2;partial=00;start_type=ATG;rbs_motif=AGxAGG/AGGxGG;rbs_spacer=5-10bp;gc_cont=0.335	vanT gene in vanG cluster	3002972	Strict	33.7	52.95	glycopeptide antibiotic	antibiotic target alteration	glycopeptide resistance gene cluster; vanT	vancomycin	False	chromosome_like	1		
Kathmandu18	I_1-2	k141_294215	k141_294215_2 # 1626 # 3620 # 1 # ID=96516_2;partial=00;start_type=ATG;rbs_motif=AGGAG;rbs_spacer=5-10bp;gc_cont=0.368	lmrD	3002882	Perfect	100.0	100.0	lincosamide antibiotic	antibiotic efflux	ATP-binding cassette (ABC) antibiotic efflux pump		False	chromosome_like	1		
Kathmandu18	I_1-2	k141_2014456	k141_2014456_1 # 700 # 1473 # 1 # ID=96872_1;partial=00;start_type=ATG;rbs_motif=AGGAG;rbs_spacer=5-10bp;gc_cont=0.226	ErmQ	3000593	Perfect	100.0	100.0	macrolide antibiotic; lincosamide antibiotic; streptogramin antibiotic; streptogramin A antibiotic; streptogramin B antibiotic	antibiotic target alteration	Erm 23S ribosomal RNA methyltransferase	erythromycin; roxithromycin; lincomycin; telithromycin; clarithromycin; clindamycin; tylosin; spiramycin; azithromycin; dirithromycin; pristinamycin IA; quinupristin; virginiamycin M1; madumycin II; griseoviridin; dalfopristin; pristinamycin IB; virginiamycin S2; pristinamycin IC; vernamycin C; patricin A; patricin B; ostreogrycin B3; oleandomycin	False	chromosome_like	1		
Kathmandu18	I_1-2	k141_297835	k141_297835_1 # 246 # 560 # -1 # ID=97508_1;partial=00;start_type=ATG;rbs_motif=GGAGG;rbs_spacer=5-10bp;gc_cont=0.346	qacJ	3007014	Strict	40.38	97.2	disinfecting agents and antiseptics	antibiotic efflux	small multidrug resistance (SMR) antibiotic efflux pump	benzalkonium chloride	False	chromosome_like	1		
Kathmandu18	I_1-2	k141_2016977	k141_2016977_2 # 327 # 1049 # -1 # ID=97632_2;partial=00;start_type=ATG;rbs_motif=GGA/GAG/AGG;rbs_spacer=5-10bp;gc_cont=0.545	baeR	3000828	Strict	96.65	100.0	aminoglycoside antibiotic; aminocoumarin antibiotic	antibiotic efflux	resistance-nodulation-cell division (RND) antibiotic efflux pump	novobiocin	False	chromosome_like	1		
Kathmandu18	I_1-2	k141_299515	k141_299515_10 # 7374 # 8507 # 1 # ID=97932_10;partial=00;start_type=ATG;rbs_motif=GGA/GAG/AGG;rbs_spacer=11-12bp;gc_cont=0.506	EC-14	3006875	Strict	98.94	100.0	cephalosporin	antibiotic inactivation	EC beta-lactamase		False	chromosome_like	1		
Kathmandu18	I_1-2	k141_299706	k141_299706_2 # 350 # 1030 # 1 # ID=98002_2;partial=00;start_type=ATG;rbs_motif=GGA/GAG/AGG;rbs_spacer=5-10bp;gc_cont=0.467	QnrB10	3002724	Strict	99.12	100.0	fluoroquinolone antibiotic	antibiotic target protection	quinolone resistance protein (qnr)	ciprofloxacin; levofloxacin; moxifloxacin; gatifloxacin; nalidixic acid; norfloxacin; sparfloxacin	False	chromosome_like	1		
Kathmandu18	I_1-2	k141_2018374	k141_2018374_38 # 43663 # 44553 # -1 # ID=98090_38;partial=00;start_type=ATG;rbs_motif=TAAA;rbs_spacer=12bp;gc_cont=0.485	CblA-1	3002999	Perfect	100.0	100.0	cephalosporin	antibiotic inactivation	CblA beta-lactamase	cephaloridine	False	chromosome_like	1		
Kathmandu18	I_1-2	k141_2018374	k141_2018374_39 # 44691 # 47804 # -1 # ID=98090_39;partial=00;start_type=ATG;rbs_motif=TAA;rbs_spacer=11bp;gc_cont=0.530	adeF	3000777	Strict	42.46	97.92	fluoroquinolone antibiotic; tetracycline antibiotic	antibiotic efflux	resistance-nodulation-cell division (RND) antibiotic efflux pump	tetracycline	False	chromosome_like	1		
Kathmandu18	I_1-2	k141_2018459	k141_2018459_1 # 3 # 1151 # 1 # ID=98114_1;partial=11;start_type=Edge;rbs_motif=None;rbs_spacer=None;gc_cont=0.604	ArnT	3005053	Strict	72.58	69.51	peptide antibiotic	antibiotic target alteration	pmr phosphoethanolamine transferase	colistin A; colistin B	False	chromosome_like	1		
Kathmandu18	I_1-2	k141_302377	k141_302377_3 # 1086 # 1985 # 1 # ID=98693_3;partial=00;start_type=ATG;rbs_motif=GGA/GAG/AGG;rbs_spacer=5-10bp;gc_cont=0.589	mphF	3003071	Perfect	100.0	100.0	macrolide antibiotic	antibiotic inactivation	macrolide phosphotransferase (MPH)	erythromycin; roxithromycin; clarithromycin; tylosin; azithromycin	True	plasmid_like		0.9647	
Kathmandu18	I_1-2	k141_2024045	k141_2024045_9 # 5563 # 8724 # 1 # ID=99832_9;partial=00;start_type=TTG;rbs_motif=AGxAGG/AGGxGG;rbs_spacer=5-10bp;gc_cont=0.373	adeF	3000777	Strict	42.76	99.43	fluoroquinolone antibiotic; tetracycline antibiotic	antibiotic efflux	resistance-nodulation-cell division (RND) antibiotic efflux pump	tetracycline	False	chromosome_like	1		
Kathmandu18	I_1-2	k141_307167	k141_307167_3 # 1164 # 2708 # -1 # ID=100064_3;partial=00;start_type=ATG;rbs_motif=GGAG/GAGG;rbs_spacer=5-10bp;gc_cont=0.570	Klebsiella pneumoniae KpnH	3004597	Strict	68.51	100.39	macrolide antibiotic; fluoroquinolone antibiotic; aminoglycoside antibiotic; carbapenem; cephalosporin; penam; peptide antibiotic; penem	antibiotic efflux	major facilitator superfamily (MFS) antibiotic efflux pump	erythromycin; gentamicin C; ciprofloxacin; spectinomycin; streptomycin; tobramycin; ceftazidime; ertapenem; piperacillin; azithromycin; imipenem; polymyxin B; polymyxin B1; polymyxin B2; polymyxin B3; polymyxin B4; norfloxacin; ticarcillin; gentamicin	False	chromosome_like	1		
Kathmandu18	I_1-2	k141_311548	k141_311548_1 # 3 # 1838 # -1 # ID=101325_1;partial=11;start_type=Edge;rbs_motif=None;rbs_spacer=None;gc_cont=0.429	vanY gene in vanG cluster	3002959	Strict	36.89	219.35	glycopeptide antibiotic	antibiotic target alteration	vanY; glycopeptide resistance gene cluster	vancomycin	False	chromosome_like	1		
Kathmandu18	I_1-2	k141_316654	k141_316654_1 # 44 # 877 # 1 # ID=102798_1;partial=00;start_type=ATG;rbs_motif=TATAA;rbs_spacer=3bp;gc_cont=0.301	vanY gene in vanB cluster	3002956	Strict	27.59	103.36	glycopeptide antibiotic	antibiotic target alteration	vanY; glycopeptide resistance gene cluster	vancomycin	False	chromosome_like	1		
Kathmandu18	I_1-2	k141_319564	k141_319564_2 # 1182 # 1595 # 1 # ID=103645_2;partial=00;start_type=ATG;rbs_motif=GGA/GAG/AGG;rbs_spacer=5-10bp;gc_cont=0.469	H-NS	3000676	Perfect	100.0	100.0	macrolide antibiotic; fluoroquinolone antibiotic; cephalosporin; cephamycin; penam; tetracycline antibiotic	antibiotic efflux	major facilitator superfamily (MFS) antibiotic efflux pump; resistance-nodulation-cell division (RND) antibiotic efflux pump	erythromycin; cloxacillin; ciprofloxacin; tetracycline; oxacillin; norfloxacin	False	chromosome_like	1		
Kathmandu18	I_1-2	k141_2038032	k141_2038032_3 # 1662 # 2486 # -1 # ID=104176_3;partial=00;start_type=ATG;rbs_motif=None;rbs_spacer=None;gc_cont=0.464	OXA-644	3005864	Strict	98.18	100.0	carbapenem; cephalosporin; penam	antibiotic inactivation	OXA beta-lactamase	cloxacillin; oxacillin; cefalotin	True	plasmid_like		0.9112	
Kathmandu18	I_1-2	k141_324287	k141_324287_9 # 7036 # 10173 # -1 # ID=104977_9;partial=00;start_type=ATG;rbs_motif=GGAG/GAGG;rbs_spacer=5-10bp;gc_cont=0.502	adeF	3000777	Strict	47.48	98.68	fluoroquinolone antibiotic; tetracycline antibiotic	antibiotic efflux	resistance-nodulation-cell division (RND) antibiotic efflux pump	tetracycline	False	chromosome_like	1		
Kathmandu18	I_1-2	k141_325476	k141_325476_3 # 1443 # 3086 # 1 # ID=105343_3;partial=00;start_type=ATG;rbs_motif=None;rbs_spacer=None;gc_cont=0.533	YojI	3003952	Strict	99.82	100.0	peptide antibiotic	antibiotic efflux	ATP-binding cassette (ABC) antibiotic efflux pump	microcin J25	False	chromosome_like	1		
Kathmandu18	I_1-2	k141_2045811	k141_2045811_2 # 677 # 1021 # -1 # ID=106585_2;partial=00;start_type=ATG;rbs_motif=GGA/GAG/AGG;rbs_spacer=5-10bp;gc_cont=0.475	qacG	3007015	Strict	49.04	106.54	disinfecting agents and antiseptics	antibiotic efflux	small multidrug resistance (SMR) antibiotic efflux pump	benzalkonium chloride	False	chromosome_like	1		
Kathmandu18	I_1-2	k141_330657	k141_330657_6 # 5317 # 6423 # 1 # ID=106834_6;partial=00;start_type=ATG;rbs_motif=None;rbs_spacer=None;gc_cont=0.482	vanT gene in vanG cluster	3002972	Strict	32.5	51.69	glycopeptide antibiotic	antibiotic target alteration	glycopeptide resistance gene cluster; vanT	vancomycin	False	chromosome_like	1		
Kathmandu18	I_1-2	k141_332396	k141_332396_4 # 2887 # 3519 # -1 # ID=107273_4;partial=00;start_type=ATG;rbs_motif=GGA/GAG/AGG;rbs_spacer=5-10bp;gc_cont=0.441	catB11	3004660	Strict	99.52	100.0	phenicol antibiotic	antibiotic inactivation	chloramphenicol acetyltransferase (CAT)	chloramphenicol	False	chromosome_like	1		
Kathmandu18	I_1-2	k141_333092	k141_333092_1 # 2 # 154 # 1 # ID=107467_1;partial=10;start_type=Edge;rbs_motif=None;rbs_spacer=None;gc_cont=0.660	vanY gene in vanM cluster	3002961	Strict	52.27	21.46	glycopeptide antibiotic	antibiotic target alteration	vanY; glycopeptide resistance gene cluster	vancomycin; teicoplanin	False	chromosome_like	1		
Kathmandu18	I_1-2	k141_339525	k141_339525_1 # 2 # 1402 # 1 # ID=109298_1;partial=10;start_type=Edge;rbs_motif=None;rbs_spacer=None;gc_cont=0.281	vanW gene in vanI cluster	3003724	Strict	36.68	124.93	glycopeptide antibiotic	antibiotic target alteration	vanW; glycopeptide resistance gene cluster	vancomycin; teicoplanin	False	chromosome_like	1		
Kathmandu18	I_1-2	k141_2055359	k141_2055359_4 # 2476 # 3144 # 1 # ID=109394_4;partial=01;start_type=ATG;rbs_motif=GGAGG;rbs_spacer=5-10bp;gc_cont=0.622	vanW gene in vanB cluster	3002964	Strict	35.53	81.09	glycopeptide antibiotic	antibiotic target alteration	vanW; glycopeptide resistance gene cluster	vancomycin	False	chromosome_like	1		
Kathmandu18	I_1-2	k141_2058250	k141_2058250_1 # 1 # 633 # -1 # ID=110239_1;partial=00;start_type=ATG;rbs_motif=None;rbs_spacer=None;gc_cont=0.493	catB3	3002676	Perfect	100.0	100.0	phenicol antibiotic	antibiotic inactivation	chloramphenicol acetyltransferase (CAT)	azidamfenicol; chloramphenicol; thiamphenicol	True	plasmid_like		0.9702	
Kathmandu18	I_1-2	k141_2059769	k141_2059769_1 # 463 # 747 # 1 # ID=110696_1;partial=00;start_type=ATG;rbs_motif=None;rbs_spacer=None;gc_cont=0.365	vanY gene in vanB cluster	3002956	Strict	64.52	35.07	glycopeptide antibiotic	antibiotic target alteration	vanY; glycopeptide resistance gene cluster	vancomycin	False	chromosome_like	1		
Kathmandu18	I_1-2	k141_2060364	k141_2060364_12 # 11048 # 11356 # 1 # ID=110859_12;partial=00;start_type=ATG;rbs_motif=None;rbs_spacer=None;gc_cont=0.544	qacG	3007015	Strict	45.1	95.33	disinfecting agents and antiseptics	antibiotic efflux	small multidrug resistance (SMR) antibiotic efflux pump	benzalkonium chloride	False	chromosome_like	1		
Kathmandu18	I_1-2	k141_347136	k141_347136_2 # 565 # 2484 # -1 # ID=111364_2;partial=00;start_type=ATG;rbs_motif=AAAA;rbs_spacer=4bp;gc_cont=0.367	tet(36)	3000197	Strict	93.09	99.84	tetracycline antibiotic	antibiotic target protection	tetracycline-resistant ribosomal protection protein	tetracycline; doxycycline; minocycline; chlortetracycline; demeclocycline; oxytetracycline	False	chromosome_like	1		
Kathmandu18	I_1-2	k141_2063110	k141_2063110_7 # 5636 # 6895 # -1 # ID=111703_7;partial=00;start_type=TTG;rbs_motif=GGA/GAG/AGG;rbs_spacer=5-10bp;gc_cont=0.607	tet(33)	3000478	Strict	99.26	102.95	tetracycline antibiotic	antibiotic efflux	major facilitator superfamily (MFS) antibiotic efflux pump	tetracycline	False	chromosome_like	1		
Kathmandu18	I_1-2	k141_349380	k141_349380_2 # 1062 # 4184 # -1 # ID=111975_2;partial=00;start_type=ATG;rbs_motif=AGGAG;rbs_spacer=5-10bp;gc_cont=0.566	mdtB	3000793	Strict	99.81	100.0	aminocoumarin antibiotic	antibiotic efflux	resistance-nodulation-cell division (RND) antibiotic efflux pump	novobiocin	True	plasmid_like		0.7067	
Kathmandu18	I_1-2	k141_349380	k141_349380_3 # 4184 # 5422 # -1 # ID=111975_3;partial=01;start_type=Edge;rbs_motif=None;rbs_spacer=None;gc_cont=0.550	mdtA	3000792	Strict	99.76	99.28	aminocoumarin antibiotic	antibiotic efflux	resistance-nodulation-cell division (RND) antibiotic efflux pump	novobiocin	True	plasmid_like		0.7067	
Kathmandu18	I_1-2	k141_2065901	k141_2065901_6 # 3793 # 4899 # -1 # ID=112600_6;partial=00;start_type=ATG;rbs_motif=None;rbs_spacer=None;gc_cont=0.507	vanT gene in vanG cluster	3002972	Strict	33.15	51.69	glycopeptide antibiotic	antibiotic target alteration	glycopeptide resistance gene cluster; vanT	vancomycin	False	chromosome_like	1		
Kathmandu18	I_1-2	k141_2066688	k141_2066688_1 # 219 # 581 # 1 # ID=112849_1;partial=00;start_type=ATG;rbs_motif=AGGAG;rbs_spacer=5-10bp;gc_cont=0.471	Klebsiella pneumoniae KpnE	3004580	Perfect	100.0	100.0	macrolide antibiotic; aminoglycoside antibiotic; cephalosporin; tetracycline antibiotic; peptide antibiotic; rifamycin antibiotic; disinfecting agents and antiseptics	antibiotic efflux	small multidrug resistance (SMR) antibiotic efflux pump	erythromycin; streptomycin; tetracycline; cefepime; ceftriaxone; rifampin; colistin A; colistin B; triclosan; benzalkonium chloride; chlorhexidine	False	chromosome_like	1		
Kathmandu18	I_1-2	k141_2066688	k141_2066688_2 # 568 # 897 # 1 # ID=112849_2;partial=00;start_type=ATG;rbs_motif=AGGAG;rbs_spacer=5-10bp;gc_cont=0.588	Klebsiella pneumoniae KpnF	3004583	Perfect	100.0	100.0	macrolide antibiotic; aminoglycoside antibiotic; cephalosporin; tetracycline antibiotic; peptide antibiotic; rifamycin antibiotic; disinfecting agents and antiseptics	antibiotic efflux	small multidrug resistance (SMR) antibiotic efflux pump	erythromycin; streptomycin; tetracycline; cefepime; ceftriaxone; rifampin; colistin A; colistin B; triclosan; benzalkonium chloride; chlorhexidine	False	chromosome_like	1		
Kathmandu18	I_1-2	k141_2068805	k141_2068805_4 # 4492 # 5655 # 1 # ID=113442_4;partial=00;start_type=GTG;rbs_motif=GGAGG;rbs_spacer=5-10bp;gc_cont=0.418	vanT gene in vanG cluster	3002972	Strict	32.16	54.35	glycopeptide antibiotic	antibiotic target alteration	glycopeptide resistance gene cluster; vanT	vancomycin	False	chromosome_like	1		
Kathmandu18	I_1-2	k141_2069120	k141_2069120_2 # 754 # 3141 # 1 # ID=113546_2;partial=01;start_type=ATG;rbs_motif=None;rbs_spacer=None;gc_cont=0.509	vanT gene in vanG cluster	3002972	Strict	37.76	111.8	glycopeptide antibiotic	antibiotic target alteration	glycopeptide resistance gene cluster; vanT	vancomycin	False	chromosome_like	1		
Kathmandu18	I_1-2	k141_362985	k141_362985_1 # 2 # 946 # 1 # ID=115798_1;partial=10;start_type=Edge;rbs_motif=None;rbs_spacer=None;gc_cont=0.382	mefF	3007044	Strict	95.86	79.09	macrolide antibiotic	antibiotic efflux	major facilitator superfamily (MFS) antibiotic efflux pump		False	chromosome_like	1		
Kathmandu18	I_1-2	k141_363008	k141_363008_3 # 1045 # 2586 # -1 # ID=115802_3;partial=00;start_type=ATG;rbs_motif=TAAA;rbs_spacer=15bp;gc_cont=0.387	vanT gene in vanG cluster	3002972	Strict	35.56	72.05	glycopeptide antibiotic	antibiotic target alteration	glycopeptide resistance gene cluster; vanT	vancomycin	False	chromosome_like	1		
Kathmandu18	I_1-2	k141_2077809	k141_2077809_3 # 825 # 1550 # 1 # ID=116177_3;partial=00;start_type=ATG;rbs_motif=GGAG/GAGG;rbs_spacer=5-10bp;gc_cont=0.326	vanY gene in vanB cluster	3002956	Strict	47.37	89.93	glycopeptide antibiotic	antibiotic target alteration	vanY; glycopeptide resistance gene cluster	vancomycin	False	chromosome_like	1		
Kathmandu18	I_1-2	k141_2078263	k141_2078263_1 # 2 # 661 # 1 # ID=116286_1;partial=10;start_type=Edge;rbs_motif=None;rbs_spacer=None;gc_cont=0.626	vanY gene in vanB cluster	3002956	Strict	36.22	81.72	glycopeptide antibiotic	antibiotic target alteration	vanY; glycopeptide resistance gene cluster	vancomycin	False	chromosome_like	1		
Kathmandu18	I_1-2	k141_368101	k141_368101_1 # 1033 # 1884 # 1 # ID=117071_1;partial=00;start_type=ATG;rbs_motif=GGAG/GAGG;rbs_spacer=5-10bp;gc_cont=0.565	RSA-1	3004444	Strict	99.65	99.3	carbapenem; cephalosporin	antibiotic inactivation	RSA beta-lactamase		False	chromosome_like	1		
Kathmandu18	I_1-2	k141_2081712	k141_2081712_3 # 637 # 1704 # 1 # ID=117307_3;partial=01;start_type=ATG;rbs_motif=AGGAG;rbs_spacer=5-10bp;gc_cont=0.321	vanT gene in vanG cluster	3002972	Strict	36.36	50.0	glycopeptide antibiotic	antibiotic target alteration	glycopeptide resistance gene cluster; vanT	vancomycin	False	chromosome_like	1		
Kathmandu18	I_1-2	k141_369379	k141_369379_6 # 5195 # 6139 # 1 # ID=117382_6;partial=00;start_type=ATG;rbs_motif=GGAG/GAGG;rbs_spacer=5-10bp;gc_cont=0.356	vanY gene in vanA cluster	3002955	Strict	39.68	103.63	glycopeptide antibiotic	antibiotic target alteration	vanY; glycopeptide resistance gene cluster	vancomycin; teicoplanin	False	chromosome_like	1		
Kathmandu18	I_1-2	k141_2085298	k141_2085298_3 # 1847 # 2641 # 1 # ID=118305_3;partial=00;start_type=ATG;rbs_motif=AGGAG;rbs_spacer=5-10bp;gc_cont=0.629	OXA-917	3006103	Perfect	100.0	100.0	carbapenem; cephalosporin; penam	antibiotic inactivation	OXA beta-lactamase	cloxacillin; oxacillin; cefalotin	False	chromosome_like	1		
Kathmandu18	I_1-2	k141_2087109	k141_2087109_6 # 2155 # 2499 # 1 # ID=118827_6;partial=00;start_type=ATG;rbs_motif=None;rbs_spacer=None;gc_cont=0.339	qacG	3007015	Strict	47.12	106.54	disinfecting agents and antiseptics	antibiotic efflux	small multidrug resistance (SMR) antibiotic efflux pump	benzalkonium chloride	True	plasmid_like		0.982	
Kathmandu18	I_1-2	k141_376805	k141_376805_5 # 3729 # 4442 # -1 # ID=119391_5;partial=00;start_type=ATG;rbs_motif=GGAG/GAGG;rbs_spacer=5-10bp;gc_cont=0.331	vanY gene in vanB cluster	3002956	Strict	58.06	88.43	glycopeptide antibiotic	antibiotic target alteration	vanY; glycopeptide resistance gene cluster	vancomycin	True	plasmid_like		0.9857	
Kathmandu18	I_1-2	k141_378155	k141_378155_3 # 2260 # 3054 # -1 # ID=119771_3;partial=00;start_type=ATG;rbs_motif=AGGAG;rbs_spacer=5-10bp;gc_cont=0.643	OXA-504	3005734	Strict	93.18	100.0	carbapenem; cephalosporin; penam	antibiotic inactivation	OXA beta-lactamase	cloxacillin; oxacillin; cefalotin	False	chromosome_like	1		
Kathmandu18	I_1-2	k141_2090950	k141_2090950_1 # 23 # 835 # 1 # ID=119877_1;partial=00;start_type=GTG;rbs_motif=GGAGG;rbs_spacer=5-10bp;gc_cont=0.589	vanY gene in vanM cluster	3002961	Strict	31.91	115.88	glycopeptide antibiotic	antibiotic target alteration	vanY; glycopeptide resistance gene cluster	vancomycin; teicoplanin	False	chromosome_like	1		
Kathmandu18	I_1-2	k141_379058	k141_379058_1 # 1 # 648 # 1 # ID=120055_1;partial=10;start_type=Edge;rbs_motif=None;rbs_spacer=None;gc_cont=0.460	FosXCC	3003208	Strict	63.43	152.48	phosphonic acid antibiotic	antibiotic inactivation	fosfomycin thiol transferase	fosfomycin	False	chromosome_like	1		
Kathmandu18	I_1-2	k141_2092490	k141_2092490_5 # 2519 # 3724 # -1 # ID=120323_5;partial=00;start_type=ATG;rbs_motif=AAA;rbs_spacer=10bp;gc_cont=0.413	Mef(En2)	3004659	Strict	99.5	100.0	macrolide antibiotic	antibiotic efflux	major facilitator superfamily (MFS) antibiotic efflux pump		True	plasmid_like		0.9926	
Kathmandu18	I_1-2	k141_2093687	k141_2093687_11 # 15838 # 17526 # 1 # ID=120676_11;partial=00;start_type=ATG;rbs_motif=GGA/GAG/AGG;rbs_spacer=5-10bp;gc_cont=0.438	vanW gene in vanI cluster	3003724	Strict	27.46	150.67	glycopeptide antibiotic	antibiotic target alteration	vanW; glycopeptide resistance gene cluster	vancomycin; teicoplanin	False	chromosome_like	1		
Kathmandu18	I_1-2	k141_381741	k141_381741_2 # 1061 # 1924 # -1 # ID=120813_2;partial=00;start_type=ATG;rbs_motif=None;rbs_spacer=None;gc_cont=0.316	aadS	3004683	Perfect	100.0	100.0	aminoglycoside antibiotic	antibiotic inactivation	ANT(6)	streptomycin	False	chromosome_like	1		
Kathmandu18	I_1-2	k141_382895	k141_382895_1 # 2 # 436 # 1 # ID=121142_1;partial=10;start_type=Edge;rbs_motif=None;rbs_spacer=None;gc_cont=0.395	Escherichia coli emrE	3004039	Strict	99.09	130.91	macrolide antibiotic	antibiotic efflux	small multidrug resistance (SMR) antibiotic efflux pump	erythromycin	False	chromosome_like	1		
Kathmandu18	I_1-2	k141_2099090	k141_2099090_1 # 128 # 2062 # -1 # ID=122181_1;partial=01;start_type=Edge;rbs_motif=None;rbs_spacer=None;gc_cont=0.503	vanT gene in vanG cluster	3002972	Strict	34.02	90.45	glycopeptide antibiotic	antibiotic target alteration	glycopeptide resistance gene cluster; vanT	vancomycin	False	chromosome_like	1		
Kathmandu18	I_1-2	k141_2099118	k141_2099118_2 # 161 # 682 # 1 # ID=122191_2;partial=00;start_type=ATG;rbs_motif=AGGAGG;rbs_spacer=5-10bp;gc_cont=0.628	nimI	3007111	Strict	47.9	100.58	nitroimidazole antibiotic	antibiotic inactivation	nitroimidazole reductase	metronidazole	False	chromosome_like	1		
Kathmandu18	I_1-2	k141_2101728	k141_2101728_1 # 360 # 1184 # -1 # ID=122923_1;partial=00;start_type=ATG;rbs_motif=None;rbs_spacer=None;gc_cont=0.259	OXA-347	3001777	Perfect	100.0	100.0	carbapenem; cephalosporin; penam	antibiotic inactivation	OXA beta-lactamase	cloxacillin; oxacillin; cefalotin	False	chromosome_like	1		
Kathmandu18	I_1-2	k141_2103262	k141_2103262_5 # 5394 # 6581 # -1 # ID=123383_5;partial=00;start_type=ATG;rbs_motif=AGGAG/GGAGG;rbs_spacer=11-12bp;gc_cont=0.652	vanT gene in vanG cluster	3002972	Strict	37.8	55.48	glycopeptide antibiotic	antibiotic target alteration	glycopeptide resistance gene cluster; vanT	vancomycin	False	chromosome_like	1		
Kathmandu18	I_1-2	k141_392806	k141_392806_22 # 22437 # 25601 # 1 # ID=123934_22;partial=00;start_type=ATG;rbs_motif=GGA/GAG/AGG;rbs_spacer=5-10bp;gc_cont=0.442	adeF	3000777	Strict	59.05	99.53	fluoroquinolone antibiotic; tetracycline antibiotic	antibiotic efflux	resistance-nodulation-cell division (RND) antibiotic efflux pump	tetracycline	True	plasmid_like		0.9842	
Kathmandu18	I_1-2	k141_392822	k141_392822_1 # 70 # 432 # 1 # ID=123939_1;partial=00;start_type=ATG;rbs_motif=AGGAG;rbs_spacer=5-10bp;gc_cont=0.444	Klebsiella pneumoniae KpnE	3004580	Strict	82.5	100.0	macrolide antibiotic; aminoglycoside antibiotic; cephalosporin; tetracycline antibiotic; peptide antibiotic; rifamycin antibiotic; disinfecting agents and antiseptics	antibiotic efflux	small multidrug resistance (SMR) antibiotic efflux pump	erythromycin; streptomycin; tetracycline; cefepime; ceftriaxone; rifampin; colistin A; colistin B; triclosan; benzalkonium chloride; chlorhexidine	False	chromosome_like	1		
Kathmandu18	I_1-2	k141_392822	k141_392822_2 # 419 # 748 # 1 # ID=123939_2;partial=00;start_type=ATG;rbs_motif=AGGAG;rbs_spacer=5-10bp;gc_cont=0.570	Klebsiella pneumoniae KpnF	3004583	Strict	86.24	100.0	macrolide antibiotic; aminoglycoside antibiotic; cephalosporin; tetracycline antibiotic; peptide antibiotic; rifamycin antibiotic; disinfecting agents and antiseptics	antibiotic efflux	small multidrug resistance (SMR) antibiotic efflux pump	erythromycin; streptomycin; tetracycline; cefepime; ceftriaxone; rifampin; colistin A; colistin B; triclosan; benzalkonium chloride; chlorhexidine	False	chromosome_like	1		
Kathmandu18	I_1-2	k141_2106328	k141_2106328_4 # 1637 # 2941 # 1 # ID=124308_4;partial=00;start_type=ATG;rbs_motif=GGAG/GAGG;rbs_spacer=5-10bp;gc_cont=0.270	vanW gene in vanI cluster	3003724	Strict	26.67	116.35	glycopeptide antibiotic	antibiotic target alteration	vanW; glycopeptide resistance gene cluster	vancomycin; teicoplanin	False	chromosome_like	1		
Kathmandu18	I_1-2	k141_394534	k141_394534_2 # 88 # 3243 # -1 # ID=124453_2;partial=00;start_type=ATG;rbs_motif=GGAG/GAGG;rbs_spacer=5-10bp;gc_cont=0.612	adeF	3000777	Strict	43.57	99.24	fluoroquinolone antibiotic; tetracycline antibiotic	antibiotic efflux	resistance-nodulation-cell division (RND) antibiotic efflux pump	tetracycline	False	chromosome_like	1		
Kathmandu18	I_1-2	k141_394636	k141_394636_2 # 371 # 1180 # 1 # ID=124490_2;partial=01;start_type=ATG;rbs_motif=None;rbs_spacer=None;gc_cont=0.296	vanW gene in vanG cluster	3002965	Strict	37.19	96.09	glycopeptide antibiotic	antibiotic target alteration	vanW; glycopeptide resistance gene cluster	vancomycin	False	chromosome_like	1		
Kathmandu18	I_1-2	k141_2108710	k141_2108710_9 # 5659 # 6441 # -1 # ID=124986_9;partial=00;start_type=ATG;rbs_motif=GGA/GAG/AGG;rbs_spacer=11-12bp;gc_cont=0.521	NPS-1	3004239	Perfect	100.0	100.0	cephalosporin; penam	antibiotic inactivation	NPS beta-lactamase		True	plasmid_like		0.9569	
Kathmandu18	I_1-2	k141_2109374	k141_2109374_6 # 4518 # 7637 # -1 # ID=125186_6;partial=00;start_type=ATG;rbs_motif=AGGA/GGAG/GAGG;rbs_spacer=11-12bp;gc_cont=0.671	adeF	3000777	Strict	45.27	98.11	fluoroquinolone antibiotic; tetracycline antibiotic	antibiotic efflux	resistance-nodulation-cell division (RND) antibiotic efflux pump	tetracycline	False	chromosome_like	1		
Kathmandu18	I_1-2	k141_2109511	k141_2109511_2 # 211 # 696 # 1 # ID=125219_2;partial=00;start_type=ATG;rbs_motif=AGGAGG;rbs_spacer=11-12bp;gc_cont=0.381	nimE	3007107	Strict	56.52	94.71	nitroimidazole antibiotic	antibiotic inactivation	nitroimidazole reductase	metronidazole	False	chromosome_like	1		
Kathmandu18	I_1-2	k141_2109872	k141_2109872_8 # 8875 # 9819 # 1 # ID=125312_8;partial=00;start_type=ATG;rbs_motif=GGAG/GAGG;rbs_spacer=5-10bp;gc_cont=0.461	leuO	3003843	Strict	99.36	100.0	nucleoside antibiotic; disinfecting agents and antiseptics	antibiotic efflux	major facilitator superfamily (MFS) antibiotic efflux pump	acriflavine; puromycin	False	chromosome_like	1		
Kathmandu18	I_1-2	k141_397809	k141_397809_2 # 912 # 2072 # -1 # ID=125354_2;partial=00;start_type=ATG;rbs_motif=AGGA;rbs_spacer=5-10bp;gc_cont=0.519	vanT gene in vanG cluster	3002972	Strict	35.31	54.21	glycopeptide antibiotic	antibiotic target alteration	glycopeptide resistance gene cluster; vanT	vancomycin	False	chromosome_like	1		
Kathmandu18	I_1-2	k141_2112639	k141_2112639_2 # 362 # 883 # 1 # ID=126083_2;partial=00;start_type=ATG;rbs_motif=None;rbs_spacer=None;gc_cont=0.370	nimJ	3007112	Strict	58.39	104.85	nitroimidazole antibiotic	antibiotic inactivation	nitroimidazole reductase	metronidazole	False	chromosome_like	1		
Kathmandu18	I_1-2	k141_2114413	k141_2114413_3 # 1119 # 2204 # 1 # ID=126560_3;partial=00;start_type=ATG;rbs_motif=AAA;rbs_spacer=15bp;gc_cont=0.471	vanY gene in vanF cluster	3002958	Strict	28.9	123.21	glycopeptide antibiotic	antibiotic target alteration	vanY; glycopeptide resistance gene cluster	vancomycin	False	chromosome_like	1		
Kathmandu18	I_1-2	k141_2118573	k141_2118573_2 # 708 # 1052 # 1 # ID=127694_2;partial=00;start_type=ATG;rbs_motif=AGGA;rbs_spacer=5-10bp;gc_cont=0.394	qacG	3007015	Strict	46.15	106.54	disinfecting agents and antiseptics	antibiotic efflux	small multidrug resistance (SMR) antibiotic efflux pump	benzalkonium chloride	False	chromosome_like	1		
Kathmandu18	I_1-2	k141_2119217	k141_2119217_2 # 223 # 711 # -1 # ID=127881_2;partial=00;start_type=ATG;rbs_motif=GGAG/GAGG;rbs_spacer=5-10bp;gc_cont=0.423	nimE	3007107	Strict	52.47	95.29	nitroimidazole antibiotic	antibiotic inactivation	nitroimidazole reductase	metronidazole	False	chromosome_like	1		
Kathmandu18	I_1-2	k141_2119580	k141_2119580_1 # 1 # 1014 # -1 # ID=127981_1;partial=11;start_type=Edge;rbs_motif=None;rbs_spacer=None;gc_cont=0.622	vanT gene in vanG cluster	3002972	Strict	35.06	47.47	glycopeptide antibiotic	antibiotic target alteration	glycopeptide resistance gene cluster; vanT	vancomycin	False	chromosome_like	1		
Kathmandu18	I_1-2	k141_408590	k141_408590_2 # 585 # 1430 # -1 # ID=128134_2;partial=00;start_type=ATG;rbs_motif=GGA/GAG/AGG;rbs_spacer=11-12bp;gc_cont=0.534	aadA6	3002606	Strict	96.8	100.0	aminoglycoside antibiotic	antibiotic inactivation	ANT(3'')	spectinomycin; streptomycin	False	chromosome_like	1		
Kathmandu18	I_1-2	k141_408590	k141_408590_3 # 1553 # 2416 # -1 # ID=128134_3;partial=00;start_type=ATG;rbs_motif=GGA/GAG/AGG;rbs_spacer=5-10bp;gc_cont=0.535	GES-1	3002330	Perfect	100.0	100.0	carbapenem; cephalosporin; penam	antibiotic inactivation	GES beta-lactamase		False	chromosome_like	1		
Kathmandu18	I_1-2	k141_410558	k141_410558_2 # 439 # 1095 # -1 # ID=128628_2;partial=00;start_type=ATG;rbs_motif=GGAG/GAGG;rbs_spacer=5-10bp;gc_cont=0.381	QnrVC4	3002801	Perfect	100.0	100.0	fluoroquinolone antibiotic	antibiotic target protection	quinolone resistance protein (qnr)	ciprofloxacin; levofloxacin; moxifloxacin; gatifloxacin; nalidixic acid; norfloxacin; sparfloxacin	False	chromosome_like	1		
Kathmandu18	I_1-2	k141_410559	k141_410559_1 # 351 # 1007 # 1 # ID=128629_1;partial=00;start_type=ATG;rbs_motif=None;rbs_spacer=None;gc_cont=0.370	QnrVC1	3002799	Perfect	100.0	100.0	fluoroquinolone antibiotic	antibiotic target protection	quinolone resistance protein (qnr)	ciprofloxacin; levofloxacin; moxifloxacin; gatifloxacin; nalidixic acid; norfloxacin; sparfloxacin	False	chromosome_like	1		
Kathmandu18	I_1-2	k141_413368	k141_413368_1 # 116 # 607 # -1 # ID=129424_1;partial=00;start_type=ATG;rbs_motif=GGAG/GAGG;rbs_spacer=5-10bp;gc_cont=0.461	nimG	3007109	Strict	57.86	99.39	nitroimidazole antibiotic	antibiotic inactivation	nitroimidazole reductase	metronidazole	False	chromosome_like	1		
Kathmandu18	I_1-2	k141_414003	k141_414003_2 # 511 # 1695 # -1 # ID=129627_2;partial=01;start_type=Edge;rbs_motif=None;rbs_spacer=None;gc_cont=0.298	vanW gene in vanI cluster	3003724	Strict	36.45	105.63	glycopeptide antibiotic	antibiotic target alteration	vanW; glycopeptide resistance gene cluster	vancomycin; teicoplanin	False	chromosome_like	1		
Kathmandu18	I_1-2	k141_2126154	k141_2126154_5 # 5268 # 8378 # -1 # ID=130005_5;partial=00;start_type=ATG;rbs_motif=AATAA;rbs_spacer=4bp;gc_cont=0.455	adeF	3000777	Strict	42.51	97.83	fluoroquinolone antibiotic; tetracycline antibiotic	antibiotic efflux	resistance-nodulation-cell division (RND) antibiotic efflux pump	tetracycline	False	chromosome_like	1		
Kathmandu18	I_1-2	k141_418136	k141_418136_2 # 272 # 1063 # 1 # ID=130818_2;partial=01;start_type=ATG;rbs_motif=None;rbs_spacer=None;gc_cont=0.379	mphG	3003742	Strict	92.8	89.8	macrolide antibiotic	antibiotic inactivation	macrolide phosphotransferase (MPH)	erythromycin; clarithromycin; azithromycin	False	chromosome_like	1		
Kathmandu18	I_1-2	k141_426081	k141_426081_1 # 1 # 564 # -1 # ID=133010_1;partial=10;start_type=ATG;rbs_motif=GGAG/GAGG;rbs_spacer=5-10bp;gc_cont=0.369	vanY gene in vanB cluster	3002956	Strict	54.35	70.15	glycopeptide antibiotic	antibiotic target alteration	vanY; glycopeptide resistance gene cluster	vancomycin	False	chromosome_like	1		
Kathmandu18	I_1-2	k141_427144	k141_427144_1 # 85 # 717 # -1 # ID=133269_1;partial=00;start_type=ATG;rbs_motif=GGAG/GAGG;rbs_spacer=5-10bp;gc_cont=0.311	vanY gene in vanB cluster	3002956	Strict	39.29	78.36	glycopeptide antibiotic	antibiotic target alteration	vanY; glycopeptide resistance gene cluster	vancomycin	False	chromosome_like	1		
Kathmandu18	I_1-2	k141_427370	k141_427370_3 # 2564 # 3196 # -1 # ID=133324_3;partial=00;start_type=ATG;rbs_motif=GGAG/GAGG;rbs_spacer=5-10bp;gc_cont=0.496	CRP	3000518	Strict	98.57	100.0	macrolide antibiotic; fluoroquinolone antibiotic; penam	antibiotic efflux	resistance-nodulation-cell division (RND) antibiotic efflux pump	erythromycin; cloxacillin; oxacillin; norfloxacin	False	chromosome_like	1		
Kathmandu18	I_1-2	k141_428216	k141_428216_4 # 2155 # 3126 # -1 # ID=133567_4;partial=00;start_type=ATG;rbs_motif=AGGAG;rbs_spacer=5-10bp;gc_cont=0.492	vanH gene in vanM cluster	3002947	Strict	37.74	99.08	glycopeptide antibiotic	antibiotic target alteration	vanH; glycopeptide resistance gene cluster	vancomycin; teicoplanin	False	chromosome_like	1		
Kathmandu18	I_1-2	k141_430807	k141_430807_5 # 2784 # 5945 # 1 # ID=134161_5;partial=00;start_type=ATG;rbs_motif=GGA/GAG/AGG;rbs_spacer=5-10bp;gc_cont=0.571	adeF	3000777	Strict	42.28	99.43	fluoroquinolone antibiotic; tetracycline antibiotic	antibiotic efflux	resistance-nodulation-cell division (RND) antibiotic efflux pump	tetracycline	False	chromosome_like	1		
Kathmandu18	I_1-2	k141_2145427	k141_2145427_32 # 43854 # 45038 # 1 # ID=135605_32;partial=00;start_type=ATG;rbs_motif=GGAG/GAGG;rbs_spacer=5-10bp;gc_cont=0.384	vanT gene in vanG cluster	3002972	Strict	36.59	55.34	glycopeptide antibiotic	antibiotic target alteration	glycopeptide resistance gene cluster; vanT	vancomycin	False	chromosome_like	1		
Kathmandu18	I_1-2	k141_2150256	k141_2150256_6 # 5795 # 7402 # 1 # ID=136800_6;partial=00;start_type=ATG;rbs_motif=AGGAG;rbs_spacer=5-10bp;gc_cont=0.522	vanY gene in vanG cluster	3002959	Strict	36.93	191.76	glycopeptide antibiotic	antibiotic target alteration	vanY; glycopeptide resistance gene cluster	vancomycin	False	chromosome_like	1		
Kathmandu18	I_1-2	k141_2153547	k141_2153547_6 # 4748 # 7876 # 1 # ID=137770_6;partial=00;start_type=ATG;rbs_motif=AGGA;rbs_spacer=5-10bp;gc_cont=0.407	adeF	3000777	Strict	45.73	98.39	fluoroquinolone antibiotic; tetracycline antibiotic	antibiotic efflux	resistance-nodulation-cell division (RND) antibiotic efflux pump	tetracycline	False	chromosome_like	1		
Kathmandu18	I_1-2	k141_2155897	k141_2155897_11 # 8413 # 9300 # 1 # ID=138407_11;partial=00;start_type=ATG;rbs_motif=GGAG/GAGG;rbs_spacer=5-10bp;gc_cont=0.528	SFO-1	3006986	Perfect	100.0	100.0	carbapenem	antibiotic inactivation	SFO beta-lactamase		True	plasmid_like		0.9919	
Kathmandu18	I_1-2	k141_449253	k141_449253_8 # 6084 # 6296 # -1 # ID=138972_8;partial=00;start_type=ATG;rbs_motif=GGAGG;rbs_spacer=5-10bp;gc_cont=0.404	vanU gene in vanG cluster	3004253	Strict	80.6	93.33	glycopeptide antibiotic	antibiotic target alteration	glycopeptide resistance gene cluster; vanU	vancomycin	False	chromosome_like	1		
Kathmandu18	I_1-2	k141_2160280	k141_2160280_4 # 2033 # 2521 # -1 # ID=139470_4;partial=00;start_type=ATG;rbs_motif=AGGAGG;rbs_spacer=5-10bp;gc_cont=0.468	nimB	3004655	Strict	53.12	98.78	nitroimidazole antibiotic	antibiotic inactivation	nitroimidazole reductase	metronidazole	False	chromosome_like	1		
Kathmandu18	I_1-2	k141_451483	k141_451483_10 # 8331 # 9386 # 1 # ID=139584_10;partial=00;start_type=ATG;rbs_motif=GGA/GAG/AGG;rbs_spacer=5-10bp;gc_cont=0.346	vanG	3002909	Strict	42.45	100.57	glycopeptide antibiotic	antibiotic target alteration	glycopeptide resistance gene cluster; Van ligase	vancomycin	False	chromosome_like	1		
Kathmandu18	I_1-2	k141_451483	k141_451483_11 # 9380 # 10531 # 1 # ID=139584_11;partial=00;start_type=ATG;rbs_motif=AGGA;rbs_spacer=5-10bp;gc_cont=0.355	vanT gene in vanE cluster	3002971	Strict	39.41	54.56	glycopeptide antibiotic	antibiotic target alteration	glycopeptide resistance gene cluster; vanT	vancomycin	False	chromosome_like	1		
Kathmandu18	I_1-2	k141_2161504	k141_2161504_2 # 645 # 917 # 1 # ID=139829_2;partial=00;start_type=TTG;rbs_motif=AGGAG;rbs_spacer=5-10bp;gc_cont=0.491	vanW gene in vanG cluster	3002965	Strict	43.48	32.03	glycopeptide antibiotic	antibiotic target alteration	vanW; glycopeptide resistance gene cluster	vancomycin	False	chromosome_like	1		
Kathmandu18	I_1-2	k141_2161504	k141_2161504_3 # 1059 # 1868 # 1 # ID=139829_3;partial=00;start_type=ATG;rbs_motif=AGGAGG;rbs_spacer=5-10bp;gc_cont=0.488	vanY gene in vanG cluster	3002959	Strict	57.76	96.42	glycopeptide antibiotic	antibiotic target alteration	vanY; glycopeptide resistance gene cluster	vancomycin	False	chromosome_like	1		
Kathmandu18	I_1-2	k141_2162124	k141_2162124_4 # 1731 # 2909 # 1 # ID=139992_4;partial=00;start_type=ATG;rbs_motif=GGAG/GAGG;rbs_spacer=5-10bp;gc_cont=0.387	vanT gene in vanG cluster	3002972	Strict	37.97	55.06	glycopeptide antibiotic	antibiotic target alteration	glycopeptide resistance gene cluster; vanT	vancomycin	False	chromosome_like	1		
Kathmandu18	I_1-2	k141_2162983	k141_2162983_1 # 2 # 919 # 1 # ID=140247_1;partial=10;start_type=Edge;rbs_motif=None;rbs_spacer=None;gc_cont=0.322	tet(36)	3000197	Strict	51.66	47.66	tetracycline antibiotic	antibiotic target protection	tetracycline-resistant ribosomal protection protein	tetracycline; doxycycline; minocycline; chlortetracycline; demeclocycline; oxytetracycline	False	chromosome_like	1		
Kathmandu18	I_1-2	k141_457598	k141_457598_26 # 25441 # 27900 # -1 # ID=141184_26;partial=00;start_type=ATG;rbs_motif=AATAA;rbs_spacer=5bp;gc_cont=0.353	vanT gene in vanG cluster	3002972	Strict	36.61	115.03	glycopeptide antibiotic	antibiotic target alteration	glycopeptide resistance gene cluster; vanT	vancomycin	False	chromosome_like	1		
Kathmandu18	I_1-2	k141_460435	k141_460435_15 # 12766 # 12960 # -1 # ID=141959_15;partial=00;start_type=ATG;rbs_motif=AGGAG;rbs_spacer=5-10bp;gc_cont=0.451	rsmA	3005069	Strict	86.21	104.92	fluoroquinolone antibiotic; diaminopyrimidine antibiotic; phenicol antibiotic	antibiotic efflux	resistance-nodulation-cell division (RND) antibiotic efflux pump	trimethoprim; chloramphenicol	False	chromosome_like	1		
Kathmandu18	I_1-2	k141_2170759	k141_2170759_1 # 3 # 965 # -1 # ID=142140_1;partial=10;start_type=ATG;rbs_motif=GGA/GAG/AGG;rbs_spacer=5-10bp;gc_cont=0.536	ArnT	3005053	Strict	72.47	58.26	peptide antibiotic	antibiotic target alteration	pmr phosphoethanolamine transferase	colistin A; colistin B	False	chromosome_like	1		
Kathmandu18	I_1-2	k141_2170759	k141_2170759_4 # 3840 # 4823 # -1 # ID=142140_4;partial=00;start_type=ATG;rbs_motif=AGGA;rbs_spacer=5-10bp;gc_cont=0.526	PmrF	3003578	Strict	88.47	101.55	peptide antibiotic	antibiotic target alteration	pmr phosphoethanolamine transferase	polymyxin B	False	chromosome_like	1		
Kathmandu18	I_1-2	k141_463585	k141_463585_4 # 3201 # 6377 # -1 # ID=142702_4;partial=00;start_type=ATG;rbs_motif=GGAGG;rbs_spacer=5-10bp;gc_cont=0.644	adeF	3000777	Strict	61.08	99.91	fluoroquinolone antibiotic; tetracycline antibiotic	antibiotic efflux	resistance-nodulation-cell division (RND) antibiotic efflux pump	tetracycline	False	chromosome_like	1		
Kathmandu18	I_1-2	k141_2180257	k141_2180257_3 # 433 # 1065 # -1 # ID=144722_3;partial=00;start_type=ATG;rbs_motif=3Base/5BMM;rbs_spacer=13-15bp;gc_cont=0.466	catB8	3002680	Strict	99.52	100.0	phenicol antibiotic	antibiotic inactivation	chloramphenicol acetyltransferase (CAT)	azidamfenicol; chloramphenicol; thiamphenicol	False	chromosome_like	1		
Kathmandu18	I_1-2	k141_2182368	k141_2182368_1 # 374 # 904 # 1 # ID=145210_1;partial=00;start_type=ATG;rbs_motif=GGAG/GAGG;rbs_spacer=5-10bp;gc_cont=0.497	emrR	3000516	Strict	94.86	100.0	fluoroquinolone antibiotic	antibiotic efflux	major facilitator superfamily (MFS) antibiotic efflux pump	nalidixic acid	True	plasmid_like		0.9603	
Kathmandu18	I_1-2	k141_2182368	k141_2182368_3 # 2223 # 3761 # 1 # ID=145210_3;partial=00;start_type=ATG;rbs_motif=GGA/GAG/AGG;rbs_spacer=5-10bp;gc_cont=0.556	emrB	3000074	Strict	95.12	100.0	fluoroquinolone antibiotic	antibiotic efflux	major facilitator superfamily (MFS) antibiotic efflux pump	nalidixic acid	True	plasmid_like		0.9603	
Kathmandu18	I_1-2	k141_2183279	k141_2183279_1 # 1 # 1128 # -1 # ID=145486_1;partial=10;start_type=ATG;rbs_motif=AGxAG;rbs_spacer=5-10bp;gc_cont=0.344	vanT gene in vanG cluster	3002972	Strict	34.69	52.81	glycopeptide antibiotic	antibiotic target alteration	glycopeptide resistance gene cluster; vanT	vancomycin	False	chromosome_like	1		
Kathmandu18	I_1-2	k141_475029	k141_475029_1 # 72 # 902 # 1 # ID=145741_1;partial=00;start_type=ATG;rbs_motif=None;rbs_spacer=None;gc_cont=0.345	OXA-1	3001396	Perfect	100.0	100.0	carbapenem; cephalosporin; penam	antibiotic inactivation	OXA beta-lactamase	cloxacillin; oxacillin; amoxicillin; piperacillin; ampicillin; cefalotin	False	chromosome_like	1		
Kathmandu18	I_1-2	k141_475876	k141_475876_1 # 24 # 398 # -1 # ID=145972_1;partial=00;start_type=ATG;rbs_motif=GGxGG;rbs_spacer=5-10bp;gc_cont=0.565	ramA	3000823	Strict	94.35	100.0	fluoroquinolone antibiotic; monobactam; carbapenem; cephalosporin; glycylcycline; cephamycin; penam; tetracycline antibiotic; rifamycin antibiotic; phenicol antibiotic; penem; disinfecting agents and antiseptics	antibiotic efflux; reduced permeability to antibiotic	resistance-nodulation-cell division (RND) antibiotic efflux pump; General Bacterial Porin with reduced permeability to beta-lactams	tigecycline; tetracycline; rifampin; chloramphenicol; ampicillin; cefalotin; triclosan	False	chromosome_like	1		
Kathmandu18	I_1-2	k141_2186530	k141_2186530_10 # 12341 # 12850 # 1 # ID=146353_10;partial=00;start_type=ATG;rbs_motif=GGAGG;rbs_spacer=5-10bp;gc_cont=0.625	nimI	3007111	Strict	50.31	98.26	nitroimidazole antibiotic	antibiotic inactivation	nitroimidazole reductase	metronidazole	False	chromosome_like	1		
Kathmandu18	I_1-2	k141_477922	k141_477922_1 # 3 # 1166 # -1 # ID=146526_1;partial=11;start_type=Edge;rbs_motif=None;rbs_spacer=None;gc_cont=0.493	EreA2	3002826	Strict	90.98	95.1	macrolide antibiotic	antibiotic inactivation	macrolide esterase	erythromycin	False	chromosome_like	1		
Kathmandu18	I_1-2	k141_478334	k141_478334_1 # 51 # 1229 # -1 # ID=146637_1;partial=00;start_type=TTG;rbs_motif=None;rbs_spacer=None;gc_cont=0.349	vanT gene in vanG cluster	3002972	Strict	32.61	55.06	glycopeptide antibiotic	antibiotic target alteration	glycopeptide resistance gene cluster; vanT	vancomycin	False	chromosome_like	1		
Kathmandu18	I_1-2	k141_2190460	k141_2190460_1 # 51 # 1379 # -1 # ID=147420_1;partial=01;start_type=Edge;rbs_motif=None;rbs_spacer=None;gc_cont=0.546	vanT gene in vanG cluster	3002972	Strict	34.51	62.08	glycopeptide antibiotic	antibiotic target alteration	glycopeptide resistance gene cluster; vanT	vancomycin	False	chromosome_like	1		
Kathmandu18	I_1-2	k141_2191736	k141_2191736_9 # 7771 # 8571 # 1 # ID=147808_9;partial=00;start_type=ATG;rbs_motif=None;rbs_spacer=None;gc_cont=0.409	vanY gene in vanM cluster	3002961	Strict	28.28	114.16	glycopeptide antibiotic	antibiotic target alteration	vanY; glycopeptide resistance gene cluster	vancomycin; teicoplanin	False	chromosome_like	1		
Kathmandu18	I_1-2	k141_2191763	k141_2191763_2 # 883 # 2055 # -1 # ID=147817_2;partial=00;start_type=ATG;rbs_motif=GGAG/GAGG;rbs_spacer=5-10bp;gc_cont=0.604	Klebsiella pneumoniae KpnG	3004588	Strict	98.72	100.0	macrolide antibiotic; fluoroquinolone antibiotic; aminoglycoside antibiotic; carbapenem; cephalosporin; penam; peptide antibiotic; penem	antibiotic efflux	major facilitator superfamily (MFS) antibiotic efflux pump	erythromycin; gentamicin C; ciprofloxacin; spectinomycin; streptomycin; tobramycin; ceftazidime; ertapenem; piperacillin; azithromycin; imipenem; polymyxin B; polymyxin B1; polymyxin B2; polymyxin B3; polymyxin B4; norfloxacin; ticarcillin; gentamicin	False	chromosome_like	1		
Kathmandu18	I_1-2	k141_2192829	k141_2192829_1 # 1 # 423 # 1 # ID=148087_1;partial=10;start_type=Edge;rbs_motif=None;rbs_spacer=None;gc_cont=0.416	vanY gene in vanM cluster	3002961	Strict	45.92	60.09	glycopeptide antibiotic	antibiotic target alteration	vanY; glycopeptide resistance gene cluster	vancomycin; teicoplanin	False	chromosome_like	1		
Kathmandu18	I_1-2	k141_2199423	k141_2199423_3 # 1972 # 3912 # -1 # ID=149833_3;partial=00;start_type=ATG;rbs_motif=GGA/GAG/AGG;rbs_spacer=5-10bp;gc_cont=0.334	tet(S)	3000192	Strict	99.84	100.78	tetracycline antibiotic	antibiotic target protection	tetracycline-resistant ribosomal protection protein	tetracycline; doxycycline; minocycline; chlortetracycline; demeclocycline; oxytetracycline	False	chromosome_like	1		
Kathmandu18	I_1-2	k141_2202292	k141_2202292_3 # 1141 # 2001 # -1 # ID=150617_3;partial=00;start_type=ATG;rbs_motif=AGGA/GGAG/GAGG;rbs_spacer=11-12bp;gc_cont=0.627	SHV-11	3001070	Perfect	100.0	100.0	carbapenem; cephalosporin; penam	antibiotic inactivation	SHV beta-lactamase		True	plasmid_like		0.9783	
Kathmandu18	I_1-2	k141_495023	k141_495023_1 # 3 # 1163 # -1 # ID=150886_1;partial=10;start_type=ATG;rbs_motif=GGA/GAG/AGG;rbs_spacer=5-10bp;gc_cont=0.395	vanW gene in vanI cluster	3003724	Strict	29.3	103.75	glycopeptide antibiotic	antibiotic target alteration	vanW; glycopeptide resistance gene cluster	vancomycin; teicoplanin	False	chromosome_like	1		
Kathmandu18	I_1-2	k141_2203506	k141_2203506_33 # 29989 # 33162 # -1 # ID=150908_33;partial=00;start_type=ATG;rbs_motif=GGA/GAG/AGG;rbs_spacer=11-12bp;gc_cont=0.646	adeF	3000777	Strict	43.3	99.81	fluoroquinolone antibiotic; tetracycline antibiotic	antibiotic efflux	resistance-nodulation-cell division (RND) antibiotic efflux pump	tetracycline	False	chromosome_like	1		
Kathmandu18	I_1-2	k141_2206794	k141_2206794_25 # 26665 # 29811 # 1 # ID=151891_25;partial=00;start_type=ATG;rbs_motif=GGAG/GAGG;rbs_spacer=5-10bp;gc_cont=0.515	adeF	3000777	Strict	43.5	98.96	fluoroquinolone antibiotic; tetracycline antibiotic	antibiotic efflux	resistance-nodulation-cell division (RND) antibiotic efflux pump	tetracycline	False	chromosome_like	1		
Kathmandu18	I_1-2	k141_2208392	k141_2208392_6 # 3428 # 4543 # -1 # ID=152314_6;partial=00;start_type=ATG;rbs_motif=None;rbs_spacer=None;gc_cont=0.405	vanT gene in vanG cluster	3002972	Strict	31.52	52.11	glycopeptide antibiotic	antibiotic target alteration	glycopeptide resistance gene cluster; vanT	vancomycin	False	chromosome_like	1		
Kathmandu18	I_1-2	k141_2209711	k141_2209711_3 # 642 # 1796 # 1 # ID=152660_3;partial=00;start_type=ATG;rbs_motif=GGA/GAG/AGG;rbs_spacer=5-10bp;gc_cont=0.363	vanT gene in vanG cluster	3002972	Strict	33.51	53.93	glycopeptide antibiotic	antibiotic target alteration	glycopeptide resistance gene cluster; vanT	vancomycin	False	chromosome_like	1		
Kathmandu18	I_1-2	k141_504875	k141_504875_2 # 733 # 1425 # 1 # ID=153483_2;partial=00;start_type=ATG;rbs_motif=TAA;rbs_spacer=7bp;gc_cont=0.309	vanW gene in vanG cluster	3002965	Strict	36.08	81.85	glycopeptide antibiotic	antibiotic target alteration	vanW; glycopeptide resistance gene cluster	vancomycin	False	chromosome_like	1		
Kathmandu18	I_1-2	k141_2214653	k141_2214653_6 # 3827 # 4645 # -1 # ID=154052_6;partial=00;start_type=ATG;rbs_motif=GGAG/GAGG;rbs_spacer=5-10bp;gc_cont=0.305	vanY gene in vanF cluster	3002958	Strict	28.78	92.83	glycopeptide antibiotic	antibiotic target alteration	vanY; glycopeptide resistance gene cluster	vancomycin	False	chromosome_like	1		
Kathmandu18	I_1-2	k141_513362	k141_513362_2 # 260 # 916 # -1 # ID=155859_2;partial=00;start_type=ATG;rbs_motif=None;rbs_spacer=None;gc_cont=0.473	vanY gene in vanF cluster	3002958	Strict	35.36	74.4	glycopeptide antibiotic	antibiotic target alteration	vanY; glycopeptide resistance gene cluster	vancomycin	False	chromosome_like	1		
Kathmandu18	I_1-2	k141_2226387	k141_2226387_4 # 1755 # 2780 # 1 # ID=157106_4;partial=01;start_type=ATG;rbs_motif=AGGA;rbs_spacer=5-10bp;gc_cont=0.661	vanT gene in vanG cluster	3002972	Strict	34.63	48.03	glycopeptide antibiotic	antibiotic target alteration	glycopeptide resistance gene cluster; vanT	vancomycin	False	chromosome_like	1		
Kathmandu18	I_1-2	k141_2232862	k141_2232862_1 # 1 # 1167 # 1 # ID=158870_1;partial=10;start_type=Edge;rbs_motif=None;rbs_spacer=None;gc_cont=0.403	vanW gene in vanI cluster	3003724	Strict	37.5	104.02	glycopeptide antibiotic	antibiotic target alteration	vanW; glycopeptide resistance gene cluster	vancomycin; teicoplanin	False	chromosome_like	1		
Kathmandu18	I_1-2	k141_525314	k141_525314_1 # 1 # 1404 # 1 # ID=158882_1;partial=10;start_type=Edge;rbs_motif=None;rbs_spacer=None;gc_cont=0.410	tet(32)	3000196	Strict	98.93	73.08	tetracycline antibiotic	antibiotic target protection	tetracycline-resistant ribosomal protection protein	tetracycline; doxycycline; minocycline; chlortetracycline; demeclocycline; oxytetracycline	False	chromosome_like	1		
Kathmandu18	I_1-2	k141_530881	k141_530881_1 # 1 # 183 # 1 # ID=160293_1;partial=10;start_type=Edge;rbs_motif=None;rbs_spacer=None;gc_cont=0.623	vanY gene in vanB cluster	3002956	Strict	54.17	22.39	glycopeptide antibiotic	antibiotic target alteration	vanY; glycopeptide resistance gene cluster	vancomycin	False	chromosome_like	1		
Kathmandu18	I_1-2	k141_535358	k141_535358_1 # 2 # 1276 # 1 # ID=161517_1;partial=10;start_type=Edge;rbs_motif=None;rbs_spacer=None;gc_cont=0.736	vanW gene in vanI cluster	3003724	Strict	40.19	113.67	glycopeptide antibiotic	antibiotic target alteration	vanW; glycopeptide resistance gene cluster	vancomycin; teicoplanin	False	chromosome_like	1		
Kathmandu18	I_1-2	k141_2249314	k141_2249314_2 # 344 # 2125 # -1 # ID=163200_2;partial=01;start_type=Edge;rbs_motif=None;rbs_spacer=None;gc_cont=0.522	vanT gene in vanG cluster	3002972	Strict	35.5	83.29	glycopeptide antibiotic	antibiotic target alteration	glycopeptide resistance gene cluster; vanT	vancomycin	False	chromosome_like	1		
Kathmandu18	I_1-2	k141_2250150	k141_2250150_4 # 983 # 2080 # -1 # ID=163430_4;partial=00;start_type=ATG;rbs_motif=GGA/GAG/AGG;rbs_spacer=5-10bp;gc_cont=0.556	vanG	3002909	Strict	38.92	104.58	glycopeptide antibiotic	antibiotic target alteration	glycopeptide resistance gene cluster; Van ligase	vancomycin	False	chromosome_like	1		
Kathmandu18	I_1-2	k141_2252475	k141_2252475_1 # 1 # 1026 # 1 # ID=164034_1;partial=11;start_type=Edge;rbs_motif=None;rbs_spacer=None;gc_cont=0.633	vanT gene in vanG cluster	3002972	Strict	33.82	48.03	glycopeptide antibiotic	antibiotic target alteration	glycopeptide resistance gene cluster; vanT	vancomycin	False	chromosome_like	1		
Kathmandu18	I_1-2	k141_2255543	k141_2255543_3 # 648 # 1907 # 1 # ID=164865_3;partial=00;start_type=ATG;rbs_motif=AGGAG;rbs_spacer=5-10bp;gc_cont=0.367	EreB	3000363	Strict	86.16	100.0	macrolide antibiotic	antibiotic inactivation	macrolide esterase	erythromycin; roxithromycin; clarithromycin; azithromycin	False	chromosome_like	1		
Kathmandu18	I_1-2	k141_2255586	k141_2255586_4 # 808 # 1653 # -1 # ID=164879_4;partial=00;start_type=ATG;rbs_motif=GGA/GAG/AGG;rbs_spacer=11-12bp;gc_cont=0.537	aadA10	3004692	Strict	99.63	101.44	aminoglycoside antibiotic	antibiotic inactivation	ANT(3'')	spectinomycin; streptomycin	False	chromosome_like	1		
Kathmandu18	I_1-2	k141_2260269	k141_2260269_1 # 2 # 184 # 1 # ID=166201_1;partial=10;start_type=Edge;rbs_motif=None;rbs_spacer=None;gc_cont=0.306	vanY gene in vanM cluster	3002961	Strict	53.45	25.75	glycopeptide antibiotic	antibiotic target alteration	vanY; glycopeptide resistance gene cluster	vancomycin; teicoplanin	False	chromosome_like	1		
Kathmandu18	I_1-2	k141_2264701	k141_2264701_2 # 679 # 1584 # 1 # ID=167332_2;partial=00;start_type=TTG;rbs_motif=GGAG/GAGG;rbs_spacer=5-10bp;gc_cont=0.423	vanW gene in vanI cluster	3003724	Strict	43.09	80.7	glycopeptide antibiotic	antibiotic target alteration	vanW; glycopeptide resistance gene cluster	vancomycin; teicoplanin	False	chromosome_like	1		
Kathmandu18	I_1-2	k141_2268825	k141_2268825_7 # 3425 # 3826 # -1 # ID=168418_7;partial=00;start_type=ATG;rbs_motif=GGA/GAG/AGG;rbs_spacer=5-10bp;gc_cont=0.592	FosA8	3007371	Strict	54.01	94.33	phosphonic acid antibiotic	antibiotic inactivation	fosfomycin thiol transferase	fosfomycin	False	chromosome_like	1		
Kathmandu18	I_1-2	k141_2269267	k141_2269267_2 # 517 # 1374 # -1 # ID=168543_2;partial=01;start_type=Edge;rbs_motif=None;rbs_spacer=None;gc_cont=0.298	vanY gene in vanM cluster	3002961	Strict	40.14	122.32	glycopeptide antibiotic	antibiotic target alteration	vanY; glycopeptide resistance gene cluster	vancomycin; teicoplanin	False	chromosome_like	1		
Kathmandu18	I_1-2	k141_2270910	k141_2270910_1 # 5 # 1924 # -1 # ID=169051_1;partial=00;start_type=ATG;rbs_motif=AAAA;rbs_spacer=4bp;gc_cont=0.369	tet(M)	3000186	Strict	95.62	100.0	tetracycline antibiotic	antibiotic target protection	tetracycline-resistant ribosomal protection protein	tetracycline; doxycycline; minocycline; chlortetracycline; demeclocycline; oxytetracycline	False	chromosome_like	1		
Kathmandu18	I_1-2	k141_2271947	k141_2271947_5 # 3178 # 6294 # 1 # ID=169344_5;partial=00;start_type=ATG;rbs_motif=GGA/GAG/AGG;rbs_spacer=5-10bp;gc_cont=0.304	adeF	3000777	Strict	42.5	98.02	fluoroquinolone antibiotic; tetracycline antibiotic	antibiotic efflux	resistance-nodulation-cell division (RND) antibiotic efflux pump	tetracycline	False	chromosome_like	1		
Kathmandu18	I_1-2	k141_2272346	k141_2272346_1 # 2 # 982 # 1 # ID=169431_1;partial=10;start_type=Edge;rbs_motif=None;rbs_spacer=None;gc_cont=0.238	vanW gene in vanI cluster	3003724	Strict	30.69	87.4	glycopeptide antibiotic	antibiotic target alteration	vanW; glycopeptide resistance gene cluster	vancomycin; teicoplanin	False	chromosome_like	1		
Kathmandu18	I_1-2	k141_2273196	k141_2273196_5 # 4039 # 6504 # -1 # ID=169671_5;partial=00;start_type=ATG;rbs_motif=TAA;rbs_spacer=12bp;gc_cont=0.347	vanT gene in vanG cluster	3002972	Strict	38.38	115.31	glycopeptide antibiotic	antibiotic target alteration	glycopeptide resistance gene cluster; vanT	vancomycin	False	chromosome_like	1		
Kathmandu18	I_1-2	k141_2276410	k141_2276410_1 # 2 # 1159 # 1 # ID=170472_1;partial=10;start_type=Edge;rbs_motif=None;rbs_spacer=None;gc_cont=0.310	vanT gene in vanG cluster	3002972	Strict	35.6	54.07	glycopeptide antibiotic	antibiotic target alteration	glycopeptide resistance gene cluster; vanT	vancomycin	False	chromosome_like	1		
Kathmandu18	I_1-2	k141_569483	k141_569483_13 # 9617 # 11248 # 1 # ID=170591_13;partial=00;start_type=ATG;rbs_motif=AGGA;rbs_spacer=5-10bp;gc_cont=0.469	ICR-Mo	3004569	Strict	80.88	97.31	peptide antibiotic	antibiotic target alteration	intrinsic colistin resistant phosphoethanolamine transferase	colistin A; colistin B	False	chromosome_like	1		
Kathmandu18	I_1-2	k141_2279069	k141_2279069_3 # 1185 # 1733 # 1 # ID=171174_3;partial=00;start_type=ATG;rbs_motif=GGAGG;rbs_spacer=5-10bp;gc_cont=0.426	AAC(6')-Iid	3002589	Perfect	100.0	100.0	aminoglycoside antibiotic	antibiotic inactivation	AAC(6')	dibekacin; amikacin; sisomicin; netilmicin; tobramycin; 2'-N-ethylnetilmicin; 5-episisomicin	False	chromosome_like	1		
Kathmandu18	I_1-2	k141_2280542	k141_2280542_2 # 212 # 991 # 1 # ID=171592_2;partial=00;start_type=ATG;rbs_motif=TAA;rbs_spacer=12bp;gc_cont=0.335	APH(3')-VIa	3002652	Strict	98.07	100.0	aminoglycoside antibiotic	antibiotic inactivation	APH(3')	neomycin; amikacin; ribostamycin; butirosin; kanamycin A; isepamicin; gentamicin B; paromomycin; gentamicin	False	chromosome_like	1		
Kathmandu18	I_1-2	k141_576310	k141_576310_22 # 17986 # 19770 # 1 # ID=172608_22;partial=00;start_type=ATG;rbs_motif=GGAG/GAGG;rbs_spacer=5-10bp;gc_cont=0.385	patB	3000025	Strict	67.68	101.02	fluoroquinolone antibiotic	antibiotic efflux	ATP-binding cassette (ABC) antibiotic efflux pump	ciprofloxacin; norfloxacin	False	chromosome_like	1		
Kathmandu18	I_1-2	k141_2287107	k141_2287107_5 # 5979 # 7598 # 1 # ID=173334_5;partial=00;start_type=ATG;rbs_motif=GGAG/GAGG;rbs_spacer=5-10bp;gc_cont=0.504	mcr-10.1	3007137	Perfect	100.0	100.0	peptide antibiotic	antibiotic target alteration	MCR phosphoethanolamine transferase	colistin A; colistin B	True	plasmid_like		0.9918	
Kathmandu18	I_1-2	k141_579072	k141_579072_3 # 1599 # 2822 # -1 # ID=173413_3;partial=00;start_type=ATG;rbs_motif=None;rbs_spacer=None;gc_cont=0.359	vanT gene in vanG cluster	3002972	Strict	31.64	57.16	glycopeptide antibiotic	antibiotic target alteration	glycopeptide resistance gene cluster; vanT	vancomycin	False	chromosome_like	1		
Kathmandu18	I_1-2	k141_2287831	k141_2287831_4 # 2590 # 3435 # 1 # ID=173510_4;partial=01;start_type=ATG;rbs_motif=GGA/GAG/AGG;rbs_spacer=5-10bp;gc_cont=0.370	vanW gene in vanB cluster	3002964	Strict	32.0	102.55	glycopeptide antibiotic	antibiotic target alteration	vanW; glycopeptide resistance gene cluster	vancomycin	False	chromosome_like	1		
Kathmandu18	I_1-2	k141_579765	k141_579765_4 # 1362 # 2159 # -1 # ID=173598_4;partial=01;start_type=Edge;rbs_motif=None;rbs_spacer=None;gc_cont=0.388	RSD2-2	3006983	Strict	99.21	105.16	carbapenem; cephalosporin	antibiotic inactivation	RSD2 beta-lactamase		False	chromosome_like	1		
Kathmandu18	I_1-2	k141_586191	k141_586191_2 # 212 # 1318 # 1 # ID=175357_2;partial=00;start_type=ATG;rbs_motif=None;rbs_spacer=None;gc_cont=0.654	vanT gene in vanG cluster	3002972	Strict	31.77	51.69	glycopeptide antibiotic	antibiotic target alteration	glycopeptide resistance gene cluster; vanT	vancomycin	False	chromosome_like	1		
Kathmandu18	I_1-2	k141_586203	k141_586203_3 # 1444 # 2613 # -1 # ID=175360_3;partial=00;start_type=GTG;rbs_motif=GGA/GAG/AGG;rbs_spacer=5-10bp;gc_cont=0.614	IDC-1	3005012	Strict	99.49	98.48	carbapenem; cephalosporin	antibiotic inactivation	IDC beta-lactamase		False	chromosome_like	1		
Kathmandu18	I_1-2	k141_2295615	k141_2295615_2 # 1530 # 2495 # -1 # ID=175753_2;partial=00;start_type=ATG;rbs_motif=None;rbs_spacer=None;gc_cont=0.357	CfxA3	3003003	Perfect	100.0	100.0	cephamycin	antibiotic inactivation	CfxA beta-lactamase		True	plasmid_like		0.9878	
Kathmandu18	I_1-2	k141_598842	k141_598842_5 # 4794 # 5555 # -1 # ID=178830_5;partial=00;start_type=ATG;rbs_motif=AGGA;rbs_spacer=5-10bp;gc_cont=0.257	OXA-464	3003620	Strict	99.21	100.0	carbapenem; cephalosporin; penam	antibiotic inactivation	OXA beta-lactamase	cloxacillin; oxacillin; cefalotin	False	chromosome_like	1		
Kathmandu18	I_1-2	k141_2306305	k141_2306305_2 # 1381 # 2511 # 1 # ID=178874_2;partial=00;start_type=ATG;rbs_motif=TAGAA;rbs_spacer=5bp;gc_cont=0.445	vanT gene in vanG cluster	3002972	Strict	37.57	52.81	glycopeptide antibiotic	antibiotic target alteration	glycopeptide resistance gene cluster; vanT	vancomycin	False	chromosome_like	1		
Kathmandu18	I_1-2	k141_2309018	k141_2309018_3 # 857 # 2815 # -1 # ID=179657_3;partial=00;start_type=ATG;rbs_motif=GGAG/GAGG;rbs_spacer=5-10bp;gc_cont=0.318	tetB(P)	3000195	Strict	97.85	100.0	tetracycline antibiotic	antibiotic target protection	tetracycline-resistant ribosomal protection protein	tetracycline; doxycycline; minocycline; chlortetracycline; demeclocycline; oxytetracycline	False	chromosome_like	1		
Kathmandu18	I_1-2	k141_602707	k141_602707_1 # 112 # 1101 # 1 # ID=179845_1;partial=01;start_type=ATG;rbs_motif=GGAG/GAGG;rbs_spacer=5-10bp;gc_cont=0.544	aadA16	3002616	Strict	97.78	117.44	aminoglycoside antibiotic	antibiotic inactivation	ANT(3'')	spectinomycin; streptomycin	False	chromosome_like	1		
Kathmandu18	I_1-2	k141_603028	k141_603028_1 # 199 # 1107 # 1 # ID=179917_1;partial=00;start_type=ATG;rbs_motif=GGAGG;rbs_spacer=5-10bp;gc_cont=0.405	aad(6)	3002628	Strict	88.41	109.42	aminoglycoside antibiotic	antibiotic inactivation	ANT(6)	streptomycin	False	chromosome_like	1		
Kathmandu18	I_1-2	k141_603028	k141_603028_2 # 1104 # 1646 # 1 # ID=179917_2;partial=00;start_type=GTG;rbs_motif=AGxAGG/AGGxGG;rbs_spacer=5-10bp;gc_cont=0.378	SAT-4	3002897	Strict	99.44	100.0	nucleoside antibiotic	antibiotic inactivation	streptothricin acetyltransferase (SAT)	streptothricin	False	chromosome_like	1		
Kathmandu18	I_1-2	k141_603028	k141_603028_3 # 1739 # 2533 # 1 # ID=179917_3;partial=00;start_type=ATG;rbs_motif=AGGA;rbs_spacer=5-10bp;gc_cont=0.448	APH(3')-IIIa	3002647	Strict	99.62	100.0	aminoglycoside antibiotic	antibiotic inactivation	APH(3')	neomycin; amikacin; ribostamycin; butirosin; kanamycin A; isepamicin; gentamicin B; paromomycin; lividomycin; gentamicin	False	chromosome_like	1		
Kathmandu18	I_1-2	k141_605159	k141_605159_5 # 4622 # 5482 # -1 # ID=180563_5;partial=00;start_type=ATG;rbs_motif=AGGAG;rbs_spacer=5-10bp;gc_cont=0.599	AAC(3)-IId	3004623	Perfect	100.0	100.0	aminoglycoside antibiotic	antibiotic inactivation	AAC(3)	dibekacin; sisomicin; netilmicin; tobramycin; 6'-N-ethylnetilmicin; 2'-N-ethylnetilmicin; gentamicin	True	plasmid_like		0.9844	
Kathmandu18	I_1-2	k141_2315142	k141_2315142_4 # 3284 # 3781 # -1 # ID=181351_4;partial=00;start_type=ATG;rbs_motif=TAAAAA;rbs_spacer=13bp;gc_cont=0.319	dfrG	3002868	Perfect	100.0	100.0	diaminopyrimidine antibiotic	antibiotic target replacement	trimethoprim resistant dihydrofolate reductase dfr	trimethoprim	True	plasmid_like		0.9925	
Kathmandu18	I_1-2	k141_610991	k141_610991_2 # 791 # 1120 # 1 # ID=181997_2;partial=00;start_type=ATG;rbs_motif=GGA/GAG/AGG;rbs_spacer=5-10bp;gc_cont=0.379	qacG	3007015	Strict	44.12	101.87	disinfecting agents and antiseptics	antibiotic efflux	small multidrug resistance (SMR) antibiotic efflux pump	benzalkonium chloride	True	plasmid_like		0.7366	
Kathmandu18	I_1-2	k141_611405	k141_611405_1 # 3 # 467 # 1 # ID=182109_1;partial=10;start_type=Edge;rbs_motif=None;rbs_spacer=None;gc_cont=0.508	vanY gene in vanB cluster	3002956	Strict	40.82	57.46	glycopeptide antibiotic	antibiotic target alteration	vanY; glycopeptide resistance gene cluster	vancomycin	False	chromosome_like	1		
Kathmandu18	I_1-2	k141_611708	k141_611708_4 # 1850 # 3082 # -1 # ID=182177_4;partial=00;start_type=ATG;rbs_motif=GGA/GAG/AGG;rbs_spacer=5-10bp;gc_cont=0.530	Escherichia coli mdfA	3001328	Strict	87.8	100.0	tetracycline antibiotic; disinfecting agents and antiseptics	antibiotic efflux	major facilitator superfamily (MFS) antibiotic efflux pump	tetracycline; benzalkonium chloride	True	plasmid_like		0.8725	
Kathmandu18	I_1-2	k141_613269	k141_613269_8 # 6776 # 7567 # 1 # ID=182506_8;partial=00;start_type=ATG;rbs_motif=GGAG/GAGG;rbs_spacer=5-10bp;gc_cont=0.652	Erm(51)	3007033	Strict	99.62	100.0	macrolide antibiotic; lincosamide antibiotic; streptogramin antibiotic; streptogramin B antibiotic	antibiotic target alteration	Erm 23S ribosomal RNA methyltransferase	erythromycin; clarithromycin; clindamycin; azithromycin; pristinamycin IB	True	plasmid_like		0.8938	
Kathmandu18	I_1-2	k141_613839	k141_613839_1 # 3 # 914 # 1 # ID=182628_1;partial=10;start_type=Edge;rbs_motif=None;rbs_spacer=None;gc_cont=0.304	vanW gene in vanI cluster	3003724	Strict	40.0	81.23	glycopeptide antibiotic	antibiotic target alteration	vanW; glycopeptide resistance gene cluster	vancomycin; teicoplanin	False	chromosome_like	1		
Kathmandu18	I_1-2	k141_2319969	k141_2319969_2 # 1184 # 2176 # 1 # ID=182800_2;partial=00;start_type=ATG;rbs_motif=None;rbs_spacer=None;gc_cont=0.366	vanY gene in vanB cluster	3002956	Strict	30.61	123.13	glycopeptide antibiotic	antibiotic target alteration	vanY; glycopeptide resistance gene cluster	vancomycin	False	chromosome_like	1		
Kathmandu18	I_1-2	k141_2320469	k141_2320469_13 # 13759 # 16956 # 1 # ID=182941_13;partial=00;start_type=ATG;rbs_motif=AGGAG;rbs_spacer=5-10bp;gc_cont=0.635	adeF	3000777	Strict	42.6	100.57	fluoroquinolone antibiotic; tetracycline antibiotic	antibiotic efflux	resistance-nodulation-cell division (RND) antibiotic efflux pump	tetracycline	False	chromosome_like	1		
Kathmandu18	I_1-2	k141_2321234	k141_2321234_2 # 1462 # 1971 # -1 # ID=183151_2;partial=01;start_type=Edge;rbs_motif=None;rbs_spacer=None;gc_cont=0.688	vanW gene in vanI cluster	3003724	Strict	39.0	45.31	glycopeptide antibiotic	antibiotic target alteration	vanW; glycopeptide resistance gene cluster	vancomycin; teicoplanin	False	chromosome_like	1		
Kathmandu18	I_1-2	k141_617180	k141_617180_5 # 2636 # 3298 # -1 # ID=183489_5;partial=00;start_type=ATG;rbs_motif=None;rbs_spacer=None;gc_cont=0.439	AcrS	3000656	Perfect	100.0	100.0	fluoroquinolone antibiotic; cephalosporin; glycylcycline; cephamycin; penam; tetracycline antibiotic; rifamycin antibiotic; phenicol antibiotic; disinfecting agents and antiseptics	antibiotic efflux	resistance-nodulation-cell division (RND) antibiotic efflux pump	tigecycline; ciprofloxacin; tetracycline; rifampin; chloramphenicol; ampicillin; cefalotin; triclosan	False	chromosome_like	1		
Kathmandu18	I_1-2	k141_617180	k141_617180_6 # 3697 # 4854 # 1 # ID=183489_6;partial=00;start_type=ATG;rbs_motif=GGAG/GAGG;rbs_spacer=5-10bp;gc_cont=0.524	AcrE	3000499	Perfect	100.0	100.0	fluoroquinolone antibiotic; cephalosporin; cephamycin; penam	antibiotic efflux	resistance-nodulation-cell division (RND) antibiotic efflux pump	ciprofloxacin	False	chromosome_like	1		
Kathmandu18	I_1-2	k141_617180	k141_617180_7 # 4866 # 7970 # 1 # ID=183489_7;partial=00;start_type=ATG;rbs_motif=GGA/GAG/AGG;rbs_spacer=5-10bp;gc_cont=0.513	AcrF	3000502	Strict	99.71	100.0	fluoroquinolone antibiotic; cephalosporin; cephamycin; penam	antibiotic efflux	resistance-nodulation-cell division (RND) antibiotic efflux pump	ciprofloxacin	False	chromosome_like	1		
Kathmandu18	I_1-2	k141_621887	k141_621887_3 # 2283 # 2543 # -1 # ID=184707_3;partial=01;start_type=Edge;rbs_motif=None;rbs_spacer=None;gc_cont=0.352	qacJ	3007014	Strict	53.57	80.37	disinfecting agents and antiseptics	antibiotic efflux	small multidrug resistance (SMR) antibiotic efflux pump	benzalkonium chloride	False	chromosome_like	1		
Kathmandu18	I_1-2	k141_624344	k141_624344_3 # 1998 # 3167 # 1 # ID=185345_3;partial=00;start_type=ATG;rbs_motif=GGAG/GAGG;rbs_spacer=5-10bp;gc_cont=0.380	vanTr gene in vanL cluster	3002974	Strict	33.78	106.28	glycopeptide antibiotic	antibiotic target alteration	glycopeptide resistance gene cluster; vanT	vancomycin	False	chromosome_like	1		
Kathmandu18	I_1-2	k141_2332642	k141_2332642_2 # 541 # 2184 # 1 # ID=186420_2;partial=00;start_type=ATG;rbs_motif=AGGAG/GGAGG;rbs_spacer=11-12bp;gc_cont=0.491	vanW gene in vanI cluster	3003724	Strict	30.79	146.65	glycopeptide antibiotic	antibiotic target alteration	vanW; glycopeptide resistance gene cluster	vancomycin; teicoplanin	False	chromosome_like	1		
Kathmandu18	I_1-2	k141_2335048	k141_2335048_3 # 827 # 1096 # 1 # ID=187038_3;partial=01;start_type=ATG;rbs_motif=GGA/GAG/AGG;rbs_spacer=5-10bp;gc_cont=0.615	FosA8	3007371	Strict	59.55	63.83	phosphonic acid antibiotic	antibiotic inactivation	fosfomycin thiol transferase	fosfomycin	False	chromosome_like	1		
Kathmandu18	I_1-2	k141_2336018	k141_2336018_1 # 2 # 895 # 1 # ID=187293_1;partial=10;start_type=Edge;rbs_motif=None;rbs_spacer=None;gc_cont=0.596	vanW gene in vanI cluster	3003724	Strict	36.73	79.62	glycopeptide antibiotic	antibiotic target alteration	vanW; glycopeptide resistance gene cluster	vancomycin; teicoplanin	False	chromosome_like	1		
Kathmandu18	I_1-2	k141_631943	k141_631943_1 # 1 # 465 # 1 # ID=187346_1;partial=10;start_type=Edge;rbs_motif=None;rbs_spacer=None;gc_cont=0.327	vanY gene in vanB cluster	3002956	Strict	34.43	57.46	glycopeptide antibiotic	antibiotic target alteration	vanY; glycopeptide resistance gene cluster	vancomycin	False	chromosome_like	1		
Kathmandu18	I_1-2	k141_632829	k141_632829_4 # 4374 # 6839 # -1 # ID=187581_4;partial=00;start_type=ATG;rbs_motif=AAAAA;rbs_spacer=12bp;gc_cont=0.431	vanT gene in vanG cluster	3002972	Strict	36.93	115.31	glycopeptide antibiotic	antibiotic target alteration	glycopeptide resistance gene cluster; vanT	vancomycin	False	chromosome_like	1		
Kathmandu18	I_1-2	k141_633815	k141_633815_1 # 2 # 1459 # 1 # ID=187816_1;partial=10;start_type=Edge;rbs_motif=None;rbs_spacer=None;gc_cont=0.643	vanW gene in vanI cluster	3003724	Strict	26.4	130.03	glycopeptide antibiotic	antibiotic target alteration	vanW; glycopeptide resistance gene cluster	vancomycin; teicoplanin	False	chromosome_like	1		
Kathmandu18	I_1-2	k141_2342084	k141_2342084_3 # 1623 # 2609 # -1 # ID=188896_3;partial=00;start_type=ATG;rbs_motif=AGGAGG;rbs_spacer=11-12bp;gc_cont=0.408	vanH gene in vanB cluster	3002943	Strict	39.94	101.55	glycopeptide antibiotic	antibiotic target alteration	vanH; glycopeptide resistance gene cluster	vancomycin	False	chromosome_like	1		
Kathmandu18	I_1-2	k141_640078	k141_640078_1 # 612 # 941 # -1 # ID=189343_1;partial=00;start_type=ATG;rbs_motif=None;rbs_spacer=None;gc_cont=0.448	qacJ	3007014	Strict	47.17	101.87	disinfecting agents and antiseptics	antibiotic efflux	small multidrug resistance (SMR) antibiotic efflux pump	benzalkonium chloride	False	chromosome_like	1		
Kathmandu18	I_1-2	k141_2348818	k141_2348818_19 # 12003 # 12362 # 1 # ID=190664_19;partial=01;start_type=ATG;rbs_motif=GGA/GAG/AGG;rbs_spacer=5-10bp;gc_cont=0.394	vanY gene in vanB cluster	3002956	Strict	46.84	44.78	glycopeptide antibiotic	antibiotic target alteration	vanY; glycopeptide resistance gene cluster	vancomycin	False	chromosome_like	1		
Kathmandu18	I_1-2	k141_649124	k141_649124_1 # 106 # 1098 # 1 # ID=191870_1;partial=01;start_type=ATG;rbs_motif=TAAAA;rbs_spacer=14bp;gc_cont=0.489	vanY gene in vanB cluster	3002956	Strict	37.17	123.51	glycopeptide antibiotic	antibiotic target alteration	vanY; glycopeptide resistance gene cluster	vancomycin	False	chromosome_like	1		
Kathmandu18	I_1-2	k141_649682	k141_649682_1 # 97 # 1092 # -1 # ID=192036_1;partial=01;start_type=Edge;rbs_motif=None;rbs_spacer=None;gc_cont=0.459	vanY gene in vanA cluster	3002955	Strict	36.73	109.24	glycopeptide antibiotic	antibiotic target alteration	vanY; glycopeptide resistance gene cluster	vancomycin; teicoplanin	False	chromosome_like	1		
Kathmandu18	I_1-2	k141_650481	k141_650481_2 # 743 # 1243 # -1 # ID=192271_2;partial=00;start_type=ATG;rbs_motif=AGGAG;rbs_spacer=5-10bp;gc_cont=0.439	nimJ	3007112	Strict	56.25	100.61	nitroimidazole antibiotic	antibiotic inactivation	nitroimidazole reductase	metronidazole	False	chromosome_like	1		
Kathmandu18	I_1-2	k141_2356736	k141_2356736_8 # 6969 # 8201 # 1 # ID=192807_8;partial=00;start_type=ATG;rbs_motif=None;rbs_spacer=None;gc_cont=0.524	Escherichia coli mdfA	3001328	Strict	97.07	100.0	tetracycline antibiotic; disinfecting agents and antiseptics	antibiotic efflux	major facilitator superfamily (MFS) antibiotic efflux pump	tetracycline; benzalkonium chloride	False	chromosome_like	1		
Kathmandu18	I_1-2	k141_653434	k141_653434_5 # 3531 # 4367 # -1 # ID=193106_5;partial=00;start_type=ATG;rbs_motif=GGAG/GAGG;rbs_spacer=5-10bp;gc_cont=0.357	vanW gene in vanG cluster	3002965	Strict	30.4	98.93	glycopeptide antibiotic	antibiotic target alteration	vanW; glycopeptide resistance gene cluster	vancomycin	False	chromosome_like	1		
Kathmandu18	I_1-2	k141_2358015	k141_2358015_1 # 2 # 1411 # 1 # ID=193194_1;partial=11;start_type=Edge;rbs_motif=None;rbs_spacer=None;gc_cont=0.465	ICR-Mo	3004569	Strict	98.94	84.23	peptide antibiotic	antibiotic target alteration	intrinsic colistin resistant phosphoethanolamine transferase	colistin A; colistin B	False	chromosome_like	1		
Kathmandu18	I_1-2	k141_654069	k141_654069_5 # 4233 # 5339 # 1 # ID=193270_5;partial=00;start_type=ATG;rbs_motif=GGAGG;rbs_spacer=5-10bp;gc_cont=0.394	vanT gene in vanG cluster	3002972	Strict	32.32	51.69	glycopeptide antibiotic	antibiotic target alteration	glycopeptide resistance gene cluster; vanT	vancomycin	False	chromosome_like	1		
Kathmandu18	I_1-2	k141_2362450	k141_2362450_8 # 4915 # 6354 # -1 # ID=194479_8;partial=00;start_type=ATG;rbs_motif=GGA/GAG/AGG;rbs_spacer=5-10bp;gc_cont=0.247	AAC(6')-Ie-APH(2'')-Ia bifunctional protein	3002597	Perfect	100.0	100.0	aminoglycoside antibiotic	antibiotic inactivation	aminoglycoside bifunctional resistance protein	dibekacin; amikacin; sisomicin; netilmicin; kanamycin A; tobramycin; gentamicin A; 2'-N-ethylnetilmicin; 5-episisomicin; gentamicin	False	chromosome_like	1		
Kathmandu18	I_1-2	k141_2363989	k141_2363989_1 # 163 # 717 # 1 # ID=194919_1;partial=00;start_type=ATG;rbs_motif=GGA/GAG/AGG;rbs_spacer=5-10bp;gc_cont=0.578	AAC(6')-IIa	3002594	Perfect	100.0	100.0	aminoglycoside antibiotic	antibiotic inactivation	AAC(6')	dibekacin; sisomicin; netilmicin; tobramycin; 2'-N-ethylnetilmicin; 5-episisomicin; gentamicin	False	chromosome_like	1		
Kathmandu18	I_1-2	k141_2373864	k141_2373864_3 # 2568 # 3329 # 1 # ID=197812_3;partial=00;start_type=GTG;rbs_motif=TAA;rbs_spacer=8bp;gc_cont=0.357	vanY gene in vanB cluster	3002956	Strict	34.31	94.4	glycopeptide antibiotic	antibiotic target alteration	vanY; glycopeptide resistance gene cluster	vancomycin	False	chromosome_like	1		
Kathmandu18	I_1-2	k141_672995	k141_672995_8 # 4887 # 6056 # -1 # ID=198380_8;partial=00;start_type=ATG;rbs_motif=AGxAGG/AGGxGG;rbs_spacer=5-10bp;gc_cont=0.272	vanT gene in vanG cluster	3002972	Strict	32.62	54.63	glycopeptide antibiotic	antibiotic target alteration	glycopeptide resistance gene cluster; vanT	vancomycin	False	chromosome_like	1		
Kathmandu18	I_1-2	k141_673487	k141_673487_8 # 7137 # 9602 # 1 # ID=198502_8;partial=00;start_type=ATG;rbs_motif=None;rbs_spacer=None;gc_cont=0.375	vanT gene in vanG cluster	3002972	Strict	35.87	115.31	glycopeptide antibiotic	antibiotic target alteration	glycopeptide resistance gene cluster; vanT	vancomycin	False	chromosome_like	1		
Kathmandu18	I_1-2	k141_2376545	k141_2376545_3 # 1116 # 2177 # -1 # ID=198577_3;partial=00;start_type=ATG;rbs_motif=TAA;rbs_spacer=4bp;gc_cont=0.387	vanG	3002909	Strict	41.38	101.15	glycopeptide antibiotic	antibiotic target alteration	glycopeptide resistance gene cluster; Van ligase	vancomycin	False	chromosome_like	1		
Kathmandu18	I_1-2	k141_679240	k141_679240_3 # 1904 # 2824 # -1 # ID=200156_3;partial=00;start_type=ATG;rbs_motif=AGxAGG/AGGxGG;rbs_spacer=5-10bp;gc_cont=0.650	vanY gene in vanB cluster	3002956	Strict	36.76	114.18	glycopeptide antibiotic	antibiotic target alteration	vanY; glycopeptide resistance gene cluster	vancomycin	False	chromosome_like	1		
Kathmandu18	I_1-2	k141_680465	k141_680465_2 # 458 # 1678 # -1 # ID=200516_2;partial=00;start_type=ATG;rbs_motif=GGA/GAG/AGG;rbs_spacer=5-10bp;gc_cont=0.541	mdtG	3001329	Strict	90.89	99.51	phosphonic acid antibiotic	antibiotic efflux	major facilitator superfamily (MFS) antibiotic efflux pump	fosfomycin	False	chromosome_like	1		
Kathmandu18	I_1-2	k141_2383531	k141_2383531_1 # 2 # 2296 # -1 # ID=200626_1;partial=10;start_type=ATG;rbs_motif=None;rbs_spacer=None;gc_cont=0.517	vanT gene in vanG cluster	3002972	Strict	36.94	107.44	glycopeptide antibiotic	antibiotic target alteration	glycopeptide resistance gene cluster; vanT	vancomycin	False	chromosome_like	1		
Kathmandu18	I_1-2	k141_2384448	k141_2384448_4 # 2129 # 3187 # -1 # ID=200880_4;partial=00;start_type=TTG;rbs_motif=TATAA;rbs_spacer=4bp;gc_cont=0.342	vanY gene in vanM cluster	3002961	Strict	26.54	151.07	glycopeptide antibiotic	antibiotic target alteration	vanY; glycopeptide resistance gene cluster	vancomycin; teicoplanin	False	chromosome_like	1		
Kathmandu18	I_1-2	k141_683134	k141_683134_5 # 7725 # 8606 # 1 # ID=201189_5;partial=00;start_type=ATG;rbs_motif=AGGA;rbs_spacer=5-10bp;gc_cont=0.615	KPC-2	3002312	Perfect	100.0	100.0	monobactam; carbapenem; cephalosporin; penam	antibiotic inactivation	KPC beta-lactamase		True	plasmid_like		0.9873	
Kathmandu18	I_1-2	k141_685260	k141_685260_2 # 381 # 3497 # 1 # ID=201744_2;partial=00;start_type=ATG;rbs_motif=TAAA;rbs_spacer=13bp;gc_cont=0.448	adeF	3000777	Strict	43.28	98.02	fluoroquinolone antibiotic; tetracycline antibiotic	antibiotic efflux	resistance-nodulation-cell division (RND) antibiotic efflux pump	tetracycline	False	chromosome_like	1		
Kathmandu18	I_1-2	k141_694166	k141_694166_1 # 214 # 1446 # 1 # ID=204012_1;partial=00;start_type=ATG;rbs_motif=GGAG/GAGG;rbs_spacer=5-10bp;gc_cont=0.338	vanY gene in vanM cluster	3002961	Strict	40.0	175.97	glycopeptide antibiotic	antibiotic target alteration	vanY; glycopeptide resistance gene cluster	vancomycin; teicoplanin	False	chromosome_like	1		
Kathmandu18	I_1-2	k141_696236	k141_696236_2 # 304 # 1410 # 1 # ID=204494_2;partial=00;start_type=GTG;rbs_motif=None;rbs_spacer=None;gc_cont=0.548	vanT gene in vanG cluster	3002972	Strict	34.32	51.69	glycopeptide antibiotic	antibiotic target alteration	glycopeptide resistance gene cluster; vanT	vancomycin	False	chromosome_like	1		
Kathmandu18	I_1-2	k141_701716	k141_701716_1 # 3 # 836 # -1 # ID=205904_1;partial=10;start_type=ATG;rbs_motif=None;rbs_spacer=None;gc_cont=0.476	vanW gene in vanI cluster	3003724	Strict	25.94	74.53	glycopeptide antibiotic	antibiotic target alteration	vanW; glycopeptide resistance gene cluster	vancomycin; teicoplanin	False	chromosome_like	1		
Kathmandu18	I_1-2	k141_703704	k141_703704_9 # 8174 # 9301 # -1 # ID=206451_9;partial=00;start_type=ATG;rbs_motif=AGxAGG/AGGxGG;rbs_spacer=5-10bp;gc_cont=0.271	vanT gene in vanG cluster	3002972	Strict	36.41	52.67	glycopeptide antibiotic	antibiotic target alteration	glycopeptide resistance gene cluster; vanT	vancomycin	False	chromosome_like	1		
Kathmandu18	I_1-2	k141_2405733	k141_2405733_2 # 209 # 997 # 1 # ID=206863_2;partial=00;start_type=ATG;rbs_motif=TAA;rbs_spacer=11bp;gc_cont=0.375	ANT(3'')-IIc	3004091	Strict	69.38	101.16	aminoglycoside antibiotic	antibiotic inactivation	ANT(3'')	spectinomycin; streptomycin	True	plasmid_like		0.9831	
Kathmandu18	I_1-2	k141_712444	k141_712444_4 # 2583 # 3707 # -1 # ID=208649_4;partial=00;start_type=GTG;rbs_motif=AGxAGG/AGGxGG;rbs_spacer=5-10bp;gc_cont=0.539	vanT gene in vanG cluster	3002972	Strict	40.0	52.53	glycopeptide antibiotic	antibiotic target alteration	glycopeptide resistance gene cluster; vanT	vancomycin	False	chromosome_like	1		
Kathmandu18	I_1-2	k141_714701	k141_714701_2 # 646 # 1200 # -1 # ID=209304_2;partial=01;start_type=Edge;rbs_motif=None;rbs_spacer=None;gc_cont=0.339	vanY gene in vanB cluster	3002956	Strict	50.56	68.66	glycopeptide antibiotic	antibiotic target alteration	vanY; glycopeptide resistance gene cluster	vancomycin	False	chromosome_like	1		
Kathmandu18	I_1-2	k141_714704	k141_714704_2 # 645 # 1199 # -1 # ID=209305_2;partial=01;start_type=Edge;rbs_motif=None;rbs_spacer=None;gc_cont=0.335	vanY gene in vanB cluster	3002956	Strict	50.0	68.66	glycopeptide antibiotic	antibiotic target alteration	vanY; glycopeptide resistance gene cluster	vancomycin	False	chromosome_like	1		
Kathmandu18	I_1-2	k141_2419607	k141_2419607_1 # 3 # 413 # 1 # ID=210627_1;partial=10;start_type=Edge;rbs_motif=None;rbs_spacer=None;gc_cont=0.365	vanY gene in vanB cluster	3002956	Strict	42.31	50.75	glycopeptide antibiotic	antibiotic target alteration	vanY; glycopeptide resistance gene cluster	vancomycin	False	chromosome_like	1		
Kathmandu18	I_1-2	k141_2421272	k141_2421272_1 # 1 # 1086 # 1 # ID=211079_1;partial=11;start_type=Edge;rbs_motif=None;rbs_spacer=None;gc_cont=0.635	vanW gene in vanI cluster	3003724	Strict	35.32	97.05	glycopeptide antibiotic	antibiotic target alteration	vanW; glycopeptide resistance gene cluster	vancomycin; teicoplanin	False	chromosome_like	1		
Kathmandu18	I_1-2	k141_721263	k141_721263_14 # 12784 # 13965 # 1 # ID=211235_14;partial=00;start_type=ATG;rbs_motif=GGAG/GAGG;rbs_spacer=5-10bp;gc_cont=0.335	vanT gene in vanG cluster	3002972	Strict	37.87	55.2	glycopeptide antibiotic	antibiotic target alteration	glycopeptide resistance gene cluster; vanT	vancomycin	False	chromosome_like	1		
Kathmandu18	I_1-2	k141_2422689	k141_2422689_3 # 790 # 1983 # -1 # ID=211440_3;partial=00;start_type=ATG;rbs_motif=AGGAG/GGAGG;rbs_spacer=11-12bp;gc_cont=0.350	mefJ	3007049	Strict	99.24	100.0	macrolide antibiotic	antibiotic efflux	major facilitator superfamily (MFS) antibiotic efflux pump		False	chromosome_like	1		
Kathmandu18	I_1-2	k141_724296	k141_724296_2 # 343 # 834 # 1 # ID=212040_2;partial=00;start_type=ATG;rbs_motif=GGAGG;rbs_spacer=5-10bp;gc_cont=0.374	nimA	3007104	Strict	56.52	92.61	nitroimidazole antibiotic	antibiotic inactivation	nitroimidazole reductase	metronidazole	False	chromosome_like	1		
Kathmandu18	I_1-2	k141_2428590	k141_2428590_2 # 598 # 1113 # 1 # ID=213003_2;partial=00;start_type=ATG;rbs_motif=AGGAG;rbs_spacer=5-10bp;gc_cont=0.368	nimG	3007109	Strict	56.25	104.27	nitroimidazole antibiotic	antibiotic inactivation	nitroimidazole reductase	metronidazole	False	chromosome_like	1		
Kathmandu18	I_1-2	k141_728539	k141_728539_1 # 80 # 1306 # -1 # ID=213206_1;partial=00;start_type=ATG;rbs_motif=AGGA;rbs_spacer=5-10bp;gc_cont=0.500	EreA2	3002826	Perfect	100.0	100.0	macrolide antibiotic	antibiotic inactivation	macrolide esterase	erythromycin	False	chromosome_like	1		
Kathmandu18	I_1-2	k141_2430606	k141_2430606_5 # 3683 # 4015 # 1 # ID=213596_5;partial=00;start_type=ATG;rbs_motif=GGA/GAG/AGG;rbs_spacer=5-10bp;gc_cont=0.532	qacJ	3007014	Strict	36.54	102.8	disinfecting agents and antiseptics	antibiotic efflux	small multidrug resistance (SMR) antibiotic efflux pump	benzalkonium chloride	False	chromosome_like	1		
Kathmandu18	I_1-2	k141_735485	k141_735485_2 # 218 # 1177 # -1 # ID=215081_2;partial=00;start_type=ATG;rbs_motif=GGA/GAG/AGG;rbs_spacer=5-10bp;gc_cont=0.606	vanH gene in vanO cluster	3002948	Strict	36.28	91.14	glycopeptide antibiotic	antibiotic target alteration	vanH; glycopeptide resistance gene cluster	vancomycin	False	chromosome_like	1		
Kathmandu18	I_1-2	k141_738351	k141_738351_2 # 726 # 3248 # 1 # ID=215883_2;partial=01;start_type=ATG;rbs_motif=GGA/GAG/AGG;rbs_spacer=5-10bp;gc_cont=0.608	adeF	3000777	Strict	60.36	79.41	fluoroquinolone antibiotic; tetracycline antibiotic	antibiotic efflux	resistance-nodulation-cell division (RND) antibiotic efflux pump	tetracycline	False	chromosome_like	1		
Kathmandu18	I_1-2	k141_2446248	k141_2446248_2 # 1139 # 1471 # 1 # ID=217800_2;partial=00;start_type=ATG;rbs_motif=None;rbs_spacer=None;gc_cont=0.471	qacG	3007015	Strict	41.9	102.8	disinfecting agents and antiseptics	antibiotic efflux	small multidrug resistance (SMR) antibiotic efflux pump	benzalkonium chloride	False	chromosome_like	1		
Kathmandu18	I_1-2	k141_2449881	k141_2449881_1 # 130 # 876 # -1 # ID=218797_1;partial=00;start_type=ATG;rbs_motif=None;rbs_spacer=None;gc_cont=0.347	vanY gene in vanG cluster	3002959	Strict	31.91	88.89	glycopeptide antibiotic	antibiotic target alteration	vanY; glycopeptide resistance gene cluster	vancomycin	False	chromosome_like	1		
Kathmandu18	I_1-2	k141_750709	k141_750709_1 # 151 # 972 # 1 # ID=219034_1;partial=00;start_type=ATG;rbs_motif=AGGA;rbs_spacer=5-10bp;gc_cont=0.518	lnuF	3002839	Strict	99.27	100.0	lincosamide antibiotic	antibiotic inactivation	lincosamide nucleotidyltransferase (LNU)	lincomycin; clindamycin	False	chromosome_like	1		
Kathmandu18	I_1-2	k141_751318	k141_751318_6 # 4052 # 4708 # 1 # ID=219177_6;partial=00;start_type=ATG;rbs_motif=AGGAG;rbs_spacer=5-10bp;gc_cont=0.438	QnrS2	3002791	Perfect	100.0	100.0	fluoroquinolone antibiotic	antibiotic target protection	quinolone resistance protein (qnr)	ciprofloxacin; levofloxacin; moxifloxacin; gatifloxacin; nalidixic acid; norfloxacin; sparfloxacin	True	plasmid_like		0.9952	
Kathmandu18	I_1-2	k141_2456742	k141_2456742_5 # 2708 # 3946 # -1 # ID=220554_5;partial=00;start_type=ATG;rbs_motif=GGA/GAG/AGG;rbs_spacer=5-10bp;gc_cont=0.560	tet(40)	3000567	Strict	99.51	101.48	tetracycline antibiotic	antibiotic efflux	major facilitator superfamily (MFS) antibiotic efflux pump	tetracycline	False	chromosome_like	1		
Kathmandu18	I_1-2	k141_757632	k141_757632_1 # 1 # 3099 # -1 # ID=220776_1;partial=10;start_type=ATG;rbs_motif=AGxAGG/AGGxGG;rbs_spacer=3-4bp;gc_cont=0.550	adeF	3000777	Strict	41.81	97.54	fluoroquinolone antibiotic; tetracycline antibiotic	antibiotic efflux	resistance-nodulation-cell division (RND) antibiotic efflux pump	tetracycline	False	chromosome_like	1		
Kathmandu18	I_1-2	k141_764612	k141_764612_3 # 869 # 2512 # -1 # ID=222671_3;partial=00;start_type=ATG;rbs_motif=GGAG/GAGG;rbs_spacer=5-10bp;gc_cont=0.555	MCR-5.1	3004332	Perfect	100.0	100.0	peptide antibiotic	antibiotic target alteration	MCR phosphoethanolamine transferase	colistin A; colistin B	True	plasmid_like		0.9308	
Kathmandu18	I_1-2	k141_2466683	k141_2466683_5 # 4785 # 5846 # 1 # ID=223161_5;partial=00;start_type=TTG;rbs_motif=AGGA;rbs_spacer=5-10bp;gc_cont=0.416	vanG	3002909	Strict	40.34	101.15	glycopeptide antibiotic	antibiotic target alteration	glycopeptide resistance gene cluster; Van ligase	vancomycin	False	chromosome_like	1		
Kathmandu18	I_1-2	k141_2467359	k141_2467359_5 # 2926 # 4077 # -1 # ID=223327_5;partial=00;start_type=ATG;rbs_motif=GGA/GAG/AGG;rbs_spacer=5-10bp;gc_cont=0.314	vanY gene in vanM cluster	3002961	Strict	29.58	164.38	glycopeptide antibiotic	antibiotic target alteration	vanY; glycopeptide resistance gene cluster	vancomycin; teicoplanin	False	chromosome_like	1		
Kathmandu18	I_1-2	k141_769456	k141_769456_28 # 14378 # 15844 # 1 # ID=224004_28;partial=00;start_type=ATG;rbs_motif=AGGA;rbs_spacer=5-10bp;gc_cont=0.458	vanW gene in vanI cluster	3003724	Strict	33.33	130.83	glycopeptide antibiotic	antibiotic target alteration	vanW; glycopeptide resistance gene cluster	vancomycin; teicoplanin	False	chromosome_like	1		
Kathmandu18	I_1-2	k141_774491	k141_774491_2 # 853 # 1308 # -1 # ID=225442_2;partial=01;start_type=Edge;rbs_motif=None;rbs_spacer=None;gc_cont=0.445	vanY gene in vanA cluster	3002955	Strict	52.43	49.83	glycopeptide antibiotic	antibiotic target alteration	vanY; glycopeptide resistance gene cluster	vancomycin; teicoplanin	False	chromosome_like	1		
Kathmandu18	I_1-2	k141_2478068	k141_2478068_2 # 349 # 1137 # -1 # ID=226276_2;partial=00;start_type=ATG;rbs_motif=GGAG/GAGG;rbs_spacer=5-10bp;gc_cont=0.442	aadA27	3004682	Strict	98.09	100.0	aminoglycoside antibiotic	antibiotic inactivation	ANT(3'')	spectinomycin; streptomycin	False	chromosome_like	1		
Kathmandu18	I_1-2	k141_779580	k141_779580_2 # 1104 # 2228 # 1 # ID=226893_2;partial=00;start_type=ATG;rbs_motif=GGAG/GAGG;rbs_spacer=5-10bp;gc_cont=0.350	vanT gene in vanG cluster	3002972	Strict	34.33	52.53	glycopeptide antibiotic	antibiotic target alteration	glycopeptide resistance gene cluster; vanT	vancomycin	False	chromosome_like	1		
Kathmandu18	I_1-2	k141_2482247	k141_2482247_2 # 320 # 1177 # 1 # ID=227339_2;partial=00;start_type=ATG;rbs_motif=None;rbs_spacer=None;gc_cont=0.464	vanY gene in vanM cluster	3002961	Strict	34.2	122.32	glycopeptide antibiotic	antibiotic target alteration	vanY; glycopeptide resistance gene cluster	vancomycin; teicoplanin	False	chromosome_like	1		
Kathmandu18	I_1-2	k141_2482779	k141_2482779_1 # 358 # 1092 # -1 # ID=227460_1;partial=00;start_type=ATG;rbs_motif=AGGAG;rbs_spacer=5-10bp;gc_cont=0.263	ErmG	3000522	Strict	93.85	100.0	macrolide antibiotic; lincosamide antibiotic; streptogramin antibiotic; streptogramin A antibiotic; streptogramin B antibiotic	antibiotic target alteration	Erm 23S ribosomal RNA methyltransferase	erythromycin; roxithromycin; lincomycin; telithromycin; clarithromycin; clindamycin; tylosin; spiramycin; azithromycin; dirithromycin; pristinamycin IA; quinupristin; virginiamycin M1; madumycin II; griseoviridin; dalfopristin; pristinamycin IB; virginiamycin S2; pristinamycin IC; vernamycin C; patricin A; patricin B; ostreogrycin B3; oleandomycin	False	chromosome_like	1		
Kathmandu18	I_1-2	k141_2482837	k141_2482837_1 # 2 # 2074 # 1 # ID=227476_1;partial=10;start_type=Edge;rbs_motif=None;rbs_spacer=None;gc_cont=0.429	vanT gene in vanG cluster	3002972	Strict	34.7	96.91	glycopeptide antibiotic	antibiotic target alteration	glycopeptide resistance gene cluster; vanT	vancomycin	False	chromosome_like	1		
Kathmandu18	I_1-2	k141_2485479	k141_2485479_1 # 2 # 982 # 1 # ID=228189_1;partial=10;start_type=Edge;rbs_motif=None;rbs_spacer=None;gc_cont=0.402	vanW gene in vanI cluster	3003724	Strict	33.18	87.4	glycopeptide antibiotic	antibiotic target alteration	vanW; glycopeptide resistance gene cluster	vancomycin; teicoplanin	False	chromosome_like	1		
Kathmandu18	I_1-2	k141_785319	k141_785319_2 # 1104 # 2279 # -1 # ID=228466_2;partial=00;start_type=ATG;rbs_motif=GGAG/GAGG;rbs_spacer=5-10bp;gc_cont=0.637	cmx	3002703	Perfect	100.0	100.0	phenicol antibiotic	antibiotic efflux	major facilitator superfamily (MFS) antibiotic efflux pump	chloramphenicol	False	chromosome_like	1		
Kathmandu18	I_1-2	k141_786252	k141_786252_2 # 327 # 671 # -1 # ID=228692_2;partial=00;start_type=ATG;rbs_motif=AGGA/GGAG/GAGG;rbs_spacer=11-12bp;gc_cont=0.400	qacG	3007015	Strict	46.15	106.54	disinfecting agents and antiseptics	antibiotic efflux	small multidrug resistance (SMR) antibiotic efflux pump	benzalkonium chloride	False	chromosome_like	1		
Kathmandu18	I_1-2	k141_2490329	k141_2490329_4 # 3170 # 4240 # -1 # ID=229571_4;partial=00;start_type=ATG;rbs_motif=GGA/GAG/AGG;rbs_spacer=5-10bp;gc_cont=0.341	vanG	3002909	Strict	42.07	102.01	glycopeptide antibiotic	antibiotic target alteration	glycopeptide resistance gene cluster; Van ligase	vancomycin	False	chromosome_like	1		
Kathmandu18	I_1-2	k141_789800	k141_789800_1 # 1 # 1077 # -1 # ID=229664_1;partial=10;start_type=ATG;rbs_motif=AGGAG;rbs_spacer=5-10bp;gc_cont=0.518	vanW gene in vanI cluster	3003724	Strict	26.79	96.25	glycopeptide antibiotic	antibiotic target alteration	vanW; glycopeptide resistance gene cluster	vancomycin; teicoplanin	False	chromosome_like	1		
Kathmandu18	I_1-2	k141_789941	k141_789941_8 # 7176 # 7976 # -1 # ID=229701_8;partial=00;start_type=ATG;rbs_motif=TAA;rbs_spacer=10bp;gc_cont=0.342	ErmF	3000498	Strict	99.25	100.0	macrolide antibiotic; lincosamide antibiotic; streptogramin antibiotic; streptogramin A antibiotic; streptogramin B antibiotic	antibiotic target alteration	Erm 23S ribosomal RNA methyltransferase	erythromycin; roxithromycin; lincomycin; telithromycin; clarithromycin; clindamycin; tylosin; spiramycin; azithromycin; dirithromycin; pristinamycin IA; quinupristin; virginiamycin M1; madumycin II; griseoviridin; dalfopristin; pristinamycin IB; virginiamycin S2; pristinamycin IC; vernamycin C; patricin A; patricin B; ostreogrycin B3; oleandomycin	False	chromosome_like	1		
Kathmandu18	I_1-2	k141_2491326	k141_2491326_2 # 1378 # 2364 # -1 # ID=229829_2;partial=01;start_type=Edge;rbs_motif=None;rbs_spacer=None;gc_cont=0.315	EreD	3004608	Strict	99.39	80.39	macrolide antibiotic	antibiotic inactivation	macrolide esterase	erythromycin	False	chromosome_like	1		
Kathmandu18	I_1-2	k141_2494455	k141_2494455_2 # 1930 # 5532 # -1 # ID=230689_2;partial=01;start_type=Edge;rbs_motif=None;rbs_spacer=None;gc_cont=0.605	Bifidobacterium adolescentis rpoB mutants conferring resistance to rifampicin	3004480	Strict	98.06	101.18	rifamycin antibiotic	antibiotic target alteration; antibiotic target replacement	rifamycin-resistant beta-subunit of RNA polymerase (rpoB)	rifampin	False	chromosome_like	1		
Kathmandu18	I_1-2	k141_2495929	k141_2495929_3 # 2101 # 2997 # -1 # ID=231078_3;partial=01;start_type=Edge;rbs_motif=None;rbs_spacer=None;gc_cont=0.484	vanW gene in vanI cluster	3003724	Strict	36.56	79.89	glycopeptide antibiotic	antibiotic target alteration	vanW; glycopeptide resistance gene cluster	vancomycin; teicoplanin	False	chromosome_like	1		
Kathmandu18	I_1-2	k141_798695	k141_798695_1 # 2 # 1168 # 1 # ID=231973_1;partial=10;start_type=Edge;rbs_motif=None;rbs_spacer=None;gc_cont=0.458	vanT gene in vanG cluster	3002972	Strict	35.47	54.49	glycopeptide antibiotic	antibiotic target alteration	glycopeptide resistance gene cluster; vanT	vancomycin	False	chromosome_like	1		
Kathmandu18	I_1-2	k141_802775	k141_802775_5 # 2548 # 3072 # 1 # ID=233027_5;partial=00;start_type=ATG;rbs_motif=AATAA;rbs_spacer=15bp;gc_cont=0.484	SAT-2	3002895	Perfect	100.0	100.0	nucleoside antibiotic	antibiotic inactivation	streptothricin acetyltransferase (SAT)	streptothricin	True	plasmid_like		0.9634	
Kathmandu18	I_1-2	k141_2503814	k141_2503814_1 # 505 # 849 # 1 # ID=233137_1;partial=00;start_type=ATG;rbs_motif=GGA/GAG/AGG;rbs_spacer=5-10bp;gc_cont=0.339	qacJ	3007014	Strict	45.19	106.54	disinfecting agents and antiseptics	antibiotic efflux	small multidrug resistance (SMR) antibiotic efflux pump	benzalkonium chloride	False	chromosome_like	1		
Kathmandu18	I_1-2	k141_804643	k141_804643_6 # 4565 # 5047 # -1 # ID=233474_6;partial=01;start_type=Edge;rbs_motif=None;rbs_spacer=None;gc_cont=0.342	vanW gene in vanG cluster	3002965	Strict	25.52	56.94	glycopeptide antibiotic	antibiotic target alteration	vanW; glycopeptide resistance gene cluster	vancomycin	False	chromosome_like	1		
Kathmandu18	I_1-2	k141_2505641	k141_2505641_1 # 258 # 1364 # 1 # ID=233637_1;partial=01;start_type=ATG;rbs_motif=GGAG/GAGG;rbs_spacer=5-10bp;gc_cont=0.306	vanT gene in vanG cluster	3002972	Strict	39.46	51.83	glycopeptide antibiotic	antibiotic target alteration	glycopeptide resistance gene cluster; vanT	vancomycin	False	chromosome_like	1		
Kathmandu18	I_1-2	k141_2507075	k141_2507075_1 # 2 # 802 # 1 # ID=234053_1;partial=10;start_type=Edge;rbs_motif=None;rbs_spacer=None;gc_cont=0.338	Erm(35)	3000604	Strict	74.44	100.0	macrolide antibiotic; lincosamide antibiotic; streptogramin antibiotic; streptogramin A antibiotic; streptogramin B antibiotic	antibiotic target alteration	Erm 23S ribosomal RNA methyltransferase	erythromycin; roxithromycin; lincomycin; telithromycin; clarithromycin; clindamycin; tylosin; spiramycin; azithromycin; dirithromycin; pristinamycin IA; quinupristin; virginiamycin M1; madumycin II; griseoviridin; dalfopristin; pristinamycin IB; virginiamycin S2; pristinamycin IC; vernamycin C; patricin A; patricin B; ostreogrycin B3; oleandomycin	False	chromosome_like	1		
Kathmandu18	I_1-2	k141_2510230	k141_2510230_3 # 2072 # 3241 # 1 # ID=234932_3;partial=00;start_type=ATG;rbs_motif=GGAG/GAGG;rbs_spacer=5-10bp;gc_cont=0.465	vanT gene in vanG cluster	3002972	Strict	37.57	54.63	glycopeptide antibiotic	antibiotic target alteration	glycopeptide resistance gene cluster; vanT	vancomycin	False	chromosome_like	1		
Kathmandu18	I_1-2	k141_2510986	k141_2510986_2 # 633 # 1703 # -1 # ID=235142_2;partial=00;start_type=ATG;rbs_motif=GGAG/GAGG;rbs_spacer=5-10bp;gc_cont=0.553	OmpA	3005044	Strict	99.16	95.19	peptide antibiotic	reduced permeability to antibiotic	General Bacterial Porin with reduced permeability to peptide antibiotics	polymyxin B; defensin	False	chromosome_like	1		
Kathmandu18	I_1-2	k141_2513740	k141_2513740_3 # 1057 # 1188 # -1 # ID=235881_3;partial=01;start_type=Edge;rbs_motif=None;rbs_spacer=None;gc_cont=0.356	vanY gene in vanG cluster	3002959	Strict	60.0	15.41	glycopeptide antibiotic	antibiotic target alteration	vanY; glycopeptide resistance gene cluster	vancomycin	False	chromosome_like	1		
Kathmandu18	I_1-2	k141_816110	k141_816110_4 # 5469 # 7118 # 1 # ID=236325_4;partial=00;start_type=ATG;rbs_motif=GGA/GAG/AGG;rbs_spacer=5-10bp;gc_cont=0.444	ICR-Mo	3004569	Strict	69.37	98.39	peptide antibiotic	antibiotic target alteration	intrinsic colistin resistant phosphoethanolamine transferase	colistin A; colistin B	False	chromosome_like	1		
Kathmandu18	I_1-2	k141_816279	k141_816279_1 # 1197 # 1382 # -1 # ID=236363_1;partial=00;start_type=ATG;rbs_motif=AGGAG;rbs_spacer=5-10bp;gc_cont=0.500	rsmA	3005069	Strict	91.8	100.0	fluoroquinolone antibiotic; diaminopyrimidine antibiotic; phenicol antibiotic	antibiotic efflux	resistance-nodulation-cell division (RND) antibiotic efflux pump	trimethoprim; chloramphenicol	False	chromosome_like	1		
Kathmandu18	I_1-2	k141_2517781	k141_2517781_14 # 12066 # 13949 # 1 # ID=237011_14;partial=00;start_type=ATG;rbs_motif=AGGAG;rbs_spacer=5-10bp;gc_cont=0.460	vanY gene in vanB cluster	3002956	Strict	43.09	233.96	glycopeptide antibiotic	antibiotic target alteration	vanY; glycopeptide resistance gene cluster	vancomycin	False	chromosome_like	1		
Kathmandu18	I_1-2	k141_821389	k141_821389_5 # 5649 # 6707 # 1 # ID=237854_5;partial=00;start_type=GTG;rbs_motif=TATAA;rbs_spacer=4bp;gc_cont=0.334	vanY gene in vanM cluster	3002961	Strict	26.06	151.07	glycopeptide antibiotic	antibiotic target alteration	vanY; glycopeptide resistance gene cluster	vancomycin; teicoplanin	False	chromosome_like	1		
Kathmandu18	I_1-2	k141_2525957	k141_2525957_9 # 6481 # 7182 # -1 # ID=239143_9;partial=00;start_type=ATG;rbs_motif=None;rbs_spacer=None;gc_cont=0.632	vanY gene in vanB cluster	3002956	Strict	32.61	86.94	glycopeptide antibiotic	antibiotic target alteration	vanY; glycopeptide resistance gene cluster	vancomycin	False	chromosome_like	1		
Kathmandu18	I_1-2	k141_826321	k141_826321_4 # 3203 # 4051 # 1 # ID=239247_4;partial=00;start_type=ATG;rbs_motif=AGxAGG/AGGxGG;rbs_spacer=5-10bp;gc_cont=0.450	vanW gene in vanI cluster	3003724	Strict	43.85	75.6	glycopeptide antibiotic	antibiotic target alteration	vanW; glycopeptide resistance gene cluster	vancomycin; teicoplanin	False	chromosome_like	1		
Kathmandu18	I_1-2	k141_829610	k141_829610_7 # 5717 # 7672 # 1 # ID=240151_7;partial=00;start_type=ATG;rbs_motif=GGAG/GAGG;rbs_spacer=5-10bp;gc_cont=0.324	tetB(P)	3000195	Strict	79.08	99.85	tetracycline antibiotic	antibiotic target protection	tetracycline-resistant ribosomal protection protein	tetracycline; doxycycline; minocycline; chlortetracycline; demeclocycline; oxytetracycline	True	plasmid_like		0.9329	
Kathmandu18	I_1-2	k141_829686	k141_829686_1 # 172 # 357 # 1 # ID=240171_1;partial=00;start_type=ATG;rbs_motif=AGGAG;rbs_spacer=5-10bp;gc_cont=0.511	rsmA	3005069	Strict	85.25	100.0	fluoroquinolone antibiotic; diaminopyrimidine antibiotic; phenicol antibiotic	antibiotic efflux	resistance-nodulation-cell division (RND) antibiotic efflux pump	trimethoprim; chloramphenicol	False	chromosome_like	1		
Kathmandu18	I_1-2	k141_833192	k141_833192_3 # 1661 # 2476 # -1 # ID=241030_3;partial=00;start_type=ATG;rbs_motif=GGA/GAG/AGG;rbs_spacer=5-10bp;gc_cont=0.441	APH(3')-Ia	3002641	Strict	99.26	100.0	aminoglycoside antibiotic	antibiotic inactivation	APH(3')	neomycin; ribostamycin; kanamycin A; gentamicin B; paromomycin; lividomycin; gentamicin	True	plasmid_like		0.8919	
Kathmandu18	I_1-2	k141_2536178	k141_2536178_1 # 1 # 663 # 1 # ID=241757_1;partial=10;start_type=Edge;rbs_motif=None;rbs_spacer=None;gc_cont=0.296	vanW gene in vanI cluster	3003724	Strict	35.9	58.98	glycopeptide antibiotic	antibiotic target alteration	vanW; glycopeptide resistance gene cluster	vancomycin; teicoplanin	False	chromosome_like	1		
Kathmandu18	I_1-2	k141_2539565	k141_2539565_1 # 98 # 757 # 1 # ID=242739_1;partial=00;start_type=ATG;rbs_motif=AGGAGG;rbs_spacer=5-10bp;gc_cont=0.355	catQ	3002687	Strict	99.54	100.0	phenicol antibiotic	antibiotic inactivation	chloramphenicol acetyltransferase (CAT)	azidamfenicol; chloramphenicol; thiamphenicol	False	chromosome_like	1		
Kathmandu18	I_1-2	k141_2542968	k141_2542968_1 # 272 # 469 # -1 # ID=243642_1;partial=00;start_type=ATG;rbs_motif=AGGAG;rbs_spacer=5-10bp;gc_cont=0.525	rsmA	3005069	Strict	87.93	106.56	fluoroquinolone antibiotic; diaminopyrimidine antibiotic; phenicol antibiotic	antibiotic efflux	resistance-nodulation-cell division (RND) antibiotic efflux pump	trimethoprim; chloramphenicol	False	chromosome_like	1		
Kathmandu18	I_1-2	k141_2549823	k141_2549823_1 # 2 # 1177 # 1 # ID=245556_1;partial=10;start_type=Edge;rbs_motif=None;rbs_spacer=None;gc_cont=0.411	vanT gene in vanG cluster	3002972	Strict	39.04	54.92	glycopeptide antibiotic	antibiotic target alteration	glycopeptide resistance gene cluster; vanT	vancomycin	False	chromosome_like	1		
Kathmandu18	I_1-2	k141_2556472	k141_2556472_1 # 1 # 1326 # 1 # ID=247317_1;partial=11;start_type=Edge;rbs_motif=None;rbs_spacer=None;gc_cont=0.624	ArnT	3005053	Strict	89.59	80.22	peptide antibiotic	antibiotic target alteration	pmr phosphoethanolamine transferase	colistin A; colistin B	False	chromosome_like	1		
Kathmandu18	I_1-2	k141_2557367	k141_2557367_2 # 931 # 1785 # -1 # ID=247544_2;partial=00;start_type=ATG;rbs_motif=AGGAGG;rbs_spacer=5-10bp;gc_cont=0.421	ACI-1	3004359	Perfect	100.0	100.0	cephalosporin; penam; penem	antibiotic inactivation	ACI beta-lactamase	penicillin; ceftazidime; amoxicillin; cefotaxime; ticarcillin	False	chromosome_like	1		
Kathmandu18	I_1-2	k141_859562	k141_859562_4 # 2804 # 3133 # -1 # ID=247834_4;partial=00;start_type=ATG;rbs_motif=GGAG/GAGG;rbs_spacer=5-10bp;gc_cont=0.521	Klebsiella pneumoniae KpnF	3004583	Strict	88.99	100.0	macrolide antibiotic; aminoglycoside antibiotic; cephalosporin; tetracycline antibiotic; peptide antibiotic; rifamycin antibiotic; disinfecting agents and antiseptics	antibiotic efflux	small multidrug resistance (SMR) antibiotic efflux pump	erythromycin; streptomycin; tetracycline; cefepime; ceftriaxone; rifampin; colistin A; colistin B; triclosan; benzalkonium chloride; chlorhexidine	False	chromosome_like	1		
Kathmandu18	I_1-2	k141_2559120	k141_2559120_1 # 2 # 214 # 1 # ID=247968_1;partial=10;start_type=Edge;rbs_motif=None;rbs_spacer=None;gc_cont=0.343	vanY gene in vanB cluster	3002956	Strict	68.85	26.12	glycopeptide antibiotic	antibiotic target alteration	vanY; glycopeptide resistance gene cluster	vancomycin	False	chromosome_like	1		
Kathmandu18	I_1-2	k141_2560954	k141_2560954_3 # 1599 # 2357 # 1 # ID=248487_3;partial=00;start_type=ATG;rbs_motif=None;rbs_spacer=None;gc_cont=0.403	vanY gene in vanB cluster	3002956	Strict	41.27	94.03	glycopeptide antibiotic	antibiotic target alteration	vanY; glycopeptide resistance gene cluster	vancomycin	False	chromosome_like	1		
Kathmandu18	I_1-2	k141_2561110	k141_2561110_5 # 3680 # 4807 # -1 # ID=248528_5;partial=00;start_type=ATG;rbs_motif=None;rbs_spacer=None;gc_cont=0.401	vanT gene in vanG cluster	3002972	Strict	31.59	52.67	glycopeptide antibiotic	antibiotic target alteration	glycopeptide resistance gene cluster; vanT	vancomycin	False	chromosome_like	1		
Kathmandu18	I_1-2	k141_2561299	k141_2561299_1 # 523 # 1182 # -1 # ID=248601_1;partial=00;start_type=ATG;rbs_motif=AGGAGG;rbs_spacer=5-10bp;gc_cont=0.356	catQ	3002687	Strict	97.26	100.0	phenicol antibiotic	antibiotic inactivation	chloramphenicol acetyltransferase (CAT)	azidamfenicol; chloramphenicol; thiamphenicol	False	chromosome_like	1		
Kathmandu18	I_1-2	k141_864925	k141_864925_1 # 1 # 243 # 1 # ID=249283_1;partial=10;start_type=Edge;rbs_motif=None;rbs_spacer=None;gc_cont=0.646	vanY gene in vanM cluster	3002961	Strict	50.91	34.33	glycopeptide antibiotic	antibiotic target alteration	vanY; glycopeptide resistance gene cluster	vancomycin; teicoplanin	False	chromosome_like	1		
Kathmandu18	I_1-2	k141_867883	k141_867883_6 # 4123 # 5268 # -1 # ID=250057_6;partial=00;start_type=ATG;rbs_motif=GGAG/GAGG;rbs_spacer=5-10bp;gc_cont=0.449	vanT gene in vanG cluster	3002972	Strict	34.6	53.51	glycopeptide antibiotic	antibiotic target alteration	glycopeptide resistance gene cluster; vanT	vancomycin	False	chromosome_like	1		
Kathmandu18	I_1-2	k141_2566499	k141_2566499_57 # 60981 # 64112 # 1 # ID=250093_57;partial=00;start_type=GTG;rbs_motif=AGxAGG/AGGxGG;rbs_spacer=5-10bp;gc_cont=0.385	adeF	3000777	Strict	43.13	98.49	fluoroquinolone antibiotic; tetracycline antibiotic	antibiotic efflux	resistance-nodulation-cell division (RND) antibiotic efflux pump	tetracycline	False	chromosome_like	1		
Kathmandu18	I_1-2	k141_870324	k141_870324_3 # 1135 # 1968 # 1 # ID=250670_3;partial=00;start_type=ATG;rbs_motif=GGA/GAG/AGG;rbs_spacer=5-10bp;gc_cont=0.374	vanY gene in vanM cluster	3002961	Strict	39.57	118.88	glycopeptide antibiotic	antibiotic target alteration	vanY; glycopeptide resistance gene cluster	vancomycin; teicoplanin	False	chromosome_like	1		
Kathmandu18	I_1-2	k141_870742	k141_870742_1 # 3 # 1121 # -1 # ID=250780_1;partial=10;start_type=ATG;rbs_motif=GGA/GAG/AGG;rbs_spacer=5-10bp;gc_cont=0.445	vanT gene in vanG cluster	3002972	Strict	37.84	52.39	glycopeptide antibiotic	antibiotic target alteration	glycopeptide resistance gene cluster; vanT	vancomycin	False	chromosome_like	1		
Kathmandu18	I_1-2	k141_2570100	k141_2570100_4 # 2454 # 2984 # 1 # ID=251062_4;partial=00;start_type=ATG;rbs_motif=AGGA/GGAG/GAGG;rbs_spacer=11-12bp;gc_cont=0.533	emrR	3000516	Strict	93.14	100.0	fluoroquinolone antibiotic	antibiotic efflux	major facilitator superfamily (MFS) antibiotic efflux pump	nalidixic acid	True	plasmid_like		0.8019	
Kathmandu18	I_1-2	k141_2578383	k141_2578383_9 # 8972 # 10771 # -1 # ID=253285_9;partial=00;start_type=ATG;rbs_motif=GGAGG;rbs_spacer=5-10bp;gc_cont=0.422	vanW gene in vanI cluster	3003724	Strict	33.85	160.59	glycopeptide antibiotic	antibiotic target alteration	vanW; glycopeptide resistance gene cluster	vancomycin; teicoplanin	False	chromosome_like	1		
Kathmandu18	I_1-2	k141_885720	k141_885720_2 # 1240 # 1770 # 1 # ID=254828_2;partial=00;start_type=ATG;rbs_motif=GGAG/GAGG;rbs_spacer=5-10bp;gc_cont=0.542	emrR	3000516	Strict	91.48	100.0	fluoroquinolone antibiotic	antibiotic efflux	major facilitator superfamily (MFS) antibiotic efflux pump	nalidixic acid	True	plasmid_like		0.7999	
Kathmandu18	I_1-2	k141_886876	k141_886876_4 # 1001 # 2449 # -1 # ID=255168_4;partial=01;start_type=Edge;rbs_motif=None;rbs_spacer=None;gc_cont=0.676	vanW gene in vanI cluster	3003724	Strict	33.04	129.22	glycopeptide antibiotic	antibiotic target alteration	vanW; glycopeptide resistance gene cluster	vancomycin; teicoplanin	False	chromosome_like	1		
Kathmandu18	I_1-2	k141_2585676	k141_2585676_1 # 44 # 844 # -1 # ID=255286_1;partial=00;start_type=ATG;rbs_motif=AGGA;rbs_spacer=5-10bp;gc_cont=0.471	OXA-732	3005937	Perfect	100.0	100.0	carbapenem; cephalosporin; penam	antibiotic inactivation	OXA beta-lactamase	cloxacillin; oxacillin; cefalotin	False	chromosome_like	1		
Kathmandu18	I_1-2	k141_2585676	k141_2585676_16 # 13632 # 14042 # -1 # ID=255286_16;partial=00;start_type=ATG;rbs_motif=GGAG/GAGG;rbs_spacer=5-10bp;gc_cont=0.550	FosI	3007370	Strict	65.15	101.49	phosphonic acid antibiotic	antibiotic inactivation	fosfomycin thiol transferase	fosfomycin	False	chromosome_like	1		
Kathmandu18	I_1-2	k141_888382	k141_888382_1 # 2 # 1054 # -1 # ID=255601_1;partial=10;start_type=ATG;rbs_motif=AGGA;rbs_spacer=5-10bp;gc_cont=0.360	vanT gene in vanG cluster	3002972	Strict	33.83	49.3	glycopeptide antibiotic	antibiotic target alteration	glycopeptide resistance gene cluster; vanT	vancomycin	False	chromosome_like	1		
Kathmandu18	I_1-2	k141_889718	k141_889718_4 # 1452 # 1751 # 1 # ID=255964_4;partial=01;start_type=ATG;rbs_motif=AGGA;rbs_spacer=5-10bp;gc_cont=0.560	qacJ	3007014	Strict	37.23	93.46	disinfecting agents and antiseptics	antibiotic efflux	small multidrug resistance (SMR) antibiotic efflux pump	benzalkonium chloride	False	chromosome_like	1		
Kathmandu18	I_1-2	k141_896209	k141_896209_2 # 432 # 923 # -1 # ID=257824_2;partial=00;start_type=ATG;rbs_motif=GGAGG;rbs_spacer=5-10bp;gc_cont=0.366	nimA	3007104	Strict	50.62	92.61	nitroimidazole antibiotic	antibiotic inactivation	nitroimidazole reductase	metronidazole	False	chromosome_like	1		
Kathmandu18	I_1-2	k141_896545	k141_896545_2 # 517 # 1035 # -1 # ID=257932_2;partial=00;start_type=ATG;rbs_motif=ATA;rbs_spacer=12bp;gc_cont=0.539	AAC(6')-IIc	3002596	Strict	91.72	89.12	aminoglycoside antibiotic	antibiotic inactivation	AAC(6')	dibekacin; sisomicin; netilmicin; tobramycin; 2'-N-ethylnetilmicin; 5-episisomicin; gentamicin	False	chromosome_like	1		
Kathmandu18	I_1-2	k141_896545	k141_896545_3 # 1205 # 2104 # -1 # ID=257932_3;partial=00;start_type=ATG;rbs_motif=ATA;rbs_spacer=4bp;gc_cont=0.404	CARB-3	3002242	Strict	99.67	98.36	penam	antibiotic inactivation	CARB beta-lactamase		False	chromosome_like	1		
Kathmandu18	I_1-2	k141_896548	k141_896548_2 # 539 # 1036 # -1 # ID=257933_2;partial=00;start_type=ATG;rbs_motif=None;rbs_spacer=None;gc_cont=0.508	dfrA12	3002858	Perfect	100.0	100.0	diaminopyrimidine antibiotic	antibiotic target replacement	trimethoprim resistant dihydrofolate reductase dfr	trimethoprim	False	chromosome_like	1		
Kathmandu18	I_1-2	k141_899006	k141_899006_2 # 176 # 979 # 1 # ID=258586_2;partial=00;start_type=ATG;rbs_motif=None;rbs_spacer=None;gc_cont=0.402	OXA-5	3001400	Perfect	100.0	100.0	carbapenem; cephalosporin; penam	antibiotic inactivation	OXA beta-lactamase	cloxacillin; oxacillin; cefalotin	False	chromosome_like	1		
Kathmandu18	I_1-2	k141_2599150	k141_2599150_1 # 9 # 389 # -1 # ID=258964_1;partial=00;start_type=ATG;rbs_motif=GGAG/GAGG;rbs_spacer=5-10bp;gc_cont=0.478	marA	3000263	Strict	93.55	99.21	fluoroquinolone antibiotic; monobactam; carbapenem; cephalosporin; glycylcycline; cephamycin; penam; tetracycline antibiotic; rifamycin antibiotic; phenicol antibiotic; penem; disinfecting agents and antiseptics	antibiotic efflux; reduced permeability to antibiotic	resistance-nodulation-cell division (RND) antibiotic efflux pump; General Bacterial Porin with reduced permeability to beta-lactams	tigecycline; tetracycline; rifampin; chloramphenicol; ampicillin; cefalotin; triclosan	False	chromosome_like	1		
Kathmandu18	I_1-2	k141_901881	k141_901881_1 # 1 # 786 # 1 # ID=259342_1;partial=10;start_type=Edge;rbs_motif=None;rbs_spacer=None;gc_cont=0.650	vanW gene in vanI cluster	3003724	Strict	39.88	69.97	glycopeptide antibiotic	antibiotic target alteration	vanW; glycopeptide resistance gene cluster	vancomycin; teicoplanin	False	chromosome_like	1		
Kathmandu18	I_1-2	k141_906588	k141_906588_2 # 1231 # 1644 # -1 # ID=260534_2;partial=00;start_type=ATG;rbs_motif=GGA/GAG/AGG;rbs_spacer=5-10bp;gc_cont=0.457	H-NS	3000676	Strict	95.59	100.0	macrolide antibiotic; fluoroquinolone antibiotic; cephalosporin; cephamycin; penam; tetracycline antibiotic	antibiotic efflux	major facilitator superfamily (MFS) antibiotic efflux pump; resistance-nodulation-cell division (RND) antibiotic efflux pump	erythromycin; cloxacillin; ciprofloxacin; tetracycline; oxacillin; norfloxacin	False	chromosome_like	1		
Kathmandu18	I_1-2	k141_908457	k141_908457_1 # 2 # 823 # 1 # ID=261045_1;partial=10;start_type=Edge;rbs_motif=None;rbs_spacer=None;gc_cont=0.332	vanW gene in vanI cluster	3003724	Strict	46.5	73.19	glycopeptide antibiotic	antibiotic target alteration	vanW; glycopeptide resistance gene cluster	vancomycin; teicoplanin	False	chromosome_like	1		
Kathmandu18	I_1-2	k141_909415	k141_909415_1 # 87 # 911 # -1 # ID=261298_1;partial=00;start_type=ATG;rbs_motif=None;rbs_spacer=None;gc_cont=0.415	gadX	3000508	Strict	93.8	100.0	macrolide antibiotic; fluoroquinolone antibiotic; penam	antibiotic efflux	resistance-nodulation-cell division (RND) antibiotic efflux pump	erythromycin; cloxacillin; oxacillin; norfloxacin	False	chromosome_like	1		
Kathmandu18	I_1-2	k141_2607915	k141_2607915_2 # 971 # 1660 # -1 # ID=261365_2;partial=01;start_type=Edge;rbs_motif=None;rbs_spacer=None;gc_cont=0.659	vanY gene in vanB cluster	3002956	Strict	31.55	85.45	glycopeptide antibiotic	antibiotic target alteration	vanY; glycopeptide resistance gene cluster	vancomycin	False	chromosome_like	1		
Kathmandu18	I_1-2	k141_2608451	k141_2608451_41 # 41154 # 42413 # 1 # ID=261526_41;partial=00;start_type=ATG;rbs_motif=None;rbs_spacer=None;gc_cont=0.567	vanT gene in vanG cluster	3002972	Strict	37.94	58.85	glycopeptide antibiotic	antibiotic target alteration	glycopeptide resistance gene cluster; vanT	vancomycin	False	chromosome_like	1		
Kathmandu18	I_1-2	k141_912487	k141_912487_2 # 430 # 3591 # 1 # ID=262047_2;partial=00;start_type=TTG;rbs_motif=AGxAGG/AGGxGG;rbs_spacer=5-10bp;gc_cont=0.376	adeF	3000777	Strict	42.56	99.43	fluoroquinolone antibiotic; tetracycline antibiotic	antibiotic efflux	resistance-nodulation-cell division (RND) antibiotic efflux pump	tetracycline	False	chromosome_like	1		
Kathmandu18	I_1-2	k141_914087	k141_914087_6 # 2987 # 4924 # -1 # ID=262431_6;partial=00;start_type=ATG;rbs_motif=GGAGG;rbs_spacer=5-10bp;gc_cont=0.482	tet(W/N/W)	3004442	Strict	79.94	100.94	tetracycline antibiotic	antibiotic target protection	tetracycline-resistant ribosomal protection protein	tetracycline; minocycline; chlortetracycline	True	plasmid_like		0.9848	
Kathmandu18	I_1-2	k141_916482	k141_916482_1 # 116 # 2071 # 1 # ID=263098_1;partial=00;start_type=ATG;rbs_motif=GGAG/GAGG;rbs_spacer=5-10bp;gc_cont=0.320	tet(36)	3000197	Strict	49.07	101.72	tetracycline antibiotic	antibiotic target protection	tetracycline-resistant ribosomal protection protein	tetracycline; doxycycline; minocycline; chlortetracycline; demeclocycline; oxytetracycline	False	chromosome_like	1		
Kathmandu18	I_1-2	k141_916485	k141_916485_1 # 1 # 1314 # -1 # ID=263099_1;partial=10;start_type=ATG;rbs_motif=GGAG/GAGG;rbs_spacer=5-10bp;gc_cont=0.311	tet(Q)	3000191	Strict	48.26	66.67	tetracycline antibiotic	antibiotic target protection	tetracycline-resistant ribosomal protection protein	tetracycline; doxycycline; minocycline; chlortetracycline; demeclocycline; oxytetracycline	False	chromosome_like	1		
Kathmandu18	I_1-2	k141_920173	k141_920173_2 # 2356 # 3549 # -1 # ID=264015_2;partial=00;start_type=ATG;rbs_motif=GGAG/GAGG;rbs_spacer=5-10bp;gc_cont=0.538	Escherichia coli acrA	3004043	Perfect	100.0	100.0	fluoroquinolone antibiotic; cephalosporin; glycylcycline; penam; tetracycline antibiotic; rifamycin antibiotic; phenicol antibiotic; disinfecting agents and antiseptics	antibiotic efflux	resistance-nodulation-cell division (RND) antibiotic efflux pump	tigecycline; tetracycline; rifampin; chloramphenicol; ampicillin; cefalotin; triclosan	False	chromosome_like	1		
Kathmandu18	I_1-2	k141_921068	k141_921068_1 # 199 # 1014 # 1 # ID=264271_1;partial=00;start_type=ATG;rbs_motif=AGxAG;rbs_spacer=5-10bp;gc_cont=0.608	sul2	3000412	Perfect	100.0	100.0	sulfonamide antibiotic	antibiotic target replacement	sulfonamide resistant sul	sulfadiazine; sulfadimidine; sulfadoxine; sulfamethoxazole; sulfisoxazole; sulfacetamide; mafenide; sulfasalazine; sulfamethizole	False	chromosome_like	1		
Kathmandu18	I_1-2	k141_2618645	k141_2618645_6 # 4241 # 5341 # 1 # ID=264313_6;partial=00;start_type=ATG;rbs_motif=GGA/GAG/AGG;rbs_spacer=5-10bp;gc_cont=0.536	vanG	3002909	Strict	38.64	104.87	glycopeptide antibiotic	antibiotic target alteration	glycopeptide resistance gene cluster; Van ligase	vancomycin	False	chromosome_like	1		
Kathmandu18	I_1-2	k141_2632295	k141_2632295_2 # 116 # 1312 # 1 # ID=267843_2;partial=00;start_type=ATG;rbs_motif=GGA/GAG/AGG;rbs_spacer=5-10bp;gc_cont=0.677	vanT gene in vanG cluster	3002972	Strict	32.45	55.9	glycopeptide antibiotic	antibiotic target alteration	glycopeptide resistance gene cluster; vanT	vancomycin	False	chromosome_like	1		
Kathmandu18	I_1-2	k141_2634842	k141_2634842_2 # 806 # 1126 # 1 # ID=268485_2;partial=01;start_type=ATG;rbs_motif=GGxGG;rbs_spacer=5-10bp;gc_cont=0.639	qacG	3007015	Strict	36.54	100.0	disinfecting agents and antiseptics	antibiotic efflux	small multidrug resistance (SMR) antibiotic efflux pump	benzalkonium chloride	False	chromosome_like	1		
Kathmandu18	I_1-2	k141_945791	k141_945791_5 # 3130 # 4281 # 1 # ID=270609_5;partial=01;start_type=ATG;rbs_motif=AAAAA;rbs_spacer=5bp;gc_cont=0.453	vanW gene in vanI cluster	3003724	Strict	30.83	102.95	glycopeptide antibiotic	antibiotic target alteration	vanW; glycopeptide resistance gene cluster	vancomycin; teicoplanin	False	chromosome_like	1		
Kathmandu18	I_1-2	k141_947022	k141_947022_1 # 2 # 343 # 1 # ID=270903_1;partial=10;start_type=Edge;rbs_motif=None;rbs_spacer=None;gc_cont=0.664	vanY gene in vanM cluster	3002961	Strict	41.67	48.5	glycopeptide antibiotic	antibiotic target alteration	vanY; glycopeptide resistance gene cluster	vancomycin; teicoplanin	False	chromosome_like	1		
Kathmandu18	I_1-2	k141_2645921	k141_2645921_6 # 4048 # 5592 # 1 # ID=271172_6;partial=00;start_type=ATG;rbs_motif=GGAG/GAGG;rbs_spacer=5-10bp;gc_cont=0.462	vanW gene in vanI cluster	3003724	Strict	29.13	137.8	glycopeptide antibiotic	antibiotic target alteration	vanW; glycopeptide resistance gene cluster	vancomycin; teicoplanin	False	chromosome_like	1		
Kathmandu18	I_1-2	k141_2646837	k141_2646837_2 # 772 # 1104 # -1 # ID=271381_2;partial=00;start_type=ATG;rbs_motif=GGAG/GAGG;rbs_spacer=5-10bp;gc_cont=0.631	qacJ	3007014	Strict	43.27	102.8	disinfecting agents and antiseptics	antibiotic efflux	small multidrug resistance (SMR) antibiotic efflux pump	benzalkonium chloride	False	chromosome_like	1		
Kathmandu18	I_1-2	k141_949203	k141_949203_1 # 502 # 1413 # 1 # ID=271417_1;partial=01;start_type=ATG;rbs_motif=TAAA;rbs_spacer=14bp;gc_cont=0.399	tet(32)	3000196	Strict	93.42	47.57	tetracycline antibiotic	antibiotic target protection	tetracycline-resistant ribosomal protection protein	tetracycline; doxycycline; minocycline; chlortetracycline; demeclocycline; oxytetracycline	False	chromosome_like	1		
Kathmandu18	I_1-2	k141_949281	k141_949281_2 # 427 # 891 # -1 # ID=271433_2;partial=00;start_type=ATG;rbs_motif=None;rbs_spacer=None;gc_cont=0.660	FosI	3007370	Strict	73.28	114.93	phosphonic acid antibiotic	antibiotic inactivation	fosfomycin thiol transferase	fosfomycin	False	chromosome_like	1		
Kathmandu18	I_1-2	k141_950728	k141_950728_1 # 32 # 817 # -1 # ID=271812_1;partial=00;start_type=GTG;rbs_motif=GGAG/GAGG;rbs_spacer=5-10bp;gc_cont=0.515	aadA13	3002613	Strict	99.62	98.49	aminoglycoside antibiotic	antibiotic inactivation	ANT(3'')	spectinomycin; streptomycin	False	chromosome_like	1		
Kathmandu18	I_1-2	k141_2651960	k141_2651960_1 # 3 # 1403 # 1 # ID=272544_1;partial=11;start_type=Edge;rbs_motif=None;rbs_spacer=None;gc_cont=0.413	tet(32)	3000196	Strict	70.66	73.08	tetracycline antibiotic	antibiotic target protection	tetracycline-resistant ribosomal protection protein	tetracycline; doxycycline; minocycline; chlortetracycline; demeclocycline; oxytetracycline	False	chromosome_like	1		
Kathmandu18	I_1-2	k141_2653641	k141_2653641_1 # 1 # 1191 # -1 # ID=272979_1;partial=10;start_type=ATG;rbs_motif=None;rbs_spacer=None;gc_cont=0.596	Klebsiella pneumoniae KpnH	3004597	Strict	94.55	77.54	macrolide antibiotic; fluoroquinolone antibiotic; aminoglycoside antibiotic; carbapenem; cephalosporin; penam; peptide antibiotic; penem	antibiotic efflux	major facilitator superfamily (MFS) antibiotic efflux pump	erythromycin; gentamicin C; ciprofloxacin; spectinomycin; streptomycin; tobramycin; ceftazidime; ertapenem; piperacillin; azithromycin; imipenem; polymyxin B; polymyxin B1; polymyxin B2; polymyxin B3; polymyxin B4; norfloxacin; ticarcillin; gentamicin	False	chromosome_like	1		
Kathmandu18	I_1-2	k141_2655477	k141_2655477_6 # 4800 # 5666 # -1 # ID=273403_6;partial=01;start_type=Edge;rbs_motif=None;rbs_spacer=None;gc_cont=0.592	vanY gene in vanB cluster	3002956	Strict	36.02	107.46	glycopeptide antibiotic	antibiotic target alteration	vanY; glycopeptide resistance gene cluster	vancomycin	False	chromosome_like	1		
Kathmandu18	I_1-2	k141_2657203	k141_2657203_2 # 1475 # 1816 # -1 # ID=273793_2;partial=00;start_type=ATG;rbs_motif=AGGAG;rbs_spacer=5-10bp;gc_cont=0.617	YajC	3005040	Strict	92.04	100.89	fluoroquinolone antibiotic; cephalosporin; glycylcycline; penam; tetracycline antibiotic; oxazolidinone antibiotic; glycopeptide antibiotic; rifamycin antibiotic; phenicol antibiotic; disinfecting agents and antiseptics	antibiotic efflux	resistance-nodulation-cell division (RND) antibiotic efflux pump	vancomycin; tigecycline; tetracycline; linezolid; rifampin; chloramphenicol; ampicillin; cefalotin; triclosan	False	chromosome_like	1		
Kathmandu18	I_1-2	k141_959776	k141_959776_1 # 1 # 1602 # 1 # ID=274029_1;partial=10;start_type=Edge;rbs_motif=None;rbs_spacer=None;gc_cont=0.464	ICR-Mo	3004569	Strict	65.67	95.52	peptide antibiotic	antibiotic target alteration	intrinsic colistin resistant phosphoethanolamine transferase	colistin A; colistin B	False	chromosome_like	1		
Kathmandu18	I_1-2	k141_2658510	k141_2658510_2 # 847 # 1992 # 1 # ID=274143_2;partial=01;start_type=ATG;rbs_motif=GGA/GAG/AGG;rbs_spacer=5-10bp;gc_cont=0.530	vanW gene in vanI cluster	3003724	Strict	38.37	102.41	glycopeptide antibiotic	antibiotic target alteration	vanW; glycopeptide resistance gene cluster	vancomycin; teicoplanin	False	chromosome_like	1		
Kathmandu18	I_1-2	k141_2659736	k141_2659736_2 # 580 # 816 # 1 # ID=274437_2;partial=00;start_type=ATG;rbs_motif=AGxAGG/AGGxGG;rbs_spacer=5-10bp;gc_cont=0.553	dfrB5	3004549	Perfect	100.0	100.0	diaminopyrimidine antibiotic	antibiotic target replacement	trimethoprim resistant dihydrofolate reductase dfr	trimethoprim	True	plasmid_like		0.9753	
Kathmandu18	I_1-2	k141_2659736	k141_2659736_3 # 942 # 1721 # 1 # ID=274437_3;partial=00;start_type=GTG;rbs_motif=GGAG/GAGG;rbs_spacer=5-10bp;gc_cont=0.528	aadA	3002601	Strict	99.61	98.48	aminoglycoside antibiotic	antibiotic inactivation	ANT(3'')	spectinomycin; streptomycin	True	plasmid_like		0.9753	
Kathmandu18	I_1-2	k141_2659736	k141_2659736_4 # 1770 # 2585 # 1 # ID=274437_4;partial=00;start_type=GTG;rbs_motif=GGA/GAG/AGG;rbs_spacer=5-10bp;gc_cont=0.561	APH(3')-Ib	3002642	Strict	94.83	100.0	aminoglycoside antibiotic	antibiotic inactivation	APH(3')	neomycin; ribostamycin; kanamycin A; gentamicin B; paromomycin; lividomycin; gentamicin	True	plasmid_like		0.9753	
Kathmandu18	I_1-2	k141_2659736	k141_2659736_6 # 3603 # 4406 # 1 # ID=274437_6;partial=00;start_type=TTG;rbs_motif=AGGA;rbs_spacer=5-10bp;gc_cont=0.562	APH(3'')-Ib	3002639	Strict	99.63	100.0	aminoglycoside antibiotic	antibiotic inactivation	APH(3'')	streptomycin	True	plasmid_like		0.9753	
Kathmandu18	I_1-2	k141_2659736	k141_2659736_7 # 4406 # 5242 # 1 # ID=274437_7;partial=00;start_type=ATG;rbs_motif=None;rbs_spacer=None;gc_cont=0.559	APH(6)-Id	3002660	Strict	99.64	100.0	aminoglycoside antibiotic	antibiotic inactivation	APH(6)	streptomycin	True	plasmid_like		0.9753	
Kathmandu18	I_1-2	k141_968142	k141_968142_2 # 2166 # 3401 # -1 # ID=276249_2;partial=00;start_type=ATG;rbs_motif=None;rbs_spacer=None;gc_cont=0.265	vanW gene in vanI cluster	3003724	Strict	28.57	110.19	glycopeptide antibiotic	antibiotic target alteration	vanW; glycopeptide resistance gene cluster	vancomycin; teicoplanin	True	plasmid_like		0.7904	
Kathmandu18	I_1-2	k141_2672411	k141_2672411_5 # 2818 # 3594 # 1 # ID=277484_5;partial=00;start_type=ATG;rbs_motif=AGxAG;rbs_spacer=5-10bp;gc_cont=0.373	vanY gene in vanB cluster	3002956	Strict	33.7	96.27	glycopeptide antibiotic	antibiotic target alteration	vanY; glycopeptide resistance gene cluster	vancomycin	False	chromosome_like	1		
Kathmandu18	I_1-2	k141_973901	k141_973901_2 # 1086 # 1490 # 1 # ID=277831_2;partial=00;start_type=TTG;rbs_motif=GGxGG;rbs_spacer=5-10bp;gc_cont=0.568	qacG	3007015	Strict	39.62	125.23	disinfecting agents and antiseptics	antibiotic efflux	small multidrug resistance (SMR) antibiotic efflux pump	benzalkonium chloride	False	chromosome_like	1		
Kathmandu18	I_1-2	k141_2674810	k141_2674810_2 # 473 # 1732 # -1 # ID=278123_2;partial=00;start_type=ATG;rbs_motif=AAA;rbs_spacer=3bp;gc_cont=0.359	EreB	3000363	Perfect	100.0	100.0	macrolide antibiotic	antibiotic inactivation	macrolide esterase	erythromycin; roxithromycin; clarithromycin; azithromycin	False	chromosome_like	1		
Kathmandu18	I_1-2	k141_2679021	k141_2679021_1 # 115 # 1113 # 1 # ID=279100_1;partial=00;start_type=ATG;rbs_motif=AGGAG;rbs_spacer=5-10bp;gc_cont=0.663	vanH gene in vanD cluster	3002944	Strict	37.3	102.79	glycopeptide antibiotic	antibiotic target alteration	vanH; glycopeptide resistance gene cluster	vancomycin; teicoplanin	False	chromosome_like	1		
Kathmandu18	I_1-2	k141_979775	k141_979775_4 # 1729 # 2931 # -1 # ID=279402_4;partial=01;start_type=Edge;rbs_motif=None;rbs_spacer=None;gc_cont=0.623	ArnT	3005053	Strict	99.25	72.6	peptide antibiotic	antibiotic target alteration	pmr phosphoethanolamine transferase	colistin A; colistin B	False	chromosome_like	1		
Kathmandu18	I_1-2	k141_2680956	k141_2680956_2 # 162 # 1352 # -1 # ID=279555_2;partial=00;start_type=ATG;rbs_motif=GGA/GAG/AGG;rbs_spacer=5-10bp;gc_cont=0.613	tet(C)	3000167	Strict	99.75	100.0	tetracycline antibiotic	antibiotic efflux	major facilitator superfamily (MFS) antibiotic efflux pump	tetracycline	False	chromosome_like	1		
Kathmandu18	I_1-2	k141_2682733	k141_2682733_2 # 499 # 2031 # -1 # ID=279995_2;partial=00;start_type=ATG;rbs_motif=None;rbs_spacer=None;gc_cont=0.581	emrB	3000074	Strict	91.93	99.61	fluoroquinolone antibiotic	antibiotic efflux	major facilitator superfamily (MFS) antibiotic efflux pump	nalidixic acid	False	chromosome_like	1		
Kathmandu18	I_1-2	k141_982282	k141_982282_3 # 1429 # 1803 # -1 # ID=280040_3;partial=00;start_type=ATG;rbs_motif=GGAG/GAGG;rbs_spacer=5-10bp;gc_cont=0.512	marA	3000263	Strict	92.74	97.64	fluoroquinolone antibiotic; monobactam; carbapenem; cephalosporin; glycylcycline; cephamycin; penam; tetracycline antibiotic; rifamycin antibiotic; phenicol antibiotic; penem; disinfecting agents and antiseptics	antibiotic efflux; reduced permeability to antibiotic	resistance-nodulation-cell division (RND) antibiotic efflux pump; General Bacterial Porin with reduced permeability to beta-lactams	tigecycline; tetracycline; rifampin; chloramphenicol; ampicillin; cefalotin; triclosan	False	chromosome_like	1		
Kathmandu18	I_1-2	k141_2684746	k141_2684746_1 # 230 # 427 # -1 # ID=280450_1;partial=00;start_type=ATG;rbs_motif=AGGAG;rbs_spacer=5-10bp;gc_cont=0.465	rsmA	3005069	Strict	87.93	106.56	fluoroquinolone antibiotic; diaminopyrimidine antibiotic; phenicol antibiotic	antibiotic efflux	resistance-nodulation-cell division (RND) antibiotic efflux pump	trimethoprim; chloramphenicol	False	chromosome_like	1		
Kathmandu18	I_1-2	k141_2686653	k141_2686653_2 # 384 # 1478 # 1 # ID=280931_2;partial=00;start_type=ATG;rbs_motif=AGGAG;rbs_spacer=5-10bp;gc_cont=0.609	vanG	3002909	Strict	38.86	104.3	glycopeptide antibiotic	antibiotic target alteration	glycopeptide resistance gene cluster; Van ligase	vancomycin	False	chromosome_like	1		
Kathmandu18	I_1-2	k141_2692500	k141_2692500_2 # 461 # 1453 # -1 # ID=282468_2;partial=00;start_type=ATG;rbs_motif=AGGAG;rbs_spacer=5-10bp;gc_cont=0.659	vanH gene in vanF cluster	3002945	Strict	38.46	102.48	glycopeptide antibiotic	antibiotic target alteration	vanH; glycopeptide resistance gene cluster	vancomycin	False	chromosome_like	1		
Kathmandu18	I_1-2	k141_2699707	k141_2699707_2 # 1101 # 1895 # 1 # ID=284351_2;partial=00;start_type=ATG;rbs_motif=AGGAG;rbs_spacer=5-10bp;gc_cont=0.636	OXA-504	3005734	Strict	98.86	100.0	carbapenem; cephalosporin; penam	antibiotic inactivation	OXA beta-lactamase	cloxacillin; oxacillin; cefalotin	False	chromosome_like	1		
Kathmandu18	I_1-2	k141_2711555	k141_2711555_3 # 2394 # 3800 # -1 # ID=287373_3;partial=00;start_type=GTG;rbs_motif=GGA/GAG/AGG;rbs_spacer=5-10bp;gc_cont=0.544	vanW gene in vanI cluster	3003724	Strict	36.76	125.47	glycopeptide antibiotic	antibiotic target alteration	vanW; glycopeptide resistance gene cluster	vancomycin; teicoplanin	False	chromosome_like	1		
Kathmandu18	I_1-2	k141_1009766	k141_1009766_2 # 774 # 1106 # -1 # ID=287457_2;partial=00;start_type=ATG;rbs_motif=GGAGG;rbs_spacer=5-10bp;gc_cont=0.384	qacG	3007015	Strict	38.32	102.8	disinfecting agents and antiseptics	antibiotic efflux	small multidrug resistance (SMR) antibiotic efflux pump	benzalkonium chloride	False	chromosome_like	1		
Kathmandu18	I_1-2	k141_2715182	k141_2715182_5 # 4162 # 5313 # -1 # ID=288249_5;partial=00;start_type=ATG;rbs_motif=AGGA;rbs_spacer=5-10bp;gc_cont=0.339	vanT gene in vanE cluster	3002971	Strict	40.43	54.56	glycopeptide antibiotic	antibiotic target alteration	glycopeptide resistance gene cluster; vanT	vancomycin	False	chromosome_like	1		
Kathmandu18	I_1-2	k141_2715182	k141_2715182_6 # 5307 # 6383 # -1 # ID=288249_6;partial=00;start_type=ATG;rbs_motif=GGA/GAG/AGG;rbs_spacer=11-12bp;gc_cont=0.340	vanG	3002909	Strict	41.6	102.58	glycopeptide antibiotic	antibiotic target alteration	glycopeptide resistance gene cluster; Van ligase	vancomycin	False	chromosome_like	1		
Kathmandu18	I_1-2	k141_2722890	k141_2722890_1 # 3 # 1319 # -1 # ID=290106_1;partial=10;start_type=ATG;rbs_motif=AGGAGG;rbs_spacer=5-10bp;gc_cont=0.402	tet(O)	3000190	Strict	90.43	68.7	tetracycline antibiotic	antibiotic target protection	tetracycline-resistant ribosomal protection protein	tetracycline; doxycycline; minocycline; chlortetracycline; demeclocycline; oxytetracycline	True	plasmid_like		0.9921	
Kathmandu18	I_1-2	k141_1021373	k141_1021373_1 # 1 # 3045 # -1 # ID=290486_1;partial=10;start_type=ATG;rbs_motif=AGGAG;rbs_spacer=5-10bp;gc_cont=0.506	adeF	3000777	Strict	42.66	95.85	fluoroquinolone antibiotic; tetracycline antibiotic	antibiotic efflux	resistance-nodulation-cell division (RND) antibiotic efflux pump	tetracycline	False	chromosome_like	1		
Kathmandu18	I_1-2	k141_2725298	k141_2725298_1 # 304 # 1032 # 1 # ID=290663_1;partial=00;start_type=ATG;rbs_motif=GGA/GAG/AGG;rbs_spacer=5-10bp;gc_cont=0.413	gadW	3003838	Perfect	100.0	100.0	macrolide antibiotic; fluoroquinolone antibiotic; penam	antibiotic efflux	resistance-nodulation-cell division (RND) antibiotic efflux pump	erythromycin; cloxacillin; oxacillin; norfloxacin	False	chromosome_like	1		
Kathmandu18	I_1-2	k141_2726965	k141_2726965_8 # 5259 # 6398 # -1 # ID=291045_8;partial=00;start_type=ATG;rbs_motif=GGA/GAG/AGG;rbs_spacer=5-10bp;gc_cont=0.529	DHA-1	3002132	Perfect	100.0	100.0	cephalosporin; cephamycin	antibiotic inactivation	DHA beta-lactamase		True	plasmid_like		0.9894	
Kathmandu18	I_1-2	k141_2726981	k141_2726981_1 # 232 # 1158 # 1 # ID=291047_1;partial=00;start_type=ATG;rbs_motif=AGGA;rbs_spacer=5-10bp;gc_cont=0.448	PER-3	3002365	Perfect	100.0	100.0	monobactam; carbapenem; cephalosporin; penam; penem	antibiotic inactivation	PER beta-lactamase		False	chromosome_like	1		
Kathmandu18	I_1-2	k141_2743169	k141_2743169_1 # 172 # 990 # -1 # ID=294757_1;partial=00;start_type=ATG;rbs_motif=GGAG/GAGG;rbs_spacer=5-10bp;gc_cont=0.304	vanY gene in vanF cluster	3002958	Strict	29.89	92.83	glycopeptide antibiotic	antibiotic target alteration	vanY; glycopeptide resistance gene cluster	vancomycin	False	chromosome_like	1		
Kathmandu18	I_1-2	k141_2745659	k141_2745659_3 # 1657 # 2652 # -1 # ID=295461_3;partial=00;start_type=ATG;rbs_motif=GGAGG;rbs_spacer=5-10bp;gc_cont=0.588	vanH gene in vanO cluster	3002948	Strict	41.48	94.57	glycopeptide antibiotic	antibiotic target alteration	vanH; glycopeptide resistance gene cluster	vancomycin	False	chromosome_like	1		
Kathmandu18	I_1-2	k141_1040530	k141_1040530_2 # 1328 # 1822 # 1 # ID=295463_2;partial=00;start_type=ATG;rbs_motif=GGAG/GAGG;rbs_spacer=5-10bp;gc_cont=0.335	lnuC	3002837	Strict	98.17	100.0	lincosamide antibiotic	antibiotic inactivation	lincosamide nucleotidyltransferase (LNU)	lincomycin	False	chromosome_like	1		
Kathmandu18	I_1-2	k141_1042662	k141_1042662_3 # 1574 # 2554 # -1 # ID=295958_3;partial=01;start_type=Edge;rbs_motif=None;rbs_spacer=None;gc_cont=0.423	vanT gene in vanG cluster	3002972	Strict	32.92	45.79	glycopeptide antibiotic	antibiotic target alteration	glycopeptide resistance gene cluster; vanT	vancomycin	False	chromosome_like	1		
Kathmandu18	I_1-2	k141_1043818	k141_1043818_2 # 1043 # 1234 # -1 # ID=296293_2;partial=01;start_type=Edge;rbs_motif=None;rbs_spacer=None;gc_cont=0.526	vanY gene in vanA cluster	3002955	Strict	50.0	20.79	glycopeptide antibiotic	antibiotic target alteration	vanY; glycopeptide resistance gene cluster	vancomycin; teicoplanin	False	chromosome_like	1		
Kathmandu18	I_1-2	k141_2758001	k141_2758001_3 # 1162 # 2400 # -1 # ID=298296_3;partial=00;start_type=ATG;rbs_motif=None;rbs_spacer=None;gc_cont=0.651	Mrx	3003839	Perfect	100.0	100.0	macrolide antibiotic	antibiotic inactivation	macrolide phosphotransferase (MPH)		True	plasmid_like		0.9895	
Kathmandu18	I_1-2	k141_2758001	k141_2758001_4 # 2397 # 3302 # -1 # ID=298296_4;partial=00;start_type=ATG;rbs_motif=AGGAG;rbs_spacer=5-10bp;gc_cont=0.657	mphA	3000316	Perfect	100.0	100.0	macrolide antibiotic	antibiotic inactivation	macrolide phosphotransferase (MPH)	erythromycin; roxithromycin; telithromycin; clarithromycin; azithromycin; dirithromycin; oleandomycin	True	plasmid_like		0.9895	
Kathmandu18	I_1-2	k141_2767653	k141_2767653_4 # 977 # 1756 # -1 # ID=300398_4;partial=01;start_type=Edge;rbs_motif=None;rbs_spacer=None;gc_cont=0.645	vanW gene in vanI cluster	3003724	Strict	41.84	69.44	glycopeptide antibiotic	antibiotic target alteration	vanW; glycopeptide resistance gene cluster	vancomycin; teicoplanin	False	chromosome_like	1		
Kathmandu18	I_1-2	k141_1064086	k141_1064086_1 # 254 # 583 # -1 # ID=301330_1;partial=00;start_type=ATG;rbs_motif=AGGA;rbs_spacer=5-10bp;gc_cont=0.561	qacJ	3007014	Strict	36.89	101.87	disinfecting agents and antiseptics	antibiotic efflux	small multidrug resistance (SMR) antibiotic efflux pump	benzalkonium chloride	False	chromosome_like	1		
Kathmandu18	I_1-2	k141_2771683	k141_2771683_2 # 127 # 456 # 1 # ID=301408_2;partial=00;start_type=ATG;rbs_motif=AGGA;rbs_spacer=5-10bp;gc_cont=0.552	qacJ	3007014	Strict	36.89	101.87	disinfecting agents and antiseptics	antibiotic efflux	small multidrug resistance (SMR) antibiotic efflux pump	benzalkonium chloride	False	chromosome_like	1		
Kathmandu18	I_1-2	k141_2774208	k141_2774208_2 # 231 # 611 # 1 # ID=302047_2;partial=00;start_type=ATG;rbs_motif=GGAG/GAGG;rbs_spacer=5-10bp;gc_cont=0.478	marA	3000263	Strict	93.55	99.21	fluoroquinolone antibiotic; monobactam; carbapenem; cephalosporin; glycylcycline; cephamycin; penam; tetracycline antibiotic; rifamycin antibiotic; phenicol antibiotic; penem; disinfecting agents and antiseptics	antibiotic efflux; reduced permeability to antibiotic	resistance-nodulation-cell division (RND) antibiotic efflux pump; General Bacterial Porin with reduced permeability to beta-lactams	tigecycline; tetracycline; rifampin; chloramphenicol; ampicillin; cefalotin; triclosan	False	chromosome_like	1		
Kathmandu18	I_1-2	k141_2780945	k141_2780945_1 # 1 # 765 # 1 # ID=303638_1;partial=10;start_type=Edge;rbs_motif=None;rbs_spacer=None;gc_cont=0.651	vanW gene in vanI cluster	3003724	Strict	34.25	68.1	glycopeptide antibiotic	antibiotic target alteration	vanW; glycopeptide resistance gene cluster	vancomycin; teicoplanin	False	chromosome_like	1		
Kathmandu18	I_1-2	k141_1075283	k141_1075283_2 # 531 # 2255 # 1 # ID=303964_2;partial=00;start_type=GTG;rbs_motif=GGAG/GAGG;rbs_spacer=5-10bp;gc_cont=0.686	vanW gene in vanI cluster	3003724	Strict	35.16	153.89	glycopeptide antibiotic	antibiotic target alteration	vanW; glycopeptide resistance gene cluster	vancomycin; teicoplanin	False	chromosome_like	1		
Kathmandu18	I_1-2	k141_2783677	k141_2783677_2 # 369 # 752 # -1 # ID=304352_2;partial=00;start_type=ATG;rbs_motif=GGAG/GAGG;rbs_spacer=5-10bp;gc_cont=0.432	marA	3000263	Strict	94.44	100.0	fluoroquinolone antibiotic; monobactam; carbapenem; cephalosporin; glycylcycline; cephamycin; penam; tetracycline antibiotic; rifamycin antibiotic; phenicol antibiotic; penem; disinfecting agents and antiseptics	antibiotic efflux; reduced permeability to antibiotic	resistance-nodulation-cell division (RND) antibiotic efflux pump; General Bacterial Porin with reduced permeability to beta-lactams	tigecycline; tetracycline; rifampin; chloramphenicol; ampicillin; cefalotin; triclosan	False	chromosome_like	1		
Kathmandu18	I_1-2	k141_1080277	k141_1080277_3 # 441 # 767 # -1 # ID=305200_3;partial=00;start_type=ATG;rbs_motif=AGGAG;rbs_spacer=5-10bp;gc_cont=0.633	qacG	3007015	Strict	37.86	100.93	disinfecting agents and antiseptics	antibiotic efflux	small multidrug resistance (SMR) antibiotic efflux pump	benzalkonium chloride	False	chromosome_like	1		
Kathmandu18	I_1-2	k141_2790799	k141_2790799_2 # 1092 # 1418 # 1 # ID=306010_2;partial=00;start_type=ATG;rbs_motif=GGA/GAG/AGG;rbs_spacer=5-10bp;gc_cont=0.520	qacJ	3007014	Strict	45.28	100.93	disinfecting agents and antiseptics	antibiotic efflux	small multidrug resistance (SMR) antibiotic efflux pump	benzalkonium chloride	False	chromosome_like	1		
Kathmandu18	I_1-2	k141_2796199	k141_2796199_2 # 476 # 1267 # 1 # ID=307229_2;partial=00;start_type=ATG;rbs_motif=AGGA/GGAG/GAGG;rbs_spacer=11-12bp;gc_cont=0.427	vanY gene in vanB cluster	3002956	Strict	38.25	98.13	glycopeptide antibiotic	antibiotic target alteration	vanY; glycopeptide resistance gene cluster	vancomycin	False	chromosome_like	1		
Kathmandu18	I_1-2	k141_2796793	k141_2796793_15 # 14268 # 14462 # 1 # ID=307349_15;partial=00;start_type=ATG;rbs_motif=AGGAG;rbs_spacer=5-10bp;gc_cont=0.462	rsmA	3005069	Strict	87.93	104.92	fluoroquinolone antibiotic; diaminopyrimidine antibiotic; phenicol antibiotic	antibiotic efflux	resistance-nodulation-cell division (RND) antibiotic efflux pump	trimethoprim; chloramphenicol	False	chromosome_like	1		
Kathmandu18	I_1-2	k141_2797340	k141_2797340_1 # 3 # 524 # 1 # ID=307461_1;partial=10;start_type=Edge;rbs_motif=None;rbs_spacer=None;gc_cont=0.360	vanW gene in vanI cluster	3003724	Strict	48.33	46.38	glycopeptide antibiotic	antibiotic target alteration	vanW; glycopeptide resistance gene cluster	vancomycin; teicoplanin	False	chromosome_like	1		
Kathmandu18	I_1-2	k141_1097156	k141_1097156_3 # 1268 # 2068 # 1 # ID=309423_3;partial=00;start_type=ATG;rbs_motif=TAA;rbs_spacer=3bp;gc_cont=0.330	Erm(35)	3000604	Strict	75.19	100.0	macrolide antibiotic; lincosamide antibiotic; streptogramin antibiotic; streptogramin A antibiotic; streptogramin B antibiotic	antibiotic target alteration	Erm 23S ribosomal RNA methyltransferase	erythromycin; roxithromycin; lincomycin; telithromycin; clarithromycin; clindamycin; tylosin; spiramycin; azithromycin; dirithromycin; pristinamycin IA; quinupristin; virginiamycin M1; madumycin II; griseoviridin; dalfopristin; pristinamycin IB; virginiamycin S2; pristinamycin IC; vernamycin C; patricin A; patricin B; ostreogrycin B3; oleandomycin	False	chromosome_like	1		
Kathmandu18	I_1-2	k141_2807447	k141_2807447_2 # 195 # 1067 # -1 # ID=309830_2;partial=00;start_type=ATG;rbs_motif=AGGA;rbs_spacer=5-10bp;gc_cont=0.489	vanY gene in vanB cluster	3002956	Strict	34.09	108.21	glycopeptide antibiotic	antibiotic target alteration	vanY; glycopeptide resistance gene cluster	vancomycin	False	chromosome_like	1		
Kathmandu18	I_1-2	k141_2808832	k141_2808832_3 # 842 # 1171 # 1 # ID=310252_3;partial=00;start_type=ATG;rbs_motif=None;rbs_spacer=None;gc_cont=0.682	qacJ	3007014	Strict	35.85	101.87	disinfecting agents and antiseptics	antibiotic efflux	small multidrug resistance (SMR) antibiotic efflux pump	benzalkonium chloride	False	chromosome_like	1		
Kathmandu18	I_1-2	k141_2808832	k141_2808832_4 # 1199 # 1528 # 1 # ID=310252_4;partial=00;start_type=ATG;rbs_motif=GGAG/GAGG;rbs_spacer=5-10bp;gc_cont=0.670	qacJ	3007014	Strict	37.74	101.87	disinfecting agents and antiseptics	antibiotic efflux	small multidrug resistance (SMR) antibiotic efflux pump	benzalkonium chloride	False	chromosome_like	1		
Kathmandu18	I_1-2	k141_2810003	k141_2810003_3 # 1661 # 3199 # -1 # ID=310535_3;partial=00;start_type=ATG;rbs_motif=GGA/GAG/AGG;rbs_spacer=5-10bp;gc_cont=0.415	emrY	3000254	Strict	99.8	100.0	tetracycline antibiotic	antibiotic efflux	major facilitator superfamily (MFS) antibiotic efflux pump	tetracycline	False	chromosome_like	1		
Kathmandu18	I_1-2	k141_2810003	k141_2810003_5 # 4778 # 5392 # 1 # ID=310535_5;partial=00;start_type=ATG;rbs_motif=GGA/GAG/AGG;rbs_spacer=5-10bp;gc_cont=0.403	evgA	3000832	Perfect	100.0	100.0	macrolide antibiotic; fluoroquinolone antibiotic; penam; tetracycline antibiotic	antibiotic efflux	major facilitator superfamily (MFS) antibiotic efflux pump; resistance-nodulation-cell division (RND) antibiotic efflux pump	erythromycin; cloxacillin; tetracycline; oxacillin; norfloxacin	False	chromosome_like	1		
Kathmandu18	I_1-2	k141_2810003	k141_2810003_6 # 5448 # 8990 # 1 # ID=310535_6;partial=00;start_type=ATG;rbs_motif=None;rbs_spacer=None;gc_cont=0.409	evgS	3000833	Strict	99.58	98.58	macrolide antibiotic; fluoroquinolone antibiotic; penam; tetracycline antibiotic	antibiotic efflux	major facilitator superfamily (MFS) antibiotic efflux pump; resistance-nodulation-cell division (RND) antibiotic efflux pump	erythromycin; cloxacillin; tetracycline; oxacillin; norfloxacin	False	chromosome_like	1		
Kathmandu18	I_1-2	k141_1109198	k141_1109198_1 # 247 # 444 # -1 # ID=312523_1;partial=00;start_type=ATG;rbs_motif=AGGAG;rbs_spacer=5-10bp;gc_cont=0.530	rsmA	3005069	Strict	87.93	106.56	fluoroquinolone antibiotic; diaminopyrimidine antibiotic; phenicol antibiotic	antibiotic efflux	resistance-nodulation-cell division (RND) antibiotic efflux pump	trimethoprim; chloramphenicol	False	chromosome_like	1		
Kathmandu18	I_1-2	k141_1113334	k141_1113334_1 # 446 # 790 # 1 # ID=313604_1;partial=00;start_type=ATG;rbs_motif=GGAG/GAGG;rbs_spacer=5-10bp;gc_cont=0.588	qacG	3007015	Strict	32.69	106.54	disinfecting agents and antiseptics	antibiotic efflux	small multidrug resistance (SMR) antibiotic efflux pump	benzalkonium chloride	False	chromosome_like	1		
Kathmandu18	I_1-2	k141_1122724	k141_1122724_2 # 2094 # 2426 # 1 # ID=316125_2;partial=00;start_type=ATG;rbs_motif=GGAG/GAGG;rbs_spacer=5-10bp;gc_cont=0.643	qacJ	3007014	Strict	41.58	102.8	disinfecting agents and antiseptics	antibiotic efflux	small multidrug resistance (SMR) antibiotic efflux pump	benzalkonium chloride	False	chromosome_like	1		
Kathmandu18	I_1-2	k141_1128213	k141_1128213_3 # 846 # 1625 # 1 # ID=317561_3;partial=00;start_type=GTG;rbs_motif=GGAG/GAGG;rbs_spacer=5-10bp;gc_cont=0.519	aadA2	3002602	Perfect	100.0	100.0	aminoglycoside antibiotic	antibiotic inactivation	ANT(3'')	spectinomycin; streptomycin	False	chromosome_like	1		
Kathmandu18	I_1-2	k141_2840416	k141_2840416_1 # 2 # 1189 # -1 # ID=318166_1;partial=10;start_type=ATG;rbs_motif=GGAG/GAGG;rbs_spacer=5-10bp;gc_cont=0.657	vanT gene in vanG cluster	3002972	Strict	35.11	55.62	glycopeptide antibiotic	antibiotic target alteration	glycopeptide resistance gene cluster; vanT	vancomycin	False	chromosome_like	1		
Kathmandu18	I_1-2	k141_1130696	k141_1130696_20 # 20726 # 22651 # -1 # ID=318225_20;partial=00;start_type=ATG;rbs_motif=None;rbs_spacer=None;gc_cont=0.381	tet(Q)	3000191	Strict	89.24	97.56	tetracycline antibiotic	antibiotic target protection	tetracycline-resistant ribosomal protection protein	tetracycline; doxycycline; minocycline; chlortetracycline; demeclocycline; oxytetracycline	True	plasmid_like		0.841	
Kathmandu18	I_1-2	k141_1131911	k141_1131911_1 # 387 # 2270 # 1 # ID=318603_1;partial=00;start_type=ATG;rbs_motif=GGA/GAG/AGG;rbs_spacer=5-10bp;gc_cont=0.581	vanY gene in vanB cluster	3002956	Strict	34.39	233.96	glycopeptide antibiotic	antibiotic target alteration	vanY; glycopeptide resistance gene cluster	vancomycin	False	chromosome_like	1		
Kathmandu18	I_1-2	k141_2845588	k141_2845588_6 # 7088 # 8182 # -1 # ID=319552_6;partial=00;start_type=ATG;rbs_motif=None;rbs_spacer=None;gc_cont=0.400	vanT gene in vanG cluster	3002972	Strict	35.95	51.12	glycopeptide antibiotic	antibiotic target alteration	glycopeptide resistance gene cluster; vanT	vancomycin	False	chromosome_like	1		
Kathmandu18	I_1-2	k141_2846583	k141_2846583_4 # 2078 # 2941 # 1 # ID=319819_4;partial=00;start_type=ATG;rbs_motif=AGGAG;rbs_spacer=5-10bp;gc_cont=0.329	ANT(6)-Ia	3002626	Perfect	100.0	100.0	aminoglycoside antibiotic	antibiotic inactivation	ANT(6)	streptomycin	False	chromosome_like	1		
Kathmandu18	I_1-2	k141_1138172	k141_1138172_1 # 71 # 496 # 1 # ID=320221_1;partial=00;start_type=ATG;rbs_motif=GGA/GAG/AGG;rbs_spacer=5-10bp;gc_cont=0.631	FosA2	3002804	Strict	95.74	100.0	phosphonic acid antibiotic	antibiotic inactivation	fosfomycin thiol transferase	fosfomycin	False	chromosome_like	1		
Kathmandu18	I_1-2	k141_1146007	k141_1146007_2 # 481 # 1431 # -1 # ID=322289_2;partial=00;start_type=ATG;rbs_motif=GGA/GAG/AGG;rbs_spacer=5-10bp;gc_cont=0.511	leuO	3003843	Strict	83.44	100.64	nucleoside antibiotic; disinfecting agents and antiseptics	antibiotic efflux	major facilitator superfamily (MFS) antibiotic efflux pump	acriflavine; puromycin	False	chromosome_like	1		
Kathmandu18	I_1-2	k141_1149957	k141_1149957_2 # 776 # 964 # 1 # ID=323308_2;partial=00;start_type=ATG;rbs_motif=AGGAG;rbs_spacer=5-10bp;gc_cont=0.529	rsmA	3005069	Strict	92.73	101.64	fluoroquinolone antibiotic; diaminopyrimidine antibiotic; phenicol antibiotic	antibiotic efflux	resistance-nodulation-cell division (RND) antibiotic efflux pump	trimethoprim; chloramphenicol	False	chromosome_like	1		
Kathmandu18	I_1-2	k141_1151149	k141_1151149_1 # 2 # 811 # 1 # ID=323649_1;partial=10;start_type=Edge;rbs_motif=None;rbs_spacer=None;gc_cont=0.321	lnuB	3002836	Strict	95.13	100.75	lincosamide antibiotic	antibiotic inactivation	lincosamide nucleotidyltransferase (LNU)	lincomycin; clindamycin	False	chromosome_like	1		
Kathmandu18	I_1-2	k141_1155784	k141_1155784_2 # 362 # 1525 # 1 # ID=324893_2;partial=00;start_type=GTG;rbs_motif=GGAGG;rbs_spacer=5-10bp;gc_cont=0.424	vanT gene in vanG cluster	3002972	Strict	31.89	54.35	glycopeptide antibiotic	antibiotic target alteration	glycopeptide resistance gene cluster; vanT	vancomycin	False	chromosome_like	1		
Kathmandu18	I_1-2	k141_2872957	k141_2872957_1 # 2 # 808 # 1 # ID=326320_1;partial=10;start_type=Edge;rbs_motif=None;rbs_spacer=None;gc_cont=0.472	vanY gene in vanB cluster	3002956	Strict	26.14	100.0	glycopeptide antibiotic	antibiotic target alteration	vanY; glycopeptide resistance gene cluster	vancomycin	False	chromosome_like	1		
Kathmandu18	I_1-2	k141_2873818	k141_2873818_4 # 2866 # 4032 # -1 # ID=326518_4;partial=00;start_type=ATG;rbs_motif=AGGAG/GGAGG;rbs_spacer=11-12bp;gc_cont=0.411	vanT gene in vanG cluster	3002972	Strict	33.24	54.49	glycopeptide antibiotic	antibiotic target alteration	glycopeptide resistance gene cluster; vanT	vancomycin	False	chromosome_like	1		
Kathmandu18	I_1-2	k141_2876283	k141_2876283_3 # 1701 # 2702 # -1 # ID=327177_3;partial=00;start_type=ATG;rbs_motif=AGGAG;rbs_spacer=5-10bp;gc_cont=0.598	vanH gene in vanO cluster	3002948	Strict	35.76	95.14	glycopeptide antibiotic	antibiotic target alteration	vanH; glycopeptide resistance gene cluster	vancomycin	False	chromosome_like	1		
Kathmandu18	I_1-2	k141_1165283	k141_1165283_2 # 1019 # 1618 # 1 # ID=327341_2;partial=00;start_type=ATG;rbs_motif=GGAG/GAGG;rbs_spacer=5-10bp;gc_cont=0.535	AAC(6')-Ib9	3002580	Strict	98.99	98.03	aminoglycoside antibiotic	antibiotic inactivation	AAC(6')	amikacin; kanamycin A; tobramycin	False	chromosome_like	1		
Kathmandu18	I_1-2	k141_2879487	k141_2879487_3 # 1182 # 1511 # -1 # ID=327952_3;partial=00;start_type=ATG;rbs_motif=None;rbs_spacer=None;gc_cont=0.348	mefH	3007047	Perfect	100.0	100.0	macrolide antibiotic	antibiotic efflux	major facilitator superfamily (MFS) antibiotic efflux pump		False	chromosome_like	1		
Kathmandu18	I_1-2	k141_1168055	k141_1168055_3 # 2162 # 3706 # 1 # ID=328111_3;partial=00;start_type=ATG;rbs_motif=GGAG/GAGG;rbs_spacer=5-10bp;gc_cont=0.608	Klebsiella pneumoniae KpnH	3004597	Strict	67.78	100.39	macrolide antibiotic; fluoroquinolone antibiotic; aminoglycoside antibiotic; carbapenem; cephalosporin; penam; peptide antibiotic; penem	antibiotic efflux	major facilitator superfamily (MFS) antibiotic efflux pump	erythromycin; gentamicin C; ciprofloxacin; spectinomycin; streptomycin; tobramycin; ceftazidime; ertapenem; piperacillin; azithromycin; imipenem; polymyxin B; polymyxin B1; polymyxin B2; polymyxin B3; polymyxin B4; norfloxacin; ticarcillin; gentamicin	False	chromosome_like	1		
Kathmandu18	I_1-2	k141_1174320	k141_1174320_14 # 15878 # 18343 # -1 # ID=329718_14;partial=00;start_type=ATG;rbs_motif=AATAA;rbs_spacer=4bp;gc_cont=0.453	vanT gene in vanG cluster	3002972	Strict	35.87	115.31	glycopeptide antibiotic	antibiotic target alteration	glycopeptide resistance gene cluster; vanT	vancomycin	False	chromosome_like	1		
Kathmandu18	I_1-2	k141_1177127	k141_1177127_1 # 1 # 747 # -1 # ID=330284_1;partial=10;start_type=ATG;rbs_motif=AGxAGG/AGGxGG;rbs_spacer=5-10bp;gc_cont=0.635	vanY gene in vanB cluster	3002956	Strict	35.58	92.91	glycopeptide antibiotic	antibiotic target alteration	vanY; glycopeptide resistance gene cluster	vancomycin	False	chromosome_like	1		
Kathmandu18	I_1-2	k141_2890699	k141_2890699_4 # 3582 # 4367 # -1 # ID=330535_4;partial=00;start_type=ATG;rbs_motif=None;rbs_spacer=None;gc_cont=0.679	vanY gene in vanM cluster	3002961	Strict	33.33	112.02	glycopeptide antibiotic	antibiotic target alteration	vanY; glycopeptide resistance gene cluster	vancomycin; teicoplanin	False	chromosome_like	1		
Kathmandu18	I_1-2	k141_2892354	k141_2892354_3 # 1898 # 4378 # -1 # ID=330924_3;partial=00;start_type=ATG;rbs_motif=TAAAA;rbs_spacer=13bp;gc_cont=0.453	vanT gene in vanG cluster	3002972	Strict	33.06	116.01	glycopeptide antibiotic	antibiotic target alteration	glycopeptide resistance gene cluster; vanT	vancomycin	False	chromosome_like	1		
Kathmandu18	I_1-2	k141_1180112	k141_1180112_1 # 1 # 1095 # 1 # ID=330965_1;partial=10;start_type=Edge;rbs_motif=None;rbs_spacer=None;gc_cont=0.696	vanW gene in vanI cluster	3003724	Strict	29.93	97.59	glycopeptide antibiotic	antibiotic target alteration	vanW; glycopeptide resistance gene cluster	vancomycin; teicoplanin	False	chromosome_like	1		
Kathmandu18	I_1-2	k141_1183037	k141_1183037_4 # 3998 # 4558 # 1 # ID=331678_4;partial=00;start_type=GTG;rbs_motif=GGA/GAG/AGG;rbs_spacer=5-10bp;gc_cont=0.693	vanY gene in vanB cluster	3002956	Strict	38.76	69.4	glycopeptide antibiotic	antibiotic target alteration	vanY; glycopeptide resistance gene cluster	vancomycin	False	chromosome_like	1		
Kathmandu18	I_1-2	k141_1195955	k141_1195955_1 # 2 # 1453 # 1 # ID=334794_1;partial=10;start_type=Edge;rbs_motif=None;rbs_spacer=None;gc_cont=0.452	vanT gene in vanG cluster	3002972	Strict	34.69	67.84	glycopeptide antibiotic	antibiotic target alteration	glycopeptide resistance gene cluster; vanT	vancomycin	False	chromosome_like	1		
Kathmandu18	I_1-2	k141_1209991	k141_1209991_2 # 508 # 1038 # -1 # ID=337934_2;partial=01;start_type=Edge;rbs_motif=None;rbs_spacer=None;gc_cont=0.377	ANT(3'')-IIc	3004091	Strict	69.59	67.95	aminoglycoside antibiotic	antibiotic inactivation	ANT(3'')	spectinomycin; streptomycin	False	chromosome_like	1		
Kathmandu18	I_1-2	k141_1210234	k141_1210234_2 # 1381 # 2190 # -1 # ID=337998_2;partial=00;start_type=ATG;rbs_motif=GGAG/GAGG;rbs_spacer=5-10bp;gc_cont=0.573	vanW gene in vanG cluster	3002965	Strict	30.13	95.73	glycopeptide antibiotic	antibiotic target alteration	vanW; glycopeptide resistance gene cluster	vancomycin	False	chromosome_like	1		
Kathmandu18	I_1-2	k141_1211488	k141_1211488_8 # 4626 # 5474 # 1 # ID=338298_8;partial=00;start_type=ATG;rbs_motif=AGxAGG/AGGxGG;rbs_spacer=5-10bp;gc_cont=0.653	vanY gene in vanB cluster	3002956	Strict	32.74	105.22	glycopeptide antibiotic	antibiotic target alteration	vanY; glycopeptide resistance gene cluster	vancomycin	False	chromosome_like	1		
Kathmandu18	I_1-2	k141_2923100	k141_2923100_1 # 205 # 1191 # -1 # ID=338336_1;partial=01;start_type=Edge;rbs_motif=None;rbs_spacer=None;gc_cont=0.315	EreD	3004608	Strict	94.51	80.39	macrolide antibiotic	antibiotic inactivation	macrolide esterase	erythromycin	False	chromosome_like	1		
Kathmandu18	I_1-2	k141_2925477	k141_2925477_9 # 9329 # 10408 # -1 # ID=338881_9;partial=00;start_type=ATG;rbs_motif=GGA/GAG/AGG;rbs_spacer=5-10bp;gc_cont=0.418	vanG	3002909	Strict	43.48	102.87	glycopeptide antibiotic	antibiotic target alteration	glycopeptide resistance gene cluster; Van ligase	vancomycin	False	chromosome_like	1		
Kathmandu18	I_1-2	k141_1216914	k141_1216914_17 # 18726 # 21860 # -1 # ID=339536_17;partial=00;start_type=ATG;rbs_motif=GGA/GAG/AGG;rbs_spacer=5-10bp;gc_cont=0.476	adeF	3000777	Strict	45.08	98.58	fluoroquinolone antibiotic; tetracycline antibiotic	antibiotic efflux	resistance-nodulation-cell division (RND) antibiotic efflux pump	tetracycline	False	chromosome_like	1		
Kathmandu18	I_1-2	k141_2930152	k141_2930152_2 # 777 # 1799 # -1 # ID=340018_2;partial=01;start_type=Edge;rbs_motif=None;rbs_spacer=None;gc_cont=0.582	vanW gene in vanI cluster	3003724	Strict	34.53	91.15	glycopeptide antibiotic	antibiotic target alteration	vanW; glycopeptide resistance gene cluster	vancomycin; teicoplanin	False	chromosome_like	1		
Kathmandu18	I_1-2	k141_2935432	k141_2935432_1 # 3 # 1145 # -1 # ID=341303_1;partial=10;start_type=ATG;rbs_motif=TAAA;rbs_spacer=14bp;gc_cont=0.485	vanW gene in vanI cluster	3003724	Strict	32.12	102.14	glycopeptide antibiotic	antibiotic target alteration	vanW; glycopeptide resistance gene cluster	vancomycin; teicoplanin	False	chromosome_like	1		
Kathmandu18	I_1-2	k141_2946833	k141_2946833_3 # 1858 # 4803 # 1 # ID=344014_3;partial=01;start_type=ATG;rbs_motif=AGGAG;rbs_spacer=5-10bp;gc_cont=0.643	adeF	3000777	Strict	47.83	92.73	fluoroquinolone antibiotic; tetracycline antibiotic	antibiotic efflux	resistance-nodulation-cell division (RND) antibiotic efflux pump	tetracycline	False	chromosome_like	1		
Kathmandu18	I_1-2	k141_2948635	k141_2948635_4 # 1642 # 1974 # -1 # ID=344440_4;partial=00;start_type=ATG;rbs_motif=GGAG/GAGG;rbs_spacer=5-10bp;gc_cont=0.505	qacG	3007015	Strict	44.34	102.8	disinfecting agents and antiseptics	antibiotic efflux	small multidrug resistance (SMR) antibiotic efflux pump	benzalkonium chloride	False	chromosome_like	1		
Kathmandu18	I_1-2	k141_1241929	k141_1241929_5 # 2285 # 2617 # 1 # ID=345233_5;partial=00;start_type=ATG;rbs_motif=None;rbs_spacer=None;gc_cont=0.622	qacJ	3007014	Strict	33.33	102.8	disinfecting agents and antiseptics	antibiotic efflux	small multidrug resistance (SMR) antibiotic efflux pump	benzalkonium chloride	False	chromosome_like	1		
Kathmandu18	I_1-2	k141_1246240	k141_1246240_2 # 444 # 3584 # -1 # ID=346266_2;partial=00;start_type=ATG;rbs_motif=AGGAG;rbs_spacer=5-10bp;gc_cont=0.656	adeF	3000777	Strict	44.25	98.77	fluoroquinolone antibiotic; tetracycline antibiotic	antibiotic efflux	resistance-nodulation-cell division (RND) antibiotic efflux pump	tetracycline	False	chromosome_like	1		
Kathmandu18	I_1-2	k141_1246870	k141_1246870_2 # 1603 # 2487 # 1 # ID=346417_2;partial=00;start_type=ATG;rbs_motif=AAAA;rbs_spacer=11bp;gc_cont=0.386	mphG	3003742	Strict	87.41	100.0	macrolide antibiotic	antibiotic inactivation	macrolide phosphotransferase (MPH)	erythromycin; clarithromycin; azithromycin	False	chromosome_like	1		
Kathmandu18	I_1-2	k141_2956832	k141_2956832_3 # 930 # 1274 # 1 # ID=346432_3;partial=00;start_type=ATG;rbs_motif=GGA/GAG/AGG;rbs_spacer=5-10bp;gc_cont=0.661	qacG	3007015	Strict	45.19	106.54	disinfecting agents and antiseptics	antibiotic efflux	small multidrug resistance (SMR) antibiotic efflux pump	benzalkonium chloride	False	chromosome_like	1		
Kathmandu18	I_1-2	k141_2965294	k141_2965294_1 # 144 # 884 # 1 # ID=348383_1;partial=00;start_type=ATG;rbs_motif=TAAA;rbs_spacer=7bp;gc_cont=0.258	Erm(47)	3003908	Strict	99.59	100.0	macrolide antibiotic; lincosamide antibiotic; streptogramin antibiotic; streptogramin B antibiotic	antibiotic target alteration	Erm 23S ribosomal RNA methyltransferase	erythromycin; lincomycin; clindamycin; spiramycin; azithromycin; quinupristin	False	chromosome_like	1		
Kathmandu18	I_1-2	k141_2971309	k141_2971309_2 # 1293 # 2018 # 1 # ID=349872_2;partial=00;start_type=GTG;rbs_motif=None;rbs_spacer=None;gc_cont=0.740	vanY gene in vanF cluster	3002958	Strict	36.11	82.25	glycopeptide antibiotic	antibiotic target alteration	vanY; glycopeptide resistance gene cluster	vancomycin	False	chromosome_like	1		
Kathmandu18	I_1-2	k141_2971942	k141_2971942_5 # 3699 # 5336 # 1 # ID=350049_5;partial=00;start_type=ATG;rbs_motif=AATAA;rbs_spacer=6bp;gc_cont=0.325	vanY gene in vanG cluster	3002959	Strict	37.29	195.34	glycopeptide antibiotic	antibiotic target alteration	vanY; glycopeptide resistance gene cluster	vancomycin	False	chromosome_like	1		
Kathmandu18	I_1-2	k141_1264182	k141_1264182_5 # 5219 # 6967 # 1 # ID=350462_5;partial=00;start_type=ATG;rbs_motif=None;rbs_spacer=None;gc_cont=0.508	msbA	3003950	Perfect	100.0	100.0	nitroimidazole antibiotic	antibiotic efflux	ATP-binding cassette (ABC) antibiotic efflux pump	metronidazole	False	chromosome_like	1		
Kathmandu18	I_1-2	k141_1264579	k141_1264579_1 # 30 # 1022 # -1 # ID=350578_1;partial=00;start_type=ATG;rbs_motif=GGA/GAG/AGG;rbs_spacer=5-10bp;gc_cont=0.567	ArnT	3005053	Strict	80.61	59.89	peptide antibiotic	antibiotic target alteration	pmr phosphoethanolamine transferase	colistin A; colistin B	False	chromosome_like	1		
Kathmandu18	I_1-2	k141_1269733	k141_1269733_9 # 5482 # 8604 # 1 # ID=351938_9;partial=00;start_type=ATG;rbs_motif=AGGA;rbs_spacer=5-10bp;gc_cont=0.630	adeF	3000777	Strict	46.37	98.21	fluoroquinolone antibiotic; tetracycline antibiotic	antibiotic efflux	resistance-nodulation-cell division (RND) antibiotic efflux pump	tetracycline	False	chromosome_like	1		
Kathmandu18	I_1-2	k141_2980068	k141_2980068_2 # 615 # 1418 # 1 # ID=352044_2;partial=00;start_type=ATG;rbs_motif=None;rbs_spacer=None;gc_cont=0.398	OXA-129	3001811	Perfect	100.0	100.0	carbapenem; cephalosporin; penam	antibiotic inactivation	OXA beta-lactamase	cloxacillin; oxacillin; cefalotin	False	chromosome_like	1		
Kathmandu18	I_1-2	k141_1271117	k141_1271117_2 # 222 # 554 # 1 # ID=352293_2;partial=00;start_type=TTG;rbs_motif=GGAG/GAGG;rbs_spacer=5-10bp;gc_cont=0.465	qacG	3007015	Strict	40.0	102.8	disinfecting agents and antiseptics	antibiotic efflux	small multidrug resistance (SMR) antibiotic efflux pump	benzalkonium chloride	False	chromosome_like	1		
Kathmandu18	I_1-2	k141_2982123	k141_2982123_4 # 1367 # 2884 # 1 # ID=352519_4;partial=01;start_type=ATG;rbs_motif=None;rbs_spacer=None;gc_cont=0.538	vanW gene in vanI cluster	3003724	Strict	39.32	135.66	glycopeptide antibiotic	antibiotic target alteration	vanW; glycopeptide resistance gene cluster	vancomycin; teicoplanin	False	chromosome_like	1		
Kathmandu18	I_1-2	k141_1276940	k141_1276940_3 # 1037 # 1417 # 1 # ID=353655_3;partial=00;start_type=ATG;rbs_motif=GGAG/GAGG;rbs_spacer=5-10bp;gc_cont=0.509	marA	3000263	Strict	90.32	99.21	fluoroquinolone antibiotic; monobactam; carbapenem; cephalosporin; glycylcycline; cephamycin; penam; tetracycline antibiotic; rifamycin antibiotic; phenicol antibiotic; penem; disinfecting agents and antiseptics	antibiotic efflux; reduced permeability to antibiotic	resistance-nodulation-cell division (RND) antibiotic efflux pump; General Bacterial Porin with reduced permeability to beta-lactams	tigecycline; tetracycline; rifampin; chloramphenicol; ampicillin; cefalotin; triclosan	False	chromosome_like	1		
Kathmandu18	I_1-2	k141_1279078	k141_1279078_4 # 3299 # 5047 # 1 # ID=354156_4;partial=00;start_type=ATG;rbs_motif=None;rbs_spacer=None;gc_cont=0.523	msbA	3003950	Strict	92.27	100.0	nitroimidazole antibiotic	antibiotic efflux	ATP-binding cassette (ABC) antibiotic efflux pump	metronidazole	False	chromosome_like	1		
Kathmandu18	I_1-2	k141_1279282	k141_1279282_1 # 192 # 971 # -1 # ID=354198_1;partial=00;start_type=GTG;rbs_motif=GGAG/GAGG;rbs_spacer=5-10bp;gc_cont=0.524	ANT(3'')-IIa	3004089	Strict	91.89	80.19	aminoglycoside antibiotic	antibiotic inactivation	ANT(3'')	spectinomycin; streptomycin	False	chromosome_like	1		
Kathmandu18	I_1-2	k141_2994319	k141_2994319_2 # 359 # 733 # 1 # ID=355446_2;partial=00;start_type=ATG;rbs_motif=GGxGG;rbs_spacer=5-10bp;gc_cont=0.555	ramA	3000823	Strict	94.35	100.0	fluoroquinolone antibiotic; monobactam; carbapenem; cephalosporin; glycylcycline; cephamycin; penam; tetracycline antibiotic; rifamycin antibiotic; phenicol antibiotic; penem; disinfecting agents and antiseptics	antibiotic efflux; reduced permeability to antibiotic	resistance-nodulation-cell division (RND) antibiotic efflux pump; General Bacterial Porin with reduced permeability to beta-lactams	tigecycline; tetracycline; rifampin; chloramphenicol; ampicillin; cefalotin; triclosan	False	chromosome_like	1		
Kathmandu18	I_1-2	k141_2995342	k141_2995342_3 # 546 # 3872 # -1 # ID=355715_3;partial=00;start_type=ATG;rbs_motif=AGGAG;rbs_spacer=3-4bp;gc_cont=0.633	Bifidobacterium bifidum ileS conferring resistance to mupirocin	3003730	Strict	99.55	100.09	mupirocin-like antibiotic	antibiotic target alteration	antibiotic-resistant isoleucyl-tRNA synthetase (ileS)	mupirocin	False	chromosome_like	1		
Kathmandu18	I_1-2	k141_2996243	k141_2996243_2 # 366 # 1181 # 1 # ID=355939_2;partial=00;start_type=ATG;rbs_motif=AGGAG/GGAGG;rbs_spacer=11-12bp;gc_cont=0.667	vanY gene in vanB cluster	3002956	Strict	31.05	101.12	glycopeptide antibiotic	antibiotic target alteration	vanY; glycopeptide resistance gene cluster	vancomycin	False	chromosome_like	1		
Kathmandu18	I_1-2	k141_1286290	k141_1286290_2 # 1053 # 1472 # -1 # ID=356067_2;partial=00;start_type=ATG;rbs_motif=GGAGG;rbs_spacer=5-10bp;gc_cont=0.607	FosA6	3004111	Strict	99.28	100.0	phosphonic acid antibiotic	antibiotic inactivation	fosfomycin thiol transferase	fosfomycin	False	chromosome_like	1		
Kathmandu18	I_1-2	k141_2997922	k141_2997922_1 # 304 # 1488 # 1 # ID=356306_1;partial=00;start_type=ATG;rbs_motif=None;rbs_spacer=None;gc_cont=0.594	vanG	3002909	Strict	40.0	112.89	glycopeptide antibiotic	antibiotic target alteration	glycopeptide resistance gene cluster; Van ligase	vancomycin	False	chromosome_like	1		
Kathmandu18	I_1-2	k141_2998011	k141_2998011_1 # 2 # 1108 # 1 # ID=356334_1;partial=10;start_type=Edge;rbs_motif=None;rbs_spacer=None;gc_cont=0.644	vanH gene in vanO cluster	3002948	Strict	41.81	105.14	glycopeptide antibiotic	antibiotic target alteration	vanH; glycopeptide resistance gene cluster	vancomycin	False	chromosome_like	1		
Kathmandu18	I_1-2	k141_1288210	k141_1288210_1 # 1 # 711 # -1 # ID=356547_1;partial=10;start_type=TTG;rbs_motif=GGAG/GAGG;rbs_spacer=5-10bp;gc_cont=0.613	cphA4	3003100	Strict	96.97	93.31	carbapenem	antibiotic inactivation	CphA beta-lactamase		False	chromosome_like	1		
Kathmandu18	I_1-2	k141_3013539	k141_3013539_1 # 380 # 1486 # 1 # ID=360301_1;partial=00;start_type=ATG;rbs_motif=AGGAG;rbs_spacer=5-10bp;gc_cont=0.350	vanW gene in vanI cluster	3003724	Strict	33.57	98.66	glycopeptide antibiotic	antibiotic target alteration	vanW; glycopeptide resistance gene cluster	vancomycin; teicoplanin	False	chromosome_like	1		
Kathmandu18	I_1-2	k141_1304999	k141_1304999_1 # 471 # 1625 # 1 # ID=360860_1;partial=00;start_type=ATG;rbs_motif=None;rbs_spacer=None;gc_cont=0.630	vanT gene in vanG cluster	3002972	Strict	34.13	53.93	glycopeptide antibiotic	antibiotic target alteration	glycopeptide resistance gene cluster; vanT	vancomycin	False	chromosome_like	1		
Kathmandu18	I_1-2	k141_1305504	k141_1305504_5 # 3138 # 4205 # 1 # ID=360969_5;partial=00;start_type=ATG;rbs_motif=GGTG;rbs_spacer=7bp;gc_cont=0.508	vanG	3002909	Strict	42.17	101.72	glycopeptide antibiotic	antibiotic target alteration	glycopeptide resistance gene cluster; Van ligase	vancomycin	False	chromosome_like	1		
Kathmandu18	I_1-2	k141_3018043	k141_3018043_2 # 724 # 2760 # 1 # ID=361301_2;partial=00;start_type=ATG;rbs_motif=GGAG/GAGG;rbs_spacer=5-10bp;gc_cont=0.745	vanW gene in vanI cluster	3003724	Strict	29.59	181.77	glycopeptide antibiotic	antibiotic target alteration	vanW; glycopeptide resistance gene cluster	vancomycin; teicoplanin	False	chromosome_like	1		
Kathmandu18	I_1-2	k141_1313717	k141_1313717_2 # 688 # 1218 # -1 # ID=363007_2;partial=00;start_type=ATG;rbs_motif=GGAG/GAGG;rbs_spacer=5-10bp;gc_cont=0.524	emrR	3000516	Strict	90.86	100.0	fluoroquinolone antibiotic	antibiotic efflux	major facilitator superfamily (MFS) antibiotic efflux pump	nalidixic acid	False	chromosome_like	1		
Kathmandu18	I_1-2	k141_1315059	k141_1315059_3 # 2088 # 5207 # -1 # ID=363390_3;partial=00;start_type=ATG;rbs_motif=AGGAG;rbs_spacer=5-10bp;gc_cont=0.520	adeF	3000777	Strict	42.75	98.11	fluoroquinolone antibiotic; tetracycline antibiotic	antibiotic efflux	resistance-nodulation-cell division (RND) antibiotic efflux pump	tetracycline	False	chromosome_like	1		
Kathmandu18	I_1-2	k141_1329494	k141_1329494_2 # 160 # 648 # 1 # ID=367099_2;partial=00;start_type=ATG;rbs_motif=GGAG/GAGG;rbs_spacer=5-10bp;gc_cont=0.411	nimG	3007109	Strict	50.31	98.78	nitroimidazole antibiotic	antibiotic inactivation	nitroimidazole reductase	metronidazole	False	chromosome_like	1		
Kathmandu18	I_1-2	k141_3042910	k141_3042910_3 # 1804 # 2646 # -1 # ID=367645_3;partial=01;start_type=Edge;rbs_motif=None;rbs_spacer=None;gc_cont=0.516	vanT gene in vanG cluster	3002972	Strict	37.22	39.33	glycopeptide antibiotic	antibiotic target alteration	glycopeptide resistance gene cluster; vanT	vancomycin	False	chromosome_like	1		
Kathmandu18	I_1-2	k141_3043805	k141_3043805_2 # 824 # 2080 # 1 # ID=367869_2;partial=01;start_type=ATG;rbs_motif=AGGAGG;rbs_spacer=5-10bp;gc_cont=0.442	vanW gene in vanI cluster	3003724	Strict	28.93	112.33	glycopeptide antibiotic	antibiotic target alteration	vanW; glycopeptide resistance gene cluster	vancomycin; teicoplanin	False	chromosome_like	1		
Kathmandu18	I_1-2	k141_1333083	k141_1333083_1 # 133 # 1233 # -1 # ID=368001_1;partial=01;start_type=Edge;rbs_motif=None;rbs_spacer=None;gc_cont=0.609	vanW gene in vanI cluster	3003724	Strict	30.26	98.12	glycopeptide antibiotic	antibiotic target alteration	vanW; glycopeptide resistance gene cluster	vancomycin; teicoplanin	False	chromosome_like	1		
Kathmandu18	I_1-2	k141_3046873	k141_3046873_3 # 1747 # 2862 # -1 # ID=368557_3;partial=00;start_type=ATG;rbs_motif=None;rbs_spacer=None;gc_cont=0.554	vanT gene in vanG cluster	3002972	Strict	32.55	52.11	glycopeptide antibiotic	antibiotic target alteration	glycopeptide resistance gene cluster; vanT	vancomycin	False	chromosome_like	1		
Kathmandu18	I_1-2	k141_3047218	k141_3047218_1 # 32 # 1147 # 1 # ID=368655_1;partial=00;start_type=ATG;rbs_motif=None;rbs_spacer=None;gc_cont=0.597	vanT gene in vanG cluster	3002972	Strict	33.88	52.11	glycopeptide antibiotic	antibiotic target alteration	glycopeptide resistance gene cluster; vanT	vancomycin	False	chromosome_like	1		
Kathmandu18	I_1-2	k141_3054735	k141_3054735_2 # 977 # 1303 # -1 # ID=370394_2;partial=01;start_type=Edge;rbs_motif=None;rbs_spacer=None;gc_cont=0.654	qacG	3007015	Strict	41.35	100.93	disinfecting agents and antiseptics	antibiotic efflux	small multidrug resistance (SMR) antibiotic efflux pump	benzalkonium chloride	False	chromosome_like	1		
Kathmandu18	I_1-2	k141_3055042	k141_3055042_1 # 2 # 1228 # -1 # ID=370465_1;partial=10;start_type=ATG;rbs_motif=GGA/GAG/AGG;rbs_spacer=5-10bp;gc_cont=0.541	vanW gene in vanI cluster	3003724	Strict	33.33	109.65	glycopeptide antibiotic	antibiotic target alteration	vanW; glycopeptide resistance gene cluster	vancomycin; teicoplanin	False	chromosome_like	1		
Kathmandu18	I_1-2	k141_3057497	k141_3057497_2 # 1341 # 4475 # -1 # ID=371132_2;partial=00;start_type=ATG;rbs_motif=AGGAG;rbs_spacer=5-10bp;gc_cont=0.668	adeF	3000777	Strict	42.62	98.58	fluoroquinolone antibiotic; tetracycline antibiotic	antibiotic efflux	resistance-nodulation-cell division (RND) antibiotic efflux pump	tetracycline	False	chromosome_like	1		
Kathmandu18	I_1-2	k141_3058413	k141_3058413_1 # 1 # 1479 # 1 # ID=371378_1;partial=10;start_type=Edge;rbs_motif=None;rbs_spacer=None;gc_cont=0.566	vanT gene in vanG cluster	3002972	Strict	35.22	69.1	glycopeptide antibiotic	antibiotic target alteration	glycopeptide resistance gene cluster; vanT	vancomycin	False	chromosome_like	1		
Kathmandu18	I_1-2	k141_3058720	k141_3058720_2 # 143 # 472 # 1 # ID=371452_2;partial=00;start_type=ATG;rbs_motif=AGGA;rbs_spacer=5-10bp;gc_cont=0.406	qacG	3007015	Strict	43.4	101.87	disinfecting agents and antiseptics	antibiotic efflux	small multidrug resistance (SMR) antibiotic efflux pump	benzalkonium chloride	False	chromosome_like	1		
Kathmandu18	I_1-2	k141_1348887	k141_1348887_4 # 2219 # 3046 # 1 # ID=371896_4;partial=00;start_type=ATG;rbs_motif=None;rbs_spacer=None;gc_cont=0.675	vanY gene in vanB cluster	3002956	Strict	35.32	102.61	glycopeptide antibiotic	antibiotic target alteration	vanY; glycopeptide resistance gene cluster	vancomycin	False	chromosome_like	1		
Kathmandu18	I_1-2	k141_3073490	k141_3073490_2 # 215 # 940 # -1 # ID=375096_2;partial=00;start_type=ATG;rbs_motif=GGA/GAG/AGG;rbs_spacer=5-10bp;gc_cont=0.602	baeR	3000828	Strict	94.56	100.42	aminoglycoside antibiotic; aminocoumarin antibiotic	antibiotic efflux	resistance-nodulation-cell division (RND) antibiotic efflux pump	novobiocin	False	chromosome_like	1		
Kathmandu18	I_1-2	k141_3073855	k141_3073855_1 # 20 # 652 # 1 # ID=375222_1;partial=00;start_type=ATG;rbs_motif=GGAG/GAGG;rbs_spacer=5-10bp;gc_cont=0.499	CRP	3000518	Strict	99.05	100.0	macrolide antibiotic; fluoroquinolone antibiotic; penam	antibiotic efflux	resistance-nodulation-cell division (RND) antibiotic efflux pump	erythromycin; cloxacillin; oxacillin; norfloxacin	False	chromosome_like	1		
Kathmandu18	I_1-2	k141_1366378	k141_1366378_2 # 445 # 1167 # -1 # ID=376244_2;partial=00;start_type=ATG;rbs_motif=GGA/GAG/AGG;rbs_spacer=5-10bp;gc_cont=0.575	baeR	3000828	Strict	95.42	100.0	aminoglycoside antibiotic; aminocoumarin antibiotic	antibiotic efflux	resistance-nodulation-cell division (RND) antibiotic efflux pump	novobiocin	False	chromosome_like	1		
Kathmandu18	I_1-2	k141_1367974	k141_1367974_1 # 19 # 1164 # 1 # ID=376609_1;partial=00;start_type=ATG;rbs_motif=GGA/GAG/AGG;rbs_spacer=5-10bp;gc_cont=0.550	ACT-8	3001831	Strict	86.84	100.0	carbapenem; cephalosporin; cephamycin; penam	antibiotic inactivation	ACT beta-lactamase		False	chromosome_like	1		
Kathmandu18	I_1-2	k141_3080444	k141_3080444_2 # 410 # 1186 # 1 # ID=376761_2;partial=01;start_type=ATG;rbs_motif=AGGAG;rbs_spacer=5-10bp;gc_cont=0.490	vanY gene in vanB cluster	3002956	Strict	34.95	96.64	glycopeptide antibiotic	antibiotic target alteration	vanY; glycopeptide resistance gene cluster	vancomycin	False	chromosome_like	1		
Kathmandu18	I_1-2	k141_1369968	k141_1369968_1 # 1 # 2022 # 1 # ID=377057_1;partial=10;start_type=Edge;rbs_motif=None;rbs_spacer=None;gc_cont=0.644	adeF	3000777	Strict	69.35	63.55	fluoroquinolone antibiotic; tetracycline antibiotic	antibiotic efflux	resistance-nodulation-cell division (RND) antibiotic efflux pump	tetracycline	False	chromosome_like	1		
Kathmandu18	I_1-2	k141_3082195	k141_3082195_1 # 1 # 456 # 1 # ID=377184_1;partial=10;start_type=Edge;rbs_motif=None;rbs_spacer=None;gc_cont=0.465	vanW gene in vanB cluster	3002964	Strict	34.29	54.91	glycopeptide antibiotic	antibiotic target alteration	vanW; glycopeptide resistance gene cluster	vancomycin	False	chromosome_like	1		
Kathmandu18	I_1-2	k141_1371619	k141_1371619_1 # 19 # 807 # 1 # ID=377480_1;partial=00;start_type=ATG;rbs_motif=GGAG/GAGG;rbs_spacer=5-10bp;gc_cont=0.444	aadA27	3004682	Perfect	100.0	100.0	aminoglycoside antibiotic	antibiotic inactivation	ANT(3'')	spectinomycin; streptomycin	False	chromosome_like	1		
Kathmandu18	I_1-2	k141_3084985	k141_3084985_55 # 58205 # 59533 # -1 # ID=377938_55;partial=00;start_type=ATG;rbs_motif=None;rbs_spacer=None;gc_cont=0.356	vanW gene in vanI cluster	3003724	Strict	31.55	118.5	glycopeptide antibiotic	antibiotic target alteration	vanW; glycopeptide resistance gene cluster	vancomycin; teicoplanin	False	chromosome_like	1		
Kathmandu18	I_1-2	k141_3086722	k141_3086722_3 # 1071 # 1826 # 1 # ID=378401_3;partial=01;start_type=ATG;rbs_motif=AGGAG;rbs_spacer=5-10bp;gc_cont=0.451	vanH gene in vanF cluster	3002945	Strict	47.52	78.26	glycopeptide antibiotic	antibiotic target alteration	vanH; glycopeptide resistance gene cluster	vancomycin	False	chromosome_like	1		
Kathmandu18	I_1-2	k141_1376187	k141_1376187_2 # 690 # 1220 # -1 # ID=378515_2;partial=00;start_type=ATG;rbs_motif=GGAG/GAGG;rbs_spacer=5-10bp;gc_cont=0.529	emrR	3000516	Strict	91.43	100.0	fluoroquinolone antibiotic	antibiotic efflux	major facilitator superfamily (MFS) antibiotic efflux pump	nalidixic acid	False	chromosome_like	1		
Kathmandu18	I_1-2	k141_3091083	k141_3091083_1 # 279 # 965 # 1 # ID=379592_1;partial=00;start_type=ATG;rbs_motif=None;rbs_spacer=None;gc_cont=0.326	vanY gene in vanB cluster	3002956	Strict	55.75	85.07	glycopeptide antibiotic	antibiotic target alteration	vanY; glycopeptide resistance gene cluster	vancomycin	False	chromosome_like	1		
Kathmandu18	I_1-2	k141_1394216	k141_1394216_2 # 100 # 1260 # -1 # ID=382354_2;partial=01;start_type=Edge;rbs_motif=None;rbs_spacer=None;gc_cont=0.674	vanT gene in vanG cluster	3002972	Strict	34.05	54.21	glycopeptide antibiotic	antibiotic target alteration	glycopeptide resistance gene cluster; vanT	vancomycin	False	chromosome_like	1		
Kathmandu18	I_1-2	k141_1399652	k141_1399652_2 # 486 # 1220 # 1 # ID=383525_2;partial=00;start_type=ATG;rbs_motif=TAA;rbs_spacer=12bp;gc_cont=0.267	ErmG	3000522	Strict	99.59	100.0	macrolide antibiotic; lincosamide antibiotic; streptogramin antibiotic; streptogramin A antibiotic; streptogramin B antibiotic	antibiotic target alteration	Erm 23S ribosomal RNA methyltransferase	erythromycin; roxithromycin; lincomycin; telithromycin; clarithromycin; clindamycin; tylosin; spiramycin; azithromycin; dirithromycin; pristinamycin IA; quinupristin; virginiamycin M1; madumycin II; griseoviridin; dalfopristin; pristinamycin IB; virginiamycin S2; pristinamycin IC; vernamycin C; patricin A; patricin B; ostreogrycin B3; oleandomycin	False	chromosome_like	1		
Kathmandu18	I_1-2	k141_3111852	k141_3111852_5 # 5230 # 6216 # 1 # ID=384290_5;partial=00;start_type=ATG;rbs_motif=AGGAG;rbs_spacer=5-10bp;gc_cont=0.607	vanH gene in vanO cluster	3002948	Strict	43.94	93.71	glycopeptide antibiotic	antibiotic target alteration	vanH; glycopeptide resistance gene cluster	vancomycin	False	chromosome_like	1		
Kathmandu18	I_1-2	k141_1405832	k141_1405832_1 # 34 # 219 # -1 # ID=384877_1;partial=00;start_type=ATG;rbs_motif=AGGAG;rbs_spacer=5-10bp;gc_cont=0.505	rsmA	3005069	Strict	85.25	100.0	fluoroquinolone antibiotic; diaminopyrimidine antibiotic; phenicol antibiotic	antibiotic efflux	resistance-nodulation-cell division (RND) antibiotic efflux pump	trimethoprim; chloramphenicol	False	chromosome_like	1		
Kathmandu18	I_1-2	k141_3121635	k141_3121635_4 # 2872 # 3345 # -1 # ID=386490_4;partial=00;start_type=GTG;rbs_motif=GGA/GAG/AGG;rbs_spacer=5-10bp;gc_cont=0.401	dfrA15	3003013	Perfect	100.0	100.0	diaminopyrimidine antibiotic	antibiotic target replacement	trimethoprim resistant dihydrofolate reductase dfr	trimethoprim	True	plasmid_like		0.9829	
Kathmandu18	I_1-2	k141_1413928	k141_1413928_2 # 1503 # 2447 # -1 # ID=386709_2;partial=00;start_type=ATG;rbs_motif=GGAG/GAGG;rbs_spacer=5-10bp;gc_cont=0.469	leuO	3003843	Strict	80.89	100.0	nucleoside antibiotic; disinfecting agents and antiseptics	antibiotic efflux	major facilitator superfamily (MFS) antibiotic efflux pump	acriflavine; puromycin	False	chromosome_like	1		
Kathmandu18	I_1-2	k141_3125407	k141_3125407_1 # 237 # 1034 # 1 # ID=387383_1;partial=00;start_type=ATG;rbs_motif=TAA;rbs_spacer=13bp;gc_cont=0.454	OXA-181	3001784	Perfect	100.0	100.0	carbapenem; cephalosporin; penam	antibiotic inactivation	OXA beta-lactamase	cloxacillin; oxacillin; cefalotin	False	chromosome_like	1		
Kathmandu18	I_1-2	k141_1417022	k141_1417022_2 # 648 # 1817 # 1 # ID=387453_2;partial=00;start_type=ATG;rbs_motif=GGAG/GAGG;rbs_spacer=5-10bp;gc_cont=0.405	vanT gene in vanC cluster	3002970	Strict	33.33	55.73	glycopeptide antibiotic	antibiotic target alteration	glycopeptide resistance gene cluster; vanT	vancomycin	False	chromosome_like	1		
Kathmandu18	I_1-2	k141_1422649	k141_1422649_1 # 2 # 1255 # 1 # ID=388828_1;partial=10;start_type=Edge;rbs_motif=None;rbs_spacer=None;gc_cont=0.592	vanW gene in vanI cluster	3003724	Strict	27.35	111.8	glycopeptide antibiotic	antibiotic target alteration	vanW; glycopeptide resistance gene cluster	vancomycin; teicoplanin	False	chromosome_like	1		
Kathmandu18	I_1-2	k141_3134507	k141_3134507_5 # 5679 # 6017 # 1 # ID=389713_5;partial=00;start_type=ATG;rbs_motif=None;rbs_spacer=None;gc_cont=0.605	qacG	3007015	Strict	40.95	104.67	disinfecting agents and antiseptics	antibiotic efflux	small multidrug resistance (SMR) antibiotic efflux pump	benzalkonium chloride	False	chromosome_like	1		
Kathmandu18	I_1-2	k141_1432114	k141_1432114_4 # 933 # 2588 # -1 # ID=391098_4;partial=00;start_type=ATG;rbs_motif=GGA/GAG/AGG;rbs_spacer=5-10bp;gc_cont=0.583	ArnT	3005053	Strict	88.02	100.0	peptide antibiotic	antibiotic target alteration	pmr phosphoethanolamine transferase	colistin A; colistin B	False	chromosome_like	1		
Kathmandu18	I_1-2	k141_1433447	k141_1433447_1 # 1 # 165 # 1 # ID=391385_1;partial=10;start_type=Edge;rbs_motif=None;rbs_spacer=None;gc_cont=0.564	vanY gene in vanB cluster	3002956	Strict	61.22	20.15	glycopeptide antibiotic	antibiotic target alteration	vanY; glycopeptide resistance gene cluster	vancomycin	False	chromosome_like	1		
Kathmandu18	I_1-2	k141_3143642	k141_3143642_4 # 1327 # 3249 # -1 # ID=391958_4;partial=00;start_type=ATG;rbs_motif=None;rbs_spacer=None;gc_cont=0.468	tet(Q)	3000191	Strict	31.48	97.41	tetracycline antibiotic	antibiotic target protection	tetracycline-resistant ribosomal protection protein	tetracycline; doxycycline; minocycline; chlortetracycline; demeclocycline; oxytetracycline	False	chromosome_like	1		
Kathmandu18	I_1-2	k141_1436455	k141_1436455_1 # 183 # 1391 # 1 # ID=392084_1;partial=00;start_type=ATG;rbs_motif=GGA/GAG/AGG;rbs_spacer=5-10bp;gc_cont=0.602	vanT gene in vanG cluster	3002972	Strict	35.11	56.46	glycopeptide antibiotic	antibiotic target alteration	glycopeptide resistance gene cluster; vanT	vancomycin	False	chromosome_like	1		
Kathmandu18	I_1-2	k141_3151215	k141_3151215_1 # 192 # 3341 # 1 # ID=393798_1;partial=00;start_type=ATG;rbs_motif=TAA;rbs_spacer=11bp;gc_cont=0.457	adeF	3000777	Strict	43.87	99.06	fluoroquinolone antibiotic; tetracycline antibiotic	antibiotic efflux	resistance-nodulation-cell division (RND) antibiotic efflux pump	tetracycline	False	chromosome_like	1		
Kathmandu18	I_1-2	k141_1444090	k141_1444090_2 # 509 # 2014 # -1 # ID=393858_2;partial=00;start_type=ATG;rbs_motif=None;rbs_spacer=None;gc_cont=0.483	vanW gene in vanI cluster	3003724	Strict	31.62	134.32	glycopeptide antibiotic	antibiotic target alteration	vanW; glycopeptide resistance gene cluster	vancomycin; teicoplanin	False	chromosome_like	1		
Kathmandu18	I_1-2	k141_3156497	k141_3156497_14 # 9453 # 10619 # -1 # ID=395155_14;partial=00;start_type=ATG;rbs_motif=GGAG/GAGG;rbs_spacer=5-10bp;gc_cont=0.398	vanT gene in vanG cluster	3002972	Strict	39.62	54.49	glycopeptide antibiotic	antibiotic target alteration	glycopeptide resistance gene cluster; vanT	vancomycin	False	chromosome_like	1		
Kathmandu18	I_1-2	k141_3160234	k141_3160234_2 # 266 # 1123 # -1 # ID=396067_2;partial=00;start_type=ATG;rbs_motif=GGA/GAG/AGG;rbs_spacer=5-10bp;gc_cont=0.276	ANT(6)-Ib	3002629	Perfect	100.0	100.0	aminoglycoside antibiotic	antibiotic inactivation	ANT(6)	streptomycin	False	chromosome_like	1		
Kathmandu18	I_1-2	k141_3167743	k141_3167743_3 # 3091 # 4917 # -1 # ID=397912_3;partial=00;start_type=GTG;rbs_motif=AGGAG;rbs_spacer=5-10bp;gc_cont=0.350	vanW gene in vanI cluster	3003724	Strict	28.77	163.0	glycopeptide antibiotic	antibiotic target alteration	vanW; glycopeptide resistance gene cluster	vancomycin; teicoplanin	False	chromosome_like	1		
Kathmandu18	I_1-2	k141_3167892	k141_3167892_132 # 135558 # 135890 # 1 # ID=397995_132;partial=00;start_type=ATG;rbs_motif=None;rbs_spacer=None;gc_cont=0.474	qacG	3007015	Strict	47.12	102.8	disinfecting agents and antiseptics	antibiotic efflux	small multidrug resistance (SMR) antibiotic efflux pump	benzalkonium chloride	False	chromosome_like	1		
Kathmandu18	I_1-2	k141_1475457	k141_1475457_3 # 3024 # 3773 # 1 # ID=401194_3;partial=00;start_type=ATG;rbs_motif=AGGAG;rbs_spacer=5-10bp;gc_cont=0.645	vanY gene in vanB cluster	3002956	Strict	50.0	92.91	glycopeptide antibiotic	antibiotic target alteration	vanY; glycopeptide resistance gene cluster	vancomycin	False	chromosome_like	1		
Kathmandu18	I_1-2	k141_1479275	k141_1479275_2 # 504 # 1499 # 1 # ID=402049_2;partial=00;start_type=ATG;rbs_motif=GGA/GAG/AGG;rbs_spacer=5-10bp;gc_cont=0.591	vanH gene in vanO cluster	3002948	Strict	36.56	94.57	glycopeptide antibiotic	antibiotic target alteration	vanH; glycopeptide resistance gene cluster	vancomycin	False	chromosome_like	1		
Kathmandu18	I_1-2	k141_1492984	k141_1492984_1 # 2 # 1222 # -1 # ID=405152_1;partial=10;start_type=ATG;rbs_motif=GGAG/GAGG;rbs_spacer=5-10bp;gc_cont=0.371	vanW gene in vanI cluster	3003724	Strict	36.71	109.12	glycopeptide antibiotic	antibiotic target alteration	vanW; glycopeptide resistance gene cluster	vancomycin; teicoplanin	False	chromosome_like	1		
Kathmandu18	I_1-2	k141_1493248	k141_1493248_1 # 161 # 2629 # 1 # ID=405221_1;partial=00;start_type=ATG;rbs_motif=AATAA;rbs_spacer=7bp;gc_cont=0.498	vanT gene in vanG cluster	3002972	Strict	33.06	115.45	glycopeptide antibiotic	antibiotic target alteration	glycopeptide resistance gene cluster; vanT	vancomycin	False	chromosome_like	1		
Kathmandu18	I_1-2	k141_3198671	k141_3198671_5 # 3249 # 3737 # -1 # ID=405258_5;partial=00;start_type=ATG;rbs_motif=GGAG/GAGG;rbs_spacer=5-10bp;gc_cont=0.360	nimJ	3007112	Strict	51.23	98.18	nitroimidazole antibiotic	antibiotic inactivation	nitroimidazole reductase	metronidazole	False	chromosome_like	1		
Kathmandu18	I_1-2	k141_3206924	k141_3206924_1 # 2 # 424 # 1 # ID=407187_1;partial=10;start_type=Edge;rbs_motif=None;rbs_spacer=None;gc_cont=0.551	vanW gene in vanI cluster	3003724	Strict	40.43	37.53	glycopeptide antibiotic	antibiotic target alteration	vanW; glycopeptide resistance gene cluster	vancomycin; teicoplanin	False	chromosome_like	1		
Kathmandu18	I_1-2	k141_1505323	k141_1505323_6 # 5075 # 7447 # -1 # ID=407779_6;partial=00;start_type=ATG;rbs_motif=AGGA;rbs_spacer=5-10bp;gc_cont=0.611	vanT gene in vanG cluster	3002972	Strict	38.07	110.96	glycopeptide antibiotic	antibiotic target alteration	glycopeptide resistance gene cluster; vanT	vancomycin	False	chromosome_like	1		
Kathmandu18	I_1-2	k141_1512161	k141_1512161_3 # 1102 # 2088 # -1 # ID=409225_3;partial=00;start_type=ATG;rbs_motif=AGGAG;rbs_spacer=5-10bp;gc_cont=0.575	vanH gene in vanO cluster	3002948	Strict	41.81	93.71	glycopeptide antibiotic	antibiotic target alteration	vanH; glycopeptide resistance gene cluster	vancomycin	False	chromosome_like	1		
Kathmandu18	I_1-2	k141_3215915	k141_3215915_3 # 1603 # 1752 # -1 # ID=409260_3;partial=01;start_type=Edge;rbs_motif=None;rbs_spacer=None;gc_cont=0.633	vanY gene in vanB cluster	3002956	Strict	51.22	18.28	glycopeptide antibiotic	antibiotic target alteration	vanY; glycopeptide resistance gene cluster	vancomycin	False	chromosome_like	1		
Kathmandu18	I_1-2	k141_1513419	k141_1513419_17 # 15893 # 17251 # -1 # ID=409501_17;partial=00;start_type=GTG;rbs_motif=GGA/GAG/AGG;rbs_spacer=5-10bp;gc_cont=0.492	vanW gene in vanI cluster	3003724	Strict	32.03	121.18	glycopeptide antibiotic	antibiotic target alteration	vanW; glycopeptide resistance gene cluster	vancomycin; teicoplanin	False	chromosome_like	1		
Kathmandu18	I_1-2	k141_3220313	k141_3220313_1 # 2 # 1249 # 1 # ID=410268_1;partial=10;start_type=Edge;rbs_motif=None;rbs_spacer=None;gc_cont=0.433	vanT gene in vanG cluster	3002972	Strict	36.68	58.29	glycopeptide antibiotic	antibiotic target alteration	glycopeptide resistance gene cluster; vanT	vancomycin	False	chromosome_like	1		
Kathmandu18	I_1-2	k141_1517868	k141_1517868_8 # 5532 # 8174 # 1 # ID=410422_8;partial=00;start_type=ATG;rbs_motif=AAAAA;rbs_spacer=7bp;gc_cont=0.403	tet(Q)	3000191	Strict	31.22	133.94	tetracycline antibiotic	antibiotic target protection	tetracycline-resistant ribosomal protection protein	tetracycline; doxycycline; minocycline; chlortetracycline; demeclocycline; oxytetracycline	False	chromosome_like	1		
Kathmandu18	I_1-2	k141_3224163	k141_3224163_1 # 2 # 496 # 1 # ID=411230_1;partial=10;start_type=Edge;rbs_motif=None;rbs_spacer=None;gc_cont=0.646	vanW gene in vanI cluster	3003724	Strict	34.62	43.97	glycopeptide antibiotic	antibiotic target alteration	vanW; glycopeptide resistance gene cluster	vancomycin; teicoplanin	False	chromosome_like	1		
Kathmandu18	I_1-2	k141_1525854	k141_1525854_3 # 463 # 1290 # 1 # ID=412298_3;partial=00;start_type=ATG;rbs_motif=GGAG/GAGG;rbs_spacer=5-10bp;gc_cont=0.423	vanY gene in vanF cluster	3002958	Strict	29.23	93.86	glycopeptide antibiotic	antibiotic target alteration	vanY; glycopeptide resistance gene cluster	vancomycin	False	chromosome_like	1		
Kathmandu18	I_1-2	k141_1526511	k141_1526511_2 # 614 # 958 # 1 # ID=412466_2;partial=00;start_type=ATG;rbs_motif=GGAG/GAGG;rbs_spacer=5-10bp;gc_cont=0.522	qacG	3007015	Strict	37.5	106.54	disinfecting agents and antiseptics	antibiotic efflux	small multidrug resistance (SMR) antibiotic efflux pump	benzalkonium chloride	False	chromosome_like	1		
Kathmandu18	I_1-2	k141_1529693	k141_1529693_4 # 2662 # 3435 # 1 # ID=413264_4;partial=01;start_type=ATG;rbs_motif=TAA;rbs_spacer=3bp;gc_cont=0.286	vanW gene in vanG cluster	3002965	Strict	39.2	91.81	glycopeptide antibiotic	antibiotic target alteration	vanW; glycopeptide resistance gene cluster	vancomycin	False	chromosome_like	1		
Kathmandu18	I_1-2	k141_1536587	k141_1536587_4 # 2011 # 2763 # -1 # ID=414869_4;partial=00;start_type=ATG;rbs_motif=GGA/GAG/AGG;rbs_spacer=5-10bp;gc_cont=0.529	vanY gene in vanF cluster	3002958	Strict	34.39	85.32	glycopeptide antibiotic	antibiotic target alteration	vanY; glycopeptide resistance gene cluster	vancomycin	False	chromosome_like	1		
Kathmandu18	I_1-2	k141_3242705	k141_3242705_2 # 947 # 1951 # -1 # ID=415671_2;partial=00;start_type=ATG;rbs_motif=GGA/GAG/AGG;rbs_spacer=5-10bp;gc_cont=0.640	vanH gene in vanO cluster	3002948	Strict	38.7	95.43	glycopeptide antibiotic	antibiotic target alteration	vanH; glycopeptide resistance gene cluster	vancomycin	False	chromosome_like	1		
Kathmandu18	I_1-2	k141_1540702	k141_1540702_3 # 858 # 1418 # -1 # ID=415789_3;partial=00;start_type=ATG;rbs_motif=GGxGG;rbs_spacer=5-10bp;gc_cont=0.490	dfrA23	3003019	Perfect	100.0	100.0	diaminopyrimidine antibiotic	antibiotic target replacement	trimethoprim resistant dihydrofolate reductase dfr	trimethoprim	False	chromosome_like	1		
Kathmandu18	I_1-2	k141_3247651	k141_3247651_2 # 489 # 851 # 1 # ID=416777_2;partial=00;start_type=ATG;rbs_motif=AGGAG;rbs_spacer=5-10bp;gc_cont=0.471	Klebsiella pneumoniae KpnE	3004580	Strict	82.5	100.0	macrolide antibiotic; aminoglycoside antibiotic; cephalosporin; tetracycline antibiotic; peptide antibiotic; rifamycin antibiotic; disinfecting agents and antiseptics	antibiotic efflux	small multidrug resistance (SMR) antibiotic efflux pump	erythromycin; streptomycin; tetracycline; cefepime; ceftriaxone; rifampin; colistin A; colistin B; triclosan; benzalkonium chloride; chlorhexidine	True	plasmid_like		0.88	
Kathmandu18	I_1-2	k141_3247651	k141_3247651_3 # 838 # 1167 # 1 # ID=416777_3;partial=00;start_type=ATG;rbs_motif=AGGAG;rbs_spacer=5-10bp;gc_cont=0.588	Klebsiella pneumoniae KpnF	3004583	Strict	86.24	100.0	macrolide antibiotic; aminoglycoside antibiotic; cephalosporin; tetracycline antibiotic; peptide antibiotic; rifamycin antibiotic; disinfecting agents and antiseptics	antibiotic efflux	small multidrug resistance (SMR) antibiotic efflux pump	erythromycin; streptomycin; tetracycline; cefepime; ceftriaxone; rifampin; colistin A; colistin B; triclosan; benzalkonium chloride; chlorhexidine	True	plasmid_like		0.88	
Kathmandu18	I_1-2	k141_1551493	k141_1551493_2 # 341 # 1099 # 1 # ID=418225_2;partial=01;start_type=ATG;rbs_motif=AGGAG;rbs_spacer=5-10bp;gc_cont=0.651	vanY gene in vanB cluster	3002956	Strict	31.14	94.4	glycopeptide antibiotic	antibiotic target alteration	vanY; glycopeptide resistance gene cluster	vancomycin	False	chromosome_like	1		
Kathmandu18	I_1-2	k141_1552621	k141_1552621_4 # 1437 # 2597 # -1 # ID=418446_4;partial=00;start_type=ATG;rbs_motif=GGA/GAG/AGG;rbs_spacer=11-12bp;gc_cont=0.538	vanG	3002909	Strict	38.66	110.6	glycopeptide antibiotic	antibiotic target alteration	glycopeptide resistance gene cluster; Van ligase	vancomycin	False	chromosome_like	1		
Kathmandu18	I_1-2	k141_3256885	k141_3256885_2 # 527 # 1306 # 1 # ID=418887_2;partial=00;start_type=ATG;rbs_motif=GGAG/GAGG;rbs_spacer=5-10bp;gc_cont=0.444	ANT(3'')-IIc	3004091	Perfect	100.0	100.0	aminoglycoside antibiotic	antibiotic inactivation	ANT(3'')	spectinomycin; streptomycin	False	chromosome_like	1		
Kathmandu18	I_1-2	k141_3257090	k141_3257090_1 # 3 # 614 # 1 # ID=418940_1;partial=10;start_type=Edge;rbs_motif=None;rbs_spacer=None;gc_cont=0.658	vanW gene in vanI cluster	3003724	Strict	29.06	54.42	glycopeptide antibiotic	antibiotic target alteration	vanW; glycopeptide resistance gene cluster	vancomycin; teicoplanin	False	chromosome_like	1		
Kathmandu18	I_1-2	k141_1555797	k141_1555797_2 # 749 # 1054 # 1 # ID=419156_2;partial=01;start_type=ATG;rbs_motif=None;rbs_spacer=None;gc_cont=0.575	qacG	3007015	Strict	41.84	95.33	disinfecting agents and antiseptics	antibiotic efflux	small multidrug resistance (SMR) antibiotic efflux pump	benzalkonium chloride	False	chromosome_like	1		
Kathmandu18	I_1-2	k141_3267414	k141_3267414_1 # 403 # 1368 # 1 # ID=421285_1;partial=00;start_type=TTG;rbs_motif=AGGAGG;rbs_spacer=5-10bp;gc_cont=0.389	tet(U)	3004650	Strict	99.05	305.71	tetracycline antibiotic	antibiotic efflux	major facilitator superfamily (MFS) antibiotic efflux pump	tetracycline	True	plasmid_like		0.9852	
Kathmandu18	I_1-2	k141_3273701	k141_3273701_1 # 47 # 1033 # -1 # ID=422628_1;partial=00;start_type=ATG;rbs_motif=GGAGG;rbs_spacer=5-10bp;gc_cont=0.659	vanH gene in vanO cluster	3002948	Strict	40.32	93.71	glycopeptide antibiotic	antibiotic target alteration	vanH; glycopeptide resistance gene cluster	vancomycin	False	chromosome_like	1		
Kathmandu18	I_1-2	k141_1573968	k141_1573968_2 # 337 # 1137 # 1 # ID=423419_2;partial=00;start_type=GTG;rbs_motif=AGGA;rbs_spacer=5-10bp;gc_cont=0.685	vanY gene in vanM cluster	3002961	Strict	29.69	114.16	glycopeptide antibiotic	antibiotic target alteration	vanY; glycopeptide resistance gene cluster	vancomycin; teicoplanin	False	chromosome_like	1		
Kathmandu18	I_1-2	k141_1574952	k141_1574952_2 # 197 # 685 # 1 # ID=423634_2;partial=00;start_type=ATG;rbs_motif=GGA/GAG/AGG;rbs_spacer=5-10bp;gc_cont=0.562	dfrA3	3003105	Strict	91.98	100.0	diaminopyrimidine antibiotic	antibiotic target replacement	trimethoprim resistant dihydrofolate reductase dfr	trimethoprim	False	chromosome_like	1		
Kathmandu18	I_1-2	k141_1575547	k141_1575547_1 # 2 # 931 # 1 # ID=423768_1;partial=10;start_type=Edge;rbs_motif=None;rbs_spacer=None;gc_cont=0.585	vanY gene in vanF cluster	3002958	Strict	34.62	105.46	glycopeptide antibiotic	antibiotic target alteration	vanY; glycopeptide resistance gene cluster	vancomycin	False	chromosome_like	1		
Kathmandu18	I_1-2	k141_3279775	k141_3279775_1 # 2 # 1564 # -1 # ID=423880_1;partial=10;start_type=ATG;rbs_motif=GGAG/GAGG;rbs_spacer=5-10bp;gc_cont=0.656	ArnT	3005053	Strict	51.16	94.56	peptide antibiotic	antibiotic target alteration	pmr phosphoethanolamine transferase	colistin A; colistin B	False	chromosome_like	1		
Kathmandu18	I_1-2	k141_3283662	k141_3283662_1 # 120 # 683 # 1 # ID=424824_1;partial=00;start_type=ATG;rbs_motif=AGxAGG/AGGxGG;rbs_spacer=5-10bp;gc_cont=0.541	vanY gene in vanF cluster	3002958	Strict	35.96	63.82	glycopeptide antibiotic	antibiotic target alteration	vanY; glycopeptide resistance gene cluster	vancomycin	False	chromosome_like	1		
Kathmandu18	I_1-2	k141_3286213	k141_3286213_1 # 135 # 1829 # -1 # ID=425463_1;partial=00;start_type=TTG;rbs_motif=GGAG/GAGG;rbs_spacer=5-10bp;gc_cont=0.682	vanW gene in vanI cluster	3003724	Strict	34.36	151.21	glycopeptide antibiotic	antibiotic target alteration	vanW; glycopeptide resistance gene cluster	vancomycin; teicoplanin	False	chromosome_like	1		
Kathmandu18	I_1-2	k141_1583285	k141_1583285_4 # 1568 # 1918 # 1 # ID=425652_4;partial=00;start_type=ATG;rbs_motif=GGxGG;rbs_spacer=5-10bp;gc_cont=0.650	qacG	3007015	Strict	41.35	108.41	disinfecting agents and antiseptics	antibiotic efflux	small multidrug resistance (SMR) antibiotic efflux pump	benzalkonium chloride	False	chromosome_like	1		
Kathmandu18	I_1-2	k141_1584832	k141_1584832_1 # 3 # 965 # -1 # ID=426001_1;partial=10;start_type=ATG;rbs_motif=GGA/GAG/AGG;rbs_spacer=5-10bp;gc_cont=0.571	ACT-8	3001831	Strict	95.02	84.25	carbapenem; cephalosporin; cephamycin; penam	antibiotic inactivation	ACT beta-lactamase		False	chromosome_like	1		
Kathmandu18	I_1-2	k141_1584833	k141_1584833_2 # 607 # 1749 # -1 # ID=426002_2;partial=00;start_type=ATG;rbs_motif=GGA/GAG/AGG;rbs_spacer=5-10bp;gc_cont=0.567	ACT-4	3001829	Perfect	100.0	100.0	carbapenem; cephalosporin; cephamycin; penam	antibiotic inactivation	ACT beta-lactamase		False	chromosome_like	1		
Kathmandu18	I_1-2	k141_3298349	k141_3298349_2 # 1590 # 2474 # 1 # ID=428240_2;partial=00;start_type=ATG;rbs_motif=AAAAA;rbs_spacer=11bp;gc_cont=0.368	mphG	3003742	Strict	99.32	100.0	macrolide antibiotic	antibiotic inactivation	macrolide phosphotransferase (MPH)	erythromycin; clarithromycin; azithromycin	False	chromosome_like	1		
Kathmandu18	I_1-2	k141_1597511	k141_1597511_1 # 314 # 1423 # 1 # ID=428827_1;partial=00;start_type=ATG;rbs_motif=GGAG/GAGG;rbs_spacer=5-10bp;gc_cont=0.666	vanG	3002909	Strict	38.1	105.73	glycopeptide antibiotic	antibiotic target alteration	glycopeptide resistance gene cluster; Van ligase	vancomycin	False	chromosome_like	1		
Kathmandu18	I_1-2	k141_3308483	k141_3308483_2 # 518 # 2101 # 1 # ID=430517_2;partial=00;start_type=ATG;rbs_motif=AGGA;rbs_spacer=5-10bp;gc_cont=0.434	vanW gene in vanI cluster	3003724	Strict	31.51	141.29	glycopeptide antibiotic	antibiotic target alteration	vanW; glycopeptide resistance gene cluster	vancomycin; teicoplanin	False	chromosome_like	1		
Kathmandu18	I_1-2	k141_3308483	k141_3308483_3 # 2158 # 3738 # 1 # ID=430517_3;partial=00;start_type=ATG;rbs_motif=GGA/GAG/AGG;rbs_spacer=5-10bp;gc_cont=0.421	vanW gene in vanI cluster	3003724	Strict	28.67	141.02	glycopeptide antibiotic	antibiotic target alteration	vanW; glycopeptide resistance gene cluster	vancomycin; teicoplanin	False	chromosome_like	1		
Kathmandu18	I_1-2	k141_3311568	k141_3311568_2 # 634 # 825 # 1 # ID=431178_2;partial=00;start_type=ATG;rbs_motif=AGGAG;rbs_spacer=5-10bp;gc_cont=0.438	rsmA	3005069	Strict	91.38	103.28	fluoroquinolone antibiotic; diaminopyrimidine antibiotic; phenicol antibiotic	antibiotic efflux	resistance-nodulation-cell division (RND) antibiotic efflux pump	trimethoprim; chloramphenicol	False	chromosome_like	1		
Kathmandu18	I_1-2	k141_3315531	k141_3315531_7 # 6370 # 7440 # 1 # ID=432061_7;partial=00;start_type=ATG;rbs_motif=AGGAG;rbs_spacer=5-10bp;gc_cont=0.289	vanT gene in vanG cluster	3002972	Strict	34.07	50.0	glycopeptide antibiotic	antibiotic target alteration	glycopeptide resistance gene cluster; vanT	vancomycin	False	chromosome_like	1		
Kathmandu18	I_1-2	k141_3317546	k141_3317546_2 # 625 # 3093 # 1 # ID=432486_2;partial=00;start_type=ATG;rbs_motif=None;rbs_spacer=None;gc_cont=0.388	vanT gene in vanG cluster	3002972	Strict	33.06	115.45	glycopeptide antibiotic	antibiotic target alteration	glycopeptide resistance gene cluster; vanT	vancomycin	False	chromosome_like	1		
Kathmandu18	I_1-2	k141_1614852	k141_1614852_2 # 1127 # 1489 # 1 # ID=432940_2;partial=00;start_type=ATG;rbs_motif=AGGAG;rbs_spacer=5-10bp;gc_cont=0.471	Klebsiella pneumoniae KpnE	3004580	Strict	83.33	100.0	macrolide antibiotic; aminoglycoside antibiotic; cephalosporin; tetracycline antibiotic; peptide antibiotic; rifamycin antibiotic; disinfecting agents and antiseptics	antibiotic efflux	small multidrug resistance (SMR) antibiotic efflux pump	erythromycin; streptomycin; tetracycline; cefepime; ceftriaxone; rifampin; colistin A; colistin B; triclosan; benzalkonium chloride; chlorhexidine	False	chromosome_like	1		
Kathmandu18	I_1-2	k141_1614852	k141_1614852_3 # 1476 # 1805 # 1 # ID=432940_3;partial=00;start_type=ATG;rbs_motif=AGGAG;rbs_spacer=5-10bp;gc_cont=0.558	Klebsiella pneumoniae KpnF	3004583	Strict	88.07	100.0	macrolide antibiotic; aminoglycoside antibiotic; cephalosporin; tetracycline antibiotic; peptide antibiotic; rifamycin antibiotic; disinfecting agents and antiseptics	antibiotic efflux	small multidrug resistance (SMR) antibiotic efflux pump	erythromycin; streptomycin; tetracycline; cefepime; ceftriaxone; rifampin; colistin A; colistin B; triclosan; benzalkonium chloride; chlorhexidine	False	chromosome_like	1		
Kathmandu18	I_1-2	k141_1615515	k141_1615515_2 # 98 # 3220 # -1 # ID=433102_2;partial=00;start_type=ATG;rbs_motif=AGGA;rbs_spacer=5-10bp;gc_cont=0.638	adeF	3000777	Strict	46.27	98.21	fluoroquinolone antibiotic; tetracycline antibiotic	antibiotic efflux	resistance-nodulation-cell division (RND) antibiotic efflux pump	tetracycline	False	chromosome_like	1		
Kathmandu18	I_1-2	k141_3320393	k141_3320393_3 # 554 # 3049 # -1 # ID=433121_3;partial=00;start_type=ATG;rbs_motif=TAA;rbs_spacer=4bp;gc_cont=0.472	vanT gene in vanG cluster	3002972	Strict	33.15	116.71	glycopeptide antibiotic	antibiotic target alteration	glycopeptide resistance gene cluster; vanT	vancomycin	False	chromosome_like	1		
Kathmandu18	I_1-2	k141_1619126	k141_1619126_1 # 26 # 1165 # 1 # ID=433988_1;partial=01;start_type=ATG;rbs_motif=AGGAGG;rbs_spacer=11-12bp;gc_cont=0.407	vanT gene in vanG cluster	3002972	Strict	34.52	53.37	glycopeptide antibiotic	antibiotic target alteration	glycopeptide resistance gene cluster; vanT	vancomycin	False	chromosome_like	1		
Kathmandu18	I_1-2	k141_1630644	k141_1630644_1 # 1 # 1122 # 1 # ID=436579_1;partial=10;start_type=Edge;rbs_motif=None;rbs_spacer=None;gc_cont=0.469	vanT gene in vanG cluster	3002972	Strict	36.59	52.39	glycopeptide antibiotic	antibiotic target alteration	glycopeptide resistance gene cluster; vanT	vancomycin	False	chromosome_like	1		
Kathmandu18	I_1-2	k141_3340249	k141_3340249_2 # 1129 # 1542 # 1 # ID=437703_2;partial=00;start_type=ATG;rbs_motif=GGA/GAG/AGG;rbs_spacer=5-10bp;gc_cont=0.457	H-NS	3000676	Strict	95.62	100.0	macrolide antibiotic; fluoroquinolone antibiotic; cephalosporin; cephamycin; penam; tetracycline antibiotic	antibiotic efflux	major facilitator superfamily (MFS) antibiotic efflux pump; resistance-nodulation-cell division (RND) antibiotic efflux pump	erythromycin; cloxacillin; ciprofloxacin; tetracycline; oxacillin; norfloxacin	False	chromosome_like	1		
Kathmandu18	I_1-2	k141_3341228	k141_3341228_3 # 1861 # 4353 # 1 # ID=437911_3;partial=00;start_type=ATG;rbs_motif=None;rbs_spacer=None;gc_cont=0.301	vanT gene in vanG cluster	3002972	Strict	34.48	116.57	glycopeptide antibiotic	antibiotic target alteration	glycopeptide resistance gene cluster; vanT	vancomycin	False	chromosome_like	1		
Kathmandu18	I_1-2	k141_3343739	k141_3343739_1 # 269 # 1174 # 1 # ID=438494_1;partial=00;start_type=ATG;rbs_motif=TAAA;rbs_spacer=15bp;gc_cont=0.336	APH(2'')-Ie	3002634	Perfect	100.0	100.0	aminoglycoside antibiotic	antibiotic inactivation	APH(2'')	amikacin; kanamycin A; tobramycin; gentamicin A; gentamicin	False	chromosome_like	1		
Kathmandu18	I_1-2	k141_1640509	k141_1640509_2 # 496 # 1695 # -1 # ID=438858_2;partial=01;start_type=Edge;rbs_motif=None;rbs_spacer=None;gc_cont=0.498	EreA	3000361	Strict	98.75	98.28	macrolide antibiotic	antibiotic inactivation	macrolide esterase	erythromycin; roxithromycin; clarithromycin	False	chromosome_like	1		
Kathmandu18	I_1-2	k141_3354234	k141_3354234_5 # 3679 # 4011 # -1 # ID=441035_5;partial=00;start_type=ATG;rbs_motif=AGGAG;rbs_spacer=5-10bp;gc_cont=0.637	qacG	3007015	Strict	42.31	102.8	disinfecting agents and antiseptics	antibiotic efflux	small multidrug resistance (SMR) antibiotic efflux pump	benzalkonium chloride	False	chromosome_like	1		
Kathmandu18	I_1-2	k141_1672049	k141_1672049_3 # 1092 # 1583 # -1 # ID=446039_3;partial=00;start_type=ATG;rbs_motif=None;rbs_spacer=None;gc_cont=0.634	nimJ	3007112	Strict	52.83	98.79	nitroimidazole antibiotic	antibiotic inactivation	nitroimidazole reductase	metronidazole	False	chromosome_like	1		
Kathmandu18	I_1-2	k141_1673827	k141_1673827_2 # 345 # 1235 # 1 # ID=446401_2;partial=01;start_type=ATG;rbs_motif=GGA/GAG/AGG;rbs_spacer=5-10bp;gc_cont=0.370	vanT gene in vanG cluster	3002972	Strict	35.4	41.71	glycopeptide antibiotic	antibiotic target alteration	glycopeptide resistance gene cluster; vanT	vancomycin	False	chromosome_like	1		
Kathmandu18	I_1-2	k141_1675690	k141_1675690_5 # 3370 # 4866 # -1 # ID=446769_5;partial=00;start_type=ATG;rbs_motif=AGGA;rbs_spacer=5-10bp;gc_cont=0.377	vanW gene in vanI cluster	3003724	Strict	24.51	133.51	glycopeptide antibiotic	antibiotic target alteration	vanW; glycopeptide resistance gene cluster	vancomycin; teicoplanin	False	chromosome_like	1		
Kathmandu18	I_1-2	k141_3382575	k141_3382575_1 # 60 # 1367 # -1 # ID=447597_1;partial=00;start_type=ATG;rbs_motif=GGA/GAG/AGG;rbs_spacer=5-10bp;gc_cont=0.520	vanW gene in vanI cluster	3003724	Strict	34.08	116.62	glycopeptide antibiotic	antibiotic target alteration	vanW; glycopeptide resistance gene cluster	vancomycin; teicoplanin	False	chromosome_like	1		
Kathmandu18	I_1-2	k141_3382579	k141_3382579_1 # 167 # 490 # -1 # ID=447599_1;partial=00;start_type=ATG;rbs_motif=GGAGG;rbs_spacer=5-10bp;gc_cont=0.432	qacJ	3007014	Strict	48.57	100.0	disinfecting agents and antiseptics	antibiotic efflux	small multidrug resistance (SMR) antibiotic efflux pump	benzalkonium chloride	False	chromosome_like	1		
Kathmandu18	I_1-2	k141_3387956	k141_3387956_2 # 609 # 1394 # -1 # ID=448966_2;partial=01;start_type=Edge;rbs_motif=None;rbs_spacer=None;gc_cont=0.603	vanY gene in vanB cluster	3002956	Strict	37.77	97.39	glycopeptide antibiotic	antibiotic target alteration	vanY; glycopeptide resistance gene cluster	vancomycin	False	chromosome_like	1		
Kathmandu18	I_1-2	k141_3391426	k141_3391426_2 # 120 # 1142 # 1 # ID=449723_2;partial=00;start_type=ATG;rbs_motif=GGA/GAG/AGG;rbs_spacer=11-12bp;gc_cont=0.294	vanH gene in vanB cluster	3002943	Strict	36.0	105.26	glycopeptide antibiotic	antibiotic target alteration	vanH; glycopeptide resistance gene cluster	vancomycin	False	chromosome_like	1		
Kathmandu18	I_1-2	k141_1697215	k141_1697215_1 # 142 # 486 # 1 # ID=451276_1;partial=00;start_type=ATG;rbs_motif=GGA/GAG/AGG;rbs_spacer=5-10bp;gc_cont=0.377	qacG	3007015	Strict	46.23	106.54	disinfecting agents and antiseptics	antibiotic efflux	small multidrug resistance (SMR) antibiotic efflux pump	benzalkonium chloride	False	chromosome_like	1		
Kathmandu18	I_1-2	k141_64465	k141_64465_3 # 1605 # 3371 # -1 # ID=23001_3;partial=00;start_type=ATG;rbs_motif=AGGA/GGAG/GAGG;rbs_spacer=11-12bp;gc_cont=0.565	Haemophilus influenzae PBP3 conferring resistance to beta-lactam antibiotics	3004446	Strict	52.37	96.39	cephalosporin; cephamycin; penam	antibiotic target alteration	Penicillin-binding protein mutations conferring resistance to beta-lactam antibiotics	ceftriaxone; ampicillin; cefaclor; cefotaxime; cefditoren; cefdinir	False	chromosome_like	1		
Kathmandu18	I_1-2	k141_112105	k141_112105_2 # 88 # 459 # -1 # ID=38731_2;partial=00;start_type=GTG;rbs_motif=None;rbs_spacer=None;gc_cont=0.661	Mycobacterium tuberculosis rpsL mutations conferring resistance to Streptomycin	3003395	Strict	91.06	99.19	aminoglycoside antibiotic	antibiotic target alteration	antibiotic-resistant rpsL	streptomycin	False	chromosome_like	1		
Kathmandu18	I_1-2	k141_281498	k141_281498_1 # 44 # 1951 # 1 # ID=92656_1;partial=00;start_type=TTG;rbs_motif=GGAGG;rbs_spacer=5-10bp;gc_cont=0.321	Clostridioides difficile gyrB conferring resistance to fluoroquinolones	3004562	Strict	79.09	99.69	fluoroquinolone antibiotic	antibiotic target alteration	fluoroquinolone resistant gyrB	ciprofloxacin; levofloxacin; moxifloxacin; gemifloxacin	False	chromosome_like	1		
Kathmandu18	I_1-2	k141_2133716	k141_2133716_41 # 26358 # 26732 # -1 # ID=132048_41;partial=00;start_type=GTG;rbs_motif=AGGAG;rbs_spacer=5-10bp;gc_cont=0.605	Mycobacterium tuberculosis rpsL mutations conferring resistance to Streptomycin	3003395	Strict	85.37	100.0	aminoglycoside antibiotic	antibiotic target alteration	antibiotic-resistant rpsL	streptomycin	False	chromosome_like	1		
Kathmandu18	I_1-2	k141_428350	k141_428350_2 # 598 # 1956 # -1 # ID=133607_2;partial=00;start_type=ATG;rbs_motif=GGAGG;rbs_spacer=5-10bp;gc_cont=0.537	Escherichia coli GlpT with mutation conferring resistance to fosfomycin	3003889	Strict	95.58	100.0	phosphonic acid antibiotic	antibiotic target alteration	antibiotic-resistant GlpT	fosfomycin	False	chromosome_like	1		
Kathmandu18	I_1-2	k141_2183225	k141_2183225_1 # 14 # 388 # 1 # ID=145469_1;partial=00;start_type=GTG;rbs_motif=AGGAG;rbs_spacer=5-10bp;gc_cont=0.624	Mycobacterium tuberculosis rpsL mutations conferring resistance to Streptomycin	3003395	Strict	85.37	100.0	aminoglycoside antibiotic	antibiotic target alteration	antibiotic-resistant rpsL	streptomycin	False	chromosome_like	1		
Kathmandu18	I_1-2	k141_563122	k141_563122_2 # 2049 # 2423 # 1 # ID=168857_2;partial=00;start_type=GTG;rbs_motif=AGGAG;rbs_spacer=5-10bp;gc_cont=0.611	Mycobacterium tuberculosis rpsL mutations conferring resistance to Streptomycin	3003395	Strict	87.8	100.0	aminoglycoside antibiotic	antibiotic target alteration	antibiotic-resistant rpsL	streptomycin	False	chromosome_like	1		
Kathmandu18	I_1-2	k141_683331	k141_683331_3 # 2878 # 4062 # 1 # ID=201234_3;partial=00;start_type=GTG;rbs_motif=AGGA;rbs_spacer=5-10bp;gc_cont=0.547	Escherichia coli EF-Tu mutants conferring resistance to Pulvomycin	3003369	Strict	91.86	96.33	elfamycin antibiotic	antibiotic target alteration	elfamycin resistant EF-Tu	pulvomycin	False	chromosome_like	1		
Kathmandu18	I_1-2	k141_904861	k141_904861_2 # 182 # 556 # -1 # ID=260124_2;partial=00;start_type=GTG;rbs_motif=AGGAG;rbs_spacer=5-10bp;gc_cont=0.611	Mycobacterium tuberculosis rpsL mutations conferring resistance to Streptomycin	3003395	Strict	86.99	100.0	aminoglycoside antibiotic	antibiotic target alteration	antibiotic-resistant rpsL	streptomycin	False	chromosome_like	1		
Kathmandu18	I_1-2	k141_2610411	k141_2610411_2 # 1202 # 1576 # 1 # ID=262061_2;partial=00;start_type=GTG;rbs_motif=AGGAG;rbs_spacer=5-10bp;gc_cont=0.624	Mycobacterium tuberculosis rpsL mutations conferring resistance to Streptomycin	3003395	Strict	86.99	100.0	aminoglycoside antibiotic	antibiotic target alteration	antibiotic-resistant rpsL	streptomycin	False	chromosome_like	1		
Kathmandu18	I_1-2	k141_914564	k141_914564_1 # 97 # 1281 # 1 # ID=262569_1;partial=00;start_type=ATG;rbs_motif=GGAG/GAGG;rbs_spacer=5-10bp;gc_cont=0.494	Escherichia coli EF-Tu mutants conferring resistance to Pulvomycin	3003369	Strict	88.04	96.33	elfamycin antibiotic	antibiotic target alteration	elfamycin resistant EF-Tu	pulvomycin	False	chromosome_like	1		
Kathmandu18	I_1-2	k141_1067788	k141_1067788_2 # 627 # 2018 # 1 # ID=302230_2;partial=00;start_type=ATG;rbs_motif=GGAG/GAGG;rbs_spacer=5-10bp;gc_cont=0.575	Escherichia coli UhpT with mutation conferring resistance to fosfomycin	3003890	Strict	95.03	100.0	phosphonic acid antibiotic	antibiotic target alteration	antibiotic-resistant UhpT	fosfomycin	False	chromosome_like	1		
Kathmandu18	I_1-2	k141_1196865	k141_1196865_4 # 1698 # 3464 # 1 # ID=335040_4;partial=00;start_type=ATG;rbs_motif=AGGA/GGAG/GAGG;rbs_spacer=11-12bp;gc_cont=0.539	Haemophilus influenzae PBP3 conferring resistance to beta-lactam antibiotics	3004446	Strict	53.11	96.39	cephalosporin; cephamycin; penam	antibiotic target alteration	Penicillin-binding protein mutations conferring resistance to beta-lactam antibiotics	ceftriaxone; ampicillin; cefaclor; cefotaxime; cefditoren; cefdinir	False	chromosome_like	1		
Kathmandu18	I_1-2	k141_172276	k141_172276_3 # 3813 # 4277 # -1 # ID=58407_3;partial=00;start_type=ATG;rbs_motif=AGGA/GGAG/GAGG;rbs_spacer=11-12bp;gc_cont=0.518	Escherichia coli soxR with mutation conferring antibiotic resistance	3003381	Strict	100.0	100.0	fluoroquinolone antibiotic; cephalosporin; glycylcycline; penam; tetracycline antibiotic; rifamycin antibiotic; phenicol antibiotic; disinfecting agents and antiseptics	antibiotic target alteration; antibiotic efflux	ATP-binding cassette (ABC) antibiotic efflux pump; major facilitator superfamily (MFS) antibiotic efflux pump; resistance-nodulation-cell division (RND) antibiotic efflux pump	tigecycline; ciprofloxacin; tetracycline; rifampin; chloramphenicol; ampicillin; nalidixic acid; norfloxacin; cefalotin; triclosan	True	plasmid_like		0.8951	
Kathmandu18	I_1-2	k141_172276	k141_172276_4 # 4363 # 4686 # 1 # ID=58407_4;partial=00;start_type=ATG;rbs_motif=GGAG/GAGG;rbs_spacer=5-10bp;gc_cont=0.506	Escherichia coli soxS with mutation conferring antibiotic resistance	3003511	Strict	100.0	100.0	fluoroquinolone antibiotic; monobactam; carbapenem; cephalosporin; glycylcycline; cephamycin; penam; tetracycline antibiotic; rifamycin antibiotic; phenicol antibiotic; penem; disinfecting agents and antiseptics	antibiotic target alteration; antibiotic efflux; reduced permeability to antibiotic	ATP-binding cassette (ABC) antibiotic efflux pump; major facilitator superfamily (MFS) antibiotic efflux pump; resistance-nodulation-cell division (RND) antibiotic efflux pump; General Bacterial Porin with reduced permeability to beta-lactams	tigecycline; ciprofloxacin; tetracycline; rifampin; chloramphenicol; ampicillin; norfloxacin; cefalotin; triclosan; enrofloxacin	True	plasmid_like		0.8951	
Kathmandu18	I_1-2	k141_1938248	k141_1938248_1 # 125 # 559 # 1 # ID=74588_1;partial=00;start_type=GTG;rbs_motif=GGA/GAG/AGG;rbs_spacer=5-10bp;gc_cont=0.494	Escherichia coli AcrAB-TolC with MarR mutations conferring resistance to ciprofloxacin and tetracycline	3003378	Strict	98.61	100.0	fluoroquinolone antibiotic; cephalosporin; glycylcycline; penam; tetracycline antibiotic; rifamycin antibiotic; phenicol antibiotic; disinfecting agents and antiseptics	antibiotic target alteration; antibiotic efflux	resistance-nodulation-cell division (RND) antibiotic efflux pump	tigecycline; ciprofloxacin; tetracycline; rifampin; chloramphenicol; ampicillin; cefalotin; triclosan	True	plasmid_like		0.9102	
Kathmandu18	I_1-2	k141_2373795	k141_2373795_6 # 3411 # 4034 # -1 # ID=197784_6;partial=00;start_type=ATG;rbs_motif=AGGA;rbs_spacer=5-10bp;gc_cont=0.402	tetR	3003479	Strict	100.0	99.52	tetracycline antibiotic	antibiotic target alteration; antibiotic efflux	major facilitator superfamily (MFS) antibiotic efflux pump	tetracycline	True	plasmid_like		0.9266	
Kathmandu18	I_1-2	k141_2599150	k141_2599150_2 # 410 # 844 # -1 # ID=258964_2;partial=00;start_type=GTG;rbs_motif=GGA/GAG/AGG;rbs_spacer=5-10bp;gc_cont=0.478	Escherichia coli AcrAB-TolC with MarR mutations conferring resistance to ciprofloxacin and tetracycline	3003378	Strict	91.67	100.0	fluoroquinolone antibiotic; cephalosporin; glycylcycline; penam; tetracycline antibiotic; rifamycin antibiotic; phenicol antibiotic; disinfecting agents and antiseptics	antibiotic target alteration; antibiotic efflux	resistance-nodulation-cell division (RND) antibiotic efflux pump	tigecycline; ciprofloxacin; tetracycline; rifampin; chloramphenicol; ampicillin; cefalotin; triclosan	False	chromosome_like	1		
Kathmandu18	I_1-2	k141_920173	k141_920173_3 # 3691 # 4338 # 1 # ID=264015_3;partial=00;start_type=ATG;rbs_motif=None;rbs_spacer=None;gc_cont=0.455	Escherichia coli AcrAB-TolC with AcrR mutation conferring resistance to ciprofloxacin, tetracycline, and ceftazidime	3003807	Strict	100.0	100.0	fluoroquinolone antibiotic; cephalosporin; glycylcycline; penam; tetracycline antibiotic; rifamycin antibiotic; phenicol antibiotic; disinfecting agents and antiseptics	antibiotic target alteration; antibiotic efflux	resistance-nodulation-cell division (RND) antibiotic efflux pump	tigecycline; ciprofloxacin; tetracycline; ceftazidime; rifampin; chloramphenicol; ampicillin; cefalotin; triclosan	False	chromosome_like	1		
Kathmandu18	I_1-2	k141_982282	k141_982282_4 # 1824 # 2258 # -1 # ID=280040_4;partial=00;start_type=ATG;rbs_motif=None;rbs_spacer=None;gc_cont=0.545	Escherichia coli AcrAB-TolC with MarR mutations conferring resistance to ciprofloxacin and tetracycline	3003378	Strict	84.03	100.0	fluoroquinolone antibiotic; cephalosporin; glycylcycline; penam; tetracycline antibiotic; rifamycin antibiotic; phenicol antibiotic; disinfecting agents and antiseptics	antibiotic target alteration; antibiotic efflux	resistance-nodulation-cell division (RND) antibiotic efflux pump	tigecycline; ciprofloxacin; tetracycline; rifampin; chloramphenicol; ampicillin; cefalotin; triclosan	False	chromosome_like	1		
Kathmandu18	I_1-2	k141_2783677	k141_2783677_3 # 771 # 1205 # -1 # ID=304352_3;partial=00;start_type=GTG;rbs_motif=GGA/GAG/AGG;rbs_spacer=5-10bp;gc_cont=0.487	Escherichia coli AcrAB-TolC with MarR mutations conferring resistance to ciprofloxacin and tetracycline	3003378	Strict	91.67	100.0	fluoroquinolone antibiotic; cephalosporin; glycylcycline; penam; tetracycline antibiotic; rifamycin antibiotic; phenicol antibiotic; disinfecting agents and antiseptics	antibiotic target alteration; antibiotic efflux	resistance-nodulation-cell division (RND) antibiotic efflux pump	tigecycline; ciprofloxacin; tetracycline; rifampin; chloramphenicol; ampicillin; cefalotin; triclosan	False	chromosome_like	1		
Kathmandu18	I_1-2	k141_1276940	k141_1276940_2 # 585 # 1019 # 1 # ID=353655_2;partial=00;start_type=GTG;rbs_motif=None;rbs_spacer=None;gc_cont=0.510	Escherichia coli AcrAB-TolC with MarR mutations conferring resistance to ciprofloxacin and tetracycline	3003378	Strict	83.22	100.0	fluoroquinolone antibiotic; cephalosporin; glycylcycline; penam; tetracycline antibiotic; rifamycin antibiotic; phenicol antibiotic; disinfecting agents and antiseptics	antibiotic target alteration; antibiotic efflux	resistance-nodulation-cell division (RND) antibiotic efflux pump	tigecycline; ciprofloxacin; tetracycline; rifampin; chloramphenicol; ampicillin; cefalotin; triclosan	False	chromosome_like	1		
Kathmandu18	I_1-2	k141_3105373	k141_3105373_1 # 83 # 406 # 1 # ID=382824_1;partial=00;start_type=ATG;rbs_motif=GGAG/GAGG;rbs_spacer=5-10bp;gc_cont=0.509	Escherichia coli soxS with mutation conferring antibiotic resistance	3003511	Strict	93.46	100.0	fluoroquinolone antibiotic; monobactam; carbapenem; cephalosporin; glycylcycline; cephamycin; penam; tetracycline antibiotic; rifamycin antibiotic; phenicol antibiotic; penem; disinfecting agents and antiseptics	antibiotic target alteration; antibiotic efflux; reduced permeability to antibiotic	ATP-binding cassette (ABC) antibiotic efflux pump; major facilitator superfamily (MFS) antibiotic efflux pump; resistance-nodulation-cell division (RND) antibiotic efflux pump; General Bacterial Porin with reduced permeability to beta-lactams	tigecycline; ciprofloxacin; tetracycline; rifampin; chloramphenicol; ampicillin; norfloxacin; cefalotin; triclosan; enrofloxacin	True	plasmid_like		0.9144	
