sample_id	aro_id	card_hit_name	diamond_read_hits	mean_pident	mean_bitscore	max_bitscore
I_3-4	ARO:3000005	vanD	5335	52.073908	50.037919	85.500000
I_3-4	ARO:3000010	vanA	4104	50.901438	49.511647	85.100000
I_3-4	ARO:3000013	vanB	2868	51.941248	50.148675	87.000000
I_3-4	ARO:3000024	patA	46876	47.781711	47.709229	97.800000
I_3-4	ARO:3000025	patB	53454	51.062396	51.546651	94.400000
I_3-4	ARO:3000026	mepA	1030	45.472427	42.748155	67.800000
I_3-4	ARO:3000027	emrA	7448	65.869066	64.804229	108.000000
I_3-4	ARO:3000074	emrB	12067	67.651231	68.931623	116.000000
I_3-4	ARO:3000090	Bla1	262	55.104962	57.140076	83.200000
I_3-4	ARO:3000118	vgaB	35958	44.715702	44.929757	71.200000
I_3-4	ARO:3000124	mecI	49	43.397959	45.487755	54.700000
I_3-4	ARO:3000149	FosA	334	66.314970	65.572754	89.700000
I_3-4	ARO:3000165	tet(A)	5846	75.675282	72.678224	109.000000
I_3-4	ARO:3000166	tet(B)	3668	57.867203	57.723610	106.000000
I_3-4	ARO:3000167	tet(C)	5499	75.546281	72.052682	106.000000
I_3-4	ARO:3000168	tet(D)	3120	58.576827	56.393333	109.000000
I_3-4	ARO:3000172	FosB	100	47.922000	40.012000	81.300000
I_3-4	ARO:3000173	tet(E)	4230	62.236005	60.876028	112.000000
I_3-4	ARO:3000174	tet(G)	4412	62.993087	62.403083	104.000000
I_3-4	ARO:3000175	tet(H)	3576	57.147343	56.352237	108.000000
I_3-4	ARO:3000177	tet(J)	3215	57.406874	55.671260	94.000000
I_3-4	ARO:3000178	tet(K)	192	54.192188	53.375521	99.000000
I_3-4	ARO:3000179	tet(L)	136	82.322059	76.258088	105.000000
I_3-4	ARO:3000180	tetA(P)	1004	70.495319	70.053187	99.800000
I_3-4	ARO:3000181	tet(V)	446	59.119283	59.223094	84.700000
I_3-4	ARO:3000182	tet(Y)	3910	57.918645	57.732762	103.000000
I_3-4	ARO:3000183	tet(Z)	2765	56.551754	54.775298	102.000000
I_3-4	ARO:3000186	tet(M)	30900	63.809777	61.847311	115.000000
I_3-4	ARO:3000190	tet(O)	33194	63.174830	61.739709	114.000000
I_3-4	ARO:3000191	tet(Q)	30234	62.936896	62.979642	114.000000
I_3-4	ARO:3000192	tet(S)	29745	61.574002	60.010550	114.000000
I_3-4	ARO:3000193	tet(T)	32201	55.725974	54.926720	109.000000
I_3-4	ARO:3000194	tet(W)	31028	63.115689	60.295394	113.000000
I_3-4	ARO:3000195	tetB(P)	29805	55.369482	52.285190	107.000000
I_3-4	ARO:3000196	tet(32)	33004	61.193358	59.769431	112.000000
I_3-4	ARO:3000197	tet(36)	32085	57.570865	56.520972	108.000000
I_3-4	ARO:3000198	FosX	113	60.483186	60.459292	87.000000
I_3-4	ARO:3000205	tet(X)	984	89.840346	86.486687	113.000000
I_3-4	ARO:3000206	emrK	6279	61.042778	62.091687	105.000000
I_3-4	ARO:3000215	mecR1	462	48.198052	49.937229	70.500000
I_3-4	ARO:3000216	acrB	103611	63.792370	61.824120	114.000000
I_3-4	ARO:3000217	blaR1	782	51.942455	52.994373	73.600000
I_3-4	ARO:3000230	ANT(2'')-Ia	871	99.300459	97.175201	118.000000
I_3-4	ARO:3000237	TolC	5705	74.477476	70.760175	104.000000
I_3-4	ARO:3000245	RbpA	293	63.202048	51.742662	103.000000
I_3-4	ARO:3000250	ErmC	2637	58.640652	59.168146	100.000000
I_3-4	ARO:3000251	msrA	14676	48.032182	45.496907	103.000000
I_3-4	ARO:3000254	emrY	10957	62.311801	63.997417	116.000000
I_3-4	ARO:3000263	marA	1003	75.439781	72.513559	111.000000
I_3-4	ARO:3000300	lsaA	9559	46.414740	44.266461	105.000000
I_3-4	ARO:3000316	mphA	5071	86.237843	85.363045	115.000000
I_3-4	ARO:3000318	mphB	498	47.359438	55.589759	115.000000
I_3-4	ARO:3000319	mphC	110	45.833636	53.200909	70.100000
I_3-4	ARO:3000326	ErmE	655	49.821679	46.620000	77.800000
I_3-4	ARO:3000343	tap	63	61.114286	58.468254	92.400000
I_3-4	ARO:3000347	ErmA	2176	60.838833	57.580423	98.200000
I_3-4	ARO:3000361	EreA	842	85.824941	82.154988	108.000000
I_3-4	ARO:3000363	EreB	1593	81.192028	84.425487	112.000000
I_3-4	ARO:3000368	vanC	4290	55.178089	50.007855	114.000000
I_3-4	ARO:3000375	ErmB	4102	95.145051	87.261848	111.000000
I_3-4	ARO:3000377	MexA	12510	59.600328	56.713997	91.300000
I_3-4	ARO:3000378	MexB	99400	61.683498	59.626282	102.000000
I_3-4	ARO:3000379	OprM	12241	59.709052	54.044498	88.200000
I_3-4	ARO:3000380	FosC	2	26.550000	39.300000	39.300000
I_3-4	ARO:3000391	norA	114	48.704386	48.898246	90.900000
I_3-4	ARO:3000392	Erm(37)	16	49.187500	42.631250	55.500000
I_3-4	ARO:3000410	sul1	5726	93.039155	85.426493	110.000000
I_3-4	ARO:3000412	sul2	5036	61.565687	57.539932	105.000000
I_3-4	ARO:3000413	sul3	4521	52.595864	51.149303	106.000000
I_3-4	ARO:3000421	norB	1176	59.915731	58.813520	87.400000
I_3-4	ARO:3000444	rphA	3396	58.076561	53.473204	90.500000
I_3-4	ARO:3000448	QepA1	1353	48.039911	47.342129	100.000000
I_3-4	ARO:3000449	FomB	3	55.933333	46.466667	48.500000
I_3-4	ARO:3000462	mgtA	53	54.460377	54.079245	89.400000
I_3-4	ARO:3000463	gimA	46	55.710870	55.163043	91.300000
I_3-4	ARO:3000467	NDM-5	19	90.705263	80.673684	110.000000
I_3-4	ARO:3000476	tet(31)	3120	55.638558	56.312147	99.800000
I_3-4	ARO:3000478	tet(33)	2496	60.647436	57.856811	105.000000
I_3-4	ARO:3000481	tet(35)	3740	60.467273	55.197433	99.400000
I_3-4	ARO:3000491	acrD	94234	61.997175	60.224605	112.000000
I_3-4	ARO:3000495	ErmD	1295	47.050888	43.941931	51.600000
I_3-4	ARO:3000498	ErmF	5854	90.497916	85.810335	107.000000
I_3-4	ARO:3000499	AcrE	14272	63.000329	60.730802	106.000000
I_3-4	ARO:3000501	rpoB2	104556	66.320375	68.910994	108.000000
I_3-4	ARO:3000502	AcrF	104521	62.247396	60.168473	113.000000
I_3-4	ARO:3000504	golS	2201	55.553567	54.388687	93.200000
I_3-4	ARO:3000508	gadX	1575	76.957905	74.041968	108.000000
I_3-4	ARO:3000510	Saur_mupB_MUP	26854	53.588761	55.195301	95.100000
I_3-4	ARO:3000516	emrR	1199	92.977898	86.129691	112.000000
I_3-4	ARO:3000518	CRP	5229	86.403442	82.654446	107.000000
I_3-4	ARO:3000521	Saur_mupA_MUP	28492	53.352215	55.125790	114.000000
I_3-4	ARO:3000522	ErmG	1616	64.737376	64.994059	108.000000
I_3-4	ARO:3000526	cmeR	80	44.742500	41.152500	63.900000
I_3-4	ARO:3000533	macA	3030	53.218812	49.768944	82.800000
I_3-4	ARO:3000535	macB	36991	55.983485	52.519188	95.500000
I_3-4	ARO:3000549	adeS	2575	47.544388	48.309049	100.000000
I_3-4	ARO:3000553	adeR	31203	47.119572	47.165648	103.000000
I_3-4	ARO:3000556	tet(44)	26153	62.187653	60.372095	112.000000
I_3-4	ARO:3000559	adeN	424	61.561085	62.480896	104.000000
I_3-4	ARO:3000561	tet(30)	3163	55.333860	54.141669	76.300000
I_3-4	ARO:3000565	tet(38)	109	57.272477	55.066055	87.400000
I_3-4	ARO:3000566	tet(39)	5161	74.157004	70.400581	108.000000
I_3-4	ARO:3000567	tet(40)	1042	85.547793	80.383109	109.000000
I_3-4	ARO:3000569	tet(41)	4640	61.318211	60.493534	90.100000
I_3-4	ARO:3000572	tet(42)	1275	49.581804	46.677804	90.900000
I_3-4	ARO:3000573	tet(43)	374	57.447059	51.874332	92.800000
I_3-4	ARO:3000578	CcrA	163	57.568098	64.726380	112.000000
I_3-4	ARO:3000579	Cmen_BlaB	5	48.480000	59.060000	74.300000
I_3-4	ARO:3000582	L1_BLA	19	48.594737	42.863158	58.900000
I_3-4	ARO:3000589	NDM-1	21	99.347619	89.452381	110.000000
I_3-4	ARO:3000590	NDM-2	20	99.315000	89.305000	110.000000
I_3-4	ARO:3000592	ErmN	16	45.206250	41.081250	47.000000
I_3-4	ARO:3000593	ErmQ	1269	48.280772	49.809220	108.000000
I_3-4	ARO:3000594	ErmR	359	50.570195	45.524513	77.800000
I_3-4	ARO:3000595	ErmT	2415	63.634203	62.485342	106.000000
I_3-4	ARO:3000596	ErmX	1275	80.606039	75.222667	110.000000
I_3-4	ARO:3000598	Erm(31)	755	58.277086	58.225166	93.600000
I_3-4	ARO:3000599	Erm(33)	2100	61.928381	61.503810	98.200000
I_3-4	ARO:3000600	Erm(34)	243	44.641152	42.274074	49.700000
I_3-4	ARO:3000601	Erm(38)	529	64.200567	65.614178	94.400000
I_3-4	ARO:3000602	Erm(39)	710	60.470845	61.881690	97.100000
I_3-4	ARO:3000603	Erm(41)	11	42.990909	40.381818	53.500000
I_3-4	ARO:3000604	Erm(35)	5714	73.249685	70.922296	94.000000
I_3-4	ARO:3000605	Erm(36)	834	58.313309	59.266307	111.000000
I_3-4	ARO:3000606	FEZ-1	15	49.886667	43.506667	62.000000
I_3-4	ARO:3000614	mef(E)	302	68.149338	65.948675	98.600000
I_3-4	ARO:3000616	mel	8060	83.821849	79.522804	102.000000
I_3-4	ARO:3000617	mecA	1272	46.605582	45.578381	70.100000
I_3-4	ARO:3000620	adeL	4302	48.636146	46.446258	102.000000
I_3-4	ARO:3000621	PC1_blaZ	39	52.956410	51.874359	75.500000
I_3-4	ARO:3000656	AcrS	2127	69.576258	65.669676	110.000000
I_3-4	ARO:3000676	H-NS	2323	70.166164	56.762118	106.000000
I_3-4	ARO:3000746	mepR	2	37.000000	37.950000	38.500000
I_3-4	ARO:3000753	abeM	3658	60.464352	58.700109	105.000000
I_3-4	ARO:3000768	abeS	5050	56.029703	54.089644	80.900000
I_3-4	ARO:3000774	adeA	5306	51.352017	48.311911	105.000000
I_3-4	ARO:3000775	adeB	74272	56.945477	54.375493	105.000000
I_3-4	ARO:3000777	adeF	66349	54.084286	50.960751	105.000000
I_3-4	ARO:3000778	adeG	5935	48.469621	44.624617	105.000000
I_3-4	ARO:3000779	adeH	3808	54.393881	47.076050	102.000000
I_3-4	ARO:3000780	adeI	10012	56.110328	54.360008	97.100000
I_3-4	ARO:3000781	adeJ	95008	59.322448	57.497140	109.000000
I_3-4	ARO:3000782	adeK	11377	57.139360	52.631713	105.000000
I_3-4	ARO:3000783	cmeA	375	45.969600	43.484267	90.500000
I_3-4	ARO:3000784	cmeB	71756	55.300585	52.648335	97.800000
I_3-4	ARO:3000785	cmeC	804	47.603856	42.839303	60.800000
I_3-4	ARO:3000789	mdsA	2588	49.562017	45.483849	88.600000
I_3-4	ARO:3000790	mdsB	69541	53.172513	50.790009	97.100000
I_3-4	ARO:3000791	mdsC	8819	57.627565	52.151809	84.700000
I_3-4	ARO:3000792	mdtA	3801	68.020600	64.779663	105.000000
I_3-4	ARO:3000793	mdtB	35803	60.789157	56.719484	105.000000
I_3-4	ARO:3000794	mdtC	32161	62.259989	58.691250	108.000000
I_3-4	ARO:3000795	mdtE	9857	60.428508	58.035214	106.000000
I_3-4	ARO:3000796	mdtF	101061	61.648237	59.451822	112.000000
I_3-4	ARO:3000800	MexC	6047	56.338383	52.466016	92.800000
I_3-4	ARO:3000801	MexD	77754	56.477347	54.668233	100.000000
I_3-4	ARO:3000802	OprJ	12097	57.669141	52.973059	92.800000
I_3-4	ARO:3000803	MexE	3792	49.228006	44.717642	96.300000
I_3-4	ARO:3000804	MexF	69146	54.187231	51.119437	102.000000
I_3-4	ARO:3000805	OprN	1140	56.725702	47.908158	89.000000
I_3-4	ARO:3000806	MexG	6	59.516667	57.583333	68.900000
I_3-4	ARO:3000807	MexH	825	45.421576	43.797212	74.300000
I_3-4	ARO:3000808	MexI	40506	53.347995	48.598163	91.700000
I_3-4	ARO:3000809	OpmD	420	49.409524	42.140952	62.000000
I_3-4	ARO:3000810	mtrC	5857	51.773843	48.561089	90.900000
I_3-4	ARO:3000811	mtrD	69261	55.600059	52.287849	94.700000
I_3-4	ARO:3000812	mtrE	6503	59.525542	52.741735	81.300000
I_3-4	ARO:3000815	mgrA	1282	45.259750	46.048752	81.600000
I_3-4	ARO:3000816	mtrA	324	42.069136	40.642901	67.800000
I_3-4	ARO:3000822	pmrA	3119	57.907599	59.128920	101.000000
I_3-4	ARO:3000823	ramA	1118	60.417174	59.681127	107.000000
I_3-4	ARO:3000826	sdiA	929	72.540043	71.481808	102.000000
I_3-4	ARO:3000830	cpxA	4624	81.512738	79.826795	112.000000
I_3-4	ARO:3000832	evgA	4507	46.679964	47.764233	110.000000
I_3-4	ARO:3000833	evgS	21331	50.800727	50.674853	115.000000
I_3-4	ARO:3000838	arlR	42939	50.582366	48.928710	93.600000
I_3-4	ARO:3000839	arlS	6633	51.437419	51.270617	100.000000
I_3-4	ARO:3000840	JOHN-1	2	52.300000	59.300000	75.900000
I_3-4	ARO:3000841	CGB-1	31	48.412903	55.248387	90.100000
I_3-4	ARO:3000842	EBR-1	20	58.335000	61.775000	106.000000
I_3-4	ARO:3000843	MUS-1	13	48.838462	58.200000	66.200000
I_3-4	ARO:3000844	TUS-1	37	40.886486	48.918919	65.100000
I_3-4	ARO:3000845	GIM-1	24	46.066667	50.450000	64.700000
I_3-4	ARO:3000846	SIM-1	5	41.820000	45.420000	60.800000
I_3-4	ARO:3000847	KHM-1	26	48.403846	45.896154	64.300000
I_3-4	ARO:3000848	DIM-1	25	50.560000	52.952000	65.900000
I_3-4	ARO:3000849	SFH-1	124	65.750000	73.412097	85.500000
I_3-4	ARO:3000850	GOB-1	130	49.073846	44.876923	94.400000
I_3-4	ARO:3000851	THIN-B	72	49.266667	45.969444	72.400000
I_3-4	ARO:3000853	AIM-1	97	52.155670	48.739175	106.000000
I_3-4	ARO:3000854	SMB-1	56	48.900000	50.139286	72.400000
I_3-4	ARO:3000855	CAU-1	65	46.616923	41.869231	62.000000
I_3-4	ARO:3000856	BJP-1	59	50.588136	42.877966	59.700000
I_3-4	ARO:3000858	armA	10	38.320000	38.760000	40.400000
I_3-4	ARO:3000859	rmtA	15	56.000000	49.553333	91.700000
I_3-4	ARO:3000860	rmtB	21	54.971429	49.380952	110.000000
I_3-4	ARO:3000861	rmtC	1	42.600000	46.200000	46.200000
I_3-4	ARO:3000862	sgm	46	50.467391	49.486957	66.600000
I_3-4	ARO:3000865	oleD	61	52.219672	53.032787	90.100000
I_3-4	ARO:3000866	oleI	71	54.388732	55.646479	77.400000
I_3-4	ARO:3000874	TEM-2	75	99.280000	100.228000	107.000000
I_3-4	ARO:3000875	TEM-3	1	78.000000	82.400000	82.400000
I_3-4	ARO:3000876	TEM-4	2	72.600000	75.100000	90.900000
I_3-4	ARO:3000877	TEM-5	1	55.100000	54.700000	54.700000
I_3-4	ARO:3000878	TEM-6	3	69.400000	68.233333	105.000000
I_3-4	ARO:3000879	TEM-7	302	76.941391	72.600000	105.000000
I_3-4	ARO:3000880	TEM-8	1	78.000000	82.400000	82.400000
I_3-4	ARO:3000881	TEM-9	3	71.066667	75.733333	90.900000
I_3-4	ARO:3000883	TEM-11	209	98.826316	89.468900	105.000000
I_3-4	ARO:3000887	TEM-16	208	95.387500	85.394712	105.000000
I_3-4	ARO:3000888	TEM-17	241	99.493776	91.999170	107.000000
I_3-4	ARO:3000891	TEM-20	31	63.532258	64.180645	107.000000
I_3-4	ARO:3000892	TEM-21	118	62.968644	61.455932	105.000000
I_3-4	ARO:3000893	TEM-22	24	98.833333	102.708333	107.000000
I_3-4	ARO:3000894	TEM-24	2	66.550000	68.550000	82.400000
I_3-4	ARO:3000896	TEM-26	1	100.000000	105.000000	105.000000
I_3-4	ARO:3000898	TEM-28	2	54.100000	49.850000	50.400000
I_3-4	ARO:3000899	TEM-29	2	54.100000	49.850000	50.400000
I_3-4	ARO:3000902	TEM-32	23	62.391304	63.430435	107.000000
I_3-4	ARO:3000903	TEM-33	92	99.217391	99.964130	107.000000
I_3-4	ARO:3000904	TEM-34	364	89.768407	82.464835	107.000000
I_3-4	ARO:3000905	TEM-35	3	100.000000	86.100000	102.000000
I_3-4	ARO:3000906	TEM-36	2	75.000000	56.250000	58.200000
I_3-4	ARO:3000907	TEM-37	2	74.000000	56.050000	57.800000
I_3-4	ARO:3000909	TEM-39	73	64.253425	64.765753	102.000000
I_3-4	ARO:3000910	TEM-40	1	48.000000	57.800000	57.800000
I_3-4	ARO:3000911	TEM-42	271	77.091144	73.244649	107.000000
I_3-4	ARO:3000912	TEM-43	235	96.673191	88.334468	105.000000
I_3-4	ARO:3000914	TEM-45	3	86.666667	87.400000	102.000000
I_3-4	ARO:3000916	TEM-47	254	90.229528	84.568898	107.000000
I_3-4	ARO:3000917	TEM-48	3	70.033333	69.466667	90.900000
I_3-4	ARO:3000918	TEM-49	1	61.900000	58.200000	58.200000
I_3-4	ARO:3000921	TEM-52	38	64.150000	64.563158	107.000000
I_3-4	ARO:3000924	TEM-55	1	61.200000	60.500000	60.500000
I_3-4	ARO:3000926	TEM-57	60	52.381667	48.278333	95.900000
I_3-4	ARO:3000928	TEM-59	174	97.571264	92.524713	107.000000
I_3-4	ARO:3000930	TEM-61	2	54.100000	49.850000	50.400000
I_3-4	ARO:3000931	TEM-63	7	66.157143	66.057143	105.000000
I_3-4	ARO:3000934	TEM-67	138	98.806522	90.695652	107.000000
I_3-4	ARO:3000935	TEM-68	2	58.800000	45.800000	45.800000
I_3-4	ARO:3000937	TEM-71	49	99.469388	102.004082	107.000000
I_3-4	ARO:3000938	TEM-72	282	81.159220	71.608865	107.000000
I_3-4	ARO:3000939	TEM-73	3	86.666667	87.400000	102.000000
I_3-4	ARO:3000941	TEM-75	296	76.947635	72.689189	105.000000
I_3-4	ARO:3000944	TEM-78	243	87.194650	83.274486	105.000000
I_3-4	ARO:3000947	TEM-80	202	61.151485	52.514356	102.000000
I_3-4	ARO:3000948	TEM-81	209	60.698086	52.345933	102.000000
I_3-4	ARO:3000949	TEM-82	1	50.000000	58.200000	58.200000
I_3-4	ARO:3000950	TEM-83	4	81.500000	81.425000	102.000000
I_3-4	ARO:3000951	TEM-84	16	99.750000	100.756250	107.000000
I_3-4	ARO:3000952	TEM-85	3	70.033333	69.466667	90.900000
I_3-4	ARO:3000953	TEM-86	4	66.300000	65.775000	90.900000
I_3-4	ARO:3000954	TEM-87	195	96.930769	92.220513	105.000000
I_3-4	ARO:3000955	TEM-88	19	70.984211	71.384211	107.000000
I_3-4	ARO:3000956	TEM-89	82	97.836585	86.321951	107.000000
I_3-4	ARO:3000957	TEM-90	179	59.270950	52.208939	62.000000
I_3-4	ARO:3000958	TEM-91	163	96.472393	84.958896	105.000000
I_3-4	ARO:3000959	TEM-92	128	88.482031	82.310156	107.000000
I_3-4	ARO:3000960	TEM-93	30	63.610000	64.240000	107.000000
I_3-4	ARO:3000961	TEM-94	26	64.042308	64.407692	107.000000
I_3-4	ARO:3000962	TEM-95	185	68.404865	64.575676	103.000000
I_3-4	ARO:3000964	TEM-101	1	78.000000	82.400000	82.400000
I_3-4	ARO:3000965	TEM-102	167	92.309581	84.683234	107.000000
I_3-4	ARO:3000968	TEM-105	186	59.011828	52.367742	66.200000
I_3-4	ARO:3000969	TEM-106	72	80.968056	80.770833	107.000000
I_3-4	ARO:3000970	TEM-107	13	66.961538	67.015385	105.000000
I_3-4	ARO:3000971	TEM-108	2	68.550000	60.250000	60.800000
I_3-4	ARO:3000972	TEM-109	212	98.371226	88.786321	105.000000
I_3-4	ARO:3000973	TEM-110	4	69.525000	71.350000	90.900000
I_3-4	ARO:3000974	TEM-111	3	70.033333	69.466667	90.900000
I_3-4	ARO:3000975	TEM-112	164	73.477439	72.626829	105.000000
I_3-4	ARO:3000976	TEM-113	34	65.288235	66.067647	107.000000
I_3-4	ARO:3000977	TEM-114	2	66.550000	68.550000	82.400000
I_3-4	ARO:3000978	TEM-115	2	54.100000	49.850000	50.400000
I_3-4	ARO:3000979	TEM-116	255	96.206275	88.308627	107.000000
I_3-4	ARO:3000980	TEM-117	377	78.361804	75.302918	107.000000
I_3-4	ARO:3000981	TEM-118	316	77.232595	73.283544	105.000000
I_3-4	ARO:3000983	TEM-121	93	98.693548	77.831183	105.000000
I_3-4	ARO:3000984	TEM-122	90	99.644444	101.161111	107.000000
I_3-4	ARO:3000985	TEM-123	239	78.522176	74.802092	107.000000
I_3-4	ARO:3000986	TEM-124	254	73.712598	69.887402	107.000000
I_3-4	ARO:3000987	TEM-125	37	65.762162	65.816216	102.000000
I_3-4	ARO:3000988	TEM-126	407	86.587469	79.411302	106.000000
I_3-4	ARO:3000989	TEM-127	78	59.944872	59.493590	66.600000
I_3-4	ARO:3000990	TEM-128	42	99.809524	99.069048	103.000000
I_3-4	ARO:3000993	TEM-129	2	89.000000	93.700000	105.000000
I_3-4	ARO:3000994	TEM-130	1	55.100000	54.700000	54.700000
I_3-4	ARO:3000995	TEM-131	4	61.700000	59.125000	79.000000
I_3-4	ARO:3000996	TEM-132	270	87.476296	77.800741	105.000000
I_3-4	ARO:3000997	TEM-133	35	99.771429	99.060000	105.000000
I_3-4	ARO:3000998	TEM-134	3	62.066667	60.700000	82.400000
I_3-4	ARO:3000999	TEM-135	25	62.608000	63.176000	107.000000
I_3-4	ARO:3001000	TEM-136	1	55.100000	54.700000	54.700000
I_3-4	ARO:3001002	TEM-138	131	99.093130	84.761832	105.000000
I_3-4	ARO:3001005	TEM-142	4	77.525000	78.350000	105.000000
I_3-4	ARO:3001013	TEM-146	135	59.302222	50.608148	57.400000
I_3-4	ARO:3001014	TEM-147	4	61.050000	61.150000	76.300000
I_3-4	ARO:3001015	TEM-148	213	99.340845	94.490141	107.000000
I_3-4	ARO:3001016	TEM-149	5	60.380000	59.000000	79.000000
I_3-4	ARO:3001017	TEM-150	1	78.000000	82.400000	82.400000
I_3-4	ARO:3001018	TEM-151	23	93.652174	90.508696	103.000000
I_3-4	ARO:3001019	TEM-152	4	64.550000	53.050000	58.200000
I_3-4	ARO:3001020	TEM-154	3	86.666667	87.400000	102.000000
I_3-4	ARO:3001021	TEM-155	17	98.588235	101.011765	105.000000
I_3-4	ARO:3001022	TEM-156	91	61.686813	58.654945	67.400000
I_3-4	ARO:3001023	TEM-157	70	52.341429	48.694286	81.300000
I_3-4	ARO:3001024	TEM-158	149	99.112752	91.927517	105.000000
I_3-4	ARO:3001025	TEM-159	69	80.565217	80.724638	107.000000
I_3-4	ARO:3001026	TEM-160	1	50.000000	58.200000	58.200000
I_3-4	ARO:3001028	TEM-162	67	75.664179	76.004478	103.000000
I_3-4	ARO:3001030	TEM-164	1	92.000000	99.800000	99.800000
I_3-4	ARO:3001032	TEM-166	225	90.484444	89.956889	107.000000
I_3-4	ARO:3001033	TEM-167	5	69.220000	70.660000	90.900000
I_3-4	ARO:3001034	TEM-168	4	69.525000	71.350000	90.900000
I_3-4	ARO:3001035	TEM-169	34	66.620588	67.820588	104.000000
I_3-4	ARO:3001041	TEM-176	227	99.181938	93.296476	107.000000
I_3-4	ARO:3001042	TEM-177	7	62.142857	61.728571	82.400000
I_3-4	ARO:3001043	TEM-178	294	75.298299	65.562245	105.000000
I_3-4	ARO:3001044	TEM-181	5	47.940000	51.760000	53.500000
I_3-4	ARO:3001045	TEM-183	259	97.957143	91.052510	107.000000
I_3-4	ARO:3001046	TEM-186	1	92.000000	99.400000	99.400000
I_3-4	ARO:3001047	TEM-187	268	77.691045	72.563433	105.000000
I_3-4	ARO:3001048	TEM-188	16	99.625000	104.487500	107.000000
I_3-4	ARO:3001049	TEM-189	2	100.000000	102.000000	102.000000
I_3-4	ARO:3001050	TEM-190	29	68.755172	68.810345	104.000000
I_3-4	ARO:3001051	TEM-191	16	99.625000	104.487500	107.000000
I_3-4	ARO:3001052	TEM-192	350	75.576571	72.115429	107.000000
I_3-4	ARO:3001053	TEM-193	1	55.100000	51.600000	51.600000
I_3-4	ARO:3001054	TEM-194	57	54.124561	47.814035	88.600000
I_3-4	ARO:3001055	TEM-195	305	86.662951	77.872459	105.000000
I_3-4	ARO:3001056	TEM-197	5	47.940000	51.760000	53.500000
I_3-4	ARO:3001057	TEM-198	238	98.522689	95.065966	107.000000
I_3-4	ARO:3001058	TEM-199	264	72.090152	63.905303	105.000000
I_3-4	ARO:3001062	SHV-3	1	91.500000	76.300000	76.300000
I_3-4	ARO:3001063	SHV-4	3	97.166667	91.800000	102.000000
I_3-4	ARO:3001064	SHV-5	3	100.000000	98.733333	102.000000
I_3-4	ARO:3001065	SHV-6	39	99.487179	93.089744	104.000000
I_3-4	ARO:3001066	SHV-7	3	100.000000	98.733333	102.000000
I_3-4	ARO:3001067	SHV-8	29	97.968966	92.931034	104.000000
I_3-4	ARO:3001068	SHV-9	109	72.791743	68.501835	105.000000
I_3-4	ARO:3001070	SHV-11	9	99.666667	85.777778	99.400000
I_3-4	ARO:3001071	SHV-12	132	88.462121	83.536364	105.000000
I_3-4	ARO:3001074	SHV-15	30	95.033333	90.680000	102.000000
I_3-4	ARO:3001076	SHV-18	122	85.265574	82.250820	105.000000
I_3-4	ARO:3001077	SHV-19	15	63.280000	68.826667	73.200000
I_3-4	ARO:3001078	SHV-20	124	71.441129	72.291935	105.000000
I_3-4	ARO:3001079	SHV-21	62	74.543548	75.891935	105.000000
I_3-4	ARO:3001080	SHV-22	116	70.421552	71.388793	105.000000
I_3-4	ARO:3001081	SHV-23	65	75.755385	78.406154	105.000000
I_3-4	ARO:3001082	SHV-24	117	88.056410	82.348718	105.000000
I_3-4	ARO:3001083	SHV-25	25	66.308000	66.824000	78.200000
I_3-4	ARO:3001084	SHV-26	6	68.066667	69.533333	94.700000
I_3-4	ARO:3001085	SHV-27	5	73.080000	75.680000	100.000000
I_3-4	ARO:3001088	SHV-30	1	98.000000	95.500000	95.500000
I_3-4	ARO:3001090	SHV-32	46	94.523913	81.445652	104.000000
I_3-4	ARO:3001093	SHV-35	84	92.992857	84.078571	104.000000
I_3-4	ARO:3001094	SHV-36	18	99.666667	97.727778	104.000000
I_3-4	ARO:3001095	SHV-37	29	66.213793	66.851724	99.400000
I_3-4	ARO:3001096	SHV-38	13	96.615385	86.176923	104.000000
I_3-4	ARO:3001099	SHV-41	143	84.557343	80.009091	105.000000
I_3-4	ARO:3001100	SHV-42	140	81.360714	79.022857	105.000000
I_3-4	ARO:3001101	SHV-43	14	70.878571	62.792857	96.300000
I_3-4	ARO:3001102	SHV-44	1	91.500000	76.300000	76.300000
I_3-4	ARO:3001103	SHV-45	8	83.175000	84.325000	102.000000
I_3-4	ARO:3001104	SHV-46	6	86.866667	83.900000	102.000000
I_3-4	ARO:3001105	SHV-48	20	51.365000	55.885000	73.900000
I_3-4	ARO:3001106	SHV-49	18	99.555556	92.133333	104.000000
I_3-4	ARO:3001107	SHV-50	5	61.680000	64.420000	77.800000
I_3-4	ARO:3001108	SHV-51	4	50.075000	53.150000	58.200000
I_3-4	ARO:3001109	SHV-52	78	89.810256	84.028205	104.000000
I_3-4	ARO:3001110	SHV-53	236	68.330932	68.775847	105.000000
I_3-4	ARO:3001111	SHV-55	3	100.000000	98.733333	102.000000
I_3-4	ARO:3001112	SHV-56	109	92.391743	85.700000	105.000000
I_3-4	ARO:3001113	SHV-57	6	100.000000	76.533333	96.300000
I_3-4	ARO:3001115	SHV-60	8	66.100000	68.075000	94.700000
I_3-4	ARO:3001116	SHV-61	106	95.050943	90.995283	105.000000
I_3-4	ARO:3001117	SHV-62	29	62.748276	60.510345	99.400000
I_3-4	ARO:3001118	SHV-63	1	52.000000	56.600000	56.600000
I_3-4	ARO:3001119	SHV-64	114	85.981579	79.361404	104.000000
I_3-4	ARO:3001120	SHV-65	3	56.700000	54.700000	72.800000
I_3-4	ARO:3001121	SHV-66	10	99.700000	87.140000	102.000000
I_3-4	ARO:3001122	SHV-67	19	99.526316	93.689474	104.000000
I_3-4	ARO:3001123	SHV-69	22	99.590909	94.340909	104.000000
I_3-4	ARO:3001124	SHV-70	6	65.633333	67.000000	75.500000
I_3-4	ARO:3001125	SHV-71	21	46.890476	49.809524	63.200000
I_3-4	ARO:3001126	SHV-72	4	80.800000	79.550000	98.600000
I_3-4	ARO:3001127	SHV-73	79	86.592405	80.544304	105.000000
I_3-4	ARO:3001129	SHV-75	8	99.750000	81.762500	98.600000
I_3-4	ARO:3001130	SHV-76	7	54.771429	57.771429	65.100000
I_3-4	ARO:3001131	SHV-77	9	90.766667	75.677778	97.400000
I_3-4	ARO:3001132	SHV-78	51	96.698039	89.617647	104.000000
I_3-4	ARO:3001133	SHV-79	106	90.730189	84.042453	105.000000
I_3-4	ARO:3001134	SHV-80	11	52.163636	55.445455	63.900000
I_3-4	ARO:3001136	SHV-82	1	100.000000	99.400000	99.400000
I_3-4	ARO:3001137	SHV-83	16	99.500000	99.668750	104.000000
I_3-4	ARO:3001138	SHV-84	1	61.200000	60.100000	60.100000
I_3-4	ARO:3001140	SHV-86	2	98.000000	98.450000	101.000000
I_3-4	ARO:3001141	SHV-89	123	87.534146	82.180488	105.000000
I_3-4	ARO:3001144	SHV-92	76	96.865789	87.134211	104.000000
I_3-4	ARO:3001145	SHV-93	14	90.171429	82.171429	100.000000
I_3-4	ARO:3001146	SHV-94	1	57.100000	58.200000	58.200000
I_3-4	ARO:3001148	SHV-96	9	99.666667	85.777778	99.400000
I_3-4	ARO:3001149	SHV-97	6	100.000000	76.533333	96.300000
I_3-4	ARO:3001150	SHV-101	98	95.306122	88.101020	105.000000
I_3-4	ARO:3001151	SHV-102	6	100.000000	76.533333	96.300000
I_3-4	ARO:3001153	SHV-104	21	57.833333	60.080952	65.500000
I_3-4	ARO:3001154	SHV-105	64	91.884375	84.778125	105.000000
I_3-4	ARO:3001157	SHV-108	12	90.750000	80.958333	99.400000
I_3-4	ARO:3001159	SHV-110	5	73.080000	75.680000	100.000000
I_3-4	ARO:3001160	SHV-111	12	61.191667	60.300000	86.700000
I_3-4	ARO:3001168	SHV-121	99	88.083838	84.162626	105.000000
I_3-4	ARO:3001170	SHV-123	143	80.732168	79.446853	105.000000
I_3-4	ARO:3001171	SHV-124	167	76.278443	75.607186	105.000000
I_3-4	ARO:3001172	SHV-125	158	79.168354	79.713291	105.000000
I_3-4	ARO:3001173	SHV-126	171	77.535088	76.111696	105.000000
I_3-4	ARO:3001174	SHV-127	135	79.846667	80.604444	105.000000
I_3-4	ARO:3001175	SHV-128	31	98.096774	89.232258	104.000000
I_3-4	ARO:3001176	SHV-129	10	99.700000	86.910000	99.400000
I_3-4	ARO:3001177	SHV-133	16	99.625000	90.950000	104.000000
I_3-4	ARO:3001178	SHV-134	38	67.510526	66.971053	102.000000
I_3-4	ARO:3001179	SHV-135	6	68.066667	69.533333	94.700000
I_3-4	ARO:3001181	SHV-137	161	77.764596	74.168944	104.000000
I_3-4	ARO:3001182	SHV-140	39	48.079487	52.146154	67.800000
I_3-4	ARO:3001184	SHV-142	1	100.000000	99.400000	99.400000
I_3-4	ARO:3001186	SHV-147	3	47.566667	42.366667	43.100000
I_3-4	ARO:3001188	SHV-149	8	55.050000	56.575000	60.100000
I_3-4	ARO:3001189	SHV-150	2	100.000000	86.100000	91.300000
I_3-4	ARO:3001191	SHV-152	69	96.489855	85.295652	104.000000
I_3-4	ARO:3001192	SHV-153	8	99.750000	81.762500	98.600000
I_3-4	ARO:3001193	SHV-154	3	100.000000	98.733333	102.000000
I_3-4	ARO:3001195	SHV-156	24	87.833333	84.008333	104.000000
I_3-4	ARO:3001196	SHV-157	20	69.995000	63.440000	99.400000
I_3-4	ARO:3001197	SHV-158	1	75.700000	61.200000	61.200000
I_3-4	ARO:3001198	SHV-159	30	58.936667	56.373333	58.900000
I_3-4	ARO:3001199	SHV-160	3	100.000000	98.733333	102.000000
I_3-4	ARO:3001201	SHV-162	48	97.839583	84.258333	104.000000
I_3-4	ARO:3001203	SHV-165	3	100.000000	98.733333	102.000000
I_3-4	ARO:3001204	SHV-167	98	73.526531	70.266327	106.000000
I_3-4	ARO:3001205	BRP(MBL)	41	74.878049	70.090244	107.000000
I_3-4	ARO:3001209	mecC	1960	45.703214	44.843367	68.900000
I_3-4	ARO:3001214	mdtM	4008	65.994212	63.366891	106.000000
I_3-4	ARO:3001216	mdtH	3274	77.424557	76.674282	112.000000
I_3-4	ARO:3001265	Erm(30)	575	47.748000	48.649565	72.400000
I_3-4	ARO:3001299	Sfra_tlrB_TYL	839	50.524553	46.741359	68.200000
I_3-4	ARO:3001300	myrA	763	51.983355	46.260682	75.900000
I_3-4	ARO:3001301	RlmA(II)	973	54.660740	55.259609	99.000000
I_3-4	ARO:3001302	chrB	956	51.543305	47.893096	70.500000
I_3-4	ARO:3001303	ErmO-srmA	71	47.585915	41.378873	76.300000
I_3-4	ARO:3001304	ErmS	43	49.218605	42.060465	68.600000
I_3-4	ARO:3001305	ErmU	335	60.154925	65.268657	81.600000
I_3-4	ARO:3001306	ErmW	308	55.735065	57.040909	76.300000
I_3-4	ARO:3001307	vgbA	1	57.500000	52.800000	52.800000
I_3-4	ARO:3001313	facT	960	45.250729	43.454063	70.900000
I_3-4	ARO:3001327	MdtK	2231	80.244823	79.949709	106.000000
I_3-4	ARO:3001328	Ecol_mdfA	3701	71.247798	68.051635	107.000000
I_3-4	ARO:3001329	mdtG	3885	73.134311	70.861519	112.000000
I_3-4	ARO:3001337	SHV-99	3	60.566667	55.733333	56.600000
I_3-4	ARO:3001347	SHV-164	69	97.072464	86.092754	104.000000
I_3-4	ARO:3001350	SHV-180	61	95.114754	84.752459	104.000000
I_3-4	ARO:3001351	SHV-183	3	100.000000	98.733333	102.000000
I_3-4	ARO:3001352	SHV-168	1	62.000000	63.200000	63.200000
I_3-4	ARO:3001356	SHV-172	9	99.666667	85.777778	99.400000
I_3-4	ARO:3001357	SHV-173	3	52.200000	47.766667	48.500000
I_3-4	ARO:3001364	SHV-182	105	93.383810	86.574286	105.000000
I_3-4	ARO:3001369	TEM-153	33	65.627273	65.081818	107.000000
I_3-4	ARO:3001373	TEM-182	53	77.066038	77.300000	103.000000
I_3-4	ARO:3001374	TEM-185	78	63.333333	64.560256	102.000000
I_3-4	ARO:3001375	TEM-184	162	59.862346	49.743827	79.000000
I_3-4	ARO:3001382	TEM-205	36	90.197222	90.016667	102.000000
I_3-4	ARO:3001383	TEM-206	253	98.845059	95.895652	107.000000
I_3-4	ARO:3001384	TEM-207	243	89.841152	83.682305	107.000000
I_3-4	ARO:3001386	TEM-209	2	68.000000	68.000000	70.500000
I_3-4	ARO:3001387	TEM-210	1	91.800000	91.700000	91.700000
I_3-4	ARO:3001388	TEM-211	25	62.608000	63.176000	107.000000
I_3-4	ARO:3001391	TEM-214	112	99.642857	100.767857	107.000000
I_3-4	ARO:3001392	TEM-215	113	62.611504	60.747788	105.000000
I_3-4	ARO:3001396	OXA-1	1093	95.299268	90.829460	113.000000
I_3-4	ARO:3001397	OXA-2	1810	72.603812	75.220773	117.000000
I_3-4	ARO:3001398	OXA-3	859	78.551688	78.522584	118.000000
I_3-4	ARO:3001399	OXA-4	1099	94.716379	90.369427	113.000000
I_3-4	ARO:3001400	OXA-5	355	72.308169	67.257746	109.000000
I_3-4	ARO:3001402	OXA-7	859	85.282305	82.413620	108.000000
I_3-4	ARO:3001404	OXA-9	190	56.242105	61.461053	109.000000
I_3-4	ARO:3001405	OXA-10	3013	93.801394	89.621208	111.000000
I_3-4	ARO:3001406	OXA-11	2134	95.841097	89.389503	111.000000
I_3-4	ARO:3001407	OXA-12	1027	79.057741	79.583447	115.000000
I_3-4	ARO:3001408	OXA-13	1008	91.880853	90.856250	112.000000
I_3-4	ARO:3001409	OXA-14	2312	95.422275	89.624092	111.000000
I_3-4	ARO:3001410	OXA-15	1853	72.086346	74.631085	117.000000
I_3-4	ARO:3001411	OXA-16	1790	93.910894	91.408436	111.000000
I_3-4	ARO:3001412	OXA-17	2445	95.139346	89.771493	111.000000
I_3-4	ARO:3001413	OXA-18	252	55.230952	57.122222	76.300000
I_3-4	ARO:3001414	OXA-19	583	83.963979	79.786106	112.000000
I_3-4	ARO:3001415	OXA-20	775	57.580903	58.176129	114.000000
I_3-4	ARO:3001416	OXA-21	916	77.895961	78.030895	119.000000
I_3-4	ARO:3001417	OXA-22	72	50.693056	52.109722	69.700000
I_3-4	ARO:3001418	OXA-23	70	52.487143	55.462857	97.400000
I_3-4	ARO:3001419	OXA-24	18	72.411111	69.338889	104.000000
I_3-4	ARO:3001420	OXA-25	18	71.855556	69.616667	104.000000
I_3-4	ARO:3001421	OXA-26	18	72.083333	69.911111	104.000000
I_3-4	ARO:3001422	OXA-27	89	55.362921	58.550562	97.400000
I_3-4	ARO:3001423	OXA-28	562	85.820463	81.606762	112.000000
I_3-4	ARO:3001424	OXA-29	191	59.894764	62.965445	78.600000
I_3-4	ARO:3001425	OXA-31	1101	94.358129	90.034696	113.000000
I_3-4	ARO:3001426	OXA-32	1644	74.858637	78.013200	117.000000
I_3-4	ARO:3001427	OXA-33	1030	94.108544	90.353301	113.000000
I_3-4	ARO:3001428	OXA-34	1399	72.886061	77.073767	117.000000
I_3-4	ARO:3001429	OXA-35	1380	88.744348	88.349203	112.000000
I_3-4	ARO:3001430	OXA-36	1692	67.704610	72.856087	117.000000
I_3-4	ARO:3001431	OXA-37	785	57.439236	58.067898	114.000000
I_3-4	ARO:3001437	OXA-67	4	59.650000	65.700000	81.300000
I_3-4	ARO:3001438	OXA-100	25	67.776000	74.672000	105.000000
I_3-4	ARO:3001439	OXA-101	1161	88.797158	87.382860	112.000000
I_3-4	ARO:3001440	OXA-115	8	76.800000	83.900000	102.000000
I_3-4	ARO:3001441	OXA-116	87	74.477011	80.000000	97.400000
I_3-4	ARO:3001442	OXA-117	21	81.571429	83.742857	97.400000
I_3-4	ARO:3001443	OXA-121	1	71.400000	78.600000	78.600000
I_3-4	ARO:3001444	OXA-122	43	71.118605	60.300000	78.600000
I_3-4	ARO:3001445	OXA-123	18	65.477778	70.111111	97.400000
I_3-4	ARO:3001446	OXA-124	12	70.283333	74.591667	99.400000
I_3-4	ARO:3001447	OXA-125	73	73.516438	73.446575	97.400000
I_3-4	ARO:3001451	OXA-139	14	76.442857	71.164286	104.000000
I_3-4	ARO:3001452	OXA-140	974	94.087988	88.584189	113.000000
I_3-4	ARO:3001453	OXA-148	27	77.255556	84.703704	93.200000
I_3-4	ARO:3001454	OXA-149	1	68.800000	72.800000	72.800000
I_3-4	ARO:3001455	OXA-150	28	77.325000	79.560714	97.400000
I_3-4	ARO:3001456	OXA-151	372	43.314516	43.745968	58.200000
I_3-4	ARO:3001457	OXA-152	362	43.052486	43.697514	57.000000
I_3-4	ARO:3001458	OXA-153	317	43.011356	41.931546	57.800000
I_3-4	ARO:3001459	OXA-154	126	44.107937	48.062698	61.200000
I_3-4	ARO:3001460	OXA-155	120	44.089167	48.276667	61.200000
I_3-4	ARO:3001461	OXA-156	145	46.413793	49.029655	63.500000
I_3-4	ARO:3001462	OXA-157	140	43.977143	48.500714	61.600000
I_3-4	ARO:3001463	OXA-158	114	43.535088	48.264035	60.100000
I_3-4	ARO:3001464	OXA-159	109	43.622018	48.273394	60.100000
I_3-4	ARO:3001465	OXA-165	51	47.649020	52.123529	84.300000
I_3-4	ARO:3001466	OXA-166	59	49.605085	52.874576	84.300000
I_3-4	ARO:3001467	OXA-167	103	57.474757	61.266019	97.400000
I_3-4	ARO:3001468	OXA-168	48	50.945833	54.095833	84.300000
I_3-4	ARO:3001469	OXA-169	67	51.425373	54.389552	97.400000
I_3-4	ARO:3001470	OXA-170	64	50.500000	54.018750	97.400000
I_3-4	ARO:3001471	OXA-171	79	53.630380	57.150633	97.400000
I_3-4	ARO:3001472	OXA-178	24	70.233333	73.658333	105.000000
I_3-4	ARO:3001474	OXA-180	15	69.013333	75.973333	88.600000
I_3-4	ARO:3001475	OXA-183	504	85.386905	80.212302	112.000000
I_3-4	ARO:3001476	OXA-184	32	51.606250	49.818750	58.900000
I_3-4	ARO:3001477	OXA-185	30	51.680000	50.136667	58.900000
I_3-4	ARO:3001478	OXA-193	29	46.841379	43.637931	55.500000
I_3-4	ARO:3001479	OXA-194	1	100.000000	102.000000	102.000000
I_3-4	ARO:3001480	OXA-195	28	72.835714	85.510714	102.000000
I_3-4	ARO:3001482	OXA-197	36	71.519444	57.866667	102.000000
I_3-4	ARO:3001483	OXA-205	1067	63.831959	67.287254	120.000000
I_3-4	ARO:3001484	OXA-206	1	100.000000	102.000000	102.000000
I_3-4	ARO:3001485	OXA-207	19	71.068421	68.268421	104.000000
I_3-4	ARO:3001486	OXA-208	100	71.082000	77.128000	99.400000
I_3-4	ARO:3001487	OXA-210	1382	77.310709	79.199132	117.000000
I_3-4	ARO:3001488	OXA-216	25	70.808000	77.516000	105.000000
I_3-4	ARO:3001489	OXA-217	20	73.165000	77.370000	97.400000
I_3-4	ARO:3001493	OXA-225	98	56.387755	60.584694	97.400000
I_3-4	ARO:3001495	OXA-233	1981	94.614942	87.338213	111.000000
I_3-4	ARO:3001496	OXA-234	1	67.300000	75.900000	75.900000
I_3-4	ARO:3001498	OXA-239	116	63.774138	68.153448	97.400000
I_3-4	ARO:3001499	OXA-240	2491	93.744119	88.048535	111.000000
I_3-4	ARO:3001500	OXA-251	1758	94.501308	86.354949	111.000000
I_3-4	ARO:3001501	OXA-252	87	60.610345	64.058621	111.000000
I_3-4	ARO:3001502	OXA-256	2536	93.452326	88.333320	111.000000
I_3-4	ARO:3001503	OXA-258	30	47.833333	49.793333	79.000000
I_3-4	ARO:3001504	OXA-309	446	86.711211	84.685874	110.000000
I_3-4	ARO:3001510	OXA-322	40	82.302500	86.670000	95.100000
I_3-4	ARO:3001511	OXA-323	43	81.034884	85.688372	97.800000
I_3-4	ARO:3001512	OXA-324	58	79.568966	84.474138	97.800000
I_3-4	ARO:3001513	OXA-325	79	80.635443	85.558228	109.000000
I_3-4	ARO:3001514	OXA-326	43	80.941860	85.720930	95.100000
I_3-4	ARO:3001515	OXA-327	77	73.725974	78.096104	97.800000
I_3-4	ARO:3001516	OXA-328	23	76.595652	83.313043	93.200000
I_3-4	ARO:3001517	OXA-329	82	80.301220	85.186585	108.000000
I_3-4	ARO:3001518	OXA-330	87	72.406897	76.614943	97.800000
I_3-4	ARO:3001519	OXA-331	71	80.970423	85.167606	95.100000
I_3-4	ARO:3001520	OXA-332	65	79.050769	83.993846	97.800000
I_3-4	ARO:3001521	OXA-333	410	87.501463	84.307561	111.000000
I_3-4	ARO:3001522	OXA-334	384	88.762760	85.872396	110.000000
I_3-4	ARO:3001523	OXA-335	92	69.119565	71.598913	97.100000
I_3-4	ARO:3001525	OXA-337	3	86.533333	95.900000	99.400000
I_3-4	ARO:3001527	OXA-339	2	80.800000	94.150000	97.400000
I_3-4	ARO:3001528	OXA-340	2	80.800000	94.150000	97.400000
I_3-4	ARO:3001530	OXA-342	43	71.713953	84.841860	87.800000
I_3-4	ARO:3001534	OXA-346	3	74.366667	76.900000	99.400000
I_3-4	ARO:3001535	OXA-348	136	76.445588	81.736029	95.100000
I_3-4	ARO:3001536	OXA-349	9	78.588889	80.400000	92.000000
I_3-4	ARO:3001537	OXA-350	60	80.263333	84.810000	95.100000
I_3-4	ARO:3001538	OXA-351	100	76.004000	80.879000	95.100000
I_3-4	ARO:3001539	OXA-352	82	80.429268	85.397561	108.000000
I_3-4	ARO:3001540	OXA-353	40	78.540000	83.515000	95.100000
I_3-4	ARO:3001541	OXA-354	43	82.034884	86.420930	108.000000
I_3-4	ARO:3001542	OXA-355	175	70.269714	70.758857	102.000000
I_3-4	ARO:3001543	OXA-356	134	70.785821	71.095522	102.000000
I_3-4	ARO:3001544	OXA-357	27	64.433333	69.492593	92.000000
I_3-4	ARO:3001545	OXA-358	73	72.812329	73.291781	93.200000
I_3-4	ARO:3001546	OXA-359	48	82.035417	86.787500	108.000000
I_3-4	ARO:3001547	OXA-360	16	73.887500	66.587500	103.000000
I_3-4	ARO:3001548	OXA-361	73	72.578082	74.505479	105.000000
I_3-4	ARO:3001549	OXA-362	69	65.901449	68.589855	108.000000
I_3-4	ARO:3001550	OXA-363	101	71.148515	73.857426	105.000000
I_3-4	ARO:3001551	OXA-364	59	47.927119	49.118644	79.700000
I_3-4	ARO:3001552	OXA-365	4	76.050000	84.075000	93.200000
I_3-4	ARO:3001553	OXA-366	101	57.341584	61.346535	97.400000
I_3-4	ARO:3001555	OXA-368	1746	95.240263	87.406415	111.000000
I_3-4	ARO:3001557	OXA-371	82	74.336585	76.812195	105.000000
I_3-4	ARO:3001558	OXA-372	1408	53.374077	57.828054	109.000000
I_3-4	ARO:3001559	OXA-373	505	85.889505	84.113663	112.000000
I_3-4	ARO:3001560	OXA-374	5	71.520000	77.040000	79.700000
I_3-4	ARO:3001561	OXA-375	46	71.821739	84.347826	93.200000
I_3-4	ARO:3001562	OXA-376	27	76.540741	83.900000	105.000000
I_3-4	ARO:3001563	OXA-377	18	82.972222	85.550000	105.000000
I_3-4	ARO:3001564	OXA-378	26	67.526923	73.919231	88.600000
I_3-4	ARO:3001565	OXA-379	35	66.245714	70.557143	97.400000
I_3-4	ARO:3001566	OXA-380	17	73.141176	78.717647	105.000000
I_3-4	ARO:3001567	OXA-381	35	62.725714	69.262857	105.000000
I_3-4	ARO:3001568	OXA-382	30	68.076667	73.766667	97.400000
I_3-4	ARO:3001569	OXA-383	3	84.366667	91.166667	93.200000
I_3-4	ARO:3001570	OXA-384	5	65.820000	69.400000	88.600000
I_3-4	ARO:3001571	OXA-385	25	70.736000	77.116000	105.000000
I_3-4	ARO:3001572	OXA-386	4	88.275000	92.725000	97.400000
I_3-4	ARO:3001574	OXA-388	5	65.820000	69.400000	88.600000
I_3-4	ARO:3001575	OXA-389	63	70.907937	76.604762	89.400000
I_3-4	ARO:3001576	OXA-390	28	68.892857	73.985714	99.400000
I_3-4	ARO:3001577	OXA-391	99	70.911111	77.050505	97.400000
I_3-4	ARO:3001578	OXA-392	1080	95.062315	90.603796	113.000000
I_3-4	ARO:3001581	OXA-395	156	55.010897	57.901923	74.700000
I_3-4	ARO:3001582	OXA-396	159	54.066038	56.472956	73.900000
I_3-4	ARO:3001583	OXA-397	342	96.841520	95.566374	109.000000
I_3-4	ARO:3001584	OXA-398	56	49.373214	53.401786	84.300000
I_3-4	ARO:3001587	OXA-401	46	71.726087	68.702174	89.400000
I_3-4	ARO:3001588	OXA-402	44	72.315909	79.354545	97.400000
I_3-4	ARO:3001589	OXA-403	2	75.550000	78.950000	99.400000
I_3-4	ARO:3001596	OXA-405	1102	55.471869	56.858893	110.000000
I_3-4	ARO:3001597	OXA-406	17	64.858824	69.388235	97.400000
I_3-4	ARO:3001598	OXA-407	3	75.333333	80.233333	83.200000
I_3-4	ARO:3001599	OXA-408	31	67.635484	58.748387	80.500000
I_3-4	ARO:3001602	OXA-411	4	71.400000	76.375000	76.600000
I_3-4	ARO:3001603	OXA-412	3	79.200000	90.233333	97.400000
I_3-4	ARO:3001604	OXA-413	1	80.000000	89.000000	89.000000
I_3-4	ARO:3001606	OXA-415	1457	74.704598	76.603226	117.000000
I_3-4	ARO:3001607	OXA-416	150	58.729333	61.572000	111.000000
I_3-4	ARO:3001608	OXA-417	215	77.866512	80.124186	95.500000
I_3-4	ARO:3001609	OXA-114a	76	50.163158	48.106579	78.600000
I_3-4	ARO:3001610	OXA-243	49	49.126531	50.093878	66.600000
I_3-4	ARO:3001611	OXA-58	342	97.226023	95.914327	109.000000
I_3-4	ARO:3001612	OXA-51	12	83.566667	85.516667	105.000000
I_3-4	ARO:3001613	OXA-64	2	92.550000	96.800000	105.000000
I_3-4	ARO:3001614	OXA-65	1	100.000000	102.000000	102.000000
I_3-4	ARO:3001616	OXA-68	5	79.320000	85.280000	93.200000
I_3-4	ARO:3001617	OXA-69	27	72.592593	75.914815	105.000000
I_3-4	ARO:3001618	OXA-70	20	66.615000	70.900000	97.400000
I_3-4	ARO:3001619	OXA-71	6	71.500000	77.300000	79.700000
I_3-4	ARO:3001620	OXA-75	9	70.500000	67.866667	97.400000
I_3-4	ARO:3001622	OXA-77	2	92.550000	93.000000	97.400000
I_3-4	ARO:3001623	OXA-83	27	74.151852	79.340741	105.000000
I_3-4	ARO:3001624	OXA-84	2	60.700000	66.050000	77.800000
I_3-4	ARO:3001625	OXA-89	3	84.366667	91.166667	93.200000
I_3-4	ARO:3001626	OXA-88	1	100.000000	102.000000	102.000000
I_3-4	ARO:3001627	OXA-91	2	84.000000	92.450000	93.200000
I_3-4	ARO:3001628	OXA-93	5	78.920000	85.340000	97.400000
I_3-4	ARO:3001629	OXA-94	3	91.500000	94.800000	105.000000
I_3-4	ARO:3001630	OXA-95	22	69.390909	76.222727	102.000000
I_3-4	ARO:3001631	OXA-96	340	96.847353	95.707353	109.000000
I_3-4	ARO:3001632	OXA-92	7	74.314286	76.885714	105.000000
I_3-4	ARO:3001633	OXA-79	24	76.716667	85.625000	105.000000
I_3-4	ARO:3001634	OXA-80	3	48.600000	50.433333	54.300000
I_3-4	ARO:3001635	OXA-82	1	100.000000	102.000000	102.000000
I_3-4	ARO:3001636	OXA-104	24	70.608333	77.575000	102.000000
I_3-4	ARO:3001637	OXA-106	52	68.915385	74.857692	97.400000
I_3-4	ARO:3001638	OXA-107	3	76.233333	80.366667	99.400000
I_3-4	ARO:3001639	OXA-108	5	73.740000	77.540000	102.000000
I_3-4	ARO:3001640	OXA-109	3	48.600000	50.433333	54.300000
I_3-4	ARO:3001641	OXA-110	3	82.133333	85.633333	99.400000
I_3-4	ARO:3001642	OXA-111	77	71.967532	79.835065	92.400000
I_3-4	ARO:3001643	OXA-112	7	74.314286	76.885714	105.000000
I_3-4	ARO:3001644	OXA-113	28	75.821429	83.857143	90.900000
I_3-4	ARO:3001645	OXA-78	2	84.000000	92.450000	93.200000
I_3-4	ARO:3001646	OXA-98	31	77.696774	80.458065	97.400000
I_3-4	ARO:3001647	OXA-97	340	97.066471	95.820294	109.000000
I_3-4	ARO:3001648	OXA-128	2	71.750000	76.450000	82.000000
I_3-4	ARO:3001649	OXA-99	86	71.567442	78.524419	92.400000
I_3-4	ARO:3001650	OXA-90	98	72.594898	80.901020	105.000000
I_3-4	ARO:3001651	OXA-130	84	71.819048	80.151190	102.000000
I_3-4	ARO:3001652	OXA-131	28	68.392857	77.678571	86.700000
I_3-4	ARO:3001654	OXA-143	48	71.060417	73.935417	98.600000
I_3-4	ARO:3001655	OXA-138	6	77.050000	87.616667	102.000000
I_3-4	ARO:3001656	OXA-172	29	70.562069	79.755172	102.000000
I_3-4	ARO:3001657	OXA-173	27	69.592593	79.074074	86.700000
I_3-4	ARO:3001658	OXA-174	40	72.485000	81.942500	102.000000
I_3-4	ARO:3001659	OXA-175	4	79.725000	88.750000	102.000000
I_3-4	ARO:3001662	OXA-164	349	96.035530	94.806017	107.000000
I_3-4	ARO:3001663	OXA-160	19	70.957895	68.136842	104.000000
I_3-4	ARO:3001664	OXA-203	2	84.000000	92.450000	93.200000
I_3-4	ARO:3001665	OXA-200	3	55.433333	59.433333	75.900000
I_3-4	ARO:3001666	OXA-201	1	52.100000	48.100000	48.100000
I_3-4	ARO:3001667	OXA-202	26	74.311538	79.638462	105.000000
I_3-4	ARO:3001668	OXA-219	2	84.550000	90.300000	92.000000
I_3-4	ARO:3001669	OXA-223	1	80.000000	89.000000	89.000000
I_3-4	ARO:3001670	OXA-231	45	71.588889	74.191111	98.600000
I_3-4	ARO:3001671	OXA-49	40	60.877500	66.482500	90.500000
I_3-4	ARO:3001672	OXA-120	10	73.380000	75.860000	105.000000
I_3-4	ARO:3001673	OXA-248	4	78.950000	82.700000	99.400000
I_3-4	ARO:3001674	OXA-249	3	48.600000	50.433333	54.300000
I_3-4	ARO:3001675	OXA-250	4	72.450000	78.200000	99.400000
I_3-4	ARO:3001676	OXA-235	58	65.691379	66.229310	105.000000
I_3-4	ARO:3001677	OXA-236	101	67.000990	69.034653	105.000000
I_3-4	ARO:3001678	OXA-237	60	67.860000	68.553333	105.000000
I_3-4	ARO:3001680	OXA-242	3	89.700000	95.200000	105.000000
I_3-4	ARO:3001681	OXA-278	43	63.651163	61.916279	103.000000
I_3-4	ARO:3001682	OXA-254	3	48.600000	50.433333	54.300000
I_3-4	ARO:3001683	OXA-312	5	71.520000	77.040000	79.700000
I_3-4	ARO:3001684	OXA-313	9	63.866667	68.344444	79.700000
I_3-4	ARO:3001685	OXA-314	3	89.366667	91.200000	105.000000
I_3-4	ARO:3001686	OXA-315	1	100.000000	102.000000	102.000000
I_3-4	ARO:3001687	OXA-316	31	70.651613	82.512903	105.000000
I_3-4	ARO:3001688	OXA-317	57	71.563158	76.757895	89.000000
I_3-4	ARO:3001689	OXA-253	84	68.039286	70.322619	99.000000
I_3-4	ARO:3001690	OXA-255	37	70.554054	73.651351	98.200000
I_3-4	ARO:3001691	OXA-228	145	70.465517	72.969655	102.000000
I_3-4	ARO:3001692	OXA-229	153	70.538562	75.009804	102.000000
I_3-4	ARO:3001693	OXA-230	138	68.948551	71.365942	102.000000
I_3-4	ARO:3001694	OXA-257	158	69.865823	70.728481	102.000000
I_3-4	ARO:3001695	OXA-134	91	74.087912	76.062637	105.000000
I_3-4	ARO:3001702	OXA-133	70	55.881429	58.240000	82.800000
I_3-4	ARO:3001703	OXA-86	3	50.733333	60.500000	75.900000
I_3-4	ARO:3001704	OXA-87	51	69.121569	75.601961	105.000000
I_3-4	ARO:3001705	OXA-72	20	72.570000	70.685000	104.000000
I_3-4	ARO:3001707	OXA-103	42	46.976190	50.716667	84.300000
I_3-4	ARO:3001709	OXA-182	81	66.364198	67.303704	97.100000
I_3-4	ARO:3001710	OXA-211	458	86.197598	84.226201	112.000000
I_3-4	ARO:3001711	OXA-212	429	86.111189	83.900233	108.000000
I_3-4	ARO:3001712	OXA-213	32	67.412500	72.900000	91.700000
I_3-4	ARO:3001713	OXA-214	62	57.635484	61.925806	77.000000
I_3-4	ARO:3001714	OXA-215	62	57.635484	61.925806	77.000000
I_3-4	ARO:3001717	OXA-261	19	67.189474	71.652632	99.400000
I_3-4	ARO:3001718	OXA-262	6	45.216667	48.700000	55.800000
I_3-4	ARO:3001719	OXA-263	14	69.042857	74.942857	79.000000
I_3-4	ARO:3001720	OXA-264	48	57.085417	61.716667	70.900000
I_3-4	ARO:3001721	OXA-265	12	48.200000	47.325000	68.900000
I_3-4	ARO:3001722	OXA-266	60	69.408333	76.210000	85.900000
I_3-4	ARO:3001723	OXA-267	41	80.843902	85.456098	95.100000
I_3-4	ARO:3001724	OXA-268	45	80.244444	84.864444	97.800000
I_3-4	ARO:3001725	OXA-269	13	54.661538	56.084615	91.300000
I_3-4	ARO:3001726	OXA-270	10	66.330000	68.540000	108.000000
I_3-4	ARO:3001727	OXA-271	19	60.584211	57.747368	87.800000
I_3-4	ARO:3001728	OXA-272	54	75.583333	79.475926	97.400000
I_3-4	ARO:3001729	OXA-273	23	65.186957	70.543478	84.300000
I_3-4	ARO:3001730	OXA-274	194	74.297938	77.454639	98.200000
I_3-4	ARO:3001731	OXA-275	214	75.032243	78.475234	100.000000
I_3-4	ARO:3001732	OXA-276	31	62.819355	58.906452	103.000000
I_3-4	ARO:3001733	OXA-277	22	68.150000	62.063636	105.000000
I_3-4	ARO:3001734	OXA-279	12	63.858333	64.300000	92.800000
I_3-4	ARO:3001735	OXA-280	396	89.036111	85.628030	112.000000
I_3-4	ARO:3001736	OXA-281	467	86.627195	84.795289	113.000000
I_3-4	ARO:3001737	OXA-282	69	69.124638	69.452174	108.000000
I_3-4	ARO:3001738	OXA-283	62	68.840323	69.816129	108.000000
I_3-4	ARO:3001739	OXA-284	96	68.056250	70.269792	107.000000
I_3-4	ARO:3001740	OXA-285	35	61.500000	60.042857	108.000000
I_3-4	ARO:3001741	OXA-286	63	63.903175	66.942857	93.200000
I_3-4	ARO:3001742	OXA-287	75	63.193333	66.076000	93.200000
I_3-4	ARO:3001743	OXA-288	56	61.773214	64.491071	93.200000
I_3-4	ARO:3001744	OXA-289	21	65.804762	68.600000	92.800000
I_3-4	ARO:3001745	OXA-290	25	63.444000	67.296000	92.800000
I_3-4	ARO:3001746	OXA-291	21	58.600000	62.038095	91.700000
I_3-4	ARO:3001747	OXA-292	21	58.552381	61.323810	91.700000
I_3-4	ARO:3001748	OXA-293	54	60.724074	62.759259	92.000000
I_3-4	ARO:3001749	OXA-294	54	59.931481	62.731481	87.800000
I_3-4	ARO:3001750	OXA-295	62	59.951613	63.462903	89.400000
I_3-4	ARO:3001751	OXA-296	68	61.492647	63.002941	86.700000
I_3-4	ARO:3001752	OXA-297	20	57.980000	62.130000	85.900000
I_3-4	ARO:3001753	OXA-298	22	62.909091	68.209091	92.400000
I_3-4	ARO:3001754	OXA-299	132	73.945455	79.201515	104.000000
I_3-4	ARO:3001755	OXA-300	136	69.697059	69.525000	103.000000
I_3-4	ARO:3001756	OXA-301	118	71.297458	73.595763	102.000000
I_3-4	ARO:3001757	OXA-302	40	65.867500	67.867500	91.700000
I_3-4	ARO:3001758	OXA-303	49	63.269388	66.453061	93.200000
I_3-4	ARO:3001759	OXA-304	34	72.073529	76.414706	109.000000
I_3-4	ARO:3001760	OXA-305	20	74.345000	78.575000	109.000000
I_3-4	ARO:3001761	OXA-306	65	60.898462	63.410769	91.700000
I_3-4	ARO:3001762	OXA-307	9	62.444444	70.777778	89.700000
I_3-4	ARO:3001763	OXA-308	86	58.225581	62.354651	103.000000
I_3-4	ARO:3001764	OXA-63	378	50.895767	48.590212	89.000000
I_3-4	ARO:3001765	OXA-136	492	51.350610	49.922561	106.000000
I_3-4	ARO:3001766	OXA-192	500	51.647200	50.283600	106.000000
I_3-4	ARO:3001767	OXA-137	485	51.171134	49.747835	106.000000
I_3-4	ARO:3001768	OXA-118	1061	64.257304	68.594533	120.000000
I_3-4	ARO:3001769	OXA-42	29	51.358621	53.382759	80.900000
I_3-4	ARO:3001770	OXA-43	29	50.648276	52.451724	79.000000
I_3-4	ARO:3001771	OXA-57	28	51.121429	53.442857	80.900000
I_3-4	ARO:3001772	OXA-59	30	51.136667	53.053333	80.900000
I_3-4	ARO:3001773	OXA-61	36	46.594444	43.150000	55.500000
I_3-4	ARO:3001774	OXA-370	187	66.700000	64.721925	110.000000
I_3-4	ARO:3001775	OXA-119	1141	65.104733	69.602366	120.000000
I_3-4	ARO:3001776	OXA-162	294	60.583673	59.689456	110.000000
I_3-4	ARO:3001777	OXA-347	666	68.951051	67.532132	110.000000
I_3-4	ARO:3001778	OXA-232	367	65.216076	64.446594	110.000000
I_3-4	ARO:3001779	OXA-146	9	40.055556	49.133333	55.500000
I_3-4	ARO:3001780	OXA-85	644	46.794255	49.962422	105.000000
I_3-4	ARO:3001781	OXA-47	1085	94.419539	90.046267	113.000000
I_3-4	ARO:3001782	OXA-48	237	65.475527	64.308861	111.000000
I_3-4	ARO:3001783	OXA-163	1122	55.546970	57.165152	110.000000
I_3-4	ARO:3001784	OXA-181	359	65.704178	65.227577	111.000000
I_3-4	ARO:3001785	OXA-73	56	49.976786	53.155357	84.300000
I_3-4	ARO:3001786	OXA-244	276	63.723913	62.395290	112.000000
I_3-4	ARO:3001787	OXA-245	214	65.763084	64.534579	111.000000
I_3-4	ARO:3001788	OXA-204	277	63.248375	62.440794	111.000000
I_3-4	ARO:3001791	OXA-247	946	56.261628	56.162262	110.000000
I_3-4	ARO:3001792	OXA-62	371	43.276280	43.732884	58.200000
I_3-4	ARO:3001793	OXA-320	1094	94.684826	90.369561	113.000000
I_3-4	ARO:3001794	OXA-45	23	50.334783	51.513043	68.900000
I_3-4	ARO:3001795	OXA-56	935	87.186096	84.248877	108.000000
I_3-4	ARO:3001796	OXA-50	155	52.184516	55.932903	73.600000
I_3-4	ARO:3001797	OXA-46	1071	63.375817	66.300654	118.000000
I_3-4	ARO:3001798	OXA-74	2357	95.098812	89.540602	111.000000
I_3-4	ARO:3001799	OXA-161	1723	73.566744	76.124260	117.000000
I_3-4	ARO:3001800	OXA-226	1450	75.758207	77.843724	117.000000
I_3-4	ARO:3001801	OXA-147	570	85.873509	81.686491	112.000000
I_3-4	ARO:3001802	OXA-141	1630	73.595767	75.893497	117.000000
I_3-4	ARO:3001803	OXA-142	1746	97.770676	89.793585	111.000000
I_3-4	ARO:3001804	OXA-145	778	88.864653	87.289846	112.000000
I_3-4	ARO:3001805	OXA-198	1162	53.800258	57.879776	93.600000
I_3-4	ARO:3001806	OXA-224	1095	94.601370	90.277443	113.000000
I_3-4	ARO:3001807	OXA-246	2395	94.719207	88.846347	111.000000
I_3-4	ARO:3001808	OXA-60	163	44.462577	48.271166	74.700000
I_3-4	ARO:3001809	OXA-209	787	59.147649	59.852351	108.000000
I_3-4	ARO:3001810	OXA-53	620	69.040323	73.933065	117.000000
I_3-4	ARO:3001811	OXA-129	247	80.767611	76.856275	110.000000
I_3-4	ARO:3001812	OXA-54	331	51.712689	52.680060	108.000000
I_3-4	ARO:3001813	OXA-55	207	46.813043	49.678744	66.600000
I_3-4	ARO:3001814	OXA-199	371	57.393261	57.315633	111.000000
I_3-4	ARO:3001815	ACC-1	578	55.990657	56.495502	79.700000
I_3-4	ARO:3001816	ACC-2	483	56.011387	56.451967	79.700000
I_3-4	ARO:3001817	ACC-3	564	54.420745	55.977660	79.700000
I_3-4	ARO:3001818	ACC-4	566	55.732155	56.153357	79.700000
I_3-4	ARO:3001819	ACC-5	540	56.308148	56.696852	79.700000
I_3-4	ARO:3001821	ACT-1	178	85.294382	89.084831	112.000000
I_3-4	ARO:3001822	ACT-2	147	91.126531	93.612925	113.000000
I_3-4	ARO:3001823	ACT-3	132	92.259848	95.064394	113.000000
I_3-4	ARO:3001824	ACT-5	36	68.722222	65.844444	110.000000
I_3-4	ARO:3001825	ACT-6	150	95.074000	94.590000	113.000000
I_3-4	ARO:3001827	ACT-16	158	67.617089	68.270886	113.000000
I_3-4	ARO:3001828	ACT-23	43	68.916279	66.532558	112.000000
I_3-4	ARO:3001829	ACT-4	136	87.460294	88.909559	112.000000
I_3-4	ARO:3001830	ACT-7	80	82.176250	84.087500	113.000000
I_3-4	ARO:3001831	ACT-8	140	93.764286	97.015000	113.000000
I_3-4	ARO:3001832	ACT-10	139	89.209353	87.618705	111.000000
I_3-4	ARO:3001834	ACT-12	165	81.865455	76.047273	106.000000
I_3-4	ARO:3001835	ACT-13	133	94.389474	97.212030	113.000000
I_3-4	ARO:3001836	ACT-14	55	71.243636	70.596364	112.000000
I_3-4	ARO:3001837	ACT-15	88	63.539773	61.952273	112.000000
I_3-4	ARO:3001838	ACT-17	103	76.710680	77.901942	113.000000
I_3-4	ARO:3001839	ACT-18	50	72.974000	74.434000	112.000000
I_3-4	ARO:3001840	ACT-19	74	62.520270	62.689189	107.000000
I_3-4	ARO:3001841	ACT-20	127	70.207874	69.742520	113.000000
I_3-4	ARO:3001842	ACT-21	27	74.281481	72.618519	110.000000
I_3-4	ARO:3001843	ACT-22	110	66.026364	66.772727	106.000000
I_3-4	ARO:3001844	ACT-24	27	75.400000	75.507407	112.000000
I_3-4	ARO:3001845	ACT-25	146	68.325342	68.425342	113.000000
I_3-4	ARO:3001847	ACT-27	115	71.641739	71.372174	113.000000
I_3-4	ARO:3001848	ACT-28	215	86.345581	82.202791	110.000000
I_3-4	ARO:3001849	ACT-29	176	91.467614	91.402273	113.000000
I_3-4	ARO:3001850	ACT-30	120	68.327500	67.924167	113.000000
I_3-4	ARO:3001851	ACT-31	137	69.354015	69.008759	113.000000
I_3-4	ARO:3001852	ACT-32	72	79.843056	84.516667	113.000000
I_3-4	ARO:3001853	ACT-33	60	89.220000	94.596667	113.000000
I_3-4	ARO:3001854	ACT-34	93	89.556989	90.522581	113.000000
I_3-4	ARO:3001855	ACT-35	103	72.786408	75.176699	113.000000
I_3-4	ARO:3001856	CFE-1	343	79.402624	80.986589	110.000000
I_3-4	ARO:3001857	LAT-1	20	97.995000	105.840000	110.000000
I_3-4	ARO:3001858	IMI-1	21	45.790476	45.347619	59.700000
I_3-4	ARO:3001859	IMI-2	26	44.623077	44.415385	59.700000
I_3-4	ARO:3001860	IMI-3	24	46.129167	46.383333	75.100000
I_3-4	ARO:3001861	IMI-4	5	54.840000	51.380000	59.700000
I_3-4	ARO:3001862	IMI-5	14	50.328571	44.207143	54.700000
I_3-4	ARO:3001863	IMI-6	21	46.309524	46.923810	75.100000
I_3-4	ARO:3001864	CTX-M-1	116	94.014655	87.839655	108.000000
I_3-4	ARO:3001865	CTX-M-2	155	74.267097	73.209677	106.000000
I_3-4	ARO:3001866	CTX-M-3	166	99.313855	91.491566	108.000000
I_3-4	ARO:3001867	CTX-M-4	144	70.122917	68.125694	104.000000
I_3-4	ARO:3001868	CTX-M-5	126	75.558730	73.438095	106.000000
I_3-4	ARO:3001869	CTX-M-6	125	68.792000	65.979200	102.000000
I_3-4	ARO:3001870	CTX-M-7	133	68.553383	66.114286	100.000000
I_3-4	ARO:3001871	CTX-M-8	35	73.788571	70.600000	104.000000
I_3-4	ARO:3001872	CTX-M-9	52	75.136538	72.284615	99.800000
I_3-4	ARO:3001873	CTX-M-10	39	76.758974	73.789744	108.000000
I_3-4	ARO:3001874	CTX-M-11	133	92.697744	87.686466	108.000000
I_3-4	ARO:3001875	CTX-M-12	10	95.620000	98.720000	108.000000
I_3-4	ARO:3001876	CTX-M-13	13	79.707692	79.023077	101.000000
I_3-4	ARO:3001877	CTX-M-14	32	80.050000	76.534375	99.800000
I_3-4	ARO:3001878	CTX-M-15	16	99.875000	103.062500	107.000000
I_3-4	ARO:3001879	CTX-M-16	3	67.066667	70.500000	98.600000
I_3-4	ARO:3001881	CTX-M-19	41	73.112195	69.295122	99.800000
I_3-4	ARO:3001882	CTX-M-20	169	73.559172	73.037870	106.000000
I_3-4	ARO:3001883	CTX-M-21	14	80.564286	79.692857	99.000000
I_3-4	ARO:3001884	CTX-M-22	188	97.021277	91.593085	108.000000
I_3-4	ARO:3001885	CTX-M-23	19	83.889474	85.989474	108.000000
I_3-4	ARO:3001886	CTX-M-24	67	73.304478	70.659701	99.800000
I_3-4	ARO:3001887	CTX-M-25	77	70.445455	72.397403	100.000000
I_3-4	ARO:3001888	CTX-M-26	25	74.696000	74.000000	100.000000
I_3-4	ARO:3001889	CTX-M-27	60	72.046667	77.208333	88.600000
I_3-4	ARO:3001890	CTX-M-28	187	95.709626	90.514973	107.000000
I_3-4	ARO:3001891	CTX-M-29	26	83.711538	85.419231	107.000000
I_3-4	ARO:3001892	CTX-M-30	152	97.050000	90.207237	108.000000
I_3-4	ARO:3001893	CTX-M-31	167	72.955689	72.272455	104.000000
I_3-4	ARO:3001894	CTX-M-32	29	84.979310	87.324138	107.000000
I_3-4	ARO:3001895	CTX-M-33	163	96.240491	86.603681	107.000000
I_3-4	ARO:3001896	CTX-M-34	184	92.917391	84.165761	105.000000
I_3-4	ARO:3001897	CTX-M-35	104	75.776923	73.713462	104.000000
I_3-4	ARO:3001898	CTX-M-36	143	95.850350	89.634266	108.000000
I_3-4	ARO:3001899	CTX-M-37	28	69.167857	67.225000	108.000000
I_3-4	ARO:3001900	CTX-M-38	133	62.618797	58.175188	99.800000
I_3-4	ARO:3001901	CTX-M-39	19	79.200000	75.894737	102.000000
I_3-4	ARO:3001902	CTX-M-40	32	75.615625	71.359375	104.000000
I_3-4	ARO:3001903	CTX-M-41	76	70.346053	72.507895	100.000000
I_3-4	ARO:3001904	CTX-M-42	184	96.628804	86.360870	108.000000
I_3-4	ARO:3001905	CTX-M-43	179	73.484916	74.610615	106.000000
I_3-4	ARO:3001906	CTX-M-44	151	74.004636	73.441722	106.000000
I_3-4	ARO:3001907	CTX-M-45	29	76.372414	74.924138	99.800000
I_3-4	ARO:3001908	CTX-M-46	4	99.500000	98.025000	99.000000
I_3-4	ARO:3001909	CTX-M-47	39	72.202564	69.158974	99.000000
I_3-4	ARO:3001910	CTX-M-48	36	74.275000	71.241667	99.000000
I_3-4	ARO:3001911	CTX-M-49	33	74.136364	70.600000	99.000000
I_3-4	ARO:3001912	CTX-M-50	50	71.962000	69.076000	99.000000
I_3-4	ARO:3001914	CTX-M-52	78	99.038462	86.008974	108.000000
I_3-4	ARO:3001915	CTX-M-53	134	69.896269	71.276119	107.000000
I_3-4	ARO:3001916	CTX-M-54	171	98.149123	87.676023	108.000000
I_3-4	ARO:3001917	CTX-M-55	189	96.101058	88.195767	107.000000
I_3-4	ARO:3001918	CTX-M-56	175	73.202286	72.493143	106.000000
I_3-4	ARO:3001919	CTX-M-58	93	91.932258	83.943011	108.000000
I_3-4	ARO:3001920	CTX-M-59	135	74.831852	73.637037	106.000000
I_3-4	ARO:3001921	CTX-M-60	49	98.197959	98.608163	108.000000
I_3-4	ARO:3001922	CTX-M-61	126	99.012698	87.310317	108.000000
I_3-4	ARO:3001923	CTX-M-62	14	99.571429	101.792857	108.000000
I_3-4	ARO:3001924	CTX-M-63	28	76.553571	74.028571	104.000000
I_3-4	ARO:3001925	CTX-M-64	135	86.240741	78.503704	106.000000
I_3-4	ARO:3001926	CTX-M-65	42	74.238095	71.116667	99.800000
I_3-4	ARO:3001927	CTX-M-66	43	99.379070	90.802326	108.000000
I_3-4	ARO:3001928	CTX-M-67	6	77.366667	77.483333	98.600000
I_3-4	ARO:3001929	CTX-M-68	152	96.821711	87.951974	108.000000
I_3-4	ARO:3001930	CTX-M-69	200	87.422000	85.533000	107.000000
I_3-4	ARO:3001932	CTX-M-71	85	99.301176	88.277647	103.000000
I_3-4	ARO:3001933	CTX-M-72	23	99.478261	99.804348	108.000000
I_3-4	ARO:3001934	CTX-M-73	2	57.550000	52.350000	53.100000
I_3-4	ARO:3001935	CTX-M-74	89	77.642697	75.328090	104.000000
I_3-4	ARO:3001936	CTX-M-75	121	75.752893	75.571901	106.000000
I_3-4	ARO:3001937	CTX-M-76	147	74.780272	73.231973	106.000000
I_3-4	ARO:3001938	CTX-M-77	126	75.693651	74.511111	106.000000
I_3-4	ARO:3001939	CTX-M-78	31	74.503226	73.587097	105.000000
I_3-4	ARO:3001940	CTX-M-79	28	85.278571	87.500000	107.000000
I_3-4	ARO:3001941	CTX-M-80	144	98.275000	90.380556	108.000000
I_3-4	ARO:3001942	CTX-M-81	36	72.819444	69.863889	99.800000
I_3-4	ARO:3001943	CTX-M-82	226	91.204425	85.123451	107.000000
I_3-4	ARO:3001945	CTX-M-84	7	69.700000	69.171429	98.600000
I_3-4	ARO:3001946	CTX-M-86	17	78.764706	77.641176	99.000000
I_3-4	ARO:3001947	CTX-M-87	11	81.918182	74.836364	99.800000
I_3-4	ARO:3001948	CTX-M-88	217	93.609677	89.699539	107.000000
I_3-4	ARO:3001949	CTX-M-89	17	80.605882	75.423529	102.000000
I_3-4	ARO:3001951	CTX-M-91	20	79.065000	74.705000	102.000000
I_3-4	ARO:3001952	CTX-M-92	112	75.219643	73.488393	106.000000
I_3-4	ARO:3001953	CTX-M-93	71	73.747887	77.849296	99.800000
I_3-4	ARO:3001954	CTX-M-94	80	70.653750	72.870000	100.000000
I_3-4	ARO:3001955	CTX-M-95	121	75.213223	73.673554	106.000000
I_3-4	ARO:3001956	CTX-M-96	82	96.763415	96.419512	107.000000
I_3-4	ARO:3001957	CTX-M-98	98	73.395918	75.360204	99.800000
I_3-4	ARO:3001958	CTX-M-99	16	80.481250	77.618750	99.800000
I_3-4	ARO:3001959	CTX-M-100	74	70.240541	72.350000	100.000000
I_3-4	ARO:3001960	CTX-M-101	233	92.050215	85.566524	107.000000
I_3-4	ARO:3001961	CTX-M-102	73	73.612329	74.584932	99.800000
I_3-4	ARO:3001962	CTX-M-103	109	99.089908	88.729358	103.000000
I_3-4	ARO:3001965	CTX-M-105	48	71.587500	74.687500	99.000000
I_3-4	ARO:3001966	CTX-M-106	70	73.410000	70.078571	99.800000
I_3-4	ARO:3001967	CTX-M-107	173	93.289017	90.986705	103.000000
I_3-4	ARO:3001968	CTX-M-108	185	87.928649	88.877297	107.000000
I_3-4	ARO:3001969	CTX-M-109	194	87.434536	88.280412	107.000000
I_3-4	ARO:3001972	CTX-M-112	64	72.340625	69.312500	99.800000
I_3-4	ARO:3001973	CTX-M-113	19	78.168421	76.752632	99.800000
I_3-4	ARO:3001974	CTX-M-114	173	96.998266	88.179769	107.000000
I_3-4	ARO:3001975	CTX-M-115	147	73.720408	73.040816	106.000000
I_3-4	ARO:3001976	CTX-M-116	18	85.827778	88.544444	108.000000
I_3-4	ARO:3001977	CTX-M-117	202	93.618812	85.072277	107.000000
I_3-4	ARO:3001980	CTX-M-121	130	72.455385	73.352308	99.800000
I_3-4	ARO:3001981	CTX-M-122	40	76.227500	73.710000	99.800000
I_3-4	ARO:3001982	CTX-M-123	244	85.337705	79.445902	103.000000
I_3-4	ARO:3001983	CTX-M-124	156	73.910897	72.717949	106.000000
I_3-4	ARO:3001984	CTX-M-125	65	73.520000	70.812308	99.800000
I_3-4	ARO:3001985	CTX-M-126	40	73.307500	69.450000	99.800000
I_3-4	ARO:3001986	CTX-M-127	6	100.000000	102.166667	106.000000
I_3-4	ARO:3001988	CTX-M-129	23	67.639130	73.256522	86.300000
I_3-4	ARO:3001989	CTX-M-130	72	72.804167	69.816667	99.800000
I_3-4	ARO:3001990	CTX-M-131	216	72.301389	73.225000	106.000000
I_3-4	ARO:3001991	CTX-M-132	92	97.538043	85.794565	107.000000
I_3-4	ARO:3001992	CTX-M-134	3	51.166667	60.200000	62.000000
I_3-4	ARO:3001994	CTX-M-137	106	85.834906	79.050943	107.000000
I_3-4	ARO:3001995	CTX-M-136	12	99.166667	103.991667	108.000000
I_3-4	ARO:3001996	CTX-M-138	5	96.340000	90.180000	103.000000
I_3-4	ARO:3001997	CTX-M-139	196	96.437755	90.035714	107.000000
I_3-4	ARO:3001998	CTX-M-140	1	43.800000	47.400000	47.400000
I_3-4	ARO:3001999	CTX-M-141	119	74.229412	72.821849	106.000000
I_3-4	ARO:3002000	CTX-M-142	200	96.009500	89.011500	107.000000
I_3-4	ARO:3002001	CTX-M-143	4	100.000000	102.500000	106.000000
I_3-4	ARO:3002002	CTX-M-144	23	91.760870	93.713043	107.000000
I_3-4	ARO:3002004	CTX-M-146	8	69.362500	67.350000	97.400000
I_3-4	ARO:3002005	CTX-M-147	20	75.825000	70.680000	99.800000
I_3-4	ARO:3002008	CTX-M-151	178	58.522472	54.508989	75.500000
I_3-4	ARO:3002009	CTX-M-152	19	79.726316	75.642105	103.000000
I_3-4	ARO:3002010	CTX-M-153	67	72.171642	78.256716	90.500000
I_3-4	ARO:3002011	CTX-M-154	2	57.150000	51.450000	55.500000
I_3-4	ARO:3002012	CMY-1	1660	84.328675	83.540241	110.000000
I_3-4	ARO:3002013	CMY-2	683	98.553148	97.782723	115.000000
I_3-4	ARO:3002015	CMY-4	905	96.037238	95.062541	115.000000
I_3-4	ARO:3002016	CMY-5	4	64.600000	62.850000	107.000000
I_3-4	ARO:3002017	CMY-6	76	97.940789	103.286842	107.000000
I_3-4	ARO:3002018	CMY-7	13	97.369231	105.923077	110.000000
I_3-4	ARO:3002019	CMY-8	1156	83.957007	82.057439	110.000000
I_3-4	ARO:3002020	CMY-9	1249	83.820176	82.756125	110.000000
I_3-4	ARO:3002021	CMY-10	1523	84.518122	83.423375	110.000000
I_3-4	ARO:3002022	CMY-11	1352	85.175000	83.867086	110.000000
I_3-4	ARO:3002023	CMY-12	137	88.355474	84.140146	110.000000
I_3-4	ARO:3002024	CMY-13	392	93.694133	93.973980	113.000000
I_3-4	ARO:3002025	CMY-14	369	91.883469	98.791870	115.000000
I_3-4	ARO:3002026	CMY-15	137	88.355474	84.140146	110.000000
I_3-4	ARO:3002027	CMY-16	66	99.633333	106.312121	110.000000
I_3-4	ARO:3002028	CMY-17	208	98.937981	106.628365	115.000000
I_3-4	ARO:3002030	CMY-19	937	85.100427	82.709392	110.000000
I_3-4	ARO:3002031	CMY-20	981	88.992864	91.728338	110.000000
I_3-4	ARO:3002032	CMY-21	740	94.757162	92.326892	115.000000
I_3-4	ARO:3002033	CMY-22	20	97.485000	106.300000	110.000000
I_3-4	ARO:3002034	CMY-23	275	99.289091	106.466182	115.000000
I_3-4	ARO:3002035	CMY-24	480	98.539375	100.350833	115.000000
I_3-4	ARO:3002036	CMY-25	908	94.228084	92.383921	110.000000
I_3-4	ARO:3002037	CMY-26	76	55.243421	57.119737	110.000000
I_3-4	ARO:3002038	CMY-27	579	98.632124	97.872021	115.000000
I_3-4	ARO:3002039	CMY-28	682	93.715543	92.695601	115.000000
I_3-4	ARO:3002040	CMY-29	599	98.020200	93.839566	110.000000
I_3-4	ARO:3002041	CMY-30	32	99.312500	107.837500	112.000000
I_3-4	ARO:3002042	CMY-31	16	97.868750	106.500000	110.000000
I_3-4	ARO:3002043	CMY-32	403	98.320099	104.153598	115.000000
I_3-4	ARO:3002044	CMY-33	1008	92.854266	92.141468	115.000000
I_3-4	ARO:3002045	CMY-34	39	85.028205	94.328205	110.000000
I_3-4	ARO:3002046	CMY-35	721	95.695978	93.425381	115.000000
I_3-4	ARO:3002047	CMY-36	3	73.533333	80.600000	107.000000
I_3-4	ARO:3002048	CMY-37	20	81.870000	82.600000	110.000000
I_3-4	ARO:3002049	CMY-38	136	87.519853	83.136029	109.000000
I_3-4	ARO:3002050	CMY-39	421	90.530404	91.650356	113.000000
I_3-4	ARO:3002051	CMY-40	275	93.682182	87.162182	110.000000
I_3-4	ARO:3002052	CMY-41	145	82.559310	82.693793	110.000000
I_3-4	ARO:3002053	CMY-42	1063	91.815710	91.119097	115.000000
I_3-4	ARO:3002054	CMY-43	536	98.419403	97.230597	115.000000
I_3-4	ARO:3002055	CMY-44	1033	92.582962	91.973088	115.000000
I_3-4	ARO:3002056	CMY-45	74	99.672973	105.608108	110.000000
I_3-4	ARO:3002057	CMY-46	45	80.853333	87.124444	110.000000
I_3-4	ARO:3002058	CMY-47	163	73.994479	82.174847	110.000000
I_3-4	ARO:3002059	CMY-48	567	86.287125	87.218519	114.000000
I_3-4	ARO:3002060	CMY-49	26	80.380769	89.980769	109.000000
I_3-4	ARO:3002061	CMY-50	83	84.675904	91.830120	110.000000
I_3-4	ARO:3002062	CMY-51	336	85.801488	85.848214	114.000000
I_3-4	ARO:3002064	CMY-53	83	91.743373	96.326506	112.000000
I_3-4	ARO:3002066	CMY-55	992	91.505746	90.310383	115.000000
I_3-4	ARO:3002067	CMY-56	986	92.847465	91.725456	115.000000
I_3-4	ARO:3002069	CMY-59	167	92.135928	72.698204	109.000000
I_3-4	ARO:3002070	CMY-99	69	98.457971	104.917391	110.000000
I_3-4	ARO:3002071	CMY-110	339	91.849853	91.407375	114.000000
I_3-4	ARO:3002072	CMY-58	354	98.500847	104.840395	115.000000
I_3-4	ARO:3002073	CMY-60	728	95.833654	93.249588	115.000000
I_3-4	ARO:3002074	CMY-61	1028	92.515564	96.054183	115.000000
I_3-4	ARO:3002075	CMY-62	32	98.303125	104.206250	110.000000
I_3-4	ARO:3002076	CMY-63	80	79.592500	84.336250	111.000000
I_3-4	ARO:3002077	CMY-64	73	74.634247	72.275342	111.000000
I_3-4	ARO:3002078	CMY-65	555	83.358198	86.936757	112.000000
I_3-4	ARO:3002079	CMY-66	153	84.473856	80.241176	114.000000
I_3-4	ARO:3002080	CMY-67	81	87.946914	91.798765	110.000000
I_3-4	ARO:3002081	CMY-68	161	73.695652	82.197516	110.000000
I_3-4	ARO:3002082	CMY-69	341	98.519648	104.834311	115.000000
I_3-4	ARO:3002083	CMY-70	375	83.461067	82.360533	110.000000
I_3-4	ARO:3002084	CMY-71	305	89.474426	91.797377	113.000000
I_3-4	ARO:3002085	CMY-72	124	72.701613	78.459677	112.000000
I_3-4	ARO:3002086	CMY-73	20	68.180000	72.235000	109.000000
I_3-4	ARO:3002087	CMY-74	141	81.121986	86.751064	110.000000
I_3-4	ARO:3002088	CMY-75	265	76.232075	84.033208	112.000000
I_3-4	ARO:3002089	CMY-76	29	95.958621	96.527586	114.000000
I_3-4	ARO:3002090	CMY-77	88	89.042045	94.297727	111.000000
I_3-4	ARO:3002091	CMY-78	34	93.670588	89.032353	111.000000
I_3-4	ARO:3002092	CMY-79	459	84.923965	85.800871	114.000000
I_3-4	ARO:3002093	CMY-80	142	70.035915	67.209155	110.000000
I_3-4	ARO:3002094	CMY-81	105	72.301905	74.043810	110.000000
I_3-4	ARO:3002095	CMY-82	129	82.107752	87.433333	110.000000
I_3-4	ARO:3002096	CMY-83	220	87.478636	85.475909	110.000000
I_3-4	ARO:3002097	CMY-84	37	90.548649	90.121622	111.000000
I_3-4	ARO:3002098	CMY-85	304	95.996382	94.383553	114.000000
I_3-4	ARO:3002099	CMY-86	48	87.297917	94.504167	110.000000
I_3-4	ARO:3002100	CMY-87	44	90.831818	95.634091	114.000000
I_3-4	ARO:3002102	CMY-89	237	78.027004	85.024895	112.000000
I_3-4	ARO:3002103	CMY-90	115	79.620870	73.991304	111.000000
I_3-4	ARO:3002106	CMY-93	109	81.009174	86.891743	110.000000
I_3-4	ARO:3002107	CMY-94	105	99.216190	106.112381	112.000000
I_3-4	ARO:3002108	CMY-95	693	95.923521	93.768398	115.000000
I_3-4	ARO:3002109	CMY-96	32	83.125000	88.440625	111.000000
I_3-4	ARO:3002110	CMY-97	11	99.636364	104.672727	109.000000
I_3-4	ARO:3002111	CMY-98	244	79.718852	87.089344	110.000000
I_3-4	ARO:3002112	CMY-100	277	86.015523	83.994946	108.000000
I_3-4	ARO:3002113	CMY-101	129	82.410853	87.304651	110.000000
I_3-4	ARO:3002114	CMY-102	147	95.568027	101.497279	110.000000
I_3-4	ARO:3002115	CMY-103	73	87.271233	93.032877	110.000000
I_3-4	ARO:3002116	CMY-104	426	83.345070	81.919484	113.000000
I_3-4	ARO:3002117	CMY-105	608	84.063322	87.148191	110.000000
I_3-4	ARO:3002118	CMY-106	124	75.011290	83.124194	109.000000
I_3-4	ARO:3002120	CMY-108	34	83.320588	91.226471	110.000000
I_3-4	ARO:3002121	CMY-109	29	73.703448	75.237931	114.000000
I_3-4	ARO:3002123	CMY-112	95	86.137895	92.850526	110.000000
I_3-4	ARO:3002124	CMY-113	208	78.693750	75.402404	112.000000
I_3-4	ARO:3002125	CMY-114	740	83.500676	81.741757	110.000000
I_3-4	ARO:3002126	CMY-115	46	82.102174	83.956522	114.000000
I_3-4	ARO:3002127	CMY-116	239	89.920084	82.038494	114.000000
I_3-4	ARO:3002128	CMY-117	75	87.364000	74.989333	114.000000
I_3-4	ARO:3002129	CMY-118	551	89.973321	86.430490	114.000000
I_3-4	ARO:3002130	CMY-119	133	72.879699	81.522556	110.000000
I_3-4	ARO:3002132	DHA-1	495	84.873737	84.468485	114.000000
I_3-4	ARO:3002133	DHA-2	458	79.613537	79.037118	114.000000
I_3-4	ARO:3002134	DHA-3	367	89.031063	87.456403	114.000000
I_3-4	ARO:3002135	DHA-6	455	86.106374	85.534066	114.000000
I_3-4	ARO:3002136	DHA-7	434	83.386636	82.560599	114.000000
I_3-4	ARO:3002137	DHA-4	363	91.279339	91.498072	113.000000
I_3-4	ARO:3002138	DHA-5	413	86.735593	85.965133	114.000000
I_3-4	ARO:3002140	DHA-9	365	89.398356	90.945753	114.000000
I_3-4	ARO:3002141	DHA-10	442	80.353846	80.126471	114.000000
I_3-4	ARO:3002143	DHA-12	357	72.165826	69.436695	110.000000
I_3-4	ARO:3002144	DHA-13	531	81.915631	82.029755	114.000000
I_3-4	ARO:3002145	DHA-14	425	89.405647	88.422118	114.000000
I_3-4	ARO:3002146	DHA-15	422	86.643128	84.972749	114.000000
I_3-4	ARO:3002147	DHA-16	270	76.925185	75.988519	114.000000
I_3-4	ARO:3002148	DHA-17	463	83.745356	84.400864	114.000000
I_3-4	ARO:3002149	DHA-18	428	81.305140	80.998131	114.000000
I_3-4	ARO:3002150	DHA-19	507	78.157594	78.039053	114.000000
I_3-4	ARO:3002151	DHA-20	437	84.541419	84.137757	114.000000
I_3-4	ARO:3002152	DHA-21	468	84.496795	84.292094	114.000000
I_3-4	ARO:3002153	DHA-22	409	82.933741	83.239853	114.000000
I_3-4	ARO:3002154	DHA-23	407	90.190172	89.533415	114.000000
I_3-4	ARO:3002155	FOX-1	400	84.557500	79.741000	111.000000
I_3-4	ARO:3002156	FOX-2	357	83.649580	81.083754	112.000000
I_3-4	ARO:3002157	FOX-3	348	84.907759	78.513506	110.000000
I_3-4	ARO:3002158	FOX-4	342	84.053216	82.328363	112.000000
I_3-4	ARO:3002159	FOX-5	336	84.469048	82.124405	113.000000
I_3-4	ARO:3002160	FOX-7	381	84.681102	80.807874	111.000000
I_3-4	ARO:3002161	FOX-8	302	85.049338	82.434768	110.000000
I_3-4	ARO:3002162	FOX-10	386	84.615544	78.629275	111.000000
I_3-4	ARO:3002163	FOX-9	325	85.008615	82.652923	111.000000
I_3-4	ARO:3002165	FOX-12	408	84.230147	79.095343	111.000000
I_3-4	ARO:3002166	MIR-1	99	94.354545	89.103030	113.000000
I_3-4	ARO:3002167	MIR-4	169	90.020710	91.991716	113.000000
I_3-4	ARO:3002168	MIR-2	273	85.111355	91.246520	113.000000
I_3-4	ARO:3002169	MIR-3	296	85.844257	89.095270	113.000000
I_3-4	ARO:3002170	MIR-5	291	87.191065	90.396220	113.000000
I_3-4	ARO:3002171	MIR-6	230	88.330870	92.322174	113.000000
I_3-4	ARO:3002172	MIR-7	81	96.932099	99.074074	113.000000
I_3-4	ARO:3002174	MIR-9	253	87.877866	90.866403	112.000000
I_3-4	ARO:3002175	MIR-10	179	90.959218	92.746369	113.000000
I_3-4	ARO:3002176	MIR-11	174	91.013218	93.262644	113.000000
I_3-4	ARO:3002177	MIR-12	274	87.894526	91.379927	113.000000
I_3-4	ARO:3002178	MIR-13	171	89.973099	91.434503	113.000000
I_3-4	ARO:3002179	MIR-14	114	89.750000	87.182456	110.000000
I_3-4	ARO:3002180	MIR-15	263	87.799240	91.186692	113.000000
I_3-4	ARO:3002181	MIR-16	296	86.650676	89.823986	113.000000
I_3-4	ARO:3002182	MOX-1	1040	83.729808	81.538077	110.000000
I_3-4	ARO:3002183	MOX-2	1617	88.208163	86.750031	110.000000
I_3-4	ARO:3002184	MOX-4	1616	88.346163	87.226547	110.000000
I_3-4	ARO:3002185	MOX-6	1103	93.754397	95.289302	111.000000
I_3-4	ARO:3002186	MOX-3	1699	87.272749	86.397705	110.000000
I_3-4	ARO:3002188	MOX-5	1098	94.101821	92.870492	109.000000
I_3-4	ARO:3002189	MOX-7	1166	93.465009	92.069468	111.000000
I_3-4	ARO:3002190	MOX-8	1567	90.746267	89.573389	110.000000
I_3-4	ARO:3002191	MOX-9	610	78.088689	78.934918	107.000000
I_3-4	ARO:3002192	IMP-1	15	56.673333	54.860000	105.000000
I_3-4	ARO:3002193	IMP-2	5	54.680000	61.480000	70.100000
I_3-4	ARO:3002194	IMP-3	17	50.876471	49.770588	81.300000
I_3-4	ARO:3002195	IMP-4	6	58.600000	53.483333	106.000000
I_3-4	ARO:3002196	IMP-5	11	62.954545	58.400000	106.000000
I_3-4	ARO:3002197	IMP-6	15	56.673333	54.860000	105.000000
I_3-4	ARO:3002198	IMP-7	7	66.671429	64.214286	106.000000
I_3-4	ARO:3002199	IMP-8	5	54.680000	61.480000	70.100000
I_3-4	ARO:3002200	IMP-9	13	61.153846	52.846154	86.300000
I_3-4	ARO:3002201	IMP-10	13	56.284615	55.646154	105.000000
I_3-4	ARO:3002202	IMP-11	6	59.566667	53.516667	58.900000
I_3-4	ARO:3002204	IMP-13	4	50.400000	46.800000	53.500000
I_3-4	ARO:3002205	IMP-14	14	48.628571	53.314286	63.200000
I_3-4	ARO:3002206	IMP-15	17	61.664706	58.752941	106.000000
I_3-4	ARO:3002207	IMP-16	4	62.525000	67.400000	69.700000
I_3-4	ARO:3002208	IMP-17	1	36.200000	40.000000	40.000000
I_3-4	ARO:3002209	IMP-18	6	54.116667	61.233333	70.100000
I_3-4	ARO:3002210	IMP-19	5	54.680000	61.480000	70.100000
I_3-4	ARO:3002211	IMP-20	4	60.025000	67.025000	70.100000
I_3-4	ARO:3002212	IMP-21	6	59.566667	53.516667	58.900000
I_3-4	ARO:3002213	IMP-22	5	67.640000	72.340000	106.000000
I_3-4	ARO:3002214	IMP-23	3	61.700000	70.100000	70.100000
I_3-4	ARO:3002215	IMP-24	4	60.025000	67.025000	70.100000
I_3-4	ARO:3002216	IMP-25	17	58.258824	58.852941	105.000000
I_3-4	ARO:3002217	IMP-26	7	56.071429	51.942857	106.000000
I_3-4	ARO:3002218	IMP-27	6	46.950000	51.733333	60.500000
I_3-4	ARO:3002219	IMP-28	12	57.850000	53.366667	82.800000
I_3-4	ARO:3002220	IMP-29	7	62.828571	57.828571	106.000000
I_3-4	ARO:3002221	IMP-30	12	56.008333	53.450000	105.000000
I_3-4	ARO:3002222	IMP-31	7	45.071429	50.671429	62.800000
I_3-4	ARO:3002223	IMP-32	12	50.366667	54.975000	63.200000
I_3-4	ARO:3002224	IMP-33	5	49.100000	42.820000	46.600000
I_3-4	ARO:3002225	IMP-34	19	51.873684	49.947368	81.300000
I_3-4	ARO:3002226	IMP-35	4	41.850000	48.125000	62.800000
I_3-4	ARO:3002228	IMP-37	3	50.533333	45.700000	53.500000
I_3-4	ARO:3002229	IMP-38	6	58.600000	53.483333	106.000000
I_3-4	ARO:3002230	IMP-39	3	61.700000	69.700000	69.700000
I_3-4	ARO:3002231	IMP-40	9	58.000000	57.222222	105.000000
I_3-4	ARO:3002232	IMP-41	5	62.680000	54.140000	58.900000
I_3-4	ARO:3002233	IMP-42	16	55.525000	53.187500	105.000000
I_3-4	ARO:3002234	IMP-43	7	66.671429	64.214286	106.000000
I_3-4	ARO:3002235	IMP-44	5	62.680000	54.140000	58.900000
I_3-4	ARO:3002236	IMP-45	14	60.950000	53.171429	86.300000
I_3-4	ARO:3002237	IMP-46	17	47.917647	52.747059	63.200000
I_3-4	ARO:3002239	IMP-48	14	48.628571	53.314286	63.200000
I_3-4	ARO:3002240	CARB-1	364	71.092857	70.603022	108.000000
I_3-4	ARO:3002241	CARB-2	370	71.328649	70.588378	108.000000
I_3-4	ARO:3002242	CARB-3	304	75.307566	73.681908	108.000000
I_3-4	ARO:3002243	CARB-4	361	68.985596	69.139058	108.000000
I_3-4	ARO:3002244	CARB-5	883	65.173726	67.056738	108.000000
I_3-4	ARO:3002245	CARB-6	356	70.207303	69.321629	108.000000
I_3-4	ARO:3002246	CARB-7	521	62.849136	64.568714	101.000000
I_3-4	ARO:3002247	CARB-8	870	65.337126	67.296667	108.000000
I_3-4	ARO:3002248	CARB-9	533	62.720263	64.562101	100.000000
I_3-4	ARO:3002249	CARB-10	871	65.023995	67.084960	108.000000
I_3-4	ARO:3002250	CARB-12	367	70.432970	69.603270	108.000000
I_3-4	ARO:3002252	CARB-14	876	65.263128	67.194521	108.000000
I_3-4	ARO:3002254	CARB-17	353	60.133144	60.039943	77.800000
I_3-4	ARO:3002255	CARB-16	877	65.306613	67.221551	108.000000
I_3-4	ARO:3002256	IND-1	8	61.900000	63.387500	88.200000
I_3-4	ARO:3002257	IND-2	20	49.780000	54.735000	89.000000
I_3-4	ARO:3002258	IND-2a	19	50.131579	55.426316	89.000000
I_3-4	ARO:3002259	IND-3	6	66.416667	68.683333	87.000000
I_3-4	ARO:3002260	IND-4	28	48.878571	54.107143	82.000000
I_3-4	ARO:3002261	IND-5	8	60.950000	63.487500	85.500000
I_3-4	ARO:3002262	IND-6	7	59.114286	62.671429	79.300000
I_3-4	ARO:3002263	IND-7	8	61.900000	63.387500	88.200000
I_3-4	ARO:3002264	IND-8	6	63.633333	66.416667	82.800000
I_3-4	ARO:3002265	IND-9	8	59.662500	63.350000	87.000000
I_3-4	ARO:3002266	IND-10	6	63.300000	66.033333	80.500000
I_3-4	ARO:3002267	IND-11	20	50.170000	55.400000	89.000000
I_3-4	ARO:3002268	IND-12	20	49.525000	54.580000	89.000000
I_3-4	ARO:3002269	IND-14	6	66.750000	68.883333	88.200000
I_3-4	ARO:3002270	IND-15	17	51.323529	55.817647	89.000000
I_3-4	ARO:3002271	VIM-1	9	56.277778	60.977778	98.600000
I_3-4	ARO:3002272	VIM-2	15	76.146667	77.120000	106.000000
I_3-4	ARO:3002273	VIM-3	8	69.162500	68.137500	105.000000
I_3-4	ARO:3002274	VIM-4	6	59.266667	53.900000	98.600000
I_3-4	ARO:3002275	VIM-5	3	50.500000	48.666667	59.700000
I_3-4	ARO:3002276	VIM-6	12	65.283333	65.325000	105.000000
I_3-4	ARO:3002277	VIM-7	38	49.118421	51.300000	67.000000
I_3-4	ARO:3002278	VIM-8	12	70.350000	71.516667	106.000000
I_3-4	ARO:3002279	VIM-9	9	78.966667	79.000000	106.000000
I_3-4	ARO:3002280	VIM-10	11	85.309091	87.627273	106.000000
I_3-4	ARO:3002281	VIM-11	14	70.242857	71.064286	106.000000
I_3-4	ARO:3002282	VIM-12	9	54.155556	53.266667	98.600000
I_3-4	ARO:3002283	VIM-13	7	47.385714	51.542857	63.900000
I_3-4	ARO:3002284	VIM-14	3	53.600000	45.933333	59.700000
I_3-4	ARO:3002285	VIM-15	10	75.270000	75.780000	106.000000
I_3-4	ARO:3002286	VIM-16	12	70.183333	70.666667	105.000000
I_3-4	ARO:3002287	VIM-17	14	74.442857	75.642857	106.000000
I_3-4	ARO:3002288	VIM-18	11	67.654545	67.163636	105.000000
I_3-4	ARO:3002289	VIM-19	22	49.795455	50.386364	98.600000
I_3-4	ARO:3002290	VIM-20	19	70.915789	72.500000	106.000000
I_3-4	ARO:3002293	VIM-23	14	74.585714	75.264286	106.000000
I_3-4	ARO:3002294	VIM-24	11	82.609091	82.236364	106.000000
I_3-4	ARO:3002295	VIM-25	2	54.450000	44.300000	47.800000
I_3-4	ARO:3002296	VIM-26	18	50.333333	50.705556	98.600000
I_3-4	ARO:3002297	VIM-27	11	54.663636	57.800000	98.600000
I_3-4	ARO:3002298	VIM-28	12	52.850000	48.833333	98.600000
I_3-4	ARO:3002299	VIM-29	40	49.045000	54.752500	98.600000
I_3-4	ARO:3002300	VIM-30	12	70.183333	70.666667	105.000000
I_3-4	ARO:3002301	VIM-31	15	70.226667	71.633333	106.000000
I_3-4	ARO:3002302	VIM-32	8	50.812500	56.275000	65.100000
I_3-4	ARO:3002303	VIM-33	8	51.587500	60.987500	73.200000
I_3-4	ARO:3002304	VIM-34	21	47.242857	49.142857	65.100000
I_3-4	ARO:3002305	VIM-35	16	50.718750	50.781250	98.600000
I_3-4	ARO:3002306	VIM-36	10	75.070000	75.470000	105.000000
I_3-4	ARO:3002307	VIM-37	18	49.561111	48.905556	98.600000
I_3-4	ARO:3002308	VIM-38	6	47.033333	48.333333	61.600000
I_3-4	ARO:3002309	VIM-39	9	55.477778	57.122222	98.600000
I_3-4	ARO:3002310	VIM-40	1	54.500000	59.700000	59.700000
I_3-4	ARO:3002311	VIM-41	10	85.640000	85.020000	106.000000
I_3-4	ARO:3002313	KPC-3	19	86.884211	91.405263	114.000000
I_3-4	ARO:3002314	KPC-4	45	66.553333	67.420000	104.000000
I_3-4	ARO:3002315	KPC-5	23	88.965217	89.978261	114.000000
I_3-4	ARO:3002316	KPC-6	34	62.885294	65.341176	104.000000
I_3-4	ARO:3002317	KPC-7	13	81.884615	84.784615	104.000000
I_3-4	ARO:3002318	KPC-8	43	63.616279	66.086047	104.000000
I_3-4	ARO:3002319	KPC-9	83	65.375904	66.175904	108.000000
I_3-4	ARO:3002320	KPC-10	27	80.848148	84.318519	114.000000
I_3-4	ARO:3002321	KPC-11	24	87.675000	88.700000	114.000000
I_3-4	ARO:3002322	KPC-12	7	97.885714	92.171429	114.000000
I_3-4	ARO:3002323	KPC-13	12	85.750000	89.641667	104.000000
I_3-4	ARO:3002324	KPC-14	76	76.226316	74.481579	108.000000
I_3-4	ARO:3002325	KPC-15	29	55.282759	57.324138	102.000000
I_3-4	ARO:3002326	KPC-16	31	66.554839	66.932258	110.000000
I_3-4	ARO:3002327	KPC-17	54	47.809259	53.264815	104.000000
I_3-4	ARO:3002329	KPC-19	19	86.884211	91.405263	114.000000
I_3-4	ARO:3002330	GES-1	1435	90.957213	86.429965	113.000000
I_3-4	ARO:3002331	GES-2	1244	92.740916	87.520900	113.000000
I_3-4	ARO:3002332	GES-3	1111	88.190189	81.850945	113.000000
I_3-4	ARO:3002333	GES-4	1223	84.769665	79.280131	113.000000
I_3-4	ARO:3002334	GES-5	1359	90.822958	86.330169	113.000000
I_3-4	ARO:3002335	GES-6	1123	94.542030	88.448976	113.000000
I_3-4	ARO:3002336	GES-7	1300	89.886385	84.561000	113.000000
I_3-4	ARO:3002337	GES-8	1155	92.140173	86.637489	113.000000
I_3-4	ARO:3002338	GES-9	1250	89.408160	83.454960	112.000000
I_3-4	ARO:3002339	GES-10	804	88.392537	86.240796	113.000000
I_3-4	ARO:3002340	GES-11	1248	89.469872	83.514663	111.000000
I_3-4	ARO:3002341	GES-12	1242	88.713205	82.624316	108.000000
I_3-4	ARO:3002342	GES-13	1406	85.747440	81.107966	113.000000
I_3-4	ARO:3002343	GES-14	1474	86.944844	82.257531	111.000000
I_3-4	ARO:3002344	GES-15	1105	94.523529	88.424072	113.000000
I_3-4	ARO:3002345	GES-16	1130	88.889735	84.328319	113.000000
I_3-4	ARO:3002346	GES-17	1109	88.149594	81.069432	111.000000
I_3-4	ARO:3002347	GES-18	1043	93.307287	86.481016	113.000000
I_3-4	ARO:3002348	GES-19	755	97.781589	93.947815	111.000000
I_3-4	ARO:3002349	GES-20	1303	87.916577	87.041520	113.000000
I_3-4	ARO:3002350	GES-21	1444	86.672576	81.976177	113.000000
I_3-4	ARO:3002351	GES-22	1387	86.491925	81.408724	111.000000
I_3-4	ARO:3002352	GES-23	1089	91.763545	85.706061	113.000000
I_3-4	ARO:3002353	GES-24	1114	90.370826	84.396768	113.000000
I_3-4	ARO:3002354	NDM-3	19	99.278947	87.868421	110.000000
I_3-4	ARO:3002355	NDM-4	17	98.952941	87.305882	110.000000
I_3-4	ARO:3002356	NDM-6	20	99.315000	90.830000	110.000000
I_3-4	ARO:3002357	NDM-7	17	98.835294	87.788235	110.000000
I_3-4	ARO:3002358	NDM-8	16	98.887500	86.650000	110.000000
I_3-4	ARO:3002359	NDM-9	15	99.086667	84.946667	110.000000
I_3-4	ARO:3002360	NDM-10	15	99.220000	83.340000	107.000000
I_3-4	ARO:3002361	NDM-11	14	99.021429	87.714286	110.000000
I_3-4	ARO:3002362	NDM-12	16	99.012500	87.106250	110.000000
I_3-4	ARO:3002363	PER-1	303	76.862046	74.362046	107.000000
I_3-4	ARO:3002364	PER-2	259	73.067568	72.006950	106.000000
I_3-4	ARO:3002365	PER-3	327	74.787462	72.956269	107.000000
I_3-4	ARO:3002366	PER-4	296	77.218243	74.662500	107.000000
I_3-4	ARO:3002367	PER-5	301	76.890698	74.336545	107.000000
I_3-4	ARO:3002368	PER-6	638	56.571787	56.830564	105.000000
I_3-4	ARO:3002369	PER-7	305	75.921639	73.807213	107.000000
I_3-4	ARO:3002370	VEB-1	5178	94.655543	91.207107	113.000000
I_3-4	ARO:3002371	VEB-2	4634	94.418343	92.128054	113.000000
I_3-4	ARO:3002372	VEB-3	4822	94.595085	90.726234	113.000000
I_3-4	ARO:3002373	VEB-4	3973	96.121143	92.872011	113.000000
I_3-4	ARO:3002374	VEB-6	4110	96.328929	91.151898	113.000000
I_3-4	ARO:3002375	VEB-5	4250	96.480729	95.735741	113.000000
I_3-4	ARO:3002376	VEB-7	3711	92.897575	92.638696	113.000000
I_3-4	ARO:3002377	VEB-8	2689	96.573224	93.692674	111.000000
I_3-4	ARO:3002378	VEB-9	5189	94.718462	91.146753	113.000000
I_3-4	ARO:3002379	SME-1	53	48.209434	46.956604	78.600000
I_3-4	ARO:3002380	SME-2	51	48.743137	47.176471	78.600000
I_3-4	ARO:3002381	SME-3	52	48.025000	46.786538	78.600000
I_3-4	ARO:3002382	SME-4	52	48.025000	46.807692	78.600000
I_3-4	ARO:3002383	SME-5	58	48.029310	47.196552	78.600000
I_3-4	ARO:3002385	BEL-1	328	58.776220	60.293598	105.000000
I_3-4	ARO:3002386	BEL-2	317	58.658360	60.199369	105.000000
I_3-4	ARO:3002387	BEL-3	318	58.767296	60.236792	105.000000
I_3-4	ARO:3002389	OXY-1-1	35	86.182857	81.611429	108.000000
I_3-4	ARO:3002390	OXY-1-2	54	81.451852	78.625926	109.000000
I_3-4	ARO:3002391	OXY-1-3	37	85.870270	82.797297	111.000000
I_3-4	ARO:3002392	OXY-1-4	76	78.225000	74.677632	102.000000
I_3-4	ARO:3002394	OXY-1-6	28	88.789286	81.453571	108.000000
I_3-4	ARO:3002396	OXY-2-1	27	50.918519	53.918519	102.000000
I_3-4	ARO:3002397	OXY-2-2	42	50.933333	53.897619	102.000000
I_3-4	ARO:3002398	OXY-2-3	52	56.351923	59.313462	102.000000
I_3-4	ARO:3002399	OXY-2-4	46	50.417391	52.980435	102.000000
I_3-4	ARO:3002400	OXY-2-5	35	50.828571	53.460000	102.000000
I_3-4	ARO:3002401	OXY-2-6	27	52.707407	56.103704	103.000000
I_3-4	ARO:3002402	OXY-2-7	37	51.367568	54.624324	102.000000
I_3-4	ARO:3002403	OXY-2-8	43	50.923256	53.939535	103.000000
I_3-4	ARO:3002404	OXY-2-9	52	50.623077	52.886538	102.000000
I_3-4	ARO:3002405	OXY-2-10	40	52.595000	55.447500	102.000000
I_3-4	ARO:3002406	OXY-2-11	20	56.850000	60.320000	102.000000
I_3-4	ARO:3002407	OXY-2-12	14	59.142857	62.385714	102.000000
I_3-4	ARO:3002408	OXY-2-13	9	64.722222	65.977778	102.000000
I_3-4	ARO:3002409	OXY-3-1	65	65.529231	66.126154	101.000000
I_3-4	ARO:3002410	OXY-4-1	77	75.180519	72.662338	111.000000
I_3-4	ARO:3002411	OXY-5-1	77	76.361039	72.611688	108.000000
I_3-4	ARO:3002412	OXY-5-2	75	76.224000	72.038667	108.000000
I_3-4	ARO:3002413	OXY-6-1	34	81.961765	76.897059	108.000000
I_3-4	ARO:3002414	OXY-6-2	77	76.761039	73.659740	108.000000
I_3-4	ARO:3002415	OXY-6-3	31	81.383871	76.758065	108.000000
I_3-4	ARO:3002416	OXY-6-4	25	80.508000	76.628000	108.000000
I_3-4	ARO:3002418	OKP-A-1	46	64.084783	63.123913	102.000000
I_3-4	ARO:3002419	OKP-A-2	115	61.050435	61.800000	102.000000
I_3-4	ARO:3002420	OKP-A-3	86	60.856977	62.465116	102.000000
I_3-4	ARO:3002421	OKP-A-4	76	62.439474	63.623684	102.000000
I_3-4	ARO:3002422	OKP-A-5	46	64.517391	64.300000	100.000000
I_3-4	ARO:3002423	OKP-A-6	43	63.886047	61.186047	100.000000
I_3-4	ARO:3002424	OKP-A-7	71	60.570423	63.604225	100.000000
I_3-4	ARO:3002425	OKP-A-8	98	62.298980	62.129592	102.000000
I_3-4	ARO:3002426	OKP-A-9	104	59.787500	61.107692	100.000000
I_3-4	ARO:3002427	OKP-A-10	59	62.049153	63.681356	102.000000
I_3-4	ARO:3002428	OKP-A-11	101	61.415842	61.370297	102.000000
I_3-4	ARO:3002429	OKP-A-12	125	60.313600	61.134400	102.000000
I_3-4	ARO:3002430	OKP-A-13	105	61.670476	62.334286	102.000000
I_3-4	ARO:3002431	OKP-A-14	115	62.426087	63.337391	102.000000
I_3-4	ARO:3002432	OKP-A-15	131	60.205344	61.454198	102.000000
I_3-4	ARO:3002433	OKP-A-16	58	62.003448	62.286207	102.000000
I_3-4	ARO:3002434	OKP-B-1	55	68.661818	71.220000	100.000000
I_3-4	ARO:3002435	OKP-B-2	69	68.466667	70.243478	100.000000
I_3-4	ARO:3002436	OKP-B-3	39	71.443590	70.830769	102.000000
I_3-4	ARO:3002437	OKP-B-4	28	71.921429	75.292857	98.600000
I_3-4	ARO:3002438	OKP-B-5	42	66.811905	68.000000	101.000000
I_3-4	ARO:3002439	OKP-B-6	62	69.259677	71.972581	100.000000
I_3-4	ARO:3002440	OKP-B-7	12	83.475000	82.641667	102.000000
I_3-4	ARO:3002441	OKP-B-8	62	67.722581	68.620968	101.000000
I_3-4	ARO:3002442	OKP-B-9	53	67.973585	70.571698	100.000000
I_3-4	ARO:3002443	OKP-B-10	54	65.557407	65.742593	101.000000
I_3-4	ARO:3002444	OKP-B-11	13	79.992308	79.153846	102.000000
I_3-4	ARO:3002445	OKP-B-12	86	64.517442	67.577907	100.000000
I_3-4	ARO:3002446	OKP-B-13	56	66.150000	67.758929	101.000000
I_3-4	ARO:3002447	OKP-B-14	60	66.561667	70.995000	100.000000
I_3-4	ARO:3002450	OKP-B-17	19	72.436842	73.957895	100.000000
I_3-4	ARO:3002451	OKP-B-18	46	69.330435	68.058696	102.000000
I_3-4	ARO:3002452	OKP-B-19	45	66.408889	67.531111	101.000000
I_3-4	ARO:3002453	OKP-B-20	36	67.322222	69.494444	101.000000
I_3-4	ARO:3002454	LEN-1	38	70.197368	70.226316	105.000000
I_3-4	ARO:3002455	LEN-2	22	81.390909	78.854545	105.000000
I_3-4	ARO:3002456	LEN-5	32	70.484375	70.118750	105.000000
I_3-4	ARO:3002457	LEN-7	26	71.150000	71.803846	105.000000
I_3-4	ARO:3002458	LEN-8	25	74.888000	74.876000	105.000000
I_3-4	ARO:3002459	LEN-9	36	72.608333	72.977778	105.000000
I_3-4	ARO:3002460	LEN-10	42	69.542857	70.157143	104.000000
I_3-4	ARO:3002461	LEN-11	17	80.417647	80.123529	103.000000
I_3-4	ARO:3002462	LEN-12	23	75.730435	73.873913	103.000000
I_3-4	ARO:3002463	LEN-13	21	80.695238	78.004762	104.000000
I_3-4	ARO:3002464	LEN-16	47	66.280851	67.312766	105.000000
I_3-4	ARO:3002465	LEN-18	35	68.202857	67.414286	102.000000
I_3-4	ARO:3002466	LEN-19	36	68.163889	67.647222	105.000000
I_3-4	ARO:3002467	LEN-20	49	67.516327	67.979592	102.000000
I_3-4	ARO:3002468	LEN-21	36	71.019444	70.080556	101.000000
I_3-4	ARO:3002469	LEN-22	24	78.279167	75.862500	103.000000
I_3-4	ARO:3002470	LEN-23	49	67.230612	68.142857	104.000000
I_3-4	ARO:3002471	LEN-24	16	79.581250	79.431250	105.000000
I_3-4	ARO:3002472	LEN-4	54	67.033333	68.944444	105.000000
I_3-4	ARO:3002473	LEN-17	27	68.562963	71.055556	105.000000
I_3-4	ARO:3002474	LEN-26	16	83.587500	80.281250	101.000000
I_3-4	ARO:3002475	LEN-3	37	70.172973	71.681081	105.000000
I_3-4	ARO:3002476	LEN-6	77	66.480519	66.888312	103.000000
I_3-4	ARO:3002477	LEN-14	56	64.837500	64.428571	102.000000
I_3-4	ARO:3002478	LEN-15	40	71.410000	71.635000	103.000000
I_3-4	ARO:3002479	LEN-25	5	89.600000	89.680000	103.000000
I_3-4	ARO:3002480	OXA-144	14	85.057143	86.778571	93.200000
I_3-4	ARO:3002481	AER-1	1430	68.839790	69.182797	107.000000
I_3-4	ARO:3002482	LRA-1	188	55.445213	50.709043	75.100000
I_3-4	ARO:3002483	LRA-5	14	44.671429	41.328571	49.300000
I_3-4	ARO:3002484	LRA-13	316	52.442089	57.429114	72.000000
I_3-4	ARO:3002485	LRA-2	158	47.812658	43.440506	72.800000
I_3-4	ARO:3002486	LRA-7	14	44.371429	43.442857	47.800000
I_3-4	ARO:3002487	LRA-8	87	49.221839	43.270115	72.400000
I_3-4	ARO:3002488	LRA-9	14	45.192857	43.471429	48.900000
I_3-4	ARO:3002489	LRA-10	330	59.768485	60.502424	91.300000
I_3-4	ARO:3002492	LRA-18	346	57.374277	59.588439	82.000000
I_3-4	ARO:3002493	SRT-1	521	53.289060	52.766987	95.500000
I_3-4	ARO:3002494	SRT-2	573	53.948691	54.021291	96.700000
I_3-4	ARO:3002495	CTX-M-85	2	99.000000	97.850000	98.600000
I_3-4	ARO:3002496	OXA-418	97	69.445361	66.635052	97.400000
I_3-4	ARO:3002501	PDC-4	2	48.800000	43.900000	43.900000
I_3-4	ARO:3002502	PDC-5	7	57.842857	58.228571	72.800000
I_3-4	ARO:3002505	PDC-6	8	55.975000	55.850000	72.800000
I_3-4	ARO:3002506	PDC-7	10	67.090000	60.470000	77.000000
I_3-4	ARO:3002507	PDC-8	9	45.044444	49.111111	52.400000
I_3-4	ARO:3002508	PDC-9	2	65.000000	68.150000	73.900000
I_3-4	ARO:3002509	PDC-10	1	42.900000	41.200000	41.200000
I_3-4	ARO:3002510	LRA-3	13	48.569231	44.838462	48.900000
I_3-4	ARO:3002511	LRA-12	48	49.502083	45.004167	86.700000
I_3-4	ARO:3002512	LRA-17	82	45.789024	42.730488	71.200000
I_3-4	ARO:3002513	LRA-19	49	52.102041	45.820408	77.000000
I_3-4	ARO:3002514	OCH-1	188	56.178191	55.984574	77.800000
I_3-4	ARO:3002515	OCH-2	272	57.574632	58.005882	79.000000
I_3-4	ARO:3002516	OCH-3	270	57.534444	59.001111	77.800000
I_3-4	ARO:3002517	OCH-4	159	56.502516	56.858491	77.800000
I_3-4	ARO:3002518	OCH-5	160	57.423125	57.026250	77.800000
I_3-4	ARO:3002519	OCH-6	249	57.961847	58.070683	78.600000
I_3-4	ARO:3002520	OCH-7	269	57.636059	57.585502	78.600000
I_3-4	ARO:3002521	OCH-8	173	56.609827	57.514451	77.800000
I_3-4	ARO:3002522	novA	49941	50.984728	50.131621	99.000000
I_3-4	ARO:3002523	AAC(2')-Ia	1	32.600000	38.100000	38.100000
I_3-4	ARO:3002524	AAC(2')-Ib	12	65.183333	65.600000	83.200000
I_3-4	ARO:3002525	AAC(2')-Ic	14	71.600000	72.235714	92.800000
I_3-4	ARO:3002526	AAC(2')-Id	14	61.621429	58.928571	72.400000
I_3-4	ARO:3002527	AAC(2')-Ie	13	69.115385	68.823077	87.400000
I_3-4	ARO:3002528	AAC(3)-Ia	30	69.260000	64.780000	103.000000
I_3-4	ARO:3002529	AAC(3)-Id	32	70.687500	65.862500	94.400000
I_3-4	ARO:3002530	AAC(3)-Ib	1200	92.570833	44.495250	92.400000
I_3-4	ARO:3002531	AAC(3)-Ic	41	63.804878	61.302439	86.300000
I_3-4	ARO:3002533	AAC(3)-IIa	330	84.719394	82.060606	108.000000
I_3-4	ARO:3002534	AAC(3)-IIb	272	73.863971	73.241912	92.400000
I_3-4	ARO:3002535	AAC(3)-IIc	317	85.798423	82.585174	108.000000
I_3-4	ARO:3002536	AAC(3)-IIIa	38	47.373684	46.905263	67.000000
I_3-4	ARO:3002537	AAC(3)-IIIb	80	52.523750	50.070000	94.700000
I_3-4	ARO:3002538	AAC(3)-IIIc	64	54.851563	53.176562	87.800000
I_3-4	ARO:3002539	AAC(3)-IVa	35	63.168571	57.611429	114.000000
I_3-4	ARO:3002540	AAC(3)-VIa	81	51.401235	52.051852	63.200000
I_3-4	ARO:3002541	AAC(3)-VIIa	96	52.015625	49.665625	74.300000
I_3-4	ARO:3002542	AAC(3)-VIIIa	108	52.082407	48.988889	74.300000
I_3-4	ARO:3002543	AAC(3)-IXa	74	49.791892	51.541892	70.100000
I_3-4	ARO:3002544	AAC(3)-Xa	91	53.485714	50.543956	69.700000
I_3-4	ARO:3002545	AAC(6')-Ia	59	62.411864	59.625424	106.000000
I_3-4	ARO:3002546	AAC(6')-Ib	1970	95.992183	91.554873	110.000000
I_3-4	ARO:3002547	AAC(6')-Ib-cr1	1950	94.897641	90.125692	110.000000
I_3-4	ARO:3002549	AAC(6')-Ic	298	49.747651	48.946980	68.900000
I_3-4	ARO:3002553	AAC(6')-If	278	53.468345	52.731655	105.000000
I_3-4	ARO:3002554	AAC(6')-Ig	214	48.934579	50.559813	63.500000
I_3-4	ARO:3002555	AAC(6')-Ih	330	46.856364	50.595152	63.500000
I_3-4	ARO:3002556	AAC(6')-Ii	78	73.680769	68.671795	105.000000
I_3-4	ARO:3002557	AAC(6')-Ij	350	47.769429	51.278571	64.700000
I_3-4	ARO:3002558	AAC(6')-Ik	361	46.742936	49.733795	65.100000
I_3-4	ARO:3002559	AAC(6')-Ip	49	56.785714	56.881633	85.900000
I_3-4	ARO:3002560	AAC(6')-Iq	57	56.756140	55.821053	82.400000
I_3-4	ARO:3002561	AAC(6')-Ir	354	47.042655	49.611299	62.400000
I_3-4	ARO:3002562	AAC(6')-Is	388	47.122680	50.548711	64.300000
I_3-4	ARO:3002563	AAC(6')-Isa	13	53.453846	55.007692	71.200000
I_3-4	ARO:3002564	AAC(6')-It	366	46.641530	49.975683	64.300000
I_3-4	ARO:3002565	AAC(6')-Iu	387	47.436693	50.938501	64.700000
I_3-4	ARO:3002566	AAC(6')-Iv	354	45.903107	49.826836	64.300000
I_3-4	ARO:3002567	AAC(6')-Iw	356	48.050281	51.862079	63.900000
I_3-4	ARO:3002568	AAC(6')-Ix	397	46.915869	51.304030	65.500000
I_3-4	ARO:3002569	AAC(6')-Iy	272	58.966912	55.192647	79.300000
I_3-4	ARO:3002570	AAC(6')-Iz	240	46.751250	47.744167	76.300000
I_3-4	ARO:3002571	AAC(6')-Iaa	272	58.966912	55.192647	79.300000
I_3-4	ARO:3002572	AAC(6')-Iad	335	55.521194	55.612239	81.300000
I_3-4	ARO:3002573	AAC(6')-Iae	45	61.773333	56.308889	75.900000
I_3-4	ARO:3002574	AAC(6')-Iaf	51	58.135294	56.743137	83.200000
I_3-4	ARO:3002575	AAC(6')-Iai	47	60.531915	55.604255	74.700000
I_3-4	ARO:3002576	AAC(6')-Ib3	1970	96.001777	91.387310	110.000000
I_3-4	ARO:3002577	AAC(6')-Ib4	1970	96.266853	91.691015	110.000000
I_3-4	ARO:3002578	AAC(6')-Ib7	5018	96.579554	85.387884	110.000000
I_3-4	ARO:3002579	AAC(6')-Ib8	2115	95.578913	90.482979	110.000000
I_3-4	ARO:3002580	AAC(6')-Ib9	2050	96.418293	92.258634	110.000000
I_3-4	ARO:3002581	AAC(6')-Ib10	2050	96.163561	91.966780	110.000000
I_3-4	ARO:3002582	AAC(6')-Ib11	1966	94.733927	90.983011	110.000000
I_3-4	ARO:3002583	AAC(6')-29a	15	62.880000	62.900000	72.400000
I_3-4	ARO:3002584	AAC(6')-29b	15	62.773333	63.620000	72.400000
I_3-4	ARO:3002585	AAC(6')-31	1248	84.841587	87.540785	104.000000
I_3-4	ARO:3002586	AAC(6')-32	594	81.916835	71.805892	103.000000
I_3-4	ARO:3002587	AAC(6')-I33	48	61.814583	59.214583	79.700000
I_3-4	ARO:3002588	AAC(6')-I30	55	60.343636	57.016364	80.500000
I_3-4	ARO:3002589	AAC(6')-Iid	72	74.436111	69.504167	114.000000
I_3-4	ARO:3002590	AAC(6')-Iih	82	67.541463	63.560976	94.000000
I_3-4	ARO:3002591	AAC_6_IB_Su	1843	96.450190	91.266685	110.000000
I_3-4	ARO:3002592	AAC6_IB_HZ	1832	96.550655	91.920033	110.000000
I_3-4	ARO:3002593	AAC(6')-Ib-SK	12	57.441667	58.366667	72.800000
I_3-4	ARO:3002594	AAC(6')-IIa	390	84.878462	77.946154	117.000000
I_3-4	ARO:3002595	AAC(6')-IIb	56	55.507143	54.058929	85.900000
I_3-4	ARO:3002596	AAC(6')-IIc	415	88.630843	91.670602	115.000000
I_3-4	ARO:3002597	AAC6_Ie_APH2_Ia	674	98.143620	98.861424	115.000000
I_3-4	ARO:3002598	ANT3II_ANT6II	6466	82.388463	81.749613	111.000000
I_3-4	ARO:3002599	AAC6_30_AAC6_Ib	2057	95.322314	91.294750	110.000000
I_3-4	ARO:3002600	AAC_3Ib_AAC_6Ib	1966	94.699898	90.854425	110.000000
I_3-4	ARO:3002601	aadA	4813	87.664201	84.747912	112.000000
I_3-4	ARO:3002602	aadA2	4640	84.914440	83.297974	110.000000
I_3-4	ARO:3002603	aadA3	4743	84.981847	83.303036	110.000000
I_3-4	ARO:3002604	aadA4	3429	67.525109	70.052173	108.000000
I_3-4	ARO:3002605	aadA5	3472	67.790495	70.794700	115.000000
I_3-4	ARO:3002606	aadA6	4564	76.706091	77.056004	112.000000
I_3-4	ARO:3002607	aadA7	4321	72.646517	74.461004	109.000000
I_3-4	ARO:3002608	aadA8	4760	86.050063	83.908508	110.000000
I_3-4	ARO:3002609	aadA9	5028	70.830469	63.360103	104.000000
I_3-4	ARO:3002611	aadA11	4578	76.019768	76.799934	111.000000
I_3-4	ARO:3002612	aadA12	4693	85.590923	83.878329	110.000000
I_3-4	ARO:3002613	aadA13	4643	81.343356	81.110877	110.000000
I_3-4	ARO:3002614	aadA14	2943	61.977540	64.883996	86.300000
I_3-4	ARO:3002615	aadA15	4719	86.328459	84.288027	110.000000
I_3-4	ARO:3002616	aadA16	4050	77.529037	77.841259	111.000000
I_3-4	ARO:3002617	aadA17	4709	85.546592	83.906350	110.000000
I_3-4	ARO:3002618	aadA21	4728	86.934581	84.340334	110.000000
I_3-4	ARO:3002619	aadA22	4765	86.762875	84.511438	112.000000
I_3-4	ARO:3002620	aadA23	4731	87.351850	84.443395	112.000000
I_3-4	ARO:3002621	aadA24	4750	87.447284	84.469179	112.000000
I_3-4	ARO:3002622	aadA6/aadA10	4540	76.418767	77.113436	112.000000
I_3-4	ARO:3002623	ANT(4')-Ia	11	98.290909	84.790909	111.000000
I_3-4	ARO:3002624	ANT(4')-IIa	1	83.300000	86.300000	86.300000
I_3-4	ARO:3002625	ANT(4')-IIb	1	77.100000	82.800000	82.800000
I_3-4	ARO:3002626	ANT(6)-Ia	664	76.720331	78.976205	116.000000
I_3-4	ARO:3002627	aadK	574	58.991463	63.842160	89.400000
I_3-4	ARO:3002628	aad(6)	595	76.724874	78.835966	116.000000
I_3-4	ARO:3002629	ANT(6)-Ib	572	65.423427	70.129021	117.000000
I_3-4	ARO:3002630	ANT(9)-Ia	332	58.508133	60.485241	100.000000
I_3-4	ARO:3002631	spd	70	48.585714	47.234286	57.000000
I_3-4	ARO:3002634	APH(2'')-Ie	51	95.429412	96.311765	111.000000
I_3-4	ARO:3002635	APH(2'')-IIa	55	48.941818	46.760000	61.600000
I_3-4	ARO:3002636	APH(2'')-IIIa	7	48.871429	45.871429	53.900000
I_3-4	ARO:3002637	APH(2'')-IVa	50	90.076000	90.906000	107.000000
I_3-4	ARO:3002638	APH(3'')-Ia	204	61.429902	62.797549	80.100000
I_3-4	ARO:3002639	APH(3'')-Ib	1527	97.027112	92.950819	112.000000
I_3-4	ARO:3002640	APH(3'')-Ic	274	58.794526	56.302920	78.200000
I_3-4	ARO:3002641	APH(3')-Ia	392	69.865816	72.166071	112.000000
I_3-4	ARO:3002642	APH(3')-Ib	490	93.484694	90.500204	110.000000
I_3-4	ARO:3002644	APH(3')-IIa	135	52.900000	48.811852	74.300000
I_3-4	ARO:3002645	APH(3')-IIb	39	52.664103	48.500000	64.300000
I_3-4	ARO:3002646	APH(3')-IIc	107	51.887850	50.747664	93.600000
I_3-4	ARO:3002647	APH(3')-IIIa	214	87.106075	85.912150	112.000000
I_3-4	ARO:3002648	APH(3')-IVa	110	51.675455	49.561818	77.800000
I_3-4	ARO:3002649	APH(3')-Va	289	50.166782	50.385813	67.800000
I_3-4	ARO:3002650	APH(3')-Vb	114	55.953509	51.959649	60.800000
I_3-4	ARO:3002651	APH(3')-Vc	221	52.002715	52.918100	68.600000
I_3-4	ARO:3002652	APH(3')-VIa	43	69.560465	67.583721	106.000000
I_3-4	ARO:3002653	APH(3')-VIb	41	69.609756	67.226829	103.000000
I_3-4	ARO:3002654	APH(3')-VIIa	80	57.325000	52.610000	101.000000
I_3-4	ARO:3002655	APH(4)-Ia	13	78.053846	76.930769	106.000000
I_3-4	ARO:3002656	APH(4)-Ib	6	65.833333	56.016667	72.400000
I_3-4	ARO:3002657	APH(6)-Ia	18	57.127778	52.761111	63.200000
I_3-4	ARO:3002658	APH(6)-Ib	17	56.441176	53.882353	67.000000
I_3-4	ARO:3002659	APH(6)-Ic	163	58.320245	55.924540	105.000000
I_3-4	ARO:3002660	APH(6)-Id	1034	98.150484	93.278627	113.000000
I_3-4	ARO:3002662	APH(9)-Ia	15	53.806667	57.700000	92.800000
I_3-4	ARO:3002663	APH(9)-Ib	3	40.800000	40.066667	41.200000
I_3-4	ARO:3002665	npmA	2	35.100000	43.700000	48.500000
I_3-4	ARO:3002666	rmtF	14	73.692857	65.985714	104.000000
I_3-4	ARO:3002667	rmtD	12	51.308333	50.408333	63.500000
I_3-4	ARO:3002668	rmtG	9	43.744444	43.466667	61.200000
I_3-4	ARO:3002671	Lreu_cat-TC	842	51.304157	54.785154	109.000000
I_3-4	ARO:3002672	Bpum_cat86	746	49.396917	55.841689	78.600000
I_3-4	ARO:3002674	Cbut_catB	1513	63.725711	70.427032	101.000000
I_3-4	ARO:3002675	catB2	4063	67.907679	68.935639	110.000000
I_3-4	ARO:3002676	catB3	4587	71.016242	70.039438	115.000000
I_3-4	ARO:3002678	Paer_catB6	5190	63.660790	65.225376	112.000000
I_3-4	ARO:3002679	Paer_catB7	2807	67.140435	70.597150	109.000000
I_3-4	ARO:3002680	catB8	5209	67.022922	66.639067	114.000000
I_3-4	ARO:3002681	catB9	2993	64.347444	66.214267	102.000000
I_3-4	ARO:3002683	catA1	831	54.962696	60.350662	112.000000
I_3-4	ARO:3002684	catII	839	52.242074	55.801192	112.000000
I_3-4	ARO:3002685	catIII	779	53.966881	55.079204	92.000000
I_3-4	ARO:3002686	catP	1208	58.768626	62.935182	109.000000
I_3-4	ARO:3002687	catQ	1676	77.067363	79.440215	118.000000
I_3-4	ARO:3002688	catS	650	58.277846	58.096462	105.000000
I_3-4	ARO:3002689	pp_cat	831	55.152347	60.384958	112.000000
I_3-4	ARO:3002690	Sliv_cmlR	1423	49.916163	47.190372	82.800000
I_3-4	ARO:3002691	Sent_cmlA	5590	79.318122	74.561610	110.000000
I_3-4	ARO:3002693	cmlA1	6244	77.647934	73.733152	110.000000
I_3-4	ARO:3002694	cmlA4	6009	78.126577	74.184906	108.000000
I_3-4	ARO:3002695	cmlA5	6261	77.915333	74.033429	110.000000
I_3-4	ARO:3002696	cmlA6	6262	77.564548	73.750096	110.000000
I_3-4	ARO:3002698	cmlB	5872	70.955484	69.277316	107.000000
I_3-4	ARO:3002699	cmlB1	5022	69.747471	68.307706	110.000000
I_3-4	ARO:3002700	cmlv	2727	50.290979	47.275981	67.400000
I_3-4	ARO:3002701	Rfas_cmr	2052	47.688889	46.405117	68.600000
I_3-4	ARO:3002702	cmrA	1611	48.944444	48.045996	69.300000
I_3-4	ARO:3002703	cmx	1882	52.208767	48.209989	101.000000
I_3-4	ARO:3002704	fexA	360	46.894167	44.343333	102.000000
I_3-4	ARO:3002705	floR	5132	54.895674	53.229170	106.000000
I_3-4	ARO:3002707	QnrA1	692	63.867341	58.002457	75.500000
I_3-4	ARO:3002708	QnrA2	534	66.215543	52.292135	64.300000
I_3-4	ARO:3002709	QnrA3	672	65.667262	51.176339	63.900000
I_3-4	ARO:3002710	QnrA4	672	65.667262	51.176339	63.900000
I_3-4	ARO:3002711	QnrA5	672	65.667262	51.176339	63.900000
I_3-4	ARO:3002712	QnrA6	393	63.441476	50.915776	63.900000
I_3-4	ARO:3002713	QnrA7	529	65.414556	50.370132	63.900000
I_3-4	ARO:3002714	QnrB1	83	79.921687	72.934940	111.000000
I_3-4	ARO:3002715	QnrB2	148	73.358784	63.443243	111.000000
I_3-4	ARO:3002716	QnrB3	26	85.323077	68.069231	106.000000
I_3-4	ARO:3002718	QnrB4	341	77.202639	68.141642	111.000000
I_3-4	ARO:3002719	QnrB5	155	87.284516	77.008387	107.000000
I_3-4	ARO:3002720	QnrB6	62	72.748387	68.741935	106.000000
I_3-4	ARO:3002721	QnrB7	244	63.862295	68.475410	111.000000
I_3-4	ARO:3002722	QnrB8	197	75.437563	74.872081	106.000000
I_3-4	ARO:3002723	QnrB9	137	63.623358	68.970073	111.000000
I_3-4	ARO:3002724	QnrB10	185	88.334595	80.542703	109.000000
I_3-4	ARO:3002725	QnrB11	137	96.381752	80.438686	111.000000
I_3-4	ARO:3002726	QnrB12	107	96.469159	88.362617	111.000000
I_3-4	ARO:3002727	QnrB13	119	76.290756	58.236975	106.000000
I_3-4	ARO:3002728	QnrB14	75	84.484000	79.568000	106.000000
I_3-4	ARO:3002730	QnrB15	285	69.953333	73.523509	109.000000
I_3-4	ARO:3002731	QnrB16	21	92.333333	75.609524	106.000000
I_3-4	ARO:3002732	QnrB17	27	85.348148	68.129630	106.000000
I_3-4	ARO:3002733	QnrB18	154	70.522727	71.262987	110.000000
I_3-4	ARO:3002734	QnrB19	494	76.593725	68.852227	111.000000
I_3-4	ARO:3002735	QnrB20	75	89.138667	53.149333	106.000000
I_3-4	ARO:3002736	QnrB21	250	76.680000	74.990000	106.000000
I_3-4	ARO:3002737	QnrB22	369	78.951491	71.185095	111.000000
I_3-4	ARO:3002738	QnrB23	125	77.701600	76.192000	107.000000
I_3-4	ARO:3002739	QnrB24	26	81.992308	62.869231	106.000000
I_3-4	ARO:3002740	QnrB25	207	72.954589	72.668116	106.000000
I_3-4	ARO:3002741	QnrB26	79	80.210127	78.653165	106.000000
I_3-4	ARO:3002742	QnrB27	417	64.670024	59.713429	111.000000
I_3-4	ARO:3002743	QnrB28	510	68.169216	63.880392	111.000000
I_3-4	ARO:3002744	QnrB29	21	85.490476	63.680952	106.000000
I_3-4	ARO:3002745	QnrB30	21	85.557143	63.976190	106.000000
I_3-4	ARO:3002746	QnrB31	142	83.495070	67.640141	107.000000
I_3-4	ARO:3002747	QnrB32	218	59.416055	63.658257	105.000000
I_3-4	ARO:3002748	QnrB33	496	67.834274	62.924194	111.000000
I_3-4	ARO:3002749	QnrB34	71	97.284507	81.291549	111.000000
I_3-4	ARO:3002750	QnrB35	117	65.931624	73.594017	106.000000
I_3-4	ARO:3002751	QnrB36	737	68.686839	64.673948	111.000000
I_3-4	ARO:3002752	QnrB37	246	86.988211	76.628455	111.000000
I_3-4	ARO:3002753	QnrB38	211	73.004739	73.289573	106.000000
I_3-4	ARO:3002754	QnrB39	63	95.365079	81.969841	111.000000
I_3-4	ARO:3002755	QnrB40	139	90.643165	83.199281	111.000000
I_3-4	ARO:3002756	QnrB41	24	84.508333	69.212500	106.000000
I_3-4	ARO:3002757	QnrB42	203	66.075369	71.925616	111.000000
I_3-4	ARO:3002758	QnrB43	138	64.105072	66.976087	111.000000
I_3-4	ARO:3002759	QnrB44	138	64.255797	67.339130	111.000000
I_3-4	ARO:3002760	QnrB45	177	64.431073	64.872316	111.000000
I_3-4	ARO:3002761	QnrB46	170	70.164118	61.287647	106.000000
I_3-4	ARO:3002762	QnrB47	764	68.757330	64.995942	111.000000
I_3-4	ARO:3002763	QnrB48	203	63.802956	69.163054	111.000000
I_3-4	ARO:3002764	QnrB49	132	89.121212	63.353788	109.000000
I_3-4	ARO:3002765	QnrB50	206	83.888350	77.665534	111.000000
I_3-4	ARO:3002767	QnrB54	735	63.371429	62.547891	111.000000
I_3-4	ARO:3002768	QnrB55	208	83.621635	64.564423	111.000000
I_3-4	ARO:3002769	QnrB56	203	90.039409	76.853695	109.000000
I_3-4	ARO:3002770	QnrB57	30	89.443333	70.923333	106.000000
I_3-4	ARO:3002771	QnrB58	170	70.822941	71.354706	110.000000
I_3-4	ARO:3002772	QnrB59	113	89.538053	80.567257	109.000000
I_3-4	ARO:3002773	QnrB60	126	65.513492	70.047619	106.000000
I_3-4	ARO:3002774	QnrB61	636	68.879403	65.713365	111.000000
I_3-4	ARO:3002775	QnrB62	173	88.617341	81.456069	109.000000
I_3-4	ARO:3002776	QnrB64	202	67.803960	63.088119	111.000000
I_3-4	ARO:3002777	QnrB65	761	67.835742	64.181997	111.000000
I_3-4	ARO:3002778	QnrB66	229	65.812227	67.622707	111.000000
I_3-4	ARO:3002779	QnrB67	180	88.611111	81.940556	111.000000
I_3-4	ARO:3002780	QnrB68	200	88.381500	81.275000	111.000000
I_3-4	ARO:3002781	QnrB69	239	87.567364	76.859833	111.000000
I_3-4	ARO:3002782	QnrB70	318	84.354717	76.345912	111.000000
I_3-4	ARO:3002783	QnrB71	627	69.034609	65.452153	111.000000
I_3-4	ARO:3002784	QnrB72	87	75.213793	72.447126	107.000000
I_3-4	ARO:3002785	QnrB73	479	67.969937	64.218998	111.000000
I_3-4	ARO:3002786	QnrB74	10	95.100000	49.540000	94.000000
I_3-4	ARO:3002787	QnrC	522	80.509770	57.029502	107.000000
I_3-4	ARO:3002788	QnrD1	483	62.877019	63.453830	115.000000
I_3-4	ARO:3002789	QnrD2	493	62.792292	63.304462	115.000000
I_3-4	ARO:3002790	QnrS1	1686	80.893238	65.161091	105.000000
I_3-4	ARO:3002791	QnrS2	1904	80.930882	75.892647	110.000000
I_3-4	ARO:3002792	QnrS3	1495	79.972709	63.661271	105.000000
I_3-4	ARO:3002793	QnrS4	1693	80.322918	64.689191	105.000000
I_3-4	ARO:3002794	QnrS5	2016	79.485466	76.976687	110.000000
I_3-4	ARO:3002795	QnrS6	1905	80.272441	75.532598	110.000000
I_3-4	ARO:3002796	QnrS7	1448	82.419475	60.877624	105.000000
I_3-4	ARO:3002797	QnrS8	1766	78.612514	66.067384	107.000000
I_3-4	ARO:3002798	QnrS9	2072	80.102510	79.774276	110.000000
I_3-4	ARO:3002799	QnrVC1	1322	80.642057	65.372995	101.000000
I_3-4	ARO:3002800	QnrVC3	1328	80.598946	65.777184	102.000000
I_3-4	ARO:3002801	QnrVC4	1280	82.739141	61.340781	111.000000
I_3-4	ARO:3002802	QnrVC5	1318	82.372003	61.699772	111.000000
I_3-4	ARO:3002803	QnrVC6	1337	81.427823	68.028646	106.000000
I_3-4	ARO:3002804	FosA2	454	68.711454	68.486123	112.000000
I_3-4	ARO:3002812	pp-flo	5099	54.390881	52.312100	106.000000
I_3-4	ARO:3002813	lmrB	1916	49.039196	48.104541	99.800000
I_3-4	ARO:3002814	clbA	1259	45.656791	45.138205	86.300000
I_3-4	ARO:3002815	clbB	2297	45.610448	45.134219	85.100000
I_3-4	ARO:3002816	clbC	2266	44.743778	43.301015	84.000000
I_3-4	ARO:3002817	carA	13266	50.751636	49.184698	76.300000
I_3-4	ARO:3002819	msrC	23091	47.417604	45.664246	101.000000
I_3-4	ARO:3002823	ErmH	204	47.023529	41.713725	62.000000
I_3-4	ARO:3002824	ErmV	51	45.796078	44.058824	72.000000
I_3-4	ARO:3002825	ErmY	1814	62.788203	62.444598	94.000000
I_3-4	ARO:3002826	EreA2	828	83.662440	80.776691	106.000000
I_3-4	ARO:3002827	tlrC	4268	50.726968	47.113308	75.500000
I_3-4	ARO:3002828	srmB	12921	49.875799	48.120741	74.300000
I_3-4	ARO:3002829	vgaA	28365	47.145027	47.292420	68.900000
I_3-4	ARO:3002830	vgaALC	28364	47.145230	47.292515	68.900000
I_3-4	ARO:3002831	vgaC	23585	49.268179	48.852143	81.300000
I_3-4	ARO:3002832	vgaD	27858	44.874632	47.158324	72.800000
I_3-4	ARO:3002833	vgaE	30326	48.515554	47.917615	74.700000
I_3-4	ARO:3002835	lnuA	162	61.524691	67.111111	112.000000
I_3-4	ARO:3002836	lnuB	432	77.736574	74.811111	107.000000
I_3-4	ARO:3002837	lnuC	515	64.063301	65.883301	115.000000
I_3-4	ARO:3002838	lnuD	689	70.097388	71.611030	103.000000
I_3-4	ARO:3002839	lnuF	332	64.809337	69.159940	111.000000
I_3-4	ARO:3002840	vatA	1540	57.548701	49.738831	83.200000
I_3-4	ARO:3002841	vatB	4738	56.429105	58.567560	104.000000
I_3-4	ARO:3002842	vatC	4411	55.953457	54.413829	90.500000
I_3-4	ARO:3002843	vatD	2375	55.247495	56.050232	85.900000
I_3-4	ARO:3002844	vatE	5264	56.688621	54.337804	95.100000
I_3-4	ARO:3002845	vatH	4814	58.047279	55.079643	94.000000
I_3-4	ARO:3002846	arr-1	760	65.030132	69.454868	96.300000
I_3-4	ARO:3002847	arr-2	1313	87.510510	85.517289	116.000000
I_3-4	ARO:3002848	arr-3	1313	87.246992	85.375095	116.000000
I_3-4	ARO:3002849	arr-4	1097	73.125615	78.308295	105.000000
I_3-4	ARO:3002850	arr-5	1233	70.014193	75.039903	100.000000
I_3-4	ARO:3002852	arr-7	1084	72.128690	75.471956	101.000000
I_3-4	ARO:3002853	arr-8	1094	71.493693	79.607038	112.000000
I_3-4	ARO:3002854	dfrA1	1752	77.151256	74.705023	109.000000
I_3-4	ARO:3002856	dfrA24	265	49.610189	48.733962	100.000000
I_3-4	ARO:3002857	dfrA26	2820	50.945390	53.564894	83.600000
I_3-4	ARO:3002858	dfrA12	2747	52.832945	53.161813	106.000000
I_3-4	ARO:3002859	dfrA14	1759	75.662990	73.138431	110.000000
I_3-4	ARO:3002860	dfrA17	1485	67.654613	67.632929	107.000000
I_3-4	ARO:3002861	dfrA5	1924	71.924792	69.519231	112.000000
I_3-4	ARO:3002862	dfrA7	1337	72.341062	70.950711	109.000000
I_3-4	ARO:3002863	dfrA8	2062	53.439573	46.178419	102.000000
I_3-4	ARO:3002864	dfrB1	179	86.295531	78.317877	107.000000
I_3-4	ARO:3002865	dfrC	3735	53.534940	54.582195	94.400000
I_3-4	ARO:3002866	dfrD	1659	44.143761	47.828632	97.100000
I_3-4	ARO:3002867	dfrF	1691	50.042874	52.590479	108.000000
I_3-4	ARO:3002868	dfrG	2142	46.859991	50.451214	111.000000
I_3-4	ARO:3002869	dfrK	2440	46.681066	50.345246	104.000000
I_3-4	ARO:3002871	tet(37)	1813	78.343243	67.446608	102.000000
I_3-4	ARO:3002872	FosA3	435	70.226667	69.906437	104.000000
I_3-4	ARO:3002873	FosB3	58	60.177586	40.263793	94.400000
I_3-4	ARO:3002874	FosC2	328	64.879268	63.887500	85.500000
I_3-4	ARO:3002875	dfrE	1193	52.031601	51.247527	108.000000
I_3-4	ARO:3002877	BcI	265	54.807170	58.415472	82.000000
I_3-4	ARO:3002878	BcII	20	47.310000	52.160000	73.600000
I_3-4	ARO:3002879	linG	326	64.974540	69.983436	113.000000
I_3-4	ARO:3002881	lmrC	12722	47.420602	43.862215	73.200000
I_3-4	ARO:3002882	lmrD	61407	49.203983	50.513845	105.000000
I_3-4	ARO:3002883	rgt1438	22	59.359091	47.577273	64.700000
I_3-4	ARO:3002884	iri	231	57.749351	55.467965	101.000000
I_3-4	ARO:3002891	otr(A)S.rim	16440	55.307889	51.251533	82.000000
I_3-4	ARO:3002892	otr(B)	1454	44.043741	45.154608	75.100000
I_3-4	ARO:3002893	tcr3	1005	49.883483	47.667264	81.300000
I_3-4	ARO:3002894	otr(C)	10180	47.162515	49.237957	80.500000
I_3-4	ARO:3002895	SAT-2	41	69.934146	69.558537	106.000000
I_3-4	ARO:3002897	SAT-4	98	82.564286	73.997959	112.000000
I_3-4	ARO:3002898	SAT-3	13	58.792308	58.384615	74.300000
I_3-4	ARO:3002907	vanE	4775	48.268461	49.465005	82.000000
I_3-4	ARO:3002908	vanF	3588	51.122241	49.040552	81.300000
I_3-4	ARO:3002909	vanG	4378	51.795386	48.342485	100.000000
I_3-4	ARO:3002910	vanL	5011	51.714289	50.591199	77.800000
I_3-4	ARO:3002911	vanM	3702	50.367666	49.843004	82.800000
I_3-4	ARO:3002912	vanN	3179	51.855300	50.535703	76.600000
I_3-4	ARO:3002913	vanO	5571	52.695297	50.762412	84.700000
I_3-4	ARO:3002914	vanJ	4	38.050000	39.575000	42.400000
I_3-4	ARO:3002919	vanR_in_vanA_cl	27419	53.796087	51.805485	105.000000
I_3-4	ARO:3002921	vanR_in_vanB_cl	13614	43.363097	43.377523	69.300000
I_3-4	ARO:3002922	vanR_in_vanC_cl	34138	52.042592	51.074178	105.000000
I_3-4	ARO:3002923	vanR_in_vanD_cl	26841	50.545177	47.811181	95.100000
I_3-4	ARO:3002924	vanR_in_vanE_cl	30719	51.008633	50.606563	87.800000
I_3-4	ARO:3002925	vanR_in_vanF_cl	42494	47.477802	47.625992	76.600000
I_3-4	ARO:3002926	vanR_in_vanG_cl	31504	52.315652	51.456161	107.000000
I_3-4	ARO:3002927	vanR_in_vanL_cl	34459	51.710096	50.614954	93.200000
I_3-4	ARO:3002928	vanR_in_vanM_cl	44190	47.462080	47.130145	75.100000
I_3-4	ARO:3002929	vanR_in_vanN_cl	31516	52.297903	50.486848	94.000000
I_3-4	ARO:3002930	vanR_in_vanO_cl	26420	51.287479	46.742260	97.400000
I_3-4	ARO:3002931	vanS_in_vanA_cl	3550	52.144817	49.307211	97.100000
I_3-4	ARO:3002932	vanS_in_vanB_cl	937	48.443757	42.953575	74.300000
I_3-4	ARO:3002933	vanS_in_vanC_cl	2047	48.066048	45.795261	99.000000
I_3-4	ARO:3002934	vanS_in_vanD_cl	1436	46.987883	44.642618	89.700000
I_3-4	ARO:3002935	vanS_in_vanE_cl	1684	47.435808	44.715736	61.200000
I_3-4	ARO:3002936	vanS_in_vanF_cl	2639	43.683479	42.268852	61.200000
I_3-4	ARO:3002937	vanS_in_vanG_cl	3050	50.229607	47.366852	84.700000
I_3-4	ARO:3002938	vanS_in_vanL_cl	4601	48.325451	45.671637	84.300000
I_3-4	ARO:3002939	vanS_in_vanM_cl	3177	43.212433	42.297199	59.300000
I_3-4	ARO:3002940	vanS_in_vanN_cl	1461	49.235934	48.589117	83.600000
I_3-4	ARO:3002941	vanS_in_vanO_cl	82	58.575610	52.893902	86.700000
I_3-4	ARO:3002942	vanH_in_vanA_cl	2598	46.324057	45.933911	102.000000
I_3-4	ARO:3002943	vanH_in_vanB_cl	4061	47.009825	44.820931	84.000000
I_3-4	ARO:3002944	vanH_in_vanD_cl	4789	49.657277	47.037503	78.600000
I_3-4	ARO:3002945	vanH_in_vanF_cl	3358	48.544193	46.624717	94.400000
I_3-4	ARO:3002947	vanH_in_vanM_cl	3296	48.302033	47.648513	91.300000
I_3-4	ARO:3002948	vanH_in_vanO_cl	4198	47.696641	46.956980	92.400000
I_3-4	ARO:3002949	vanX_in_vanA_cl	245	55.447755	54.042449	110.000000
I_3-4	ARO:3002950	vanX_in_vanB_cl	136	52.733824	51.819853	70.900000
I_3-4	ARO:3002952	vanX_in_vanF_cl	230	53.569565	52.740000	81.600000
I_3-4	ARO:3002953	vanX_in_vanM_cl	144	51.429167	54.520139	92.000000
I_3-4	ARO:3002954	vanX_in_vanO_cl	159	56.762264	55.140252	77.800000
I_3-4	ARO:3002955	vanY_in_vanA_cl	777	53.930631	57.167181	84.000000
I_3-4	ARO:3002956	vanY_in_vanB_cl	867	56.828258	56.404960	87.400000
I_3-4	ARO:3002958	vanY_in_vanF_cl	579	54.424525	57.272712	81.600000
I_3-4	ARO:3002959	vanY_in_vanG_cl	312	58.817308	55.365705	103.000000
I_3-4	ARO:3002961	vanY_in_vanM_cl	651	54.956528	56.907373	84.300000
I_3-4	ARO:3002962	vanZ_in_vanA_cl	256	46.234375	44.198047	63.500000
I_3-4	ARO:3002963	vanZ_in_vanF_cl	186	48.773118	44.904839	77.000000
I_3-4	ARO:3002964	vanW_in_vanB_cl	126	48.184127	50.868254	85.500000
I_3-4	ARO:3002965	vanW_in_vanG_cl	90	50.468889	54.170000	84.700000
I_3-4	ARO:3002966	vanXY_in_vanC	808	56.084901	54.036015	101.000000
I_3-4	ARO:3002967	vanXY_in_vanE	471	52.087049	50.237155	87.800000
I_3-4	ARO:3002968	vanXY_in_vanL	366	55.108743	55.567486	87.400000
I_3-4	ARO:3002969	vanXY_in_vanN	519	56.378420	55.381310	87.000000
I_3-4	ARO:3002970	vanT_in_vanC_cl	1421	48.807530	43.999719	105.000000
I_3-4	ARO:3002971	vanT_in_vanE_cl	977	46.959775	44.489355	68.200000
I_3-4	ARO:3002972	vanT_in_vanG_cl	3763	47.534972	47.170077	102.000000
I_3-4	ARO:3002973	vanTm_in_vanL	65	48.992308	47.196923	69.300000
I_3-4	ARO:3002974	vanTr_in_vanL	1797	47.513300	42.387090	65.900000
I_3-4	ARO:3002975	vanT_in_vanN_cl	1226	46.320555	43.024062	73.200000
I_3-4	ARO:3002982	amrA	3370	50.498932	48.623145	74.700000
I_3-4	ARO:3002983	amrB	67747	58.608854	54.638876	85.500000
I_3-4	ARO:3002985	arnA	8449	63.853249	67.333613	109.000000
I_3-4	ARO:3002986	bacA	12077	64.379266	57.684524	112.000000
I_3-4	ARO:3002987	bcrA	28302	51.566865	47.637619	81.300000
I_3-4	ARO:3002988	bcrB	9	43.688889	45.755556	56.600000
I_3-4	ARO:3002993	AQU-1	919	79.280631	83.146464	107.000000
I_3-4	ARO:3002995	ROB-1	204	53.337255	52.969608	73.200000
I_3-4	ARO:3002997	LCR-1	1402	59.834023	63.168117	112.000000
I_3-4	ARO:3002999	CblA-1	577	46.348700	50.400520	106.000000
I_3-4	ARO:3003001	CfxA	4485	88.588205	86.624727	108.000000
I_3-4	ARO:3003002	CfxA2	4493	88.857645	86.764411	108.000000
I_3-4	ARO:3003003	CfxA3	4486	89.023005	87.011792	108.000000
I_3-4	ARO:3003005	CfxA4	4493	88.846450	86.854329	108.000000
I_3-4	ARO:3003006	blt	173	53.813873	54.395954	80.500000
I_3-4	ARO:3003007	bmr	180	53.310556	53.276111	97.100000
I_3-4	ARO:3003009	ceoA	1567	50.060306	46.033567	89.000000
I_3-4	ARO:3003010	ceoB	70457	53.659934	50.754679	95.500000
I_3-4	ARO:3003011	dfrA10	32	55.943750	51.381250	108.000000
I_3-4	ARO:3003012	dfrA13	2556	51.718232	51.278365	101.000000
I_3-4	ARO:3003013	dfrA15	1791	75.403629	72.832272	108.000000
I_3-4	ARO:3003014	dfrA16	1759	70.193462	68.803752	108.000000
I_3-4	ARO:3003015	dfrA19	35	79.520000	75.597143	106.000000
I_3-4	ARO:3003016	dfrA20	2212	51.482007	54.489467	110.000000
I_3-4	ARO:3003017	dfrA21	2684	50.731408	51.302608	101.000000
I_3-4	ARO:3003018	dfrA22	2790	51.812401	52.486810	106.000000
I_3-4	ARO:3003019	dfrA23	26	86.161538	85.169231	106.000000
I_3-4	ARO:3003020	dfrA25	2140	67.479673	63.661589	108.000000
I_3-4	ARO:3003021	dfrB2	180	83.011667	75.767778	107.000000
I_3-4	ARO:3003022	dfrB3	178	83.979775	75.850000	107.000000
I_3-4	ARO:3003023	dfrB6	182	88.158791	77.690110	105.000000
I_3-4	ARO:3003030	MexV	1335	47.737378	48.987640	88.600000
I_3-4	ARO:3003031	MexW	45405	53.227261	49.369092	99.000000
I_3-4	ARO:3003033	mexY	72985	57.849244	54.274737	88.600000
I_3-4	ARO:3003034	mexX	3078	54.337297	50.397141	76.600000
I_3-4	ARO:3003035	mfpA	6	67.466667	65.983333	81.300000
I_3-4	ARO:3003036	oleB	14672	48.173405	48.482341	77.000000
I_3-4	ARO:3003037	opcM	1090	56.858073	44.770917	73.200000
I_3-4	ARO:3003039	OprA	11865	57.077859	51.565917	80.100000
I_3-4	ARO:3003046	qacA	466	48.466094	49.030258	92.800000
I_3-4	ARO:3003047	qacB	474	48.417300	48.852532	94.000000
I_3-4	ARO:3003048	rosA	10890	66.292736	63.922103	102.000000
I_3-4	ARO:3003049	rosB	11309	68.446264	62.377779	99.400000
I_3-4	ARO:3003051	smeA	9631	53.370875	51.212055	96.700000
I_3-4	ARO:3003052	smeB	78825	57.896335	54.925973	99.000000
I_3-4	ARO:3003053	smeC	10589	55.244329	50.340325	89.400000
I_3-4	ARO:3003055	smeD	10731	56.422002	53.883701	102.000000
I_3-4	ARO:3003056	smeE	96424	59.757796	57.639843	98.200000
I_3-4	ARO:3003057	smeF	11779	57.783649	52.987715	98.200000
I_3-4	ARO:3003059	tmrB	33	51.972727	49.512121	67.000000
I_3-4	ARO:3003060	tsnR	22	56.140909	49.772727	75.100000
I_3-4	ARO:3003061	vph	373	46.961930	42.495979	48.900000
I_3-4	ARO:3003063	ykkC	786	47.683588	43.245038	66.200000
I_3-4	ARO:3003064	ykkD	1570	53.403057	46.117261	71.600000
I_3-4	ARO:3003066	smeR	45305	53.181600	51.941541	94.000000
I_3-4	ARO:3003067	smeS	2542	50.095594	47.206452	72.800000
I_3-4	ARO:3003069	vanXY_in_vanG	310	57.191613	56.024839	107.000000
I_3-4	ARO:3003070	vanX_in_vanD_cl	89	51.687640	52.737079	80.900000
I_3-4	ARO:3003071	mphF	1805	53.286537	57.721939	114.000000
I_3-4	ARO:3003072	mphL	482	44.047718	53.692116	72.000000
I_3-4	ARO:3003093	cphA3	384	86.572135	75.185938	112.000000
I_3-4	ARO:3003094	imiH	387	85.744961	75.229457	110.000000
I_3-4	ARO:3003095	imiS	394	84.720305	74.388579	107.000000
I_3-4	ARO:3003096	CfxA5	4485	88.912954	86.803188	108.000000
I_3-4	ARO:3003097	CfxA6	4628	95.584162	91.228738	107.000000
I_3-4	ARO:3003099	cphA2	387	85.473127	75.148837	110.000000
I_3-4	ARO:3003100	cphA4	382	84.649476	74.375131	112.000000
I_3-4	ARO:3003101	cphA5	388	84.571649	73.556959	109.000000
I_3-4	ARO:3003102	cphA6	381	85.439895	75.050919	112.000000
I_3-4	ARO:3003103	cphA7	386	85.575389	75.285233	112.000000
I_3-4	ARO:3003104	cphA8	385	85.749091	74.431688	111.000000
I_3-4	ARO:3003105	dfrA3	6198	59.662343	60.153437	111.000000
I_3-4	ARO:3003106	Erm(42)	591	47.475465	46.116244	104.000000
I_3-4	ARO:3003107	mef(B)	2498	55.063531	54.313971	113.000000
I_3-4	ARO:3003109	msrE	42010	67.557570	65.669298	110.000000
I_3-4	ARO:3003110	catB10	4142	67.079406	68.468035	112.000000
I_3-4	ARO:3003111	lsaB	5810	47.774217	47.829621	95.100000
I_3-4	ARO:3003112	lsaC	4709	48.476110	47.559588	103.000000
I_3-4	ARO:3003115	OXA-427	1567	86.008488	88.246713	113.000000
I_3-4	ARO:3003116	OXA-420	341	96.844282	95.651320	109.000000
I_3-4	ARO:3003117	OXA-421	54	66.279630	70.788889	85.500000
I_3-4	ARO:3003120	OXA-429	7	73.328571	74.614286	78.200000
I_3-4	ARO:3003121	OXA-430	1	53.100000	58.500000	58.500000
I_3-4	ARO:3003125	OXA-432	2	88.800000	95.150000	99.400000
I_3-4	ARO:3003126	OXA-433	2	88.800000	95.150000	99.400000
I_3-4	ARO:3003128	OXA-436	261	55.755172	56.840613	109.000000
I_3-4	ARO:3003129	CMY-121	1054	91.342410	93.974288	115.000000
I_3-4	ARO:3003130	CMY-122	30	74.140000	81.520000	109.000000
I_3-4	ARO:3003132	CMY-124	23	80.634783	89.978261	109.000000
I_3-4	ARO:3003133	CMY-125	17	76.529412	85.258824	110.000000
I_3-4	ARO:3003135	CMY-127	23	79.708696	84.478261	111.000000
I_3-4	ARO:3003136	CMY-128	92	63.156522	73.652174	110.000000
I_3-4	ARO:3003137	CMY-129	30	80.320000	85.643333	111.000000
I_3-4	ARO:3003139	MIR-18	135	91.167407	96.841481	113.000000
I_3-4	ARO:3003140	MOX-10	1377	88.910603	89.833188	110.000000
I_3-4	ARO:3003141	MOX-11	1478	87.864682	88.605886	110.000000
I_3-4	ARO:3003142	IMI-8	22	54.086364	51.104545	77.000000
I_3-4	ARO:3003143	IMI-9	11	48.436364	47.436364	60.500000
I_3-4	ARO:3003146	VEB-10	3719	96.122694	93.559290	113.000000
I_3-4	ARO:3003147	OXA-424	1	53.100000	58.500000	58.500000
I_3-4	ARO:3003149	OXA-426	20	71.665000	76.120000	93.200000
I_3-4	ARO:3003150	CARB-20	296	60.601689	60.459797	77.800000
I_3-4	ARO:3003151	CARB-22	331	60.213595	60.260725	79.300000
I_3-4	ARO:3003152	SHV-185	13	87.592308	75.861538	104.000000
I_3-4	ARO:3003153	SHV-186	8	66.100000	68.075000	94.700000
I_3-4	ARO:3003158	TEM-220	7	66.557143	68.828571	106.000000
I_3-4	ARO:3003160	OXA-422	106	57.993396	61.832075	97.400000
I_3-4	ARO:3003161	OXA-423	49	49.575510	53.961224	84.300000
I_3-4	ARO:3003162	OXA-435	59	57.103390	59.366102	97.400000
I_3-4	ARO:3003163	CTX-M-155	190	91.751579	87.339474	107.000000
I_3-4	ARO:3003164	CTX-M-156	125	86.276000	87.306400	107.000000
I_3-4	ARO:3003165	CTX-M-157	156	97.572436	88.204487	107.000000
I_3-4	ARO:3003166	CTX-M-158	110	96.172727	89.591818	108.000000
I_3-4	ARO:3003167	CTX-M-159	120	72.460833	73.683333	99.800000
I_3-4	ARO:3003168	CTX-M-160	57	70.470175	71.898246	100.000000
I_3-4	ARO:3003169	CTX-M-161	7	75.757143	78.628571	90.100000
I_3-4	ARO:3003171	ACT-36	50	64.052000	61.894000	112.000000
I_3-4	ARO:3003172	ACT-37	60	66.655000	66.121667	107.000000
I_3-4	ARO:3003173	MIR-17	180	90.369444	92.067778	113.000000
I_3-4	ARO:3003174	CARB-18	323	60.171207	60.489474	77.800000
I_3-4	ARO:3003175	CARB-19	375	59.750667	59.978933	77.800000
I_3-4	ARO:3003176	CARB-21	10	56.730000	61.420000	75.100000
I_3-4	ARO:3003177	IMI-7	27	44.392593	44.122222	59.700000
I_3-4	ARO:3003178	VIM-42	14	50.042857	52.807143	65.500000
I_3-4	ARO:3003179	VIM-43	17	50.064706	48.835294	98.600000
I_3-4	ARO:3003180	KPC-22	56	49.162500	54.535714	104.000000
I_3-4	ARO:3003181	GES-26	913	99.267141	97.072946	113.000000
I_3-4	ARO:3003182	NDM-13	15	98.813333	85.013333	110.000000
I_3-4	ARO:3003183	NDM-14	16	99.143750	86.900000	110.000000
I_3-4	ARO:3003184	PER-8	291	77.128522	74.825430	107.000000
I_3-4	ARO:3003185	GES-25	731	92.073051	94.739398	113.000000
I_3-4	ARO:3003186	CARB-23	11	52.990909	58.745455	64.300000
I_3-4	ARO:3003187	QnrB75	19	94.636842	95.710526	111.000000
I_3-4	ARO:3003188	QnrB76	30	89.443333	70.923333	106.000000
I_3-4	ARO:3003189	QnrB77	3	72.700000	57.000000	69.700000
I_3-4	ARO:3003190	QnrB78	156	66.562179	63.057692	111.000000
I_3-4	ARO:3003192	QnrB80	54	95.766667	69.837037	108.000000
I_3-4	ARO:3003193	QnrVC7	1196	83.209365	61.380686	110.000000
I_3-4	ARO:3003194	GIM-2	22	46.886364	50.750000	64.700000
I_3-4	ARO:3003196	tet(45)	132	68.140909	67.021212	97.800000
I_3-4	ARO:3003197	aadA25	4756	85.878490	83.732653	110.000000
I_3-4	ARO:3003198	rmtH	11	56.881818	49.636364	86.300000
I_3-4	ARO:3003199	AAC(6')-Iak	236	50.250000	49.314407	73.600000
I_3-4	ARO:3003200	AAC(6')-Ian	120	48.769167	49.880833	66.200000
I_3-4	ARO:3003202	TLA-1	640	52.064063	55.965156	105.000000
I_3-4	ARO:3003203	TLA-2	299	58.746823	61.173579	106.000000
I_3-4	ARO:3003204	TLA-3	567	52.900176	56.584303	108.000000
I_3-4	ARO:3003205	Erm(43)	2007	56.880917	56.824116	79.300000
I_3-4	ARO:3003206	lsaE	13862	45.068388	45.902575	115.000000
I_3-4	ARO:3003207	FosK	286	58.419231	63.266783	79.000000
I_3-4	ARO:3003208	FosXCC	98	61.963265	59.296939	82.000000
I_3-4	ARO:3003209	fosA5	432	74.258796	73.823380	113.000000
I_3-4	ARO:3003210	FosA4	311	73.570418	70.848875	110.000000
I_3-4	ARO:3003250	bcrC	176	47.947159	40.570455	55.500000
I_3-4	ARO:3003324	Bsub_mprF	513	50.890838	48.369981	75.900000
I_3-4	ARO:3003440	mecB	1861	46.427297	44.542235	66.200000
I_3-4	ARO:3003441	cfrA	1433	44.537962	44.447732	89.400000
I_3-4	ARO:3003548	mdtN	2773	74.147602	68.514281	107.000000
I_3-4	ARO:3003549	mdtO	2722	95.136334	94.049596	114.000000
I_3-4	ARO:3003550	mdtP	2531	85.542987	82.072382	112.000000
I_3-4	ARO:3003551	emeA	465	57.200430	54.769462	102.000000
I_3-4	ARO:3003552	fusB	27	50.529630	56.348148	87.000000
I_3-4	ARO:3003553	CepS	350	76.968000	73.410000	106.000000
I_3-4	ARO:3003556	SLB-1	45	48.753333	55.895556	71.200000
I_3-4	ARO:3003557	SFB-1	50	48.092000	53.668000	69.300000
I_3-4	ARO:3003558	Yent_y56	371	63.730189	65.781132	92.800000
I_3-4	ARO:3003559	cepA	1267	55.119416	53.758800	115.000000
I_3-4	ARO:3003561	SED-1	170	63.658235	63.849412	86.300000
I_3-4	ARO:3003562	blaF	65	58.413846	59.180000	88.600000
I_3-4	ARO:3003563	RCP-1	24	67.916667	65.041667	104.000000
I_3-4	ARO:3003564	EXO-1	71	50.112676	52.790141	69.700000
I_3-4	ARO:3003565	R39	222	50.222973	56.444595	70.100000
I_3-4	ARO:3003576	eptA	7471	68.593977	71.367474	119.000000
I_3-4	ARO:3003577	ugd	26896	70.619252	70.815649	113.000000
I_3-4	ARO:3003578	PmrF	7566	60.257706	58.414499	109.000000
I_3-4	ARO:3003583	basS	4088	45.644300	42.810641	63.500000
I_3-4	ARO:3003589	NmcA	25	46.116000	45.760000	75.100000
I_3-4	ARO:3003591	SHV-191	5	73.080000	75.680000	100.000000
I_3-4	ARO:3003593	OXA-437	18	72.294444	69.205556	104.000000
I_3-4	ARO:3003594	OXA-438	601	56.540599	56.037604	110.000000
I_3-4	ARO:3003595	OXA-439	1062	55.121751	56.751695	110.000000
I_3-4	ARO:3003596	OXA-440	50	47.178000	51.990000	84.300000
I_3-4	ARO:3003598	OXA-442	2	71.750000	76.450000	82.000000
I_3-4	ARO:3003599	OXA-443	125	57.170400	59.358400	73.900000
I_3-4	ARO:3003600	OXA-444	186	44.468280	47.851613	77.800000
I_3-4	ARO:3003602	OXA-446	33	50.260606	49.248485	59.300000
I_3-4	ARO:3003603	OXA-447	27	55.681481	47.614815	56.200000
I_3-4	ARO:3003604	OXA-448	25	46.196000	45.364000	58.900000
I_3-4	ARO:3003605	OXA-449	13	46.100000	47.861538	58.900000
I_3-4	ARO:3003606	OXA-450	29	47.320690	43.820690	55.500000
I_3-4	ARO:3003607	OXA-451	28	47.385714	44.039286	55.500000
I_3-4	ARO:3003608	OXA-452	30	46.986667	43.660000	55.500000
I_3-4	ARO:3003609	OXA-453	31	46.980645	43.629032	55.500000
I_3-4	ARO:3003610	OXA-454	2295	96.065403	90.026449	111.000000
I_3-4	ARO:3003611	OXA-455	50	46.060000	46.274000	74.700000
I_3-4	ARO:3003613	OXA-457	102	52.555882	52.809804	67.000000
I_3-4	ARO:3003614	OXA-458	39	48.430769	49.130769	66.600000
I_3-4	ARO:3003615	OXA-459	26	52.838462	50.634615	65.500000
I_3-4	ARO:3003616	OXA-460	33	45.569697	42.230303	47.400000
I_3-4	ARO:3003617	OXA-461	32	46.987500	43.596875	55.500000
I_3-4	ARO:3003620	OXA-464	3371	70.132513	73.837763	111.000000
I_3-4	ARO:3003621	OXA-465	39	52.812821	48.989744	58.900000
I_3-4	ARO:3003622	OXA-466	44	51.420455	51.279545	70.100000
I_3-4	ARO:3003626	OXA-470	461	51.442082	49.857267	106.000000
I_3-4	ARO:3003627	OXA-471	473	51.394715	50.016490	106.000000
I_3-4	ARO:3003628	OXA-472	220	50.591818	50.310909	101.000000
I_3-4	ARO:3003629	OXA-473	461	51.380043	49.824078	103.000000
I_3-4	ARO:3003631	OXA-474	461	51.494360	49.858134	103.000000
I_3-4	ARO:3003632	OXA-475	462	51.602597	50.069048	106.000000
I_3-4	ARO:3003633	OXA-476	468	51.585043	50.148932	106.000000
I_3-4	ARO:3003634	OXA-477	463	51.375594	49.547300	100.000000
I_3-4	ARO:3003635	OXA-478	296	50.803716	48.602027	102.000000
I_3-4	ARO:3003636	OXA-479	473	51.279915	49.794292	106.000000
I_3-4	ARO:3003638	OXA-481	116	58.061207	61.362069	97.400000
I_3-4	ARO:3003639	OXA-482	38	48.960526	52.584211	84.300000
I_3-4	ARO:3003640	OXA-483	30	49.763333	54.200000	84.300000
I_3-4	ARO:3003641	OXA-484	194	75.852577	73.797423	112.000000
I_3-4	ARO:3003642	OXA-485	111	54.236036	59.282883	73.600000
I_3-4	ARO:3003643	OXA-486	192	54.784896	56.689583	73.900000
I_3-4	ARO:3003645	OXA-488	122	51.838525	56.643443	73.600000
I_3-4	ARO:3003646	CTX-M-162	9	99.333333	105.666667	108.000000
I_3-4	ARO:3003647	CTX-M-163	8	100.000000	102.750000	106.000000
I_3-4	ARO:3003648	CTX-M-164	9	100.000000	100.988889	106.000000
I_3-4	ARO:3003649	CTX-M-165	119	75.869748	74.996639	106.000000
I_3-4	ARO:3003650	CTX-M-166	11	77.354545	77.345455	106.000000
I_3-4	ARO:3003652	CMY-132	24	68.625000	69.462500	88.600000
I_3-4	ARO:3003653	CMY-133	2	34.350000	42.150000	43.500000
I_3-4	ARO:3003655	ACT-38	100	90.529000	86.307000	113.000000
I_3-4	ARO:3003657	IMP-49	6	54.116667	61.233333	70.100000
I_3-4	ARO:3003659	IMP-51	7	66.671429	64.214286	106.000000
I_3-4	ARO:3003660	VIM-44	9	89.466667	88.566667	106.000000
I_3-4	ARO:3003661	VIM-45	7	79.485714	77.342857	105.000000
I_3-4	ARO:3003662	VIM-46	7	79.485714	77.342857	105.000000
I_3-4	ARO:3003663	NDM-15	15	98.946667	87.753333	110.000000
I_3-4	ARO:3003664	NDM-16a	10	99.800000	100.160000	107.000000
I_3-4	ARO:3003665	NmcR	3068	53.063266	46.928357	75.500000
I_3-4	ARO:3003670	PEDO-1	133	47.265414	41.656391	79.300000
I_3-4	ARO:3003676	AAC(6')-Ib'	1971	95.918823	91.279300	110.000000
I_3-4	ARO:3003677	AAC(6')-Iaj	62	59.859677	56.559677	84.000000
I_3-4	ARO:3003679	TriA	587	54.768825	45.974276	101.000000
I_3-4	ARO:3003680	TriB	144	55.460417	44.895833	75.100000
I_3-4	ARO:3003681	TriC	12871	53.859630	51.862155	101.000000
I_3-4	ARO:3003682	OpmH	2405	54.293015	50.548358	92.400000
I_3-4	ARO:3003689	MCR-1.1	4963	58.969776	60.820854	110.000000
I_3-4	ARO:3003692	MexJ	1066	54.595216	50.733583	88.600000
I_3-4	ARO:3003693	MexK	19056	60.061073	58.025005	101.000000
I_3-4	ARO:3003698	mexP	1782	49.554209	44.939057	81.300000
I_3-4	ARO:3003699	mexQ	65355	53.513610	50.271346	101.000000
I_3-4	ARO:3003700	opmE	813	52.764207	43.056458	105.000000
I_3-4	ARO:3003704	mexM	1256	45.342118	45.259634	69.700000
I_3-4	ARO:3003705	mexN	28459	54.235462	50.399568	102.000000
I_3-4	ARO:3003712	VEB-16	1119	98.590885	100.994459	106.000000
I_3-4	ARO:3003713	VCC-1	92	50.553261	50.123913	63.900000
I_3-4	ARO:3003714	PEDO-2	60	48.496667	45.691667	102.000000
I_3-4	ARO:3003715	PEDO-3	39	48.435897	53.692308	72.800000
I_3-4	ARO:3003716	CPS-1	35	58.148571	56.325714	97.800000
I_3-4	ARO:3003717	ESP-1	28	59.971429	57.853571	104.000000
I_3-4	ARO:3003718	MSI-1	160	44.912500	43.439375	72.000000
I_3-4	ARO:3003719	MSI-OXA	423	51.969504	51.731206	76.300000
I_3-4	ARO:3003720	SPG-1	56	49.819643	45.548214	70.500000
I_3-4	ARO:3003723	vanI	5083	52.772300	49.422506	81.600000
I_3-4	ARO:3003724	vanW_in_vanI_cl	613	50.847145	48.279772	71.200000
I_3-4	ARO:3003725	vanX_in_vanI_cl	328	51.440549	52.207317	83.200000
I_3-4	ARO:3003727	vanK_in_vanI_cl	240	48.375417	49.709167	72.800000
I_3-4	ARO:3003728	vanR_in_vanI_cl	36836	52.469372	52.483378	102.000000
I_3-4	ARO:3003730	Bbif_ileS_MUP	15886	59.583602	63.813540	118.000000
I_3-4	ARO:3003731	fusD	15	47.313333	49.740000	63.500000
I_3-4	ARO:3003733	fusC	14	53.942857	51.992857	62.000000
I_3-4	ARO:3003741	mphE	9328	94.249228	91.419458	112.000000
I_3-4	ARO:3003742	mphG	6044	68.314229	68.380675	119.000000
I_3-4	ARO:3003744	vatF	4370	59.112174	60.055904	103.000000
I_3-4	ARO:3003745	mef(C)	2910	72.094811	68.074502	104.000000
I_3-4	ARO:3003746	optrA	46725	48.372865	48.987649	102.000000
I_3-4	ARO:3003748	oleC	12704	47.180565	49.711681	79.700000
I_3-4	ARO:3003749	salA	16609	42.567885	43.071774	64.700000
I_3-4	ARO:3003762	lnuE	175	59.199429	61.718286	94.000000
I_3-4	ARO:3003767	mphM	1500	47.030800	48.310867	102.000000
I_3-4	ARO:3003770	Lmon_mprF	914	50.917068	52.771007	80.100000
I_3-4	ARO:3003772	Bsui_mprF	1432	47.303841	48.081844	100.000000
I_3-4	ARO:3003773	Cper_mprF	433	50.240878	52.321247	108.000000
I_3-4	ARO:3003774	Saga_mprF	539	48.848423	51.772542	84.000000
I_3-4	ARO:3003785	Ctra_murA_FOF	2418	53.371629	50.696154	87.000000
I_3-4	ARO:3003793	SPM-1	20	46.130000	48.175000	62.400000
I_3-4	ARO:3003801	bcr-1	5530	50.685136	49.492080	76.300000
I_3-4	ARO:3003811	adeC	8177	54.260034	51.026599	94.700000
I_3-4	ARO:3003835	cdeA	1520	46.594211	45.769342	69.300000
I_3-4	ARO:3003836	qacH	640	45.428906	45.447656	95.100000
I_3-4	ARO:3003838	gadW	1014	87.679093	83.398718	106.000000
I_3-4	ARO:3003839	Mrx	5031	98.042497	87.265275	101.000000
I_3-4	ARO:3003841	kdpE	30514	52.758875	51.831166	112.000000
I_3-4	ARO:3003842	MUS-2	12	49.333333	59.458333	66.200000
I_3-4	ARO:3003843	leuO	2673	78.113880	75.293453	111.000000
I_3-4	ARO:3003847	ADC-1	92	67.410870	70.414130	84.700000
I_3-4	ARO:3003848	ADC-2	220	65.148636	70.636818	107.000000
I_3-4	ARO:3003849	ADC-3	184	64.973913	72.272826	107.000000
I_3-4	ARO:3003850	ADC-4	157	67.161146	74.543949	107.000000
I_3-4	ARO:3003851	ADC-5	81	63.361728	64.775309	104.000000
I_3-4	ARO:3003852	ADC-6	72	67.473611	69.090278	107.000000
I_3-4	ARO:3003853	ADC-7	167	65.199401	72.825749	107.000000
I_3-4	ARO:3003854	ADC-8	227	66.083260	68.029515	98.200000
I_3-4	ARO:3003855	ADC-10	1	44.700000	54.300000	54.300000
I_3-4	ARO:3003856	ADC-12	191	67.187435	70.356545	86.300000
I_3-4	ARO:3003857	ADC-13	320	65.926250	71.552812	86.700000
I_3-4	ARO:3003858	ADC-14	252	64.698413	70.201587	86.700000
I_3-4	ARO:3003859	ADC-15	361	64.616620	69.503878	86.700000
I_3-4	ARO:3003860	ADC-16	315	66.452698	73.255556	87.800000
I_3-4	ARO:3003861	ADC-17	273	63.748352	67.897070	85.900000
I_3-4	ARO:3003862	ADC-18	157	61.934395	65.390446	80.100000
I_3-4	ARO:3003863	ADC-19	356	64.595225	68.986236	86.300000
I_3-4	ARO:3003864	ADC-20	348	64.664080	69.681322	86.700000
I_3-4	ARO:3003865	ADC-21	344	65.785756	73.134884	87.400000
I_3-4	ARO:3003866	ADC-22	345	64.611304	69.391014	86.300000
I_3-4	ARO:3003867	ADC-23	154	63.211688	66.860390	85.900000
I_3-4	ARO:3003868	ADC-25	76	65.414474	68.789474	104.000000
I_3-4	ARO:3003870	ADC-31	66	67.730303	70.195455	83.200000
I_3-4	ARO:3003871	ADC-39	30	65.333333	64.893333	83.200000
I_3-4	ARO:3003872	ADC-41	258	66.260853	71.977132	86.700000
I_3-4	ARO:3003873	ADC-42	113	63.227434	67.678761	80.100000
I_3-4	ARO:3003874	ADC-43	133	65.290226	72.278195	86.700000
I_3-4	ARO:3003876	ADC-44	207	65.317874	69.247826	86.300000
I_3-4	ARO:3003878	ADC-56	43	67.776744	73.597674	77.800000
I_3-4	ARO:3003879	ADC-61	40	67.892500	73.765000	77.800000
I_3-4	ARO:3003880	ADC-74	38	62.428947	58.426316	82.800000
I_3-4	ARO:3003881	ADC-75	40	67.032500	72.967500	77.800000
I_3-4	ARO:3003882	ADC-76	65	64.670769	66.095385	104.000000
I_3-4	ARO:3003883	ADC-77	29	68.679310	77.479310	107.000000
I_3-4	ARO:3003884	ADC-78	60	65.775000	64.896667	77.800000
I_3-4	ARO:3003885	ADC-79	20	64.720000	70.305000	107.000000
I_3-4	ARO:3003886	ADC-80	15	65.640000	64.166667	104.000000
I_3-4	ARO:3003887	ADC-81	41	64.629268	60.280488	74.300000
I_3-4	ARO:3003888	ADC-82	27	67.848148	73.900000	77.800000
I_3-4	ARO:3003894	Rm3	89	48.368539	46.248315	76.600000
I_3-4	ARO:3003905	ANT(4')-Ib	3	49.633333	48.766667	51.600000
I_3-4	ARO:3003907	cipA	891	48.183502	45.820539	87.400000
I_3-4	ARO:3003908	Erm(47)	1419	49.022199	50.104933	104.000000
I_3-4	ARO:3003918	apmA	451	50.318625	48.461863	70.900000
I_3-4	ARO:3003920	pgpB	248	47.732258	46.695565	82.800000
I_3-4	ARO:3003922	oqxA	3369	55.141437	51.449154	109.000000
I_3-4	ARO:3003923	oqxB	72724	54.635961	51.715309	110.000000
I_3-4	ARO:3003942	abcA	89	53.102247	52.226966	84.000000
I_3-4	ARO:3003948	efrA	51274	50.158772	51.394215	100.000000
I_3-4	ARO:3003949	efrB	54742	51.000248	51.489609	103.000000
I_3-4	ARO:3003950	msbA	37289	56.770369	56.877326	105.000000
I_3-4	ARO:3003952	YojI	10126	64.781286	62.156429	111.000000
I_3-4	ARO:3003953	hmrM	3523	52.604911	53.694266	104.000000
I_3-4	ARO:3003954	efmA	1564	49.229795	48.879668	103.000000
I_3-4	ARO:3003955	efpA	807	45.793309	45.230607	100.000000
I_3-4	ARO:3003961	farA	6301	58.040978	58.829011	86.700000
I_3-4	ARO:3003962	farB	11183	57.227569	60.437119	107.000000
I_3-4	ARO:3003964	hp1181	4466	52.154008	49.787886	76.300000
I_3-4	ARO:3003967	lfrA	1185	53.858903	51.124135	87.800000
I_3-4	ARO:3003969	lmrP	81	48.992593	50.276543	85.500000
I_3-4	ARO:3003971	Erm(44)v	2106	55.707502	57.479107	79.000000
I_3-4	ARO:3003980	tetA(58)	13257	48.652546	49.818835	96.700000
I_3-4	ARO:3003981	tetB(58)	128	59.145312	53.964062	85.500000
I_3-4	ARO:3003982	LlmA_23S_CLI	4435	61.660699	66.126020	93.600000
I_3-4	ARO:3003983	CatU	924	54.847727	59.187554	83.200000
I_3-4	ARO:3003984	BahA	109	61.588991	65.341284	95.100000
I_3-4	ARO:3003986	TaeA	53222	49.331545	49.513293	96.300000
I_3-4	ARO:3003987	VatI	4060	58.359163	55.954926	89.700000
I_3-4	ARO:3003988	AAC(2')-IIb	2	48.700000	42.000000	42.000000
I_3-4	ARO:3003989	AAC(6')-34	76	45.422368	51.421053	70.100000
I_3-4	ARO:3003990	vgbC	23	46.295652	47.317391	60.800000
I_3-4	ARO:3003991	mphI	1169	50.190761	53.617109	69.300000
I_3-4	ARO:3003992	rphB	4825	56.854321	53.721865	105.000000
I_3-4	ARO:3003994	cpaA	6	45.766667	40.800000	43.900000
I_3-4	ARO:3004032	tetA(46)	19804	48.014815	48.005726	98.200000
I_3-4	ARO:3004033	tetB(46)	38471	51.335653	52.162075	106.000000
I_3-4	ARO:3004035	tetA(60)	18486	50.386779	45.901661	80.500000
I_3-4	ARO:3004036	tetB(60)	37793	50.876387	51.007792	87.400000
I_3-4	ARO:3004038	Paer_emrE	2799	51.930690	51.379528	77.000000
I_3-4	ARO:3004039	Ecol_emrE	3533	52.345146	49.927314	110.000000
I_3-4	ARO:3004041	Kpne_acrA	12510	62.205012	59.895260	104.000000
I_3-4	ARO:3004042	Eclo_acrA	14863	62.568358	60.141768	103.000000
I_3-4	ARO:3004043	Ecol_acrA	15630	62.747396	60.230147	104.000000
I_3-4	ARO:3004047	kdpD	3700	48.320108	49.358432	87.000000
I_3-4	ARO:3004054	Paer_CpxR	27365	54.020866	52.283055	101.000000
I_3-4	ARO:3004063	EdeQ	162	41.582099	43.832099	82.400000
I_3-4	ARO:3004072	OpmB	3643	52.223607	46.466237	89.400000
I_3-4	ARO:3004073	MuxA	3450	51.807043	49.106609	84.000000
I_3-4	ARO:3004074	MuxB	33202	58.976577	55.561671	92.800000
I_3-4	ARO:3004075	MuxC	38640	56.738103	52.387257	87.800000
I_3-4	ARO:3004077	PmpM	4013	54.613556	53.665687	102.000000
I_3-4	ARO:3004085	lnuG	391	66.628133	67.921483	107.000000
I_3-4	ARO:3004086	APH(3')-VIIIb	52	50.271154	51.098077	84.300000
I_3-4	ARO:3004087	APH(3')-IXa	85	49.897647	47.357647	103.000000
I_3-4	ARO:3004089	ANT(3'')-IIa	381	72.477428	70.612073	110.000000
I_3-4	ARO:3004090	ANT(3'')-IIb	355	67.695493	67.447042	94.400000
I_3-4	ARO:3004091	ANT(3'')-IIc	379	79.048813	76.020580	109.000000
I_3-4	ARO:3004092	HMB-1	10	55.140000	51.230000	65.900000
I_3-4	ARO:3004093	NDM-17	15	88.633333	73.720000	107.000000
I_3-4	ARO:3004094	Erm(48)	2533	54.090959	54.624082	80.100000
I_3-4	ARO:3004099	LpeA	34	42.544118	39.982353	44.300000
I_3-4	ARO:3004100	LpeB	34099	52.044497	48.165058	89.000000
I_3-4	ARO:3004103	QepA2	1342	47.788972	47.184277	100.000000
I_3-4	ARO:3004105	TMB-1	25	51.272000	51.220000	68.200000
I_3-4	ARO:3004106	TMB-2	25	51.068000	50.836000	67.400000
I_3-4	ARO:3004107	Paer_soxR	801	65.138826	63.636704	82.400000
I_3-4	ARO:3004110	MCR-2.1	4691	58.821339	61.701087	97.100000
I_3-4	ARO:3004111	FosA6	431	73.923898	73.753828	114.000000
I_3-4	ARO:3004113	FosA7	527	63.241366	64.404175	101.000000
I_3-4	ARO:3004122	Kpne_OmpK37	8463	69.716992	69.935886	114.000000
I_3-4	ARO:3004123	Bpse_Omp38	467	57.437901	44.392505	69.300000
I_3-4	ARO:3004139	MCR-3.1	2782	59.528720	63.209526	117.000000
I_3-4	ARO:3004142	OprZ	11856	55.321095	49.550523	79.700000
I_3-4	ARO:3004143	AxyX	2553	51.988132	49.362632	77.000000
I_3-4	ARO:3004144	AxyY	74873	57.148805	54.158233	97.400000
I_3-4	ARO:3004146	cfrC	2893	44.875043	45.146180	102.000000
I_3-4	ARO:3004185	mecD	1487	46.815333	45.472159	67.400000
I_3-4	ARO:3004189	Bla2	20	44.825000	49.170000	72.800000
I_3-4	ARO:3004191	APH(2'')-If	381	80.069554	82.018110	110.000000
I_3-4	ARO:3004194	MCR-1.2	5944	58.157032	59.705350	110.000000
I_3-4	ARO:3004213	GOB-18	131	49.851145	45.993130	94.400000
I_3-4	ARO:3004239	NPS-1	958	63.580898	65.433507	112.000000
I_3-4	ARO:3004253	vanU_in_vanG_cl	1170	56.163932	48.069402	85.500000
I_3-4	ARO:3004254	vanV_in_vanB_cl	82	65.945122	53.085366	86.700000
I_3-4	ARO:3004289	Vcho_varG	9	40.566667	43.677778	53.900000
I_3-4	ARO:3004290	Ecol_ampC_BLA	1265	92.871225	93.128063	112.000000
I_3-4	ARO:3004291	Rsph_ampC_BLA	118	50.038983	47.383051	83.600000
I_3-4	ARO:3004294	BUT-1	159	57.122642	60.974214	92.000000
I_3-4	ARO:3004325	MCR-4.1	3975	55.842440	60.156679	114.000000
I_3-4	ARO:3004332	MCR-5.1	4266	60.867745	62.177496	115.000000
I_3-4	ARO:3004336	PDC-73	118	62.348305	56.509322	102.000000
I_3-4	ARO:3004338	PDC-75	86	62.569767	54.447674	82.000000
I_3-4	ARO:3004339	PDC-76	56	58.225000	59.401786	82.000000
I_3-4	ARO:3004340	PDC-77	95	64.192632	57.120000	102.000000
I_3-4	ARO:3004341	PDC-78	96	63.958333	56.926042	102.000000
I_3-4	ARO:3004342	PDC-79	103	63.956311	57.015534	102.000000
I_3-4	ARO:3004343	PDC-80	1	52.100000	62.000000	62.000000
I_3-4	ARO:3004344	PDC-81	122	62.218033	56.354918	82.000000
I_3-4	ARO:3004345	PDC-82	100	63.979000	56.286000	82.000000
I_3-4	ARO:3004346	PDC-83	98	64.417347	57.062245	82.000000
I_3-4	ARO:3004347	PDC-84	45	59.448889	60.708889	82.000000
I_3-4	ARO:3004348	PDC-85	73	66.564384	56.997260	82.000000
I_3-4	ARO:3004349	PDC-86	9	67.366667	59.400000	77.000000
I_3-4	ARO:3004350	PDC-87	30	63.923333	65.240000	82.000000
I_3-4	ARO:3004351	PDC-88	76	64.384211	53.106579	79.300000
I_3-4	ARO:3004352	PDC-89	108	64.750926	55.856481	79.300000
I_3-4	ARO:3004353	PDC-90	80	63.737500	52.896250	79.300000
I_3-4	ARO:3004354	PDC-91	89	63.161798	53.521348	79.300000
I_3-4	ARO:3004355	PDC-92	97	65.361856	56.013402	79.300000
I_3-4	ARO:3004356	PDC-93	64	67.901562	55.770313	79.300000
I_3-4	ARO:3004357	catV	1354	55.691211	59.796824	81.600000
I_3-4	ARO:3004359	ACI-1	333	82.147748	79.687988	110.000000
I_3-4	ARO:3004361	sul4	9034	53.931802	51.952823	111.000000
I_3-4	ARO:3004362	OXA-535	275	55.010909	55.894182	108.000000
I_3-4	ARO:3004364	almG	8	59.462500	54.225000	103.000000
I_3-4	ARO:3004379	QepA4	1399	48.264117	47.405718	100.000000
I_3-4	ARO:3004441	tet(59)	3112	57.911761	57.781844	105.000000
I_3-4	ARO:3004442	tet(W/N/W)	30916	63.085160	60.408827	113.000000
I_3-4	ARO:3004444	RSA1-1	714	96.838235	89.798880	104.000000
I_3-4	ARO:3004450	TRU-1	284	68.666549	70.142254	99.400000
I_3-4	ARO:3004451	Afab_ACT_CHL	5203	59.308534	60.908168	106.000000
I_3-4	ARO:3004452	Acla_ACT_CHL	366	49.934426	56.573224	98.200000
I_3-4	ARO:3004454	Ccol_ACT_CHL	1281	58.653864	62.120375	111.000000
I_3-4	ARO:3004455	Ssui_ACT_CHL	843	50.359431	56.918268	108.000000
I_3-4	ARO:3004456	Efac_ACT_CHL	914	52.345514	57.477899	103.000000
I_3-4	ARO:3004457	Sint_ACT_CHL	950	51.842105	58.044526	95.500000
I_3-4	ARO:3004458	Efae_ACT_CHL	928	51.011099	57.832543	97.100000
I_3-4	ARO:3004460	Vang_ACT_CHL	1122	53.914439	59.618717	110.000000
I_3-4	ARO:3004463	EBR-2	20	57.815000	61.160000	103.000000
I_3-4	ARO:3004464	CFE-2	104	68.447115	71.221154	89.400000
I_3-4	ARO:3004466	ICR-Mc	2022	56.716271	53.978239	99.000000
I_3-4	ARO:3004470	poxtA	18552	46.361223	46.339025	103.000000
I_3-4	ARO:3004476	vmlR	20350	48.934865	50.190241	101.000000
I_3-4	ARO:3004478	OXA-665	129	61.284496	64.500775	90.100000
I_3-4	ARO:3004479	OXA-664	61	67.006557	67.552459	106.000000
I_3-4	ARO:3004480	Bado_rpoB_RIF	97045	67.272244	70.201009	113.000000
I_3-4	ARO:3004489	OXA-663	2569	93.350642	92.289685	111.000000
I_3-4	ARO:3004493	ADC-68	133	62.058647	63.441353	104.000000
I_3-4	ARO:3004495	IMP-56	5	53.940000	61.920000	70.100000
I_3-4	ARO:3004496	KPC-24	6	94.900000	98.433333	104.000000
I_3-4	ARO:3004498	dfrB4	165	80.303030	76.884242	107.000000
I_3-4	ARO:3004500	MCR-3.11	4255	59.622209	63.566933	117.000000
I_3-4	ARO:3004501	MCR-6.1	4214	59.164974	61.580114	95.900000
I_3-4	ARO:3004502	MCR-2.2	4567	58.594570	61.510510	97.100000
I_3-4	ARO:3004503	MCR-3.6	6212	60.269092	65.625515	117.000000
I_3-4	ARO:3004504	MCR-3.10	3228	62.675465	66.119052	117.000000
I_3-4	ARO:3004505	MCR-3.5	4675	59.949305	64.282695	117.000000
I_3-4	ARO:3004506	MCR-1.10	5650	58.108142	59.659363	110.000000
I_3-4	ARO:3004507	MCR-1.9	5058	57.592527	57.623705	110.000000
I_3-4	ARO:3004508	MCR-3.9	2651	63.109694	67.087891	117.000000
I_3-4	ARO:3004509	MCR-3.8	5972	60.574313	65.561805	117.000000
I_3-4	ARO:3004510	MCR-3.7	3102	63.040490	68.623082	117.000000
I_3-4	ARO:3004511	MCR-3.2	3045	60.867553	65.104171	117.000000
I_3-4	ARO:3004513	MCR-1.6	5641	58.183443	59.982485	110.000000
I_3-4	ARO:3004514	MCR-1.3	5665	58.261783	59.866320	110.000000
I_3-4	ARO:3004515	MCR-1.4	5384	58.154123	59.678548	110.000000
I_3-4	ARO:3004516	MCR-8.1	5717	54.956428	57.416477	94.400000
I_3-4	ARO:3004517	MCR-7.1	6021	59.179190	63.514931	110.000000
I_3-4	ARO:3004539	mphH	1260	49.497143	49.923333	80.900000
I_3-4	ARO:3004541	mphK	1513	47.451884	53.598612	78.600000
I_3-4	ARO:3004542	mphN	467	48.719914	56.011991	66.200000
I_3-4	ARO:3004543	mphO	1023	43.745846	44.834213	89.400000
I_3-4	ARO:3004544	mphJ	1604	52.071696	56.079115	72.000000
I_3-4	ARO:3004547	dfrA6	1709	56.611878	56.519485	103.000000
I_3-4	ARO:3004548	dfrA9	2135	51.551054	50.934192	73.900000
I_3-4	ARO:3004549	dfrB5	183	93.838251	82.864481	110.000000
I_3-4	ARO:3004550	dfrA27	1468	71.831131	71.001975	107.000000
I_3-4	ARO:3004551	dfrA28	1471	70.980557	70.547315	107.000000
I_3-4	ARO:3004552	dfrA30	1733	72.585401	70.977149	110.000000
I_3-4	ARO:3004554	dfrA29	2129	66.990888	63.460028	107.000000
I_3-4	ARO:3004555	dfrA32	1357	69.571186	69.922697	106.000000
I_3-4	ARO:3004556	dfrB7	176	89.214205	81.148864	108.000000
I_3-4	ARO:3004559	CAM-1	11	50.345455	55.136364	80.500000
I_3-4	ARO:3004568	dfrA18	2295	53.856601	50.091895	74.700000
I_3-4	ARO:3004569	ICR-Mo	4853	72.385267	72.909705	113.000000
I_3-4	ARO:3004571	PNGM-1	21	49.633333	52.800000	71.600000
I_3-4	ARO:3004572	Saur_LmrS	1162	45.517470	47.602668	89.400000
I_3-4	ARO:3004573	Abau_AbaF	5656	49.767203	51.974470	112.000000
I_3-4	ARO:3004574	Abau_AbaQ	1361	51.447832	56.038354	105.000000
I_3-4	ARO:3004577	Abau_AmvA	1358	54.061267	54.648822	95.500000
I_3-4	ARO:3004580	Kpne_KpnE	1811	52.745776	48.350690	95.100000
I_3-4	ARO:3004581	tet(48)	45	48.368889	46.008889	63.900000
I_3-4	ARO:3004582	tet(49)	45	49.215556	48.062222	62.800000
I_3-4	ARO:3004583	Kpne_KpnF	520	83.008846	74.636346	102.000000
I_3-4	ARO:3004584	tet(50)	69	51.008696	45.217391	64.700000
I_3-4	ARO:3004586	tet(51)	46	48.317391	45.932609	63.200000
I_3-4	ARO:3004587	tet(52)	56	49.869643	46.444643	64.300000
I_3-4	ARO:3004588	Kpne_KpnG	7017	65.497563	64.924996	106.000000
I_3-4	ARO:3004589	tet(53)	41	50.141463	47.753659	63.500000
I_3-4	ARO:3004590	tet(54)	52	47.623077	45.476923	63.200000
I_3-4	ARO:3004591	tet(55)	27	53.040741	51.140741	65.100000
I_3-4	ARO:3004592	erm(32)	847	50.415939	46.705431	68.200000
I_3-4	ARO:3004595	erm(45)	3789	62.144154	64.157192	102.000000
I_3-4	ARO:3004596	erm(46)	443	64.707675	67.418059	95.100000
I_3-4	ARO:3004597	Kpne_KpnH	12067	67.612323	68.933571	116.000000
I_3-4	ARO:3004599	clcD	1411	45.697519	44.897590	88.200000
I_3-4	ARO:3004600	LnuH	474	75.971308	74.228692	110.000000
I_3-4	ARO:3004601	LnuP	498	60.563855	63.462450	110.000000
I_3-4	ARO:3004603	tet(56)	45	50.035556	49.473333	63.500000
I_3-4	ARO:3004606	erm(40)	653	61.436447	63.048851	98.200000
I_3-4	ARO:3004608	EreD	1184	69.731588	69.700507	112.000000
I_3-4	ARO:3004613	tet(47)	57	50.766667	47.987719	67.000000
I_3-4	ARO:3004615	ADC-11	138	62.742754	64.195652	104.000000
I_3-4	ARO:3004617	ADC-30	130	65.518462	68.647692	84.700000
I_3-4	ARO:3004618	ADC-58	258	66.382946	73.293798	107.000000
I_3-4	ARO:3004619	ADC-59	140	65.842143	70.907857	84.700000
I_3-4	ARO:3004620	ADC-60	91	64.782418	68.931868	77.800000
I_3-4	ARO:3004621	AAC(3)-IIe	304	86.154605	84.954605	108.000000
I_3-4	ARO:3004622	QnrS10	1415	83.014982	64.712721	105.000000
I_3-4	ARO:3004623	AAC(3)-IId	320	88.770313	85.330312	112.000000
I_3-4	ARO:3004624	QnrS11	1854	78.696278	66.786246	109.000000
I_3-4	ARO:3004625	QnrS12	1098	85.505282	64.424044	105.000000
I_3-4	ARO:3004626	Erm(49)	840	47.053690	43.931190	96.700000
I_3-4	ARO:3004627	QnrS15	1418	83.286953	65.183216	105.000000
I_3-4	ARO:3004628	AAC(2')-IIa	1	60.000000	49.700000	49.700000
I_3-4	ARO:3004629	AAC(6')-Im	244	64.001639	66.827459	88.200000
I_3-4	ARO:3004632	ADC-62	58	67.125862	72.884483	77.800000
I_3-4	ARO:3004633	ADC-67	101	66.473267	71.827723	84.700000
I_3-4	ARO:3004634	ADC-73	80	66.561250	68.725000	77.800000
I_3-4	ARO:3004635	AAC(6')-Il	153	66.583660	62.737255	108.000000
I_3-4	ARO:3004636	qnrE1	140	59.810714	53.527857	107.000000
I_3-4	ARO:3004637	qnrE2	139	59.905036	53.552518	107.000000
I_3-4	ARO:3004638	AAC(6')-I-48	253	49.338735	48.406719	65.500000
I_3-4	ARO:3004639	Cstr_tetA	19006	51.036273	43.946080	78.200000
I_3-4	ARO:3004640	dfrA15b	1786	74.709910	72.495465	108.000000
I_3-4	ARO:3004641	AAC(6')-I-43	44	58.200000	57.622727	110.000000
I_3-4	ARO:3004642	dfrA3b	13	42.530769	40.561538	50.800000
I_3-4	ARO:3004643	Erm(K)	237	42.501688	40.864135	50.400000
I_3-4	ARO:3004644	Pmir_dfrA6	1581	58.268691	58.415750	102.000000
I_3-4	ARO:3004645	dfrI	3431	53.968173	54.820111	84.000000
I_3-4	ARO:3004647	AQU-2	918	78.538780	82.446841	107.000000
I_3-4	ARO:3004648	AQU-3	627	81.364753	86.617863	107.000000
I_3-4	ARO:3004649	cfr(B)	1445	45.784291	45.017509	88.200000
I_3-4	ARO:3004651	lin	36118	47.166211	45.947993	72.800000
I_3-4	ARO:3004652	Erm(O)-lrm	85	45.935294	40.677647	75.100000
I_3-4	ARO:3004655	nimB	1681	63.721178	64.846222	96.300000
I_3-4	ARO:3004656	Ecol_catII	858	51.782517	55.019814	110.000000
I_3-4	ARO:3004657	catA4	896	55.222879	59.352121	95.500000
I_3-4	ARO:3004658	catA8	958	51.070251	56.867223	107.000000
I_3-4	ARO:3004659	Mef(En2)	1059	60.131539	57.843248	110.000000
I_3-4	ARO:3004660	catB11	4148	65.801929	68.146022	114.000000
I_3-4	ARO:3004661	Saur_FosB	57	61.707018	42.214035	93.200000
I_3-4	ARO:3004662	MCR-3.3	5687	60.547424	65.418569	117.000000
I_3-4	ARO:3004663	FusF	30	51.613333	56.046667	69.300000
I_3-4	ARO:3004665	cmlA8	6235	76.196071	72.763176	108.000000
I_3-4	ARO:3004666	pexA	11	43.209091	40.772727	46.200000
I_3-4	ARO:3004667	Saur_norA	145	47.811034	49.091724	85.900000
I_3-4	ARO:3004668	QnrAS	2096	73.142557	77.734208	103.000000
I_3-4	ARO:3004669	emtA	3	41.766667	39.366667	40.400000
I_3-4	ARO:3004670	FosB1	59	59.779661	40.242373	94.400000
I_3-4	ARO:3004671	FosB4	59	59.779661	40.203390	94.400000
I_3-4	ARO:3004672	FosB5	56	60.278571	40.291071	94.400000
I_3-4	ARO:3004673	FosB6	52	59.425000	40.026923	94.400000
I_3-4	ARO:3004674	FosD	59	62.257627	42.254237	95.100000
I_3-4	ARO:3004675	aphA15	107	55.955140	54.084112	108.000000
I_3-4	ARO:3004677	rmtD2	12	52.091667	48.650000	66.200000
I_3-4	ARO:3004678	rmtE	24	38.533333	41.329167	48.500000
I_3-4	ARO:3004679	rmtE2	24	38.533333	41.329167	48.500000
I_3-4	ARO:3004680	APH(3')-VIIIa	193	52.403109	54.160104	65.900000
I_3-4	ARO:3004682	aadA27	382	82.039267	78.526702	111.000000
I_3-4	ARO:3004683	aadS	2283	98.062856	96.526325	115.000000
I_3-4	ARO:3004684	MCR-9.1	5714	56.530224	60.524974	113.000000
I_3-4	ARO:3004685	MCR-1.5	5987	58.391131	59.764557	103.000000
I_3-4	ARO:3004686	MCR-1.7	6023	58.028956	59.507505	110.000000
I_3-4	ARO:3004687	MCR-1.8	6057	58.155027	59.617484	110.000000
I_3-4	ARO:3004688	MCR-1.11	1	41.700000	43.900000	43.900000
I_3-4	ARO:3004689	MCR-1.12	6071	58.129830	59.605732	110.000000
I_3-4	ARO:3004690	MCR-1.13	6022	58.165477	59.615078	110.000000
I_3-4	ARO:3004691	MCR-3.4	4467	59.914775	63.875263	117.000000
I_3-4	ARO:3004692	aadA10	4320	76.003958	77.902546	109.000000
I_3-4	ARO:3004693	MCR-3.12	3751	62.140682	66.941002	117.000000
I_3-4	ARO:3004694	MCR-4.2	4428	55.482340	59.463392	114.000000
I_3-4	ARO:3004695	MCR-4.3	4101	55.818069	59.997464	114.000000
I_3-4	ARO:3004696	MCR-4.4	4305	55.499930	59.716144	114.000000
I_3-4	ARO:3004697	MCR-4.5	4207	55.660589	60.009437	114.000000
I_3-4	ARO:3004698	MCR-5.2	4268	60.843088	62.034231	115.000000
I_3-4	ARO:3004699	sta	21	45.690476	40.952381	45.400000
I_3-4	ARO:3004704	aadA8b	4777	86.038497	83.856730	110.000000
I_3-4	ARO:3004715	Scoh_vga(E)	29566	48.180106	47.354904	73.600000
I_3-4	ARO:3004719	tet(X3)	959	79.472054	77.135975	108.000000
I_3-4	ARO:3004720	tet(X4)	994	86.552012	83.699095	110.000000
I_3-4	ARO:3004730	tva(A)	12269	47.766061	42.317499	66.200000
I_3-4	ARO:3004734	ARL-1	24	47.337500	50.941667	69.300000
I_3-4	ARO:3004735	ARL-2	23	47.730435	51.430435	69.300000
I_3-4	ARO:3004736	ARL-3	23	47.730435	51.465217	69.700000
I_3-4	ARO:3004737	ARL-4	22	48.236364	52.059091	69.700000
I_3-4	ARO:3004738	ARL-5	18	48.722222	52.122222	69.700000
I_3-4	ARO:3004739	ARL-6	41	43.387805	47.602439	69.300000
I_3-4	ARO:3004740	AST-1	128	47.443750	47.617188	64.300000
I_3-4	ARO:3004745	MIR-23	165	91.141818	92.716970	113.000000
I_3-4	ARO:3004747	BAT-1	346	50.876012	56.634971	88.600000
I_3-4	ARO:3004749	BCL-1	130	54.415385	60.634615	85.500000
I_3-4	ARO:3004751	BES-1	397	72.124181	70.647103	105.000000
I_3-4	ARO:3004753	BIC-1	57	51.159649	53.763158	75.500000
I_3-4	ARO:3004755	BIL-1	4	42.100000	40.700000	43.100000
I_3-4	ARO:3004757	BKC-1	91	56.987912	57.071429	90.500000
I_3-4	ARO:3004759	BPU-1	378	50.145238	56.139683	84.000000
I_3-4	ARO:3004761	BRO-1	136	64.463235	65.348529	104.000000
I_3-4	ARO:3004762	BRO-2	135	64.113333	64.964444	104.000000
I_3-4	ARO:3004764	CBP-1	214	56.550467	60.144393	86.700000
I_3-4	ARO:3004766	CGA-1	481	61.042412	63.245946	94.400000
I_3-4	ARO:3004768	CIA-1	424	59.541745	61.082075	80.100000
I_3-4	ARO:3004769	CIA-2	425	58.917882	60.406353	80.100000
I_3-4	ARO:3004770	CIA-3	424	58.893868	60.037972	78.600000
I_3-4	ARO:3004771	CIA-4	422	59.227725	60.776777	80.100000
I_3-4	ARO:3004773	CKO-1	631	58.368780	59.382409	80.500000
I_3-4	ARO:3004775	CME-1	439	59.335763	60.571071	85.500000
I_3-4	ARO:3004777	CMH-1	98	79.024490	85.178571	113.000000
I_3-4	ARO:3004778	CMY-135	22	98.809091	102.772727	114.000000
I_3-4	ARO:3004780	DES-1	151	60.633775	57.637086	101.000000
I_3-4	ARO:3004782	ERP-1	221	56.529412	57.646154	83.200000
I_3-4	ARO:3004784	FAR-1	43	59.227907	59.004651	80.900000
I_3-4	ARO:3004786	FIM-1	1	38.800000	41.200000	41.200000
I_3-4	ARO:3004788	FONA-1	104	69.411538	72.907692	109.000000
I_3-4	ARO:3004789	FONA-2	97	69.767010	73.164948	109.000000
I_3-4	ARO:3004790	FONA-3	123	67.927642	70.486179	109.000000
I_3-4	ARO:3004791	FONA-4	103	69.532039	73.002913	109.000000
I_3-4	ARO:3004792	FONA-5	120	69.231667	72.125833	109.000000
I_3-4	ARO:3004793	FONA-6	119	68.166387	70.818487	109.000000
I_3-4	ARO:3004795	FPH-1	2	45.900000	40.800000	41.200000
I_3-4	ARO:3004797	FRI-1	7	56.300000	55.385714	75.100000
I_3-4	ARO:3004798	FRI-2	23	57.082609	54.060870	75.500000
I_3-4	ARO:3004799	FRI-3	22	56.822727	53.840909	75.500000
I_3-4	ARO:3004801	FTU-1	5	40.200000	40.680000	46.600000
I_3-4	ARO:3004802	GOB-10	24	52.458333	52.362500	84.300000
I_3-4	ARO:3004803	GOB-11	32	51.259375	47.006250	94.700000
I_3-4	ARO:3004804	GOB-12	38	50.984211	46.826316	94.700000
I_3-4	ARO:3004805	GOB-13	30	50.760000	47.440000	84.300000
I_3-4	ARO:3004806	GOB-14	28	51.117857	47.746429	84.300000
I_3-4	ARO:3004807	GOB-15	27	51.344444	47.800000	84.300000
I_3-4	ARO:3004808	GOB-16	30	51.203333	50.626667	95.500000
I_3-4	ARO:3004809	GOB-2	122	49.129508	44.836066	94.400000
I_3-4	ARO:3004810	GOB-3	26	51.353846	48.419231	76.600000
I_3-4	ARO:3004811	GOB-4	23	51.186957	49.682609	83.600000
I_3-4	ARO:3004812	GOB-5	24	51.400000	50.241667	94.400000
I_3-4	ARO:3004813	GOB-6	130	49.338462	45.150000	94.400000
I_3-4	ARO:3004814	GOB-7	38	53.115789	49.242105	94.400000
I_3-4	ARO:3004815	GOB-8	21	52.523810	51.347619	84.300000
I_3-4	ARO:3004816	GOB-9	23	53.000000	52.873913	84.300000
I_3-4	ARO:3004823	IMP-52	7	48.228571	46.957143	53.900000
I_3-4	ARO:3004825	LAP-1	296	60.104054	60.004392	104.000000
I_3-4	ARO:3004826	LAP-2	309	59.988350	59.459223	104.000000
I_3-4	ARO:3004827	LEN-35	24	66.991667	67.004167	105.000000
I_3-4	ARO:3004828	LEN-36	23	67.508696	70.013043	105.000000
I_3-4	ARO:3004829	LEN-37	6	93.333333	96.366667	105.000000
I_3-4	ARO:3004837	OXA-724	1470	78.482109	80.761905	117.000000
I_3-4	ARO:3004838	LEN-30	24	67.241667	69.354167	105.000000
I_3-4	ARO:3004839	LEN-32	3	99.333333	99.266667	99.800000
I_3-4	ARO:3004840	LEN-34	11	81.518182	78.154545	105.000000
I_3-4	ARO:3004841	LEN-38	15	72.660000	70.473333	102.000000
I_3-4	ARO:3004842	LEN-39	11	86.390909	83.218182	101.000000
I_3-4	ARO:3004843	LEN-40	7	92.571429	87.200000	102.000000
I_3-4	ARO:3004844	LEN-41	11	93.254545	94.936364	102.000000
I_3-4	ARO:3004845	LEN-42	13	86.007692	81.546154	102.000000
I_3-4	ARO:3004846	LEN-43	12	84.383333	79.683333	102.000000
I_3-4	ARO:3004847	LEN-51	8	88.375000	84.175000	103.000000
I_3-4	ARO:3004848	LEN-55	6	99.666667	100.583333	105.000000
I_3-4	ARO:3004849	LEN-58	11	75.800000	76.318182	105.000000
I_3-4	ARO:3004856	SCO-1	706	56.638952	59.248159	82.000000
I_3-4	ARO:3004862	NDM-19	14	98.871429	87.035714	110.000000
I_3-4	ARO:3004863	NDM-20	14	88.078571	87.178571	110.000000
I_3-4	ARO:3004864	NDM-21	14	90.957143	79.628571	110.000000
I_3-4	ARO:3004865	NDM-22	15	99.866667	98.380000	110.000000
I_3-4	ARO:3004866	NDM-23	18	99.238889	87.316667	110.000000
I_3-4	ARO:3004867	NDM-24	23	92.500000	83.786957	110.000000
I_3-4	ARO:3004868	NDM-25	19	99.278947	87.605263	110.000000
I_3-4	ARO:3004869	NDM-26	16	89.087500	84.681250	110.000000
I_3-4	ARO:3004870	NDM-27	17	99.311765	88.329412	110.000000
I_3-4	ARO:3004871	NDM-28	16	99.750000	97.887500	110.000000
I_3-4	ARO:3005006	tet(57)	2864	58.835649	57.198080	97.800000
I_3-4	ARO:3005008	TxR	26310	54.649399	55.213941	82.800000
I_3-4	ARO:3005009	qacE	5812	71.637990	63.551979	101.000000
I_3-4	ARO:3005010	qacEdelta1	5770	76.712912	67.127938	107.000000
I_3-4	ARO:3005012	IDC-1	412	61.843689	60.561165	112.000000
I_3-4	ARO:3005013	IDC-2	356	60.391292	59.696910	110.000000
I_3-4	ARO:3005015	VMB-1	60	54.065000	58.195000	72.800000
I_3-4	ARO:3005016	CMY-150	87	66.573563	76.328736	112.000000
I_3-4	ARO:3005018	LMB-1	35	47.751429	47.808571	72.400000
I_3-4	ARO:3005019	IMP-68	4	64.550000	56.700000	58.900000
I_3-4	ARO:3005021	cfr(D)	1201	48.049459	46.063947	82.000000
I_3-4	ARO:3005023	cfrE	2005	47.620599	45.906534	103.000000
I_3-4	ARO:3005024	FosL1	512	60.025977	61.624805	82.000000
I_3-4	ARO:3005027	FRI-4	17	54.135294	52.223529	75.500000
I_3-4	ARO:3005028	FRI-5	31	50.812903	49.777419	75.500000
I_3-4	ARO:3005029	FRI-6	19	54.547368	53.705263	75.500000
I_3-4	ARO:3005030	FRI-7	18	55.311111	54.033333	75.500000
I_3-4	ARO:3005031	FRI-8	19	51.752632	48.321053	61.600000
I_3-4	ARO:3005032	FRI-9	16	53.631250	51.293750	73.900000
I_3-4	ARO:3005033	FLC-1	17	52.488235	48.547059	61.600000
I_3-4	ARO:3005035	YRC-1	232	79.931034	84.398707	101.000000
I_3-4	ARO:3005036	BLMT	57	56.150877	58.289474	79.700000
I_3-4	ARO:3005037	ADC-159	10	64.280000	73.550000	82.800000
I_3-4	ARO:3005038	PDC-65	18	59.294444	52.583333	77.000000
I_3-4	ARO:3005039	PDC-55	1	63.200000	45.400000	45.400000
I_3-4	ARO:3005040	YajC	1938	54.688029	54.807688	102.000000
I_3-4	ARO:3005043	cmlA9	5001	55.043191	53.120876	107.000000
I_3-4	ARO:3005044	OmpA	8145	64.635948	60.933076	114.000000
I_3-4	ARO:3005045	SatA	32	53.937500	58.178125	67.400000
I_3-4	ARO:3005046	MecI_rep	81	40.374074	42.235802	57.800000
I_3-4	ARO:3005047	eptB	4000	80.768075	83.006150	114.000000
I_3-4	ARO:3005049	CrcB	70	48.782857	49.575714	101.000000
I_3-4	ARO:3005051	LpsB	1278	69.212598	69.292879	105.000000
I_3-4	ARO:3005052	LpsA	100	49.223000	47.546000	81.300000
I_3-4	ARO:3005053	ArnT	3287	70.979130	72.892820	115.000000
I_3-4	ARO:3005056	tet(X6)	894	80.454474	81.813087	112.000000
I_3-4	ARO:3005057	tet(X5)	947	83.009926	82.156811	112.000000
I_3-4	ARO:3005059	LptD	7386	72.645816	76.690888	115.000000
I_3-4	ARO:3005060	OXA-837	67	46.986567	49.977612	74.300000
I_3-4	ARO:3005061	AAC(3)-IVb	38	57.034211	51.542105	90.900000
I_3-4	ARO:3005062	ANT(3'')-Ib	265	49.772075	51.196604	78.600000
I_3-4	ARO:3005063	cprR	28358	48.064458	47.460554	74.700000
I_3-4	ARO:3005064	cprS	172	40.443023	42.514535	63.500000
I_3-4	ARO:3005067	ParS	3932	50.490641	49.777772	79.700000
I_3-4	ARO:3005068	ParR	23440	48.162564	49.994326	92.000000
I_3-4	ARO:3005069	rsmA	2199	78.990859	61.686903	96.700000
I_3-4	ARO:3005072	ROB-13	185	54.029730	53.375676	73.200000
I_3-4	ARO:3005073	ROB-3	174	54.397126	53.611494	73.200000
I_3-4	ARO:3005074	ROB-4	169	54.260355	53.563314	73.200000
I_3-4	ARO:3005075	ROB-5	217	53.565899	53.009677	73.200000
I_3-4	ARO:3005076	ROB-6	200	53.174000	52.837500	73.200000
I_3-4	ARO:3005077	ROB-7	199	53.457789	53.045226	73.200000
I_3-4	ARO:3005078	ROB-8	195	53.365641	52.954872	73.200000
I_3-4	ARO:3005079	ROB-2	169	53.376331	52.469231	64.300000
I_3-4	ARO:3005080	ROB-10	195	53.626667	53.207692	73.200000
I_3-4	ARO:3005084	dfrA31	1746	56.906873	57.251489	102.000000
I_3-4	ARO:3005085	AAC(3)-IIg	275	70.284727	71.090182	106.000000
I_3-4	ARO:3005087	msrF	25419	48.894225	50.094528	100.000000
I_3-4	ARO:3005088	msrH	28324	48.817642	49.738769	97.400000
I_3-4	ARO:3005089	mef(D)	1602	57.783458	54.340762	100.000000
I_3-4	ARO:3005090	RanB	3886	57.781266	55.820355	95.900000
I_3-4	ARO:3005091	RanA	14738	53.305917	51.608923	102.000000
I_3-4	ARO:3005093	OXA-899	117	54.182906	56.567521	69.700000
I_3-4	ARO:3005094	OXA-898	159	45.167296	48.071069	77.800000
I_3-4	ARO:3005096	GPC-1	91	56.804396	57.556044	90.100000
I_3-4	ARO:3005097	mecC-type_BlaZ	11	56.600000	60.181818	85.500000
I_3-4	ARO:3005098	qacL	5015	66.276889	61.712403	101.000000
I_3-4	ARO:3005099	Spyo_ErmA_MLSb	1116	64.262366	60.733781	100.000000
I_3-4	ARO:3005100	FosB2	8	51.812500	48.850000	82.400000
I_3-4	ARO:3005111	blaS1	43	60.620930	60.048837	92.400000
I_3-4	ARO:3005112	AAC(6')-Ib-cr3	1870	94.966096	90.705722	110.000000
I_3-4	ARO:3005114	AAC(6')-Ib-cr4	1955	95.035652	90.236982	110.000000
I_3-4	ARO:3005115	AAC(6')-Ib-cr5	1968	95.407317	90.184451	110.000000
I_3-4	ARO:3005116	AAC(6')-Ib-cr6	1945	94.564062	89.859897	109.000000
I_3-4	ARO:3005117	AAC(6')-Ib-cr7	1967	95.067870	89.821708	110.000000
I_3-4	ARO:3005118	AAC(6')-Ib-cr8	1872	95.512179	90.007906	109.000000
I_3-4	ARO:3005119	AAC(6')-Ib-cr9	1859	96.364497	90.656105	110.000000
I_3-4	ARO:3005121	lsaD	9244	45.533362	43.571776	98.600000
I_3-4	ARO:3005122	PDC-68	6	67.566667	66.750000	77.000000
I_3-4	ARO:3005123	PDC-70	9	64.222222	63.855556	77.000000
I_3-4	ARO:3005124	PDC-63	27	55.314815	56.122222	70.900000
I_3-4	ARO:3005125	PDC-57	23	52.682609	46.452174	72.000000
I_3-4	ARO:3005126	PDC-66	22	53.981818	57.113636	77.000000
I_3-4	ARO:3005129	PDC-51	5	60.520000	62.100000	72.800000
I_3-4	ARO:3005130	OXA-846	120	51.080833	56.038333	73.600000
I_3-4	ARO:3005131	NDM-29	14	99.021429	93.071429	110.000000
I_3-4	ARO:3005133	PDC-62	159	55.000629	55.937736	80.100000
I_3-4	ARO:3005136	OXA-906	73	54.373973	59.594521	73.200000
I_3-4	ARO:3005137	PDC-59	8	61.750000	70.725000	83.600000
I_3-4	ARO:3005138	OXA-850	102	51.097059	55.140196	73.200000
I_3-4	ARO:3005139	PDC-67	8	46.725000	39.837500	43.500000
I_3-4	ARO:3005140	PDC-56	5	66.460000	69.560000	77.000000
I_3-4	ARO:3005141	PDC-52	1	62.000000	59.700000	59.700000
I_3-4	ARO:3005143	PDC-240	9	45.044444	49.111111	52.400000
I_3-4	ARO:3005144	PDC-61	2	45.000000	40.050000	41.600000
I_3-4	ARO:3005145	PDC-45	3	65.800000	70.866667	72.800000
I_3-4	ARO:3005146	PDC-49	8	48.112500	53.387500	72.000000
I_3-4	ARO:3005148	PDC-48	6	65.533333	52.183333	71.200000
I_3-4	ARO:3005150	PAC-1	367	70.223706	68.291553	114.000000
I_3-4	ARO:3005151	PDC-53	3	65.600000	70.333333	72.400000
I_3-4	ARO:3005152	PDC-72	2	64.000000	69.900000	72.400000
I_3-4	ARO:3005153	PDC-69	2	43.900000	45.800000	50.400000
I_3-4	ARO:3005155	PDC-23	10	62.400000	70.210000	83.600000
I_3-4	ARO:3005156	PDC-28	3	56.966667	60.333333	72.400000
I_3-4	ARO:3005157	PDC-41	153	54.613725	55.586275	80.100000
I_3-4	ARO:3005158	OXA-668	211	75.319905	79.069194	100.000000
I_3-4	ARO:3005159	OXA-818	18	47.377778	49.150000	54.300000
I_3-4	ARO:3005160	OXA-812	22	43.745455	47.759091	56.200000
I_3-4	ARO:3005162	FosA7.5	521	63.282917	64.859309	100.000000
I_3-4	ARO:3005164	dfrA35	2711	55.816120	55.392696	81.300000
I_3-4	ARO:3005166	tet(X1)	1265	62.762292	56.805059	108.000000
I_3-4	ARO:3005176	CMY-158	66	97.659091	104.139394	108.000000
I_3-4	ARO:3005177	CMY-173	65	98.147692	104.553846	108.000000
I_3-4	ARO:3005180	CMY-147	2	100.000000	110.000000	110.000000
I_3-4	ARO:3005181	CMY-146	139	75.011511	83.304317	110.000000
I_3-4	ARO:3005182	CMY-156	7	88.085714	96.000000	110.000000
I_3-4	ARO:3005183	CMY-160	2	100.000000	110.000000	110.000000
I_3-4	ARO:3005185	CMY-140	134	74.079104	82.412687	93.600000
I_3-4	ARO:3005187	CMY-161	4	53.800000	43.000000	43.100000
I_3-4	ARO:3005189	CMY-166	11	64.463636	56.954545	87.400000
I_3-4	ARO:3005190	CMY-149	3	100.000000	102.666667	104.000000
I_3-4	ARO:3005191	CMY-139	8	95.937500	101.912500	109.000000
I_3-4	ARO:3005192	CMY-148	8	95.937500	101.912500	109.000000
I_3-4	ARO:3005193	CMY-163	3	91.166667	94.100000	95.900000
I_3-4	ARO:3005194	CMY-154	5	100.000000	107.200000	110.000000
I_3-4	ARO:3005196	CMY-141	5	100.000000	107.200000	110.000000
I_3-4	ARO:3005197	CMY-145	187	88.765241	92.696257	110.000000
I_3-4	ARO:3005198	CMY-157	159	74.104403	76.973585	110.000000
I_3-4	ARO:3005199	CMY-171	1	73.600000	74.700000	74.700000
I_3-4	ARO:3005200	CMY-155	46	78.982609	85.280435	111.000000
I_3-4	ARO:3005210	SHV-195	12	61.191667	60.300000	86.700000
I_3-4	ARO:3005211	SHV-201	3	47.300000	50.033333	53.100000
I_3-4	ARO:3005212	SHV-212	3	47.300000	50.033333	53.100000
I_3-4	ARO:3005213	SHV-204	36	49.897222	51.500000	106.000000
I_3-4	ARO:3005214	SHV-197	1	74.000000	80.900000	80.900000
I_3-4	ARO:3005215	SHV-216	3	64.666667	64.433333	68.600000
I_3-4	ARO:3005216	CMY-152	58	85.091379	93.412069	109.000000
I_3-4	ARO:3005217	CMY-151	47	51.978723	63.357447	111.000000
I_3-4	ARO:3005218	CMY-153	1	76.000000	86.700000	86.700000
I_3-4	ARO:3005219	CMY-144	64	75.659375	79.957812	110.000000
I_3-4	ARO:3005220	CMY-138	66	99.633333	106.312121	110.000000
I_3-4	ARO:3005221	MCR-3.41	3329	62.894863	68.017843	117.000000
I_3-4	ARO:3005222	OXA-544	1262	74.418384	75.677575	117.000000
I_3-4	ARO:3005223	SHV-194	1	52.000000	56.600000	56.600000
I_3-4	ARO:3005226	SHV-208	21	59.290476	61.747619	67.800000
I_3-4	ARO:3005229	SHV-196	4	59.625000	44.950000	50.400000
I_3-4	ARO:3005231	SHV-219	4	58.600000	44.750000	48.500000
I_3-4	ARO:3005232	SHV-199	9	53.388889	56.400000	60.100000
I_3-4	ARO:3005233	SHV-227	3	62.466667	63.666667	69.700000
I_3-4	ARO:3005234	SHV-223	3	76.433333	79.466667	97.800000
I_3-4	ARO:3005235	SHV-214	1	58.500000	51.200000	51.200000
I_3-4	ARO:3005236	SHV-207	1	57.100000	58.200000	58.200000
I_3-4	ARO:3005238	SHV-218	46	64.371739	65.552174	79.300000
I_3-4	ARO:3005239	SHV-193	12	49.575000	50.291667	62.000000
I_3-4	ARO:3005241	SHV-225	22	51.636364	53.118182	74.700000
I_3-4	ARO:3005242	SHV-209	1	61.700000	65.500000	65.500000
I_3-4	ARO:3005244	ADC-181	14	63.464286	70.278571	82.800000
I_3-4	ARO:3005245	ADC-182	5	60.080000	61.220000	67.400000
I_3-4	ARO:3005246	ADC-183	10	66.090000	73.870000	82.800000
I_3-4	ARO:3005248	SHV-200	1	100.000000	97.100000	97.100000
I_3-4	ARO:3005249	SHV-203	10	56.080000	54.390000	60.500000
I_3-4	ARO:3005250	SHV-217	1	100.000000	98.200000	98.200000
I_3-4	ARO:3005253	SHV-202	2	33.000000	39.100000	39.300000
I_3-4	ARO:3005255	TEM-224	2	61.850000	58.350000	79.000000
I_3-4	ARO:3005256	TEM-225	19	64.152632	65.657895	107.000000
I_3-4	ARO:3005257	TEM-226	1	68.000000	68.600000	68.600000
I_3-4	ARO:3005258	TEM-227	124	58.277419	49.252419	82.400000
I_3-4	ARO:3005260	TEM-229	5	47.940000	51.760000	53.500000
I_3-4	ARO:3005261	TEM-230	5	66.720000	68.780000	90.900000
I_3-4	ARO:3005263	TEM-232	2	73.000000	78.950000	99.000000
I_3-4	ARO:3005269	TEM-238	129	62.224031	63.446512	68.900000
I_3-4	ARO:3005270	TEM-240	53	58.984906	58.716981	107.000000
I_3-4	ARO:3005271	TEM-241	68	60.211765	56.450000	82.400000
I_3-4	ARO:3005273	TEM-243	1	93.800000	37.700000	37.700000
I_3-4	ARO:3005275	PDC-438	13	64.084615	59.315385	77.000000
I_3-4	ARO:3005276	PDC-284	8	67.462500	63.637500	77.000000
I_3-4	ARO:3005277	PDC-105	1	72.900000	77.000000	77.000000
I_3-4	ARO:3005278	PDC-118	4	45.975000	53.900000	67.000000
I_3-4	ARO:3005279	PDC-324	11	65.345455	59.100000	77.000000
I_3-4	ARO:3005280	PDC-323	5	60.980000	63.000000	68.900000
I_3-4	ARO:3005281	PDC-258	1	61.700000	56.600000	56.600000
I_3-4	ARO:3005282	PDC-413	1	72.900000	77.000000	77.000000
I_3-4	ARO:3005283	PDC-384	8	53.562500	52.462500	62.400000
I_3-4	ARO:3005284	PDC-264	6	57.666667	63.666667	72.400000
I_3-4	ARO:3005285	PDC-201	8	45.437500	49.612500	52.400000
I_3-4	ARO:3005286	PDC-346	2	64.000000	69.900000	72.400000
I_3-4	ARO:3005288	PDC-337	3	58.733333	50.300000	63.500000
I_3-4	ARO:3005289	PDC-212	2	64.000000	69.900000	72.400000
I_3-4	ARO:3005290	PDC-352	10	48.750000	52.780000	69.700000
I_3-4	ARO:3005291	PDC-464	30	49.603333	44.823333	72.000000
I_3-4	ARO:3005292	PDC-19b	9	53.700000	49.233333	73.900000
I_3-4	ARO:3005293	PDC-380	1	46.700000	47.000000	47.000000
I_3-4	ARO:3005294	PDC-461	19	48.157895	40.673684	58.900000
I_3-4	ARO:3005295	PDC-19a	1	72.900000	77.000000	77.000000
I_3-4	ARO:3005296	PDC-272	1	46.700000	47.000000	47.000000
I_3-4	ARO:3005297	PDC-255	10	49.150000	53.670000	72.400000
I_3-4	ARO:3005298	PDC-293	1	42.900000	41.200000	41.200000
I_3-4	ARO:3005299	PDC-183	1	70.000000	72.400000	72.400000
I_3-4	ARO:3005300	PDC-207	37	52.683784	58.513514	70.900000
I_3-4	ARO:3005302	PDC-376	3	44.333333	43.866667	53.100000
I_3-4	ARO:3005303	PDC-117	37	52.645946	59.135135	68.600000
I_3-4	ARO:3005304	PDC-231	1	100.000000	102.000000	102.000000
I_3-4	ARO:3005305	PDC-104	22	56.045455	56.022727	68.200000
I_3-4	ARO:3005306	PDC-173	7	68.285714	58.385714	102.000000
I_3-4	ARO:3005307	PDC-292	4	54.400000	51.800000	60.100000
I_3-4	ARO:3005309	PDC-119	1	47.900000	45.400000	45.400000
I_3-4	ARO:3005310	PDC-313	18	55.505556	53.577778	70.100000
I_3-4	ARO:3005312	PDC-429	1	42.900000	41.200000	41.200000
I_3-4	ARO:3005313	PDC-449	3	63.300000	65.866667	68.900000
I_3-4	ARO:3005314	OXA-540	1281	74.312100	77.074005	117.000000
I_3-4	ARO:3005315	OXA-779	1057	63.078430	65.897540	118.000000
I_3-4	ARO:3005316	OXA-838	1204	79.019103	80.251993	117.000000
I_3-4	ARO:3005317	OXA-539	298	77.527852	81.904362	113.000000
I_3-4	ARO:3005318	OXA-543	870	85.022069	84.666667	117.000000
I_3-4	ARO:3005319	OXA-681	1404	75.100570	77.264245	117.000000
I_3-4	ARO:3005320	OXA-737	1192	78.234228	79.457299	117.000000
I_3-4	ARO:3005321	OXA-541	1001	80.212088	81.170629	117.000000
I_3-4	ARO:3005322	OXA-835	1030	63.556990	66.499223	118.000000
I_3-4	ARO:3005323	OXA-926	26	53.480769	55.353846	94.000000
I_3-4	ARO:3005324	OXA-570	168	46.147619	47.423810	76.600000
I_3-4	ARO:3005325	OXA-573	146	46.874658	47.900685	76.300000
I_3-4	ARO:3005326	OXA-571	181	44.453591	47.922652	77.800000
I_3-4	ARO:3005327	OXA-672	68	64.919118	69.310294	93.200000
I_3-4	ARO:3005328	OXA-671	27	64.511111	66.388889	93.200000
I_3-4	ARO:3005329	OXA-673	70	62.258571	65.088571	93.200000
I_3-4	ARO:3005330	OXA-931	113	71.686726	74.295575	102.000000
I_3-4	ARO:3005331	OXA-930	170	71.630000	74.025882	100.000000
I_3-4	ARO:3005332	OXA-895	170	69.666471	72.214118	102.000000
I_3-4	ARO:3005333	OXA-641	1506	53.506906	58.306707	108.000000
I_3-4	ARO:3005334	DfrA42_TMP	14	45.942857	39.471429	42.000000
I_3-4	ARO:3005335	OXA-496	69	67.465217	67.497101	105.000000
I_3-4	ARO:3005336	OXA-915	59	66.389831	69.057627	105.000000
I_3-4	ARO:3005337	OXA-647	78	73.807692	75.211538	105.000000
I_3-4	ARO:3005338	OXA-648	81	56.332099	56.324691	91.300000
I_3-4	ARO:3005339	OXA-646	37	62.051351	62.613514	108.000000
I_3-4	ARO:3005340	OXA-649	76	68.300000	71.305263	98.600000
I_3-4	ARO:3005341	OXA-897	16	76.137500	72.618750	104.000000
I_3-4	ARO:3005342	OXA-653	16	75.743750	72.718750	104.000000
I_3-4	ARO:3005343	OXA-499	38	72.468421	75.481579	98.200000
I_3-4	ARO:3005344	OXA-825	37	71.718919	74.789189	98.200000
I_3-4	ARO:3005345	DfrA43_TMP	1136	50.515757	49.510035	79.300000
I_3-4	ARO:3005346	DfrA34	1	35.700000	39.300000	39.300000
I_3-4	ARO:3005347	DfrA37	1918	70.173097	69.090146	107.000000
I_3-4	ARO:3005348	DfrA36	1366	50.459151	51.770571	77.400000
I_3-4	ARO:3005349	DfrA38	1812	55.167826	55.684437	94.700000
I_3-4	ARO:3005350	DfrB9	164	81.475000	75.923171	106.000000
I_3-4	ARO:3005351	DfrA39	2766	49.871909	51.569234	97.100000
I_3-4	ARO:3005354	dfr22	2857	52.359118	52.984844	103.000000
I_3-4	ARO:3005356	KPC-23	17	67.505882	66.605882	104.000000
I_3-4	ARO:3005358	KPC-26	5	100.000000	102.400000	104.000000
I_3-4	ARO:3005361	KPC-28	70	75.602857	74.471429	108.000000
I_3-4	ARO:3005363	KPC-32	1	51.100000	47.800000	47.800000
I_3-4	ARO:3005368	KPC-36	1	58.000000	60.100000	60.100000
I_3-4	ARO:3005369	KPC-37	46	40.921739	46.708696	60.800000
I_3-4	ARO:3005371	KPC-39	1	44.700000	38.500000	38.500000
I_3-4	ARO:3005373	KPC-41	1	54.900000	59.300000	59.300000
I_3-4	ARO:3005375	KPC-43	1	47.400000	39.300000	39.300000
I_3-4	ARO:3005376	KPC-45	5	56.720000	56.680000	67.000000
I_3-4	ARO:3005380	KPC-51	3	51.500000	47.866667	53.500000
I_3-4	ARO:3005381	KPC-52	1	55.100000	59.700000	59.700000
I_3-4	ARO:3005382	KPC-54	1	52.500000	45.400000	45.400000
I_3-4	ARO:3005461	EBR-3	23	56.591304	61.586957	105.000000
I_3-4	ARO:3005462	EBR-4	25	55.676000	61.092000	106.000000
I_3-4	ARO:3005463	IMP-53	13	60.369231	55.346154	86.300000
I_3-4	ARO:3005464	IMP-54	12	49.191667	54.108333	63.200000
I_3-4	ARO:3005465	IMP-58	4	72.850000	78.775000	106.000000
I_3-4	ARO:3005466	IMP-59	17	50.917647	52.441176	106.000000
I_3-4	ARO:3005467	IMP-60	5	56.880000	52.120000	60.800000
I_3-4	ARO:3005468	IMP-61	7	48.228571	46.957143	53.900000
I_3-4	ARO:3005469	IMP-62	13	64.930769	60.230769	106.000000
I_3-4	ARO:3005471	IMP-64	5	45.340000	50.520000	60.500000
I_3-4	ARO:3005472	IMP-65	12	49.191667	54.108333	63.200000
I_3-4	ARO:3005473	IMP-66	7	48.228571	46.957143	53.900000
I_3-4	ARO:3005474	IMP-67	4	44.525000	49.950000	60.500000
I_3-4	ARO:3005475	IMP-69	3	61.700000	70.100000	70.100000
I_3-4	ARO:3005476	IMP-70	7	48.228571	46.957143	53.900000
I_3-4	ARO:3005477	IMP-71	5	53.940000	61.920000	70.100000
I_3-4	ARO:3005478	IMP-73	6	68.616667	65.283333	106.000000
I_3-4	ARO:3005479	IMP-74	4	62.525000	67.400000	69.700000
I_3-4	ARO:3005480	IMP-75	5	53.940000	61.920000	70.100000
I_3-4	ARO:3005481	IMP-76	6	50.483333	47.983333	53.900000
I_3-4	ARO:3005482	IMP-77	7	48.457143	48.114286	53.900000
I_3-4	ARO:3005483	IMP-78	3	39.100000	44.133333	48.500000
I_3-4	ARO:3005484	IMP-79	4	42.575000	42.550000	44.700000
I_3-4	ARO:3005485	IMP-80	3	39.100000	44.133333	48.500000
I_3-4	ARO:3005486	IMP-81	6	69.016667	65.216667	106.000000
I_3-4	ARO:3005487	IMP-82	15	58.840000	52.480000	86.300000
I_3-4	ARO:3005488	IMP-83	5	53.940000	61.920000	70.100000
I_3-4	ARO:3005489	IMP-84	3	50.533333	45.700000	53.500000
I_3-4	ARO:3005490	IMP-85	6	70.100000	65.350000	106.000000
I_3-4	ARO:3005491	IMP-88	3	39.100000	44.133333	48.500000
I_3-4	ARO:3005492	IMP-89	6	58.600000	53.483333	106.000000
I_3-4	ARO:3005493	IND-16	6	63.633333	66.416667	82.800000
I_3-4	ARO:3005494	SIM-2	3	45.933333	49.000000	60.800000
I_3-4	ARO:3005495	VIM-47	5	46.340000	52.520000	63.900000
I_3-4	ARO:3005496	VIM-48	7	99.714286	102.542857	106.000000
I_3-4	ARO:3005497	VIM-49	2	51.300000	49.100000	59.700000
I_3-4	ARO:3005498	VIM-50	5	88.520000	91.580000	106.000000
I_3-4	ARO:3005499	VIM-51	8	92.500000	96.662500	106.000000
I_3-4	ARO:3005500	VIM-52	7	50.314286	64.414286	73.200000
I_3-4	ARO:3005501	VIM-53	7	99.714286	102.542857	106.000000
I_3-4	ARO:3005502	VIM-54	2	40.900000	41.600000	45.100000
I_3-4	ARO:3005503	VIM-55	27	46.829630	51.903704	67.800000
I_3-4	ARO:3005504	VIM-56	7	99.714286	102.542857	106.000000
I_3-4	ARO:3005505	VIM-57	6	47.816667	58.483333	65.100000
I_3-4	ARO:3005506	VIM-58	6	99.666667	102.300000	106.000000
I_3-4	ARO:3005507	VIM-59	17	47.758824	52.711765	66.200000
I_3-4	ARO:3005508	VIM-60	11	72.481818	77.163636	106.000000
I_3-4	ARO:3005509	VIM-61	37	48.262162	50.983784	63.900000
I_3-4	ARO:3005510	VIM-62	4	99.500000	102.750000	106.000000
I_3-4	ARO:3005511	VIM-63	8	86.500000	88.475000	106.000000
I_3-4	ARO:3005513	VIM-65	3	80.000000	85.166667	100.000000
I_3-4	ARO:3005514	VIM-66	8	62.412500	68.875000	106.000000
I_3-4	ARO:3005515	VIM-67	2	99.000000	100.000000	100.000000
I_3-4	ARO:3005516	VIM-68	4	48.675000	62.975000	65.100000
I_3-4	ARO:3005517	VIM-69	36	48.950000	51.800000	67.000000
I_3-4	ARO:3005518	VIM-70	2	43.750000	55.100000	62.800000
I_3-4	ARO:3005519	VIM-71	14	47.450000	51.500000	72.400000
I_3-4	ARO:3005520	VIM-72	2	100.000000	105.500000	106.000000
I_3-4	ARO:3005521	VIM-73	1	100.000000	105.000000	105.000000
I_3-4	ARO:3005522	BlaB-1	5	48.480000	59.060000	74.300000
I_3-4	ARO:3005523	BlaB-10	1	58.700000	72.000000	72.000000
I_3-4	ARO:3005524	BlaB-11	5	48.480000	59.060000	74.300000
I_3-4	ARO:3005525	BlaB-12	3	44.333333	54.166667	67.000000
I_3-4	ARO:3005526	BlaB-13	5	48.500000	56.980000	73.900000
I_3-4	ARO:3005527	BlaB-14	9	47.066667	57.100000	74.300000
I_3-4	ARO:3005528	BlaB-15	1	50.000000	67.000000	67.000000
I_3-4	ARO:3005529	BlaB-16	16	45.462500	55.843750	74.300000
I_3-4	ARO:3005530	BlaB-17	5	48.480000	59.060000	74.300000
I_3-4	ARO:3005531	BlaB-18	6	46.916667	55.950000	74.300000
I_3-4	ARO:3005532	BlaB-19	3	44.333333	54.166667	67.000000
I_3-4	ARO:3005533	BlaB-2	4	52.275000	63.425000	74.300000
I_3-4	ARO:3005534	BlaB-20	4	52.275000	63.425000	74.300000
I_3-4	ARO:3005535	BlaB-22	1	50.000000	67.000000	67.000000
I_3-4	ARO:3005536	BlaB-23	3	44.333333	54.033333	67.000000
I_3-4	ARO:3005537	BlaB-24	1	50.000000	67.000000	67.000000
I_3-4	ARO:3005538	BlaB-25	1	50.000000	67.000000	67.000000
I_3-4	ARO:3005542	BlaB-29	4	50.825000	59.875000	73.900000
I_3-4	ARO:3005543	BlaB-3	1	38.000000	43.500000	43.500000
I_3-4	ARO:3005544	BlaB-30	4	52.275000	63.425000	74.300000
I_3-4	ARO:3005545	BlaB-31	3	53.366667	65.866667	73.200000
I_3-4	ARO:3005546	BlaB-32	6	50.150000	63.416667	74.300000
I_3-4	ARO:3005547	BlaB-33	4	52.275000	63.425000	74.300000
I_3-4	ARO:3005548	BlaB-34	1	50.000000	67.000000	67.000000
I_3-4	ARO:3005549	BlaB-35	1	38.000000	43.500000	43.500000
I_3-4	ARO:3005551	BlaB-38	16	45.462500	55.868750	74.300000
I_3-4	ARO:3005553	BlaB-5	8	44.650000	53.150000	72.400000
I_3-4	ARO:3005554	BlaB-6	7	44.500000	53.100000	72.400000
I_3-4	ARO:3005555	BlaB-7	1	58.700000	72.000000	72.000000
I_3-4	ARO:3005557	BlaB-9	14	43.114286	50.885714	72.400000
I_3-4	ARO:3005558	BUT-2	166	57.033735	60.713253	92.000000
I_3-4	ARO:3005559	CARB-11	333	72.603003	71.671772	105.000000
I_3-4	ARO:3005560	CARB-24	291	60.131271	60.601031	77.800000
I_3-4	ARO:3005561	CARB-25	236	60.047881	60.907203	77.800000
I_3-4	ARO:3005562	CARB-26	197	59.440609	60.214213	77.800000
I_3-4	ARO:3005563	CARB-27	184	59.612500	60.415217	77.800000
I_3-4	ARO:3005564	CARB-28	242	56.326860	59.001653	77.800000
I_3-4	ARO:3005565	CARB-29	157	59.062420	60.210191	77.800000
I_3-4	ARO:3005566	CARB-30	68	58.585294	57.770588	75.100000
I_3-4	ARO:3005567	CARB-31	141	59.001418	59.586525	75.100000
I_3-4	ARO:3005568	CARB-32	44	53.972727	54.875000	75.100000
I_3-4	ARO:3005569	CARB-33	111	59.214414	60.853153	75.100000
I_3-4	ARO:3005570	CARB-34	93	56.451613	58.749462	76.600000
I_3-4	ARO:3005571	CARB-35	93	58.688172	60.463441	75.100000
I_3-4	ARO:3005572	CARB-36	112	59.012500	60.712500	75.100000
I_3-4	ARO:3005573	CARB-38	78	59.450000	60.705128	73.200000
I_3-4	ARO:3005574	CARB-40	80	58.586250	60.767500	75.100000
I_3-4	ARO:3005575	CARB-41	65	59.352308	61.458462	75.100000
I_3-4	ARO:3005576	CARB-42	357	59.017087	61.884874	74.700000
I_3-4	ARO:3005577	CARB-43	201	63.838308	62.833831	75.500000
I_3-4	ARO:3005578	CARB-44	86	55.604651	58.127907	75.100000
I_3-4	ARO:3005579	CARB-45	70	58.404286	60.811429	76.600000
I_3-4	ARO:3005580	CARB-46	233	64.080258	63.565665	75.100000
I_3-4	ARO:3005581	CARB-47	61	51.562295	55.867213	75.100000
I_3-4	ARO:3005582	CARB-48	38	54.276316	57.278947	75.100000
I_3-4	ARO:3005583	CARB-49	868	65.272350	67.173618	108.000000
I_3-4	ARO:3005584	CARB-50	847	65.362102	67.504368	108.000000
I_3-4	ARO:3005585	CARB-51	369	71.310569	70.786721	108.000000
I_3-4	ARO:3005586	CARB-52	305	70.016721	69.817705	108.000000
I_3-4	ARO:3005587	CARB-53	312	73.877564	72.561859	108.000000
I_3-4	ARO:3005588	CARB-54	963	65.395119	67.692212	108.000000
I_3-4	ARO:3005589	CARB-55	299	74.145485	73.039799	108.000000
I_3-4	ARO:3005590	CTX-M-167	1	96.000000	105.000000	105.000000
I_3-4	ARO:3005593	CTX-M-170	3	57.100000	58.666667	69.700000
I_3-4	ARO:3005594	CTX-M-171	103	76.133981	74.242718	106.000000
I_3-4	ARO:3005596	CTX-M-173	1	62.500000	64.300000	64.300000
I_3-4	ARO:3005597	CTX-M-174	45	72.660000	78.404444	88.600000
I_3-4	ARO:3005598	CTX-M-175	10	75.090000	74.480000	103.000000
I_3-4	ARO:3005599	CTX-M-176	1	44.400000	45.400000	45.400000
I_3-4	ARO:3005602	CTX-M-179	55	65.292727	71.025455	97.400000
I_3-4	ARO:3005606	CTX-M-183	1	55.100000	48.900000	48.900000
I_3-4	ARO:3005608	CTX-M-185	21	78.180952	75.723810	105.000000
I_3-4	ARO:3005613	CTX-M-190	2	100.000000	96.450000	97.400000
I_3-4	ARO:3005615	CTX-M-192	6	62.783333	71.966667	86.300000
I_3-4	ARO:3005616	CTX-M-193	5	42.080000	41.300000	42.400000
I_3-4	ARO:3005618	CTX-M-195	45	72.660000	78.404444	88.600000
I_3-4	ARO:3005619	CTX-M-196	39	73.202564	79.535897	88.600000
I_3-4	ARO:3005621	CTX-M-198	4	75.475000	69.900000	75.100000
I_3-4	ARO:3005622	CTX-M-199	52	71.280769	79.507692	89.400000
I_3-4	ARO:3005623	CTX-M-200	95	78.790526	76.149474	106.000000
I_3-4	ARO:3005625	CTX-M-202	77	61.028571	68.700000	84.000000
I_3-4	ARO:3005627	CTX-M-204	2	59.000000	61.800000	69.700000
I_3-4	ARO:3005628	CTX-M-205	29	75.082759	71.706897	104.000000
I_3-4	ARO:3005630	CTX-M-207	9	68.011111	75.522222	97.400000
I_3-4	ARO:3005631	CTX-M-208	4	67.450000	73.000000	77.800000
I_3-4	ARO:3005635	CTX-M-212	3	83.000000	77.633333	97.400000
I_3-4	ARO:3005636	CTX-M-213	13	76.838462	76.061538	101.000000
I_3-4	ARO:3005639	CTX-M-216	1	52.000000	62.800000	62.800000
I_3-4	ARO:3005640	CTX-M-217	60	68.790000	70.241667	100.000000
I_3-4	ARO:3005642	CTX-M-219	7	63.271429	65.414286	77.800000
I_3-4	ARO:3005643	CTX-M-220	5	41.340000	40.220000	41.600000
I_3-4	ARO:3005644	CTX-M-221	2	70.300000	61.450000	70.100000
I_3-4	ARO:3005645	CTX-M-222	8	69.362500	67.350000	97.400000
I_3-4	ARO:3005646	CTX-M-223	40	72.145000	78.467500	88.600000
I_3-4	ARO:3005648	CTX-M-225	51	69.307843	78.950980	93.600000
I_3-4	ARO:3005649	CTX-M-226	4	80.875000	72.875000	97.400000
I_3-4	ARO:3005651	CTX-M-228	1	66.000000	78.600000	78.600000
I_3-4	ARO:3005652	CTX-M-229	98	75.700000	73.504082	104.000000
I_3-4	ARO:3005654	CTX-M-231	1	56.300000	55.100000	55.100000
I_3-4	ARO:3005655	CTX-M-232	1	62.200000	40.800000	40.800000
I_3-4	ARO:3005656	CTX-M-233	33	71.539394	77.303030	88.600000
I_3-4	ARO:3005657	CTX-M-234	53	70.571698	78.886792	89.400000
I_3-4	ARO:3005660	CTX-M-237	1	57.100000	57.800000	57.800000
I_3-4	ARO:3005661	CTX-M-238	1	62.200000	40.400000	40.400000
I_3-4	ARO:3005662	CTX-M-239	6	62.783333	71.966667	86.300000
I_3-4	ARO:3005663	CTX-M-240	30	71.186667	77.163333	88.600000
I_3-4	ARO:3005664	CTX-M-241	33	72.660606	68.142424	99.800000
I_3-4	ARO:3005665	CTX-M-242	60	70.733333	74.640000	88.600000
I_3-4	ARO:3005666	CTX-M-244	1	100.000000	100.000000	100.000000
I_3-4	ARO:3005667	CTX-M-97	75	81.346667	80.757333	106.000000
I_3-4	ARO:3005668	GOB-19	28	51.207143	46.646429	94.700000
I_3-4	ARO:3005669	GOB-20	22	53.090909	52.863636	84.300000
I_3-4	ARO:3005670	GOB-21	18	52.527778	49.305556	94.400000
I_3-4	ARO:3005671	GOB-22	32	50.718750	50.003125	98.600000
I_3-4	ARO:3005672	GOB-23	23	53.243478	50.143478	84.300000
I_3-4	ARO:3005673	GOB-24	125	49.013600	45.068000	94.400000
I_3-4	ARO:3005674	GOB-25	28	51.332143	45.842857	94.700000
I_3-4	ARO:3005675	GOB-26	29	50.148276	47.041379	84.300000
I_3-4	ARO:3005676	GOB-27	31	50.896774	50.187097	98.600000
I_3-4	ARO:3005677	GOB-28	125	49.300000	44.316000	68.900000
I_3-4	ARO:3005678	GOB-29	36	52.400000	50.086111	94.400000
I_3-4	ARO:3005679	GOB-30	127	49.435433	45.500787	81.600000
I_3-4	ARO:3005680	GOB-31	30	51.876667	48.740000	81.600000
I_3-4	ARO:3005681	GOB-32	31	50.054839	46.851613	94.700000
I_3-4	ARO:3005682	GOB-33	19	54.526316	54.478947	86.300000
I_3-4	ARO:3005683	GOB-34	18	54.450000	52.872222	84.700000
I_3-4	ARO:3005684	GOB-35	19	54.305263	52.689474	86.300000
I_3-4	ARO:3005685	GOB-36	11	53.663636	49.809091	86.300000
I_3-4	ARO:3005686	GOB-37	19	54.284211	52.794737	86.300000
I_3-4	ARO:3005687	GOB-38	15	51.060000	50.813333	76.600000
I_3-4	ARO:3005688	GOB-39	12	50.575000	47.858333	74.300000
I_3-4	ARO:3005689	GOB-40	125	49.138400	45.117600	83.600000
I_3-4	ARO:3005690	GOB-41	128	49.414062	44.285156	68.900000
I_3-4	ARO:3005691	GOB-42	11	51.645455	48.536364	74.300000
I_3-4	ARO:3005692	GOB-43	120	48.902500	44.523333	68.900000
I_3-4	ARO:3005693	GOB-44	28	51.425000	50.928571	98.600000
I_3-4	ARO:3005694	GOB-45	118	48.751695	44.272881	68.900000
I_3-4	ARO:3005695	GOB-46	27	50.837037	50.037037	98.600000
I_3-4	ARO:3005696	GOB-48	11	51.836364	50.372727	76.600000
I_3-4	ARO:3005697	GOB-49	31	50.767742	48.164516	81.600000
I_3-4	ARO:3005698	GOB-50	12	52.200000	52.183333	76.600000
I_3-4	ARO:3005699	GOB-51	18	54.011111	52.044444	86.300000
I_3-4	ARO:3005700	NDM-30	15	99.353333	92.746667	107.000000
I_3-4	ARO:3005701	NDM-31	8	99.750000	95.625000	105.000000
I_3-4	ARO:3005702	OXA-114b	65	51.080000	48.718462	78.600000
I_3-4	ARO:3005703	OXA-114c	37	49.910811	49.875676	78.600000
I_3-4	ARO:3005704	OXA-114d	60	50.880000	48.476667	78.600000
I_3-4	ARO:3005705	OXA-114e	58	51.172414	48.270690	78.600000
I_3-4	ARO:3005706	OXA-114f	60	50.838333	49.018333	78.600000
I_3-4	ARO:3005707	OXA-114g	90	53.025556	49.518889	78.600000
I_3-4	ARO:3005708	OXA-114h	57	50.836842	49.242105	78.600000
I_3-4	ARO:3005709	OXA-114i	45	52.895556	49.526667	78.600000
I_3-4	ARO:3005710	OXA-114j	21	51.223810	55.580952	78.600000
I_3-4	ARO:3005711	OXA-114k	29	50.596552	50.327586	78.600000
I_3-4	ARO:3005712	OXA-114l	32	50.240625	51.859375	78.600000
I_3-4	ARO:3005713	OXA-114m	29	49.372414	51.034483	78.600000
I_3-4	ARO:3005714	OXA-114n	24	52.166667	53.204167	79.000000
I_3-4	ARO:3005715	OXA-114p	16	52.437500	48.487500	66.600000
I_3-4	ARO:3005716	OXA-114q	41	49.656098	49.302439	78.600000
I_3-4	ARO:3005717	OXA-114r	44	49.100000	48.093182	78.600000
I_3-4	ARO:3005718	OXA-114s	26	49.107692	50.023077	78.600000
I_3-4	ARO:3005719	OXA-114t	26	50.369231	49.900000	78.600000
I_3-4	ARO:3005720	OXA-114u	21	52.685714	53.100000	80.100000
I_3-4	ARO:3005721	OXA-114v	23	51.030435	50.382609	78.600000
I_3-4	ARO:3005722	OXA-114w	19	49.105263	49.131579	65.100000
I_3-4	ARO:3005723	OXA-114x	38	48.676316	47.794737	65.100000
I_3-4	ARO:3005724	OXA-489	19	51.431579	48.242105	58.500000
I_3-4	ARO:3005725	OXA-491	3362	70.094765	73.700000	111.000000
I_3-4	ARO:3005726	OXA-493	55	48.752727	47.183636	56.600000
I_3-4	ARO:3005727	OXA-494	137	56.607299	57.921168	73.900000
I_3-4	ARO:3005728	OXA-497	1	38.800000	37.700000	37.700000
I_3-4	ARO:3005729	OXA-498	391	88.501279	85.085934	112.000000
I_3-4	ARO:3005730	OXA-500	119	76.037815	80.043697	93.200000
I_3-4	ARO:3005731	OXA-501	129	75.251938	77.397674	109.000000
I_3-4	ARO:3005732	OXA-502	121	75.438017	77.989256	108.000000
I_3-4	ARO:3005733	OXA-503	162	75.574691	77.543210	93.200000
I_3-4	ARO:3005734	OXA-504	1666	89.841056	89.955342	115.000000
I_3-4	ARO:3005735	OXA-505	67	62.032836	66.174627	111.000000
I_3-4	ARO:3005736	OXA-506	147	74.910884	76.623129	93.200000
I_3-4	ARO:3005737	OXA-507	2	72.450000	76.850000	99.400000
I_3-4	ARO:3005739	OXA-509	6	64.100000	67.983333	76.600000
I_3-4	ARO:3005740	OXA-510	53	70.973585	76.311321	82.000000
I_3-4	ARO:3005742	OXA-512	337	96.098813	94.996736	107.000000
I_3-4	ARO:3005743	OXA-513	42	46.128571	45.892857	70.100000
I_3-4	ARO:3005744	OXA-514	68	58.486765	62.585294	111.000000
I_3-4	ARO:3005745	OXA-515	130	51.609231	55.882308	111.000000
I_3-4	ARO:3005746	OXA-516	3	73.666667	74.333333	75.500000
I_3-4	ARO:3005747	OXA-517	531	57.107345	56.389642	110.000000
I_3-4	ARO:3005748	OXA-518	51	48.254902	48.425490	70.900000
I_3-4	ARO:3005749	OXA-519	41	63.300000	67.378049	111.000000
I_3-4	ARO:3005750	OXA-520	2240	96.427500	90.389241	111.000000
I_3-4	ARO:3005751	OXA-521	1	52.100000	48.100000	48.100000
I_3-4	ARO:3005752	OXA-522	100	73.232000	73.942000	92.000000
I_3-4	ARO:3005753	OXA-523	4	71.400000	76.375000	76.600000
I_3-4	ARO:3005754	OXA-524	4	71.400000	76.375000	76.600000
I_3-4	ARO:3005755	OXA-525	1	70.000000	72.400000	72.400000
I_3-4	ARO:3005756	OXA-526	91	75.315385	78.578022	108.000000
I_3-4	ARO:3005757	OXA-527	39	67.761538	72.684615	88.600000
I_3-4	ARO:3005758	OXA-528	1	98.000000	99.400000	99.400000
I_3-4	ARO:3005759	OXA-529	1	86.400000	81.300000	81.300000
I_3-4	ARO:3005761	OXA-531	2	78.600000	78.600000	81.300000
I_3-4	ARO:3005763	OXA-533	76	74.984211	78.678947	93.200000
I_3-4	ARO:3005764	OXA-534	1088	95.167739	90.724816	113.000000
I_3-4	ARO:3005766	OXA-537	36	66.566667	62.908333	104.000000
I_3-4	ARO:3005767	OXA-538	388	52.917784	58.540206	106.000000
I_3-4	ARO:3005768	OXA-542	85	64.792941	67.575294	100.000000
I_3-4	ARO:3005770	OXA-546	185	51.349730	53.478919	111.000000
I_3-4	ARO:3005771	OXA-547	178	51.423596	53.553933	111.000000
I_3-4	ARO:3005772	OXA-548	383	50.557180	51.681201	103.000000
I_3-4	ARO:3005773	OXA-549	422	50.342180	51.632938	100.000000
I_3-4	ARO:3005774	OXA-550	369	50.672900	51.514634	103.000000
I_3-4	ARO:3005775	OXA-551	439	50.520729	51.026879	103.000000
I_3-4	ARO:3005776	OXA-552	417	50.363309	51.723981	100.000000
I_3-4	ARO:3005777	OXA-553	371	50.582749	51.903235	103.000000
I_3-4	ARO:3005782	OXA-558	10	76.340000	82.790000	88.200000
I_3-4	ARO:3005784	OXA-560	1	98.000000	99.400000	99.400000
I_3-4	ARO:3005785	OXA-561	3	75.333333	80.233333	83.200000
I_3-4	ARO:3005786	OXA-562	58	71.244828	76.443103	89.000000
I_3-4	ARO:3005787	OXA-563	14	63.171429	67.514286	91.700000
I_3-4	ARO:3005788	OXA-564	84	75.196429	79.265476	93.200000
I_3-4	ARO:3005789	OXA-565	4	70.075000	75.175000	84.300000
I_3-4	ARO:3005790	OXA-566	71	53.128169	54.529577	111.000000
I_3-4	ARO:3005791	OXA-567	525	57.887619	58.320000	110.000000
I_3-4	ARO:3005792	OXA-568	95	62.693684	65.548421	94.000000
I_3-4	ARO:3005793	OXA-569	165	59.375758	60.776970	71.200000
I_3-4	ARO:3005794	OXA-572	126	57.053968	59.241270	73.900000
I_3-4	ARO:3005795	OXA-574	159	59.752830	60.999371	71.200000
I_3-4	ARO:3005796	OXA-575	43	56.748837	61.332558	70.900000
I_3-4	ARO:3005797	OXA-576	35	47.751429	45.042857	57.800000
I_3-4	ARO:3005798	OXA-577	24	45.108333	41.966667	47.400000
I_3-4	ARO:3005799	OXA-578	21	47.952381	44.495238	55.500000
I_3-4	ARO:3005800	OXA-579	23	47.060870	43.856522	55.500000
I_3-4	ARO:3005801	OXA-580	28	44.464286	41.782143	53.500000
I_3-4	ARO:3005802	OXA-581	23	45.321739	42.400000	53.500000
I_3-4	ARO:3005803	OXA-582	18	46.238889	42.983333	53.500000
I_3-4	ARO:3005804	OXA-583	49	47.563265	43.214286	57.800000
I_3-4	ARO:3005805	OXA-584	7	45.085714	40.800000	45.800000
I_3-4	ARO:3005806	OXA-585	4	42.875000	39.075000	40.800000
I_3-4	ARO:3005807	OXA-586	1	40.800000	40.800000	40.800000
I_3-4	ARO:3005809	OXA-588	13	51.338462	45.800000	54.700000
I_3-4	ARO:3005810	OXA-589	37	46.889189	42.435135	47.000000
I_3-4	ARO:3005812	OXA-591	1	57.100000	48.900000	48.900000
I_3-4	ARO:3005814	OXA-593	6	57.666667	55.450000	58.500000
I_3-4	ARO:3005816	OXA-595	9	49.155556	46.611111	52.800000
I_3-4	ARO:3005817	OXA-596	1	57.100000	48.900000	48.900000
I_3-4	ARO:3005819	OXA-598	22	46.872727	43.854545	55.500000
I_3-4	ARO:3005820	OXA-599	55	47.916364	45.389091	59.300000
I_3-4	ARO:3005821	OXA-600	1	44.200000	38.900000	38.900000
I_3-4	ARO:3005822	OXA-601	21	45.490476	42.800000	52.800000
I_3-4	ARO:3005823	OXA-602	62	46.953226	42.837097	55.500000
I_3-4	ARO:3005824	OXA-603	35	46.662857	43.271429	55.500000
I_3-4	ARO:3005825	OXA-604	62	46.953226	42.837097	55.500000
I_3-4	ARO:3005826	OXA-605	12	43.233333	41.158333	46.600000
I_3-4	ARO:3005828	OXA-607	36	46.658333	43.213889	55.500000
I_3-4	ARO:3005832	OXA-611	2	53.300000	39.650000	40.000000
I_3-4	ARO:3005833	OXA-612	4	40.425000	39.450000	40.800000
I_3-4	ARO:3005834	OXA-613	15	48.813333	48.213333	59.300000
I_3-4	ARO:3005835	OXA-614	15	48.813333	48.213333	59.300000
I_3-4	ARO:3005836	OXA-615	17	49.688235	47.623529	59.300000
I_3-4	ARO:3005837	OXA-616	35	46.874286	42.997143	57.400000
I_3-4	ARO:3005838	OXA-617	29	56.993103	48.127586	56.200000
I_3-4	ARO:3005839	OXA-618	33	58.196970	50.748485	58.900000
I_3-4	ARO:3005840	OXA-619	23	56.486957	48.552174	56.200000
I_3-4	ARO:3005841	OXA-620	16	48.868750	41.093750	44.700000
I_3-4	ARO:3005842	OXA-621	40	39.897500	39.720000	42.400000
I_3-4	ARO:3005843	OXA-622	49	43.167347	40.524490	48.900000
I_3-4	ARO:3005844	OXA-623	24	46.395833	45.945833	58.900000
I_3-4	ARO:3005845	OXA-624	49	43.253061	40.477551	48.900000
I_3-4	ARO:3005846	OXA-625	39	52.515385	48.674359	58.900000
I_3-4	ARO:3005847	OXA-626	29	51.013793	49.568966	58.900000
I_3-4	ARO:3005848	OXA-627	21	52.561905	47.990476	53.900000
I_3-4	ARO:3005849	OXA-628	15	48.153333	47.953333	58.500000
I_3-4	ARO:3005850	OXA-629	24	53.100000	51.229167	58.900000
I_3-4	ARO:3005851	OXA-630	33	51.093939	50.784848	59.300000
I_3-4	ARO:3005852	OXA-631	30	52.453333	49.673333	58.900000
I_3-4	ARO:3005853	OXA-632	22	51.390909	50.763636	58.900000
I_3-4	ARO:3005854	OXA-633	27	49.951852	50.833333	59.300000
I_3-4	ARO:3005855	OXA-634	18	50.794444	50.277778	58.900000
I_3-4	ARO:3005856	OXA-635	5	41.060000	43.440000	54.300000
I_3-4	ARO:3005857	OXA-636	11	45.736364	47.027273	58.500000
I_3-4	ARO:3005858	OXA-637	23	47.782609	49.017391	59.300000
I_3-4	ARO:3005859	OXA-638	25	48.708000	43.604000	57.400000
I_3-4	ARO:3005860	OXA-639	25	51.632000	46.592000	59.300000
I_3-4	ARO:3005861	OXA-640	16	48.906250	48.568750	59.300000
I_3-4	ARO:3005862	OXA-642	23	67.152174	69.256522	81.600000
I_3-4	ARO:3005863	OXA-643	432	86.703704	84.183565	112.000000
I_3-4	ARO:3005864	OXA-644	453	86.356512	84.005298	112.000000
I_3-4	ARO:3005865	OXA-645	482	85.844606	83.707261	113.000000
I_3-4	ARO:3005866	OXA-650	492	85.749593	84.100407	110.000000
I_3-4	ARO:3005867	OXA-651	492	86.405285	84.569919	112.000000
I_3-4	ARO:3005868	OXA-652	486	86.290123	84.293621	113.000000
I_3-4	ARO:3005869	OXA-654	26	69.465385	78.946154	86.700000
I_3-4	ARO:3005870	OXA-655	2106	92.823172	89.325546	111.000000
I_3-4	ARO:3005871	OXA-656	2420	93.782934	91.220496	111.000000
I_3-4	ARO:3005872	OXA-657	17	50.882353	57.900000	84.300000
I_3-4	ARO:3005873	OXA-658	24	52.604167	51.470833	58.900000
I_3-4	ARO:3005874	OXA-659	1	57.100000	48.900000	48.900000
I_3-4	ARO:3005875	OXA-660	41	47.234146	43.768293	61.600000
I_3-4	ARO:3005876	OXA-661	55	69.552727	76.798182	86.300000
I_3-4	ARO:3005877	OXA-662	412	86.091505	83.813592	112.000000
I_3-4	ARO:3005878	OXA-666	37	59.100000	53.072973	93.200000
I_3-4	ARO:3005879	OXA-667	206	75.500000	78.912621	100.000000
I_3-4	ARO:3005880	OXA-669	106	72.950000	74.076415	100.000000
I_3-4	ARO:3005881	OXA-670	13	58.138462	62.938462	89.700000
I_3-4	ARO:3005882	OXA-674	71	66.192958	68.954930	93.600000
I_3-4	ARO:3005883	OXA-675	1077	94.188579	89.777437	113.000000
I_3-4	ARO:3005884	OXA-676	373	82.373727	75.657641	112.000000
I_3-4	ARO:3005885	OXA-677	2262	95.718479	89.807869	111.000000
I_3-4	ARO:3005886	OXA-678	8	68.275000	74.412500	108.000000
I_3-4	ARO:3005887	OXA-679	125	65.527200	65.878400	85.100000
I_3-4	ARO:3005888	OXA-680	1	51.100000	62.800000	62.800000
I_3-4	ARO:3005890	OXA-683	47	63.980851	57.972340	80.500000
I_3-4	ARO:3005891	OXA-684	31	67.635484	58.748387	80.500000
I_3-4	ARO:3005892	OXA-685	1	53.100000	58.500000	58.500000
I_3-4	ARO:3005893	OXA-686	20	50.535000	53.785000	76.600000
I_3-4	ARO:3005894	OXA-687	3	71.400000	76.400000	76.600000
I_3-4	ARO:3005898	OXA-691	13	78.838462	86.261538	91.300000
I_3-4	ARO:3005899	OXA-692	2	49.500000	51.200000	54.300000
I_3-4	ARO:3005903	OXA-696	2	78.600000	78.600000	81.300000
I_3-4	ARO:3005904	OXA-697	31	67.635484	58.748387	80.500000
I_3-4	ARO:3005910	OXA-703	2	85.000000	93.350000	94.700000
I_3-4	ARO:3005914	OXA-707	1	80.000000	87.400000	87.400000
I_3-4	ARO:3005916	OXA-709	1	53.100000	58.500000	58.500000
I_3-4	ARO:3005918	OXA-711	1	86.400000	82.400000	82.400000
I_3-4	ARO:3005920	OXA-713	1	51.100000	62.800000	62.800000
I_3-4	ARO:3005921	OXA-714	1	53.100000	58.500000	58.500000
I_3-4	ARO:3005924	OXA-717	4	66.325000	73.000000	76.600000
I_3-4	ARO:3005931	OXA-726	1409	80.698722	84.892477	117.000000
I_3-4	ARO:3005932	OXA-727	201	74.216915	73.443284	100.000000
I_3-4	ARO:3005933	OXA-728	228	74.673246	76.467544	99.400000
I_3-4	ARO:3005934	OXA-729	214	47.300935	49.411215	66.600000
I_3-4	ARO:3005935	OXA-730	117	65.642735	66.022222	85.100000
I_3-4	ARO:3005936	OXA-731	453	51.324283	54.077925	108.000000
I_3-4	ARO:3005937	OXA-732	1304	60.479601	64.944402	119.000000
I_3-4	ARO:3005940	OXA-735	8	61.500000	65.775000	82.800000
I_3-4	ARO:3005941	OXA-736	340	89.040588	83.955000	112.000000
I_3-4	ARO:3005943	OXA-739	7	53.000000	57.614286	60.500000
I_3-4	ARO:3005945	OXA-741	26	68.257692	57.292308	75.500000
I_3-4	ARO:3005948	OXA-744	1	70.800000	75.900000	75.900000
I_3-4	ARO:3005949	OXA-745	3	71.400000	76.400000	76.600000
I_3-4	ARO:3005950	OXA-746	2	65.550000	75.100000	87.400000
I_3-4	ARO:3005953	OXA-749	2	79.200000	87.400000	87.400000
I_3-4	ARO:3005957	OXA-753	1	74.000000	75.500000	75.500000
I_3-4	ARO:3005959	OXA-755	41	71.024390	74.821951	91.300000
I_3-4	ARO:3005961	OXA-757	1	100.000000	99.800000	99.800000
I_3-4	ARO:3005963	OXA-759	8	56.450000	52.662500	76.300000
I_3-4	ARO:3005964	OXA-760	1	69.400000	74.700000	74.700000
I_3-4	ARO:3005967	OXA-763	1	53.100000	58.500000	58.500000
I_3-4	ARO:3005968	OXA-764	9	76.066667	82.311111	87.400000
I_3-4	ARO:3005970	OXA-766	43	71.713953	84.841860	87.800000
I_3-4	ARO:3005973	OXA-769	1	51.100000	62.800000	62.800000
I_3-4	ARO:3005975	OXA-771	1	51.100000	62.800000	62.800000
I_3-4	ARO:3005977	OXA-773	1	51.100000	62.800000	62.800000
I_3-4	ARO:3005980	OXA-776	1	51.100000	62.000000	62.000000
I_3-4	ARO:3005981	OXA-777	13	50.553846	55.669231	79.700000
I_3-4	ARO:3005982	OXA-778	92	76.589130	79.332609	93.200000
I_3-4	ARO:3005983	OXA-780	1530	94.292157	93.286013	115.000000
I_3-4	ARO:3005984	OXA-781	26	68.257692	57.292308	75.500000
I_3-4	ARO:3005985	OXA-782	1	51.100000	62.800000	62.800000
I_3-4	ARO:3005986	OXA-783	14	44.792857	48.057143	70.900000
I_3-4	ARO:3005987	OXA-784	40	46.997500	42.277500	47.000000
I_3-4	ARO:3005988	OXA-785	26	50.984615	47.780769	58.900000
I_3-4	ARO:3005989	OXA-786	41	46.700000	43.158537	55.500000
I_3-4	ARO:3005990	OXA-787	40	46.250000	45.992500	66.600000
I_3-4	ARO:3005991	OXA-788	1018	55.263752	56.970236	110.000000
I_3-4	ARO:3005992	OXA-789	40	46.602500	46.385000	71.200000
I_3-4	ARO:3005993	OXA-793	509	57.488998	56.804126	110.000000
I_3-4	ARO:3005994	OXA-794	2082	97.986744	91.900720	111.000000
I_3-4	ARO:3005995	OXA-795	2271	95.889036	89.813166	111.000000
I_3-4	ARO:3005996	OXA-796	1088	95.315717	90.904044	113.000000
I_3-4	ARO:3005998	OXA-798	35	64.734286	57.711429	87.400000
I_3-4	ARO:3005999	OXA-799	1	51.100000	62.800000	62.800000
I_3-4	ARO:3006000	OXA-800	26	68.257692	57.292308	75.500000
I_3-4	ARO:3006001	OXA-801	20	76.210000	78.805000	94.000000
I_3-4	ARO:3006002	OXA-802	30	66.836667	70.686667	94.000000
I_3-4	ARO:3006003	OXA-803	80	75.168750	78.621250	93.200000
I_3-4	ARO:3006004	OXA-804	14	72.800000	74.000000	86.700000
I_3-4	ARO:3006005	OXA-805	17	74.841176	78.935294	109.000000
I_3-4	ARO:3006006	OXA-806	18	55.394444	51.477778	84.300000
I_3-4	ARO:3006007	OXA-807	6	49.116667	50.950000	54.300000
I_3-4	ARO:3006008	OXA-808	6	49.116667	50.950000	54.300000
I_3-4	ARO:3006009	OXA-809	21	43.661905	47.757143	56.200000
I_3-4	ARO:3006010	OXA-810	2	65.150000	67.000000	80.500000
I_3-4	ARO:3006011	OXA-811	17	54.182353	49.547059	80.500000
I_3-4	ARO:3006013	OXA-814	6	49.116667	50.950000	54.300000
I_3-4	ARO:3006014	OXA-815	23	43.834783	47.586957	57.000000
I_3-4	ARO:3006015	OXA-816	21	43.661905	47.757143	56.200000
I_3-4	ARO:3006016	OXA-817	48	53.718750	58.035417	82.800000
I_3-4	ARO:3006017	OXA-819	22	75.659091	78.386364	108.000000
I_3-4	ARO:3006018	OXA-820	132	72.958333	75.031061	92.000000
I_3-4	ARO:3006019	OXA-821	86	75.102326	79.191860	108.000000
I_3-4	ARO:3006020	OXA-822	26	80.961538	86.907692	108.000000
I_3-4	ARO:3006021	OXA-823	2135	97.143841	91.372272	111.000000
I_3-4	ARO:3006022	OXA-824	2076	98.010983	91.844509	111.000000
I_3-4	ARO:3006023	OXA-826	71	75.559155	78.904225	89.700000
I_3-4	ARO:3006024	OXA-827	2240	95.296250	91.738929	112.000000
I_3-4	ARO:3006025	OXA-828	1	49.000000	55.100000	55.100000
I_3-4	ARO:3006026	OXA-829	26	69.465385	78.946154	86.700000
I_3-4	ARO:3006027	OXA-830	433	73.584988	81.577598	119.000000
I_3-4	ARO:3006028	OXA-831	1	52.100000	48.100000	48.100000
I_3-4	ARO:3006029	OXA-832	26	62.692308	67.088462	85.500000
I_3-4	ARO:3006030	OXA-833	95	73.685263	76.384211	109.000000
I_3-4	ARO:3006031	OXA-834	1	67.300000	75.900000	75.900000
I_3-4	ARO:3006032	OXA-836	638	95.364420	96.279310	106.000000
I_3-4	ARO:3006033	OXA-839	31	49.435484	47.741935	65.100000
I_3-4	ARO:3006034	OXA-840	61	75.696721	78.485246	89.700000
I_3-4	ARO:3006035	OXA-841	8	72.587500	74.025000	108.000000
I_3-4	ARO:3006036	OXA-842	10	57.940000	60.600000	87.800000
I_3-4	ARO:3006037	OXA-843	6	76.500000	82.116667	108.000000
I_3-4	ARO:3006038	OXA-844	27	75.681481	81.892593	98.200000
I_3-4	ARO:3006039	OXA-845	12	48.366667	47.400000	68.600000
I_3-4	ARO:3006040	OXA-847	111	57.644144	57.822523	73.900000
I_3-4	ARO:3006041	OXA-848	116	58.451724	60.821552	74.700000
I_3-4	ARO:3006042	OXA-849	46	52.584783	57.854348	70.100000
I_3-4	ARO:3006043	OXA-851	42	52.564286	57.359524	70.100000
I_3-4	ARO:3006044	OXA-852	42	71.754762	84.880952	87.800000
I_3-4	ARO:3006045	OXA-853	1	53.100000	58.500000	58.500000
I_3-4	ARO:3006046	OXA-854	1	53.100000	58.500000	58.500000
I_3-4	ARO:3006048	OXA-856	1	51.100000	62.800000	62.800000
I_3-4	ARO:3006049	OXA-857	1	80.000000	89.000000	89.000000
I_3-4	ARO:3006051	OXA-859	1	74.000000	75.500000	75.500000
I_3-4	ARO:3006053	OXA-861	1	80.000000	89.000000	89.000000
I_3-4	ARO:3006055	OXA-863	1	51.100000	62.800000	62.800000
I_3-4	ARO:3006056	OXA-864	1	53.100000	58.500000	58.500000
I_3-4	ARO:3006058	OXA-866	3	72.966667	80.000000	81.300000
I_3-4	ARO:3006059	OXA-867	1	85.100000	89.000000	89.000000
I_3-4	ARO:3006060	OXA-868	1	53.100000	58.500000	58.500000
I_3-4	ARO:3006061	OXA-869	1	51.000000	54.700000	54.700000
I_3-4	ARO:3006063	OXA-871	9	72.488889	76.977778	89.700000
I_3-4	ARO:3006066	OXA-874	1	48.900000	61.200000	61.200000
I_3-4	ARO:3006067	OXA-875	1	70.800000	75.900000	75.900000
I_3-4	ARO:3006070	OXA-878	26	68.257692	57.292308	75.500000
I_3-4	ARO:3006071	OXA-879	1	70.800000	75.900000	75.900000
I_3-4	ARO:3006072	OXA-880	3	71.400000	76.400000	76.600000
I_3-4	ARO:3006077	OXA-885	18	74.905556	81.794444	91.300000
I_3-4	ARO:3006079	OXA-887	1	48.900000	61.200000	61.200000
I_3-4	ARO:3006080	OXA-888	39	71.164103	83.092308	89.700000
I_3-4	ARO:3006082	OXA-890	3	71.400000	76.400000	76.600000
I_3-4	ARO:3006086	OXA-894	161	50.015528	51.844720	111.000000
I_3-4	ARO:3006087	OXA-896	152	59.005263	65.344737	109.000000
I_3-4	ARO:3006088	OXA-900	515	49.261553	50.795922	96.300000
I_3-4	ARO:3006089	OXA-901	30	54.473333	59.163333	70.100000
I_3-4	ARO:3006090	OXA-902	88	58.381818	60.479545	74.300000
I_3-4	ARO:3006091	OXA-903	78	58.651282	57.946154	73.900000
I_3-4	ARO:3006092	OXA-904	117	57.081197	58.235043	73.900000
I_3-4	ARO:3006093	OXA-905	79	50.872152	55.189873	73.200000
I_3-4	ARO:3006094	OXA-907	44	56.650000	60.200000	78.600000
I_3-4	ARO:3006095	OXA-908	173	53.305780	56.732948	74.700000
I_3-4	ARO:3006096	OXA-909	1	53.100000	58.500000	58.500000
I_3-4	ARO:3006098	OXA-911	10	38.300000	49.360000	56.200000
I_3-4	ARO:3006099	OXA-912	1311	79.343555	83.457132	117.000000
I_3-4	ARO:3006100	OXA-913	25	54.312000	60.524000	70.100000
I_3-4	ARO:3006101	OXA-914	116	50.787931	54.958621	73.900000
I_3-4	ARO:3006103	OXA-917	1580	86.303734	88.671709	115.000000
I_3-4	ARO:3006104	OXA-918	158	54.408861	55.582911	111.000000
I_3-4	ARO:3006105	OXA-919	41	52.502439	49.209756	72.000000
I_3-4	ARO:3006106	OXA-920	118	50.924576	53.811864	67.000000
I_3-4	ARO:3006107	OXA-921	1076	94.647677	90.155762	110.000000
I_3-4	ARO:3006108	OXA-922	169	60.018935	61.976331	112.000000
I_3-4	ARO:3006109	OXA-923	92	75.523913	77.650000	111.000000
I_3-4	ARO:3006110	OXA-924	108	68.245370	70.675000	109.000000
I_3-4	ARO:3006111	OXA-925	21	52.261905	53.309524	79.000000
I_3-4	ARO:3006113	OXA-928	2546	91.992419	86.157698	109.000000
I_3-4	ARO:3006114	OXA-929	1024	56.027734	57.934277	110.000000
I_3-4	ARO:3006115	OXA-932	513	90.364717	87.933918	112.000000
I_3-4	ARO:3006116	OXA-935	2019	98.353195	92.242793	111.000000
I_3-4	ARO:3006117	OXA-937	33	54.381818	56.703030	70.100000
I_3-4	ARO:3006118	OXA-938	2	50.000000	41.750000	43.500000
I_3-4	ARO:3006121	OXA-941	85	72.880000	74.981176	89.700000
I_3-4	ARO:3006122	OXA-942	20	71.550000	76.810000	84.700000
I_3-4	ARO:3006123	OXA-943	75	75.836000	79.874667	89.700000
I_3-4	ARO:3006124	OXA-945	74	65.752703	67.443243	98.600000
I_3-4	ARO:3006125	OXA-946	121	65.732231	66.091736	83.600000
I_3-4	ARO:3006126	OXA-947	52	66.482692	67.209615	85.100000
I_3-4	ARO:3006127	OXA-948	132	65.537879	64.712121	85.100000
I_3-4	ARO:3006128	OXA-949	118	63.611017	62.719492	85.100000
I_3-4	ARO:3006129	OXY-2-14	18	57.877778	61.272222	102.000000
I_3-4	ARO:3006130	OXY-2-15	50	49.622000	51.570000	102.000000
I_3-4	ARO:3006131	PER-10	318	75.320440	73.120440	107.000000
I_3-4	ARO:3006132	PER-11	324	74.809568	73.024691	107.000000
I_3-4	ARO:3006133	PER-12	274	77.358394	74.120073	107.000000
I_3-4	ARO:3006134	PER-13	294	77.276190	74.884694	107.000000
I_3-4	ARO:3006135	PER-14	247	74.047368	72.824696	106.000000
I_3-4	ARO:3006136	PER-15	238	84.791176	79.589076	107.000000
I_3-4	ARO:3006137	PER-16	269	77.627881	74.363569	107.000000
I_3-4	ARO:3006138	PER-9	292	77.854110	74.873973	107.000000
I_3-4	ARO:3006139	TEM-98	1	60.500000	58.900000	58.900000
I_3-4	ARO:3006140	TEM-99	1	60.500000	58.900000	58.900000
I_3-4	ARO:3006141	OKP-A-17	47	63.838298	63.212766	102.000000
I_3-4	ARO:3006142	OKP-B-16	7	88.314286	83.557143	102.000000
I_3-4	ARO:3006143	OKP-B-21	31	68.980645	68.132258	100.000000
I_3-4	ARO:3006144	OKP-B-22	7	90.857143	86.542857	98.600000
I_3-4	ARO:3006145	OKP-B-23	4	91.500000	92.600000	102.000000
I_3-4	ARO:3006146	OKP-B-24	15	68.426667	66.580000	98.600000
I_3-4	ARO:3006147	OKP-B-34	21	68.647619	68.328571	101.000000
I_3-4	ARO:3006148	OKP-B-36	6	93.850000	87.783333	102.000000
I_3-4	ARO:3006149	OKP-B-40	19	68.147368	67.594737	101.000000
I_3-4	ARO:3006150	OKP-B-41	6	94.000000	87.450000	102.000000
I_3-4	ARO:3006151	OKP-B-45	19	69.863158	69.589474	101.000000
I_3-4	ARO:3006152	OKP-C-1	45	52.951111	54.511111	105.000000
I_3-4	ARO:3006153	OKP-D-1	131	61.962595	62.047328	72.400000
I_3-4	ARO:3006154	BEL-4	322	58.706211	60.236335	105.000000
I_3-4	ARO:3006155	CME-2	435	59.232874	60.541379	85.500000
I_3-4	ARO:3006156	GES-27	751	99.289481	94.883089	113.000000
I_3-4	ARO:3006157	GES-28	727	98.744017	94.664787	113.000000
I_3-4	ARO:3006158	GES-29	691	99.283647	94.883792	113.000000
I_3-4	ARO:3006159	GES-30	707	91.860679	90.412164	113.000000
I_3-4	ARO:3006160	GES-31	438	99.478539	101.834018	113.000000
I_3-4	ARO:3006161	GES-32	206	78.412136	78.851456	105.000000
I_3-4	ARO:3006162	GES-33	586	89.360239	89.295051	108.000000
I_3-4	ARO:3006163	GES-34	489	97.401022	98.109816	113.000000
I_3-4	ARO:3006164	GES-35	654	84.569878	86.442049	111.000000
I_3-4	ARO:3006165	GES-36	204	98.940686	100.494118	108.000000
I_3-4	ARO:3006166	GES-37	188	98.382447	100.079787	108.000000
I_3-4	ARO:3006167	GES-38	197	99.301523	101.209137	108.000000
I_3-4	ARO:3006168	GES-39	273	70.229670	71.953480	104.000000
I_3-4	ARO:3006169	GES-40	250	79.027600	82.028400	111.000000
I_3-4	ARO:3006170	GES-41	222	68.437387	69.605405	104.000000
I_3-4	ARO:3006172	GES-43	31	98.645161	103.341935	108.000000
I_3-4	ARO:3006173	GES-44	112	98.550000	100.846429	105.000000
I_3-4	ARO:3006174	GES-45	125	94.090400	96.216000	105.000000
I_3-4	ARO:3006175	GES-46	195	95.429231	97.991795	108.000000
I_3-4	ARO:3006176	IMI-12	15	48.793333	47.140000	60.500000
I_3-4	ARO:3006177	IMI-13	19	47.968421	47.747368	74.300000
I_3-4	ARO:3006178	IMI-14	16	47.956250	46.712500	59.700000
I_3-4	ARO:3006179	IMI-15	17	45.447059	43.335294	59.700000
I_3-4	ARO:3006180	IMI-16	7	56.757143	55.400000	74.300000
I_3-4	ARO:3006181	IMI-17	22	46.800000	46.718182	75.100000
I_3-4	ARO:3006182	IMI-18	7	56.757143	55.400000	74.300000
I_3-4	ARO:3006183	IMI-19	5	56.620000	58.140000	74.300000
I_3-4	ARO:3006184	IMI-20	19	44.868421	44.868421	59.700000
I_3-4	ARO:3006185	IMI-21	17	48.094118	48.423529	74.300000
I_3-4	ARO:3006188	KPC-59	1	59.200000	53.100000	53.100000
I_3-4	ARO:3006189	KPC-60	3	55.700000	50.933333	69.300000
I_3-4	ARO:3006192	KPC-63	17	64.529412	50.476471	60.500000
I_3-4	ARO:3006193	KPC-64	1	39.600000	47.000000	47.000000
I_3-4	ARO:3006195	KPC-66	40	84.982500	82.065000	114.000000
I_3-4	ARO:3006197	KPC-72	1	44.700000	38.900000	38.900000
I_3-4	ARO:3006198	KPC-73	1	56.600000	53.500000	53.500000
I_3-4	ARO:3006199	KPC-74	65	79.166154	76.020000	105.000000
I_3-4	ARO:3006205	KPC-80	1	54.900000	59.300000	59.300000
I_3-4	ARO:3006206	KPC-81	31	95.419355	89.151613	114.000000
I_3-4	ARO:3006208	VEB-11	4524	94.725486	91.388705	113.000000
I_3-4	ARO:3006209	VEB-12	3599	94.459044	93.148347	111.000000
I_3-4	ARO:3006210	VEB-13	4328	95.117006	90.379575	111.000000
I_3-4	ARO:3006211	VEB-14	4466	94.038692	89.500694	111.000000
I_3-4	ARO:3006212	VEB-15	3697	96.635028	93.841466	113.000000
I_3-4	ARO:3006213	VEB-17	3020	96.266755	94.401358	113.000000
I_3-4	ARO:3006214	VEB-19	4575	95.042098	93.586120	113.000000
I_3-4	ARO:3006215	VEB-20	4169	96.604917	92.213121	113.000000
I_3-4	ARO:3006216	VEB-21	3582	96.412144	95.423702	113.000000
I_3-4	ARO:3006217	VEB-22	4762	97.554557	94.401323	113.000000
I_3-4	ARO:3006218	VEB-23	4180	97.912847	97.069498	113.000000
I_3-4	ARO:3006219	VEB-24	1823	93.813001	90.561437	113.000000
I_3-4	ARO:3006220	VEB-25	4018	97.582379	93.558039	113.000000
I_3-4	ARO:3006221	VEB-26	3900	97.623821	92.356308	107.000000
I_3-4	ARO:3006222	VEB-27	2657	96.258449	90.315845	113.000000
I_3-4	ARO:3006223	BKC-2	88	56.770455	57.069318	90.500000
I_3-4	ARO:3006224	CepA-29	1237	55.590542	53.126273	114.000000
I_3-4	ARO:3006225	CepA-44	1256	54.781051	53.426115	114.000000
I_3-4	ARO:3006226	CepA-49	1263	55.059066	53.722328	115.000000
I_3-4	ARO:3006227	FRI-10	16	55.812500	50.375000	61.600000
I_3-4	ARO:3006228	ACC-1a	560	56.098929	56.544286	79.700000
I_3-4	ARO:3006229	ACC-1b	557	56.051706	56.532136	79.700000
I_3-4	ARO:3006230	ACC-1c	550	56.057273	56.517273	79.700000
I_3-4	ARO:3006231	ACC-1d	479	56.065762	55.700000	79.700000
I_3-4	ARO:3006232	ACC-7	572	55.588462	56.120979	79.700000
I_3-4	ARO:3006233	ACC-8	570	56.082281	56.594912	79.700000
I_3-4	ARO:3006234	ACT-39	21	81.728571	82.490476	110.000000
I_3-4	ARO:3006235	ACT-40	237	54.613924	49.718987	112.000000
I_3-4	ARO:3006236	ACT-41	75	87.466667	89.401333	113.000000
I_3-4	ARO:3006237	ACT-42	256	57.824609	53.980469	113.000000
I_3-4	ARO:3006238	ACT-43	62	75.709677	76.461290	113.000000
I_3-4	ARO:3006239	ACT-44	64	77.101563	77.810938	113.000000
I_3-4	ARO:3006240	ACT-45	34	88.388235	86.800000	112.000000
I_3-4	ARO:3006241	ACT-46	73	68.172603	66.115068	112.000000
I_3-4	ARO:3006242	ACT-47	22	83.481818	84.754545	112.000000
I_3-4	ARO:3006243	ACT-48	120	81.437500	82.384167	111.000000
I_3-4	ARO:3006244	ACT-49	89	86.521348	85.458427	109.000000
I_3-4	ARO:3006245	ACT-50	34	87.014706	89.929412	111.000000
I_3-4	ARO:3006246	ACT-51	204	87.020098	83.162255	110.000000
I_3-4	ARO:3006247	ACT-52	197	86.317259	81.643655	110.000000
I_3-4	ARO:3006248	ACT-53	53	77.947170	75.124528	111.000000
I_3-4	ARO:3006249	ACT-54	159	82.311321	76.919497	105.000000
I_3-4	ARO:3006250	ACT-55	18	80.250000	81.511111	112.000000
I_3-4	ARO:3006251	ACT-56	42	73.211905	71.714286	112.000000
I_3-4	ARO:3006252	ACT-57	102	95.461765	91.976471	113.000000
I_3-4	ARO:3006253	ACT-58	64	83.048437	86.545313	111.000000
I_3-4	ARO:3006254	ACT-59	20	76.075000	75.280000	107.000000
I_3-4	ARO:3006255	ACT-60	8	75.912500	75.900000	104.000000
I_3-4	ARO:3006256	ACT-61	30	92.296667	92.286667	112.000000
I_3-4	ARO:3006257	ACT-62	65	91.452308	87.555385	111.000000
I_3-4	ARO:3006258	ACT-63	77	80.671429	78.297403	111.000000
I_3-4	ARO:3006259	ACT-64	198	83.596970	79.599495	110.000000
I_3-4	ARO:3006260	ACT-65	43	75.055814	71.988372	112.000000
I_3-4	ARO:3006261	ACT-66	84	64.386905	68.436905	105.000000
I_3-4	ARO:3006262	ACT-67	20	79.565000	81.185000	109.000000
I_3-4	ARO:3006263	ACT-68	92	91.580435	92.506522	112.000000
I_3-4	ARO:3006264	ACT-69	78	63.584615	61.282051	112.000000
I_3-4	ARO:3006265	ACT-70	32	75.650000	71.609375	108.000000
I_3-4	ARO:3006266	ACT-72	32	87.050000	85.200000	112.000000
I_3-4	ARO:3006267	ACT-73	31	75.922581	72.051613	112.000000
I_3-4	ARO:3006268	ACT-74	35	76.260000	73.728571	106.000000
I_3-4	ARO:3006269	ACT-75	55	60.243636	55.925455	106.000000
I_3-4	ARO:3006270	ACT-76	96	84.263542	88.245833	109.000000
I_3-4	ARO:3006271	ACT-77	173	84.782081	90.768208	107.000000
I_3-4	ARO:3006272	ACT-78	104	85.324038	91.971154	110.000000
I_3-4	ARO:3006273	ACT-79	33	59.484848	55.224242	107.000000
I_3-4	ARO:3006274	ACT-80	161	84.319876	91.237267	107.000000
I_3-4	ARO:3006275	ACT-81	32	84.106250	91.162500	107.000000
I_3-4	ARO:3006276	ACT-82	162	83.394444	89.990741	107.000000
I_3-4	ARO:3006277	ACT-83	87	61.211494	57.919540	107.000000
I_3-4	ARO:3006278	ACT-84	43	74.809302	71.462791	107.000000
I_3-4	ARO:3006279	ACT-87	170	86.977647	81.437647	110.000000
I_3-4	ARO:3006281	ADC-101	8	57.625000	57.800000	61.200000
I_3-4	ARO:3006282	ADC-102	78	56.535897	59.826923	71.200000
I_3-4	ARO:3006283	ADC-103	136	64.730147	69.327206	78.600000
I_3-4	ARO:3006284	ADC-104	189	64.094180	64.606878	104.000000
I_3-4	ARO:3006285	ADC-105	218	65.239908	70.769725	107.000000
I_3-4	ARO:3006286	ADC-106	256	64.865625	69.863672	107.000000
I_3-4	ARO:3006287	ADC-107	197	66.297462	71.713198	107.000000
I_3-4	ARO:3006288	ADC-109	49	67.355102	73.153061	77.800000
I_3-4	ARO:3006289	ADC-110	47	67.527660	73.265957	77.800000
I_3-4	ARO:3006290	ADC-112	33	66.130303	71.387879	104.000000
I_3-4	ARO:3006291	ADC-113	52	64.707692	67.140385	104.000000
I_3-4	ARO:3006293	ADC-115	12	67.150000	74.525000	77.800000
I_3-4	ARO:3006294	ADC-116	15	67.033333	74.080000	104.000000
I_3-4	ARO:3006295	ADC-117	2	99.000000	105.500000	107.000000
I_3-4	ARO:3006296	ADC-119	47	60.978723	57.623404	107.000000
I_3-4	ARO:3006297	ADC-120	202	62.304455	64.572277	85.900000
I_3-4	ARO:3006298	ADC-121	84	63.848810	64.665476	74.700000
I_3-4	ARO:3006300	ADC-123	348	64.822989	67.757184	83.200000
I_3-4	ARO:3006301	ADC-125	52	63.686538	65.698077	82.800000
I_3-4	ARO:3006302	ADC-127	162	58.634568	60.254321	85.900000
I_3-4	ARO:3006303	ADC-128	167	59.724551	63.038323	85.900000
I_3-4	ARO:3006304	ADC-129	197	60.569036	63.380203	85.900000
I_3-4	ARO:3006305	ADC-130	145	58.832414	62.439310	85.900000
I_3-4	ARO:3006306	ADC-131	123	58.377236	62.341463	86.300000
I_3-4	ARO:3006307	ADC-132	146	65.085616	69.056849	85.900000
I_3-4	ARO:3006308	ADC-133	298	63.523490	67.239262	85.900000
I_3-4	ARO:3006309	ADC-134	206	61.923301	67.760194	85.900000
I_3-4	ARO:3006310	ADC-135	167	62.121557	67.888024	85.900000
I_3-4	ARO:3006311	ADC-136	184	61.883152	66.347283	83.600000
I_3-4	ARO:3006312	ADC-137	34	60.967647	63.911765	85.900000
I_3-4	ARO:3006313	ADC-138	45	62.042222	65.286667	85.900000
I_3-4	ARO:3006314	ADC-139	9	46.400000	55.422222	62.000000
I_3-4	ARO:3006315	ADC-140	11	59.290909	55.454545	60.800000
I_3-4	ARO:3006316	ADC-141	1	44.200000	40.400000	40.400000
I_3-4	ARO:3006320	ADC-146	4	42.625000	38.300000	38.500000
I_3-4	ARO:3006322	ADC-148	254	61.906299	64.164173	85.900000
I_3-4	ARO:3006323	ADC-149	138	64.149275	69.927536	83.200000
I_3-4	ARO:3006324	ADC-150	221	64.139367	69.252489	86.300000
I_3-4	ARO:3006325	ADC-151	111	61.350450	65.782883	84.300000
I_3-4	ARO:3006326	ADC-152	24	63.991667	66.379167	82.800000
I_3-4	ARO:3006327	ADC-153	4	42.625000	38.300000	38.500000
I_3-4	ARO:3006328	ADC-154	33	63.218182	64.227273	104.000000
I_3-4	ARO:3006329	ADC-155	11	67.554545	68.727273	73.200000
I_3-4	ARO:3006330	ADC-156	61	59.180328	63.709836	104.000000
I_3-4	ARO:3006331	ADC-157	294	64.357143	68.439116	86.700000
I_3-4	ARO:3006332	ADC-158	129	66.271318	73.088372	107.000000
I_3-4	ARO:3006333	ADC-160	117	65.180342	73.998291	107.000000
I_3-4	ARO:3006334	ADC-162	34	68.005882	73.858824	77.800000
I_3-4	ARO:3006335	ADC-163	2	99.000000	105.500000	107.000000
I_3-4	ARO:3006336	ADC-164	3	81.333333	84.566667	107.000000
I_3-4	ARO:3006337	ADC-165	46	66.347826	67.363043	107.000000
I_3-4	ARO:3006338	ADC-166	91	66.240659	64.716484	107.000000
I_3-4	ARO:3006339	ADC-167	114	63.914035	66.803509	84.700000
I_3-4	ARO:3006340	ADC-168	5	58.300000	57.920000	104.000000
I_3-4	ARO:3006341	ADC-169	82	64.292683	65.359756	74.700000
I_3-4	ARO:3006342	ADC-170	50	64.450000	66.896000	82.800000
I_3-4	ARO:3006343	ADC-171	10	59.430000	56.260000	60.800000
I_3-4	ARO:3006344	ADC-172	7	48.985714	46.514286	52.800000
I_3-4	ARO:3006346	ADC-174	8	63.475000	65.750000	73.200000
I_3-4	ARO:3006347	ADC-175	49	64.059184	59.530612	75.500000
I_3-4	ARO:3006351	ADC-179	25	62.024000	63.572000	73.200000
I_3-4	ARO:3006352	ADC-180	35	60.651429	62.531429	83.200000
I_3-4	ARO:3006353	ADC-184	67	62.632836	65.280597	82.800000
I_3-4	ARO:3006354	ADC-185	15	60.193333	57.820000	68.200000
I_3-4	ARO:3006356	ADC-187	23	61.256522	50.165217	60.100000
I_3-4	ARO:3006357	ADC-188	90	65.733333	68.077778	77.800000
I_3-4	ARO:3006358	ADC-189	39	62.884615	57.797436	84.300000
I_3-4	ARO:3006359	ADC-190	57	64.707018	61.263158	104.000000
I_3-4	ARO:3006360	ADC-191	112	64.116964	66.000893	107.000000
I_3-4	ARO:3006361	ADC-192	105	66.248571	74.847619	107.000000
I_3-4	ARO:3006362	ADC-193	198	62.206566	66.878788	84.000000
I_3-4	ARO:3006363	ADC-194	165	61.340606	65.922424	86.700000
I_3-4	ARO:3006364	ADC-195	13	64.915385	72.369231	82.800000
I_3-4	ARO:3006365	ADC-196	5	63.600000	66.720000	107.000000
I_3-4	ARO:3006366	ADC-197	3	42.066667	39.433333	39.700000
I_3-4	ARO:3006370	ADC-201	259	66.550579	73.598842	87.800000
I_3-4	ARO:3006371	ADC-202	140	61.655714	66.677143	80.100000
I_3-4	ARO:3006372	ADC-203	1	59.200000	60.800000	60.800000
I_3-4	ARO:3006374	ADC-205	105	55.464762	57.474286	79.000000
I_3-4	ARO:3006375	ADC-206	247	65.281781	70.665992	86.300000
I_3-4	ARO:3006376	ADC-207	344	64.771221	69.570930	86.300000
I_3-4	ARO:3006377	ADC-208	37	57.197297	58.991892	72.400000
I_3-4	ARO:3006378	ADC-209	217	62.496774	65.179263	82.000000
I_3-4	ARO:3006379	ADC-210	202	66.063861	73.971782	87.800000
I_3-4	ARO:3006380	ADC-211	13	61.792308	59.400000	104.000000
I_3-4	ARO:3006383	ADC-214	16	62.243750	61.368750	73.200000
I_3-4	ARO:3006384	ADC-215	16	62.243750	61.368750	73.200000
I_3-4	ARO:3006385	ADC-216	240	66.208750	70.959167	88.200000
I_3-4	ARO:3006390	ADC-221	198	64.469192	67.391414	86.300000
I_3-4	ARO:3006391	ADC-222	5	63.040000	67.780000	81.600000
I_3-4	ARO:3006392	ADC-223	144	64.927083	66.897917	84.700000
I_3-4	ARO:3006394	ADC-225	3	46.100000	46.300000	48.100000
I_3-4	ARO:3006399	ADC-230	15	62.793333	61.406667	73.200000
I_3-4	ARO:3006403	ADC-234	160	61.146875	61.678750	104.000000
I_3-4	ARO:3006404	ADC-235	5	60.080000	61.220000	67.400000
I_3-4	ARO:3006405	ADC-236	11	59.136364	56.709091	77.800000
I_3-4	ARO:3006406	ADC-237	130	61.967692	62.782308	104.000000
I_3-4	ARO:3006408	ADC-239	136	57.586029	60.952941	85.900000
I_3-4	ARO:3006409	ADC-24	195	64.117436	68.650256	86.300000
I_3-4	ARO:3006410	ADC-240	22	61.659091	50.609091	60.100000
I_3-4	ARO:3006412	ADC-242	3	60.000000	63.800000	104.000000
I_3-4	ARO:3006413	ADC-243	39	68.292308	72.694872	109.000000
I_3-4	ARO:3006414	ADC-244	4	55.000000	56.650000	58.200000
I_3-4	ARO:3006415	ADC-245	170	63.536471	67.501176	86.300000
I_3-4	ARO:3006416	ADC-246	26	63.380769	64.907692	73.200000
I_3-4	ARO:3006417	ADC-247	16	64.987500	67.918750	74.300000
I_3-4	ARO:3006418	ADC-248	75	66.317333	64.398667	79.700000
I_3-4	ARO:3006419	ADC-249	83	66.368675	65.067470	79.700000
I_3-4	ARO:3006421	ADC-251	76	64.255263	65.261842	78.600000
I_3-4	ARO:3006422	ADC-252	115	62.480870	64.380000	85.500000
I_3-4	ARO:3006423	ADC-253	81	57.050617	61.174074	76.600000
I_3-4	ARO:3006424	ADC-254	164	62.412195	63.770122	73.900000
I_3-4	ARO:3006425	ADC-255	99	55.963636	59.109091	85.900000
I_3-4	ARO:3006426	ADC-256	1	43.200000	40.000000	40.000000
I_3-4	ARO:3006428	ADC-32	39	68.292308	72.694872	109.000000
I_3-4	ARO:3006430	ADC-38	1	46.200000	38.500000	38.500000
I_3-4	ARO:3006432	ADC-52	21	62.628571	65.447619	74.300000
I_3-4	ARO:3006433	ADC-53	1	58.300000	67.000000	67.000000
I_3-4	ARO:3006434	ADC-54	15	65.640000	64.166667	104.000000
I_3-4	ARO:3006436	ADC-63	3	64.600000	67.033333	68.600000
I_3-4	ARO:3006438	ADC-66	1	44.700000	42.700000	42.700000
I_3-4	ARO:3006439	ADC-70	106	63.434906	68.541509	80.100000
I_3-4	ARO:3006440	ADC-83	200	61.634500	62.566000	80.100000
I_3-4	ARO:3006441	ADC-84	419	62.275179	66.423628	85.900000
I_3-4	ARO:3006442	ADC-85	276	63.878261	69.542754	86.700000
I_3-4	ARO:3006443	ADC-86	226	64.724336	69.000000	86.300000
I_3-4	ARO:3006444	ADC-87	39	55.523077	62.887179	82.800000
I_3-4	ARO:3006445	ADC-88	111	64.034234	66.874775	84.700000
I_3-4	ARO:3006446	ADC-89	18	62.294444	50.133333	60.100000
I_3-4	ARO:3006447	ADC-90	11	57.254545	56.545455	60.100000
I_3-4	ARO:3006448	ADC-91	2	79.150000	85.500000	104.000000
I_3-4	ARO:3006449	ADC-92	40	59.960000	61.830000	104.000000
I_3-4	ARO:3006450	ADC-93	3	39.500000	39.900000	43.500000
I_3-4	ARO:3006454	ADC-97	16	64.987500	67.918750	74.300000
I_3-4	ARO:3006455	ADC-98	5	52.960000	55.280000	63.500000
I_3-4	ARO:3006456	ADC-99	5	52.960000	55.280000	63.500000
I_3-4	ARO:3006457	CMY-137	118	81.551695	88.666949	110.000000
I_3-4	ARO:3006458	CMY-159	139	74.797842	82.566187	106.000000
I_3-4	ARO:3006459	CMY-167	66	99.633333	106.312121	110.000000
I_3-4	ARO:3006460	CMY-168	32	86.593750	93.190625	106.000000
I_3-4	ARO:3006461	CMY-169	484	84.670248	87.582231	114.000000
I_3-4	ARO:3006462	CMY-170	15	96.666667	106.033333	114.000000
I_3-4	ARO:3006463	CMY-174	8	59.337500	54.662500	70.500000
I_3-4	ARO:3006464	CMY-8b	1059	84.490179	82.266383	110.000000
I_3-4	ARO:3006465	DHA-24	356	89.773315	88.464045	114.000000
I_3-4	ARO:3006466	DHA-25	352	91.028409	89.812216	114.000000
I_3-4	ARO:3006467	DHA-26	362	92.712155	91.810773	114.000000
I_3-4	ARO:3006468	DHA-27	423	87.921749	88.022459	114.000000
I_3-4	ARO:3006469	DHA-28	277	85.410469	85.814079	114.000000
I_3-4	ARO:3006470	DHA-29	286	94.622028	93.745455	114.000000
I_3-4	ARO:3006471	FOX-13	376	82.880585	80.931915	112.000000
I_3-4	ARO:3006472	FOX-14	366	83.202459	80.725137	112.000000
I_3-4	ARO:3006473	FOX-15	347	85.267723	82.904899	110.000000
I_3-4	ARO:3006474	FOX-16	343	84.083965	81.568222	113.000000
I_3-4	ARO:3006475	FOX-17	306	84.636601	81.992810	110.000000
I_3-4	ARO:3006477	MOX-12	1244	95.381511	93.583601	111.000000
I_3-4	ARO:3006478	MOX-13	1208	95.305215	92.198924	111.000000
I_3-4	ARO:3006479	MOX-14	1188	85.148316	82.844529	110.000000
I_3-4	ARO:3006480	PDC-100	10	61.090000	68.090000	83.600000
I_3-4	ARO:3006481	PDC-101	1	42.900000	41.200000	41.200000
I_3-4	ARO:3006483	PDC-103	2	43.950000	41.400000	42.000000
I_3-4	ARO:3006484	PDC-106	1	59.200000	66.600000	66.600000
I_3-4	ARO:3006487	PDC-109	10	70.540000	69.830000	79.700000
I_3-4	ARO:3006491	PDC-113	7	44.557143	47.842857	52.400000
I_3-4	ARO:3006493	PDC-115	1	42.900000	41.200000	41.200000
I_3-4	ARO:3006500	PDC-124	1	42.900000	41.600000	41.600000
I_3-4	ARO:3006501	PDC-125	148	54.661486	55.727027	80.100000
I_3-4	ARO:3006503	PDC-127	2	65.000000	68.150000	73.900000
I_3-4	ARO:3006504	PDC-128	18	55.427778	58.038889	65.100000
I_3-4	ARO:3006506	PDC-13	5	58.420000	52.220000	64.300000
I_3-4	ARO:3006507	PDC-130	86	55.988372	51.279070	74.300000
I_3-4	ARO:3006509	PDC-132	9	65.166667	56.955556	72.400000
I_3-4	ARO:3006510	PDC-133	8	54.187500	54.937500	70.500000
I_3-4	ARO:3006513	PDC-136	1	62.000000	59.700000	59.700000
I_3-4	ARO:3006514	PDC-137	8	63.050000	60.075000	79.700000
I_3-4	ARO:3006515	PDC-138	2	66.650000	54.850000	63.500000
I_3-4	ARO:3006517	PDC-140	138	54.961594	55.813043	80.100000
I_3-4	ARO:3006518	PDC-141	86	55.247674	50.846512	74.300000
I_3-4	ARO:3006519	PDC-142	1	42.900000	41.600000	41.600000
I_3-4	ARO:3006521	PDC-144	4	55.400000	57.400000	59.700000
I_3-4	ARO:3006522	PDC-145	2	66.650000	54.850000	63.500000
I_3-4	ARO:3006525	PDC-148	15	51.346667	55.186667	79.700000
I_3-4	ARO:3006527	PDC-15	3	48.000000	52.000000	52.400000
I_3-4	ARO:3006529	PDC-151	134	55.135821	56.114925	80.100000
I_3-4	ARO:3006531	PDC-153	3	56.500000	58.133333	73.900000
I_3-4	ARO:3006532	PDC-154	11	53.136364	59.481818	70.900000
I_3-4	ARO:3006533	PDC-155	27	58.762963	61.400000	82.400000
I_3-4	ARO:3006535	PDC-157	1	69.800000	64.300000	64.300000
I_3-4	ARO:3006537	PDC-159	11	51.036364	53.290909	57.400000
I_3-4	ARO:3006539	PDC-160	126	54.276984	55.203968	80.100000
I_3-4	ARO:3006540	PDC-161	1	42.900000	41.600000	41.600000
I_3-4	ARO:3006541	PDC-162	21	53.528571	56.085714	60.800000
I_3-4	ARO:3006542	PDC-163	2	54.250000	38.300000	38.900000
I_3-4	ARO:3006543	PDC-164	7	49.442857	43.728571	57.400000
I_3-4	ARO:3006544	PDC-165	2	78.000000	78.150000	79.700000
I_3-4	ARO:3006545	PDC-166	2	61.000000	55.650000	55.800000
I_3-4	ARO:3006546	PDC-167	8	54.187500	54.937500	70.500000
I_3-4	ARO:3006548	PDC-169	8	48.112500	53.387500	72.000000
I_3-4	ARO:3006549	PDC-17	10	53.410000	50.630000	66.600000
I_3-4	ARO:3006550	PDC-170	4	62.175000	58.750000	70.500000
I_3-4	ARO:3006554	PDC-175	18	55.427778	58.038889	65.100000
I_3-4	ARO:3006555	PDC-176	1	71.400000	65.100000	65.100000
I_3-4	ARO:3006556	PDC-177	1	51.100000	53.900000	53.900000
I_3-4	ARO:3006559	PDC-18	16	51.312500	55.543750	77.400000
I_3-4	ARO:3006560	PDC-180	1	62.000000	59.700000	59.700000
I_3-4	ARO:3006561	PDC-181	21	47.890476	49.409524	60.800000
I_3-4	ARO:3006562	PDC-182	1	41.700000	38.500000	38.500000
I_3-4	ARO:3006563	PDC-184	9	49.622222	54.000000	72.000000
I_3-4	ARO:3006565	PDC-186	3	74.000000	71.100000	102.000000
I_3-4	ARO:3006566	PDC-187	3	62.500000	69.566667	79.700000
I_3-4	ARO:3006567	PDC-188	9	64.044444	62.133333	79.700000
I_3-4	ARO:3006568	PDC-189	7	54.500000	55.357143	70.500000
I_3-4	ARO:3006569	PDC-190	6	52.666667	47.866667	62.400000
I_3-4	ARO:3006570	PDC-191	4	54.500000	60.550000	62.400000
I_3-4	ARO:3006571	PDC-192	3	48.700000	39.700000	39.700000
I_3-4	ARO:3006574	PDC-195	9	63.122222	60.566667	65.900000
I_3-4	ARO:3006576	PDC-197	18	51.861111	54.611111	58.900000
I_3-4	ARO:3006580	PDC-200	1	100.000000	102.000000	102.000000
I_3-4	ARO:3006581	PDC-202	48	47.987500	46.141667	70.900000
I_3-4	ARO:3006582	PDC-203	1	70.200000	77.800000	77.800000
I_3-4	ARO:3006584	PDC-205	10	50.860000	54.570000	72.000000
I_3-4	ARO:3006589	PDC-211	6	52.666667	47.866667	62.400000
I_3-4	ARO:3006590	PDC-213	12	60.008333	67.558333	82.800000
I_3-4	ARO:3006591	PDC-214	17	54.429412	60.505882	79.700000
I_3-4	ARO:3006592	PDC-215	2	66.650000	54.850000	63.500000
I_3-4	ARO:3006593	PDC-216	7	53.871429	61.285714	64.700000
I_3-4	ARO:3006602	PDC-222	5	53.020000	39.580000	41.600000
I_3-4	ARO:3006603	PDC-223	67	66.640299	56.122388	102.000000
I_3-4	ARO:3006604	PDC-224	21	52.233333	51.980952	66.600000
I_3-4	ARO:3006606	PDC-227	4	54.500000	60.550000	62.400000
I_3-4	ARO:3006607	PDC-228	24	51.250000	53.237500	58.900000
I_3-4	ARO:3006608	PDC-229	3	53.766667	55.333333	67.000000
I_3-4	ARO:3006609	PDC-230	3	53.766667	55.333333	67.000000
I_3-4	ARO:3006610	PDC-232	5	65.720000	48.380000	65.900000
I_3-4	ARO:3006613	PDC-235	4	54.500000	60.550000	62.400000
I_3-4	ARO:3006614	PDC-236	5	66.260000	64.000000	76.600000
I_3-4	ARO:3006615	PDC-237	8	61.237500	50.987500	67.000000
I_3-4	ARO:3006616	PDC-238	8	48.112500	53.387500	72.000000
I_3-4	ARO:3006619	PDC-241	83	56.298795	52.761446	83.600000
I_3-4	ARO:3006621	PDC-243	4	52.000000	39.750000	41.200000
I_3-4	ARO:3006622	PDC-244	15	63.193333	61.733333	102.000000
I_3-4	ARO:3006625	PDC-247	49	53.881633	49.216327	72.800000
I_3-4	ARO:3006629	PDC-250	95	56.388421	55.351579	80.100000
I_3-4	ARO:3006630	PDC-251	11	51.036364	53.290909	57.400000
I_3-4	ARO:3006631	PDC-252	1	43.800000	39.700000	39.700000
I_3-4	ARO:3006632	PDC-253	2	66.650000	54.850000	63.500000
I_3-4	ARO:3006635	PDC-259	31	54.874194	58.951613	72.000000
I_3-4	ARO:3006636	PDC-26	12	55.250000	53.450000	70.100000
I_3-4	ARO:3006638	PDC-261	2	37.800000	38.500000	38.500000
I_3-4	ARO:3006639	PDC-262	1	47.900000	45.400000	45.400000
I_3-4	ARO:3006640	PDC-263	72	55.440278	50.333333	74.300000
I_3-4	ARO:3006641	PDC-265	14	68.385714	60.907143	77.000000
I_3-4	ARO:3006645	PDC-270	3	53.366667	58.133333	68.900000
I_3-4	ARO:3006648	PDC-274	1	72.000000	78.600000	78.600000
I_3-4	ARO:3006649	PDC-275	1	45.800000	47.000000	47.000000
I_3-4	ARO:3006650	PDC-276	16	54.293750	61.556250	70.900000
I_3-4	ARO:3006651	PDC-277	6	55.766667	55.333333	70.500000
I_3-4	ARO:3006652	PDC-278	4	52.525000	57.550000	68.900000
I_3-4	ARO:3006653	PDC-279	6	42.600000	42.383333	47.800000
I_3-4	ARO:3006654	PDC-280	18	53.800000	48.333333	72.000000
I_3-4	ARO:3006655	PDC-281	6	58.550000	58.650000	63.500000
I_3-4	ARO:3006656	PDC-282	8	49.850000	53.812500	72.000000
I_3-4	ARO:3006657	PDC-283	40	54.337500	62.710000	80.100000
I_3-4	ARO:3006661	PDC-289	1	50.000000	38.100000	38.100000
I_3-4	ARO:3006663	PDC-291	4	54.400000	51.800000	60.100000
I_3-4	ARO:3006664	PDC-294	11	49.309091	52.318182	57.000000
I_3-4	ARO:3006665	PDC-295	3	62.900000	67.000000	71.200000
I_3-4	ARO:3006666	PDC-296	5	46.620000	52.380000	55.100000
I_3-4	ARO:3006670	PDC-30	2	66.650000	54.850000	63.500000
I_3-4	ARO:3006671	PDC-300	68	71.195588	54.147059	77.000000
I_3-4	ARO:3006676	PDC-305	1	47.900000	45.400000	45.400000
I_3-4	ARO:3006678	PDC-308	1	47.900000	45.400000	45.400000
I_3-4	ARO:3006681	PDC-310	5	53.600000	58.000000	62.400000
I_3-4	ARO:3006683	PDC-312	1	50.000000	47.800000	47.800000
I_3-4	ARO:3006684	PDC-314	33	53.087879	59.196970	68.600000
I_3-4	ARO:3006685	PDC-315	1	52.000000	53.100000	53.100000
I_3-4	ARO:3006686	PDC-316	4	55.800000	61.625000	65.500000
I_3-4	ARO:3006687	PDC-317	1	53.100000	42.700000	42.700000
I_3-4	ARO:3006689	PDC-319	4	53.900000	58.075000	62.400000
I_3-4	ARO:3006690	PDC-32	2	66.950000	57.000000	67.800000
I_3-4	ARO:3006691	PDC-320	1	43.800000	49.700000	49.700000
I_3-4	ARO:3006695	PDC-326	3	70.233333	65.200000	76.600000
I_3-4	ARO:3006696	PDC-327	10	52.030000	55.570000	65.100000
I_3-4	ARO:3006697	PDC-328	3	51.100000	55.233333	55.500000
I_3-4	ARO:3006698	PDC-329	9	48.800000	54.511111	72.000000
I_3-4	ARO:3006699	PDC-33	126	55.838889	56.796032	80.100000
I_3-4	ARO:3006701	PDC-331	23	71.317391	66.191304	102.000000
I_3-4	ARO:3006702	PDC-332	32	67.534375	63.981250	102.000000
I_3-4	ARO:3006703	PDC-333	66	70.118182	53.527273	76.600000
I_3-4	ARO:3006704	PDC-334	5	53.020000	39.580000	41.600000
I_3-4	ARO:3006705	PDC-335	1	56.000000	62.400000	62.400000
I_3-4	ARO:3006707	PDC-338	1	42.900000	50.100000	50.100000
I_3-4	ARO:3006708	PDC-339	15	67.260000	61.646667	77.000000
I_3-4	ARO:3006709	PDC-34	2	65.000000	68.150000	73.900000
I_3-4	ARO:3006712	PDC-342	114	55.680702	56.451754	75.100000
I_3-4	ARO:3006713	PDC-343	111	56.638739	57.571171	80.100000
I_3-4	ARO:3006714	PDC-344	81	56.638272	55.370370	75.100000
I_3-4	ARO:3006716	PDC-347	47	53.153191	48.359574	72.800000
I_3-4	ARO:3006718	PDC-349	9	54.633333	58.311111	68.900000
I_3-4	ARO:3006720	PDC-350	3	70.233333	65.200000	76.600000
I_3-4	ARO:3006723	PDC-354	4	49.575000	45.900000	49.700000
I_3-4	ARO:3006725	PDC-356	1	44.900000	43.100000	43.100000
I_3-4	ARO:3006727	PDC-358	5	53.500000	57.840000	68.900000
I_3-4	ARO:3006730	PDC-360	18	53.800000	48.333333	72.000000
I_3-4	ARO:3006732	PDC-362	16	53.037500	63.400000	68.900000
I_3-4	ARO:3006734	PDC-364	16	53.512500	55.050000	70.900000
I_3-4	ARO:3006735	PDC-365	4	57.500000	62.875000	69.700000
I_3-4	ARO:3006736	PDC-366	2	65.000000	68.150000	73.900000
I_3-4	ARO:3006739	PDC-369	2	46.950000	51.800000	53.500000
I_3-4	ARO:3006744	PDC-373	5	53.020000	39.580000	41.600000
I_3-4	ARO:3006745	PDC-374	1	63.200000	45.400000	45.400000
I_3-4	ARO:3006748	PDC-378	5	65.720000	48.380000	65.900000
I_3-4	ARO:3006749	PDC-379	10	60.690000	62.980000	102.000000
I_3-4	ARO:3006750	PDC-38	1	74.000000	73.900000	73.900000
I_3-4	ARO:3006751	PDC-381	9	63.122222	60.566667	65.900000
I_3-4	ARO:3006752	PDC-382	5	50.240000	40.040000	41.200000
I_3-4	ARO:3006753	PDC-383	4	45.975000	53.900000	67.000000
I_3-4	ARO:3006756	PDC-387	6	56.516667	45.300000	73.900000
I_3-4	ARO:3006760	PDC-390	3	56.333333	59.300000	71.200000
I_3-4	ARO:3006761	PDC-391	18	55.500000	56.716667	79.300000
I_3-4	ARO:3006762	PDC-392	3	67.333333	74.066667	102.000000
I_3-4	ARO:3006763	PDC-394	3	74.000000	71.100000	102.000000
I_3-4	ARO:3006764	PDC-395	6	67.100000	52.633333	73.900000
I_3-4	ARO:3006765	PDC-396	7	54.800000	56.542857	58.900000
I_3-4	ARO:3006766	PDC-397	5	62.980000	54.680000	71.600000
I_3-4	ARO:3006767	PDC-398	2	65.750000	61.050000	81.300000
I_3-4	ARO:3006768	PDC-399	1	52.100000	62.000000	62.000000
I_3-4	ARO:3006773	PDC-403	1	47.900000	45.400000	45.400000
I_3-4	ARO:3006775	PDC-405	23	56.491304	62.278261	80.100000
I_3-4	ARO:3006781	PDC-411	11	49.309091	52.318182	57.000000
I_3-4	ARO:3006783	PDC-414	7	59.342857	61.885714	70.900000
I_3-4	ARO:3006785	PDC-416	18	57.438889	55.900000	77.400000
I_3-4	ARO:3006786	PDC-417	11	49.654545	53.918182	72.000000
I_3-4	ARO:3006787	PDC-418	72	67.250000	57.325000	102.000000
I_3-4	ARO:3006789	PDC-42	100	56.859000	57.384000	75.100000
I_3-4	ARO:3006790	PDC-420	5	54.980000	61.320000	64.700000
I_3-4	ARO:3006791	PDC-421	2	55.500000	57.150000	60.800000
I_3-4	ARO:3006792	PDC-422	4	48.725000	52.675000	57.000000
I_3-4	ARO:3006796	PDC-426	7	44.685714	39.857143	43.500000
I_3-4	ARO:3006802	PDC-433	4	45.975000	53.900000	67.000000
I_3-4	ARO:3006803	PDC-434	1	42.600000	40.000000	40.000000
I_3-4	ARO:3006804	PDC-435	8	54.350000	59.012500	65.500000
I_3-4	ARO:3006806	PDC-437	11	49.218182	52.354545	57.000000
I_3-4	ARO:3006811	PDC-443	7	54.800000	56.542857	58.900000
I_3-4	ARO:3006815	PDC-447	8	61.750000	70.725000	83.600000
I_3-4	ARO:3006816	PDC-448	4	52.000000	39.550000	41.600000
I_3-4	ARO:3006817	PDC-450	4	59.675000	55.950000	70.500000
I_3-4	ARO:3006819	PDC-452	11	49.309091	52.318182	57.000000
I_3-4	ARO:3006820	PDC-453	9	63.111111	71.077778	83.600000
I_3-4	ARO:3006821	PDC-454	1	42.900000	41.600000	41.600000
I_3-4	ARO:3006822	PDC-455	100	56.546000	57.593000	75.100000
I_3-4	ARO:3006823	PDC-456	10	53.030000	54.880000	73.900000
I_3-4	ARO:3006825	PDC-458	1	47.900000	45.400000	45.400000
I_3-4	ARO:3006826	PDC-459	11	49.309091	52.318182	57.000000
I_3-4	ARO:3006828	PDC-460	16	46.693750	39.831250	43.500000
I_3-4	ARO:3006829	PDC-462	16	46.693750	39.831250	43.500000
I_3-4	ARO:3006830	PDC-463	24	47.166667	44.350000	72.000000
I_3-4	ARO:3006832	PDC-466	19	46.473684	41.552632	52.000000
I_3-4	ARO:3006839	PDC-473	3	70.233333	65.200000	76.600000
I_3-4	ARO:3006840	PDC-474	2	57.150000	62.200000	64.700000
I_3-4	ARO:3006841	PDC-475	4	52.000000	39.550000	41.600000
I_3-4	ARO:3006844	PDC-60	9	63.122222	60.566667	65.900000
I_3-4	ARO:3006849	PDC-96	11	51.036364	53.290909	57.400000
I_3-4	ARO:3006852	PDC-99	9	53.700000	49.233333	73.900000
I_3-4	ARO:3006853	SRT-3	536	55.436381	55.865485	95.500000
I_3-4	ARO:3006854	CMH-2	91	78.057143	84.202198	108.000000
I_3-4	ARO:3006855	CMH-3	156	80.707051	86.894872	106.000000
I_3-4	ARO:3006856	CMH-4	100	77.960000	83.095000	113.000000
I_3-4	ARO:3006857	CMH-5	42	72.109524	73.697619	113.000000
I_3-4	ARO:3006858	CMH-6	81	76.975309	82.143210	113.000000
I_3-4	ARO:3006859	MIR-19	99	93.471717	97.454545	113.000000
I_3-4	ARO:3006860	MIR-20	65	96.552308	102.076923	113.000000
I_3-4	ARO:3006861	MIR-21	72	96.358333	100.784722	113.000000
I_3-4	ARO:3006862	MIR-22	68	96.217647	101.586765	113.000000
I_3-4	ARO:3006863	AAK-1	6	52.800000	49.750000	57.800000
I_3-4	ARO:3006864	CRD3-1	299	43.653177	41.967893	74.700000
I_3-4	ARO:3006865	CRH-1	132	62.184091	58.743182	70.900000
I_3-4	ARO:3006866	CRH-2	77	57.177922	54.603896	72.400000
I_3-4	ARO:3006867	CRH-3	74	57.524324	54.509459	72.000000
I_3-4	ARO:3006868	CRP-1	119	61.063866	58.787395	77.800000
I_3-4	ARO:3006869	CSA-1	295	57.169153	56.192542	87.400000
I_3-4	ARO:3006870	CSA-2	278	57.083453	56.121942	87.400000
I_3-4	ARO:3006871	CSP-1	353	56.024646	58.781586	85.100000
I_3-4	ARO:3006872	DHT2-1	84	41.296429	42.745238	62.000000
I_3-4	ARO:3006873	EAM-1	97	46.548454	42.586598	68.900000
I_3-4	ARO:3006874	EC-13	1284	92.254829	92.661916	114.000000
I_3-4	ARO:3006875	EC-14	1265	92.768063	93.198340	114.000000
I_3-4	ARO:3006876	EC-15	1275	92.657647	92.846196	114.000000
I_3-4	ARO:3006877	EC-16	1255	93.223665	93.435697	114.000000
I_3-4	ARO:3006878	EC-18	1244	93.154582	93.575080	114.000000
I_3-4	ARO:3006879	EC-19	1103	93.362647	93.118676	112.000000
I_3-4	ARO:3006880	EC-5	1111	93.926733	93.429613	112.000000
I_3-4	ARO:3006881	EC-8	1254	93.129585	93.396411	112.000000
I_3-4	ARO:3006882	ECM-1	22	55.127273	53.959091	69.700000
I_3-4	ARO:3006883	ECV-1	40	48.850000	50.887500	72.000000
I_3-4	ARO:3006884	EFM-1	14	49.478571	49.964286	67.000000
I_3-4	ARO:3006885	ELM-1	190	45.472105	42.051579	70.100000
I_3-4	ARO:3006886	EVM-1	74	47.779730	43.771622	69.700000
I_3-4	ARO:3006887	FIA-1	5	48.140000	54.200000	62.400000
I_3-4	ARO:3006888	GIL-1	280	59.582857	58.136429	85.100000
I_3-4	ARO:3006889	GMB-1	21	45.885714	43.228571	58.900000
I_3-4	ARO:3006890	AFM-1	3	64.900000	48.933333	52.800000
I_3-4	ARO:3006891	AFM-2	3	64.900000	48.933333	52.800000
I_3-4	ARO:3006892	ALG11-1	32	49.262500	49.956250	72.400000
I_3-4	ARO:3006893	ALG6-1	54	51.024074	50.700000	79.700000
I_3-4	ARO:3006894	ALI-1	3	45.000000	48.300000	52.800000
I_3-4	ARO:3006895	ALI-2	18	40.338889	41.783333	48.500000
I_3-4	ARO:3006896	ANA-1	15	53.906667	45.213333	52.400000
I_3-4	ARO:3006897	AXC-1	222	61.044144	61.885586	80.500000
I_3-4	ARO:3006898	AXC-2	220	60.484091	61.198182	82.800000
I_3-4	ARO:3006899	AXC-3	222	60.931532	61.458559	82.800000
I_3-4	ARO:3006900	AXC-4	222	61.044144	61.885586	80.500000
I_3-4	ARO:3006901	AXC-5	218	61.066055	61.864220	80.500000
I_3-4	ARO:3006902	BSU-1	425	49.568471	54.854824	87.800000
I_3-4	ARO:3006903	CAR-1	686	42.997230	42.024636	96.300000
I_3-4	ARO:3006904	CDD-1	314	47.441401	48.181529	72.000000
I_3-4	ARO:3006905	CDD-2	316	47.534810	48.387025	71.600000
I_3-4	ARO:3006906	CfiA10	151	58.258940	66.125166	112.000000
I_3-4	ARO:3006907	CfiA11	161	57.690683	64.863354	112.000000
I_3-4	ARO:3006908	CfiA14	162	57.503086	64.657407	112.000000
I_3-4	ARO:3006909	CfiA17	147	58.044218	65.550340	112.000000
I_3-4	ARO:3006910	CfiA18	160	57.625625	64.929375	112.000000
I_3-4	ARO:3006911	CfiA19	162	57.832099	65.350000	112.000000
I_3-4	ARO:3006912	CfiA2	159	57.739623	65.083648	112.000000
I_3-4	ARO:3006913	CfiA21	151	58.094702	65.217219	110.000000
I_3-4	ARO:3006914	CfiA22	149	59.147651	66.756376	112.000000
I_3-4	ARO:3006915	CfiA23	151	58.888079	66.311921	112.000000
I_3-4	ARO:3006916	CfiA24	138	59.925362	67.555797	112.000000
I_3-4	ARO:3006917	CfiA26	145	59.208276	67.220000	112.000000
I_3-4	ARO:3006918	CfiA27	146	59.200685	66.623973	112.000000
I_3-4	ARO:3006919	CfiA4	143	59.346853	66.925175	112.000000
I_3-4	ARO:3006920	CfiA8	142	59.753521	67.813380	112.000000
I_3-4	ARO:3006921	CfiA9	142	59.700704	67.671127	112.000000
I_3-4	ARO:3006922	CMA-1	218	60.533486	60.074771	88.600000
I_3-4	ARO:3006923	CMA-2	248	58.633468	57.756855	87.000000
I_3-4	ARO:3006924	CVI-1	183	64.572678	70.322951	86.300000
I_3-4	ARO:3006925	GRD23-1	26	52.607692	57.653846	69.300000
I_3-4	ARO:3006926	GRD33-1	46	46.184783	45.667391	73.200000
I_3-4	ARO:3006927	KLUC-1	73	68.365753	64.923288	100.000000
I_3-4	ARO:3006928	KLUC-2	72	68.400000	64.781944	100.000000
I_3-4	ARO:3006929	KLUC-3	128	67.088281	68.235938	100.000000
I_3-4	ARO:3006930	KLUC-4	67	67.604478	63.753731	98.600000
I_3-4	ARO:3006931	KLUC-5	71	68.671831	65.087324	100.000000
I_3-4	ARO:3006932	LEN-27	10	80.530000	82.250000	105.000000
I_3-4	ARO:3006933	LEN-28	9	86.455556	87.011111	103.000000
I_3-4	ARO:3006934	LEN-31	22	66.304545	68.954545	105.000000
I_3-4	ARO:3006935	LHK-1	136	68.719853	68.346324	112.000000
I_3-4	ARO:3006936	LHK-2	135	69.334815	69.478519	111.000000
I_3-4	ARO:3006937	LHK-3	140	68.783571	69.154286	108.000000
I_3-4	ARO:3006938	LHK-4	137	69.169343	69.394891	108.000000
I_3-4	ARO:3006939	LHK-5	135	69.580000	69.374074	107.000000
I_3-4	ARO:3006940	LHK-6	127	69.813386	69.455906	110.000000
I_3-4	ARO:3006941	LRG-1	235	60.689787	61.614894	92.400000
I_3-4	ARO:3006942	LUS-1	602	52.663289	56.007309	89.000000
I_3-4	ARO:3006943	LUT-1	158	57.695570	58.544937	87.400000
I_3-4	ARO:3006944	LUT-2	157	57.927389	58.727389	87.400000
I_3-4	ARO:3006945	LUT-3	151	57.965563	58.946358	87.400000
I_3-4	ARO:3006946	LUT-4	148	58.131757	58.936486	87.400000
I_3-4	ARO:3006947	LUT-5	150	58.148667	58.926000	87.400000
I_3-4	ARO:3006948	LUT-6	131	58.077863	58.984733	87.400000
I_3-4	ARO:3006949	MAL-1	630	58.467143	59.454286	80.500000
I_3-4	ARO:3006950	MAL-2	646	58.410681	59.471981	80.500000
I_3-4	ARO:3006951	MBL1b	52	46.986538	41.821154	62.000000
I_3-4	ARO:3006952	MOC-1	20	46.255000	44.645000	55.800000
I_3-4	ARO:3006953	MOR-2	221	88.757466	91.347511	112.000000
I_3-4	ARO:3006954	MYO-1	59	46.855932	50.123729	85.100000
I_3-4	ARO:3006955	MYX-1	28	54.235714	50.221429	70.100000
I_3-4	ARO:3006956	OHIO-1	82	56.110976	56.690244	82.000000
I_3-4	ARO:3006957	ORN-1	181	58.754144	57.899448	103.000000
I_3-4	ARO:3006958	ORN-2	173	59.219653	57.931214	103.000000
I_3-4	ARO:3006959	ORN-3	167	59.590419	58.120359	103.000000
I_3-4	ARO:3006960	ORN-4	120	59.988333	59.349167	103.000000
I_3-4	ARO:3006961	ORN-5	181	58.684530	58.334807	103.000000
I_3-4	ARO:3006962	ORN-6	153	59.644444	58.109804	103.000000
I_3-4	ARO:3006963	ORR-1	38	50.281579	50.650000	70.900000
I_3-4	ARO:3006964	PAU-1	244	71.241393	68.002049	106.000000
I_3-4	ARO:3006965	PFM-1	110	62.679091	71.613636	86.700000
I_3-4	ARO:3006966	PFM-2	105	61.714286	70.900000	86.700000
I_3-4	ARO:3006967	PFM-3	104	63.166346	71.837500	86.700000
I_3-4	ARO:3006968	PLA-1	210	58.204762	56.601429	101.000000
I_3-4	ARO:3006969	PLA-2a	207	58.264251	56.591304	101.000000
I_3-4	ARO:3006970	PLA-3	196	58.270408	56.527041	101.000000
I_3-4	ARO:3006971	PLA-6	229	58.442795	56.918341	101.000000
I_3-4	ARO:3006972	PLN-1	55	48.881818	45.521818	78.600000
I_3-4	ARO:3006973	PME-1	45	60.951111	56.426667	104.000000
I_3-4	ARO:3006974	POM-1	84	45.783333	43.230952	84.000000
I_3-4	ARO:3006975	POM-2	84	45.783333	43.230952	84.000000
I_3-4	ARO:3006976	PST-1	20	52.985000	49.160000	65.500000
I_3-4	ARO:3006977	PST-2	20	52.985000	49.160000	65.500000
I_3-4	ARO:3006978	PSV-1	149	51.410067	52.359060	74.700000
I_3-4	ARO:3006979	RAHN-1	59	64.852542	66.474576	101.000000
I_3-4	ARO:3006980	RAHN-2	86	62.700000	64.767442	99.800000
I_3-4	ARO:3006981	RSA2-1	56	55.123214	52.100000	94.400000
I_3-4	ARO:3006982	RSD2-1	461	71.167462	74.070499	110.000000
I_3-4	ARO:3006983	RSD2-2	470	71.555745	73.794681	107.000000
I_3-4	ARO:3006984	RUB-1	122	56.692623	54.709016	91.700000
I_3-4	ARO:3006985	SFC-1	20	48.280000	48.130000	63.500000
I_3-4	ARO:3006986	SFO-1	82	69.768293	69.719512	111.000000
I_3-4	ARO:3006987	SGM-1	34	52.976471	51.067647	92.400000
I_3-4	ARO:3006988	SGM-2	43	65.495349	65.855814	88.200000
I_3-4	ARO:3006989	SGM-3	17	66.394118	65.217647	87.000000
I_3-4	ARO:3006990	SGM-4	26	60.565385	59.707692	87.800000
I_3-4	ARO:3006991	SGM-5	77	48.414286	49.857143	102.000000
I_3-4	ARO:3006992	SGM-6	52	62.530769	61.609615	100.000000
I_3-4	ARO:3006993	SGM-7	50	63.724000	64.500000	100.000000
I_3-4	ARO:3006994	SHN-1	8	48.412500	52.225000	59.700000
I_3-4	ARO:3006995	SPN79-1	16	49.481250	46.862500	70.500000
I_3-4	ARO:3006996	SPR-1	27	50.370370	49.285185	76.600000
I_3-4	ARO:3006997	SPS-1	45	52.080000	56.775556	64.700000
I_3-4	ARO:3006998	SPU-1	355	56.060282	58.801972	85.100000
I_3-4	ARO:3006999	SST-1	516	54.606202	54.731977	95.500000
I_3-4	ARO:3007000	STA-1	7	58.642857	61.514286	71.200000
I_3-4	ARO:3007001	TER-1	288	58.335069	56.951736	86.300000
I_3-4	ARO:3007002	TTU-1	25	49.344000	53.492000	70.900000
I_3-4	ARO:3007003	VHH-1	285	58.779649	61.411228	76.600000
I_3-4	ARO:3007004	VHW-1	229	57.684716	60.281223	74.300000
I_3-4	ARO:3007005	YEM-1	162	64.090123	71.222222	90.900000
I_3-4	ARO:3007006	ZOG-1	40	50.032500	50.632500	62.400000
I_3-4	ARO:3007007	TER-2	364	59.014835	58.149176	87.800000
I_3-4	ARO:3007010	norC	1126	58.117318	56.907904	91.300000
I_3-4	ARO:3007011	mdeA	643	41.711353	41.724572	97.100000
I_3-4	ARO:3007012	sepA	4	72.050000	72.875000	80.100000
I_3-4	ARO:3007013	sdrM	2559	44.434975	45.853927	75.500000
I_3-4	ARO:3007014	qacJ	1610	52.296149	46.636646	80.500000
I_3-4	ARO:3007015	qacG	2055	50.210949	46.413674	80.900000
I_3-4	ARO:3007017	SHD-1	29	49.134483	51.848276	64.300000
I_3-4	ARO:3007019	fexB	177	44.681356	45.700000	95.900000
I_3-4	ARO:3007021	PFM-4	106	62.241509	70.966038	84.300000
I_3-4	ARO:3007023	NDM-33	8	79.387500	78.287500	107.000000
I_3-4	ARO:3007026	salB	5838	43.053529	43.070880	61.600000
I_3-4	ARO:3007027	salC	5305	43.200377	43.714816	59.300000
I_3-4	ARO:3007028	salD	9618	46.817394	41.688043	75.500000
I_3-4	ARO:3007029	salE	4170	46.993070	42.175803	103.000000
I_3-4	ARO:3007032	Erm(50)	602	65.674751	64.818439	110.000000
I_3-4	ARO:3007033	Erm(51)	594	65.597643	66.540067	117.000000
I_3-4	ARO:3007041	Erm(52)	516	47.244380	45.661628	62.000000
I_3-4	ARO:3007042	msr(G)	11683	50.814380	50.382924	106.000000
I_3-4	ARO:3007043	msr(I)	34534	50.127703	47.814415	108.000000
I_3-4	ARO:3007044	mef(F)	1383	55.137961	52.949602	101.000000
I_3-4	ARO:3007047	mef(H)	22	66.436364	56.477273	95.100000
I_3-4	ARO:3007049	mef(J)	1211	63.517754	58.794798	105.000000
I_3-4	ARO:3007050	mreA	2427	54.987433	55.670416	94.400000
I_3-4	ARO:3007062	VAM-1	18	48.811111	57.322222	66.600000
I_3-4	ARO:3007069	FosY	58	59.141379	42.956897	94.700000
I_3-4	ARO:3007070	MCR-1.33	4533	58.986764	61.020340	110.000000
I_3-4	ARO:3007075	cph	284	44.674296	41.495070	56.200000
I_3-4	ARO:3007085	PRC-1	263	55.934981	58.301901	105.000000
I_3-4	ARO:3007097	FosM1	3	53.466667	58.166667	80.500000
I_3-4	ARO:3007098	FosM2	7	53.685714	46.757143	79.300000
I_3-4	ARO:3007099	FosM3	6	55.633333	51.666667	80.500000
I_3-4	ARO:3007101	BcIII	132	48.056061	55.168182	77.800000
I_3-4	ARO:3007104	nimA	2251	57.160195	57.479831	104.000000
I_3-4	ARO:3007105	nimC	1377	59.533188	61.498983	87.800000
I_3-4	ARO:3007106	nimD	1591	62.231050	63.476618	102.000000
I_3-4	ARO:3007107	nimE	1664	67.170012	67.291947	112.000000
I_3-4	ARO:3007108	nimF	1446	60.232918	63.802559	94.700000
I_3-4	ARO:3007109	nimG	1716	61.799709	63.650350	96.700000
I_3-4	ARO:3007110	nimH	1553	63.126401	64.502254	97.400000
I_3-4	ARO:3007111	nimI	1286	57.999533	58.371773	95.500000
I_3-4	ARO:3007112	nimJ	1715	59.295277	61.367697	109.000000
I_3-4	ARO:3007113	nimK	1534	55.136962	55.309452	77.800000
I_3-4	ARO:3007118	crxA	18	52.355556	50.061111	67.400000
I_3-4	ARO:3007119	tet(O/32/O)	33118	61.494486	60.462803	114.000000
I_3-4	ARO:3007120	tet(O/M/O)	32891	63.383129	61.853434	114.000000
I_3-4	ARO:3007121	tet(O/W)	32539	62.384305	60.720517	113.000000
I_3-4	ARO:3007122	tet(O/W/32/O)	33077	62.482320	60.906370	115.000000
I_3-4	ARO:3007123	tet(O/W/O)	32629	62.611631	60.880205	114.000000
I_3-4	ARO:3007124	tet(W/32/O)	30482	62.347267	59.762607	111.000000
I_3-4	ARO:3007125	ROB-11	192	53.743229	53.208854	73.200000
I_3-4	ARO:3007126	ROB-12	167	54.672455	53.880240	73.200000
I_3-4	ARO:3007127	otr(A)S.liv	14108	57.064233	49.831635	75.500000
I_3-4	ARO:3007137	mcr-10.1	4854	58.863803	62.286939	114.000000
I_3-4	ARO:3007180	MAB	54	51.457407	55.727778	76.300000
I_3-4	ARO:3007182	blaC	36	57.880556	56.436111	67.400000
I_3-4	ARO:3007188	vanH_in_vanP_cl	4860	47.802840	46.092593	67.400000
I_3-4	ARO:3007189	vanP	4838	49.659301	49.446817	76.600000
I_3-4	ARO:3007190	vanX_in_vanP_cl	351	56.522222	52.792023	77.400000
I_3-4	ARO:3007191	vanR_in_vanP_cl	31762	52.804285	51.453432	94.400000
I_3-4	ARO:3007192	vanS_in_vanP_cl	4835	48.230610	45.911954	80.100000
I_3-4	ARO:3007199	PAM-1	154	46.461039	42.434416	102.000000
I_3-4	ARO:3007200	PAM-2	68	44.707353	43.813235	91.700000
I_3-4	ARO:3007201	PAM-3	67	44.682090	43.767164	91.300000
I_3-4	ARO:3007202	NDM-16b	6	72.850000	77.933333	107.000000
I_3-4	ARO:3007204	AAC(6')-Iap	204	47.581863	45.754902	68.900000
I_3-4	ARO:3007206	KBL-1	216	58.296296	58.249537	102.000000
I_3-4	ARO:3007208	HelR	1668	59.331475	56.475959	104.000000
I_3-4	ARO:3007209	Sven_rox	565	61.986018	51.900885	96.700000
I_3-4	ARO:3007210	Nfar_rox	368	59.390489	52.241033	101.000000
I_3-4	ARO:3007211	NDM-34	11	89.954545	89.036364	107.000000
I_3-4	ARO:3007212	NDM-35	7	76.442857	75.614286	107.000000
I_3-4	ARO:3007213	NDM-36	6	72.850000	77.933333	107.000000
I_3-4	ARO:3007214	NDM-37	6	72.850000	77.933333	107.000000
I_3-4	ARO:3007215	NDM-38	8	100.000000	101.662500	107.000000
I_3-4	ARO:3007216	NDM-39	6	72.850000	77.933333	107.000000
I_3-4	ARO:3007217	NDM-40	8	100.000000	101.662500	107.000000
I_3-4	ARO:3007218	NDM-41	6	72.850000	77.933333	107.000000
I_3-4	ARO:3007219	NDM-42	8	100.000000	101.662500	107.000000
I_3-4	ARO:3007220	NDM-43	8	100.000000	101.662500	107.000000
I_3-4	ARO:3007227	MCR-8.3	5597	54.878292	57.183616	94.400000
I_3-4	ARO:3007228	MCR-8.4	5673	54.969170	57.361237	94.400000
I_3-4	ARO:3007229	MCR-8.2	5705	54.954829	57.323401	94.400000
I_3-4	ARO:3007230	MCR-1.34	3810	59.404094	61.752336	110.000000
I_3-4	ARO:3007231	MCR-4.6	3825	55.782536	60.425020	114.000000
I_3-4	ARO:3007232	MCR-1.27	2916	60.043964	62.617078	110.000000
I_3-4	ARO:3007233	MCR-1.18	2062	59.042677	59.858632	110.000000
I_3-4	ARO:3007234	MCR-1.23	1527	58.460707	57.563196	110.000000
I_3-4	ARO:3007235	MCR-1.20	1396	58.889255	58.313467	110.000000
I_3-4	ARO:3007236	MCR-1.28	1331	59.073929	58.574530	110.000000
I_3-4	ARO:3007237	MCR-1.21	1126	59.831616	59.037922	110.000000
I_3-4	ARO:3007238	MCR-1.16	1308	57.001911	56.007951	110.000000
I_3-4	ARO:3007239	MCR-1.22	803	59.752677	60.209340	110.000000
I_3-4	ARO:3007240	MCR-1.19	493	60.021298	61.475659	110.000000
I_3-4	ARO:3007241	MCR-1.29	202	60.420792	61.864851	110.000000
I_3-4	ARO:3007242	MCR-1.30	188	57.742021	59.796277	103.000000
I_3-4	ARO:3007243	MCR-1.24	197	60.918274	54.284772	91.300000
I_3-4	ARO:3007244	MCR-1.17	24	59.062500	59.350000	102.000000
I_3-4	ARO:3007245	MCR-1.31	13	80.284615	75.661538	101.000000
I_3-4	ARO:3007246	MCR-1.14	90	53.101111	50.804444	88.200000
I_3-4	ARO:3007247	MCR-1.25	4	87.300000	72.675000	87.400000
I_3-4	ARO:3007248	MCR-3.33	5084	60.608065	66.513690	117.000000
I_3-4	ARO:3007249	MCR-3.14	4493	60.947696	66.109548	117.000000
I_3-4	ARO:3007250	MCR-3.37	5530	60.543201	65.885931	115.000000
I_3-4	ARO:3007251	MCR-3.38	3579	59.914473	65.202543	117.000000
I_3-4	ARO:3007252	MCR-3.15	3761	60.703005	65.180351	117.000000
I_3-4	ARO:3007253	MCR-3.27	3569	61.078902	65.524741	117.000000
I_3-4	ARO:3007254	MCR-3.32	4249	60.885385	65.403813	115.000000
I_3-4	ARO:3007255	MCR-3.31	4095	60.174335	64.269939	115.000000
I_3-4	ARO:3007256	MCR-3.23	2495	59.830701	63.501323	117.000000
I_3-4	ARO:3007257	MCR-3.36	5208	60.957642	65.977074	117.000000
I_3-4	ARO:3007258	MCR-3.25	4340	61.359585	65.791382	117.000000
I_3-4	ARO:3007259	MCR-3.22	2787	58.732113	62.913097	117.000000
I_3-4	ARO:3007260	MCR-3.16	4514	61.040851	65.616460	117.000000
I_3-4	ARO:3007261	MCR-3.26	2388	59.363358	63.186139	117.000000
I_3-4	ARO:3007262	MCR-3.21	2347	60.595313	65.002343	117.000000
I_3-4	ARO:3007263	MCR-3.18	4136	59.711412	64.424637	117.000000
I_3-4	ARO:3007264	MCR-3.40	2284	58.612741	62.966419	117.000000
I_3-4	ARO:3007265	MCR-3.24	2048	58.897070	62.980518	117.000000
I_3-4	ARO:3007266	MCR-3.20	5403	58.700888	62.987100	117.000000
I_3-4	ARO:3007267	MCR-3.35	4375	61.505943	67.092229	117.000000
I_3-4	ARO:3007268	MCR-3.34	4457	61.215234	67.091115	117.000000
I_3-4	ARO:3007269	MCR-3.13	3433	62.045558	67.108185	117.000000
I_3-4	ARO:3007270	MCR-3.28	3166	58.874447	63.490524	117.000000
I_3-4	ARO:3007271	MCR-3.39	2046	59.139589	63.062268	117.000000
I_3-4	ARO:3007272	MCR-3.29	2133	58.460478	62.831646	117.000000
I_3-4	ARO:3007273	MCR-3.19	1800	60.080111	63.860556	117.000000
I_3-4	ARO:3007274	MCR-10.5	4889	58.794436	62.085212	114.000000
I_3-4	ARO:3007275	MCR-10.3	4881	58.631735	62.039480	114.000000
I_3-4	ARO:3007276	MCR-10.4	4921	58.852144	62.309266	114.000000
I_3-4	ARO:3007277	MCR-10.2	4832	58.849214	62.217798	114.000000
I_3-4	ARO:3007278	MCR-3.17	5062	60.038858	65.937851	117.000000
I_3-4	ARO:3007279	MCR-1.15	5253	58.220445	59.947744	110.000000
I_3-4	ARO:3007280	MCR-1.26	6180	58.118657	59.629903	110.000000
I_3-4	ARO:3007281	MCR-5.4	4205	60.976076	62.292319	115.000000
I_3-4	ARO:3007282	MCR-5.3	4242	60.844719	62.216172	115.000000
I_3-4	ARO:3007283	MCR-2.4	4669	58.993018	61.828978	97.100000
I_3-4	ARO:3007284	MCR-2.3	4749	58.915877	61.404464	97.100000
I_3-4	ARO:3007285	MCR-2.8	3932	58.435300	60.166531	94.400000
I_3-4	ARO:3007286	MCR-2.5	4599	58.791172	61.801196	97.100000
I_3-4	ARO:3007287	MCR-2.7	4545	58.700022	61.506997	97.100000
I_3-4	ARO:3007288	MCR-2.6	4581	58.845689	61.736848	97.100000
I_3-4	ARO:3007368	FosG	410	58.973902	63.582195	81.300000
I_3-4	ARO:3007369	FosH	121	66.212397	62.135537	89.000000
I_3-4	ARO:3007370	FosI	113	68.622124	64.307080	89.700000
I_3-4	ARO:3007371	FosA8	530	63.900377	66.527170	110.000000
I_3-4	ARO:3007372	FosBx1	100	47.922000	40.012000	81.300000
I_3-4	ARO:3007374	PJM-1	109	51.062385	46.933028	98.200000
I_3-4	ARO:3007375	KPC-87	56	83.314286	81.103571	108.000000
I_3-4	ARO:3007401	ANT(9)-Ib	68	46.405882	47.701471	58.900000
I_3-4	ARO:3007402	KPC-94	13	100.000000	91.092308	114.000000
I_3-4	ARO:3007427	ThfT	405	54.583951	48.048642	89.000000
I_3-4	ARO:3007433	almE	80	50.048750	44.313750	108.000000
I_3-4	ARO:3007435	WUS-1	46	43.617391	48.534783	68.900000
I_3-4	ARO:3007436	KPC-96	12	59.033333	53.391667	60.500000
I_3-4	ARO:3007437	EBR-5	14	50.735714	59.192857	88.200000
I_3-4	ARO:3007438	LAQ-1	348	63.347701	66.138218	99.800000
I_3-4	ARO:3007442	SSA	155	58.310968	54.916774	74.300000
I_3-4	ARO:3007443	NDM-44	8	100.000000	101.662500	107.000000
I_3-4	ARO:3007444	NDM-45	6	72.850000	78.000000	107.000000
I_3-4	ARO:3007445	NDM-46	6	72.850000	77.933333	107.000000
I_3-4	ARO:3007446	KPC-100	1	51.100000	47.800000	47.800000
I_3-4	ARO:3007447	NDM-47	1	100.000000	105.000000	105.000000
I_3-4	ARO:3007453	TEM-244	4	64.350000	54.200000	70.900000
I_3-4	ARO:3007456	dfrL	1614	48.565366	48.779058	71.200000
I_3-4	ARO:3007459	EstT	427	68.737237	67.775644	112.000000
I_3-4	ARO:3007460	IMP-91	12	49.191667	54.108333	63.200000
I_3-4	ARO:3007461	IMP-96	3	61.700000	70.100000	70.100000
I_3-4	ARO:3007462	IMP-92	6	45.266667	52.116667	62.800000
I_3-4	ARO:3007463	IMP-93	4	62.525000	67.400000	69.700000
I_3-4	ARO:3007464	IMP-94	5	63.620000	57.140000	82.400000
I_3-4	ARO:3007465	IMP-95	4	44.525000	49.750000	60.500000
I_3-4	ARO:3007470	IND-17	23	52.295652	60.021739	87.800000
I_3-4	ARO:3007483	RAD-1	1021	52.225367	56.785113	95.900000
I_3-4	ARO:3007489	dfrB10	179	84.591620	77.355307	107.000000
I_3-4	ARO:3007490	dfrB11	176	82.814205	76.573295	104.000000
I_3-4	ARO:3007492	tet(62)	4917	59.424934	59.173297	88.600000
I_3-4	ARO:3007493	tet(63)	214	51.790187	51.208411	87.400000
I_3-4	ARO:3007494	tet(64)	4156	61.442036	60.005438	85.500000
I_3-4	ARO:3007509	Sfle_acrA	15494	62.678495	60.100523	104.000000
I_3-4	ARO:3007515	ANT(9)-Ic	251	51.275697	48.846614	79.300000
I_3-4	ARO:3007533	MCR-4.7	4100	55.587512	60.114585	114.000000
I_3-4	ARO:3007539	APH(9)-Ic	6	48.983333	51.550000	68.900000
I_3-4	ARO:3007561	OXA-1038	112	51.491071	53.105357	111.000000
I_3-4	ARO:3007562	OXA-1039	11	87.754545	91.363636	111.000000
I_3-4	ARO:3007632	FRI-11	18	55.588889	54.816667	75.500000
I_3-4	ARO:3007635	CAE-1	357	64.343417	60.326050	99.000000
I_3-4	ARO:3007637	cplR	47255	47.330043	45.586545	84.000000
I_3-4	ARO:3007644	Cper_cplR	40336	47.215143	46.849078	102.000000
I_3-4	ARO:3007645	Cspo_cplR	33666	45.746979	46.355353	81.300000
I_3-4	ARO:3007648	PSZ-1	115	63.382609	60.176522	83.200000
I_3-4	ARO:3007650	CDA-1	65	63.472308	63.887692	87.000000
I_3-4	ARO:3007654	erm(56)	867	62.834141	63.300115	108.000000
I_3-4	ARO:3007659	Rv2856	443	59.426411	57.349210	101.000000
I_3-4	ARO:3007662	Rv1877	2011	49.785778	48.990602	84.700000
I_3-4	ARO:3007669	aadT	1172	56.119198	54.317662	103.000000
I_3-4	ARO:3007671	CdnimB	464	48.828448	51.813793	79.000000
I_3-4	ARO:3007678	IreK	7295	54.827964	55.455627	102.000000
I_3-4	ARO:3007682	MdtQ	2808	68.842058	67.834865	117.000000
I_3-4	ARO:3007694	AMZ-1	545	57.384771	60.723119	94.400000
I_3-4	ARO:3007695	CMY-185	8	89.625000	92.225000	110.000000
I_3-4	ARO:3007770	aac(6')-Ib-cr10	1868	95.399358	89.996146	110.000000
I_3-4	ARO:3007771	aac(6')-Ib-cr11	1789	96.225098	90.340302	110.000000
I_3-4	ARO:3007801	RATA-1	357	58.903641	58.331933	103.000000
I_3-4	ARO:3007802	RATA-2	331	58.668580	58.309668	103.000000
I_3-4	ARO:3007803	CARB-56	376	59.507979	62.202926	74.700000
I_3-4	ARO:3007812	VIM-75	3	47.900000	63.933333	65.100000
I_3-4	ARO:3007813	VIM-76	6	49.883333	56.666667	62.800000
I_3-4	ARO:3007816	VIM-79	4	51.575000	62.675000	65.500000
I_3-4	ARO:3007817	VIM-80	12	75.133333	76.008333	106.000000
I_3-4	ARO:3007820	VIM-83	4	48.675000	62.975000	65.100000
I_3-4	ARO:3007823	VIM-86	16	47.425000	56.137500	70.900000
I_3-4	ARO:3007825	GES-47	386	69.363990	70.782124	107.000000
I_3-4	ARO:3007826	GES-48	279	73.692832	75.485305	107.000000
I_3-4	ARO:3007827	GES-49	232	86.237069	88.361638	108.000000
I_3-4	ARO:3007828	GES-50	257	75.115953	76.825681	107.000000
I_3-4	ARO:3007829	GES-51	111	88.067568	89.262162	104.000000
I_3-4	ARO:3007830	GES-52	181	99.239779	101.543094	108.000000
I_3-4	ARO:3007831	GES-53	152	97.919737	99.564474	108.000000
I_3-4	ARO:3007832	GES-54	187	77.806417	79.070053	107.000000
I_3-4	ARO:3007833	GES-55	72	99.137500	101.465278	108.000000
I_3-4	ARO:3007834	GES-56	232	79.067241	80.536638	111.000000
I_3-4	ARO:3007835	GES-57	124	93.329032	95.941935	103.000000
I_3-4	ARO:3007836	CARB-57	347	59.216138	61.713256	71.200000
I_3-4	ARO:3007837	CARB-58	1455	89.458007	49.832165	108.000000
I_3-4	ARO:3007838	tet(65)	2987	57.833947	55.694141	100.000000
I_3-4	ARO:3007840	CIM-1	33	47.915152	54.839394	80.900000
I_3-4	ARO:3007844	KPC-135	1	56.600000	53.500000	53.500000
I_3-4	ARO:3007846	SIE-1	39	50.484615	46.502564	87.400000
I_3-4	ARO:3007848	NWM-1	341	46.010850	40.631965	73.900000
I_3-4	ARO:3007855	CHM-1	55	51.230909	56.843636	89.000000
I_3-4	ARO:3007859	BIM-1	1	46.000000	49.300000	49.300000
I_3-4	ARO:3007861	DYB-1	128	54.053125	61.580469	82.400000
I_3-4	ARO:3007883	ACT-100	187	88.071123	83.812299	110.000000
I_3-4	ARO:3007884	ACT-101	134	89.314925	81.613433	110.000000
I_3-4	ARO:3007885	ACT-102	172	86.338372	81.543023	110.000000
I_3-4	ARO:3007886	ACT-103	166	88.268675	83.704217	110.000000
I_3-4	ARO:3007887	ACT-104	125	69.370400	72.028000	110.000000
I_3-4	ARO:3007888	ACT-105	87	91.129885	91.694253	112.000000
I_3-4	ARO:3007889	ACT-106	66	64.901515	60.407576	107.000000
I_3-4	ARO:3007890	ACT-107	159	82.576101	79.309434	109.000000
I_3-4	ARO:3007891	ACT-108	35	68.025714	62.468571	105.000000
I_3-4	ARO:3007892	ACT-109	83	68.510843	69.242169	106.000000
I_3-4	ARO:3007893	ACT-110	93	85.015054	89.221505	110.000000
I_3-4	ARO:3007894	ACT-111	36	90.402778	94.791667	111.000000
I_3-4	ARO:3007895	ACT-112	135	81.888148	75.577037	106.000000
I_3-4	ARO:3007896	ACT-113	20	69.870000	59.740000	100.000000
I_3-4	ARO:3007897	ACT-115	19	88.215789	84.505263	106.000000
I_3-4	ARO:3007898	ACT-116	81	95.166667	98.667901	112.000000
I_3-4	ARO:3007899	ACT-117	127	82.158268	75.279528	106.000000
I_3-4	ARO:3007900	ACT-118	52	85.182692	91.105769	108.000000
I_3-4	ARO:3007901	ACT-119	84	65.489286	69.878571	97.400000
I_3-4	ARO:3007902	ACT-120	73	65.920548	67.727397	103.000000
I_3-4	ARO:3007903	ACT-121	97	71.647423	75.888660	108.000000
I_3-4	ARO:3007904	ACT-122	33	68.809091	65.845455	106.000000
I_3-4	ARO:3007905	ACT-123	22	70.118182	61.113636	106.000000
I_3-4	ARO:3007906	ACT-124	5	61.340000	58.840000	98.200000
I_3-4	ARO:3007907	ACT-131	118	81.890678	74.119492	106.000000
I_3-4	ARO:3007908	ACT-140	76	82.369737	89.492105	107.000000
I_3-4	ARO:3007909	ACT-141	62	56.427419	51.383871	106.000000
I_3-4	ARO:3007910	ACT-142	165	80.613939	76.770303	108.000000
I_3-4	ARO:3007911	ACT-143	93	79.845161	83.439785	110.000000
I_3-4	ARO:3007912	ACT-144	29	70.131034	63.041379	106.000000
I_3-4	ARO:3007913	ACT-145	68	94.729412	97.775000	110.000000
I_3-4	ARO:3007914	ACT-146	158	83.906329	90.610127	107.000000
I_3-4	ARO:3007915	ACT-148	24	66.591667	59.629167	97.100000
I_3-4	ARO:3007916	ACT-150	104	73.002885	71.948077	108.000000
I_3-4	ARO:3007917	ACT-151	60	58.891667	53.175000	106.000000
I_3-4	ARO:3007918	ACT-153	62	83.303226	90.762903	107.000000
I_3-4	ARO:3007919	ACT-154	72	75.761111	80.250000	110.000000
I_3-4	ARO:3007920	ACT-155	52	55.055769	49.146154	107.000000
I_3-4	ARO:3007921	ACT-156	73	80.310959	82.624658	109.000000
I_3-4	ARO:3007922	ACT-157	52	53.042308	46.334615	102.000000
I_3-4	ARO:3007923	ACT-158	30	65.390000	58.103333	106.000000
I_3-4	ARO:3007924	ACT-159	36	82.925000	79.827778	111.000000
I_3-4	ARO:3007925	ACT-160	156	84.007692	90.633333	107.000000
I_3-4	ARO:3007926	ACT-161	107	71.120561	72.469159	108.000000
I_3-4	ARO:3007927	ACT-162	92	74.041304	75.098913	108.000000
I_3-4	ARO:3007928	ACT-165	155	82.753548	89.658065	107.000000
I_3-4	ARO:3007929	ACT-166	58	75.612069	76.506897	106.000000
I_3-4	ARO:3007930	ACT-167	51	95.449020	98.760784	111.000000
I_3-4	ARO:3007931	ACT-168	25	93.956000	96.888000	111.000000
I_3-4	ARO:3007932	ACT-169	38	93.313158	90.894737	108.000000
I_3-4	ARO:3007933	ACT-170	80	80.130000	86.622500	110.000000
I_3-4	ARO:3007934	ACT-171	19	72.826316	62.694737	106.000000
I_3-4	ARO:3007935	ACT-172	75	82.781333	89.973333	107.000000
I_3-4	ARO:3007936	ACT-173	118	89.042373	90.672034	109.000000
I_3-4	ARO:3007937	ACT-174	8	85.725000	88.275000	108.000000
I_3-4	ARO:3007938	ACT-175	17	81.747059	86.858824	107.000000
I_3-4	ARO:3007939	ACT-176	19	83.968421	91.778947	111.000000
I_3-4	ARO:3007940	ACT-177	147	88.904082	91.533333	113.000000
I_3-4	ARO:3007941	ACT-178	209	50.779426	44.548804	106.000000
I_3-4	ARO:3007942	ACT-179	4	100.000000	99.100000	106.000000
I_3-4	ARO:3007943	ACT-180	17	81.741176	86.541176	111.000000
I_3-4	ARO:3007944	ACT-181	61	67.970492	62.127869	108.000000
I_3-4	ARO:3007945	ACT-182	91	87.964835	89.852747	112.000000
I_3-4	ARO:3007946	ACT-183	25	70.684000	63.140000	106.000000
I_3-4	ARO:3007947	ACT-184	42	51.133333	47.523810	106.000000
I_3-4	ARO:3007948	ACT-185	83	70.998795	73.465060	109.000000
I_3-4	ARO:3007949	ACT-186	15	65.580000	52.986667	97.100000
I_3-4	ARO:3007950	ACT-187	42	86.392857	92.219048	111.000000
I_3-4	ARO:3007951	ACT-188	124	83.800000	89.972581	110.000000
I_3-4	ARO:3007952	ACT-189	14	71.678571	65.735714	106.000000
I_3-4	ARO:3007953	ACT-190	29	92.910345	92.286207	110.000000
I_3-4	ARO:3007954	ACT-191	3	82.666667	67.900000	90.900000
I_3-4	ARO:3007955	ACT-192	11	69.500000	66.963636	109.000000
I_3-4	ARO:3007956	ACT-193	21	84.914286	89.595238	111.000000
I_3-4	ARO:3007957	ACT-194	1	88.000000	90.900000	90.900000
I_3-4	ARO:3007958	ACT-85	109	72.632110	73.054128	113.000000
I_3-4	ARO:3007959	ACT-86	110	73.303636	73.800909	113.000000
I_3-4	ARO:3007960	ACT-88	117	55.677778	58.758974	103.000000
I_3-4	ARO:3007961	ACT-89	8	62.687500	58.900000	106.000000
I_3-4	ARO:3007962	ACT-90	11	68.927273	63.172727	109.000000
I_3-4	ARO:3007963	ACT-91	42	79.945238	81.838095	111.000000
I_3-4	ARO:3007964	ACT-92	59	95.330508	98.074576	112.000000
I_3-4	ARO:3007965	ACT-93	58	94.958621	97.739655	111.000000
I_3-4	ARO:3007966	ACT-94	3	96.000000	100.300000	106.000000
I_3-4	ARO:3007967	ACT-95	65	79.198462	85.135385	110.000000
I_3-4	ARO:3007968	ACT-96	66	78.646970	86.213636	109.000000
I_3-4	ARO:3007969	ACT-97	29	93.493103	94.062069	108.000000
I_3-4	ARO:3007970	ACT-98	105	66.980000	70.927619	109.000000
I_3-4	ARO:3007971	ACT-99	59	74.150847	80.342373	108.000000
I_3-4	ARO:3007972	ACT-GC1	1	100.000000	106.000000	106.000000
I_3-4	ARO:3007973	ADC-257	21	62.628571	65.447619	74.300000
I_3-4	ARO:3007975	ADC-259	5	60.080000	61.220000	67.400000
I_3-4	ARO:3007976	ADC-260	1	64.000000	73.200000	73.200000
I_3-4	ARO:3007980	ADC-264	155	60.839355	65.676129	86.700000
I_3-4	ARO:3007981	ADC-265	156	62.581410	67.862821	80.100000
I_3-4	ARO:3007982	ADC-266	85	53.931765	58.537647	85.900000
I_3-4	ARO:3007983	ADC-267	18	62.294444	50.133333	60.100000
I_3-4	ARO:3007985	ADC-269	8	47.200000	56.337500	62.000000
I_3-4	ARO:3007986	ADC-270	13	55.130769	56.107692	59.300000
I_3-4	ARO:3007988	ADC-272	7	56.328571	59.800000	104.000000
I_3-4	ARO:3007990	ADC-274	114	62.899123	64.466667	104.000000
I_3-4	ARO:3007991	ADC-275	3	57.133333	40.300000	41.200000
I_3-4	ARO:3007992	ADC-276	18	62.294444	50.133333	60.100000
I_3-4	ARO:3007993	ADC-277	37	68.113514	72.732432	109.000000
I_3-4	ARO:3007994	ADC-278	4	69.675000	68.550000	72.800000
I_3-4	ARO:3007996	ADC-280	4	57.200000	57.650000	63.500000
I_3-4	ARO:3007997	ADC-281	31	61.590323	67.729032	79.700000
I_3-4	ARO:3007998	ADC-282	132	62.543939	67.483333	80.100000
I_3-4	ARO:3007999	ADC-283	1	58.300000	63.200000	63.200000
I_3-4	ARO:3008000	ADC-284	8	47.200000	56.337500	62.000000
I_3-4	ARO:3008001	ADC-285	172	62.744767	66.465698	85.900000
I_3-4	ARO:3008002	ADC-286	7	52.528571	54.800000	78.600000
I_3-4	ARO:3008003	ADC-287	3	56.666667	61.500000	78.600000
I_3-4	ARO:3008004	ADC-288	131	64.580916	71.796947	85.100000
I_3-4	ARO:3008005	ADC-289	80	54.048750	58.526250	85.900000
I_3-4	ARO:3008006	ADC-290	177	64.763842	69.990960	88.200000
I_3-4	ARO:3008007	ADC-291	27	62.425926	65.711111	77.800000
I_3-4	ARO:3008008	ADC-292	132	66.545455	70.855303	86.300000
I_3-4	ARO:3008011	ADC-295	136	58.411765	62.358088	83.600000
I_3-4	ARO:3008012	ADC-302	1	100.000000	104.000000	104.000000
I_3-4	ARO:3008016	ADC-306	80	64.056250	69.188750	85.100000
I_3-4	ARO:3008017	ADC-307	1	100.000000	104.000000	104.000000
I_3-4	ARO:3008018	ADC-308	46	66.200000	60.402174	78.600000
I_3-4	ARO:3008020	ADC-310	18	65.722222	68.394444	104.000000
I_3-4	ARO:3008021	ADC-311	46	66.200000	60.402174	78.600000
I_3-4	ARO:3008024	ADC-314	199	65.355779	70.414573	88.200000
I_3-4	ARO:3008025	ADC-315	2	60.650000	65.650000	66.200000
I_3-4	ARO:3008026	ADC-316	14	59.535714	65.607143	104.000000
I_3-4	ARO:3008028	ADC-318	91	62.623077	68.894505	78.600000
I_3-4	ARO:3008030	ADC-320	2	46.450000	39.650000	40.800000
I_3-4	ARO:3008031	ADC-321	85	65.408235	67.785882	84.700000
I_3-4	ARO:3008032	ADC-322	30	63.373333	68.743333	77.800000
I_3-4	ARO:3008033	ADC-323	1	45.500000	41.600000	41.600000
I_3-4	ARO:3008034	ADC-324	121	64.685124	74.843802	87.000000
I_3-4	ARO:3008035	ADC-325	14	59.535714	65.607143	104.000000
I_3-4	ARO:3008036	ADC-326	15	74.160000	83.466667	85.100000
I_3-4	ARO:3008039	ADC-329	36	67.227778	71.725000	79.700000
I_3-4	ARO:3008042	ADC-332	43	57.934884	59.058140	71.600000
I_3-4	ARO:3008043	ADC-333	2	65.650000	68.400000	68.600000
I_3-4	ARO:3008044	ADC-334	87	53.758621	58.737931	85.900000
I_3-4	ARO:3008045	ADC-335	266	62.369925	66.236466	79.700000
I_3-4	ARO:3008046	ADC-336	3	55.533333	61.000000	73.200000
I_3-4	ARO:3008050	ADC-340	1	67.300000	73.900000	73.900000
I_3-4	ARO:3008051	ADC-341	6	47.850000	47.833333	59.300000
I_3-4	ARO:3008052	ADC-342	1	59.200000	60.800000	60.800000
I_3-4	ARO:3008053	ADC-343	18	57.850000	60.227778	78.600000
I_3-4	ARO:3008054	ADC-344	5	69.020000	71.640000	78.600000
I_3-4	ARO:3008057	ADC-347	97	61.637113	62.665979	77.000000
I_3-4	ARO:3008058	ADC-348	19	63.494737	66.826316	74.300000
I_3-4	ARO:3008060	ADC-350	93	55.251613	58.460215	85.900000
I_3-4	ARO:3008061	ADC-351	5	55.100000	56.920000	78.600000
I_3-4	ARO:3008062	ADC-352	110	63.070000	66.256364	78.600000
I_3-4	ARO:3008063	ADC-353	51	54.835294	58.458824	78.600000
I_3-4	ARO:3008064	ADC-354	2	67.700000	74.150000	75.100000
I_3-4	ARO:3008066	ADC-356	20	67.130000	74.535000	86.300000
I_3-4	ARO:3008067	ADC-357	159	68.736478	74.956604	86.300000
I_3-4	ARO:3008068	ADC-358	83	54.637349	58.706024	85.900000
I_3-4	ARO:3008069	ADC-359	142	64.947887	66.928873	84.700000
I_3-4	ARO:3008070	AFM-3	3	64.900000	48.933333	52.800000
I_3-4	ARO:3008071	AFM-4	3	64.900000	48.933333	52.800000
I_3-4	ARO:3008072	AFM-5	2	47.350000	50.100000	52.800000
I_3-4	ARO:3008073	AIM-2	92	51.572826	47.667391	102.000000
I_3-4	ARO:3008074	ASU1-1	45	55.508889	53.975556	73.200000
I_3-4	ARO:3008075	AXC-6	215	60.654419	61.381860	82.800000
I_3-4	ARO:3008076	AXC-7	214	61.536449	62.328972	80.500000
I_3-4	ARO:3008077	AXC-8	212	61.134434	61.740094	82.800000
I_3-4	ARO:3008078	B3SU1-1	179	47.305587	43.053073	95.500000
I_3-4	ARO:3008079	B3SU2-1	17	46.052941	49.147059	73.900000
I_3-4	ARO:3008080	BIC-2	14	53.600000	53.528571	75.500000
I_3-4	ARO:3008081	BMHC-1	46	49.969565	55.739130	90.900000
I_3-4	ARO:3008082	BOR-1	127	55.330709	54.555906	80.100000
I_3-4	ARO:3008083	CAM-2	9	52.455556	57.311111	80.900000
I_3-4	ARO:3008084	CME-3	435	60.030115	61.137471	85.500000
I_3-4	ARO:3008085	CMH-10	99	73.752525	79.265657	113.000000
I_3-4	ARO:3008086	CMH-11	48	77.558333	80.095833	106.000000
I_3-4	ARO:3008087	CMH-12	77	76.850649	81.389610	113.000000
I_3-4	ARO:3008088	CMH-13	71	79.118310	84.652113	113.000000
I_3-4	ARO:3008089	CMH-14	83	77.553012	82.791566	113.000000
I_3-4	ARO:3008090	CMH-15	79	77.227848	81.903797	113.000000
I_3-4	ARO:3008091	CMH-16	78	77.171795	81.753846	113.000000
I_3-4	ARO:3008092	CMH-17	32	72.143750	72.753125	108.000000
I_3-4	ARO:3008093	CMH-18	73	78.686301	83.927397	113.000000
I_3-4	ARO:3008094	CMH-19	63	76.774603	80.839683	113.000000
I_3-4	ARO:3008095	CMH-20	78	76.657692	82.164103	108.000000
I_3-4	ARO:3008096	CMH-21	53	74.511321	77.120755	113.000000
I_3-4	ARO:3008097	CMH-24	43	76.734884	78.623256	113.000000
I_3-4	ARO:3008098	CMH-25	41	69.134146	71.160976	113.000000
I_3-4	ARO:3008099	CMH-26	20	73.235000	74.845000	113.000000
I_3-4	ARO:3008100	CMH-27	22	71.068182	72.550000	113.000000
I_3-4	ARO:3008101	CMH-28	21	73.933333	74.866667	112.000000
I_3-4	ARO:3008102	CMH-29	26	68.830769	68.226923	113.000000
I_3-4	ARO:3008103	CMH-30	35	72.951429	72.885714	113.000000
I_3-4	ARO:3008104	CMH-31	43	74.930233	76.030233	113.000000
I_3-4	ARO:3008105	CMH-32	25	71.724000	71.408000	108.000000
I_3-4	ARO:3008106	CMH-33	35	70.388571	70.654286	113.000000
I_3-4	ARO:3008107	CMH-34	30	72.653333	75.523333	113.000000
I_3-4	ARO:3008108	CMH-7	30	72.260000	76.390000	113.000000
I_3-4	ARO:3008109	CMH-8	21	78.704762	79.952381	113.000000
I_3-4	ARO:3008110	CMH-9	59	78.338983	85.600000	106.000000
I_3-4	ARO:3008111	CMY-172	949	92.275132	92.702740	115.000000
I_3-4	ARO:3008112	CMY-175	12	72.808333	83.758333	110.000000
I_3-4	ARO:3008113	CMY-176	49	78.591837	82.767347	111.000000
I_3-4	ARO:3008115	CMY-178	926	91.304968	91.481102	115.000000
I_3-4	ARO:3008116	CMY-179	115	79.176522	81.925217	114.000000
I_3-4	ARO:3008117	CMY-180	15	98.533333	107.466667	114.000000
I_3-4	ARO:3008118	CMY-181	9	97.977778	107.222222	114.000000
I_3-4	ARO:3008119	CMY-182	66	75.657576	81.868182	105.000000
I_3-4	ARO:3008120	CMY-183	26	82.630769	86.600000	111.000000
I_3-4	ARO:3008121	CMY-184	66	99.603030	106.296970	110.000000
I_3-4	ARO:3008122	CMY-186	62	99.740323	106.427419	110.000000
I_3-4	ARO:3008123	CMY-188	8	99.000000	106.600000	114.000000
I_3-4	ARO:3008124	CMY-189	7	98.857143	106.828571	114.000000
I_3-4	ARO:3008125	CMY-190	86	72.424419	70.903488	107.000000
I_3-4	ARO:3008126	CMY-191	5	98.800000	106.400000	110.000000
I_3-4	ARO:3008127	CMY-192	9	64.888889	56.377778	88.600000
I_3-4	ARO:3008128	CMY-194	44	99.540909	106.277273	109.000000
I_3-4	ARO:3008129	CMY-195	5	100.000000	107.200000	110.000000
I_3-4	ARO:3008130	CMY-196	5	98.000000	106.000000	109.000000
I_3-4	ARO:3008131	CMY-197	5	100.000000	107.200000	110.000000
I_3-4	ARO:3008132	CMY-198	1	45.800000	43.500000	43.500000
I_3-4	ARO:3008136	CTX-M-246	22	55.095455	49.313636	92.000000
I_3-4	ARO:3008138	CTX-M-248	1	69.200000	53.100000	53.100000
I_3-4	ARO:3008139	CTX-M-249	1	69.200000	53.100000	53.100000
I_3-4	ARO:3008142	CTX-M-253	51	85.566667	85.031373	106.000000
I_3-4	ARO:3008144	CTX-M-255	1	56.300000	62.800000	62.800000
I_3-4	ARO:3008149	CTX-M-260	1	41.300000	41.200000	41.200000
I_3-4	ARO:3008155	CTX-M-266	1	53.700000	48.900000	48.900000
I_3-4	ARO:3008159	CTX-M-270	47	89.089362	86.382979	106.000000
I_3-4	ARO:3008160	CTX-M-271	2	52.650000	53.550000	54.300000
I_3-4	ARO:3008161	CTX-M-272	33	90.330303	89.966667	106.000000
I_3-4	ARO:3008164	CTX-M-275	15	57.693333	63.926667	69.300000
I_3-4	ARO:3008166	CTX-M-277	28	71.510714	77.585714	88.600000
I_3-4	ARO:3008168	DHA-30	52	55.182692	55.017308	101.000000
I_3-4	ARO:3008169	DHA-31	190	74.666842	78.268421	107.000000
I_3-4	ARO:3008170	DHA-32	157	72.579618	76.272611	109.000000
I_3-4	ARO:3008171	DHA-33	222	95.608559	93.336486	109.000000
I_3-4	ARO:3008172	DHA-34	226	96.084513	96.494690	109.000000
I_3-4	ARO:3008173	FONA-10	116	68.812069	71.456034	109.000000
I_3-4	ARO:3008174	FONA-11	101	70.598020	73.536634	109.000000
I_3-4	ARO:3008175	FONA-12	118	69.792373	72.516949	109.000000
I_3-4	ARO:3008176	FONA-13	99	70.923232	74.010101	109.000000
I_3-4	ARO:3008177	FONA-7	71	70.833803	71.363380	109.000000
I_3-4	ARO:3008178	FONA-8	107	70.671963	73.230841	109.000000
I_3-4	ARO:3008179	FONA-9	106	70.925472	73.521698	109.000000
I_3-4	ARO:3008180	FOX-18	304	84.343421	81.799013	113.000000
I_3-4	ARO:3008181	FOX-19	324	84.636420	83.068210	108.000000
I_3-4	ARO:3008182	FOX-20	325	86.102769	83.576000	109.000000
I_3-4	ARO:3008183	FOX-21	372	84.430108	82.100269	110.000000
I_3-4	ARO:3008184	FRI-12	22	53.672727	50.754545	75.500000
I_3-4	ARO:3008185	GES-58	55	96.336364	96.670909	104.000000
I_3-4	ARO:3008186	GES-59	315	63.331111	64.547302	105.000000
I_3-4	ARO:3008187	GES-60	31	94.309677	93.848387	104.000000
I_3-4	ARO:3008188	GES-61	112	98.631250	100.204464	108.000000
I_3-4	ARO:3008189	GES-62	131	63.801527	64.133588	102.000000
I_3-4	ARO:3008191	GES-66	88	57.135227	55.229545	104.000000
I_3-4	ARO:3008192	GIM-3	14	51.914286	59.507143	69.700000
I_3-4	ARO:3008193	GMA-1	167	53.920359	56.561677	74.700000
I_3-4	ARO:3008194	GMA-2	162	53.648765	55.913580	73.600000
I_3-4	ARO:3008195	GOB-17	28	51.132143	50.571429	98.600000
I_3-4	ARO:3008196	GOB-47	29	51.124138	50.458621	98.600000
I_3-4	ARO:3008197	GOB-52	9	49.144444	44.944444	62.800000
I_3-4	ARO:3008198	GOB-53	21	50.257143	46.680952	96.700000
I_3-4	ARO:3008199	HBL-1	118	49.183898	47.260169	70.900000
I_3-4	ARO:3008200	HER-1	415	59.099277	60.286024	101.000000
I_3-4	ARO:3008201	HER-2	412	58.929612	60.405097	101.000000
I_3-4	ARO:3008202	HER-3	413	58.938499	60.465860	101.000000
I_3-4	ARO:3008203	HER-4	391	59.461893	60.596164	101.000000
I_3-4	ARO:3008204	HER-5	414	58.915942	60.542271	101.000000
I_3-4	ARO:3008205	HER-6	419	59.514081	60.499523	101.000000
I_3-4	ARO:3008206	HER-8	409	59.855257	60.965526	101.000000
I_3-4	ARO:3008207	HMB-2	15	57.633333	49.040000	65.100000
I_3-4	ARO:3008208	IMI-10	14	47.171429	46.421429	59.700000
I_3-4	ARO:3008209	IMI-22	12	46.183333	45.075000	74.300000
I_3-4	ARO:3008210	IMI-23	15	47.526667	45.346667	59.700000
I_3-4	ARO:3008211	IMI-24	18	52.711111	48.461111	61.200000
I_3-4	ARO:3008212	IMI-25	17	53.323529	48.800000	61.200000
I_3-4	ARO:3008213	IMI-26	13	46.407692	46.676923	59.700000
I_3-4	ARO:3008214	IMI-27	39	44.856410	45.074359	53.900000
I_3-4	ARO:3008216	IMP-101	6	70.433333	65.550000	106.000000
I_3-4	ARO:3008217	IMP-102	5	63.620000	57.140000	82.400000
I_3-4	ARO:3008218	IMP-104	3	39.366667	43.500000	46.600000
I_3-4	ARO:3008219	IMP-105	16	47.787500	52.475000	63.200000
I_3-4	ARO:3008220	IMP-86	11	50.027273	54.790909	63.200000
I_3-4	ARO:3008221	IMP-87	11	50.027273	54.790909	63.200000
I_3-4	ARO:3008223	IMP-97	1	43.200000	43.900000	43.900000
I_3-4	ARO:3008224	IMP-98	1	43.200000	43.900000	43.900000
I_3-4	ARO:3008225	IMP-99	5	53.940000	61.920000	70.100000
I_3-4	ARO:3008226	IND-18	29	48.037931	52.362069	88.600000
I_3-4	ARO:3008227	IND-19	20	49.570000	54.495000	89.000000
I_3-4	ARO:3008228	KHM-2	27	48.059259	46.007407	62.800000
I_3-4	ARO:3008229	KLUC-6	71	68.643662	65.116901	100.000000
I_3-4	ARO:3008230	KLUG-1	29	70.379310	69.324138	104.000000
I_3-4	ARO:3008232	KPC-102	13	57.769231	53.892308	63.500000
I_3-4	ARO:3008242	KPC-112	74	68.656757	67.036486	108.000000
I_3-4	ARO:3008243	KPC-113	1	57.100000	61.600000	61.600000
I_3-4	ARO:3008245	KPC-115	29	91.737931	87.565517	114.000000
I_3-4	ARO:3008248	KPC-118	6	58.116667	55.066667	60.800000
I_3-4	ARO:3008253	KPC-124	29	91.562069	87.179310	114.000000
I_3-4	ARO:3008255	KPC-127	1	44.700000	38.500000	38.500000
I_3-4	ARO:3008256	KPC-128	1	51.100000	47.800000	47.800000
I_3-4	ARO:3008264	KPC-138	1	39.600000	47.000000	47.000000
I_3-4	ARO:3008267	KPC-141	3	39.600000	46.600000	46.600000
I_3-4	ARO:3008269	KPC-143	1	38.000000	47.400000	47.400000
I_3-4	ARO:3008270	KPC-144	1	44.700000	38.500000	38.500000
I_3-4	ARO:3008276	KPC-150	40	80.037500	77.212500	114.000000
I_3-4	ARO:3008277	KPC-151	68	77.739706	75.441176	108.000000
I_3-4	ARO:3008281	KPC-155	9	91.422222	87.244444	108.000000
I_3-4	ARO:3008285	KPC-159	48	78.918750	75.329167	108.000000
I_3-4	ARO:3008286	KPC-160	38	91.581579	87.292105	114.000000
I_3-4	ARO:3008292	KPC-166	9	99.488889	98.088889	114.000000
I_3-4	ARO:3008295	KPC-169	49	80.934694	77.275510	114.000000
I_3-4	ARO:3008300	KPC-174	34	76.405882	76.950000	104.000000
I_3-4	ARO:3008301	KPC-175	1	79.200000	83.200000	83.200000
I_3-4	ARO:3008305	KPC-179	31	62.829032	61.435484	83.600000
I_3-4	ARO:3008307	KPC-181	1	100.000000	102.000000	102.000000
I_3-4	ARO:3008311	KPC-185	15	80.200000	77.913333	108.000000
I_3-4	ARO:3008312	KPC-186	38	90.592105	86.060526	114.000000
I_3-4	ARO:3008317	KPC-191	17	86.082353	85.629412	114.000000
I_3-4	ARO:3008323	KPC-197	11	62.945455	66.327273	72.400000
I_3-4	ARO:3008324	KPC-201	43	81.802326	79.251163	114.000000
I_3-4	ARO:3008326	KPC-203	1	56.600000	53.500000	53.500000
I_3-4	ARO:3008333	KPC-211	64	72.721875	70.734375	114.000000
I_3-4	ARO:3008336	KPC-214	1	55.100000	55.500000	55.500000
I_3-4	ARO:3008337	KPC-215	7	56.471429	59.842857	74.700000
I_3-4	ARO:3008339	KPC-217	1	44.700000	38.900000	38.900000
I_3-4	ARO:3008343	KPC-225	59	71.006780	69.776271	114.000000
I_3-4	ARO:3008344	KPC-226	64	79.139063	76.845313	108.000000
I_3-4	ARO:3008346	KPC-228	56	73.562500	71.505357	114.000000
I_3-4	ARO:3008349	KPC-232	5	56.720000	56.680000	67.000000
I_3-4	ARO:3008351	KPC-234	12	57.883333	54.275000	63.500000
I_3-4	ARO:3008353	KPC-237	8	95.087500	91.250000	114.000000
I_3-4	ARO:3008354	KPC-238	39	80.487179	75.333333	108.000000
I_3-4	ARO:3008355	KPC-239	51	58.854902	63.474510	104.000000
I_3-4	ARO:3008356	KPC-240	50	71.956000	70.896000	114.000000
I_3-4	ARO:3008357	KPC-241	39	85.915385	81.307692	114.000000
I_3-4	ARO:3008359	KPC-47	2	42.150000	42.750000	47.000000
I_3-4	ARO:3008369	KPC-89	1	51.100000	47.800000	47.800000
I_3-4	ARO:3008370	KPC-91	3	58.233333	51.200000	58.500000
I_3-4	ARO:3008371	KPC-92	25	96.764000	91.764000	114.000000
I_3-4	ARO:3008372	LHK-7	125	70.937600	70.676800	112.000000
I_3-4	ARO:3008373	MIR-24	61	97.311475	99.278689	113.000000
I_3-4	ARO:3008374	MIR-25	83	94.293976	94.604819	113.000000
I_3-4	ARO:3008375	MIR-27	51	98.266667	104.770588	113.000000
I_3-4	ARO:3008376	MIR-28	62	98.572581	100.703226	113.000000
I_3-4	ARO:3008377	MIR-30	35	97.442857	102.897143	112.000000
I_3-4	ARO:3008378	MIR-31	39	93.094872	91.641026	113.000000
I_3-4	ARO:3008379	MIR-32	31	86.122581	81.945161	109.000000
I_3-4	ARO:3008380	MIR-33	22	93.977273	98.159091	110.000000
I_3-4	ARO:3008381	MIR-34	28	86.346429	81.503571	109.000000
I_3-4	ARO:3008382	MIR-35	24	98.316667	91.554167	110.000000
I_3-4	ARO:3008383	MOX-15	1166	95.834991	93.856861	111.000000
I_3-4	ARO:3008384	MOX-16	804	84.763060	83.198010	110.000000
I_3-4	ARO:3008385	MOX-17	1659	88.871790	87.341410	110.000000
I_3-4	ARO:3008386	MOX-18	1507	88.664764	89.060319	110.000000
I_3-4	ARO:3008387	MOX-19	1133	96.009709	94.125861	111.000000
I_3-4	ARO:3008388	MOX-20	1482	88.844265	89.507827	110.000000
I_3-4	ARO:3008389	MOX-21	1472	90.244905	89.218818	110.000000
I_3-4	ARO:3008390	MOX-22	1502	89.869640	88.751864	110.000000
I_3-4	ARO:3008391	MOX-23	1427	89.124527	89.571198	110.000000
I_3-4	ARO:3008392	MOX-24	1211	95.370355	93.220892	111.000000
I_3-4	ARO:3008393	MOX-25	1143	96.293438	93.862817	111.000000
I_3-4	ARO:3008394	MUN-1	215	48.194419	52.350698	109.000000
I_3-4	ARO:3008395	MUN-6	209	48.078947	52.096172	109.000000
I_3-4	ARO:3008396	NDM-48	6	72.850000	77.933333	107.000000
I_3-4	ARO:3008397	NDM-49	4	60.300000	64.400000	107.000000
I_3-4	ARO:3008398	NDM-50	2	97.950000	105.000000	107.000000
I_3-4	ARO:3008399	NDM-51	5	78.480000	84.040000	107.000000
I_3-4	ARO:3008400	NDM-52	2	100.000000	107.000000	107.000000
I_3-4	ARO:3008401	NDM-53	5	78.480000	84.040000	107.000000
I_3-4	ARO:3008402	NDM-54	6	100.000000	100.716667	107.000000
I_3-4	ARO:3008403	NDM-55	4	73.100000	78.300000	107.000000
I_3-4	ARO:3008405	NDM-57	3	65.500000	70.066667	107.000000
I_3-4	ARO:3008406	NDM-58	4	100.000000	97.575000	100.000000
I_3-4	ARO:3008407	NDM-60	2	73.250000	79.500000	107.000000
I_3-4	ARO:3008408	NDM-61	2	100.000000	107.000000	107.000000
I_3-4	ARO:3008409	NDM-64	6	100.000000	100.716667	107.000000
I_3-4	ARO:3008410	NDM-65	4	100.000000	97.575000	100.000000
I_3-4	ARO:3008411	NDM-66	2	73.400000	79.900000	107.000000
I_3-4	ARO:3008413	NDM-68	2	73.250000	79.500000	107.000000
I_3-4	ARO:3008414	NDM-69	4	100.000000	97.575000	100.000000
I_3-4	ARO:3008415	NDM-70	1	100.000000	107.000000	107.000000
I_3-4	ARO:3008416	NDM-71	1	100.000000	100.000000	100.000000
I_3-4	ARO:3008417	NDM-72	1	100.000000	107.000000	107.000000
I_3-4	ARO:3008421	OXA-1000	13	52.123077	52.538462	56.600000
I_3-4	ARO:3008422	OXA-1001	134	71.370149	71.301493	102.000000
I_3-4	ARO:3008423	OXA-1002	9	66.566667	62.866667	75.500000
I_3-4	ARO:3008424	OXA-1003	51	74.090196	78.805882	91.300000
I_3-4	ARO:3008425	OXA-1004	28	71.103571	78.010714	91.700000
I_3-4	ARO:3008426	OXA-1005	44	70.052273	72.736364	105.000000
I_3-4	ARO:3008427	OXA-1006	19	68.836842	70.500000	106.000000
I_3-4	ARO:3008428	OXA-1007	29	71.468966	75.893103	109.000000
I_3-4	ARO:3008429	OXA-1008	3	74.766667	80.933333	108.000000
I_3-4	ARO:3008430	OXA-1009	9	75.933333	84.077778	90.900000
I_3-4	ARO:3008431	OXA-1010	17	72.658824	76.105882	82.400000
I_3-4	ARO:3008432	OXA-1011	1271	60.291503	64.727931	119.000000
I_3-4	ARO:3008433	OXA-1012	626	56.878914	56.312939	110.000000
I_3-4	ARO:3008435	OXA-1014	124	58.744355	60.039516	74.700000
I_3-4	ARO:3008436	OXA-1015	686	90.545918	88.992420	112.000000
I_3-4	ARO:3008437	OXA-1016	1469	53.175153	57.941048	109.000000
I_3-4	ARO:3008438	OXA-1017	950	75.056316	75.071263	110.000000
I_3-4	ARO:3008439	OXA-1018	14	51.700000	57.892857	68.900000
I_3-4	ARO:3008440	OXA-1019	21	53.690476	52.847619	68.900000
I_3-4	ARO:3008441	OXA-1020	84	58.757143	57.896429	73.900000
I_3-4	ARO:3008442	OXA-1021	86	58.237209	60.494186	74.300000
I_3-4	ARO:3008443	OXA-1022	94	58.729787	60.792553	74.700000
I_3-4	ARO:3008444	OXA-1023	113	51.890265	54.159292	74.700000
I_3-4	ARO:3008445	OXA-1024	91	58.897802	60.823077	74.700000
I_3-4	ARO:3008446	OXA-1025	70	58.455714	57.574286	73.900000
I_3-4	ARO:3008447	OXA-1026	63	57.996825	58.692063	73.900000
I_3-4	ARO:3008448	OXA-1027	65	57.473846	58.216923	73.900000
I_3-4	ARO:3008449	OXA-1028	63	58.709524	57.330159	73.900000
I_3-4	ARO:3008450	OXA-1029	1	46.900000	53.500000	53.500000
I_3-4	ARO:3008451	OXA-1030	2	100.000000	46.600000	46.600000
I_3-4	ARO:3008452	OXA-1031	2	47.550000	53.150000	58.500000
I_3-4	ARO:3008453	OXA-1032	80	60.465000	61.831250	74.700000
I_3-4	ARO:3008454	OXA-1033	2	55.950000	55.250000	57.000000
I_3-4	ARO:3008456	OXA-1035	1	46.900000	53.500000	53.500000
I_3-4	ARO:3008457	OXA-1036	58	72.093103	69.841379	105.000000
I_3-4	ARO:3008458	OXA-1037	1651	89.862326	89.617929	115.000000
I_3-4	ARO:3008459	OXA-1040	16	75.487500	72.425000	104.000000
I_3-4	ARO:3008460	OXA-1041	1390	85.000935	87.464676	111.000000
I_3-4	ARO:3008461	OXA-1042	1086	95.314641	90.674217	110.000000
I_3-4	ARO:3008462	OXA-1043	34	51.605882	57.205882	73.200000
I_3-4	ARO:3008463	OXA-1044	435	86.557931	84.404138	112.000000
I_3-4	ARO:3008464	OXA-1045	7	59.142857	58.700000	75.900000
I_3-4	ARO:3008465	OXA-1046	1622	98.368187	95.015290	111.000000
I_3-4	ARO:3008467	OXA-1048	1	84.000000	92.000000	92.000000
I_3-4	ARO:3008468	OXA-1049	995	78.322814	79.236482	117.000000
I_3-4	ARO:3008469	OXA-1050	17	80.605882	86.600000	97.800000
I_3-4	ARO:3008470	OXA-1051	122	63.817213	63.190164	87.000000
I_3-4	ARO:3008471	OXA-1052	76	73.636842	74.013158	102.000000
I_3-4	ARO:3008472	OXA-1053	534	90.403558	87.745131	112.000000
I_3-4	ARO:3008473	OXA-1055	479	58.011065	57.140292	110.000000
I_3-4	ARO:3008474	OXA-1056	1677	54.116219	58.346452	94.400000
I_3-4	ARO:3008475	OXA-1057	1702	54.375264	58.758578	92.400000
I_3-4	ARO:3008485	OXA-1067	2	71.750000	76.450000	82.000000
I_3-4	ARO:3008486	OXA-1068	2	71.750000	76.450000	82.000000
I_3-4	ARO:3008487	OXA-1069	1	81.800000	78.200000	78.200000
I_3-4	ARO:3008491	OXA-1073	53	70.973585	76.311321	82.000000
I_3-4	ARO:3008494	OXA-1076	3	71.400000	76.400000	76.600000
I_3-4	ARO:3008497	OXA-1079	1	100.000000	99.800000	99.800000
I_3-4	ARO:3008499	OXA-1081	21	70.938095	67.866667	102.000000
I_3-4	ARO:3008500	OXA-1082	749	86.965421	87.067824	117.000000
I_3-4	ARO:3008501	OXA-1083	904	78.069358	79.661283	119.000000
I_3-4	ARO:3008502	OXA-1084	642	82.453894	81.896262	117.000000
I_3-4	ARO:3008503	OXA-1085	1400	74.681357	76.725286	117.000000
I_3-4	ARO:3008504	OXA-1086	812	93.937069	85.894581	107.000000
I_3-4	ARO:3008505	OXA-1087	343	89.873178	84.920700	112.000000
I_3-4	ARO:3008506	OXA-1088	1075	97.730884	94.380186	108.000000
I_3-4	ARO:3008507	OXA-1089	803	52.241220	54.892902	75.500000
I_3-4	ARO:3008508	OXA-1090	22	50.995455	48.695455	70.500000
I_3-4	ARO:3008509	OXA-1091	161	52.718012	55.575776	90.500000
I_3-4	ARO:3008511	OXA-1093	1	100.000000	99.800000	99.800000
I_3-4	ARO:3008512	OXA-1094	1	53.100000	58.500000	58.500000
I_3-4	ARO:3008513	OXA-1095	9	40.055556	49.133333	55.500000
I_3-4	ARO:3008514	OXA-1096	1	53.100000	58.500000	58.500000
I_3-4	ARO:3008517	OXA-1099	397	51.085894	49.149622	106.000000
I_3-4	ARO:3008518	OXA-1100	404	50.801980	50.137129	106.000000
I_3-4	ARO:3008519	OXA-1101	467	51.919486	50.331906	104.000000
I_3-4	ARO:3008520	OXA-1102	333	50.343844	49.430631	103.000000
I_3-4	ARO:3008521	OXA-1103	348	50.301149	49.814655	101.000000
I_3-4	ARO:3008522	OXA-1104	350	50.106857	49.697143	101.000000
I_3-4	ARO:3008523	OXA-1105	346	50.156936	49.740462	103.000000
I_3-4	ARO:3008524	OXA-1106	282	50.708511	50.993262	98.600000
I_3-4	ARO:3008525	OXA-1107	324	50.632099	50.227160	103.000000
I_3-4	ARO:3008526	OXA-1108	3350	70.253701	74.015343	111.000000
I_3-4	ARO:3008528	OXA-1110	82	70.396341	70.695122	105.000000
I_3-4	ARO:3008529	OXA-1111	25	78.092000	74.928000	105.000000
I_3-4	ARO:3008530	OXA-1112	53	67.533962	67.896226	108.000000
I_3-4	ARO:3008531	OXA-1113	135	75.413333	76.899259	92.000000
I_3-4	ARO:3008532	OXA-1114	27	58.218519	55.614815	81.300000
I_3-4	ARO:3008533	OXA-1115	13	50.800000	56.038462	79.300000
I_3-4	ARO:3008534	OXA-1116	25	59.032000	52.768000	97.800000
I_3-4	ARO:3008537	OXA-1119	128	65.985937	69.103906	109.000000
I_3-4	ARO:3008538	OXA-1120	503	91.863022	88.763419	112.000000
I_3-4	ARO:3008539	OXA-1121	6	45.216667	48.700000	55.800000
I_3-4	ARO:3008540	OXA-1122	58	72.994828	81.420690	105.000000
I_3-4	ARO:3008541	OXA-1123	6	78.533333	85.083333	87.400000
I_3-4	ARO:3008542	OXA-1124	60	60.455000	61.845000	73.900000
I_3-4	ARO:3008543	OXA-1125	6	62.500000	44.733333	49.300000
I_3-4	ARO:3008544	OXA-1126	64	59.634375	58.314063	72.800000
I_3-4	ARO:3008545	OXA-1127	5	44.440000	44.660000	51.200000
I_3-4	ARO:3008546	OXA-1128	4	73.500000	48.125000	58.500000
I_3-4	ARO:3008547	OXA-1129	83	50.159036	53.939759	73.900000
I_3-4	ARO:3008548	OXA-1130	54	58.861111	59.183333	73.900000
I_3-4	ARO:3008549	OXA-1131	52	58.521154	58.667308	73.900000
I_3-4	ARO:3008550	OXA-1132	2	100.000000	46.600000	46.600000
I_3-4	ARO:3008551	OXA-1133	82	50.087805	53.808537	73.900000
I_3-4	ARO:3008553	OXA-1135	3	82.300000	48.900000	53.500000
I_3-4	ARO:3008554	OXA-1136	647	79.120711	82.290881	119.000000
I_3-4	ARO:3008555	OXA-1137	3	74.766667	80.933333	108.000000
I_3-4	ARO:3008556	OXA-1138	61	76.178689	80.447541	89.700000
I_3-4	ARO:3008557	OXA-1139	29	76.282759	79.696552	98.200000
I_3-4	ARO:3008558	OXA-1140	51	59.939216	57.772549	73.900000
I_3-4	ARO:3008559	OXA-1141	714	98.371709	101.693137	108.000000
I_3-4	ARO:3008560	OXA-1142	18	54.011111	59.350000	73.200000
I_3-4	ARO:3008561	OXA-1143	1647	90.104675	89.747420	115.000000
I_3-4	ARO:3008562	OXA-1144	103	73.141748	74.520388	102.000000
I_3-4	ARO:3008563	OXA-1145	56	63.325000	67.558929	93.200000
I_3-4	ARO:3008564	OXA-1146	545	58.251927	57.719450	110.000000
I_3-4	ARO:3008565	OXA-1147	615	96.058537	96.822927	106.000000
I_3-4	ARO:3008566	OXA-1148	950	94.420105	95.912211	108.000000
I_3-4	ARO:3008567	OXA-1149	119	44.301681	48.637815	62.800000
I_3-4	ARO:3008568	OXA-1150	45	76.568889	79.384444	89.700000
I_3-4	ARO:3008569	OXA-1151	3	81.766667	90.000000	90.900000
I_3-4	ARO:3008570	OXA-1152	120	44.071667	48.249167	61.200000
I_3-4	ARO:3008571	OXA-1153	1473	83.430482	86.852817	114.000000
I_3-4	ARO:3008572	OXA-1154	1668	89.938129	89.952398	115.000000
I_3-4	ARO:3008573	OXA-1155	1663	89.901924	89.991040	115.000000
I_3-4	ARO:3008574	OXA-1156	1447	93.536282	94.904699	115.000000
I_3-4	ARO:3008575	OXA-1157	947	78.992186	78.791763	117.000000
I_3-4	ARO:3008576	OXA-1158	1631	91.268179	90.752115	115.000000
I_3-4	ARO:3008577	OXA-1159	1622	90.239704	89.697842	115.000000
I_3-4	ARO:3008578	OXA-1160	1652	90.669068	90.423850	115.000000
I_3-4	ARO:3008579	OXA-1161	1542	91.670882	90.950195	115.000000
I_3-4	ARO:3008580	OXA-1162	968	79.692045	83.036054	117.000000
I_3-4	ARO:3008581	OXA-1163	1548	92.090245	91.467506	115.000000
I_3-4	ARO:3008582	OXA-1164	11	64.736364	66.354545	85.500000
I_3-4	ARO:3008583	OXA-1165	188	75.319149	77.882447	92.000000
I_3-4	ARO:3008584	OXA-1166	66	76.292424	79.536364	89.700000
I_3-4	ARO:3008585	OXA-1167	20	68.055000	73.250000	109.000000
I_3-4	ARO:3008586	OXA-1168	120	93.215833	94.228333	108.000000
I_3-4	ARO:3008587	OXA-1169	474	95.802110	92.201688	112.000000
I_3-4	ARO:3008588	OXA-1170	339	90.308260	85.133038	112.000000
I_3-4	ARO:3008589	OXA-1171	338	91.084911	85.773964	112.000000
I_3-4	ARO:3008590	OXA-1172	1391	76.046154	78.372322	117.000000
I_3-4	ARO:3008591	OXA-1173	593	74.557504	78.492917	117.000000
I_3-4	ARO:3008592	OXA-1174	3	48.966667	57.366667	59.300000
I_3-4	ARO:3008593	OXA-1175	214	99.230374	97.207477	105.000000
I_3-4	ARO:3008594	OXA-1176	177	44.459887	47.909040	77.400000
I_3-4	ARO:3008595	OXA-1177	155	50.780000	52.986452	73.900000
I_3-4	ARO:3008596	OXA-1178	333	97.152553	95.880180	107.000000
I_3-4	ARO:3008597	OXA-1181	85	78.098824	80.650588	111.000000
I_3-4	ARO:3008598	OXA-1182	40	71.310000	73.880000	97.100000
I_3-4	ARO:3008599	OXA-1183	567	78.170370	82.222399	117.000000
I_3-4	ARO:3008600	OXA-1184	310	91.362903	87.354839	112.000000
I_3-4	ARO:3008601	OXA-1185	8	73.387500	81.112500	89.700000
I_3-4	ARO:3008602	OXA-1186	1686	54.450356	58.888553	92.400000
I_3-4	ARO:3008603	OXA-1187	1431	74.472956	76.552830	117.000000
I_3-4	ARO:3008604	OXA-1188	57	60.485965	59.756140	74.700000
I_3-4	ARO:3008605	OXA-1189	46	76.669565	77.732609	99.000000
I_3-4	ARO:3008606	OXA-1190	162	72.379630	74.872840	100.000000
I_3-4	ARO:3008607	OXA-1191	109	72.018349	71.253211	102.000000
I_3-4	ARO:3008608	OXA-1193	117	72.009402	71.115385	103.000000
I_3-4	ARO:3008609	OXA-1194	99	72.367677	76.413131	102.000000
I_3-4	ARO:3008610	OXA-1198	3	61.433333	66.666667	73.600000
I_3-4	ARO:3008611	OXA-1199	5	46.940000	48.920000	60.500000
I_3-4	ARO:3008612	OXA-1200	981	55.872579	57.776147	110.000000
I_3-4	ARO:3008613	OXA-1201	88	76.101136	79.273864	109.000000
I_3-4	ARO:3008614	OXA-1202	475	94.200842	91.480632	112.000000
I_3-4	ARO:3008615	OXA-1203	461	96.555531	94.404338	112.000000
I_3-4	ARO:3008616	OXA-1204	308	92.994481	88.984091	112.000000
I_3-4	ARO:3008617	OXA-1205	83	77.287952	80.379518	113.000000
I_3-4	ARO:3008618	OXA-1206	175	49.478286	49.057714	67.400000
I_3-4	ARO:3008619	OXA-1207	87	77.077011	79.922989	111.000000
I_3-4	ARO:3008620	OXA-1208	344	85.751453	82.118605	107.000000
I_3-4	ARO:3008621	OXA-1211	116	64.408621	67.994828	109.000000
I_3-4	ARO:3008622	OXA-1212	63	46.890476	51.650794	63.500000
I_3-4	ARO:3008623	OXA-1213	55	61.245455	62.380000	112.000000
I_3-4	ARO:3008625	OXA-1215	58	64.631034	67.244828	93.200000
I_3-4	ARO:3008629	OXA-1219	2	71.750000	76.450000	82.000000
I_3-4	ARO:3008631	OXA-1221	17	44.764706	51.164706	81.300000
I_3-4	ARO:3008632	OXA-1222	16	74.012500	75.612500	97.400000
I_3-4	ARO:3008634	OXA-1224	62	76.909677	81.030645	89.700000
I_3-4	ARO:3008635	OXA-1225	19	72.184211	70.710526	102.000000
I_3-4	ARO:3008636	OXA-1226	116	62.617241	65.332759	111.000000
I_3-4	ARO:3008637	OXA-1227	109	43.855046	47.763303	59.700000
I_3-4	ARO:3008638	OXA-1228	116	44.118103	48.263793	61.200000
I_3-4	ARO:3008639	OXA-1229	1	55.100000	59.300000	59.300000
I_3-4	ARO:3008641	OXA-1231	220	92.346364	93.836364	112.000000
I_3-4	ARO:3008642	OXA-1232	213	89.605164	92.625822	112.000000
I_3-4	ARO:3008643	OXA-1233	306	94.699346	96.944118	108.000000
I_3-4	ARO:3008644	OXA-1234	3	74.766667	80.933333	108.000000
I_3-4	ARO:3008645	OXA-1235	12	76.066667	80.533333	108.000000
I_3-4	ARO:3008646	OXA-1236	12	45.283333	51.666667	56.200000
I_3-4	ARO:3008647	OXA-1237	41	68.370732	71.678049	85.500000
I_3-4	ARO:3008648	OXA-1238	19	45.868421	50.268421	79.000000
I_3-4	ARO:3008649	OXA-1239	243	58.543210	60.982305	76.300000
I_3-4	ARO:3008650	OXA-1240	891	55.961279	57.125477	110.000000
I_3-4	ARO:3008651	OXA-1241	19	43.068421	51.942105	62.000000
I_3-4	ARO:3008652	OXA-1242	12	81.216667	85.258333	111.000000
I_3-4	ARO:3008653	OXA-1243	226	91.711947	99.933186	117.000000
I_3-4	ARO:3008654	OXA-1244	2	100.000000	46.600000	46.600000
I_3-4	ARO:3008655	OXA-1245	117	51.817094	54.694017	74.700000
I_3-4	ARO:3008656	OXA-1246	37	49.810811	53.535135	73.200000
I_3-4	ARO:3008657	OXA-1247	202	96.085644	94.137129	108.000000
I_3-4	ARO:3008658	OXA-1248	652	94.427147	95.983436	108.000000
I_3-4	ARO:3008659	OXA-1249	3	71.400000	76.400000	76.600000
I_3-4	ARO:3008660	OXA-1250	12	63.908333	53.891667	73.600000
I_3-4	ARO:3008661	OXA-1251	29	47.486207	49.837931	79.000000
I_3-4	ARO:3008662	OXA-1252	2	100.000000	46.600000	46.600000
I_3-4	ARO:3008663	OXA-1253	30	59.166667	55.693333	73.900000
I_3-4	ARO:3008664	OXA-1254	33	59.306061	58.736364	73.900000
I_3-4	ARO:3008665	OXA-1255	44	59.843182	60.097727	73.900000
I_3-4	ARO:3008666	OXA-1256	13	56.238462	57.292308	69.300000
I_3-4	ARO:3008667	OXA-1257	780	93.714615	96.250385	108.000000
I_3-4	ARO:3008668	OXA-1258	194	77.040722	77.835567	100.000000
I_3-4	ARO:3008669	OXA-1259	192	76.937500	78.136458	96.300000
I_3-4	ARO:3008670	OXA-1260	189	76.890476	77.528042	94.400000
I_3-4	ARO:3008671	OXA-1261	208	78.416827	80.002404	103.000000
I_3-4	ARO:3008672	OXA-1262	207	79.058937	80.363768	103.000000
I_3-4	ARO:3008673	OXA-1263	206	76.420874	76.109709	100.000000
I_3-4	ARO:3008674	OXA-1264	313	43.030351	41.946965	57.800000
I_3-4	ARO:3008675	OXA-1265	1	51.100000	62.800000	62.800000
I_3-4	ARO:3008676	OXA-1266	9	63.877778	70.744444	85.500000
I_3-4	ARO:3008677	OXA-1267	33	59.521212	58.687879	73.900000
I_3-4	ARO:3008678	OXA-1268	4	49.225000	59.025000	63.200000
I_3-4	ARO:3008679	OXA-1269	24	59.750000	58.183333	73.900000
I_3-4	ARO:3008680	OXA-1270	81	60.366667	61.776543	74.700000
I_3-4	ARO:3008681	OXA-1271	1	65.000000	57.000000	57.000000
I_3-4	ARO:3008682	OXA-1272	79	60.420253	61.727848	74.700000
I_3-4	ARO:3008683	OXA-1273	76	59.881579	61.157895	75.100000
I_3-4	ARO:3008684	OXA-1274	10	56.320000	61.010000	70.100000
I_3-4	ARO:3008685	OXA-1275	98	57.606122	59.992857	80.100000
I_3-4	ARO:3008686	OXA-1276	78	60.593590	61.812821	74.700000
I_3-4	ARO:3008688	OXA-1278	93	54.052688	57.646237	75.500000
I_3-4	ARO:3008689	OXA-1279	11	66.081818	63.190909	75.900000
I_3-4	ARO:3008690	OXA-1280	14	59.814286	61.007143	73.900000
I_3-4	ARO:3008691	OXA-1281	7	64.671429	66.442857	73.900000
I_3-4	ARO:3008692	OXA-1282	4	54.550000	61.075000	70.900000
I_3-4	ARO:3008693	OXA-1283	3	44.033333	44.033333	49.300000
I_3-4	ARO:3008694	OXA-1284	106	56.535849	59.073585	80.100000
I_3-4	ARO:3008695	OXA-1285	1	48.000000	57.800000	57.800000
I_3-4	ARO:3008696	OXA-1286	2	55.950000	55.250000	57.000000
I_3-4	ARO:3008697	OXA-1287	10	39.600000	42.940000	57.000000
I_3-4	ARO:3008699	OXA-1289	110	57.868182	59.786364	74.700000
I_3-4	ARO:3008700	OXA-1290	103	56.624272	59.029126	80.100000
I_3-4	ARO:3008701	OXA-1291	10	53.450000	58.140000	73.900000
I_3-4	ARO:3008702	OXA-1292	1	45.100000	47.800000	47.800000
I_3-4	ARO:3008703	OXA-1293	4	44.750000	46.400000	53.500000
I_3-4	ARO:3008704	OXA-1294	104	56.721154	59.217308	80.100000
I_3-4	ARO:3008705	OXA-1295	5	51.580000	57.360000	73.900000
I_3-4	ARO:3008706	OXA-1296	30	53.873333	58.096667	68.600000
I_3-4	ARO:3008707	OXA-1297	4	50.375000	50.250000	57.000000
I_3-4	ARO:3008708	OXA-1298	1	46.900000	53.500000	53.500000
I_3-4	ARO:3008712	OXA-1302	702	95.561681	96.660684	107.000000
I_3-4	ARO:3008713	OXA-1303	14	78.978571	75.350000	104.000000
I_3-4	ARO:3008714	OXA-1304	50	62.042000	63.012000	112.000000
I_3-4	ARO:3008715	OXA-1305	76	79.211842	82.209211	111.000000
I_3-4	ARO:3008716	OXA-1306	8	99.500000	104.550000	111.000000
I_3-4	ARO:3008717	OXA-1307	83	77.893976	81.242169	109.000000
I_3-4	ARO:3008718	OXA-1308	256	56.905078	55.624609	111.000000
I_3-4	ARO:3008719	OXA-1309	238	60.031092	58.654622	109.000000
I_3-4	ARO:3008720	OXA-725	1559	78.780885	82.046248	117.000000
I_3-4	ARO:3008721	OXA-790	7	50.814286	54.857143	63.200000
I_3-4	ARO:3008722	OXA-791	15	49.326667	46.193333	63.200000
I_3-4	ARO:3008723	OXA-933	10	89.590000	94.500000	111.000000
I_3-4	ARO:3008724	OXA-934	9	92.722222	96.144444	108.000000
I_3-4	ARO:3008725	OXA-936	44	56.856818	61.286364	70.900000
I_3-4	ARO:3008726	OXA-944	150	73.002000	77.118667	97.800000
I_3-4	ARO:3008727	OXA-950	1337	81.407405	85.268661	117.000000
I_3-4	ARO:3008728	OXA-951	1298	80.638675	84.169106	115.000000
I_3-4	ARO:3008729	OXA-952	155	72.178710	72.634194	102.000000
I_3-4	ARO:3008730	OXA-953	69	72.589855	71.828986	102.000000
I_3-4	ARO:3008732	OXA-955	11	74.681818	83.236364	93.600000
I_3-4	ARO:3008733	OXA-956	1562	82.750320	86.494046	109.000000
I_3-4	ARO:3008734	OXA-957	815	51.611534	52.843436	74.300000
I_3-4	ARO:3008735	OXA-958	1384	79.034321	80.966691	117.000000
I_3-4	ARO:3008736	OXA-959	1391	79.557441	81.724587	117.000000
I_3-4	ARO:3008737	OXA-960	132	45.037879	47.191667	62.000000
I_3-4	ARO:3008738	OXA-961	146	44.985616	47.284247	62.400000
I_3-4	ARO:3008739	OXA-962	124	45.444355	47.277419	63.900000
I_3-4	ARO:3008740	OXA-963	154	45.574026	46.438961	60.800000
I_3-4	ARO:3008741	OXA-964	220	47.331364	49.720000	67.000000
I_3-4	ARO:3008742	OXA-965	138	47.273188	48.716667	64.300000
I_3-4	ARO:3008743	OXA-966	21	43.561905	48.190476	57.000000
I_3-4	ARO:3008744	OXA-967	21	43.923810	47.719048	57.000000
I_3-4	ARO:3008745	OXA-968	20	44.460000	47.095000	55.800000
I_3-4	ARO:3008746	OXA-969	45	51.680000	55.151111	74.300000
I_3-4	ARO:3008751	OXA-974	2	42.600000	53.500000	53.500000
I_3-4	ARO:3008752	OXA-975	3	57.400000	40.666667	42.700000
I_3-4	ARO:3008755	OXA-978	16	71.118750	74.956250	87.800000
I_3-4	ARO:3008756	OXA-979	4	73.425000	80.150000	108.000000
I_3-4	ARO:3008757	OXA-980	12	49.366667	54.100000	57.400000
I_3-4	ARO:3008758	OXA-981	85	59.952941	64.028235	103.000000
I_3-4	ARO:3008759	OXA-982	84	65.269048	69.613095	91.700000
I_3-4	ARO:3008760	OXA-983	113	72.924779	74.799115	100.000000
I_3-4	ARO:3008761	OXA-984	34	67.900000	72.994118	92.400000
I_3-4	ARO:3008762	OXA-985	76	75.680263	80.768421	97.400000
I_3-4	ARO:3008763	OXA-986	4	59.050000	64.975000	79.700000
I_3-4	ARO:3008764	OXA-987	34	78.123529	83.967647	97.800000
I_3-4	ARO:3008765	OXA-988	14	62.064286	67.242857	97.400000
I_3-4	ARO:3008766	OXA-989	3	74.766667	80.933333	108.000000
I_3-4	ARO:3008767	OXA-990	23	74.104348	78.626087	89.700000
I_3-4	ARO:3008768	OXA-991	17	78.517647	69.670588	106.000000
I_3-4	ARO:3008769	OXA-992	69	70.781159	75.007246	85.900000
I_3-4	ARO:3008770	OXA-993	66	66.300000	70.434848	91.700000
I_3-4	ARO:3008771	OXA-994	47	61.412766	63.904255	89.400000
I_3-4	ARO:3008772	OXA-995	28	65.692857	70.071429	92.400000
I_3-4	ARO:3008773	OXA-996	27	68.055556	73.096296	92.400000
I_3-4	ARO:3008774	OXA-997	36	63.819444	66.250000	89.400000
I_3-4	ARO:3008775	OXA-998	12	59.641667	63.041667	89.700000
I_3-4	ARO:3008776	OXA-999	70	61.275714	65.805714	103.000000
I_3-4	ARO:3008777	OXY-1-11	33	87.209091	84.081818	111.000000
I_3-4	ARO:3008778	OXY-1-12	75	76.933333	73.649333	108.000000
I_3-4	ARO:3008779	OXY-1-13	62	79.924194	78.025806	102.000000
I_3-4	ARO:3008780	OXY-1-16	18	88.450000	81.311111	108.000000
I_3-4	ARO:3008781	OXY-1-17	17	90.294118	82.329412	108.000000
I_3-4	ARO:3008782	OXY-1-18	35	79.422857	75.220000	101.000000
I_3-4	ARO:3008783	OXY-1-19	25	88.804000	81.980000	108.000000
I_3-4	ARO:3008784	OXY-10-1	30	67.123333	63.113333	102.000000
I_3-4	ARO:3008785	OXY-11-1	58	61.494828	60.631034	73.900000
I_3-4	ARO:3008786	OXY-12-1	45	69.893333	67.604444	102.000000
I_3-4	ARO:3008787	OXY-12-2	44	69.325000	67.695455	102.000000
I_3-4	ARO:3008788	OXY-2-17	16	61.400000	62.362500	102.000000
I_3-4	ARO:3008789	OXY-2-18	13	59.984615	61.869231	102.000000
I_3-4	ARO:3008790	OXY-2-19	19	71.710526	75.510526	102.000000
I_3-4	ARO:3008791	OXY-2-20	16	62.218750	63.406250	103.000000
I_3-4	ARO:3008792	OXY-2-21	10	65.140000	67.220000	102.000000
I_3-4	ARO:3008793	OXY-2-22	25	57.808000	62.136000	102.000000
I_3-4	ARO:3008794	OXY-2-23	53	49.109434	50.028302	93.600000
I_3-4	ARO:3008795	OXY-2-24	58	50.381034	51.768966	80.100000
I_3-4	ARO:3008796	OXY-2-25	18	54.905556	54.827778	67.800000
I_3-4	ARO:3008797	OXY-2-26	12	64.208333	65.208333	102.000000
I_3-4	ARO:3008798	OXY-2-27	5	71.140000	73.060000	100.000000
I_3-4	ARO:3008799	OXY-2-28	43	50.606977	53.225581	102.000000
I_3-4	ARO:3008800	OXY-2-30	46	51.143478	54.034783	102.000000
I_3-4	ARO:3008801	OXY-3-2	66	64.669697	65.262121	101.000000
I_3-4	ARO:3008802	OXY-3-3	61	65.355738	66.206557	101.000000
I_3-4	ARO:3008803	OXY-4-2	60	75.041667	72.990000	111.000000
I_3-4	ARO:3008804	OXY-4-3	59	74.940678	73.347458	111.000000
I_3-4	ARO:3008805	OXY-4-4	58	76.715517	74.725862	111.000000
I_3-4	ARO:3008806	OXY-4-5	43	76.965116	75.709302	111.000000
I_3-4	ARO:3008807	OXY-5-10	47	73.591489	69.002128	108.000000
I_3-4	ARO:3008808	OXY-5-11	48	79.666667	75.797917	108.000000
I_3-4	ARO:3008809	OXY-5-6	80	74.081250	71.531250	108.000000
I_3-4	ARO:3008810	OXY-5-7	47	83.065957	78.557447	102.000000
I_3-4	ARO:3008811	OXY-5-8	34	82.126471	76.267647	108.000000
I_3-4	ARO:3008812	OXY-6-10	13	84.253846	78.053846	108.000000
I_3-4	ARO:3008813	OXY-6-11	33	73.948485	70.548485	100.000000
I_3-4	ARO:3008814	OXY-6-5	45	75.566667	73.891111	102.000000
I_3-4	ARO:3008815	OXY-6-7	12	76.041667	68.741667	100.000000
I_3-4	ARO:3008816	OXY-7-1	29	75.037931	72.720690	102.000000
I_3-4	ARO:3008817	OXY-8-1	40	70.220000	71.737500	102.000000
I_3-4	ARO:3008818	OXY-8-2	27	69.581481	68.400000	102.000000
I_3-4	ARO:3008819	OXY-8-3	23	70.365217	68.843478	102.000000
I_3-4	ARO:3008820	OXY-9-1	21	70.023810	71.566667	96.700000
I_3-4	ARO:3008821	PAD-1	181	58.888398	60.546961	84.000000
I_3-4	ARO:3008822	PAM-5	179	47.689385	42.628492	102.000000
I_3-4	ARO:3008823	PC1	35	53.537143	51.574286	76.300000
I_3-4	ARO:3008825	PDC-478	42	52.919048	59.823810	68.900000
I_3-4	ARO:3008827	PDC-480	7	50.900000	44.500000	57.000000
I_3-4	ARO:3008828	PDC-481	27	57.170370	53.485185	102.000000
I_3-4	ARO:3008830	PDC-483	14	50.550000	51.921429	57.000000
I_3-4	ARO:3008831	PDC-484	2	52.050000	55.850000	57.000000
I_3-4	ARO:3008832	PDC-485	8	47.850000	53.187500	72.000000
I_3-4	ARO:3008833	PDC-486	68	71.195588	54.135294	77.000000
I_3-4	ARO:3008834	PDC-487	5	46.720000	45.980000	62.000000
I_3-4	ARO:3008840	PDC-493	20	53.605000	60.560000	70.900000
I_3-4	ARO:3008842	PDC-495	20	54.655000	53.890000	69.700000
I_3-4	ARO:3008843	PDC-496	2	51.600000	60.100000	65.500000
I_3-4	ARO:3008845	PDC-498	2	45.500000	51.000000	51.600000
I_3-4	ARO:3008847	PDC-500	2	66.650000	54.850000	63.500000
I_3-4	ARO:3008848	PDC-501	8	51.750000	56.850000	66.600000
I_3-4	ARO:3008849	PDC-502	51	51.623529	55.443137	72.000000
I_3-4	ARO:3008850	PDC-503	2	70.850000	68.350000	79.700000
I_3-4	ARO:3008851	PDC-504	2	70.850000	68.350000	79.700000
I_3-4	ARO:3008852	PDC-505	3	53.766667	55.333333	67.000000
I_3-4	ARO:3008853	PDC-506	4	59.675000	55.950000	70.500000
I_3-4	ARO:3008854	PDC-507	5	62.840000	60.140000	76.600000
I_3-4	ARO:3008855	PDC-508	16	46.693750	39.831250	43.500000
I_3-4	ARO:3008857	PDC-510	4	62.575000	50.275000	65.900000
I_3-4	ARO:3008859	PDC-512	81	55.970370	51.072840	74.300000
I_3-4	ARO:3008860	PDC-513	1	41.700000	38.500000	38.500000
I_3-4	ARO:3008861	PDC-514	2	57.150000	62.200000	64.700000
I_3-4	ARO:3008863	PDC-516	1	52.000000	53.100000	53.100000
I_3-4	ARO:3008864	PDC-517	8	61.750000	70.725000	83.600000
I_3-4	ARO:3008865	PDC-518	3	67.333333	74.066667	102.000000
I_3-4	ARO:3008867	PDC-520	1	74.000000	73.900000	73.900000
I_3-4	ARO:3008868	PDC-521	71	67.069014	53.612676	74.300000
I_3-4	ARO:3008869	PDC-522	1	63.800000	57.400000	57.400000
I_3-4	ARO:3008870	PDC-523	58	68.393103	55.524138	102.000000
I_3-4	ARO:3008871	PDC-524	63	65.022222	59.688889	77.400000
I_3-4	ARO:3008872	PDC-525	17	52.405882	57.335294	63.200000
I_3-4	ARO:3008873	PDC-526	1	42.000000	40.800000	40.800000
I_3-4	ARO:3008874	PDC-527	70	65.778571	51.928571	75.100000
I_3-4	ARO:3008875	PDC-528	54	68.768519	55.122222	79.300000
I_3-4	ARO:3008876	PDC-529	3	57.333333	59.566667	70.500000
I_3-4	ARO:3008877	PDC-530	12	51.166667	52.750000	58.900000
I_3-4	ARO:3008878	PDC-531	3	48.000000	52.000000	52.400000
I_3-4	ARO:3008880	PDC-533	4	62.575000	50.275000	65.900000
I_3-4	ARO:3008881	PDC-534	2	66.650000	54.850000	63.500000
I_3-4	ARO:3008883	PDC-536	4	62.575000	50.275000	65.900000
I_3-4	ARO:3008885	PDC-538	7	54.214286	55.500000	58.900000
I_3-4	ARO:3008886	PDC-539	6	56.883333	62.266667	68.900000
I_3-4	ARO:3008887	PDC-540	5	56.940000	57.520000	66.600000
I_3-4	ARO:3008888	PDC-541	2	75.000000	72.000000	102.000000
I_3-4	ARO:3008889	PDC-542	22	55.313636	61.145455	83.600000
I_3-4	ARO:3008890	PDC-543	17	54.223529	61.164706	68.600000
I_3-4	ARO:3008891	PDC-544	1	46.000000	38.100000	38.100000
I_3-4	ARO:3008895	PDC-548	10	53.760000	61.460000	70.100000
I_3-4	ARO:3008896	PDC-549	2	66.650000	54.850000	63.500000
I_3-4	ARO:3008897	PDC-550	2	66.650000	54.850000	63.500000
I_3-4	ARO:3008898	PDC-551	3	48.000000	52.000000	52.400000
I_3-4	ARO:3008899	PDC-552	4	52.000000	39.550000	41.600000
I_3-4	ARO:3008900	PDC-553	11	67.881818	59.736364	77.000000
I_3-4	ARO:3008902	PDC-555	13	68.053846	62.069231	77.000000
I_3-4	ARO:3008904	PDC-557	2	66.500000	73.000000	81.300000
I_3-4	ARO:3008906	PDC-559	4	52.000000	39.550000	41.600000
I_3-4	ARO:3008908	PDC-561	1	60.000000	40.800000	40.800000
I_3-4	ARO:3008909	PDC-562	2	69.000000	74.900000	76.600000
I_3-4	ARO:3008913	PDC-566	1	58.000000	64.700000	64.700000
I_3-4	ARO:3008914	PDC-567	9	50.700000	52.411111	57.000000
I_3-4	ARO:3008916	PDC-569	1	42.400000	38.100000	38.100000
I_3-4	ARO:3008918	PDC-571	16	53.968750	61.231250	75.100000
I_3-4	ARO:3008921	PDC-574	8	55.975000	56.100000	72.800000
I_3-4	ARO:3008922	PDC-575	12	61.183333	63.458333	102.000000
I_3-4	ARO:3008924	PDC-577	14	68.385714	60.907143	77.000000
I_3-4	ARO:3008927	PDC-580	1	42.400000	38.100000	38.100000
I_3-4	ARO:3008928	PDC-581	3	70.233333	65.200000	76.600000
I_3-4	ARO:3008929	PDC-582	67	55.152239	49.783582	74.300000
I_3-4	ARO:3008931	PDC-584	8	48.112500	53.387500	72.000000
I_3-4	ARO:3008933	PDC-586	1	58.000000	64.700000	64.700000
I_3-4	ARO:3008934	PDC-587	20	53.605000	60.560000	70.900000
I_3-4	ARO:3008935	PDC-588	4	63.400000	59.200000	76.600000
I_3-4	ARO:3008937	PDC-590	3	70.233333	65.200000	76.600000
I_3-4	ARO:3008942	PDC-595	33	66.466667	62.248485	79.300000
I_3-4	ARO:3008944	PDC-597	1	58.000000	64.700000	64.700000
I_3-4	ARO:3008949	PDC-602	70	65.778571	51.928571	75.100000
I_3-4	ARO:3008951	PDC-604	1	50.000000	38.100000	38.100000
I_3-4	ARO:3008953	PDC-606	2	61.350000	57.550000	72.400000
I_3-4	ARO:3008954	PDC-607	10	60.020000	62.880000	72.400000
I_3-4	ARO:3008955	PDC-608	1	58.300000	60.100000	60.100000
I_3-4	ARO:3008957	PDC-610	5	48.600000	41.500000	48.100000
I_3-4	ARO:3008958	PDC-611	6	55.550000	40.683333	46.600000
I_3-4	ARO:3008959	PDC-612	4	52.000000	39.550000	41.600000
I_3-4	ARO:3008963	PDC-616	7	50.285714	45.000000	52.400000
I_3-4	ARO:3008966	PDC-619	7	59.257143	62.442857	76.600000
I_3-4	ARO:3008967	PDC-620	6	55.266667	57.116667	58.900000
I_3-4	ARO:3008971	PDC-624	6	51.333333	51.333333	58.900000
I_3-4	ARO:3008973	PDC-626	1	100.000000	102.000000	102.000000
I_3-4	ARO:3008976	PDC-629	23	66.830435	67.386957	102.000000
I_3-4	ARO:3008978	PDC-631	2	65.750000	61.050000	81.300000
I_3-4	ARO:3008980	PDC-633	6	60.433333	63.966667	68.900000
I_3-4	ARO:3008984	PDC-637	4	55.350000	57.375000	58.900000
I_3-4	ARO:3008985	PDC-638	2	78.550000	78.350000	102.000000
I_3-4	ARO:3008986	PDC-639	47	53.508511	58.855319	79.700000
I_3-4	ARO:3008987	PDC-640	1	100.000000	102.000000	102.000000
I_3-4	ARO:3008988	PEN-A10	187	56.130481	56.083957	84.000000
I_3-4	ARO:3008989	PEN-A11	184	56.375000	55.917935	84.000000
I_3-4	ARO:3008990	PEN-A12	169	56.462722	56.679882	84.000000
I_3-4	ARO:3008991	PEN-A13	138	56.391304	57.664493	84.000000
I_3-4	ARO:3008992	PEN-A15	146	57.722603	57.289726	84.000000
I_3-4	ARO:3008993	PEN-A16	189	58.237037	56.483069	84.000000
I_3-4	ARO:3008994	PEN-A17	95	57.764211	56.036842	84.000000
I_3-4	ARO:3008995	PEN-A18	103	57.718447	58.120388	84.000000
I_3-4	ARO:3008996	PEN-A19	196	58.420408	57.113776	84.000000
I_3-4	ARO:3008997	PEN-A1	153	56.094118	57.601307	84.000000
I_3-4	ARO:3008998	PEN-A20	178	57.705618	56.905618	84.000000
I_3-4	ARO:3008999	PEN-A21	76	59.414474	57.339474	84.000000
I_3-4	ARO:3009000	PEN-A22	150	56.378667	54.641333	84.000000
I_3-4	ARO:3009001	PEN-A23	44	60.065909	57.913636	84.000000
I_3-4	ARO:3009002	PEN-A24	183	58.630601	57.127322	84.000000
I_3-4	ARO:3009003	PEN-A25	119	57.766387	57.081513	84.000000
I_3-4	ARO:3009004	PEN-A26	155	58.309677	55.990968	79.700000
I_3-4	ARO:3009005	PEN-A27	148	58.506757	56.310811	79.700000
I_3-4	ARO:3009006	PEN-A28	193	54.794301	54.864249	86.300000
I_3-4	ARO:3009007	PEN-A29	213	55.061033	55.588732	86.300000
I_3-4	ARO:3009008	PEN-A2	26	56.919231	56.773077	79.000000
I_3-4	ARO:3009009	PEN-A30	207	54.806280	55.733333	86.300000
I_3-4	ARO:3009010	PEN-A31	129	57.102326	55.249612	79.700000
I_3-4	ARO:3009011	PEN-A32	182	54.537912	54.850549	86.300000
I_3-4	ARO:3009012	PEN-A33	158	54.822785	54.551899	86.300000
I_3-4	ARO:3009013	PEN-A34	129	54.686822	54.317054	86.300000
I_3-4	ARO:3009014	PEN-A35	162	54.932099	55.302469	86.300000
I_3-4	ARO:3009015	PEN-A37	174	54.874138	56.495402	86.300000
I_3-4	ARO:3009016	PEN-A38	148	54.966216	55.089189	86.300000
I_3-4	ARO:3009017	PEN-A3	52	57.311538	58.532692	79.700000
I_3-4	ARO:3009018	PEN-A5	41	55.878049	57.278049	79.700000
I_3-4	ARO:3009019	PEN-A6	24	59.412500	57.470833	79.000000
I_3-4	ARO:3009020	PEN-A7	31	57.087097	57.290323	79.700000
I_3-4	ARO:3009021	PEN-A8	122	57.700000	54.772951	79.000000
I_3-4	ARO:3009022	PEN-A9	90	58.470000	55.425556	79.000000
I_3-4	ARO:3009023	PEN-B1	117	53.714530	54.260684	80.900000
I_3-4	ARO:3009024	PEN-B2	74	56.854054	56.847297	80.900000
I_3-4	ARO:3009025	PEN-B3	102	53.228431	53.284314	80.900000
I_3-4	ARO:3009026	PEN-B4	112	53.498214	53.961607	80.900000
I_3-4	ARO:3009027	PER-17	315	75.145079	73.438413	107.000000
I_3-4	ARO:3009028	PER-18	260	78.551538	74.955385	107.000000
I_3-4	ARO:3009029	PJM-2	108	50.649074	46.473148	97.400000
I_3-4	ARO:3009030	PLA-4	190	58.281579	56.530526	101.000000
I_3-4	ARO:3009031	PLA-5	174	58.154023	56.553448	101.000000
I_3-4	ARO:3009032	PNC-1	595	57.140840	59.417143	75.900000
I_3-4	ARO:3009033	PNC-2	587	57.198807	59.484327	75.900000
I_3-4	ARO:3009034	PNC-3	578	57.272318	59.580623	75.900000
I_3-4	ARO:3009035	RAA-1	396	58.315657	60.181061	86.300000
I_3-4	ARO:3009036	RAHN-3	90	62.087778	63.912222	99.800000
I_3-4	ARO:3009037	RAHN-4	40	64.675000	66.545000	99.800000
I_3-4	ARO:3009038	RAHN-5	38	65.286842	67.239474	99.800000
I_3-4	ARO:3009039	RAHN-6	37	65.362162	67.454054	99.800000
I_3-4	ARO:3009040	RASA-1	128	53.150781	58.664844	97.800000
I_3-4	ARO:3009041	RSC1-1	467	56.684154	58.128694	108.000000
I_3-4	ARO:3009042	RSD1-1	536	46.851493	51.327052	87.800000
I_3-4	ARO:3009044	SED-2	146	62.154795	63.281507	94.000000
I_3-4	ARO:3009045	SFC-2	18	48.477778	47.983333	63.500000
I_3-4	ARO:3009046	SFDC-1	263	68.436882	70.249049	99.400000
I_3-4	ARO:3009048	SHV-229	1	43.200000	44.300000	44.300000
I_3-4	ARO:3009049	SHV-230	3	100.000000	98.733333	102.000000
I_3-4	ARO:3009051	SHV-232	57	63.998246	66.143860	80.900000
I_3-4	ARO:3009053	SHV-234	5	73.080000	75.680000	100.000000
I_3-4	ARO:3009054	SHV-235	1	63.300000	67.400000	67.400000
I_3-4	ARO:3009056	SHV-237	1	64.000000	64.300000	64.300000
I_3-4	ARO:3009057	SHV-238	2	99.000000	99.050000	101.000000
I_3-4	ARO:3009058	SHV-239	5	73.080000	75.680000	100.000000
I_3-4	ARO:3009060	SHV-241	1	54.000000	56.200000	56.200000
I_3-4	ARO:3009061	SHV-242	3	77.333333	79.466667	98.200000
I_3-4	ARO:3009062	SHV-243	172	65.591860	63.540116	76.600000
I_3-4	ARO:3009063	SHV-244	3	100.000000	98.733333	102.000000
I_3-4	ARO:3009065	SRT-4	490	54.966735	54.874694	95.500000
I_3-4	ARO:3009069	TEM-250	4	63.350000	62.475000	90.900000
I_3-4	ARO:3009070	TEM-251	41	60.519512	61.095122	66.600000
I_3-4	ARO:3009073	TEM-254	25	69.112000	71.100000	104.000000
I_3-4	ARO:3009076	TEM-257	2	98.000000	104.500000	105.000000
I_3-4	ARO:3009079	VEB-18	3413	97.371198	95.736625	113.000000
I_3-4	ARO:3009080	VEB-28	3562	98.190539	92.587198	113.000000
I_3-4	ARO:3009081	VEB-29	713	89.967461	91.345302	113.000000
I_3-4	ARO:3009082	VEB-30	1333	93.868792	89.656039	113.000000
I_3-4	ARO:3009083	VEB-31	2843	98.138129	90.496131	113.000000
I_3-4	ARO:3009084	VEB-32	2814	98.054300	89.609062	106.000000
I_3-4	ARO:3009085	VEB-33	2862	96.400000	87.830748	105.000000
I_3-4	ARO:3009086	VEB-34	1910	97.887487	92.940209	106.000000
I_3-4	ARO:3009087	VEB-35	1775	97.576338	90.212394	106.000000
I_3-4	ARO:3009088	VEB-36	725	95.324138	89.285241	105.000000
I_3-4	ARO:3009089	VEB-37	340	89.306471	74.027647	107.000000
I_3-4	ARO:3009090	VEB-38	1280	96.929219	84.887031	106.000000
I_3-4	ARO:3009091	VEB-39	1883	97.344875	90.679235	105.000000
I_3-4	ARO:3009092	VIM-88	3	47.900000	63.933333	65.100000
I_3-4	ARO:3009095	VIM-91	1	43.900000	38.900000	38.900000
I_3-4	ARO:3009096	YOC-1	35	56.491429	53.377143	101.000000
I_3-4	ARO:3009098	CfiA28	146	59.454110	66.997260	112.000000
I_3-4	ARO:3009099	CfiA29	134	60.401493	68.457463	112.000000
I_3-4	ARO:3009100	CfiA30	141	60.041135	68.081560	112.000000
I_3-4	ARO:3009101	CfiA31	139	60.127338	68.090647	112.000000
I_3-4	ARO:3009192	OXY-1-7	22	92.127273	88.168182	101.000000
