set	sample_id	contig_id	ORF_ID	Best_Hit_ARO	ARO	Cut_Off	Best_Identities	Percentage_Length_of_Reference_Sequence	Drug_Class	Resistance_Mechanism	AMR_Gene_Family	Antibiotic	matched_to_genomad	genomad_context	chromosome_score	plasmid_score	virus_score
Kathmandu18	RW_1	k141_1889287	k141_1889287_2 # 577 # 1311 # 1 # ID=30_2;partial=00;start_type=ATG;rbs_motif=GGAG/GAGG;rbs_spacer=5-10bp;gc_cont=0.454	vanY gene in vanB cluster	3002956	Strict	41.94	91.04	glycopeptide antibiotic	antibiotic target alteration	vanY; glycopeptide resistance gene cluster	vancomycin	False	chromosome_like	1		
Kathmandu18	RW_1	k141_3985	k141_3985_1 # 55 # 399 # 1 # ID=1218_1;partial=00;start_type=ATG;rbs_motif=GGA/GAG/AGG;rbs_spacer=11-12bp;gc_cont=0.336	qacG	3007015	Strict	48.08	106.54	disinfecting agents and antiseptics	antibiotic efflux	small multidrug resistance (SMR) antibiotic efflux pump	benzalkonium chloride	True	plasmid_like		0.9886	
Kathmandu18	RW_1	k141_1896011	k141_1896011_2 # 213 # 1028 # -1 # ID=1756_2;partial=01;start_type=Edge;rbs_motif=None;rbs_spacer=None;gc_cont=0.598	vanT gene in vanG cluster	3002972	Strict	47.39	38.06	glycopeptide antibiotic	antibiotic target alteration	glycopeptide resistance gene cluster; vanT	vancomycin	False	chromosome_like	1		
Kathmandu18	RW_1	k141_1896045	k141_1896045_1 # 2 # 376 # 1 # ID=1764_1;partial=10;start_type=Edge;rbs_motif=None;rbs_spacer=None;gc_cont=0.560	vanY gene in vanG cluster	3002959	Strict	43.8	44.44	glycopeptide antibiotic	antibiotic target alteration	vanY; glycopeptide resistance gene cluster	vancomycin	False	chromosome_like	1		
Kathmandu18	RW_1	k141_1897200	k141_1897200_2 # 360 # 1202 # 1 # ID=2110_2;partial=00;start_type=TTG;rbs_motif=AGGAG;rbs_spacer=5-10bp;gc_cont=0.480	vanY gene in vanM cluster	3002961	Strict	34.07	120.17	glycopeptide antibiotic	antibiotic target alteration	vanY; glycopeptide resistance gene cluster	vancomycin; teicoplanin	False	chromosome_like	1		
Kathmandu18	RW_1	k141_8925	k141_8925_1 # 272 # 1123 # -1 # ID=2689_1;partial=00;start_type=ATG;rbs_motif=GGA/GAG/AGG;rbs_spacer=5-10bp;gc_cont=0.553	RSA-2	3004445	Perfect	100.0	100.0	carbapenem; cephalosporin	antibiotic inactivation	RSA beta-lactamase		False	chromosome_like	1		
Kathmandu18	RW_1	k141_12460	k141_12460_1 # 1 # 975 # 1 # ID=3581_1;partial=10;start_type=Edge;rbs_motif=None;rbs_spacer=None;gc_cont=0.461	vanT gene in vanG cluster	3002972	Strict	33.72	45.51	glycopeptide antibiotic	antibiotic target alteration	glycopeptide resistance gene cluster; vanT	vancomycin	False	chromosome_like	1		
Kathmandu18	RW_1	k141_16160	k141_16160_2 # 352 # 2220 # -1 # ID=4616_2;partial=00;start_type=ATG;rbs_motif=GGA/GAG/AGG;rbs_spacer=5-10bp;gc_cont=0.532	vanW gene in vanI cluster	3003724	Strict	32.14	166.76	glycopeptide antibiotic	antibiotic target alteration	vanW; glycopeptide resistance gene cluster	vancomycin; teicoplanin	False	chromosome_like	1		
Kathmandu18	RW_1	k141_1906352	k141_1906352_3 # 1026 # 3503 # 1 # ID=4753_3;partial=00;start_type=ATG;rbs_motif=TAAA;rbs_spacer=11bp;gc_cont=0.505	vanT gene in vanG cluster	3002972	Strict	34.96	115.87	glycopeptide antibiotic	antibiotic target alteration	glycopeptide resistance gene cluster; vanT	vancomycin	False	chromosome_like	1		
Kathmandu18	RW_1	k141_1909552	k141_1909552_3 # 967 # 2151 # 1 # ID=5594_3;partial=01;start_type=ATG;rbs_motif=GGA/GAG/AGG;rbs_spacer=5-10bp;gc_cont=0.461	ICR-Mo	3004569	Strict	93.92	70.79	peptide antibiotic	antibiotic target alteration	intrinsic colistin resistant phosphoethanolamine transferase	colistin A; colistin B	False	chromosome_like	1		
Kathmandu18	RW_1	k141_19723	k141_19723_1 # 3 # 1163 # -1 # ID=5662_1;partial=10;start_type=ATG;rbs_motif=None;rbs_spacer=None;gc_cont=0.338	vanY gene in vanB cluster	3002956	Strict	30.49	144.4	glycopeptide antibiotic	antibiotic target alteration	vanY; glycopeptide resistance gene cluster	vancomycin	False	chromosome_like	1		
Kathmandu18	RW_1	k141_23898	k141_23898_3 # 1514 # 3058 # 1 # ID=6843_3;partial=00;start_type=ATG;rbs_motif=GGAG/GAGG;rbs_spacer=5-10bp;gc_cont=0.610	Klebsiella pneumoniae KpnH	3004597	Strict	67.78	100.39	macrolide antibiotic; fluoroquinolone antibiotic; aminoglycoside antibiotic; carbapenem; cephalosporin; penam; peptide antibiotic; penem	antibiotic efflux	major facilitator superfamily (MFS) antibiotic efflux pump	erythromycin; gentamicin C; ciprofloxacin; spectinomycin; streptomycin; tobramycin; ceftazidime; ertapenem; piperacillin; azithromycin; imipenem; polymyxin B; polymyxin B1; polymyxin B2; polymyxin B3; polymyxin B4; norfloxacin; ticarcillin; gentamicin	False	chromosome_like	1		
Kathmandu18	RW_1	k141_1914998	k141_1914998_2 # 1820 # 2944 # -1 # ID=7236_2;partial=00;start_type=ATG;rbs_motif=None;rbs_spacer=None;gc_cont=0.623	vanT gene in vanG cluster	3002972	Strict	31.94	52.53	glycopeptide antibiotic	antibiotic target alteration	glycopeptide resistance gene cluster; vanT	vancomycin	False	chromosome_like	1		
Kathmandu18	RW_1	k141_30873	k141_30873_1 # 2 # 1636 # 1 # ID=8692_1;partial=10;start_type=Edge;rbs_motif=None;rbs_spacer=None;gc_cont=0.481	vanT gene in vanG cluster	3002972	Strict	33.6	76.4	glycopeptide antibiotic	antibiotic target alteration	glycopeptide resistance gene cluster; vanT	vancomycin	False	chromosome_like	1		
Kathmandu18	RW_1	k141_34107	k141_34107_1 # 873 # 1217 # 1 # ID=9685_1;partial=00;start_type=ATG;rbs_motif=GGA/GAG/AGG;rbs_spacer=5-10bp;gc_cont=0.333	qacG	3007015	Strict	49.5	106.54	disinfecting agents and antiseptics	antibiotic efflux	small multidrug resistance (SMR) antibiotic efflux pump	benzalkonium chloride	False	chromosome_like	1		
Kathmandu18	RW_1	k141_1923901	k141_1923901_2 # 454 # 3582 # 1 # ID=9737_2;partial=00;start_type=ATG;rbs_motif=AGGA;rbs_spacer=5-10bp;gc_cont=0.300	adeF	3000777	Strict	44.58	98.39	fluoroquinolone antibiotic; tetracycline antibiotic	antibiotic efflux	resistance-nodulation-cell division (RND) antibiotic efflux pump	tetracycline	False	chromosome_like	1		
Kathmandu18	RW_1	k141_38516	k141_38516_3 # 1632 # 2126 # 1 # ID=10843_3;partial=00;start_type=ATG;rbs_motif=AAA;rbs_spacer=3bp;gc_cont=0.323	dfrF	3002867	Perfect	100.0	100.0	diaminopyrimidine antibiotic	antibiotic target replacement	trimethoprim resistant dihydrofolate reductase dfr	trimethoprim	False	chromosome_like	1		
Kathmandu18	RW_1	k141_43492	k141_43492_1 # 398 # 1873 # 1 # ID=12148_1;partial=00;start_type=ATG;rbs_motif=TAAA;rbs_spacer=5bp;gc_cont=0.400	msrE	3003109	Perfect	100.0	100.0	macrolide antibiotic; streptogramin antibiotic	antibiotic target protection	msr-type ABC-F protein	erythromycin	True	plasmid_like		0.9913	
Kathmandu18	RW_1	k141_43492	k141_43492_2 # 1929 # 2813 # 1 # ID=12148_2;partial=00;start_type=ATG;rbs_motif=TAA;rbs_spacer=12bp;gc_cont=0.365	mphE	3003741	Perfect	100.0	100.0	macrolide antibiotic	antibiotic inactivation	macrolide phosphotransferase (MPH)	erythromycin	True	plasmid_like		0.9913	
Kathmandu18	RW_1	k141_44396	k141_44396_3 # 1508 # 3958 # 1 # ID=12403_3;partial=00;start_type=ATG;rbs_motif=AATAA;rbs_spacer=6bp;gc_cont=0.307	vanT gene in vanG cluster	3002972	Strict	33.33	114.61	glycopeptide antibiotic	antibiotic target alteration	glycopeptide resistance gene cluster; vanT	vancomycin	False	chromosome_like	1		
Kathmandu18	RW_1	k141_46097	k141_46097_1 # 84 # 3185 # 1 # ID=12882_1;partial=00;start_type=ATG;rbs_motif=AAAAA;rbs_spacer=12bp;gc_cont=0.452	adeF	3000777	Strict	41.87	97.54	fluoroquinolone antibiotic; tetracycline antibiotic	antibiotic efflux	resistance-nodulation-cell division (RND) antibiotic efflux pump	tetracycline	False	chromosome_like	1		
Kathmandu18	RW_1	k141_1939959	k141_1939959_1 # 3 # 548 # 1 # ID=14215_1;partial=10;start_type=Edge;rbs_motif=None;rbs_spacer=None;gc_cont=0.407	vanY gene in vanB cluster	3002956	Strict	56.14	67.54	glycopeptide antibiotic	antibiotic target alteration	vanY; glycopeptide resistance gene cluster	vancomycin	False	chromosome_like	1		
Kathmandu18	RW_1	k141_1943144	k141_1943144_2 # 788 # 3490 # -1 # ID=15118_2;partial=00;start_type=ATG;rbs_motif=AGGA;rbs_spacer=5-10bp;gc_cont=0.478	tet(36)	3000197	Strict	31.42	140.62	tetracycline antibiotic	antibiotic target protection	tetracycline-resistant ribosomal protection protein	tetracycline; doxycycline; minocycline; chlortetracycline; demeclocycline; oxytetracycline	False	chromosome_like	1		
Kathmandu18	RW_1	k141_55697	k141_55697_8 # 8105 # 10564 # 1 # ID=15672_8;partial=00;start_type=ATG;rbs_motif=AATAA;rbs_spacer=5bp;gc_cont=0.354	vanT gene in vanG cluster	3002972	Strict	36.61	115.03	glycopeptide antibiotic	antibiotic target alteration	glycopeptide resistance gene cluster; vanT	vancomycin	False	chromosome_like	1		
Kathmandu18	RW_1	k141_1948018	k141_1948018_3 # 2010 # 2999 # 1 # ID=16479_3;partial=00;start_type=ATG;rbs_motif=AGGAG;rbs_spacer=5-10bp;gc_cont=0.433	vanH gene in vanB cluster	3002943	Strict	36.28	101.86	glycopeptide antibiotic	antibiotic target alteration	vanH; glycopeptide resistance gene cluster	vancomycin	False	chromosome_like	1		
Kathmandu18	RW_1	k141_59275	k141_59275_1 # 20 # 3148 # 1 # ID=16695_1;partial=00;start_type=ATG;rbs_motif=AGGA;rbs_spacer=5-10bp;gc_cont=0.298	adeF	3000777	Strict	45.92	98.39	fluoroquinolone antibiotic; tetracycline antibiotic	antibiotic efflux	resistance-nodulation-cell division (RND) antibiotic efflux pump	tetracycline	False	chromosome_like	1		
Kathmandu18	RW_1	k141_62730	k141_62730_1 # 1 # 2106 # -1 # ID=17778_1;partial=10;start_type=ATG;rbs_motif=None;rbs_spacer=None;gc_cont=0.610	adeF	3000777	Strict	61.88	66.29	fluoroquinolone antibiotic; tetracycline antibiotic	antibiotic efflux	resistance-nodulation-cell division (RND) antibiotic efflux pump	tetracycline	False	chromosome_like	1		
Kathmandu18	RW_1	k141_66889	k141_66889_10 # 6917 # 8356 # 1 # ID=19011_10;partial=00;start_type=ATG;rbs_motif=GGA/GAG/AGG;rbs_spacer=5-10bp;gc_cont=0.247	AAC(6')-Ie-APH(2'')-Ia bifunctional protein	3002597	Perfect	100.0	100.0	aminoglycoside antibiotic	antibiotic inactivation	aminoglycoside bifunctional resistance protein	dibekacin; amikacin; sisomicin; netilmicin; kanamycin A; tobramycin; gentamicin A; 2'-N-ethylnetilmicin; 5-episisomicin; gentamicin	False	chromosome_like	1		
Kathmandu18	RW_1	k141_1959874	k141_1959874_4 # 2078 # 2941 # 1 # ID=19901_4;partial=00;start_type=ATG;rbs_motif=AGGAG;rbs_spacer=5-10bp;gc_cont=0.329	ANT(6)-Ia	3002626	Perfect	100.0	100.0	aminoglycoside antibiotic	antibiotic inactivation	ANT(6)	streptomycin	False	chromosome_like	1		
Kathmandu18	RW_1	k141_71242	k141_71242_1 # 196 # 1026 # 1 # ID=20227_1;partial=00;start_type=ATG;rbs_motif=None;rbs_spacer=None;gc_cont=0.345	OXA-1	3001396	Perfect	100.0	100.0	carbapenem; cephalosporin; penam	antibiotic inactivation	OXA beta-lactamase	cloxacillin; oxacillin; amoxicillin; piperacillin; ampicillin; cefalotin	False	chromosome_like	1		
Kathmandu18	RW_1	k141_74788	k141_74788_2 # 601 # 1089 # -1 # ID=21148_2;partial=00;start_type=ATG;rbs_motif=GGAGG;rbs_spacer=5-10bp;gc_cont=0.364	nimF	3007108	Strict	56.21	107.28	nitroimidazole antibiotic	antibiotic inactivation	nitroimidazole reductase		False	chromosome_like	1		
Kathmandu18	RW_1	k141_1964563	k141_1964563_2 # 538 # 1290 # -1 # ID=21242_2;partial=00;start_type=ATG;rbs_motif=AGxAG;rbs_spacer=11-12bp;gc_cont=0.319	vanY gene in vanB cluster	3002956	Strict	31.41	93.28	glycopeptide antibiotic	antibiotic target alteration	vanY; glycopeptide resistance gene cluster	vancomycin	False	chromosome_like	1		
Kathmandu18	RW_1	k141_76405	k141_76405_1 # 55 # 1179 # 1 # ID=21561_1;partial=00;start_type=GTG;rbs_motif=GGA/GAG/AGG;rbs_spacer=5-10bp;gc_cont=0.456	vanT gene in vanG cluster	3002972	Strict	32.88	52.53	glycopeptide antibiotic	antibiotic target alteration	glycopeptide resistance gene cluster; vanT	vancomycin	False	chromosome_like	1		
Kathmandu18	RW_1	k141_88615	k141_88615_9 # 5037 # 5615 # -1 # ID=24937_9;partial=00;start_type=ATG;rbs_motif=GGAG/GAGG;rbs_spacer=5-10bp;gc_cont=0.359	vanY gene in vanB cluster	3002956	Strict	54.35	71.64	glycopeptide antibiotic	antibiotic target alteration	vanY; glycopeptide resistance gene cluster	vancomycin	True	plasmid_like		0.9678	
Kathmandu18	RW_1	k141_1977826	k141_1977826_4 # 3962 # 5092 # -1 # ID=25095_4;partial=00;start_type=ATG;rbs_motif=GGAG/GAGG;rbs_spacer=5-10bp;gc_cont=0.658	vanT gene in vanG cluster	3002972	Strict	33.51	52.81	glycopeptide antibiotic	antibiotic target alteration	glycopeptide resistance gene cluster; vanT	vancomycin	False	chromosome_like	1		
Kathmandu18	RW_1	k141_1978162	k141_1978162_2 # 793 # 1122 # 1 # ID=25200_2;partial=00;start_type=ATG;rbs_motif=TAA;rbs_spacer=11bp;gc_cont=0.318	qacJ	3007014	Strict	47.52	101.87	disinfecting agents and antiseptics	antibiotic efflux	small multidrug resistance (SMR) antibiotic efflux pump	benzalkonium chloride	False	chromosome_like	1		
Kathmandu18	RW_1	k141_1978581	k141_1978581_5 # 4188 # 5378 # -1 # ID=25313_5;partial=00;start_type=ATG;rbs_motif=None;rbs_spacer=None;gc_cont=0.323	vanY gene in vanB cluster	3002956	Strict	31.67	147.76	glycopeptide antibiotic	antibiotic target alteration	vanY; glycopeptide resistance gene cluster	vancomycin	False	chromosome_like	1		
Kathmandu18	RW_1	k141_92299	k141_92299_2 # 441 # 1304 # 1 # ID=25963_2;partial=01;start_type=ATG;rbs_motif=GGA/GAG/AGG;rbs_spacer=5-10bp;gc_cont=0.582	ArnT	3005053	Strict	77.62	52.27	peptide antibiotic	antibiotic target alteration	pmr phosphoethanolamine transferase	colistin A; colistin B	False	chromosome_like	1		
Kathmandu18	RW_1	k141_1982247	k141_1982247_3 # 1161 # 1982 # 1 # ID=26447_3;partial=00;start_type=GTG;rbs_motif=AGGAG;rbs_spacer=5-10bp;gc_cont=0.619	vanY gene in vanG cluster	3002959	Strict	39.46	97.85	glycopeptide antibiotic	antibiotic target alteration	vanY; glycopeptide resistance gene cluster	vancomycin	False	chromosome_like	1		
Kathmandu18	RW_1	k141_94286	k141_94286_18 # 20091 # 21185 # -1 # ID=26492_18;partial=00;start_type=ATG;rbs_motif=GGAG/GAGG;rbs_spacer=5-10bp;gc_cont=0.256	vanT gene in vanG cluster	3002972	Strict	31.71	51.12	glycopeptide antibiotic	antibiotic target alteration	glycopeptide resistance gene cluster; vanT	vancomycin	False	chromosome_like	1		
Kathmandu18	RW_1	k141_95011	k141_95011_2 # 447 # 1271 # 1 # ID=26718_2;partial=00;start_type=ATG;rbs_motif=None;rbs_spacer=None;gc_cont=0.259	OXA-347	3001777	Perfect	100.0	100.0	carbapenem; cephalosporin; penam	antibiotic inactivation	OXA beta-lactamase	cloxacillin; oxacillin; cefalotin	False	chromosome_like	1		
Kathmandu18	RW_1	k141_1986547	k141_1986547_1 # 249 # 1064 # -1 # ID=27699_1;partial=00;start_type=GTG;rbs_motif=GGA/GAG/AGG;rbs_spacer=5-10bp;gc_cont=0.561	APH(3')-Ib	3002642	Strict	94.83	100.0	aminoglycoside antibiotic	antibiotic inactivation	APH(3')	neomycin; ribostamycin; kanamycin A; gentamicin B; paromomycin; lividomycin; gentamicin	True	plasmid_like		0.9386	
Kathmandu18	RW_1	k141_1986547	k141_1986547_2 # 1113 # 1928 # -1 # ID=27699_2;partial=00;start_type=GTG;rbs_motif=GGAG/GAGG;rbs_spacer=5-10bp;gc_cont=0.523	ANT(3'')-IIa	3004089	Strict	99.63	83.9	aminoglycoside antibiotic	antibiotic inactivation	ANT(3'')	spectinomycin; streptomycin	True	plasmid_like		0.9386	
Kathmandu18	RW_1	k141_1986547	k141_1986547_3 # 1921 # 2721 # -1 # ID=27699_3;partial=00;start_type=ATG;rbs_motif=AGxAGG/AGGxGG;rbs_spacer=3-4bp;gc_cont=0.419	OXA-10	3001405	Perfect	100.0	100.0	carbapenem; cephalosporin; penam	antibiotic inactivation	OXA beta-lactamase	cloxacillin; oxacillin; cefalotin	True	plasmid_like		0.9386	
Kathmandu18	RW_1	k141_1986547	k141_1986547_4 # 2986 # 4245 # -1 # ID=27699_4;partial=00;start_type=GTG;rbs_motif=AGGAG;rbs_spacer=5-10bp;gc_cont=0.554	cmlA5	3002695	Perfect	100.0	100.0	phenicol antibiotic	antibiotic efflux	major facilitator superfamily (MFS) antibiotic efflux pump	chloramphenicol	True	plasmid_like		0.9386	
Kathmandu18	RW_1	k141_1986547	k141_1986547_5 # 4460 # 5059 # -1 # ID=27699_5;partial=00;start_type=ATG;rbs_motif=GGAG/GAGG;rbs_spacer=5-10bp;gc_cont=0.532	AAC(6')-Ib9	3002580	Strict	98.48	98.03	aminoglycoside antibiotic	antibiotic inactivation	AAC(6')	amikacin; kanamycin A; tobramycin	True	plasmid_like		0.9386	
Kathmandu18	RW_1	k141_1990354	k141_1990354_2 # 605 # 1108 # 1 # ID=28711_2;partial=00;start_type=ATG;rbs_motif=GGA/GAG/AGG;rbs_spacer=5-10bp;gc_cont=0.315	nimA	3007104	Strict	55.56	94.89	nitroimidazole antibiotic	antibiotic inactivation	nitroimidazole reductase	metronidazole	False	chromosome_like	1		
Kathmandu18	RW_1	k141_1992603	k141_1992603_2 # 1153 # 3630 # -1 # ID=29388_2;partial=00;start_type=ATG;rbs_motif=TAA;rbs_spacer=11bp;gc_cont=0.519	vanT gene in vanG cluster	3002972	Strict	35.5	115.87	glycopeptide antibiotic	antibiotic target alteration	glycopeptide resistance gene cluster; vanT	vancomycin	False	chromosome_like	1		
Kathmandu18	RW_1	k141_105997	k141_105997_2 # 1178 # 4315 # -1 # ID=29815_2;partial=00;start_type=ATG;rbs_motif=AGxAGG/AGGxGG;rbs_spacer=5-10bp;gc_cont=0.627	adeF	3000777	Strict	47.19	98.68	fluoroquinolone antibiotic; tetracycline antibiotic	antibiotic efflux	resistance-nodulation-cell division (RND) antibiotic efflux pump	tetracycline	False	chromosome_like	1		
Kathmandu18	RW_1	k141_2004035	k141_2004035_2 # 128 # 937 # -1 # ID=32770_2;partial=00;start_type=ATG;rbs_motif=4Base/6BMM;rbs_spacer=13-15bp;gc_cont=0.417	vanY gene in vanB cluster	3002956	Strict	39.0	100.37	glycopeptide antibiotic	antibiotic target alteration	vanY; glycopeptide resistance gene cluster	vancomycin	False	chromosome_like	1		
Kathmandu18	RW_1	k141_2005124	k141_2005124_2 # 1034 # 4150 # 1 # ID=33098_2;partial=01;start_type=ATG;rbs_motif=AGGAG;rbs_spacer=5-10bp;gc_cont=0.372	adeF	3000777	Strict	41.98	98.11	fluoroquinolone antibiotic; tetracycline antibiotic	antibiotic efflux	resistance-nodulation-cell division (RND) antibiotic efflux pump	tetracycline	False	chromosome_like	1		
Kathmandu18	RW_1	k141_119512	k141_119512_3 # 2218 # 3036 # 1 # ID=33757_3;partial=00;start_type=ATG;rbs_motif=None;rbs_spacer=None;gc_cont=0.297	vanW gene in vanG cluster	3002965	Strict	36.68	96.8	glycopeptide antibiotic	antibiotic target alteration	vanW; glycopeptide resistance gene cluster	vancomycin	False	chromosome_like	1		
Kathmandu18	RW_1	k141_2008265	k141_2008265_1 # 393 # 725 # -1 # ID=34088_1;partial=00;start_type=ATG;rbs_motif=AGGA;rbs_spacer=5-10bp;gc_cont=0.498	qacG	3007015	Strict	36.54	102.8	disinfecting agents and antiseptics	antibiotic efflux	small multidrug resistance (SMR) antibiotic efflux pump	benzalkonium chloride	False	chromosome_like	1		
Kathmandu18	RW_1	k141_2009275	k141_2009275_2 # 172 # 1791 # 1 # ID=34396_2;partial=01;start_type=ATG;rbs_motif=AAA;rbs_spacer=11bp;gc_cont=0.417	poxtA	3004470	Strict	66.42	99.63	tetracycline antibiotic; oxazolidinone antibiotic; phenicol antibiotic	antibiotic target protection	Miscellaneous ABC-F subfamily ATP-binding cassette ribosomal protection proteins	tetracycline; doxycycline; linezolid; chloramphenicol; florfenicol	False	chromosome_like	1		
Kathmandu18	RW_1	k141_121806	k141_121806_1 # 1 # 984 # 1 # ID=34399_1;partial=10;start_type=Edge;rbs_motif=None;rbs_spacer=None;gc_cont=0.502	OXA-2	3001397	Strict	99.64	118.91	carbapenem; cephalosporin; penam	antibiotic inactivation	OXA beta-lactamase	cloxacillin; oxacillin; ceftazidime; amoxicillin; meropenem; ampicillin; cefalotin	False	chromosome_like	1		
Kathmandu18	RW_1	k141_2009633	k141_2009633_2 # 1250 # 2134 # 1 # ID=34515_2;partial=00;start_type=ATG;rbs_motif=GGA/GAG/AGG;rbs_spacer=5-10bp;gc_cont=0.389	mphG	3003742	Strict	90.48	100.0	macrolide antibiotic	antibiotic inactivation	macrolide phosphotransferase (MPH)	erythromycin; clarithromycin; azithromycin	False	chromosome_like	1		
Kathmandu18	RW_1	k141_122734	k141_122734_5 # 4096 # 7224 # -1 # ID=34669_5;partial=00;start_type=ATG;rbs_motif=AGGA;rbs_spacer=5-10bp;gc_cont=0.407	adeF	3000777	Strict	45.82	98.39	fluoroquinolone antibiotic; tetracycline antibiotic	antibiotic efflux	resistance-nodulation-cell division (RND) antibiotic efflux pump	tetracycline	False	chromosome_like	1		
Kathmandu18	RW_1	k141_122982	k141_122982_1 # 3 # 1181 # 1 # ID=34735_1;partial=10;start_type=Edge;rbs_motif=None;rbs_spacer=None;gc_cont=0.404	vanT gene in vanG cluster	3002972	Strict	35.04	55.06	glycopeptide antibiotic	antibiotic target alteration	glycopeptide resistance gene cluster; vanT	vancomycin	False	chromosome_like	1		
Kathmandu18	RW_1	k141_128421	k141_128421_3 # 1528 # 4683 # 1 # ID=36237_3;partial=00;start_type=ATG;rbs_motif=GGAG/GAGG;rbs_spacer=5-10bp;gc_cont=0.626	adeF	3000777	Strict	43.47	99.24	fluoroquinolone antibiotic; tetracycline antibiotic	antibiotic efflux	resistance-nodulation-cell division (RND) antibiotic efflux pump	tetracycline	False	chromosome_like	1		
Kathmandu18	RW_1	k141_2015375	k141_2015375_4 # 2442 # 3533 # -1 # ID=36450_4;partial=00;start_type=ATG;rbs_motif=AGGAG;rbs_spacer=5-10bp;gc_cont=0.613	vanG	3002909	Strict	38.38	104.01	glycopeptide antibiotic	antibiotic target alteration	glycopeptide resistance gene cluster; Van ligase	vancomycin	False	chromosome_like	1		
Kathmandu18	RW_1	k141_2015543	k141_2015543_4 # 4743 # 7283 # -1 # ID=36511_4;partial=00;start_type=ATG;rbs_motif=AAAAA;rbs_spacer=11bp;gc_cont=0.459	vanT gene in vanG cluster	3002972	Strict	34.69	118.82	glycopeptide antibiotic	antibiotic target alteration	glycopeptide resistance gene cluster; vanT	vancomycin	False	chromosome_like	1		
Kathmandu18	RW_1	k141_2016049	k141_2016049_18 # 14552 # 16471 # -1 # ID=36722_18;partial=00;start_type=ATG;rbs_motif=GGA/GAG/AGG;rbs_spacer=5-10bp;gc_cont=0.682	vanW gene in vanI cluster	3003724	Strict	32.12	171.31	glycopeptide antibiotic	antibiotic target alteration	vanW; glycopeptide resistance gene cluster	vancomycin; teicoplanin	False	chromosome_like	1		
Kathmandu18	RW_1	k141_130305	k141_130305_1 # 581 # 1315 # -1 # ID=36784_1;partial=00;start_type=ATG;rbs_motif=AGGAG;rbs_spacer=5-10bp;gc_cont=0.263	ErmG	3000522	Strict	99.18	100.0	macrolide antibiotic; lincosamide antibiotic; streptogramin antibiotic; streptogramin A antibiotic; streptogramin B antibiotic	antibiotic target alteration	Erm 23S ribosomal RNA methyltransferase	erythromycin; roxithromycin; lincomycin; telithromycin; clarithromycin; clindamycin; tylosin; spiramycin; azithromycin; dirithromycin; pristinamycin IA; quinupristin; virginiamycin M1; madumycin II; griseoviridin; dalfopristin; pristinamycin IB; virginiamycin S2; pristinamycin IC; vernamycin C; patricin A; patricin B; ostreogrycin B3; oleandomycin	False	chromosome_like	1		
Kathmandu18	RW_1	k141_134266	k141_134266_2 # 752 # 1744 # -1 # ID=37876_2;partial=01;start_type=Edge;rbs_motif=None;rbs_spacer=None;gc_cont=0.640	vanT gene in vanG cluster	3002972	Strict	38.14	46.35	glycopeptide antibiotic	antibiotic target alteration	glycopeptide resistance gene cluster; vanT	vancomycin	False	chromosome_like	1		
Kathmandu18	RW_1	k141_134385	k141_134385_2 # 492 # 1685 # 1 # ID=37898_2;partial=00;start_type=ATG;rbs_motif=AGGAG/GGAGG;rbs_spacer=11-12bp;gc_cont=0.350	mefJ	3007049	Strict	99.24	100.0	macrolide antibiotic	antibiotic efflux	major facilitator superfamily (MFS) antibiotic efflux pump		False	chromosome_like	1		
Kathmandu18	RW_1	k141_2023434	k141_2023434_2 # 1441 # 2808 # 1 # ID=39037_2;partial=00;start_type=ATG;rbs_motif=3Base/5BMM;rbs_spacer=13-15bp;gc_cont=0.543	mdtA	3000792	Strict	99.76	109.64	aminocoumarin antibiotic	antibiotic efflux	resistance-nodulation-cell division (RND) antibiotic efflux pump	novobiocin	True	plasmid_like		0.8999	
Kathmandu18	RW_1	k141_139891	k141_139891_2 # 634 # 966 # 1 # ID=39419_2;partial=00;start_type=GTG;rbs_motif=GGAG/GAGG;rbs_spacer=5-10bp;gc_cont=0.474	qacG	3007015	Strict	41.9	102.8	disinfecting agents and antiseptics	antibiotic efflux	small multidrug resistance (SMR) antibiotic efflux pump	benzalkonium chloride	False	chromosome_like	1		
Kathmandu18	RW_1	k141_144228	k141_144228_2 # 1229 # 1726 # 1 # ID=40707_2;partial=00;start_type=ATG;rbs_motif=AGGAGG;rbs_spacer=5-10bp;gc_cont=0.510	nimG	3007109	Strict	48.75	100.61	nitroimidazole antibiotic	antibiotic inactivation	nitroimidazole reductase	metronidazole	False	chromosome_like	1		
Kathmandu18	RW_1	k141_144566	k141_144566_6 # 5613 # 8384 # 1 # ID=40800_6;partial=00;start_type=ATG;rbs_motif=GGA/GAG/AGG;rbs_spacer=5-10bp;gc_cont=0.440	tet(Q)	3000191	Strict	31.34	140.49	tetracycline antibiotic	antibiotic target protection	tetracycline-resistant ribosomal protection protein	tetracycline; doxycycline; minocycline; chlortetracycline; demeclocycline; oxytetracycline	False	chromosome_like	1		
Kathmandu18	RW_1	k141_146290	k141_146290_1 # 1 # 1620 # 1 # ID=41286_1;partial=10;start_type=Edge;rbs_motif=None;rbs_spacer=None;gc_cont=0.409	tet(32)	3000196	Strict	99.44	84.35	tetracycline antibiotic	antibiotic target protection	tetracycline-resistant ribosomal protection protein	tetracycline; doxycycline; minocycline; chlortetracycline; demeclocycline; oxytetracycline	True	plasmid_like		0.9876	
Kathmandu18	RW_1	k141_2032524	k141_2032524_2 # 584 # 1066 # -1 # ID=41775_2;partial=00;start_type=ATG;rbs_motif=GGA/GAG/AGG;rbs_spacer=11-12bp;gc_cont=0.462	dfrA14	3002859	Strict	99.36	101.91	diaminopyrimidine antibiotic	antibiotic target replacement	trimethoprim resistant dihydrofolate reductase dfr	trimethoprim	True	plasmid_like		0.9912	
Kathmandu18	RW_1	k141_2032524	k141_2032524_3 # 1125 # 1658 # -1 # ID=41775_3;partial=00;start_type=ATG;rbs_motif=None;rbs_spacer=None;gc_cont=0.577	ANT(2'')-Ia	3000230	Perfect	100.0	100.0	aminoglycoside antibiotic	antibiotic inactivation	ANT(2'')	dibekacin; sisomicin; kanamycin A; tobramycin; gentamicin	True	plasmid_like		0.9912	
Kathmandu18	RW_1	k141_2033482	k141_2033482_3 # 2809 # 5946 # -1 # ID=42076_3;partial=00;start_type=ATG;rbs_motif=AGGAG;rbs_spacer=5-10bp;gc_cont=0.602	adeF	3000777	Strict	45.27	98.68	fluoroquinolone antibiotic; tetracycline antibiotic	antibiotic efflux	resistance-nodulation-cell division (RND) antibiotic efflux pump	tetracycline	False	chromosome_like	1		
Kathmandu18	RW_1	k141_2035990	k141_2035990_3 # 775 # 1635 # -1 # ID=42720_3;partial=01;start_type=Edge;rbs_motif=None;rbs_spacer=None;gc_cont=0.650	vanW gene in vanI cluster	3003724	Strict	32.12	76.68	glycopeptide antibiotic	antibiotic target alteration	vanW; glycopeptide resistance gene cluster	vancomycin; teicoplanin	False	chromosome_like	1		
Kathmandu18	RW_1	k141_2036016	k141_2036016_1 # 20 # 3136 # 1 # ID=42728_1;partial=00;start_type=ATG;rbs_motif=AGGA;rbs_spacer=5-10bp;gc_cont=0.287	adeF	3000777	Strict	43.71	98.02	fluoroquinolone antibiotic; tetracycline antibiotic	antibiotic efflux	resistance-nodulation-cell division (RND) antibiotic efflux pump	tetracycline	False	chromosome_like	1		
Kathmandu18	RW_1	k141_2039513	k141_2039513_2 # 539 # 1036 # -1 # ID=43676_2;partial=00;start_type=ATG;rbs_motif=None;rbs_spacer=None;gc_cont=0.508	dfrA12	3002858	Perfect	100.0	100.0	diaminopyrimidine antibiotic	antibiotic target replacement	trimethoprim resistant dihydrofolate reductase dfr	trimethoprim	False	chromosome_like	1		
Kathmandu18	RW_1	k141_156162	k141_156162_3 # 1468 # 2319 # 1 # ID=44072_3;partial=00;start_type=ATG;rbs_motif=GGAG/GAGG;rbs_spacer=5-10bp;gc_cont=0.473	vanY gene in vanG cluster	3002959	Strict	41.27	101.43	glycopeptide antibiotic	antibiotic target alteration	vanY; glycopeptide resistance gene cluster	vancomycin	False	chromosome_like	1		
Kathmandu18	RW_1	k141_160661	k141_160661_1 # 102 # 881 # -1 # ID=45309_1;partial=00;start_type=GTG;rbs_motif=GGAG/GAGG;rbs_spacer=5-10bp;gc_cont=0.524	aadA	3002601	Strict	91.89	98.48	aminoglycoside antibiotic	antibiotic inactivation	ANT(3'')	spectinomycin; streptomycin	False	chromosome_like	1		
Kathmandu18	RW_1	k141_2045632	k141_2045632_4 # 2972 # 6148 # -1 # ID=45401_4;partial=00;start_type=ATG;rbs_motif=GGAGG;rbs_spacer=5-10bp;gc_cont=0.644	adeF	3000777	Strict	61.01	99.91	fluoroquinolone antibiotic; tetracycline antibiotic	antibiotic efflux	resistance-nodulation-cell division (RND) antibiotic efflux pump	tetracycline	True	plasmid_like		0.7788	
Kathmandu18	RW_1	k141_2046863	k141_2046863_2 # 226 # 1866 # -1 # ID=45682_2;partial=00;start_type=ATG;rbs_motif=GGA/GAG/AGG;rbs_spacer=5-10bp;gc_cont=0.427	poxtA	3004470	Strict	66.23	100.74	tetracycline antibiotic; oxazolidinone antibiotic; phenicol antibiotic	antibiotic target protection	Miscellaneous ABC-F subfamily ATP-binding cassette ribosomal protection proteins	tetracycline; doxycycline; linezolid; chloramphenicol; florfenicol	False	chromosome_like	1		
Kathmandu18	RW_1	k141_165336	k141_165336_20 # 13891 # 15675 # -1 # ID=46401_20;partial=00;start_type=ATG;rbs_motif=GGAG/GAGG;rbs_spacer=5-10bp;gc_cont=0.385	patB	3000025	Strict	67.68	101.02	fluoroquinolone antibiotic	antibiotic efflux	ATP-binding cassette (ABC) antibiotic efflux pump	ciprofloxacin; norfloxacin	False	chromosome_like	1		
Kathmandu18	RW_1	k141_2055644	k141_2055644_1 # 1 # 654 # 1 # ID=48148_1;partial=10;start_type=Edge;rbs_motif=None;rbs_spacer=None;gc_cont=0.595	vanY gene in vanF cluster	3002958	Strict	36.6	74.06	glycopeptide antibiotic	antibiotic target alteration	vanY; glycopeptide resistance gene cluster	vancomycin	False	chromosome_like	1		
Kathmandu18	RW_1	k141_2069762	k141_2069762_3 # 2137 # 5256 # -1 # ID=51741_3;partial=00;start_type=ATG;rbs_motif=TAA;rbs_spacer=5bp;gc_cont=0.487	adeF	3000777	Strict	41.96	98.11	fluoroquinolone antibiotic; tetracycline antibiotic	antibiotic efflux	resistance-nodulation-cell division (RND) antibiotic efflux pump	tetracycline	False	chromosome_like	1		
Kathmandu18	RW_1	k141_2070270	k141_2070270_4 # 2580 # 3377 # -1 # ID=51903_4;partial=01;start_type=Edge;rbs_motif=None;rbs_spacer=None;gc_cont=0.419	tet(M)	3000186	Strict	62.9	41.47	tetracycline antibiotic	antibiotic target protection	tetracycline-resistant ribosomal protection protein	tetracycline; doxycycline; minocycline; chlortetracycline; demeclocycline; oxytetracycline	False	chromosome_like	1		
Kathmandu18	RW_1	k141_189723	k141_189723_2 # 774 # 1331 # 1 # ID=52762_2;partial=00;start_type=ATG;rbs_motif=GGAG/GAGG;rbs_spacer=5-10bp;gc_cont=0.324	AAC(6')-Ia	3002545	Perfect	100.0	100.0	aminoglycoside antibiotic	antibiotic inactivation	AAC(6')	dibekacin; amikacin; sisomicin; netilmicin; tobramycin; 2'-N-ethylnetilmicin; 5-episisomicin	False	chromosome_like	1		
Kathmandu18	RW_1	k141_2084642	k141_2084642_9 # 4918 # 6075 # 1 # ID=55816_9;partial=00;start_type=ATG;rbs_motif=GGAGG;rbs_spacer=5-10bp;gc_cont=0.394	vanT gene in vanG cluster	3002972	Strict	33.06	54.07	glycopeptide antibiotic	antibiotic target alteration	glycopeptide resistance gene cluster; vanT	vancomycin	False	chromosome_like	1		
Kathmandu18	RW_1	k141_210492	k141_210492_2 # 339 # 1196 # -1 # ID=58386_2;partial=00;start_type=ATG;rbs_motif=GGA/GAG/AGG;rbs_spacer=5-10bp;gc_cont=0.315	aadS	3004683	Strict	84.15	99.3	aminoglycoside antibiotic	antibiotic inactivation	ANT(6)	streptomycin	False	chromosome_like	1		
Kathmandu18	RW_1	k141_211636	k141_211636_2 # 762 # 1943 # 1 # ID=58653_2;partial=00;start_type=ATG;rbs_motif=GGAG/GAGG;rbs_spacer=5-10bp;gc_cont=0.336	vanT gene in vanG cluster	3002972	Strict	37.87	55.2	glycopeptide antibiotic	antibiotic target alteration	glycopeptide resistance gene cluster; vanT	vancomycin	False	chromosome_like	1		
Kathmandu18	RW_1	k141_214719	k141_214719_2 # 562 # 1758 # 1 # ID=59446_2;partial=00;start_type=ATG;rbs_motif=AGGAGG;rbs_spacer=5-10bp;gc_cont=0.652	vanT gene in vanG cluster	3002972	Strict	34.31	55.9	glycopeptide antibiotic	antibiotic target alteration	glycopeptide resistance gene cluster; vanT	vancomycin	False	chromosome_like	1		
Kathmandu18	RW_1	k141_2100962	k141_2100962_1 # 1 # 1401 # 1 # ID=60546_1;partial=11;start_type=Edge;rbs_motif=None;rbs_spacer=None;gc_cont=0.468	vanW gene in vanI cluster	3003724	Strict	32.02	125.2	glycopeptide antibiotic	antibiotic target alteration	vanW; glycopeptide resistance gene cluster	vancomycin; teicoplanin	False	chromosome_like	1		
Kathmandu18	RW_1	k141_2101570	k141_2101570_5 # 2169 # 3794 # -1 # ID=60719_5;partial=00;start_type=ATG;rbs_motif=GGAG/GAGG;rbs_spacer=5-10bp;gc_cont=0.420	MCR-3.17	3007278	Strict	97.58	100.19	peptide antibiotic	antibiotic target alteration	MCR phosphoethanolamine transferase	colistin A; colistin B	True	plasmid_like		0.8946	
Kathmandu18	RW_1	k141_2101671	k141_2101671_12 # 10250 # 11137 # -1 # ID=60756_12;partial=00;start_type=ATG;rbs_motif=None;rbs_spacer=None;gc_cont=0.412	vanY gene in vanB cluster	3002956	Strict	35.59	110.07	glycopeptide antibiotic	antibiotic target alteration	vanY; glycopeptide resistance gene cluster	vancomycin	False	chromosome_like	1		
Kathmandu18	RW_1	k141_219585	k141_219585_18 # 20972 # 22720 # -1 # ID=60889_18;partial=00;start_type=ATG;rbs_motif=None;rbs_spacer=None;gc_cont=0.509	msbA	3003950	Perfect	100.0	100.0	nitroimidazole antibiotic	antibiotic efflux	ATP-binding cassette (ABC) antibiotic efflux pump	metronidazole	False	chromosome_like	1		
Kathmandu18	RW_1	k141_220295	k141_220295_10 # 7713 # 10829 # 1 # ID=61085_10;partial=00;start_type=ATG;rbs_motif=TAAA;rbs_spacer=13bp;gc_cont=0.474	adeF	3000777	Strict	42.9	98.02	fluoroquinolone antibiotic; tetracycline antibiotic	antibiotic efflux	resistance-nodulation-cell division (RND) antibiotic efflux pump	tetracycline	False	chromosome_like	1		
Kathmandu18	RW_1	k141_220731	k141_220731_1 # 2 # 1108 # -1 # ID=61196_1;partial=10;start_type=ATG;rbs_motif=AAAA;rbs_spacer=14bp;gc_cont=0.464	vanT gene in vanG cluster	3002972	Strict	35.23	51.83	glycopeptide antibiotic	antibiotic target alteration	glycopeptide resistance gene cluster; vanT	vancomycin	False	chromosome_like	1		
Kathmandu18	RW_1	k141_223982	k141_223982_2 # 607 # 2553 # -1 # ID=62117_2;partial=00;start_type=ATG;rbs_motif=None;rbs_spacer=None;gc_cont=0.489	vanW gene in vanI cluster	3003724	Strict	28.63	173.73	glycopeptide antibiotic	antibiotic target alteration	vanW; glycopeptide resistance gene cluster	vancomycin; teicoplanin	False	chromosome_like	1		
Kathmandu18	RW_1	k141_2107272	k141_2107272_5 # 3293 # 4474 # 1 # ID=62325_5;partial=00;start_type=ATG;rbs_motif=AGGA;rbs_spacer=5-10bp;gc_cont=0.624	vanT gene in vanG cluster	3002972	Strict	33.42	55.2	glycopeptide antibiotic	antibiotic target alteration	glycopeptide resistance gene cluster; vanT	vancomycin	False	chromosome_like	1		
Kathmandu18	RW_1	k141_226112	k141_226112_2 # 718 # 1137 # 1 # ID=62698_2;partial=01;start_type=ATG;rbs_motif=None;rbs_spacer=None;gc_cont=0.662	FosA8	3007371	Strict	57.36	99.29	phosphonic acid antibiotic	antibiotic inactivation	fosfomycin thiol transferase	fosfomycin	False	chromosome_like	1		
Kathmandu18	RW_1	k141_228190	k141_228190_4 # 4056 # 5981 # -1 # ID=63361_4;partial=00;start_type=ATG;rbs_motif=None;rbs_spacer=None;gc_cont=0.399	tet(Q)	3000191	Strict	96.41	97.56	tetracycline antibiotic	antibiotic target protection	tetracycline-resistant ribosomal protection protein	tetracycline; doxycycline; minocycline; chlortetracycline; demeclocycline; oxytetracycline	False	chromosome_like	1		
Kathmandu18	RW_1	k141_2112246	k141_2112246_2 # 164 # 493 # 1 # ID=63690_2;partial=00;start_type=ATG;rbs_motif=GGAG/GAGG;rbs_spacer=5-10bp;gc_cont=0.682	qacJ	3007014	Strict	35.85	101.87	disinfecting agents and antiseptics	antibiotic efflux	small multidrug resistance (SMR) antibiotic efflux pump	benzalkonium chloride	False	chromosome_like	1		
Kathmandu18	RW_1	k141_229147	k141_229147_1 # 166 # 1302 # -1 # ID=63701_1;partial=00;start_type=ATG;rbs_motif=None;rbs_spacer=None;gc_cont=0.522	vanT gene in vanG cluster	3002972	Strict	30.62	53.09	glycopeptide antibiotic	antibiotic target alteration	glycopeptide resistance gene cluster; vanT	vancomycin	False	chromosome_like	1		
Kathmandu18	RW_1	k141_230820	k141_230820_2 # 714 # 1625 # 1 # ID=64242_2;partial=00;start_type=ATG;rbs_motif=AGGAG;rbs_spacer=5-10bp;gc_cont=0.312	VEB-19	3006214	Strict	92.31	101.34	monobactam; cephalosporin	antibiotic inactivation	VEB beta-lactamase		False	chromosome_like	1		
Kathmandu18	RW_1	k141_2117893	k141_2117893_3 # 690 # 1733 # -1 # ID=65207_3;partial=01;start_type=Edge;rbs_motif=None;rbs_spacer=None;gc_cont=0.561	vanG	3002909	Strict	43.53	99.43	glycopeptide antibiotic	antibiotic target alteration	glycopeptide resistance gene cluster; Van ligase	vancomycin	False	chromosome_like	1		
Kathmandu18	RW_1	k141_237351	k141_237351_5 # 4627 # 7074 # -1 # ID=65981_5;partial=00;start_type=ATG;rbs_motif=TAA;rbs_spacer=4bp;gc_cont=0.320	vanT gene in vanG cluster	3002972	Strict	34.5	114.47	glycopeptide antibiotic	antibiotic target alteration	glycopeptide resistance gene cluster; vanT	vancomycin	False	chromosome_like	1		
Kathmandu18	RW_1	k141_237569	k141_237569_2 # 376 # 1512 # -1 # ID=66029_2;partial=01;start_type=Edge;rbs_motif=None;rbs_spacer=None;gc_cont=0.484	vanW gene in vanI cluster	3003724	Strict	38.16	101.34	glycopeptide antibiotic	antibiotic target alteration	vanW; glycopeptide resistance gene cluster	vancomycin; teicoplanin	False	chromosome_like	1		
Kathmandu18	RW_1	k141_239725	k141_239725_2 # 194 # 1696 # 1 # ID=66586_2;partial=00;start_type=ATG;rbs_motif=None;rbs_spacer=None;gc_cont=0.507	vanW gene in vanI cluster	3003724	Strict	34.03	134.05	glycopeptide antibiotic	antibiotic target alteration	vanW; glycopeptide resistance gene cluster	vancomycin; teicoplanin	False	chromosome_like	1		
Kathmandu18	RW_1	k141_2123704	k141_2123704_7 # 5262 # 6083 # 1 # ID=66803_7;partial=00;start_type=ATG;rbs_motif=GGA/GAG/AGG;rbs_spacer=5-10bp;gc_cont=0.524	bacA	3002986	Perfect	100.0	100.0	peptide antibiotic	antibiotic target alteration	undecaprenyl pyrophosphate related proteins	bacitracin; bacitracin A; bacitracin B; bacitracin F	False	chromosome_like	1		
Kathmandu18	RW_1	k141_246126	k141_246126_1 # 134 # 994 # 1 # ID=68368_1;partial=00;start_type=ATG;rbs_motif=AGGAG;rbs_spacer=5-10bp;gc_cont=0.598	AAC(3)-IId	3004623	Perfect	100.0	100.0	aminoglycoside antibiotic	antibiotic inactivation	AAC(3)	dibekacin; sisomicin; netilmicin; tobramycin; 6'-N-ethylnetilmicin; 2'-N-ethylnetilmicin; gentamicin	True	plasmid_like		0.9631	
Kathmandu18	RW_1	k141_2129778	k141_2129778_2 # 734 # 1051 # -1 # ID=68435_2;partial=01;start_type=Edge;rbs_motif=None;rbs_spacer=None;gc_cont=0.352	vanY gene in vanB cluster	3002956	Strict	53.85	39.18	glycopeptide antibiotic	antibiotic target alteration	vanY; glycopeptide resistance gene cluster	vancomycin	False	chromosome_like	1		
Kathmandu18	RW_1	k141_246890	k141_246890_1 # 29 # 1375 # 1 # ID=68580_1;partial=01;start_type=ATG;rbs_motif=GGAG/GAGG;rbs_spacer=5-10bp;gc_cont=0.350	tet(M)	3000186	Strict	98.44	70.27	tetracycline antibiotic	antibiotic target protection	tetracycline-resistant ribosomal protection protein	tetracycline; doxycycline; minocycline; chlortetracycline; demeclocycline; oxytetracycline	False	chromosome_like	1		
Kathmandu18	RW_1	k141_251307	k141_251307_2 # 249 # 1799 # 1 # ID=69766_2;partial=00;start_type=ATG;rbs_motif=None;rbs_spacer=None;gc_cont=0.423	vanW gene in vanI cluster	3003724	Strict	28.32	138.34	glycopeptide antibiotic	antibiotic target alteration	vanW; glycopeptide resistance gene cluster	vancomycin; teicoplanin	False	chromosome_like	1		
Kathmandu18	RW_1	k141_2135606	k141_2135606_7 # 3720 # 4928 # -1 # ID=70092_7;partial=00;start_type=ATG;rbs_motif=GGAGG;rbs_spacer=3-4bp;gc_cont=0.553	mdtH	3001216	Perfect	100.0	100.0	fluoroquinolone antibiotic	antibiotic efflux	major facilitator superfamily (MFS) antibiotic efflux pump	enoxacin; norfloxacin	False	chromosome_like	1		
Kathmandu18	RW_1	k141_257760	k141_257760_7 # 9000 # 10163 # 1 # ID=71410_7;partial=00;start_type=ATG;rbs_motif=None;rbs_spacer=None;gc_cont=0.417	vanW gene in vanI cluster	3003724	Strict	29.85	103.75	glycopeptide antibiotic	antibiotic target alteration	vanW; glycopeptide resistance gene cluster	vancomycin; teicoplanin	False	chromosome_like	1		
Kathmandu18	RW_1	k141_260802	k141_260802_2 # 237 # 1025 # -1 # ID=72220_2;partial=00;start_type=ATG;rbs_motif=None;rbs_spacer=None;gc_cont=0.582	aadA5	3002605	Strict	99.24	100.0	aminoglycoside antibiotic	antibiotic inactivation	ANT(3'')	spectinomycin; streptomycin	False	chromosome_like	1		
Kathmandu18	RW_1	k141_262843	k141_262843_1 # 2 # 298 # 1 # ID=72726_1;partial=10;start_type=Edge;rbs_motif=None;rbs_spacer=None;gc_cont=0.549	qacJ	3007014	Strict	46.32	91.59	disinfecting agents and antiseptics	antibiotic efflux	small multidrug resistance (SMR) antibiotic efflux pump	benzalkonium chloride	False	chromosome_like	1		
Kathmandu18	RW_1	k141_2144979	k141_2144979_44 # 29640 # 30494 # -1 # ID=72921_44;partial=00;start_type=ATG;rbs_motif=GGA/GAG/AGG;rbs_spacer=5-10bp;gc_cont=0.506	vanY gene in vanB cluster	3002956	Strict	39.46	105.97	glycopeptide antibiotic	antibiotic target alteration	vanY; glycopeptide resistance gene cluster	vancomycin	False	chromosome_like	1		
Kathmandu18	RW_1	k141_264395	k141_264395_2 # 686 # 1831 # -1 # ID=73168_2;partial=00;start_type=ATG;rbs_motif=GGA/GAG/AGG;rbs_spacer=5-10bp;gc_cont=0.539	CMY-4	3002015	Perfect	100.0	100.0	cephamycin	antibiotic inactivation	CMY beta-lactamase		False	chromosome_like	1		
Kathmandu18	RW_1	k141_2146836	k141_2146836_3 # 823 # 1605 # -1 # ID=73448_3;partial=01;start_type=Edge;rbs_motif=None;rbs_spacer=None;gc_cont=0.521	aadA2	3002602	Strict	99.61	100.39	aminoglycoside antibiotic	antibiotic inactivation	ANT(3'')	spectinomycin; streptomycin	False	chromosome_like	1		
Kathmandu18	RW_1	k141_269037	k141_269037_3 # 3326 # 4477 # 1 # ID=74465_3;partial=00;start_type=ATG;rbs_motif=GGAG/GAGG;rbs_spacer=5-10bp;gc_cont=0.633	MOX-9	3002191	Perfect	100.0	100.0	cephalosporin; cephamycin; penam	antibiotic inactivation	MOX beta-lactamase		False	chromosome_like	1		
Kathmandu18	RW_1	k141_2152457	k141_2152457_2 # 418 # 1050 # -1 # ID=75224_2;partial=00;start_type=ATG;rbs_motif=GGAG/GAGG;rbs_spacer=5-10bp;gc_cont=0.507	CRP	3000518	Strict	98.57	100.0	macrolide antibiotic; fluoroquinolone antibiotic; penam	antibiotic efflux	resistance-nodulation-cell division (RND) antibiotic efflux pump	erythromycin; cloxacillin; oxacillin; norfloxacin	False	chromosome_like	1		
Kathmandu18	RW_1	k141_2153469	k141_2153469_5 # 3888 # 7028 # 1 # ID=75539_5;partial=00;start_type=ATG;rbs_motif=AGGAG;rbs_spacer=5-10bp;gc_cont=0.631	adeF	3000777	Strict	43.28	98.77	fluoroquinolone antibiotic; tetracycline antibiotic	antibiotic efflux	resistance-nodulation-cell division (RND) antibiotic efflux pump	tetracycline	False	chromosome_like	1		
Kathmandu18	RW_1	k141_274157	k141_274157_2 # 442 # 942 # 1 # ID=75841_2;partial=00;start_type=ATG;rbs_motif=AGGAG;rbs_spacer=5-10bp;gc_cont=0.325	nimJ	3007112	Strict	60.13	100.61	nitroimidazole antibiotic	antibiotic inactivation	nitroimidazole reductase	metronidazole	False	chromosome_like	1		
Kathmandu18	RW_1	k141_2155448	k141_2155448_4 # 2537 # 3034 # 1 # ID=76158_4;partial=00;start_type=ATG;rbs_motif=None;rbs_spacer=None;gc_cont=0.448	nimJ	3007112	Strict	98.18	100.0	nitroimidazole antibiotic	antibiotic inactivation	nitroimidazole reductase	metronidazole	False	chromosome_like	1		
Kathmandu18	RW_1	k141_277216	k141_277216_1 # 2 # 1138 # -1 # ID=76693_1;partial=10;start_type=ATG;rbs_motif=GGAG/GAGG;rbs_spacer=5-10bp;gc_cont=0.384	vanTr gene in vanL cluster	3002974	Strict	33.51	103.55	glycopeptide antibiotic	antibiotic target alteration	glycopeptide resistance gene cluster; vanT	vancomycin	False	chromosome_like	1		
Kathmandu18	RW_1	k141_2157726	k141_2157726_2 # 1284 # 1628 # 1 # ID=76783_2;partial=00;start_type=ATG;rbs_motif=AGGA/GGAG/GAGG;rbs_spacer=11-12bp;gc_cont=0.403	qacG	3007015	Strict	46.15	106.54	disinfecting agents and antiseptics	antibiotic efflux	small multidrug resistance (SMR) antibiotic efflux pump	benzalkonium chloride	False	chromosome_like	1		
Kathmandu18	RW_1	k141_2157731	k141_2157731_5 # 2846 # 4489 # -1 # ID=76788_5;partial=00;start_type=ATG;rbs_motif=GGAG/GAGG;rbs_spacer=5-10bp;gc_cont=0.555	MCR-5.1	3004332	Perfect	100.0	100.0	peptide antibiotic	antibiotic target alteration	MCR phosphoethanolamine transferase	colistin A; colistin B	True	plasmid_like		0.9568	
Kathmandu18	RW_1	k141_2159452	k141_2159452_2 # 1019 # 1984 # 1 # ID=77296_2;partial=00;start_type=ATG;rbs_motif=None;rbs_spacer=None;gc_cont=0.357	CfxA3	3003003	Perfect	100.0	100.0	cephamycin	antibiotic inactivation	CfxA beta-lactamase		True	plasmid_like		0.9837	
Kathmandu18	RW_1	k141_2159629	k141_2159629_2 # 320 # 1417 # -1 # ID=77350_2;partial=00;start_type=ATG;rbs_motif=GGA/GAG/AGG;rbs_spacer=5-10bp;gc_cont=0.663	vanT gene in vanG cluster	3002972	Strict	35.48	51.26	glycopeptide antibiotic	antibiotic target alteration	glycopeptide resistance gene cluster; vanT	vancomycin	False	chromosome_like	1		
Kathmandu18	RW_1	k141_282177	k141_282177_4 # 3082 # 4158 # -1 # ID=77865_4;partial=00;start_type=ATG;rbs_motif=AGGAGG;rbs_spacer=5-10bp;gc_cont=0.513	vanG	3002909	Strict	44.44	102.58	glycopeptide antibiotic	antibiotic target alteration	glycopeptide resistance gene cluster; Van ligase	vancomycin	False	chromosome_like	1		
Kathmandu18	RW_1	k141_2163552	k141_2163552_6 # 5432 # 7909 # 1 # ID=78438_6;partial=00;start_type=ATG;rbs_motif=TAAAAA;rbs_spacer=8bp;gc_cont=0.447	vanT gene in vanG cluster	3002972	Strict	34.54	115.87	glycopeptide antibiotic	antibiotic target alteration	glycopeptide resistance gene cluster; vanT	vancomycin	False	chromosome_like	1		
Kathmandu18	RW_1	k141_2165956	k141_2165956_27 # 28951 # 30075 # 1 # ID=79086_27;partial=00;start_type=ATG;rbs_motif=AGGA;rbs_spacer=5-10bp;gc_cont=0.304	vanT gene in vanG cluster	3002972	Strict	33.15	52.53	glycopeptide antibiotic	antibiotic target alteration	glycopeptide resistance gene cluster; vanT	vancomycin	False	chromosome_like	1		
Kathmandu18	RW_1	k141_2167834	k141_2167834_10 # 10124 # 11068 # 1 # ID=79606_10;partial=00;start_type=ATG;rbs_motif=GGAG/GAGG;rbs_spacer=5-10bp;gc_cont=0.460	leuO	3003843	Strict	99.04	100.0	nucleoside antibiotic; disinfecting agents and antiseptics	antibiotic efflux	major facilitator superfamily (MFS) antibiotic efflux pump	acriflavine; puromycin	False	chromosome_like	1		
Kathmandu18	RW_1	k141_301217	k141_301217_1 # 2 # 613 # 1 # ID=82389_1;partial=10;start_type=Edge;rbs_motif=None;rbs_spacer=None;gc_cont=0.351	catQ	3002687	Strict	94.58	92.69	phenicol antibiotic	antibiotic inactivation	chloramphenicol acetyltransferase (CAT)	azidamfenicol; chloramphenicol; thiamphenicol	False	chromosome_like	1		
Kathmandu18	RW_1	k141_301699	k141_301699_3 # 777 # 2273 # 1 # ID=82520_3;partial=00;start_type=ATG;rbs_motif=AGxAGG/AGGxGG;rbs_spacer=5-10bp;gc_cont=0.376	vanW gene in vanI cluster	3003724	Strict	24.23	133.51	glycopeptide antibiotic	antibiotic target alteration	vanW; glycopeptide resistance gene cluster	vancomycin; teicoplanin	False	chromosome_like	1		
Kathmandu18	RW_1	k141_303989	k141_303989_9 # 6444 # 6656 # -1 # ID=83131_9;partial=00;start_type=ATG;rbs_motif=GGAGG;rbs_spacer=5-10bp;gc_cont=0.404	vanU gene in vanG cluster	3004253	Strict	80.6	93.33	glycopeptide antibiotic	antibiotic target alteration	glycopeptide resistance gene cluster; vanU	vancomycin	False	chromosome_like	1		
Kathmandu18	RW_1	k141_2183119	k141_2183119_2 # 332 # 1057 # 1 # ID=83980_2;partial=00;start_type=ATG;rbs_motif=GGA/GAG/AGG;rbs_spacer=5-10bp;gc_cont=0.624	vanW gene in vanI cluster	3003724	Strict	34.09	64.61	glycopeptide antibiotic	antibiotic target alteration	vanW; glycopeptide resistance gene cluster	vancomycin; teicoplanin	False	chromosome_like	1		
Kathmandu18	RW_1	k141_2184952	k141_2184952_2 # 1431 # 4535 # 1 # ID=84479_2;partial=00;start_type=ATG;rbs_motif=AATAA;rbs_spacer=3bp;gc_cont=0.460	adeF	3000777	Strict	42.46	97.64	fluoroquinolone antibiotic; tetracycline antibiotic	antibiotic efflux	resistance-nodulation-cell division (RND) antibiotic efflux pump	tetracycline	False	chromosome_like	1		
Kathmandu18	RW_1	k141_2185678	k141_2185678_4 # 4825 # 6222 # 1 # ID=84678_4;partial=01;start_type=ATG;rbs_motif=GGA/GAG/AGG;rbs_spacer=5-10bp;gc_cont=0.441	ICR-Mo	3004569	Strict	68.41	83.51	peptide antibiotic	antibiotic target alteration	intrinsic colistin resistant phosphoethanolamine transferase	colistin A; colistin B	False	chromosome_like	1		
Kathmandu18	RW_1	k141_2186802	k141_2186802_3 # 1044 # 2297 # -1 # ID=84987_3;partial=01;start_type=Edge;rbs_motif=None;rbs_spacer=None;gc_cont=0.465	vanT gene in vanG cluster	3002972	Strict	33.15	58.57	glycopeptide antibiotic	antibiotic target alteration	glycopeptide resistance gene cluster; vanT	vancomycin	False	chromosome_like	1		
Kathmandu18	RW_1	k141_2188003	k141_2188003_1 # 201 # 1331 # -1 # ID=85359_1;partial=00;start_type=ATG;rbs_motif=AGGA;rbs_spacer=5-10bp;gc_cont=0.639	vanT gene in vanG cluster	3002972	Strict	32.89	52.81	glycopeptide antibiotic	antibiotic target alteration	glycopeptide resistance gene cluster; vanT	vancomycin	False	chromosome_like	1		
Kathmandu18	RW_1	k141_2188259	k141_2188259_2 # 300 # 1121 # 1 # ID=85440_2;partial=00;start_type=ATG;rbs_motif=GGAGG;rbs_spacer=5-10bp;gc_cont=0.614	vanW gene in vanB cluster	3002964	Strict	35.53	99.27	glycopeptide antibiotic	antibiotic target alteration	vanW; glycopeptide resistance gene cluster	vancomycin	False	chromosome_like	1		
Kathmandu18	RW_1	k141_317017	k141_317017_15 # 12509 # 13372 # 1 # ID=86330_15;partial=00;start_type=ATG;rbs_motif=TAAAAA;rbs_spacer=13bp;gc_cont=0.431	vanY gene in vanM cluster	3002961	Strict	32.06	123.18	glycopeptide antibiotic	antibiotic target alteration	vanY; glycopeptide resistance gene cluster	vancomycin; teicoplanin	False	chromosome_like	1		
Kathmandu18	RW_1	k141_2196013	k141_2196013_1 # 3 # 347 # 1 # ID=87647_1;partial=10;start_type=Edge;rbs_motif=None;rbs_spacer=None;gc_cont=0.336	vanY gene in vanB cluster	3002956	Strict	60.98	42.54	glycopeptide antibiotic	antibiotic target alteration	vanY; glycopeptide resistance gene cluster	vancomycin	False	chromosome_like	1		
Kathmandu18	RW_1	k141_2197961	k141_2197961_1 # 42 # 1100 # 1 # ID=88196_1;partial=00;start_type=TTG;rbs_motif=TATAA;rbs_spacer=4bp;gc_cont=0.343	vanY gene in vanM cluster	3002961	Strict	27.16	151.07	glycopeptide antibiotic	antibiotic target alteration	vanY; glycopeptide resistance gene cluster	vancomycin; teicoplanin	False	chromosome_like	1		
Kathmandu18	RW_1	k141_2204843	k141_2204843_2 # 838 # 1722 # -1 # ID=90065_2;partial=00;start_type=ATG;rbs_motif=AAAAA;rbs_spacer=11bp;gc_cont=0.368	mphG	3003742	Perfect	100.0	100.0	macrolide antibiotic	antibiotic inactivation	macrolide phosphotransferase (MPH)	erythromycin; clarithromycin; azithromycin	False	chromosome_like	1		
Kathmandu18	RW_1	k141_2204951	k141_2204951_1 # 114 # 839 # 1 # ID=90089_1;partial=00;start_type=ATG;rbs_motif=GGAG/GAGG;rbs_spacer=5-10bp;gc_cont=0.328	vanY gene in vanB cluster	3002956	Strict	47.37	89.93	glycopeptide antibiotic	antibiotic target alteration	vanY; glycopeptide resistance gene cluster	vancomycin	False	chromosome_like	1		
Kathmandu18	RW_1	k141_2206633	k141_2206633_1 # 3 # 398 # 1 # ID=90564_1;partial=10;start_type=Edge;rbs_motif=None;rbs_spacer=None;gc_cont=0.674	qacG	3007015	Strict	41.0	122.43	disinfecting agents and antiseptics	antibiotic efflux	small multidrug resistance (SMR) antibiotic efflux pump	benzalkonium chloride	False	chromosome_like	1		
Kathmandu18	RW_1	k141_2207166	k141_2207166_4 # 3788 # 4642 # -1 # ID=90693_4;partial=00;start_type=ATG;rbs_motif=AGGAGG;rbs_spacer=5-10bp;gc_cont=0.421	ACI-1	3004359	Perfect	100.0	100.0	cephalosporin; penam; penem	antibiotic inactivation	ACI beta-lactamase	penicillin; ceftazidime; amoxicillin; cefotaxime; ticarcillin	True	virus_like			0.8888
Kathmandu18	RW_1	k141_333561	k141_333561_1 # 100 # 417 # 1 # ID=91010_1;partial=00;start_type=ATG;rbs_motif=GGA/GAG/AGG;rbs_spacer=5-10bp;gc_cont=0.274	qacJ	3007014	Strict	42.16	98.13	disinfecting agents and antiseptics	antibiotic efflux	small multidrug resistance (SMR) antibiotic efflux pump	benzalkonium chloride	False	chromosome_like	1		
Kathmandu18	RW_1	k141_333700	k141_333700_1 # 1 # 735 # -1 # ID=91060_1;partial=10;start_type=ATG;rbs_motif=GGA/GAG/AGG;rbs_spacer=5-10bp;gc_cont=0.473	vanY gene in vanF cluster	3002958	Strict	27.31	83.62	glycopeptide antibiotic	antibiotic target alteration	vanY; glycopeptide resistance gene cluster	vancomycin	False	chromosome_like	1		
Kathmandu18	RW_1	k141_335830	k141_335830_2 # 1042 # 1347 # 1 # ID=91643_2;partial=01;start_type=ATG;rbs_motif=GGA/GAG/AGG;rbs_spacer=5-10bp;gc_cont=0.415	vanW gene in vanG cluster	3002965	Strict	32.99	36.3	glycopeptide antibiotic	antibiotic target alteration	vanW; glycopeptide resistance gene cluster	vancomycin	False	chromosome_like	1		
Kathmandu18	RW_1	k141_2211622	k141_2211622_6 # 4348 # 4665 # 1 # ID=91772_6;partial=00;start_type=ATG;rbs_motif=AGGA;rbs_spacer=5-10bp;gc_cont=0.289	qacJ	3007014	Strict	43.88	98.13	disinfecting agents and antiseptics	antibiotic efflux	small multidrug resistance (SMR) antibiotic efflux pump	benzalkonium chloride	False	chromosome_like	1		
Kathmandu18	RW_1	k141_2215087	k141_2215087_1 # 2 # 952 # -1 # ID=92779_1;partial=10;start_type=GTG;rbs_motif=AGGAG;rbs_spacer=5-10bp;gc_cont=0.526	vanT gene in vanG cluster	3002972	Strict	37.78	44.52	glycopeptide antibiotic	antibiotic target alteration	glycopeptide resistance gene cluster; vanT	vancomycin	False	chromosome_like	1		
Kathmandu18	RW_1	k141_340727	k141_340727_1 # 6 # 1001 # -1 # ID=93100_1;partial=00;start_type=ATG;rbs_motif=GGAGG;rbs_spacer=5-10bp;gc_cont=0.591	vanH gene in vanO cluster	3002948	Strict	41.48	94.57	glycopeptide antibiotic	antibiotic target alteration	vanH; glycopeptide resistance gene cluster	vancomycin	False	chromosome_like	1		
Kathmandu18	RW_1	k141_2219466	k141_2219466_2 # 1208 # 2056 # -1 # ID=94087_2;partial=00;start_type=ATG;rbs_motif=AAA;rbs_spacer=14bp;gc_cont=0.452	vanW gene in vanI cluster	3003724	Strict	43.85	75.6	glycopeptide antibiotic	antibiotic target alteration	vanW; glycopeptide resistance gene cluster	vancomycin; teicoplanin	False	chromosome_like	1		
Kathmandu18	RW_1	k141_2219594	k141_2219594_1 # 204 # 848 # -1 # ID=94119_1;partial=00;start_type=ATG;rbs_motif=GGA/GAG/AGG;rbs_spacer=5-10bp;gc_cont=0.381	QnrD1	3002788	Perfect	100.0	100.0	fluoroquinolone antibiotic	antibiotic target protection	quinolone resistance protein (qnr)	ciprofloxacin; levofloxacin; moxifloxacin; gatifloxacin; nalidixic acid; norfloxacin; sparfloxacin	False	chromosome_like	1		
Kathmandu18	RW_1	k141_348601	k141_348601_3 # 1447 # 2103 # 1 # ID=95227_3;partial=00;start_type=ATG;rbs_motif=AGGAG;rbs_spacer=5-10bp;gc_cont=0.438	QnrS1	3002790	Perfect	100.0	100.0	fluoroquinolone antibiotic	antibiotic target protection	quinolone resistance protein (qnr)	ciprofloxacin; levofloxacin; moxifloxacin; gatifloxacin; nalidixic acid; norfloxacin; sparfloxacin	True	plasmid_like		0.9833	
Kathmandu18	RW_1	k141_351871	k141_351871_3 # 2120 # 3235 # 1 # ID=96259_3;partial=00;start_type=ATG;rbs_motif=None;rbs_spacer=None;gc_cont=0.557	vanT gene in vanG cluster	3002972	Strict	32.55	52.11	glycopeptide antibiotic	antibiotic target alteration	glycopeptide resistance gene cluster; vanT	vancomycin	False	chromosome_like	1		
Kathmandu18	RW_1	k141_359454	k141_359454_2 # 157 # 489 # -1 # ID=98648_2;partial=00;start_type=ATG;rbs_motif=GGAG/GAGG;rbs_spacer=5-10bp;gc_cont=0.610	qacG	3007015	Strict	39.42	102.8	disinfecting agents and antiseptics	antibiotic efflux	small multidrug resistance (SMR) antibiotic efflux pump	benzalkonium chloride	False	chromosome_like	1		
Kathmandu18	RW_1	k141_360757	k141_360757_2 # 336 # 830 # -1 # ID=99025_2;partial=00;start_type=ATG;rbs_motif=AGGAG;rbs_spacer=5-10bp;gc_cont=0.420	nimJ	3007112	Strict	50.0	99.39	nitroimidazole antibiotic	antibiotic inactivation	nitroimidazole reductase	metronidazole	False	chromosome_like	1		
Kathmandu18	RW_1	k141_2239597	k141_2239597_1 # 41 # 1117 # 1 # ID=100049_1;partial=00;start_type=ATG;rbs_motif=GGA/GAG/AGG;rbs_spacer=5-10bp;gc_cont=0.514	vanG	3002909	Strict	38.98	102.58	glycopeptide antibiotic	antibiotic target alteration	glycopeptide resistance gene cluster; Van ligase	vancomycin	False	chromosome_like	1		
Kathmandu18	RW_1	k141_367526	k141_367526_5 # 4918 # 5718 # 1 # ID=101015_5;partial=00;start_type=ATG;rbs_motif=AGxAG;rbs_spacer=5-10bp;gc_cont=0.345	ErmF	3000498	Strict	99.25	100.0	macrolide antibiotic; lincosamide antibiotic; streptogramin antibiotic; streptogramin A antibiotic; streptogramin B antibiotic	antibiotic target alteration	Erm 23S ribosomal RNA methyltransferase	erythromycin; roxithromycin; lincomycin; telithromycin; clarithromycin; clindamycin; tylosin; spiramycin; azithromycin; dirithromycin; pristinamycin IA; quinupristin; virginiamycin M1; madumycin II; griseoviridin; dalfopristin; pristinamycin IB; virginiamycin S2; pristinamycin IC; vernamycin C; patricin A; patricin B; ostreogrycin B3; oleandomycin	False	chromosome_like	1		
Kathmandu18	RW_1	k141_2243609	k141_2243609_1 # 227 # 1108 # -1 # ID=101177_1;partial=01;start_type=Edge;rbs_motif=None;rbs_spacer=None;gc_cont=0.457	vanY gene in vanM cluster	3002961	Strict	39.02	125.75	glycopeptide antibiotic	antibiotic target alteration	vanY; glycopeptide resistance gene cluster	vancomycin; teicoplanin	False	chromosome_like	1		
Kathmandu18	RW_1	k141_371566	k141_371566_5 # 5182 # 6288 # 1 # ID=102258_5;partial=00;start_type=ATG;rbs_motif=AGGAGG;rbs_spacer=5-10bp;gc_cont=0.482	vanT gene in vanG cluster	3002972	Strict	32.5	51.69	glycopeptide antibiotic	antibiotic target alteration	glycopeptide resistance gene cluster; vanT	vancomycin	False	chromosome_like	1		
Kathmandu18	RW_1	k141_372850	k141_372850_2 # 531 # 1577 # 1 # ID=102609_2;partial=01;start_type=ATG;rbs_motif=None;rbs_spacer=None;gc_cont=0.465	vanT gene in vanG cluster	3002972	Strict	33.43	49.02	glycopeptide antibiotic	antibiotic target alteration	glycopeptide resistance gene cluster; vanT	vancomycin	False	chromosome_like	1		
Kathmandu18	RW_1	k141_376265	k141_376265_2 # 1846 # 2838 # 1 # ID=103516_2;partial=00;start_type=ATG;rbs_motif=AGGAG;rbs_spacer=5-10bp;gc_cont=0.652	vanH gene in vanF cluster	3002945	Strict	38.22	102.48	glycopeptide antibiotic	antibiotic target alteration	vanH; glycopeptide resistance gene cluster	vancomycin	False	chromosome_like	1		
Kathmandu18	RW_1	k141_376583	k141_376583_3 # 1086 # 1985 # 1 # ID=103596_3;partial=00;start_type=ATG;rbs_motif=GGA/GAG/AGG;rbs_spacer=5-10bp;gc_cont=0.589	mphF	3003071	Perfect	100.0	100.0	macrolide antibiotic	antibiotic inactivation	macrolide phosphotransferase (MPH)	erythromycin; roxithromycin; clarithromycin; tylosin; azithromycin	True	plasmid_like		0.9648	
Kathmandu18	RW_1	k141_381375	k141_381375_2 # 360 # 1199 # 1 # ID=104842_2;partial=00;start_type=GTG;rbs_motif=None;rbs_spacer=None;gc_cont=0.558	APH(3'')-Ib	3002639	Strict	99.25	104.49	aminoglycoside antibiotic	antibiotic inactivation	APH(3'')	streptomycin	True	plasmid_like		0.983	
Kathmandu18	RW_1	k141_381375	k141_381375_3 # 1205 # 2035 # 1 # ID=104842_3;partial=00;start_type=ATG;rbs_motif=None;rbs_spacer=None;gc_cont=0.561	APH(6)-Id	3002660	Strict	99.64	99.28	aminoglycoside antibiotic	antibiotic inactivation	APH(6)	streptomycin	True	plasmid_like		0.983	
Kathmandu18	RW_1	k141_397313	k141_397313_4 # 5780 # 7165 # -1 # ID=109231_4;partial=00;start_type=GTG;rbs_motif=None;rbs_spacer=None;gc_cont=0.496	vanW gene in vanI cluster	3003724	Strict	36.75	123.59	glycopeptide antibiotic	antibiotic target alteration	vanW; glycopeptide resistance gene cluster	vancomycin; teicoplanin	False	chromosome_like	1		
Kathmandu18	RW_1	k141_400429	k141_400429_1 # 2 # 1150 # -1 # ID=110081_1;partial=10;start_type=ATG;rbs_motif=AGGAGG;rbs_spacer=5-10bp;gc_cont=0.577	vanW gene in vanI cluster	3003724	Strict	30.37	102.68	glycopeptide antibiotic	antibiotic target alteration	vanW; glycopeptide resistance gene cluster	vancomycin; teicoplanin	False	chromosome_like	1		
Kathmandu18	RW_1	k141_2273774	k141_2273774_1 # 20 # 1123 # -1 # ID=110153_1;partial=01;start_type=Edge;rbs_motif=None;rbs_spacer=None;gc_cont=0.546	vanT gene in vanG cluster	3002972	Strict	32.7	51.54	glycopeptide antibiotic	antibiotic target alteration	glycopeptide resistance gene cluster; vanT	vancomycin	False	chromosome_like	1		
Kathmandu18	RW_1	k141_408298	k141_408298_2 # 476 # 3598 # 1 # ID=112214_2;partial=00;start_type=ATG;rbs_motif=AGGA;rbs_spacer=5-10bp;gc_cont=0.630	adeF	3000777	Strict	46.37	98.21	fluoroquinolone antibiotic; tetracycline antibiotic	antibiotic efflux	resistance-nodulation-cell division (RND) antibiotic efflux pump	tetracycline	False	chromosome_like	1		
Kathmandu18	RW_1	k141_2281638	k141_2281638_7 # 6244 # 7380 # -1 # ID=112328_7;partial=01;start_type=Edge;rbs_motif=None;rbs_spacer=None;gc_cont=0.543	vanW gene in vanI cluster	3003724	Strict	39.32	101.34	glycopeptide antibiotic	antibiotic target alteration	vanW; glycopeptide resistance gene cluster	vancomycin; teicoplanin	False	chromosome_like	1		
Kathmandu18	RW_1	k141_2294401	k141_2294401_2 # 930 # 1820 # -1 # ID=115978_2;partial=01;start_type=Edge;rbs_motif=None;rbs_spacer=None;gc_cont=0.613	vanW gene in vanI cluster	3003724	Strict	38.24	79.36	glycopeptide antibiotic	antibiotic target alteration	vanW; glycopeptide resistance gene cluster	vancomycin; teicoplanin	False	chromosome_like	1		
Kathmandu18	RW_1	k141_2294952	k141_2294952_3 # 3192 # 4901 # 1 # ID=116104_3;partial=00;start_type=GTG;rbs_motif=None;rbs_spacer=None;gc_cont=0.575	vanW gene in vanI cluster	3003724	Strict	36.49	152.55	glycopeptide antibiotic	antibiotic target alteration	vanW; glycopeptide resistance gene cluster	vancomycin; teicoplanin	False	chromosome_like	1		
Kathmandu18	RW_1	k141_2296705	k141_2296705_4 # 1295 # 1882 # -1 # ID=116605_4;partial=01;start_type=Edge;rbs_motif=None;rbs_spacer=None;gc_cont=0.440	vanY gene in vanB cluster	3002956	Strict	30.41	72.76	glycopeptide antibiotic	antibiotic target alteration	vanY; glycopeptide resistance gene cluster	vancomycin	False	chromosome_like	1		
Kathmandu18	RW_1	k141_2301114	k141_2301114_1 # 2 # 949 # 1 # ID=117890_1;partial=10;start_type=Edge;rbs_motif=None;rbs_spacer=None;gc_cont=0.494	vanY gene in vanG cluster	3002959	Strict	35.23	112.9	glycopeptide antibiotic	antibiotic target alteration	vanY; glycopeptide resistance gene cluster	vancomycin	False	chromosome_like	1		
Kathmandu18	RW_1	k141_440644	k141_440644_21 # 21119 # 24280 # 1 # ID=120261_21;partial=00;start_type=TTG;rbs_motif=AGxAGG/AGGxGG;rbs_spacer=5-10bp;gc_cont=0.373	adeF	3000777	Strict	42.76	99.43	fluoroquinolone antibiotic; tetracycline antibiotic	antibiotic efflux	resistance-nodulation-cell division (RND) antibiotic efflux pump	tetracycline	False	chromosome_like	1		
Kathmandu18	RW_1	k141_440870	k141_440870_5 # 4031 # 4849 # -1 # ID=120312_5;partial=01;start_type=Edge;rbs_motif=None;rbs_spacer=None;gc_cont=0.338	Erm(35)	3000604	Strict	74.44	102.26	macrolide antibiotic; lincosamide antibiotic; streptogramin antibiotic; streptogramin A antibiotic; streptogramin B antibiotic	antibiotic target alteration	Erm 23S ribosomal RNA methyltransferase	erythromycin; roxithromycin; lincomycin; telithromycin; clarithromycin; clindamycin; tylosin; spiramycin; azithromycin; dirithromycin; pristinamycin IA; quinupristin; virginiamycin M1; madumycin II; griseoviridin; dalfopristin; pristinamycin IB; virginiamycin S2; pristinamycin IC; vernamycin C; patricin A; patricin B; ostreogrycin B3; oleandomycin	True	plasmid_like		0.989	
Kathmandu18	RW_1	k141_443558	k141_443558_2 # 251 # 1156 # 1 # ID=120950_2;partial=01;start_type=ATG;rbs_motif=GGAG/GAGG;rbs_spacer=5-10bp;gc_cont=0.449	vanW gene in vanI cluster	3003724	Strict	28.23	80.97	glycopeptide antibiotic	antibiotic target alteration	vanW; glycopeptide resistance gene cluster	vancomycin; teicoplanin	False	chromosome_like	1		
Kathmandu18	RW_1	k141_445244	k141_445244_2 # 1185 # 3650 # 1 # ID=121354_2;partial=00;start_type=ATG;rbs_motif=None;rbs_spacer=None;gc_cont=0.375	vanT gene in vanG cluster	3002972	Strict	35.87	115.31	glycopeptide antibiotic	antibiotic target alteration	glycopeptide resistance gene cluster; vanT	vancomycin	False	chromosome_like	1		
Kathmandu18	RW_1	k141_2319859	k141_2319859_2 # 901 # 1611 # 1 # ID=122912_2;partial=00;start_type=TTG;rbs_motif=GGA/GAG/AGG;rbs_spacer=11-12bp;gc_cont=0.451	vanW gene in vanI cluster	3003724	Strict	36.67	63.27	glycopeptide antibiotic	antibiotic target alteration	vanW; glycopeptide resistance gene cluster	vancomycin; teicoplanin	False	chromosome_like	1		
Kathmandu18	RW_1	k141_454064	k141_454064_2 # 1742 # 2737 # 1 # ID=123437_2;partial=00;start_type=ATG;rbs_motif=GGAGG;rbs_spacer=5-10bp;gc_cont=0.588	vanH gene in vanO cluster	3002948	Strict	42.17	94.57	glycopeptide antibiotic	antibiotic target alteration	vanH; glycopeptide resistance gene cluster	vancomycin	False	chromosome_like	1		
Kathmandu18	RW_1	k141_2322002	k141_2322002_7 # 3723 # 6860 # 1 # ID=123521_7;partial=00;start_type=ATG;rbs_motif=GGA/GAG/AGG;rbs_spacer=5-10bp;gc_cont=0.317	adeF	3000777	Strict	40.31	98.68	fluoroquinolone antibiotic; tetracycline antibiotic	antibiotic efflux	resistance-nodulation-cell division (RND) antibiotic efflux pump	tetracycline	False	chromosome_like	1		
Kathmandu18	RW_1	k141_455171	k141_455171_2 # 1056 # 3665 # 1 # ID=123762_2;partial=00;start_type=ATG;rbs_motif=GGA/GAG/AGG;rbs_spacer=5-10bp;gc_cont=0.428	tet(36)	3000197	Strict	31.0	135.78	tetracycline antibiotic	antibiotic target protection	tetracycline-resistant ribosomal protection protein	tetracycline; doxycycline; minocycline; chlortetracycline; demeclocycline; oxytetracycline	False	chromosome_like	1		
Kathmandu18	RW_1	k141_2323461	k141_2323461_2 # 275 # 1381 # 1 # ID=123952_2;partial=00;start_type=ATG;rbs_motif=GGAGG;rbs_spacer=5-10bp;gc_cont=0.396	vanT gene in vanG cluster	3002972	Strict	32.04	51.69	glycopeptide antibiotic	antibiotic target alteration	glycopeptide resistance gene cluster; vanT	vancomycin	False	chromosome_like	1		
Kathmandu18	RW_1	k141_457681	k141_457681_6 # 2902 # 3087 # -1 # ID=124400_6;partial=00;start_type=ATG;rbs_motif=AGGAG;rbs_spacer=5-10bp;gc_cont=0.495	rsmA	3005069	Strict	91.8	100.0	fluoroquinolone antibiotic; diaminopyrimidine antibiotic; phenicol antibiotic	antibiotic efflux	resistance-nodulation-cell division (RND) antibiotic efflux pump	trimethoprim; chloramphenicol	False	chromosome_like	1		
Kathmandu18	RW_1	k141_2326404	k141_2326404_2 # 463 # 1059 # -1 # ID=124708_2;partial=01;start_type=Edge;rbs_motif=None;rbs_spacer=None;gc_cont=0.725	vanY gene in vanB cluster	3002956	Strict	38.33	73.88	glycopeptide antibiotic	antibiotic target alteration	vanY; glycopeptide resistance gene cluster	vancomycin	False	chromosome_like	1		
Kathmandu18	RW_1	k141_460488	k141_460488_10 # 7037 # 10174 # -1 # ID=125161_10;partial=00;start_type=ATG;rbs_motif=GGAG/GAGG;rbs_spacer=5-10bp;gc_cont=0.501	adeF	3000777	Strict	47.74	98.68	fluoroquinolone antibiotic; tetracycline antibiotic	antibiotic efflux	resistance-nodulation-cell division (RND) antibiotic efflux pump	tetracycline	True	plasmid_like		0.7114	
Kathmandu18	RW_1	k141_2328904	k141_2328904_2 # 1377 # 2339 # -1 # ID=125395_2;partial=00;start_type=ATG;rbs_motif=GGA/GAG/AGG;rbs_spacer=11-12bp;gc_cont=0.361	CfxA6	3003097	Strict	99.06	96.68	cephamycin	antibiotic inactivation	CfxA beta-lactamase		False	chromosome_like	1		
Kathmandu18	RW_1	k141_2332433	k141_2332433_6 # 4067 # 7228 # -1 # ID=126271_6;partial=00;start_type=ATG;rbs_motif=GGA/GAG/AGG;rbs_spacer=5-10bp;gc_cont=0.571	adeF	3000777	Strict	42.28	99.43	fluoroquinolone antibiotic; tetracycline antibiotic	antibiotic efflux	resistance-nodulation-cell division (RND) antibiotic efflux pump	tetracycline	False	chromosome_like	1		
Kathmandu18	RW_1	k141_2333821	k141_2333821_2 # 185 # 817 # -1 # ID=126653_2;partial=00;start_type=ATG;rbs_motif=3Base/5BMM;rbs_spacer=13-15bp;gc_cont=0.466	catB8	3002680	Strict	99.52	100.0	phenicol antibiotic	antibiotic inactivation	chloramphenicol acetyltransferase (CAT)	azidamfenicol; chloramphenicol; thiamphenicol	False	chromosome_like	1		
Kathmandu18	RW_1	k141_468436	k141_468436_7 # 5755 # 6507 # -1 # ID=127109_7;partial=00;start_type=ATG;rbs_motif=GGA/GAG/AGG;rbs_spacer=5-10bp;gc_cont=0.529	vanY gene in vanF cluster	3002958	Strict	34.39	85.32	glycopeptide antibiotic	antibiotic target alteration	vanY; glycopeptide resistance gene cluster	vancomycin	False	chromosome_like	1		
Kathmandu18	RW_1	k141_469454	k141_469454_3 # 1858 # 2550 # 1 # ID=127376_3;partial=00;start_type=ATG;rbs_motif=TAA;rbs_spacer=7bp;gc_cont=0.309	vanW gene in vanG cluster	3002965	Strict	37.02	81.85	glycopeptide antibiotic	antibiotic target alteration	vanW; glycopeptide resistance gene cluster	vancomycin	False	chromosome_like	1		
Kathmandu18	RW_1	k141_2336637	k141_2336637_1 # 3 # 2387 # -1 # ID=127388_1;partial=10;start_type=ATG;rbs_motif=TAA;rbs_spacer=10bp;gc_cont=0.526	vanT gene in vanG cluster	3002972	Strict	35.99	111.66	glycopeptide antibiotic	antibiotic target alteration	glycopeptide resistance gene cluster; vanT	vancomycin	False	chromosome_like	1		
Kathmandu18	RW_1	k141_2336773	k141_2336773_2 # 223 # 711 # -1 # ID=127415_2;partial=00;start_type=ATG;rbs_motif=GGAG/GAGG;rbs_spacer=5-10bp;gc_cont=0.423	nimE	3007107	Strict	52.47	95.29	nitroimidazole antibiotic	antibiotic inactivation	nitroimidazole reductase	metronidazole	False	chromosome_like	1		
Kathmandu18	RW_1	k141_469624	k141_469624_11 # 7586 # 8680 # 1 # ID=127417_11;partial=00;start_type=ATG;rbs_motif=GGA/GAG/AGG;rbs_spacer=5-10bp;gc_cont=0.511	vanG	3002909	Strict	38.23	104.3	glycopeptide antibiotic	antibiotic target alteration	glycopeptide resistance gene cluster; Van ligase	vancomycin	False	chromosome_like	1		
Kathmandu18	RW_1	k141_469629	k141_469629_14 # 17755 # 20220 # 1 # ID=127423_14;partial=00;start_type=ATG;rbs_motif=None;rbs_spacer=None;gc_cont=0.375	vanT gene in vanG cluster	3002972	Strict	34.32	115.31	glycopeptide antibiotic	antibiotic target alteration	glycopeptide resistance gene cluster; vanT	vancomycin	False	chromosome_like	1		
Kathmandu18	RW_1	k141_471992	k141_471992_1 # 342 # 1079 # 1 # ID=127983_1;partial=00;start_type=ATG;rbs_motif=None;rbs_spacer=None;gc_cont=0.331	ErmB	3000375	Strict	98.37	98.79	macrolide antibiotic; lincosamide antibiotic; streptogramin antibiotic; streptogramin A antibiotic; streptogramin B antibiotic	antibiotic target alteration	Erm 23S ribosomal RNA methyltransferase	erythromycin; roxithromycin; lincomycin; telithromycin; clarithromycin; clindamycin; tylosin; spiramycin; azithromycin; dirithromycin; pristinamycin IA; quinupristin; virginiamycin M1; madumycin II; griseoviridin; dalfopristin; pristinamycin IB; virginiamycin S2; pristinamycin IC; vernamycin C; patricin A; patricin B; ostreogrycin B3; oleandomycin	False	chromosome_like	1		
Kathmandu18	RW_1	k141_476284	k141_476284_5 # 2702 # 3451 # -1 # ID=129097_5;partial=01;start_type=Edge;rbs_motif=None;rbs_spacer=None;gc_cont=0.572	vanW gene in vanB cluster	3002964	Strict	35.06	90.55	glycopeptide antibiotic	antibiotic target alteration	vanW; glycopeptide resistance gene cluster	vancomycin	False	chromosome_like	1		
Kathmandu18	RW_1	k141_476894	k141_476894_2 # 889 # 1683 # 1 # ID=129254_2;partial=00;start_type=ATG;rbs_motif=AGGA;rbs_spacer=5-10bp;gc_cont=0.643	OXA-726	3005931	Strict	95.45	100.0	carbapenem; cephalosporin; penam	antibiotic inactivation	OXA beta-lactamase	cloxacillin; oxacillin; cefalotin	False	chromosome_like	1		
Kathmandu18	RW_1	k141_478160	k141_478160_5 # 2529 # 4448 # 1 # ID=129579_5;partial=00;start_type=ATG;rbs_motif=TAA;rbs_spacer=5bp;gc_cont=0.332	tet(Q)	3000191	Strict	67.45	97.26	tetracycline antibiotic	antibiotic target protection	tetracycline-resistant ribosomal protection protein	tetracycline; doxycycline; minocycline; chlortetracycline; demeclocycline; oxytetracycline	True	plasmid_like		0.9913	
Kathmandu18	RW_1	k141_478558	k141_478558_2 # 1289 # 3736 # -1 # ID=129699_2;partial=00;start_type=ATG;rbs_motif=TAAAA;rbs_spacer=4bp;gc_cont=0.302	vanT gene in vanG cluster	3002972	Strict	35.5	114.47	glycopeptide antibiotic	antibiotic target alteration	glycopeptide resistance gene cluster; vanT	vancomycin	False	chromosome_like	1		
Kathmandu18	RW_1	k141_480672	k141_480672_1 # 3 # 476 # 1 # ID=130194_1;partial=10;start_type=Edge;rbs_motif=None;rbs_spacer=None;gc_cont=0.627	vanY gene in vanF cluster	3002958	Strict	37.33	53.58	glycopeptide antibiotic	antibiotic target alteration	vanY; glycopeptide resistance gene cluster	vancomycin	False	chromosome_like	1		
Kathmandu18	RW_1	k141_480672	k141_480672_2 # 498 # 1259 # 1 # ID=130194_2;partial=00;start_type=ATG;rbs_motif=AGGAG;rbs_spacer=5-10bp;gc_cont=0.640	vanY gene in vanG cluster	3002959	Strict	32.12	90.68	glycopeptide antibiotic	antibiotic target alteration	vanY; glycopeptide resistance gene cluster	vancomycin	False	chromosome_like	1		
Kathmandu18	RW_1	k141_481701	k141_481701_4 # 3249 # 3539 # -1 # ID=130458_4;partial=01;start_type=Edge;rbs_motif=None;rbs_spacer=None;gc_cont=0.677	vanY gene in vanM cluster	3002961	Strict	44.79	41.2	glycopeptide antibiotic	antibiotic target alteration	vanY; glycopeptide resistance gene cluster	vancomycin; teicoplanin	False	chromosome_like	1		
Kathmandu18	RW_1	k141_2349372	k141_2349372_1 # 5 # 1924 # -1 # ID=130506_1;partial=00;start_type=ATG;rbs_motif=AAAA;rbs_spacer=4bp;gc_cont=0.369	tet(M)	3000186	Strict	95.62	100.0	tetracycline antibiotic	antibiotic target protection	tetracycline-resistant ribosomal protection protein	tetracycline; doxycycline; minocycline; chlortetracycline; demeclocycline; oxytetracycline	False	chromosome_like	1		
Kathmandu18	RW_1	k141_2349694	k141_2349694_6 # 5164 # 5577 # -1 # ID=130595_6;partial=00;start_type=ATG;rbs_motif=GGA/GAG/AGG;rbs_spacer=5-10bp;gc_cont=0.469	H-NS	3000676	Perfect	100.0	100.0	macrolide antibiotic; fluoroquinolone antibiotic; cephalosporin; cephamycin; penam; tetracycline antibiotic	antibiotic efflux	major facilitator superfamily (MFS) antibiotic efflux pump; resistance-nodulation-cell division (RND) antibiotic efflux pump	erythromycin; cloxacillin; ciprofloxacin; tetracycline; oxacillin; norfloxacin	False	chromosome_like	1		
Kathmandu18	RW_1	k141_482544	k141_482544_2 # 993 # 2198 # -1 # ID=130642_2;partial=00;start_type=ATG;rbs_motif=AAA;rbs_spacer=3bp;gc_cont=0.411	vanT gene in vanG cluster	3002972	Strict	35.29	56.32	glycopeptide antibiotic	antibiotic target alteration	glycopeptide resistance gene cluster; vanT	vancomycin	False	chromosome_like	1		
Kathmandu18	RW_1	k141_2351591	k141_2351591_1 # 45 # 722 # -1 # ID=131107_1;partial=00;start_type=ATG;rbs_motif=AGGAG;rbs_spacer=5-10bp;gc_cont=0.317	vanY gene in vanG cluster	3002959	Strict	41.49	80.65	glycopeptide antibiotic	antibiotic target alteration	vanY; glycopeptide resistance gene cluster	vancomycin	False	chromosome_like	1		
Kathmandu18	RW_1	k141_2351652	k141_2351652_2 # 648 # 3020 # -1 # ID=131124_2;partial=00;start_type=ATG;rbs_motif=AGGA;rbs_spacer=5-10bp;gc_cont=0.610	vanT gene in vanG cluster	3002972	Strict	38.07	110.96	glycopeptide antibiotic	antibiotic target alteration	glycopeptide resistance gene cluster; vanT	vancomycin	False	chromosome_like	1		
Kathmandu18	RW_1	k141_485206	k141_485206_1 # 3 # 1934 # 1 # ID=131152_1;partial=10;start_type=Edge;rbs_motif=None;rbs_spacer=None;gc_cont=0.366	tet(36)	3000197	Strict	93.09	100.47	tetracycline antibiotic	antibiotic target protection	tetracycline-resistant ribosomal protection protein	tetracycline; doxycycline; minocycline; chlortetracycline; demeclocycline; oxytetracycline	False	chromosome_like	1		
Kathmandu18	RW_1	k141_489823	k141_489823_5 # 3421 # 3744 # 1 # ID=132284_5;partial=01;start_type=ATG;rbs_motif=None;rbs_spacer=None;gc_cont=0.340	vanY gene in vanB cluster	3002956	Strict	60.98	40.3	glycopeptide antibiotic	antibiotic target alteration	vanY; glycopeptide resistance gene cluster	vancomycin	False	chromosome_like	1		
Kathmandu18	RW_1	k141_2358355	k141_2358355_2 # 865 # 1845 # -1 # ID=132787_2;partial=01;start_type=Edge;rbs_motif=None;rbs_spacer=None;gc_cont=0.564	vanT gene in vanG cluster	3002972	Strict	35.44	45.79	glycopeptide antibiotic	antibiotic target alteration	glycopeptide resistance gene cluster; vanT	vancomycin	False	chromosome_like	1		
Kathmandu18	RW_1	k141_2363061	k141_2363061_3 # 1175 # 1519 # -1 # ID=134164_3;partial=00;start_type=ATG;rbs_motif=GGA/GAG/AGG;rbs_spacer=5-10bp;gc_cont=0.388	qacJ	3007014	Strict	44.34	106.54	disinfecting agents and antiseptics	antibiotic efflux	small multidrug resistance (SMR) antibiotic efflux pump	benzalkonium chloride	True	plasmid_like		0.9591	
Kathmandu18	RW_1	k141_2363179	k141_2363179_1 # 2 # 880 # -1 # ID=134209_1;partial=10;start_type=ATG;rbs_motif=AGGAG;rbs_spacer=5-10bp;gc_cont=0.600	vanH gene in vanO cluster	3002948	Strict	42.55	83.71	glycopeptide antibiotic	antibiotic target alteration	vanH; glycopeptide resistance gene cluster	vancomycin	False	chromosome_like	1		
Kathmandu18	RW_1	k141_505745	k141_505745_1 # 235 # 2190 # -1 # ID=136286_1;partial=00;start_type=ATG;rbs_motif=GGAG/GAGG;rbs_spacer=5-10bp;gc_cont=0.323	tetB(P)	3000195	Strict	79.38	99.85	tetracycline antibiotic	antibiotic target protection	tetracycline-resistant ribosomal protection protein	tetracycline; doxycycline; minocycline; chlortetracycline; demeclocycline; oxytetracycline	True	plasmid_like		0.92	
Kathmandu18	RW_1	k141_508317	k141_508317_4 # 3413 # 4399 # -1 # ID=136825_4;partial=00;start_type=ATG;rbs_motif=AGGAGG;rbs_spacer=11-12bp;gc_cont=0.409	vanH gene in vanB cluster	3002943	Strict	39.94	101.55	glycopeptide antibiotic	antibiotic target alteration	vanH; glycopeptide resistance gene cluster	vancomycin	False	chromosome_like	1		
Kathmandu18	RW_1	k141_511150	k141_511150_1 # 28 # 924 # -1 # ID=137417_1;partial=00;start_type=ATG;rbs_motif=TAA;rbs_spacer=6bp;gc_cont=0.420	CARB-16	3002255	Perfect	100.0	100.0	penam	antibiotic inactivation	CARB beta-lactamase		False	chromosome_like	1		
Kathmandu18	RW_1	k141_520723	k141_520723_3 # 1312 # 1785 # 1 # ID=139511_3;partial=00;start_type=GTG;rbs_motif=AGGA;rbs_spacer=5-10bp;gc_cont=0.403	dfrA15	3003013	Strict	99.36	100.0	diaminopyrimidine antibiotic	antibiotic target replacement	trimethoprim resistant dihydrofolate reductase dfr	trimethoprim	False	chromosome_like	1		
Kathmandu18	RW_1	k141_521530	k141_521530_1 # 2 # 604 # 1 # ID=139698_1;partial=10;start_type=Edge;rbs_motif=None;rbs_spacer=None;gc_cont=0.493	vanY gene in vanF cluster	3002958	Strict	39.43	68.26	glycopeptide antibiotic	antibiotic target alteration	vanY; glycopeptide resistance gene cluster	vancomycin	False	chromosome_like	1		
Kathmandu18	RW_1	k141_2388427	k141_2388427_2 # 220 # 726 # -1 # ID=140555_2;partial=00;start_type=ATG;rbs_motif=AGGAG;rbs_spacer=5-10bp;gc_cont=0.335	nimG	3007109	Strict	55.9	102.44	nitroimidazole antibiotic	antibiotic inactivation	nitroimidazole reductase	metronidazole	False	chromosome_like	1		
Kathmandu18	RW_1	k141_2388427	k141_2388427_3 # 1130 # 1477 # 1 # ID=140555_3;partial=00;start_type=ATG;rbs_motif=GGAG/GAGG;rbs_spacer=5-10bp;gc_cont=0.500	qacEdelta1	3005010	Perfect	100.0	100.0	disinfecting agents and antiseptics	antibiotic efflux	major facilitator superfamily (MFS) antibiotic efflux pump		False	chromosome_like	1		
Kathmandu18	RW_1	k141_2389156	k141_2389156_14 # 11391 # 12224 # 1 # ID=140753_14;partial=00;start_type=ATG;rbs_motif=None;rbs_spacer=None;gc_cont=0.302	vanY gene in vanB cluster	3002956	Strict	27.59	103.36	glycopeptide antibiotic	antibiotic target alteration	vanY; glycopeptide resistance gene cluster	vancomycin	False	chromosome_like	1		
Kathmandu18	RW_1	k141_537004	k141_537004_4 # 1750 # 2355 # 1 # ID=143652_4;partial=01;start_type=ATG;rbs_motif=AGxAGG/AGGxGG;rbs_spacer=11-12bp;gc_cont=0.399	tet(M)	3000186	Strict	72.28	31.61	tetracycline antibiotic	antibiotic target protection	tetracycline-resistant ribosomal protection protein	tetracycline; doxycycline; minocycline; chlortetracycline; demeclocycline; oxytetracycline	False	chromosome_like	1		
Kathmandu18	RW_1	k141_2400754	k141_2400754_2 # 895 # 2361 # 1 # ID=143705_2;partial=00;start_type=ATG;rbs_motif=AGGA;rbs_spacer=5-10bp;gc_cont=0.459	vanW gene in vanI cluster	3003724	Strict	33.33	130.83	glycopeptide antibiotic	antibiotic target alteration	vanW; glycopeptide resistance gene cluster	vancomycin; teicoplanin	False	chromosome_like	1		
Kathmandu18	RW_1	k141_2401363	k141_2401363_6 # 2759 # 4390 # 1 # ID=143850_6;partial=00;start_type=ATG;rbs_motif=AGGA;rbs_spacer=5-10bp;gc_cont=0.469	ICR-Mo	3004569	Strict	80.88	97.31	peptide antibiotic	antibiotic target alteration	intrinsic colistin resistant phosphoethanolamine transferase	colistin A; colistin B	False	chromosome_like	1		
Kathmandu18	RW_1	k141_539367	k141_539367_6 # 4096 # 5226 # -1 # ID=144269_6;partial=00;start_type=ATG;rbs_motif=GGxGG;rbs_spacer=5-10bp;gc_cont=0.462	vanT gene in vanG cluster	3002972	Strict	37.46	52.81	glycopeptide antibiotic	antibiotic target alteration	glycopeptide resistance gene cluster; vanT	vancomycin	False	chromosome_like	1		
Kathmandu18	RW_1	k141_541888	k141_541888_2 # 2387 # 3313 # 1 # ID=144934_2;partial=00;start_type=ATG;rbs_motif=AGGA;rbs_spacer=5-10bp;gc_cont=0.448	PER-1	3002363	Perfect	100.0	100.0	monobactam; carbapenem; cephalosporin; penam; penem	antibiotic inactivation	PER beta-lactamase		True	plasmid_like		0.9604	
Kathmandu18	RW_1	k141_2405403	k141_2405403_8 # 6969 # 8201 # 1 # ID=144972_8;partial=00;start_type=ATG;rbs_motif=None;rbs_spacer=None;gc_cont=0.524	Escherichia coli mdfA	3001328	Strict	96.59	100.0	tetracycline antibiotic; disinfecting agents and antiseptics	antibiotic efflux	major facilitator superfamily (MFS) antibiotic efflux pump	tetracycline; benzalkonium chloride	False	chromosome_like	1		
Kathmandu18	RW_1	k141_2409575	k141_2409575_1 # 244 # 1320 # 1 # ID=146079_1;partial=01;start_type=ATG;rbs_motif=AGGA;rbs_spacer=5-10bp;gc_cont=0.592	vanY gene in vanF cluster	3002958	Strict	28.11	122.53	glycopeptide antibiotic	antibiotic target alteration	vanY; glycopeptide resistance gene cluster	vancomycin	False	chromosome_like	1		
Kathmandu18	RW_1	k141_2409749	k141_2409749_2 # 1759 # 2091 # 1 # ID=146144_2;partial=00;start_type=ATG;rbs_motif=GGAG/GAGG;rbs_spacer=5-10bp;gc_cont=0.637	qacJ	3007014	Strict	39.42	102.8	disinfecting agents and antiseptics	antibiotic efflux	small multidrug resistance (SMR) antibiotic efflux pump	benzalkonium chloride	False	chromosome_like	1		
Kathmandu18	RW_1	k141_547239	k141_547239_1 # 10 # 342 # -1 # ID=146435_1;partial=00;start_type=ATG;rbs_motif=GGAGG;rbs_spacer=5-10bp;gc_cont=0.384	qacG	3007015	Strict	38.32	102.8	disinfecting agents and antiseptics	antibiotic efflux	small multidrug resistance (SMR) antibiotic efflux pump	benzalkonium chloride	False	chromosome_like	1		
Kathmandu18	RW_1	k141_548805	k141_548805_1 # 177 # 1076 # -1 # ID=146803_1;partial=00;start_type=ATG;rbs_motif=AGGAG;rbs_spacer=5-10bp;gc_cont=0.313	VEB-3	3002372	Perfect	100.0	100.0	monobactam; cephalosporin	antibiotic inactivation	VEB beta-lactamase		False	chromosome_like	1		
Kathmandu18	RW_1	k141_550162	k141_550162_3 # 2551 # 3357 # -1 # ID=147183_3;partial=00;start_type=ATG;rbs_motif=AGGA;rbs_spacer=5-10bp;gc_cont=0.665	vanY gene in vanF cluster	3002958	Strict	30.77	91.47	glycopeptide antibiotic	antibiotic target alteration	vanY; glycopeptide resistance gene cluster	vancomycin	False	chromosome_like	1		
Kathmandu18	RW_1	k141_551538	k141_551538_2 # 230 # 1009 # -1 # ID=147614_2;partial=00;start_type=ATG;rbs_motif=TAA;rbs_spacer=12bp;gc_cont=0.335	APH(3')-VIa	3002652	Strict	98.07	100.0	aminoglycoside antibiotic	antibiotic inactivation	APH(3')	neomycin; amikacin; ribostamycin; butirosin; kanamycin A; isepamicin; gentamicin B; paromomycin; gentamicin	False	chromosome_like	1		
Kathmandu18	RW_1	k141_2425292	k141_2425292_5 # 3819 # 4907 # -1 # ID=150274_5;partial=00;start_type=ATG;rbs_motif=None;rbs_spacer=None;gc_cont=0.421	vanT gene in vanG cluster	3002972	Strict	34.95	50.84	glycopeptide antibiotic	antibiotic target alteration	glycopeptide resistance gene cluster; vanT	vancomycin	False	chromosome_like	1		
Kathmandu18	RW_1	k141_564602	k141_564602_1 # 380 # 1366 # -1 # ID=151019_1;partial=01;start_type=Edge;rbs_motif=None;rbs_spacer=None;gc_cont=0.315	EreD	3004608	Strict	94.51	80.39	macrolide antibiotic	antibiotic inactivation	macrolide esterase	erythromycin	False	chromosome_like	1		
Kathmandu18	RW_1	k141_2429244	k141_2429244_1 # 3 # 1001 # 1 # ID=151350_1;partial=11;start_type=Edge;rbs_motif=None;rbs_spacer=None;gc_cont=0.551	vanW gene in vanI cluster	3003724	Strict	30.77	89.28	glycopeptide antibiotic	antibiotic target alteration	vanW; glycopeptide resistance gene cluster	vancomycin; teicoplanin	False	chromosome_like	1		
Kathmandu18	RW_1	k141_567709	k141_567709_1 # 424 # 2343 # 1 # ID=151812_1;partial=00;start_type=ATG;rbs_motif=AGGAGG;rbs_spacer=5-10bp;gc_cont=0.404	tet(O)	3000190	Strict	98.75	100.0	tetracycline antibiotic	antibiotic target protection	tetracycline-resistant ribosomal protection protein	tetracycline; doxycycline; minocycline; chlortetracycline; demeclocycline; oxytetracycline	True	plasmid_like		0.9726	
Kathmandu18	RW_1	k141_567709	k141_567709_2 # 2394 # 3614 # 1 # ID=151812_2;partial=00;start_type=ATG;rbs_motif=AGGAG/GGAGG;rbs_spacer=11-12bp;gc_cont=0.564	tet(40)	3000567	Strict	99.51	100.0	tetracycline antibiotic	antibiotic efflux	major facilitator superfamily (MFS) antibiotic efflux pump	tetracycline	True	plasmid_like		0.9726	
Kathmandu18	RW_1	k141_569932	k141_569932_2 # 518 # 1378 # -1 # ID=152323_2;partial=00;start_type=ATG;rbs_motif=None;rbs_spacer=None;gc_cont=0.407	vanW gene in vanI cluster	3003724	Strict	32.32	76.68	glycopeptide antibiotic	antibiotic target alteration	vanW; glycopeptide resistance gene cluster	vancomycin; teicoplanin	False	chromosome_like	1		
Kathmandu18	RW_1	k141_2437152	k141_2437152_7 # 4416 # 5642 # 1 # ID=153109_7;partial=00;start_type=ATG;rbs_motif=GGA/GAG/AGG;rbs_spacer=5-10bp;gc_cont=0.526	mdtG	3001329	Perfect	100.0	100.0	phosphonic acid antibiotic	antibiotic efflux	major facilitator superfamily (MFS) antibiotic efflux pump	fosfomycin	False	chromosome_like	1		
Kathmandu18	RW_1	k141_575081	k141_575081_1 # 108 # 1697 # 1 # ID=153570_1;partial=01;start_type=ATG;rbs_motif=AGGAGG;rbs_spacer=5-10bp;gc_cont=0.569	vanW gene in vanI cluster	3003724	Strict	30.0	142.09	glycopeptide antibiotic	antibiotic target alteration	vanW; glycopeptide resistance gene cluster	vancomycin; teicoplanin	False	chromosome_like	1		
Kathmandu18	RW_1	k141_2445421	k141_2445421_1 # 185 # 982 # -1 # ID=155247_1;partial=00;start_type=ATG;rbs_motif=GGA/GAG/AGG;rbs_spacer=11-12bp;gc_cont=0.515	aadA13	3002613	Perfect	100.0	100.0	aminoglycoside antibiotic	antibiotic inactivation	ANT(3'')	spectinomycin; streptomycin	False	chromosome_like	1		
Kathmandu18	RW_1	k141_2445421	k141_2445421_4 # 1631 # 2830 # -1 # ID=155247_4;partial=01;start_type=Edge;rbs_motif=None;rbs_spacer=None;gc_cont=0.497	EreA	3000361	Strict	98.75	98.28	macrolide antibiotic	antibiotic inactivation	macrolide esterase	erythromycin; roxithromycin; clarithromycin	False	chromosome_like	1		
Kathmandu18	RW_1	k141_2446658	k141_2446658_4 # 1072 # 4176 # -1 # ID=155576_4;partial=00;start_type=ATG;rbs_motif=GGA/GAG/AGG;rbs_spacer=5-10bp;gc_cont=0.513	AcrF	3000502	Strict	99.81	100.0	fluoroquinolone antibiotic; cephalosporin; cephamycin; penam	antibiotic efflux	resistance-nodulation-cell division (RND) antibiotic efflux pump	ciprofloxacin	False	chromosome_like	1		
Kathmandu18	RW_1	k141_2446658	k141_2446658_5 # 4188 # 5345 # -1 # ID=155576_5;partial=00;start_type=ATG;rbs_motif=GGAG/GAGG;rbs_spacer=5-10bp;gc_cont=0.523	AcrE	3000499	Perfect	100.0	100.0	fluoroquinolone antibiotic; cephalosporin; cephamycin; penam	antibiotic efflux	resistance-nodulation-cell division (RND) antibiotic efflux pump	ciprofloxacin	False	chromosome_like	1		
Kathmandu18	RW_1	k141_2446658	k141_2446658_6 # 5744 # 6406 # 1 # ID=155576_6;partial=00;start_type=ATG;rbs_motif=None;rbs_spacer=None;gc_cont=0.439	AcrS	3000656	Perfect	100.0	100.0	fluoroquinolone antibiotic; cephalosporin; glycylcycline; cephamycin; penam; tetracycline antibiotic; rifamycin antibiotic; phenicol antibiotic; disinfecting agents and antiseptics	antibiotic efflux	resistance-nodulation-cell division (RND) antibiotic efflux pump	tigecycline; ciprofloxacin; tetracycline; rifampin; chloramphenicol; ampicillin; cefalotin; triclosan	False	chromosome_like	1		
Kathmandu18	RW_1	k141_584871	k141_584871_5 # 2741 # 3574 # 1 # ID=155960_5;partial=01;start_type=ATG;rbs_motif=None;rbs_spacer=None;gc_cont=0.476	vanW gene in vanI cluster	3003724	Strict	26.28	74.53	glycopeptide antibiotic	antibiotic target alteration	vanW; glycopeptide resistance gene cluster	vancomycin; teicoplanin	False	chromosome_like	1		
Kathmandu18	RW_1	k141_590868	k141_590868_10 # 7719 # 8516 # -1 # ID=157339_10;partial=00;start_type=TTG;rbs_motif=GGAG/GAGG;rbs_spacer=5-10bp;gc_cont=0.348	vanY gene in vanB cluster	3002956	Strict	36.07	98.88	glycopeptide antibiotic	antibiotic target alteration	vanY; glycopeptide resistance gene cluster	vancomycin	False	chromosome_like	1		
Kathmandu18	RW_1	k141_596801	k141_596801_4 # 1919 # 3421 # 1 # ID=158873_4;partial=00;start_type=TTG;rbs_motif=GGxGG;rbs_spacer=5-10bp;gc_cont=0.461	vanW gene in vanI cluster	3003724	Strict	34.15	134.05	glycopeptide antibiotic	antibiotic target alteration	vanW; glycopeptide resistance gene cluster	vancomycin; teicoplanin	False	chromosome_like	1		
Kathmandu18	RW_1	k141_2467809	k141_2467809_19 # 22755 # 25214 # 1 # ID=160755_19;partial=00;start_type=ATG;rbs_motif=None;rbs_spacer=None;gc_cont=0.359	vanT gene in vanG cluster	3002972	Strict	35.66	115.03	glycopeptide antibiotic	antibiotic target alteration	glycopeptide resistance gene cluster; vanT	vancomycin	False	chromosome_like	1		
Kathmandu18	RW_1	k141_2470809	k141_2470809_5 # 3067 # 4218 # -1 # ID=161541_5;partial=00;start_type=ATG;rbs_motif=GGA/GAG/AGG;rbs_spacer=5-10bp;gc_cont=0.314	vanY gene in vanM cluster	3002961	Strict	29.58	164.38	glycopeptide antibiotic	antibiotic target alteration	vanY; glycopeptide resistance gene cluster	vancomycin; teicoplanin	False	chromosome_like	1		
Kathmandu18	RW_1	k141_2470968	k141_2470968_2 # 654 # 1151 # -1 # ID=161571_2;partial=01;start_type=Edge;rbs_motif=None;rbs_spacer=None;gc_cont=0.424	vanY gene in vanB cluster	3002956	Strict	30.0	61.57	glycopeptide antibiotic	antibiotic target alteration	vanY; glycopeptide resistance gene cluster	vancomycin	False	chromosome_like	1		
Kathmandu18	RW_1	k141_2478678	k141_2478678_3 # 1156 # 1974 # -1 # ID=163287_3;partial=00;start_type=ATG;rbs_motif=GGAG/GAGG;rbs_spacer=5-10bp;gc_cont=0.303	vanY gene in vanF cluster	3002958	Strict	29.15	92.83	glycopeptide antibiotic	antibiotic target alteration	vanY; glycopeptide resistance gene cluster	vancomycin	False	chromosome_like	1		
Kathmandu18	RW_1	k141_619113	k141_619113_2 # 202 # 1026 # 1 # ID=164393_2;partial=00;start_type=ATG;rbs_motif=None;rbs_spacer=None;gc_cont=0.465	OXA-309	3001504	Strict	97.81	100.0	carbapenem; cephalosporin; penam	antibiotic inactivation	OXA beta-lactamase	cloxacillin; oxacillin; cefalotin	False	chromosome_like	1		
Kathmandu18	RW_1	k141_2487046	k141_2487046_3 # 1341 # 2540 # 1 # ID=165514_3;partial=01;start_type=ATG;rbs_motif=AGGA;rbs_spacer=5-10bp;gc_cont=0.565	vanW gene in vanI cluster	3003724	Strict	34.27	107.24	glycopeptide antibiotic	antibiotic target alteration	vanW; glycopeptide resistance gene cluster	vancomycin; teicoplanin	False	chromosome_like	1		
Kathmandu18	RW_1	k141_2488446	k141_2488446_2 # 1052 # 2992 # 1 # ID=165874_2;partial=00;start_type=ATG;rbs_motif=None;rbs_spacer=None;gc_cont=0.333	tet(S)	3000192	Strict	99.84	100.78	tetracycline antibiotic	antibiotic target protection	tetracycline-resistant ribosomal protection protein	tetracycline; doxycycline; minocycline; chlortetracycline; demeclocycline; oxytetracycline	False	chromosome_like	1		
Kathmandu18	RW_1	k141_633175	k141_633175_4 # 4127 # 6064 # 1 # ID=168093_4;partial=00;start_type=ATG;rbs_motif=GGAGG;rbs_spacer=5-10bp;gc_cont=0.482	tet(W/N/W)	3004442	Strict	79.94	100.94	tetracycline antibiotic	antibiotic target protection	tetracycline-resistant ribosomal protection protein	tetracycline; minocycline; chlortetracycline	True	plasmid_like		0.9867	
Kathmandu18	RW_1	k141_2500818	k141_2500818_2 # 263 # 1048 # -1 # ID=169102_2;partial=00;start_type=ATG;rbs_motif=None;rbs_spacer=None;gc_cont=0.681	vanY gene in vanB cluster	3002956	Strict	28.57	97.39	glycopeptide antibiotic	antibiotic target alteration	vanY; glycopeptide resistance gene cluster	vancomycin	False	chromosome_like	1		
Kathmandu18	RW_1	k141_638252	k141_638252_2 # 263 # 1018 # -1 # ID=169427_2;partial=00;start_type=ATG;rbs_motif=GGAG/GAGG;rbs_spacer=5-10bp;gc_cont=0.574	vanY gene in vanB cluster	3002956	Strict	37.97	93.66	glycopeptide antibiotic	antibiotic target alteration	vanY; glycopeptide resistance gene cluster	vancomycin	False	chromosome_like	1		
Kathmandu18	RW_1	k141_2506749	k141_2506749_5 # 2265 # 2666 # 1 # ID=170525_5;partial=00;start_type=ATG;rbs_motif=GGA/GAG/AGG;rbs_spacer=5-10bp;gc_cont=0.590	FosG	3007368	Strict	58.02	100.76	phosphonic acid antibiotic	antibiotic inactivation	fosfomycin thiol transferase	fosfomycin	False	chromosome_like	1		
Kathmandu18	RW_1	k141_2509526	k141_2509526_17 # 18226 # 18591 # 1 # ID=171259_17;partial=00;start_type=ATG;rbs_motif=AGGAG;rbs_spacer=5-10bp;gc_cont=0.423	Klebsiella pneumoniae KpnE	3004580	Strict	82.2	100.83	macrolide antibiotic; aminoglycoside antibiotic; cephalosporin; tetracycline antibiotic; peptide antibiotic; rifamycin antibiotic; disinfecting agents and antiseptics	antibiotic efflux	small multidrug resistance (SMR) antibiotic efflux pump	erythromycin; streptomycin; tetracycline; cefepime; ceftriaxone; rifampin; colistin A; colistin B; triclosan; benzalkonium chloride; chlorhexidine	False	chromosome_like	1		
Kathmandu18	RW_1	k141_2509526	k141_2509526_18 # 18578 # 18907 # 1 # ID=171259_18;partial=00;start_type=ATG;rbs_motif=GGAGG;rbs_spacer=5-10bp;gc_cont=0.518	Klebsiella pneumoniae KpnF	3004583	Strict	84.4	100.0	macrolide antibiotic; aminoglycoside antibiotic; cephalosporin; tetracycline antibiotic; peptide antibiotic; rifamycin antibiotic; disinfecting agents and antiseptics	antibiotic efflux	small multidrug resistance (SMR) antibiotic efflux pump	erythromycin; streptomycin; tetracycline; cefepime; ceftriaxone; rifampin; colistin A; colistin B; triclosan; benzalkonium chloride; chlorhexidine	False	chromosome_like	1		
Kathmandu18	RW_1	k141_2518258	k141_2518258_5 # 3145 # 6306 # -1 # ID=173252_5;partial=00;start_type=ATG;rbs_motif=GGA/GAG/AGG;rbs_spacer=5-10bp;gc_cont=0.546	adeF	3000777	Strict	42.95	99.43	fluoroquinolone antibiotic; tetracycline antibiotic	antibiotic efflux	resistance-nodulation-cell division (RND) antibiotic efflux pump	tetracycline	False	chromosome_like	1		
Kathmandu18	RW_1	k141_2520803	k141_2520803_7 # 5593 # 5976 # -1 # ID=173819_7;partial=00;start_type=ATG;rbs_motif=GGAG/GAGG;rbs_spacer=5-10bp;gc_cont=0.453	marA	3000263	Perfect	100.0	100.0	fluoroquinolone antibiotic; monobactam; carbapenem; cephalosporin; glycylcycline; cephamycin; penam; tetracycline antibiotic; rifamycin antibiotic; phenicol antibiotic; penem; disinfecting agents and antiseptics	antibiotic efflux; reduced permeability to antibiotic	resistance-nodulation-cell division (RND) antibiotic efflux pump; General Bacterial Porin with reduced permeability to beta-lactams	tigecycline; tetracycline; rifampin; chloramphenicol; ampicillin; cefalotin; triclosan	True	plasmid_like		0.9296	
Kathmandu18	RW_1	k141_657769	k141_657769_3 # 1807 # 2937 # -1 # ID=174354_3;partial=00;start_type=ATG;rbs_motif=GGA/GAG/AGG;rbs_spacer=11-12bp;gc_cont=0.589	vanT gene in vanG cluster	3002972	Strict	33.15	52.81	glycopeptide antibiotic	antibiotic target alteration	glycopeptide resistance gene cluster; vanT	vancomycin	False	chromosome_like	1		
Kathmandu18	RW_1	k141_2527737	k141_2527737_1 # 231 # 1151 # 1 # ID=175458_1;partial=00;start_type=ATG;rbs_motif=None;rbs_spacer=None;gc_cont=0.397	vanY gene in vanB cluster	3002956	Strict	35.03	114.18	glycopeptide antibiotic	antibiotic target alteration	vanY; glycopeptide resistance gene cluster	vancomycin	False	chromosome_like	1		
Kathmandu18	RW_1	k141_2528865	k141_2528865_1 # 338 # 670 # 1 # ID=175742_1;partial=00;start_type=ATG;rbs_motif=AGGA/GGAG/GAGG;rbs_spacer=11-12bp;gc_cont=0.432	Escherichia coli emrE	3004039	Strict	98.18	100.0	macrolide antibiotic	antibiotic efflux	small multidrug resistance (SMR) antibiotic efflux pump	erythromycin	False	chromosome_like	1		
Kathmandu18	RW_1	k141_2531686	k141_2531686_2 # 739 # 3207 # 1 # ID=176376_2;partial=00;start_type=ATG;rbs_motif=None;rbs_spacer=None;gc_cont=0.557	vanT gene in vanG cluster	3002972	Strict	35.48	115.45	glycopeptide antibiotic	antibiotic target alteration	glycopeptide resistance gene cluster; vanT	vancomycin	False	chromosome_like	1		
Kathmandu18	RW_1	k141_667061	k141_667061_2 # 1539 # 1883 # 1 # ID=176919_2;partial=00;start_type=ATG;rbs_motif=GGAG/GAGG;rbs_spacer=5-10bp;gc_cont=0.522	qacG	3007015	Strict	37.5	106.54	disinfecting agents and antiseptics	antibiotic efflux	small multidrug resistance (SMR) antibiotic efflux pump	benzalkonium chloride	False	chromosome_like	1		
Kathmandu18	RW_1	k141_667837	k141_667837_3 # 1737 # 2657 # -1 # ID=177182_3;partial=00;start_type=ATG;rbs_motif=AGxAGG/AGGxGG;rbs_spacer=5-10bp;gc_cont=0.644	vanY gene in vanB cluster	3002956	Strict	36.76	114.18	glycopeptide antibiotic	antibiotic target alteration	vanY; glycopeptide resistance gene cluster	vancomycin	False	chromosome_like	1		
Kathmandu18	RW_1	k141_2540613	k141_2540613_3 # 4255 # 5658 # 1 # ID=178509_3;partial=00;start_type=ATG;rbs_motif=AGGAG;rbs_spacer=5-10bp;gc_cont=0.537	baeS	3000829	Perfect	100.0	100.0	aminoglycoside antibiotic; aminocoumarin antibiotic	antibiotic efflux	resistance-nodulation-cell division (RND) antibiotic efflux pump	novobiocin	True	plasmid_like		0.8479	
Kathmandu18	RW_1	k141_2540613	k141_2540613_4 # 5655 # 6377 # 1 # ID=178509_4;partial=00;start_type=ATG;rbs_motif=GGA/GAG/AGG;rbs_spacer=5-10bp;gc_cont=0.541	baeR	3000828	Perfect	100.0	100.0	aminoglycoside antibiotic; aminocoumarin antibiotic	antibiotic efflux	resistance-nodulation-cell division (RND) antibiotic efflux pump	novobiocin	True	plasmid_like		0.8479	
Kathmandu18	RW_1	k141_2543180	k141_2543180_1 # 372 # 737 # -1 # ID=179052_1;partial=00;start_type=ATG;rbs_motif=None;rbs_spacer=None;gc_cont=0.612	BRP(MBL)	3001205	Perfect	100.0	100.0	glycopeptide antibiotic	antibiotic inactivation	Bleomycin resistant protein	bleomycin; bleomycinic acid; bleomycin A2; bleomycin B2	False	chromosome_like	1		
Kathmandu18	RW_1	k141_2543180	k141_2543180_2 # 741 # 1553 # -1 # ID=179052_2;partial=00;start_type=ATG;rbs_motif=AGGA;rbs_spacer=5-10bp;gc_cont=0.615	NDM-4	3002355	Perfect	100.0	100.0	carbapenem; cephalosporin; cephamycin; penam; penem	antibiotic inactivation	NDM beta-lactamase	ticarcillin	False	chromosome_like	1		
Kathmandu18	RW_1	k141_2548380	k141_2548380_5 # 3139 # 4083 # -1 # ID=180359_5;partial=00;start_type=ATG;rbs_motif=AGGAG;rbs_spacer=5-10bp;gc_cont=0.354	vanY gene in vanA cluster	3002955	Strict	39.68	103.63	glycopeptide antibiotic	antibiotic target alteration	vanY; glycopeptide resistance gene cluster	vancomycin; teicoplanin	False	chromosome_like	1		
Kathmandu18	RW_1	k141_682146	k141_682146_6 # 4437 # 5405 # 1 # ID=181267_6;partial=00;start_type=ATG;rbs_motif=AGGA;rbs_spacer=5-10bp;gc_cont=0.499	PmrF	3003578	Perfect	100.0	100.0	peptide antibiotic	antibiotic target alteration	pmr phosphoethanolamine transferase	polymyxin B	False	chromosome_like	1		
Kathmandu18	RW_1	k141_682146	k141_682146_9 # 8274 # 9926 # 1 # ID=181267_9;partial=00;start_type=ATG;rbs_motif=None;rbs_spacer=None;gc_cont=0.511	ArnT	3005053	Strict	63.88	99.82	peptide antibiotic	antibiotic target alteration	pmr phosphoethanolamine transferase	colistin A; colistin B	False	chromosome_like	1		
Kathmandu18	RW_1	k141_2553806	k141_2553806_1 # 219 # 707 # -1 # ID=181766_1;partial=00;start_type=ATG;rbs_motif=GGAG/GAGG;rbs_spacer=5-10bp;gc_cont=0.413	nimG	3007109	Strict	50.31	98.78	nitroimidazole antibiotic	antibiotic inactivation	nitroimidazole reductase	metronidazole	False	chromosome_like	1		
Kathmandu18	RW_1	k141_2556747	k141_2556747_2 # 758 # 1087 # -1 # ID=182600_2;partial=00;start_type=ATG;rbs_motif=GGA/GAG/AGG;rbs_spacer=5-10bp;gc_cont=0.455	qacG	3007015	Strict	43.4	101.87	disinfecting agents and antiseptics	antibiotic efflux	small multidrug resistance (SMR) antibiotic efflux pump	benzalkonium chloride	False	chromosome_like	1		
Kathmandu18	RW_1	k141_2558532	k141_2558532_3 # 3235 # 5697 # 1 # ID=183084_3;partial=00;start_type=GTG;rbs_motif=None;rbs_spacer=None;gc_cont=0.341	vanT gene in vanG cluster	3002972	Strict	31.64	115.17	glycopeptide antibiotic	antibiotic target alteration	glycopeptide resistance gene cluster; vanT	vancomycin	False	chromosome_like	1		
Kathmandu18	RW_1	k141_2565810	k141_2565810_2 # 1198 # 2274 # 1 # ID=185044_2;partial=00;start_type=ATG;rbs_motif=GGA/GAG/AGG;rbs_spacer=11-12bp;gc_cont=0.347	vanG	3002909	Strict	41.6	102.58	glycopeptide antibiotic	antibiotic target alteration	glycopeptide resistance gene cluster; Van ligase	vancomycin	False	chromosome_like	1		
Kathmandu18	RW_1	k141_2568799	k141_2568799_3 # 993 # 1268 # -1 # ID=185714_3;partial=01;start_type=Edge;rbs_motif=None;rbs_spacer=None;gc_cont=0.536	vanW gene in vanI cluster	3003724	Strict	45.35	24.4	glycopeptide antibiotic	antibiotic target alteration	vanW; glycopeptide resistance gene cluster	vancomycin; teicoplanin	False	chromosome_like	1		
Kathmandu18	RW_1	k141_700519	k141_700519_2 # 129 # 887 # 1 # ID=185797_2;partial=00;start_type=ATG;rbs_motif=None;rbs_spacer=None;gc_cont=0.403	vanY gene in vanB cluster	3002956	Strict	41.27	94.03	glycopeptide antibiotic	antibiotic target alteration	vanY; glycopeptide resistance gene cluster	vancomycin	False	chromosome_like	1		
Kathmandu18	RW_1	k141_2570356	k141_2570356_4 # 2689 # 4227 # -1 # ID=186081_4;partial=00;start_type=ATG;rbs_motif=GGAG/GAGG;rbs_spacer=5-10bp;gc_cont=0.566	emrB	3000074	Perfect	100.0	100.0	fluoroquinolone antibiotic	antibiotic efflux	major facilitator superfamily (MFS) antibiotic efflux pump	nalidixic acid	True	plasmid_like		0.8335	
Kathmandu18	RW_1	k141_2570356	k141_2570356_5 # 4244 # 5416 # -1 # ID=186081_5;partial=00;start_type=ATG;rbs_motif=GGAG/GAGG;rbs_spacer=5-10bp;gc_cont=0.534	emrA	3000027	Strict	99.74	100.0	fluoroquinolone antibiotic	antibiotic efflux	major facilitator superfamily (MFS) antibiotic efflux pump	nalidixic acid	True	plasmid_like		0.8335	
Kathmandu18	RW_1	k141_2570356	k141_2570356_6 # 5543 # 6073 # -1 # ID=186081_6;partial=00;start_type=ATG;rbs_motif=GGAG/GAGG;rbs_spacer=5-10bp;gc_cont=0.488	emrR	3000516	Perfect	100.0	100.0	fluoroquinolone antibiotic	antibiotic efflux	major facilitator superfamily (MFS) antibiotic efflux pump	nalidixic acid	True	plasmid_like		0.8335	
Kathmandu18	RW_1	k141_2572602	k141_2572602_3 # 2349 # 3815 # -1 # ID=186631_3;partial=00;start_type=ATG;rbs_motif=AGGAG;rbs_spacer=5-10bp;gc_cont=0.556	mdtP	3003550	Strict	98.98	100.0	nucleoside antibiotic; disinfecting agents and antiseptics	antibiotic efflux	major facilitator superfamily (MFS) antibiotic efflux pump	acriflavine; puromycin	True	plasmid_like		0.7837	
Kathmandu18	RW_1	k141_2572602	k141_2572602_4 # 3812 # 5863 # -1 # ID=186631_4;partial=00;start_type=ATG;rbs_motif=GGA/GAG/AGG;rbs_spacer=5-10bp;gc_cont=0.544	mdtO	3003549	Strict	99.71	100.0	nucleoside antibiotic; disinfecting agents and antiseptics	antibiotic efflux	major facilitator superfamily (MFS) antibiotic efflux pump	acriflavine; puromycin	True	plasmid_like		0.7837	
Kathmandu18	RW_1	k141_2572602	k141_2572602_5 # 5863 # 6894 # -1 # ID=186631_5;partial=00;start_type=ATG;rbs_motif=GGA/GAG/AGG;rbs_spacer=5-10bp;gc_cont=0.560	mdtN	3003548	Perfect	100.0	100.0	nucleoside antibiotic; disinfecting agents and antiseptics	antibiotic efflux	major facilitator superfamily (MFS) antibiotic efflux pump	acriflavine; puromycin	True	plasmid_like		0.7837	
Kathmandu18	RW_1	k141_2572878	k141_2572878_2 # 612 # 941 # -1 # ID=186703_2;partial=00;start_type=ATG;rbs_motif=None;rbs_spacer=None;gc_cont=0.448	qacJ	3007014	Strict	47.17	101.87	disinfecting agents and antiseptics	antibiotic efflux	small multidrug resistance (SMR) antibiotic efflux pump	benzalkonium chloride	False	chromosome_like	1		
Kathmandu18	RW_1	k141_2577151	k141_2577151_47 # 49191 # 52295 # -1 # ID=187759_47;partial=00;start_type=ATG;rbs_motif=GGA/GAG/AGG;rbs_spacer=5-10bp;gc_cont=0.249	adeF	3000777	Strict	40.98	97.64	fluoroquinolone antibiotic; tetracycline antibiotic	antibiotic efflux	resistance-nodulation-cell division (RND) antibiotic efflux pump	tetracycline	False	chromosome_like	1		
Kathmandu18	RW_1	k141_2581482	k141_2581482_7 # 2941 # 4233 # -1 # ID=188764_7;partial=00;start_type=GTG;rbs_motif=GGA/GAG/AGG;rbs_spacer=5-10bp;gc_cont=0.340	vanY gene in vanM cluster	3002961	Strict	40.69	184.55	glycopeptide antibiotic	antibiotic target alteration	vanY; glycopeptide resistance gene cluster	vancomycin; teicoplanin	False	chromosome_like	1		
Kathmandu18	RW_1	k141_2585734	k141_2585734_1 # 1 # 1935 # 1 # ID=189646_1;partial=10;start_type=Edge;rbs_motif=None;rbs_spacer=None;gc_cont=0.380	tet(Q)	3000191	Strict	88.98	98.02	tetracycline antibiotic	antibiotic target protection	tetracycline-resistant ribosomal protection protein	tetracycline; doxycycline; minocycline; chlortetracycline; demeclocycline; oxytetracycline	False	chromosome_like	1		
Kathmandu18	RW_1	k141_718226	k141_718226_1 # 3 # 1547 # 1 # ID=189893_1;partial=10;start_type=Edge;rbs_motif=None;rbs_spacer=None;gc_cont=0.616	vanW gene in vanI cluster	3003724	Strict	40.76	137.8	glycopeptide antibiotic	antibiotic target alteration	vanW; glycopeptide resistance gene cluster	vancomycin; teicoplanin	False	chromosome_like	1		
Kathmandu18	RW_1	k141_723368	k141_723368_2 # 687 # 1031 # 1 # ID=191117_2;partial=00;start_type=ATG;rbs_motif=GGA/GAG/AGG;rbs_spacer=5-10bp;gc_cont=0.383	qacG	3007015	Strict	46.23	106.54	disinfecting agents and antiseptics	antibiotic efflux	small multidrug resistance (SMR) antibiotic efflux pump	benzalkonium chloride	False	chromosome_like	1		
Kathmandu18	RW_1	k141_2592863	k141_2592863_28 # 26506 # 28149 # -1 # ID=191430_28;partial=00;start_type=ATG;rbs_motif=None;rbs_spacer=None;gc_cont=0.533	YojI	3003952	Strict	99.82	100.0	peptide antibiotic	antibiotic efflux	ATP-binding cassette (ABC) antibiotic efflux pump	microcin J25	False	chromosome_like	1		
Kathmandu18	RW_1	k141_725224	k141_725224_3 # 1477 # 3153 # 1 # ID=191508_3;partial=01;start_type=ATG;rbs_motif=None;rbs_spacer=None;gc_cont=0.579	vanW gene in vanI cluster	3003724	Strict	28.5	149.87	glycopeptide antibiotic	antibiotic target alteration	vanW; glycopeptide resistance gene cluster	vancomycin; teicoplanin	False	chromosome_like	1		
Kathmandu18	RW_1	k141_728598	k141_728598_20 # 14745 # 15821 # 1 # ID=192264_20;partial=00;start_type=ATG;rbs_motif=GGAG/GAGG;rbs_spacer=5-10bp;gc_cont=0.332	vanT gene in vanG cluster	3002972	Strict	32.52	50.28	glycopeptide antibiotic	antibiotic target alteration	glycopeptide resistance gene cluster; vanT	vancomycin	False	chromosome_like	1		
Kathmandu18	RW_1	k141_2597643	k141_2597643_1 # 220 # 1002 # -1 # ID=192635_1;partial=00;start_type=GTG;rbs_motif=AGxAGG/AGGxGG;rbs_spacer=5-10bp;gc_cont=0.433	vanY gene in vanB cluster	3002956	Strict	41.26	97.01	glycopeptide antibiotic	antibiotic target alteration	vanY; glycopeptide resistance gene cluster	vancomycin	False	chromosome_like	1		
Kathmandu18	RW_1	k141_2598636	k141_2598636_2 # 403 # 1191 # -1 # ID=192847_2;partial=00;start_type=ATG;rbs_motif=TAA;rbs_spacer=11bp;gc_cont=0.375	ANT(3'')-IIc	3004091	Strict	69.38	101.16	aminoglycoside antibiotic	antibiotic inactivation	ANT(3'')	spectinomycin; streptomycin	True	plasmid_like		0.9793	
Kathmandu18	RW_1	k141_734129	k141_734129_1 # 195 # 698 # 1 # ID=193559_1;partial=00;start_type=ATG;rbs_motif=AGGAG;rbs_spacer=5-10bp;gc_cont=0.373	nimJ	3007112	Strict	58.49	101.21	nitroimidazole antibiotic	antibiotic inactivation	nitroimidazole reductase	metronidazole	False	chromosome_like	1		
Kathmandu18	RW_1	k141_743195	k141_743195_4 # 3269 # 3601 # -1 # ID=195464_4;partial=00;start_type=ATG;rbs_motif=GGA/GAG/AGG;rbs_spacer=5-10bp;gc_cont=0.375	qacG	3007015	Strict	45.71	102.8	disinfecting agents and antiseptics	antibiotic efflux	small multidrug resistance (SMR) antibiotic efflux pump	benzalkonium chloride	False	chromosome_like	1		
Kathmandu18	RW_1	k141_745164	k141_745164_1 # 16 # 819 # -1 # ID=195853_1;partial=00;start_type=ATG;rbs_motif=GGA/GAG/AGG;rbs_spacer=5-10bp;gc_cont=0.311	lnuB	3002836	Strict	99.25	100.0	lincosamide antibiotic	antibiotic inactivation	lincosamide nucleotidyltransferase (LNU)	lincomycin; clindamycin	False	chromosome_like	1		
Kathmandu18	RW_1	k141_747343	k141_747343_2 # 782 # 1114 # 1 # ID=196377_2;partial=00;start_type=ATG;rbs_motif=GGxGG;rbs_spacer=5-10bp;gc_cont=0.640	qacG	3007015	Strict	36.54	102.8	disinfecting agents and antiseptics	antibiotic efflux	small multidrug resistance (SMR) antibiotic efflux pump	benzalkonium chloride	False	chromosome_like	1		
Kathmandu18	RW_1	k141_747385	k141_747385_4 # 4064 # 6529 # -1 # ID=196390_4;partial=00;start_type=ATG;rbs_motif=AAAAA;rbs_spacer=12bp;gc_cont=0.434	vanT gene in vanG cluster	3002972	Strict	36.93	115.31	glycopeptide antibiotic	antibiotic target alteration	glycopeptide resistance gene cluster; vanT	vancomycin	False	chromosome_like	1		
Kathmandu18	RW_1	k141_2613914	k141_2613914_3 # 1514 # 4627 # -1 # ID=196480_3;partial=00;start_type=ATG;rbs_motif=GGA/GAG/AGG;rbs_spacer=5-10bp;gc_cont=0.530	mdtF	3000796	Strict	99.9	100.0	macrolide antibiotic; fluoroquinolone antibiotic; penam	antibiotic efflux	resistance-nodulation-cell division (RND) antibiotic efflux pump	erythromycin; cloxacillin; oxacillin; norfloxacin	False	chromosome_like	1		
Kathmandu18	RW_1	k141_2616648	k141_2616648_5 # 2716 # 3402 # 1 # ID=197123_5;partial=00;start_type=ATG;rbs_motif=None;rbs_spacer=None;gc_cont=0.437	vanY gene in vanB cluster	3002956	Strict	27.33	85.07	glycopeptide antibiotic	antibiotic target alteration	vanY; glycopeptide resistance gene cluster	vancomycin	False	chromosome_like	1		
Kathmandu18	RW_1	k141_753636	k141_753636_19 # 21168 # 23663 # 1 # ID=197899_19;partial=00;start_type=ATG;rbs_motif=None;rbs_spacer=None;gc_cont=0.311	vanT gene in vanG cluster	3002972	Strict	33.42	116.71	glycopeptide antibiotic	antibiotic target alteration	glycopeptide resistance gene cluster; vanT	vancomycin	False	chromosome_like	1		
Kathmandu18	RW_1	k141_755912	k141_755912_8 # 3417 # 4166 # -1 # ID=198549_8;partial=00;start_type=ATG;rbs_motif=GGA/GAG/AGG;rbs_spacer=5-10bp;gc_cont=0.591	vanY gene in vanB cluster	3002956	Strict	28.12	92.91	glycopeptide antibiotic	antibiotic target alteration	vanY; glycopeptide resistance gene cluster	vancomycin	False	chromosome_like	1		
Kathmandu18	RW_1	k141_2625539	k141_2625539_10 # 8354 # 9112 # 1 # ID=199311_10;partial=00;start_type=ATG;rbs_motif=GGA/GAG/AGG;rbs_spacer=5-10bp;gc_cont=0.274	vanY gene in vanG cluster	3002959	Strict	26.22	90.32	glycopeptide antibiotic	antibiotic target alteration	vanY; glycopeptide resistance gene cluster	vancomycin	False	chromosome_like	1		
Kathmandu18	RW_1	k141_759537	k141_759537_18 # 10915 # 11580 # 1 # ID=199545_18;partial=00;start_type=ATG;rbs_motif=GGAG/GAGG;rbs_spacer=5-10bp;gc_cont=0.676	vanY gene in vanB cluster	3002956	Strict	45.26	82.46	glycopeptide antibiotic	antibiotic target alteration	vanY; glycopeptide resistance gene cluster	vancomycin	True	virus_like			0.788
Kathmandu18	RW_1	k141_759537	k141_759537_28 # 21096 # 21845 # -1 # ID=199545_28;partial=00;start_type=ATG;rbs_motif=GGA/GAG/AGG;rbs_spacer=5-10bp;gc_cont=0.644	vanY gene in vanB cluster	3002956	Strict	43.78	92.91	glycopeptide antibiotic	antibiotic target alteration	vanY; glycopeptide resistance gene cluster	vancomycin	True	virus_like			0.788
Kathmandu18	RW_1	k141_2631528	k141_2631528_2 # 367 # 1515 # -1 # ID=201030_2;partial=00;start_type=ATG;rbs_motif=3Base/5BMM;rbs_spacer=13-15bp;gc_cont=0.543	vanT gene in vanG cluster	3002972	Strict	33.07	53.65	glycopeptide antibiotic	antibiotic target alteration	glycopeptide resistance gene cluster; vanT	vancomycin	False	chromosome_like	1		
Kathmandu18	RW_1	k141_772356	k141_772356_2 # 1723 # 4215 # 1 # ID=202579_2;partial=00;start_type=ATG;rbs_motif=None;rbs_spacer=None;gc_cont=0.302	vanT gene in vanG cluster	3002972	Strict	34.75	116.57	glycopeptide antibiotic	antibiotic target alteration	glycopeptide resistance gene cluster; vanT	vancomycin	False	chromosome_like	1		
Kathmandu18	RW_1	k141_774305	k141_774305_2 # 165 # 497 # -1 # ID=203077_2;partial=00;start_type=GTG;rbs_motif=AGGAG;rbs_spacer=5-10bp;gc_cont=0.520	qacL	3005098	Strict	93.64	100.0	disinfecting agents and antiseptics	antibiotic efflux	small multidrug resistance (SMR) antibiotic efflux pump		True	plasmid_like		0.9509	
Kathmandu18	RW_1	k141_774305	k141_774305_3 # 687 # 1913 # -1 # ID=203077_3;partial=00;start_type=ATG;rbs_motif=AGGA;rbs_spacer=5-10bp;gc_cont=0.500	EreA2	3002826	Perfect	100.0	100.0	macrolide antibiotic	antibiotic inactivation	macrolide esterase	erythromycin	True	plasmid_like		0.9509	
Kathmandu18	RW_1	k141_780301	k141_780301_1 # 1 # 966 # 1 # ID=204430_1;partial=10;start_type=Edge;rbs_motif=None;rbs_spacer=None;gc_cont=0.427	vanW gene in vanI cluster	3003724	Strict	37.2	86.06	glycopeptide antibiotic	antibiotic target alteration	vanW; glycopeptide resistance gene cluster	vancomycin; teicoplanin	False	chromosome_like	1		
Kathmandu18	RW_1	k141_781170	k141_781170_7 # 4744 # 5856 # 1 # ID=204606_7;partial=00;start_type=GTG;rbs_motif=AGGAG;rbs_spacer=5-10bp;gc_cont=0.396	vanT gene in vanG cluster	3002972	Strict	38.52	51.97	glycopeptide antibiotic	antibiotic target alteration	glycopeptide resistance gene cluster; vanT	vancomycin	False	chromosome_like	1		
Kathmandu18	RW_1	k141_790308	k141_790308_2 # 315 # 1496 # 1 # ID=206483_2;partial=01;start_type=ATG;rbs_motif=AAA;rbs_spacer=3bp;gc_cont=0.361	EreB	3000363	Strict	99.24	94.03	macrolide antibiotic	antibiotic inactivation	macrolide esterase	erythromycin; roxithromycin; clarithromycin; azithromycin	False	chromosome_like	1		
Kathmandu18	RW_1	k141_795077	k141_795077_4 # 4021 # 5073 # 1 # ID=207464_4;partial=00;start_type=ATG;rbs_motif=GGA/GAG/AGG;rbs_spacer=5-10bp;gc_cont=0.574	vanG	3002909	Strict	54.65	100.29	glycopeptide antibiotic	antibiotic target alteration	glycopeptide resistance gene cluster; Van ligase	vancomycin	False	chromosome_like	1		
Kathmandu18	RW_1	k141_795077	k141_795077_6 # 5536 # 6672 # 1 # ID=207464_6;partial=00;start_type=GTG;rbs_motif=AGGAG;rbs_spacer=5-10bp;gc_cont=0.582	vanT gene in vanG cluster	3002972	Strict	47.11	53.09	glycopeptide antibiotic	antibiotic target alteration	glycopeptide resistance gene cluster; vanT	vancomycin	False	chromosome_like	1		
Kathmandu18	RW_1	k141_2662592	k141_2662592_4 # 3180 # 4460 # -1 # ID=208184_4;partial=00;start_type=ATG;rbs_motif=GGA/GAG/AGG;rbs_spacer=5-10bp;gc_cont=0.333	vanT gene in vanG cluster	3002972	Strict	34.68	59.83	glycopeptide antibiotic	antibiotic target alteration	glycopeptide resistance gene cluster; vanT	vancomycin	False	chromosome_like	1		
Kathmandu18	RW_1	k141_799858	k141_799858_2 # 2479 # 3216 # -1 # ID=208487_2;partial=01;start_type=Edge;rbs_motif=None;rbs_spacer=None;gc_cont=0.374	vanW gene in vanI cluster	3003724	Strict	31.88	65.68	glycopeptide antibiotic	antibiotic target alteration	vanW; glycopeptide resistance gene cluster	vancomycin; teicoplanin	False	chromosome_like	1		
Kathmandu18	RW_1	k141_2665219	k141_2665219_1 # 1 # 1257 # 1 # ID=208786_1;partial=10;start_type=Edge;rbs_motif=None;rbs_spacer=None;gc_cont=0.429	vanT gene in vanG cluster	3002972	Strict	35.48	58.71	glycopeptide antibiotic	antibiotic target alteration	glycopeptide resistance gene cluster; vanT	vancomycin	False	chromosome_like	1		
Kathmandu18	RW_1	k141_2666566	k141_2666566_2 # 1121 # 1450 # -1 # ID=209131_2;partial=00;start_type=ATG;rbs_motif=AGGA;rbs_spacer=5-10bp;gc_cont=0.409	qacG	3007015	Strict	43.4	101.87	disinfecting agents and antiseptics	antibiotic efflux	small multidrug resistance (SMR) antibiotic efflux pump	benzalkonium chloride	False	chromosome_like	1		
Kathmandu18	RW_1	k141_804001	k141_804001_11 # 9892 # 10932 # 1 # ID=209624_11;partial=00;start_type=ATG;rbs_motif=AGGAG;rbs_spacer=5-10bp;gc_cont=0.632	vanG	3002909	Strict	57.68	99.14	glycopeptide antibiotic	antibiotic target alteration	glycopeptide resistance gene cluster; Van ligase	vancomycin	True	plasmid_like		0.9317	
Kathmandu18	RW_1	k141_804001	k141_804001_12 # 10929 # 11681 # 1 # ID=209624_12;partial=00;start_type=ATG;rbs_motif=3Base/5BMM;rbs_spacer=13-15bp;gc_cont=0.625	vanXY gene in vanG cluster	3003069	Strict	47.83	98.43	glycopeptide antibiotic	antibiotic target alteration	glycopeptide resistance gene cluster; vanXY	vancomycin	True	plasmid_like		0.9317	
Kathmandu18	RW_1	k141_804001	k141_804001_13 # 11668 # 13749 # 1 # ID=209624_13;partial=00;start_type=ATG;rbs_motif=GGA/GAG/AGG;rbs_spacer=5-10bp;gc_cont=0.607	vanT gene in vanG cluster	3002972	Strict	46.05	97.33	glycopeptide antibiotic	antibiotic target alteration	glycopeptide resistance gene cluster; vanT	vancomycin	True	plasmid_like		0.9317	
Kathmandu18	RW_1	k141_2674250	k141_2674250_1 # 1 # 2289 # 1 # ID=211149_1;partial=10;start_type=Edge;rbs_motif=None;rbs_spacer=None;gc_cont=0.454	vanT gene in vanG cluster	3002972	Strict	34.69	107.02	glycopeptide antibiotic	antibiotic target alteration	glycopeptide resistance gene cluster; vanT	vancomycin	False	chromosome_like	1		
Kathmandu18	RW_1	k141_2678848	k141_2678848_34 # 34482 # 37631 # -1 # ID=212186_34;partial=00;start_type=ATG;rbs_motif=AGGAG;rbs_spacer=5-10bp;gc_cont=0.538	acrB	3000216	Perfect	100.0	100.0	fluoroquinolone antibiotic; cephalosporin; glycylcycline; penam; tetracycline antibiotic; rifamycin antibiotic; phenicol antibiotic; disinfecting agents and antiseptics	antibiotic efflux	resistance-nodulation-cell division (RND) antibiotic efflux pump	tigecycline; tetracycline; rifampin; chloramphenicol; ampicillin; cefalotin; triclosan	False	chromosome_like	1		
Kathmandu18	RW_1	k141_2678848	k141_2678848_35 # 37654 # 38847 # -1 # ID=212186_35;partial=00;start_type=ATG;rbs_motif=GGAG/GAGG;rbs_spacer=5-10bp;gc_cont=0.537	Escherichia coli acrA	3004043	Perfect	100.0	100.0	fluoroquinolone antibiotic; cephalosporin; glycylcycline; penam; tetracycline antibiotic; rifamycin antibiotic; phenicol antibiotic; disinfecting agents and antiseptics	antibiotic efflux	resistance-nodulation-cell division (RND) antibiotic efflux pump	tigecycline; tetracycline; rifampin; chloramphenicol; ampicillin; cefalotin; triclosan	False	chromosome_like	1		
Kathmandu18	RW_1	k141_2678981	k141_2678981_2 # 300 # 1172 # 1 # ID=212223_2;partial=01;start_type=GTG;rbs_motif=AGGA;rbs_spacer=5-10bp;gc_cont=0.329	vanW gene in vanI cluster	3003724	Strict	30.12	78.02	glycopeptide antibiotic	antibiotic target alteration	vanW; glycopeptide resistance gene cluster	vancomycin; teicoplanin	False	chromosome_like	1		
Kathmandu18	RW_1	k141_818513	k141_818513_6 # 4490 # 5641 # -1 # ID=213215_6;partial=00;start_type=ATG;rbs_motif=AGGA;rbs_spacer=5-10bp;gc_cont=0.357	vanT gene in vanE cluster	3002971	Strict	39.41	54.56	glycopeptide antibiotic	antibiotic target alteration	glycopeptide resistance gene cluster; vanT	vancomycin	False	chromosome_like	1		
Kathmandu18	RW_1	k141_818513	k141_818513_7 # 5635 # 6690 # -1 # ID=213215_7;partial=00;start_type=ATG;rbs_motif=GGA/GAG/AGG;rbs_spacer=5-10bp;gc_cont=0.345	vanG	3002909	Strict	42.45	100.57	glycopeptide antibiotic	antibiotic target alteration	glycopeptide resistance gene cluster; Van ligase	vancomycin	False	chromosome_like	1		
Kathmandu18	RW_1	k141_2685301	k141_2685301_2 # 193 # 954 # -1 # ID=213661_2;partial=00;start_type=ATG;rbs_motif=TAAAAA;rbs_spacer=13bp;gc_cont=0.285	vanY gene in vanM cluster	3002961	Strict	30.82	108.58	glycopeptide antibiotic	antibiotic target alteration	vanY; glycopeptide resistance gene cluster	vancomycin; teicoplanin	False	chromosome_like	1		
Kathmandu18	RW_1	k141_2693406	k141_2693406_37 # 29300 # 30484 # 1 # ID=215403_37;partial=00;start_type=ATG;rbs_motif=TAAAAA;rbs_spacer=15bp;gc_cont=0.365	vanT gene in vanG cluster	3002972	Strict	30.97	55.34	glycopeptide antibiotic	antibiotic target alteration	glycopeptide resistance gene cluster; vanT	vancomycin	False	chromosome_like	1		
Kathmandu18	RW_1	k141_2694520	k141_2694520_2 # 1327 # 3804 # -1 # ID=215658_2;partial=00;start_type=ATG;rbs_motif=None;rbs_spacer=None;gc_cont=0.377	vanT gene in vanG cluster	3002972	Strict	34.68	115.87	glycopeptide antibiotic	antibiotic target alteration	glycopeptide resistance gene cluster; vanT	vancomycin	False	chromosome_like	1		
Kathmandu18	RW_1	k141_2699616	k141_2699616_1 # 52 # 684 # -1 # ID=216842_1;partial=00;start_type=ATG;rbs_motif=GGA/GAG/AGG;rbs_spacer=5-10bp;gc_cont=0.493	catB3	3002676	Perfect	100.0	100.0	phenicol antibiotic	antibiotic inactivation	chloramphenicol acetyltransferase (CAT)	azidamfenicol; chloramphenicol; thiamphenicol	False	chromosome_like	1		
Kathmandu18	RW_1	k141_838224	k141_838224_4 # 2201 # 3172 # -1 # ID=217562_4;partial=00;start_type=ATG;rbs_motif=AGGAG;rbs_spacer=5-10bp;gc_cont=0.496	vanH gene in vanM cluster	3002947	Strict	37.74	99.08	glycopeptide antibiotic	antibiotic target alteration	vanH; glycopeptide resistance gene cluster	vancomycin; teicoplanin	False	chromosome_like	1		
Kathmandu18	RW_1	k141_2706290	k141_2706290_1 # 2 # 889 # 1 # ID=218289_1;partial=10;start_type=Edge;rbs_motif=None;rbs_spacer=None;gc_cont=0.458	vanY gene in vanB cluster	3002956	Strict	26.8	110.07	glycopeptide antibiotic	antibiotic target alteration	vanY; glycopeptide resistance gene cluster	vancomycin	False	chromosome_like	1		
Kathmandu18	RW_1	k141_842418	k141_842418_4 # 2878 # 3366 # -1 # ID=218546_4;partial=00;start_type=ATG;rbs_motif=GGAG/GAGG;rbs_spacer=5-10bp;gc_cont=0.360	nimJ	3007112	Strict	51.23	98.18	nitroimidazole antibiotic	antibiotic inactivation	nitroimidazole reductase	metronidazole	False	chromosome_like	1		
Kathmandu18	RW_1	k141_842419	k141_842419_3 # 1377 # 1898 # -1 # ID=218547_3;partial=00;start_type=ATG;rbs_motif=AGGA/GGAG/GAGG;rbs_spacer=11-12bp;gc_cont=0.628	nimI	3007111	Strict	47.9	100.58	nitroimidazole antibiotic	antibiotic inactivation	nitroimidazole reductase	metronidazole	False	chromosome_like	1		
Kathmandu18	RW_1	k141_2709883	k141_2709883_1 # 1 # 825 # 1 # ID=219052_1;partial=10;start_type=Edge;rbs_motif=None;rbs_spacer=None;gc_cont=0.550	vanW gene in vanI cluster	3003724	Strict	36.08	73.46	glycopeptide antibiotic	antibiotic target alteration	vanW; glycopeptide resistance gene cluster	vancomycin; teicoplanin	False	chromosome_like	1		
Kathmandu18	RW_1	k141_2714153	k141_2714153_2 # 989 # 2194 # 1 # ID=219963_2;partial=00;start_type=ATG;rbs_motif=AAA;rbs_spacer=10bp;gc_cont=0.413	Mef(En2)	3004659	Strict	99.5	100.0	macrolide antibiotic	antibiotic efflux	major facilitator superfamily (MFS) antibiotic efflux pump		True	plasmid_like		0.9918	
Kathmandu18	RW_1	k141_2716952	k141_2716952_1 # 2 # 811 # -1 # ID=220509_1;partial=10;start_type=ATG;rbs_motif=GGAG/GAGG;rbs_spacer=5-10bp;gc_cont=0.309	tetB(P)	3000195	Strict	96.3	41.41	tetracycline antibiotic	antibiotic target protection	tetracycline-resistant ribosomal protection protein	tetracycline; doxycycline; minocycline; chlortetracycline; demeclocycline; oxytetracycline	False	chromosome_like	1		
Kathmandu18	RW_1	k141_2717721	k141_2717721_2 # 398 # 883 # -1 # ID=220685_2;partial=00;start_type=ATG;rbs_motif=None;rbs_spacer=None;gc_cont=0.383	nimI	3007111	Strict	53.16	93.6	nitroimidazole antibiotic	antibiotic inactivation	nitroimidazole reductase	metronidazole	False	chromosome_like	1		
Kathmandu18	RW_1	k141_2721110	k141_2721110_14 # 15170 # 17638 # 1 # ID=221467_14;partial=00;start_type=ATG;rbs_motif=AATAA;rbs_spacer=3bp;gc_cont=0.500	vanT gene in vanG cluster	3002972	Strict	33.06	115.45	glycopeptide antibiotic	antibiotic target alteration	glycopeptide resistance gene cluster; vanT	vancomycin	False	chromosome_like	1		
Kathmandu18	RW_1	k141_862475	k141_862475_1 # 663 # 1451 # 1 # ID=222787_1;partial=00;start_type=ATG;rbs_motif=GGAG/GAGG;rbs_spacer=5-10bp;gc_cont=0.444	aadA27	3004682	Perfect	100.0	100.0	aminoglycoside antibiotic	antibiotic inactivation	ANT(3'')	spectinomycin; streptomycin	False	chromosome_like	1		
Kathmandu18	RW_1	k141_2730404	k141_2730404_6 # 2868 # 3926 # -1 # ID=223758_6;partial=00;start_type=GTG;rbs_motif=TATAA;rbs_spacer=4bp;gc_cont=0.340	vanY gene in vanM cluster	3002961	Strict	26.06	151.07	glycopeptide antibiotic	antibiotic target alteration	vanY; glycopeptide resistance gene cluster	vancomycin; teicoplanin	False	chromosome_like	1		
Kathmandu18	RW_1	k141_867887	k141_867887_2 # 866 # 2785 # -1 # ID=224151_2;partial=00;start_type=ATG;rbs_motif=GGAGG;rbs_spacer=5-10bp;gc_cont=0.531	tet(W)	3000194	Perfect	100.0	100.0	tetracycline antibiotic	antibiotic target protection	tetracycline-resistant ribosomal protection protein	tetracycline; doxycycline; minocycline; chlortetracycline; demeclocycline; oxytetracycline	False	chromosome_like	1		
Kathmandu18	RW_1	k141_2733113	k141_2733113_3 # 1589 # 2896 # 1 # ID=224266_3;partial=00;start_type=ATG;rbs_motif=None;rbs_spacer=None;gc_cont=0.338	vanW gene in vanI cluster	3003724	Strict	28.83	116.62	glycopeptide antibiotic	antibiotic target alteration	vanW; glycopeptide resistance gene cluster	vancomycin; teicoplanin	False	chromosome_like	1		
Kathmandu18	RW_1	k141_878972	k141_878972_1 # 480 # 665 # -1 # ID=227006_1;partial=00;start_type=ATG;rbs_motif=AGGAG;rbs_spacer=5-10bp;gc_cont=0.516	rsmA	3005069	Strict	85.25	100.0	fluoroquinolone antibiotic; diaminopyrimidine antibiotic; phenicol antibiotic	antibiotic efflux	resistance-nodulation-cell division (RND) antibiotic efflux pump	trimethoprim; chloramphenicol	False	chromosome_like	1		
Kathmandu18	RW_1	k141_2746715	k141_2746715_1 # 2 # 2512 # 1 # ID=227400_1;partial=10;start_type=Edge;rbs_motif=None;rbs_spacer=None;gc_cont=0.463	vanT gene in vanG cluster	3002972	Strict	33.6	117.42	glycopeptide antibiotic	antibiotic target alteration	glycopeptide resistance gene cluster; vanT	vancomycin	False	chromosome_like	1		
Kathmandu18	RW_1	k141_881483	k141_881483_3 # 1727 # 2752 # 1 # ID=227722_3;partial=01;start_type=ATG;rbs_motif=GGA/GAG/AGG;rbs_spacer=5-10bp;gc_cont=0.597	TRU-1	3004450	Strict	76.61	89.53	cephalosporin; penam	antibiotic inactivation	TRU beta-lactamase	cefalotin	False	chromosome_like	1		
Kathmandu18	RW_1	k141_881971	k141_881971_2 # 229 # 1029 # 1 # ID=227833_2;partial=00;start_type=ATG;rbs_motif=TAA;rbs_spacer=3bp;gc_cont=0.351	Erm(35)	3000604	Strict	76.32	100.0	macrolide antibiotic; lincosamide antibiotic; streptogramin antibiotic; streptogramin A antibiotic; streptogramin B antibiotic	antibiotic target alteration	Erm 23S ribosomal RNA methyltransferase	erythromycin; roxithromycin; lincomycin; telithromycin; clarithromycin; clindamycin; tylosin; spiramycin; azithromycin; dirithromycin; pristinamycin IA; quinupristin; virginiamycin M1; madumycin II; griseoviridin; dalfopristin; pristinamycin IB; virginiamycin S2; pristinamycin IC; vernamycin C; patricin A; patricin B; ostreogrycin B3; oleandomycin	False	chromosome_like	1		
Kathmandu18	RW_1	k141_888244	k141_888244_1 # 351 # 848 # 1 # ID=229587_1;partial=00;start_type=ATG;rbs_motif=None;rbs_spacer=None;gc_cont=0.321	dfrG	3002868	Perfect	100.0	100.0	diaminopyrimidine antibiotic	antibiotic target replacement	trimethoprim resistant dihydrofolate reductase dfr	trimethoprim	False	chromosome_like	1		
Kathmandu18	RW_1	k141_892749	k141_892749_1 # 29 # 583 # 1 # ID=230804_1;partial=00;start_type=ATG;rbs_motif=GGA/GAG/AGG;rbs_spacer=5-10bp;gc_cont=0.578	AAC(6')-IIa	3002594	Perfect	100.0	100.0	aminoglycoside antibiotic	antibiotic inactivation	AAC(6')	dibekacin; sisomicin; netilmicin; tobramycin; 2'-N-ethylnetilmicin; 5-episisomicin; gentamicin	False	chromosome_like	1		
Kathmandu18	RW_1	k141_893017	k141_893017_1 # 988 # 1839 # 1 # ID=230883_1;partial=00;start_type=ATG;rbs_motif=GGAG/GAGG;rbs_spacer=5-10bp;gc_cont=0.565	RSA-1	3004444	Strict	99.65	99.3	carbapenem; cephalosporin	antibiotic inactivation	RSA beta-lactamase		True	plasmid_like		0.9849	
Kathmandu18	RW_1	k141_893017	k141_893017_2 # 1966 # 2439 # 1 # ID=230883_2;partial=00;start_type=GTG;rbs_motif=GGAG/GAGG;rbs_spacer=5-10bp;gc_cont=0.397	dfrA1	3002854	Strict	99.36	100.0	diaminopyrimidine antibiotic	antibiotic target replacement	trimethoprim resistant dihydrofolate reductase dfr	trimethoprim	True	plasmid_like		0.9849	
Kathmandu18	RW_1	k141_2762220	k141_2762220_7 # 4847 # 6397 # -1 # ID=230952_7;partial=01;start_type=Edge;rbs_motif=None;rbs_spacer=None;gc_cont=0.437	vanW gene in vanI cluster	3003724	Strict	27.46	138.34	glycopeptide antibiotic	antibiotic target alteration	vanW; glycopeptide resistance gene cluster	vancomycin; teicoplanin	False	chromosome_like	1		
Kathmandu18	RW_1	k141_2764729	k141_2764729_5 # 3266 # 4489 # -1 # ID=231534_5;partial=00;start_type=ATG;rbs_motif=None;rbs_spacer=None;gc_cont=0.359	vanT gene in vanG cluster	3002972	Strict	31.64	57.16	glycopeptide antibiotic	antibiotic target alteration	glycopeptide resistance gene cluster; vanT	vancomycin	False	chromosome_like	1		
Kathmandu18	RW_1	k141_900014	k141_900014_5 # 3190 # 6303 # -1 # ID=232799_5;partial=00;start_type=ATG;rbs_motif=GGAG/GAGG;rbs_spacer=5-10bp;gc_cont=0.543	acrD	3000491	Strict	99.9	100.0	aminoglycoside antibiotic	antibiotic efflux	resistance-nodulation-cell division (RND) antibiotic efflux pump		False	chromosome_like	1		
Kathmandu18	RW_1	k141_2770329	k141_2770329_12 # 10744 # 13209 # 1 # ID=232933_12;partial=00;start_type=ATG;rbs_motif=AAAAA;rbs_spacer=11bp;gc_cont=0.427	vanT gene in vanG cluster	3002972	Strict	35.33	115.31	glycopeptide antibiotic	antibiotic target alteration	glycopeptide resistance gene cluster; vanT	vancomycin	False	chromosome_like	1		
Kathmandu18	RW_1	k141_906502	k141_906502_1 # 151 # 972 # 1 # ID=234540_1;partial=00;start_type=ATG;rbs_motif=AGGA;rbs_spacer=5-10bp;gc_cont=0.507	lnuF	3002839	Strict	99.63	100.0	lincosamide antibiotic	antibiotic inactivation	lincosamide nucleotidyltransferase (LNU)	lincomycin; clindamycin	False	chromosome_like	1		
Kathmandu18	RW_1	k141_2779924	k141_2779924_3 # 649 # 1908 # 1 # ID=235353_3;partial=00;start_type=ATG;rbs_motif=AGGAG;rbs_spacer=5-10bp;gc_cont=0.367	EreB	3000363	Strict	86.16	100.0	macrolide antibiotic	antibiotic inactivation	macrolide esterase	erythromycin; roxithromycin; clarithromycin; azithromycin	False	chromosome_like	1		
Kathmandu18	RW_1	k141_2782095	k141_2782095_2 # 723 # 1838 # -1 # ID=235929_2;partial=00;start_type=ATG;rbs_motif=TAA;rbs_spacer=15bp;gc_cont=0.451	vanT gene in vanG cluster	3002972	Strict	32.61	52.11	glycopeptide antibiotic	antibiotic target alteration	glycopeptide resistance gene cluster; vanT	vancomycin	False	chromosome_like	1		
Kathmandu18	RW_1	k141_912251	k141_912251_1 # 2 # 367 # 1 # ID=236146_1;partial=10;start_type=Edge;rbs_motif=None;rbs_spacer=None;gc_cont=0.683	vanY gene in vanA cluster	3002955	Strict	39.68	39.93	glycopeptide antibiotic	antibiotic target alteration	vanY; glycopeptide resistance gene cluster	vancomycin; teicoplanin	False	chromosome_like	1		
Kathmandu18	RW_1	k141_914389	k141_914389_6 # 5367 # 8510 # -1 # ID=236705_6;partial=00;start_type=ATG;rbs_motif=AGGA;rbs_spacer=5-10bp;gc_cont=0.586	adeF	3000777	Strict	45.27	98.87	fluoroquinolone antibiotic; tetracycline antibiotic	antibiotic efflux	resistance-nodulation-cell division (RND) antibiotic efflux pump	tetracycline	False	chromosome_like	1		
Kathmandu18	RW_1	k141_2792553	k141_2792553_2 # 373 # 1230 # -1 # ID=238477_2;partial=00;start_type=ATG;rbs_motif=GGA/GAG/AGG;rbs_spacer=5-10bp;gc_cont=0.276	ANT(6)-Ib	3002629	Perfect	100.0	100.0	aminoglycoside antibiotic	antibiotic inactivation	ANT(6)	streptomycin	False	chromosome_like	1		
Kathmandu18	RW_1	k141_2792553	k141_2792553_3 # 1545 # 2432 # -1 # ID=238477_3;partial=01;start_type=Edge;rbs_motif=None;rbs_spacer=None;gc_cont=0.322	tet(44)	3000556	Strict	97.97	46.09	tetracycline antibiotic	antibiotic target protection	tetracycline-resistant ribosomal protection protein	tetracycline; doxycycline; minocycline; chlortetracycline; demeclocycline; oxytetracycline	False	chromosome_like	1		
Kathmandu18	RW_1	k141_921840	k141_921840_1 # 218 # 952 # -1 # ID=238585_1;partial=00;start_type=ATG;rbs_motif=AGGAG;rbs_spacer=5-10bp;gc_cont=0.252	ErmT	3000595	Strict	99.18	100.0	macrolide antibiotic; lincosamide antibiotic; streptogramin antibiotic; streptogramin A antibiotic; streptogramin B antibiotic	antibiotic target alteration	Erm 23S ribosomal RNA methyltransferase	erythromycin; roxithromycin; lincomycin; telithromycin; clarithromycin; clindamycin; tylosin; spiramycin; azithromycin; dirithromycin; pristinamycin IA; quinupristin; virginiamycin M1; madumycin II; griseoviridin; dalfopristin; pristinamycin IB; virginiamycin S2; pristinamycin IC; vernamycin C; patricin A; patricin B; ostreogrycin B3; oleandomycin	True	plasmid_like		0.9955	
Kathmandu18	RW_1	k141_2794621	k141_2794621_2 # 889 # 1665 # 1 # ID=238915_2;partial=00;start_type=ATG;rbs_motif=None;rbs_spacer=None;gc_cont=0.340	vanW gene in vanG cluster	3002965	Strict	33.71	91.81	glycopeptide antibiotic	antibiotic target alteration	vanW; glycopeptide resistance gene cluster	vancomycin	False	chromosome_like	1		
Kathmandu18	RW_1	k141_2798817	k141_2798817_7 # 8505 # 11021 # -1 # ID=239936_7;partial=00;start_type=ATG;rbs_motif=AAAAA;rbs_spacer=11bp;gc_cont=0.481	vanT gene in vanG cluster	3002972	Strict	34.77	117.7	glycopeptide antibiotic	antibiotic target alteration	glycopeptide resistance gene cluster; vanT	vancomycin	False	chromosome_like	1		
Kathmandu18	RW_1	k141_928620	k141_928620_2 # 969 # 1523 # -1 # ID=240347_2;partial=00;start_type=ATG;rbs_motif=GGAG/GAGG;rbs_spacer=5-10bp;gc_cont=0.369	AAC(6')-I30	3002588	Strict	86.89	100.0	aminoglycoside antibiotic	antibiotic inactivation	AAC(6')	dibekacin; amikacin; sisomicin; netilmicin; tobramycin; 2'-N-ethylnetilmicin; 5-episisomicin	False	chromosome_like	1		
Kathmandu18	RW_1	k141_2808613	k141_2808613_3 # 2356 # 5472 # -1 # ID=242444_3;partial=00;start_type=ATG;rbs_motif=TAAA;rbs_spacer=13bp;gc_cont=0.448	adeF	3000777	Strict	43.28	98.02	fluoroquinolone antibiotic; tetracycline antibiotic	antibiotic efflux	resistance-nodulation-cell division (RND) antibiotic efflux pump	tetracycline	False	chromosome_like	1		
Kathmandu18	RW_1	k141_940217	k141_940217_5 # 3770 # 6943 # -1 # ID=243985_5;partial=00;start_type=ATG;rbs_motif=GGA/GAG/AGG;rbs_spacer=11-12bp;gc_cont=0.643	adeF	3000777	Strict	43.97	99.81	fluoroquinolone antibiotic; tetracycline antibiotic	antibiotic efflux	resistance-nodulation-cell division (RND) antibiotic efflux pump	tetracycline	False	chromosome_like	1		
Kathmandu18	RW_1	k141_943412	k141_943412_5 # 3924 # 4853 # -1 # ID=245025_5;partial=01;start_type=Edge;rbs_motif=None;rbs_spacer=None;gc_cont=0.585	vanY gene in vanF cluster	3002958	Strict	34.62	105.46	glycopeptide antibiotic	antibiotic target alteration	vanY; glycopeptide resistance gene cluster	vancomycin	False	chromosome_like	1		
Kathmandu18	RW_1	k141_944131	k141_944131_10 # 9701 # 10792 # 1 # ID=245253_10;partial=00;start_type=ATG;rbs_motif=None;rbs_spacer=None;gc_cont=0.684	vanT gene in vanG cluster	3002972	Strict	33.96	50.98	glycopeptide antibiotic	antibiotic target alteration	glycopeptide resistance gene cluster; vanT	vancomycin	False	chromosome_like	1		
Kathmandu18	RW_1	k141_947318	k141_947318_1 # 131 # 946 # -1 # ID=246125_1;partial=00;start_type=ATG;rbs_motif=GGA/GAG/AGG;rbs_spacer=5-10bp;gc_cont=0.441	APH(3')-Ia	3002641	Perfect	100.0	100.0	aminoglycoside antibiotic	antibiotic inactivation	APH(3')	neomycin; ribostamycin; kanamycin A; gentamicin B; paromomycin; lividomycin; gentamicin	False	chromosome_like	1		
Kathmandu18	RW_1	k141_2824481	k141_2824481_2 # 870 # 1733 # 1 # ID=246310_2;partial=00;start_type=ATG;rbs_motif=AGGA;rbs_spacer=5-10bp;gc_cont=0.557	sul4	3004361	Perfect	100.0	100.0	sulfonamide antibiotic	antibiotic target replacement	sulfonamide resistant sul	sulfamethoxazole	False	chromosome_like	1		
Kathmandu18	RW_1	k141_950339	k141_950339_2 # 1577 # 2191 # -1 # ID=246937_2;partial=00;start_type=ATG;rbs_motif=GGA/GAG/AGG;rbs_spacer=5-10bp;gc_cont=0.402	evgA	3000832	Perfect	100.0	100.0	macrolide antibiotic; fluoroquinolone antibiotic; penam; tetracycline antibiotic	antibiotic efflux	major facilitator superfamily (MFS) antibiotic efflux pump; resistance-nodulation-cell division (RND) antibiotic efflux pump	erythromycin; cloxacillin; tetracycline; oxacillin; norfloxacin	True	plasmid_like		0.866	
Kathmandu18	RW_1	k141_950339	k141_950339_4 # 3770 # 5308 # 1 # ID=246937_4;partial=00;start_type=ATG;rbs_motif=GGA/GAG/AGG;rbs_spacer=5-10bp;gc_cont=0.417	emrY	3000254	Perfect	100.0	100.0	tetracycline antibiotic	antibiotic efflux	major facilitator superfamily (MFS) antibiotic efflux pump	tetracycline	True	plasmid_like		0.866	
Kathmandu18	RW_1	k141_950744	k141_950744_1 # 3 # 1076 # 1 # ID=247032_1;partial=10;start_type=Edge;rbs_motif=None;rbs_spacer=None;gc_cont=0.574	vanW gene in vanI cluster	3003724	Strict	38.82	95.71	glycopeptide antibiotic	antibiotic target alteration	vanW; glycopeptide resistance gene cluster	vancomycin; teicoplanin	False	chromosome_like	1		
Kathmandu18	RW_1	k141_954105	k141_954105_1 # 343 # 1125 # -1 # ID=247984_1;partial=00;start_type=ATG;rbs_motif=GGA/GAG/AGG;rbs_spacer=11-12bp;gc_cont=0.524	NPS-1	3004239	Perfect	100.0	100.0	cephalosporin; penam	antibiotic inactivation	NPS beta-lactamase		False	chromosome_like	1		
Kathmandu18	RW_1	k141_2838008	k141_2838008_44 # 33189 # 35159 # -1 # ID=249600_44;partial=00;start_type=ATG;rbs_motif=GGAG/GAGG;rbs_spacer=5-10bp;gc_cont=0.399	tet(M)	3000186	Strict	52.33	102.66	tetracycline antibiotic	antibiotic target protection	tetracycline-resistant ribosomal protection protein	tetracycline; doxycycline; minocycline; chlortetracycline; demeclocycline; oxytetracycline	False	chromosome_like	1		
Kathmandu18	RW_1	k141_964305	k141_964305_1 # 125 # 2008 # -1 # ID=250425_1;partial=00;start_type=ATG;rbs_motif=AGGAG;rbs_spacer=5-10bp;gc_cont=0.460	vanY gene in vanB cluster	3002956	Strict	43.09	233.96	glycopeptide antibiotic	antibiotic target alteration	vanY; glycopeptide resistance gene cluster	vancomycin	False	chromosome_like	1		
Kathmandu18	RW_1	k141_2849317	k141_2849317_1 # 2 # 295 # 1 # ID=252333_1;partial=10;start_type=Edge;rbs_motif=None;rbs_spacer=None;gc_cont=0.643	vanY gene in vanB cluster	3002956	Strict	43.9	36.19	glycopeptide antibiotic	antibiotic target alteration	vanY; glycopeptide resistance gene cluster	vancomycin	False	chromosome_like	1		
Kathmandu18	RW_1	k141_2857656	k141_2857656_1 # 2 # 745 # -1 # ID=254373_1;partial=10;start_type=ATG;rbs_motif=None;rbs_spacer=None;gc_cont=0.491	vanY gene in vanB cluster	3002956	Strict	33.33	92.54	glycopeptide antibiotic	antibiotic target alteration	vanY; glycopeptide resistance gene cluster	vancomycin	False	chromosome_like	1		
Kathmandu18	RW_1	k141_986046	k141_986046_2 # 746 # 1006 # 1 # ID=255719_2;partial=01;start_type=ATG;rbs_motif=AGGA;rbs_spacer=5-10bp;gc_cont=0.433	qacG	3007015	Strict	44.05	81.31	disinfecting agents and antiseptics	antibiotic efflux	small multidrug resistance (SMR) antibiotic efflux pump	benzalkonium chloride	False	chromosome_like	1		
Kathmandu18	RW_1	k141_2864110	k141_2864110_1 # 523 # 1182 # -1 # ID=255838_1;partial=00;start_type=ATG;rbs_motif=AGGAGG;rbs_spacer=5-10bp;gc_cont=0.356	catQ	3002687	Strict	97.26	100.0	phenicol antibiotic	antibiotic inactivation	chloramphenicol acetyltransferase (CAT)	azidamfenicol; chloramphenicol; thiamphenicol	False	chromosome_like	1		
Kathmandu18	RW_1	k141_989215	k141_989215_1 # 297 # 485 # -1 # ID=256606_1;partial=00;start_type=ATG;rbs_motif=AGGAG;rbs_spacer=5-10bp;gc_cont=0.545	rsmA	3005069	Strict	92.73	101.64	fluoroquinolone antibiotic; diaminopyrimidine antibiotic; phenicol antibiotic	antibiotic efflux	resistance-nodulation-cell division (RND) antibiotic efflux pump	trimethoprim; chloramphenicol	False	chromosome_like	1		
Kathmandu18	RW_1	k141_2871291	k141_2871291_4 # 2626 # 2943 # -1 # ID=257587_4;partial=00;start_type=ATG;rbs_motif=AGxAGG/AGGxGG;rbs_spacer=11-12bp;gc_cont=0.428	qacJ	3007014	Strict	40.2	98.13	disinfecting agents and antiseptics	antibiotic efflux	small multidrug resistance (SMR) antibiotic efflux pump	benzalkonium chloride	False	chromosome_like	1		
Kathmandu18	RW_1	k141_2885220	k141_2885220_1 # 40 # 1299 # 1 # ID=260930_1;partial=01;start_type=ATG;rbs_motif=AGGA;rbs_spacer=5-10bp;gc_cont=0.533	vanW gene in vanI cluster	3003724	Strict	33.68	112.6	glycopeptide antibiotic	antibiotic target alteration	vanW; glycopeptide resistance gene cluster	vancomycin; teicoplanin	False	chromosome_like	1		
Kathmandu18	RW_1	k141_2896247	k141_2896247_2 # 1317 # 1502 # 1 # ID=263307_2;partial=00;start_type=ATG;rbs_motif=AGGAG;rbs_spacer=5-10bp;gc_cont=0.505	rsmA	3005069	Strict	98.36	100.0	fluoroquinolone antibiotic; diaminopyrimidine antibiotic; phenicol antibiotic	antibiotic efflux	resistance-nodulation-cell division (RND) antibiotic efflux pump	trimethoprim; chloramphenicol	False	chromosome_like	1		
Kathmandu18	RW_1	k141_2899987	k141_2899987_4 # 3134 # 4264 # 1 # ID=264239_4;partial=00;start_type=ATG;rbs_motif=GGAG/GAGG;rbs_spacer=5-10bp;gc_cont=0.662	vanT gene in vanG cluster	3002972	Strict	31.73	52.81	glycopeptide antibiotic	antibiotic target alteration	glycopeptide resistance gene cluster; vanT	vancomycin	False	chromosome_like	1		
Kathmandu18	RW_1	k141_1023076	k141_1023076_2 # 106 # 1200 # -1 # ID=265440_2;partial=00;start_type=ATG;rbs_motif=AGGAG;rbs_spacer=5-10bp;gc_cont=0.610	vanG	3002909	Strict	38.86	104.3	glycopeptide antibiotic	antibiotic target alteration	glycopeptide resistance gene cluster; Van ligase	vancomycin	False	chromosome_like	1		
Kathmandu18	RW_1	k141_1023519	k141_1023519_1 # 129 # 1034 # -1 # ID=265568_1;partial=00;start_type=ATG;rbs_motif=GGAG/GAGG;rbs_spacer=5-10bp;gc_cont=0.337	APH(2'')-Ie	3002634	Perfect	100.0	100.0	aminoglycoside antibiotic	antibiotic inactivation	APH(2'')	amikacin; kanamycin A; tobramycin; gentamicin A; gentamicin	False	chromosome_like	1		
Kathmandu18	RW_1	k141_1024262	k141_1024262_2 # 804 # 1598 # -1 # ID=265761_2;partial=00;start_type=ATG;rbs_motif=AGGA;rbs_spacer=5-10bp;gc_cont=0.448	APH(3')-IIIa	3002647	Strict	99.62	100.0	aminoglycoside antibiotic	antibiotic inactivation	APH(3')	neomycin; amikacin; ribostamycin; butirosin; kanamycin A; isepamicin; gentamicin B; paromomycin; lividomycin; gentamicin	False	chromosome_like	1		
Kathmandu18	RW_1	k141_1024262	k141_1024262_3 # 1691 # 2233 # -1 # ID=265761_3;partial=00;start_type=GTG;rbs_motif=AGxAGG/AGGxGG;rbs_spacer=5-10bp;gc_cont=0.379	SAT-4	3002897	Strict	99.44	100.0	nucleoside antibiotic	antibiotic inactivation	streptothricin acetyltransferase (SAT)	streptothricin	False	chromosome_like	1		
Kathmandu18	RW_1	k141_1024262	k141_1024262_4 # 2230 # 3138 # -1 # ID=265761_4;partial=00;start_type=ATG;rbs_motif=GGAGG;rbs_spacer=5-10bp;gc_cont=0.404	aad(6)	3002628	Strict	88.41	109.42	aminoglycoside antibiotic	antibiotic inactivation	ANT(6)	streptomycin	False	chromosome_like	1		
Kathmandu18	RW_1	k141_2908758	k141_2908758_1 # 1 # 1119 # 1 # ID=266351_1;partial=10;start_type=Edge;rbs_motif=None;rbs_spacer=None;gc_cont=0.265	vanT gene in vanG cluster	3002972	Strict	32.32	52.25	glycopeptide antibiotic	antibiotic target alteration	glycopeptide resistance gene cluster; vanT	vancomycin	False	chromosome_like	1		
Kathmandu18	RW_1	k141_1035195	k141_1035195_2 # 638 # 1453 # 1 # ID=268237_2;partial=00;start_type=ATG;rbs_motif=AGxAG;rbs_spacer=5-10bp;gc_cont=0.608	sul2	3000412	Perfect	100.0	100.0	sulfonamide antibiotic	antibiotic target replacement	sulfonamide resistant sul	sulfadiazine; sulfadimidine; sulfadoxine; sulfamethoxazole; sulfisoxazole; sulfacetamide; mafenide; sulfasalazine; sulfamethizole	True	plasmid_like		0.9718	
Kathmandu18	RW_1	k141_1043188	k141_1043188_1 # 1 # 720 # 1 # ID=270038_1;partial=10;start_type=Edge;rbs_motif=None;rbs_spacer=None;gc_cont=0.385	vanY gene in vanB cluster	3002956	Strict	33.15	89.18	glycopeptide antibiotic	antibiotic target alteration	vanY; glycopeptide resistance gene cluster	vancomycin	False	chromosome_like	1		
Kathmandu18	RW_1	k141_1045702	k141_1045702_2 # 368 # 700 # -1 # ID=270660_2;partial=00;start_type=GTG;rbs_motif=AGGAG;rbs_spacer=5-10bp;gc_cont=0.514	qacL	3005098	Strict	99.09	100.0	disinfecting agents and antiseptics	antibiotic efflux	small multidrug resistance (SMR) antibiotic efflux pump		False	chromosome_like	1		
Kathmandu18	RW_1	k141_2929765	k141_2929765_3 # 1703 # 2191 # -1 # ID=270995_3;partial=00;start_type=ATG;rbs_motif=AGGAGG;rbs_spacer=5-10bp;gc_cont=0.468	nimB	3004655	Strict	53.12	98.78	nitroimidazole antibiotic	antibiotic inactivation	nitroimidazole reductase	metronidazole	False	chromosome_like	1		
Kathmandu18	RW_1	k141_2934956	k141_2934956_19 # 18259 # 19389 # 1 # ID=272262_19;partial=00;start_type=ATG;rbs_motif=TAGAA;rbs_spacer=5bp;gc_cont=0.444	vanT gene in vanG cluster	3002972	Strict	37.57	52.81	glycopeptide antibiotic	antibiotic target alteration	glycopeptide resistance gene cluster; vanT	vancomycin	False	chromosome_like	1		
Kathmandu18	RW_1	k141_2940783	k141_2940783_2 # 439 # 759 # -1 # ID=273612_2;partial=00;start_type=ATG;rbs_motif=None;rbs_spacer=None;gc_cont=0.377	qacJ	3007014	Strict	44.66	99.07	disinfecting agents and antiseptics	antibiotic efflux	small multidrug resistance (SMR) antibiotic efflux pump	benzalkonium chloride	False	chromosome_like	1		
Kathmandu18	RW_1	k141_1067041	k141_1067041_5 # 3062 # 3955 # 1 # ID=275854_5;partial=00;start_type=ATG;rbs_motif=GGA/GAG/AGG;rbs_spacer=11-12bp;gc_cont=0.659	vanY gene in vanA cluster	3002955	Strict	33.33	98.02	glycopeptide antibiotic	antibiotic target alteration	vanY; glycopeptide resistance gene cluster	vancomycin; teicoplanin	False	chromosome_like	1		
Kathmandu18	RW_1	k141_1069671	k141_1069671_1 # 245 # 1309 # -1 # ID=276536_1;partial=01;start_type=Edge;rbs_motif=None;rbs_spacer=None;gc_cont=0.414	CARB-3	3002242	Strict	99.67	116.45	penam	antibiotic inactivation	CARB beta-lactamase		False	chromosome_like	1		
Kathmandu18	RW_1	k141_1076294	k141_1076294_4 # 3115 # 4467 # -1 # ID=278121_4;partial=01;start_type=Edge;rbs_motif=None;rbs_spacer=None;gc_cont=0.587	vanW gene in vanI cluster	3003724	Strict	26.92	120.64	glycopeptide antibiotic	antibiotic target alteration	vanW; glycopeptide resistance gene cluster	vancomycin; teicoplanin	False	chromosome_like	1		
Kathmandu18	RW_1	k141_1088849	k141_1088849_2 # 440 # 3592 # -1 # ID=281359_2;partial=00;start_type=ATG;rbs_motif=GGA/GAG/AGG;rbs_spacer=5-10bp;gc_cont=0.654	adeF	3000777	Strict	43.23	99.15	fluoroquinolone antibiotic; tetracycline antibiotic	antibiotic efflux	resistance-nodulation-cell division (RND) antibiotic efflux pump	tetracycline	False	chromosome_like	1		
Kathmandu18	RW_1	k141_1100243	k141_1100243_2 # 579 # 3743 # -1 # ID=284285_2;partial=00;start_type=ATG;rbs_motif=GGA/GAG/AGG;rbs_spacer=5-10bp;gc_cont=0.443	adeF	3000777	Strict	59.05	99.53	fluoroquinolone antibiotic; tetracycline antibiotic	antibiotic efflux	resistance-nodulation-cell division (RND) antibiotic efflux pump	tetracycline	False	chromosome_like	1		
Kathmandu18	RW_1	k141_1102908	k141_1102908_1 # 1 # 786 # -1 # ID=284914_1;partial=10;start_type=GTG;rbs_motif=ATA;rbs_spacer=14bp;gc_cont=0.476	vanW gene in vanG cluster	3002965	Strict	33.88	93.24	glycopeptide antibiotic	antibiotic target alteration	vanW; glycopeptide resistance gene cluster	vancomycin	False	chromosome_like	1		
Kathmandu18	RW_1	k141_3001801	k141_3001801_9 # 6533 # 7438 # 1 # ID=287608_9;partial=00;start_type=ATG;rbs_motif=TAA;rbs_spacer=12bp;gc_cont=0.390	vanY gene in vanB cluster	3002956	Strict	35.16	112.31	glycopeptide antibiotic	antibiotic target alteration	vanY; glycopeptide resistance gene cluster	vancomycin	False	chromosome_like	1		
Kathmandu18	RW_1	k141_3006655	k141_3006655_3 # 2278 # 2970 # 1 # ID=288829_3;partial=00;start_type=TTG;rbs_motif=None;rbs_spacer=None;gc_cont=0.408	vanW gene in vanI cluster	3003724	Strict	39.86	61.66	glycopeptide antibiotic	antibiotic target alteration	vanW; glycopeptide resistance gene cluster	vancomycin; teicoplanin	False	chromosome_like	1		
Kathmandu18	RW_1	k141_3008397	k141_3008397_2 # 1536 # 2423 # 1 # ID=289216_2;partial=00;start_type=ATG;rbs_motif=None;rbs_spacer=None;gc_cont=0.386	mphG	3003742	Strict	91.16	100.34	macrolide antibiotic	antibiotic inactivation	macrolide phosphotransferase (MPH)	erythromycin; clarithromycin; azithromycin	False	chromosome_like	1		
Kathmandu18	RW_1	k141_3009258	k141_3009258_2 # 1231 # 1761 # -1 # ID=289402_2;partial=00;start_type=ATG;rbs_motif=GGAG/GAGG;rbs_spacer=5-10bp;gc_cont=0.514	emrR	3000516	Strict	92.57	100.0	fluoroquinolone antibiotic	antibiotic efflux	major facilitator superfamily (MFS) antibiotic efflux pump	nalidixic acid	True	plasmid_like		0.7897	
Kathmandu18	RW_1	k141_3009317	k141_3009317_8 # 5247 # 6386 # -1 # ID=289430_8;partial=00;start_type=ATG;rbs_motif=GGA/GAG/AGG;rbs_spacer=5-10bp;gc_cont=0.529	DHA-1	3002132	Perfect	100.0	100.0	cephalosporin; cephamycin	antibiotic inactivation	DHA beta-lactamase		True	plasmid_like		0.9893	
Kathmandu18	RW_1	k141_3012785	k141_3012785_2 # 393 # 1595 # 1 # ID=290310_2;partial=00;start_type=ATG;rbs_motif=AGGA;rbs_spacer=5-10bp;gc_cont=0.413	tet(H)	3000175	Perfect	100.0	100.0	tetracycline antibiotic	antibiotic efflux	major facilitator superfamily (MFS) antibiotic efflux pump	tetracycline	False	chromosome_like	1		
Kathmandu18	RW_1	k141_3013803	k141_3013803_2 # 1472 # 2104 # -1 # ID=290573_2;partial=00;start_type=ATG;rbs_motif=GGAG/GAGG;rbs_spacer=5-10bp;gc_cont=0.494	CRP	3000518	Strict	99.52	100.0	macrolide antibiotic; fluoroquinolone antibiotic; penam	antibiotic efflux	resistance-nodulation-cell division (RND) antibiotic efflux pump	erythromycin; cloxacillin; oxacillin; norfloxacin	False	chromosome_like	1		
Kathmandu18	RW_1	k141_1130877	k141_1130877_3 # 718 # 954 # -1 # ID=291318_3;partial=00;start_type=ATG;rbs_motif=AGxAGG/AGGxGG;rbs_spacer=5-10bp;gc_cont=0.549	dfrB5	3004549	Perfect	100.0	100.0	diaminopyrimidine antibiotic	antibiotic target replacement	trimethoprim resistant dihydrofolate reductase dfr	trimethoprim	True	plasmid_like		0.9913	
Kathmandu18	RW_1	k141_3018486	k141_3018486_1 # 1 # 1008 # -1 # ID=291547_1;partial=10;start_type=ATG;rbs_motif=GGA/GAG/AGG;rbs_spacer=11-12bp;gc_cont=0.629	vanG	3002909	Strict	44.21	96.28	glycopeptide antibiotic	antibiotic target alteration	glycopeptide resistance gene cluster; Van ligase	vancomycin	False	chromosome_like	1		
Kathmandu18	RW_1	k141_1134205	k141_1134205_3 # 2834 # 5983 # -1 # ID=292027_3;partial=00;start_type=ATG;rbs_motif=AGGA;rbs_spacer=5-10bp;gc_cont=0.615	adeF	3000777	Strict	41.34	99.06	fluoroquinolone antibiotic; tetracycline antibiotic	antibiotic efflux	resistance-nodulation-cell division (RND) antibiotic efflux pump	tetracycline	False	chromosome_like	1		
Kathmandu18	RW_1	k141_1137120	k141_1137120_2 # 202 # 783 # -1 # ID=292653_2;partial=00;start_type=ATG;rbs_motif=GGA/GAG/AGG;rbs_spacer=11-12bp;gc_cont=0.536	AAC(6')-IIc	3002596	Perfect	100.0	100.0	aminoglycoside antibiotic	antibiotic inactivation	AAC(6')	dibekacin; sisomicin; netilmicin; tobramycin; 2'-N-ethylnetilmicin; 5-episisomicin; gentamicin	False	chromosome_like	1		
Kathmandu18	RW_1	k141_1137120	k141_1137120_3 # 923 # 1786 # -1 # ID=292653_3;partial=00;start_type=ATG;rbs_motif=GGA/GAG/AGG;rbs_spacer=5-10bp;gc_cont=0.535	GES-1	3002330	Perfect	100.0	100.0	carbapenem; cephalosporin; penam	antibiotic inactivation	GES beta-lactamase		False	chromosome_like	1		
Kathmandu18	RW_1	k141_1140877	k141_1140877_2 # 715 # 1149 # -1 # ID=293509_2;partial=01;start_type=Edge;rbs_motif=None;rbs_spacer=None;gc_cont=0.641	vanY gene in vanB cluster	3002956	Strict	42.19	53.73	glycopeptide antibiotic	antibiotic target alteration	vanY; glycopeptide resistance gene cluster	vancomycin	False	chromosome_like	1		
Kathmandu18	RW_1	k141_1141129	k141_1141129_1 # 24 # 815 # -1 # ID=293560_1;partial=00;start_type=ATG;rbs_motif=AAAA;rbs_spacer=4bp;gc_cont=0.378	sul3	3000413	Strict	99.62	100.0	sulfonamide antibiotic	antibiotic target replacement	sulfonamide resistant sul	sulfadiazine; sulfadimidine; sulfadoxine; sulfamethoxazole; sulfisoxazole; sulfacetamide; mafenide; sulfasalazine; sulfamethizole	False	chromosome_like	1		
Kathmandu18	RW_1	k141_3041116	k141_3041116_9 # 9691 # 10836 # 1 # ID=296955_9;partial=00;start_type=ATG;rbs_motif=GGAG/GAGG;rbs_spacer=5-10bp;gc_cont=0.449	vanT gene in vanG cluster	3002972	Strict	34.6	53.51	glycopeptide antibiotic	antibiotic target alteration	glycopeptide resistance gene cluster; vanT	vancomycin	False	chromosome_like	1		
Kathmandu18	RW_1	k141_1156156	k141_1156156_1 # 2 # 1162 # -1 # ID=297142_1;partial=10;start_type=ATG;rbs_motif=GGAG/GAGG;rbs_spacer=5-10bp;gc_cont=0.496	vanW gene in vanI cluster	3003724	Strict	31.25	103.75	glycopeptide antibiotic	antibiotic target alteration	vanW; glycopeptide resistance gene cluster	vancomycin; teicoplanin	False	chromosome_like	1		
Kathmandu18	RW_1	k141_3042005	k141_3042005_2 # 779 # 1765 # 1 # ID=297163_2;partial=00;start_type=ATG;rbs_motif=AGGAG;rbs_spacer=5-10bp;gc_cont=0.611	vanH gene in vanO cluster	3002948	Strict	43.94	93.71	glycopeptide antibiotic	antibiotic target alteration	vanH; glycopeptide resistance gene cluster	vancomycin	False	chromosome_like	1		
Kathmandu18	RW_1	k141_3042622	k141_3042622_1 # 2 # 1549 # 1 # ID=297304_1;partial=10;start_type=Edge;rbs_motif=None;rbs_spacer=None;gc_cont=0.530	vanT gene in vanG cluster	3002972	Strict	35.62	72.33	glycopeptide antibiotic	antibiotic target alteration	glycopeptide resistance gene cluster; vanT	vancomycin	False	chromosome_like	1		
Kathmandu18	RW_1	k141_1167419	k141_1167419_1 # 382 # 1095 # 1 # ID=300177_1;partial=00;start_type=ATG;rbs_motif=GGAG/GAGG;rbs_spacer=5-10bp;gc_cont=0.333	vanY gene in vanB cluster	3002956	Strict	58.06	88.43	glycopeptide antibiotic	antibiotic target alteration	vanY; glycopeptide resistance gene cluster	vancomycin	False	chromosome_like	1		
Kathmandu18	RW_1	k141_1168430	k141_1168430_3 # 2264 # 5425 # 1 # ID=300404_3;partial=00;start_type=ATG;rbs_motif=AGGA;rbs_spacer=5-10bp;gc_cont=0.588	adeF	3000777	Strict	42.97	99.43	fluoroquinolone antibiotic; tetracycline antibiotic	antibiotic efflux	resistance-nodulation-cell division (RND) antibiotic efflux pump	tetracycline	False	chromosome_like	1		
Kathmandu18	RW_1	k141_3057260	k141_3057260_1 # 3 # 704 # -1 # ID=300673_1;partial=10;start_type=ATG;rbs_motif=GGAG/GAGG;rbs_spacer=5-10bp;gc_cont=0.369	vanW gene in vanG cluster	3002965	Strict	30.77	83.27	glycopeptide antibiotic	antibiotic target alteration	vanW; glycopeptide resistance gene cluster	vancomycin	False	chromosome_like	1		
Kathmandu18	RW_1	k141_3060045	k141_3060045_2 # 241 # 570 # 1 # ID=301345_2;partial=00;start_type=ATG;rbs_motif=3Base/5BMM;rbs_spacer=13-15bp;gc_cont=0.394	qacJ	3007014	Strict	36.79	101.87	disinfecting agents and antiseptics	antibiotic efflux	small multidrug resistance (SMR) antibiotic efflux pump	benzalkonium chloride	False	chromosome_like	1		
Kathmandu18	RW_1	k141_3064930	k141_3064930_55 # 47567 # 48499 # -1 # ID=302537_55;partial=00;start_type=ATG;rbs_motif=None;rbs_spacer=None;gc_cont=0.360	vanY gene in vanG cluster	3002959	Strict	38.97	111.11	glycopeptide antibiotic	antibiotic target alteration	vanY; glycopeptide resistance gene cluster	vancomycin	False	chromosome_like	1		
Kathmandu18	RW_1	k141_3069027	k141_3069027_4 # 5971 # 9138 # 1 # ID=303547_4;partial=00;start_type=ATG;rbs_motif=AAA;rbs_spacer=10bp;gc_cont=0.498	adeF	3000777	Strict	43.89	99.62	fluoroquinolone antibiotic; tetracycline antibiotic	antibiotic efflux	resistance-nodulation-cell division (RND) antibiotic efflux pump	tetracycline	False	chromosome_like	1		
Kathmandu18	RW_1	k141_3072620	k141_3072620_13 # 9366 # 12509 # -1 # ID=304468_13;partial=00;start_type=ATG;rbs_motif=AGGA;rbs_spacer=5-10bp;gc_cont=0.555	adeF	3000777	Strict	45.83	98.87	fluoroquinolone antibiotic; tetracycline antibiotic	antibiotic efflux	resistance-nodulation-cell division (RND) antibiotic efflux pump	tetracycline	False	chromosome_like	1		
Kathmandu18	RW_1	k141_1189011	k141_1189011_1 # 2 # 349 # -1 # ID=305079_1;partial=00;start_type=ATG;rbs_motif=AGGA;rbs_spacer=5-10bp;gc_cont=0.624	qacG	3007015	Strict	40.38	107.48	disinfecting agents and antiseptics	antibiotic efflux	small multidrug resistance (SMR) antibiotic efflux pump	benzalkonium chloride	False	chromosome_like	1		
Kathmandu18	RW_1	k141_1191615	k141_1191615_5 # 3859 # 6999 # 1 # ID=305663_5;partial=00;start_type=ATG;rbs_motif=AGGAG;rbs_spacer=5-10bp;gc_cont=0.655	adeF	3000777	Strict	44.15	98.77	fluoroquinolone antibiotic; tetracycline antibiotic	antibiotic efflux	resistance-nodulation-cell division (RND) antibiotic efflux pump	tetracycline	False	chromosome_like	1		
Kathmandu18	RW_1	k141_3089033	k141_3089033_2 # 1170 # 2075 # 1 # ID=308402_2;partial=00;start_type=ATG;rbs_motif=AGGAG;rbs_spacer=5-10bp;gc_cont=0.656	mphA	3000316	Perfect	100.0	100.0	macrolide antibiotic	antibiotic inactivation	macrolide phosphotransferase (MPH)	erythromycin; roxithromycin; telithromycin; clarithromycin; azithromycin; dirithromycin; oleandomycin	True	plasmid_like		0.9543	
Kathmandu18	RW_1	k141_3089033	k141_3089033_3 # 2072 # 3310 # 1 # ID=308402_3;partial=00;start_type=ATG;rbs_motif=None;rbs_spacer=None;gc_cont=0.651	Mrx	3003839	Perfect	100.0	100.0	macrolide antibiotic	antibiotic inactivation	macrolide phosphotransferase (MPH)		True	plasmid_like		0.9543	
Kathmandu18	RW_1	k141_3089437	k141_3089437_2 # 391 # 1491 # 1 # ID=308525_2;partial=00;start_type=ATG;rbs_motif=AGGAG;rbs_spacer=5-10bp;gc_cont=0.648	vanG	3002909	Strict	38.86	104.87	glycopeptide antibiotic	antibiotic target alteration	glycopeptide resistance gene cluster; Van ligase	vancomycin	False	chromosome_like	1		
Kathmandu18	RW_1	k141_1205007	k141_1205007_1 # 3 # 1133 # -1 # ID=308566_1;partial=10;start_type=TTG;rbs_motif=GGA/GAG/AGG;rbs_spacer=5-10bp;gc_cont=0.561	vanW gene in vanI cluster	3003724	Strict	32.86	101.07	glycopeptide antibiotic	antibiotic target alteration	vanW; glycopeptide resistance gene cluster	vancomycin; teicoplanin	False	chromosome_like	1		
Kathmandu18	RW_1	k141_1206102	k141_1206102_2 # 568 # 1701 # -1 # ID=308829_2;partial=01;start_type=Edge;rbs_motif=None;rbs_spacer=None;gc_cont=0.546	vanW gene in vanI cluster	3003724	Strict	31.0	101.07	glycopeptide antibiotic	antibiotic target alteration	vanW; glycopeptide resistance gene cluster	vancomycin; teicoplanin	False	chromosome_like	1		
Kathmandu18	RW_1	k141_1211792	k141_1211792_1 # 708 # 1367 # -1 # ID=310190_1;partial=00;start_type=ATG;rbs_motif=AGGAGG;rbs_spacer=5-10bp;gc_cont=0.355	catQ	3002687	Strict	99.54	100.0	phenicol antibiotic	antibiotic inactivation	chloramphenicol acetyltransferase (CAT)	azidamfenicol; chloramphenicol; thiamphenicol	False	chromosome_like	1		
Kathmandu18	RW_1	k141_3100631	k141_3100631_2 # 495 # 827 # 1 # ID=311296_2;partial=00;start_type=ATG;rbs_motif=GGAG/GAGG;rbs_spacer=5-10bp;gc_cont=0.432	qacG	3007015	Strict	41.67	102.8	disinfecting agents and antiseptics	antibiotic efflux	small multidrug resistance (SMR) antibiotic efflux pump	benzalkonium chloride	False	chromosome_like	1		
Kathmandu18	RW_1	k141_3103937	k141_3103937_11 # 9354 # 10700 # -1 # ID=312038_11;partial=00;start_type=GTG;rbs_motif=TAA;rbs_spacer=12bp;gc_cont=0.428	vanW gene in vanI cluster	3003724	Strict	32.07	120.11	glycopeptide antibiotic	antibiotic target alteration	vanW; glycopeptide resistance gene cluster	vancomycin; teicoplanin	False	chromosome_like	1		
Kathmandu18	RW_1	k141_1220850	k141_1220850_2 # 255 # 587 # -1 # ID=312251_2;partial=00;start_type=ATG;rbs_motif=GGAG/GAGG;rbs_spacer=5-10bp;gc_cont=0.631	qacJ	3007014	Strict	43.27	102.8	disinfecting agents and antiseptics	antibiotic efflux	small multidrug resistance (SMR) antibiotic efflux pump	benzalkonium chloride	False	chromosome_like	1		
Kathmandu18	RW_1	k141_3111652	k141_3111652_2 # 1130 # 1315 # 1 # ID=313811_2;partial=00;start_type=ATG;rbs_motif=AGGAG;rbs_spacer=5-10bp;gc_cont=0.532	rsmA	3005069	Strict	93.44	100.0	fluoroquinolone antibiotic; diaminopyrimidine antibiotic; phenicol antibiotic	antibiotic efflux	resistance-nodulation-cell division (RND) antibiotic efflux pump	trimethoprim; chloramphenicol	False	chromosome_like	1		
Kathmandu18	RW_1	k141_1229021	k141_1229021_3 # 1764 # 1949 # 1 # ID=313985_3;partial=00;start_type=ATG;rbs_motif=AGGAG;rbs_spacer=5-10bp;gc_cont=0.586	rsmA	3005069	Strict	95.08	100.0	fluoroquinolone antibiotic; diaminopyrimidine antibiotic; phenicol antibiotic	antibiotic efflux	resistance-nodulation-cell division (RND) antibiotic efflux pump	trimethoprim; chloramphenicol	False	chromosome_like	1		
Kathmandu18	RW_1	k141_1230816	k141_1230816_6 # 4981 # 5772 # 1 # ID=314404_6;partial=00;start_type=ATG;rbs_motif=GGAG/GAGG;rbs_spacer=5-10bp;gc_cont=0.652	Erm(51)	3007033	Strict	99.62	100.0	macrolide antibiotic; lincosamide antibiotic; streptogramin antibiotic; streptogramin B antibiotic	antibiotic target alteration	Erm 23S ribosomal RNA methyltransferase	erythromycin; clarithromycin; clindamycin; azithromycin; pristinamycin IB	True	plasmid_like		0.915	
Kathmandu18	RW_1	k141_1246652	k141_1246652_1 # 2 # 1267 # 1 # ID=317810_1;partial=11;start_type=Edge;rbs_motif=None;rbs_spacer=None;gc_cont=0.314	vanT gene in vanG cluster	3002972	Strict	35.71	59.27	glycopeptide antibiotic	antibiotic target alteration	glycopeptide resistance gene cluster; vanT	vancomycin	False	chromosome_like	1		
Kathmandu18	RW_1	k141_3129246	k141_3129246_1 # 2 # 1582 # 1 # ID=318006_1;partial=11;start_type=Edge;rbs_motif=None;rbs_spacer=None;gc_cont=0.418	vanT gene in vanG cluster	3002972	Strict	34.56	74.02	glycopeptide antibiotic	antibiotic target alteration	glycopeptide resistance gene cluster; vanT	vancomycin	False	chromosome_like	1		
Kathmandu18	RW_1	k141_3132405	k141_3132405_4 # 1551 # 2057 # 1 # ID=318669_4;partial=00;start_type=ATG;rbs_motif=TAAA;rbs_spacer=5bp;gc_cont=0.357	nimJ	3007112	Strict	60.61	101.82	nitroimidazole antibiotic	antibiotic inactivation	nitroimidazole reductase	metronidazole	False	chromosome_like	1		
Kathmandu18	RW_1	k141_3134925	k141_3134925_1 # 415 # 1071 # 1 # ID=319254_1;partial=00;start_type=ATG;rbs_motif=AGGAG;rbs_spacer=5-10bp;gc_cont=0.438	QnrS2	3002791	Perfect	100.0	100.0	fluoroquinolone antibiotic	antibiotic target protection	quinolone resistance protein (qnr)	ciprofloxacin; levofloxacin; moxifloxacin; gatifloxacin; nalidixic acid; norfloxacin; sparfloxacin	True	plasmid_like		0.9883	
Kathmandu18	RW_1	k141_1254588	k141_1254588_4 # 3545 # 6670 # -1 # ID=319637_4;partial=00;start_type=ATG;rbs_motif=AGGAG;rbs_spacer=5-10bp;gc_cont=0.639	adeF	3000777	Strict	44.82	98.3	fluoroquinolone antibiotic; tetracycline antibiotic	antibiotic efflux	resistance-nodulation-cell division (RND) antibiotic efflux pump	tetracycline	False	chromosome_like	1		
Kathmandu18	RW_1	k141_1261619	k141_1261619_1 # 3 # 1238 # -1 # ID=321336_1;partial=10;start_type=ATG;rbs_motif=None;rbs_spacer=None;gc_cont=0.627	tet(A)	3000165	Strict	99.03	97.17	tetracycline antibiotic	antibiotic efflux	major facilitator superfamily (MFS) antibiotic efflux pump	tetracycline	True	plasmid_like		0.9656	
Kathmandu18	RW_1	k141_1263782	k141_1263782_2 # 898 # 2553 # 1 # ID=321880_2;partial=00;start_type=ATG;rbs_motif=None;rbs_spacer=None;gc_cont=0.531	vanW gene in vanI cluster	3003724	Strict	32.27	147.72	glycopeptide antibiotic	antibiotic target alteration	vanW; glycopeptide resistance gene cluster	vancomycin; teicoplanin	False	chromosome_like	1		
Kathmandu18	RW_1	k141_1271645	k141_1271645_2 # 433 # 792 # -1 # ID=323715_2;partial=00;start_type=GTG;rbs_motif=None;rbs_spacer=None;gc_cont=0.667	qacG	3007015	Strict	41.35	111.21	disinfecting agents and antiseptics	antibiotic efflux	small multidrug resistance (SMR) antibiotic efflux pump	benzalkonium chloride	False	chromosome_like	1		
Kathmandu18	RW_1	k141_3159294	k141_3159294_3 # 1938 # 2975 # 1 # ID=324763_3;partial=01;start_type=ATG;rbs_motif=None;rbs_spacer=None;gc_cont=0.629	vanT gene in vanG cluster	3002972	Strict	35.84	48.6	glycopeptide antibiotic	antibiotic target alteration	glycopeptide resistance gene cluster; vanT	vancomycin	False	chromosome_like	1		
Kathmandu18	RW_1	k141_3159737	k141_3159737_10 # 7470 # 9944 # 1 # ID=324838_10;partial=00;start_type=ATG;rbs_motif=None;rbs_spacer=None;gc_cont=0.485	vanT gene in vanG cluster	3002972	Strict	35.33	115.73	glycopeptide antibiotic	antibiotic target alteration	glycopeptide resistance gene cluster; vanT	vancomycin	False	chromosome_like	1		
Kathmandu18	RW_1	k141_3161272	k141_3161272_3 # 1641 # 1838 # 1 # ID=325179_3;partial=00;start_type=ATG;rbs_motif=AGGAG;rbs_spacer=5-10bp;gc_cont=0.470	rsmA	3005069	Strict	87.93	106.56	fluoroquinolone antibiotic; diaminopyrimidine antibiotic; phenicol antibiotic	antibiotic efflux	resistance-nodulation-cell division (RND) antibiotic efflux pump	trimethoprim; chloramphenicol	False	chromosome_like	1		
Kathmandu18	RW_1	k141_1277814	k141_1277814_1 # 3 # 1091 # -1 # ID=325291_1;partial=10;start_type=ATG;rbs_motif=GGAG/GAGG;rbs_spacer=5-10bp;gc_cont=0.689	vanT gene in vanG cluster	3002972	Strict	35.0	50.98	glycopeptide antibiotic	antibiotic target alteration	glycopeptide resistance gene cluster; vanT	vancomycin	False	chromosome_like	1		
Kathmandu18	RW_1	k141_3164549	k141_3164549_2 # 346 # 1350 # 1 # ID=326019_2;partial=00;start_type=ATG;rbs_motif=None;rbs_spacer=None;gc_cont=0.394	vanH gene in vanB cluster	3002943	Strict	39.58	103.41	glycopeptide antibiotic	antibiotic target alteration	vanH; glycopeptide resistance gene cluster	vancomycin	False	chromosome_like	1		
Kathmandu18	RW_1	k141_1286239	k141_1286239_1 # 282 # 1391 # 1 # ID=327475_1;partial=00;start_type=ATG;rbs_motif=GGAG/GAGG;rbs_spacer=5-10bp;gc_cont=0.666	vanG	3002909	Strict	38.38	105.73	glycopeptide antibiotic	antibiotic target alteration	glycopeptide resistance gene cluster; Van ligase	vancomycin	False	chromosome_like	1		
Kathmandu18	RW_1	k141_1288754	k141_1288754_4 # 2307 # 3188 # -1 # ID=328166_4;partial=00;start_type=ATG;rbs_motif=AGGAG;rbs_spacer=5-10bp;gc_cont=0.658	vanY gene in vanB cluster	3002956	Strict	32.07	109.33	glycopeptide antibiotic	antibiotic target alteration	vanY; glycopeptide resistance gene cluster	vancomycin	False	chromosome_like	1		
Kathmandu18	RW_1	k141_3174079	k141_3174079_3 # 602 # 2539 # -1 # ID=328434_3;partial=00;start_type=ATG;rbs_motif=AGGAG;rbs_spacer=5-10bp;gc_cont=0.640	vanW gene in vanI cluster	3003724	Strict	33.95	172.92	glycopeptide antibiotic	antibiotic target alteration	vanW; glycopeptide resistance gene cluster	vancomycin; teicoplanin	False	chromosome_like	1		
Kathmandu18	RW_1	k141_1289916	k141_1289916_1 # 3 # 950 # -1 # ID=328475_1;partial=10;start_type=ATG;rbs_motif=None;rbs_spacer=None;gc_cont=0.498	vanH gene in vanO cluster	3002948	Strict	37.59	90.29	glycopeptide antibiotic	antibiotic target alteration	vanH; glycopeptide resistance gene cluster	vancomycin	False	chromosome_like	1		
Kathmandu18	RW_1	k141_1303406	k141_1303406_2 # 707 # 1810 # 1 # ID=331972_2;partial=00;start_type=ATG;rbs_motif=None;rbs_spacer=None;gc_cont=0.670	vanT gene in vanG cluster	3002972	Strict	34.15	51.54	glycopeptide antibiotic	antibiotic target alteration	glycopeptide resistance gene cluster; vanT	vancomycin	False	chromosome_like	1		
Kathmandu18	RW_1	k141_3187901	k141_3187901_2 # 247 # 1041 # -1 # ID=332053_2;partial=00;start_type=ATG;rbs_motif=GGA/GAG/AGG;rbs_spacer=11-12bp;gc_cont=0.498	aphA15	3004675	Perfect	100.0	100.0	aminoglycoside antibiotic	antibiotic inactivation	APH(3')	neomycin; amikacin; netilmicin; streptomycin; kanamycin A	False	chromosome_like	1		
Kathmandu18	RW_1	k141_3193795	k141_3193795_1 # 1 # 1182 # 1 # ID=333513_1;partial=11;start_type=Edge;rbs_motif=None;rbs_spacer=None;gc_cont=0.633	vanY gene in vanM cluster	3002961	Strict	29.53	169.1	glycopeptide antibiotic	antibiotic target alteration	vanY; glycopeptide resistance gene cluster	vancomycin; teicoplanin	False	chromosome_like	1		
Kathmandu18	RW_1	k141_1312237	k141_1312237_7 # 4398 # 5525 # -1 # ID=334344_7;partial=00;start_type=ATG;rbs_motif=AGxAGG/AGGxGG;rbs_spacer=5-10bp;gc_cont=0.591	vanT gene in vanC cluster	3002970	Strict	35.31	53.72	glycopeptide antibiotic	antibiotic target alteration	glycopeptide resistance gene cluster; vanT	vancomycin	False	chromosome_like	1		
Kathmandu18	RW_1	k141_3204423	k141_3204423_1 # 2 # 577 # 1 # ID=335904_1;partial=10;start_type=Edge;rbs_motif=None;rbs_spacer=None;gc_cont=0.576	vanY gene in vanB cluster	3002956	Strict	36.02	71.27	glycopeptide antibiotic	antibiotic target alteration	vanY; glycopeptide resistance gene cluster	vancomycin	False	chromosome_like	1		
Kathmandu18	RW_1	k141_1323506	k141_1323506_1 # 130 # 630 # 1 # ID=337074_1;partial=00;start_type=ATG;rbs_motif=AGGAG;rbs_spacer=5-10bp;gc_cont=0.435	nimJ	3007112	Strict	56.25	100.61	nitroimidazole antibiotic	antibiotic inactivation	nitroimidazole reductase	metronidazole	False	chromosome_like	1		
Kathmandu18	RW_1	k141_1326014	k141_1326014_3 # 2147 # 3268 # -1 # ID=337704_3;partial=00;start_type=ATG;rbs_motif=AGGA;rbs_spacer=5-10bp;gc_cont=0.731	vanT gene in vanG cluster	3002972	Strict	33.24	52.39	glycopeptide antibiotic	antibiotic target alteration	glycopeptide resistance gene cluster; vanT	vancomycin	False	chromosome_like	1		
Kathmandu18	RW_1	k141_3214015	k141_3214015_6 # 5313 # 6431 # 1 # ID=338252_6;partial=00;start_type=ATG;rbs_motif=AGGA;rbs_spacer=5-10bp;gc_cont=0.641	vanT gene in vanG cluster	3002972	Strict	35.31	52.25	glycopeptide antibiotic	antibiotic target alteration	glycopeptide resistance gene cluster; vanT	vancomycin	False	chromosome_like	1		
Kathmandu18	RW_1	k141_1334338	k141_1334338_2 # 689 # 1033 # -1 # ID=339822_2;partial=00;start_type=ATG;rbs_motif=GGA/GAG/AGG;rbs_spacer=5-10bp;gc_cont=0.475	qacG	3007015	Strict	49.04	106.54	disinfecting agents and antiseptics	antibiotic efflux	small multidrug resistance (SMR) antibiotic efflux pump	benzalkonium chloride	False	chromosome_like	1		
Kathmandu18	RW_1	k141_1336503	k141_1336503_4 # 4182 # 5036 # 1 # ID=340463_4;partial=00;start_type=ATG;rbs_motif=AGGAG;rbs_spacer=5-10bp;gc_cont=0.561	ErmX	3000596	Strict	89.44	100.0	macrolide antibiotic; lincosamide antibiotic; streptogramin antibiotic; streptogramin A antibiotic; streptogramin B antibiotic	antibiotic target alteration	Erm 23S ribosomal RNA methyltransferase	erythromycin; roxithromycin; lincomycin; telithromycin; clarithromycin; clindamycin; tylosin; spiramycin; azithromycin; dirithromycin; pristinamycin IA; quinupristin; virginiamycin M1; madumycin II; griseoviridin; dalfopristin; pristinamycin IB; virginiamycin S2; pristinamycin IC; vernamycin C; patricin A; patricin B; ostreogrycin B3; oleandomycin	True	plasmid_like		0.9849	
Kathmandu18	RW_1	k141_1338206	k141_1338206_2 # 339 # 1247 # -1 # ID=340945_2;partial=00;start_type=ATG;rbs_motif=GGA/GAG/AGG;rbs_spacer=5-10bp;gc_cont=0.596	Laribacter hongkongensis ampC beta-lactamase	3004292	Strict	96.03	77.44	cephalosporin; penam	antibiotic inactivation	ampC-type beta-lactamase		False	chromosome_like	1		
Kathmandu18	RW_1	k141_3234260	k141_3234260_2 # 1232 # 2218 # -1 # ID=342860_2;partial=01;start_type=Edge;rbs_motif=None;rbs_spacer=None;gc_cont=0.315	EreD	3004608	Strict	99.39	80.39	macrolide antibiotic	antibiotic inactivation	macrolide esterase	erythromycin	False	chromosome_like	1		
Kathmandu18	RW_1	k141_1349150	k141_1349150_1 # 116 # 1279 # -1 # ID=343738_1;partial=00;start_type=ATG;rbs_motif=AGGAG;rbs_spacer=5-10bp;gc_cont=0.371	vanT gene in vanG cluster	3002972	Strict	34.68	54.35	glycopeptide antibiotic	antibiotic target alteration	glycopeptide resistance gene cluster; vanT	vancomycin	False	chromosome_like	1		
Kathmandu18	RW_1	k141_3243940	k141_3243940_2 # 635 # 3115 # -1 # ID=345050_2;partial=00;start_type=ATG;rbs_motif=None;rbs_spacer=None;gc_cont=0.412	vanT gene in vanG cluster	3002972	Strict	34.19	116.01	glycopeptide antibiotic	antibiotic target alteration	glycopeptide resistance gene cluster; vanT	vancomycin	False	chromosome_like	1		
Kathmandu18	RW_1	k141_3244300	k141_3244300_2 # 889 # 1773 # 1 # ID=345130_2;partial=00;start_type=ATG;rbs_motif=AAAA;rbs_spacer=11bp;gc_cont=0.385	mphG	3003742	Strict	87.07	100.0	macrolide antibiotic	antibiotic inactivation	macrolide phosphotransferase (MPH)	erythromycin; clarithromycin; azithromycin	False	chromosome_like	1		
Kathmandu18	RW_1	k141_1360074	k141_1360074_3 # 910 # 2079 # -1 # ID=346409_3;partial=00;start_type=ATG;rbs_motif=GGAG/GAGG;rbs_spacer=5-10bp;gc_cont=0.465	vanT gene in vanG cluster	3002972	Strict	37.57	54.63	glycopeptide antibiotic	antibiotic target alteration	glycopeptide resistance gene cluster; vanT	vancomycin	False	chromosome_like	1		
Kathmandu18	RW_1	k141_3250932	k141_3250932_2 # 494 # 1126 # -1 # ID=346591_2;partial=00;start_type=ATG;rbs_motif=GGAG/GAGG;rbs_spacer=5-10bp;gc_cont=0.515	CRP	3000518	Strict	99.05	100.0	macrolide antibiotic; fluoroquinolone antibiotic; penam	antibiotic efflux	resistance-nodulation-cell division (RND) antibiotic efflux pump	erythromycin; cloxacillin; oxacillin; norfloxacin	False	chromosome_like	1		
Kathmandu18	RW_1	k141_1366195	k141_1366195_1 # 2 # 1714 # 1 # ID=347916_1;partial=11;start_type=Edge;rbs_motif=None;rbs_spacer=None;gc_cont=0.578	vanW gene in vanI cluster	3003724	Strict	41.57	153.08	glycopeptide antibiotic	antibiotic target alteration	vanW; glycopeptide resistance gene cluster	vancomycin; teicoplanin	False	chromosome_like	1		
Kathmandu18	RW_1	k141_1374135	k141_1374135_1 # 362 # 1132 # -1 # ID=349886_1;partial=00;start_type=ATG;rbs_motif=TAA;rbs_spacer=11bp;gc_cont=0.320	LnuH	3004600	Strict	92.97	98.46	lincosamide antibiotic	antibiotic inactivation	lincosamide nucleotidyltransferase (LNU)		False	chromosome_like	1		
Kathmandu18	RW_1	k141_3270659	k141_3270659_4 # 2888 # 3400 # 1 # ID=350542_4;partial=00;start_type=ATG;rbs_motif=TAA;rbs_spacer=11bp;gc_cont=0.404	nimE	3007107	Perfect	100.0	100.0	nitroimidazole antibiotic	antibiotic inactivation	nitroimidazole reductase	metronidazole	True	plasmid_like		0.9947	
Kathmandu18	RW_1	k141_1377800	k141_1377800_1 # 3 # 491 # 1 # ID=350791_1;partial=10;start_type=Edge;rbs_motif=None;rbs_spacer=None;gc_cont=0.546	vanY gene in vanM cluster	3002961	Strict	32.09	69.53	glycopeptide antibiotic	antibiotic target alteration	vanY; glycopeptide resistance gene cluster	vancomycin; teicoplanin	False	chromosome_like	1		
Kathmandu18	RW_1	k141_3275346	k141_3275346_6 # 2659 # 3489 # 1 # ID=351542_6;partial=00;start_type=ATG;rbs_motif=AGxAGG/AGGxGG;rbs_spacer=5-10bp;gc_cont=0.628	vanY gene in vanB cluster	3002956	Strict	31.18	102.99	glycopeptide antibiotic	antibiotic target alteration	vanY; glycopeptide resistance gene cluster	vancomycin	False	chromosome_like	1		
Kathmandu18	RW_1	k141_1383691	k141_1383691_10 # 7429 # 8802 # 1 # ID=352185_10;partial=00;start_type=ATG;rbs_motif=None;rbs_spacer=None;gc_cont=0.547	cpxA	3000830	Perfect	100.0	100.0	aminoglycoside antibiotic; aminocoumarin antibiotic	antibiotic efflux	resistance-nodulation-cell division (RND) antibiotic efflux pump	novobiocin	True	plasmid_like		0.9023	
Kathmandu18	RW_1	k141_3287519	k141_3287519_1 # 3 # 728 # -1 # ID=354289_1;partial=10;start_type=ATG;rbs_motif=AGxAGG/AGGxGG;rbs_spacer=5-10bp;gc_cont=0.482	vanW gene in vanI cluster	3003724	Strict	37.27	64.88	glycopeptide antibiotic	antibiotic target alteration	vanW; glycopeptide resistance gene cluster	vancomycin; teicoplanin	True	virus_like			0.9328
Kathmandu18	RW_1	k141_1395506	k141_1395506_39 # 43253 # 44386 # -1 # ID=355135_39;partial=00;start_type=ATG;rbs_motif=GGA/GAG/AGG;rbs_spacer=11-12bp;gc_cont=0.505	EC-15	3006876	Strict	98.67	100.0	cephalosporin	antibiotic inactivation	EC beta-lactamase		False	chromosome_like	1		
Kathmandu18	RW_1	k141_1396112	k141_1396112_1 # 1 # 576 # 1 # ID=355305_1;partial=10;start_type=Edge;rbs_motif=None;rbs_spacer=None;gc_cont=0.361	vanY gene in vanB cluster	3002956	Strict	61.24	71.27	glycopeptide antibiotic	antibiotic target alteration	vanY; glycopeptide resistance gene cluster	vancomycin	False	chromosome_like	1		
Kathmandu18	RW_1	k141_3296623	k141_3296623_1 # 201 # 1046 # -1 # ID=356415_1;partial=00;start_type=ATG;rbs_motif=None;rbs_spacer=None;gc_cont=0.538	aadA6	3002606	Perfect	100.0	100.0	aminoglycoside antibiotic	antibiotic inactivation	ANT(3'')	spectinomycin; streptomycin	False	chromosome_like	1		
Kathmandu18	RW_1	k141_1401281	k141_1401281_1 # 214 # 1047 # -1 # ID=356514_1;partial=01;start_type=Edge;rbs_motif=None;rbs_spacer=None;gc_cont=0.546	vanW gene in vanI cluster	3003724	Strict	36.73	74.26	glycopeptide antibiotic	antibiotic target alteration	vanW; glycopeptide resistance gene cluster	vancomycin; teicoplanin	False	chromosome_like	1		
Kathmandu18	RW_1	k141_3297895	k141_3297895_1 # 129 # 1118 # 1 # ID=356762_1;partial=01;start_type=ATG;rbs_motif=GGAG/GAGG;rbs_spacer=5-10bp;gc_cont=0.543	aadA16	3002616	Strict	97.41	117.44	aminoglycoside antibiotic	antibiotic inactivation	ANT(3'')	spectinomycin; streptomycin	False	chromosome_like	1		
Kathmandu18	RW_1	k141_1403678	k141_1403678_2 # 545 # 1180 # -1 # ID=357079_2;partial=01;start_type=Edge;rbs_motif=None;rbs_spacer=None;gc_cont=0.498	vanY gene in vanB cluster	3002956	Strict	38.65	78.73	glycopeptide antibiotic	antibiotic target alteration	vanY; glycopeptide resistance gene cluster	vancomycin	False	chromosome_like	1		
Kathmandu18	RW_1	k141_3302990	k141_3302990_1 # 102 # 1136 # -1 # ID=358107_1;partial=01;start_type=Edge;rbs_motif=None;rbs_spacer=None;gc_cont=0.547	vanW gene in vanI cluster	3003724	Strict	40.85	92.23	glycopeptide antibiotic	antibiotic target alteration	vanW; glycopeptide resistance gene cluster	vancomycin; teicoplanin	False	chromosome_like	1		
Kathmandu18	RW_1	k141_1411089	k141_1411089_1 # 70 # 462 # 1 # ID=359115_1;partial=00;start_type=ATG;rbs_motif=AGxAGG/AGGxGG;rbs_spacer=5-10bp;gc_cont=0.455	Klebsiella pneumoniae KpnE	3004580	Strict	82.5	108.33	macrolide antibiotic; aminoglycoside antibiotic; cephalosporin; tetracycline antibiotic; peptide antibiotic; rifamycin antibiotic; disinfecting agents and antiseptics	antibiotic efflux	small multidrug resistance (SMR) antibiotic efflux pump	erythromycin; streptomycin; tetracycline; cefepime; ceftriaxone; rifampin; colistin A; colistin B; triclosan; benzalkonium chloride; chlorhexidine	False	chromosome_like	1		
Kathmandu18	RW_1	k141_1411089	k141_1411089_2 # 449 # 778 # 1 # ID=359115_2;partial=00;start_type=ATG;rbs_motif=AGGAG;rbs_spacer=5-10bp;gc_cont=0.591	Klebsiella pneumoniae KpnF	3004583	Strict	86.24	100.0	macrolide antibiotic; aminoglycoside antibiotic; cephalosporin; tetracycline antibiotic; peptide antibiotic; rifamycin antibiotic; disinfecting agents and antiseptics	antibiotic efflux	small multidrug resistance (SMR) antibiotic efflux pump	erythromycin; streptomycin; tetracycline; cefepime; ceftriaxone; rifampin; colistin A; colistin B; triclosan; benzalkonium chloride; chlorhexidine	False	chromosome_like	1		
Kathmandu18	RW_1	k141_3308965	k141_3308965_4 # 3444 # 4184 # 1 # ID=359542_4;partial=00;start_type=ATG;rbs_motif=GGAG/GAGG;rbs_spacer=5-10bp;gc_cont=0.266	ErmT	3000595	Strict	86.94	100.82	macrolide antibiotic; lincosamide antibiotic; streptogramin antibiotic; streptogramin A antibiotic; streptogramin B antibiotic	antibiotic target alteration	Erm 23S ribosomal RNA methyltransferase	erythromycin; roxithromycin; lincomycin; telithromycin; clarithromycin; clindamycin; tylosin; spiramycin; azithromycin; dirithromycin; pristinamycin IA; quinupristin; virginiamycin M1; madumycin II; griseoviridin; dalfopristin; pristinamycin IB; virginiamycin S2; pristinamycin IC; vernamycin C; patricin A; patricin B; ostreogrycin B3; oleandomycin	True	plasmid_like		0.9927	
Kathmandu18	RW_1	k141_3310690	k141_3310690_1 # 134 # 1447 # 1 # ID=359899_1;partial=01;start_type=ATG;rbs_motif=AGxAGG/AGGxGG;rbs_spacer=5-10bp;gc_cont=0.516	vanW gene in vanI cluster	3003724	Strict	31.1	117.43	glycopeptide antibiotic	antibiotic target alteration	vanW; glycopeptide resistance gene cluster	vancomycin; teicoplanin	False	chromosome_like	1		
Kathmandu18	RW_1	k141_1414284	k141_1414284_11 # 9460 # 9792 # -1 # ID=359955_11;partial=00;start_type=ATG;rbs_motif=GGAGG;rbs_spacer=5-10bp;gc_cont=0.637	qacG	3007015	Strict	39.42	102.8	disinfecting agents and antiseptics	antibiotic efflux	small multidrug resistance (SMR) antibiotic efflux pump	benzalkonium chloride	True	plasmid_like		0.7967	
Kathmandu18	RW_1	k141_1415485	k141_1415485_5 # 2911 # 4125 # -1 # ID=360260_5;partial=00;start_type=ATG;rbs_motif=3Base/5BMM;rbs_spacer=13-15bp;gc_cont=0.587	cmlA9	3005043	Perfect	100.0	100.0	phenicol antibiotic	antibiotic efflux	major facilitator superfamily (MFS) antibiotic efflux pump	chloramphenicol	True	plasmid_like		0.9815	
Kathmandu18	RW_1	k141_1418387	k141_1418387_2 # 412 # 750 # -1 # ID=361029_2;partial=00;start_type=ATG;rbs_motif=None;rbs_spacer=None;gc_cont=0.605	qacG	3007015	Strict	40.95	104.67	disinfecting agents and antiseptics	antibiotic efflux	small multidrug resistance (SMR) antibiotic efflux pump	benzalkonium chloride	False	chromosome_like	1		
Kathmandu18	RW_1	k141_3323317	k141_3323317_1 # 1 # 1728 # 1 # ID=363094_1;partial=10;start_type=Edge;rbs_motif=None;rbs_spacer=None;gc_cont=0.438	vanT gene in vanG cluster	3002972	Strict	34.14	80.76	glycopeptide antibiotic	antibiotic target alteration	glycopeptide resistance gene cluster; vanT	vancomycin	False	chromosome_like	1		
Kathmandu18	RW_1	k141_1429343	k141_1429343_1 # 796 # 1596 # -1 # ID=363975_1;partial=00;start_type=GTG;rbs_motif=GGAGG;rbs_spacer=3-4bp;gc_cont=0.457	OXA-20	3001415	Strict	98.5	100.0	carbapenem; cephalosporin; penam	antibiotic inactivation	OXA beta-lactamase	cloxacillin; oxacillin; cefalotin	False	chromosome_like	1		
Kathmandu18	RW_1	k141_1446995	k141_1446995_4 # 2815 # 3939 # -1 # ID=368489_4;partial=00;start_type=ATG;rbs_motif=GGA/GAG/AGG;rbs_spacer=5-10bp;gc_cont=0.516	vanT gene in vanG cluster	3002972	Strict	38.52	52.53	glycopeptide antibiotic	antibiotic target alteration	glycopeptide resistance gene cluster; vanT	vancomycin	False	chromosome_like	1		
Kathmandu18	RW_1	k141_3345050	k141_3345050_1 # 500 # 1015 # 1 # ID=368763_1;partial=00;start_type=ATG;rbs_motif=AGGAG;rbs_spacer=5-10bp;gc_cont=0.386	nimG	3007109	Strict	56.25	104.27	nitroimidazole antibiotic	antibiotic inactivation	nitroimidazole reductase	metronidazole	False	chromosome_like	1		
Kathmandu18	RW_1	k141_3345562	k141_3345562_1 # 269 # 1162 # 1 # ID=368897_1;partial=01;start_type=ATG;rbs_motif=None;rbs_spacer=None;gc_cont=0.593	vanT gene in vanG cluster	3002972	Strict	34.71	41.85	glycopeptide antibiotic	antibiotic target alteration	glycopeptide resistance gene cluster; vanT	vancomycin	False	chromosome_like	1		
Kathmandu18	RW_1	k141_1453472	k141_1453472_1 # 3 # 1265 # -1 # ID=370250_1;partial=11;start_type=Edge;rbs_motif=None;rbs_spacer=None;gc_cont=0.520	vanW gene in vanI cluster	3003724	Strict	30.77	112.87	glycopeptide antibiotic	antibiotic target alteration	vanW; glycopeptide resistance gene cluster	vancomycin; teicoplanin	False	chromosome_like	1		
Kathmandu18	RW_1	k141_3353653	k141_3353653_1 # 294 # 1082 # -1 # ID=371047_1;partial=00;start_type=ATG;rbs_motif=GGA/GAG/AGG;rbs_spacer=5-10bp;gc_cont=0.582	aadA4	3002604	Strict	98.85	100.0	aminoglycoside antibiotic	antibiotic inactivation	ANT(3'')	spectinomycin; streptomycin	False	chromosome_like	1		
Kathmandu18	RW_1	k141_1469257	k141_1469257_2 # 592 # 924 # 1 # ID=374338_2;partial=00;start_type=ATG;rbs_motif=GGAG/GAGG;rbs_spacer=5-10bp;gc_cont=0.607	qacG	3007015	Strict	38.46	102.8	disinfecting agents and antiseptics	antibiotic efflux	small multidrug resistance (SMR) antibiotic efflux pump	benzalkonium chloride	False	chromosome_like	1		
Kathmandu18	RW_1	k141_1470417	k141_1470417_3 # 941 # 1951 # -1 # ID=374601_3;partial=01;start_type=Edge;rbs_motif=None;rbs_spacer=None;gc_cont=0.561	vanT gene in vanG cluster	3002972	Strict	35.4	47.19	glycopeptide antibiotic	antibiotic target alteration	glycopeptide resistance gene cluster; vanT	vancomycin	False	chromosome_like	1		
Kathmandu18	RW_1	k141_1474247	k141_1474247_1 # 211 # 543 # 1 # ID=375604_1;partial=00;start_type=ATG;rbs_motif=None;rbs_spacer=None;gc_cont=0.595	qacG	3007015	Strict	38.1	102.8	disinfecting agents and antiseptics	antibiotic efflux	small multidrug resistance (SMR) antibiotic efflux pump	benzalkonium chloride	False	chromosome_like	1		
Kathmandu18	RW_1	k141_1474601	k141_1474601_1 # 1 # 276 # 1 # ID=375688_1;partial=10;start_type=Edge;rbs_motif=None;rbs_spacer=None;gc_cont=0.453	qacG	3007015	Strict	45.35	85.05	disinfecting agents and antiseptics	antibiotic efflux	small multidrug resistance (SMR) antibiotic efflux pump	benzalkonium chloride	False	chromosome_like	1		
Kathmandu18	RW_1	k141_3378347	k141_3378347_7 # 4871 # 5653 # 1 # ID=377989_7;partial=00;start_type=ATG;rbs_motif=AGxAGG/AGGxGG;rbs_spacer=5-10bp;gc_cont=0.547	vanY gene in vanG cluster	3002959	Strict	36.29	93.19	glycopeptide antibiotic	antibiotic target alteration	vanY; glycopeptide resistance gene cluster	vancomycin	False	chromosome_like	1		
Kathmandu18	RW_1	k141_1487562	k141_1487562_2 # 1743 # 2930 # -1 # ID=379166_2;partial=00;start_type=ATG;rbs_motif=AGGAG/GGAGG;rbs_spacer=11-12bp;gc_cont=0.652	vanT gene in vanG cluster	3002972	Strict	37.53	55.48	glycopeptide antibiotic	antibiotic target alteration	glycopeptide resistance gene cluster; vanT	vancomycin	False	chromosome_like	1		
Kathmandu18	RW_1	k141_1492013	k141_1492013_2 # 219 # 938 # 1 # ID=380324_2;partial=00;start_type=ATG;rbs_motif=None;rbs_spacer=None;gc_cont=0.443	vanY gene in vanF cluster	3002958	Strict	35.33	81.57	glycopeptide antibiotic	antibiotic target alteration	vanY; glycopeptide resistance gene cluster	vancomycin	False	chromosome_like	1		
Kathmandu18	RW_1	k141_3387694	k141_3387694_3 # 1136 # 1480 # 1 # ID=380489_3;partial=00;start_type=ATG;rbs_motif=GGA/GAG/AGG;rbs_spacer=5-10bp;gc_cont=0.661	qacG	3007015	Strict	45.19	106.54	disinfecting agents and antiseptics	antibiotic efflux	small multidrug resistance (SMR) antibiotic efflux pump	benzalkonium chloride	False	chromosome_like	1		
Kathmandu18	RW_1	k141_3389409	k141_3389409_1 # 85 # 1050 # -1 # ID=380976_1;partial=01;start_type=Edge;rbs_motif=None;rbs_spacer=None;gc_cont=0.688	vanW gene in vanI cluster	3003724	Strict	41.33	86.06	glycopeptide antibiotic	antibiotic target alteration	vanW; glycopeptide resistance gene cluster	vancomycin; teicoplanin	False	chromosome_like	1		
Kathmandu18	RW_1	k141_3391215	k141_3391215_3 # 1139 # 1609 # -1 # ID=381460_3;partial=01;start_type=Edge;rbs_motif=None;rbs_spacer=None;gc_cont=0.382	vanY gene in vanG cluster	3002959	Strict	37.97	55.91	glycopeptide antibiotic	antibiotic target alteration	vanY; glycopeptide resistance gene cluster	vancomycin	False	chromosome_like	1		
Kathmandu18	RW_1	k141_1497340	k141_1497340_2 # 568 # 1368 # 1 # ID=381730_2;partial=00;start_type=ATG;rbs_motif=AGGA;rbs_spacer=5-10bp;gc_cont=0.472	OXA-732	3005937	Perfect	100.0	100.0	carbapenem; cephalosporin; penam	antibiotic inactivation	OXA beta-lactamase	cloxacillin; oxacillin; cefalotin	False	chromosome_like	1		
Kathmandu18	RW_1	k141_1497633	k141_1497633_2 # 1085 # 1879 # -1 # ID=381791_2;partial=00;start_type=ATG;rbs_motif=AGGAG;rbs_spacer=5-10bp;gc_cont=0.629	OXA-917	3006103	Perfect	100.0	100.0	carbapenem; cephalosporin; penam	antibiotic inactivation	OXA beta-lactamase	cloxacillin; oxacillin; cefalotin	False	chromosome_like	1		
Kathmandu18	RW_1	k141_3393339	k141_3393339_3 # 1133 # 1537 # 1 # ID=382020_3;partial=00;start_type=ATG;rbs_motif=AATAA;rbs_spacer=15bp;gc_cont=0.533	FosI	3007370	Strict	53.12	100.0	phosphonic acid antibiotic	antibiotic inactivation	fosfomycin thiol transferase	fosfomycin	False	chromosome_like	1		
Kathmandu18	RW_1	k141_1498882	k141_1498882_1 # 146 # 1279 # 1 # ID=382079_1;partial=00;start_type=ATG;rbs_motif=GGA/GAG/AGG;rbs_spacer=5-10bp;gc_cont=0.686	vanT gene in vanG cluster	3002972	Strict	33.87	52.95	glycopeptide antibiotic	antibiotic target alteration	glycopeptide resistance gene cluster; vanT	vancomycin	False	chromosome_like	1		
Kathmandu18	RW_1	k141_1499078	k141_1499078_7 # 3496 # 4386 # -1 # ID=382129_7;partial=00;start_type=ATG;rbs_motif=TAAA;rbs_spacer=12bp;gc_cont=0.485	CblA-1	3002999	Perfect	100.0	100.0	cephalosporin	antibiotic inactivation	CblA beta-lactamase	cephaloridine	False	chromosome_like	1		
Kathmandu18	RW_1	k141_1499078	k141_1499078_8 # 4523 # 7636 # -1 # ID=382129_8;partial=00;start_type=ATG;rbs_motif=TAA;rbs_spacer=11bp;gc_cont=0.531	adeF	3000777	Strict	42.27	97.92	fluoroquinolone antibiotic; tetracycline antibiotic	antibiotic efflux	resistance-nodulation-cell division (RND) antibiotic efflux pump	tetracycline	False	chromosome_like	1		
Kathmandu18	RW_1	k141_1500360	k141_1500360_2 # 1291 # 1785 # 1 # ID=382433_2;partial=00;start_type=ATG;rbs_motif=GGAG/GAGG;rbs_spacer=5-10bp;gc_cont=0.335	lnuC	3002837	Strict	98.17	100.0	lincosamide antibiotic	antibiotic inactivation	lincosamide nucleotidyltransferase (LNU)	lincomycin	False	chromosome_like	1		
Kathmandu18	RW_1	k141_3395574	k141_3395574_2 # 101 # 433 # -1 # ID=382544_2;partial=00;start_type=ATG;rbs_motif=GGA/GAG/AGG;rbs_spacer=5-10bp;gc_cont=0.538	qacJ	3007014	Strict	36.54	102.8	disinfecting agents and antiseptics	antibiotic efflux	small multidrug resistance (SMR) antibiotic efflux pump	benzalkonium chloride	False	chromosome_like	1		
Kathmandu18	RW_1	k141_3400755	k141_3400755_2 # 872 # 1303 # -1 # ID=383897_2;partial=01;start_type=Edge;rbs_motif=None;rbs_spacer=None;gc_cont=0.472	nimG	3007109	Strict	56.74	87.2	nitroimidazole antibiotic	antibiotic inactivation	nitroimidazole reductase	metronidazole	False	chromosome_like	1		
Kathmandu18	RW_1	k141_3405566	k141_3405566_2 # 643 # 1353 # -1 # ID=385088_2;partial=01;start_type=Edge;rbs_motif=None;rbs_spacer=None;gc_cont=0.374	tet(M)	3000186	Strict	93.64	36.93	tetracycline antibiotic	antibiotic target protection	tetracycline-resistant ribosomal protection protein	tetracycline; doxycycline; minocycline; chlortetracycline; demeclocycline; oxytetracycline	False	chromosome_like	1		
Kathmandu18	RW_1	k141_1515209	k141_1515209_7 # 4184 # 5308 # -1 # ID=385975_7;partial=00;start_type=ATG;rbs_motif=None;rbs_spacer=None;gc_cont=0.453	vanT gene in vanG cluster	3002972	Strict	34.06	52.53	glycopeptide antibiotic	antibiotic target alteration	glycopeptide resistance gene cluster; vanT	vancomycin	False	chromosome_like	1		
Kathmandu18	RW_1	k141_3409226	k141_3409226_3 # 1315 # 2490 # 1 # ID=386005_3;partial=01;start_type=ATG;rbs_motif=GGAG/GAGG;rbs_spacer=5-10bp;gc_cont=0.297	tet(44)	3000556	Strict	95.15	61.25	tetracycline antibiotic	antibiotic target protection	tetracycline-resistant ribosomal protection protein	tetracycline; doxycycline; minocycline; chlortetracycline; demeclocycline; oxytetracycline	False	chromosome_like	1		
Kathmandu18	RW_1	k141_1521902	k141_1521902_2 # 1314 # 2111 # -1 # ID=387506_2;partial=00;start_type=ATG;rbs_motif=TAA;rbs_spacer=13bp;gc_cont=0.449	OXA-48	3001782	Strict	99.25	100.0	carbapenem; cephalosporin; penam	antibiotic inactivation	OXA beta-lactamase	cloxacillin; oxacillin; cefalotin; temocillin	False	chromosome_like	1		
Kathmandu18	RW_1	k141_3416687	k141_3416687_4 # 2440 # 4368 # -1 # ID=387979_4;partial=00;start_type=GTG;rbs_motif=None;rbs_spacer=None;gc_cont=0.516	vanW gene in vanI cluster	3003724	Strict	30.66	172.12	glycopeptide antibiotic	antibiotic target alteration	vanW; glycopeptide resistance gene cluster	vancomycin; teicoplanin	False	chromosome_like	1		
Kathmandu18	RW_1	k141_3417766	k141_3417766_1 # 158 # 1231 # -1 # ID=388297_1;partial=00;start_type=ATG;rbs_motif=GGA/GAG/AGG;rbs_spacer=5-10bp;gc_cont=0.648	vanT gene in vanG cluster	3002972	Strict	33.15	50.14	glycopeptide antibiotic	antibiotic target alteration	glycopeptide resistance gene cluster; vanT	vancomycin	False	chromosome_like	1		
Kathmandu18	RW_1	k141_1525947	k141_1525947_1 # 1 # 600 # -1 # ID=388361_1;partial=10;start_type=ATG;rbs_motif=GGAG/GAGG;rbs_spacer=5-10bp;gc_cont=0.485	vanY gene in vanG cluster	3002959	Strict	38.94	71.68	glycopeptide antibiotic	antibiotic target alteration	vanY; glycopeptide resistance gene cluster	vancomycin	False	chromosome_like	1		
Kathmandu18	RW_1	k141_1527296	k141_1527296_1 # 276 # 473 # -1 # ID=388719_1;partial=00;start_type=ATG;rbs_motif=AGGAG;rbs_spacer=5-10bp;gc_cont=0.525	rsmA	3005069	Strict	87.93	106.56	fluoroquinolone antibiotic; diaminopyrimidine antibiotic; phenicol antibiotic	antibiotic efflux	resistance-nodulation-cell division (RND) antibiotic efflux pump	trimethoprim; chloramphenicol	False	chromosome_like	1		
Kathmandu18	RW_1	k141_1532026	k141_1532026_2 # 1477 # 4686 # -1 # ID=389826_2;partial=00;start_type=ATG;rbs_motif=GGA/GAG/AGG;rbs_spacer=5-10bp;gc_cont=0.564	adeF	3000777	Strict	41.14	100.94	fluoroquinolone antibiotic; tetracycline antibiotic	antibiotic efflux	resistance-nodulation-cell division (RND) antibiotic efflux pump	tetracycline	False	chromosome_like	1		
Kathmandu18	RW_1	k141_3425430	k141_3425430_3 # 1517 # 3673 # -1 # ID=390505_3;partial=01;start_type=Edge;rbs_motif=None;rbs_spacer=None;gc_cont=0.366	vanT gene in vanG cluster	3002972	Strict	33.42	100.84	glycopeptide antibiotic	antibiotic target alteration	glycopeptide resistance gene cluster; vanT	vancomycin	False	chromosome_like	1		
Kathmandu18	RW_1	k141_3429626	k141_3429626_2 # 292 # 1488 # 1 # ID=391555_2;partial=00;start_type=ATG;rbs_motif=None;rbs_spacer=None;gc_cont=0.353	vanW gene in vanI cluster	3003724	Strict	36.59	106.7	glycopeptide antibiotic	antibiotic target alteration	vanW; glycopeptide resistance gene cluster	vancomycin; teicoplanin	False	chromosome_like	1		
Kathmandu18	RW_1	k141_3429833	k141_3429833_2 # 837 # 3956 # -1 # ID=391609_2;partial=00;start_type=ATG;rbs_motif=None;rbs_spacer=None;gc_cont=0.529	adeF	3000777	Strict	42.64	98.11	fluoroquinolone antibiotic; tetracycline antibiotic	antibiotic efflux	resistance-nodulation-cell division (RND) antibiotic efflux pump	tetracycline	False	chromosome_like	1		
Kathmandu18	RW_1	k141_1540262	k141_1540262_1 # 148 # 1029 # -1 # ID=391838_1;partial=00;start_type=ATG;rbs_motif=GGAGG;rbs_spacer=5-10bp;gc_cont=0.488	vanW gene in vanI cluster	3003724	Strict	42.25	78.55	glycopeptide antibiotic	antibiotic target alteration	vanW; glycopeptide resistance gene cluster	vancomycin; teicoplanin	False	chromosome_like	1		
Kathmandu18	RW_1	k141_1549069	k141_1549069_1 # 209 # 832 # -1 # ID=394093_1;partial=00;start_type=ATG;rbs_motif=GGAGG;rbs_spacer=5-10bp;gc_cont=0.373	Campylobacter coli chloramphenicol acetyltransferase	3004454	Strict	95.17	100.0	phenicol antibiotic	antibiotic inactivation	chloramphenicol acetyltransferase (CAT)	chloramphenicol	False	chromosome_like	1		
Kathmandu18	RW_1	k141_3441103	k141_3441103_4 # 3315 # 4949 # 1 # ID=394622_4;partial=00;start_type=GTG;rbs_motif=None;rbs_spacer=None;gc_cont=0.649	vanW gene in vanI cluster	3003724	Strict	37.38	145.84	glycopeptide antibiotic	antibiotic target alteration	vanW; glycopeptide resistance gene cluster	vancomycin; teicoplanin	False	chromosome_like	1		
Kathmandu18	RW_1	k141_1555958	k141_1555958_5 # 3844 # 5016 # 1 # ID=395631_5;partial=00;start_type=ATG;rbs_motif=None;rbs_spacer=None;gc_cont=0.633	vanT gene in vanG cluster	3002972	Strict	35.04	54.78	glycopeptide antibiotic	antibiotic target alteration	glycopeptide resistance gene cluster; vanT	vancomycin	False	chromosome_like	1		
Kathmandu18	RW_1	k141_3464128	k141_3464128_4 # 1963 # 2295 # 1 # ID=400404_4;partial=00;start_type=ATG;rbs_motif=AGGA;rbs_spacer=5-10bp;gc_cont=0.550	qacJ	3007014	Strict	41.9	102.8	disinfecting agents and antiseptics	antibiotic efflux	small multidrug resistance (SMR) antibiotic efflux pump	benzalkonium chloride	False	chromosome_like	1		
Kathmandu18	RW_1	k141_1577090	k141_1577090_6 # 3877 # 4725 # 1 # ID=400715_6;partial=00;start_type=ATG;rbs_motif=AGxAGG/AGGxGG;rbs_spacer=5-10bp;gc_cont=0.654	vanY gene in vanB cluster	3002956	Strict	32.74	105.22	glycopeptide antibiotic	antibiotic target alteration	vanY; glycopeptide resistance gene cluster	vancomycin	False	chromosome_like	1		
Kathmandu18	RW_1	k141_1577469	k141_1577469_1 # 114 # 776 # 1 # ID=400832_1;partial=00;start_type=ATG;rbs_motif=GGA/GAG/AGG;rbs_spacer=5-10bp;gc_cont=0.291	qacJ	3007014	Strict	42.16	205.61	disinfecting agents and antiseptics	antibiotic efflux	small multidrug resistance (SMR) antibiotic efflux pump	benzalkonium chloride	False	chromosome_like	1		
Kathmandu18	RW_1	k141_3491164	k141_3491164_2 # 942 # 3413 # -1 # ID=407015_2;partial=00;start_type=ATG;rbs_motif=AATAA;rbs_spacer=10bp;gc_cont=0.458	vanT gene in vanG cluster	3002972	Strict	36.59	115.59	glycopeptide antibiotic	antibiotic target alteration	glycopeptide resistance gene cluster; vanT	vancomycin	False	chromosome_like	1		
Kathmandu18	RW_1	k141_1618697	k141_1618697_303 # 311766 # 312674 # -1 # ID=411015_303;partial=00;start_type=ATG;rbs_motif=ATA;rbs_spacer=8bp;gc_cont=0.442	vanY gene in vanB cluster	3002956	Strict	34.23	112.69	glycopeptide antibiotic	antibiotic target alteration	vanY; glycopeptide resistance gene cluster	vancomycin	False	chromosome_like	1		
Kathmandu18	RW_1	k141_1620115	k141_1620115_2 # 502 # 831 # 1 # ID=411423_2;partial=00;start_type=ATG;rbs_motif=None;rbs_spacer=None;gc_cont=0.694	qacJ	3007014	Strict	36.79	101.87	disinfecting agents and antiseptics	antibiotic efflux	small multidrug resistance (SMR) antibiotic efflux pump	benzalkonium chloride	False	chromosome_like	1		
Kathmandu18	RW_1	k141_1620115	k141_1620115_3 # 859 # 1191 # 1 # ID=411423_3;partial=00;start_type=ATG;rbs_motif=GGAG/GAGG;rbs_spacer=5-10bp;gc_cont=0.685	qacG	3007015	Strict	37.74	102.8	disinfecting agents and antiseptics	antibiotic efflux	small multidrug resistance (SMR) antibiotic efflux pump	benzalkonium chloride	False	chromosome_like	1		
Kathmandu18	RW_1	k141_3511966	k141_3511966_1 # 1 # 1053 # 1 # ID=412032_1;partial=10;start_type=Edge;rbs_motif=None;rbs_spacer=None;gc_cont=0.366	vanT gene in vanG cluster	3002972	Strict	38.06	49.16	glycopeptide antibiotic	antibiotic target alteration	glycopeptide resistance gene cluster; vanT	vancomycin	False	chromosome_like	1		
Kathmandu18	RW_1	k141_3517844	k141_3517844_2 # 764 # 1894 # 1 # ID=413312_2;partial=00;start_type=ATG;rbs_motif=None;rbs_spacer=None;gc_cont=0.380	vanT gene in vanG cluster	3002972	Strict	32.29	52.81	glycopeptide antibiotic	antibiotic target alteration	glycopeptide resistance gene cluster; vanT	vancomycin	False	chromosome_like	1		
Kathmandu18	RW_1	k141_3523621	k141_3523621_2 # 1840 # 3027 # -1 # ID=414532_2;partial=00;start_type=ATG;rbs_motif=AAA;rbs_spacer=14bp;gc_cont=0.548	vanT gene in vanG cluster	3002972	Strict	34.75	55.48	glycopeptide antibiotic	antibiotic target alteration	glycopeptide resistance gene cluster; vanT	vancomycin	False	chromosome_like	1		
Kathmandu18	RW_1	k141_1639551	k141_1639551_2 # 293 # 1120 # 1 # ID=415959_2;partial=00;start_type=ATG;rbs_motif=AGGA;rbs_spacer=5-10bp;gc_cont=0.496	OXA-21	3001416	Strict	99.64	100.0	carbapenem; cephalosporin; penam	antibiotic inactivation	OXA beta-lactamase	cloxacillin; oxacillin; cefalotin	False	chromosome_like	1		
Kathmandu18	RW_1	k141_1647421	k141_1647421_2 # 1122 # 2027 # 1 # ID=417714_2;partial=00;start_type=TTG;rbs_motif=GGAG/GAGG;rbs_spacer=5-10bp;gc_cont=0.423	vanW gene in vanI cluster	3003724	Strict	43.09	80.7	glycopeptide antibiotic	antibiotic target alteration	vanW; glycopeptide resistance gene cluster	vancomycin; teicoplanin	False	chromosome_like	1		
Kathmandu18	RW_1	k141_3540305	k141_3540305_2 # 701 # 1174 # -1 # ID=418255_2;partial=01;start_type=Edge;rbs_motif=None;rbs_spacer=None;gc_cont=0.441	vanY gene in vanB cluster	3002956	Strict	38.82	58.58	glycopeptide antibiotic	antibiotic target alteration	vanY; glycopeptide resistance gene cluster	vancomycin	False	chromosome_like	1		
Kathmandu18	RW_1	k141_1653500	k141_1653500_4 # 2987 # 3811 # 1 # ID=419348_4;partial=00;start_type=ATG;rbs_motif=None;rbs_spacer=None;gc_cont=0.587	vanY gene in vanB cluster	3002956	Strict	36.17	102.24	glycopeptide antibiotic	antibiotic target alteration	vanY; glycopeptide resistance gene cluster	vancomycin	False	chromosome_like	1		
Kathmandu18	RW_1	k141_1653840	k141_1653840_3 # 784 # 2484 # 1 # ID=419440_3;partial=00;start_type=ATG;rbs_motif=AGGAG;rbs_spacer=5-10bp;gc_cont=0.541	vanW gene in vanI cluster	3003724	Strict	30.47	151.74	glycopeptide antibiotic	antibiotic target alteration	vanW; glycopeptide resistance gene cluster	vancomycin; teicoplanin	False	chromosome_like	1		
Kathmandu18	RW_1	k141_1654929	k141_1654929_3 # 1456 # 3924 # 1 # ID=419741_3;partial=00;start_type=ATG;rbs_motif=None;rbs_spacer=None;gc_cont=0.534	vanT gene in vanG cluster	3002972	Strict	33.96	115.45	glycopeptide antibiotic	antibiotic target alteration	glycopeptide resistance gene cluster; vanT	vancomycin	False	chromosome_like	1		
Kathmandu18	RW_1	k141_3548264	k141_3548264_2 # 304 # 1044 # -1 # ID=420168_2;partial=01;start_type=Edge;rbs_motif=None;rbs_spacer=None;gc_cont=0.476	vanW gene in vanI cluster	3003724	Strict	40.85	65.95	glycopeptide antibiotic	antibiotic target alteration	vanW; glycopeptide resistance gene cluster	vancomycin; teicoplanin	False	chromosome_like	1		
Kathmandu18	RW_1	k141_1661258	k141_1661258_3 # 890 # 1663 # 1 # ID=421503_3;partial=00;start_type=TTG;rbs_motif=None;rbs_spacer=None;gc_cont=0.519	vanY gene in vanB cluster	3002956	Strict	33.33	95.9	glycopeptide antibiotic	antibiotic target alteration	vanY; glycopeptide resistance gene cluster	vancomycin	False	chromosome_like	1		
Kathmandu18	RW_1	k141_3576811	k141_3576811_1 # 1 # 798 # 1 # ID=427088_1;partial=10;start_type=Edge;rbs_motif=None;rbs_spacer=None;gc_cont=0.506	vanW gene in vanI cluster	3003724	Strict	38.69	71.05	glycopeptide antibiotic	antibiotic target alteration	vanW; glycopeptide resistance gene cluster	vancomycin; teicoplanin	False	chromosome_like	1		
Kathmandu18	RW_1	k141_1686065	k141_1686065_2 # 887 # 1828 # -1 # ID=427822_2;partial=01;start_type=Edge;rbs_motif=None;rbs_spacer=None;gc_cont=0.487	leuO	3003843	Strict	81.47	99.68	nucleoside antibiotic; disinfecting agents and antiseptics	antibiotic efflux	major facilitator superfamily (MFS) antibiotic efflux pump	acriflavine; puromycin	False	chromosome_like	1		
Kathmandu18	RW_1	k141_3580246	k141_3580246_13 # 10381 # 12252 # 1 # ID=427932_13;partial=00;start_type=ATG;rbs_motif=GGA/GAG/AGG;rbs_spacer=5-10bp;gc_cont=0.551	vanW gene in vanI cluster	3003724	Strict	30.6	167.02	glycopeptide antibiotic	antibiotic target alteration	vanW; glycopeptide resistance gene cluster	vancomycin; teicoplanin	False	chromosome_like	1		
Kathmandu18	RW_1	k141_3594180	k141_3594180_1 # 1 # 1014 # -1 # ID=431533_1;partial=11;start_type=Edge;rbs_motif=None;rbs_spacer=None;gc_cont=0.557	vanW gene in vanI cluster	3003724	Strict	33.8	90.62	glycopeptide antibiotic	antibiotic target alteration	vanW; glycopeptide resistance gene cluster	vancomycin; teicoplanin	False	chromosome_like	1		
Kathmandu18	RW_1	k141_3594447	k141_3594447_1 # 152 # 484 # 1 # ID=431594_1;partial=00;start_type=ATG;rbs_motif=AGGA;rbs_spacer=5-10bp;gc_cont=0.327	qacG	3007015	Strict	42.86	102.8	disinfecting agents and antiseptics	antibiotic efflux	small multidrug resistance (SMR) antibiotic efflux pump	benzalkonium chloride	False	chromosome_like	1		
Kathmandu18	RW_1	k141_3598003	k141_3598003_12 # 11605 # 12597 # 1 # ID=432480_12;partial=00;start_type=ATG;rbs_motif=AGGAG;rbs_spacer=5-10bp;gc_cont=0.504	vanH gene in vanB cluster	3002943	Strict	39.1	102.17	glycopeptide antibiotic	antibiotic target alteration	vanH; glycopeptide resistance gene cluster	vancomycin	True	virus_like			0.7322
Kathmandu18	RW_1	k141_1709206	k141_1709206_4 # 3533 # 4345 # -1 # ID=433636_4;partial=00;start_type=ATG;rbs_motif=GGA/GAG/AGG;rbs_spacer=5-10bp;gc_cont=0.662	vanY gene in vanB cluster	3002956	Strict	30.81	100.75	glycopeptide antibiotic	antibiotic target alteration	vanY; glycopeptide resistance gene cluster	vancomycin	False	chromosome_like	1		
Kathmandu18	RW_1	k141_3609325	k141_3609325_3 # 1916 # 2329 # 1 # ID=435568_3;partial=00;start_type=ATG;rbs_motif=GGA/GAG/AGG;rbs_spacer=5-10bp;gc_cont=0.643	FosI	3007370	Strict	72.52	102.24	phosphonic acid antibiotic	antibiotic inactivation	fosfomycin thiol transferase	fosfomycin	False	chromosome_like	1		
Kathmandu18	RW_1	k141_1731186	k141_1731186_3 # 2074 # 2949 # -1 # ID=438998_3;partial=00;start_type=ATG;rbs_motif=None;rbs_spacer=None;gc_cont=0.487	vanY gene in vanA cluster	3002955	Strict	28.0	96.04	glycopeptide antibiotic	antibiotic target alteration	vanY; glycopeptide resistance gene cluster	vancomycin; teicoplanin	False	chromosome_like	1		
Kathmandu18	RW_1	k141_3624271	k141_3624271_8 # 7080 # 9125 # -1 # ID=439202_8;partial=01;start_type=Edge;rbs_motif=None;rbs_spacer=None;gc_cont=0.514	vanT gene in vanG cluster	3002972	Strict	34.39	95.65	glycopeptide antibiotic	antibiotic target alteration	glycopeptide resistance gene cluster; vanT	vancomycin	False	chromosome_like	1		
Kathmandu18	RW_1	k141_1732649	k141_1732649_2 # 411 # 896 # 1 # ID=439298_2;partial=00;start_type=ATG;rbs_motif=AAA;rbs_spacer=13bp;gc_cont=0.477	nimJ	3007112	Strict	52.83	97.58	nitroimidazole antibiotic	antibiotic inactivation	nitroimidazole reductase	metronidazole	False	chromosome_like	1		
Kathmandu18	RW_1	k141_3638218	k141_3638218_2 # 497 # 1348 # -1 # ID=442466_2;partial=01;start_type=Edge;rbs_motif=None;rbs_spacer=None;gc_cont=0.527	vanY gene in vanB cluster	3002956	Strict	33.78	105.6	glycopeptide antibiotic	antibiotic target alteration	vanY; glycopeptide resistance gene cluster	vancomycin	False	chromosome_like	1		
Kathmandu18	RW_1	k141_1751882	k141_1751882_2 # 368 # 1183 # 1 # ID=444107_2;partial=00;start_type=GTG;rbs_motif=GGAG/GAGG;rbs_spacer=5-10bp;gc_cont=0.635	vanY gene in vanB cluster	3002956	Strict	46.41	101.12	glycopeptide antibiotic	antibiotic target alteration	vanY; glycopeptide resistance gene cluster	vancomycin	False	chromosome_like	1		
Kathmandu18	RW_1	k141_1751882	k141_1751882_3 # 1351 # 2091 # 1 # ID=444107_3;partial=00;start_type=ATG;rbs_motif=GGAG/GAGG;rbs_spacer=5-10bp;gc_cont=0.655	vanY gene in vanB cluster	3002956	Strict	41.99	91.79	glycopeptide antibiotic	antibiotic target alteration	vanY; glycopeptide resistance gene cluster	vancomycin	False	chromosome_like	1		
Kathmandu18	RW_1	k141_3644728	k141_3644728_2 # 1470 # 2651 # -1 # ID=444109_2;partial=00;start_type=ATG;rbs_motif=GGAGG;rbs_spacer=5-10bp;gc_cont=0.506	vanT gene in vanG cluster	3002972	Strict	36.9	55.2	glycopeptide antibiotic	antibiotic target alteration	glycopeptide resistance gene cluster; vanT	vancomycin	False	chromosome_like	1		
Kathmandu18	RW_1	k141_1751907	k141_1751907_2 # 561 # 1052 # 1 # ID=444110_2;partial=00;start_type=ATG;rbs_motif=GGAGG;rbs_spacer=5-10bp;gc_cont=0.374	nimA	3007104	Strict	56.52	92.61	nitroimidazole antibiotic	antibiotic inactivation	nitroimidazole reductase	metronidazole	False	chromosome_like	1		
Kathmandu18	RW_1	k141_1753629	k141_1753629_1 # 375 # 1031 # 1 # ID=444546_1;partial=00;start_type=ATG;rbs_motif=GGAG/GAGG;rbs_spacer=5-10bp;gc_cont=0.382	QnrVC4	3002801	Perfect	100.0	100.0	fluoroquinolone antibiotic	antibiotic target protection	quinolone resistance protein (qnr)	ciprofloxacin; levofloxacin; moxifloxacin; gatifloxacin; nalidixic acid; norfloxacin; sparfloxacin	False	chromosome_like	1		
Kathmandu18	RW_1	k141_3653259	k141_3653259_2 # 760 # 1581 # -1 # ID=446090_2;partial=00;start_type=ATG;rbs_motif=AGGAG;rbs_spacer=5-10bp;gc_cont=0.658	vanY gene in vanB cluster	3002956	Strict	33.51	101.87	glycopeptide antibiotic	antibiotic target alteration	vanY; glycopeptide resistance gene cluster	vancomycin	False	chromosome_like	1		
Kathmandu18	RW_1	k141_3654053	k141_3654053_2 # 635 # 1447 # 1 # ID=446254_2;partial=00;start_type=ATG;rbs_motif=None;rbs_spacer=None;gc_cont=0.445	vanW gene in vanG cluster	3002965	Strict	39.13	96.09	glycopeptide antibiotic	antibiotic target alteration	vanW; glycopeptide resistance gene cluster	vancomycin	False	chromosome_like	1		
Kathmandu18	RW_1	k141_3657654	k141_3657654_2 # 481 # 966 # 1 # ID=447033_2;partial=00;start_type=ATG;rbs_motif=GGAGG;rbs_spacer=5-10bp;gc_cont=0.409	nimG	3007109	Strict	57.67	98.17	nitroimidazole antibiotic	antibiotic inactivation	nitroimidazole reductase	metronidazole	False	chromosome_like	1		
Kathmandu18	RW_1	k141_1766202	k141_1766202_2 # 1263 # 2894 # -1 # ID=447586_2;partial=00;start_type=ATG;rbs_motif=None;rbs_spacer=None;gc_cont=0.269	vanY gene in vanB cluster	3002956	Strict	30.0	202.61	glycopeptide antibiotic	antibiotic target alteration	vanY; glycopeptide resistance gene cluster	vancomycin	True	virus_like			0.9671
Kathmandu18	RW_1	k141_1767184	k141_1767184_2 # 101 # 430 # -1 # ID=447822_2;partial=00;start_type=ATG;rbs_motif=GGAG/GAGG;rbs_spacer=5-10bp;gc_cont=0.685	qacJ	3007014	Strict	34.91	101.87	disinfecting agents and antiseptics	antibiotic efflux	small multidrug resistance (SMR) antibiotic efflux pump	benzalkonium chloride	False	chromosome_like	1		
Kathmandu18	RW_1	k141_1767184	k141_1767184_3 # 449 # 778 # -1 # ID=447822_3;partial=00;start_type=ATG;rbs_motif=None;rbs_spacer=None;gc_cont=0.682	qacJ	3007014	Strict	38.68	101.87	disinfecting agents and antiseptics	antibiotic efflux	small multidrug resistance (SMR) antibiotic efflux pump	benzalkonium chloride	False	chromosome_like	1		
Kathmandu18	RW_1	k141_3665107	k141_3665107_1 # 149 # 883 # 1 # ID=448656_1;partial=00;start_type=ATG;rbs_motif=AGGAG;rbs_spacer=5-10bp;gc_cont=0.267	ErmG	3000522	Strict	93.85	100.0	macrolide antibiotic; lincosamide antibiotic; streptogramin antibiotic; streptogramin A antibiotic; streptogramin B antibiotic	antibiotic target alteration	Erm 23S ribosomal RNA methyltransferase	erythromycin; roxithromycin; lincomycin; telithromycin; clarithromycin; clindamycin; tylosin; spiramycin; azithromycin; dirithromycin; pristinamycin IA; quinupristin; virginiamycin M1; madumycin II; griseoviridin; dalfopristin; pristinamycin IB; virginiamycin S2; pristinamycin IC; vernamycin C; patricin A; patricin B; ostreogrycin B3; oleandomycin	False	chromosome_like	1		
Kathmandu18	RW_1	k141_3666600	k141_3666600_5 # 2476 # 3657 # -1 # ID=448955_5;partial=00;start_type=ATG;rbs_motif=None;rbs_spacer=None;gc_cont=0.416	vanT gene in vanG cluster	3002972	Strict	36.73	55.2	glycopeptide antibiotic	antibiotic target alteration	glycopeptide resistance gene cluster; vanT	vancomycin	False	chromosome_like	1		
Kathmandu18	RW_1	k141_1773873	k141_1773873_1 # 275 # 472 # -1 # ID=449280_1;partial=00;start_type=ATG;rbs_motif=AGGAG;rbs_spacer=5-10bp;gc_cont=0.525	rsmA	3005069	Strict	87.93	106.56	fluoroquinolone antibiotic; diaminopyrimidine antibiotic; phenicol antibiotic	antibiotic efflux	resistance-nodulation-cell division (RND) antibiotic efflux pump	trimethoprim; chloramphenicol	False	chromosome_like	1		
Kathmandu18	RW_1	k141_3669736	k141_3669736_1 # 653 # 1309 # 1 # ID=449554_1;partial=00;start_type=ATG;rbs_motif=GGAG/GAGG;rbs_spacer=5-10bp;gc_cont=0.370	QnrVC1	3002799	Perfect	100.0	100.0	fluoroquinolone antibiotic	antibiotic target protection	quinolone resistance protein (qnr)	ciprofloxacin; levofloxacin; moxifloxacin; gatifloxacin; nalidixic acid; norfloxacin; sparfloxacin	False	chromosome_like	1		
Kathmandu18	RW_1	k141_1775758	k141_1775758_14 # 11487 # 13169 # 1 # ID=449698_14;partial=00;start_type=ATG;rbs_motif=AGGA;rbs_spacer=5-10bp;gc_cont=0.444	vanW gene in vanI cluster	3003724	Strict	28.02	150.13	glycopeptide antibiotic	antibiotic target alteration	vanW; glycopeptide resistance gene cluster	vancomycin; teicoplanin	False	chromosome_like	1		
Kathmandu18	RW_1	k141_3682198	k141_3682198_2 # 107 # 2992 # 1 # ID=452130_2;partial=01;start_type=ATG;rbs_motif=GGA/GAG/AGG;rbs_spacer=5-10bp;gc_cont=0.626	adeF	3000777	Strict	46.28	90.84	fluoroquinolone antibiotic; tetracycline antibiotic	antibiotic efflux	resistance-nodulation-cell division (RND) antibiotic efflux pump	tetracycline	False	chromosome_like	1		
Kathmandu18	RW_1	k141_3690250	k141_3690250_3 # 1827 # 4286 # 1 # ID=453839_3;partial=00;start_type=ATG;rbs_motif=AATAA;rbs_spacer=8bp;gc_cont=0.446	vanT gene in vanG cluster	3002972	Strict	34.68	115.03	glycopeptide antibiotic	antibiotic target alteration	glycopeptide resistance gene cluster; vanT	vancomycin	False	chromosome_like	1		
Kathmandu18	RW_1	k141_1802605	k141_1802605_3 # 1544 # 3493 # 1 # ID=455737_3;partial=00;start_type=ATG;rbs_motif=None;rbs_spacer=None;gc_cont=0.473	tetB(P)	3000195	Strict	37.67	99.54	tetracycline antibiotic	antibiotic target protection	tetracycline-resistant ribosomal protection protein	tetracycline; doxycycline; minocycline; chlortetracycline; demeclocycline; oxytetracycline	False	chromosome_like	1		
Kathmandu18	RW_1	k141_1803330	k141_1803330_2 # 805 # 1134 # 1 # ID=455913_2;partial=00;start_type=ATG;rbs_motif=None;rbs_spacer=None;gc_cont=0.327	qacJ	3007014	Strict	48.11	101.87	disinfecting agents and antiseptics	antibiotic efflux	small multidrug resistance (SMR) antibiotic efflux pump	benzalkonium chloride	False	chromosome_like	1		
Kathmandu18	RW_1	k141_3703310	k141_3703310_4 # 2944 # 3282 # -1 # ID=456600_4;partial=00;start_type=ATG;rbs_motif=AGGAG;rbs_spacer=5-10bp;gc_cont=0.673	qacG	3007015	Strict	38.61	104.67	disinfecting agents and antiseptics	antibiotic efflux	small multidrug resistance (SMR) antibiotic efflux pump	benzalkonium chloride	False	chromosome_like	1		
Kathmandu18	RW_1	k141_1812955	k141_1812955_5 # 3360 # 3974 # 1 # ID=458052_5;partial=00;start_type=ATG;rbs_motif=None;rbs_spacer=None;gc_cont=0.595	vanY gene in vanB cluster	3002956	Strict	32.5	76.12	glycopeptide antibiotic	antibiotic target alteration	vanY; glycopeptide resistance gene cluster	vancomycin	False	chromosome_like	1		
Kathmandu18	RW_1	k141_3715426	k141_3715426_39 # 40452 # 41711 # -1 # ID=459036_39;partial=00;start_type=ATG;rbs_motif=AGGA;rbs_spacer=5-10bp;gc_cont=0.566	vanT gene in vanG cluster	3002972	Strict	37.94	58.85	glycopeptide antibiotic	antibiotic target alteration	glycopeptide resistance gene cluster; vanT	vancomycin	False	chromosome_like	1		
Kathmandu18	RW_1	k141_3727426	k141_3727426_4 # 5147 # 6133 # 1 # ID=461559_4;partial=00;start_type=ATG;rbs_motif=GGAGG;rbs_spacer=5-10bp;gc_cont=0.435	vanH gene in vanF cluster	3002945	Strict	35.64	101.86	glycopeptide antibiotic	antibiotic target alteration	vanH; glycopeptide resistance gene cluster	vancomycin	False	chromosome_like	1		
Kathmandu18	RW_1	k141_1831701	k141_1831701_1 # 1 # 1074 # -1 # ID=462538_1;partial=10;start_type=ATG;rbs_motif=None;rbs_spacer=None;gc_cont=0.687	vanT gene in vanG cluster	3002972	Strict	32.31	50.28	glycopeptide antibiotic	antibiotic target alteration	glycopeptide resistance gene cluster; vanT	vancomycin	False	chromosome_like	1		
Kathmandu18	RW_1	k141_1834974	k141_1834974_5 # 2948 # 3133 # -1 # ID=463360_5;partial=00;start_type=ATG;rbs_motif=AGGAG;rbs_spacer=5-10bp;gc_cont=0.495	rsmA	3005069	Strict	85.25	100.0	fluoroquinolone antibiotic; diaminopyrimidine antibiotic; phenicol antibiotic	antibiotic efflux	resistance-nodulation-cell division (RND) antibiotic efflux pump	trimethoprim; chloramphenicol	False	chromosome_like	1		
Kathmandu18	RW_1	k141_1840452	k141_1840452_2 # 465 # 962 # 1 # ID=464665_2;partial=00;start_type=ATG;rbs_motif=AGGAGG;rbs_spacer=3-4bp;gc_cont=0.347	nimG	3007109	Strict	55.9	100.61	nitroimidazole antibiotic	antibiotic inactivation	nitroimidazole reductase	metronidazole	False	chromosome_like	1		
Kathmandu18	RW_1	k141_3743286	k141_3743286_1 # 60 # 878 # -1 # ID=465129_1;partial=00;start_type=ATG;rbs_motif=None;rbs_spacer=None;gc_cont=0.736	vanY gene in vanB cluster	3002956	Strict	40.58	101.49	glycopeptide antibiotic	antibiotic target alteration	vanY; glycopeptide resistance gene cluster	vancomycin	False	chromosome_like	1		
Kathmandu18	RW_1	k141_3746796	k141_3746796_5 # 3081 # 4253 # -1 # ID=465950_5;partial=00;start_type=ATG;rbs_motif=GGA/GAG/AGG;rbs_spacer=5-10bp;gc_cont=0.445	vanT gene in vanG cluster	3002972	Strict	38.11	54.78	glycopeptide antibiotic	antibiotic target alteration	glycopeptide resistance gene cluster; vanT	vancomycin	False	chromosome_like	1		
Kathmandu18	RW_1	k141_1848803	k141_1848803_3 # 820 # 1119 # -1 # ID=466586_3;partial=01;start_type=Edge;rbs_motif=None;rbs_spacer=None;gc_cont=0.653	qacG	3007015	Strict	40.22	92.52	disinfecting agents and antiseptics	antibiotic efflux	small multidrug resistance (SMR) antibiotic efflux pump	benzalkonium chloride	False	chromosome_like	1		
Kathmandu18	RW_1	k141_1849218	k141_1849218_2 # 260 # 2254 # -1 # ID=466689_2;partial=01;start_type=Edge;rbs_motif=None;rbs_spacer=None;gc_cont=0.494	vanT gene in vanG cluster	3002972	Strict	33.84	93.26	glycopeptide antibiotic	antibiotic target alteration	glycopeptide resistance gene cluster; vanT	vancomycin	False	chromosome_like	1		
Kathmandu18	RW_1	k141_3755856	k141_3755856_3 # 1626 # 2750 # -1 # ID=467920_3;partial=00;start_type=GTG;rbs_motif=AGxAGG/AGGxGG;rbs_spacer=5-10bp;gc_cont=0.537	vanT gene in vanG cluster	3002972	Strict	40.0	52.53	glycopeptide antibiotic	antibiotic target alteration	glycopeptide resistance gene cluster; vanT	vancomycin	False	chromosome_like	1		
Kathmandu18	RW_1	k141_3765693	k141_3765693_1 # 162 # 944 # -1 # ID=470131_1;partial=00;start_type=ATG;rbs_motif=TAA;rbs_spacer=12bp;gc_cont=0.305	LnuH	3004600	Strict	93.85	100.0	lincosamide antibiotic	antibiotic inactivation	lincosamide nucleotidyltransferase (LNU)		False	chromosome_like	1		
Kathmandu18	RW_1	k141_1869365	k141_1869365_2 # 759 # 1634 # -1 # ID=471496_2;partial=00;start_type=ATG;rbs_motif=AGGA;rbs_spacer=5-10bp;gc_cont=0.549	CTX-M-3	3001866	Perfect	100.0	100.0	cephalosporin; cephamycin; penam	antibiotic inactivation	CTX-M beta-lactamase	cefoxitin; cefazolin; ceftazidime; ceftriaxone; ampicillin; cefixime; cefalotin	False	chromosome_like	1		
Kathmandu18	RW_1	k141_1871588	k141_1871588_1 # 115 # 1521 # -1 # ID=472039_1;partial=01;start_type=Edge;rbs_motif=None;rbs_spacer=None;gc_cont=0.608	vanT gene in vanG cluster	3002972	Strict	32.52	65.73	glycopeptide antibiotic	antibiotic target alteration	glycopeptide resistance gene cluster; vanT	vancomycin	False	chromosome_like	1		
Kathmandu18	RW_1	k141_1875494	k141_1875494_2 # 884 # 1981 # -1 # ID=472774_2;partial=00;start_type=GTG;rbs_motif=AGGA;rbs_spacer=5-10bp;gc_cont=0.644	vanH gene in vanO cluster	3002948	Strict	41.81	104.29	glycopeptide antibiotic	antibiotic target alteration	vanH; glycopeptide resistance gene cluster	vancomycin	False	chromosome_like	1		
Kathmandu18	RW_1	k141_196118	k141_196118_6 # 3646 # 5004 # -1 # ID=54458_6;partial=00;start_type=ATG;rbs_motif=GGAGG;rbs_spacer=5-10bp;gc_cont=0.525	Escherichia coli GlpT with mutation conferring resistance to fosfomycin	3003889	Strict	99.78	100.0	phosphonic acid antibiotic	antibiotic target alteration	antibiotic-resistant GlpT	fosfomycin	False	chromosome_like	1		
Kathmandu18	RW_1	k141_2167834	k141_2167834_17 # 17169 # 18935 # 1 # ID=79606_17;partial=00;start_type=ATG;rbs_motif=AGGA/GGAG/GAGG;rbs_spacer=11-12bp;gc_cont=0.540	Haemophilus influenzae PBP3 conferring resistance to beta-lactam antibiotics	3004446	Strict	53.11	96.39	cephalosporin; cephamycin; penam	antibiotic target alteration	Penicillin-binding protein mutations conferring resistance to beta-lactam antibiotics	ceftriaxone; ampicillin; cefaclor; cefotaxime; cefditoren; cefdinir	False	chromosome_like	1		
Kathmandu18	RW_1	k141_541717	k141_541717_1 # 3 # 1148 # -1 # ID=144879_1;partial=10;start_type=ATG;rbs_motif=GGAG/GAGG;rbs_spacer=5-10bp;gc_cont=0.497	Escherichia coli EF-Tu mutants conferring resistance to Pulvomycin	3003369	Strict	92.15	93.4	elfamycin antibiotic	antibiotic target alteration	elfamycin resistant EF-Tu	pulvomycin	False	chromosome_like	1		
Kathmandu18	RW_1	k141_2455129	k141_2455129_2 # 529 # 903 # -1 # ID=157529_2;partial=00;start_type=GTG;rbs_motif=AGGAG;rbs_spacer=5-10bp;gc_cont=0.608	Mycobacterium tuberculosis rpsL mutations conferring resistance to Streptomycin	3003395	Strict	86.99	100.0	aminoglycoside antibiotic	antibiotic target alteration	antibiotic-resistant rpsL	streptomycin	False	chromosome_like	1		
Kathmandu18	RW_1	k141_3278057	k141_3278057_1 # 169 # 1353 # 1 # ID=352091_1;partial=00;start_type=ATG;rbs_motif=GGAG/GAGG;rbs_spacer=5-10bp;gc_cont=0.489	Escherichia coli EF-Tu mutants conferring resistance to Pulvomycin	3003369	Strict	92.33	96.33	elfamycin antibiotic	antibiotic target alteration	elfamycin resistant EF-Tu	pulvomycin	False	chromosome_like	1		
Kathmandu18	RW_1	k141_3635307	k141_3635307_2 # 591 # 2015 # -1 # ID=441773_2;partial=01;start_type=Edge;rbs_motif=None;rbs_spacer=None;gc_cont=0.557	Haemophilus influenzae PBP3 conferring resistance to beta-lactam antibiotics	3004446	Strict	55.26	77.7	cephalosporin; cephamycin; penam	antibiotic target alteration	Penicillin-binding protein mutations conferring resistance to beta-lactam antibiotics	ceftriaxone; ampicillin; cefaclor; cefotaxime; cefditoren; cefdinir	False	chromosome_like	1		
Kathmandu18	RW_1	k141_2441809	k141_2441809_3 # 3813 # 4277 # -1 # ID=154314_3;partial=00;start_type=ATG;rbs_motif=AGGA/GGAG/GAGG;rbs_spacer=11-12bp;gc_cont=0.518	Escherichia coli soxR with mutation conferring antibiotic resistance	3003381	Strict	100.0	100.0	fluoroquinolone antibiotic; cephalosporin; glycylcycline; penam; tetracycline antibiotic; rifamycin antibiotic; phenicol antibiotic; disinfecting agents and antiseptics	antibiotic target alteration; antibiotic efflux	ATP-binding cassette (ABC) antibiotic efflux pump; major facilitator superfamily (MFS) antibiotic efflux pump; resistance-nodulation-cell division (RND) antibiotic efflux pump	tigecycline; ciprofloxacin; tetracycline; rifampin; chloramphenicol; ampicillin; nalidixic acid; norfloxacin; cefalotin; triclosan	True	plasmid_like		0.9184	
Kathmandu18	RW_1	k141_2441809	k141_2441809_4 # 4363 # 4686 # 1 # ID=154314_4;partial=00;start_type=ATG;rbs_motif=GGAG/GAGG;rbs_spacer=5-10bp;gc_cont=0.509	Escherichia coli soxS with mutation conferring antibiotic resistance	3003511	Strict	100.0	100.0	fluoroquinolone antibiotic; monobactam; carbapenem; cephalosporin; glycylcycline; cephamycin; penam; tetracycline antibiotic; rifamycin antibiotic; phenicol antibiotic; penem; disinfecting agents and antiseptics	antibiotic target alteration; antibiotic efflux; reduced permeability to antibiotic	ATP-binding cassette (ABC) antibiotic efflux pump; major facilitator superfamily (MFS) antibiotic efflux pump; resistance-nodulation-cell division (RND) antibiotic efflux pump; General Bacterial Porin with reduced permeability to beta-lactams	tigecycline; ciprofloxacin; tetracycline; rifampin; chloramphenicol; ampicillin; norfloxacin; cefalotin; triclosan; enrofloxacin	True	plasmid_like		0.9184	
Kathmandu18	RW_1	k141_2520803	k141_2520803_8 # 5996 # 6430 # -1 # ID=173819_8;partial=00;start_type=GTG;rbs_motif=GGA/GAG/AGG;rbs_spacer=5-10bp;gc_cont=0.483	Escherichia coli AcrAB-TolC with MarR mutations conferring resistance to ciprofloxacin and tetracycline	3003378	Strict	98.61	100.0	fluoroquinolone antibiotic; cephalosporin; glycylcycline; penam; tetracycline antibiotic; rifamycin antibiotic; phenicol antibiotic; disinfecting agents and antiseptics	antibiotic target alteration; antibiotic efflux	resistance-nodulation-cell division (RND) antibiotic efflux pump	tigecycline; ciprofloxacin; tetracycline; rifampin; chloramphenicol; ampicillin; cefalotin; triclosan	True	plasmid_like		0.9296	
Kathmandu18	RW_1	k141_2678848	k141_2678848_36 # 38989 # 39636 # 1 # ID=212186_36;partial=00;start_type=ATG;rbs_motif=None;rbs_spacer=None;gc_cont=0.455	Escherichia coli AcrAB-TolC with AcrR mutation conferring resistance to ciprofloxacin, tetracycline, and ceftazidime	3003807	Strict	100.0	100.0	fluoroquinolone antibiotic; cephalosporin; glycylcycline; penam; tetracycline antibiotic; rifamycin antibiotic; phenicol antibiotic; disinfecting agents and antiseptics	antibiotic target alteration; antibiotic efflux	resistance-nodulation-cell division (RND) antibiotic efflux pump	tigecycline; ciprofloxacin; tetracycline; ceftazidime; rifampin; chloramphenicol; ampicillin; cefalotin; triclosan	False	chromosome_like	1		
